Timestamp;Precio;Volumen;Lado;Bid;Ask
2025-09-15 15:58:43.076;24495,5;1;BID;24495,75;24496,5
2025-09-15 15:58:43.112;24495,75;1;BID;24495,75;24496,5
2025-09-15 15:58:43.204;24496,0;1;BID;24495,75;24496,5
2025-09-15 15:58:43.204;24496,0;1;BID;24495,75;24496,5
2025-09-15 15:58:43.204;24496,0;1;BID;24495,75;24496,5
2025-09-15 15:58:43.204;24496,25;1;ASK;24495,75;24496,5
2025-09-15 15:58:43.204;24496,25;1;ASK;24495,75;24496,5
2025-09-15 15:58:43.204;24496,25;1;ASK;24495,75;24496,5
2025-09-15 15:58:43.780;24496,0;1;BID;24495,75;24496,5
2025-09-15 15:58:43.856;24496,0;1;BID;24495,75;24496,5
2025-09-15 15:58:44.216;24496,0;1;BID;24496,0;24496,5
2025-09-15 15:58:44.420;24496,0;1;BID;24496,0;24496,5
2025-09-15 15:58:44.428;24496,0;1;BID;24496,0;24496,5
2025-09-15 15:58:44.916;24496,75;2;ASK;24496,0;24496,5
2025-09-15 15:58:44.916;24496,75;1;ASK;24496,0;24496,5
2025-09-15 15:58:44.916;24496,75;1;ASK;24496,0;24496,5
2025-09-15 15:58:44.916;24496,75;1;ASK;24496,0;24496,5
2025-09-15 15:58:44.924;24496,75;1;ASK;24496,0;24496,5
2025-09-15 15:58:45.128;24496,5;1;BID;24496,75;24497,25
2025-09-15 15:58:45.132;24496,5;1;BID;24496,75;24497,25
2025-09-15 15:58:45.144;24496,5;1;BID;24496,75;24497,25
2025-09-15 15:58:45.152;24496,5;1;BID;24496,75;24497,25
2025-09-15 15:58:45.324;24496,75;1;BID;24496,75;24497,25
2025-09-15 15:58:45.408;24497,0;1;ASK;24496,75;24497,25
2025-09-15 15:58:45.552;24496,75;1;BID;24496,75;24497,25
2025-09-15 15:58:45.552;24496,75;1;BID;24496,75;24497,25
2025-09-15 15:58:45.552;24496,75;1;BID;24496,75;24497,25
2025-09-15 15:58:46.024;24496,75;1;ASK;24496,0;24496,5
2025-09-15 15:58:46.056;24497,25;1;ASK;24496,0;24496,5
2025-09-15 15:58:46.156;24497,0;1;ASK;24496,0;24496,5
2025-09-15 15:58:46.156;24497,0;1;ASK;24496,0;24496,5
2025-09-15 15:58:47.116;24496,25;1;ASK;24495,5;24496,0
2025-09-15 15:58:47.116;24496,25;1;ASK;24495,5;24496,0
2025-09-15 15:58:47.120;24496,0;1;ASK;24495,5;24496,0
2025-09-15 15:58:47.228;24496,25;1;ASK;24495,5;24496,0
2025-09-15 15:58:47.408;24496,25;1;ASK;24495,5;24496,0
2025-09-15 15:58:47.408;24496,5;1;ASK;24495,5;24496,0
2025-09-15 15:58:47.408;24496,5;1;ASK;24495,5;24496,0
2025-09-15 15:58:47.408;24496,25;1;ASK;24495,5;24496,0
2025-09-15 15:58:47.736;24496,0;1;ASK;24495,5;24496,0
2025-09-15 15:58:47.736;24495,75;1;ASK;24495,5;24496,0
2025-09-15 15:58:47.736;24495,75;1;ASK;24495,5;24496,0
2025-09-15 15:58:47.736;24495,5;1;BID;24495,5;24496,0
2025-09-15 15:58:47.736;24495,5;1;BID;24495,5;24496,0
2025-09-15 15:58:47.736;24495,5;1;BID;24495,5;24496,0
2025-09-15 15:58:47.736;24495,5;1;BID;24495,5;24496,0
2025-09-15 15:58:47.736;24495,5;1;BID;24495,5;24496,0
2025-09-15 15:58:47.736;24495,25;1;BID;24495,5;24496,0
2025-09-15 15:58:47.736;24495,25;1;BID;24495,5;24496,0
2025-09-15 15:58:47.736;24495,25;1;BID;24495,5;24496,0
2025-09-15 15:58:47.748;24495,25;1;BID;24495,5;24496,0
2025-09-15 15:58:47.748;24495,25;1;BID;24495,5;24496,0
2025-09-15 15:58:47.748;24495,25;1;BID;24495,5;24496,0
2025-09-15 15:58:47.748;24495,25;2;BID;24495,5;24496,0
2025-09-15 15:58:47.752;24495,0;1;BID;24495,5;24496,0
2025-09-15 15:58:47.752;24495,0;1;BID;24495,5;24496,0
2025-09-15 15:58:47.756;24494,75;1;BID;24495,5;24496,0
2025-09-15 15:58:47.760;24495,0;4;BID;24495,5;24496,0
2025-09-15 15:58:47.760;24495,0;1;BID;24495,5;24496,0
2025-09-15 15:58:47.760;24495,0;1;BID;24495,5;24496,0
2025-09-15 15:58:47.764;24495,0;1;BID;24495,5;24496,0
2025-09-15 15:58:47.764;24495,5;1;BID;24495,5;24496,0
2025-09-15 15:58:47.844;24495,75;1;ASK;24495,5;24496,0
2025-09-15 15:58:47.844;24495,5;1;BID;24495,5;24496,0
2025-09-15 15:58:47.844;24495,75;1;ASK;24495,5;24496,0
2025-09-15 15:58:47.844;24495,75;1;ASK;24495,5;24496,0
2025-09-15 15:58:47.848;24495,75;1;ASK;24495,5;24496,0
2025-09-15 15:58:47.848;24496,0;1;ASK;24495,5;24496,0
2025-09-15 15:58:47.848;24496,0;1;ASK;24495,5;24496,0
2025-09-15 15:58:47.848;24495,75;1;ASK;24495,5;24496,0
2025-09-15 15:58:47.852;24495,5;1;BID;24495,5;24496,0
2025-09-15 15:58:48.016;24495,5;1;ASK;24495,25;24495,75
2025-09-15 15:58:48.148;24495,75;2;ASK;24495,25;24495,75
2025-09-15 15:58:48.148;24495,75;1;ASK;24495,25;24495,75
2025-09-15 15:58:48.148;24495,75;2;ASK;24495,25;24495,75
2025-09-15 15:58:48.148;24495,75;1;ASK;24495,25;24495,75
2025-09-15 15:58:48.148;24495,75;1;ASK;24495,25;24495,75
2025-09-15 15:58:48.148;24495,75;9;ASK;24495,25;24495,75
2025-09-15 15:58:48.152;24495,75;1;ASK;24495,25;24495,75
2025-09-15 15:58:48.152;24496,0;1;ASK;24495,25;24495,75
2025-09-15 15:58:48.152;24496,0;1;ASK;24495,25;24495,75
2025-09-15 15:58:48.152;24496,0;1;ASK;24495,25;24495,75
2025-09-15 15:58:48.152;24495,75;1;ASK;24495,25;24495,75
2025-09-15 15:58:48.240;24495,5;1;ASK;24495,25;24495,75
2025-09-15 15:58:48.684;24495,5;1;ASK;24495,25;24495,75
2025-09-15 15:58:48.688;24495,5;1;ASK;24495,25;24495,75
2025-09-15 15:58:48.688;24495,5;1;ASK;24495,25;24495,75
2025-09-15 15:58:48.688;24495,25;1;BID;24495,25;24495,75
2025-09-15 15:58:48.720;24495,25;1;BID;24495,25;24495,75
2025-09-15 15:58:48.808;24495,5;1;ASK;24495,25;24495,75
2025-09-15 15:58:48.836;24495,5;1;ASK;24495,25;24495,75
2025-09-15 15:58:48.836;24495,5;1;ASK;24495,25;24495,75
2025-09-15 15:58:48.896;24495,5;1;ASK;24495,25;24495,75
2025-09-15 15:58:48.944;24496,0;1;ASK;24495,25;24495,75
2025-09-15 15:58:49.060;24495,75;1;ASK;24495,0;24495,5
2025-09-15 15:58:49.060;24495,75;1;ASK;24495,0;24495,5
2025-09-15 15:58:49.064;24495,25;1;ASK;24495,0;24495,5
2025-09-15 15:58:49.228;24495,5;1;ASK;24495,0;24495,5
2025-09-15 15:58:49.352;24495,5;1;ASK;24495,0;24495,5
2025-09-15 15:58:49.352;24495,75;1;ASK;24495,0;24495,5
2025-09-15 15:58:49.352;24495,75;1;ASK;24495,0;24495,5
2025-09-15 15:58:49.712;24495,0;1;BID;24495,0;24495,5
2025-09-15 15:58:50.108;24495,25;1;BID;24495,25;24495,75
2025-09-15 15:58:50.120;24495,25;1;BID;24495,25;24495,75
2025-09-15 15:58:50.120;24495,0;1;BID;24495,25;24495,75
2025-09-15 15:58:50.120;24495,0;1;BID;24495,25;24495,75
2025-09-15 15:58:50.120;24495,0;1;BID;24495,25;24495,75
2025-09-15 15:58:50.192;24495,0;1;BID;24495,25;24495,75
2025-09-15 15:58:51.152;24495,25;1;BID;24495,5;24496,0
2025-09-15 15:58:51.300;24495,5;1;BID;24495,5;24496,0
2025-09-15 15:58:51.308;24495,75;1;ASK;24495,5;24496,0
2025-09-15 15:58:51.308;24495,75;1;ASK;24495,5;24496,0
2025-09-15 15:58:51.308;24495,75;1;ASK;24495,5;24496,0
2025-09-15 15:58:51.352;24495,25;1;BID;24495,5;24496,0
2025-09-15 15:58:52.328;24496,25;1;ASK;24495,5;24496,0
2025-09-15 15:58:53.276;24496,0;1;ASK;24495,5;24496,0
2025-09-15 15:58:54.144;24496,25;1;ASK;24495,5;24496,0
2025-09-15 15:58:54.156;24496,25;1;ASK;24495,5;24496,0
2025-09-15 15:58:54.688;24496,0;2;ASK;24495,5;24496,0
2025-09-15 15:58:54.876;24496,0;1;ASK;24495,5;24496,0
2025-09-15 15:58:54.876;24496,0;1;ASK;24495,5;24496,0
2025-09-15 15:58:55.416;24496,0;1;ASK;24495,5;24496,0
2025-09-15 15:58:55.832;24495,75;1;ASK;24495,5;24496,0
2025-09-15 15:58:56.172;24496,25;1;BID;24496,25;24496,75
2025-09-15 15:58:56.544;24496,5;1;ASK;24496,25;24496,75
2025-09-15 15:58:56.788;24496,75;1;ASK;24496,25;24496,75
2025-09-15 15:58:56.792;24496,75;1;ASK;24496,25;24496,75
2025-09-15 15:58:56.800;24496,5;1;ASK;24496,25;24496,75
2025-09-15 15:58:56.968;24496,75;1;ASK;24496,25;24496,75
2025-09-15 15:58:57.016;24496,25;1;BID;24496,5;24497,0
2025-09-15 15:58:57.016;24496,25;1;BID;24496,5;24497,0
2025-09-15 15:58:57.844;24497,0;1;ASK;24496,5;24497,0
2025-09-15 15:58:57.868;24496,75;1;ASK;24496,5;24497,0
2025-09-15 15:58:57.876;24496,75;1;ASK;24496,5;24497,0
2025-09-15 15:58:59.032;24497,0;1;BID;24497,0;24497,5
2025-09-15 15:58:59.836;24497,25;1;ASK;24497,0;24497,5
2025-09-15 15:58:59.836;24497,25;1;ASK;24497,0;24497,5
2025-09-15 15:59:00.008;24497,5;1;ASK;24496,75;24497,5
2025-09-15 15:59:00.008;24497,5;1;ASK;24496,75;24497,5
2025-09-15 15:59:00.012;24497,25;1;ASK;24496,75;24497,5
2025-09-15 15:59:00.012;24497,0;1;BID;24496,75;24497,5
2025-09-15 15:59:00.048;24496,75;1;BID;24496,75;24497,5
2025-09-15 15:59:00.076;24497,0;1;BID;24496,75;24497,5
2025-09-15 15:59:00.076;24497,0;1;BID;24496,75;24497,5
2025-09-15 15:59:00.416;24497,25;1;ASK;24496,75;24497,5
2025-09-15 15:59:00.448;24496,75;1;BID;24496,75;24497,5
2025-09-15 15:59:00.892;24497,0;1;BID;24496,75;24497,5
2025-09-15 15:59:01.120;24497,75;1;ASK;24497,5;24498,0
2025-09-15 15:59:01.204;24497,25;1;BID;24497,5;24498,0
2025-09-15 15:59:01.512;24497,0;1;BID;24497,5;24498,0
2025-09-15 15:59:01.644;24497,75;1;ASK;24497,5;24498,0
2025-09-15 15:59:01.984;24497,75;1;ASK;24497,5;24498,0
2025-09-15 15:59:01.984;24497,75;1;ASK;24497,5;24498,0
2025-09-15 15:59:02.008;24497,5;1;ASK;24496,5;24497,0
2025-09-15 15:59:02.008;24497,5;1;ASK;24496,5;24497,0
2025-09-15 15:59:02.016;24497,25;1;ASK;24496,5;24497,0
2025-09-15 15:59:02.064;24497,0;1;ASK;24496,5;24497,0
2025-09-15 15:59:02.064;24496,75;1;ASK;24496,5;24497,0
2025-09-15 15:59:02.196;24496,75;1;ASK;24496,5;24497,0
2025-09-15 15:59:02.256;24496,5;1;BID;24496,5;24497,0
2025-09-15 15:59:02.256;24496,5;2;BID;24496,5;24497,0
2025-09-15 15:59:02.484;24496,5;1;BID;24496,5;24497,0
2025-09-15 15:59:02.484;24496,5;1;BID;24496,5;24497,0
2025-09-15 15:59:02.484;24496,5;1;BID;24496,5;24497,0
2025-09-15 15:59:02.668;24497,0;1;ASK;24496,5;24497,0
2025-09-15 15:59:03.104;24496,5;1;ASK;24496,25;24496,75
2025-09-15 15:59:03.104;24496,5;1;ASK;24496,25;24496,75
2025-09-15 15:59:03.104;24496,5;1;ASK;24496,25;24496,75
2025-09-15 15:59:03.104;24496,25;1;BID;24496,25;24496,75
2025-09-15 15:59:03.104;24496,25;2;BID;24496,25;24496,75
2025-09-15 15:59:03.104;24496,25;1;BID;24496,25;24496,75
2025-09-15 15:59:03.104;24496,25;1;BID;24496,25;24496,75
2025-09-15 15:59:03.104;24496,25;1;BID;24496,25;24496,75
2025-09-15 15:59:03.104;24496,0;1;BID;24496,25;24496,75
2025-09-15 15:59:03.104;24496,0;1;BID;24496,25;24496,75
2025-09-15 15:59:03.104;24496,0;1;BID;24496,25;24496,75
2025-09-15 15:59:03.104;24496,0;1;BID;24496,25;24496,75
2025-09-15 15:59:03.104;24496,0;1;BID;24496,25;24496,75
2025-09-15 15:59:03.120;24496,5;1;ASK;24496,25;24496,75
2025-09-15 15:59:03.292;24497,0;1;ASK;24496,25;24496,75
2025-09-15 15:59:03.348;24496,75;1;ASK;24496,25;24496,75
2025-09-15 15:59:03.412;24496,5;1;ASK;24496,25;24496,75
2025-09-15 15:59:03.412;24496,25;1;BID;24496,25;24496,75
2025-09-15 15:59:03.420;24496,0;1;BID;24496,25;24496,75
2025-09-15 15:59:04.048;24496,25;1;ASK;24494,75;24495,25
2025-09-15 15:59:04.048;24496,25;1;ASK;24494,75;24495,25
2025-09-15 15:59:04.348;24496,25;1;ASK;24494,75;24495,25
2025-09-15 15:59:04.448;24496,25;1;ASK;24494,75;24495,25
2025-09-15 15:59:04.640;24496,25;1;ASK;24494,75;24495,25
2025-09-15 15:59:04.640;24496,25;1;ASK;24494,75;24495,25
2025-09-15 15:59:04.644;24496,5;1;ASK;24494,75;24495,25
2025-09-15 15:59:04.764;24496,0;1;ASK;24494,75;24495,25
2025-09-15 15:59:04.764;24496,0;1;ASK;24494,75;24495,25
2025-09-15 15:59:04.768;24495,5;1;ASK;24494,75;24495,25
2025-09-15 15:59:04.784;24495,25;1;ASK;24494,75;24495,25
2025-09-15 15:59:04.784;24495,25;1;ASK;24494,75;24495,25
2025-09-15 15:59:04.784;24495,25;1;ASK;24494,75;24495,25
2025-09-15 15:59:04.784;24495,0;2;ASK;24494,75;24495,25
2025-09-15 15:59:04.948;24495,0;1;ASK;24494,75;24495,25
2025-09-15 15:59:04.948;24495,0;1;ASK;24494,75;24495,25
2025-09-15 15:59:05.228;24495,25;3;BID;24495,75;24496,25
2025-09-15 15:59:05.248;24495,5;1;BID;24495,75;24496,25
2025-09-15 15:59:05.312;24495,5;1;BID;24495,75;24496,25
2025-09-15 15:59:05.420;24495,5;1;BID;24495,75;24496,25
2025-09-15 15:59:05.588;24495,25;1;BID;24495,75;24496,25
2025-09-15 15:59:05.880;24495,75;1;BID;24495,75;24496,25
2025-09-15 15:59:06.596;24495,75;1;BID;24496,0;24496,5
2025-09-15 15:59:07.044;24496,25;1;ASK;24496,0;24496,5
2025-09-15 15:59:07.868;24496,5;1;ASK;24496,0;24496,5
2025-09-15 15:59:08.148;24496,25;1;BID;24497,25;24497,75
2025-09-15 15:59:08.152;24496,5;1;BID;24497,25;24497,75
2025-09-15 15:59:08.684;24497,0;1;BID;24497,25;24497,75
2025-09-15 15:59:08.880;24497,25;1;BID;24497,25;24497,75
2025-09-15 15:59:08.880;24497,25;1;BID;24497,25;24497,75
2025-09-15 15:59:08.880;24497,25;1;BID;24497,25;24497,75
2025-09-15 15:59:09.416;24498,0;1;ASK;24497,5;24498,0
2025-09-15 15:59:09.416;24498,0;2;ASK;24497,5;24498,0
2025-09-15 15:59:09.416;24498,0;1;ASK;24497,5;24498,0
2025-09-15 15:59:09.416;24498,0;2;ASK;24497,5;24498,0
2025-09-15 15:59:09.416;24498,0;2;ASK;24497,5;24498,0
2025-09-15 15:59:09.416;24498,0;2;ASK;24497,5;24498,0
2025-09-15 15:59:09.416;24498,0;1;ASK;24497,5;24498,0
2025-09-15 15:59:09.416;24498,0;1;ASK;24497,5;24498,0
2025-09-15 15:59:09.416;24498,0;1;ASK;24497,5;24498,0
2025-09-15 15:59:09.416;24498,0;1;ASK;24497,5;24498,0
2025-09-15 15:59:09.420;24498,0;1;ASK;24497,5;24498,0
2025-09-15 15:59:09.480;24498,0;4;ASK;24497,5;24498,0
2025-09-15 15:59:09.480;24498,0;1;ASK;24497,5;24498,0
2025-09-15 15:59:09.496;24498,0;1;ASK;24497,5;24498,0
2025-09-15 15:59:09.508;24498,0;1;ASK;24497,5;24498,0
2025-09-15 15:59:09.608;24498,0;2;ASK;24497,5;24498,0
2025-09-15 15:59:09.608;24498,0;2;ASK;24497,5;24498,0
2025-09-15 15:59:09.608;24498,0;1;ASK;24497,5;24498,0
2025-09-15 15:59:09.612;24498,0;1;ASK;24497,5;24498,0
2025-09-15 15:59:09.616;24498,25;1;ASK;24497,5;24498,0
2025-09-15 15:59:09.616;24498,25;1;ASK;24497,5;24498,0
2025-09-15 15:59:09.644;24498,0;6;ASK;24497,5;24498,0
2025-09-15 15:59:09.676;24498,5;1;ASK;24497,5;24498,0
2025-09-15 15:59:09.676;24498,5;1;ASK;24497,5;24498,0
2025-09-15 15:59:09.676;24498,5;1;ASK;24497,5;24498,0
2025-09-15 15:59:09.676;24498,75;1;ASK;24497,5;24498,0
2025-09-15 15:59:09.676;24498,75;1;ASK;24497,5;24498,0
2025-09-15 15:59:09.676;24498,75;1;ASK;24497,5;24498,0
2025-09-15 15:59:09.680;24498,25;1;ASK;24497,5;24498,0
2025-09-15 15:59:09.792;24498,25;1;ASK;24497,5;24498,0
2025-09-15 15:59:10.004;24498,0;1;BID;24500,0;24500,5
2025-09-15 15:59:10.228;24497,5;1;BID;24500,0;24500,5
2025-09-15 15:59:10.276;24498,25;1;BID;24500,0;24500,5
2025-09-15 15:59:10.288;24498,25;1;BID;24500,0;24500,5
2025-09-15 15:59:10.288;24498,25;2;BID;24500,0;24500,5
2025-09-15 15:59:10.428;24498,25;1;BID;24500,0;24500,5
2025-09-15 15:59:10.496;24499,0;1;BID;24500,0;24500,5
2025-09-15 15:59:10.496;24499,0;1;BID;24500,0;24500,5
2025-09-15 15:59:10.588;24498,75;1;BID;24500,0;24500,5
2025-09-15 15:59:10.636;24499,0;1;BID;24500,0;24500,5
2025-09-15 15:59:10.636;24499,0;1;BID;24500,0;24500,5
2025-09-15 15:59:10.636;24499,0;2;BID;24500,0;24500,5
2025-09-15 15:59:10.636;24499,0;1;BID;24500,0;24500,5
2025-09-15 15:59:10.684;24499,25;1;BID;24500,0;24500,5
2025-09-15 15:59:10.684;24499,25;1;BID;24500,0;24500,5
2025-09-15 15:59:10.684;24499,25;1;BID;24500,0;24500,5
2025-09-15 15:59:10.684;24499,5;3;BID;24500,0;24500,5
2025-09-15 15:59:10.684;24499,5;1;BID;24500,0;24500,5
2025-09-15 15:59:10.684;24499,5;1;BID;24500,0;24500,5
2025-09-15 15:59:10.684;24499,75;1;BID;24500,0;24500,5
2025-09-15 15:59:10.684;24499,75;1;BID;24500,0;24500,5
2025-09-15 15:59:10.684;24499,75;2;BID;24500,0;24500,5
2025-09-15 15:59:10.684;24499,75;1;BID;24500,0;24500,5
2025-09-15 15:59:10.684;24500,0;1;BID;24500,0;24500,5
2025-09-15 15:59:10.684;24500,0;3;BID;24500,0;24500,5
2025-09-15 15:59:10.684;24500,0;1;BID;24500,0;24500,5
2025-09-15 15:59:10.684;24500,0;1;BID;24500,0;24500,5
2025-09-15 15:59:10.684;24500,0;10;BID;24500,0;24500,5
2025-09-15 15:59:10.684;24500,0;1;BID;24500,0;24500,5
2025-09-15 15:59:10.684;24500,0;1;BID;24500,0;24500,5
2025-09-15 15:59:10.684;24500,0;1;BID;24500,0;24500,5
2025-09-15 15:59:10.684;24500,0;1;BID;24500,0;24500,5
2025-09-15 15:59:10.684;24500,0;1;BID;24500,0;24500,5
2025-09-15 15:59:10.684;24500,0;1;BID;24500,0;24500,5
2025-09-15 15:59:10.684;24500,0;1;BID;24500,0;24500,5
2025-09-15 15:59:10.684;24500,0;1;BID;24500,0;24500,5
2025-09-15 15:59:10.684;24500,0;2;BID;24500,0;24500,5
2025-09-15 15:59:10.684;24500,25;1;ASK;24500,0;24500,5
2025-09-15 15:59:10.684;24500,25;1;ASK;24500,0;24500,5
2025-09-15 15:59:10.684;24500,25;1;ASK;24500,0;24500,5
2025-09-15 15:59:10.684;24500,25;2;ASK;24500,0;24500,5
2025-09-15 15:59:10.684;24500,5;1;ASK;24500,0;24500,5
2025-09-15 15:59:10.684;24500,5;1;ASK;24500,0;24500,5
2025-09-15 15:59:10.684;24500,5;1;ASK;24500,0;24500,5
2025-09-15 15:59:10.684;24500,5;1;ASK;24500,0;24500,5
2025-09-15 15:59:10.684;24500,75;1;ASK;24500,0;24500,5
2025-09-15 15:59:10.684;24500,75;1;ASK;24500,0;24500,5
2025-09-15 15:59:10.688;24499,25;1;BID;24500,0;24500,5
2025-09-15 15:59:10.696;24499,75;1;BID;24500,0;24500,5
2025-09-15 15:59:10.700;24499,75;1;BID;24500,0;24500,5
2025-09-15 15:59:10.708;24499,75;1;BID;24500,0;24500,5
2025-09-15 15:59:10.708;24499,75;1;BID;24500,0;24500,5
2025-09-15 15:59:10.708;24499,75;1;BID;24500,0;24500,5
2025-09-15 15:59:10.712;24499,75;1;BID;24500,0;24500,5
2025-09-15 15:59:10.764;24500,0;1;BID;24500,0;24500,5
2025-09-15 15:59:10.928;24499,75;1;BID;24500,0;24500,5
2025-09-15 15:59:11.000;24500,25;1;ASK;24500,0;24500,5
2025-09-15 15:59:11.024;24500,0;1;ASK;24498,5;24499,0
2025-09-15 15:59:11.024;24499,75;1;ASK;24498,5;24499,0
2025-09-15 15:59:11.024;24499,75;1;ASK;24498,5;24499,0
2025-09-15 15:59:11.024;24499,75;1;ASK;24498,5;24499,0
2025-09-15 15:59:11.024;24499,75;1;ASK;24498,5;24499,0
2025-09-15 15:59:11.124;24499,5;1;ASK;24498,5;24499,0
2025-09-15 15:59:11.124;24499,5;1;ASK;24498,5;24499,0
2025-09-15 15:59:11.124;24499,25;1;ASK;24498,5;24499,0
2025-09-15 15:59:11.124;24499,25;1;ASK;24498,5;24499,0
2025-09-15 15:59:11.124;24499,25;1;ASK;24498,5;24499,0
2025-09-15 15:59:11.124;24499,25;1;ASK;24498,5;24499,0
2025-09-15 15:59:11.124;24499,25;1;ASK;24498,5;24499,0
2025-09-15 15:59:11.124;24499,25;1;ASK;24498,5;24499,0
2025-09-15 15:59:11.124;24499,25;2;ASK;24498,5;24499,0
2025-09-15 15:59:11.124;24499,0;1;ASK;24498,5;24499,0
2025-09-15 15:59:11.124;24499,0;1;ASK;24498,5;24499,0
2025-09-15 15:59:11.124;24499,0;1;ASK;24498,5;24499,0
2025-09-15 15:59:11.124;24499,0;1;ASK;24498,5;24499,0
2025-09-15 15:59:11.124;24499,0;1;ASK;24498,5;24499,0
2025-09-15 15:59:11.124;24498,75;1;ASK;24498,5;24499,0
2025-09-15 15:59:11.124;24498,75;1;ASK;24498,5;24499,0
2025-09-15 15:59:11.124;24498,75;1;ASK;24498,5;24499,0
2025-09-15 15:59:11.124;24498,75;1;ASK;24498,5;24499,0
2025-09-15 15:59:11.124;24498,75;1;ASK;24498,5;24499,0
2025-09-15 15:59:11.128;24498,75;1;ASK;24498,5;24499,0
2025-09-15 15:59:11.128;24498,5;1;BID;24498,5;24499,0
2025-09-15 15:59:11.128;24498,5;1;BID;24498,5;24499,0
2025-09-15 15:59:11.128;24498,75;2;ASK;24498,5;24499,0
2025-09-15 15:59:11.128;24498,5;1;BID;24498,5;24499,0
2025-09-15 15:59:11.128;24498,5;1;BID;24498,5;24499,0
2025-09-15 15:59:11.128;24498,75;4;ASK;24498,5;24499,0
2025-09-15 15:59:11.128;24498,75;2;ASK;24498,5;24499,0
2025-09-15 15:59:11.128;24498,75;2;ASK;24498,5;24499,0
2025-09-15 15:59:11.128;24498,75;3;ASK;24498,5;24499,0
2025-09-15 15:59:11.132;24498,25;1;BID;24498,5;24499,0
2025-09-15 15:59:11.132;24498,25;1;BID;24498,5;24499,0
2025-09-15 15:59:11.132;24498,5;1;BID;24498,5;24499,0
2025-09-15 15:59:11.132;24498,25;1;BID;24498,5;24499,0
2025-09-15 15:59:11.132;24498,75;1;ASK;24498,5;24499,0
2025-09-15 15:59:11.132;24498,75;1;ASK;24498,5;24499,0
2025-09-15 15:59:11.136;24498,5;1;BID;24498,5;24499,0
2025-09-15 15:59:11.136;24498,75;2;ASK;24498,5;24499,0
2025-09-15 15:59:11.144;24498,5;1;BID;24498,5;24499,0
2025-09-15 15:59:11.168;24498,75;2;ASK;24498,5;24499,0
2025-09-15 15:59:11.172;24498,75;2;ASK;24498,5;24499,0
2025-09-15 15:59:11.172;24498,75;1;ASK;24498,5;24499,0
2025-09-15 15:59:11.172;24498,5;1;BID;24498,5;24499,0
2025-09-15 15:59:11.172;24498,5;1;BID;24498,5;24499,0
2025-09-15 15:59:11.172;24498,75;24;ASK;24498,5;24499,0
2025-09-15 15:59:11.172;24498,75;3;ASK;24498,5;24499,0
2025-09-15 15:59:11.200;24499,0;1;ASK;24498,5;24499,0
2025-09-15 15:59:11.204;24499,25;1;ASK;24498,5;24499,0
2025-09-15 15:59:11.216;24499,5;1;ASK;24498,5;24499,0
2025-09-15 15:59:11.216;24499,5;1;ASK;24498,5;24499,0
2025-09-15 15:59:11.216;24499,5;1;ASK;24498,5;24499,0
2025-09-15 15:59:11.264;24499,25;1;ASK;24498,5;24499,0
2025-09-15 15:59:11.320;24499,25;1;ASK;24498,5;24499,0
2025-09-15 15:59:11.320;24499,5;1;ASK;24498,5;24499,0
2025-09-15 15:59:11.320;24499,5;1;ASK;24498,5;24499,0
2025-09-15 15:59:11.332;24499,75;1;ASK;24498,5;24499,0
2025-09-15 15:59:11.332;24499,75;1;ASK;24498,5;24499,0
2025-09-15 15:59:11.332;24499,75;1;ASK;24498,5;24499,0
2025-09-15 15:59:11.340;24499,25;1;ASK;24498,5;24499,0
2025-09-15 15:59:11.340;24499,25;1;ASK;24498,5;24499,0
2025-09-15 15:59:11.340;24499,0;1;ASK;24498,5;24499,0
2025-09-15 15:59:11.340;24499,0;1;ASK;24498,5;24499,0
2025-09-15 15:59:11.340;24499,0;1;ASK;24498,5;24499,0
2025-09-15 15:59:11.340;24499,0;1;ASK;24498,5;24499,0
2025-09-15 15:59:11.340;24499,0;1;ASK;24498,5;24499,0
2025-09-15 15:59:11.340;24498,75;1;ASK;24498,5;24499,0
2025-09-15 15:59:11.340;24498,75;1;ASK;24498,5;24499,0
2025-09-15 15:59:11.340;24498,75;1;ASK;24498,5;24499,0
2025-09-15 15:59:11.340;24498,75;1;ASK;24498,5;24499,0
2025-09-15 15:59:11.340;24498,75;1;ASK;24498,5;24499,0
2025-09-15 15:59:11.340;24498,75;1;ASK;24498,5;24499,0
2025-09-15 15:59:11.344;24499,0;1;ASK;24498,5;24499,0
2025-09-15 15:59:11.360;24498,75;1;ASK;24498,5;24499,0
2025-09-15 15:59:11.416;24499,0;1;ASK;24498,5;24499,0
2025-09-15 15:59:11.420;24499,25;1;ASK;24498,5;24499,0
2025-09-15 15:59:11.636;24499,25;1;ASK;24498,5;24499,0
2025-09-15 15:59:11.636;24499,25;1;ASK;24498,5;24499,0
2025-09-15 15:59:11.636;24499,25;1;ASK;24498,5;24499,0
2025-09-15 15:59:11.636;24499,25;1;ASK;24498,5;24499,0
2025-09-15 15:59:11.636;24499,5;1;ASK;24498,5;24499,0
2025-09-15 15:59:11.636;24499,5;1;ASK;24498,5;24499,0
2025-09-15 15:59:11.636;24499,5;1;ASK;24498,5;24499,0
2025-09-15 15:59:11.636;24499,5;1;ASK;24498,5;24499,0
2025-09-15 15:59:11.636;24499,5;1;ASK;24498,5;24499,0
2025-09-15 15:59:11.636;24499,5;1;ASK;24498,5;24499,0
2025-09-15 15:59:11.812;24499,25;1;ASK;24498,5;24499,0
2025-09-15 15:59:11.880;24498,75;1;ASK;24498,5;24499,0
2025-09-15 15:59:11.884;24499,0;1;ASK;24498,5;24499,0
2025-09-15 15:59:11.900;24498,75;1;ASK;24498,5;24499,0
2025-09-15 15:59:11.900;24498,75;1;ASK;24498,5;24499,0
2025-09-15 15:59:12.020;24498,75;1;ASK;24498,25;24498,75
2025-09-15 15:59:12.272;24498,5;1;ASK;24498,25;24498,75
2025-09-15 15:59:12.272;24498,5;1;ASK;24498,25;24498,75
2025-09-15 15:59:12.336;24499,0;1;ASK;24498,25;24498,75
2025-09-15 15:59:12.336;24499,0;1;ASK;24498,25;24498,75
2025-09-15 15:59:12.336;24499,0;1;ASK;24498,25;24498,75
2025-09-15 15:59:12.336;24499,0;1;ASK;24498,25;24498,75
2025-09-15 15:59:12.336;24499,25;1;ASK;24498,25;24498,75
2025-09-15 15:59:12.336;24499,25;1;ASK;24498,25;24498,75
2025-09-15 15:59:12.336;24499,25;1;ASK;24498,25;24498,75
2025-09-15 15:59:12.336;24499,25;1;ASK;24498,25;24498,75
2025-09-15 15:59:12.336;24499,25;1;ASK;24498,25;24498,75
2025-09-15 15:59:12.336;24499,5;1;ASK;24498,25;24498,75
2025-09-15 15:59:12.336;24499,5;1;ASK;24498,25;24498,75
2025-09-15 15:59:12.336;24499,5;1;ASK;24498,25;24498,75
2025-09-15 15:59:12.336;24499,5;1;ASK;24498,25;24498,75
2025-09-15 15:59:12.344;24499,25;1;ASK;24498,25;24498,75
2025-09-15 15:59:12.464;24499,25;1;ASK;24498,25;24498,75
2025-09-15 15:59:12.628;24499,0;1;ASK;24498,25;24498,75
2025-09-15 15:59:12.628;24499,0;1;ASK;24498,25;24498,75
2025-09-15 15:59:12.628;24499,0;1;ASK;24498,25;24498,75
2025-09-15 15:59:12.628;24499,0;1;ASK;24498,25;24498,75
2025-09-15 15:59:12.628;24498,75;1;ASK;24498,25;24498,75
2025-09-15 15:59:12.700;24499,0;1;ASK;24498,25;24498,75
2025-09-15 15:59:12.700;24499,0;1;ASK;24498,25;24498,75
2025-09-15 15:59:12.848;24498,25;1;BID;24498,25;24498,75
2025-09-15 15:59:13.148;24498,25;4;ASK;24498,0;24498,5
2025-09-15 15:59:13.148;24498,25;1;ASK;24498,0;24498,5
2025-09-15 15:59:13.148;24498,5;1;ASK;24498,0;24498,5
2025-09-15 15:59:13.148;24498,5;1;ASK;24498,0;24498,5
2025-09-15 15:59:13.416;24498,25;1;ASK;24498,0;24498,5
2025-09-15 15:59:13.740;24498,0;1;BID;24498,0;24498,5
2025-09-15 15:59:13.740;24498,0;1;BID;24498,0;24498,5
2025-09-15 15:59:14.420;24498,25;1;ASK;24497,75;24498,5
2025-09-15 15:59:14.420;24498,25;1;ASK;24497,75;24498,5
2025-09-15 15:59:14.524;24498,25;1;ASK;24497,75;24498,5
2025-09-15 15:59:14.524;24498,5;1;ASK;24497,75;24498,5
2025-09-15 15:59:14.612;24498,25;1;ASK;24497,75;24498,5
2025-09-15 15:59:14.612;24498,25;1;ASK;24497,75;24498,5
2025-09-15 15:59:14.652;24497,75;1;BID;24497,75;24498,5
2025-09-15 15:59:14.904;24498,0;1;BID;24497,75;24498,5
2025-09-15 15:59:14.968;24498,25;1;ASK;24497,75;24498,5
2025-09-15 15:59:15.272;24498,25;1;ASK;24497,5;24498,0
2025-09-15 15:59:15.592;24498,0;1;ASK;24497,5;24498,0
2025-09-15 15:59:15.592;24498,0;1;ASK;24497,5;24498,0
2025-09-15 15:59:15.984;24497,75;1;ASK;24497,5;24498,0
2025-09-15 15:59:17.352;24498,75;1;BID;24499,0;24499,25
2025-09-15 15:59:17.704;24498,5;1;BID;24499,0;24499,25
2025-09-15 15:59:17.704;24498,5;1;BID;24499,0;24499,25
2025-09-15 15:59:17.720;24498,75;1;BID;24499,0;24499,25
2025-09-15 15:59:17.768;24499,0;1;BID;24499,0;24499,25
2025-09-15 15:59:17.908;24499,5;1;ASK;24499,0;24499,25
2025-09-15 15:59:17.920;24499,5;1;ASK;24499,0;24499,25
2025-09-15 15:59:17.920;24499,5;1;ASK;24499,0;24499,25
2025-09-15 15:59:17.920;24499,25;1;ASK;24499,0;24499,25
2025-09-15 15:59:18.008;24499,25;1;BID;24499,25;24499,5
2025-09-15 15:59:18.096;24499,0;1;BID;24499,25;24499,5
2025-09-15 15:59:18.464;24499,0;1;BID;24499,25;24499,5
2025-09-15 15:59:18.700;24499,5;1;ASK;24499,25;24499,5
2025-09-15 15:59:18.776;24499,5;1;ASK;24499,25;24499,5
2025-09-15 15:59:19.172;24499,5;1;BID;24500,75;24501,0
2025-09-15 15:59:19.316;24499,25;1;BID;24500,75;24501,0
2025-09-15 15:59:19.756;24499,5;1;BID;24500,75;24501,0
2025-09-15 15:59:19.756;24499,5;1;BID;24500,75;24501,0
2025-09-15 15:59:19.780;24499,75;1;BID;24500,75;24501,0
2025-09-15 15:59:19.780;24499,75;1;BID;24500,75;24501,0
2025-09-15 15:59:19.784;24500,0;1;BID;24500,75;24501,0
2025-09-15 15:59:19.784;24500,0;1;BID;24500,75;24501,0
2025-09-15 15:59:19.784;24500,25;1;BID;24500,75;24501,0
2025-09-15 15:59:19.784;24500,25;1;BID;24500,75;24501,0
2025-09-15 15:59:19.788;24500,25;1;BID;24500,75;24501,0
2025-09-15 15:59:19.788;24500,25;1;BID;24500,75;24501,0
2025-09-15 15:59:19.828;24500,75;1;BID;24500,75;24501,0
2025-09-15 15:59:19.828;24500,75;1;BID;24500,75;24501,0
2025-09-15 15:59:19.828;24500,75;1;BID;24500,75;24501,0
2025-09-15 15:59:19.828;24500,75;1;BID;24500,75;24501,0
2025-09-15 15:59:19.840;24500,5;1;BID;24500,75;24501,0
2025-09-15 15:59:19.912;24500,75;2;BID;24500,75;24501,0
2025-09-15 15:59:19.912;24500,75;1;BID;24500,75;24501,0
2025-09-15 15:59:19.912;24500,75;1;BID;24500,75;24501,0
2025-09-15 15:59:19.912;24501,0;1;ASK;24500,75;24501,0
2025-09-15 15:59:19.916;24501,0;1;ASK;24500,75;24501,0
2025-09-15 15:59:19.924;24501,0;1;ASK;24500,75;24501,0
2025-09-15 15:59:19.924;24501,0;1;ASK;24500,75;24501,0
2025-09-15 15:59:19.936;24501,0;1;ASK;24500,75;24501,0
2025-09-15 15:59:19.976;24501,0;1;ASK;24500,75;24501,0
2025-09-15 15:59:19.976;24501,0;1;ASK;24500,75;24501,0
2025-09-15 15:59:19.984;24501,0;1;ASK;24500,75;24501,0
2025-09-15 15:59:19.984;24501,0;1;ASK;24500,75;24501,0
2025-09-15 15:59:19.984;24501,0;1;ASK;24500,75;24501,0
2025-09-15 15:59:20.064;24501,0;1;BID;24501,0;24501,5
2025-09-15 15:59:20.064;24501,0;1;BID;24501,0;24501,5
2025-09-15 15:59:20.136;24501,25;4;ASK;24501,0;24501,5
2025-09-15 15:59:20.136;24501,5;1;ASK;24501,0;24501,5
2025-09-15 15:59:20.188;24501,0;1;BID;24501,0;24501,5
2025-09-15 15:59:20.188;24501,0;1;BID;24501,0;24501,5
2025-09-15 15:59:21.032;24501,75;1;BID;24501,75;24502,25
2025-09-15 15:59:21.136;24501,25;1;BID;24501,75;24502,25
2025-09-15 15:59:21.136;24501,25;1;BID;24501,75;24502,25
2025-09-15 15:59:21.152;24501,0;1;BID;24501,75;24502,25
2025-09-15 15:59:21.152;24501,0;1;BID;24501,75;24502,25
2025-09-15 15:59:21.152;24500,75;1;BID;24501,75;24502,25
2025-09-15 15:59:21.220;24501,75;1;BID;24501,75;24502,25
2025-09-15 15:59:21.276;24501,5;1;BID;24501,75;24502,25
2025-09-15 15:59:21.424;24501,75;1;BID;24501,75;24502,25
2025-09-15 15:59:21.848;24502,0;1;ASK;24501,75;24502,25
2025-09-15 15:59:21.848;24502,0;1;ASK;24501,75;24502,25
2025-09-15 15:59:21.852;24502,0;1;ASK;24501,75;24502,25
2025-09-15 15:59:21.852;24502,0;1;ASK;24501,75;24502,25
2025-09-15 15:59:21.852;24502,25;1;ASK;24501,75;24502,25
2025-09-15 15:59:21.852;24502,25;1;ASK;24501,75;24502,25
2025-09-15 15:59:21.852;24502,25;1;ASK;24501,75;24502,25
2025-09-15 15:59:21.852;24502,25;1;ASK;24501,75;24502,25
2025-09-15 15:59:21.852;24502,5;1;ASK;24501,75;24502,25
2025-09-15 15:59:21.852;24502,5;1;ASK;24501,75;24502,25
2025-09-15 15:59:21.852;24502,5;2;ASK;24501,75;24502,25
2025-09-15 15:59:21.852;24502,5;1;ASK;24501,75;24502,25
2025-09-15 15:59:21.852;24502,5;7;ASK;24501,75;24502,25
2025-09-15 15:59:21.856;24502,25;1;ASK;24501,75;24502,25
2025-09-15 15:59:21.856;24502,5;2;ASK;24501,75;24502,25
2025-09-15 15:59:21.856;24502,25;1;ASK;24501,75;24502,25
2025-09-15 15:59:21.976;24502,0;1;ASK;24501,75;24502,25
2025-09-15 15:59:22.548;24502,0;1;BID;24502,0;24502,5
2025-09-15 15:59:22.664;24502,0;1;BID;24502,0;24502,5
2025-09-15 15:59:22.664;24502,0;1;BID;24502,0;24502,5
2025-09-15 15:59:22.688;24502,25;1;ASK;24502,0;24502,5
2025-09-15 15:59:22.792;24502,0;1;BID;24502,0;24502,5
2025-09-15 15:59:22.792;24502,0;1;BID;24502,0;24502,5
2025-09-15 15:59:22.792;24502,0;1;BID;24502,0;24502,5
2025-09-15 15:59:22.840;24501,75;1;BID;24502,0;24502,5
2025-09-15 15:59:22.840;24501,75;2;BID;24502,0;24502,5
2025-09-15 15:59:22.844;24502,25;1;ASK;24502,0;24502,5
2025-09-15 15:59:22.848;24502,25;2;ASK;24502,0;24502,5
2025-09-15 15:59:22.848;24502,25;1;ASK;24502,0;24502,5
2025-09-15 15:59:22.868;24502,5;1;ASK;24502,0;24502,5
2025-09-15 15:59:22.912;24502,75;1;ASK;24502,0;24502,5
2025-09-15 15:59:22.948;24502,25;1;ASK;24502,0;24502,5
2025-09-15 15:59:23.016;24502,0;1;BID;24502,0;24502,5
2025-09-15 15:59:23.440;24502,0;1;BID;24502,0;24502,5
2025-09-15 15:59:23.852;24501,25;1;BID;24502,0;24502,5
2025-09-15 15:59:23.852;24501,25;1;BID;24502,0;24502,5
2025-09-15 15:59:23.852;24501,25;1;BID;24502,0;24502,5
2025-09-15 15:59:23.852;24501,0;1;BID;24502,0;24502,5
2025-09-15 15:59:23.852;24501,0;1;BID;24502,0;24502,5
2025-09-15 15:59:23.852;24501,0;1;BID;24502,0;24502,5
2025-09-15 15:59:23.852;24501,0;1;BID;24502,0;24502,5
2025-09-15 15:59:23.852;24501,0;1;BID;24502,0;24502,5
2025-09-15 15:59:23.852;24501,0;1;BID;24502,0;24502,5
2025-09-15 15:59:23.852;24501,0;1;BID;24502,0;24502,5
2025-09-15 15:59:23.852;24501,0;1;BID;24502,0;24502,5
2025-09-15 15:59:23.916;24501,75;1;BID;24502,0;24502,5
2025-09-15 15:59:24.052;24502,5;1;ASK;24501,0;24501,5
2025-09-15 15:59:24.088;24502,0;1;ASK;24501,0;24501,5
2025-09-15 15:59:24.088;24502,0;1;ASK;24501,0;24501,5
2025-09-15 15:59:24.288;24502,0;1;ASK;24501,0;24501,5
2025-09-15 15:59:24.356;24501,5;1;ASK;24501,0;24501,5
2025-09-15 15:59:24.440;24502,0;1;ASK;24501,0;24501,5
2025-09-15 15:59:24.440;24502,0;1;ASK;24501,0;24501,5
2025-09-15 15:59:24.440;24502,25;1;ASK;24501,0;24501,5
2025-09-15 15:59:24.440;24502,25;1;ASK;24501,0;24501,5
2025-09-15 15:59:24.768;24502,0;1;ASK;24501,0;24501,5
2025-09-15 15:59:24.812;24502,25;1;ASK;24501,0;24501,5
2025-09-15 15:59:24.832;24502,0;1;ASK;24501,0;24501,5
2025-09-15 15:59:24.904;24501,5;1;ASK;24501,0;24501,5
2025-09-15 15:59:24.972;24501,25;1;ASK;24501,0;24501,5
2025-09-15 15:59:24.976;24501,25;1;ASK;24501,0;24501,5
2025-09-15 15:59:24.976;24501,25;1;ASK;24501,0;24501,5
2025-09-15 15:59:25.484;24501,75;1;BID;24501,5;24502,25
2025-09-15 15:59:25.612;24501,75;1;BID;24501,5;24502,25
2025-09-15 15:59:25.612;24501,75;1;BID;24501,5;24502,25
2025-09-15 15:59:25.632;24501,75;2;BID;24501,5;24502,25
2025-09-15 15:59:25.632;24501,75;1;BID;24501,5;24502,25
2025-09-15 15:59:25.632;24501,75;2;BID;24501,5;24502,25
2025-09-15 15:59:25.632;24501,75;2;BID;24501,5;24502,25
2025-09-15 15:59:25.632;24501,75;1;BID;24501,5;24502,25
2025-09-15 15:59:25.632;24502,0;1;ASK;24501,5;24502,25
2025-09-15 15:59:25.640;24502,0;1;ASK;24501,5;24502,25
2025-09-15 15:59:25.712;24501,75;1;BID;24501,5;24502,25
2025-09-15 15:59:25.936;24502,25;1;ASK;24501,5;24502,25
2025-09-15 15:59:26.148;24501,5;1;ASK;24500,75;24501,0
2025-09-15 15:59:26.532;24501,75;1;ASK;24500,75;24501,0
2025-09-15 15:59:26.652;24501,75;1;ASK;24500,75;24501,0
2025-09-15 15:59:26.652;24501,75;1;ASK;24500,75;24501,0
2025-09-15 15:59:26.652;24502,0;1;ASK;24500,75;24501,0
2025-09-15 15:59:26.652;24502,0;1;ASK;24500,75;24501,0
2025-09-15 15:59:26.652;24502,0;1;ASK;24500,75;24501,0
2025-09-15 15:59:26.652;24502,0;1;ASK;24500,75;24501,0
2025-09-15 15:59:26.652;24502,0;1;ASK;24500,75;24501,0
2025-09-15 15:59:26.652;24502,25;1;ASK;24500,75;24501,0
2025-09-15 15:59:26.652;24502,25;1;ASK;24500,75;24501,0
2025-09-15 15:59:26.652;24502,25;1;ASK;24500,75;24501,0
2025-09-15 15:59:26.652;24502,5;1;ASK;24500,75;24501,0
2025-09-15 15:59:26.652;24502,5;1;ASK;24500,75;24501,0
2025-09-15 15:59:26.652;24502,5;1;ASK;24500,75;24501,0
2025-09-15 15:59:26.652;24502,5;1;ASK;24500,75;24501,0
2025-09-15 15:59:26.652;24502,75;1;ASK;24500,75;24501,0
2025-09-15 15:59:26.784;24501,75;1;ASK;24500,75;24501,0
2025-09-15 15:59:26.784;24501,5;1;ASK;24500,75;24501,0
2025-09-15 15:59:26.904;24501,0;1;ASK;24500,75;24501,0
2025-09-15 15:59:26.904;24501,0;1;ASK;24500,75;24501,0
2025-09-15 15:59:26.904;24501,0;1;ASK;24500,75;24501,0
2025-09-15 15:59:26.908;24500,75;1;BID;24500,75;24501,0
2025-09-15 15:59:26.908;24500,75;1;BID;24500,75;24501,0
2025-09-15 15:59:26.908;24500,75;1;BID;24500,75;24501,0
2025-09-15 15:59:26.908;24500,75;1;BID;24500,75;24501,0
2025-09-15 15:59:27.020;24501,0;1;ASK;24500,75;24501,0
2025-09-15 15:59:27.024;24501,0;1;ASK;24500,75;24501,0
2025-09-15 15:59:27.224;24501,5;1;ASK;24500,75;24501,0
2025-09-15 15:59:27.224;24501,5;1;ASK;24500,75;24501,0
2025-09-15 15:59:27.224;24501,75;1;ASK;24500,75;24501,0
2025-09-15 15:59:27.224;24501,75;1;ASK;24500,75;24501,0
2025-09-15 15:59:27.504;24501,25;1;ASK;24500,75;24501,0
2025-09-15 15:59:27.504;24501,25;1;ASK;24500,75;24501,0
2025-09-15 15:59:27.504;24501,0;1;ASK;24500,75;24501,0
2025-09-15 15:59:27.508;24501,0;1;ASK;24500,75;24501,0
2025-09-15 15:59:27.508;24500,75;1;BID;24500,75;24501,0
2025-09-15 15:59:27.512;24501,0;1;ASK;24500,75;24501,0
2025-09-15 15:59:27.528;24501,0;1;ASK;24500,75;24501,0
2025-09-15 15:59:28.000;24500,75;1;BID;24500,75;24501,0
2025-09-15 15:59:28.008;24500,5;1;ASK;24500,25;24500,75
2025-09-15 15:59:28.016;24500,25;1;BID;24500,25;24500,75
2025-09-15 15:59:28.016;24500,25;1;BID;24500,25;24500,75
2025-09-15 15:59:28.016;24500,25;1;BID;24500,25;24500,75
2025-09-15 15:59:28.024;24500,25;1;BID;24500,25;24500,75
2025-09-15 15:59:28.288;24500,25;1;BID;24500,25;24500,75
2025-09-15 15:59:28.288;24500,25;1;BID;24500,25;24500,75
2025-09-15 15:59:28.368;24500,25;1;BID;24500,25;24500,75
2025-09-15 15:59:29.068;24500,75;1;ASK;24500,0;24500,5
2025-09-15 15:59:29.068;24500,75;1;ASK;24500,0;24500,5
2025-09-15 15:59:29.076;24500,75;1;ASK;24500,0;24500,5
2025-09-15 15:59:29.076;24501,25;1;ASK;24500,0;24500,5
2025-09-15 15:59:29.076;24501,25;1;ASK;24500,0;24500,5
2025-09-15 15:59:29.104;24501,5;1;ASK;24500,0;24500,5
2025-09-15 15:59:29.192;24501,25;1;ASK;24500,0;24500,5
2025-09-15 15:59:29.192;24501,25;1;ASK;24500,0;24500,5
2025-09-15 15:59:29.312;24500,75;1;ASK;24500,0;24500,5
2025-09-15 15:59:29.808;24500,5;1;ASK;24500,0;24500,5
2025-09-15 15:59:29.808;24500,75;1;ASK;24500,0;24500,5
2025-09-15 15:59:29.808;24500,75;1;ASK;24500,0;24500,5
2025-09-15 15:59:29.964;24500,5;1;ASK;24500,0;24500,5
2025-09-15 15:59:30.000;24500,25;1;ASK;24500,0;24500,5
2025-09-15 15:59:30.076;24499,75;1;BID;24500,25;24500,75
2025-09-15 15:59:30.236;24499,75;1;BID;24500,25;24500,75
2025-09-15 15:59:30.316;24499,75;1;BID;24500,25;24500,75
2025-09-15 15:59:30.372;24500,0;1;BID;24500,25;24500,75
2025-09-15 15:59:30.744;24500,5;1;ASK;24500,25;24500,75
2025-09-15 15:59:30.744;24500,25;1;BID;24500,25;24500,75
2025-09-15 15:59:30.956;24500,75;1;ASK;24500,25;24500,75
2025-09-15 15:59:31.592;24501,75;1;ASK;24501,0;24501,25
2025-09-15 15:59:31.592;24501,75;1;ASK;24501,0;24501,25
2025-09-15 15:59:31.636;24501,5;1;ASK;24501,0;24501,25
2025-09-15 15:59:31.692;24501,25;1;ASK;24501,0;24501,25
2025-09-15 15:59:32.044;24500,5;1;BID;24501,75;24502,25
2025-09-15 15:59:32.240;24500,75;1;BID;24501,75;24502,25
2025-09-15 15:59:32.372;24500,75;1;BID;24501,75;24502,25
2025-09-15 15:59:33.244;24502,0;1;ASK;24501,75;24502,25
2025-09-15 15:59:33.364;24501,75;1;BID;24501,75;24502,25
2025-09-15 15:59:33.808;24502,0;1;ASK;24501,75;24502,25
2025-09-15 15:59:33.932;24501,75;1;BID;24501,75;24502,25
2025-09-15 15:59:33.944;24501,75;1;BID;24501,75;24502,25
2025-09-15 15:59:34.008;24501,75;1;BID;24501,75;24502,25
2025-09-15 15:59:34.020;24502,0;1;ASK;24501,75;24502,25
2025-09-15 15:59:34.172;24502,0;1;ASK;24501,75;24502,25
2025-09-15 15:59:34.292;24502,0;1;ASK;24501,75;24502,25
2025-09-15 15:59:34.292;24502,0;1;ASK;24501,75;24502,25
2025-09-15 15:59:35.160;24501,75;1;ASK;24501,5;24502,0
2025-09-15 15:59:35.160;24501,75;1;ASK;24501,5;24502,0
2025-09-15 15:59:35.160;24501,75;1;ASK;24501,5;24502,0
2025-09-15 15:59:35.268;24501,75;1;ASK;24501,5;24502,0
2025-09-15 15:59:35.752;24501,75;1;ASK;24501,5;24502,0
2025-09-15 15:59:35.752;24502,0;1;ASK;24501,5;24502,0
2025-09-15 15:59:36.080;24501,75;1;BID;24501,5;24502,25
2025-09-15 15:59:36.116;24502,0;1;ASK;24501,5;24502,25
2025-09-15 15:59:36.708;24502,0;1;ASK;24501,5;24502,25
2025-09-15 15:59:36.788;24502,5;1;ASK;24501,5;24502,25
2025-09-15 15:59:36.896;24501,75;1;BID;24501,5;24502,25
2025-09-15 15:59:36.896;24501,75;1;BID;24501,5;24502,25
2025-09-15 15:59:36.972;24502,25;1;ASK;24501,5;24502,25
2025-09-15 15:59:36.972;24502,25;1;ASK;24501,5;24502,25
2025-09-15 15:59:36.976;24502,25;1;ASK;24501,5;24502,25
2025-09-15 15:59:37.028;24502,25;1;BID;24502,75;24503,0
2025-09-15 15:59:37.084;24502,75;1;BID;24502,75;24503,0
2025-09-15 15:59:37.556;24502,75;1;BID;24502,75;24503,0
2025-09-15 15:59:37.804;24502,75;1;BID;24502,75;24503,0
2025-09-15 15:59:37.836;24502,75;1;BID;24502,75;24503,0
2025-09-15 15:59:37.836;24502,5;1;BID;24502,75;24503,0
2025-09-15 15:59:37.876;24502,75;1;BID;24502,75;24503,0
2025-09-15 15:59:37.912;24502,75;1;BID;24502,75;24503,0
2025-09-15 15:59:37.912;24502,75;1;BID;24502,75;24503,0
2025-09-15 15:59:37.916;24503,0;1;ASK;24502,75;24503,0
2025-09-15 15:59:37.916;24502,75;1;BID;24502,75;24503,0
2025-09-15 15:59:38.004;24502,75;1;BID;24503,5;24504,0
2025-09-15 15:59:38.004;24502,75;1;BID;24503,5;24504,0
2025-09-15 15:59:38.268;24503,0;1;BID;24503,5;24504,0
2025-09-15 15:59:38.428;24503,25;1;BID;24503,5;24504,0
2025-09-15 15:59:38.428;24503,25;1;BID;24503,5;24504,0
2025-09-15 15:59:38.428;24503,5;1;BID;24503,5;24504,0
2025-09-15 15:59:38.428;24503,75;1;ASK;24503,5;24504,0
2025-09-15 15:59:38.432;24503,5;1;BID;24503,5;24504,0
2025-09-15 15:59:38.432;24503,5;1;BID;24503,5;24504,0
2025-09-15 15:59:38.448;24503,0;1;BID;24503,5;24504,0
2025-09-15 15:59:38.552;24503,25;1;BID;24503,5;24504,0
2025-09-15 15:59:38.556;24503,25;1;BID;24503,5;24504,0
2025-09-15 15:59:39.016;24504,0;1;ASK;24503,25;24504,0
2025-09-15 15:59:39.272;24503,75;1;ASK;24503,25;24504,0
2025-09-15 15:59:39.304;24503,75;1;ASK;24503,25;24504,0
2025-09-15 15:59:39.332;24503,75;1;ASK;24503,25;24504,0
2025-09-15 15:59:39.624;24503,75;1;ASK;24503,25;24504,0
2025-09-15 15:59:39.756;24503,25;1;BID;24503,25;24504,0
2025-09-15 15:59:39.756;24503,25;1;BID;24503,25;24504,0
2025-09-15 15:59:39.892;24503,5;4;BID;24503,25;24504,0
2025-09-15 15:59:39.948;24503,5;1;BID;24503,25;24504,0
2025-09-15 15:59:40.372;24503,5;1;ASK;24503,0;24503,5
2025-09-15 15:59:40.372;24503,5;1;ASK;24503,0;24503,5
2025-09-15 15:59:40.440;24503,5;1;ASK;24503,0;24503,5
2025-09-15 15:59:40.440;24503,5;1;ASK;24503,0;24503,5
2025-09-15 15:59:40.876;24503,0;1;BID;24503,0;24503,5
2025-09-15 15:59:40.880;24503,25;1;ASK;24503,0;24503,5
2025-09-15 15:59:40.880;24503,25;1;ASK;24503,0;24503,5
2025-09-15 15:59:40.880;24503,25;1;ASK;24503,0;24503,5
2025-09-15 15:59:41.116;24502,75;1;ASK;24502,5;24503,0
2025-09-15 15:59:41.508;24502,75;1;ASK;24502,5;24503,0
2025-09-15 15:59:41.508;24502,75;1;ASK;24502,5;24503,0
2025-09-15 15:59:41.708;24502,25;1;BID;24502,5;24503,0
2025-09-15 15:59:41.720;24502,5;1;BID;24502,5;24503,0
2025-09-15 15:59:41.764;24502,75;1;ASK;24502,5;24503,0
2025-09-15 15:59:41.764;24502,75;1;ASK;24502,5;24503,0
2025-09-15 15:59:41.876;24502,75;1;ASK;24502,5;24503,0
2025-09-15 15:59:41.964;24503,0;1;ASK;24502,5;24503,0
2025-09-15 15:59:42.236;24503,0;1;BID;24502,75;24503,5
2025-09-15 15:59:42.236;24503,25;1;ASK;24502,75;24503,5
2025-09-15 15:59:42.736;24503,0;1;BID;24502,75;24503,5
2025-09-15 15:59:43.380;24502,75;1;ASK;24502,5;24503,0
2025-09-15 15:59:43.380;24502,75;1;ASK;24502,5;24503,0
2025-09-15 15:59:43.384;24502,5;1;BID;24502,5;24503,0
2025-09-15 15:59:43.384;24502,75;1;ASK;24502,5;24503,0
2025-09-15 15:59:43.432;24502,75;1;ASK;24502,5;24503,0
2025-09-15 15:59:43.432;24503,0;1;ASK;24502,5;24503,0
2025-09-15 15:59:43.432;24503,0;1;ASK;24502,5;24503,0
2025-09-15 15:59:43.484;24502,75;1;ASK;24502,5;24503,0
2025-09-15 15:59:43.608;24502,75;1;ASK;24502,5;24503,0
2025-09-15 15:59:43.660;24502,5;1;BID;24502,5;24503,0
2025-09-15 15:59:43.660;24502,5;1;BID;24502,5;24503,0
2025-09-15 15:59:43.660;24502,5;1;BID;24502,5;24503,0
2025-09-15 15:59:43.672;24502,5;1;BID;24502,5;24503,0
2025-09-15 15:59:44.092;24502,75;1;BID;24502,75;24503,25
2025-09-15 15:59:44.472;24503,0;1;ASK;24502,75;24503,25
2025-09-15 15:59:44.472;24503,0;1;ASK;24502,75;24503,25
2025-09-15 15:59:45.020;24503,0;1;ASK;24502,75;24503,25
2025-09-15 15:59:45.448;24502,75;2;BID;24502,75;24503,25
2025-09-15 15:59:45.448;24502,75;1;BID;24502,75;24503,25
2025-09-15 15:59:45.448;24502,5;1;BID;24502,75;24503,25
2025-09-15 15:59:45.448;24502,5;1;BID;24502,75;24503,25
2025-09-15 15:59:45.936;24502,75;1;BID;24502,75;24503,25
2025-09-15 15:59:46.260;24503,25;1;BID;24503,25;24503,75
2025-09-15 15:59:46.476;24503,5;1;ASK;24503,25;24503,75
2025-09-15 15:59:46.544;24503,75;1;ASK;24503,25;24503,75
2025-09-15 15:59:46.544;24503,75;1;ASK;24503,25;24503,75
2025-09-15 15:59:46.544;24504,0;1;ASK;24503,25;24503,75
2025-09-15 15:59:46.544;24504,0;1;ASK;24503,25;24503,75
2025-09-15 15:59:46.544;24504,0;1;ASK;24503,25;24503,75
2025-09-15 15:59:46.544;24504,0;1;ASK;24503,25;24503,75
2025-09-15 15:59:46.544;24504,0;1;ASK;24503,25;24503,75
2025-09-15 15:59:46.544;24504,0;1;ASK;24503,25;24503,75
2025-09-15 15:59:46.544;24504,0;1;ASK;24503,25;24503,75
2025-09-15 15:59:46.544;24504,25;1;ASK;24503,25;24503,75
2025-09-15 15:59:46.544;24504,25;1;ASK;24503,25;24503,75
2025-09-15 15:59:46.544;24504,25;1;ASK;24503,25;24503,75
2025-09-15 15:59:46.544;24504,25;1;ASK;24503,25;24503,75
2025-09-15 15:59:46.544;24504,25;1;ASK;24503,25;24503,75
2025-09-15 15:59:46.544;24504,25;1;ASK;24503,25;24503,75
2025-09-15 15:59:46.572;24503,5;1;ASK;24503,25;24503,75
2025-09-15 15:59:46.572;24503,75;1;ASK;24503,25;24503,75
2025-09-15 15:59:47.068;24503,25;1;ASK;24502,5;24503,0
2025-09-15 15:59:47.212;24503,0;1;ASK;24502,5;24503,0
2025-09-15 15:59:47.568;24503,0;1;ASK;24502,5;24503,0
2025-09-15 15:59:47.788;24503,0;1;ASK;24502,5;24503,0
2025-09-15 15:59:47.812;24503,0;1;ASK;24502,5;24503,0
2025-09-15 15:59:47.812;24503,0;1;ASK;24502,5;24503,0
2025-09-15 15:59:48.348;24502,25;1;ASK;24502,0;24502,5
2025-09-15 15:59:48.740;24502,25;1;ASK;24502,0;24502,5
2025-09-15 15:59:48.740;24502,25;1;ASK;24502,0;24502,5
2025-09-15 15:59:48.740;24502,25;1;ASK;24502,0;24502,5
2025-09-15 15:59:49.020;24502,25;1;ASK;24501,75;24502,25
2025-09-15 15:59:49.108;24502,75;1;ASK;24501,75;24502,25
2025-09-15 15:59:49.436;24502,75;1;ASK;24501,75;24502,25
2025-09-15 15:59:49.908;24502,0;1;ASK;24501,75;24502,25
2025-09-15 15:59:49.908;24502,0;1;ASK;24501,75;24502,25
2025-09-15 15:59:49.908;24502,25;1;ASK;24501,75;24502,25
2025-09-15 15:59:49.908;24502,0;1;ASK;24501,75;24502,25
2025-09-15 15:59:50.004;24501,75;1;BID;24502,75;24503,25
2025-09-15 15:59:50.372;24502,25;1;BID;24502,75;24503,25
2025-09-15 15:59:50.716;24503,0;1;ASK;24502,75;24503,25
2025-09-15 15:59:50.716;24503,0;1;ASK;24502,75;24503,25
2025-09-15 15:59:50.716;24503,0;1;ASK;24502,75;24503,25
2025-09-15 15:59:50.732;24503,25;1;ASK;24502,75;24503,25
2025-09-15 15:59:51.104;24503,5;1;ASK;24503,0;24503,5
2025-09-15 15:59:51.104;24503,5;1;ASK;24503,0;24503,5
2025-09-15 15:59:51.104;24503,5;1;ASK;24503,0;24503,5
2025-09-15 15:59:51.104;24503,75;1;ASK;24503,0;24503,5
2025-09-15 15:59:51.104;24503,75;1;ASK;24503,0;24503,5
2025-09-15 15:59:51.104;24503,75;1;ASK;24503,0;24503,5
2025-09-15 15:59:51.180;24503,25;1;ASK;24503,0;24503,5
2025-09-15 15:59:51.372;24503,5;1;ASK;24503,0;24503,5
2025-09-15 15:59:51.372;24503,75;1;ASK;24503,0;24503,5
2025-09-15 15:59:51.372;24503,75;1;ASK;24503,0;24503,5
2025-09-15 15:59:51.372;24503,75;1;ASK;24503,0;24503,5
2025-09-15 15:59:51.372;24503,75;1;ASK;24503,0;24503,5
2025-09-15 15:59:51.456;24503,25;1;ASK;24503,0;24503,5
2025-09-15 15:59:51.468;24503,0;1;BID;24503,0;24503,5
2025-09-15 15:59:51.468;24503,0;1;BID;24503,0;24503,5
2025-09-15 15:59:51.468;24502,75;1;BID;24503,0;24503,5
2025-09-15 15:59:51.468;24502,75;1;BID;24503,0;24503,5
2025-09-15 15:59:51.468;24502,75;1;BID;24503,0;24503,5
2025-09-15 15:59:51.468;24502,75;1;BID;24503,0;24503,5
2025-09-15 15:59:51.468;24502,75;1;BID;24503,0;24503,5
2025-09-15 15:59:51.468;24502,5;1;BID;24503,0;24503,5
2025-09-15 15:59:51.468;24502,5;1;BID;24503,0;24503,5
2025-09-15 15:59:51.672;24502,5;1;BID;24503,0;24503,5
2025-09-15 15:59:51.868;24503,0;1;BID;24503,0;24503,5
2025-09-15 15:59:52.256;24503,25;1;ASK;24502,25;24502,75
2025-09-15 15:59:52.388;24503,25;1;ASK;24502,25;24502,75
2025-09-15 15:59:52.436;24503,25;1;ASK;24502,25;24502,75
2025-09-15 15:59:52.492;24503,25;1;ASK;24502,25;24502,75
2025-09-15 15:59:52.764;24502,75;1;ASK;24502,25;24502,75
2025-09-15 15:59:52.764;24502,75;1;ASK;24502,25;24502,75
2025-09-15 15:59:52.920;24502,25;1;BID;24502,25;24502,75
2025-09-15 15:59:53.048;24502,25;2;ASK;24502,0;24502,5
2025-09-15 15:59:53.048;24502,25;1;ASK;24502,0;24502,5
2025-09-15 15:59:53.052;24502,5;1;ASK;24502,0;24502,5
2025-09-15 15:59:53.056;24502,5;1;ASK;24502,0;24502,5
2025-09-15 15:59:53.100;24502,25;1;ASK;24502,0;24502,5
2025-09-15 15:59:53.108;24502,25;1;ASK;24502,0;24502,5
2025-09-15 15:59:53.200;24502,25;1;ASK;24502,0;24502,5
2025-09-15 15:59:53.472;24502,25;1;ASK;24502,0;24502,5
2025-09-15 15:59:54.512;24502,75;1;ASK;24500,75;24501,25
2025-09-15 15:59:54.516;24502,25;1;ASK;24500,75;24501,25
2025-09-15 15:59:54.832;24502,0;1;ASK;24500,75;24501,25
2025-09-15 15:59:54.832;24502,0;1;ASK;24500,75;24501,25
2025-09-15 15:59:54.928;24501,5;1;ASK;24500,75;24501,25
2025-09-15 15:59:54.928;24501,5;3;ASK;24500,75;24501,25
2025-09-15 15:59:54.928;24501,5;2;ASK;24500,75;24501,25
2025-09-15 15:59:54.932;24501,25;1;ASK;24500,75;24501,25
2025-09-15 15:59:54.932;24501,25;1;ASK;24500,75;24501,25
2025-09-15 15:59:54.932;24501,25;1;ASK;24500,75;24501,25
2025-09-15 15:59:54.940;24501,5;1;ASK;24500,75;24501,25
2025-09-15 15:59:54.948;24501,25;1;ASK;24500,75;24501,25
2025-09-15 15:59:54.948;24501,0;1;ASK;24500,75;24501,25
2025-09-15 15:59:54.948;24500,75;1;BID;24500,75;24501,25
2025-09-15 15:59:54.948;24500,75;1;BID;24500,75;24501,25
2025-09-15 15:59:54.992;24501,0;1;ASK;24500,75;24501,25
2025-09-15 15:59:55.028;24501,25;1;BID;24501,25;24501,75
2025-09-15 15:59:55.028;24501,25;1;BID;24501,25;24501,75
2025-09-15 15:59:55.064;24501,5;1;ASK;24501,25;24501,75
2025-09-15 15:59:55.084;24501,5;1;ASK;24501,25;24501,75
2025-09-15 15:59:55.084;24501,5;1;ASK;24501,25;24501,75
2025-09-15 15:59:55.120;24501,25;1;BID;24501,25;24501,75
2025-09-15 15:59:56.052;24501,25;1;ASK;24501,0;24501,5
2025-09-15 15:59:56.064;24501,75;1;ASK;24501,0;24501,5
2025-09-15 15:59:56.084;24501,75;1;ASK;24501,0;24501,5
2025-09-15 15:59:56.084;24501,75;1;ASK;24501,0;24501,5
2025-09-15 15:59:56.176;24501,5;1;ASK;24501,0;24501,5
2025-09-15 15:59:56.176;24501,5;1;ASK;24501,0;24501,5
2025-09-15 15:59:56.284;24501,75;1;ASK;24501,0;24501,5
2025-09-15 15:59:56.284;24501,75;1;ASK;24501,0;24501,5
2025-09-15 15:59:56.436;24502,0;1;ASK;24501,0;24501,5
2025-09-15 15:59:56.960;24501,0;1;BID;24501,0;24501,5
2025-09-15 15:59:57.028;24501,5;1;BID;24502,0;24502,5
2025-09-15 15:59:57.208;24502,0;1;BID;24502,0;24502,5
2025-09-15 15:59:57.208;24502,0;2;BID;24502,0;24502,5
2025-09-15 15:59:57.208;24502,0;2;BID;24502,0;24502,5
2025-09-15 15:59:57.304;24501,75;1;BID;24502,0;24502,5
2025-09-15 15:59:57.572;24502,25;1;ASK;24502,0;24502,5
2025-09-15 15:59:57.868;24502,25;1;ASK;24502,0;24502,5
2025-09-15 15:59:57.872;24502,5;1;ASK;24502,0;24502,5
2025-09-15 15:59:57.872;24502,75;1;ASK;24502,0;24502,5
2025-09-15 15:59:57.872;24502,75;1;ASK;24502,0;24502,5
2025-09-15 15:59:57.876;24502,25;1;ASK;24502,0;24502,5
2025-09-15 15:59:57.876;24502,25;1;ASK;24502,0;24502,5
2025-09-15 15:59:57.876;24502,25;1;ASK;24502,0;24502,5
2025-09-15 15:59:57.876;24502,25;1;ASK;24502,0;24502,5
2025-09-15 15:59:58.016;24502,5;1;ASK;24501,75;24502,25
2025-09-15 15:59:58.024;24502,25;1;ASK;24501,75;24502,25
2025-09-15 15:59:58.276;24502,0;1;ASK;24501,75;24502,25
2025-09-15 15:59:58.276;24502,25;1;ASK;24501,75;24502,25
2025-09-15 15:59:58.276;24502,25;1;ASK;24501,75;24502,25
2025-09-15 15:59:58.276;24502,25;1;ASK;24501,75;24502,25
2025-09-15 15:59:58.372;24502,0;1;ASK;24501,75;24502,25
2025-09-15 15:59:58.372;24502,0;1;ASK;24501,75;24502,25
2025-09-15 15:59:58.448;24501,75;1;BID;24501,75;24502,25
2025-09-15 15:59:58.512;24502,25;1;ASK;24501,75;24502,25
2025-09-15 15:59:58.512;24502,25;1;ASK;24501,75;24502,25
2025-09-15 15:59:58.512;24502,25;1;ASK;24501,75;24502,25
2025-09-15 15:59:58.628;24502,0;1;ASK;24501,75;24502,25
2025-09-15 15:59:58.696;24501,75;1;BID;24501,75;24502,25
2025-09-15 15:59:58.704;24502,0;1;ASK;24501,75;24502,25
2025-09-15 15:59:59.076;24502,25;1;BID;24502,75;24503,25
2025-09-15 15:59:59.076;24502,25;1;BID;24502,75;24503,25
2025-09-15 15:59:59.076;24502,25;1;BID;24502,75;24503,25
2025-09-15 15:59:59.076;24502,25;1;BID;24502,75;24503,25
2025-09-15 15:59:59.076;24502,5;1;BID;24502,75;24503,25
2025-09-15 15:59:59.216;24502,75;1;BID;24502,75;24503,25
2025-09-15 15:59:59.436;24502,75;1;BID;24502,75;24503,25
2025-09-15 15:59:59.436;24502,75;1;BID;24502,75;24503,25
2025-09-15 15:59:59.548;24502,75;1;BID;24502,75;24503,25
2025-09-15 15:59:59.668;24502,75;1;BID;24502,75;24503,25
2025-09-15 15:59:59.668;24502,75;1;BID;24502,75;24503,25
2025-09-15 15:59:59.748;24502,75;1;BID;24502,75;24503,25
2025-09-15 15:59:59.748;24502,75;1;BID;24502,75;24503,25
2025-09-15 15:59:59.928;24503,0;1;ASK;24502,75;24503,25
2025-09-15 15:59:59.928;24503,25;1;ASK;24502,75;24503,25
2025-09-15 15:59:59.928;24503,25;1;ASK;24502,75;24503,25
2025-09-15 16:00:00.032;24502,5;1;BID;24504,75;24505,25
2025-09-15 16:00:00.032;24502,5;1;BID;24504,75;24505,25
2025-09-15 16:00:00.032;24502,25;1;BID;24504,75;24505,25
2025-09-15 16:00:00.032;24502,75;1;BID;24504,75;24505,25
2025-09-15 16:00:00.032;24502,5;1;BID;24504,75;24505,25
2025-09-15 16:00:00.036;24502,5;1;BID;24504,75;24505,25
2025-09-15 16:00:00.040;24502,75;1;BID;24504,75;24505,25
2025-09-15 16:00:00.052;24503,0;1;BID;24504,75;24505,25
2025-09-15 16:00:00.052;24502,75;1;BID;24504,75;24505,25
2025-09-15 16:00:00.052;24502,75;1;BID;24504,75;24505,25
2025-09-15 16:00:00.060;24502,75;1;BID;24504,75;24505,25
2025-09-15 16:00:00.060;24502,75;1;BID;24504,75;24505,25
2025-09-15 16:00:00.060;24502,75;1;BID;24504,75;24505,25
2025-09-15 16:00:00.060;24502,75;1;BID;24504,75;24505,25
2025-09-15 16:00:00.060;24502,5;1;BID;24504,75;24505,25
2025-09-15 16:00:00.060;24502,5;1;BID;24504,75;24505,25
2025-09-15 16:00:00.060;24502,25;1;BID;24504,75;24505,25
2025-09-15 16:00:00.060;24502,25;1;BID;24504,75;24505,25
2025-09-15 16:00:00.060;24502,25;1;BID;24504,75;24505,25
2025-09-15 16:00:00.060;24502,0;1;BID;24504,75;24505,25
2025-09-15 16:00:00.060;24502,0;1;BID;24504,75;24505,25
2025-09-15 16:00:00.060;24502,0;1;BID;24504,75;24505,25
2025-09-15 16:00:00.100;24503,25;1;BID;24504,75;24505,25
2025-09-15 16:00:00.100;24503,5;1;BID;24504,75;24505,25
2025-09-15 16:00:00.100;24503,5;1;BID;24504,75;24505,25
2025-09-15 16:00:00.100;24503,5;1;BID;24504,75;24505,25
2025-09-15 16:00:00.100;24503,5;1;BID;24504,75;24505,25
2025-09-15 16:00:00.104;24503,75;1;BID;24504,75;24505,25
2025-09-15 16:00:00.104;24503,25;1;BID;24504,75;24505,25
2025-09-15 16:00:00.104;24503,25;1;BID;24504,75;24505,25
2025-09-15 16:00:00.104;24503,25;1;BID;24504,75;24505,25
2025-09-15 16:00:00.104;24503,75;1;BID;24504,75;24505,25
2025-09-15 16:00:00.104;24503,75;1;BID;24504,75;24505,25
2025-09-15 16:00:00.104;24503,75;1;BID;24504,75;24505,25
2025-09-15 16:00:00.108;24503,5;1;BID;24504,75;24505,25
2025-09-15 16:00:00.108;24503,5;1;BID;24504,75;24505,25
2025-09-15 16:00:00.108;24504,0;1;BID;24504,75;24505,25
2025-09-15 16:00:00.108;24503,5;1;BID;24504,75;24505,25
2025-09-15 16:00:00.112;24503,75;1;BID;24504,75;24505,25
2025-09-15 16:00:00.112;24503,5;1;BID;24504,75;24505,25
2025-09-15 16:00:00.144;24503,5;1;BID;24504,75;24505,25
2025-09-15 16:00:00.144;24503,75;1;BID;24504,75;24505,25
2025-09-15 16:00:00.144;24503,5;1;BID;24504,75;24505,25
2025-09-15 16:00:00.148;24504,0;1;BID;24504,75;24505,25
2025-09-15 16:00:00.148;24503,75;1;BID;24504,75;24505,25
2025-09-15 16:00:00.148;24503,75;1;BID;24504,75;24505,25
2025-09-15 16:00:00.156;24504,0;2;BID;24504,75;24505,25
2025-09-15 16:00:00.156;24504,0;1;BID;24504,75;24505,25
2025-09-15 16:00:00.156;24504,0;1;BID;24504,75;24505,25
2025-09-15 16:00:00.156;24504,0;1;BID;24504,75;24505,25
2025-09-15 16:00:00.156;24503,75;1;BID;24504,75;24505,25
2025-09-15 16:00:00.156;24503,75;1;BID;24504,75;24505,25
2025-09-15 16:00:00.180;24503,25;1;BID;24504,75;24505,25
2025-09-15 16:00:00.188;24503,75;1;BID;24504,75;24505,25
2025-09-15 16:00:00.192;24504,0;1;BID;24504,75;24505,25
2025-09-15 16:00:00.192;24504,0;1;BID;24504,75;24505,25
2025-09-15 16:00:00.192;24504,0;2;BID;24504,75;24505,25
2025-09-15 16:00:00.192;24504,0;1;BID;24504,75;24505,25
2025-09-15 16:00:00.196;24504,0;1;BID;24504,75;24505,25
2025-09-15 16:00:00.200;24504,0;1;BID;24504,75;24505,25
2025-09-15 16:00:00.204;24503,75;1;BID;24504,75;24505,25
2025-09-15 16:00:00.204;24504,0;2;BID;24504,75;24505,25
2025-09-15 16:00:00.204;24504,0;1;BID;24504,75;24505,25
2025-09-15 16:00:00.204;24504,0;1;BID;24504,75;24505,25
2025-09-15 16:00:00.208;24504,0;1;BID;24504,75;24505,25
2025-09-15 16:00:00.208;24504,0;1;BID;24504,75;24505,25
2025-09-15 16:00:00.208;24504,0;2;BID;24504,75;24505,25
2025-09-15 16:00:00.208;24504,0;1;BID;24504,75;24505,25
2025-09-15 16:00:00.212;24504,0;1;BID;24504,75;24505,25
2025-09-15 16:00:00.212;24504,0;2;BID;24504,75;24505,25
2025-09-15 16:00:00.212;24504,0;1;BID;24504,75;24505,25
2025-09-15 16:00:00.216;24504,0;1;BID;24504,75;24505,25
2025-09-15 16:00:00.216;24504,0;1;BID;24504,75;24505,25
2025-09-15 16:00:00.216;24504,0;1;BID;24504,75;24505,25
2025-09-15 16:00:00.216;24504,0;2;BID;24504,75;24505,25
2025-09-15 16:00:00.216;24504,0;2;BID;24504,75;24505,25
2025-09-15 16:00:00.216;24504,5;1;BID;24504,75;24505,25
2025-09-15 16:00:00.220;24504,5;1;BID;24504,75;24505,25
2025-09-15 16:00:00.220;24504,5;1;BID;24504,75;24505,25
2025-09-15 16:00:00.228;24504,25;1;BID;24504,75;24505,25
2025-09-15 16:00:00.228;24504,25;1;BID;24504,75;24505,25
2025-09-15 16:00:00.228;24504,25;1;BID;24504,75;24505,25
2025-09-15 16:00:00.232;24504,5;1;BID;24504,75;24505,25
2025-09-15 16:00:00.236;24504,5;1;BID;24504,75;24505,25
2025-09-15 16:00:00.240;24504,25;1;BID;24504,75;24505,25
2025-09-15 16:00:00.240;24504,25;1;BID;24504,75;24505,25
2025-09-15 16:00:00.260;24504,0;1;BID;24504,75;24505,25
2025-09-15 16:00:00.272;24503,75;1;BID;24504,75;24505,25
2025-09-15 16:00:00.272;24503,75;1;BID;24504,75;24505,25
2025-09-15 16:00:00.296;24504,25;1;BID;24504,75;24505,25
2025-09-15 16:00:00.304;24504,25;1;BID;24504,75;24505,25
2025-09-15 16:00:00.320;24503,75;1;BID;24504,75;24505,25
2025-09-15 16:00:00.332;24503,5;1;BID;24504,75;24505,25
2025-09-15 16:00:00.332;24503,5;1;BID;24504,75;24505,25
2025-09-15 16:00:00.332;24503,5;1;BID;24504,75;24505,25
2025-09-15 16:00:00.344;24503,5;1;BID;24504,75;24505,25
2025-09-15 16:00:00.352;24503,25;1;BID;24504,75;24505,25
2025-09-15 16:00:00.352;24503,25;1;BID;24504,75;24505,25
2025-09-15 16:00:00.364;24503,0;1;BID;24504,75;24505,25
2025-09-15 16:00:00.364;24503,0;1;BID;24504,75;24505,25
2025-09-15 16:00:00.388;24503,75;1;BID;24504,75;24505,25
2025-09-15 16:00:00.440;24503,25;1;BID;24504,75;24505,25
2025-09-15 16:00:00.444;24503,5;1;BID;24504,75;24505,25
2025-09-15 16:00:00.472;24503,75;1;BID;24504,75;24505,25
2025-09-15 16:00:00.496;24503,5;1;BID;24504,75;24505,25
2025-09-15 16:00:00.504;24503,75;1;BID;24504,75;24505,25
2025-09-15 16:00:00.532;24503,75;1;BID;24504,75;24505,25
2025-09-15 16:00:00.532;24503,5;1;BID;24504,75;24505,25
2025-09-15 16:00:00.540;24503,75;1;BID;24504,75;24505,25
2025-09-15 16:00:00.540;24503,75;1;BID;24504,75;24505,25
2025-09-15 16:00:00.540;24504,0;1;BID;24504,75;24505,25
2025-09-15 16:00:00.540;24504,0;1;BID;24504,75;24505,25
2025-09-15 16:00:00.540;24504,0;5;BID;24504,75;24505,25
2025-09-15 16:00:00.540;24504,0;1;BID;24504,75;24505,25
2025-09-15 16:00:00.540;24504,0;1;BID;24504,75;24505,25
2025-09-15 16:00:00.540;24504,0;1;BID;24504,75;24505,25
2025-09-15 16:00:00.600;24504,25;1;BID;24504,75;24505,25
2025-09-15 16:00:00.600;24504,25;1;BID;24504,75;24505,25
2025-09-15 16:00:00.604;24504,25;1;BID;24504,75;24505,25
2025-09-15 16:00:00.620;24504,75;1;BID;24504,75;24505,25
2025-09-15 16:00:00.624;24505,0;1;ASK;24504,75;24505,25
2025-09-15 16:00:00.624;24505,0;1;ASK;24504,75;24505,25
2025-09-15 16:00:00.624;24505,25;1;ASK;24504,75;24505,25
2025-09-15 16:00:00.624;24505,25;1;ASK;24504,75;24505,25
2025-09-15 16:00:00.624;24505,25;2;ASK;24504,75;24505,25
2025-09-15 16:00:00.624;24505,5;1;ASK;24504,75;24505,25
2025-09-15 16:00:00.624;24505,5;1;ASK;24504,75;24505,25
2025-09-15 16:00:00.624;24505,5;2;ASK;24504,75;24505,25
2025-09-15 16:00:00.624;24505,5;1;ASK;24504,75;24505,25
2025-09-15 16:00:00.624;24505,5;1;ASK;24504,75;24505,25
2025-09-15 16:00:00.624;24505,0;1;ASK;24504,75;24505,25
2025-09-15 16:00:00.628;24505,0;1;ASK;24504,75;24505,25
2025-09-15 16:00:00.672;24505,25;1;ASK;24504,75;24505,25
2025-09-15 16:00:00.680;24505,5;1;ASK;24504,75;24505,25
2025-09-15 16:00:00.688;24505,0;1;ASK;24504,75;24505,25
2025-09-15 16:00:00.716;24504,75;1;BID;24504,75;24505,25
2025-09-15 16:00:00.716;24505,0;1;ASK;24504,75;24505,25
2025-09-15 16:00:00.764;24505,0;1;ASK;24504,75;24505,25
2025-09-15 16:00:00.788;24505,0;1;ASK;24504,75;24505,25
2025-09-15 16:00:00.788;24505,0;1;ASK;24504,75;24505,25
2025-09-15 16:00:00.808;24505,0;1;ASK;24504,75;24505,25
2025-09-15 16:00:00.808;24504,75;1;BID;24504,75;24505,25
2025-09-15 16:00:00.820;24505,0;1;ASK;24504,75;24505,25
2025-09-15 16:00:00.864;24505,25;1;ASK;24504,75;24505,25
2025-09-15 16:00:00.872;24505,25;1;ASK;24504,75;24505,25
2025-09-15 16:00:00.872;24505,25;1;ASK;24504,75;24505,25
2025-09-15 16:00:00.948;24505,25;1;ASK;24504,75;24505,25
2025-09-15 16:00:00.948;24505,25;1;ASK;24504,75;24505,25
2025-09-15 16:00:00.956;24505,25;1;ASK;24504,75;24505,25
2025-09-15 16:00:00.968;24505,5;1;ASK;24504,75;24505,25
2025-09-15 16:00:00.972;24505,0;1;ASK;24504,75;24505,25
2025-09-15 16:00:00.972;24505,0;1;ASK;24504,75;24505,25
2025-09-15 16:00:00.972;24505,0;1;ASK;24504,75;24505,25
2025-09-15 16:00:00.976;24505,25;1;ASK;24504,75;24505,25
2025-09-15 16:00:01.076;24505,25;1;BID;24506,75;24507,0
2025-09-15 16:00:01.100;24505,25;1;BID;24506,75;24507,0
2025-09-15 16:00:01.132;24505,0;1;BID;24506,75;24507,0
2025-09-15 16:00:01.132;24504,75;1;BID;24506,75;24507,0
2025-09-15 16:00:01.156;24505,25;1;BID;24506,75;24507,0
2025-09-15 16:00:01.160;24505,25;1;BID;24506,75;24507,0
2025-09-15 16:00:01.200;24505,5;1;BID;24506,75;24507,0
2025-09-15 16:00:01.220;24505,25;1;BID;24506,75;24507,0
2025-09-15 16:00:01.256;24504,75;1;BID;24506,75;24507,0
2025-09-15 16:00:01.256;24504,75;1;BID;24506,75;24507,0
2025-09-15 16:00:01.308;24504,75;1;BID;24506,75;24507,0
2025-09-15 16:00:01.352;24504,75;1;BID;24506,75;24507,0
2025-09-15 16:00:01.352;24505,0;1;BID;24506,75;24507,0
2025-09-15 16:00:01.352;24505,0;1;BID;24506,75;24507,0
2025-09-15 16:00:01.352;24505,0;1;BID;24506,75;24507,0
2025-09-15 16:00:01.464;24505,0;1;BID;24506,75;24507,0
2025-09-15 16:00:01.464;24505,0;1;BID;24506,75;24507,0
2025-09-15 16:00:01.464;24505,25;1;BID;24506,75;24507,0
2025-09-15 16:00:01.464;24505,25;1;BID;24506,75;24507,0
2025-09-15 16:00:01.464;24505,0;1;BID;24506,75;24507,0
2025-09-15 16:00:01.472;24505,5;1;BID;24506,75;24507,0
2025-09-15 16:00:01.492;24505,5;1;BID;24506,75;24507,0
2025-09-15 16:00:01.512;24505,5;1;BID;24506,75;24507,0
2025-09-15 16:00:01.612;24505,75;1;BID;24506,75;24507,0
2025-09-15 16:00:01.612;24506,0;1;BID;24506,75;24507,0
2025-09-15 16:00:01.612;24505,75;1;BID;24506,75;24507,0
2025-09-15 16:00:01.660;24506,0;1;BID;24506,75;24507,0
2025-09-15 16:00:01.660;24506,0;1;BID;24506,75;24507,0
2025-09-15 16:00:01.692;24505,5;1;BID;24506,75;24507,0
2025-09-15 16:00:01.744;24506,0;1;BID;24506,75;24507,0
2025-09-15 16:00:01.748;24506,25;1;BID;24506,75;24507,0
2025-09-15 16:00:01.748;24506,25;1;BID;24506,75;24507,0
2025-09-15 16:00:01.788;24506,25;1;BID;24506,75;24507,0
2025-09-15 16:00:01.788;24506,25;1;BID;24506,75;24507,0
2025-09-15 16:00:01.788;24506,25;1;BID;24506,75;24507,0
2025-09-15 16:00:01.804;24506,5;1;BID;24506,75;24507,0
2025-09-15 16:00:01.804;24506,75;1;BID;24506,75;24507,0
2025-09-15 16:00:01.808;24506,75;1;BID;24506,75;24507,0
2025-09-15 16:00:01.808;24506,75;1;BID;24506,75;24507,0
2025-09-15 16:00:01.808;24506,5;1;BID;24506,75;24507,0
2025-09-15 16:00:01.856;24506,25;1;BID;24506,75;24507,0
2025-09-15 16:00:01.856;24506,25;1;BID;24506,75;24507,0
2025-09-15 16:00:01.940;24506,5;1;BID;24506,75;24507,0
2025-09-15 16:00:01.940;24506,75;1;BID;24506,75;24507,0
2025-09-15 16:00:02.008;24506,75;1;ASK;24506,5;24507,0
2025-09-15 16:00:02.008;24506,75;1;ASK;24506,5;24507,0
2025-09-15 16:00:02.032;24507,0;1;ASK;24506,5;24507,0
2025-09-15 16:00:02.036;24507,25;1;ASK;24506,5;24507,0
2025-09-15 16:00:02.036;24507,5;1;ASK;24506,5;24507,0
2025-09-15 16:00:02.036;24507,5;1;ASK;24506,5;24507,0
2025-09-15 16:00:02.036;24507,5;1;ASK;24506,5;24507,0
2025-09-15 16:00:02.088;24506,75;1;ASK;24506,5;24507,0
2025-09-15 16:00:02.152;24506,75;1;ASK;24506,5;24507,0
2025-09-15 16:00:02.152;24506,75;1;ASK;24506,5;24507,0
2025-09-15 16:00:02.188;24506,75;1;ASK;24506,5;24507,0
2025-09-15 16:00:02.188;24506,5;1;BID;24506,5;24507,0
2025-09-15 16:00:02.188;24506,5;1;BID;24506,5;24507,0
2025-09-15 16:00:02.248;24506,5;1;BID;24506,5;24507,0
2025-09-15 16:00:02.248;24506,5;1;BID;24506,5;24507,0
2025-09-15 16:00:02.248;24506,25;1;BID;24506,5;24507,0
2025-09-15 16:00:02.252;24506,5;1;BID;24506,5;24507,0
2025-09-15 16:00:02.252;24506,5;1;BID;24506,5;24507,0
2025-09-15 16:00:02.348;24507,0;1;ASK;24506,5;24507,0
2025-09-15 16:00:02.464;24506,25;1;BID;24506,5;24507,0
2025-09-15 16:00:02.464;24506,25;1;BID;24506,5;24507,0
2025-09-15 16:00:02.592;24505,75;1;BID;24506,5;24507,0
2025-09-15 16:00:02.596;24506,5;1;BID;24506,5;24507,0
2025-09-15 16:00:02.732;24506,75;1;ASK;24506,5;24507,0
2025-09-15 16:00:02.872;24507,0;1;ASK;24506,5;24507,0
2025-09-15 16:00:02.872;24507,0;1;ASK;24506,5;24507,0
2025-09-15 16:00:02.880;24506,75;1;ASK;24506,5;24507,0
2025-09-15 16:00:02.884;24506,75;1;ASK;24506,5;24507,0
2025-09-15 16:00:02.924;24506,75;1;ASK;24506,5;24507,0
2025-09-15 16:00:02.924;24506,75;1;ASK;24506,5;24507,0
2025-09-15 16:00:02.936;24507,0;1;ASK;24506,5;24507,0
2025-09-15 16:00:02.936;24507,0;1;ASK;24506,5;24507,0
2025-09-15 16:00:02.936;24507,25;1;ASK;24506,5;24507,0
2025-09-15 16:00:02.936;24507,25;1;ASK;24506,5;24507,0
2025-09-15 16:00:02.936;24507,25;1;ASK;24506,5;24507,0
2025-09-15 16:00:02.936;24507,25;1;ASK;24506,5;24507,0
2025-09-15 16:00:02.980;24507,0;1;ASK;24506,5;24507,0
2025-09-15 16:00:02.980;24507,0;1;ASK;24506,5;24507,0
2025-09-15 16:00:03.160;24507,0;1;BID;24506,75;24507,5
2025-09-15 16:00:03.188;24507,0;1;BID;24506,75;24507,5
2025-09-15 16:00:03.196;24506,5;1;BID;24506,75;24507,5
2025-09-15 16:00:03.232;24507,0;1;BID;24506,75;24507,5
2025-09-15 16:00:03.348;24507,25;1;ASK;24506,75;24507,5
2025-09-15 16:00:03.348;24507,25;1;ASK;24506,75;24507,5
2025-09-15 16:00:03.476;24507,25;1;ASK;24506,75;24507,5
2025-09-15 16:00:03.488;24507,0;1;BID;24506,75;24507,5
2025-09-15 16:00:03.508;24507,0;1;BID;24506,75;24507,5
2025-09-15 16:00:03.600;24506,75;1;BID;24506,75;24507,5
2025-09-15 16:00:03.600;24506,75;1;BID;24506,75;24507,5
2025-09-15 16:00:03.600;24506,75;1;BID;24506,75;24507,5
2025-09-15 16:00:03.600;24506,5;1;BID;24506,75;24507,5
2025-09-15 16:00:03.716;24507,0;1;BID;24506,75;24507,5
2025-09-15 16:00:03.716;24507,25;1;ASK;24506,75;24507,5
2025-09-15 16:00:03.716;24507,25;1;ASK;24506,75;24507,5
2025-09-15 16:00:03.716;24507,25;1;ASK;24506,75;24507,5
2025-09-15 16:00:03.716;24507,25;1;ASK;24506,75;24507,5
2025-09-15 16:00:03.716;24507,25;1;ASK;24506,75;24507,5
2025-09-15 16:00:03.716;24507,25;1;ASK;24506,75;24507,5
2025-09-15 16:00:03.716;24507,5;1;ASK;24506,75;24507,5
2025-09-15 16:00:03.720;24507,25;1;ASK;24506,75;24507,5
2025-09-15 16:00:03.720;24507,25;1;ASK;24506,75;24507,5
2025-09-15 16:00:03.720;24507,5;1;ASK;24506,75;24507,5
2025-09-15 16:00:03.720;24507,5;1;ASK;24506,75;24507,5
2025-09-15 16:00:03.720;24507,5;1;ASK;24506,75;24507,5
2025-09-15 16:00:03.720;24507,5;1;ASK;24506,75;24507,5
2025-09-15 16:00:03.720;24507,5;1;ASK;24506,75;24507,5
2025-09-15 16:00:03.720;24507,75;1;ASK;24506,75;24507,5
2025-09-15 16:00:03.724;24507,25;1;ASK;24506,75;24507,5
2025-09-15 16:00:03.724;24507,25;1;ASK;24506,75;24507,5
2025-09-15 16:00:03.724;24507,5;1;ASK;24506,75;24507,5
2025-09-15 16:00:03.724;24507,5;1;ASK;24506,75;24507,5
2025-09-15 16:00:03.724;24507,5;1;ASK;24506,75;24507,5
2025-09-15 16:00:03.724;24507,75;2;ASK;24506,75;24507,5
2025-09-15 16:00:03.724;24507,75;1;ASK;24506,75;24507,5
2025-09-15 16:00:03.728;24507,5;1;ASK;24506,75;24507,5
2025-09-15 16:00:03.728;24507,5;1;ASK;24506,75;24507,5
2025-09-15 16:00:03.728;24507,75;1;ASK;24506,75;24507,5
2025-09-15 16:00:03.728;24507,75;1;ASK;24506,75;24507,5
2025-09-15 16:00:03.728;24507,75;1;ASK;24506,75;24507,5
2025-09-15 16:00:03.728;24508,0;1;ASK;24506,75;24507,5
2025-09-15 16:00:03.728;24508,0;1;ASK;24506,75;24507,5
2025-09-15 16:00:03.728;24508,0;1;ASK;24506,75;24507,5
2025-09-15 16:00:03.740;24507,25;1;ASK;24506,75;24507,5
2025-09-15 16:00:03.796;24507,5;1;ASK;24506,75;24507,5
2025-09-15 16:00:03.796;24507,5;1;ASK;24506,75;24507,5
2025-09-15 16:00:03.796;24507,5;1;ASK;24506,75;24507,5
2025-09-15 16:00:03.796;24507,75;1;ASK;24506,75;24507,5
2025-09-15 16:00:03.796;24507,75;1;ASK;24506,75;24507,5
2025-09-15 16:00:03.796;24507,75;1;ASK;24506,75;24507,5
2025-09-15 16:00:03.796;24507,75;1;ASK;24506,75;24507,5
2025-09-15 16:00:03.796;24507,75;1;ASK;24506,75;24507,5
2025-09-15 16:00:04.260;24506,75;1;ASK;24505,75;24506,25
2025-09-15 16:00:04.348;24506,75;1;ASK;24505,75;24506,25
2025-09-15 16:00:04.348;24506,75;1;ASK;24505,75;24506,25
2025-09-15 16:00:04.544;24506,75;1;ASK;24505,75;24506,25
2025-09-15 16:00:04.604;24506,5;1;ASK;24505,75;24506,25
2025-09-15 16:00:04.616;24506,0;1;ASK;24505,75;24506,25
2025-09-15 16:00:04.616;24506,0;1;ASK;24505,75;24506,25
2025-09-15 16:00:04.628;24505,5;1;BID;24505,75;24506,25
2025-09-15 16:00:04.628;24505,5;1;BID;24505,75;24506,25
2025-09-15 16:00:04.652;24506,0;1;ASK;24505,75;24506,25
2025-09-15 16:00:04.656;24505,75;1;BID;24505,75;24506,25
2025-09-15 16:00:04.724;24506,0;1;ASK;24505,75;24506,25
2025-09-15 16:00:04.796;24506,0;1;ASK;24505,75;24506,25
2025-09-15 16:00:04.804;24506,0;1;ASK;24505,75;24506,25
2025-09-15 16:00:04.928;24506,25;1;ASK;24505,75;24506,25
2025-09-15 16:00:05.060;24505,5;1;ASK;24505,0;24505,5
2025-09-15 16:00:05.092;24505,75;1;ASK;24505,0;24505,5
2025-09-15 16:00:05.140;24506,0;1;ASK;24505,0;24505,5
2025-09-15 16:00:05.440;24505,5;1;ASK;24505,0;24505,5
2025-09-15 16:00:05.472;24505,0;1;BID;24505,0;24505,5
2025-09-15 16:00:05.472;24505,0;1;BID;24505,0;24505,5
2025-09-15 16:00:05.472;24505,0;1;BID;24505,0;24505,5
2025-09-15 16:00:05.472;24504,75;1;BID;24505,0;24505,5
2025-09-15 16:00:05.500;24505,0;1;BID;24505,0;24505,5
2025-09-15 16:00:05.540;24504,75;1;BID;24505,0;24505,5
2025-09-15 16:00:05.556;24505,0;1;BID;24505,0;24505,5
2025-09-15 16:00:05.620;24505,0;1;BID;24505,0;24505,5
2025-09-15 16:00:05.708;24505,25;1;ASK;24505,0;24505,5
2025-09-15 16:00:05.792;24504,75;1;BID;24505,0;24505,5
2025-09-15 16:00:05.792;24504,75;1;BID;24505,0;24505,5
2025-09-15 16:00:05.820;24505,5;1;ASK;24505,0;24505,5
2025-09-15 16:00:05.868;24505,25;1;ASK;24505,0;24505,5
2025-09-15 16:00:05.932;24505,25;1;ASK;24505,0;24505,5
2025-09-15 16:00:06.492;24504,75;1;ASK;24503,5;24504,0
2025-09-15 16:00:06.492;24504,75;1;ASK;24503,5;24504,0
2025-09-15 16:00:06.524;24504,25;1;ASK;24503,5;24504,0
2025-09-15 16:00:06.524;24504,25;1;ASK;24503,5;24504,0
2025-09-15 16:00:06.532;24504,0;1;ASK;24503,5;24504,0
2025-09-15 16:00:06.712;24504,0;1;ASK;24503,5;24504,0
2025-09-15 16:00:06.848;24504,5;1;ASK;24503,5;24504,0
2025-09-15 16:00:06.964;24504,0;1;ASK;24503,5;24504,0
2025-09-15 16:00:06.964;24503,75;1;ASK;24503,5;24504,0
2025-09-15 16:00:07.108;24504,0;1;ASK;24503,0;24503,5
2025-09-15 16:00:07.312;24504,5;1;ASK;24503,0;24503,5
2025-09-15 16:00:07.312;24504,75;1;ASK;24503,0;24503,5
2025-09-15 16:00:07.328;24504,75;1;ASK;24503,0;24503,5
2025-09-15 16:00:07.444;24504,25;1;ASK;24503,0;24503,5
2025-09-15 16:00:07.444;24504,25;1;ASK;24503,0;24503,5
2025-09-15 16:00:07.444;24504,25;1;ASK;24503,0;24503,5
2025-09-15 16:00:07.444;24504,0;1;ASK;24503,0;24503,5
2025-09-15 16:00:07.612;24504,5;1;ASK;24503,0;24503,5
2025-09-15 16:00:07.868;24504,0;1;ASK;24503,0;24503,5
2025-09-15 16:00:07.868;24504,0;1;ASK;24503,0;24503,5
2025-09-15 16:00:07.868;24504,0;1;ASK;24503,0;24503,5
2025-09-15 16:00:07.868;24503,75;1;ASK;24503,0;24503,5
2025-09-15 16:00:07.868;24503,75;1;ASK;24503,0;24503,5
2025-09-15 16:00:07.892;24503,5;1;ASK;24503,0;24503,5
2025-09-15 16:00:07.896;24503,75;1;ASK;24503,0;24503,5
2025-09-15 16:00:07.920;24503,25;1;ASK;24503,0;24503,5
2025-09-15 16:00:07.920;24503,0;1;BID;24503,0;24503,5
2025-09-15 16:00:08.572;24504,75;1;BID;24505,0;24505,5
2025-09-15 16:00:08.572;24504,75;1;BID;24505,0;24505,5
2025-09-15 16:00:08.572;24504,75;3;BID;24505,0;24505,5
2025-09-15 16:00:08.572;24504,75;2;BID;24505,0;24505,5
2025-09-15 16:00:08.572;24504,75;2;BID;24505,0;24505,5
2025-09-15 16:00:08.572;24504,75;1;BID;24505,0;24505,5
2025-09-15 16:00:08.572;24504,5;1;BID;24505,0;24505,5
2025-09-15 16:00:08.576;24504,75;1;BID;24505,0;24505,5
2025-09-15 16:00:08.576;24504,75;1;BID;24505,0;24505,5
2025-09-15 16:00:08.576;24504,5;1;BID;24505,0;24505,5
2025-09-15 16:00:08.720;24504,25;1;BID;24505,0;24505,5
2025-09-15 16:00:08.720;24504,75;1;BID;24505,0;24505,5
2025-09-15 16:00:08.772;24504,75;1;BID;24505,0;24505,5
2025-09-15 16:00:08.772;24504,75;8;BID;24505,0;24505,5
2025-09-15 16:00:08.772;24504,75;4;BID;24505,0;24505,5
2025-09-15 16:00:08.772;24504,75;7;BID;24505,0;24505,5
2025-09-15 16:00:08.772;24504,75;1;BID;24505,0;24505,5
2025-09-15 16:00:08.772;24504,5;1;BID;24505,0;24505,5
2025-09-15 16:00:08.772;24504,75;1;BID;24505,0;24505,5
2025-09-15 16:00:08.776;24504,75;1;BID;24505,0;24505,5
2025-09-15 16:00:08.776;24504,75;1;BID;24505,0;24505,5
2025-09-15 16:00:08.776;24504,75;2;BID;24505,0;24505,5
2025-09-15 16:00:08.776;24504,75;2;BID;24505,0;24505,5
2025-09-15 16:00:08.776;24504,75;2;BID;24505,0;24505,5
2025-09-15 16:00:08.776;24504,75;2;BID;24505,0;24505,5
2025-09-15 16:00:08.776;24504,75;1;BID;24505,0;24505,5
2025-09-15 16:00:08.776;24504,75;1;BID;24505,0;24505,5
2025-09-15 16:00:08.776;24504,75;1;BID;24505,0;24505,5
2025-09-15 16:00:08.776;24504,75;1;BID;24505,0;24505,5
2025-09-15 16:00:08.776;24504,75;1;BID;24505,0;24505,5
2025-09-15 16:00:08.776;24504,75;3;BID;24505,0;24505,5
2025-09-15 16:00:08.776;24505,0;1;BID;24505,0;24505,5
2025-09-15 16:00:08.780;24505,0;1;BID;24505,0;24505,5
2025-09-15 16:00:08.780;24505,25;1;ASK;24505,0;24505,5
2025-09-15 16:00:08.780;24504,75;1;BID;24505,0;24505,5
2025-09-15 16:00:08.784;24505,5;1;ASK;24505,0;24505,5
2025-09-15 16:00:08.784;24505,25;1;ASK;24505,0;24505,5
2025-09-15 16:00:08.784;24505,25;1;ASK;24505,0;24505,5
2025-09-15 16:00:08.788;24505,25;1;ASK;24505,0;24505,5
2025-09-15 16:00:08.792;24505,5;1;ASK;24505,0;24505,5
2025-09-15 16:00:08.816;24505,25;1;ASK;24505,0;24505,5
2025-09-15 16:00:08.832;24505,5;1;ASK;24505,0;24505,5
2025-09-15 16:00:08.836;24505,25;1;ASK;24505,0;24505,5
2025-09-15 16:00:08.876;24505,25;1;ASK;24505,0;24505,5
2025-09-15 16:00:08.880;24505,0;1;BID;24505,0;24505,5
2025-09-15 16:00:09.116;24505,0;1;ASK;24504,5;24505,0
2025-09-15 16:00:09.736;24505,5;1;ASK;24504,5;24505,0
2025-09-15 16:00:09.736;24505,5;1;ASK;24504,5;24505,0
2025-09-15 16:00:09.740;24505,5;1;ASK;24504,5;24505,0
2025-09-15 16:00:09.740;24505,5;1;ASK;24504,5;24505,0
2025-09-15 16:00:09.860;24505,25;1;ASK;24504,5;24505,0
2025-09-15 16:00:09.860;24505,25;1;ASK;24504,5;24505,0
2025-09-15 16:00:09.860;24505,25;1;ASK;24504,5;24505,0
2025-09-15 16:00:09.860;24505,25;1;ASK;24504,5;24505,0
2025-09-15 16:00:09.860;24505,0;1;ASK;24504,5;24505,0
2025-09-15 16:00:09.860;24505,0;1;ASK;24504,5;24505,0
2025-09-15 16:00:09.864;24505,25;1;ASK;24504,5;24505,0
2025-09-15 16:00:09.876;24505,0;1;ASK;24504,5;24505,0
2025-09-15 16:00:09.928;24505,25;1;ASK;24504,5;24505,0
2025-09-15 16:00:10.028;24505,0;1;ASK;24504,75;24505,25
2025-09-15 16:00:10.292;24505,5;1;ASK;24504,75;24505,25
2025-09-15 16:00:10.444;24504,25;1;BID;24504,75;24505,25
2025-09-15 16:00:10.488;24504,5;1;BID;24504,75;24505,25
2025-09-15 16:00:10.600;24504,5;1;BID;24504,75;24505,25
2025-09-15 16:00:10.632;24504,25;1;BID;24504,75;24505,25
2025-09-15 16:00:10.868;24504,75;1;BID;24504,75;24505,25
2025-09-15 16:00:10.868;24504,5;1;BID;24504,75;24505,25
2025-09-15 16:00:10.872;24504,75;1;BID;24504,75;24505,25
2025-09-15 16:00:11.004;24505,0;1;ASK;24503,75;24504,25
2025-09-15 16:00:11.164;24505,0;1;ASK;24503,75;24504,25
2025-09-15 16:00:11.304;24505,25;1;ASK;24503,75;24504,25
2025-09-15 16:00:11.700;24504,5;1;ASK;24503,75;24504,25
2025-09-15 16:00:11.700;24504,5;1;ASK;24503,75;24504,25
2025-09-15 16:00:11.704;24504,25;1;ASK;24503,75;24504,25
2025-09-15 16:00:12.108;24504,25;1;BID;24505,0;24505,5
2025-09-15 16:00:12.108;24504,25;1;BID;24505,0;24505,5
2025-09-15 16:00:12.272;24504,5;1;BID;24505,0;24505,5
2025-09-15 16:00:12.272;24504,25;1;BID;24505,0;24505,5
2025-09-15 16:00:12.336;24505,25;1;ASK;24505,0;24505,5
2025-09-15 16:00:12.336;24505,25;1;ASK;24505,0;24505,5
2025-09-15 16:00:12.336;24505,25;1;ASK;24505,0;24505,5
2025-09-15 16:00:12.336;24505,5;1;ASK;24505,0;24505,5
2025-09-15 16:00:12.336;24505,5;1;ASK;24505,0;24505,5
2025-09-15 16:00:12.336;24505,5;1;ASK;24505,0;24505,5
2025-09-15 16:00:12.336;24505,5;1;ASK;24505,0;24505,5
2025-09-15 16:00:12.336;24505,5;1;ASK;24505,0;24505,5
2025-09-15 16:00:12.336;24505,5;1;ASK;24505,0;24505,5
2025-09-15 16:00:12.344;24505,5;1;ASK;24505,0;24505,5
2025-09-15 16:00:12.344;24505,5;1;ASK;24505,0;24505,5
2025-09-15 16:00:12.348;24505,75;1;ASK;24505,0;24505,5
2025-09-15 16:00:12.692;24505,75;1;ASK;24505,0;24505,5
2025-09-15 16:00:12.760;24505,5;1;ASK;24505,0;24505,5
2025-09-15 16:00:12.776;24505,25;1;ASK;24505,0;24505,5
2025-09-15 16:00:12.840;24505,25;1;ASK;24505,0;24505,5
2025-09-15 16:00:12.840;24505,25;1;ASK;24505,0;24505,5
2025-09-15 16:00:12.852;24505,0;1;BID;24505,0;24505,5
2025-09-15 16:00:13.152;24505,25;1;BID;24505,5;24506,0
2025-09-15 16:00:13.292;24505,5;1;BID;24505,5;24506,0
2025-09-15 16:00:13.300;24505,25;1;BID;24505,5;24506,0
2025-09-15 16:00:13.300;24505,25;1;BID;24505,5;24506,0
2025-09-15 16:00:13.304;24505,25;1;BID;24505,5;24506,0
2025-09-15 16:00:13.320;24505,5;1;BID;24505,5;24506,0
2025-09-15 16:00:13.440;24505,5;1;BID;24505,5;24506,0
2025-09-15 16:00:13.660;24505,25;1;BID;24505,5;24506,0
2025-09-15 16:00:14.076;24506,0;1;ASK;24504,25;24504,75
2025-09-15 16:00:14.076;24506,0;1;ASK;24504,25;24504,75
2025-09-15 16:00:14.076;24506,25;1;ASK;24504,25;24504,75
2025-09-15 16:00:14.156;24505,75;1;ASK;24504,25;24504,75
2025-09-15 16:00:14.156;24505,75;1;ASK;24504,25;24504,75
2025-09-15 16:00:14.156;24505,75;1;ASK;24504,25;24504,75
2025-09-15 16:00:14.156;24505,5;1;ASK;24504,25;24504,75
2025-09-15 16:00:14.156;24505,75;1;ASK;24504,25;24504,75
2025-09-15 16:00:14.160;24505,75;1;ASK;24504,25;24504,75
2025-09-15 16:00:14.612;24505,25;1;ASK;24504,25;24504,75
2025-09-15 16:00:14.636;24505,0;1;ASK;24504,25;24504,75
2025-09-15 16:00:14.756;24505,25;1;ASK;24504,25;24504,75
2025-09-15 16:00:14.756;24505,25;1;ASK;24504,25;24504,75
2025-09-15 16:00:14.756;24505,25;1;ASK;24504,25;24504,75
2025-09-15 16:00:14.756;24505,0;1;ASK;24504,25;24504,75
2025-09-15 16:00:14.772;24505,25;1;ASK;24504,25;24504,75
2025-09-15 16:00:14.772;24505,25;1;ASK;24504,25;24504,75
2025-09-15 16:00:14.828;24505,25;1;ASK;24504,25;24504,75
2025-09-15 16:00:14.828;24505,25;1;ASK;24504,25;24504,75
2025-09-15 16:00:14.840;24505,25;1;ASK;24504,25;24504,75
2025-09-15 16:00:14.840;24505,25;1;ASK;24504,25;24504,75
2025-09-15 16:00:14.860;24505,0;1;ASK;24504,25;24504,75
2025-09-15 16:00:14.952;24504,5;1;ASK;24504,25;24504,75
2025-09-15 16:00:15.092;24504,75;1;ASK;24502,0;24502,5
2025-09-15 16:00:15.096;24504,75;1;ASK;24502,0;24502,5
2025-09-15 16:00:15.440;24504,75;1;ASK;24502,0;24502,5
2025-09-15 16:00:15.440;24504,5;1;ASK;24502,0;24502,5
2025-09-15 16:00:15.440;24504,5;1;ASK;24502,0;24502,5
2025-09-15 16:00:15.588;24504,25;1;ASK;24502,0;24502,5
2025-09-15 16:00:15.596;24503,75;1;ASK;24502,0;24502,5
2025-09-15 16:00:15.600;24504,0;1;ASK;24502,0;24502,5
2025-09-15 16:00:15.604;24503,75;1;ASK;24502,0;24502,5
2025-09-15 16:00:15.604;24503,5;1;ASK;24502,0;24502,5
2025-09-15 16:00:15.620;24503,5;1;ASK;24502,0;24502,5
2025-09-15 16:00:15.656;24503,5;1;ASK;24502,0;24502,5
2025-09-15 16:00:15.656;24503,5;1;ASK;24502,0;24502,5
2025-09-15 16:00:15.668;24503,0;1;ASK;24502,0;24502,5
2025-09-15 16:00:15.668;24502,75;1;ASK;24502,0;24502,5
2025-09-15 16:00:15.756;24502,75;2;ASK;24502,0;24502,5
2025-09-15 16:00:15.760;24502,75;1;ASK;24502,0;24502,5
2025-09-15 16:00:15.760;24502,75;1;ASK;24502,0;24502,5
2025-09-15 16:00:15.760;24502,5;1;ASK;24502,0;24502,5
2025-09-15 16:00:15.800;24502,25;1;ASK;24502,0;24502,5
2025-09-15 16:00:15.848;24502,25;1;ASK;24502,0;24502,5
2025-09-15 16:00:15.992;24502,0;1;BID;24502,0;24502,5
2025-09-15 16:00:15.992;24502,0;1;BID;24502,0;24502,5
2025-09-15 16:00:15.996;24502,0;1;BID;24502,0;24502,5
2025-09-15 16:00:16.084;24502,25;1;ASK;24501,5;24502,0
2025-09-15 16:00:16.084;24502,25;1;ASK;24501,5;24502,0
2025-09-15 16:00:16.096;24502,5;1;ASK;24501,5;24502,0
2025-09-15 16:00:16.172;24502,5;1;ASK;24501,5;24502,0
2025-09-15 16:00:16.264;24502,5;1;ASK;24501,5;24502,0
2025-09-15 16:00:16.264;24502,75;1;ASK;24501,5;24502,0
2025-09-15 16:00:16.272;24503,0;1;ASK;24501,5;24502,0
2025-09-15 16:00:16.272;24502,5;1;ASK;24501,5;24502,0
2025-09-15 16:00:16.276;24502,25;1;ASK;24501,5;24502,0
2025-09-15 16:00:16.332;24502,5;1;ASK;24501,5;24502,0
2025-09-15 16:00:16.336;24502,75;1;ASK;24501,5;24502,0
2025-09-15 16:00:16.336;24502,5;1;ASK;24501,5;24502,0
2025-09-15 16:00:16.356;24502,5;1;ASK;24501,5;24502,0
2025-09-15 16:00:16.444;24503,0;1;ASK;24501,5;24502,0
2025-09-15 16:00:16.444;24503,0;1;ASK;24501,5;24502,0
2025-09-15 16:00:16.444;24503,0;1;ASK;24501,5;24502,0
2025-09-15 16:00:16.444;24503,25;1;ASK;24501,5;24502,0
2025-09-15 16:00:16.444;24503,25;1;ASK;24501,5;24502,0
2025-09-15 16:00:16.448;24502,5;1;ASK;24501,5;24502,0
2025-09-15 16:00:16.448;24502,5;1;ASK;24501,5;24502,0
2025-09-15 16:00:16.448;24502,5;1;ASK;24501,5;24502,0
2025-09-15 16:00:16.448;24502,5;1;ASK;24501,5;24502,0
2025-09-15 16:00:16.752;24503,0;1;ASK;24501,5;24502,0
2025-09-15 16:00:16.776;24502,75;1;ASK;24501,5;24502,0
2025-09-15 16:00:17.000;24501,75;1;ASK;24501,5;24502,0
2025-09-15 16:00:17.000;24501,75;1;ASK;24501,5;24502,0
2025-09-15 16:00:17.008;24501,5;1;BID;24502,25;24502,75
2025-09-15 16:00:17.008;24501,5;1;BID;24502,25;24502,75
2025-09-15 16:00:17.008;24501,5;1;BID;24502,25;24502,75
2025-09-15 16:00:17.016;24501,25;1;BID;24502,25;24502,75
2025-09-15 16:00:17.016;24501,25;1;BID;24502,25;24502,75
2025-09-15 16:00:17.044;24501,75;1;BID;24502,25;24502,75
2025-09-15 16:00:17.044;24501,75;1;BID;24502,25;24502,75
2025-09-15 16:00:17.148;24501,5;1;BID;24502,25;24502,75
2025-09-15 16:00:17.148;24501,5;1;BID;24502,25;24502,75
2025-09-15 16:00:17.232;24501,25;1;BID;24502,25;24502,75
2025-09-15 16:00:17.236;24501,5;1;BID;24502,25;24502,75
2025-09-15 16:00:17.256;24501,75;1;BID;24502,25;24502,75
2025-09-15 16:00:17.256;24501,75;1;BID;24502,25;24502,75
2025-09-15 16:00:17.268;24502,0;1;BID;24502,25;24502,75
2025-09-15 16:00:17.268;24501,75;1;BID;24502,25;24502,75
2025-09-15 16:00:17.268;24502,0;1;BID;24502,25;24502,75
2025-09-15 16:00:17.384;24502,25;1;BID;24502,25;24502,75
2025-09-15 16:00:17.384;24502,25;1;BID;24502,25;24502,75
2025-09-15 16:00:17.444;24502,0;1;BID;24502,25;24502,75
2025-09-15 16:00:17.444;24502,0;1;BID;24502,25;24502,75
2025-09-15 16:00:17.448;24502,25;1;BID;24502,25;24502,75
2025-09-15 16:00:17.448;24502,25;1;BID;24502,25;24502,75
2025-09-15 16:00:17.560;24502,25;1;BID;24502,25;24502,75
2025-09-15 16:00:17.676;24502,0;1;BID;24502,25;24502,75
2025-09-15 16:00:17.772;24502,0;1;BID;24502,25;24502,75
2025-09-15 16:00:18.020;24502,25;1;ASK;24501,25;24501,75
2025-09-15 16:00:18.020;24502,0;1;ASK;24501,25;24501,75
2025-09-15 16:00:18.020;24502,0;1;ASK;24501,25;24501,75
2025-09-15 16:00:18.024;24502,0;1;ASK;24501,25;24501,75
2025-09-15 16:00:18.092;24502,0;1;ASK;24501,25;24501,75
2025-09-15 16:00:18.200;24501,75;1;ASK;24501,25;24501,75
2025-09-15 16:00:18.200;24501,5;1;ASK;24501,25;24501,75
2025-09-15 16:00:18.200;24501,5;1;ASK;24501,25;24501,75
2025-09-15 16:00:18.200;24501,5;1;ASK;24501,25;24501,75
2025-09-15 16:00:18.280;24501,0;1;BID;24501,25;24501,75
2025-09-15 16:00:18.496;24501,25;1;BID;24501,25;24501,75
2025-09-15 16:00:18.504;24501,0;1;BID;24501,25;24501,75
2025-09-15 16:00:18.508;24500,75;1;BID;24501,25;24501,75
2025-09-15 16:00:18.508;24500,75;1;BID;24501,25;24501,75
2025-09-15 16:00:18.508;24500,75;1;BID;24501,25;24501,75
2025-09-15 16:00:18.508;24500,75;1;BID;24501,25;24501,75
2025-09-15 16:00:18.508;24500,5;1;BID;24501,25;24501,75
2025-09-15 16:00:18.508;24500,5;1;BID;24501,25;24501,75
2025-09-15 16:00:18.508;24500,5;1;BID;24501,25;24501,75
2025-09-15 16:00:18.516;24500,5;2;BID;24501,25;24501,75
2025-09-15 16:00:18.656;24501,0;1;BID;24501,25;24501,75
2025-09-15 16:00:18.740;24501,5;1;ASK;24501,25;24501,75
2025-09-15 16:00:18.780;24501,25;1;BID;24501,25;24501,75
2025-09-15 16:00:18.780;24501,25;1;BID;24501,25;24501,75
2025-09-15 16:00:18.876;24501,25;1;BID;24501,25;24501,75
2025-09-15 16:00:19.096;24501,25;1;BID;24501,25;24502,0
2025-09-15 16:00:19.232;24501,5;1;BID;24501,25;24502,0
2025-09-15 16:00:19.496;24501,5;1;BID;24501,25;24502,0
2025-09-15 16:00:19.496;24501,25;1;BID;24501,25;24502,0
2025-09-15 16:00:19.496;24501,25;1;BID;24501,25;24502,0
2025-09-15 16:00:19.496;24501,25;1;BID;24501,25;24502,0
2025-09-15 16:00:19.496;24501,25;1;BID;24501,25;24502,0
2025-09-15 16:00:19.496;24501,0;1;BID;24501,25;24502,0
2025-09-15 16:00:19.624;24501,5;1;BID;24501,25;24502,0
2025-09-15 16:00:19.848;24501,25;1;BID;24501,25;24502,0
2025-09-15 16:00:19.856;24501,25;1;BID;24501,25;24502,0
2025-09-15 16:00:19.936;24501,75;1;ASK;24501,25;24502,0
2025-09-15 16:00:20.028;24501,5;1;ASK;24500,5;24501,0
2025-09-15 16:00:20.220;24501,5;1;ASK;24500,5;24501,0
2025-09-15 16:00:20.236;24501,5;1;ASK;24500,5;24501,0
2025-09-15 16:00:20.236;24501,5;1;ASK;24500,5;24501,0
2025-09-15 16:00:20.300;24501,0;1;ASK;24500,5;24501,0
2025-09-15 16:00:20.304;24501,25;1;ASK;24500,5;24501,0
2025-09-15 16:00:20.304;24501,25;1;ASK;24500,5;24501,0
2025-09-15 16:00:20.304;24501,25;1;ASK;24500,5;24501,0
2025-09-15 16:00:20.304;24501,25;1;ASK;24500,5;24501,0
2025-09-15 16:00:20.316;24501,25;1;ASK;24500,5;24501,0
2025-09-15 16:00:20.488;24501,75;1;ASK;24500,5;24501,0
2025-09-15 16:00:20.584;24501,75;1;ASK;24500,5;24501,0
2025-09-15 16:00:20.752;24502,0;1;ASK;24500,5;24501,0
2025-09-15 16:00:20.752;24501,75;1;ASK;24500,5;24501,0
2025-09-15 16:00:20.752;24501,75;1;ASK;24500,5;24501,0
2025-09-15 16:00:20.904;24501,0;1;ASK;24500,5;24501,0
2025-09-15 16:00:20.996;24500,75;1;ASK;24500,5;24501,0
2025-09-15 16:00:21.000;24500,75;1;ASK;24500,5;24501,0
2025-09-15 16:00:21.064;24500,75;1;BID;24501,5;24502,0
2025-09-15 16:00:21.064;24500,75;1;BID;24501,5;24502,0
2025-09-15 16:00:21.064;24500,75;1;BID;24501,5;24502,0
2025-09-15 16:00:21.064;24500,5;1;BID;24501,5;24502,0
2025-09-15 16:00:21.112;24501,25;1;BID;24501,5;24502,0
2025-09-15 16:00:21.120;24501,5;1;BID;24501,5;24502,0
2025-09-15 16:00:21.344;24501,25;1;BID;24501,5;24502,0
2025-09-15 16:00:21.444;24501,5;1;BID;24501,5;24502,0
2025-09-15 16:00:21.444;24501,5;1;BID;24501,5;24502,0
2025-09-15 16:00:21.448;24501,25;1;BID;24501,5;24502,0
2025-09-15 16:00:21.500;24501,0;1;BID;24501,5;24502,0
2025-09-15 16:00:21.700;24501,25;1;BID;24501,5;24502,0
2025-09-15 16:00:21.700;24501,25;1;BID;24501,5;24502,0
2025-09-15 16:00:22.144;24501,75;1;ASK;24501,25;24501,75
2025-09-15 16:00:22.156;24501,75;1;ASK;24501,25;24501,75
2025-09-15 16:00:22.372;24501,75;1;ASK;24501,25;24501,75
2025-09-15 16:00:22.372;24501,75;1;ASK;24501,25;24501,75
2025-09-15 16:00:22.608;24502,25;1;ASK;24501,25;24501,75
2025-09-15 16:00:22.656;24502,25;1;ASK;24501,25;24501,75
2025-09-15 16:00:22.816;24502,25;1;ASK;24501,25;24501,75
2025-09-15 16:00:22.848;24502,0;1;ASK;24501,25;24501,75
2025-09-15 16:00:22.848;24502,0;1;ASK;24501,25;24501,75
2025-09-15 16:00:22.856;24501,75;1;ASK;24501,25;24501,75
2025-09-15 16:00:22.928;24502,0;1;ASK;24501,25;24501,75
2025-09-15 16:00:22.960;24501,5;1;ASK;24501,25;24501,75
2025-09-15 16:00:23.140;24501,75;1;BID;24502,75;24503,25
2025-09-15 16:00:23.140;24501,75;1;BID;24502,75;24503,25
2025-09-15 16:00:23.296;24502,0;1;BID;24502,75;24503,25
2025-09-15 16:00:23.296;24502,0;1;BID;24502,75;24503,25
2025-09-15 16:00:23.296;24502,0;1;BID;24502,75;24503,25
2025-09-15 16:00:23.300;24502,25;1;BID;24502,75;24503,25
2025-09-15 16:00:23.300;24502,25;1;BID;24502,75;24503,25
2025-09-15 16:00:23.312;24502,25;1;BID;24502,75;24503,25
2025-09-15 16:00:23.332;24502,0;1;BID;24502,75;24503,25
2025-09-15 16:00:23.496;24502,0;1;BID;24502,75;24503,25
2025-09-15 16:00:23.536;24502,0;1;BID;24502,75;24503,25
2025-09-15 16:00:23.628;24501,5;1;BID;24502,75;24503,25
2025-09-15 16:00:23.628;24501,5;1;BID;24502,75;24503,25
2025-09-15 16:00:23.772;24502,5;1;BID;24502,75;24503,25
2025-09-15 16:00:23.864;24502,75;1;BID;24502,75;24503,25
2025-09-15 16:00:23.884;24502,75;1;BID;24502,75;24503,25
2025-09-15 16:00:23.892;24503,0;1;ASK;24502,75;24503,25
2025-09-15 16:00:23.892;24503,0;1;ASK;24502,75;24503,25
2025-09-15 16:00:23.940;24503,25;1;ASK;24502,75;24503,25
2025-09-15 16:00:23.948;24503,0;1;ASK;24502,75;24503,25
2025-09-15 16:00:24.060;24503,25;1;ASK;24502,25;24502,75
2025-09-15 16:00:24.064;24503,25;1;ASK;24502,25;24502,75
2025-09-15 16:00:24.084;24503,75;2;ASK;24502,25;24502,75
2025-09-15 16:00:24.084;24503,75;1;ASK;24502,25;24502,75
2025-09-15 16:00:24.092;24503,75;1;ASK;24502,25;24502,75
2025-09-15 16:00:24.136;24503,5;1;ASK;24502,25;24502,75
2025-09-15 16:00:24.136;24503,5;1;ASK;24502,25;24502,75
2025-09-15 16:00:24.140;24503,5;1;ASK;24502,25;24502,75
2025-09-15 16:00:24.480;24503,25;1;ASK;24502,25;24502,75
2025-09-15 16:00:24.480;24503,25;1;ASK;24502,25;24502,75
2025-09-15 16:00:24.480;24503,25;1;ASK;24502,25;24502,75
2025-09-15 16:00:24.568;24503,25;1;ASK;24502,25;24502,75
2025-09-15 16:00:24.576;24503,5;1;ASK;24502,25;24502,75
2025-09-15 16:00:24.576;24503,5;1;ASK;24502,25;24502,75
2025-09-15 16:00:24.620;24503,5;1;ASK;24502,25;24502,75
2025-09-15 16:00:24.620;24503,25;1;ASK;24502,25;24502,75
2025-09-15 16:00:24.684;24503,5;1;ASK;24502,25;24502,75
2025-09-15 16:00:24.876;24503,25;1;ASK;24502,25;24502,75
2025-09-15 16:00:24.876;24503,25;1;ASK;24502,25;24502,75
2025-09-15 16:00:24.880;24503,0;1;ASK;24502,25;24502,75
2025-09-15 16:00:24.896;24502,75;1;ASK;24502,25;24502,75
2025-09-15 16:00:24.992;24502,5;1;ASK;24502,25;24502,75
2025-09-15 16:00:25.112;24502,25;1;BID;24502,5;24503,0
2025-09-15 16:00:25.112;24502,25;2;BID;24502,5;24503,0
2025-09-15 16:00:25.112;24502,25;1;BID;24502,5;24503,0
2025-09-15 16:00:25.112;24502,25;1;BID;24502,5;24503,0
2025-09-15 16:00:25.112;24502,25;1;BID;24502,5;24503,0
2025-09-15 16:00:25.112;24502,25;1;BID;24502,5;24503,0
2025-09-15 16:00:25.112;24502,25;1;BID;24502,5;24503,0
2025-09-15 16:00:25.164;24502,25;1;BID;24502,5;24503,0
2025-09-15 16:00:25.256;24501,75;1;BID;24502,5;24503,0
2025-09-15 16:00:25.308;24501,75;1;BID;24502,5;24503,0
2025-09-15 16:00:25.308;24501,75;1;BID;24502,5;24503,0
2025-09-15 16:00:25.332;24501,5;1;BID;24502,5;24503,0
2025-09-15 16:00:25.536;24502,25;1;BID;24502,5;24503,0
2025-09-15 16:00:25.536;24502,25;1;BID;24502,5;24503,0
2025-09-15 16:00:25.560;24502,0;1;BID;24502,5;24503,0
2025-09-15 16:00:25.748;24502,75;1;ASK;24502,5;24503,0
2025-09-15 16:00:25.876;24503,0;1;ASK;24502,5;24503,0
2025-09-15 16:00:25.876;24503,0;1;ASK;24502,5;24503,0
2025-09-15 16:00:26.036;24502,5;1;BID;24502,25;24503,0
2025-09-15 16:00:26.036;24502,5;1;BID;24502,25;24503,0
2025-09-15 16:00:26.036;24502,5;1;BID;24502,25;24503,0
2025-09-15 16:00:26.036;24502,5;1;BID;24502,25;24503,0
2025-09-15 16:00:26.036;24502,25;1;BID;24502,25;24503,0
2025-09-15 16:00:26.208;24502,75;1;ASK;24502,25;24503,0
2025-09-15 16:00:26.516;24502,5;1;BID;24502,25;24503,0
2025-09-15 16:00:26.556;24502,5;1;BID;24502,25;24503,0
2025-09-15 16:00:26.756;24502,25;1;BID;24502,25;24503,0
2025-09-15 16:00:26.756;24502,25;1;BID;24502,25;24503,0
2025-09-15 16:00:26.760;24502,25;1;BID;24502,25;24503,0
2025-09-15 16:00:26.784;24502,25;1;BID;24502,25;24503,0
2025-09-15 16:00:26.924;24502,5;1;BID;24502,25;24503,0
2025-09-15 16:00:27.312;24502,25;1;BID;24503,0;24503,5
2025-09-15 16:00:27.508;24502,25;1;BID;24503,0;24503,5
2025-09-15 16:00:27.824;24503,25;1;ASK;24503,0;24503,5
2025-09-15 16:00:27.840;24503,5;1;ASK;24503,0;24503,5
2025-09-15 16:00:27.840;24503,5;1;ASK;24503,0;24503,5
2025-09-15 16:00:28.120;24503,5;1;ASK;24502,0;24502,5
2025-09-15 16:00:28.144;24503,25;1;ASK;24502,0;24502,5
2025-09-15 16:00:28.192;24503,0;1;ASK;24502,0;24502,5
2025-09-15 16:00:28.220;24503,5;1;ASK;24502,0;24502,5
2025-09-15 16:00:28.276;24503,0;1;ASK;24502,0;24502,5
2025-09-15 16:00:28.276;24503,0;1;ASK;24502,0;24502,5
2025-09-15 16:00:28.276;24503,0;1;ASK;24502,0;24502,5
2025-09-15 16:00:28.516;24503,25;1;ASK;24502,0;24502,5
2025-09-15 16:00:28.680;24503,25;1;ASK;24502,0;24502,5
2025-09-15 16:00:28.680;24503,25;1;ASK;24502,0;24502,5
2025-09-15 16:00:28.680;24503,25;1;ASK;24502,0;24502,5
2025-09-15 16:00:28.680;24503,25;1;ASK;24502,0;24502,5
2025-09-15 16:00:28.860;24503,0;1;ASK;24502,0;24502,5
2025-09-15 16:00:28.928;24502,25;1;ASK;24502,0;24502,5
2025-09-15 16:00:28.988;24502,25;1;ASK;24502,0;24502,5
2025-09-15 16:00:28.988;24502,25;1;ASK;24502,0;24502,5
2025-09-15 16:00:28.988;24502,25;1;ASK;24502,0;24502,5
2025-09-15 16:00:29.164;24502,0;1;BID;24502,5;24503,0
2025-09-15 16:00:29.168;24502,0;1;BID;24502,5;24503,0
2025-09-15 16:00:29.168;24502,0;1;BID;24502,5;24503,0
2025-09-15 16:00:29.168;24502,0;1;BID;24502,5;24503,0
2025-09-15 16:00:29.568;24503,25;1;ASK;24502,5;24503,0
2025-09-15 16:00:29.600;24503,0;1;ASK;24502,5;24503,0
2025-09-15 16:00:29.600;24503,0;1;ASK;24502,5;24503,0
2025-09-15 16:00:29.608;24503,25;1;ASK;24502,5;24503,0
2025-09-15 16:00:29.696;24502,75;1;ASK;24502,5;24503,0
2025-09-15 16:00:29.696;24502,75;1;ASK;24502,5;24503,0
2025-09-15 16:00:30.108;24504,0;1;ASK;24503,0;24503,5
2025-09-15 16:00:30.108;24504,0;1;ASK;24503,0;24503,5
2025-09-15 16:00:30.108;24504,25;1;ASK;24503,0;24503,5
2025-09-15 16:00:30.108;24504,25;1;ASK;24503,0;24503,5
2025-09-15 16:00:30.108;24504,25;1;ASK;24503,0;24503,5
2025-09-15 16:00:30.144;24503,75;1;ASK;24503,0;24503,5
2025-09-15 16:00:30.176;24503,75;1;ASK;24503,0;24503,5
2025-09-15 16:00:30.176;24504,0;1;ASK;24503,0;24503,5
2025-09-15 16:00:30.448;24503,75;1;ASK;24503,0;24503,5
2025-09-15 16:00:30.448;24504,0;1;ASK;24503,0;24503,5
2025-09-15 16:00:30.468;24504,5;1;ASK;24503,0;24503,5
2025-09-15 16:00:30.652;24504,25;1;ASK;24503,0;24503,5
2025-09-15 16:00:30.652;24504,25;1;ASK;24503,0;24503,5
2025-09-15 16:00:30.656;24504,5;1;ASK;24503,0;24503,5
2025-09-15 16:00:30.696;24504,25;1;ASK;24503,0;24503,5
2025-09-15 16:00:30.948;24503,5;1;ASK;24503,0;24503,5
2025-09-15 16:00:30.948;24503,5;1;ASK;24503,0;24503,5
2025-09-15 16:00:30.948;24503,5;1;ASK;24503,0;24503,5
2025-09-15 16:00:30.992;24503,25;1;ASK;24503,0;24503,5
2025-09-15 16:00:31.172;24503,75;1;BID;24504,0;24504,5
2025-09-15 16:00:31.280;24504,0;1;BID;24504,0;24504,5
2025-09-15 16:00:31.328;24504,0;1;BID;24504,0;24504,5
2025-09-15 16:00:31.580;24504,75;1;ASK;24504,0;24504,5
2025-09-15 16:00:31.668;24504,75;1;ASK;24504,0;24504,5
2025-09-15 16:00:31.724;24504,75;1;ASK;24504,0;24504,5
2025-09-15 16:00:31.732;24504,25;1;ASK;24504,0;24504,5
2025-09-15 16:00:31.960;24504,25;1;ASK;24504,0;24504,5
2025-09-15 16:00:31.968;24504,25;1;ASK;24504,0;24504,5
2025-09-15 16:00:31.980;24504,25;1;ASK;24504,0;24504,5
2025-09-15 16:00:32.096;24504,0;1;BID;24504,25;24504,75
2025-09-15 16:00:32.100;24504,0;2;BID;24504,25;24504,75
2025-09-15 16:00:32.100;24504,0;1;BID;24504,25;24504,75
2025-09-15 16:00:32.120;24504,0;1;BID;24504,25;24504,75
2025-09-15 16:00:32.240;24504,25;1;BID;24504,25;24504,75
2025-09-15 16:00:32.276;24504,5;1;ASK;24504,25;24504,75
2025-09-15 16:00:32.340;24504,5;1;ASK;24504,25;24504,75
2025-09-15 16:00:32.364;24505,0;1;ASK;24504,25;24504,75
2025-09-15 16:00:32.364;24505,0;1;ASK;24504,25;24504,75
2025-09-15 16:00:32.396;24505,0;2;ASK;24504,25;24504,75
2025-09-15 16:00:32.568;24504,75;1;ASK;24504,25;24504,75
2025-09-15 16:00:32.892;24504,25;1;BID;24504,25;24504,75
2025-09-15 16:00:32.940;24504,75;1;ASK;24504,25;24504,75
2025-09-15 16:00:32.940;24504,75;1;ASK;24504,25;24504,75
2025-09-15 16:00:32.992;24504,25;1;BID;24504,25;24504,75
2025-09-15 16:00:32.992;24504,25;1;BID;24504,25;24504,75
2025-09-15 16:00:32.992;24504,25;1;BID;24504,25;24504,75
2025-09-15 16:00:32.992;24504,25;1;BID;24504,25;24504,75
2025-09-15 16:00:33.228;24504,25;1;BID;24504,75;24505,25
2025-09-15 16:00:33.448;24504,25;1;BID;24504,75;24505,25
2025-09-15 16:00:33.452;24504,0;1;BID;24504,75;24505,25
2025-09-15 16:00:33.644;24505,25;1;ASK;24504,75;24505,25
2025-09-15 16:00:33.644;24505,25;2;ASK;24504,75;24505,25
2025-09-15 16:00:33.644;24505,25;3;ASK;24504,75;24505,25
2025-09-15 16:00:33.644;24505,25;2;ASK;24504,75;24505,25
2025-09-15 16:00:33.652;24505,25;2;ASK;24504,75;24505,25
2025-09-15 16:00:33.652;24505,25;1;ASK;24504,75;24505,25
2025-09-15 16:00:33.652;24505,25;1;ASK;24504,75;24505,25
2025-09-15 16:00:33.652;24505,25;1;ASK;24504,75;24505,25
2025-09-15 16:00:33.652;24505,25;1;ASK;24504,75;24505,25
2025-09-15 16:00:33.652;24505,25;1;ASK;24504,75;24505,25
2025-09-15 16:00:33.652;24505,25;1;ASK;24504,75;24505,25
2025-09-15 16:00:33.652;24505,0;1;ASK;24504,75;24505,25
2025-09-15 16:00:33.652;24505,0;1;ASK;24504,75;24505,25
2025-09-15 16:00:33.652;24505,0;1;ASK;24504,75;24505,25
2025-09-15 16:00:33.716;24505,25;1;ASK;24504,75;24505,25
2025-09-15 16:00:33.716;24505,25;3;ASK;24504,75;24505,25
2025-09-15 16:00:33.716;24505,25;1;ASK;24504,75;24505,25
2025-09-15 16:00:33.716;24505,25;1;ASK;24504,75;24505,25
2025-09-15 16:00:33.716;24505,25;2;ASK;24504,75;24505,25
2025-09-15 16:00:33.764;24505,0;1;ASK;24504,75;24505,25
2025-09-15 16:00:33.764;24505,0;1;ASK;24504,75;24505,25
2025-09-15 16:00:33.764;24505,0;1;ASK;24504,75;24505,25
2025-09-15 16:00:33.764;24505,0;1;ASK;24504,75;24505,25
2025-09-15 16:00:33.776;24505,0;1;ASK;24504,75;24505,25
2025-09-15 16:00:33.784;24504,75;1;BID;24504,75;24505,25
2025-09-15 16:00:33.924;24505,25;1;ASK;24504,75;24505,25
2025-09-15 16:00:33.924;24505,25;1;ASK;24504,75;24505,25
2025-09-15 16:00:33.924;24505,25;5;ASK;24504,75;24505,25
2025-09-15 16:00:33.924;24505,25;5;ASK;24504,75;24505,25
2025-09-15 16:00:33.924;24505,25;1;ASK;24504,75;24505,25
2025-09-15 16:00:33.928;24505,25;2;ASK;24504,75;24505,25
2025-09-15 16:00:33.928;24505,25;2;ASK;24504,75;24505,25
2025-09-15 16:00:33.928;24505,25;1;ASK;24504,75;24505,25
2025-09-15 16:00:33.928;24505,25;2;ASK;24504,75;24505,25
2025-09-15 16:00:33.928;24505,25;6;ASK;24504,75;24505,25
2025-09-15 16:00:33.928;24505,5;1;ASK;24504,75;24505,25
2025-09-15 16:00:33.928;24505,5;2;ASK;24504,75;24505,25
2025-09-15 16:00:33.936;24505,25;1;ASK;24504,75;24505,25
2025-09-15 16:00:33.936;24505,25;1;ASK;24504,75;24505,25
2025-09-15 16:00:33.936;24505,25;1;ASK;24504,75;24505,25
2025-09-15 16:00:34.292;24505,0;1;ASK;24504,75;24505,25
2025-09-15 16:00:34.296;24504,75;1;BID;24504,75;24505,25
2025-09-15 16:00:34.352;24504,25;1;BID;24504,75;24505,25
2025-09-15 16:00:34.380;24504,75;1;BID;24504,75;24505,25
2025-09-15 16:00:34.768;24504,75;1;BID;24504,75;24505,25
2025-09-15 16:00:34.840;24504,75;1;BID;24504,75;24505,25
2025-09-15 16:00:35.024;24505,0;1;ASK;24504,0;24504,5
2025-09-15 16:00:35.152;24505,5;1;ASK;24504,0;24504,5
2025-09-15 16:00:35.200;24505,5;1;ASK;24504,0;24504,5
2025-09-15 16:00:35.200;24505,5;1;ASK;24504,0;24504,5
2025-09-15 16:00:35.580;24505,0;1;ASK;24504,0;24504,5
2025-09-15 16:00:35.580;24505,0;1;ASK;24504,0;24504,5
2025-09-15 16:00:35.580;24505,0;1;ASK;24504,0;24504,5
2025-09-15 16:00:35.580;24504,75;1;ASK;24504,0;24504,5
2025-09-15 16:00:35.580;24504,75;1;ASK;24504,0;24504,5
2025-09-15 16:00:35.916;24504,75;1;ASK;24504,0;24504,5
2025-09-15 16:00:35.916;24504,75;1;ASK;24504,0;24504,5
2025-09-15 16:00:35.920;24504,5;1;ASK;24504,0;24504,5
2025-09-15 16:00:35.936;24504,25;1;ASK;24504,0;24504,5
2025-09-15 16:00:35.964;24504,25;1;ASK;24504,0;24504,5
2025-09-15 16:00:35.972;24504,25;1;ASK;24504,0;24504,5
2025-09-15 16:00:36.832;24504,75;1;ASK;24504,5;24505,0
2025-09-15 16:00:36.832;24504,75;2;ASK;24504,5;24505,0
2025-09-15 16:00:37.396;24505,0;1;ASK;24504,75;24505,25
2025-09-15 16:00:37.464;24505,25;1;ASK;24504,75;24505,25
2025-09-15 16:00:37.784;24505,25;1;ASK;24504,75;24505,25
2025-09-15 16:00:38.180;24504,75;1;ASK;24504,5;24505,0
2025-09-15 16:00:38.180;24504,75;1;ASK;24504,5;24505,0
2025-09-15 16:00:38.296;24504,5;1;BID;24504,5;24505,0
2025-09-15 16:00:38.296;24504,5;1;BID;24504,5;24505,0
2025-09-15 16:00:38.300;24504,5;1;BID;24504,5;24505,0
2025-09-15 16:00:38.752;24504,25;1;BID;24504,5;24505,0
2025-09-15 16:00:38.752;24504,25;1;BID;24504,5;24505,0
2025-09-15 16:00:38.768;24504,5;1;BID;24504,5;24505,0
2025-09-15 16:00:39.016;24505,0;1;ASK;24504,75;24505,25
2025-09-15 16:00:39.940;24505,0;1;ASK;24504,75;24505,25
2025-09-15 16:00:39.952;24505,25;1;ASK;24504,75;24505,25
2025-09-15 16:00:39.992;24505,0;1;ASK;24504,75;24505,25
2025-09-15 16:00:39.992;24505,0;1;ASK;24504,75;24505,25
2025-09-15 16:00:40.028;24504,75;1;BID;24505,0;24505,5
2025-09-15 16:00:40.248;24505,0;1;BID;24505,0;24505,5
2025-09-15 16:00:40.452;24505,25;1;ASK;24505,0;24505,5
2025-09-15 16:00:40.468;24505,5;1;ASK;24505,0;24505,5
2025-09-15 16:00:40.480;24505,75;1;ASK;24505,0;24505,5
2025-09-15 16:00:40.480;24505,75;1;ASK;24505,0;24505,5
2025-09-15 16:00:40.528;24505,5;1;ASK;24505,0;24505,5
2025-09-15 16:00:40.860;24505,25;1;ASK;24505,0;24505,5
2025-09-15 16:00:41.200;24505,0;1;BID;24505,25;24505,75
2025-09-15 16:00:41.200;24505,0;1;BID;24505,25;24505,75
2025-09-15 16:00:41.200;24505,0;1;BID;24505,25;24505,75
2025-09-15 16:00:41.448;24505,75;1;ASK;24505,25;24505,75
2025-09-15 16:00:41.592;24506,0;1;ASK;24505,25;24505,75
2025-09-15 16:00:41.592;24506,0;1;ASK;24505,25;24505,75
2025-09-15 16:00:41.592;24506,0;1;ASK;24505,25;24505,75
2025-09-15 16:00:41.720;24505,5;1;ASK;24505,25;24505,75
2025-09-15 16:00:42.032;24505,25;1;ASK;24504,75;24505,25
2025-09-15 16:00:42.180;24505,25;1;ASK;24504,75;24505,25
2025-09-15 16:00:42.180;24505,25;1;ASK;24504,75;24505,25
2025-09-15 16:00:42.180;24505,25;1;ASK;24504,75;24505,25
2025-09-15 16:00:42.376;24505,25;1;ASK;24504,75;24505,25
2025-09-15 16:00:42.580;24505,0;1;ASK;24504,75;24505,25
2025-09-15 16:00:42.668;24504,75;1;BID;24504,75;24505,25
2025-09-15 16:00:42.668;24504,75;1;BID;24504,75;24505,25
2025-09-15 16:00:42.668;24504,75;1;BID;24504,75;24505,25
2025-09-15 16:00:42.672;24504,75;1;BID;24504,75;24505,25
2025-09-15 16:00:42.672;24505,0;1;ASK;24504,75;24505,25
2025-09-15 16:00:42.760;24505,25;1;ASK;24504,75;24505,25
2025-09-15 16:00:42.784;24505,25;1;ASK;24504,75;24505,25
2025-09-15 16:00:42.784;24505,25;1;ASK;24504,75;24505,25
2025-09-15 16:00:43.024;24504,5;1;ASK;24503,75;24504,5
2025-09-15 16:00:43.024;24504,5;1;ASK;24503,75;24504,5
2025-09-15 16:00:43.152;24504,5;1;ASK;24503,75;24504,5
2025-09-15 16:00:43.228;24504,25;1;ASK;24503,75;24504,5
2025-09-15 16:00:43.364;24504,0;1;BID;24503,75;24504,5
2025-09-15 16:00:43.364;24504,0;1;BID;24503,75;24504,5
2025-09-15 16:00:43.368;24504,0;1;BID;24503,75;24504,5
2025-09-15 16:00:43.368;24504,0;1;BID;24503,75;24504,5
2025-09-15 16:00:43.400;24503,75;1;BID;24503,75;24504,5
2025-09-15 16:00:43.632;24503,5;1;BID;24503,75;24504,5
2025-09-15 16:00:43.636;24503,25;1;BID;24503,75;24504,5
2025-09-15 16:00:43.644;24503,0;1;BID;24503,75;24504,5
2025-09-15 16:00:43.644;24502,75;1;BID;24503,75;24504,5
2025-09-15 16:00:43.648;24502,75;1;BID;24503,75;24504,5
2025-09-15 16:00:43.648;24503,0;1;BID;24503,75;24504,5
2025-09-15 16:00:43.692;24503,5;1;BID;24503,75;24504,5
2025-09-15 16:00:43.744;24503,75;1;BID;24503,75;24504,5
2025-09-15 16:00:43.744;24503,75;1;BID;24503,75;24504,5
2025-09-15 16:00:44.200;24503,75;1;ASK;24502,25;24502,75
2025-09-15 16:00:44.200;24503,75;1;ASK;24502,25;24502,75
2025-09-15 16:00:44.384;24503,75;1;ASK;24502,25;24502,75
2025-09-15 16:00:44.384;24503,75;1;ASK;24502,25;24502,75
2025-09-15 16:00:44.452;24503,5;1;ASK;24502,25;24502,75
2025-09-15 16:00:44.824;24503,0;1;ASK;24502,25;24502,75
2025-09-15 16:00:44.964;24502,5;1;ASK;24502,25;24502,75
2025-09-15 16:00:45.344;24502,5;1;ASK;24502,25;24502,75
2025-09-15 16:00:45.344;24502,5;1;ASK;24502,25;24502,75
2025-09-15 16:00:45.348;24502,25;1;BID;24502,25;24502,75
2025-09-15 16:00:45.352;24501,75;1;BID;24502,25;24502,75
2025-09-15 16:00:45.352;24501,5;1;BID;24502,25;24502,75
2025-09-15 16:00:45.360;24501,75;1;BID;24502,25;24502,75
2025-09-15 16:00:45.380;24501,75;1;BID;24502,25;24502,75
2025-09-15 16:00:45.520;24501,5;1;BID;24502,25;24502,75
2025-09-15 16:00:45.520;24501,5;1;BID;24502,25;24502,75
2025-09-15 16:00:45.720;24501,75;1;BID;24502,25;24502,75
2025-09-15 16:00:45.720;24501,75;1;BID;24502,25;24502,75
2025-09-15 16:00:45.720;24501,75;1;BID;24502,25;24502,75
2025-09-15 16:00:45.720;24502,0;1;BID;24502,25;24502,75
2025-09-15 16:00:45.968;24502,5;1;ASK;24502,25;24502,75
2025-09-15 16:00:45.968;24502,5;1;ASK;24502,25;24502,75
2025-09-15 16:00:45.968;24502,5;1;ASK;24502,25;24502,75
2025-09-15 16:00:46.036;24502,25;1;ASK;24501,25;24501,75
2025-09-15 16:00:46.060;24502,0;1;ASK;24501,25;24501,75
2025-09-15 16:00:46.060;24502,0;1;ASK;24501,25;24501,75
2025-09-15 16:00:46.060;24502,0;1;ASK;24501,25;24501,75
2025-09-15 16:00:46.100;24501,75;1;ASK;24501,25;24501,75
2025-09-15 16:00:46.228;24501,75;1;ASK;24501,25;24501,75
2025-09-15 16:00:46.624;24502,0;1;ASK;24501,25;24501,75
2025-09-15 16:00:46.624;24502,0;1;ASK;24501,25;24501,75
2025-09-15 16:00:46.720;24501,75;1;ASK;24501,25;24501,75
2025-09-15 16:00:47.040;24502,0;1;BID;24502,25;24502,75
2025-09-15 16:00:47.044;24502,25;1;BID;24502,25;24502,75
2025-09-15 16:00:47.156;24502,25;1;BID;24502,25;24502,75
2025-09-15 16:00:47.156;24502,5;1;ASK;24502,25;24502,75
2025-09-15 16:00:47.156;24502,5;1;ASK;24502,25;24502,75
2025-09-15 16:00:47.156;24502,5;1;ASK;24502,25;24502,75
2025-09-15 16:00:47.156;24502,5;1;ASK;24502,25;24502,75
2025-09-15 16:00:47.176;24502,25;1;BID;24502,25;24502,75
2025-09-15 16:00:47.372;24501,75;1;BID;24502,25;24502,75
2025-09-15 16:00:47.556;24501,5;1;BID;24502,25;24502,75
2025-09-15 16:00:47.608;24502,25;1;BID;24502,25;24502,75
2025-09-15 16:00:47.660;24502,0;1;BID;24502,25;24502,75
2025-09-15 16:00:48.044;24502,25;1;ASK;24502,0;24502,5
2025-09-15 16:00:48.044;24502,25;1;ASK;24502,0;24502,5
2025-09-15 16:00:48.044;24502,0;1;BID;24502,0;24502,5
2025-09-15 16:00:48.516;24502,25;1;ASK;24502,0;24502,5
2025-09-15 16:00:48.516;24502,25;1;ASK;24502,0;24502,5
2025-09-15 16:00:48.516;24502,25;1;ASK;24502,0;24502,5
2025-09-15 16:00:48.520;24501,75;1;BID;24502,0;24502,5
2025-09-15 16:00:49.392;24502,5;1;ASK;24501,75;24502,25
2025-09-15 16:00:49.392;24502,5;1;ASK;24501,75;24502,25
2025-09-15 16:00:49.392;24502,75;1;ASK;24501,75;24502,25
2025-09-15 16:00:49.396;24502,5;1;ASK;24501,75;24502,25
2025-09-15 16:00:49.464;24502,0;1;ASK;24501,75;24502,25
2025-09-15 16:00:49.464;24502,0;1;ASK;24501,75;24502,25
2025-09-15 16:00:49.860;24501,75;1;BID;24501,75;24502,25
2025-09-15 16:00:50.024;24501,25;1;ASK;24499,75;24500,5
2025-09-15 16:00:50.140;24500,75;1;ASK;24499,75;24500,5
2025-09-15 16:00:50.232;24500,75;1;ASK;24499,75;24500,5
2025-09-15 16:00:50.240;24500,5;1;ASK;24499,75;24500,5
2025-09-15 16:00:50.452;24500,5;1;ASK;24499,75;24500,5
2025-09-15 16:00:50.456;24500,25;1;ASK;24499,75;24500,5
2025-09-15 16:00:50.456;24500,0;1;BID;24499,75;24500,5
2025-09-15 16:00:50.456;24500,25;1;ASK;24499,75;24500,5
2025-09-15 16:00:50.456;24500,0;1;BID;24499,75;24500,5
2025-09-15 16:00:50.456;24500,0;1;BID;24499,75;24500,5
2025-09-15 16:00:50.456;24500,0;1;BID;24499,75;24500,5
2025-09-15 16:00:50.456;24500,0;1;BID;24499,75;24500,5
2025-09-15 16:00:50.456;24500,0;1;BID;24499,75;24500,5
2025-09-15 16:00:50.456;24500,0;2;BID;24499,75;24500,5
2025-09-15 16:00:50.456;24500,0;1;BID;24499,75;24500,5
2025-09-15 16:00:50.460;24499,5;1;BID;24499,75;24500,5
2025-09-15 16:00:50.464;24499,75;1;BID;24499,75;24500,5
2025-09-15 16:00:50.676;24499,75;1;BID;24499,75;24500,5
2025-09-15 16:00:51.000;24500,0;1;BID;24499,75;24500,5
2025-09-15 16:00:51.156;24500,25;1;ASK;24499,75;24500,25
2025-09-15 16:00:51.276;24500,0;1;ASK;24499,75;24500,25
2025-09-15 16:00:51.292;24500,25;1;ASK;24499,75;24500,25
2025-09-15 16:00:51.336;24500,25;1;ASK;24499,75;24500,25
2025-09-15 16:00:51.456;24500,5;1;ASK;24499,75;24500,25
2025-09-15 16:00:51.456;24500,5;1;ASK;24499,75;24500,25
2025-09-15 16:00:51.456;24500,5;1;ASK;24499,75;24500,25
2025-09-15 16:00:51.456;24500,25;1;ASK;24499,75;24500,25
2025-09-15 16:00:51.480;24500,5;1;ASK;24499,75;24500,25
2025-09-15 16:00:51.480;24500,25;1;ASK;24499,75;24500,25
2025-09-15 16:00:51.540;24500,5;1;ASK;24499,75;24500,25
2025-09-15 16:00:51.544;24500,25;1;ASK;24499,75;24500,25
2025-09-15 16:00:51.680;24500,0;1;ASK;24499,75;24500,25
2025-09-15 16:00:51.892;24499,25;1;BID;24499,75;24500,25
2025-09-15 16:00:51.892;24499,25;1;BID;24499,75;24500,25
2025-09-15 16:00:51.892;24499,25;1;BID;24499,75;24500,25
2025-09-15 16:00:51.892;24499,25;1;BID;24499,75;24500,25
2025-09-15 16:00:51.896;24499,25;1;BID;24499,75;24500,25
2025-09-15 16:00:51.896;24499,75;1;BID;24499,75;24500,25
2025-09-15 16:00:52.032;24500,25;1;BID;24500,75;24501,5
2025-09-15 16:00:52.664;24501,25;1;ASK;24500,75;24501,5
2025-09-15 16:00:52.668;24501,25;1;ASK;24500,75;24501,5
2025-09-15 16:00:52.692;24501,5;1;ASK;24500,75;24501,5
2025-09-15 16:00:52.812;24501,25;1;ASK;24500,75;24501,5
2025-09-15 16:00:52.812;24501,25;1;ASK;24500,75;24501,5
2025-09-15 16:00:52.812;24501,0;1;BID;24500,75;24501,5
2025-09-15 16:00:53.452;24501,5;1;BID;24502,0;24502,5
2025-09-15 16:00:53.452;24501,5;1;BID;24502,0;24502,5
2025-09-15 16:00:53.452;24501,5;1;BID;24502,0;24502,5
2025-09-15 16:00:53.456;24501,75;3;BID;24502,0;24502,5
2025-09-15 16:00:53.456;24501,75;2;BID;24502,0;24502,5
2025-09-15 16:00:53.456;24501,75;2;BID;24502,0;24502,5
2025-09-15 16:00:53.456;24501,75;1;BID;24502,0;24502,5
2025-09-15 16:00:53.456;24501,75;1;BID;24502,0;24502,5
2025-09-15 16:00:53.456;24501,75;1;BID;24502,0;24502,5
2025-09-15 16:00:53.560;24502,0;1;BID;24502,0;24502,5
2025-09-15 16:00:53.560;24502,0;1;BID;24502,0;24502,5
2025-09-15 16:00:53.560;24502,0;1;BID;24502,0;24502,5
2025-09-15 16:00:53.652;24502,25;1;ASK;24502,0;24502,5
2025-09-15 16:00:53.652;24502,25;1;ASK;24502,0;24502,5
2025-09-15 16:00:53.652;24502,25;1;ASK;24502,0;24502,5
2025-09-15 16:00:53.692;24502,5;1;ASK;24502,0;24502,5
2025-09-15 16:00:53.692;24502,5;1;ASK;24502,0;24502,5
2025-09-15 16:00:53.692;24502,5;1;ASK;24502,0;24502,5
2025-09-15 16:00:53.844;24502,5;1;ASK;24502,0;24502,5
2025-09-15 16:00:54.068;24502,25;1;BID;24502,5;24503,0
2025-09-15 16:00:54.152;24502,75;1;ASK;24502,5;24503,0
2025-09-15 16:00:54.244;24503,0;1;ASK;24502,5;24503,0
2025-09-15 16:00:54.296;24503,25;1;ASK;24502,5;24503,0
2025-09-15 16:00:54.556;24503,25;1;ASK;24502,5;24503,0
2025-09-15 16:00:54.560;24503,0;1;ASK;24502,5;24503,0
2025-09-15 16:00:54.560;24503,0;1;ASK;24502,5;24503,0
2025-09-15 16:00:54.560;24503,0;1;ASK;24502,5;24503,0
2025-09-15 16:00:54.560;24503,0;1;ASK;24502,5;24503,0
2025-09-15 16:00:54.884;24503,0;1;ASK;24502,5;24503,0
2025-09-15 16:00:55.216;24502,75;1;ASK;24502,5;24503,0
2025-09-15 16:00:55.296;24502,5;1;BID;24502,5;24503,0
2025-09-15 16:00:55.452;24502,25;1;BID;24502,5;24503,0
2025-09-15 16:00:55.520;24502,5;1;BID;24502,5;24503,0
2025-09-15 16:00:55.520;24502,5;1;BID;24502,5;24503,0
2025-09-15 16:00:55.544;24502,25;1;BID;24502,5;24503,0
2025-09-15 16:00:55.656;24502,0;1;BID;24502,5;24503,0
2025-09-15 16:00:55.836;24502,5;1;BID;24502,5;24503,0
2025-09-15 16:00:56.020;24502,5;1;ASK;24501,25;24501,75
2025-09-15 16:00:56.020;24502,5;1;ASK;24501,25;24501,75
2025-09-15 16:00:56.160;24502,0;1;ASK;24501,25;24501,75
2025-09-15 16:00:56.460;24502,5;1;ASK;24501,25;24501,75
2025-09-15 16:00:56.464;24502,5;1;ASK;24501,25;24501,75
2025-09-15 16:00:56.464;24502,5;1;ASK;24501,25;24501,75
2025-09-15 16:00:56.464;24502,5;1;ASK;24501,25;24501,75
2025-09-15 16:00:56.648;24503,0;1;ASK;24501,25;24501,75
2025-09-15 16:00:56.860;24502,25;1;ASK;24501,25;24501,75
2025-09-15 16:00:56.860;24502,25;1;ASK;24501,25;24501,75
2025-09-15 16:00:56.864;24502,0;1;ASK;24501,25;24501,75
2025-09-15 16:00:56.884;24501,5;1;ASK;24501,25;24501,75
2025-09-15 16:00:56.884;24501,75;1;ASK;24501,25;24501,75
2025-09-15 16:00:57.352;24501,25;1;BID;24501,25;24501,75
2025-09-15 16:00:57.688;24501,25;1;BID;24501,25;24501,75
2025-09-15 16:00:58.572;24501,25;1;ASK;24500,5;24501,0
2025-09-15 16:00:58.572;24501,25;1;ASK;24500,5;24501,0
2025-09-15 16:00:58.576;24501,25;1;ASK;24500,5;24501,0
2025-09-15 16:00:58.576;24501,0;1;ASK;24500,5;24501,0
2025-09-15 16:00:58.576;24501,0;1;ASK;24500,5;24501,0
2025-09-15 16:00:58.944;24500,5;1;BID;24500,5;24501,0
2025-09-15 16:00:58.944;24500,5;1;BID;24500,5;24501,0
2025-09-15 16:00:58.952;24500,5;1;BID;24500,5;24501,0
2025-09-15 16:00:58.956;24500,75;1;ASK;24500,5;24501,0
2025-09-15 16:00:59.032;24501,0;1;ASK;24500,5;24501,0
2025-09-15 16:00:59.036;24501,25;1;ASK;24500,5;24501,0
2025-09-15 16:00:59.628;24500,5;1;BID;24500,5;24501,0
2025-09-15 16:00:59.892;24500,5;1;BID;24500,5;24501,0
2025-09-15 16:01:00.096;24501,25;1;ASK;24499,0;24499,5
2025-09-15 16:01:00.132;24501,25;1;ASK;24499,0;24499,5
2025-09-15 16:01:00.176;24501,25;1;ASK;24499,0;24499,5
2025-09-15 16:01:00.196;24501,5;1;ASK;24499,0;24499,5
2025-09-15 16:01:00.280;24501,0;1;ASK;24499,0;24499,5
2025-09-15 16:01:00.492;24500,5;1;ASK;24499,0;24499,5
2025-09-15 16:01:00.664;24500,5;1;ASK;24499,0;24499,5
2025-09-15 16:01:00.756;24500,5;1;ASK;24499,0;24499,5
2025-09-15 16:01:00.756;24500,0;1;ASK;24499,0;24499,5
2025-09-15 16:01:00.840;24499,75;1;ASK;24499,0;24499,5
2025-09-15 16:01:00.984;24499,0;1;BID;24499,0;24499,5
2025-09-15 16:01:01.084;24499,0;1;ASK;24498,75;24499,25
2025-09-15 16:01:01.084;24499,0;1;ASK;24498,75;24499,25
2025-09-15 16:01:01.096;24499,0;1;ASK;24498,75;24499,25
2025-09-15 16:01:01.104;24498,75;1;BID;24498,75;24499,25
2025-09-15 16:01:01.124;24499,0;1;ASK;24498,75;24499,25
2025-09-15 16:01:01.468;24499,5;1;ASK;24498,75;24499,25
2025-09-15 16:01:01.468;24499,5;1;ASK;24498,75;24499,25
2025-09-15 16:01:01.468;24499,5;1;ASK;24498,75;24499,25
2025-09-15 16:01:01.896;24499,5;1;ASK;24498,75;24499,25
2025-09-15 16:01:02.032;24498,5;1;ASK;24498,25;24498,75
2025-09-15 16:01:02.032;24498,5;1;ASK;24498,25;24498,75
2025-09-15 16:01:02.116;24498,75;1;ASK;24498,25;24498,75
2025-09-15 16:01:02.116;24498,75;1;ASK;24498,25;24498,75
2025-09-15 16:01:02.116;24498,75;1;ASK;24498,25;24498,75
2025-09-15 16:01:02.256;24498,75;1;ASK;24498,25;24498,75
2025-09-15 16:01:02.268;24498,75;1;ASK;24498,25;24498,75
2025-09-15 16:01:02.268;24499,0;1;ASK;24498,25;24498,75
2025-09-15 16:01:02.700;24498,25;1;BID;24498,25;24498,75
2025-09-15 16:01:02.812;24498,75;1;ASK;24498,25;24498,75
2025-09-15 16:01:02.812;24498,75;1;ASK;24498,25;24498,75
2025-09-15 16:01:02.812;24498,5;1;ASK;24498,25;24498,75
2025-09-15 16:01:02.812;24498,5;1;ASK;24498,25;24498,75
2025-09-15 16:01:02.812;24498,5;1;ASK;24498,25;24498,75
2025-09-15 16:01:02.864;24499,0;1;ASK;24498,25;24498,75
2025-09-15 16:01:02.892;24498,75;1;ASK;24498,25;24498,75
2025-09-15 16:01:02.892;24498,75;1;ASK;24498,25;24498,75
2025-09-15 16:01:02.892;24498,75;1;ASK;24498,25;24498,75
2025-09-15 16:01:03.272;24498,5;1;ASK;24498,0;24498,5
2025-09-15 16:01:03.272;24498,5;1;ASK;24498,0;24498,5
2025-09-15 16:01:03.312;24498,25;1;ASK;24498,0;24498,5
2025-09-15 16:01:03.340;24498,75;1;ASK;24498,0;24498,5
2025-09-15 16:01:03.368;24498,75;1;ASK;24498,0;24498,5
2025-09-15 16:01:03.368;24499,0;1;ASK;24498,0;24498,5
2025-09-15 16:01:03.368;24499,0;1;ASK;24498,0;24498,5
2025-09-15 16:01:03.376;24498,25;1;ASK;24498,0;24498,5
2025-09-15 16:01:03.376;24498,25;1;ASK;24498,0;24498,5
2025-09-15 16:01:03.376;24498,0;1;BID;24498,0;24498,5
2025-09-15 16:01:03.376;24498,0;1;BID;24498,0;24498,5
2025-09-15 16:01:03.376;24498,0;2;BID;24498,0;24498,5
2025-09-15 16:01:03.376;24498,0;1;BID;24498,0;24498,5
2025-09-15 16:01:03.376;24498,0;1;BID;24498,0;24498,5
2025-09-15 16:01:03.376;24498,0;1;BID;24498,0;24498,5
2025-09-15 16:01:03.376;24497,75;1;BID;24498,0;24498,5
2025-09-15 16:01:03.376;24497,75;1;BID;24498,0;24498,5
2025-09-15 16:01:03.376;24497,75;2;BID;24498,0;24498,5
2025-09-15 16:01:03.376;24497,5;1;BID;24498,0;24498,5
2025-09-15 16:01:03.376;24497,5;1;BID;24498,0;24498,5
2025-09-15 16:01:03.376;24497,5;1;BID;24498,0;24498,5
2025-09-15 16:01:03.376;24497,25;1;BID;24498,0;24498,5
2025-09-15 16:01:03.376;24497,25;1;BID;24498,0;24498,5
2025-09-15 16:01:03.376;24497,25;2;BID;24498,0;24498,5
2025-09-15 16:01:03.376;24497,25;1;BID;24498,0;24498,5
2025-09-15 16:01:03.376;24497,0;1;BID;24498,0;24498,5
2025-09-15 16:01:03.376;24497,0;1;BID;24498,0;24498,5
2025-09-15 16:01:03.380;24498,25;1;ASK;24498,0;24498,5
2025-09-15 16:01:03.384;24497,75;1;BID;24498,0;24498,5
2025-09-15 16:01:03.384;24498,25;1;ASK;24498,0;24498,5
2025-09-15 16:01:03.388;24498,25;1;ASK;24498,0;24498,5
2025-09-15 16:01:03.388;24498,25;1;ASK;24498,0;24498,5
2025-09-15 16:01:03.388;24498,25;1;ASK;24498,0;24498,5
2025-09-15 16:01:03.388;24498,25;1;ASK;24498,0;24498,5
2025-09-15 16:01:03.500;24498,0;1;BID;24498,0;24498,5
2025-09-15 16:01:03.500;24498,0;1;BID;24498,0;24498,5
2025-09-15 16:01:03.500;24497,75;1;BID;24498,0;24498,5
2025-09-15 16:01:03.516;24498,0;1;BID;24498,0;24498,5
2025-09-15 16:01:03.516;24497,75;1;BID;24498,0;24498,5
2025-09-15 16:01:03.536;24498,25;1;ASK;24498,0;24498,5
2025-09-15 16:01:03.612;24498,25;1;ASK;24498,0;24498,5
2025-09-15 16:01:03.612;24498,25;1;ASK;24498,0;24498,5
2025-09-15 16:01:03.664;24498,5;1;ASK;24498,0;24498,5
2025-09-15 16:01:03.692;24498,0;1;BID;24498,0;24498,5
2025-09-15 16:01:03.692;24498,0;1;BID;24498,0;24498,5
2025-09-15 16:01:03.696;24497,75;1;BID;24498,0;24498,5
2025-09-15 16:01:03.696;24497,75;1;BID;24498,0;24498,5
2025-09-15 16:01:03.696;24497,75;1;BID;24498,0;24498,5
2025-09-15 16:01:03.708;24498,0;1;BID;24498,0;24498,5
2025-09-15 16:01:04.020;24498,5;2;ASK;24498,25;24498,75
2025-09-15 16:01:04.020;24498,5;2;ASK;24498,25;24498,75
2025-09-15 16:01:04.060;24498,75;1;ASK;24498,25;24498,75
2025-09-15 16:01:04.060;24498,75;1;ASK;24498,25;24498,75
2025-09-15 16:01:04.132;24498,75;1;ASK;24498,25;24498,75
2025-09-15 16:01:04.132;24498,75;1;ASK;24498,25;24498,75
2025-09-15 16:01:04.132;24498,75;1;ASK;24498,25;24498,75
2025-09-15 16:01:04.148;24498,5;1;ASK;24498,25;24498,75
2025-09-15 16:01:04.180;24498,5;1;ASK;24498,25;24498,75
2025-09-15 16:01:04.188;24498,0;1;BID;24498,25;24498,75
2025-09-15 16:01:04.204;24498,5;1;ASK;24498,25;24498,75
2025-09-15 16:01:04.356;24498,25;1;BID;24498,25;24498,75
2025-09-15 16:01:04.356;24498,25;1;BID;24498,25;24498,75
2025-09-15 16:01:04.516;24498,0;1;BID;24498,25;24498,75
2025-09-15 16:01:04.580;24498,5;1;ASK;24498,25;24498,75
2025-09-15 16:01:04.580;24498,75;1;ASK;24498,25;24498,75
2025-09-15 16:01:04.580;24498,75;1;ASK;24498,25;24498,75
2025-09-15 16:01:04.580;24498,25;1;BID;24498,25;24498,75
2025-09-15 16:01:04.580;24498,0;1;BID;24498,25;24498,75
2025-09-15 16:01:05.148;24499,0;1;ASK;24498,25;24499,0
2025-09-15 16:01:05.184;24498,75;1;ASK;24498,25;24499,0
2025-09-15 16:01:05.184;24498,75;1;ASK;24498,25;24499,0
2025-09-15 16:01:05.184;24498,5;1;BID;24498,25;24499,0
2025-09-15 16:01:05.184;24498,5;1;BID;24498,25;24499,0
2025-09-15 16:01:05.184;24498,5;1;BID;24498,25;24499,0
2025-09-15 16:01:05.184;24498,5;1;BID;24498,25;24499,0
2025-09-15 16:01:05.184;24498,5;1;BID;24498,25;24499,0
2025-09-15 16:01:05.184;24498,25;1;BID;24498,25;24499,0
2025-09-15 16:01:05.184;24498,25;1;BID;24498,25;24499,0
2025-09-15 16:01:05.184;24498,25;1;BID;24498,25;24499,0
2025-09-15 16:01:05.184;24498,25;1;BID;24498,25;24499,0
2025-09-15 16:01:05.184;24498,25;1;BID;24498,25;24499,0
2025-09-15 16:01:05.184;24498,25;1;BID;24498,25;24499,0
2025-09-15 16:01:05.184;24498,0;1;BID;24498,25;24499,0
2025-09-15 16:01:05.184;24498,0;1;BID;24498,25;24499,0
2025-09-15 16:01:05.300;24498,75;1;ASK;24498,25;24499,0
2025-09-15 16:01:05.300;24498,75;1;ASK;24498,25;24499,0
2025-09-15 16:01:05.332;24498,75;1;ASK;24498,25;24499,0
2025-09-15 16:01:05.332;24499,25;1;ASK;24498,25;24499,0
2025-09-15 16:01:05.676;24498,75;1;ASK;24498,25;24499,0
2025-09-15 16:01:05.724;24498,5;1;BID;24498,25;24499,0
2025-09-15 16:01:06.132;24498,25;1;ASK;24497,5;24498,0
2025-09-15 16:01:06.136;24498,0;1;ASK;24497,5;24498,0
2025-09-15 16:01:06.136;24498,25;1;ASK;24497,5;24498,0
2025-09-15 16:01:06.364;24498,0;1;ASK;24497,5;24498,0
2025-09-15 16:01:06.460;24498,0;1;ASK;24497,5;24498,0
2025-09-15 16:01:06.660;24498,0;1;ASK;24497,5;24498,0
2025-09-15 16:01:06.724;24498,5;1;ASK;24497,5;24498,0
2025-09-15 16:01:06.724;24498,5;1;ASK;24497,5;24498,0
2025-09-15 16:01:06.724;24498,5;1;ASK;24497,5;24498,0
2025-09-15 16:01:06.724;24498,5;1;ASK;24497,5;24498,0
2025-09-15 16:01:06.728;24498,25;1;ASK;24497,5;24498,0
2025-09-15 16:01:06.728;24498,5;1;ASK;24497,5;24498,0
2025-09-15 16:01:06.948;24498,0;1;ASK;24497,5;24498,0
2025-09-15 16:01:06.948;24498,0;1;ASK;24497,5;24498,0
2025-09-15 16:01:06.948;24497,75;1;ASK;24497,5;24498,0
2025-09-15 16:01:06.948;24497,75;1;ASK;24497,5;24498,0
2025-09-15 16:01:07.036;24498,0;1;BID;24498,25;24498,75
2025-09-15 16:01:07.044;24497,75;1;BID;24498,25;24498,75
2025-09-15 16:01:07.104;24498,0;1;BID;24498,25;24498,75
2025-09-15 16:01:07.104;24498,0;1;BID;24498,25;24498,75
2025-09-15 16:01:07.104;24498,25;1;BID;24498,25;24498,75
2025-09-15 16:01:07.184;24498,0;1;BID;24498,25;24498,75
2025-09-15 16:01:07.192;24498,0;1;BID;24498,25;24498,75
2025-09-15 16:01:07.260;24498,25;1;BID;24498,25;24498,75
2025-09-15 16:01:07.276;24498,5;1;ASK;24498,25;24498,75
2025-09-15 16:01:07.284;24498,5;1;ASK;24498,25;24498,75
2025-09-15 16:01:07.840;24497,75;1;BID;24498,25;24498,75
2025-09-15 16:01:07.852;24498,25;1;BID;24498,25;24498,75
2025-09-15 16:01:07.936;24498,5;1;ASK;24498,25;24498,75
2025-09-15 16:01:07.936;24498,5;1;ASK;24498,25;24498,75
2025-09-15 16:01:08.112;24498,25;1;ASK;24497,75;24498,5
2025-09-15 16:01:08.112;24498,25;1;ASK;24497,75;24498,5
2025-09-15 16:01:08.128;24498,5;1;ASK;24497,75;24498,5
2025-09-15 16:01:08.300;24498,25;1;ASK;24497,75;24498,5
2025-09-15 16:01:08.712;24498,25;1;ASK;24497,75;24498,5
2025-09-15 16:01:08.712;24498,25;1;ASK;24497,75;24498,5
2025-09-15 16:01:08.756;24498,0;1;BID;24497,75;24498,5
2025-09-15 16:01:08.756;24498,0;1;BID;24497,75;24498,5
2025-09-15 16:01:08.756;24497,75;1;BID;24497,75;24498,5
2025-09-15 16:01:09.180;24498,5;1;ASK;24497,5;24498,0
2025-09-15 16:01:09.180;24498,5;1;ASK;24497,5;24498,0
2025-09-15 16:01:09.180;24498,75;1;ASK;24497,5;24498,0
2025-09-15 16:01:09.184;24499,0;1;ASK;24497,5;24498,0
2025-09-15 16:01:09.184;24499,0;1;ASK;24497,5;24498,0
2025-09-15 16:01:09.184;24499,0;1;ASK;24497,5;24498,0
2025-09-15 16:01:09.268;24498,75;1;ASK;24497,5;24498,0
2025-09-15 16:01:09.372;24499,0;1;ASK;24497,5;24498,0
2025-09-15 16:01:09.460;24499,0;1;ASK;24497,5;24498,0
2025-09-15 16:01:09.632;24498,5;2;ASK;24497,5;24498,0
2025-09-15 16:01:09.632;24498,5;1;ASK;24497,5;24498,0
2025-09-15 16:01:09.632;24498,5;1;ASK;24497,5;24498,0
2025-09-15 16:01:09.644;24498,0;1;ASK;24497,5;24498,0
2025-09-15 16:01:09.644;24498,0;1;ASK;24497,5;24498,0
2025-09-15 16:01:09.656;24497,75;1;ASK;24497,5;24498,0
2025-09-15 16:01:09.656;24497,75;1;ASK;24497,5;24498,0
2025-09-15 16:01:10.048;24497,75;1;BID;24497,75;24498,25
2025-09-15 16:01:10.804;24498,5;1;ASK;24497,75;24498,25
2025-09-15 16:01:10.828;24498,0;1;ASK;24497,75;24498,25
2025-09-15 16:01:11.056;24498,25;1;ASK;24497,75;24498,5
2025-09-15 16:01:11.060;24498,5;1;ASK;24497,75;24498,5
2025-09-15 16:01:11.060;24498,5;1;ASK;24497,75;24498,5
2025-09-15 16:01:11.120;24498,25;1;ASK;24497,75;24498,5
2025-09-15 16:01:11.384;24498,75;1;ASK;24497,75;24498,5
2025-09-15 16:01:11.384;24499,0;1;ASK;24497,75;24498,5
2025-09-15 16:01:11.384;24499,0;1;ASK;24497,75;24498,5
2025-09-15 16:01:11.680;24498,5;1;ASK;24497,75;24498,5
2025-09-15 16:01:11.680;24498,25;1;ASK;24497,75;24498,5
2025-09-15 16:01:11.680;24498,25;1;ASK;24497,75;24498,5
2025-09-15 16:01:11.768;24498,25;1;ASK;24497,75;24498,5
2025-09-15 16:01:11.780;24498,0;1;BID;24497,75;24498,5
2025-09-15 16:01:11.884;24498,25;1;ASK;24497,75;24498,5
2025-09-15 16:01:12.032;24498,5;1;BID;24498,75;24499,5
2025-09-15 16:01:12.228;24498,5;1;BID;24498,75;24499,5
2025-09-15 16:01:12.320;24498,75;1;BID;24498,75;24499,5
2025-09-15 16:01:12.920;24498,75;1;BID;24498,75;24499,5
2025-09-15 16:01:12.920;24498,75;1;BID;24498,75;24499,5
2025-09-15 16:01:13.024;24499,5;1;ASK;24498,25;24498,75
2025-09-15 16:01:13.024;24499,5;1;ASK;24498,25;24498,75
2025-09-15 16:01:13.024;24499,75;1;ASK;24498,25;24498,75
2025-09-15 16:01:13.024;24499,75;1;ASK;24498,25;24498,75
2025-09-15 16:01:13.024;24499,75;1;ASK;24498,25;24498,75
2025-09-15 16:01:13.076;24499,0;1;ASK;24498,25;24498,75
2025-09-15 16:01:13.076;24499,0;1;ASK;24498,25;24498,75
2025-09-15 16:01:13.076;24499,0;1;ASK;24498,25;24498,75
2025-09-15 16:01:13.076;24499,0;1;ASK;24498,25;24498,75
2025-09-15 16:01:13.076;24498,75;1;ASK;24498,25;24498,75
2025-09-15 16:01:13.076;24498,75;1;ASK;24498,25;24498,75
2025-09-15 16:01:13.076;24498,75;1;ASK;24498,25;24498,75
2025-09-15 16:01:13.076;24498,75;1;ASK;24498,25;24498,75
2025-09-15 16:01:13.076;24498,75;1;ASK;24498,25;24498,75
2025-09-15 16:01:13.076;24498,75;1;ASK;24498,25;24498,75
2025-09-15 16:01:13.076;24498,5;1;ASK;24498,25;24498,75
2025-09-15 16:01:13.076;24498,5;1;ASK;24498,25;24498,75
2025-09-15 16:01:13.076;24498,5;1;ASK;24498,25;24498,75
2025-09-15 16:01:13.076;24498,25;1;BID;24498,25;24498,75
2025-09-15 16:01:13.076;24498,25;1;BID;24498,25;24498,75
2025-09-15 16:01:13.136;24499,0;1;ASK;24498,25;24498,75
2025-09-15 16:01:13.136;24499,0;1;ASK;24498,25;24498,75
2025-09-15 16:01:13.260;24499,25;1;ASK;24498,25;24498,75
2025-09-15 16:01:13.260;24499,25;1;ASK;24498,25;24498,75
2025-09-15 16:01:13.260;24499,0;1;ASK;24498,25;24498,75
2025-09-15 16:01:13.324;24499,25;1;ASK;24498,25;24498,75
2025-09-15 16:01:13.580;24499,5;1;ASK;24498,25;24498,75
2025-09-15 16:01:13.656;24499,25;1;ASK;24498,25;24498,75
2025-09-15 16:01:13.660;24499,0;1;ASK;24498,25;24498,75
2025-09-15 16:01:13.820;24498,75;1;ASK;24498,25;24498,75
2025-09-15 16:01:14.136;24498,75;1;BID;24499,0;24499,5
2025-09-15 16:01:14.504;24499,0;1;BID;24499,0;24499,5
2025-09-15 16:01:14.772;24499,5;1;ASK;24499,0;24499,5
2025-09-15 16:01:14.848;24500,0;1;ASK;24499,0;24499,5
2025-09-15 16:01:14.896;24500,0;1;ASK;24499,0;24499,5
2025-09-15 16:01:15.148;24499,0;1;ASK;24498,25;24499,0
2025-09-15 16:01:15.552;24498,75;1;ASK;24498,25;24499,0
2025-09-15 16:01:15.924;24498,25;1;BID;24498,25;24499,0
2025-09-15 16:01:16.512;24498,5;1;BID;24498,75;24499,5
2025-09-15 16:01:16.512;24498,75;1;BID;24498,75;24499,5
2025-09-15 16:01:16.512;24498,75;1;BID;24498,75;24499,5
2025-09-15 16:01:16.760;24499,0;1;BID;24498,75;24499,5
2025-09-15 16:01:17.548;24499,75;1;ASK;24498,75;24499,25
2025-09-15 16:01:17.676;24500,25;1;ASK;24498,75;24499,25
2025-09-15 16:01:17.816;24499,5;1;ASK;24498,75;24499,25
2025-09-15 16:01:17.832;24499,0;1;ASK;24498,75;24499,25
2025-09-15 16:01:18.072;24499,25;1;ASK;24497,25;24497,75
2025-09-15 16:01:18.464;24499,0;1;ASK;24497,25;24497,75
2025-09-15 16:01:18.464;24499,0;1;ASK;24497,25;24497,75
2025-09-15 16:01:18.468;24498,75;1;ASK;24497,25;24497,75
2025-09-15 16:01:18.468;24498,75;1;ASK;24497,25;24497,75
2025-09-15 16:01:18.472;24498,5;1;ASK;24497,25;24497,75
2025-09-15 16:01:18.472;24498,5;1;ASK;24497,25;24497,75
2025-09-15 16:01:18.472;24498,5;1;ASK;24497,25;24497,75
2025-09-15 16:01:18.476;24498,25;1;ASK;24497,25;24497,75
2025-09-15 16:01:18.476;24498,25;1;ASK;24497,25;24497,75
2025-09-15 16:01:18.476;24498,25;1;ASK;24497,25;24497,75
2025-09-15 16:01:18.476;24498,5;1;ASK;24497,25;24497,75
2025-09-15 16:01:18.480;24498,0;1;ASK;24497,25;24497,75
2025-09-15 16:01:18.480;24498,0;1;ASK;24497,25;24497,75
2025-09-15 16:01:18.500;24497,75;1;ASK;24497,25;24497,75
2025-09-15 16:01:18.520;24498,25;1;ASK;24497,25;24497,75
2025-09-15 16:01:18.708;24497,5;1;ASK;24497,25;24497,75
2025-09-15 16:01:18.708;24497,5;1;ASK;24497,25;24497,75
2025-09-15 16:01:18.708;24497,75;1;ASK;24497,25;24497,75
2025-09-15 16:01:18.712;24497,5;1;ASK;24497,25;24497,75
2025-09-15 16:01:18.712;24497,75;1;ASK;24497,25;24497,75
2025-09-15 16:01:19.560;24498,0;1;ASK;24497,0;24497,25
2025-09-15 16:01:19.560;24497,75;1;ASK;24497,0;24497,25
2025-09-15 16:01:19.560;24497,75;1;ASK;24497,0;24497,25
2025-09-15 16:01:19.560;24497,75;1;ASK;24497,0;24497,25
2025-09-15 16:01:19.560;24497,5;1;ASK;24497,0;24497,25
2025-09-15 16:01:19.564;24497,5;1;ASK;24497,0;24497,25
2025-09-15 16:01:19.912;24497,25;10;ASK;24497,0;24497,25
2025-09-15 16:01:19.912;24497,25;1;ASK;24497,0;24497,25
2025-09-15 16:01:20.048;24497,0;1;BID;24498,0;24498,5
2025-09-15 16:01:20.048;24496,75;1;BID;24498,0;24498,5
2025-09-15 16:01:20.052;24496,75;1;BID;24498,0;24498,5
2025-09-15 16:01:20.204;24496,75;1;BID;24498,0;24498,5
2025-09-15 16:01:20.368;24496,5;1;BID;24498,0;24498,5
2025-09-15 16:01:20.368;24496,5;1;BID;24498,0;24498,5
2025-09-15 16:01:20.368;24496,5;1;BID;24498,0;24498,5
2025-09-15 16:01:20.484;24496,75;1;BID;24498,0;24498,5
2025-09-15 16:01:20.484;24496,75;1;BID;24498,0;24498,5
2025-09-15 16:01:20.548;24497,0;1;BID;24498,0;24498,5
2025-09-15 16:01:20.548;24497,0;1;BID;24498,0;24498,5
2025-09-15 16:01:20.548;24497,0;1;BID;24498,0;24498,5
2025-09-15 16:01:20.548;24497,0;1;BID;24498,0;24498,5
2025-09-15 16:01:20.556;24497,25;1;BID;24498,0;24498,5
2025-09-15 16:01:20.556;24497,5;1;BID;24498,0;24498,5
2025-09-15 16:01:20.556;24497,5;1;BID;24498,0;24498,5
2025-09-15 16:01:20.600;24497,75;1;BID;24498,0;24498,5
2025-09-15 16:01:20.944;24497,75;1;BID;24498,0;24498,5
2025-09-15 16:01:21.044;24498,5;1;ASK;24497,75;24498,5
2025-09-15 16:01:21.044;24498,5;1;ASK;24497,75;24498,5
2025-09-15 16:01:21.092;24497,75;1;BID;24497,75;24498,5
2025-09-15 16:01:21.092;24497,75;1;BID;24497,75;24498,5
2025-09-15 16:01:21.092;24497,75;1;BID;24497,75;24498,5
2025-09-15 16:01:21.092;24497,5;1;BID;24497,75;24498,5
2025-09-15 16:01:21.180;24498,0;1;BID;24497,75;24498,5
2025-09-15 16:01:21.324;24498,0;1;BID;24497,75;24498,5
2025-09-15 16:01:21.324;24498,25;1;ASK;24497,75;24498,5
2025-09-15 16:01:21.904;24498,0;1;BID;24497,75;24498,5
2025-09-15 16:01:21.904;24498,0;1;BID;24497,75;24498,5
2025-09-15 16:01:22.396;24497,75;1;BID;24497,75;24498,25
2025-09-15 16:01:22.508;24498,25;1;ASK;24497,75;24498,25
2025-09-15 16:01:22.580;24498,25;1;ASK;24497,75;24498,25
2025-09-15 16:01:23.172;24497,75;1;BID;24498,5;24499,0
2025-09-15 16:01:23.172;24497,75;1;BID;24498,5;24499,0
2025-09-15 16:01:23.572;24498,0;1;BID;24498,5;24499,0
2025-09-15 16:01:23.616;24498,25;1;BID;24498,5;24499,0
2025-09-15 16:01:23.872;24498,75;1;ASK;24498,5;24499,0
2025-09-15 16:01:24.248;24500,0;1;ASK;24499,25;24499,75
2025-09-15 16:01:24.248;24500,0;1;ASK;24499,25;24499,75
2025-09-15 16:01:24.248;24500,0;1;ASK;24499,25;24499,75
2025-09-15 16:01:24.320;24500,0;1;ASK;24499,25;24499,75
2025-09-15 16:01:24.720;24499,5;1;ASK;24499,25;24499,75
2025-09-15 16:01:24.720;24499,5;1;ASK;24499,25;24499,75
2025-09-15 16:01:25.000;24499,25;1;BID;24499,25;24499,75
2025-09-15 16:01:25.080;24499,75;1;BID;24500,5;24500,75
2025-09-15 16:01:25.084;24500,0;1;BID;24500,5;24500,75
2025-09-15 16:01:25.084;24500,0;1;BID;24500,5;24500,75
2025-09-15 16:01:25.084;24500,0;3;BID;24500,5;24500,75
2025-09-15 16:01:25.084;24500,0;1;BID;24500,5;24500,75
2025-09-15 16:01:25.148;24499,75;1;BID;24500,5;24500,75
2025-09-15 16:01:25.148;24499,75;1;BID;24500,5;24500,75
2025-09-15 16:01:25.148;24499,5;1;BID;24500,5;24500,75
2025-09-15 16:01:25.148;24499,5;1;BID;24500,5;24500,75
2025-09-15 16:01:25.148;24499,5;1;BID;24500,5;24500,75
2025-09-15 16:01:25.336;24500,0;1;BID;24500,5;24500,75
2025-09-15 16:01:25.372;24500,0;1;BID;24500,5;24500,75
2025-09-15 16:01:25.708;24500,25;1;BID;24500,5;24500,75
2025-09-15 16:01:25.708;24500,25;1;BID;24500,5;24500,75
2025-09-15 16:01:25.708;24500,25;1;BID;24500,5;24500,75
2025-09-15 16:01:25.708;24500,25;1;BID;24500,5;24500,75
2025-09-15 16:01:25.708;24500,5;1;BID;24500,5;24500,75
2025-09-15 16:01:25.708;24500,5;1;BID;24500,5;24500,75
2025-09-15 16:01:25.708;24500,5;1;BID;24500,5;24500,75
2025-09-15 16:01:25.708;24500,5;1;BID;24500,5;24500,75
2025-09-15 16:01:26.076;24500,75;1;ASK;24499,75;24500,25
2025-09-15 16:01:26.716;24500,0;1;ASK;24499,75;24500,25
2025-09-15 16:01:26.724;24500,25;1;ASK;24499,75;24500,25
2025-09-15 16:01:26.984;24500,25;1;ASK;24499,75;24500,25
2025-09-15 16:01:26.984;24500,25;1;ASK;24499,75;24500,25
2025-09-15 16:01:26.984;24500,0;1;ASK;24499,75;24500,25
2025-09-15 16:01:26.984;24500,25;1;ASK;24499,75;24500,25
2025-09-15 16:01:27.004;24499,75;1;ASK;24498,25;24498,5
2025-09-15 16:01:27.468;24500,25;1;ASK;24498,25;24498,5
2025-09-15 16:01:27.592;24500,0;1;ASK;24498,25;24498,5
2025-09-15 16:01:27.672;24500,0;1;ASK;24498,25;24498,5
2025-09-15 16:01:27.960;24499,25;2;ASK;24498,25;24498,5
2025-09-15 16:01:28.024;24498,25;1;BID;24498,25;24498,75
2025-09-15 16:01:28.024;24498,0;1;BID;24498,25;24498,75
2025-09-15 16:01:28.236;24497,75;1;BID;24498,25;24498,75
2025-09-15 16:01:28.528;24498,25;1;BID;24498,25;24498,75
2025-09-15 16:01:28.800;24498,25;1;BID;24498,25;24498,75
2025-09-15 16:01:30.096;24497,75;1;BID;24498,75;24499,25
2025-09-15 16:01:30.112;24498,25;1;BID;24498,75;24499,25
2025-09-15 16:01:30.144;24498,25;1;BID;24498,75;24499,25
2025-09-15 16:01:30.212;24498,25;1;BID;24498,75;24499,25
2025-09-15 16:01:30.788;24498,5;1;BID;24498,75;24499,25
2025-09-15 16:01:30.848;24498,75;1;BID;24498,75;24499,25
2025-09-15 16:01:31.092;24499,25;1;ASK;24497,5;24498,25
2025-09-15 16:01:31.092;24499,25;1;ASK;24497,5;24498,25
2025-09-15 16:01:31.292;24499,0;1;ASK;24497,5;24498,25
2025-09-15 16:01:31.312;24498,75;1;ASK;24497,5;24498,25
2025-09-15 16:01:31.420;24499,25;1;ASK;24497,5;24498,25
2025-09-15 16:01:31.904;24498,5;1;ASK;24497,5;24498,25
2025-09-15 16:01:31.904;24498,5;1;ASK;24497,5;24498,25
2025-09-15 16:01:32.096;24497,75;1;BID;24498,25;24499,0
2025-09-15 16:01:32.156;24498,0;1;BID;24498,25;24499,0
2025-09-15 16:01:32.220;24498,5;1;BID;24498,25;24499,0
2025-09-15 16:01:33.072;24498,25;1;BID;24499,25;24500,0
2025-09-15 16:01:33.604;24499,25;1;BID;24499,25;24500,0
2025-09-15 16:01:33.604;24499,25;1;BID;24499,25;24500,0
2025-09-15 16:01:33.644;24499,75;1;ASK;24499,25;24500,0
2025-09-15 16:01:33.644;24499,75;2;ASK;24499,25;24500,0
2025-09-15 16:01:33.644;24499,75;3;ASK;24499,25;24500,0
2025-09-15 16:01:33.672;24500,0;1;ASK;24499,25;24500,0
2025-09-15 16:01:33.672;24500,0;10;ASK;24499,25;24500,0
2025-09-15 16:01:33.944;24499,5;1;BID;24499,25;24500,0
2025-09-15 16:01:34.472;24499,5;1;BID;24499,75;24500,5
2025-09-15 16:01:34.472;24499,5;1;BID;24499,75;24500,5
2025-09-15 16:01:34.472;24499,5;1;BID;24499,75;24500,5
2025-09-15 16:01:34.472;24500,0;1;BID;24499,75;24500,5
2025-09-15 16:01:34.976;24500,75;1;ASK;24499,75;24500,5
2025-09-15 16:01:35.008;24500,25;1;ASK;24499,5;24500,0
2025-09-15 16:01:35.320;24500,75;1;ASK;24499,5;24500,0
2025-09-15 16:01:35.320;24500,75;1;ASK;24499,5;24500,0
2025-09-15 16:01:35.320;24501,0;1;ASK;24499,5;24500,0
2025-09-15 16:01:35.320;24501,0;1;ASK;24499,5;24500,0
2025-09-15 16:01:35.320;24500,5;1;ASK;24499,5;24500,0
2025-09-15 16:01:35.732;24500,25;1;ASK;24499,5;24500,0
2025-09-15 16:01:35.740;24500,25;1;ASK;24499,5;24500,0
2025-09-15 16:01:36.140;24499,5;1;BID;24499,5;24500,0
2025-09-15 16:01:36.988;24499,75;1;ASK;24499,5;24500,0
2025-09-15 16:01:37.016;24500,25;1;BID;24500,25;24500,75
2025-09-15 16:01:37.112;24500,75;1;ASK;24500,25;24500,75
2025-09-15 16:01:37.112;24500,5;1;ASK;24500,25;24500,75
2025-09-15 16:01:37.112;24500,5;1;ASK;24500,25;24500,75
2025-09-15 16:01:37.868;24500,0;1;BID;24500,25;24500,75
2025-09-15 16:01:37.868;24500,0;1;BID;24500,25;24500,75
2025-09-15 16:01:37.868;24500,0;1;BID;24500,25;24500,75
2025-09-15 16:01:37.868;24500,0;1;BID;24500,25;24500,75
2025-09-15 16:01:37.868;24499,75;1;BID;24500,25;24500,75
2025-09-15 16:01:37.868;24499,75;1;BID;24500,25;24500,75
2025-09-15 16:01:39.060;24500,25;1;ASK;24499,5;24500,0
2025-09-15 16:01:39.920;24500,0;1;ASK;24499,5;24500,0
2025-09-15 16:01:39.972;24499,75;1;ASK;24499,5;24500,0
2025-09-15 16:01:39.972;24499,75;1;ASK;24499,5;24500,0
2025-09-15 16:01:39.972;24499,75;1;ASK;24499,5;24500,0
2025-09-15 16:01:40.008;24499,75;1;ASK;24499,5;24500,0
2025-09-15 16:01:40.380;24499,25;1;BID;24499,5;24500,0
2025-09-15 16:01:40.404;24499,0;1;BID;24499,5;24500,0
2025-09-15 16:01:40.404;24499,0;1;BID;24499,5;24500,0
2025-09-15 16:01:40.408;24498,75;1;BID;24499,5;24500,0
2025-09-15 16:01:40.416;24498,75;1;BID;24499,5;24500,0
2025-09-15 16:01:40.424;24498,75;1;BID;24499,5;24500,0
2025-09-15 16:01:40.424;24499,0;1;BID;24499,5;24500,0
2025-09-15 16:01:40.424;24499,0;1;BID;24499,5;24500,0
2025-09-15 16:01:40.424;24498,75;1;BID;24499,5;24500,0
2025-09-15 16:01:40.508;24499,0;1;BID;24499,5;24500,0
2025-09-15 16:01:40.512;24498,75;1;BID;24499,5;24500,0
2025-09-15 16:01:40.868;24499,0;1;BID;24499,5;24500,0
2025-09-15 16:01:40.872;24499,25;1;BID;24499,5;24500,0
2025-09-15 16:01:40.872;24499,25;1;BID;24499,5;24500,0
2025-09-15 16:01:40.872;24499,25;1;BID;24499,5;24500,0
2025-09-15 16:01:40.872;24499,25;1;BID;24499,5;24500,0
2025-09-15 16:01:40.872;24499,25;1;BID;24499,5;24500,0
2025-09-15 16:01:40.872;24499,5;1;BID;24499,5;24500,0
2025-09-15 16:01:40.872;24499,5;1;BID;24499,5;24500,0
2025-09-15 16:01:40.872;24499,5;1;BID;24499,5;24500,0
2025-09-15 16:01:40.876;24499,0;1;BID;24499,5;24500,0
2025-09-15 16:01:40.900;24499,25;1;BID;24499,5;24500,0
2025-09-15 16:01:40.908;24499,5;1;BID;24499,5;24500,0
2025-09-15 16:01:40.912;24499,5;1;BID;24499,5;24500,0
2025-09-15 16:01:40.980;24499,75;1;ASK;24499,5;24500,0
2025-09-15 16:01:41.252;24500,0;1;BID;24500,75;24501,25
2025-09-15 16:01:41.256;24500,0;1;BID;24500,75;24501,25
2025-09-15 16:01:41.476;24500,0;1;BID;24500,75;24501,25
2025-09-15 16:01:41.844;24500,0;1;BID;24500,75;24501,25
2025-09-15 16:01:41.868;24500,5;1;BID;24500,75;24501,25
2025-09-15 16:01:41.976;24501,0;1;ASK;24500,75;24501,25
2025-09-15 16:01:41.976;24501,0;1;ASK;24500,75;24501,25
2025-09-15 16:01:41.976;24501,0;4;ASK;24500,75;24501,25
2025-09-15 16:01:41.980;24501,25;1;ASK;24500,75;24501,25
2025-09-15 16:01:42.008;24500,75;1;BID;24501,0;24501,5
2025-09-15 16:01:42.008;24500,75;1;BID;24501,0;24501,5
2025-09-15 16:01:42.208;24501,0;1;BID;24501,0;24501,5
2025-09-15 16:01:42.604;24500,25;1;BID;24501,0;24501,5
2025-09-15 16:01:42.860;24501,0;1;BID;24501,0;24501,5
2025-09-15 16:01:42.860;24501,25;1;ASK;24501,0;24501,5
2025-09-15 16:01:42.860;24501,25;1;ASK;24501,0;24501,5
2025-09-15 16:01:42.884;24501,0;1;BID;24501,0;24501,5
2025-09-15 16:01:43.164;24500,75;1;ASK;24499,5;24500,0
2025-09-15 16:01:43.292;24500,75;1;ASK;24499,5;24500,0
2025-09-15 16:01:43.292;24500,75;1;ASK;24499,5;24500,0
2025-09-15 16:01:43.760;24500,5;2;ASK;24499,5;24500,0
2025-09-15 16:01:43.772;24500,5;1;ASK;24499,5;24500,0
2025-09-15 16:01:43.860;24499,75;1;ASK;24499,5;24500,0
2025-09-15 16:01:43.860;24499,75;4;ASK;24499,5;24500,0
2025-09-15 16:01:43.860;24500,0;1;ASK;24499,5;24500,0
2025-09-15 16:01:43.860;24500,0;1;ASK;24499,5;24500,0
2025-09-15 16:01:44.136;24499,75;1;ASK;24498,5;24499,0
2025-09-15 16:01:44.180;24499,25;1;ASK;24498,5;24499,0
2025-09-15 16:01:44.180;24499,5;1;ASK;24498,5;24499,0
2025-09-15 16:01:44.276;24499,25;1;ASK;24498,5;24499,0
2025-09-15 16:01:44.308;24499,0;1;ASK;24498,5;24499,0
2025-09-15 16:01:44.860;24498,75;1;ASK;24498,5;24499,0
2025-09-15 16:01:44.860;24498,75;1;ASK;24498,5;24499,0
2025-09-15 16:01:44.864;24498,75;1;ASK;24498,5;24499,0
2025-09-15 16:01:44.864;24498,75;1;ASK;24498,5;24499,0
2025-09-15 16:01:45.008;24498,75;1;ASK;24497,75;24498,25
2025-09-15 16:01:45.008;24498,75;1;ASK;24497,75;24498,25
2025-09-15 16:01:45.116;24498,25;1;ASK;24497,75;24498,25
2025-09-15 16:01:45.164;24498,5;1;ASK;24497,75;24498,25
2025-09-15 16:01:45.164;24498,5;1;ASK;24497,75;24498,25
2025-09-15 16:01:45.600;24498,5;1;ASK;24497,75;24498,25
2025-09-15 16:01:45.600;24498,5;1;ASK;24497,75;24498,25
2025-09-15 16:01:45.600;24498,75;1;ASK;24497,75;24498,25
2025-09-15 16:01:45.600;24498,5;1;ASK;24497,75;24498,25
2025-09-15 16:01:45.604;24498,5;1;ASK;24497,75;24498,25
2025-09-15 16:01:45.608;24498,25;1;ASK;24497,75;24498,25
2025-09-15 16:01:45.668;24498,0;2;ASK;24497,75;24498,25
2025-09-15 16:01:45.924;24497,75;1;BID;24497,75;24498,25
2025-09-15 16:01:46.572;24498,75;1;ASK;24498,25;24498,75
2025-09-15 16:01:46.724;24498,75;1;ASK;24498,25;24498,75
2025-09-15 16:01:46.856;24499,0;1;ASK;24498,25;24498,75
2025-09-15 16:01:46.940;24498,5;1;ASK;24498,25;24498,75
2025-09-15 16:01:46.980;24498,75;1;ASK;24498,25;24498,75
2025-09-15 16:01:48.412;24498,75;1;ASK;24498,25;24498,75
2025-09-15 16:01:48.412;24498,75;1;ASK;24498,25;24498,75
2025-09-15 16:01:48.476;24499,5;1;ASK;24498,25;24498,75
2025-09-15 16:01:48.476;24499,25;1;ASK;24498,25;24498,75
2025-09-15 16:01:48.476;24499,25;1;ASK;24498,25;24498,75
2025-09-15 16:01:48.476;24499,5;1;ASK;24498,25;24498,75
2025-09-15 16:01:48.476;24499,5;1;ASK;24498,25;24498,75
2025-09-15 16:01:48.480;24499,25;1;ASK;24498,25;24498,75
2025-09-15 16:01:48.480;24499,25;1;ASK;24498,25;24498,75
2025-09-15 16:01:48.480;24499,5;1;ASK;24498,25;24498,75
2025-09-15 16:01:48.900;24499,0;1;ASK;24498,25;24498,75
2025-09-15 16:01:48.956;24498,75;1;ASK;24498,25;24498,75
2025-09-15 16:01:48.956;24498,75;1;ASK;24498,25;24498,75
2025-09-15 16:01:49.044;24498,25;1;BID;24498,75;24499,25
2025-09-15 16:01:49.920;24499,0;1;ASK;24498,75;24499,25
2025-09-15 16:01:49.920;24499,0;1;ASK;24498,75;24499,25
2025-09-15 16:01:50.476;24499,25;1;ASK;24498,75;24499,25
2025-09-15 16:01:50.476;24498,75;1;BID;24498,75;24499,25
2025-09-15 16:01:50.968;24499,0;1;ASK;24498,75;24499,25
2025-09-15 16:01:51.604;24498,5;1;ASK;24498,25;24498,75
2025-09-15 16:01:52.212;24498,75;1;BID;24499,0;24499,5
2025-09-15 16:01:52.212;24499,0;1;BID;24499,0;24499,5
2025-09-15 16:01:52.352;24499,25;1;ASK;24499,0;24499,5
2025-09-15 16:01:52.352;24499,25;1;ASK;24499,0;24499,5
2025-09-15 16:01:52.352;24499,25;1;ASK;24499,0;24499,5
2025-09-15 16:01:53.012;24499,5;1;ASK;24498,75;24499,25
2025-09-15 16:01:53.012;24499,5;1;ASK;24498,75;24499,25
2025-09-15 16:01:53.584;24499,75;1;ASK;24498,75;24499,25
2025-09-15 16:01:53.584;24499,75;1;ASK;24498,75;24499,25
2025-09-15 16:01:53.752;24499,5;1;ASK;24498,75;24499,25
2025-09-15 16:01:53.784;24499,25;1;ASK;24498,75;24499,25
2025-09-15 16:01:53.964;24499,25;1;ASK;24498,75;24499,25
2025-09-15 16:01:53.964;24499,25;1;ASK;24498,75;24499,25
2025-09-15 16:01:53.964;24499,0;1;ASK;24498,75;24499,25
2025-09-15 16:01:53.964;24499,0;1;ASK;24498,75;24499,25
2025-09-15 16:01:54.024;24498,5;1;ASK;24497,0;24497,5
2025-09-15 16:01:54.040;24498,5;1;ASK;24497,0;24497,5
2025-09-15 16:01:54.112;24498,0;1;ASK;24497,0;24497,5
2025-09-15 16:01:54.112;24498,0;3;ASK;24497,0;24497,5
2025-09-15 16:01:54.112;24498,0;1;ASK;24497,0;24497,5
2025-09-15 16:01:54.684;24498,25;1;ASK;24497,0;24497,5
2025-09-15 16:01:54.684;24498,25;1;ASK;24497,0;24497,5
2025-09-15 16:01:54.684;24498,25;1;ASK;24497,0;24497,5
2025-09-15 16:01:54.744;24498,0;1;ASK;24497,0;24497,5
2025-09-15 16:01:54.744;24497,75;1;ASK;24497,0;24497,5
2025-09-15 16:01:54.744;24497,75;1;ASK;24497,0;24497,5
2025-09-15 16:01:54.744;24497,75;1;ASK;24497,0;24497,5
2025-09-15 16:01:54.836;24497,5;1;ASK;24497,0;24497,5
2025-09-15 16:01:55.412;24497,0;1;BID;24497,75;24498,25
2025-09-15 16:01:55.564;24497,5;1;BID;24497,75;24498,25
2025-09-15 16:01:55.632;24497,75;1;BID;24497,75;24498,25
2025-09-15 16:01:55.992;24498,0;1;ASK;24497,75;24498,25
2025-09-15 16:01:55.992;24497,75;1;BID;24497,75;24498,25
2025-09-15 16:01:55.992;24498,0;1;ASK;24497,75;24498,25
2025-09-15 16:01:56.148;24498,25;1;BID;24498,25;24498,75
2025-09-15 16:01:56.592;24498,25;1;BID;24498,25;24498,75
2025-09-15 16:01:56.832;24498,25;1;BID;24498,25;24498,75
2025-09-15 16:01:56.940;24498,75;1;ASK;24498,25;24498,75
2025-09-15 16:01:57.120;24499,0;1;ASK;24497,75;24498,25
2025-09-15 16:01:57.388;24498,5;1;ASK;24497,75;24498,25
2025-09-15 16:01:57.644;24498,0;1;ASK;24497,75;24498,25
2025-09-15 16:01:58.076;24498,25;1;ASK;24497,5;24498,0
2025-09-15 16:01:58.156;24498,0;1;ASK;24497,5;24498,0
2025-09-15 16:01:58.296;24498,25;1;ASK;24497,5;24498,0
2025-09-15 16:01:58.332;24498,0;1;ASK;24497,5;24498,0
2025-09-15 16:01:58.504;24498,0;1;ASK;24497,5;24498,0
2025-09-15 16:01:58.620;24498,0;1;ASK;24497,5;24498,0
2025-09-15 16:01:58.696;24497,75;1;ASK;24497,5;24498,0
2025-09-15 16:01:58.700;24497,75;1;ASK;24497,5;24498,0
2025-09-15 16:01:58.700;24498,0;1;ASK;24497,5;24498,0
2025-09-15 16:01:58.788;24498,0;1;ASK;24497,5;24498,0
2025-09-15 16:01:59.036;24497,75;1;BID;24497,75;24498,25
2025-09-15 16:01:59.480;24497,5;1;BID;24497,75;24498,25
2025-09-15 16:01:59.508;24497,75;1;BID;24497,75;24498,25
2025-09-15 16:01:59.508;24497,75;1;BID;24497,75;24498,25
2025-09-15 16:02:00.020;24498,25;1;BID;24498,5;24499,0
2025-09-15 16:02:00.020;24498,25;1;BID;24498,5;24499,0
2025-09-15 16:02:00.020;24498,25;1;BID;24498,5;24499,0
2025-09-15 16:02:00.028;24498,25;1;BID;24498,5;24499,0
2025-09-15 16:02:00.068;24498,25;1;BID;24498,5;24499,0
2025-09-15 16:02:00.096;24498,25;1;BID;24498,5;24499,0
2025-09-15 16:02:00.104;24498,25;1;BID;24498,5;24499,0
2025-09-15 16:02:00.136;24498,25;1;BID;24498,5;24499,0
2025-09-15 16:02:00.240;24498,25;1;BID;24498,5;24499,0
2025-09-15 16:02:00.268;24498,0;1;BID;24498,5;24499,0
2025-09-15 16:02:00.508;24498,25;1;BID;24498,5;24499,0
2025-09-15 16:02:00.508;24498,25;1;BID;24498,5;24499,0
2025-09-15 16:02:00.780;24498,5;1;BID;24498,5;24499,0
2025-09-15 16:02:00.780;24498,5;1;BID;24498,5;24499,0
2025-09-15 16:02:00.884;24498,25;1;BID;24498,5;24499,0
2025-09-15 16:02:01.316;24499,0;1;ASK;24498,25;24498,75
2025-09-15 16:02:01.708;24498,75;1;ASK;24498,25;24498,75
2025-09-15 16:02:01.708;24498,75;1;ASK;24498,25;24498,75
2025-09-15 16:02:01.740;24498,5;1;ASK;24498,25;24498,75
2025-09-15 16:02:01.740;24498,5;1;ASK;24498,25;24498,75
2025-09-15 16:02:01.744;24498,25;1;BID;24498,25;24498,75
2025-09-15 16:02:01.744;24498,25;1;BID;24498,25;24498,75
2025-09-15 16:02:02.068;24498,75;1;BID;24498,75;24499,5
2025-09-15 16:02:02.232;24499,0;1;BID;24498,75;24499,5
2025-09-15 16:02:02.232;24499,0;1;BID;24498,75;24499,5
2025-09-15 16:02:02.232;24499,0;1;BID;24498,75;24499,5
2025-09-15 16:02:02.236;24498,75;1;BID;24498,75;24499,5
2025-09-15 16:02:02.236;24498,75;1;BID;24498,75;24499,5
2025-09-15 16:02:02.256;24498,5;1;BID;24498,75;24499,5
2025-09-15 16:02:02.256;24498,5;1;BID;24498,75;24499,5
2025-09-15 16:02:02.480;24499,25;1;ASK;24498,75;24499,5
2025-09-15 16:02:02.480;24499,5;1;ASK;24498,75;24499,5
2025-09-15 16:02:02.868;24499,0;1;BID;24498,75;24499,5
2025-09-15 16:02:02.992;24499,0;1;BID;24498,75;24499,5
2025-09-15 16:02:03.488;24500,0;1;BID;24501,0;24501,5
2025-09-15 16:02:03.496;24500,25;1;BID;24501,0;24501,5
2025-09-15 16:02:03.960;24501,0;1;BID;24501,0;24501,5
2025-09-15 16:02:03.960;24501,0;1;BID;24501,0;24501,5
2025-09-15 16:02:03.960;24501,25;1;ASK;24501,0;24501,5
2025-09-15 16:02:03.964;24501,25;1;ASK;24501,0;24501,5
2025-09-15 16:02:03.964;24501,25;1;ASK;24501,0;24501,5
2025-09-15 16:02:03.968;24501,5;1;ASK;24501,0;24501,5
2025-09-15 16:02:03.972;24501,5;1;ASK;24501,0;24501,5
2025-09-15 16:02:03.972;24501,5;1;ASK;24501,0;24501,5
2025-09-15 16:02:03.972;24501,75;1;ASK;24501,0;24501,5
2025-09-15 16:02:03.972;24501,75;1;ASK;24501,0;24501,5
2025-09-15 16:02:03.976;24501,75;1;ASK;24501,0;24501,5
2025-09-15 16:02:03.976;24501,5;1;ASK;24501,0;24501,5
2025-09-15 16:02:03.976;24501,5;1;ASK;24501,0;24501,5
2025-09-15 16:02:03.976;24501,5;1;ASK;24501,0;24501,5
2025-09-15 16:02:03.976;24501,5;2;ASK;24501,0;24501,5
2025-09-15 16:02:03.980;24501,75;1;ASK;24501,0;24501,5
2025-09-15 16:02:04.140;24501,5;1;ASK;24499,25;24500,0
2025-09-15 16:02:04.536;24502,0;1;ASK;24499,25;24500,0
2025-09-15 16:02:04.600;24502,0;2;ASK;24499,25;24500,0
2025-09-15 16:02:04.600;24502,0;1;ASK;24499,25;24500,0
2025-09-15 16:02:04.600;24502,0;1;ASK;24499,25;24500,0
2025-09-15 16:02:04.600;24502,0;2;ASK;24499,25;24500,0
2025-09-15 16:02:04.636;24501,75;1;ASK;24499,25;24500,0
2025-09-15 16:02:04.772;24501,5;1;ASK;24499,25;24500,0
2025-09-15 16:02:04.772;24501,5;1;ASK;24499,25;24500,0
2025-09-15 16:02:04.772;24501,25;1;ASK;24499,25;24500,0
2025-09-15 16:02:04.772;24501,25;1;ASK;24499,25;24500,0
2025-09-15 16:02:04.772;24501,25;1;ASK;24499,25;24500,0
2025-09-15 16:02:04.772;24501,25;1;ASK;24499,25;24500,0
2025-09-15 16:02:04.772;24501,25;1;ASK;24499,25;24500,0
2025-09-15 16:02:04.772;24501,0;1;ASK;24499,25;24500,0
2025-09-15 16:02:04.772;24501,0;1;ASK;24499,25;24500,0
2025-09-15 16:02:04.772;24501,0;2;ASK;24499,25;24500,0
2025-09-15 16:02:04.776;24501,5;1;ASK;24499,25;24500,0
2025-09-15 16:02:04.776;24501,5;1;ASK;24499,25;24500,0
2025-09-15 16:02:04.776;24501,5;1;ASK;24499,25;24500,0
2025-09-15 16:02:04.776;24501,5;1;ASK;24499,25;24500,0
2025-09-15 16:02:04.776;24501,0;1;ASK;24499,25;24500,0
2025-09-15 16:02:04.776;24501,0;1;ASK;24499,25;24500,0
2025-09-15 16:02:04.776;24501,0;1;ASK;24499,25;24500,0
2025-09-15 16:02:04.776;24500,75;1;ASK;24499,25;24500,0
2025-09-15 16:02:04.776;24500,75;1;ASK;24499,25;24500,0
2025-09-15 16:02:04.776;24500,75;1;ASK;24499,25;24500,0
2025-09-15 16:02:04.776;24500,5;1;ASK;24499,25;24500,0
2025-09-15 16:02:04.776;24500,5;1;ASK;24499,25;24500,0
2025-09-15 16:02:04.776;24500,5;1;ASK;24499,25;24500,0
2025-09-15 16:02:04.780;24500,25;1;ASK;24499,25;24500,0
2025-09-15 16:02:04.780;24501,0;1;ASK;24499,25;24500,0
2025-09-15 16:02:04.780;24501,5;1;ASK;24499,25;24500,0
2025-09-15 16:02:04.792;24500,5;1;ASK;24499,25;24500,0
2025-09-15 16:02:04.792;24500,5;1;ASK;24499,25;24500,0
2025-09-15 16:02:04.792;24501,0;1;ASK;24499,25;24500,0
2025-09-15 16:02:04.812;24500,25;1;ASK;24499,25;24500,0
2025-09-15 16:02:04.812;24500,25;1;ASK;24499,25;24500,0
2025-09-15 16:02:04.876;24499,5;1;BID;24499,25;24500,0
2025-09-15 16:02:04.876;24499,5;1;BID;24499,25;24500,0
2025-09-15 16:02:05.000;24499,75;1;ASK;24499,25;24500,0
2025-09-15 16:02:05.000;24499,75;1;ASK;24499,25;24500,0
2025-09-15 16:02:05.044;24500,0;1;BID;24501,0;24501,5
2025-09-15 16:02:05.044;24500,0;1;BID;24501,0;24501,5
2025-09-15 16:02:05.120;24500,5;1;BID;24501,0;24501,5
2025-09-15 16:02:05.120;24500,5;1;BID;24501,0;24501,5
2025-09-15 16:02:05.160;24500,75;1;BID;24501,0;24501,5
2025-09-15 16:02:05.268;24500,0;1;BID;24501,0;24501,5
2025-09-15 16:02:05.276;24500,75;1;BID;24501,0;24501,5
2025-09-15 16:02:05.540;24500,75;1;BID;24501,0;24501,5
2025-09-15 16:02:05.544;24501,0;1;BID;24501,0;24501,5
2025-09-15 16:02:05.876;24501,25;1;ASK;24501,0;24501,5
2025-09-15 16:02:06.276;24500,75;1;ASK;24499,5;24500,0
2025-09-15 16:02:06.276;24500,75;1;ASK;24499,5;24500,0
2025-09-15 16:02:06.312;24500,25;1;ASK;24499,5;24500,0
2025-09-15 16:02:06.312;24500,5;1;ASK;24499,5;24500,0
2025-09-15 16:02:06.392;24500,75;1;ASK;24499,5;24500,0
2025-09-15 16:02:06.776;24500,5;1;ASK;24499,5;24500,0
2025-09-15 16:02:06.776;24500,5;1;ASK;24499,5;24500,0
2025-09-15 16:02:06.776;24500,25;1;ASK;24499,5;24500,0
2025-09-15 16:02:06.776;24500,25;1;ASK;24499,5;24500,0
2025-09-15 16:02:06.776;24500,25;1;ASK;24499,5;24500,0
2025-09-15 16:02:06.776;24500,0;1;ASK;24499,5;24500,0
2025-09-15 16:02:06.776;24500,0;1;ASK;24499,5;24500,0
2025-09-15 16:02:06.776;24500,0;1;ASK;24499,5;24500,0
2025-09-15 16:02:06.776;24499,75;1;ASK;24499,5;24500,0
2025-09-15 16:02:06.776;24499,75;1;ASK;24499,5;24500,0
2025-09-15 16:02:06.776;24499,75;1;ASK;24499,5;24500,0
2025-09-15 16:02:06.908;24500,25;1;ASK;24499,5;24500,0
2025-09-15 16:02:06.932;24500,0;1;ASK;24499,5;24500,0
2025-09-15 16:02:06.932;24500,0;1;ASK;24499,5;24500,0
2025-09-15 16:02:06.932;24500,0;1;ASK;24499,5;24500,0
2025-09-15 16:02:07.324;24499,5;1;BID;24499,75;24500,5
2025-09-15 16:02:07.396;24499,5;1;BID;24499,75;24500,5
2025-09-15 16:02:07.516;24500,25;1;ASK;24499,75;24500,5
2025-09-15 16:02:07.516;24500,25;1;ASK;24499,75;24500,5
2025-09-15 16:02:07.516;24500,25;1;ASK;24499,75;24500,5
2025-09-15 16:02:07.884;24500,25;1;ASK;24499,75;24500,5
2025-09-15 16:02:08.124;24500,5;1;BID;24500,5;24501,0
2025-09-15 16:02:08.128;24501,0;1;ASK;24500,5;24501,0
2025-09-15 16:02:08.128;24501,0;1;ASK;24500,5;24501,0
2025-09-15 16:02:08.332;24501,0;1;ASK;24500,5;24501,0
2025-09-15 16:02:08.332;24501,0;1;ASK;24500,5;24501,0
2025-09-15 16:02:08.680;24501,0;1;ASK;24500,5;24501,0
2025-09-15 16:02:08.944;24500,5;1;BID;24500,5;24501,0
2025-09-15 16:02:08.952;24500,75;1;ASK;24500,5;24501,0
2025-09-15 16:02:08.952;24500,75;1;ASK;24500,5;24501,0
2025-09-15 16:02:08.952;24500,75;1;ASK;24500,5;24501,0
2025-09-15 16:02:08.952;24501,0;1;ASK;24500,5;24501,0
2025-09-15 16:02:08.952;24501,0;1;ASK;24500,5;24501,0
2025-09-15 16:02:09.424;24501,25;1;BID;24501,75;24502,25
2025-09-15 16:02:09.424;24501,5;1;BID;24501,75;24502,25
2025-09-15 16:02:09.636;24501,25;1;BID;24501,75;24502,25
2025-09-15 16:02:09.704;24501,5;1;BID;24501,75;24502,25
2025-09-15 16:02:09.868;24501,75;1;BID;24501,75;24502,25
2025-09-15 16:02:09.876;24501,75;1;BID;24501,75;24502,25
2025-09-15 16:02:09.924;24502,0;1;ASK;24501,75;24502,25
2025-09-15 16:02:09.924;24502,25;1;ASK;24501,75;24502,25
2025-09-15 16:02:09.924;24502,25;1;ASK;24501,75;24502,25
2025-09-15 16:02:09.924;24502,25;1;ASK;24501,75;24502,25
2025-09-15 16:02:09.988;24501,75;1;BID;24501,75;24502,25
2025-09-15 16:02:10.040;24502,0;1;ASK;24501,5;24502,0
2025-09-15 16:02:10.188;24501,75;1;ASK;24501,5;24502,0
2025-09-15 16:02:10.188;24501,75;1;ASK;24501,5;24502,0
2025-09-15 16:02:10.204;24501,75;1;ASK;24501,5;24502,0
2025-09-15 16:02:10.280;24502,0;1;ASK;24501,5;24502,0
2025-09-15 16:02:10.316;24501,75;1;ASK;24501,5;24502,0
2025-09-15 16:02:10.340;24501,75;1;ASK;24501,5;24502,0
2025-09-15 16:02:10.340;24501,75;1;ASK;24501,5;24502,0
2025-09-15 16:02:10.800;24501,5;1;BID;24501,5;24502,0
2025-09-15 16:02:10.816;24501,75;1;ASK;24501,5;24502,0
2025-09-15 16:02:10.872;24502,0;1;ASK;24501,5;24502,0
2025-09-15 16:02:10.880;24502,25;1;ASK;24501,5;24502,0
2025-09-15 16:02:10.888;24502,25;1;ASK;24501,5;24502,0
2025-09-15 16:02:10.892;24502,75;1;ASK;24501,5;24502,0
2025-09-15 16:02:10.920;24502,25;1;ASK;24501,5;24502,0
2025-09-15 16:02:10.992;24502,0;1;ASK;24501,5;24502,0
2025-09-15 16:02:11.240;24502,5;1;ASK;24501,75;24502,5
2025-09-15 16:02:11.800;24502,25;1;ASK;24501,75;24502,5
2025-09-15 16:02:11.900;24502,0;1;BID;24501,75;24502,5
2025-09-15 16:02:11.916;24502,5;1;ASK;24501,75;24502,5
2025-09-15 16:02:12.416;24502,25;1;BID;24502,25;24502,75
2025-09-15 16:02:12.484;24502,5;1;ASK;24502,25;24502,75
2025-09-15 16:02:12.556;24502,5;1;ASK;24502,25;24502,75
2025-09-15 16:02:12.876;24502,75;1;ASK;24502,25;24502,75
2025-09-15 16:02:13.120;24503,0;1;BID;24504,0;24504,25
2025-09-15 16:02:13.120;24503,0;3;BID;24504,0;24504,25
2025-09-15 16:02:13.120;24503,0;2;BID;24504,0;24504,25
2025-09-15 16:02:13.124;24503,0;1;BID;24504,0;24504,25
2025-09-15 16:02:13.124;24503,0;25;BID;24504,0;24504,25
2025-09-15 16:02:13.124;24503,0;6;BID;24504,0;24504,25
2025-09-15 16:02:13.124;24503,0;3;BID;24504,0;24504,25
2025-09-15 16:02:13.124;24503,0;1;BID;24504,0;24504,25
2025-09-15 16:02:13.144;24503,5;1;BID;24504,0;24504,25
2025-09-15 16:02:13.164;24503,25;1;BID;24504,0;24504,25
2025-09-15 16:02:13.308;24503,5;1;BID;24504,0;24504,25
2025-09-15 16:02:13.400;24504,0;1;BID;24504,0;24504,25
2025-09-15 16:02:13.908;24503,75;1;BID;24504,0;24504,25
2025-09-15 16:02:13.932;24504,0;1;BID;24504,0;24504,25
2025-09-15 16:02:13.992;24504,0;1;BID;24504,0;24504,25
2025-09-15 16:02:13.992;24504,25;1;ASK;24504,0;24504,25
2025-09-15 16:02:13.992;24504,5;1;ASK;24504,0;24504,25
2025-09-15 16:02:13.992;24504,5;1;ASK;24504,0;24504,25
2025-09-15 16:02:14.008;24504,25;1;ASK;24503,5;24504,0
2025-09-15 16:02:14.008;24504,5;1;ASK;24503,5;24504,0
2025-09-15 16:02:14.008;24504,5;1;ASK;24503,5;24504,0
2025-09-15 16:02:14.008;24504,5;1;ASK;24503,5;24504,0
2025-09-15 16:02:14.028;24504,5;1;ASK;24503,5;24504,0
2025-09-15 16:02:14.180;24504,0;1;ASK;24503,5;24504,0
2025-09-15 16:02:14.228;24504,25;1;ASK;24503,5;24504,0
2025-09-15 16:02:14.568;24504,25;1;ASK;24503,5;24504,0
2025-09-15 16:02:14.600;24504,0;1;ASK;24503,5;24504,0
2025-09-15 16:02:14.604;24504,5;1;ASK;24503,5;24504,0
2025-09-15 16:02:15.060;24503,5;1;ASK;24502,5;24503,0
2025-09-15 16:02:15.060;24503,25;1;ASK;24502,5;24503,0
2025-09-15 16:02:15.184;24504,0;1;ASK;24502,5;24503,0
2025-09-15 16:02:15.184;24504,0;1;ASK;24502,5;24503,0
2025-09-15 16:02:15.184;24504,0;1;ASK;24502,5;24503,0
2025-09-15 16:02:15.184;24504,0;1;ASK;24502,5;24503,0
2025-09-15 16:02:15.184;24504,0;1;ASK;24502,5;24503,0
2025-09-15 16:02:15.184;24504,25;1;ASK;24502,5;24503,0
2025-09-15 16:02:15.184;24504,25;1;ASK;24502,5;24503,0
2025-09-15 16:02:15.184;24504,25;1;ASK;24502,5;24503,0
2025-09-15 16:02:15.184;24504,25;1;ASK;24502,5;24503,0
2025-09-15 16:02:15.184;24504,25;1;ASK;24502,5;24503,0
2025-09-15 16:02:15.220;24503,75;1;ASK;24502,5;24503,0
2025-09-15 16:02:15.500;24503,5;1;ASK;24502,5;24503,0
2025-09-15 16:02:15.500;24503,5;1;ASK;24502,5;24503,0
2025-09-15 16:02:15.504;24503,25;1;ASK;24502,5;24503,0
2025-09-15 16:02:15.772;24503,5;1;ASK;24502,5;24503,0
2025-09-15 16:02:15.772;24503,5;1;ASK;24502,5;24503,0
2025-09-15 16:02:15.772;24503,5;1;ASK;24502,5;24503,0
2025-09-15 16:02:15.772;24503,5;1;ASK;24502,5;24503,0
2025-09-15 16:02:15.968;24502,5;1;BID;24502,5;24503,0
2025-09-15 16:02:15.992;24503,0;1;ASK;24502,5;24503,0
2025-09-15 16:02:16.056;24502,5;1;BID;24503,0;24503,5
2025-09-15 16:02:16.060;24502,25;1;BID;24503,0;24503,5
2025-09-15 16:02:16.236;24502,25;1;BID;24503,0;24503,5
2025-09-15 16:02:16.248;24502,25;1;BID;24503,0;24503,5
2025-09-15 16:02:16.304;24502,0;1;BID;24503,0;24503,5
2025-09-15 16:02:16.316;24502,75;1;BID;24503,0;24503,5
2025-09-15 16:02:16.772;24502,75;1;BID;24503,0;24503,5
2025-09-15 16:02:16.828;24503,25;1;ASK;24503,0;24503,5
2025-09-15 16:02:17.436;24503,0;1;BID;24503,25;24503,75
2025-09-15 16:02:18.064;24503,75;1;ASK;24503,5;24504,0
2025-09-15 16:02:18.148;24503,25;1;BID;24503,5;24504,0
2025-09-15 16:02:18.296;24504,25;1;ASK;24503,5;24504,0
2025-09-15 16:02:18.296;24504,25;1;ASK;24503,5;24504,0
2025-09-15 16:02:18.316;24504,0;1;ASK;24503,5;24504,0
2025-09-15 16:02:19.308;24503,75;1;ASK;24503,0;24503,5
2025-09-15 16:02:19.308;24504,0;1;ASK;24503,0;24503,5
2025-09-15 16:02:19.308;24504,0;1;ASK;24503,0;24503,5
2025-09-15 16:02:19.508;24503,75;1;ASK;24503,0;24503,5
2025-09-15 16:02:19.508;24503,75;1;ASK;24503,0;24503,5
2025-09-15 16:02:19.508;24504,0;1;ASK;24503,0;24503,5
2025-09-15 16:02:19.508;24504,0;1;ASK;24503,0;24503,5
2025-09-15 16:02:19.540;24504,0;1;ASK;24503,0;24503,5
2025-09-15 16:02:19.540;24504,0;1;ASK;24503,0;24503,5
2025-09-15 16:02:19.540;24504,0;1;ASK;24503,0;24503,5
2025-09-15 16:02:19.540;24504,25;1;ASK;24503,0;24503,5
2025-09-15 16:02:19.680;24503,75;1;ASK;24503,0;24503,5
2025-09-15 16:02:19.680;24504,0;1;ASK;24503,0;24503,5
2025-09-15 16:02:19.684;24503,75;1;ASK;24503,0;24503,5
2025-09-15 16:02:19.820;24503,25;1;ASK;24503,0;24503,5
2025-09-15 16:02:19.820;24503,25;1;ASK;24503,0;24503,5
2025-09-15 16:02:19.952;24503,25;1;ASK;24503,0;24503,5
2025-09-15 16:02:19.952;24503,25;1;ASK;24503,0;24503,5
2025-09-15 16:02:20.168;24503,25;1;ASK;24502,0;24502,5
2025-09-15 16:02:20.248;24503,75;1;ASK;24502,0;24502,5
2025-09-15 16:02:20.276;24503,5;1;ASK;24502,0;24502,5
2025-09-15 16:02:20.276;24503,5;1;ASK;24502,0;24502,5
2025-09-15 16:02:21.264;24502,0;1;ASK;24500,75;24501,25
2025-09-15 16:02:21.300;24502,25;1;ASK;24500,75;24501,25
2025-09-15 16:02:21.372;24501,75;1;ASK;24500,75;24501,25
2025-09-15 16:02:21.384;24502,0;1;ASK;24500,75;24501,25
2025-09-15 16:02:21.528;24502,25;1;ASK;24500,75;24501,25
2025-09-15 16:02:21.684;24501,0;1;ASK;24500,75;24501,25
2025-09-15 16:02:21.688;24500,75;1;BID;24500,75;24501,25
2025-09-15 16:02:21.688;24500,5;1;BID;24500,75;24501,25
2025-09-15 16:02:22.432;24501,75;1;BID;24501,75;24502,25
2025-09-15 16:02:23.076;24501,5;1;ASK;24501,0;24501,75
2025-09-15 16:02:23.076;24501,5;1;ASK;24501,0;24501,75
2025-09-15 16:02:23.084;24501,5;1;ASK;24501,0;24501,75
2025-09-15 16:02:23.116;24501,25;1;BID;24501,0;24501,75
2025-09-15 16:02:23.116;24501,0;1;BID;24501,0;24501,75
2025-09-15 16:02:23.116;24501,0;1;BID;24501,0;24501,75
2025-09-15 16:02:23.256;24501,25;1;BID;24501,0;24501,75
2025-09-15 16:02:23.256;24501,25;1;BID;24501,0;24501,75
2025-09-15 16:02:23.752;24501,75;1;ASK;24501,0;24501,75
2025-09-15 16:02:24.304;24501,0;1;ASK;24500,5;24501,25
2025-09-15 16:02:24.304;24501,0;1;ASK;24500,5;24501,25
2025-09-15 16:02:24.992;24500,75;1;BID;24500,5;24501,25
2025-09-15 16:02:25.100;24501,0;1;ASK;24500,25;24500,75
2025-09-15 16:02:25.288;24500,75;1;ASK;24500,25;24500,75
2025-09-15 16:02:25.308;24500,5;4;ASK;24500,25;24500,75
2025-09-15 16:02:25.308;24500,5;1;ASK;24500,25;24500,75
2025-09-15 16:02:25.308;24500,5;1;ASK;24500,25;24500,75
2025-09-15 16:02:25.380;24500,75;1;ASK;24500,25;24500,75
2025-09-15 16:02:25.588;24500,5;1;ASK;24500,25;24500,75
2025-09-15 16:02:25.820;24500,5;1;ASK;24500,25;24500,75
2025-09-15 16:02:25.820;24500,75;1;ASK;24500,25;24500,75
2025-09-15 16:02:25.976;24500,5;1;ASK;24500,25;24500,75
2025-09-15 16:02:26.236;24500,0;1;BID;24500,0;24500,5
2025-09-15 16:02:26.236;24500,0;1;BID;24500,0;24500,5
2025-09-15 16:02:26.700;24500,25;1;ASK;24500,0;24500,5
2025-09-15 16:02:27.016;24500,0;1;BID;24500,0;24500,5
2025-09-15 16:02:27.016;24500,25;1;ASK;24500,0;24500,5
2025-09-15 16:02:28.056;24500,5;1;ASK;24499,75;24500,5
2025-09-15 16:02:28.232;24501,0;1;ASK;24499,75;24500,5
2025-09-15 16:02:28.440;24500,5;1;ASK;24499,75;24500,5
2025-09-15 16:02:29.700;24500,25;1;BID;24500,25;24500,75
2025-09-15 16:02:29.700;24500,25;1;BID;24500,25;24500,75
2025-09-15 16:02:29.700;24500,25;1;BID;24500,25;24500,75
2025-09-15 16:02:29.852;24500,0;1;BID;24500,25;24500,75
2025-09-15 16:02:29.852;24500,0;1;BID;24500,25;24500,75
2025-09-15 16:02:30.088;24500,75;1;ASK;24499,5;24500,0
2025-09-15 16:02:30.088;24500,75;1;ASK;24499,5;24500,0
2025-09-15 16:02:30.144;24500,75;1;ASK;24499,5;24500,0
2025-09-15 16:02:30.144;24500,5;1;ASK;24499,5;24500,0
2025-09-15 16:02:30.228;24500,25;1;ASK;24499,5;24500,0
2025-09-15 16:02:30.624;24499,25;1;BID;24499,5;24500,0
2025-09-15 16:02:30.624;24499,25;1;BID;24499,5;24500,0
2025-09-15 16:02:30.900;24499,5;1;BID;24499,5;24500,0
2025-09-15 16:02:30.992;24499,75;1;ASK;24499,5;24500,0
2025-09-15 16:02:31.136;24500,0;1;ASK;24499,25;24500,0
2025-09-15 16:02:31.164;24499,5;1;BID;24499,25;24500,0
2025-09-15 16:02:31.184;24499,25;1;BID;24499,25;24500,0
2025-09-15 16:02:31.344;24499,5;1;BID;24499,25;24500,0
2025-09-15 16:02:31.344;24499,5;1;BID;24499,25;24500,0
2025-09-15 16:02:31.344;24499,5;1;BID;24499,25;24500,0
2025-09-15 16:02:31.344;24499,75;1;ASK;24499,25;24500,0
2025-09-15 16:02:31.344;24499,75;1;ASK;24499,25;24500,0
2025-09-15 16:02:31.344;24499,75;1;ASK;24499,25;24500,0
2025-09-15 16:02:31.344;24499,75;1;ASK;24499,25;24500,0
2025-09-15 16:02:31.344;24500,0;1;ASK;24499,25;24500,0
2025-09-15 16:02:31.344;24500,0;1;ASK;24499,25;24500,0
2025-09-15 16:02:31.344;24500,0;1;ASK;24499,25;24500,0
2025-09-15 16:02:31.368;24499,5;1;BID;24499,25;24500,0
2025-09-15 16:02:31.520;24499,5;1;BID;24499,25;24500,0
2025-09-15 16:02:31.564;24498,75;1;BID;24499,25;24500,0
2025-09-15 16:02:31.564;24498,75;1;BID;24499,25;24500,0
2025-09-15 16:02:31.920;24499,5;1;BID;24499,25;24500,0
2025-09-15 16:02:31.920;24499,5;1;BID;24499,25;24500,0
2025-09-15 16:02:31.920;24499,5;1;BID;24499,25;24500,0
2025-09-15 16:02:31.924;24499,5;1;BID;24499,25;24500,0
2025-09-15 16:02:31.996;24499,5;1;BID;24499,25;24500,0
2025-09-15 16:02:31.996;24499,25;1;BID;24499,25;24500,0
2025-09-15 16:02:31.996;24499,25;1;BID;24499,25;24500,0
2025-09-15 16:02:32.016;24500,0;1;ASK;24499,5;24500,0
2025-09-15 16:02:32.284;24500,0;1;ASK;24499,5;24500,0
2025-09-15 16:02:32.504;24500,25;1;ASK;24499,5;24500,0
2025-09-15 16:02:32.552;24500,25;1;ASK;24499,5;24500,0
2025-09-15 16:02:33.332;24499,25;1;BID;24499,25;24499,75
2025-09-15 16:02:33.416;24499,75;1;ASK;24499,25;24499,75
2025-09-15 16:02:33.652;24499,75;1;ASK;24499,25;24499,75
2025-09-15 16:02:34.068;24499,25;1;ASK;24498,5;24499,0
2025-09-15 16:02:34.132;24499,0;1;ASK;24498,5;24499,0
2025-09-15 16:02:34.132;24499,0;1;ASK;24498,5;24499,0
2025-09-15 16:02:34.132;24499,0;1;ASK;24498,5;24499,0
2025-09-15 16:02:34.172;24499,25;1;ASK;24498,5;24499,0
2025-09-15 16:02:34.608;24499,0;1;ASK;24498,5;24499,0
2025-09-15 16:02:34.836;24499,0;1;ASK;24498,5;24499,0
2025-09-15 16:02:35.012;24499,25;1;ASK;24497,75;24498,25
2025-09-15 16:02:35.028;24498,75;1;ASK;24497,75;24498,25
2025-09-15 16:02:35.028;24498,75;1;ASK;24497,75;24498,25
2025-09-15 16:02:35.028;24498,75;1;ASK;24497,75;24498,25
2025-09-15 16:02:35.028;24498,75;1;ASK;24497,75;24498,25
2025-09-15 16:02:35.172;24498,25;1;ASK;24497,75;24498,25
2025-09-15 16:02:35.264;24498,5;1;ASK;24497,75;24498,25
2025-09-15 16:02:35.412;24498,5;1;ASK;24497,75;24498,25
2025-09-15 16:02:35.920;24497,5;1;BID;24497,75;24498,25
2025-09-15 16:02:36.248;24497,75;1;BID;24497,75;24498,25
2025-09-15 16:02:36.496;24497,25;1;BID;24497,75;24498,25
2025-09-15 16:02:36.496;24497,25;1;BID;24497,75;24498,25
2025-09-15 16:02:36.496;24497,25;1;BID;24497,75;24498,25
2025-09-15 16:02:36.744;24497,5;1;BID;24497,75;24498,25
2025-09-15 16:02:37.156;24497,75;1;BID;24497,5;24498,25
2025-09-15 16:02:37.288;24498,25;1;ASK;24497,5;24498,25
2025-09-15 16:02:37.288;24498,25;1;ASK;24497,5;24498,25
2025-09-15 16:02:37.388;24497,75;1;BID;24497,5;24498,25
2025-09-15 16:02:37.908;24497,5;1;BID;24497,5;24498,25
2025-09-15 16:02:37.908;24497,5;1;BID;24497,5;24498,25
2025-09-15 16:02:37.924;24497,75;1;BID;24497,5;24498,25
2025-09-15 16:02:38.180;24497,25;1;ASK;24496,75;24497,25
2025-09-15 16:02:38.180;24497,25;1;ASK;24496,75;24497,25
2025-09-15 16:02:38.184;24497,0;1;ASK;24496,75;24497,25
2025-09-15 16:02:38.184;24497,0;1;ASK;24496,75;24497,25
2025-09-15 16:02:38.184;24497,0;1;ASK;24496,75;24497,25
2025-09-15 16:02:38.184;24497,0;1;ASK;24496,75;24497,25
2025-09-15 16:02:38.344;24497,0;1;ASK;24496,75;24497,25
2025-09-15 16:02:38.344;24497,0;1;ASK;24496,75;24497,25
2025-09-15 16:02:38.344;24496,75;1;BID;24496,75;24497,25
2025-09-15 16:02:38.496;24497,25;1;ASK;24496,75;24497,25
2025-09-15 16:02:38.604;24496,75;1;BID;24496,75;24497,25
2025-09-15 16:02:38.616;24497,0;1;ASK;24496,75;24497,25
2025-09-15 16:02:39.104;24497,25;1;ASK;24496,5;24497,0
2025-09-15 16:02:39.176;24497,5;1;ASK;24496,5;24497,0
2025-09-15 16:02:39.288;24496,75;1;ASK;24496,5;24497,0
2025-09-15 16:02:39.348;24497,0;1;ASK;24496,5;24497,0
2025-09-15 16:02:39.492;24496,5;1;BID;24496,5;24497,0
2025-09-15 16:02:39.492;24496,25;1;BID;24496,5;24497,0
2025-09-15 16:02:39.492;24496,25;1;BID;24496,5;24497,0
2025-09-15 16:02:39.492;24496,25;1;BID;24496,5;24497,0
2025-09-15 16:02:39.492;24496,25;1;BID;24496,5;24497,0
2025-09-15 16:02:39.492;24496,0;1;BID;24496,5;24497,0
2025-09-15 16:02:39.492;24496,0;1;BID;24496,5;24497,0
2025-09-15 16:02:39.492;24496,25;1;BID;24496,5;24497,0
2025-09-15 16:02:39.492;24496,0;1;BID;24496,5;24497,0
2025-09-15 16:02:39.560;24496,75;1;ASK;24496,5;24497,0
2025-09-15 16:02:39.888;24496,5;1;BID;24496,5;24497,0
2025-09-15 16:02:40.256;24496,0;3;ASK;24495,5;24496,25
2025-09-15 16:02:40.256;24496,0;1;ASK;24495,5;24496,25
2025-09-15 16:02:40.256;24496,0;1;ASK;24495,5;24496,25
2025-09-15 16:02:40.256;24496,0;1;ASK;24495,5;24496,25
2025-09-15 16:02:40.324;24496,0;1;ASK;24495,5;24496,25
2025-09-15 16:02:40.340;24495,75;1;BID;24495,5;24496,25
2025-09-15 16:02:40.340;24495,75;1;BID;24495,5;24496,25
2025-09-15 16:02:40.340;24495,75;1;BID;24495,5;24496,25
2025-09-15 16:02:40.340;24495,5;1;BID;24495,5;24496,25
2025-09-15 16:02:40.340;24495,5;1;BID;24495,5;24496,25
2025-09-15 16:02:40.340;24495,5;1;BID;24495,5;24496,25
2025-09-15 16:02:40.352;24495,5;1;BID;24495,5;24496,25
2025-09-15 16:02:40.356;24495,5;1;BID;24495,5;24496,25
2025-09-15 16:02:40.356;24495,75;1;BID;24495,5;24496,25
2025-09-15 16:02:40.356;24495,75;1;BID;24495,5;24496,25
2025-09-15 16:02:40.356;24495,75;1;BID;24495,5;24496,25
2025-09-15 16:02:40.364;24495,75;1;BID;24495,5;24496,25
2025-09-15 16:02:40.376;24495,75;1;BID;24495,5;24496,25
2025-09-15 16:02:40.564;24495,25;1;BID;24495,5;24496,25
2025-09-15 16:02:40.564;24495,25;1;BID;24495,5;24496,25
2025-09-15 16:02:40.572;24495,25;1;BID;24495,5;24496,25
2025-09-15 16:02:40.688;24495,5;1;BID;24495,5;24496,25
2025-09-15 16:02:40.688;24495,5;1;BID;24495,5;24496,25
2025-09-15 16:02:40.776;24496,0;1;ASK;24495,5;24496,25
2025-09-15 16:02:40.964;24496,0;1;ASK;24495,5;24496,25
2025-09-15 16:02:40.964;24496,25;1;ASK;24495,5;24496,25
2025-09-15 16:02:40.964;24496,25;1;ASK;24495,5;24496,25
2025-09-15 16:02:40.964;24496,25;1;ASK;24495,5;24496,25
2025-09-15 16:02:40.984;24496,0;1;ASK;24495,5;24496,25
2025-09-15 16:02:41.020;24495,5;1;BID;24497,25;24497,75
2025-09-15 16:02:41.048;24496,0;1;BID;24497,25;24497,75
2025-09-15 16:02:41.048;24496,0;1;BID;24497,25;24497,75
2025-09-15 16:02:41.048;24496,0;1;BID;24497,25;24497,75
2025-09-15 16:02:41.048;24496,0;1;BID;24497,25;24497,75
2025-09-15 16:02:41.048;24496,0;1;BID;24497,25;24497,75
2025-09-15 16:02:41.228;24496,25;1;BID;24497,25;24497,75
2025-09-15 16:02:41.228;24496,25;1;BID;24497,25;24497,75
2025-09-15 16:02:41.324;24496,25;1;BID;24497,25;24497,75
2025-09-15 16:02:41.324;24496,25;1;BID;24497,25;24497,75
2025-09-15 16:02:41.436;24496,5;1;BID;24497,25;24497,75
2025-09-15 16:02:41.592;24497,5;1;ASK;24497,25;24497,75
2025-09-15 16:02:41.592;24497,75;1;ASK;24497,25;24497,75
2025-09-15 16:02:41.592;24497,75;3;ASK;24497,25;24497,75
2025-09-15 16:02:41.596;24497,5;1;ASK;24497,25;24497,75
2025-09-15 16:02:41.596;24497,5;1;ASK;24497,25;24497,75
2025-09-15 16:02:41.596;24497,5;1;ASK;24497,25;24497,75
2025-09-15 16:02:41.608;24497,75;1;ASK;24497,25;24497,75
2025-09-15 16:02:41.608;24497,75;1;ASK;24497,25;24497,75
2025-09-15 16:02:41.608;24497,75;1;ASK;24497,25;24497,75
2025-09-15 16:02:41.608;24497,5;1;ASK;24497,25;24497,75
2025-09-15 16:02:41.628;24498,0;1;ASK;24497,25;24497,75
2025-09-15 16:02:41.628;24498,0;1;ASK;24497,25;24497,75
2025-09-15 16:02:41.636;24498,0;1;ASK;24497,25;24497,75
2025-09-15 16:02:41.652;24497,75;1;ASK;24497,25;24497,75
2025-09-15 16:02:41.652;24497,5;1;ASK;24497,25;24497,75
2025-09-15 16:02:42.048;24497,5;1;ASK;24495,25;24495,75
2025-09-15 16:02:42.136;24497,75;1;ASK;24495,25;24495,75
2025-09-15 16:02:42.136;24497,5;1;ASK;24495,25;24495,75
2025-09-15 16:02:42.136;24497,25;1;ASK;24495,25;24495,75
2025-09-15 16:02:42.136;24497,25;1;ASK;24495,25;24495,75
2025-09-15 16:02:42.136;24497,25;1;ASK;24495,25;24495,75
2025-09-15 16:02:42.148;24497,25;1;ASK;24495,25;24495,75
2025-09-15 16:02:42.148;24497,25;1;ASK;24495,25;24495,75
2025-09-15 16:02:42.396;24497,0;1;ASK;24495,25;24495,75
2025-09-15 16:02:42.752;24495,75;1;ASK;24495,25;24495,75
2025-09-15 16:02:43.124;24495,0;1;BID;24495,75;24496,25
2025-09-15 16:02:43.124;24495,0;2;BID;24495,75;24496,25
2025-09-15 16:02:43.124;24495,0;1;BID;24495,75;24496,25
2025-09-15 16:02:43.124;24495,0;1;BID;24495,75;24496,25
2025-09-15 16:02:43.124;24495,0;3;BID;24495,75;24496,25
2025-09-15 16:02:43.124;24495,0;1;BID;24495,75;24496,25
2025-09-15 16:02:43.124;24495,25;1;BID;24495,75;24496,25
2025-09-15 16:02:43.124;24495,25;1;BID;24495,75;24496,25
2025-09-15 16:02:43.788;24495,75;1;BID;24495,75;24496,25
2025-09-15 16:02:43.788;24495,75;1;BID;24495,75;24496,25
2025-09-15 16:02:43.788;24495,75;1;BID;24495,75;24496,25
2025-09-15 16:02:43.788;24495,5;1;BID;24495,75;24496,25
2025-09-15 16:02:43.788;24495,5;1;BID;24495,75;24496,25
2025-09-15 16:02:43.788;24495,5;1;BID;24495,75;24496,25
2025-09-15 16:02:43.788;24495,5;1;BID;24495,75;24496,25
2025-09-15 16:02:43.788;24495,25;1;BID;24495,75;24496,25
2025-09-15 16:02:43.788;24495,25;1;BID;24495,75;24496,25
2025-09-15 16:02:43.788;24495,25;1;BID;24495,75;24496,25
2025-09-15 16:02:43.824;24495,75;1;BID;24495,75;24496,25
2025-09-15 16:02:44.148;24495,5;1;ASK;24495,25;24495,75
2025-09-15 16:02:44.280;24495,5;1;ASK;24495,25;24495,75
2025-09-15 16:02:44.280;24495,5;1;ASK;24495,25;24495,75
2025-09-15 16:02:44.324;24495,5;1;ASK;24495,25;24495,75
2025-09-15 16:02:44.324;24495,5;1;ASK;24495,25;24495,75
2025-09-15 16:02:44.412;24495,5;1;ASK;24495,25;24495,75
2025-09-15 16:02:44.492;24495,0;2;BID;24495,25;24495,75
2025-09-15 16:02:44.540;24495,25;1;BID;24495,25;24495,75
2025-09-15 16:02:44.580;24495,25;1;BID;24495,25;24495,75
2025-09-15 16:02:44.712;24495,0;3;BID;24495,25;24495,75
2025-09-15 16:02:44.844;24495,75;1;ASK;24495,25;24495,75
2025-09-15 16:02:44.956;24495,5;1;ASK;24495,25;24495,75
2025-09-15 16:02:45.164;24495,25;1;ASK;24495,0;24495,5
2025-09-15 16:02:45.352;24495,75;1;ASK;24495,0;24495,5
2025-09-15 16:02:45.736;24495,5;1;ASK;24495,0;24495,5
2025-09-15 16:02:45.736;24495,5;1;ASK;24495,0;24495,5
2025-09-15 16:02:45.736;24495,5;1;ASK;24495,0;24495,5
2025-09-15 16:02:45.736;24495,75;1;ASK;24495,0;24495,5
2025-09-15 16:02:45.736;24495,75;1;ASK;24495,0;24495,5
2025-09-15 16:02:45.736;24495,75;1;ASK;24495,0;24495,5
2025-09-15 16:02:45.828;24495,25;1;ASK;24495,0;24495,5
2025-09-15 16:02:45.828;24495,0;1;BID;24495,0;24495,5
2025-09-15 16:02:45.828;24495,25;1;ASK;24495,0;24495,5
2025-09-15 16:02:45.916;24495,5;1;ASK;24495,0;24495,5
2025-09-15 16:02:46.316;24495,0;3;BID;24495,25;24495,75
2025-09-15 16:02:46.320;24495,0;1;BID;24495,25;24495,75
2025-09-15 16:02:46.320;24495,0;1;BID;24495,25;24495,75
2025-09-15 16:02:46.320;24495,0;1;BID;24495,25;24495,75
2025-09-15 16:02:46.320;24495,0;1;BID;24495,25;24495,75
2025-09-15 16:02:46.496;24495,5;1;ASK;24495,25;24495,75
2025-09-15 16:02:46.504;24495,75;1;ASK;24495,25;24495,75
2025-09-15 16:02:46.504;24495,75;1;ASK;24495,25;24495,75
2025-09-15 16:02:46.508;24495,75;1;ASK;24495,25;24495,75
2025-09-15 16:02:46.820;24495,5;1;ASK;24495,25;24495,75
2025-09-15 16:02:47.516;24495,75;1;ASK;24495,25;24495,5
2025-09-15 16:02:47.784;24495,75;1;ASK;24495,25;24495,5
2025-09-15 16:02:48.040;24495,25;1;ASK;24495,0;24495,5
2025-09-15 16:02:48.040;24495,25;1;ASK;24495,0;24495,5
2025-09-15 16:02:48.044;24495,25;1;ASK;24495,0;24495,5
2025-09-15 16:02:48.100;24495,25;1;ASK;24495,0;24495,5
2025-09-15 16:02:48.232;24495,5;1;ASK;24495,0;24495,5
2025-09-15 16:02:48.232;24495,5;1;ASK;24495,0;24495,5
2025-09-15 16:02:48.232;24495,25;1;ASK;24495,0;24495,5
2025-09-15 16:02:48.232;24495,25;1;ASK;24495,0;24495,5
2025-09-15 16:02:48.332;24495,5;1;ASK;24495,0;24495,5
2025-09-15 16:02:48.344;24495,75;1;ASK;24495,0;24495,5
2025-09-15 16:02:48.344;24495,75;1;ASK;24495,0;24495,5
2025-09-15 16:02:48.344;24496,0;1;ASK;24495,0;24495,5
2025-09-15 16:02:48.504;24495,5;1;ASK;24495,0;24495,5
2025-09-15 16:02:48.548;24495,0;1;BID;24495,0;24495,5
2025-09-15 16:02:48.564;24495,5;1;ASK;24495,0;24495,5
2025-09-15 16:02:48.564;24495,75;2;ASK;24495,0;24495,5
2025-09-15 16:02:48.564;24495,75;1;ASK;24495,0;24495,5
2025-09-15 16:02:48.564;24495,75;1;ASK;24495,0;24495,5
2025-09-15 16:02:48.564;24496,0;1;ASK;24495,0;24495,5
2025-09-15 16:02:48.564;24496,0;1;ASK;24495,0;24495,5
2025-09-15 16:02:48.564;24496,0;1;ASK;24495,0;24495,5
2025-09-15 16:02:48.564;24496,0;1;ASK;24495,0;24495,5
2025-09-15 16:02:48.564;24496,0;1;ASK;24495,0;24495,5
2025-09-15 16:02:48.564;24496,25;1;ASK;24495,0;24495,5
2025-09-15 16:02:48.564;24496,25;1;ASK;24495,0;24495,5
2025-09-15 16:02:48.564;24496,25;3;ASK;24495,0;24495,5
2025-09-15 16:02:48.812;24495,25;1;ASK;24495,0;24495,5
2025-09-15 16:02:48.812;24495,25;1;ASK;24495,0;24495,5
2025-09-15 16:02:49.404;24495,0;1;BID;24495,0;24495,5
2025-09-15 16:02:49.404;24495,0;1;BID;24495,0;24495,5
2025-09-15 16:02:49.492;24495,5;1;ASK;24495,0;24495,5
2025-09-15 16:02:50.092;24495,5;1;ASK;24495,0;24495,75
2025-09-15 16:02:50.772;24495,25;1;BID;24495,0;24495,75
2025-09-15 16:02:50.772;24495,5;1;ASK;24495,0;24495,75
2025-09-15 16:02:50.772;24495,5;1;ASK;24495,0;24495,75
2025-09-15 16:02:50.776;24495,25;1;BID;24495,0;24495,75
2025-09-15 16:02:51.228;24495,75;1;ASK;24495,5;24496,0
2025-09-15 16:02:51.228;24495,5;1;BID;24495,5;24496,0
2025-09-15 16:02:51.388;24495,0;1;BID;24495,5;24496,0
2025-09-15 16:02:51.388;24494,75;1;BID;24495,5;24496,0
2025-09-15 16:02:51.388;24494,75;1;BID;24495,5;24496,0
2025-09-15 16:02:51.388;24494,75;1;BID;24495,5;24496,0
2025-09-15 16:02:51.388;24494,75;1;BID;24495,5;24496,0
2025-09-15 16:02:51.396;24494,75;1;BID;24495,5;24496,0
2025-09-15 16:02:51.396;24494,75;1;BID;24495,5;24496,0
2025-09-15 16:02:51.416;24495,0;1;BID;24495,5;24496,0
2025-09-15 16:02:51.652;24495,5;1;BID;24495,5;24496,0
2025-09-15 16:02:51.908;24495,75;1;ASK;24495,5;24496,0
2025-09-15 16:02:51.908;24495,75;1;ASK;24495,5;24496,0
2025-09-15 16:02:52.028;24495,5;1;ASK;24493,75;24494,25
2025-09-15 16:02:52.028;24496,0;1;ASK;24493,75;24494,25
2025-09-15 16:02:52.032;24496,0;1;ASK;24493,75;24494,25
2025-09-15 16:02:52.036;24495,75;1;ASK;24493,75;24494,25
2025-09-15 16:02:52.036;24495,75;1;ASK;24493,75;24494,25
2025-09-15 16:02:52.096;24495,5;1;ASK;24493,75;24494,25
2025-09-15 16:02:52.356;24495,0;1;ASK;24493,75;24494,25
2025-09-15 16:02:52.356;24495,0;1;ASK;24493,75;24494,25
2025-09-15 16:02:52.368;24494,75;1;ASK;24493,75;24494,25
2025-09-15 16:02:52.420;24494,25;1;ASK;24493,75;24494,25
2025-09-15 16:02:52.420;24494,25;1;ASK;24493,75;24494,25
2025-09-15 16:02:52.428;24494,5;1;ASK;24493,75;24494,25
2025-09-15 16:02:52.436;24494,0;1;ASK;24493,75;24494,25
2025-09-15 16:02:52.504;24494,0;1;ASK;24493,75;24494,25
2025-09-15 16:02:52.520;24494,25;1;ASK;24493,75;24494,25
2025-09-15 16:02:52.796;24494,0;1;ASK;24493,75;24494,25
2025-09-15 16:02:52.796;24494,0;1;ASK;24493,75;24494,25
2025-09-15 16:02:52.876;24493,5;1;BID;24493,75;24494,25
2025-09-15 16:02:53.004;24493,75;1;BID;24494,0;24494,5
2025-09-15 16:02:53.204;24494,25;1;ASK;24494,0;24494,5
2025-09-15 16:02:53.208;24494,0;1;BID;24494,0;24494,5
2025-09-15 16:02:53.224;24493,75;1;BID;24494,0;24494,5
2025-09-15 16:02:53.368;24493,75;1;BID;24494,0;24494,5
2025-09-15 16:02:53.368;24493,75;1;BID;24494,0;24494,5
2025-09-15 16:02:53.648;24494,0;1;BID;24494,0;24494,5
2025-09-15 16:02:53.648;24494,0;1;BID;24494,0;24494,5
2025-09-15 16:02:53.648;24493,75;1;BID;24494,0;24494,5
2025-09-15 16:02:53.648;24493,75;1;BID;24494,0;24494,5
2025-09-15 16:02:53.648;24493,75;1;BID;24494,0;24494,5
2025-09-15 16:02:53.976;24494,0;1;BID;24494,0;24494,5
2025-09-15 16:02:53.976;24494,0;1;BID;24494,0;24494,5
2025-09-15 16:02:54.008;24494,5;1;ASK;24494,0;24494,5
2025-09-15 16:02:54.064;24494,5;1;ASK;24494,0;24494,5
2025-09-15 16:02:54.068;24494,5;1;ASK;24494,0;24494,5
2025-09-15 16:02:54.072;24494,5;1;ASK;24494,0;24494,5
2025-09-15 16:02:54.136;24494,75;1;ASK;24494,0;24494,5
2025-09-15 16:02:54.580;24495,0;1;ASK;24494,0;24494,5
2025-09-15 16:02:54.580;24495,0;1;ASK;24494,0;24494,5
2025-09-15 16:02:54.580;24495,0;1;ASK;24494,0;24494,5
2025-09-15 16:02:54.940;24493,75;1;BID;24494,0;24494,5
2025-09-15 16:02:54.948;24494,25;1;ASK;24494,0;24494,5
2025-09-15 16:02:54.948;24494,25;1;ASK;24494,0;24494,5
2025-09-15 16:02:55.208;24494,5;1;ASK;24493,5;24494,25
2025-09-15 16:02:55.208;24494,5;1;ASK;24493,5;24494,25
2025-09-15 16:02:55.208;24494,75;1;ASK;24493,5;24494,25
2025-09-15 16:02:55.208;24494,75;1;ASK;24493,5;24494,25
2025-09-15 16:02:55.400;24494,25;1;ASK;24493,5;24494,25
2025-09-15 16:02:55.424;24494,0;1;ASK;24493,5;24494,25
2025-09-15 16:02:55.424;24494,0;1;ASK;24493,5;24494,25
2025-09-15 16:02:55.564;24493,75;1;BID;24493,5;24494,25
2025-09-15 16:02:55.564;24493,75;1;BID;24493,5;24494,25
2025-09-15 16:02:55.564;24493,75;1;BID;24493,5;24494,25
2025-09-15 16:02:55.884;24493,75;1;BID;24493,5;24494,25
2025-09-15 16:02:55.884;24493,75;1;BID;24493,5;24494,25
2025-09-15 16:02:56.224;24494,25;1;BID;24494,75;24495,25
2025-09-15 16:02:56.228;24494,5;1;BID;24494,75;24495,25
2025-09-15 16:02:56.228;24494,5;1;BID;24494,75;24495,25
2025-09-15 16:02:56.228;24494,5;1;BID;24494,75;24495,25
2025-09-15 16:02:56.228;24494,5;1;BID;24494,75;24495,25
2025-09-15 16:02:56.696;24494,25;1;BID;24494,75;24495,25
2025-09-15 16:02:56.696;24494,5;1;BID;24494,75;24495,25
2025-09-15 16:02:56.696;24494,5;1;BID;24494,75;24495,25
2025-09-15 16:02:56.828;24495,0;1;ASK;24494,75;24495,25
2025-09-15 16:02:56.852;24495,0;1;ASK;24494,75;24495,25
2025-09-15 16:02:58.420;24494,75;1;BID;24495,5;24496,25
2025-09-15 16:02:58.420;24494,75;1;BID;24495,5;24496,25
2025-09-15 16:02:58.420;24494,75;1;BID;24495,5;24496,25
2025-09-15 16:02:58.420;24494,75;1;BID;24495,5;24496,25
2025-09-15 16:02:58.780;24495,25;1;BID;24495,5;24496,25
2025-09-15 16:02:58.780;24495,25;1;BID;24495,5;24496,25
2025-09-15 16:02:58.816;24495,75;1;BID;24495,5;24496,25
2025-09-15 16:02:58.816;24495,75;1;BID;24495,5;24496,25
2025-09-15 16:02:58.816;24496,0;1;ASK;24495,5;24496,25
2025-09-15 16:02:58.816;24496,0;1;ASK;24495,5;24496,25
2025-09-15 16:02:58.816;24496,0;1;ASK;24495,5;24496,25
2025-09-15 16:02:58.816;24496,25;1;ASK;24495,5;24496,25
2025-09-15 16:02:58.836;24496,0;1;ASK;24495,5;24496,25
2025-09-15 16:02:58.960;24495,75;1;BID;24495,5;24496,25
2025-09-15 16:02:59.284;24495,75;1;ASK;24495,0;24495,75
2025-09-15 16:02:59.532;24495,75;1;ASK;24495,0;24495,75
2025-09-15 16:02:59.564;24496,0;1;ASK;24495,0;24495,75
2025-09-15 16:02:59.940;24495,75;1;ASK;24495,0;24495,75
2025-09-15 16:02:59.940;24495,75;1;ASK;24495,0;24495,75
2025-09-15 16:02:59.940;24495,75;1;ASK;24495,0;24495,75
2025-09-15 16:03:00.004;24495,0;1;BID;24495,5;24496,0
2025-09-15 16:03:00.072;24495,75;1;ASK;24495,5;24496,0
2025-09-15 16:03:00.076;24495,25;1;BID;24495,5;24496,0
2025-09-15 16:03:00.180;24495,5;1;BID;24495,5;24496,0
2025-09-15 16:03:00.300;24495,25;1;BID;24495,5;24496,0
2025-09-15 16:03:00.300;24495,5;1;BID;24495,5;24496,0
2025-09-15 16:03:00.548;24495,5;1;BID;24495,5;24496,0
2025-09-15 16:03:00.668;24495,75;1;ASK;24495,5;24496,0
2025-09-15 16:03:00.668;24495,75;1;ASK;24495,5;24496,0
2025-09-15 16:03:00.684;24495,5;1;BID;24495,5;24496,0
2025-09-15 16:03:00.816;24495,25;1;BID;24495,5;24496,0
2025-09-15 16:03:00.832;24495,5;1;BID;24495,5;24496,0
2025-09-15 16:03:01.008;24496,0;1;ASK;24495,25;24495,75
2025-09-15 16:03:01.060;24496,0;1;ASK;24495,25;24495,75
2025-09-15 16:03:01.204;24495,25;1;BID;24495,25;24495,75
2025-09-15 16:03:01.204;24495,25;1;BID;24495,25;24495,75
2025-09-15 16:03:01.204;24495,25;1;BID;24495,25;24495,75
2025-09-15 16:03:01.208;24495,0;1;BID;24495,25;24495,75
2025-09-15 16:03:01.208;24495,0;1;BID;24495,25;24495,75
2025-09-15 16:03:01.208;24495,0;1;BID;24495,25;24495,75
2025-09-15 16:03:01.280;24494,75;1;BID;24495,25;24495,75
2025-09-15 16:03:01.500;24495,0;1;BID;24495,25;24495,75
2025-09-15 16:03:01.504;24495,25;1;BID;24495,25;24495,75
2025-09-15 16:03:01.852;24495,0;1;BID;24495,25;24495,75
2025-09-15 16:03:02.012;24495,75;1;BID;24496,25;24497,0
2025-09-15 16:03:02.012;24495,75;1;BID;24496,25;24497,0
2025-09-15 16:03:02.344;24496,25;1;BID;24496,25;24497,0
2025-09-15 16:03:02.344;24496,25;2;BID;24496,25;24497,0
2025-09-15 16:03:02.344;24496,25;1;BID;24496,25;24497,0
2025-09-15 16:03:02.344;24496,25;2;BID;24496,25;24497,0
2025-09-15 16:03:02.344;24496,25;1;BID;24496,25;24497,0
2025-09-15 16:03:02.344;24496,25;1;BID;24496,25;24497,0
2025-09-15 16:03:02.344;24496,25;4;BID;24496,25;24497,0
2025-09-15 16:03:02.344;24496,25;3;BID;24496,25;24497,0
2025-09-15 16:03:02.344;24496,25;2;BID;24496,25;24497,0
2025-09-15 16:03:02.344;24496,25;5;BID;24496,25;24497,0
2025-09-15 16:03:02.344;24496,25;1;BID;24496,25;24497,0
2025-09-15 16:03:02.344;24496,25;1;BID;24496,25;24497,0
2025-09-15 16:03:02.344;24496,25;4;BID;24496,25;24497,0
2025-09-15 16:03:02.348;24496,25;2;BID;24496,25;24497,0
2025-09-15 16:03:02.348;24496,25;1;BID;24496,25;24497,0
2025-09-15 16:03:02.348;24496,25;1;BID;24496,25;24497,0
2025-09-15 16:03:02.348;24496,0;1;BID;24496,25;24497,0
2025-09-15 16:03:02.348;24496,25;2;BID;24496,25;24497,0
2025-09-15 16:03:02.348;24496,0;1;BID;24496,25;24497,0
2025-09-15 16:03:02.348;24496,0;2;BID;24496,25;24497,0
2025-09-15 16:03:02.348;24496,0;1;BID;24496,25;24497,0
2025-09-15 16:03:02.348;24496,0;1;BID;24496,25;24497,0
2025-09-15 16:03:02.348;24496,0;1;BID;24496,25;24497,0
2025-09-15 16:03:02.348;24496,25;1;BID;24496,25;24497,0
2025-09-15 16:03:02.348;24496,25;1;BID;24496,25;24497,0
2025-09-15 16:03:02.348;24496,25;1;BID;24496,25;24497,0
2025-09-15 16:03:02.348;24496,25;3;BID;24496,25;24497,0
2025-09-15 16:03:02.352;24496,25;1;BID;24496,25;24497,0
2025-09-15 16:03:02.352;24496,0;1;BID;24496,25;24497,0
2025-09-15 16:03:02.352;24496,0;1;BID;24496,25;24497,0
2025-09-15 16:03:02.352;24496,25;1;BID;24496,25;24497,0
2025-09-15 16:03:02.352;24496,25;1;BID;24496,25;24497,0
2025-09-15 16:03:02.352;24496,25;1;BID;24496,25;24497,0
2025-09-15 16:03:02.352;24496,25;5;BID;24496,25;24497,0
2025-09-15 16:03:02.352;24496,25;1;BID;24496,25;24497,0
2025-09-15 16:03:02.352;24496,25;2;BID;24496,25;24497,0
2025-09-15 16:03:02.352;24496,0;1;BID;24496,25;24497,0
2025-09-15 16:03:02.356;24496,5;1;BID;24496,25;24497,0
2025-09-15 16:03:02.356;24496,5;1;BID;24496,25;24497,0
2025-09-15 16:03:02.424;24496,5;1;BID;24496,25;24497,0
2025-09-15 16:03:02.424;24496,5;1;BID;24496,25;24497,0
2025-09-15 16:03:02.828;24496,5;1;BID;24496,25;24497,0
2025-09-15 16:03:02.828;24496,5;1;BID;24496,25;24497,0
2025-09-15 16:03:02.940;24496,75;1;ASK;24496,25;24497,0
2025-09-15 16:03:02.940;24496,75;1;ASK;24496,25;24497,0
2025-09-15 16:03:02.964;24497,0;1;ASK;24496,25;24497,0
2025-09-15 16:03:03.020;24496,0;1;BID;24497,0;24497,75
2025-09-15 16:03:03.024;24496,0;1;BID;24497,0;24497,75
2025-09-15 16:03:03.184;24496,0;1;BID;24497,0;24497,75
2025-09-15 16:03:03.224;24495,5;1;BID;24497,0;24497,75
2025-09-15 16:03:03.420;24495,75;1;BID;24497,0;24497,75
2025-09-15 16:03:03.420;24496,0;1;BID;24497,0;24497,75
2025-09-15 16:03:03.420;24496,0;1;BID;24497,0;24497,75
2025-09-15 16:03:03.420;24496,0;1;BID;24497,0;24497,75
2025-09-15 16:03:03.424;24496,25;1;BID;24497,0;24497,75
2025-09-15 16:03:03.424;24496,5;1;BID;24497,0;24497,75
2025-09-15 16:03:03.424;24496,0;1;BID;24497,0;24497,75
2025-09-15 16:03:03.424;24496,0;2;BID;24497,0;24497,75
2025-09-15 16:03:03.424;24496,5;1;BID;24497,0;24497,75
2025-09-15 16:03:03.428;24496,5;1;BID;24497,0;24497,75
2025-09-15 16:03:03.428;24496,75;1;BID;24497,0;24497,75
2025-09-15 16:03:03.428;24496,75;1;BID;24497,0;24497,75
2025-09-15 16:03:03.428;24496,75;1;BID;24497,0;24497,75
2025-09-15 16:03:03.428;24497,0;1;BID;24497,0;24497,75
2025-09-15 16:03:03.428;24497,0;1;BID;24497,0;24497,75
2025-09-15 16:03:03.428;24497,0;1;BID;24497,0;24497,75
2025-09-15 16:03:03.436;24496,75;1;BID;24497,0;24497,75
2025-09-15 16:03:03.444;24496,75;1;BID;24497,0;24497,75
2025-09-15 16:03:03.444;24497,0;1;BID;24497,0;24497,75
2025-09-15 16:03:03.444;24497,0;1;BID;24497,0;24497,75
2025-09-15 16:03:03.444;24497,25;1;BID;24497,0;24497,75
