date;time;bid;ask;price;volume;side;shape;order_type;entry_price;exit_price;exit_tag
20251107;061759.204;;25299.50;25299.50;2;ASK;;;;;
20251107;061759.204;;25299.50;25299.50;1;ASK;;;;;
20251107;061759.208;;25299.25;25299.25;1;ASK;;;;;
20251107;061759.208;25298.25;;25298.25;1;BID;;;;;
20251107;061759.208;25298.50;;25298.50;1;BID;;;;;
20251107;061759.344;;25299.50;25299.50;1;ASK;;;;;
20251107;061759.444;;25299.50;25299.50;2;ASK;;;;;
20251107;061759.444;;25299.25;25299.25;1;ASK;;;;;
20251107;061759.444;25298.25;;25298.25;1;BID;;;;;
20251107;061759.452;;25299.00;25299.00;1;ASK;;;;;
20251107;061759.452;25298.00;;25298.00;2;BID;;;;;
20251107;061759.452;25298.00;;25298.00;3;BID;;;;;
20251107;061759.452;;25299.25;25299.25;1;ASK;;;;;
20251107;061759.452;25298.25;;25298.25;1;BID;;;;;
20251107;061759.452;;25299.00;25299.00;1;ASK;;;;;
20251107;061759.452;;25299.25;25299.25;1;ASK;;;;;
20251107;061759.532;;25299.25;25299.25;2;ASK;;;;;
20251107;061759.532;;25299.00;25299.00;1;ASK;;;;;
20251107;061759.532;;25299.25;25299.25;1;ASK;;;;;
20251107;061759.532;;25299.50;25299.50;1;ASK;;;;;
20251107;061759.548;;25299.50;25299.50;2;ASK;;;;;
20251107;061759.548;;25299.25;25299.25;1;ASK;;;;;
20251107;061800.024;25298.25;;25298.25;1;BID;;;;;
20251107;061800.024;25298.00;;25298.00;4;BID;;;;;
20251107;061800.024;25298.00;;25298.00;3;BID;;;;;
20251107;061800.024;;25299.00;25299.00;1;ASK;;;;;
20251107;061800.024;;25298.75;25298.75;1;ASK;;;;;
20251107;061800.024;25298.00;;25298.00;2;BID;;;;;
20251107;061800.024;;25299.00;25299.00;1;ASK;;;;;
20251107;061800.024;;25298.75;25298.75;1;ASK;;;;;
20251107;061800.024;25298.00;;25298.00;1;BID;;;;;
20251107;061800.028;;25298.50;25298.50;1;ASK;;;;;
20251107;061800.028;;25298.50;25298.50;1;ASK;;;;;
20251107;061800.028;;25298.75;25298.75;1;ASK;;;;;
20251107;061800.028;25298.25;;25298.25;1;BID;;;;;
20251107;061800.028;;25299.00;25299.00;2;ASK;;;;;
20251107;061800.028;25298.00;;25298.00;1;BID;;;;;
20251107;061800.028;;25299.00;25299.00;1;ASK;;;;;
20251107;061800.028;25298.00;;25298.00;2;BID;;;;;
20251107;061800.028;25298.00;;25298.00;3;BID;;;;;
20251107;061800.028;;25299.25;25299.25;2;ASK;;;;;
20251107;061800.028;;25299.25;25299.25;1;ASK;;;;;
20251107;061800.028;25298.25;;25298.25;1;BID;;;;;
20251107;061800.028;25298.50;;25298.50;1;BID;;;;;
20251107;061800.028;25298.25;;25298.25;1;BID;;;;;
20251107;061800.192;25298.50;;25298.50;1;BID;;;;;
20251107;061800.192;;25299.50;25299.50;1;ASK;;;;;
20251107;061800.192;;25299.25;25299.25;1;ASK;;;;;
20251107;061800.196;25298.25;;25298.25;1;BID;;;;;
20251107;061800.688;25298.50;;25298.50;1;BID;;;;;
20251107;061801.332;25298.25;;25298.25;1;BID;;;;;
20251107;061801.332;;25299.25;25299.25;2;ASK;;;;;
20251107;061801.940;25298.00;;25298.00;4;BID;;;;;
20251107;061801.940;;25299.00;25299.00;1;ASK;;;;;
20251107;061801.940;25298.00;;25298.00;3;BID;;;;;
20251107;061801.940;;25299.00;25299.00;1;ASK;;;;;
20251107;061801.940;;25299.25;25299.25;2;ASK;;;;;
20251107;061801.940;25298.25;;25298.25;1;BID;;;;;
20251107;061801.940;;25299.25;25299.25;1;ASK;;;;;
20251107;061801.940;25298.25;;25298.25;2;BID;;;;;
20251107;061801.940;25298.25;;25298.25;3;BID;;;;;
20251107;061801.940;25298.25;;25298.25;4;BID;;;;;
20251107;061801.940;25298.50;;25298.50;1;BID;;;;;
20251107;061801.940;25298.75;;25298.75;1;BID;;;;;
20251107;061801.948;25298.50;;25298.50;2;BID;;;;;
20251107;061801.948;25298.50;;25298.50;1;BID;;;;;
20251107;061801.948;25298.25;;25298.25;2;BID;;;;;
20251107;061801.952;25298.50;;25298.50;1;BID;;;;;
20251107;061801.996;25298.25;;25298.25;3;BID;;;;;
20251107;061801.996;25298.25;;25298.25;2;BID;;;;;
20251107;061802.000;25298.50;;25298.50;1;BID;;;;;
20251107;061802.108;25298.25;;25298.25;3;BID;;;;;
20251107;061802.108;25298.25;;25298.25;2;BID;;;;;
20251107;061802.108;25298.50;;25298.50;1;BID;;;;;
20251107;061802.280;25298.25;;25298.25;2;BID;;;;;
20251107;061802.496;25298.50;;25298.50;1;BID;;;;;
20251107;061802.496;25298.25;;25298.25;2;BID;;;;;
20251107;061802.496;25298.25;;25298.25;1;BID;;;;;
20251107;061802.496;25298.50;;25298.50;1;BID;;;;;
20251107;061802.540;25298.25;;25298.25;1;BID;;;;;
20251107;061802.772;;25299.00;25299.00;1;ASK;;;;;
20251107;061802.772;25298.00;;25298.00;5;BID;;;;;
20251107;061802.772;25298.00;;25298.00;4;BID;;;;;
20251107;061802.772;25298.00;;25298.00;3;BID;;;;;
20251107;061802.776;;25298.75;25298.75;1;ASK;;;;;
20251107;061802.776;25298.00;;25298.00;2;BID;;;;;
20251107;061802.776;25298.00;;25298.00;1;BID;;;;;
20251107;061802.776;;25299.00;25299.00;1;ASK;;;;;
20251107;061802.816;;25298.75;25298.75;1;ASK;;;;;
20251107;061802.924;;25299.00;25299.00;1;ASK;;;;;
20251107;061802.972;25298.25;;25298.25;1;BID;;;;;
20251107;061802.972;;25299.25;25299.25;2;ASK;;;;;
20251107;061802.972;;25299.25;25299.25;1;ASK;;;;;
20251107;061802.972;25298.50;;25298.50;1;BID;;;;;
20251107;061802.976;25298.25;;25298.25;1;BID;;;;;
20251107;061802.996;25298.00;;25298.00;4;BID;;;;;
20251107;061802.996;;25299.00;25299.00;1;ASK;;;;;
20251107;061802.996;25298.00;;25298.00;3;BID;;;;;
20251107;061802.996;25298.00;;25298.00;2;BID;;;;;
20251107;061803.004;25298.25;;25298.25;1;BID;;;;;
20251107;061803.004;;25299.25;25299.25;1;ASK;;;;;
20251107;061803.084;25298.50;;25298.50;1;BID;;;;;
20251107;061803.112;25298.25;;25298.25;1;BID;;;;;
20251107;061803.112;;25299.00;25299.00;1;ASK;;;;;
20251107;061803.112;25298.00;;25298.00;3;BID;;;;;
20251107;061803.112;25298.00;;25298.00;2;BID;;;;;
20251107;061803.136;25298.25;;25298.25;1;BID;;;;;
20251107;061803.136;;25299.25;25299.25;1;ASK;;;;;
20251107;061803.144;;25298.50;25298.50;3;ASK;;;;;
20251107;061803.144;25298.00;;25298.00;2;BID;;;;;
20251107;061803.144;25298.00;;25298.00;1;BID;;;;;
20251107;061804.340;;25298.50;25298.50;1;ASK;;;;;
20251107;061804.340;;25298.50;25298.50;2;ASK;;;;;
20251107;061804.372;;25298.50;25298.50;1;ASK;;;;;
20251107;061804.372;;25298.50;25298.50;1;ASK;;;;;
20251107;061806.840;25298.00;;25298.00;21;BID;;;;;
20251107;061806.840;;25298.50;25298.50;1;ASK;;;;;
20251107;061806.840;;25299.25;25299.25;1;ASK;;;;;
20251107;061806.840;25298.25;;25298.25;1;BID;;;;;
20251107;061806.840;25298.25;;25298.25;2;BID;;;;;
20251107;061806.840;25298.25;;25298.25;1;BID;;;;;
20251107;061806.844;;25299.25;25299.25;1;ASK;;;;;
20251107;061806.844;;25299.50;25299.50;1;ASK;;;;;
20251107;061806.844;25298.25;;25298.25;2;BID;;;;;
20251107;061806.844;25298.50;;25298.50;1;BID;;;;;
20251107;061806.844;;25299.75;25299.75;1;ASK;;;;;
20251107;061806.844;25298.25;;25298.25;4;BID;;;;;
20251107;061806.844;;25299.00;25299.00;1;ASK;;;;;
20251107;061806.844;25298.25;;25298.25;3;BID;;;;;
20251107;061806.844;;25299.75;25299.75;1;ASK;;;;;
20251107;061806.844;;25299.25;25299.25;1;ASK;;;;;
20251107;061806.844;25298.25;;25298.25;2;BID;;;;;
20251107;061806.844;25298.50;;25298.50;1;BID;;;;;
20251107;061806.844;;25299.50;25299.50;1;ASK;;;;;
20251107;061806.844;25298.25;;25298.25;2;BID;;;;;
20251107;061806.844;25298.75;;25298.75;1;BID;;;;;
20251107;061806.844;;25299.75;25299.75;2;ASK;;;;;
20251107;061806.844;25299.00;;25299.00;1;BID;;;;;
20251107;061806.844;;25299.75;25299.75;1;ASK;;;;;
20251107;061806.844;;25300.00;25300.00;2;ASK;;;;;
20251107;061806.844;;25300.00;25300.00;1;ASK;;;;;
20251107;061806.844;;25300.25;25300.25;4;ASK;;;;;
20251107;061806.844;;25300.25;25300.25;3;ASK;;;;;
20251107;061806.844;25298.75;;25298.75;1;BID;;;;;
20251107;061806.844;;25300.00;25300.00;1;ASK;;;;;
20251107;061806.852;25298.75;;25298.75;2;BID;;;;;
20251107;061806.852;25299.00;;25299.00;1;BID;;;;;
20251107;061806.852;25299.25;;25299.25;1;BID;;;;;
20251107;061806.852;25299.00;;25299.00;1;BID;;;;;
20251107;061806.876;;25299.75;25299.75;1;ASK;;;;;
20251107;061806.876;25298.75;;25298.75;1;BID;;;;;
20251107;061806.880;25299.00;;25299.00;1;BID;;;;;
20251107;061806.880;;25300.00;25300.00;3;ASK;;;;;
20251107;061806.880;;25300.00;25300.00;2;ASK;;;;;
20251107;061806.884;;25299.75;25299.75;1;ASK;;;;;
20251107;061806.884;25298.75;;25298.75;1;BID;;;;;
20251107;061807.012;;25299.50;25299.50;1;ASK;;;;;
20251107;061807.012;25298.25;;25298.25;3;BID;;;;;
20251107;061807.012;;25299.25;25299.25;1;ASK;;;;;
20251107;061807.012;25298.25;;25298.25;2;BID;;;;;
20251107;061807.016;25298.25;;25298.25;1;BID;;;;;
20251107;061807.016;25298.50;;25298.50;1;BID;;;;;
20251107;061807.016;;25299.50;25299.50;1;ASK;;;;;
20251107;061807.032;;25299.25;25299.25;1;ASK;;;;;
20251107;061807.032;25298.25;;25298.25;1;BID;;;;;
20251107;061807.440;25298.25;;25298.25;2;BID;;;;;
20251107;061807.440;25298.50;;25298.50;1;BID;;;;;
20251107;061807.440;;25299.50;25299.50;1;ASK;;;;;
20251107;061807.968;25298.75;;25298.75;1;BID;;;;;
20251107;061807.968;;25299.75;25299.75;2;ASK;;;;;
20251107;061807.968;;25299.75;25299.75;1;ASK;;;;;
20251107;061807.968;25298.50;;25298.50;1;BID;;;;;
20251107;061807.968;;25299.50;25299.50;1;ASK;;;;;
20251107;061807.972;;25299.25;25299.25;1;ASK;;;;;
20251107;061807.972;25298.25;;25298.25;1;BID;;;;;
20251107;061808.012;25298.00;;25298.00;23;BID;;;;;
20251107;061808.012;25298.00;;25298.00;22;BID;;;;;
20251107;061808.012;25298.25;;25298.25;1;BID;;;;;
20251107;061808.368;25298.50;;25298.50;1;BID;;;;;
20251107;061809.740;25298.25;;25298.25;1;BID;;;;;
20251107;061810.236;;25299.25;25299.25;2;ASK;;;;;
20251107;061810.236;;25299.00;25299.00;1;ASK;;;;;
20251107;061810.236;25298.00;;25298.00;22;BID;;;;;
20251107;061810.236;;25299.25;25299.25;1;ASK;;;;;
20251107;061810.236;25298.25;;25298.25;1;BID;;;;;
20251107;061810.352;;25299.25;25299.25;2;ASK;;;;;
20251107;061810.352;;25299.00;25299.00;1;ASK;;;;;
20251107;061810.352;25298.00;;25298.00;22;BID;;;;;
20251107;061810.352;25298.25;;25298.25;1;BID;;;;;
20251107;061810.352;;25299.25;25299.25;1;ASK;;;;;
20251107;061810.452;;25299.00;25299.00;1;ASK;;;;;
20251107;061810.452;25298.00;;25298.00;22;BID;;;;;
20251107;061811.036;25298.00;;25298.00;21;BID;;;;;
20251107;061811.036;25298.25;;25298.25;1;BID;;;;;
20251107;061811.036;;25299.25;25299.25;1;ASK;;;;;
20251107;061811.036;;25299.25;25299.25;2;ASK;;;;;
20251107;061811.036;;25299.00;25299.00;1;ASK;;;;;
20251107;061811.036;25298.00;;25298.00;21;BID;;;;;
20251107;061811.088;;25299.00;25299.00;2;ASK;;;;;
20251107;061811.088;;25299.00;25299.00;3;ASK;;;;;
20251107;061811.088;;25298.75;25298.75;1;ASK;;;;;
20251107;061811.088;;25298.50;25298.50;1;ASK;;;;;
20251107;061811.088;;25298.75;25298.75;1;ASK;;;;;
20251107;061812.060;25298.25;;25298.25;1;BID;;;;;
20251107;061812.060;;25299.00;25299.00;2;ASK;;;;;
20251107;061812.060;25298.00;;25298.00;21;BID;;;;;
20251107;061812.060;;25298.75;25298.75;1;ASK;;;;;
20251107;061812.320;;25299.00;25299.00;2;ASK;;;;;
20251107;061812.320;25298.25;;25298.25;1;BID;;;;;
20251107;061812.320;;25299.00;25299.00;1;ASK;;;;;
20251107;061812.676;25298.00;;25298.00;21;BID;;;;;
20251107;061813.044;;25299.00;25299.00;1;ASK;;;;;
20251107;061813.044;;25299.25;25299.25;2;ASK;;;;;
20251107;061813.044;25298.25;;25298.25;1;BID;;;;;
20251107;061813.044;;25299.25;25299.25;1;ASK;;;;;
20251107;061813.044;25298.25;;25298.25;2;BID;;;;;
20251107;061813.048;;25299.25;25299.25;2;ASK;;;;;
20251107;061813.048;;25299.00;25299.00;1;ASK;;;;;
20251107;061813.048;25298.25;;25298.25;1;BID;;;;;
20251107;061813.048;25298.00;;25298.00;21;BID;;;;;
20251107;061813.048;;25299.00;25299.00;2;ASK;;;;;
20251107;061813.136;;25298.75;25298.75;1;ASK;;;;;
20251107;061814.284;25298.25;;25298.25;1;BID;;;;;
20251107;061814.284;;25299.00;25299.00;2;ASK;;;;;
20251107;061814.296;25298.00;;25298.00;21;BID;;;;;
20251107;061814.296;;25298.75;25298.75;1;ASK;;;;;
20251107;061814.688;;25299.00;25299.00;2;ASK;;;;;
20251107;061814.688;25298.25;;25298.25;1;BID;;;;;
20251107;061814.692;;25299.00;25299.00;1;ASK;;;;;
20251107;061814.692;;25299.25;25299.25;2;ASK;;;;;
20251107;061814.692;;25299.25;25299.25;1;ASK;;;;;
20251107;061814.692;25298.50;;25298.50;1;BID;;;;;
20251107;061814.692;;25299.50;25299.50;1;ASK;;;;;
20251107;061814.692;25298.75;;25298.75;1;BID;;;;;
20251107;061814.692;;25299.75;25299.75;1;ASK;;;;;
20251107;061814.692;;25299.50;25299.50;1;ASK;;;;;
20251107;061814.692;25298.50;;25298.50;1;BID;;;;;
20251107;061814.692;25298.75;;25298.75;1;BID;;;;;
20251107;061815.160;25298.50;;25298.50;1;BID;;;;;
20251107;061815.292;;25299.50;25299.50;2;ASK;;;;;
20251107;061815.292;;25299.25;25299.25;1;ASK;;;;;
20251107;061815.300;25298.25;;25298.25;2;BID;;;;;
20251107;061815.300;25298.25;;25298.25;1;BID;;;;;
20251107;061815.300;25298.25;;25298.25;2;BID;;;;;
20251107;061815.300;25298.50;;25298.50;1;BID;;;;;
20251107;061815.480;;25299.50;25299.50;1;ASK;;;;;
20251107;061815.636;25298.75;;25298.75;1;BID;;;;;
20251107;061815.636;;25299.25;25299.25;1;ASK;;;;;
20251107;061815.636;25298.50;;25298.50;1;BID;;;;;
20251107;061816.452;;25299.50;25299.50;1;ASK;;;;;
20251107;061816.452;25298.50;;25298.50;2;BID;;;;;
20251107;061816.452;25298.75;;25298.75;1;BID;;;;;
20251107;061816.548;;25299.75;25299.75;2;ASK;;;;;
20251107;061816.548;;25299.75;25299.75;1;ASK;;;;;
20251107;061816.548;25299.00;;25299.00;1;BID;;;;;
20251107;061816.548;;25300.00;25300.00;2;ASK;;;;;
20251107;061816.548;25299.25;;25299.25;1;BID;;;;;
20251107;061816.548;;25300.00;25300.00;1;ASK;;;;;
20251107;061816.552;25299.00;;25299.00;1;BID;;;;;
20251107;061816.552;25299.25;;25299.25;1;BID;;;;;
20251107;061816.552;25299.00;;25299.00;1;BID;;;;;
20251107;061816.580;25299.25;;25299.25;1;BID;;;;;
20251107;061816.580;;25300.25;25300.25;3;ASK;;;;;
20251107;061816.616;25299.50;;25299.50;1;BID;;;;;
20251107;061816.616;;25300.25;25300.25;2;ASK;;;;;
20251107;061816.636;25299.25;;25299.25;1;BID;;;;;
20251107;061816.700;;25300.00;25300.00;1;ASK;;;;;
20251107;061816.700;25299.00;;25299.00;3;BID;;;;;
20251107;061816.700;25299.00;;25299.00;2;BID;;;;;
20251107;061816.700;25299.25;;25299.25;1;BID;;;;;
20251107;061816.720;;25300.25;25300.25;2;ASK;;;;;
20251107;061816.756;;25300.00;25300.00;1;ASK;;;;;
20251107;061816.756;25299.00;;25299.00;1;BID;;;;;
20251107;061816.760;;25300.25;25300.25;2;ASK;;;;;
20251107;061816.760;25299.25;;25299.25;1;BID;;;;;
20251107;061816.860;;25300.00;25300.00;1;ASK;;;;;
20251107;061816.860;25299.00;;25299.00;1;BID;;;;;
20251107;061816.912;;25300.25;25300.25;2;ASK;;;;;
20251107;061816.912;25299.25;;25299.25;1;BID;;;;;
20251107;061816.968;;25300.00;25300.00;1;ASK;;;;;
20251107;061816.968;25299.00;;25299.00;1;BID;;;;;
20251107;061817.020;;25300.25;25300.25;2;ASK;;;;;
20251107;061817.020;25299.25;;25299.25;1;BID;;;;;
20251107;061817.076;;25300.00;25300.00;1;ASK;;;;;
20251107;061817.076;25299.00;;25299.00;1;BID;;;;;
20251107;061817.124;;25300.25;25300.25;2;ASK;;;;;
20251107;061817.124;25299.25;;25299.25;1;BID;;;;;
20251107;061817.180;;25300.00;25300.00;1;ASK;;;;;
20251107;061817.180;25299.00;;25299.00;1;BID;;;;;
20251107;061817.232;;25300.25;25300.25;2;ASK;;;;;
20251107;061817.232;25299.25;;25299.25;1;BID;;;;;
20251107;061817.232;;25300.00;25300.00;1;ASK;;;;;
20251107;061817.232;25299.00;;25299.00;1;BID;;;;;
20251107;061817.712;;25299.75;25299.75;1;ASK;;;;;
20251107;061817.712;25298.75;;25298.75;3;BID;;;;;
20251107;061817.716;25298.75;;25298.75;2;BID;;;;;
20251107;061817.716;25299.00;;25299.00;1;BID;;;;;
20251107;061817.716;;25300.00;25300.00;1;ASK;;;;;
20251107;061817.864;25299.25;;25299.25;1;BID;;;;;
20251107;061817.924;;25299.75;25299.75;1;ASK;;;;;
20251107;061817.924;25299.00;;25299.00;1;BID;;;;;
20251107;061817.928;;25300.00;25300.00;1;ASK;;;;;
20251107;061817.952;25299.25;;25299.25;1;BID;;;;;
20251107;061817.952;;25300.25;25300.25;2;ASK;;;;;
20251107;061818.032;;25300.00;25300.00;1;ASK;;;;;
20251107;061818.040;;25300.25;25300.25;2;ASK;;;;;
20251107;061818.188;;25300.00;25300.00;1;ASK;;;;;
20251107;061818.244;;25300.25;25300.25;2;ASK;;;;;
20251107;061818.296;;25300.00;25300.00;1;ASK;;;;;
20251107;061818.348;;25300.25;25300.25;2;ASK;;;;;
20251107;061818.404;;25300.00;25300.00;1;ASK;;;;;
20251107;061818.440;;25300.25;25300.25;2;ASK;;;;;
20251107;061818.528;;25300.00;25300.00;1;ASK;;;;;
20251107;061818.564;;25300.25;25300.25;2;ASK;;;;;
20251107;061818.732;25299.25;;25299.25;1;BID;;;;;
20251107;061818.732;25299.00;;25299.00;1;BID;;;;;
20251107;061818.732;;25300.00;25300.00;1;ASK;;;;;
20251107;061818.732;;25300.00;25300.00;2;ASK;;;;;
20251107;061818.732;;25300.00;25300.00;3;ASK;;;;;
20251107;061818.732;25298.75;;25298.75;2;BID;;;;;
20251107;061818.732;25298.75;;25298.75;1;BID;;;;;
20251107;061818.732;25298.50;;25298.50;3;BID;;;;;
20251107;061818.732;25298.50;;25298.50;2;BID;;;;;
20251107;061818.732;;25299.75;25299.75;1;ASK;;;;;
20251107;061818.732;;25299.75;25299.75;2;ASK;;;;;
20251107;061818.732;25298.50;;25298.50;1;BID;;;;;
20251107;061818.732;25298.25;;25298.25;1;BID;;;;;
20251107;061818.732;;25299.50;25299.50;1;ASK;;;;;
20251107;061818.732;25298.25;;25298.25;2;BID;;;;;
20251107;061818.732;;25299.25;25299.25;1;ASK;;;;;
20251107;061818.732;25298.50;;25298.50;1;BID;;;;;
20251107;061818.740;25298.50;;25298.50;2;BID;;;;;
20251107;061818.740;;25299.50;25299.50;1;ASK;;;;;
20251107;061818.756;25298.75;;25298.75;1;BID;;;;;
20251107;061818.808;25298.50;;25298.50;1;BID;;;;;
20251107;061819.152;;25299.25;25299.25;1;ASK;;;;;
20251107;061819.180;;25299.25;25299.25;1;ASK;;;;;
20251107;061819.180;;25299.50;25299.50;1;ASK;;;;;
20251107;061819.180;;25299.75;25299.75;3;ASK;;;;;
20251107;061819.180;25298.75;;25298.75;1;BID;;;;;
20251107;061819.180;;25299.75;25299.75;2;ASK;;;;;
20251107;061819.180;25298.75;;25298.75;2;BID;;;;;
20251107;061819.180;;25299.50;25299.50;1;ASK;;;;;
20251107;061819.180;;25299.75;25299.75;2;ASK;;;;;
20251107;061819.180;25298.75;;25298.75;1;BID;;;;;
20251107;061819.180;25298.50;;25298.50;2;BID;;;;;
20251107;061819.184;;25299.50;25299.50;1;ASK;;;;;
20251107;061819.200;25298.50;;25298.50;3;BID;;;;;
20251107;061819.200;25298.75;;25298.75;1;BID;;;;;
20251107;061819.308;25299.00;;25299.00;1;BID;;;;;
20251107;061819.308;;25299.75;25299.75;3;ASK;;;;;
20251107;061819.308;;25299.75;25299.75;2;ASK;;;;;
20251107;061819.308;;25299.75;25299.75;1;ASK;;;;;
20251107;061819.364;25298.75;;25298.75;1;BID;;;;;
20251107;061819.364;25298.75;;25298.75;2;BID;;;;;
20251107;061819.412;25299.00;;25299.00;1;BID;;;;;
20251107;061819.548;25298.75;;25298.75;1;BID;;;;;
20251107;061820.420;;25299.50;25299.50;1;ASK;;;;;
20251107;061820.420;25298.50;;25298.50;2;BID;;;;;
20251107;061820.424;25298.50;;25298.50;1;BID;;;;;
20251107;061820.424;;25299.25;25299.25;1;ASK;;;;;
20251107;061820.424;25298.25;;25298.25;2;BID;;;;;
20251107;061820.424;25298.25;;25298.25;1;BID;;;;;
20251107;061820.424;25298.50;;25298.50;1;BID;;;;;
20251107;061820.432;25298.25;;25298.25;1;BID;;;;;
20251107;061820.480;25298.50;;25298.50;1;BID;;;;;
20251107;061820.480;;25299.50;25299.50;1;ASK;;;;;
20251107;061820.528;;25299.50;25299.50;2;ASK;;;;;
20251107;061820.528;25298.25;;25298.25;1;BID;;;;;
20251107;061820.528;;25299.25;25299.25;1;ASK;;;;;
20251107;061820.532;25298.50;;25298.50;1;BID;;;;;
20251107;061820.532;;25299.50;25299.50;1;ASK;;;;;
20251107;061820.556;;25299.50;25299.50;2;ASK;;;;;
20251107;061820.556;25298.25;;25298.25;1;BID;;;;;
20251107;061820.556;;25299.25;25299.25;1;ASK;;;;;
20251107;061820.576;25298.50;;25298.50;1;BID;;;;;
20251107;061820.584;;25299.25;25299.25;2;ASK;;;;;
20251107;061820.588;;25299.25;25299.25;1;ASK;;;;;
20251107;061820.588;;25299.25;25299.25;1;ASK;;;;;
20251107;061820.588;;25299.50;25299.50;1;ASK;;;;;
20251107;061820.588;;25299.75;25299.75;3;ASK;;;;;
20251107;061820.588;25298.75;;25298.75;1;BID;;;;;
20251107;061820.588;;25299.75;25299.75;2;ASK;;;;;
20251107;061820.588;;25299.75;25299.75;1;ASK;;;;;
20251107;061820.588;25299.00;;25299.00;1;BID;;;;;
20251107;061820.588;25299.00;;25299.00;2;BID;;;;;
20251107;061820.588;;25299.75;25299.75;1;ASK;;;;;
20251107;061820.588;;25300.00;25300.00;3;ASK;;;;;
20251107;061820.588;;25300.00;25300.00;2;ASK;;;;;
20251107;061820.588;25299.25;;25299.25;1;BID;;;;;
20251107;061820.588;;25300.00;25300.00;1;ASK;;;;;
20251107;061820.588;;25300.25;25300.25;3;ASK;;;;;
20251107;061820.588;25299.50;;25299.50;1;BID;;;;;
20251107;061820.592;25299.25;;25299.25;1;BID;;;;;
20251107;061820.676;25299.50;;25299.50;1;BID;;;;;
20251107;061820.692;25299.25;;25299.25;1;BID;;;;;
20251107;061820.828;;25300.25;25300.25;2;ASK;;;;;
20251107;061820.828;25299.50;;25299.50;1;BID;;;;;
20251107;061821.000;25299.25;;25299.25;1;BID;;;;;
20251107;061821.376;25299.50;;25299.50;1;BID;;;;;
20251107;061821.376;;25300.00;25300.00;1;ASK;;;;;
20251107;061821.376;25299.25;;25299.25;1;BID;;;;;
20251107;061821.376;25299.00;;25299.00;3;BID;;;;;
20251107;061821.380;25299.00;;25299.00;2;BID;;;;;
20251107;061821.380;25299.00;;25299.00;1;BID;;;;;
20251107;061821.380;25298.75;;25298.75;2;BID;;;;;
20251107;061821.380;25299.00;;25299.00;1;BID;;;;;
20251107;061821.960;;25299.75;25299.75;1;ASK;;;;;
20251107;061821.960;25298.75;;25298.75;2;BID;;;;;
20251107;061822.020;25299.00;;25299.00;1;BID;;;;;
20251107;061822.020;;25300.00;25300.00;1;ASK;;;;;
20251107;061822.072;25298.75;;25298.75;1;BID;;;;;
20251107;061822.072;25298.75;;25298.75;2;BID;;;;;
20251107;061822.072;;25299.75;25299.75;1;ASK;;;;;
20251107;061822.072;;25300.00;25300.00;1;ASK;;;;;
20251107;061822.312;;25299.75;25299.75;1;ASK;;;;;
20251107;061822.312;;25299.50;25299.50;1;ASK;;;;;
20251107;061822.312;25298.75;;25298.75;1;BID;;;;;
20251107;061822.320;25299.00;;25299.00;1;BID;;;;;
20251107;061822.320;;25299.75;25299.75;1;ASK;;;;;
20251107;061822.320;;25300.00;25300.00;1;ASK;;;;;
20251107;061822.324;;25299.75;25299.75;1;ASK;;;;;
20251107;061822.324;;25300.00;25300.00;1;ASK;;;;;
20251107;061822.332;25298.75;;25298.75;1;BID;;;;;
20251107;061822.332;;25299.75;25299.75;1;ASK;;;;;
20251107;061822.332;;25299.50;25299.50;1;ASK;;;;;
20251107;061822.448;25299.00;;25299.00;1;BID;;;;;
20251107;061822.448;;25299.75;25299.75;1;ASK;;;;;
20251107;061822.448;;25300.00;25300.00;1;ASK;;;;;
20251107;061822.448;;25300.00;25300.00;2;ASK;;;;;
20251107;061822.448;;25299.75;25299.75;1;ASK;;;;;
20251107;061822.528;25298.75;;25298.75;1;BID;;;;;
20251107;061822.748;;25299.50;25299.50;1;ASK;;;;;
20251107;061822.748;25298.50;;25298.50;3;BID;;;;;
20251107;061822.748;25298.50;;25298.50;2;BID;;;;;
20251107;061822.748;25298.50;;25298.50;1;BID;;;;;
20251107;061822.752;25298.75;;25298.75;1;BID;;;;;
20251107;061822.752;;25299.75;25299.75;1;ASK;;;;;
20251107;061822.752;;25299.50;25299.50;1;ASK;;;;;
20251107;061822.752;25298.50;;25298.50;1;BID;;;;;
20251107;061822.820;25298.75;;25298.75;1;BID;;;;;
20251107;061822.820;;25299.75;25299.75;1;ASK;;;;;
20251107;061822.872;;25299.50;25299.50;1;ASK;;;;;
20251107;061822.872;25298.25;;25298.25;1;BID;;;;;
20251107;061822.872;25298.25;;25298.25;2;BID;;;;;
20251107;061822.872;25298.50;;25298.50;1;BID;;;;;
20251107;061822.872;;25299.75;25299.75;1;ASK;;;;;
20251107;061822.924;25298.75;;25298.75;1;BID;;;;;
20251107;061822.980;25298.50;;25298.50;1;BID;;;;;
20251107;061823.028;25298.75;;25298.75;1;BID;;;;;
20251107;061823.104;;25299.75;25299.75;2;ASK;;;;;
20251107;061823.104;;25299.50;25299.50;1;ASK;;;;;
20251107;061823.104;25298.50;;25298.50;1;BID;;;;;
20251107;061823.140;25298.75;;25298.75;1;BID;;;;;
20251107;061823.140;;25299.75;25299.75;1;ASK;;;;;
20251107;061823.192;25298.50;;25298.50;1;BID;;;;;
20251107;061823.192;;25299.50;25299.50;1;ASK;;;;;
20251107;061823.244;25298.75;;25298.75;1;BID;;;;;
20251107;061823.324;;25299.75;25299.75;1;ASK;;;;;
20251107;061823.352;25298.50;;25298.50;1;BID;;;;;
20251107;061823.352;;25299.50;25299.50;1;ASK;;;;;
20251107;061823.404;25298.75;;25298.75;1;BID;;;;;
20251107;061823.864;;25299.75;25299.75;1;ASK;;;;;
20251107;061823.864;25299.00;;25299.00;1;BID;;;;;
20251107;061823.884;25298.50;;25298.50;2;BID;;;;;
20251107;061823.884;;25299.50;25299.50;1;ASK;;;;;
20251107;061823.884;25298.50;;25298.50;1;BID;;;;;
20251107;061823.884;25298.75;;25298.75;1;BID;;;;;
20251107;061823.884;;25299.75;25299.75;1;ASK;;;;;
20251107;061823.924;;25299.75;25299.75;2;ASK;;;;;
20251107;061823.924;;25299.50;25299.50;1;ASK;;;;;
20251107;061823.924;25298.50;;25298.50;1;BID;;;;;
20251107;061823.992;25298.75;;25298.75;1;BID;;;;;
20251107;061824.040;25298.50;;25298.50;1;BID;;;;;
20251107;061824.068;25298.75;;25298.75;1;BID;;;;;
20251107;061824.080;25298.50;;25298.50;1;BID;;;;;
20251107;061824.080;;25299.25;25299.25;1;ASK;;;;;
20251107;061824.084;25298.25;;25298.25;2;BID;;;;;
20251107;061824.096;25298.25;;25298.25;3;BID;;;;;
20251107;061824.096;25298.50;;25298.50;1;BID;;;;;
20251107;061824.148;25298.75;;25298.75;1;BID;;;;;
20251107;061824.148;;25299.50;25299.50;1;ASK;;;;;
20251107;061824.164;25298.50;;25298.50;1;BID;;;;;
20251107;061824.200;25298.75;;25298.75;1;BID;;;;;
20251107;061824.340;;25299.75;25299.75;3;ASK;;;;;
20251107;061824.340;;25299.75;25299.75;2;ASK;;;;;
20251107;061824.344;;25299.50;25299.50;1;ASK;;;;;
20251107;061824.344;25298.50;;25298.50;1;BID;;;;;
20251107;061824.360;25298.50;;25298.50;2;BID;;;;;
20251107;061824.360;25298.75;;25298.75;1;BID;;;;;
20251107;061824.416;25298.50;;25298.50;1;BID;;;;;
20251107;061824.468;25298.75;;25298.75;1;BID;;;;;
20251107;061824.708;25299.00;;25299.00;1;BID;;;;;
20251107;061824.708;;25299.75;25299.75;1;ASK;;;;;
20251107;061824.716;25298.50;;25298.50;1;BID;;;;;
20251107;061824.716;25298.50;;25298.50;2;BID;;;;;
20251107;061824.716;25298.75;;25298.75;1;BID;;;;;
20251107;061824.744;25299.00;;25299.00;1;BID;;;;;
20251107;061824.820;;25300.00;25300.00;1;ASK;;;;;
20251107;061824.948;25299.00;;25299.00;2;BID;;;;;
20251107;061824.948;25299.25;;25299.25;1;BID;;;;;
20251107;061824.952;;25300.25;25300.25;3;ASK;;;;;
20251107;061824.952;;25300.25;25300.25;2;ASK;;;;;
20251107;061824.952;25299.50;;25299.50;1;BID;;;;;
20251107;061824.952;25299.25;;25299.25;1;BID;;;;;
20251107;061824.952;;25300.00;25300.00;1;ASK;;;;;
20251107;061825.052;25299.00;;25299.00;2;BID;;;;;
20251107;061825.052;25299.25;;25299.25;1;BID;;;;;
20251107;061825.052;;25300.25;25300.25;2;ASK;;;;;
20251107;061825.052;25299.50;;25299.50;1;BID;;;;;
20251107;061825.056;25299.75;;25299.75;1;BID;;;;;
20251107;061825.056;;25300.25;25300.25;2;ASK;;;;;
20251107;061825.056;;25300.75;25300.75;2;ASK;;;;;
20251107;061825.056;25300.00;;25300.00;1;BID;;;;;
20251107;061825.056;;25300.75;25300.75;1;ASK;;;;;
20251107;061825.056;;25301.00;25301.00;1;ASK;;;;;
20251107;061825.056;;25301.25;25301.25;4;ASK;;;;;
20251107;061825.056;25300.25;;25300.25;1;BID;;;;;
20251107;061825.056;;25301.25;25301.25;3;ASK;;;;;
20251107;061825.056;;25301.25;25301.25;4;ASK;;;;;
20251107;061825.056;;25301.00;25301.00;1;ASK;;;;;
20251107;061825.056;25299.75;;25299.75;1;BID;;;;;
20251107;061825.056;25300.00;;25300.00;1;BID;;;;;
20251107;061825.056;;25301.25;25301.25;3;ASK;;;;;
20251107;061825.056;25300.25;;25300.25;1;BID;;;;;
20251107;061825.056;;25301.25;25301.25;4;ASK;;;;;
20251107;061825.056;;25301.00;25301.00;1;ASK;;;;;
20251107;061825.056;25300.00;;25300.00;1;BID;;;;;
20251107;061825.056;;25300.75;25300.75;1;ASK;;;;;
20251107;061825.060;;25301.00;25301.00;1;ASK;;;;;
20251107;061825.068;25300.00;;25300.00;2;BID;;;;;
20251107;061825.068;25300.25;;25300.25;1;BID;;;;;
20251107;061825.068;;25301.25;25301.25;3;ASK;;;;;
20251107;061825.068;;25301.25;25301.25;4;ASK;;;;;
20251107;061825.068;;25301.00;25301.00;1;ASK;;;;;
20251107;061825.068;25300.00;;25300.00;2;BID;;;;;
20251107;061825.068;25300.00;;25300.00;1;BID;;;;;
20251107;061825.076;25300.00;;25300.00;2;BID;;;;;
20251107;061825.076;25300.25;;25300.25;1;BID;;;;;
20251107;061825.160;25300.00;;25300.00;2;BID;;;;;
20251107;061825.160;25300.00;;25300.00;1;BID;;;;;
20251107;061825.172;25300.00;;25300.00;2;BID;;;;;
20251107;061825.172;25300.25;;25300.25;1;BID;;;;;
20251107;061825.364;;25301.25;25301.25;3;ASK;;;;;
20251107;061825.364;;25301.25;25301.25;4;ASK;;;;;
20251107;061825.364;;25301.00;25301.00;1;ASK;;;;;
20251107;061825.364;25300.00;;25300.00;2;BID;;;;;
20251107;061825.368;25300.00;;25300.00;1;BID;;;;;
20251107;061825.368;25300.25;;25300.25;1;BID;;;;;
20251107;061825.488;;25301.00;25301.00;1;ASK;;;;;
20251107;061825.488;;25301.25;25301.25;3;ASK;;;;;
20251107;061825.488;;25301.25;25301.25;4;ASK;;;;;
20251107;061825.488;;25301.00;25301.00;1;ASK;;;;;
20251107;061825.488;25300.00;;25300.00;1;BID;;;;;
20251107;061825.492;25300.00;;25300.00;2;BID;;;;;
20251107;061825.492;25300.25;;25300.25;1;BID;;;;;
20251107;061825.532;25300.50;;25300.50;1;BID;;;;;
20251107;061825.532;;25301.25;25301.25;3;ASK;;;;;
20251107;061825.692;;25301.25;25301.25;4;ASK;;;;;
20251107;061825.692;;25301.00;25301.00;1;ASK;;;;;
20251107;061825.692;25300.25;;25300.25;1;BID;;;;;
20251107;061825.728;25300.50;;25300.50;1;BID;;;;;
20251107;061825.728;;25301.25;25301.25;3;ASK;;;;;
20251107;061825.728;;25301.25;25301.25;4;ASK;;;;;
20251107;061825.744;25300.25;;25300.25;1;BID;;;;;
20251107;061825.744;;25301.00;25301.00;1;ASK;;;;;
20251107;061825.796;25300.50;;25300.50;1;BID;;;;;
20251107;061825.796;;25301.25;25301.25;3;ASK;;;;;
20251107;061825.796;;25301.25;25301.25;4;ASK;;;;;
20251107;061825.812;25300.25;;25300.25;1;BID;;;;;
20251107;061825.812;;25301.00;25301.00;1;ASK;;;;;
20251107;061825.848;25300.50;;25300.50;1;BID;;;;;
20251107;061825.848;;25301.25;25301.25;3;ASK;;;;;
20251107;061825.848;;25301.25;25301.25;4;ASK;;;;;
20251107;061825.904;25300.25;;25300.25;1;BID;;;;;
20251107;061825.904;;25301.00;25301.00;1;ASK;;;;;
20251107;061825.956;25300.50;;25300.50;1;BID;;;;;
20251107;061825.956;;25301.25;25301.25;3;ASK;;;;;
20251107;061825.956;;25301.25;25301.25;4;ASK;;;;;
20251107;061826.012;25300.25;;25300.25;1;BID;;;;;
20251107;061826.308;;25301.00;25301.00;1;ASK;;;;;
20251107;061826.308;25300.00;;25300.00;3;BID;;;;;
20251107;061826.308;25300.00;;25300.00;2;BID;;;;;
20251107;061826.308;25300.00;;25300.00;1;BID;;;;;
20251107;061826.308;25300.25;;25300.25;1;BID;;;;;
20251107;061826.308;;25301.25;25301.25;3;ASK;;;;;
20251107;061826.308;;25301.25;25301.25;4;ASK;;;;;
20251107;061826.308;;25301.00;25301.00;1;ASK;;;;;
20251107;061826.308;;25300.75;25300.75;1;ASK;;;;;
20251107;061826.308;25300.00;;25300.00;1;BID;;;;;
20251107;061826.380;25300.25;;25300.25;1;BID;;;;;
20251107;061826.380;;25301.00;25301.00;1;ASK;;;;;
20251107;061826.436;25300.00;;25300.00;1;BID;;;;;
20251107;061826.444;25300.00;;25300.00;2;BID;;;;;
20251107;061826.444;25300.25;;25300.25;1;BID;;;;;
20251107;061826.444;25300.50;;25300.50;1;BID;;;;;
20251107;061826.444;;25301.25;25301.25;3;ASK;;;;;
20251107;061826.444;;25301.25;25301.25;4;ASK;;;;;
20251107;061826.488;25300.25;;25300.25;1;BID;;;;;
20251107;061826.488;;25301.00;25301.00;1;ASK;;;;;
20251107;061826.900;25300.25;;25300.25;1;BID;;;;;
20251107;061826.900;25300.00;;25300.00;2;BID;;;;;
20251107;061826.900;;25300.75;25300.75;1;ASK;;;;;
20251107;061826.900;25300.00;;25300.00;1;BID;;;;;
20251107;061827.204;;25301.00;25301.00;1;ASK;;;;;
20251107;061827.224;25300.00;;25300.00;2;BID;;;;;
20251107;061827.284;25300.25;;25300.25;1;BID;;;;;
20251107;061827.284;25300.00;;25300.00;1;BID;;;;;
20251107;061827.284;;25300.75;25300.75;1;ASK;;;;;
20251107;061828.436;25299.75;;25299.75;1;BID;;;;;
20251107;061828.708;25299.75;;25299.75;2;BID;;;;;
20251107;061828.708;25300.00;;25300.00;1;BID;;;;;
20251107;061828.940;;25301.00;25301.00;1;ASK;;;;;
20251107;061829.052;25300.00;;25300.00;2;BID;;;;;
20251107;061829.052;25300.25;;25300.25;1;BID;;;;;
20251107;061829.060;25300.00;;25300.00;1;BID;;;;;
20251107;061829.532;;25300.75;25300.75;1;ASK;;;;;
20251107;061829.532;25299.75;;25299.75;2;BID;;;;;
20251107;061829.532;25299.75;;25299.75;1;BID;;;;;
20251107;061829.552;25299.75;;25299.75;2;BID;;;;;
20251107;061829.552;25300.00;;25300.00;1;BID;;;;;
20251107;061829.552;;25301.00;25301.00;1;ASK;;;;;
20251107;061829.552;25300.25;;25300.25;1;BID;;;;;
20251107;061829.552;;25301.25;25301.25;4;ASK;;;;;
20251107;061829.552;;25301.25;25301.25;3;ASK;;;;;
20251107;061829.552;;25301.00;25301.00;1;ASK;;;;;
20251107;061830.028;25300.00;;25300.00;1;BID;;;;;
20251107;061830.028;25300.25;;25300.25;1;BID;;;;;
20251107;061830.496;25300.00;;25300.00;1;BID;;;;;
20251107;061830.500;;25300.75;25300.75;1;ASK;;;;;
20251107;061830.796;25299.75;;25299.75;1;BID;;;;;
20251107;061830.956;25299.75;;25299.75;2;BID;;;;;
20251107;061830.956;25300.00;;25300.00;1;BID;;;;;
20251107;061831.156;25299.75;;25299.75;2;BID;;;;;
20251107;061831.156;25299.75;;25299.75;1;BID;;;;;
20251107;061831.268;25300.00;;25300.00;1;BID;;;;;
20251107;061831.488;25299.75;;25299.75;1;BID;;;;;
20251107;061831.488;;25300.50;25300.50;1;ASK;;;;;
20251107;061831.492;25300.00;;25300.00;1;BID;;;;;
20251107;061831.492;;25300.75;25300.75;1;ASK;;;;;
20251107;061832.472;;25301.00;25301.00;1;ASK;;;;;
20251107;061832.536;;25300.75;25300.75;1;ASK;;;;;
20251107;061832.536;25299.75;;25299.75;1;BID;;;;;
20251107;061832.540;25299.75;;25299.75;2;BID;;;;;
20251107;061832.540;25300.00;;25300.00;1;BID;;;;;
20251107;061832.540;;25301.00;25301.00;1;ASK;;;;;
20251107;061832.656;25300.25;;25300.25;1;BID;;;;;
20251107;061833.328;25300.00;;25300.00;1;BID;;;;;
20251107;061833.332;25300.00;;25300.00;2;BID;;;;;
20251107;061833.672;25300.25;;25300.25;1;BID;;;;;
20251107;061834.064;;25301.25;25301.25;4;ASK;;;;;
20251107;061834.064;;25301.25;25301.25;3;ASK;;;;;
20251107;061834.276;25300.25;;25300.25;2;BID;;;;;
20251107;061834.276;25300.25;;25300.25;3;BID;;;;;
20251107;061834.276;25300.50;;25300.50;1;BID;;;;;
20251107;061834.276;25300.25;;25300.25;2;BID;;;;;
20251107;061834.276;25300.50;;25300.50;1;BID;;;;;
20251107;061834.280;25300.25;;25300.25;2;BID;;;;;
20251107;061834.280;25300.25;;25300.25;1;BID;;;;;
20251107;061834.280;;25301.00;25301.00;1;ASK;;;;;
20251107;061834.320;25300.25;;25300.25;2;BID;;;;;
20251107;061834.320;25300.50;;25300.50;1;BID;;;;;
20251107;061834.320;;25301.25;25301.25;3;ASK;;;;;
20251107;061834.324;25300.75;;25300.75;1;BID;;;;;
20251107;061834.324;;25301.25;25301.25;3;ASK;;;;;
20251107;061834.324;;25301.75;25301.75;1;ASK;;;;;
20251107;061834.324;25301.00;;25301.00;1;BID;;;;;
20251107;061834.324;;25302.00;25302.00;2;ASK;;;;;
20251107;061834.324;;25302.00;25302.00;3;ASK;;;;;
20251107;061834.324;;25301.75;25301.75;1;ASK;;;;;
20251107;061834.324;25300.75;;25300.75;1;BID;;;;;
20251107;061834.324;;25301.50;25301.50;1;ASK;;;;;
20251107;061834.352;25301.00;;25301.00;1;BID;;;;;
20251107;061834.352;;25301.75;25301.75;1;ASK;;;;;
20251107;061834.352;;25302.00;25302.00;4;ASK;;;;;
20251107;061834.352;25300.75;;25300.75;1;BID;;;;;
20251107;061834.352;;25302.00;25302.00;3;ASK;;;;;
20251107;061834.352;;25301.75;25301.75;1;ASK;;;;;
20251107;061834.360;;25301.50;25301.50;1;ASK;;;;;
20251107;061834.360;25300.50;;25300.50;2;BID;;;;;
20251107;061834.360;25300.50;;25300.50;1;BID;;;;;
20251107;061834.360;25300.75;;25300.75;1;BID;;;;;
20251107;061834.360;25300.50;;25300.50;1;BID;;;;;
20251107;061834.364;25300.75;;25300.75;1;BID;;;;;
20251107;061834.364;;25301.75;25301.75;1;ASK;;;;;
20251107;061834.364;;25301.50;25301.50;1;ASK;;;;;
20251107;061834.400;;25301.75;25301.75;1;ASK;;;;;
20251107;061834.400;25301.00;;25301.00;1;BID;;;;;
20251107;061834.400;25301.00;;25301.00;2;BID;;;;;
20251107;061834.404;;25302.00;25302.00;4;ASK;;;;;
20251107;061834.404;;25302.00;25302.00;3;ASK;;;;;
20251107;061834.404;25301.00;;25301.00;1;BID;;;;;
20251107;061834.404;;25301.75;25301.75;1;ASK;;;;;
20251107;061834.416;;25301.50;25301.50;1;ASK;;;;;
20251107;061834.420;25300.75;;25300.75;1;BID;;;;;
20251107;061834.420;;25301.75;25301.75;1;ASK;;;;;
20251107;061834.420;;25301.50;25301.50;1;ASK;;;;;
20251107;061834.420;25300.50;;25300.50;2;BID;;;;;
20251107;061834.420;25300.50;;25300.50;1;BID;;;;;
20251107;061834.420;;25301.75;25301.75;1;ASK;;;;;
20251107;061834.420;25300.75;;25300.75;1;BID;;;;;
20251107;061834.420;;25301.75;25301.75;2;ASK;;;;;
20251107;061834.420;;25301.50;25301.50;1;ASK;;;;;
20251107;061834.424;25300.50;;25300.50;1;BID;;;;;
20251107;061834.424;;25301.25;25301.25;1;ASK;;;;;
20251107;061834.424;25300.25;;25300.25;1;BID;;;;;
20251107;061834.424;25300.50;;25300.50;1;BID;;;;;
20251107;061834.424;25300.25;;25300.25;1;BID;;;;;
20251107;061834.424;;25301.50;25301.50;1;ASK;;;;;
20251107;061834.424;25300.50;;25300.50;1;BID;;;;;
20251107;061834.428;;25301.25;25301.25;1;ASK;;;;;
20251107;061834.428;25300.25;;25300.25;1;BID;;;;;
20251107;061834.428;25300.25;;25300.25;2;BID;;;;;
20251107;061834.428;25300.50;;25300.50;1;BID;;;;;
20251107;061834.456;25300.75;;25300.75;1;BID;;;;;
20251107;061834.456;;25301.50;25301.50;1;ASK;;;;;
20251107;061834.536;25300.50;;25300.50;1;BID;;;;;
20251107;061834.536;25300.75;;25300.75;1;BID;;;;;
20251107;061834.860;;25301.00;25301.00;1;ASK;;;;;
20251107;061834.860;25300.50;;25300.50;1;BID;;;;;
20251107;061834.860;25300.25;;25300.25;3;BID;;;;;
20251107;061834.860;25300.25;;25300.25;2;BID;;;;;
20251107;061834.880;25300.25;;25300.25;3;BID;;;;;
20251107;061834.880;25300.50;;25300.50;1;BID;;;;;
20251107;061834.880;25300.25;;25300.25;3;BID;;;;;
20251107;061834.880;25300.25;;25300.25;2;BID;;;;;
20251107;061834.880;;25301.00;25301.00;1;ASK;;;;;
20251107;061834.880;;25301.50;25301.50;1;ASK;;;;;
20251107;061834.880;25300.50;;25300.50;1;BID;;;;;
20251107;061834.884;25300.25;;25300.25;2;BID;;;;;
20251107;061834.884;25300.25;;25300.25;3;BID;;;;;
20251107;061834.884;25300.25;;25300.25;2;BID;;;;;
20251107;061834.884;25300.75;;25300.75;1;BID;;;;;
20251107;061834.884;25300.50;;25300.50;1;BID;;;;;
20251107;061834.892;25300.50;;25300.50;2;BID;;;;;
20251107;061834.892;25300.75;;25300.75;1;BID;;;;;
20251107;061834.960;25300.50;;25300.50;1;BID;;;;;
20251107;061835.160;;25301.25;25301.25;1;ASK;;;;;
20251107;061835.168;;25301.50;25301.50;1;ASK;;;;;
20251107;061835.168;25300.75;;25300.75;1;BID;;;;;
20251107;061835.404;25300.50;;25300.50;1;BID;;;;;
20251107;061835.544;25300.50;;25300.50;2;BID;;;;;
20251107;061835.544;25300.50;;25300.50;3;BID;;;;;
20251107;061835.544;25300.75;;25300.75;1;BID;;;;;
20251107;061835.544;25300.50;;25300.50;3;BID;;;;;
20251107;061835.544;25300.50;;25300.50;2;BID;;;;;
20251107;061835.552;;25301.25;25301.25;1;ASK;;;;;
20251107;061835.552;25300.50;;25300.50;1;BID;;;;;
20251107;061835.632;;25301.50;25301.50;1;ASK;;;;;
20251107;061835.692;25300.75;;25300.75;1;BID;;;;;
20251107;061835.692;25300.50;;25300.50;1;BID;;;;;
20251107;061835.828;;25301.25;25301.25;1;ASK;;;;;
20251107;061835.844;;25301.25;25301.25;1;ASK;;;;;
20251107;061835.844;;25301.50;25301.50;1;ASK;;;;;
20251107;061835.844;25300.75;;25300.75;1;BID;;;;;
20251107;061835.844;25300.75;;25300.75;2;BID;;;;;
20251107;061835.848;25300.75;;25300.75;1;BID;;;;;
20251107;061835.848;25300.50;;25300.50;1;BID;;;;;
20251107;061836.012;25300.50;;25300.50;2;BID;;;;;
20251107;061836.012;25300.75;;25300.75;1;BID;;;;;
20251107;061836.512;25300.50;;25300.50;2;BID;;;;;
20251107;061836.512;25300.50;;25300.50;1;BID;;;;;
20251107;061836.512;;25301.25;25301.25;1;ASK;;;;;
20251107;061836.512;25300.25;;25300.25;3;BID;;;;;
20251107;061836.512;25300.25;;25300.25;2;BID;;;;;
20251107;061836.512;25300.50;;25300.50;1;BID;;;;;
20251107;061836.544;;25301.50;25301.50;1;ASK;;;;;
20251107;061837.068;;25301.25;25301.25;1;ASK;;;;;
20251107;061837.068;25300.25;;25300.25;2;BID;;;;;
20251107;061837.068;;25301.00;25301.00;1;ASK;;;;;
20251107;061837.068;;25301.25;25301.25;1;ASK;;;;;
20251107;061837.068;25300.50;;25300.50;1;BID;;;;;
20251107;061837.068;;25301.25;25301.25;2;ASK;;;;;
20251107;061837.068;25300.25;;25300.25;2;BID;;;;;
20251107;061837.192;;25301.00;25301.00;1;ASK;;;;;
20251107;061837.192;25300.25;;25300.25;1;BID;;;;;
20251107;061837.192;;25300.75;25300.75;1;ASK;;;;;
20251107;061837.192;;25301.00;25301.00;1;ASK;;;;;
20251107;061837.312;;25300.75;25300.75;1;ASK;;;;;
20251107;061837.328;;25301.00;25301.00;1;ASK;;;;;
20251107;061837.376;;25300.75;25300.75;1;ASK;;;;;
20251107;061837.464;;25301.00;25301.00;1;ASK;;;;;
20251107;061837.464;;25300.75;25300.75;1;ASK;;;;;
20251107;061838.192;25300.25;;25300.25;3;BID;;;;;
20251107;061838.192;25300.50;;25300.50;1;BID;;;;;
20251107;061838.192;;25300.75;25300.75;1;ASK;;;;;
20251107;061838.192;;25301.25;25301.25;2;ASK;;;;;
20251107;061838.192;25300.50;;25300.50;1;BID;;;;;
20251107;061838.192;25300.25;;25300.25;3;BID;;;;;
20251107;061838.192;;25301.25;25301.25;1;ASK;;;;;
20251107;061838.192;;25301.50;25301.50;3;ASK;;;;;
20251107;061838.192;;25301.50;25301.50;2;ASK;;;;;
20251107;061838.192;25300.75;;25300.75;1;BID;;;;;
20251107;061838.192;;25301.50;25301.50;1;ASK;;;;;
20251107;061838.192;25300.25;;25300.25;3;BID;;;;;
20251107;061838.192;;25301.75;25301.75;2;ASK;;;;;
20251107;061838.192;25300.50;;25300.50;1;BID;;;;;
20251107;061838.192;;25301.50;25301.50;1;ASK;;;;;
20251107;061838.192;;25301.50;25301.50;2;ASK;;;;;
20251107;061838.192;;25301.25;25301.25;1;ASK;;;;;
20251107;061838.192;25300.25;;25300.25;3;BID;;;;;
20251107;061838.192;;25301.00;25301.00;1;ASK;;;;;
20251107;061838.392;;25301.25;25301.25;3;ASK;;;;;
20251107;061838.392;;25301.25;25301.25;2;ASK;;;;;
20251107;061838.392;;25301.00;25301.00;1;ASK;;;;;
20251107;061838.704;;25301.25;25301.25;3;ASK;;;;;
20251107;061838.704;;25301.25;25301.25;2;ASK;;;;;
20251107;061838.708;;25301.00;25301.00;1;ASK;;;;;
20251107;061839.304;;25301.25;25301.25;2;ASK;;;;;
20251107;061839.304;;25301.25;25301.25;1;ASK;;;;;
20251107;061839.304;25300.50;;25300.50;1;BID;;;;;
20251107;061839.404;;25301.25;25301.25;2;ASK;;;;;
20251107;061839.404;;25301.25;25301.25;3;ASK;;;;;
20251107;061839.404;25300.25;;25300.25;3;BID;;;;;
20251107;061839.404;;25301.00;25301.00;1;ASK;;;;;
20251107;061839.404;;25301.00;25301.00;2;ASK;;;;;
20251107;061839.404;;25301.00;25301.00;1;ASK;;;;;
20251107;061839.704;;25301.25;25301.25;2;ASK;;;;;
20251107;061839.704;25300.50;;25300.50;1;BID;;;;;
20251107;061839.704;;25301.25;25301.25;1;ASK;;;;;
20251107;061839.708;25300.25;;25300.25;3;BID;;;;;
20251107;061839.708;;25301.00;25301.00;1;ASK;;;;;
20251107;061839.820;;25301.25;25301.25;1;ASK;;;;;
20251107;061839.820;25300.25;;25300.25;4;BID;;;;;
20251107;061839.820;25300.50;;25300.50;1;BID;;;;;
20251107;061839.820;;25301.50;25301.50;4;ASK;;;;;
20251107;061839.820;;25301.50;25301.50;3;ASK;;;;;
20251107;061839.820;;25301.50;25301.50;2;ASK;;;;;
20251107;061839.820;;25301.50;25301.50;1;ASK;;;;;
20251107;061839.820;25300.75;;25300.75;1;BID;;;;;
20251107;061839.840;25300.50;;25300.50;1;BID;;;;;
20251107;061839.896;;25301.75;25301.75;3;ASK;;;;;
20251107;061839.896;;25301.75;25301.75;2;ASK;;;;;
20251107;061839.900;;25301.50;25301.50;1;ASK;;;;;
20251107;061839.932;25300.50;;25300.50;2;BID;;;;;
20251107;061839.932;25300.75;;25300.75;1;BID;;;;;
20251107;061839.976;25300.50;;25300.50;1;BID;;;;;
20251107;061839.976;25300.75;;25300.75;1;BID;;;;;
20251107;061840.168;25300.50;;25300.50;1;BID;;;;;
20251107;061840.248;25300.50;;25300.50;2;BID;;;;;
20251107;061840.248;25300.75;;25300.75;1;BID;;;;;
20251107;061840.268;;25301.75;25301.75;2;ASK;;;;;
20251107;061840.296;;25301.50;25301.50;1;ASK;;;;;
20251107;061840.296;;25301.25;25301.25;1;ASK;;;;;
20251107;061840.296;25300.50;;25300.50;2;BID;;;;;
20251107;061840.296;25300.50;;25300.50;1;BID;;;;;
20251107;061840.296;;25301.00;25301.00;1;ASK;;;;;
20251107;061840.320;;25301.25;25301.25;1;ASK;;;;;
20251107;061840.736;;25301.00;25301.00;1;ASK;;;;;
20251107;061840.736;;25301.25;25301.25;1;ASK;;;;;
20251107;061841.008;;25301.00;25301.00;1;ASK;;;;;
20251107;061841.028;;25301.25;25301.25;1;ASK;;;;;
20251107;061841.356;;25301.00;25301.00;1;ASK;;;;;
20251107;061841.428;;25301.25;25301.25;1;ASK;;;;;
20251107;061841.604;;25301.25;25301.25;2;ASK;;;;;
20251107;061841.648;;25301.25;25301.25;1;ASK;;;;;
20251107;061841.648;;25301.50;25301.50;2;ASK;;;;;
20251107;061841.648;;25301.50;25301.50;1;ASK;;;;;
20251107;061841.648;25300.75;;25300.75;1;BID;;;;;
20251107;061841.652;25300.50;;25300.50;1;BID;;;;;
20251107;061841.700;;25301.25;25301.25;1;ASK;;;;;
20251107;061841.860;;25301.25;25301.25;2;ASK;;;;;
20251107;061841.860;;25301.00;25301.00;1;ASK;;;;;
20251107;061842.048;;25301.00;25301.00;2;ASK;;;;;
20251107;061842.048;;25300.75;25300.75;1;ASK;;;;;
20251107;061842.076;;25301.00;25301.00;2;ASK;;;;;
20251107;061842.128;;25301.00;25301.00;1;ASK;;;;;
20251107;061844.028;;25301.25;25301.25;1;ASK;;;;;
20251107;061844.028;;25301.50;25301.50;1;ASK;;;;;
20251107;061844.028;25300.75;;25300.75;1;BID;;;;;
20251107;061844.156;25300.50;;25300.50;1;BID;;;;;
20251107;061844.404;25300.50;;25300.50;2;BID;;;;;
20251107;061844.404;25300.75;;25300.75;1;BID;;;;;
20251107;061845.000;25300.50;;25300.50;1;BID;;;;;
20251107;061845.036;25300.50;;25300.50;2;BID;;;;;
20251107;061845.036;25300.75;;25300.75;1;BID;;;;;
20251107;061845.036;;25301.75;25301.75;2;ASK;;;;;
20251107;061845.040;;25301.75;25301.75;1;ASK;;;;;
20251107;061845.040;;25301.50;25301.50;1;ASK;;;;;
20251107;061845.184;;25301.75;25301.75;1;ASK;;;;;
20251107;061845.324;25300.75;;25300.75;2;BID;;;;;
20251107;061845.424;;25301.75;25301.75;2;ASK;;;;;
20251107;061845.424;;25301.50;25301.50;1;ASK;;;;;
20251107;061845.424;25300.75;;25300.75;1;BID;;;;;
20251107;061845.424;25300.50;;25300.50;2;BID;;;;;
20251107;061845.424;25300.50;;25300.50;1;BID;;;;;
20251107;061845.424;;25301.25;25301.25;1;ASK;;;;;
20251107;061845.780;25300.50;;25300.50;2;BID;;;;;
20251107;061845.780;;25301.50;25301.50;1;ASK;;;;;
20251107;061845.780;25300.75;;25300.75;1;BID;;;;;
20251107;061845.788;25300.50;;25300.50;1;BID;;;;;
20251107;061846.852;;25301.50;25301.50;1;ASK;;;;;
20251107;061846.852;;25301.50;25301.50;1;ASK;;;;;
20251107;061846.852;;25301.75;25301.75;3;ASK;;;;;
20251107;061846.852;25301.50;;25301.50;1;BID;;;;;
20251107;061846.852;25300.75;;25300.75;1;BID;;;;;
20251107;061846.852;;25301.75;25301.75;2;ASK;;;;;
20251107;061846.852;;25301.50;25301.50;1;ASK;;;;;
20251107;061846.852;25300.50;;25300.50;1;BID;;;;;
20251107;061846.852;25300.50;;25300.50;2;BID;;;;;
20251107;061846.856;25300.75;;25300.75;1;BID;;;;;
20251107;061846.856;;25301.75;25301.75;2;ASK;;;;;
20251107;061846.856;;25301.50;25301.50;1;ASK;;;;;
20251107;061846.864;;25301.50;25301.50;1;ASK;;;;;
20251107;061846.864;;25301.75;25301.75;2;ASK;;;;;
20251107;061846.864;25301.00;;25301.00;1;BID;;;;;
20251107;061846.868;25300.75;;25300.75;2;BID;;;;;
20251107;061846.868;;25301.50;25301.50;1;ASK;;;;;
20251107;061846.916;25301.00;;25301.00;1;BID;;;;;
20251107;061846.916;;25301.75;25301.75;2;ASK;;;;;
20251107;061846.968;25300.75;;25300.75;2;BID;;;;;
20251107;061847.128;25300.75;;25300.75;1;BID;;;;;
20251107;061847.128;;25301.50;25301.50;1;ASK;;;;;
20251107;061847.128;25300.50;;25300.50;1;BID;;;;;
20251107;061847.136;25300.50;;25300.50;2;BID;;;;;
20251107;061847.136;25300.75;;25300.75;1;BID;;;;;
20251107;061847.496;25300.50;;25300.50;2;BID;;;;;
20251107;061847.496;25300.50;;25300.50;1;BID;;;;;
20251107;061847.508;;25301.25;25301.25;1;ASK;;;;;
20251107;061847.508;;25301.50;25301.50;1;ASK;;;;;
20251107;061847.604;25300.50;;25300.50;2;BID;;;;;
20251107;061847.604;25300.75;;25300.75;1;BID;;;;;
20251107;061847.608;25301.00;;25301.00;1;BID;;;;;
20251107;061847.608;;25301.75;25301.75;3;ASK;;;;;
20251107;061847.608;;25301.75;25301.75;2;ASK;;;;;
20251107;061847.640;25300.75;;25300.75;1;BID;;;;;
20251107;061847.796;25300.75;;25300.75;2;BID;;;;;
20251107;061847.796;25301.00;;25301.00;1;BID;;;;;
20251107;061848.036;25300.75;;25300.75;2;BID;;;;;
20251107;061848.036;25300.75;;25300.75;1;BID;;;;;
20251107;061848.052;;25301.50;25301.50;1;ASK;;;;;
20251107;061848.052;25300.50;;25300.50;1;BID;;;;;
20251107;061848.060;25300.50;;25300.50;2;BID;;;;;
20251107;061848.060;25300.75;;25300.75;1;BID;;;;;
20251107;061848.128;;25301.75;25301.75;2;ASK;;;;;
20251107;061848.400;;25301.50;25301.50;1;ASK;;;;;
20251107;061848.400;25300.50;;25300.50;1;BID;;;;;
20251107;061848.408;25300.50;;25300.50;4;BID;;;;;
20251107;061848.408;25300.75;;25300.75;1;BID;;;;;
20251107;061848.408;;25301.75;25301.75;2;ASK;;;;;
20251107;061848.408;25301.00;;25301.00;1;BID;;;;;
20251107;061848.408;25300.75;;25300.75;1;BID;;;;;
20251107;061848.652;;25301.50;25301.50;1;ASK;;;;;
20251107;061848.728;25300.75;;25300.75;2;BID;;;;;
20251107;061848.728;;25301.75;25301.75;2;ASK;;;;;
20251107;061848.728;25300.75;;25300.75;1;BID;;;;;
20251107;061848.736;25300.75;;25300.75;2;BID;;;;;
20251107;061848.752;25301.00;;25301.00;1;BID;;;;;
20251107;061848.852;25301.25;;25301.25;1;BID;;;;;
20251107;061848.852;;25301.75;25301.75;1;ASK;;;;;
20251107;061848.856;25301.50;;25301.50;1;BID;;;;;
20251107;061848.856;;25301.75;25301.75;1;ASK;;;;;
20251107;061848.856;;25302.00;25302.00;4;ASK;;;;;
20251107;061848.856;25301.25;;25301.25;1;BID;;;;;
20251107;061848.856;;25302.00;25302.00;3;ASK;;;;;
20251107;061848.856;25301.50;;25301.50;1;BID;;;;;
20251107;061848.856;;25302.00;25302.00;2;ASK;;;;;
20251107;061848.896;25301.50;;25301.50;2;BID;;;;;
20251107;061849.204;25301.50;;25301.50;1;BID;;;;;
20251107;061849.204;;25302.00;25302.00;3;ASK;;;;;
20251107;061849.296;;25302.00;25302.00;1;ASK;;;;;
20251107;061849.296;;25302.00;25302.00;1;ASK;;;;;
20251107;061849.296;;25302.00;25302.00;1;ASK;;;;;
20251107;061849.296;;25302.50;25302.50;1;ASK;;;;;
20251107;061849.296;;25302.50;25302.50;1;ASK;;;;;
20251107;061849.296;;25302.50;25302.50;1;ASK;;;;;
20251107;061849.296;;25302.00;25302.00;1;ASK;;;;;
20251107;061849.296;25301.75;;25301.75;1;BID;;;;;
20251107;061849.300;;25302.00;25302.00;1;ASK;;;;;
20251107;061849.300;;25302.75;25302.75;2;ASK;;;;;
20251107;061849.300;;25302.50;25302.50;1;ASK;;;;;
20251107;061849.300;25302.00;;25302.00;1;BID;;;;;
20251107;061849.300;;25302.50;25302.50;2;ASK;;;;;
20251107;061849.300;25301.75;;25301.75;1;BID;;;;;
20251107;061849.300;25301.50;;25301.50;2;BID;;;;;
20251107;061849.300;25301.75;;25301.75;1;BID;;;;;
20251107;061849.300;25301.75;;25301.75;2;BID;;;;;
20251107;061849.300;25301.75;;25301.75;3;BID;;;;;
20251107;061849.300;25301.75;;25301.75;4;BID;;;;;
20251107;061849.300;25301.75;;25301.75;3;BID;;;;;
20251107;061849.300;;25302.50;25302.50;1;ASK;;;;;
20251107;061849.300;25301.75;;25301.75;4;BID;;;;;
20251107;061849.304;;25302.75;25302.75;1;ASK;;;;;
20251107;061849.304;25302.00;;25302.00;1;BID;;;;;
20251107;061849.304;25302.00;;25302.00;2;BID;;;;;
20251107;061849.304;25302.00;;25302.00;3;BID;;;;;
20251107;061849.304;25302.25;;25302.25;1;BID;;;;;
20251107;061849.304;25302.00;;25302.00;3;BID;;;;;
20251107;061849.304;25302.00;;25302.00;4;BID;;;;;
20251107;061849.304;25302.00;;25302.00;3;BID;;;;;
20251107;061849.304;25302.00;;25302.00;2;BID;;;;;
20251107;061849.304;;25302.50;25302.50;1;ASK;;;;;
20251107;061849.304;25302.00;;25302.00;1;BID;;;;;
20251107;061849.304;;25302.75;25302.75;1;ASK;;;;;
20251107;061849.304;;25302.75;25302.75;2;ASK;;;;;
20251107;061849.304;25301.75;;25301.75;1;BID;;;;;
20251107;061849.304;;25302.75;25302.75;1;ASK;;;;;
20251107;061849.304;;25302.50;25302.50;1;ASK;;;;;
20251107;061849.304;25302.00;;25302.00;1;BID;;;;;
20251107;061849.304;;25302.75;25302.75;1;ASK;;;;;
20251107;061849.304;25301.50;;25301.50;2;BID;;;;;
20251107;061849.304;25301.75;;25301.75;1;BID;;;;;
20251107;061849.304;25301.75;;25301.75;2;BID;;;;;
20251107;061849.308;25302.00;;25302.00;1;BID;;;;;
20251107;061849.316;25302.00;;25302.00;2;BID;;;;;
20251107;061849.328;;25302.75;25302.75;1;ASK;;;;;
20251107;061849.328;;25303.00;25303.00;1;ASK;;;;;
20251107;061849.328;25302.25;;25302.25;1;BID;;;;;
20251107;061849.332;25302.00;;25302.00;1;BID;;;;;
20251107;061849.344;25302.00;;25302.00;2;BID;;;;;
20251107;061849.344;25302.25;;25302.25;1;BID;;;;;
20251107;061849.412;25302.00;;25302.00;2;BID;;;;;
20251107;061849.412;25302.00;;25302.00;1;BID;;;;;
20251107;061849.448;25302.00;;25302.00;2;BID;;;;;
20251107;061849.448;25302.25;;25302.25;1;BID;;;;;
20251107;061849.448;25302.25;;25302.25;2;BID;;;;;
20251107;061849.448;25302.25;;25302.25;1;BID;;;;;
20251107;061849.448;25302.00;;25302.00;2;BID;;;;;
20251107;061849.448;25302.00;;25302.00;1;BID;;;;;
20251107;061849.448;25302.25;;25302.25;1;BID;;;;;
20251107;061849.500;;25303.00;25303.00;1;ASK;;;;;
20251107;061849.500;;25303.25;25303.25;3;ASK;;;;;
20251107;061849.500;25302.50;;25302.50;1;BID;;;;;
20251107;061849.500;;25303.25;25303.25;2;ASK;;;;;
20251107;061849.500;25302.50;;25302.50;2;BID;;;;;
20251107;061849.500;25302.50;;25302.50;1;BID;;;;;
20251107;061849.500;25302.75;;25302.75;1;BID;;;;;
20251107;061849.500;25302.50;;25302.50;1;BID;;;;;
20251107;061849.504;25302.50;;25302.50;2;BID;;;;;
20251107;061849.516;25302.50;;25302.50;1;BID;;;;;
20251107;061849.516;;25303.00;25303.00;1;ASK;;;;;
20251107;061849.516;25302.25;;25302.25;1;BID;;;;;
20251107;061849.516;25302.25;;25302.25;2;BID;;;;;
20251107;061849.516;25302.25;;25302.25;3;BID;;;;;
20251107;061849.516;;25303.25;25303.25;2;ASK;;;;;
20251107;061849.520;25302.50;;25302.50;1;BID;;;;;
20251107;061849.584;25302.75;;25302.75;1;BID;;;;;
20251107;061849.680;25302.50;;25302.50;1;BID;;;;;
20251107;061849.684;25302.75;;25302.75;1;BID;;;;;
20251107;061849.684;25302.50;;25302.50;1;BID;;;;;
20251107;061849.724;25302.50;;25302.50;2;BID;;;;;
20251107;061849.724;25302.75;;25302.75;1;BID;;;;;
20251107;061849.724;25302.75;;25302.75;2;BID;;;;;
20251107;061849.736;25302.75;;25302.75;1;BID;;;;;
20251107;061849.736;25302.50;;25302.50;2;BID;;;;;
20251107;061849.736;25302.50;;25302.50;1;BID;;;;;
20251107;061849.744;25302.25;;25302.25;3;BID;;;;;
20251107;061849.744;25302.25;;25302.25;2;BID;;;;;
20251107;061849.744;25302.25;;25302.25;1;BID;;;;;
20251107;061849.744;;25303.00;25303.00;1;ASK;;;;;
20251107;061849.744;;25303.25;25303.25;2;ASK;;;;;
20251107;061849.744;;25303.00;25303.00;1;ASK;;;;;
20251107;061849.756;25302.25;;25302.25;2;BID;;;;;
20251107;061849.756;;25303.25;25303.25;2;ASK;;;;;
20251107;061849.756;25302.50;;25302.50;1;BID;;;;;
20251107;061849.788;25302.25;;25302.25;1;BID;;;;;
20251107;061849.816;25302.25;;25302.25;2;BID;;;;;
20251107;061849.816;25302.50;;25302.50;1;BID;;;;;
20251107;061849.912;25302.25;;25302.25;2;BID;;;;;
20251107;061849.912;;25303.00;25303.00;1;ASK;;;;;
20251107;061849.912;25302.25;;25302.25;1;BID;;;;;
20251107;061849.924;25302.00;;25302.00;2;BID;;;;;
20251107;061849.924;25302.00;;25302.00;1;BID;;;;;
20251107;061849.924;25302.25;;25302.25;1;BID;;;;;
20251107;061850.488;;25303.25;25303.25;2;ASK;;;;;
20251107;061850.488;25302.50;;25302.50;1;BID;;;;;
20251107;061850.524;25302.25;;25302.25;1;BID;;;;;
20251107;061850.528;;25303.00;25303.00;1;ASK;;;;;
20251107;061850.604;25302.50;;25302.50;1;BID;;;;;
20251107;061850.604;;25303.25;25303.25;2;ASK;;;;;
20251107;061850.624;;25303.00;25303.00;1;ASK;;;;;
20251107;061850.624;25302.25;;25302.25;2;BID;;;;;
20251107;061850.624;25302.25;;25302.25;1;BID;;;;;
20251107;061850.924;25302.00;;25302.00;1;BID;;;;;
20251107;061850.960;25302.00;;25302.00;2;BID;;;;;
20251107;061850.960;25302.25;;25302.25;1;BID;;;;;
20251107;061851.156;25302.25;;25302.25;1;BID;;;;;
20251107;061851.156;25302.00;;25302.00;1;BID;;;;;
20251107;061851.156;25302.00;;25302.00;1;BID;;;;;
20251107;061851.156;25301.75;;25301.75;1;BID;;;;;
20251107;061851.156;25301.75;;25301.75;1;BID;;;;;
20251107;061851.156;25301.75;;25301.75;1;BID;;;;;
20251107;061851.156;;25302.75;25302.75;1;ASK;;;;;
20251107;061851.156;;25302.50;25302.50;1;ASK;;;;;
20251107;061851.156;25301.25;;25301.25;2;BID;;;;;
20251107;061851.156;25301.25;;25301.25;1;BID;;;;;
20251107;061851.156;;25302.75;25302.75;2;ASK;;;;;
20251107;061851.156;25301.25;;25301.25;2;BID;;;;;
20251107;061851.156;25301.50;;25301.50;1;BID;;;;;
20251107;061851.160;;25302.75;25302.75;3;ASK;;;;;
20251107;061851.160;;25302.50;25302.50;1;ASK;;;;;
20251107;061851.160;;25302.25;25302.25;1;ASK;;;;;
20251107;061851.160;25301.25;;25301.25;2;BID;;;;;
20251107;061851.224;25301.25;;25301.25;1;BID;;;;;
20251107;061851.240;;25302.00;25302.00;1;ASK;;;;;
20251107;061851.496;25301.25;;25301.25;1;BID;;;;;
20251107;061851.496;25301.00;;25301.00;2;BID;;;;;
20251107;061851.496;25301.00;;25301.00;1;BID;;;;;
20251107;061851.496;25300.75;;25300.75;1;BID;;;;;
20251107;061851.496;;25301.75;25301.75;1;ASK;;;;;
20251107;061851.496;25300.50;;25300.50;5;BID;;;;;
20251107;061851.496;;25301.75;25301.75;2;ASK;;;;;
20251107;061851.500;;25301.50;25301.50;1;ASK;;;;;
20251107;061851.500;25301.00;;25301.00;1;BID;;;;;
20251107;061851.500;;25301.75;25301.75;7;ASK;;;;;
20251107;061851.500;25300.50;;25300.50;5;BID;;;;;
20251107;061851.500;25300.50;;25300.50;4;BID;;;;;
20251107;061851.500;;25301.50;25301.50;1;ASK;;;;;
20251107;061851.500;;25301.25;25301.25;1;ASK;;;;;
20251107;061851.500;;25301.50;25301.50;4;ASK;;;;;
20251107;061851.504;;25301.25;25301.25;1;ASK;;;;;
20251107;061851.504;25300.75;;25300.75;1;BID;;;;;
20251107;061851.504;25300.50;;25300.50;4;BID;;;;;
20251107;061851.504;;25301.50;25301.50;1;ASK;;;;;
20251107;061851.504;25300.75;;25300.75;1;BID;;;;;
20251107;061851.504;25300.50;;25300.50;4;BID;;;;;
20251107;061851.504;;25301.50;25301.50;1;ASK;;;;;
20251107;061851.504;;25301.75;25301.75;3;ASK;;;;;
20251107;061851.504;25300.75;;25300.75;1;BID;;;;;
20251107;061851.504;;25301.75;25301.75;2;ASK;;;;;
20251107;061851.508;25300.75;;25300.75;2;BID;;;;;
20251107;061851.508;25301.00;;25301.00;1;BID;;;;;
20251107;061851.508;;25301.75;25301.75;1;ASK;;;;;
20251107;061851.508;;25302.00;25302.00;2;ASK;;;;;
20251107;061851.508;;25302.00;25302.00;1;ASK;;;;;
20251107;061851.508;;25301.75;25301.75;1;ASK;;;;;
20251107;061851.508;;25301.75;25301.75;2;ASK;;;;;
20251107;061851.540;25300.75;;25300.75;2;BID;;;;;
20251107;061851.596;;25301.75;25301.75;1;ASK;;;;;
20251107;061851.596;25301.00;;25301.00;1;BID;;;;;
20251107;061851.596;;25302.00;25302.00;2;ASK;;;;;
20251107;061851.612;;25302.00;25302.00;3;ASK;;;;;
20251107;061851.612;;25301.75;25301.75;1;ASK;;;;;
20251107;061851.612;25300.75;;25300.75;2;BID;;;;;
20251107;061851.612;25300.75;;25300.75;1;BID;;;;;
20251107;061851.612;;25301.50;25301.50;1;ASK;;;;;
20251107;061851.612;25300.50;;25300.50;5;BID;;;;;
20251107;061851.612;25300.50;;25300.50;4;BID;;;;;
20251107;061851.616;25300.75;;25300.75;1;BID;;;;;
20251107;061851.700;;25301.75;25301.75;2;ASK;;;;;
20251107;061851.700;25301.00;;25301.00;1;BID;;;;;
20251107;061851.704;;25301.75;25301.75;1;ASK;;;;;
20251107;061851.736;25300.75;;25300.75;1;BID;;;;;
20251107;061851.820;;25301.75;25301.75;1;ASK;;;;;
20251107;061851.820;;25302.00;25302.00;1;ASK;;;;;
20251107;061851.820;;25302.00;25302.00;2;ASK;;;;;
20251107;061851.820;25301.00;;25301.00;1;BID;;;;;
20251107;061851.820;;25302.00;25302.00;1;ASK;;;;;
20251107;061851.820;25301.00;;25301.00;2;BID;;;;;
20251107;061851.824;25301.25;;25301.25;1;BID;;;;;
20251107;061851.880;25301.50;;25301.50;1;BID;;;;;
20251107;061851.880;;25302.25;25302.25;3;ASK;;;;;
20251107;061851.880;;25302.25;25302.25;2;ASK;;;;;
20251107;061851.880;25301.25;;25301.25;1;BID;;;;;
20251107;061851.880;;25302.25;25302.25;1;ASK;;;;;
20251107;061851.880;;25302.00;25302.00;1;ASK;;;;;
20251107;061851.880;;25302.00;25302.00;1;ASK;;;;;
20251107;061851.880;;25302.25;25302.25;1;ASK;;;;;
20251107;061851.880;;25302.25;25302.25;1;ASK;;;;;
20251107;061851.880;;25302.50;25302.50;1;ASK;;;;;
20251107;061851.880;;25302.50;25302.50;1;ASK;;;;;
20251107;061851.880;;25302.50;25302.50;1;ASK;;;;;
20251107;061851.880;25301.50;;25301.50;1;BID;;;;;
20251107;061851.884;;25302.50;25302.50;2;ASK;;;;;
20251107;061851.884;25301.75;;25301.75;1;BID;;;;;
20251107;061851.884;;25302.50;25302.50;3;ASK;;;;;
20251107;061851.884;25301.50;;25301.50;1;BID;;;;;
20251107;061851.884;;25302.50;25302.50;2;ASK;;;;;
20251107;061851.884;;25302.25;25302.25;1;ASK;;;;;
20251107;061851.884;;25302.50;25302.50;2;ASK;;;;;
20251107;061851.884;25301.75;;25301.75;1;BID;;;;;
20251107;061851.884;;25302.50;25302.50;1;ASK;;;;;
20251107;061851.884;25301.50;;25301.50;1;BID;;;;;
20251107;061851.884;;25302.50;25302.50;2;ASK;;;;;
20251107;061851.884;;25302.25;25302.25;1;ASK;;;;;
20251107;061851.884;;25302.50;25302.50;1;ASK;;;;;
20251107;061851.888;;25302.50;25302.50;2;ASK;;;;;
20251107;061851.888;25301.75;;25301.75;1;BID;;;;;
20251107;061851.888;25301.50;;25301.50;1;BID;;;;;
20251107;061851.896;;25302.25;25302.25;1;ASK;;;;;
20251107;061851.916;25301.75;;25301.75;1;BID;;;;;
20251107;061851.916;;25302.50;25302.50;1;ASK;;;;;
20251107;061851.916;;25302.50;25302.50;2;ASK;;;;;
20251107;061852.020;25301.50;;25301.50;1;BID;;;;;
20251107;061852.024;;25302.25;25302.25;1;ASK;;;;;
20251107;061852.032;;25302.50;25302.50;1;ASK;;;;;
20251107;061852.032;;25302.50;25302.50;2;ASK;;;;;
20251107;061852.032;;25302.25;25302.25;1;ASK;;;;;
20251107;061852.076;25301.75;;25301.75;1;BID;;;;;
20251107;061852.076;;25302.50;25302.50;1;ASK;;;;;
20251107;061852.076;;25302.50;25302.50;2;ASK;;;;;
20251107;061852.112;;25302.50;25302.50;1;ASK;;;;;
20251107;061852.112;;25302.50;25302.50;1;ASK;;;;;
20251107;061852.112;25302.00;;25302.00;1;BID;;;;;
20251107;061852.112;25301.75;;25301.75;1;BID;;;;;
20251107;061852.368;;25302.50;25302.50;1;ASK;;;;;
20251107;061852.368;;25302.75;25302.75;1;ASK;;;;;
20251107;061852.368;25302.00;;25302.00;1;BID;;;;;
20251107;061852.368;;25303.00;25303.00;2;ASK;;;;;
20251107;061852.368;;25303.00;25303.00;1;ASK;;;;;
20251107;061852.368;;25303.25;25303.25;4;ASK;;;;;
20251107;061852.372;;25303.25;25303.25;5;ASK;;;;;
20251107;061852.372;;25303.00;25303.00;1;ASK;;;;;
20251107;061852.372;;25302.75;25302.75;1;ASK;;;;;
20251107;061852.412;;25303.00;25303.00;2;ASK;;;;;
20251107;061852.412;;25303.00;25303.00;1;ASK;;;;;
20251107;061852.412;25302.25;;25302.25;1;BID;;;;;
20251107;061852.416;25302.00;;25302.00;1;BID;;;;;
20251107;061852.416;;25302.75;25302.75;1;ASK;;;;;
20251107;061852.628;25302.25;;25302.25;1;BID;;;;;
20251107;061852.628;;25303.00;25303.00;1;ASK;;;;;
20251107;061852.868;25302.50;;25302.50;1;BID;;;;;
20251107;061852.868;;25303.25;25303.25;5;ASK;;;;;
20251107;061852.868;;25303.25;25303.25;4;ASK;;;;;
20251107;061852.868;;25303.25;25303.25;3;ASK;;;;;
20251107;061852.868;25302.25;;25302.25;3;BID;;;;;
20251107;061852.868;25302.25;;25302.25;2;BID;;;;;
20251107;061852.868;;25303.25;25303.25;2;ASK;;;;;
20251107;061852.868;25302.75;;25302.75;1;BID;;;;;
20251107;061852.868;25302.50;;25302.50;1;BID;;;;;
20251107;061852.988;25302.25;;25302.25;1;BID;;;;;
20251107;061852.988;25302.00;;25302.00;1;BID;;;;;
20251107;061852.988;25302.00;;25302.00;2;BID;;;;;
20251107;061852.988;25302.25;;25302.25;1;BID;;;;;
20251107;061852.992;25302.50;;25302.50;1;BID;;;;;
20251107;061853.664;25302.75;;25302.75;1;BID;;;;;
20251107;061853.664;25302.50;;25302.50;1;BID;;;;;
20251107;061854.736;25302.50;;25302.50;1;BID;;;;;
20251107;061854.736;25302.25;;25302.25;1;BID;;;;;
20251107;061854.736;;25303.00;25303.00;1;ASK;;;;;
20251107;061854.736;;25302.75;25302.75;1;ASK;;;;;
20251107;061854.736;25302.00;;25302.00;2;BID;;;;;
20251107;061854.736;25302.00;;25302.00;1;BID;;;;;
20251107;061854.736;25301.75;;25301.75;2;BID;;;;;
20251107;061854.736;25301.75;;25301.75;1;BID;;;;;
20251107;061854.736;25301.50;;25301.50;1;BID;;;;;
20251107;061854.736;25302.00;;25302.00;1;BID;;;;;
20251107;061854.736;;25303.00;25303.00;2;ASK;;;;;
20251107;061854.736;;25303.00;25303.00;1;ASK;;;;;
20251107;061854.736;25302.25;;25302.25;1;BID;;;;;
20251107;061854.740;;25303.25;25303.25;2;ASK;;;;;
20251107;061854.740;25302.25;;25302.25;2;BID;;;;;
20251107;061854.740;25302.50;;25302.50;1;BID;;;;;
20251107;061854.740;25302.25;;25302.25;1;BID;;;;;
20251107;061854.740;;25303.00;25303.00;1;ASK;;;;;
20251107;061854.744;;25303.25;25303.25;2;ASK;;;;;
20251107;061854.744;25302.50;;25302.50;1;BID;;;;;
20251107;061854.828;25302.25;;25302.25;1;BID;;;;;
20251107;061854.828;;25303.00;25303.00;1;ASK;;;;;
20251107;061854.828;;25303.25;25303.25;2;ASK;;;;;
20251107;061854.828;25302.50;;25302.50;1;BID;;;;;
20251107;061854.844;25302.25;;25302.25;1;BID;;;;;
20251107;061854.844;;25303.00;25303.00;1;ASK;;;;;
20251107;061854.856;;25303.25;25303.25;2;ASK;;;;;
20251107;061854.880;25302.25;;25302.25;2;BID;;;;;
20251107;061854.880;25302.50;;25302.50;1;BID;;;;;
20251107;061854.908;;25303.25;25303.25;1;ASK;;;;;
20251107;061854.908;;25303.25;25303.25;1;ASK;;;;;
20251107;061854.908;25302.75;;25302.75;1;BID;;;;;
20251107;061854.908;25302.50;;25302.50;2;BID;;;;;
20251107;061854.908;25302.50;;25302.50;3;BID;;;;;
20251107;061854.908;;25303.25;25303.25;1;ASK;;;;;
20251107;061854.908;;25303.50;25303.50;2;ASK;;;;;
20251107;061854.908;25302.75;;25302.75;1;BID;;;;;
20251107;061854.908;;25303.50;25303.50;1;ASK;;;;;
20251107;061854.908;25302.75;;25302.75;2;BID;;;;;
20251107;061854.912;;25303.75;25303.75;2;ASK;;;;;
20251107;061854.912;25303.00;;25303.00;1;BID;;;;;
20251107;061854.912;;25303.75;25303.75;1;ASK;;;;;
20251107;061854.912;25302.75;;25302.75;3;BID;;;;;
20251107;061854.932;;25303.50;25303.50;1;ASK;;;;;
20251107;061854.932;25303.00;;25303.00;1;BID;;;;;
20251107;061854.932;;25303.75;25303.75;1;ASK;;;;;
20251107;061854.952;25303.25;;25303.25;1;BID;;;;;
20251107;061854.972;25303.00;;25303.00;2;BID;;;;;
20251107;061854.972;25303.25;;25303.25;1;BID;;;;;
20251107;061854.976;25303.00;;25303.00;2;BID;;;;;
20251107;061855.272;25303.00;;25303.00;3;BID;;;;;
20251107;061855.612;25303.25;;25303.25;1;BID;;;;;
20251107;061855.612;25303.00;;25303.00;2;BID;;;;;
20251107;061855.680;25303.25;;25303.25;1;BID;;;;;
20251107;061855.680;25303.00;;25303.00;2;BID;;;;;
20251107;061855.692;;25303.75;25303.75;1;ASK;;;;;
20251107;061855.692;;25304.25;25304.25;3;ASK;;;;;
20251107;061855.692;25303.25;;25303.25;1;BID;;;;;
20251107;061855.692;;25304.25;25304.25;2;ASK;;;;;
20251107;061855.692;;25304.25;25304.25;1;ASK;;;;;
20251107;061855.692;25303.00;;25303.00;2;BID;;;;;
20251107;061855.692;;25304.00;25304.00;1;ASK;;;;;
20251107;061855.696;;25303.75;25303.75;1;ASK;;;;;
20251107;061855.696;;25304.00;25304.00;1;ASK;;;;;
20251107;061855.720;25303.25;;25303.25;1;BID;;;;;
20251107;061855.720;25303.25;;25303.25;1;BID;;;;;
20251107;061855.720;25303.00;;25303.00;2;BID;;;;;
20251107;061855.720;;25303.75;25303.75;1;ASK;;;;;
20251107;061855.720;25303.25;;25303.25;1;BID;;;;;
20251107;061855.720;;25304.00;25304.00;1;ASK;;;;;
20251107;061855.720;25303.00;;25303.00;2;BID;;;;;
20251107;061855.720;;25304.00;25304.00;2;ASK;;;;;
20251107;061855.720;;25303.75;25303.75;1;ASK;;;;;
20251107;061855.724;;25304.00;25304.00;2;ASK;;;;;
20251107;061855.832;;25303.75;25303.75;1;ASK;;;;;
20251107;061855.928;;25304.00;25304.00;2;ASK;;;;;
20251107;061856.004;;25303.75;25303.75;1;ASK;;;;;
20251107;061856.056;;25304.00;25304.00;2;ASK;;;;;
20251107;061856.128;;25303.75;25303.75;1;ASK;;;;;
20251107;061856.216;;25304.00;25304.00;2;ASK;;;;;
20251107;061856.340;25303.00;;25303.00;3;BID;;;;;
20251107;061856.340;;25304.00;25304.00;1;ASK;;;;;
20251107;061856.340;;25304.00;25304.00;1;ASK;;;;;
20251107;061856.340;;25304.25;25304.25;1;ASK;;;;;
20251107;061856.340;;25304.25;25304.25;1;ASK;;;;;
20251107;061856.340;;25304.50;25304.50;3;ASK;;;;;
20251107;061856.340;25303.25;;25303.25;1;BID;;;;;
20251107;061856.340;25303.25;;25303.25;2;BID;;;;;
20251107;061856.344;;25304.50;25304.50;2;ASK;;;;;
20251107;061856.344;25303.25;;25303.25;3;BID;;;;;
20251107;061856.344;25303.25;;25303.25;4;BID;;;;;
20251107;061856.344;25303.50;;25303.50;1;BID;;;;;
20251107;061856.344;25303.50;;25303.50;2;BID;;;;;
20251107;061856.344;25303.75;;25303.75;1;BID;;;;;
20251107;061856.344;;25304.50;25304.50;1;ASK;;;;;
20251107;061856.344;;25304.50;25304.50;1;ASK;;;;;
20251107;061856.344;;25304.75;25304.75;1;ASK;;;;;
20251107;061856.344;25303.75;;25303.75;2;BID;;;;;
20251107;061856.348;25303.75;;25303.75;3;BID;;;;;
20251107;061856.348;25303.75;;25303.75;4;BID;;;;;
20251107;061856.348;25304.00;;25304.00;1;BID;;;;;
20251107;061856.348;;25305.00;25305.00;1;ASK;;;;;
20251107;061856.348;25304.00;;25304.00;2;BID;;;;;
20251107;061856.348;25304.25;;25304.25;1;BID;;;;;
20251107;061856.360;25304.25;;25304.25;2;BID;;;;;
20251107;061856.360;25304.25;;25304.25;1;BID;;;;;
20251107;061856.360;25304.25;;25304.25;2;BID;;;;;
20251107;061856.376;25304.50;;25304.50;1;BID;;;;;
20251107;061856.376;25304.25;;25304.25;1;BID;;;;;
20251107;061856.664;;25305.00;25305.00;1;ASK;;;;;
20251107;061856.664;;25305.25;25305.25;1;ASK;;;;;
20251107;061856.664;;25305.50;25305.50;1;ASK;;;;;
20251107;061856.664;;25305.50;25305.50;1;ASK;;;;;
20251107;061856.664;;25305.50;25305.50;1;ASK;;;;;
20251107;061856.664;;25305.75;25305.75;1;ASK;;;;;
20251107;061856.664;;25305.75;25305.75;1;ASK;;;;;
20251107;061856.664;;25305.75;25305.75;1;ASK;;;;;
20251107;061856.664;;25306.00;25306.00;1;ASK;;;;;
20251107;061856.664;;25306.00;25306.00;1;ASK;;;;;
20251107;061856.664;;25306.00;25306.00;2;ASK;;;;;
20251107;061856.664;25304.50;;25304.50;1;BID;;;;;
20251107;061856.668;;25305.75;25305.75;1;ASK;;;;;
20251107;061856.668;;25305.75;25305.75;2;ASK;;;;;
20251107;061856.668;;25305.75;25305.75;3;ASK;;;;;
20251107;061856.668;;25305.75;25305.75;4;ASK;;;;;
20251107;061856.668;25304.50;;25304.50;2;BID;;;;;
20251107;061856.668;25304.75;;25304.75;1;BID;;;;;
20251107;061856.668;;25305.75;25305.75;5;ASK;;;;;
20251107;061856.668;25304.75;;25304.75;2;BID;;;;;
20251107;061856.668;;25305.50;25305.50;1;ASK;;;;;
20251107;061856.668;25304.75;;25304.75;1;BID;;;;;
20251107;061856.668;;25305.50;25305.50;2;ASK;;;;;
20251107;061856.668;;25305.50;25305.50;3;ASK;;;;;
20251107;061856.668;25304.25;;25304.25;2;BID;;;;;
20251107;061856.668;;25305.25;25305.25;1;ASK;;;;;
20251107;061856.668;25304.25;;25304.25;1;BID;;;;;
20251107;061856.668;25304.50;;25304.50;1;BID;;;;;
20251107;061856.668;25304.25;;25304.25;1;BID;;;;;
20251107;061856.668;25304.50;;25304.50;1;BID;;;;;
20251107;061856.672;;25305.50;25305.50;4;ASK;;;;;
20251107;061856.672;;25305.50;25305.50;3;ASK;;;;;
20251107;061856.672;;25305.25;25305.25;1;ASK;;;;;
20251107;061856.672;25304.25;;25304.25;2;BID;;;;;
20251107;061856.708;25304.50;;25304.50;1;BID;;;;;
20251107;061856.708;;25305.50;25305.50;4;ASK;;;;;
20251107;061856.712;;25305.50;25305.50;3;ASK;;;;;
20251107;061856.712;;25305.50;25305.50;4;ASK;;;;;
20251107;061856.712;;25305.25;25305.25;1;ASK;;;;;
20251107;061856.716;;25305.00;25305.00;1;ASK;;;;;
20251107;061856.716;25304.25;;25304.25;1;BID;;;;;
20251107;061856.716;;25305.25;25305.25;1;ASK;;;;;
20251107;061856.716;;25305.25;25305.25;2;ASK;;;;;
20251107;061856.716;;25305.00;25305.00;1;ASK;;;;;
20251107;061856.764;25304.25;;25304.25;2;BID;;;;;
20251107;061856.764;;25305.25;25305.25;2;ASK;;;;;
20251107;061856.764;25304.50;;25304.50;1;BID;;;;;
20251107;061856.864;25304.25;;25304.25;2;BID;;;;;
20251107;061856.864;25304.25;;25304.25;1;BID;;;;;
20251107;061856.864;;25305.00;25305.00;1;ASK;;;;;
20251107;061856.904;25304.25;;25304.25;2;BID;;;;;
20251107;061856.904;;25305.25;25305.25;2;ASK;;;;;
20251107;061856.904;25304.50;;25304.50;1;BID;;;;;
20251107;061856.904;25304.50;;25304.50;2;BID;;;;;
20251107;061856.924;;25305.25;25305.25;1;ASK;;;;;
20251107;061856.924;;25305.50;25305.50;5;ASK;;;;;
20251107;061856.924;;25305.50;25305.50;4;ASK;;;;;
20251107;061856.928;25304.50;;25304.50;1;BID;;;;;
20251107;061856.928;;25305.25;25305.25;1;ASK;;;;;
20251107;061857.000;;25305.50;25305.50;5;ASK;;;;;
20251107;061857.000;;25305.50;25305.50;4;ASK;;;;;
20251107;061857.004;25304.75;;25304.75;1;BID;;;;;
20251107;061857.004;;25305.50;25305.50;3;ASK;;;;;
20251107;061857.004;25304.50;;25304.50;1;BID;;;;;
20251107;061857.004;;25305.25;25305.25;1;ASK;;;;;
20251107;061857.060;25304.50;;25304.50;2;BID;;;;;
20251107;061857.060;;25305.50;25305.50;2;ASK;;;;;
20251107;061857.060;25304.50;;25304.50;1;BID;;;;;
20251107;061857.060;;25305.25;25305.25;1;ASK;;;;;
20251107;061857.080;25304.50;;25304.50;2;BID;;;;;
20251107;061857.080;;25305.50;25305.50;3;ASK;;;;;
20251107;061857.080;25304.75;;25304.75;1;BID;;;;;
20251107;061857.080;25304.50;;25304.50;1;BID;;;;;
20251107;061857.080;;25305.25;25305.25;1;ASK;;;;;
20251107;061857.148;25304.50;;25304.50;2;BID;;;;;
20251107;061857.340;25304.50;;25304.50;3;BID;;;;;
20251107;061857.340;;25305.50;25305.50;4;ASK;;;;;
20251107;061857.340;;25305.50;25305.50;3;ASK;;;;;
20251107;061857.340;25304.50;;25304.50;2;BID;;;;;
20251107;061857.340;;25305.25;25305.25;1;ASK;;;;;
20251107;061857.780;;25305.25;25305.25;2;ASK;;;;;
20251107;061857.788;;25305.00;25305.00;1;ASK;;;;;
20251107;061857.788;25304.50;;25304.50;1;BID;;;;;
20251107;061857.788;;25305.00;25305.00;2;ASK;;;;;
20251107;061857.788;;25305.00;25305.00;1;ASK;;;;;
20251107;061857.788;;25305.00;25305.00;2;ASK;;;;;
20251107;061857.792;25304.50;;25304.50;1;BID;;;;;
20251107;061857.792;25304.25;;25304.25;1;BID;;;;;
20251107;061857.792;;25304.75;25304.75;1;ASK;;;;;
20251107;061857.792;25303.75;;25303.75;2;BID;;;;;
20251107;061857.792;25304.00;;25304.00;1;BID;;;;;
20251107;061857.792;;25305.00;25305.00;2;ASK;;;;;
20251107;061857.796;;25304.75;25304.75;1;ASK;;;;;
20251107;061857.964;;25305.00;25305.00;2;ASK;;;;;
20251107;061858.024;;25304.75;25304.75;1;ASK;;;;;
20251107;061858.024;25303.75;;25303.75;2;BID;;;;;
20251107;061858.024;25303.75;;25303.75;1;BID;;;;;
20251107;061858.024;25304.00;;25304.00;1;BID;;;;;
20251107;061858.028;25303.75;;25303.75;1;BID;;;;;
20251107;061858.068;;25304.50;25304.50;1;ASK;;;;;
20251107;061858.068;;25304.75;25304.75;1;ASK;;;;;
20251107;061858.220;25304.00;;25304.00;1;BID;;;;;
20251107;061858.220;;25305.00;25305.00;2;ASK;;;;;
20251107;061858.220;;25304.75;25304.75;1;ASK;;;;;
20251107;061858.544;;25304.75;25304.75;1;ASK;;;;;
20251107;061858.544;;25305.00;25305.00;1;ASK;;;;;
20251107;061858.544;;25305.00;25305.00;1;ASK;;;;;
20251107;061858.544;;25305.25;25305.25;1;ASK;;;;;
20251107;061858.544;;25305.25;25305.25;1;ASK;;;;;
20251107;061858.544;;25305.50;25305.50;5;ASK;;;;;
20251107;061858.544;25304.25;;25304.25;1;BID;;;;;
20251107;061858.544;25304.25;;25304.25;2;BID;;;;;
20251107;061858.544;;25305.50;25305.50;4;ASK;;;;;
20251107;061858.544;25304.50;;25304.50;1;BID;;;;;
20251107;061858.544;;25305.50;25305.50;5;ASK;;;;;
20251107;061858.544;;25305.50;25305.50;6;ASK;;;;;
20251107;061858.544;;25305.25;25305.25;1;ASK;;;;;
20251107;061858.544;25304.25;;25304.25;2;BID;;;;;
20251107;061858.544;;25305.25;25305.25;2;ASK;;;;;
20251107;061858.544;25304.25;;25304.25;1;BID;;;;;
20251107;061858.544;;25305.00;25305.00;1;ASK;;;;;
20251107;061858.544;25304.00;;25304.00;1;BID;;;;;
20251107;061858.544;;25304.75;25304.75;1;ASK;;;;;
20251107;061858.548;;25305.00;25305.00;1;ASK;;;;;
20251107;061858.548;25304.25;;25304.25;1;BID;;;;;
20251107;061858.548;;25304.75;25304.75;1;ASK;;;;;
20251107;061858.548;25304.00;;25304.00;1;BID;;;;;
20251107;061858.548;;25305.00;25305.00;1;ASK;;;;;
20251107;061858.548;25304.25;;25304.25;1;BID;;;;;
20251107;061858.552;;25304.75;25304.75;1;ASK;;;;;
20251107;061858.552;25304.00;;25304.00;1;BID;;;;;
20251107;061858.552;;25305.00;25305.00;1;ASK;;;;;
20251107;061858.552;25304.25;;25304.25;1;BID;;;;;
20251107;061858.596;25304.00;;25304.00;1;BID;;;;;
20251107;061858.596;;25304.75;25304.75;1;ASK;;;;;
20251107;061858.596;;25305.00;25305.00;1;ASK;;;;;
20251107;061858.596;25304.25;;25304.25;1;BID;;;;;
20251107;061858.620;25304.50;;25304.50;1;BID;;;;;
20251107;061858.620;;25305.25;25305.25;3;ASK;;;;;
20251107;061858.620;;25305.25;25305.25;2;ASK;;;;;
20251107;061858.844;;25305.25;25305.25;1;ASK;;;;;
20251107;061858.960;;25305.00;25305.00;1;ASK;;;;;
20251107;061858.960;25304.25;;25304.25;1;BID;;;;;
20251107;061858.960;25304.00;;25304.00;2;BID;;;;;
20251107;061858.960;25304.00;;25304.00;1;BID;;;;;
20251107;061858.960;;25304.75;25304.75;1;ASK;;;;;
20251107;061858.960;;25304.50;25304.50;1;ASK;;;;;
20251107;061858.964;25303.75;;25303.75;1;BID;;;;;
20251107;061858.992;25304.00;;25304.00;1;BID;;;;;
20251107;061859.044;25303.75;;25303.75;1;BID;;;;;
20251107;061859.080;25304.00;;25304.00;1;BID;;;;;
20251107;061859.696;25304.00;;25304.00;2;BID;;;;;
20251107;061859.696;;25304.50;25304.50;1;ASK;;;;;
20251107;061859.696;;25305.00;25305.00;2;ASK;;;;;
20251107;061859.696;25304.25;;25304.25;1;BID;;;;;
20251107;061859.696;;25305.00;25305.00;1;ASK;;;;;
20251107;061859.696;25304.25;;25304.25;2;BID;;;;;
20251107;061859.696;;25305.25;25305.25;2;ASK;;;;;
20251107;061859.696;;25305.25;25305.25;1;ASK;;;;;
20251107;061859.696;25304.50;;25304.50;1;BID;;;;;
20251107;061859.696;;25305.50;25305.50;2;ASK;;;;;
20251107;061859.696;25304.75;;25304.75;1;BID;;;;;
20251107;061859.696;;25305.50;25305.50;1;ASK;;;;;
20251107;061859.696;25304.50;;25304.50;1;BID;;;;;
20251107;061900.024;25304.50;;25304.50;1;BID;;;;;
20251107;061900.024;25304.25;;25304.25;2;BID;;;;;
20251107;061900.024;25304.25;;25304.25;1;BID;;;;;
20251107;061900.024;;25305.50;25305.50;2;ASK;;;;;
20251107;061900.024;;25305.25;25305.25;1;ASK;;;;;
20251107;061900.024;;25305.00;25305.00;1;ASK;;;;;
20251107;061900.068;25304.00;;25304.00;1;BID;;;;;
20251107;061900.072;25304.00;;25304.00;2;BID;;;;;
20251107;061900.072;25304.25;;25304.25;1;BID;;;;;
20251107;061900.072;;25305.25;25305.25;3;ASK;;;;;
20251107;061900.072;;25305.25;25305.25;2;ASK;;;;;
20251107;061900.072;25304.50;;25304.50;1;BID;;;;;
20251107;061900.072;;25305.25;25305.25;1;ASK;;;;;
20251107;061900.160;;25305.25;25305.25;1;ASK;;;;;
20251107;061900.160;;25305.50;25305.50;1;ASK;;;;;
20251107;061900.160;;25305.50;25305.50;1;ASK;;;;;
20251107;061900.160;;25305.50;25305.50;1;ASK;;;;;
20251107;061900.160;;25305.75;25305.75;1;ASK;;;;;
20251107;061900.160;;25305.75;25305.75;1;ASK;;;;;
20251107;061900.160;;25305.75;25305.75;1;ASK;;;;;
20251107;061900.160;;25305.75;25305.75;1;ASK;;;;;
20251107;061900.160;;25306.00;25306.00;1;ASK;;;;;
20251107;061900.160;;25306.00;25306.00;1;ASK;;;;;
20251107;061900.160;;25306.00;25306.00;2;ASK;;;;;
20251107;061900.160;25304.75;;25304.75;1;BID;;;;;
20251107;061900.160;25305.00;;25305.00;1;BID;;;;;
20251107;061900.160;;25306.00;25306.00;1;ASK;;;;;
20251107;061900.160;25304.75;;25304.75;2;BID;;;;;
20251107;061900.160;;25306.00;25306.00;2;ASK;;;;;
20251107;061900.160;25305.25;;25305.25;1;BID;;;;;
20251107;061900.160;25304.75;;25304.75;2;BID;;;;;
20251107;061900.160;;25306.00;25306.00;3;ASK;;;;;
20251107;061900.164;25305.00;;25305.00;1;BID;;;;;
20251107;061900.220;;25306.00;25306.00;4;ASK;;;;;
20251107;061900.220;25304.75;;25304.75;1;BID;;;;;
20251107;061900.220;;25306.00;25306.00;5;ASK;;;;;
20251107;061900.260;25304.75;;25304.75;2;BID;;;;;
20251107;061900.260;25305.00;;25305.00;1;BID;;;;;
20251107;061900.260;25305.00;;25305.00;2;BID;;;;;
20251107;061900.264;25305.00;;25305.00;1;BID;;;;;
20251107;061900.296;25305.00;;25305.00;1;BID;;;;;
20251107;061900.296;25304.75;;25304.75;1;BID;;;;;
20251107;061900.296;25304.50;;25304.50;4;BID;;;;;
20251107;061900.296;25304.50;;25304.50;1;BID;;;;;
20251107;061900.296;25304.50;;25304.50;1;BID;;;;;
20251107;061900.296;25304.50;;25304.50;1;BID;;;;;
20251107;061900.296;25304.25;;25304.25;3;BID;;;;;
20251107;061900.296;;25305.75;25305.75;1;ASK;;;;;
20251107;061900.300;;25305.75;25305.75;2;ASK;;;;;
20251107;061900.300;;25305.75;25305.75;3;ASK;;;;;
20251107;061900.300;;25305.75;25305.75;4;ASK;;;;;
20251107;061900.300;25304.25;;25304.25;2;BID;;;;;
20251107;061900.300;;25305.75;25305.75;5;ASK;;;;;
20251107;061900.300;;25305.50;25305.50;1;ASK;;;;;
20251107;061900.300;25304.25;;25304.25;1;BID;;;;;
20251107;061900.300;;25305.50;25305.50;2;ASK;;;;;
20251107;061900.300;25304.00;;25304.00;1;BID;;;;;
20251107;061900.300;;25305.50;25305.50;3;ASK;;;;;
20251107;061900.300;;25305.50;25305.50;4;ASK;;;;;
20251107;061900.300;;25305.50;25305.50;5;ASK;;;;;
20251107;061900.300;;25305.50;25305.50;6;ASK;;;;;
20251107;061900.300;;25305.25;25305.25;1;ASK;;;;;
20251107;061900.300;25304.25;;25304.25;1;BID;;;;;
20251107;061900.300;;25305.00;25305.00;1;ASK;;;;;
20251107;061900.300;;25305.25;25305.25;2;ASK;;;;;
20251107;061900.300;;25305.25;25305.25;1;ASK;;;;;
20251107;061900.300;;25305.25;25305.25;2;ASK;;;;;
20251107;061900.428;;25305.25;25305.25;1;ASK;;;;;
20251107;061900.428;;25305.25;25305.25;1;ASK;;;;;
20251107;061900.428;;25305.50;25305.50;1;ASK;;;;;
20251107;061900.428;;25305.50;25305.50;1;ASK;;;;;
20251107;061900.428;;25305.50;25305.50;1;ASK;;;;;
20251107;061900.428;;25305.50;25305.50;2;ASK;;;;;
20251107;061900.428;25304.50;;25304.50;1;BID;;;;;
20251107;061900.428;25304.75;;25304.75;1;BID;;;;;
20251107;061900.428;;25305.50;25305.50;1;ASK;;;;;
20251107;061900.428;;25305.75;25305.75;5;ASK;;;;;
20251107;061900.428;;25305.50;25305.50;1;ASK;;;;;
20251107;061900.428;;25305.50;25305.50;2;ASK;;;;;
20251107;061900.428;25304.50;;25304.50;1;BID;;;;;
20251107;061900.428;;25305.50;25305.50;3;ASK;;;;;
20251107;061900.428;;25305.50;25305.50;2;ASK;;;;;
20251107;061900.432;25304.75;;25304.75;1;BID;;;;;
20251107;061900.432;25304.50;;25304.50;1;BID;;;;;
20251107;061900.432;;25305.25;25305.25;1;ASK;;;;;
20251107;061900.432;;25305.50;25305.50;2;ASK;;;;;
20251107;061900.480;25304.75;;25304.75;1;BID;;;;;
20251107;061900.480;;25305.50;25305.50;1;ASK;;;;;
20251107;061900.612;;25305.75;25305.75;3;ASK;;;;;
20251107;061900.612;;25305.75;25305.75;2;ASK;;;;;
20251107;061900.612;;25305.75;25305.75;3;ASK;;;;;
20251107;061901.016;;25305.75;25305.75;4;ASK;;;;;
20251107;061901.016;;25305.50;25305.50;1;ASK;;;;;
20251107;061901.048;;25305.50;25305.50;1;ASK;;;;;
20251107;061901.048;;25305.75;25305.75;1;ASK;;;;;
20251107;061901.048;;25305.75;25305.75;1;ASK;;;;;
20251107;061901.048;;25305.75;25305.75;1;ASK;;;;;
20251107;061901.048;;25306.00;25306.00;1;ASK;;;;;
20251107;061901.048;;25306.00;25306.00;2;ASK;;;;;
20251107;061901.048;25305.00;;25305.00;1;BID;;;;;
20251107;061901.048;25305.00;;25305.00;2;BID;;;;;
20251107;061901.048;;25306.00;25306.00;1;ASK;;;;;
20251107;061901.048;;25305.75;25305.75;1;ASK;;;;;
20251107;061901.048;25305.25;;25305.25;1;BID;;;;;
20251107;061901.048;25305.00;;25305.00;1;BID;;;;;
20251107;061901.048;25304.75;;25304.75;2;BID;;;;;
20251107;061901.076;25305.00;;25305.00;1;BID;;;;;
20251107;061901.076;25305.25;;25305.25;1;BID;;;;;
20251107;061901.120;25305.00;;25305.00;1;BID;;;;;
20251107;061901.400;25304.75;;25304.75;1;BID;;;;;
20251107;061901.416;;25305.75;25305.75;2;ASK;;;;;
20251107;061901.472;;25305.50;25305.50;1;ASK;;;;;
20251107;061901.472;25304.50;;25304.50;2;BID;;;;;
20251107;061901.472;25304.50;;25304.50;1;BID;;;;;
20251107;061901.472;25304.75;;25304.75;1;BID;;;;;
20251107;061901.772;;25305.50;25305.50;1;ASK;;;;;
20251107;061901.772;;25306.00;25306.00;3;ASK;;;;;
20251107;061901.772;25305.00;;25305.00;1;BID;;;;;
20251107;061901.772;;25306.00;25306.00;2;ASK;;;;;
20251107;061901.772;25305.00;;25305.00;2;BID;;;;;
20251107;061901.772;;25306.00;25306.00;1;ASK;;;;;
20251107;061901.772;25305.25;;25305.25;1;BID;;;;;
20251107;061901.772;25305.00;;25305.00;1;BID;;;;;
20251107;061901.812;25305.25;;25305.25;1;BID;;;;;
20251107;061901.812;25305.50;;25305.50;1;BID;;;;;
20251107;061901.864;25305.25;;25305.25;1;BID;;;;;
20251107;061901.984;;25306.00;25306.00;1;ASK;;;;;
20251107;061901.984;;25306.25;25306.25;2;ASK;;;;;
20251107;061901.984;25305.50;;25305.50;1;BID;;;;;
20251107;061901.984;;25306.25;25306.25;1;ASK;;;;;
20251107;061901.984;;25306.50;25306.50;2;ASK;;;;;
20251107;061901.984;25305.25;;25305.25;1;BID;;;;;
20251107;061901.984;;25306.25;25306.25;1;ASK;;;;;
20251107;061901.984;25305.50;;25305.50;1;BID;;;;;
20251107;061901.992;;25306.25;25306.25;2;ASK;;;;;
20251107;061902.252;;25306.25;25306.25;1;ASK;;;;;
20251107;061902.252;25305.75;;25305.75;1;BID;;;;;
20251107;061902.252;;25306.25;25306.25;1;ASK;;;;;
20251107;061902.252;;25306.75;25306.75;3;ASK;;;;;
20251107;061902.252;25305.75;;25305.75;2;BID;;;;;
20251107;061902.252;25305.75;;25305.75;3;BID;;;;;
20251107;061902.252;25305.75;;25305.75;4;BID;;;;;
20251107;061902.252;25305.75;;25305.75;5;BID;;;;;
20251107;061902.252;25306.00;;25306.00;1;BID;;;;;
20251107;061902.252;;25306.75;25306.75;2;ASK;;;;;
20251107;061902.252;;25306.75;25306.75;1;ASK;;;;;
20251107;061902.252;;25307.00;25307.00;16;ASK;;;;;
20251107;061902.252;25306.25;;25306.25;2;BID;;;;;
20251107;061902.252;;25307.00;25307.00;15;ASK;;;;;
20251107;061902.256;25306.25;;25306.25;3;BID;;;;;
20251107;061902.256;25306.25;;25306.25;2;BID;;;;;
20251107;061902.256;25306.50;;25306.50;1;BID;;;;;
20251107;061902.256;25306.25;;25306.25;2;BID;;;;;
20251107;061902.348;25306.50;;25306.50;1;BID;;;;;
20251107;061902.348;25306.75;;25306.75;2;BID;;;;;
20251107;061902.348;25306.75;;25306.75;1;BID;;;;;
20251107;061902.348;25306.75;;25306.75;1;BID;;;;;
20251107;061902.348;25306.75;;25306.75;1;BID;;;;;
20251107;061902.348;25306.25;;25306.25;1;BID;;;;;
20251107;061902.348;;25306.75;25306.75;1;ASK;;;;;
20251107;061902.348;25306.00;;25306.00;2;BID;;;;;
20251107;061902.348;25306.00;;25306.00;1;BID;;;;;
20251107;061902.348;;25307.00;25307.00;15;ASK;;;;;
20251107;061902.348;25306.00;;25306.00;2;BID;;;;;
20251107;061902.348;25306.00;;25306.00;1;BID;;;;;
20251107;061902.348;25306.25;;25306.25;1;BID;;;;;
20251107;061902.484;25306.00;;25306.00;1;BID;;;;;
20251107;061902.484;25306.00;;25306.00;2;BID;;;;;
20251107;061902.488;25306.25;;25306.25;1;BID;;;;;
20251107;061902.744;25306.50;;25306.50;1;BID;;;;;
20251107;061902.820;25306.50;;25306.50;1;BID;;;;;
20251107;061902.820;25306.25;;25306.25;1;BID;;;;;
20251107;061902.820;25306.00;;25306.00;1;BID;;;;;
20251107;061902.820;;25306.75;25306.75;1;ASK;;;;;
20251107;061902.876;25306.00;;25306.00;2;BID;;;;;
20251107;061902.876;25306.25;;25306.25;1;BID;;;;;
20251107;061902.876;;25307.00;25307.00;15;ASK;;;;;
20251107;061902.984;25306.00;;25306.00;1;BID;;;;;
20251107;061903.016;25306.25;;25306.25;1;BID;;;;;
20251107;061903.164;;25307.00;25307.00;1;ASK;;;;;
20251107;061903.164;;25307.00;25307.00;14;ASK;;;;;
20251107;061903.164;25306.50;;25306.50;1;BID;;;;;
20251107;061903.252;;25307.00;25307.00;2;ASK;;;;;
20251107;061903.252;;25307.00;25307.00;12;ASK;;;;;
20251107;061903.252;25306.25;;25306.25;1;BID;;;;;
20251107;061903.252;25306.25;;25306.25;2;BID;;;;;
20251107;061903.252;25306.50;;25306.50;1;BID;;;;;
20251107;061903.264;;25307.00;25307.00;12;ASK;;;;;
20251107;061903.264;;25307.50;25307.50;4;ASK;;;;;
20251107;061903.264;25306.75;;25306.75;1;BID;;;;;
20251107;061903.268;25307.00;;25307.00;1;BID;;;;;
20251107;061903.268;;25307.50;25307.50;3;ASK;;;;;
20251107;061903.268;;25307.50;25307.50;2;ASK;;;;;
20251107;061903.268;;25307.50;25307.50;1;ASK;;;;;
20251107;061903.268;;25307.50;25307.50;1;ASK;;;;;
20251107;061903.268;;25307.50;25307.50;1;ASK;;;;;
20251107;061903.268;;25307.75;25307.75;1;ASK;;;;;
20251107;061903.268;25307.00;;25307.00;2;BID;;;;;
20251107;061903.268;25307.00;;25307.00;3;BID;;;;;
20251107;061903.268;25307.00;;25307.00;4;BID;;;;;
20251107;061903.268;25307.00;;25307.00;5;BID;;;;;
20251107;061903.272;25307.25;;25307.25;1;BID;;;;;
20251107;061903.272;25307.25;;25307.25;2;BID;;;;;
20251107;061903.272;;25308.00;25308.00;2;ASK;;;;;
20251107;061903.272;25307.25;;25307.25;3;BID;;;;;
20251107;061903.272;25307.50;;25307.50;1;BID;;;;;
20251107;061903.272;25307.50;;25307.50;2;BID;;;;;
20251107;061903.272;;25308.00;25308.00;1;ASK;;;;;
20251107;061903.272;;25308.00;25308.00;2;ASK;;;;;
20251107;061903.272;;25308.00;25308.00;1;ASK;;;;;
20251107;061903.272;25307.50;;25307.50;1;BID;;;;;
20251107;061903.272;25307.25;;25307.25;3;BID;;;;;
20251107;061903.272;25307.25;;25307.25;2;BID;;;;;
20251107;061903.272;25307.50;;25307.50;1;BID;;;;;
20251107;061903.272;25307.25;;25307.25;2;BID;;;;;
20251107;061903.280;25307.50;;25307.50;1;BID;;;;;
20251107;061903.280;25307.50;;25307.50;2;BID;;;;;
20251107;061903.284;25307.75;;25307.75;1;BID;;;;;
20251107;061903.284;;25308.00;25308.00;1;ASK;;;;;
20251107;061903.284;;25308.50;25308.50;2;ASK;;;;;
20251107;061903.284;;25308.50;25308.50;1;ASK;;;;;
20251107;061903.284;25308.00;;25308.00;1;BID;;;;;
20251107;061903.284;25307.75;;25307.75;1;BID;;;;;
20251107;061903.284;;25308.75;25308.75;2;ASK;;;;;
20251107;061903.284;;25308.75;25308.75;1;ASK;;;;;
20251107;061903.284;;25309.00;25309.00;3;ASK;;;;;
20251107;061903.284;;25309.00;25309.00;2;ASK;;;;;
20251107;061903.284;;25308.50;25308.50;1;ASK;;;;;
20251107;061903.284;;25308.50;25308.50;2;ASK;;;;;
20251107;061903.284;;25308.50;25308.50;1;ASK;;;;;
20251107;061903.292;25307.75;;25307.75;2;BID;;;;;
20251107;061903.292;25308.00;;25308.00;1;BID;;;;;
20251107;061903.296;25308.00;;25308.00;2;BID;;;;;
20251107;061903.296;25308.25;;25308.25;1;BID;;;;;
20251107;061903.296;25308.00;;25308.00;2;BID;;;;;
20251107;061903.296;25308.00;;25308.00;1;BID;;;;;
20251107;061903.296;;25308.50;25308.50;1;ASK;;;;;
20251107;061903.296;;25309.00;25309.00;3;ASK;;;;;
20251107;061903.296;;25309.00;25309.00;2;ASK;;;;;
20251107;061903.296;25308.25;;25308.25;1;BID;;;;;
20251107;061903.296;;25309.00;25309.00;1;ASK;;;;;
20251107;061903.300;25308.00;;25308.00;1;BID;;;;;
20251107;061903.304;;25309.00;25309.00;2;ASK;;;;;
20251107;061903.304;25308.25;;25308.25;1;BID;;;;;
20251107;061903.304;;25308.75;25308.75;1;ASK;;;;;
20251107;061903.304;25308.00;;25308.00;1;BID;;;;;
20251107;061903.348;25308.00;;25308.00;1;BID;;;;;
20251107;061903.348;25307.75;;25307.75;2;BID;;;;;
20251107;061903.348;;25308.50;25308.50;1;ASK;;;;;
20251107;061903.348;25307.75;;25307.75;1;BID;;;;;
20251107;061903.348;;25308.75;25308.75;1;ASK;;;;;
20251107;061903.348;;25308.50;25308.50;1;ASK;;;;;
20251107;061903.360;;25308.75;25308.75;1;ASK;;;;;
20251107;061903.360;25308.00;;25308.00;1;BID;;;;;
20251107;061903.360;;25308.75;25308.75;2;ASK;;;;;
20251107;061903.364;25307.75;;25307.75;1;BID;;;;;
20251107;061903.364;;25308.50;25308.50;1;ASK;;;;;
20251107;061903.436;;25308.25;25308.25;1;ASK;;;;;
20251107;061903.436;25307.50;;25307.50;1;BID;;;;;
20251107;061903.436;;25308.50;25308.50;1;ASK;;;;;
20251107;061903.436;;25308.50;25308.50;2;ASK;;;;;
20251107;061903.436;25307.75;;25307.75;1;BID;;;;;
20251107;061903.436;;25308.25;25308.25;1;ASK;;;;;
20251107;061903.436;25307.50;;25307.50;1;BID;;;;;
20251107;061903.444;;25308.25;25308.25;1;ASK;;;;;
20251107;061903.444;;25308.50;25308.50;1;ASK;;;;;
20251107;061903.444;;25308.50;25308.50;1;ASK;;;;;
20251107;061903.444;25307.75;;25307.75;1;BID;;;;;
20251107;061903.444;;25308.75;25308.75;2;ASK;;;;;
20251107;061903.444;;25308.75;25308.75;1;ASK;;;;;
20251107;061903.444;25307.75;;25307.75;2;BID;;;;;
20251107;061903.444;;25308.75;25308.75;1;ASK;;;;;
20251107;061903.444;;25309.00;25309.00;1;ASK;;;;;
20251107;061903.444;;25309.50;25309.50;1;ASK;;;;;
20251107;061903.444;;25309.50;25309.50;1;ASK;;;;;
20251107;061903.444;;25309.50;25309.50;1;ASK;;;;;
20251107;061903.444;;25309.75;25309.75;1;ASK;;;;;
20251107;061903.444;;25309.75;25309.75;1;ASK;;;;;
20251107;061903.444;;25309.75;25309.75;1;ASK;;;;;
20251107;061903.444;;25310.00;25310.00;1;ASK;;;;;
20251107;061903.444;;25310.00;25310.00;1;ASK;;;;;
20251107;061903.444;;25310.00;25310.00;1;ASK;;;;;
20251107;061903.444;;25310.00;25310.00;1;ASK;;;;;
20251107;061903.444;;25310.00;25310.00;1;ASK;;;;;
20251107;061903.444;;25310.00;25310.00;5;ASK;;;;;
20251107;061903.444;;25310.00;25310.00;1;ASK;;;;;
20251107;061903.444;;25310.00;25310.00;1;ASK;;;;;
20251107;061903.444;;25310.00;25310.00;4;ASK;;;;;
20251107;061903.444;25308.00;;25308.00;1;BID;;;;;
20251107;061903.444;;25310.00;25310.00;3;ASK;;;;;
20251107;061903.444;25308.00;;25308.00;2;BID;;;;;
20251107;061903.444;25308.00;;25308.00;1;BID;;;;;
20251107;061903.444;;25308.50;25308.50;1;ASK;;;;;
20251107;061903.448;25308.25;;25308.25;1;BID;;;;;
20251107;061903.448;25308.25;;25308.25;2;BID;;;;;
20251107;061903.448;;25308.50;25308.50;1;ASK;;;;;
20251107;061903.448;;25310.00;25310.00;2;ASK;;;;;
20251107;061903.448;25308.25;;25308.25;3;BID;;;;;
20251107;061903.448;25308.25;;25308.25;4;BID;;;;;
20251107;061903.448;25308.25;;25308.25;5;BID;;;;;
20251107;061903.448;25308.25;;25308.25;6;BID;;;;;
20251107;061903.448;25308.50;;25308.50;1;BID;;;;;
20251107;061903.448;;25310.00;25310.00;3;ASK;;;;;
20251107;061903.448;;25310.00;25310.00;4;ASK;;;;;
20251107;061903.448;25308.50;;25308.50;2;BID;;;;;
20251107;061903.448;;25309.75;25309.75;1;ASK;;;;;
20251107;061903.448;25308.50;;25308.50;3;BID;;;;;
20251107;061903.448;25308.75;;25308.75;1;BID;;;;;
20251107;061903.448;25309.00;;25309.00;1;BID;;;;;
20251107;061903.448;25308.75;;25308.75;1;BID;;;;;
20251107;061903.452;25308.50;;25308.50;2;BID;;;;;
20251107;061903.452;;25309.50;25309.50;1;ASK;;;;;
20251107;061903.452;25308.75;;25308.75;1;BID;;;;;
20251107;061903.452;25309.00;;25309.00;1;BID;;;;;
20251107;061903.456;;25309.50;25309.50;1;ASK;;;;;
20251107;061903.456;;25309.75;25309.75;1;ASK;;;;;
20251107;061903.456;;25310.00;25310.00;5;ASK;;;;;
20251107;061903.456;25309.25;;25309.25;1;BID;;;;;
20251107;061903.456;;25310.00;25310.00;4;ASK;;;;;
20251107;061903.456;;25310.00;25310.00;3;ASK;;;;;
20251107;061903.456;;25310.00;25310.00;2;ASK;;;;;
20251107;061903.456;25309.00;;25309.00;1;BID;;;;;
20251107;061903.456;25308.75;;25308.75;1;BID;;;;;
20251107;061903.460;25308.75;;25308.75;2;BID;;;;;
20251107;061903.460;25309.00;;25309.00;1;BID;;;;;
20251107;061903.464;25309.00;;25309.00;1;BID;;;;;
20251107;061903.464;25308.75;;25308.75;2;BID;;;;;
20251107;061903.464;;25310.00;25310.00;3;ASK;;;;;
20251107;061903.464;25308.75;;25308.75;1;BID;;;;;
20251107;061903.464;;25310.00;25310.00;4;ASK;;;;;
20251107;061903.464;;25310.00;25310.00;5;ASK;;;;;
20251107;061903.464;25309.00;;25309.00;1;BID;;;;;
20251107;061903.464;25308.50;;25308.50;2;BID;;;;;
20251107;061903.464;;25310.00;25310.00;4;ASK;;;;;
20251107;061903.464;25308.75;;25308.75;1;BID;;;;;
20251107;061903.464;25308.75;;25308.75;2;BID;;;;;
20251107;061903.464;25309.00;;25309.00;1;BID;;;;;
20251107;061903.488;25309.00;;25309.00;2;BID;;;;;
20251107;061903.488;;25310.00;25310.00;3;ASK;;;;;
20251107;061903.488;25309.25;;25309.25;1;BID;;;;;
20251107;061903.488;;25310.00;25310.00;2;ASK;;;;;
20251107;061903.488;25309.00;;25309.00;2;BID;;;;;
20251107;061903.488;25309.00;;25309.00;1;BID;;;;;
20251107;061903.488;25309.25;;25309.25;1;BID;;;;;
20251107;061903.604;25309.00;;25309.00;1;BID;;;;;
20251107;061903.604;25309.00;;25309.00;2;BID;;;;;
20251107;061903.604;25309.25;;25309.25;1;BID;;;;;
20251107;061903.628;25309.00;;25309.00;1;BID;;;;;
20251107;061903.640;25309.00;;25309.00;2;BID;;;;;
20251107;061903.640;25309.25;;25309.25;1;BID;;;;;
20251107;061903.644;25309.00;;25309.00;1;BID;;;;;
20251107;061903.648;25309.00;;25309.00;2;BID;;;;;
20251107;061903.836;;25310.00;25310.00;3;ASK;;;;;
20251107;061903.836;25309.00;;25309.00;1;BID;;;;;
20251107;061903.836;25308.75;;25308.75;3;BID;;;;;
20251107;061903.836;25308.75;;25308.75;2;BID;;;;;
20251107;061903.836;;25310.00;25310.00;4;ASK;;;;;
20251107;061903.840;25308.75;;25308.75;3;BID;;;;;
20251107;061903.840;25309.00;;25309.00;1;BID;;;;;
20251107;061903.844;25308.75;;25308.75;3;BID;;;;;
20251107;061903.844;25308.75;;25308.75;2;BID;;;;;
20251107;061903.884;25308.75;;25308.75;3;BID;;;;;
20251107;061903.884;25309.00;;25309.00;1;BID;;;;;
20251107;061903.912;;25310.00;25310.00;3;ASK;;;;;
20251107;061903.932;;25310.00;25310.00;1;ASK;;;;;
20251107;061903.932;;25310.00;25310.00;1;ASK;;;;;
20251107;061903.932;;25310.00;25310.00;1;ASK;;;;;
20251107;061903.932;;25310.25;25310.25;1;ASK;;;;;
20251107;061903.932;;25310.25;25310.25;1;ASK;;;;;
20251107;061903.932;;25310.50;25310.50;3;ASK;;;;;
20251107;061903.932;25309.25;;25309.25;1;BID;;;;;
20251107;061903.932;25309.25;;25309.25;2;BID;;;;;
20251107;061903.932;25309.25;;25309.25;3;BID;;;;;
20251107;061903.932;25309.50;;25309.50;1;BID;;;;;
20251107;061903.936;25309.25;;25309.25;4;BID;;;;;
20251107;061903.936;25309.25;;25309.25;3;BID;;;;;
20251107;061903.936;25309.25;;25309.25;2;BID;;;;;
20251107;061903.936;25309.25;;25309.25;1;BID;;;;;
20251107;061904.000;25309.00;;25309.00;4;BID;;;;;
20251107;061904.000;25309.00;;25309.00;3;BID;;;;;
20251107;061904.000;;25310.50;25310.50;4;ASK;;;;;
20251107;061904.000;25309.00;;25309.00;2;BID;;;;;
20251107;061904.000;25309.00;;25309.00;1;BID;;;;;
20251107;061904.004;25309.00;;25309.00;2;BID;;;;;
20251107;061904.168;;25310.50;25310.50;1;ASK;;;;;
20251107;061904.168;;25310.50;25310.50;3;ASK;;;;;
20251107;061904.168;25309.25;;25309.25;1;BID;;;;;
20251107;061904.168;25309.25;;25309.25;2;BID;;;;;
20251107;061904.168;25309.25;;25309.25;1;BID;;;;;
20251107;061904.244;;25310.50;25310.50;1;ASK;;;;;
20251107;061904.244;;25310.50;25310.50;2;ASK;;;;;
20251107;061904.444;;25310.50;25310.50;3;ASK;;;;;
20251107;061904.444;;25310.50;25310.50;4;ASK;;;;;
20251107;061904.480;25309.25;;25309.25;1;BID;;;;;
20251107;061904.480;25309.00;;25309.00;1;BID;;;;;
20251107;061904.480;;25310.25;25310.25;1;ASK;;;;;
20251107;061904.480;;25310.25;25310.25;2;ASK;;;;;
20251107;061904.484;25308.75;;25308.75;3;BID;;;;;
20251107;061904.484;;25310.25;25310.25;3;ASK;;;;;
20251107;061904.484;25308.75;;25308.75;2;BID;;;;;
20251107;061904.484;25308.75;;25308.75;3;BID;;;;;
20251107;061904.524;25309.00;;25309.00;1;BID;;;;;
20251107;061904.548;25309.00;;25309.00;2;BID;;;;;
20251107;061904.548;25309.25;;25309.25;1;BID;;;;;
20251107;061904.628;25309.00;;25309.00;3;BID;;;;;
20251107;061904.628;25309.00;;25309.00;2;BID;;;;;
20251107;061904.628;25309.00;;25309.00;1;BID;;;;;
20251107;061904.632;25309.00;;25309.00;2;BID;;;;;
20251107;061904.632;25309.25;;25309.25;1;BID;;;;;
20251107;061904.660;;25310.25;25310.25;2;ASK;;;;;
20251107;061904.660;25309.25;;25309.25;2;BID;;;;;
20251107;061904.660;;25310.25;25310.25;1;ASK;;;;;
20251107;061904.660;;25310.50;25310.50;4;ASK;;;;;
20251107;061904.660;;25310.50;25310.50;3;ASK;;;;;
20251107;061904.660;25309.25;;25309.25;1;BID;;;;;
20251107;061904.660;25309.50;;25309.50;1;BID;;;;;
20251107;061904.660;;25310.50;25310.50;2;ASK;;;;;
20251107;061904.660;25309.25;;25309.25;1;BID;;;;;
20251107;061904.668;25309.25;;25309.25;2;BID;;;;;
20251107;061904.668;25309.50;;25309.50;1;BID;;;;;
20251107;061904.744;;25310.50;25310.50;1;ASK;;;;;
20251107;061904.744;25309.75;;25309.75;1;BID;;;;;
20251107;061904.744;;25310.50;25310.50;2;ASK;;;;;
20251107;061904.744;;25310.50;25310.50;3;ASK;;;;;
20251107;061904.744;25309.50;;25309.50;1;BID;;;;;
20251107;061904.748;25309.25;;25309.25;2;BID;;;;;
20251107;061904.792;25309.25;;25309.25;1;BID;;;;;
20251107;061904.792;25309.25;;25309.25;1;BID;;;;;
20251107;061904.792;;25310.25;25310.25;1;ASK;;;;;
20251107;061904.792;;25310.25;25310.25;2;ASK;;;;;
20251107;061904.792;25309.00;;25309.00;3;BID;;;;;
20251107;061904.792;;25310.25;25310.25;1;ASK;;;;;
20251107;061904.792;;25310.00;25310.00;1;ASK;;;;;
20251107;061904.792;25309.00;;25309.00;2;BID;;;;;
20251107;061904.792;25309.25;;25309.25;1;BID;;;;;
20251107;061904.792;;25310.25;25310.25;1;ASK;;;;;
20251107;061904.792;;25310.25;25310.25;2;ASK;;;;;
20251107;061904.804;;25310.00;25310.00;1;ASK;;;;;
20251107;061904.804;25309.00;;25309.00;2;BID;;;;;
20251107;061904.804;25309.00;;25309.00;1;BID;;;;;
20251107;061904.808;25309.00;;25309.00;2;BID;;;;;
20251107;061904.808;25309.25;;25309.25;1;BID;;;;;
20251107;061904.808;25309.25;;25309.25;1;BID;;;;;
20251107;061904.808;25309.00;;25309.00;2;BID;;;;;
20251107;061904.808;;25309.75;25309.75;1;ASK;;;;;
20251107;061904.808;25309.00;;25309.00;1;BID;;;;;
20251107;061904.812;25308.75;;25308.75;3;BID;;;;;
20251107;061904.812;25308.75;;25308.75;2;BID;;;;;
20251107;061904.820;25308.75;;25308.75;3;BID;;;;;
20251107;061904.820;25309.00;;25309.00;1;BID;;;;;
20251107;061904.820;;25310.00;25310.00;2;ASK;;;;;
20251107;061904.820;;25309.75;25309.75;1;ASK;;;;;
20251107;061904.820;25308.75;;25308.75;2;BID;;;;;
20251107;061904.900;25308.75;;25308.75;1;BID;;;;;
20251107;061904.900;25308.75;;25308.75;1;BID;;;;;
20251107;061904.900;;25309.50;25309.50;1;ASK;;;;;
20251107;061904.900;25308.50;;25308.50;2;BID;;;;;
20251107;061904.900;25308.50;;25308.50;1;BID;;;;;
20251107;061904.900;25308.50;;25308.50;2;BID;;;;;
20251107;061904.900;25308.75;;25308.75;1;BID;;;;;
20251107;061904.900;;25309.75;25309.75;1;ASK;;;;;
20251107;061904.948;;25309.50;25309.50;1;ASK;;;;;
20251107;061905.056;25308.50;;25308.50;1;BID;;;;;
20251107;061905.072;25308.50;;25308.50;2;BID;;;;;
20251107;061905.072;25308.75;;25308.75;1;BID;;;;;
20251107;061905.204;25308.50;;25308.50;1;BID;;;;;
20251107;061905.204;25308.50;;25308.50;2;BID;;;;;
20251107;061905.360;;25309.50;25309.50;1;ASK;;;;;
20251107;061905.360;;25309.75;25309.75;3;ASK;;;;;
20251107;061905.360;25308.75;;25308.75;1;BID;;;;;
20251107;061905.360;;25309.75;25309.75;2;ASK;;;;;
20251107;061905.360;;25309.75;25309.75;1;ASK;;;;;
20251107;061905.360;;25309.50;25309.50;1;ASK;;;;;
20251107;061905.496;25308.75;;25308.75;2;BID;;;;;
20251107;061905.496;25308.75;;25308.75;1;BID;;;;;
20251107;061905.496;25308.50;;25308.50;2;BID;;;;;
20251107;061905.496;25308.75;;25308.75;1;BID;;;;;
20251107;061905.600;;25309.75;25309.75;1;ASK;;;;;
20251107;061905.600;25308.75;;25308.75;2;BID;;;;;
20251107;061905.720;;25309.75;25309.75;1;ASK;;;;;
20251107;061905.720;;25310.00;25310.00;1;ASK;;;;;
20251107;061905.720;;25310.00;25310.00;1;ASK;;;;;
20251107;061905.720;;25310.00;25310.00;2;ASK;;;;;
20251107;061905.720;25309.00;;25309.00;1;BID;;;;;
20251107;061905.720;25309.00;;25309.00;2;BID;;;;;
20251107;061905.720;;25310.00;25310.00;1;ASK;;;;;
20251107;061905.720;25309.00;;25309.00;3;BID;;;;;
20251107;061905.720;;25310.25;25310.25;2;ASK;;;;;
20251107;061905.720;;25310.25;25310.25;1;ASK;;;;;
20251107;061905.724;25309.00;;25309.00;2;BID;;;;;
20251107;061905.724;25309.25;;25309.25;1;BID;;;;;
20251107;061905.724;25309.00;;25309.00;2;BID;;;;;
20251107;061905.724;25309.25;;25309.25;1;BID;;;;;
20251107;061905.724;25309.50;;25309.50;1;BID;;;;;
20251107;061905.740;25309.50;;25309.50;1;BID;;;;;
20251107;061905.740;25309.25;;25309.25;1;BID;;;;;
20251107;061905.740;25309.00;;25309.00;3;BID;;;;;
20251107;061905.740;;25310.25;25310.25;2;ASK;;;;;
20251107;061905.740;25309.00;;25309.00;2;BID;;;;;
20251107;061905.804;25309.25;;25309.25;1;BID;;;;;
20251107;061905.816;25309.25;;25309.25;2;BID;;;;;
20251107;061905.816;25309.25;;25309.25;3;BID;;;;;
20251107;061905.816;;25310.25;25310.25;1;ASK;;;;;
20251107;061905.816;25309.50;;25309.50;1;BID;;;;;
20251107;061905.816;;25310.50;25310.50;3;ASK;;;;;
20251107;061905.816;;25310.50;25310.50;2;ASK;;;;;
20251107;061905.832;25309.50;;25309.50;2;BID;;;;;
20251107;061905.832;;25310.50;25310.50;1;ASK;;;;;
20251107;061905.832;;25310.50;25310.50;1;ASK;;;;;
20251107;061905.832;25309.75;;25309.75;1;BID;;;;;
20251107;061905.832;25309.50;;25309.50;2;BID;;;;;
20251107;061905.832;25309.75;;25309.75;1;BID;;;;;
20251107;061905.832;;25310.75;25310.75;2;ASK;;;;;
20251107;061905.832;;25310.75;25310.75;1;ASK;;;;;
20251107;061905.836;;25310.50;25310.50;1;ASK;;;;;
20251107;061905.836;;25311.00;25311.00;3;ASK;;;;;
20251107;061905.836;25310.00;;25310.00;1;BID;;;;;
20251107;061905.836;25310.00;;25310.00;2;BID;;;;;
20251107;061905.836;;25311.00;25311.00;2;ASK;;;;;
20251107;061905.836;25310.00;;25310.00;1;BID;;;;;
20251107;061905.836;;25310.75;25310.75;1;ASK;;;;;
20251107;061905.836;25309.75;;25309.75;1;BID;;;;;
20251107;061905.836;25309.75;;25309.75;2;BID;;;;;
20251107;061905.836;25310.00;;25310.00;1;BID;;;;;
20251107;061905.836;;25311.00;25311.00;2;ASK;;;;;
20251107;061905.836;;25310.75;25310.75;1;ASK;;;;;
20251107;061905.836;25309.75;;25309.75;2;BID;;;;;
20251107;061905.836;25310.00;;25310.00;1;BID;;;;;
20251107;061905.840;;25311.00;25311.00;2;ASK;;;;;
20251107;061905.840;25310.25;;25310.25;1;BID;;;;;
20251107;061905.844;25310.00;;25310.00;1;BID;;;;;
20251107;061905.848;25310.00;;25310.00;2;BID;;;;;
20251107;061905.848;25310.25;;25310.25;1;BID;;;;;
20251107;061905.848;25310.25;;25310.25;2;BID;;;;;
20251107;061905.848;;25311.00;25311.00;1;ASK;;;;;
20251107;061905.848;25310.50;;25310.50;1;BID;;;;;
20251107;061905.856;25310.50;;25310.50;2;BID;;;;;
20251107;061905.896;25310.75;;25310.75;1;BID;;;;;
20251107;061905.900;;25311.00;25311.00;1;ASK;;;;;
20251107;061905.900;;25311.25;25311.25;4;ASK;;;;;
20251107;061905.904;25310.75;;25310.75;2;BID;;;;;
20251107;061905.904;25310.75;;25310.75;1;BID;;;;;
20251107;061905.904;;25311.25;25311.25;3;ASK;;;;;
20251107;061905.904;25310.50;;25310.50;2;BID;;;;;
20251107;061905.904;25310.50;;25310.50;1;BID;;;;;
20251107;061905.908;25310.50;;25310.50;2;BID;;;;;
20251107;061905.928;25310.75;;25310.75;1;BID;;;;;
20251107;061905.960;;25311.25;25311.25;1;ASK;;;;;
20251107;061905.960;;25311.25;25311.25;2;ASK;;;;;
20251107;061905.960;25310.75;;25310.75;2;BID;;;;;
20251107;061906.332;25311.00;;25311.00;1;BID;;;;;
20251107;061906.332;25310.75;;25310.75;2;BID;;;;;
20251107;061906.352;25310.75;;25310.75;1;BID;;;;;
20251107;061906.352;25310.75;;25310.75;1;BID;;;;;
20251107;061906.352;25310.50;;25310.50;1;BID;;;;;
20251107;061906.352;25310.25;;25310.25;3;BID;;;;;
20251107;061906.352;25310.25;;25310.25;2;BID;;;;;
20251107;061906.352;;25311.00;25311.00;1;ASK;;;;;
20251107;061906.352;25310.25;;25310.25;1;BID;;;;;
20251107;061906.352;;25311.25;25311.25;2;ASK;;;;;
20251107;061906.352;25310.50;;25310.50;1;BID;;;;;
20251107;061906.396;25310.25;;25310.25;1;BID;;;;;
20251107;061906.396;25310.25;;25310.25;2;BID;;;;;
20251107;061906.396;25310.50;;25310.50;1;BID;;;;;
20251107;061906.528;;25311.00;25311.00;1;ASK;;;;;
20251107;061906.528;25310.25;;25310.25;2;BID;;;;;
20251107;061906.536;25310.50;;25310.50;1;BID;;;;;
20251107;061906.600;25310.25;;25310.25;2;BID;;;;;
20251107;061906.644;25310.50;;25310.50;1;BID;;;;;
20251107;061906.704;25310.25;;25310.25;2;BID;;;;;
20251107;061906.808;25310.25;;25310.25;3;BID;;;;;
20251107;061906.808;25310.50;;25310.50;1;BID;;;;;
20251107;061906.808;25310.25;;25310.25;3;BID;;;;;
20251107;061906.820;25310.25;;25310.25;2;BID;;;;;
20251107;061906.820;25310.25;;25310.25;1;BID;;;;;
20251107;061906.820;25310.00;;25310.00;1;BID;;;;;
20251107;061906.824;;25310.75;25310.75;1;ASK;;;;;
20251107;061906.848;;25311.00;25311.00;1;ASK;;;;;
20251107;061906.848;25310.25;;25310.25;1;BID;;;;;
20251107;061906.848;;25310.75;25310.75;1;ASK;;;;;
20251107;061906.848;25310.00;;25310.00;1;BID;;;;;
20251107;061906.848;;25311.00;25311.00;1;ASK;;;;;
20251107;061906.904;;25310.75;25310.75;1;ASK;;;;;
20251107;061906.904;25309.75;;25309.75;3;BID;;;;;
20251107;061906.904;25309.75;;25309.75;2;BID;;;;;
20251107;061906.904;25310.00;;25310.00;1;BID;;;;;
20251107;061906.904;25309.75;;25309.75;1;BID;;;;;
20251107;061906.904;25310.00;;25310.00;1;BID;;;;;
20251107;061907.040;;25311.00;25311.00;1;ASK;;;;;
20251107;061907.196;25310.25;;25310.25;1;BID;;;;;
20251107;061907.196;25310.00;;25310.00;1;BID;;;;;
20251107;061907.196;;25310.75;25310.75;1;ASK;;;;;
20251107;061907.196;25309.75;;25309.75;2;BID;;;;;
20251107;061907.196;25309.75;;25309.75;1;BID;;;;;
20251107;061907.196;25309.75;;25309.75;2;BID;;;;;
20251107;061907.196;25310.00;;25310.00;1;BID;;;;;
20251107;061907.352;;25310.75;25310.75;1;ASK;;;;;
20251107;061907.352;;25311.00;25311.00;1;ASK;;;;;
20251107;061907.352;25310.25;;25310.25;1;BID;;;;;
20251107;061907.352;25310.25;;25310.25;2;BID;;;;;
20251107;061907.384;25310.25;;25310.25;1;BID;;;;;
20251107;061907.556;25310.00;;25310.00;2;BID;;;;;
20251107;061907.604;25310.25;;25310.25;1;BID;;;;;
20251107;061907.708;25310.25;;25310.25;2;BID;;;;;
20251107;061908.012;25310.25;;25310.25;1;BID;;;;;
20251107;061908.012;25310.00;;25310.00;2;BID;;;;;
20251107;061908.036;25310.25;;25310.25;1;BID;;;;;
20251107;061908.088;25310.00;;25310.00;2;BID;;;;;
20251107;061908.140;25310.25;;25310.25;1;BID;;;;;
20251107;061908.188;25310.00;;25310.00;2;BID;;;;;
20251107;061908.188;25310.25;;25310.25;1;BID;;;;;
20251107;061908.192;25310.00;;25310.00;2;BID;;;;;
20251107;061908.232;25310.00;;25310.00;1;BID;;;;;
20251107;061908.232;25310.25;;25310.25;1;BID;;;;;
20251107;061908.248;25310.00;;25310.00;1;BID;;;;;
20251107;061908.484;25310.00;;25310.00;1;BID;;;;;
20251107;061908.484;25309.75;;25309.75;3;BID;;;;;
20251107;061908.484;25309.75;;25309.75;2;BID;;;;;
20251107;061908.484;;25310.75;25310.75;1;ASK;;;;;
20251107;061908.488;;25310.50;25310.50;1;ASK;;;;;
20251107;061908.488;25309.75;;25309.75;1;BID;;;;;
20251107;061908.604;25309.75;;25309.75;2;BID;;;;;
20251107;061908.608;;25310.25;25310.25;1;ASK;;;;;
20251107;061908.608;25309.75;;25309.75;1;BID;;;;;
20251107;061908.608;25309.75;;25309.75;1;BID;;;;;
20251107;061908.608;25309.50;;25309.50;1;BID;;;;;
20251107;061908.612;25309.50;;25309.50;1;BID;;;;;
20251107;061908.612;25309.25;;25309.25;2;BID;;;;;
20251107;061908.612;25309.25;;25309.25;1;BID;;;;;
20251107;061908.612;;25310.00;25310.00;1;ASK;;;;;
20251107;061908.612;;25310.25;25310.25;1;ASK;;;;;
20251107;061908.612;25309.00;;25309.00;2;BID;;;;;
20251107;061908.612;25309.50;;25309.50;1;BID;;;;;
20251107;061908.612;25309.00;;25309.00;2;BID;;;;;
20251107;061908.612;25309.25;;25309.25;1;BID;;;;;
20251107;061908.612;25309.25;;25309.25;2;BID;;;;;
20251107;061908.612;;25310.50;25310.50;1;ASK;;;;;
20251107;061908.612;25309.25;;25309.25;1;BID;;;;;
20251107;061908.612;;25310.00;25310.00;1;ASK;;;;;
20251107;061908.612;;25310.50;25310.50;1;ASK;;;;;
20251107;061908.612;25309.50;;25309.50;1;BID;;;;;
20251107;061908.612;;25310.25;25310.25;1;ASK;;;;;
20251107;061908.612;25309.25;;25309.25;1;BID;;;;;
20251107;061908.616;;25310.00;25310.00;1;ASK;;;;;
20251107;061908.616;25309.25;;25309.25;2;BID;;;;;
20251107;061908.616;;25310.25;25310.25;1;ASK;;;;;
20251107;061908.616;25309.50;;25309.50;1;BID;;;;;
20251107;061908.616;25309.25;;25309.25;2;BID;;;;;
20251107;061908.624;25309.50;;25309.50;1;BID;;;;;
20251107;061908.628;25309.25;;25309.25;2;BID;;;;;
20251107;061908.664;;25310.00;25310.00;1;ASK;;;;;
20251107;061908.668;;25310.25;25310.25;1;ASK;;;;;
20251107;061908.672;;25310.00;25310.00;1;ASK;;;;;
20251107;061908.776;25309.25;;25309.25;1;BID;;;;;
20251107;061908.776;25309.00;;25309.00;3;BID;;;;;
20251107;061908.776;25309.00;;25309.00;2;BID;;;;;
20251107;061908.776;25309.00;;25309.00;1;BID;;;;;
20251107;061908.776;;25309.75;25309.75;1;ASK;;;;;
20251107;061908.776;25308.75;;25308.75;2;BID;;;;;
20251107;061908.776;25308.75;;25308.75;1;BID;;;;;
20251107;061908.848;;25309.75;25309.75;2;ASK;;;;;
20251107;061908.848;;25309.50;25309.50;1;ASK;;;;;
20251107;061908.848;25308.50;;25308.50;2;BID;;;;;
20251107;061908.848;25308.50;;25308.50;1;BID;;;;;
20251107;061908.848;25308.25;;25308.25;1;BID;;;;;
20251107;061908.848;25308.25;;25308.25;2;BID;;;;;
20251107;061908.848;25308.25;;25308.25;1;BID;;;;;
20251107;061908.848;25308.00;;25308.00;4;BID;;;;;
20251107;061908.848;25308.50;;25308.50;1;BID;;;;;
20251107;061908.856;25308.50;;25308.50;2;BID;;;;;
20251107;061908.856;25308.75;;25308.75;1;BID;;;;;
20251107;061908.876;25308.50;;25308.50;1;BID;;;;;
20251107;061908.876;25308.50;;25308.50;2;BID;;;;;
20251107;061908.876;25308.75;;25308.75;1;BID;;;;;
20251107;061908.876;25308.50;;25308.50;2;BID;;;;;
20251107;061908.932;;25309.50;25309.50;2;ASK;;;;;
20251107;061908.932;;25309.25;25309.25;1;ASK;;;;;
20251107;061908.952;;25309.25;25309.25;1;ASK;;;;;
20251107;061908.952;;25309.50;25309.50;1;ASK;;;;;
20251107;061908.952;;25309.50;25309.50;1;ASK;;;;;
20251107;061908.952;;25309.75;25309.75;1;ASK;;;;;
20251107;061908.952;;25309.75;25309.75;1;ASK;;;;;
20251107;061908.952;;25310.00;25310.00;1;ASK;;;;;
20251107;061908.952;25308.75;;25308.75;1;BID;;;;;
20251107;061908.952;;25310.25;25310.25;1;ASK;;;;;
20251107;061908.952;25308.75;;25308.75;2;BID;;;;;
20251107;061908.952;25308.75;;25308.75;3;BID;;;;;
20251107;061908.952;25308.75;;25308.75;4;BID;;;;;
20251107;061908.952;25309.00;;25309.00;1;BID;;;;;
20251107;061908.952;;25310.25;25310.25;2;ASK;;;;;
20251107;061908.952;25309.00;;25309.00;2;BID;;;;;
20251107;061908.952;25309.25;;25309.25;1;BID;;;;;
20251107;061908.956;25309.00;;25309.00;2;BID;;;;;
20251107;061908.956;25309.25;;25309.25;1;BID;;;;;
20251107;061909.004;25309.25;;25309.25;2;BID;;;;;
20251107;061909.004;;25310.25;25310.25;1;ASK;;;;;
20251107;061909.040;25309.25;;25309.25;1;BID;;;;;
20251107;061909.040;25309.25;;25309.25;1;BID;;;;;
20251107;061909.040;;25310.25;25310.25;2;ASK;;;;;
20251107;061909.040;;25310.25;25310.25;3;ASK;;;;;
20251107;061909.040;25309.00;;25309.00;2;BID;;;;;
20251107;061909.040;;25310.00;25310.00;1;ASK;;;;;
20251107;061909.208;;25309.75;25309.75;1;ASK;;;;;
20251107;061909.208;25309.00;;25309.00;1;BID;;;;;
20251107;061909.208;25308.75;;25308.75;4;BID;;;;;
20251107;061909.208;25308.75;;25308.75;3;BID;;;;;
20251107;061909.212;;25309.50;25309.50;1;ASK;;;;;
20251107;061909.212;25308.75;;25308.75;2;BID;;;;;
20251107;061909.212;25309.00;;25309.00;1;BID;;;;;
20251107;061909.212;;25309.75;25309.75;1;ASK;;;;;
20251107;061909.212;25308.75;;25308.75;2;BID;;;;;
20251107;061909.280;;25309.50;25309.50;1;ASK;;;;;
20251107;061909.280;25308.75;;25308.75;1;BID;;;;;
20251107;061909.280;;25309.75;25309.75;1;ASK;;;;;
20251107;061909.280;;25309.50;25309.50;1;ASK;;;;;
20251107;061909.280;25308.50;;25308.50;3;BID;;;;;
20251107;061909.280;25308.50;;25308.50;2;BID;;;;;
20251107;061909.320;;25309.25;25309.25;1;ASK;;;;;
20251107;061909.484;;25309.25;25309.25;1;ASK;;;;;
20251107;061909.484;;25309.50;25309.50;1;ASK;;;;;
20251107;061909.484;;25309.75;25309.75;1;ASK;;;;;
20251107;061909.484;;25310.00;25310.00;1;ASK;;;;;
20251107;061909.484;;25310.00;25310.00;1;ASK;;;;;
20251107;061909.484;;25310.25;25310.25;1;ASK;;;;;
20251107;061909.484;;25310.25;25310.25;1;ASK;;;;;
20251107;061909.484;;25310.50;25310.50;3;ASK;;;;;
20251107;061909.484;25308.75;;25308.75;1;BID;;;;;
20251107;061909.484;25308.75;;25308.75;2;BID;;;;;
20251107;061909.484;25308.75;;25308.75;3;BID;;;;;
20251107;061909.484;;25310.25;25310.25;1;ASK;;;;;
20251107;061909.484;25308.75;;25308.75;4;BID;;;;;
20251107;061909.484;25308.75;;25308.75;5;BID;;;;;
20251107;061909.484;25309.00;;25309.00;1;BID;;;;;
20251107;061909.484;;25310.25;25310.25;2;ASK;;;;;
20251107;061909.484;25309.00;;25309.00;2;BID;;;;;
20251107;061909.484;;25310.25;25310.25;1;ASK;;;;;
20251107;061909.484;25309.00;;25309.00;3;BID;;;;;
20251107;061909.484;25309.25;;25309.25;1;BID;;;;;
20251107;061909.484;25309.50;;25309.50;1;BID;;;;;
20251107;061909.496;;25310.50;25310.50;3;ASK;;;;;
20251107;061909.496;;25310.50;25310.50;2;ASK;;;;;
20251107;061909.496;;25310.50;25310.50;1;ASK;;;;;
20251107;061909.496;25309.50;;25309.50;2;BID;;;;;
20251107;061909.496;25309.50;;25309.50;3;BID;;;;;
20251107;061909.496;25309.75;;25309.75;1;BID;;;;;
20251107;061909.496;;25310.75;25310.75;2;ASK;;;;;
20251107;061909.500;25309.50;;25309.50;3;BID;;;;;
20251107;061909.524;25309.75;;25309.75;1;BID;;;;;
20251107;061909.620;;25310.75;25310.75;1;ASK;;;;;
20251107;061909.620;;25310.75;25310.75;1;ASK;;;;;
20251107;061909.620;25310.00;;25310.00;1;BID;;;;;
20251107;061909.620;;25311.00;25311.00;4;ASK;;;;;
20251107;061909.624;;25311.00;25311.00;3;ASK;;;;;
20251107;061909.624;25310.25;;25310.25;1;BID;;;;;
20251107;061909.624;;25311.00;25311.00;2;ASK;;;;;
20251107;061909.624;25310.00;;25310.00;1;BID;;;;;
20251107;061909.624;;25311.00;25311.00;1;ASK;;;;;
20251107;061909.624;25310.25;;25310.25;1;BID;;;;;
20251107;061909.624;25310.00;;25310.00;1;BID;;;;;
20251107;061909.632;25310.00;;25310.00;2;BID;;;;;
20251107;061909.632;25310.25;;25310.25;1;BID;;;;;
20251107;061909.644;25310.00;;25310.00;1;BID;;;;;
20251107;061909.676;25310.25;;25310.25;1;BID;;;;;
20251107;061909.704;25310.00;;25310.00;1;BID;;;;;
20251107;061909.736;25310.25;;25310.25;1;BID;;;;;
20251107;061909.788;25310.50;;25310.50;1;BID;;;;;
20251107;061909.788;25310.50;;25310.50;1;BID;;;;;
20251107;061909.788;25310.25;;25310.25;1;BID;;;;;
20251107;061909.788;;25311.00;25311.00;2;ASK;;;;;
20251107;061909.788;;25311.00;25311.00;3;ASK;;;;;
20251107;061909.788;;25311.00;25311.00;4;ASK;;;;;
20251107;061909.788;25310.25;;25310.25;1;BID;;;;;
20251107;061909.788;25310.00;;25310.00;2;BID;;;;;
20251107;061909.788;25310.00;;25310.00;1;BID;;;;;
20251107;061909.788;;25311.00;25311.00;5;ASK;;;;;
20251107;061909.788;25309.75;;25309.75;2;BID;;;;;
20251107;061909.788;;25311.00;25311.00;4;ASK;;;;;
20251107;061909.788;25309.75;;25309.75;1;BID;;;;;
20251107;061909.788;;25311.00;25311.00;3;ASK;;;;;
20251107;061909.788;25309.50;;25309.50;1;BID;;;;;
20251107;061909.788;;25310.75;25310.75;1;ASK;;;;;
20251107;061909.792;;25310.75;25310.75;2;ASK;;;;;
20251107;061909.844;;25310.50;25310.50;1;ASK;;;;;
20251107;061909.844;;25310.50;25310.50;2;ASK;;;;;
20251107;061909.856;25309.50;;25309.50;2;BID;;;;;
20251107;061910.392;25309.50;;25309.50;1;BID;;;;;
20251107;061910.392;25309.25;;25309.25;1;BID;;;;;
20251107;061910.392;25309.25;;25309.25;2;BID;;;;;
20251107;061910.392;25309.50;;25309.50;1;BID;;;;;
20251107;061910.604;25309.50;;25309.50;2;BID;;;;;
20251107;061910.604;25309.50;;25309.50;1;BID;;;;;
20251107;061910.604;25309.25;;25309.25;1;BID;;;;;
20251107;061910.604;25309.25;;25309.25;2;BID;;;;;
20251107;061910.604;25309.50;;25309.50;1;BID;;;;;
20251107;061910.604;25309.75;;25309.75;1;BID;;;;;
20251107;061910.604;;25310.50;25310.50;1;ASK;;;;;
20251107;061910.604;25309.50;;25309.50;1;BID;;;;;
20251107;061910.640;25309.75;;25309.75;1;BID;;;;;
20251107;061910.656;25309.50;;25309.50;1;BID;;;;;
20251107;061910.752;25309.75;;25309.75;1;BID;;;;;
20251107;061911.108;25309.50;;25309.50;1;BID;;;;;
20251107;061911.216;25309.75;;25309.75;1;BID;;;;;
20251107;061911.216;25309.75;;25309.75;2;BID;;;;;
20251107;061911.216;;25310.50;25310.50;2;ASK;;;;;
20251107;061911.216;25309.75;;25309.75;1;BID;;;;;
20251107;061911.216;25309.50;;25309.50;1;BID;;;;;
20251107;061911.216;25309.25;;25309.25;3;BID;;;;;
20251107;061911.216;25309.25;;25309.25;2;BID;;;;;
20251107;061911.408;25309.50;;25309.50;1;BID;;;;;
20251107;061911.408;25309.25;;25309.25;2;BID;;;;;
20251107;061911.628;;25310.50;25310.50;3;ASK;;;;;
20251107;061911.628;25309.25;;25309.25;1;BID;;;;;
20251107;061911.628;;25310.25;25310.25;1;ASK;;;;;
20251107;061911.628;;25310.25;25310.25;2;ASK;;;;;
20251107;061911.632;25309.00;;25309.00;4;BID;;;;;
20251107;061911.632;25309.00;;25309.00;3;BID;;;;;
20251107;061911.632;25309.25;;25309.25;1;BID;;;;;
20251107;061911.636;25309.25;;25309.25;1;BID;;;;;
20251107;061911.636;25309.00;;25309.00;4;BID;;;;;
20251107;061911.636;25309.00;;25309.00;3;BID;;;;;
20251107;061911.636;;25310.25;25310.25;3;ASK;;;;;
20251107;061911.636;25309.00;;25309.00;2;BID;;;;;
20251107;061911.636;25309.00;;25309.00;1;BID;;;;;
20251107;061911.652;;25310.00;25310.00;1;ASK;;;;;
20251107;061911.652;;25310.00;25310.00;2;ASK;;;;;
20251107;061911.652;25308.75;;25308.75;4;BID;;;;;
20251107;061911.652;25308.75;;25308.75;3;BID;;;;;
20251107;061911.688;25308.75;;25308.75;2;BID;;;;;
20251107;061911.688;;25310.00;25310.00;3;ASK;;;;;
20251107;061911.688;25308.75;;25308.75;1;BID;;;;;
20251107;061911.688;25308.50;;25308.50;2;BID;;;;;
20251107;061911.688;;25310.00;25310.00;4;ASK;;;;;
20251107;061911.688;;25310.00;25310.00;3;ASK;;;;;
20251107;061911.688;;25309.75;25309.75;1;ASK;;;;;
20251107;061911.688;;25309.75;25309.75;2;ASK;;;;;
20251107;061911.688;;25309.75;25309.75;3;ASK;;;;;
20251107;061911.688;25308.50;;25308.50;1;BID;;;;;
20251107;061911.688;;25309.50;25309.50;1;ASK;;;;;
20251107;061911.688;25308.00;;25308.00;2;BID;;;;;
20251107;061911.688;;25309.50;25309.50;2;ASK;;;;;
20251107;061911.688;25308.00;;25308.00;1;BID;;;;;
20251107;061911.688;;25309.50;25309.50;1;ASK;;;;;
20251107;061911.688;;25309.50;25309.50;2;ASK;;;;;
20251107;061911.688;25307.75;;25307.75;2;BID;;;;;
20251107;061911.688;25307.75;;25307.75;3;BID;;;;;
20251107;061911.688;25308.25;;25308.25;1;BID;;;;;
20251107;061911.692;25308.25;;25308.25;2;BID;;;;;
20251107;061911.692;25308.50;;25308.50;1;BID;;;;;
20251107;061911.836;25308.25;;25308.25;2;BID;;;;;
20251107;061911.864;;25309.50;25309.50;3;ASK;;;;;
20251107;061912.028;;25309.50;25309.50;4;ASK;;;;;
20251107;061912.028;25308.25;;25308.25;1;BID;;;;;
20251107;061912.028;25308.00;;25308.00;3;BID;;;;;
20251107;061912.028;25308.00;;25308.00;2;BID;;;;;
20251107;061912.028;25308.00;;25308.00;1;BID;;;;;
20251107;061912.028;;25309.50;25309.50;3;ASK;;;;;
20251107;061912.028;;25309.50;25309.50;4;ASK;;;;;
20251107;061912.028;;25309.25;25309.25;1;ASK;;;;;
20251107;061912.028;;25309.25;25309.25;2;ASK;;;;;
20251107;061912.028;25308.00;;25308.00;2;BID;;;;;
20251107;061912.028;;25309.25;25309.25;3;ASK;;;;;
20251107;061912.028;25308.00;;25308.00;1;BID;;;;;
20251107;061912.028;25307.75;;25307.75;1;BID;;;;;
20251107;061912.028;25307.50;;25307.50;2;BID;;;;;
20251107;061912.028;25307.50;;25307.50;1;BID;;;;;
20251107;061912.028;25307.25;;25307.25;2;BID;;;;;
20251107;061912.028;25307.25;;25307.25;3;BID;;;;;
20251107;061912.028;25307.25;;25307.25;2;BID;;;;;
20251107;061912.028;;25309.00;25309.00;1;ASK;;;;;
20251107;061912.028;25307.50;;25307.50;1;BID;;;;;
20251107;061912.032;25307.50;;25307.50;2;BID;;;;;
20251107;061912.032;25307.50;;25307.50;3;BID;;;;;
20251107;061912.032;25307.75;;25307.75;1;BID;;;;;
20251107;061912.032;;25309.00;25309.00;2;ASK;;;;;
20251107;061912.032;25307.75;;25307.75;2;BID;;;;;
20251107;061912.048;25308.00;;25308.00;1;BID;;;;;
20251107;061912.048;25308.00;;25308.00;2;BID;;;;;
20251107;061912.080;25308.25;;25308.25;1;BID;;;;;
20251107;061912.108;25308.00;;25308.00;2;BID;;;;;
20251107;061912.108;25308.00;;25308.00;1;BID;;;;;
20251107;061912.212;25307.75;;25307.75;3;BID;;;;;
20251107;061912.212;25307.75;;25307.75;2;BID;;;;;
20251107;061912.212;;25309.00;25309.00;3;ASK;;;;;
20251107;061912.236;25308.00;;25308.00;1;BID;;;;;
20251107;061912.384;25308.00;;25308.00;2;BID;;;;;
20251107;061912.384;25308.25;;25308.25;1;BID;;;;;
20251107;061912.444;;25309.00;25309.00;2;ASK;;;;;
20251107;061912.464;25308.25;;25308.25;2;BID;;;;;
20251107;061912.552;25308.25;;25308.25;1;BID;;;;;
20251107;061912.552;25308.00;;25308.00;2;BID;;;;;
20251107;061912.640;25308.25;;25308.25;1;BID;;;;;
20251107;061913.496;25308.00;;25308.00;2;BID;;;;;
20251107;061913.496;25308.00;;25308.00;1;BID;;;;;
20251107;061913.496;25307.75;;25307.75;3;BID;;;;;
20251107;061913.496;25307.75;;25307.75;2;BID;;;;;
20251107;061913.620;25308.00;;25308.00;1;BID;;;;;
20251107;061913.672;25307.75;;25307.75;2;BID;;;;;
20251107;061913.728;25308.00;;25308.00;1;BID;;;;;
20251107;061913.760;25307.75;;25307.75;2;BID;;;;;
20251107;061913.804;25308.00;;25308.00;1;BID;;;;;
20251107;061913.828;25308.00;;25308.00;21;BID;;;;;
20251107;061913.828;;25309.00;25309.00;1;ASK;;;;;
20251107;061913.828;;25309.00;25309.00;1;ASK;;;;;
20251107;061913.828;;25309.25;25309.25;2;ASK;;;;;
20251107;061913.828;;25309.25;25309.25;1;ASK;;;;;
20251107;061913.828;25308.25;;25308.25;1;BID;;;;;
20251107;061913.828;25308.50;;25308.50;1;BID;;;;;
20251107;061913.828;;25309.25;25309.25;1;ASK;;;;;
20251107;061913.828;;25309.75;25309.75;2;ASK;;;;;
20251107;061913.828;25308.50;;25308.50;2;BID;;;;;
20251107;061913.828;;25309.75;25309.75;1;ASK;;;;;
20251107;061913.828;;25310.00;25310.00;2;ASK;;;;;
20251107;061913.832;25308.75;;25308.75;1;BID;;;;;
20251107;061913.832;25308.75;;25308.75;2;BID;;;;;
20251107;061913.832;;25310.00;25310.00;1;ASK;;;;;
20251107;061913.832;25308.75;;25308.75;3;BID;;;;;
20251107;061913.832;;25310.25;25310.25;2;ASK;;;;;
20251107;061913.832;25309.00;;25309.00;1;BID;;;;;
20251107;061913.832;;25310.25;25310.25;1;ASK;;;;;
20251107;061913.832;25309.25;;25309.25;1;BID;;;;;
20251107;061913.840;25309.25;;25309.25;2;BID;;;;;
20251107;061913.840;25309.25;;25309.25;3;BID;;;;;
20251107;061913.840;25309.50;;25309.50;1;BID;;;;;
20251107;061913.840;25309.75;;25309.75;1;BID;;;;;
20251107;061913.840;25309.50;;25309.50;1;BID;;;;;
20251107;061913.840;25309.50;;25309.50;1;BID;;;;;
20251107;061913.840;25309.25;;25309.25;2;BID;;;;;
20251107;061913.840;25309.25;;25309.25;1;BID;;;;;
20251107;061913.840;25309.00;;25309.00;2;BID;;;;;
20251107;061913.840;;25310.25;25310.25;2;ASK;;;;;
20251107;061913.840;25309.00;;25309.00;1;BID;;;;;
20251107;061913.840;25308.75;;25308.75;3;BID;;;;;
20251107;061913.840;25308.75;;25308.75;2;BID;;;;;
20251107;061913.840;25309.00;;25309.00;1;BID;;;;;
20251107;061913.884;;25310.00;25310.00;1;ASK;;;;;
20251107;061913.884;25308.75;;25308.75;2;BID;;;;;
20251107;061913.888;25309.00;;25309.00;1;BID;;;;;
20251107;061913.996;25308.75;;25308.75;2;BID;;;;;
20251107;061914.000;25309.00;;25309.00;1;BID;;;;;
20251107;061914.100;25308.75;;25308.75;2;BID;;;;;
20251107;061914.108;;25310.00;25310.00;2;ASK;;;;;
20251107;061914.112;;25309.75;25309.75;1;ASK;;;;;
20251107;061914.112;;25310.00;25310.00;1;ASK;;;;;
20251107;061914.112;25309.00;;25309.00;1;BID;;;;;
20251107;061914.196;25309.00;;25309.00;1;BID;;;;;
20251107;061914.196;25308.75;;25308.75;2;BID;;;;;
20251107;061914.196;25308.75;;25308.75;1;BID;;;;;
20251107;061914.308;25308.75;;25308.75;2;BID;;;;;
20251107;061914.308;25309.00;;25309.00;1;BID;;;;;
20251107;061914.720;25309.00;;25309.00;2;BID;;;;;
20251107;061914.720;25309.25;;25309.25;1;BID;;;;;
20251107;061914.720;;25310.25;25310.25;4;ASK;;;;;
20251107;061914.720;;25310.25;25310.25;3;ASK;;;;;
20251107;061914.720;;25310.25;25310.25;2;ASK;;;;;
20251107;061914.724;;25310.25;25310.25;1;ASK;;;;;
20251107;061915.224;25309.50;;25309.50;1;BID;;;;;
20251107;061915.224;25309.25;;25309.25;1;BID;;;;;
20251107;061915.296;25309.25;;25309.25;2;BID;;;;;
20251107;061916.256;25309.25;;25309.25;3;BID;;;;;
20251107;061916.256;25309.50;;25309.50;1;BID;;;;;
20251107;061916.256;25309.25;;25309.25;3;BID;;;;;
20251107;061916.256;25309.25;;25309.25;2;BID;;;;;
20251107;061916.412;25309.50;;25309.50;1;BID;;;;;
20251107;061916.540;25309.25;;25309.25;2;BID;;;;;
20251107;061916.544;25309.25;;25309.25;1;BID;;;;;
20251107;061916.544;25309.00;;25309.00;2;BID;;;;;
20251107;061916.544;25309.00;;25309.00;3;BID;;;;;
20251107;061916.544;25309.00;;25309.00;2;BID;;;;;
20251107;061916.544;;25310.25;25310.25;2;ASK;;;;;
20251107;061916.760;;25310.00;25310.00;1;ASK;;;;;
20251107;061916.812;;25310.25;25310.25;2;ASK;;;;;
20251107;061916.916;25309.00;;25309.00;1;BID;;;;;
20251107;061916.916;;25310.00;25310.00;1;ASK;;;;;
20251107;061916.916;25308.75;;25308.75;4;BID;;;;;
20251107;061916.916;25308.75;;25308.75;3;BID;;;;;
20251107;061916.920;25308.75;;25308.75;2;BID;;;;;
20251107;061916.944;25308.75;;25308.75;1;BID;;;;;
20251107;061916.944;;25310.00;25310.00;2;ASK;;;;;
20251107;061916.944;25308.50;;25308.50;2;BID;;;;;
20251107;061916.944;25308.50;;25308.50;3;BID;;;;;
20251107;061916.944;25308.50;;25308.50;2;BID;;;;;
20251107;061916.944;;25309.75;25309.75;1;ASK;;;;;
20251107;061916.948;;25310.00;25310.00;1;ASK;;;;;
20251107;061916.948;25308.75;;25308.75;1;BID;;;;;
20251107;061916.984;;25310.00;25310.00;2;ASK;;;;;
20251107;061916.984;;25309.75;25309.75;1;ASK;;;;;
20251107;061916.984;25308.50;;25308.50;3;BID;;;;;
20251107;061916.984;25308.50;;25308.50;2;BID;;;;;
20251107;061916.984;;25310.00;25310.00;1;ASK;;;;;
20251107;061916.984;25308.75;;25308.75;1;BID;;;;;
20251107;061916.988;;25310.00;25310.00;2;ASK;;;;;
20251107;061917.064;;25309.75;25309.75;1;ASK;;;;;
20251107;061917.064;;25310.00;25310.00;1;ASK;;;;;
20251107;061917.072;;25310.00;25310.00;2;ASK;;;;;
20251107;061917.084;25308.75;;25308.75;2;BID;;;;;
20251107;061917.484;25309.50;;25309.50;2;BID;;;;;
20251107;061917.484;;25310.00;25310.00;1;ASK;;;;;
20251107;061917.484;25309.50;;25309.50;1;BID;;;;;
20251107;061917.484;25309.50;;25309.50;1;BID;;;;;
20251107;061917.484;25309.50;;25309.50;1;BID;;;;;
20251107;061917.484;25308.75;;25308.75;2;BID;;;;;
20251107;061917.484;;25310.25;25310.25;3;ASK;;;;;
20251107;061917.484;25308.75;;25308.75;3;BID;;;;;
20251107;061917.484;25309.00;;25309.00;1;BID;;;;;
20251107;061917.484;25309.00;;25309.00;2;BID;;;;;
20251107;061917.484;;25310.25;25310.25;2;ASK;;;;;
20251107;061917.484;25309.25;;25309.25;1;BID;;;;;
20251107;061917.504;25309.25;;25309.25;2;BID;;;;;
20251107;061917.552;25309.50;;25309.50;1;BID;;;;;
20251107;061918.012;25309.25;;25309.25;2;BID;;;;;
20251107;061918.504;25309.50;;25309.50;1;BID;;;;;
20251107;061919.076;25309.25;;25309.25;2;BID;;;;;
20251107;061919.108;25309.50;;25309.50;5;BID;;;;;
20251107;061919.108;25309.75;;25309.75;1;BID;;;;;
20251107;061919.108;25309.75;;25309.75;1;BID;;;;;
20251107;061919.108;25309.50;;25309.50;5;BID;;;;;
20251107;061919.420;;25310.25;25310.25;1;ASK;;;;;
20251107;061919.420;;25310.25;25310.25;1;ASK;;;;;
20251107;061920.404;25309.50;;25309.50;5;BID;;;;;
20251107;061920.404;25309.25;;25309.25;2;BID;;;;;
20251107;061920.404;25309.25;;25309.25;1;BID;;;;;
20251107;061920.404;25309.25;;25309.25;1;BID;;;;;
20251107;061920.404;;25310.00;25310.00;1;ASK;;;;;
20251107;061920.404;25309.25;;25309.25;1;BID;;;;;
20251107;061920.404;25309.00;;25309.00;3;BID;;;;;
20251107;061920.408;25309.00;;25309.00;1;BID;;;;;
20251107;061920.408;25309.00;;25309.00;1;BID;;;;;
20251107;061920.408;25309.00;;25309.00;1;BID;;;;;
20251107;061920.408;25308.75;;25308.75;2;BID;;;;;
20251107;061920.408;25308.75;;25308.75;1;BID;;;;;
20251107;061920.408;25308.75;;25308.75;1;BID;;;;;
20251107;061920.408;;25310.00;25310.00;2;ASK;;;;;
20251107;061920.408;;25310.00;25310.00;3;ASK;;;;;
20251107;061920.408;;25310.00;25310.00;4;ASK;;;;;
20251107;061920.408;;25310.00;25310.00;5;ASK;;;;;
20251107;061920.408;;25310.00;25310.00;6;ASK;;;;;
20251107;061920.408;25308.25;;25308.25;2;BID;;;;;
20251107;061920.408;;25309.75;25309.75;1;ASK;;;;;
20251107;061920.408;;25310.00;25310.00;4;ASK;;;;;
20251107;061920.408;25308.25;;25308.25;1;BID;;;;;
20251107;061920.408;25308.50;;25308.50;1;BID;;;;;
20251107;061920.408;25308.50;;25308.50;2;BID;;;;;
20251107;061920.412;;25310.00;25310.00;3;ASK;;;;;
20251107;061920.412;;25310.00;25310.00;2;ASK;;;;;
20251107;061920.412;;25310.00;25310.00;1;ASK;;;;;
20251107;061920.412;25308.50;;25308.50;3;BID;;;;;
20251107;061920.412;25308.50;;25308.50;4;BID;;;;;
20251107;061920.412;;25309.75;25309.75;1;ASK;;;;;
20251107;061920.412;25308.75;;25308.75;1;BID;;;;;
20251107;061920.412;25308.75;;25308.75;2;BID;;;;;
20251107;061920.412;;25310.25;25310.25;3;ASK;;;;;
20251107;061920.412;25309.00;;25309.00;1;BID;;;;;
20251107;061920.412;;25310.00;25310.00;1;ASK;;;;;
20251107;061920.416;;25310.25;25310.25;4;ASK;;;;;
20251107;061920.416;;25310.25;25310.25;3;ASK;;;;;
20251107;061920.416;;25310.25;25310.25;2;ASK;;;;;
20251107;061920.416;25309.25;;25309.25;1;BID;;;;;
20251107;061920.416;;25310.25;25310.25;1;ASK;;;;;
20251107;061920.416;;25310.00;25310.00;1;ASK;;;;;
20251107;061920.416;25309.00;;25309.00;1;BID;;;;;
20251107;061920.416;;25310.00;25310.00;2;ASK;;;;;
20251107;061920.444;;25309.75;25309.75;1;ASK;;;;;
20251107;061920.536;25308.75;;25308.75;3;BID;;;;;
20251107;061920.536;25308.75;;25308.75;2;BID;;;;;
20251107;061920.720;;25309.75;25309.75;1;ASK;;;;;
20251107;061920.720;;25310.00;25310.00;3;ASK;;;;;
20251107;061920.720;25309.00;;25309.00;1;BID;;;;;
20251107;061920.720;25309.00;;25309.00;2;BID;;;;;
20251107;061920.720;;25310.00;25310.00;2;ASK;;;;;
20251107;061920.720;;25310.00;25310.00;1;ASK;;;;;
20251107;061920.720;;25310.25;25310.25;3;ASK;;;;;
20251107;061920.720;25309.25;;25309.25;1;BID;;;;;
20251107;061920.720;;25310.25;25310.25;2;ASK;;;;;
20251107;061922.112;;25310.00;25310.00;1;ASK;;;;;
20251107;061922.112;25309.00;;25309.00;3;BID;;;;;
20251107;061922.112;25309.00;;25309.00;2;BID;;;;;
20251107;061922.112;;25310.25;25310.25;2;ASK;;;;;
20251107;061922.112;25309.25;;25309.25;1;BID;;;;;
20251107;061922.368;;25310.25;25310.25;3;ASK;;;;;
20251107;061922.380;;25310.00;25310.00;1;ASK;;;;;
20251107;061922.380;25309.00;;25309.00;3;BID;;;;;
20251107;061922.380;25309.00;;25309.00;2;BID;;;;;
20251107;061922.452;25309.25;;25309.25;1;BID;;;;;
20251107;061922.452;;25310.25;25310.25;3;ASK;;;;;
20251107;061922.560;25309.00;;25309.00;2;BID;;;;;
20251107;061922.560;;25310.00;25310.00;1;ASK;;;;;
20251107;061922.636;25309.25;;25309.25;1;BID;;;;;
20251107;061922.636;;25310.25;25310.25;3;ASK;;;;;
20251107;061922.664;25309.00;;25309.00;2;BID;;;;;
20251107;061922.744;;25310.00;25310.00;1;ASK;;;;;
20251107;061922.748;25309.00;;25309.00;1;BID;;;;;
20251107;061923.068;;25310.00;25310.00;1;ASK;;;;;
20251107;061923.068;;25310.25;25310.25;5;ASK;;;;;
20251107;061923.068;25309.25;;25309.25;1;BID;;;;;
20251107;061923.068;;25310.25;25310.25;4;ASK;;;;;
20251107;061923.068;25309.25;;25309.25;2;BID;;;;;
20251107;061923.072;;25310.25;25310.25;3;ASK;;;;;
20251107;061923.072;25309.25;;25309.25;1;BID;;;;;
20251107;061923.084;25309.50;;25309.50;1;BID;;;;;
20251107;061923.088;25309.25;;25309.25;1;BID;;;;;
20251107;061923.260;;25310.25;25310.25;1;ASK;;;;;
20251107;061923.260;;25310.25;25310.25;1;ASK;;;;;
20251107;061923.260;;25310.25;25310.25;1;ASK;;;;;
20251107;061923.260;25309.50;;25309.50;1;BID;;;;;
20251107;061923.260;;25310.25;25310.25;1;ASK;;;;;
20251107;061923.260;;25310.75;25310.75;1;ASK;;;;;
20251107;061923.260;25309.50;;25309.50;2;BID;;;;;
20251107;061923.260;25309.50;;25309.50;3;BID;;;;;
20251107;061923.260;25309.75;;25309.75;1;BID;;;;;
20251107;061923.260;25309.75;;25309.75;2;BID;;;;;
20251107;061923.260;25310.00;;25310.00;1;BID;;;;;
20251107;061923.260;;25311.00;25311.00;3;ASK;;;;;
20251107;061923.260;;25311.00;25311.00;2;ASK;;;;;
20251107;061923.260;;25311.00;25311.00;1;ASK;;;;;
20251107;061923.264;25310.25;;25310.25;1;BID;;;;;
20251107;061923.264;25310.00;;25310.00;1;BID;;;;;
20251107;061923.264;25310.00;;25310.00;2;BID;;;;;
20251107;061923.264;25310.25;;25310.25;1;BID;;;;;
20251107;061923.268;25310.00;;25310.00;2;BID;;;;;
20251107;061923.276;25310.00;;25310.00;3;BID;;;;;
20251107;061923.276;25310.25;;25310.25;1;BID;;;;;
20251107;061923.368;25310.50;;25310.50;1;BID;;;;;
20251107;061923.520;25310.25;;25310.25;1;BID;;;;;
20251107;061923.528;25310.25;;25310.25;2;BID;;;;;
20251107;061923.824;25310.25;;25310.25;1;BID;;;;;
20251107;061924.016;25310.25;;25310.25;2;BID;;;;;
20251107;061924.016;25310.50;;25310.50;1;BID;;;;;
20251107;061924.016;25310.50;;25310.50;2;BID;;;;;
20251107;061924.016;;25311.00;25311.00;1;ASK;;;;;
20251107;061924.016;;25311.25;25311.25;4;ASK;;;;;
20251107;061924.016;25310.75;;25310.75;1;BID;;;;;
20251107;061924.016;;25311.25;25311.25;3;ASK;;;;;
20251107;061924.016;25310.50;;25310.50;2;BID;;;;;
20251107;061924.016;25310.75;;25310.75;1;BID;;;;;
20251107;061924.016;25310.50;;25310.50;2;BID;;;;;
20251107;061924.020;25310.50;;25310.50;1;BID;;;;;
20251107;061924.024;25310.50;;25310.50;2;BID;;;;;
20251107;061924.048;25310.75;;25310.75;1;BID;;;;;
20251107;061924.400;;25311.25;25311.25;1;ASK;;;;;
20251107;061924.400;;25311.25;25311.25;2;ASK;;;;;
20251107;061924.400;25311.00;;25311.00;1;BID;;;;;
20251107;061924.400;;25311.25;25311.25;1;ASK;;;;;
20251107;061924.400;;25311.25;25311.25;1;ASK;;;;;
20251107;061924.400;;25311.75;25311.75;2;ASK;;;;;
20251107;061924.400;;25311.75;25311.75;1;ASK;;;;;
20251107;061924.400;;25312.00;25312.00;1;ASK;;;;;
20251107;061924.400;25311.25;;25311.25;1;BID;;;;;
20251107;061924.404;25311.00;;25311.00;1;BID;;;;;
20251107;061924.404;;25312.25;25312.25;2;ASK;;;;;
20251107;061924.404;25311.50;;25311.50;1;BID;;;;;
20251107;061924.404;25311.00;;25311.00;1;BID;;;;;
20251107;061924.404;25311.00;;25311.00;2;BID;;;;;
20251107;061924.404;25311.25;;25311.25;1;BID;;;;;
20251107;061924.404;25311.25;;25311.25;2;BID;;;;;
20251107;061924.404;;25312.25;25312.25;1;ASK;;;;;
20251107;061924.404;25311.50;;25311.50;1;BID;;;;;
20251107;061924.404;25311.25;;25311.25;2;BID;;;;;
20251107;061924.404;25311.25;;25311.25;1;BID;;;;;
20251107;061924.404;;25312.00;25312.00;1;ASK;;;;;
20251107;061924.408;;25312.25;25312.25;1;ASK;;;;;
20251107;061924.408;;25312.00;25312.00;1;ASK;;;;;
20251107;061924.432;25311.00;;25311.00;1;BID;;;;;
20251107;061924.516;25311.25;;25311.25;1;BID;;;;;
20251107;061924.516;25311.00;;25311.00;1;BID;;;;;
20251107;061924.776;;25311.75;25311.75;1;ASK;;;;;
20251107;061924.776;25310.75;;25310.75;2;BID;;;;;
20251107;061924.776;25310.75;;25310.75;1;BID;;;;;
20251107;061924.776;25311.00;;25311.00;1;BID;;;;;
20251107;061924.776;;25312.00;25312.00;1;ASK;;;;;
20251107;061925.408;;25312.00;25312.00;1;ASK;;;;;
20251107;061925.408;;25312.00;25312.00;1;ASK;;;;;
20251107;061925.408;;25312.25;25312.25;2;ASK;;;;;
20251107;061925.408;25312.00;;25312.00;1;BID;;;;;
20251107;061925.408;25311.25;;25311.25;1;BID;;;;;
20251107;061925.408;;25312.25;25312.25;1;ASK;;;;;
20251107;061925.408;25311.50;;25311.50;1;BID;;;;;
20251107;061925.408;25311.25;;25311.25;1;BID;;;;;
20251107;061925.428;25311.50;;25311.50;1;BID;;;;;
20251107;061925.428;25311.75;;25311.75;1;BID;;;;;
20251107;061925.432;25311.50;;25311.50;1;BID;;;;;
20251107;061925.776;25311.25;;25311.25;1;BID;;;;;
20251107;061925.856;25311.50;;25311.50;1;BID;;;;;
20251107;061925.856;25311.75;;25311.75;1;BID;;;;;
20251107;061925.860;25311.50;;25311.50;1;BID;;;;;
20251107;061925.864;25311.75;;25311.75;1;BID;;;;;
20251107;061925.948;25311.50;;25311.50;1;BID;;;;;
20251107;061926.004;25311.75;;25311.75;1;BID;;;;;
20251107;061926.088;;25312.25;25312.25;1;ASK;;;;;
20251107;061926.088;;25312.75;25312.75;2;ASK;;;;;
20251107;061926.088;25312.00;;25312.00;1;BID;;;;;
20251107;061926.088;;25312.75;25312.75;1;ASK;;;;;
20251107;061926.088;;25313.00;25313.00;2;ASK;;;;;
20251107;061926.088;25311.75;;25311.75;1;BID;;;;;
20251107;061926.088;25312.00;;25312.00;1;BID;;;;;
20251107;061926.088;;25313.00;25313.00;1;ASK;;;;;
20251107;061926.088;;25312.75;25312.75;1;ASK;;;;;
20251107;061926.088;;25313.00;25313.00;1;ASK;;;;;
20251107;061926.088;;25313.25;25313.25;2;ASK;;;;;
20251107;061926.088;;25313.25;25313.25;3;ASK;;;;;
20251107;061926.088;;25313.25;25313.25;2;ASK;;;;;
20251107;061926.088;;25313.00;25313.00;1;ASK;;;;;
20251107;061926.088;;25312.75;25312.75;1;ASK;;;;;
20251107;061926.420;;25313.00;25313.00;1;ASK;;;;;
20251107;061926.528;;25312.75;25312.75;1;ASK;;;;;
20251107;061926.528;25311.75;;25311.75;1;BID;;;;;
20251107;061926.532;25312.00;;25312.00;1;BID;;;;;
20251107;061926.636;;25313.00;25313.00;1;ASK;;;;;
20251107;061926.636;25312.25;;25312.25;1;BID;;;;;
20251107;061926.636;25312.00;;25312.00;1;BID;;;;;
20251107;061926.636;;25312.75;25312.75;1;ASK;;;;;
20251107;061926.636;25311.75;;25311.75;1;BID;;;;;
20251107;061926.640;25312.00;;25312.00;1;BID;;;;;
20251107;061926.732;;25313.00;25313.00;1;ASK;;;;;
20251107;061926.940;25311.75;;25311.75;1;BID;;;;;
20251107;061926.940;;25312.75;25312.75;1;ASK;;;;;
20251107;061926.940;;25312.50;25312.50;1;ASK;;;;;
20251107;061927.036;;25312.75;25312.75;1;ASK;;;;;
20251107;061927.056;;25312.75;25312.75;1;ASK;;;;;
20251107;061927.056;;25313.00;25313.00;2;ASK;;;;;
20251107;061927.056;25312.00;;25312.00;1;BID;;;;;
20251107;061927.056;25312.00;;25312.00;2;BID;;;;;
20251107;061927.056;;25313.00;25313.00;1;ASK;;;;;
20251107;061927.056;25312.00;;25312.00;1;BID;;;;;
20251107;061927.076;;25313.00;25313.00;2;ASK;;;;;
20251107;061927.136;;25313.00;25313.00;1;ASK;;;;;
20251107;061927.136;;25313.00;25313.00;1;ASK;;;;;
20251107;061927.136;;25313.25;25313.25;1;ASK;;;;;
20251107;061927.136;;25313.25;25313.25;1;ASK;;;;;
20251107;061927.136;;25313.25;25313.25;1;ASK;;;;;
20251107;061927.136;;25313.50;25313.50;4;ASK;;;;;
20251107;061927.136;25312.25;;25312.25;1;BID;;;;;
20251107;061927.140;;25313.50;25313.50;3;ASK;;;;;
20251107;061927.140;25312.25;;25312.25;2;BID;;;;;
20251107;061927.140;;25313.50;25313.50;2;ASK;;;;;
20251107;061927.140;;25313.50;25313.50;3;ASK;;;;;
20251107;061927.140;25312.50;;25312.50;1;BID;;;;;
20251107;061927.140;25312.25;;25312.25;1;BID;;;;;
20251107;061927.144;;25313.50;25313.50;4;ASK;;;;;
20251107;061927.144;25312.00;;25312.00;2;BID;;;;;
20251107;061927.144;;25313.50;25313.50;5;ASK;;;;;
20251107;061927.160;25312.00;;25312.00;1;BID;;;;;
20251107;061927.160;25312.00;;25312.00;1;BID;;;;;
20251107;061927.160;25311.75;;25311.75;1;BID;;;;;
20251107;061927.160;25311.50;;25311.50;2;BID;;;;;
20251107;061927.160;;25313.25;25313.25;1;ASK;;;;;
20251107;061927.160;25311.50;;25311.50;1;BID;;;;;
20251107;061927.160;;25313.25;25313.25;2;ASK;;;;;
20251107;061927.160;;25313.25;25313.25;3;ASK;;;;;
20251107;061927.160;;25313.25;25313.25;4;ASK;;;;;
20251107;061927.160;;25313.00;25313.00;1;ASK;;;;;
20251107;061927.160;25311.75;;25311.75;1;BID;;;;;
20251107;061927.160;;25313.00;25313.00;2;ASK;;;;;
20251107;061927.160;;25312.75;25312.75;1;ASK;;;;;
20251107;061927.292;;25312.50;25312.50;1;ASK;;;;;
20251107;061927.352;;25312.75;25312.75;1;ASK;;;;;
20251107;061927.352;25312.00;;25312.00;1;BID;;;;;
20251107;061927.356;;25313.00;25313.00;4;ASK;;;;;
20251107;061927.356;;25313.00;25313.00;3;ASK;;;;;
20251107;061927.356;;25312.75;25312.75;1;ASK;;;;;
20251107;061927.636;25312.00;;25312.00;1;BID;;;;;
20251107;061927.636;25311.75;;25311.75;1;BID;;;;;
20251107;061927.636;;25312.50;25312.50;1;ASK;;;;;
20251107;061927.636;25311.50;;25311.50;1;BID;;;;;
20251107;061927.648;25311.75;;25311.75;1;BID;;;;;
20251107;061927.648;;25312.75;25312.75;3;ASK;;;;;
20251107;061927.716;;25312.50;25312.50;1;ASK;;;;;
20251107;061927.716;;25312.50;25312.50;2;ASK;;;;;
20251107;061927.716;25311.50;;25311.50;1;BID;;;;;
20251107;061927.824;;25312.50;25312.50;1;ASK;;;;;
20251107;061927.824;25311.75;;25311.75;1;BID;;;;;
20251107;061927.824;;25312.75;25312.75;4;ASK;;;;;
20251107;061927.824;;25312.75;25312.75;3;ASK;;;;;
20251107;061927.852;;25312.50;25312.50;1;ASK;;;;;
20251107;061927.944;;25312.75;25312.75;3;ASK;;;;;
20251107;061927.944;;25312.50;25312.50;1;ASK;;;;;
20251107;061928.104;25311.50;;25311.50;1;BID;;;;;
20251107;061928.104;;25312.75;25312.75;3;ASK;;;;;
20251107;061928.104;25311.75;;25311.75;1;BID;;;;;
20251107;061928.104;;25312.50;25312.50;1;ASK;;;;;
20251107;061928.104;25311.75;;25311.75;1;BID;;;;;
20251107;061928.104;25311.50;;25311.50;1;BID;;;;;
20251107;061928.104;;25312.75;25312.75;3;ASK;;;;;
20251107;061928.104;;25312.25;25312.25;1;ASK;;;;;
20251107;061928.104;25311.50;;25311.50;1;BID;;;;;
20251107;061928.104;25311.25;;25311.25;2;BID;;;;;
20251107;061928.104;;25312.50;25312.50;1;ASK;;;;;
20251107;061928.104;;25312.00;25312.00;1;ASK;;;;;
20251107;061928.104;25311.25;;25311.25;1;BID;;;;;
20251107;061928.104;25311.00;;25311.00;1;BID;;;;;
20251107;061928.104;;25312.25;25312.25;1;ASK;;;;;
20251107;061928.104;;25312.25;25312.25;2;ASK;;;;;
20251107;061928.104;;25311.75;25311.75;1;ASK;;;;;
20251107;061928.104;;25312.25;25312.25;2;ASK;;;;;
20251107;061928.108;25311.25;;25311.25;1;BID;;;;;
20251107;061928.108;;25312.00;25312.00;1;ASK;;;;;
20251107;061928.108;25311.00;;25311.00;1;BID;;;;;
20251107;061928.108;25310.75;;25310.75;2;BID;;;;;
20251107;061928.108;25310.75;;25310.75;1;BID;;;;;
20251107;061928.108;25311.00;;25311.00;1;BID;;;;;
20251107;061928.108;;25312.25;25312.25;2;ASK;;;;;
20251107;061928.108;;25312.25;25312.25;1;ASK;;;;;
20251107;061928.108;25311.25;;25311.25;1;BID;;;;;
20251107;061928.108;;25312.50;25312.50;3;ASK;;;;;
20251107;061928.108;;25312.50;25312.50;2;ASK;;;;;
20251107;061928.108;25311.50;;25311.50;1;BID;;;;;
20251107;061928.108;;25312.25;25312.25;1;ASK;;;;;
20251107;061928.108;25311.25;;25311.25;1;BID;;;;;
20251107;061928.108;25311.25;;25311.25;2;BID;;;;;
20251107;061928.108;;25312.50;25312.50;2;ASK;;;;;
20251107;061928.108;25311.50;;25311.50;1;BID;;;;;
20251107;061928.108;25311.25;;25311.25;2;BID;;;;;
20251107;061928.108;;25312.25;25312.25;1;ASK;;;;;
20251107;061928.464;25311.50;;25311.50;1;BID;;;;;
20251107;061928.464;;25312.50;25312.50;1;ASK;;;;;
20251107;061928.504;;25312.25;25312.25;1;ASK;;;;;
20251107;061928.504;25311.25;;25311.25;2;BID;;;;;
20251107;061928.648;;25312.00;25312.00;1;ASK;;;;;
20251107;061928.648;25311.25;;25311.25;1;BID;;;;;
20251107;061928.652;25311.25;;25311.25;1;BID;;;;;
20251107;061928.652;25311.00;;25311.00;1;BID;;;;;
20251107;061928.652;25311.00;;25311.00;2;BID;;;;;
20251107;061928.652;25311.00;;25311.00;1;BID;;;;;
20251107;061928.652;;25311.75;25311.75;1;ASK;;;;;
20251107;061928.652;25310.75;;25310.75;2;BID;;;;;
20251107;061928.652;;25312.00;25312.00;3;ASK;;;;;
20251107;061928.652;;25311.50;25311.50;1;ASK;;;;;
20251107;061928.652;25310.75;;25310.75;1;BID;;;;;
20251107;061928.652;25310.50;;25310.50;1;BID;;;;;
20251107;061928.652;;25311.25;25311.25;1;ASK;;;;;
20251107;061928.656;;25311.50;25311.50;1;ASK;;;;;
20251107;061928.660;;25311.25;25311.25;1;ASK;;;;;
20251107;061928.660;25310.25;;25310.25;5;BID;;;;;
20251107;061928.660;25310.25;;25310.25;4;BID;;;;;
20251107;061928.660;25310.50;;25310.50;1;BID;;;;;
20251107;061928.660;;25311.50;25311.50;1;ASK;;;;;
20251107;061928.660;;25311.25;25311.25;1;ASK;;;;;
20251107;061928.660;25310.25;;25310.25;3;BID;;;;;
20251107;061928.660;;25311.50;25311.50;1;ASK;;;;;
20251107;061928.660;25310.50;;25310.50;1;BID;;;;;
20251107;061928.676;;25311.25;25311.25;1;ASK;;;;;
20251107;061928.676;25310.25;;25310.25;3;BID;;;;;
20251107;061928.728;25310.50;;25310.50;1;BID;;;;;
20251107;061928.728;;25311.50;25311.50;1;ASK;;;;;
20251107;061928.760;;25311.25;25311.25;1;ASK;;;;;
20251107;061928.760;25310.25;;25310.25;3;BID;;;;;
20251107;061928.760;25310.50;;25310.50;1;BID;;;;;
20251107;061928.760;;25311.50;25311.50;1;ASK;;;;;
20251107;061928.760;25310.50;;25310.50;2;BID;;;;;
20251107;061928.828;;25311.25;25311.25;1;ASK;;;;;
20251107;061928.828;;25311.50;25311.50;1;ASK;;;;;
20251107;061928.972;25310.75;;25310.75;1;BID;;;;;
20251107;061929.040;;25311.75;25311.75;1;ASK;;;;;
20251107;061929.040;25310.75;;25310.75;2;BID;;;;;
20251107;061929.040;;25312.00;25312.00;2;ASK;;;;;
20251107;061929.040;25311.00;;25311.00;1;BID;;;;;
20251107;061929.040;;25312.00;25312.00;1;ASK;;;;;
20251107;061929.040;25311.00;;25311.00;2;BID;;;;;
20251107;061929.040;;25311.75;25311.75;1;ASK;;;;;
20251107;061929.040;;25312.00;25312.00;1;ASK;;;;;
20251107;061929.040;25311.25;;25311.25;1;BID;;;;;
20251107;061929.044;25311.00;;25311.00;2;BID;;;;;
20251107;061929.044;25311.00;;25311.00;1;BID;;;;;
20251107;061929.044;25311.00;;25311.00;2;BID;;;;;
20251107;061929.156;25311.25;;25311.25;1;BID;;;;;
20251107;061929.160;;25312.25;25312.25;2;ASK;;;;;
20251107;061929.208;;25312.00;25312.00;1;ASK;;;;;
20251107;061929.208;25311.00;;25311.00;2;BID;;;;;
20251107;061929.396;25311.25;;25311.25;1;BID;;;;;
20251107;061929.396;25311.00;;25311.00;2;BID;;;;;
20251107;061929.560;25311.25;;25311.25;1;BID;;;;;
20251107;061929.660;25311.00;;25311.00;2;BID;;;;;
20251107;061929.964;;25311.75;25311.75;1;ASK;;;;;
20251107;061929.964;25311.00;;25311.00;1;BID;;;;;
20251107;061929.964;25310.75;;25310.75;2;BID;;;;;
20251107;061929.964;;25311.50;25311.50;1;ASK;;;;;
20251107;061929.964;25310.75;;25310.75;1;BID;;;;;
20251107;061929.964;25310.50;;25310.50;2;BID;;;;;
20251107;061929.964;25310.50;;25310.50;1;BID;;;;;
20251107;061929.964;25310.75;;25310.75;1;BID;;;;;
20251107;061929.964;25310.50;;25310.50;1;BID;;;;;
20251107;061929.968;25310.50;;25310.50;2;BID;;;;;
20251107;061929.968;25310.75;;25310.75;1;BID;;;;;
20251107;061929.968;;25311.75;25311.75;1;ASK;;;;;
20251107;061929.980;;25311.50;25311.50;1;ASK;;;;;
20251107;061929.980;25310.50;;25310.50;2;BID;;;;;
20251107;061930.048;25310.75;;25310.75;1;BID;;;;;
20251107;061930.048;25310.50;;25310.50;2;BID;;;;;
20251107;061930.048;;25311.25;25311.25;1;ASK;;;;;
20251107;061930.048;25310.50;;25310.50;1;BID;;;;;
20251107;061930.048;;25311.50;25311.50;1;ASK;;;;;
20251107;061930.048;25310.25;;25310.25;4;BID;;;;;
20251107;061930.048;25310.25;;25310.25;3;BID;;;;;
20251107;061930.048;;25311.25;25311.25;1;ASK;;;;;
20251107;061930.156;;25311.00;25311.00;1;ASK;;;;;
20251107;061930.200;;25311.00;25311.00;1;ASK;;;;;
20251107;061930.200;;25311.25;25311.25;1;ASK;;;;;
20251107;061930.200;25310.50;;25310.50;1;BID;;;;;
20251107;061930.316;;25311.50;25311.50;2;ASK;;;;;
20251107;061930.316;;25311.50;25311.50;1;ASK;;;;;
20251107;061930.316;25310.50;;25310.50;2;BID;;;;;
20251107;061930.316;;25311.75;25311.75;1;ASK;;;;;
20251107;061930.316;25310.75;;25310.75;1;BID;;;;;
20251107;061930.316;25310.75;;25310.75;2;BID;;;;;
20251107;061930.320;;25311.50;25311.50;1;ASK;;;;;
20251107;061930.320;25310.75;;25310.75;1;BID;;;;;
20251107;061930.320;25310.50;;25310.50;3;BID;;;;;
20251107;061930.320;25310.50;;25310.50;2;BID;;;;;
20251107;061930.376;25310.75;;25310.75;1;BID;;;;;
20251107;061930.696;25310.50;;25310.50;2;BID;;;;;
20251107;061931.140;;25311.25;25311.25;1;ASK;;;;;
20251107;061931.140;25310.50;;25310.50;1;BID;;;;;
20251107;061931.140;25310.25;;25310.25;4;BID;;;;;
20251107;061931.140;25310.25;;25310.25;3;BID;;;;;
20251107;061931.176;25310.50;;25310.50;1;BID;;;;;
20251107;061931.280;25310.25;;25310.25;3;BID;;;;;
20251107;061931.300;;25311.00;25311.00;1;ASK;;;;;
20251107;061931.300;;25311.25;25311.25;1;ASK;;;;;
20251107;061931.360;;25311.00;25311.00;1;ASK;;;;;
20251107;061931.452;;25311.25;25311.25;1;ASK;;;;;
20251107;061931.456;;25311.00;25311.00;1;ASK;;;;;
20251107;061931.456;25310.25;;25310.25;1;BID;;;;;
20251107;061931.456;25310.25;;25310.25;2;BID;;;;;
20251107;061931.456;25310.25;;25310.25;2;BID;;;;;
20251107;061931.456;25310.00;;25310.00;2;BID;;;;;
20251107;061931.456;;25310.75;25310.75;1;ASK;;;;;
20251107;061931.456;25310.00;;25310.00;1;BID;;;;;
20251107;061931.456;25309.75;;25309.75;2;BID;;;;;
20251107;061931.456;25309.75;;25309.75;1;BID;;;;;
20251107;061931.456;;25310.50;25310.50;1;ASK;;;;;
20251107;061931.456;25309.50;;25309.50;2;BID;;;;;
20251107;061931.460;25309.50;;25309.50;1;BID;;;;;
20251107;061931.460;25309.50;;25309.50;2;BID;;;;;
20251107;061931.460;25309.75;;25309.75;1;BID;;;;;
20251107;061931.460;;25310.75;25310.75;1;ASK;;;;;
20251107;061931.460;;25311.00;25311.00;1;ASK;;;;;
20251107;061931.460;25310.00;;25310.00;1;BID;;;;;
20251107;061931.472;25310.25;;25310.25;1;BID;;;;;
20251107;061931.472;;25311.25;25311.25;1;ASK;;;;;
20251107;061931.472;;25311.25;25311.25;2;ASK;;;;;
20251107;061931.472;;25311.00;25311.00;1;ASK;;;;;
20251107;061931.472;25310.00;;25310.00;1;BID;;;;;
20251107;061931.716;25310.00;;25310.00;2;BID;;;;;
20251107;061931.716;25310.25;;25310.25;1;BID;;;;;
20251107;061931.716;;25311.25;25311.25;1;ASK;;;;;
20251107;061931.716;;25311.00;25311.00;1;ASK;;;;;
20251107;061931.716;25310.00;;25310.00;2;BID;;;;;
20251107;061931.724;25310.25;;25310.25;1;BID;;;;;
20251107;061931.724;;25311.25;25311.25;1;ASK;;;;;
20251107;061931.732;;25311.00;25311.00;1;ASK;;;;;
20251107;061931.736;;25311.25;25311.25;1;ASK;;;;;
20251107;061931.736;;25311.25;25311.25;2;ASK;;;;;
20251107;061931.736;;25311.00;25311.00;1;ASK;;;;;
20251107;061931.736;25310.00;;25310.00;4;BID;;;;;
20251107;061931.736;25310.00;;25310.00;3;BID;;;;;
20251107;061931.760;25310.25;;25310.25;1;BID;;;;;
20251107;061931.760;;25311.25;25311.25;1;ASK;;;;;
20251107;061931.792;;25311.25;25311.25;2;ASK;;;;;
20251107;061931.792;;25311.00;25311.00;1;ASK;;;;;
20251107;061931.792;25310.00;;25310.00;2;BID;;;;;
20251107;061932.468;;25310.75;25310.75;1;ASK;;;;;
20251107;061932.468;25310.00;;25310.00;1;BID;;;;;
20251107;061932.468;25309.75;;25309.75;2;BID;;;;;
20251107;061932.468;25309.75;;25309.75;1;BID;;;;;
20251107;061932.468;25310.00;;25310.00;1;BID;;;;;
20251107;061932.472;;25311.00;25311.00;1;ASK;;;;;
20251107;061932.648;;25310.75;25310.75;1;ASK;;;;;
20251107;061932.648;25309.75;;25309.75;1;BID;;;;;
20251107;061932.996;25310.00;;25310.00;1;BID;;;;;
20251107;061932.996;;25311.00;25311.00;1;ASK;;;;;
20251107;061933.004;;25310.75;25310.75;1;ASK;;;;;
20251107;061933.004;25309.75;;25309.75;1;BID;;;;;
20251107;061933.272;25309.75;;25309.75;2;BID;;;;;
20251107;061933.272;25310.00;;25310.00;1;BID;;;;;
20251107;061933.280;25310.00;;25310.00;1;BID;;;;;
20251107;061933.280;25309.75;;25309.75;2;BID;;;;;
20251107;061933.280;;25310.50;25310.50;1;ASK;;;;;
20251107;061933.280;25309.75;;25309.75;1;BID;;;;;
20251107;061933.280;25309.50;;25309.50;3;BID;;;;;
20251107;061933.280;25309.50;;25309.50;2;BID;;;;;
20251107;061933.280;25309.50;;25309.50;1;BID;;;;;
20251107;061933.284;25309.75;;25309.75;1;BID;;;;;
20251107;061933.376;25309.50;;25309.50;1;BID;;;;;
20251107;061933.720;25309.75;;25309.75;1;BID;;;;;
20251107;061933.720;;25310.75;25310.75;1;ASK;;;;;
20251107;061933.768;;25310.75;25310.75;1;ASK;;;;;
20251107;061933.768;;25311.00;25311.00;1;ASK;;;;;
20251107;061933.768;25310.00;;25310.00;1;BID;;;;;
20251107;061933.780;25310.25;;25310.25;1;BID;;;;;
20251107;061933.780;;25311.25;25311.25;2;ASK;;;;;
20251107;061933.780;;25311.25;25311.25;1;ASK;;;;;
20251107;061933.780;25310.50;;25310.50;1;BID;;;;;
20251107;061933.780;;25311.50;25311.50;2;ASK;;;;;
20251107;061933.784;;25311.25;25311.25;1;ASK;;;;;
20251107;061933.784;25310.25;;25310.25;1;BID;;;;;
20251107;061933.784;;25311.00;25311.00;1;ASK;;;;;
20251107;061933.784;;25310.75;25310.75;1;ASK;;;;;
20251107;061933.784;25310.00;;25310.00;1;BID;;;;;
20251107;061933.784;;25311.00;25311.00;1;ASK;;;;;
20251107;061933.784;;25310.75;25310.75;1;ASK;;;;;
20251107;061933.792;25310.00;;25310.00;2;BID;;;;;
20251107;061933.792;25310.25;;25310.25;1;BID;;;;;
20251107;061933.792;;25311.25;25311.25;1;ASK;;;;;
20251107;061933.836;;25311.00;25311.00;1;ASK;;;;;
20251107;061933.836;25310.00;;25310.00;2;BID;;;;;
20251107;061933.836;25310.00;;25310.00;1;BID;;;;;
20251107;061933.888;25310.25;;25310.25;1;BID;;;;;
20251107;061934.224;25310.00;;25310.00;1;BID;;;;;
20251107;061934.224;;25310.75;25310.75;1;ASK;;;;;
20251107;061934.224;25309.75;;25309.75;2;BID;;;;;
20251107;061934.224;25309.75;;25309.75;1;BID;;;;;
20251107;061934.260;25310.00;;25310.00;1;BID;;;;;
20251107;061934.260;;25311.00;25311.00;1;ASK;;;;;
20251107;061934.544;25310.00;;25310.00;1;BID;;;;;
20251107;061934.544;25309.75;;25309.75;1;BID;;;;;
20251107;061934.544;;25310.75;25310.75;1;ASK;;;;;
20251107;061934.544;25310.00;;25310.00;1;BID;;;;;
20251107;061934.544;;25311.00;25311.00;1;ASK;;;;;
20251107;061934.580;;25310.75;25310.75;1;ASK;;;;;
20251107;061934.580;25309.75;;25309.75;1;BID;;;;;
20251107;061934.652;25310.00;;25310.00;1;BID;;;;;
20251107;061934.652;;25311.00;25311.00;1;ASK;;;;;
20251107;061934.684;;25310.75;25310.75;1;ASK;;;;;
20251107;061934.684;25309.75;;25309.75;1;BID;;;;;
20251107;061934.720;25310.00;;25310.00;1;BID;;;;;
20251107;061934.720;;25311.00;25311.00;1;ASK;;;;;
20251107;061934.720;25310.25;;25310.25;1;BID;;;;;
20251107;061934.732;;25311.25;25311.25;1;ASK;;;;;
20251107;061934.896;;25311.00;25311.00;1;ASK;;;;;
20251107;061934.896;25310.00;;25310.00;1;BID;;;;;
20251107;061934.896;;25310.75;25310.75;1;ASK;;;;;
20251107;061934.900;25309.75;;25309.75;1;BID;;;;;
20251107;061934.900;;25310.50;25310.50;1;ASK;;;;;
20251107;061934.900;25309.50;;25309.50;3;BID;;;;;
20251107;061934.900;25309.50;;25309.50;2;BID;;;;;
20251107;061934.900;25309.50;;25309.50;1;BID;;;;;
20251107;061934.904;25309.75;;25309.75;1;BID;;;;;
20251107;061935.064;25309.50;;25309.50;1;BID;;;;;
20251107;061935.316;;25310.50;25310.50;2;ASK;;;;;
20251107;061935.316;;25310.25;25310.25;1;ASK;;;;;
20251107;061935.316;25309.25;;25309.25;3;BID;;;;;
20251107;061935.316;25309.25;;25309.25;2;BID;;;;;
20251107;061935.320;25309.25;;25309.25;1;BID;;;;;
20251107;061935.320;25309.50;;25309.50;1;BID;;;;;
20251107;061935.320;;25310.50;25310.50;1;ASK;;;;;
20251107;061936.656;25309.75;;25309.75;1;BID;;;;;
20251107;061936.656;;25310.75;25310.75;1;ASK;;;;;
20251107;061937.032;;25310.50;25310.50;1;ASK;;;;;
20251107;061937.032;25309.50;;25309.50;1;BID;;;;;
20251107;061937.032;;25310.25;25310.25;1;ASK;;;;;
20251107;061937.116;;25310.50;25310.50;1;ASK;;;;;
20251107;061937.116;25309.75;;25309.75;1;BID;;;;;
20251107;061937.116;;25310.75;25310.75;1;ASK;;;;;
20251107;061937.556;;25310.50;25310.50;1;ASK;;;;;
20251107;061937.556;25309.50;;25309.50;1;BID;;;;;
20251107;061937.556;;25310.25;25310.25;1;ASK;;;;;
20251107;061937.668;25309.25;;25309.25;2;BID;;;;;
20251107;061937.668;25309.25;;25309.25;1;BID;;;;;
20251107;061937.668;25309.50;;25309.50;1;BID;;;;;
20251107;061937.668;;25310.50;25310.50;1;ASK;;;;;
20251107;061937.764;25309.50;;25309.50;1;BID;;;;;
20251107;061937.764;25309.25;;25309.25;1;BID;;;;;
20251107;061937.764;;25310.25;25310.25;1;ASK;;;;;
20251107;061937.764;;25310.25;25310.25;2;ASK;;;;;
20251107;061937.764;;25310.25;25310.25;1;ASK;;;;;
20251107;061937.764;25309.50;;25309.50;1;BID;;;;;
20251107;061937.764;;25310.50;25310.50;1;ASK;;;;;
20251107;061937.784;;25310.50;25310.50;2;ASK;;;;;
20251107;061937.824;;25310.25;25310.25;1;ASK;;;;;
20251107;061937.824;25309.25;;25309.25;1;BID;;;;;
20251107;061937.876;;25310.50;25310.50;1;ASK;;;;;
20251107;061937.876;25309.50;;25309.50;1;BID;;;;;
20251107;061937.932;;25310.25;25310.25;1;ASK;;;;;
20251107;061937.932;25309.50;;25309.50;1;BID;;;;;
20251107;061937.932;25309.25;;25309.25;1;BID;;;;;
20251107;061937.932;;25310.00;25310.00;1;ASK;;;;;
20251107;061937.932;25309.25;;25309.25;1;BID;;;;;
20251107;061937.932;25309.00;;25309.00;1;BID;;;;;
20251107;061937.932;;25309.75;25309.75;1;ASK;;;;;
20251107;061937.932;25308.75;;25308.75;3;BID;;;;;
20251107;061937.932;25308.75;;25308.75;2;BID;;;;;
20251107;061937.932;25308.75;;25308.75;1;BID;;;;;
20251107;061937.932;25308.25;;25308.25;3;BID;;;;;
20251107;061937.932;25308.50;;25308.50;1;BID;;;;;
20251107;061937.932;25309.00;;25309.00;1;BID;;;;;
20251107;061937.932;;25310.00;25310.00;1;ASK;;;;;
20251107;061937.932;25308.75;;25308.75;1;BID;;;;;
20251107;061937.932;25308.75;;25308.75;2;BID;;;;;
20251107;061937.932;25308.75;;25308.75;1;BID;;;;;
20251107;061937.932;;25309.75;25309.75;1;ASK;;;;;
20251107;061937.932;25308.75;;25308.75;2;BID;;;;;
20251107;061937.936;25309.00;;25309.00;1;BID;;;;;
20251107;061937.936;25308.75;;25308.75;2;BID;;;;;
20251107;061938.008;;25309.50;25309.50;1;ASK;;;;;
20251107;061938.036;25309.00;;25309.00;1;BID;;;;;
20251107;061938.036;;25309.75;25309.75;1;ASK;;;;;
20251107;061938.036;;25310.00;25310.00;1;ASK;;;;;
20251107;061938.088;;25309.75;25309.75;1;ASK;;;;;
20251107;061938.088;25308.75;;25308.75;2;BID;;;;;
20251107;061938.416;;25309.50;25309.50;1;ASK;;;;;
20251107;061938.416;;25309.75;25309.75;1;ASK;;;;;
20251107;061938.660;25308.75;;25308.75;1;BID;;;;;
20251107;061938.660;;25309.50;25309.50;1;ASK;;;;;
20251107;061938.660;25308.50;;25308.50;1;BID;;;;;
20251107;061938.660;25308.25;;25308.25;3;BID;;;;;
20251107;061938.660;25308.25;;25308.25;2;BID;;;;;
20251107;061938.660;25308.50;;25308.50;1;BID;;;;;
20251107;061938.660;25308.75;;25308.75;1;BID;;;;;
20251107;061938.660;;25309.75;25309.75;1;ASK;;;;;
20251107;061938.828;25308.75;;25308.75;1;BID;;;;;
20251107;061938.828;25308.50;;25308.50;1;BID;;;;;
20251107;061938.828;;25309.50;25309.50;1;ASK;;;;;
20251107;061938.828;25308.25;;25308.25;3;BID;;;;;
20251107;061938.828;25308.25;;25308.25;2;BID;;;;;
20251107;061938.828;;25309.50;25309.50;2;ASK;;;;;
20251107;061938.828;25308.25;;25308.25;1;BID;;;;;
20251107;061938.828;25308.50;;25308.50;1;BID;;;;;
20251107;061938.828;;25309.50;25309.50;1;ASK;;;;;
20251107;061938.828;25308.25;;25308.25;1;BID;;;;;
20251107;061938.828;25308.75;;25308.75;1;BID;;;;;
20251107;061938.828;;25309.75;25309.75;1;ASK;;;;;
20251107;061938.836;25308.75;;25308.75;1;BID;;;;;
20251107;061938.836;25308.50;;25308.50;1;BID;;;;;
20251107;061938.836;;25309.50;25309.50;1;ASK;;;;;
20251107;061938.836;;25309.25;25309.25;1;ASK;;;;;
20251107;061938.836;25308.00;;25308.00;23;BID;;;;;
20251107;061938.836;25308.00;;25308.00;22;BID;;;;;
20251107;061938.836;25308.25;;25308.25;1;BID;;;;;
20251107;061938.836;;25309.50;25309.50;1;ASK;;;;;
20251107;061938.836;;25309.75;25309.75;1;ASK;;;;;
20251107;061938.836;25308.50;;25308.50;1;BID;;;;;
20251107;061938.836;;25309.50;25309.50;1;ASK;;;;;
20251107;061938.848;25308.75;;25308.75;1;BID;;;;;
20251107;061938.848;;25309.75;25309.75;1;ASK;;;;;
20251107;061938.848;;25309.75;25309.75;2;ASK;;;;;
20251107;061938.848;;25309.50;25309.50;1;ASK;;;;;
20251107;061938.848;25308.50;;25308.50;1;BID;;;;;
20251107;061938.852;;25309.25;25309.25;1;ASK;;;;;
20251107;061938.944;;25309.50;25309.50;1;ASK;;;;;
20251107;061938.996;;25309.25;25309.25;1;ASK;;;;;
20251107;061939.152;;25309.50;25309.50;1;ASK;;;;;
20251107;061939.260;;25309.25;25309.25;1;ASK;;;;;
20251107;061939.260;25308.25;;25308.25;3;BID;;;;;
20251107;061939.260;25308.25;;25308.25;2;BID;;;;;
20251107;061940.096;;25309.25;25309.25;1;ASK;;;;;
20251107;061940.096;;25309.50;25309.50;1;ASK;;;;;
20251107;061940.096;25308.50;;25308.50;1;BID;;;;;
20251107;061940.096;25308.50;;25308.50;2;BID;;;;;
20251107;061940.096;25308.50;;25308.50;1;BID;;;;;
20251107;061940.096;;25309.75;25309.75;2;ASK;;;;;
20251107;061940.096;;25309.75;25309.75;1;ASK;;;;;
20251107;061940.100;;25309.50;25309.50;1;ASK;;;;;
20251107;061940.112;25308.75;;25308.75;1;BID;;;;;
20251107;061940.112;;25309.75;25309.75;1;ASK;;;;;
20251107;061940.152;25308.50;;25308.50;1;BID;;;;;
20251107;061940.152;;25309.50;25309.50;1;ASK;;;;;
20251107;061940.152;;25309.50;25309.50;2;ASK;;;;;
20251107;061940.164;;25309.50;25309.50;1;ASK;;;;;
20251107;061940.164;25308.75;;25308.75;1;BID;;;;;
20251107;061940.164;;25309.75;25309.75;1;ASK;;;;;
20251107;061940.208;;25310.00;25310.00;1;ASK;;;;;
20251107;061940.208;25309.00;;25309.00;1;BID;;;;;
20251107;061940.208;;25309.75;25309.75;1;ASK;;;;;
20251107;061940.208;25308.75;;25308.75;1;BID;;;;;
20251107;061940.208;;25310.00;25310.00;1;ASK;;;;;
20251107;061940.208;25309.00;;25309.00;1;BID;;;;;
20251107;061940.208;25308.75;;25308.75;3;BID;;;;;
20251107;061940.208;25308.75;;25308.75;4;BID;;;;;
20251107;061940.208;25308.75;;25308.75;3;BID;;;;;
20251107;061940.208;25309.00;;25309.00;1;BID;;;;;
20251107;061940.208;25309.00;;25309.00;2;BID;;;;;
20251107;061940.208;25309.25;;25309.25;1;BID;;;;;
20251107;061940.208;;25310.25;25310.25;2;ASK;;;;;
20251107;061940.208;;25310.25;25310.25;1;ASK;;;;;
20251107;061940.208;;25310.50;25310.50;1;ASK;;;;;
20251107;061940.212;25309.50;;25309.50;1;BID;;;;;
20251107;061940.212;25309.25;;25309.25;2;BID;;;;;
20251107;061940.212;;25310.25;25310.25;1;ASK;;;;;
20251107;061940.216;;25310.25;25310.25;2;ASK;;;;;
20251107;061940.216;;25310.00;25310.00;1;ASK;;;;;
20251107;061940.216;25309.25;;25309.25;1;BID;;;;;
20251107;061940.216;25309.00;;25309.00;2;BID;;;;;
20251107;061940.216;;25309.75;25309.75;1;ASK;;;;;
20251107;061940.216;25309.00;;25309.00;1;BID;;;;;
20251107;061940.220;;25310.00;25310.00;1;ASK;;;;;
20251107;061940.220;25308.75;;25308.75;2;BID;;;;;
20251107;061940.220;25309.00;;25309.00;1;BID;;;;;
20251107;061940.220;25309.00;;25309.00;2;BID;;;;;
20251107;061940.220;;25310.25;25310.25;1;ASK;;;;;
20251107;061940.220;25309.25;;25309.25;1;BID;;;;;
20251107;061940.272;;25310.00;25310.00;1;ASK;;;;;
20251107;061940.272;25309.00;;25309.00;2;BID;;;;;
20251107;061940.416;25309.00;;25309.00;1;BID;;;;;
20251107;061940.416;25309.00;;25309.00;1;BID;;;;;
20251107;061940.416;;25309.75;25309.75;1;ASK;;;;;
20251107;061940.416;25308.75;;25308.75;3;BID;;;;;
20251107;061940.420;25308.75;;25308.75;2;BID;;;;;
20251107;061940.420;25309.00;;25309.00;1;BID;;;;;
20251107;061940.420;;25310.00;25310.00;1;ASK;;;;;
20251107;061940.460;25309.00;;25309.00;1;BID;;;;;
20251107;061940.464;25308.75;;25308.75;2;BID;;;;;
20251107;061940.464;;25309.75;25309.75;1;ASK;;;;;
20251107;061940.464;25308.75;;25308.75;1;BID;;;;;
20251107;061940.464;;25309.50;25309.50;1;ASK;;;;;
20251107;061940.464;25308.50;;25308.50;2;BID;;;;;
20251107;061940.464;25308.50;;25308.50;3;BID;;;;;
20251107;061940.464;25308.50;;25308.50;2;BID;;;;;
20251107;061940.464;25308.75;;25308.75;1;BID;;;;;
20251107;061940.468;;25309.75;25309.75;1;ASK;;;;;
20251107;061940.468;;25309.50;25309.50;1;ASK;;;;;
20251107;061940.468;;25309.75;25309.75;1;ASK;;;;;
20251107;061940.532;;25309.50;25309.50;1;ASK;;;;;
20251107;061940.532;25308.50;;25308.50;1;BID;;;;;
20251107;061940.532;;25309.25;25309.25;1;ASK;;;;;
20251107;061940.532;25308.25;;25308.25;4;BID;;;;;
20251107;061940.532;25308.25;;25308.25;3;BID;;;;;
20251107;061940.532;25308.25;;25308.25;2;BID;;;;;
20251107;061940.532;25308.50;;25308.50;1;BID;;;;;
20251107;061940.532;;25309.50;25309.50;1;ASK;;;;;
20251107;061940.532;25308.75;;25308.75;1;BID;;;;;
20251107;061940.532;;25309.75;25309.75;1;ASK;;;;;
20251107;061940.572;;25309.50;25309.50;1;ASK;;;;;
20251107;061940.572;25308.50;;25308.50;1;BID;;;;;
20251107;061940.600;25308.75;;25308.75;1;BID;;;;;
20251107;061940.600;;25309.75;25309.75;1;ASK;;;;;
20251107;061940.600;25308.50;;25308.50;1;BID;;;;;
20251107;061940.600;25308.75;;25308.75;1;BID;;;;;
20251107;061940.752;;25309.50;25309.50;1;ASK;;;;;
20251107;061940.752;25308.50;;25308.50;1;BID;;;;;
20251107;061940.752;;25309.25;25309.25;1;ASK;;;;;
20251107;061940.752;25308.75;;25308.75;1;BID;;;;;
20251107;061940.752;;25309.75;25309.75;1;ASK;;;;;
20251107;061940.752;;25310.00;25310.00;2;ASK;;;;;
20251107;061940.752;;25310.00;25310.00;1;ASK;;;;;
20251107;061940.756;;25309.75;25309.75;1;ASK;;;;;
20251107;061940.864;;25309.50;25309.50;1;ASK;;;;;
20251107;061940.864;25308.50;;25308.50;2;BID;;;;;
20251107;061940.864;;25309.75;25309.75;1;ASK;;;;;
20251107;061940.864;25308.75;;25308.75;1;BID;;;;;
20251107;061941.044;25308.75;;25308.75;2;BID;;;;;
20251107;061941.044;25309.00;;25309.00;1;BID;;;;;
20251107;061941.048;;25310.00;25310.00;1;ASK;;;;;
20251107;061941.308;;25310.00;25310.00;1;ASK;;;;;
20251107;061941.308;;25310.25;25310.25;2;ASK;;;;;
20251107;061941.308;25309.25;;25309.25;1;BID;;;;;
20251107;061941.308;;25310.25;25310.25;1;ASK;;;;;
20251107;061941.336;25309.50;;25309.50;1;BID;;;;;
20251107;061941.336;;25310.50;25310.50;2;ASK;;;;;
20251107;061941.336;;25310.50;25310.50;1;ASK;;;;;
20251107;061941.336;;25310.25;25310.25;1;ASK;;;;;
20251107;061941.336;;25310.50;25310.50;1;ASK;;;;;
20251107;061941.336;;25310.25;25310.25;1;ASK;;;;;
20251107;061941.340;25309.25;;25309.25;1;BID;;;;;
20251107;061941.388;25309.50;;25309.50;1;BID;;;;;
20251107;061941.388;;25310.50;25310.50;1;ASK;;;;;
20251107;061941.388;;25310.25;25310.25;1;ASK;;;;;
20251107;061941.444;25309.25;;25309.25;1;BID;;;;;
20251107;061941.444;;25310.50;25310.50;1;ASK;;;;;
20251107;061941.444;25309.50;;25309.50;1;BID;;;;;
20251107;061941.668;;25310.25;25310.25;1;ASK;;;;;
20251107;061941.668;25309.25;;25309.25;1;BID;;;;;
20251107;061941.668;25309.50;;25309.50;1;BID;;;;;
20251107;061941.668;;25310.50;25310.50;1;ASK;;;;;
20251107;061941.952;25309.25;;25309.25;1;BID;;;;;
20251107;061941.952;;25310.25;25310.25;1;ASK;;;;;
20251107;061941.952;25309.00;;25309.00;2;BID;;;;;
20251107;061941.952;;25310.00;25310.00;1;ASK;;;;;
20251107;061941.952;25309.00;;25309.00;1;BID;;;;;
20251107;061941.968;25309.00;;25309.00;2;BID;;;;;
20251107;061942.360;25309.25;;25309.25;1;BID;;;;;
20251107;061942.576;;25310.25;25310.25;1;ASK;;;;;
20251107;061942.780;;25310.00;25310.00;1;ASK;;;;;
20251107;061942.780;25309.00;;25309.00;2;BID;;;;;
20251107;061942.780;25309.00;;25309.00;1;BID;;;;;
20251107;061942.780;;25309.75;25309.75;1;ASK;;;;;
20251107;061942.780;25308.75;;25308.75;3;BID;;;;;
20251107;061942.780;25308.75;;25308.75;2;BID;;;;;
20251107;061942.780;25309.00;;25309.00;1;BID;;;;;
20251107;061942.780;;25310.00;25310.00;1;ASK;;;;;
20251107;061942.816;;25309.75;25309.75;1;ASK;;;;;
20251107;061942.820;25309.25;;25309.25;1;BID;;;;;
20251107;061942.820;;25310.00;25310.00;1;ASK;;;;;
20251107;061942.820;;25310.25;25310.25;1;ASK;;;;;
20251107;061942.824;25309.50;;25309.50;1;BID;;;;;
20251107;061942.824;;25310.50;25310.50;2;ASK;;;;;
20251107;061942.824;25309.25;;25309.25;1;BID;;;;;
20251107;061942.824;;25310.50;25310.50;1;ASK;;;;;
20251107;061942.824;;25310.25;25310.25;1;ASK;;;;;
20251107;061942.828;25309.25;;25309.25;2;BID;;;;;
20251107;061942.828;25309.50;;25309.50;1;BID;;;;;
20251107;061942.828;;25310.50;25310.50;1;ASK;;;;;
20251107;061942.836;;25310.25;25310.25;1;ASK;;;;;
20251107;061942.836;;25310.50;25310.50;1;ASK;;;;;
20251107;061942.840;25309.75;;25309.75;1;BID;;;;;
20251107;061942.840;;25310.75;25310.75;1;ASK;;;;;
20251107;061942.940;25310.00;;25310.00;1;BID;;;;;
20251107;061943.072;;25310.50;25310.50;1;ASK;;;;;
20251107;061943.072;25310.00;;25310.00;1;BID;;;;;
20251107;061943.072;25309.50;;25309.50;1;BID;;;;;
20251107;061943.072;;25310.25;25310.25;1;ASK;;;;;
20251107;061943.072;25309.25;;25309.25;4;BID;;;;;
20251107;061943.072;;25310.50;25310.50;1;ASK;;;;;
20251107;061943.072;25309.25;;25309.25;3;BID;;;;;
20251107;061943.072;25309.50;;25309.50;1;BID;;;;;
20251107;061943.076;;25310.50;25310.50;2;ASK;;;;;
20251107;061943.204;;25310.25;25310.25;1;ASK;;;;;
20251107;061943.204;25309.25;;25309.25;2;BID;;;;;
20251107;061943.204;25309.25;;25309.25;1;BID;;;;;
20251107;061943.204;25309.00;;25309.00;2;BID;;;;;
20251107;061943.204;25309.00;;25309.00;1;BID;;;;;
20251107;061943.204;;25310.00;25310.00;1;ASK;;;;;
20251107;061943.204;25309.25;;25309.25;1;BID;;;;;
20251107;061943.288;25309.00;;25309.00;1;BID;;;;;
20251107;061943.304;25309.00;;25309.00;2;BID;;;;;
20251107;061943.304;25309.25;;25309.25;1;BID;;;;;
20251107;061943.344;;25310.25;25310.25;1;ASK;;;;;
20251107;061943.344;;25310.25;25310.25;2;ASK;;;;;
20251107;061943.344;25309.00;;25309.00;1;BID;;;;;
20251107;061943.344;;25310.25;25310.25;1;ASK;;;;;
20251107;061943.344;;25310.00;25310.00;1;ASK;;;;;
20251107;061943.344;25309.00;;25309.00;2;BID;;;;;
20251107;061943.344;25309.25;;25309.25;1;BID;;;;;
20251107;061943.344;;25310.25;25310.25;1;ASK;;;;;
20251107;061943.344;;25310.25;25310.25;2;ASK;;;;;
20251107;061943.668;;25310.00;25310.00;1;ASK;;;;;
20251107;061943.668;25309.00;;25309.00;1;BID;;;;;
20251107;061943.668;;25309.75;25309.75;1;ASK;;;;;
20251107;061943.668;25308.75;;25308.75;3;BID;;;;;
20251107;061943.668;25308.75;;25308.75;2;BID;;;;;
20251107;061943.668;25308.75;;25308.75;1;BID;;;;;
20251107;061943.676;25309.00;;25309.00;1;BID;;;;;
20251107;061943.676;;25310.00;25310.00;1;ASK;;;;;
20251107;061943.676;;25310.00;25310.00;2;ASK;;;;;
20251107;061943.676;;25310.00;25310.00;1;ASK;;;;;
20251107;061943.804;;25309.75;25309.75;1;ASK;;;;;
20251107;061943.828;25308.75;;25308.75;1;BID;;;;;
20251107;061943.888;25309.00;;25309.00;1;BID;;;;;
20251107;061943.888;;25310.00;25310.00;1;ASK;;;;;
20251107;061943.888;;25310.00;25310.00;2;ASK;;;;;
20251107;061943.892;;25309.75;25309.75;1;ASK;;;;;
20251107;061943.892;;25309.75;25309.75;2;ASK;;;;;
20251107;061943.940;25308.75;;25308.75;1;BID;;;;;
20251107;061944.272;25308.75;;25308.75;2;BID;;;;;
20251107;061944.272;25309.00;;25309.00;1;BID;;;;;
20251107;061944.416;;25309.75;25309.75;1;ASK;;;;;
20251107;061944.416;;25309.75;25309.75;1;ASK;;;;;
20251107;061944.416;;25310.00;25310.00;1;ASK;;;;;
20251107;061944.416;;25310.25;25310.25;1;ASK;;;;;
20251107;061944.416;;25310.50;25310.50;1;ASK;;;;;
20251107;061944.416;;25310.50;25310.50;1;ASK;;;;;
20251107;061944.416;;25310.75;25310.75;1;ASK;;;;;
20251107;061944.416;25309.25;;25309.25;1;BID;;;;;
20251107;061944.416;25309.25;;25309.25;2;BID;;;;;
20251107;061944.416;25309.25;;25309.25;3;BID;;;;;
20251107;061944.416;;25310.75;25310.75;2;ASK;;;;;
20251107;061944.416;;25310.75;25310.75;3;ASK;;;;;
20251107;061944.416;25309.25;;25309.25;4;BID;;;;;
20251107;061944.416;;25310.75;25310.75;2;ASK;;;;;
20251107;061944.416;25309.50;;25309.50;1;BID;;;;;
20251107;061944.420;;25310.50;25310.50;1;ASK;;;;;
20251107;061944.420;25309.75;;25309.75;1;BID;;;;;
20251107;061944.420;25309.50;;25309.50;1;BID;;;;;
20251107;061944.420;;25310.75;25310.75;2;ASK;;;;;
20251107;061944.420;25309.75;;25309.75;1;BID;;;;;
20251107;061944.420;;25310.50;25310.50;1;ASK;;;;;
20251107;061944.420;25309.50;;25309.50;1;BID;;;;;
20251107;061944.436;25309.50;;25309.50;2;BID;;;;;
20251107;061944.436;25309.75;;25309.75;1;BID;;;;;
20251107;061944.436;;25310.75;25310.75;2;ASK;;;;;
20251107;061944.484;;25310.50;25310.50;1;ASK;;;;;
20251107;061944.484;25309.50;;25309.50;1;BID;;;;;
20251107;061944.484;;25310.25;25310.25;1;ASK;;;;;
20251107;061944.484;25309.25;;25309.25;4;BID;;;;;
20251107;061944.484;25309.25;;25309.25;3;BID;;;;;
20251107;061944.488;25309.50;;25309.50;1;BID;;;;;
20251107;061944.488;;25310.50;25310.50;1;ASK;;;;;
20251107;061944.528;25309.75;;25309.75;1;BID;;;;;
20251107;061944.528;;25310.75;25310.75;2;ASK;;;;;
20251107;061944.552;;25310.50;25310.50;1;ASK;;;;;
20251107;061944.552;25309.50;;25309.50;1;BID;;;;;
20251107;061944.580;25309.75;;25309.75;1;BID;;;;;
20251107;061944.672;25309.50;;25309.50;1;BID;;;;;
20251107;061944.688;25309.75;;25309.75;1;BID;;;;;
20251107;061944.688;;25310.75;25310.75;2;ASK;;;;;
20251107;061944.740;25309.50;;25309.50;1;BID;;;;;
20251107;061944.740;;25310.50;25310.50;1;ASK;;;;;
20251107;061944.792;25309.75;;25309.75;1;BID;;;;;
20251107;061944.816;25309.50;;25309.50;1;BID;;;;;
20251107;061944.844;25309.75;;25309.75;1;BID;;;;;
20251107;061944.860;25309.50;;25309.50;1;BID;;;;;
20251107;061944.900;25309.75;;25309.75;1;BID;;;;;
20251107;061944.952;25309.50;;25309.50;1;BID;;;;;
20251107;061944.968;25309.50;;25309.50;1;BID;;;;;
20251107;061944.968;25309.25;;25309.25;4;BID;;;;;
20251107;061944.968;;25310.25;25310.25;1;ASK;;;;;
20251107;061944.968;25309.25;;25309.25;3;BID;;;;;
20251107;061944.968;25309.25;;25309.25;2;BID;;;;;
20251107;061944.968;25309.25;;25309.25;1;BID;;;;;
20251107;061944.968;25309.00;;25309.00;3;BID;;;;;
20251107;061944.968;;25310.00;25310.00;1;ASK;;;;;
20251107;061944.968;25309.00;;25309.00;2;BID;;;;;
20251107;061944.968;;25310.25;25310.25;1;ASK;;;;;
20251107;061944.968;25309.00;;25309.00;1;BID;;;;;
20251107;061944.968;;25310.00;25310.00;1;ASK;;;;;
20251107;061944.984;;25309.75;25309.75;1;ASK;;;;;
20251107;061944.984;25308.75;;25308.75;2;BID;;;;;
20251107;061944.984;25308.75;;25308.75;1;BID;;;;;
20251107;061944.984;25309.00;;25309.00;1;BID;;;;;
20251107;061944.984;;25310.00;25310.00;1;ASK;;;;;
20251107;061944.992;25308.75;;25308.75;1;BID;;;;;
20251107;061944.992;;25309.75;25309.75;1;ASK;;;;;
20251107;061944.996;25309.00;;25309.00;1;BID;;;;;
20251107;061944.996;;25310.00;25310.00;1;ASK;;;;;
20251107;061944.996;;25309.75;25309.75;1;ASK;;;;;
20251107;061944.996;25308.75;;25308.75;1;BID;;;;;
20251107;061945.000;25309.00;;25309.00;1;BID;;;;;
20251107;061945.000;;25310.00;25310.00;1;ASK;;;;;
20251107;061945.376;25309.00;;25309.00;1;BID;;;;;
20251107;061945.376;25308.75;;25308.75;1;BID;;;;;
20251107;061945.376;;25309.75;25309.75;1;ASK;;;;;
20251107;061945.376;25308.50;;25308.50;3;BID;;;;;
20251107;061945.376;;25309.75;25309.75;2;ASK;;;;;
20251107;061945.376;25308.50;;25308.50;2;BID;;;;;
20251107;061945.376;;25309.75;25309.75;1;ASK;;;;;
20251107;061945.376;25308.75;;25308.75;1;BID;;;;;
20251107;061945.376;25309.00;;25309.00;1;BID;;;;;
20251107;061945.376;;25310.00;25310.00;1;ASK;;;;;
20251107;061945.432;;25309.75;25309.75;1;ASK;;;;;
20251107;061945.432;25308.75;;25308.75;1;BID;;;;;
20251107;061945.448;;25310.00;25310.00;1;ASK;;;;;
20251107;061945.448;25309.00;;25309.00;1;BID;;;;;
20251107;061945.848;;25309.75;25309.75;1;ASK;;;;;
20251107;061945.848;25308.75;;25308.75;1;BID;;;;;
20251107;061946.516;25308.75;;25308.75;1;BID;;;;;
20251107;061946.516;25308.50;;25308.50;3;BID;;;;;
20251107;061946.516;;25309.50;25309.50;1;ASK;;;;;
20251107;061946.516;25308.50;;25308.50;2;BID;;;;;
20251107;061946.516;;25309.50;25309.50;2;ASK;;;;;
20251107;061946.516;25308.50;;25308.50;1;BID;;;;;
20251107;061946.516;;25309.50;25309.50;1;ASK;;;;;
20251107;061946.544;;25309.25;25309.25;1;ASK;;;;;
20251107;061946.544;25308.25;;25308.25;1;BID;;;;;
20251107;061946.580;;25309.50;25309.50;1;ASK;;;;;
20251107;061946.600;;25309.25;25309.25;1;ASK;;;;;
20251107;061946.672;;25309.50;25309.50;1;ASK;;;;;
20251107;061946.692;;25309.50;25309.50;2;ASK;;;;;
20251107;061946.692;;25309.25;25309.25;1;ASK;;;;;
20251107;061946.692;;25309.25;25309.25;2;ASK;;;;;
20251107;061946.692;;25309.25;25309.25;1;ASK;;;;;
20251107;061946.704;25308.25;;25308.25;2;BID;;;;;
20251107;061946.704;25308.50;;25308.50;1;BID;;;;;
20251107;061946.704;;25309.50;25309.50;1;ASK;;;;;
20251107;061946.704;;25309.75;25309.75;1;ASK;;;;;
20251107;061946.704;25308.75;;25308.75;1;BID;;;;;
20251107;061946.704;25308.50;;25308.50;1;BID;;;;;
20251107;061946.704;;25309.50;25309.50;1;ASK;;;;;
20251107;061946.704;;25309.75;25309.75;1;ASK;;;;;
20251107;061946.704;25308.50;;25308.50;2;BID;;;;;
20251107;061946.708;25308.75;;25308.75;1;BID;;;;;
20251107;061946.716;;25309.50;25309.50;1;ASK;;;;;
20251107;061946.716;25308.50;;25308.50;2;BID;;;;;
20251107;061946.716;;25309.75;25309.75;1;ASK;;;;;
20251107;061946.716;25308.75;;25308.75;1;BID;;;;;
20251107;061946.716;;25309.75;25309.75;2;ASK;;;;;
20251107;061946.720;;25309.50;25309.50;1;ASK;;;;;
20251107;061946.720;25308.50;;25308.50;2;BID;;;;;
20251107;061946.788;25308.75;;25308.75;1;BID;;;;;
20251107;061946.788;;25309.75;25309.75;1;ASK;;;;;
20251107;061946.796;25309.00;;25309.00;1;BID;;;;;
20251107;061946.796;;25310.00;25310.00;1;ASK;;;;;
20251107;061946.796;;25309.75;25309.75;1;ASK;;;;;
20251107;061946.796;25308.75;;25308.75;1;BID;;;;;
20251107;061946.940;25308.75;;25308.75;1;BID;;;;;
20251107;061946.940;25308.50;;25308.50;4;BID;;;;;
20251107;061946.940;;25309.50;25309.50;1;ASK;;;;;
20251107;061946.940;25308.50;;25308.50;3;BID;;;;;
20251107;061946.940;;25309.50;25309.50;2;ASK;;;;;
20251107;061946.940;25308.50;;25308.50;2;BID;;;;;
20251107;061946.940;;25309.50;25309.50;1;ASK;;;;;
20251107;061946.940;25308.50;;25308.50;1;BID;;;;;
20251107;061946.944;25308.75;;25308.75;1;BID;;;;;
20251107;061946.944;;25309.75;25309.75;1;ASK;;;;;
20251107;061946.972;;25309.50;25309.50;1;ASK;;;;;
20251107;061946.972;25308.50;;25308.50;1;BID;;;;;
20251107;061947.132;;25309.75;25309.75;1;ASK;;;;;
20251107;061947.132;25308.75;;25308.75;1;BID;;;;;
20251107;061947.188;;25309.50;25309.50;1;ASK;;;;;
20251107;061947.188;25308.50;;25308.50;1;BID;;;;;
20251107;061947.244;;25309.75;25309.75;1;ASK;;;;;
20251107;061947.244;25308.75;;25308.75;1;BID;;;;;
20251107;061947.292;;25309.50;25309.50;1;ASK;;;;;
20251107;061947.292;25308.50;;25308.50;1;BID;;;;;
20251107;061947.344;;25309.75;25309.75;1;ASK;;;;;
20251107;061947.372;25308.75;;25308.75;1;BID;;;;;
20251107;061947.372;;25309.50;25309.50;1;ASK;;;;;
20251107;061947.372;25308.25;;25308.25;1;BID;;;;;
20251107;061947.372;;25309.75;25309.75;1;ASK;;;;;
20251107;061947.372;25308.25;;25308.25;2;BID;;;;;
20251107;061947.372;25308.25;;25308.25;3;BID;;;;;
20251107;061947.372;25308.50;;25308.50;1;BID;;;;;
20251107;061947.372;25308.50;;25308.50;2;BID;;;;;
20251107;061947.372;25308.75;;25308.75;1;BID;;;;;
20251107;061947.400;;25309.50;25309.50;1;ASK;;;;;
20251107;061947.416;25308.50;;25308.50;4;BID;;;;;
20251107;061947.416;25308.50;;25308.50;3;BID;;;;;
20251107;061947.416;;25309.75;25309.75;1;ASK;;;;;
20251107;061947.452;;25309.50;25309.50;1;ASK;;;;;
20251107;061947.508;;25309.75;25309.75;1;ASK;;;;;
20251107;061947.540;25308.75;;25308.75;1;BID;;;;;
20251107;061947.540;25308.50;;25308.50;2;BID;;;;;
20251107;061947.540;;25309.50;25309.50;1;ASK;;;;;
20251107;061947.592;25308.75;;25308.75;1;BID;;;;;
20251107;061947.592;;25309.75;25309.75;1;ASK;;;;;
20251107;061947.776;25309.00;;25309.00;1;BID;;;;;
20251107;061947.776;;25310.00;25310.00;1;ASK;;;;;
20251107;061947.820;25309.25;;25309.25;1;BID;;;;;
20251107;061947.820;;25310.25;25310.25;2;ASK;;;;;
20251107;061947.820;;25310.25;25310.25;1;ASK;;;;;
20251107;061947.820;;25310.00;25310.00;1;ASK;;;;;
20251107;061947.820;25309.00;;25309.00;2;BID;;;;;
20251107;061947.836;25309.00;;25309.00;1;BID;;;;;
20251107;061947.836;;25309.75;25309.75;1;ASK;;;;;
20251107;061947.836;25308.75;;25308.75;1;BID;;;;;
20251107;061947.836;25308.75;;25308.75;2;BID;;;;;
20251107;061947.840;;25310.00;25310.00;1;ASK;;;;;
20251107;061947.840;25309.00;;25309.00;1;BID;;;;;
20251107;061947.920;25309.00;;25309.00;1;BID;;;;;
20251107;061947.920;25308.75;;25308.75;2;BID;;;;;
20251107;061947.920;;25309.75;25309.75;1;ASK;;;;;
20251107;061947.924;;25309.75;25309.75;2;ASK;;;;;
20251107;061947.924;25308.75;;25308.75;1;BID;;;;;
20251107;061947.932;;25309.75;25309.75;1;ASK;;;;;
20251107;061947.948;;25310.00;25310.00;1;ASK;;;;;
20251107;061947.948;25309.00;;25309.00;1;BID;;;;;
20251107;061947.976;;25309.75;25309.75;1;ASK;;;;;
20251107;061947.976;25308.75;;25308.75;1;BID;;;;;
20251107;061947.992;25308.75;;25308.75;2;BID;;;;;
20251107;061947.992;;25310.00;25310.00;1;ASK;;;;;
20251107;061947.992;25309.00;;25309.00;1;BID;;;;;
20251107;061947.992;;25310.25;25310.25;2;ASK;;;;;
20251107;061947.992;;25310.25;25310.25;1;ASK;;;;;
20251107;061947.992;25309.25;;25309.25;1;BID;;;;;
20251107;061948.008;;25310.25;25310.25;2;ASK;;;;;
20251107;061948.008;;25310.00;25310.00;1;ASK;;;;;
20251107;061948.008;25309.00;;25309.00;1;BID;;;;;
20251107;061948.008;;25309.75;25309.75;1;ASK;;;;;
20251107;061948.008;25308.75;;25308.75;2;BID;;;;;
20251107;061948.052;;25310.00;25310.00;1;ASK;;;;;
20251107;061948.052;25309.00;;25309.00;1;BID;;;;;
20251107;061948.052;;25310.25;25310.25;3;ASK;;;;;
20251107;061948.052;25309.25;;25309.25;1;BID;;;;;
20251107;061948.052;;25310.25;25310.25;2;ASK;;;;;
20251107;061948.052;;25310.25;25310.25;1;ASK;;;;;
20251107;061948.052;;25310.50;25310.50;3;ASK;;;;;
20251107;061948.052;25309.25;;25309.25;2;BID;;;;;
20251107;061948.052;25309.50;;25309.50;1;BID;;;;;
20251107;061948.052;25309.25;;25309.25;3;BID;;;;;
20251107;061948.056;;25310.50;25310.50;2;ASK;;;;;
20251107;061948.056;25309.25;;25309.25;2;BID;;;;;
20251107;061948.056;;25310.25;25310.25;1;ASK;;;;;
20251107;061948.056;25309.50;;25309.50;1;BID;;;;;
20251107;061948.056;;25310.50;25310.50;2;ASK;;;;;
20251107;061948.056;25309.75;;25309.75;1;BID;;;;;
20251107;061948.056;25309.50;;25309.50;1;BID;;;;;
20251107;061948.060;25309.50;;25309.50;2;BID;;;;;
20251107;061948.060;25309.75;;25309.75;1;BID;;;;;
20251107;061948.060;;25310.50;25310.50;1;ASK;;;;;
20251107;061948.144;25309.50;;25309.50;2;BID;;;;;
20251107;061948.260;25309.75;;25309.75;1;BID;;;;;
20251107;061948.452;25309.50;;25309.50;2;BID;;;;;
20251107;061948.504;;25310.25;25310.25;1;ASK;;;;;
20251107;061948.504;25309.50;;25309.50;1;BID;;;;;
20251107;061948.504;25309.25;;25309.25;4;BID;;;;;
20251107;061948.504;25309.25;;25309.25;3;BID;;;;;
20251107;061948.504;25309.25;;25309.25;2;BID;;;;;
20251107;061948.504;25309.25;;25309.25;1;BID;;;;;
20251107;061948.504;;25310.00;25310.00;1;ASK;;;;;
20251107;061948.504;25309.00;;25309.00;2;BID;;;;;
20251107;061948.504;25309.00;;25309.00;1;BID;;;;;
20251107;061948.504;25309.25;;25309.25;1;BID;;;;;
20251107;061948.504;;25310.25;25310.25;1;ASK;;;;;
20251107;061948.504;25309.50;;25309.50;1;BID;;;;;
20251107;061948.504;25309.25;;25309.25;1;BID;;;;;
20251107;061948.672;25309.25;;25309.25;1;BID;;;;;
20251107;061948.672;25309.00;;25309.00;2;BID;;;;;
20251107;061948.672;;25310.00;25310.00;1;ASK;;;;;
20251107;061948.672;25309.00;;25309.00;1;BID;;;;;
20251107;061948.672;;25310.00;25310.00;2;ASK;;;;;
20251107;061948.672;;25309.75;25309.75;1;ASK;;;;;
20251107;061948.672;25308.75;;25308.75;4;BID;;;;;
20251107;061948.672;25308.75;;25308.75;3;BID;;;;;
20251107;061948.672;25308.75;;25308.75;2;BID;;;;;
20251107;061948.672;25309.00;;25309.00;1;BID;;;;;
20251107;061948.672;25308.75;;25308.75;2;BID;;;;;
20251107;061948.672;;25310.00;25310.00;2;ASK;;;;;
20251107;061948.672;;25310.00;25310.00;1;ASK;;;;;
20251107;061948.672;25309.00;;25309.00;1;BID;;;;;
20251107;061949.024;;25309.75;25309.75;1;ASK;;;;;
20251107;061949.024;25308.75;;25308.75;2;BID;;;;;
20251107;061949.024;25308.75;;25308.75;1;BID;;;;;
20251107;061949.136;25308.75;;25308.75;2;BID;;;;;
20251107;061949.136;25308.75;;25308.75;3;BID;;;;;
20251107;061949.136;25309.00;;25309.00;1;BID;;;;;
20251107;061949.136;25309.00;;25309.00;2;BID;;;;;
20251107;061949.136;;25310.00;25310.00;1;ASK;;;;;
20251107;061949.140;25309.25;;25309.25;1;BID;;;;;
20251107;061949.140;;25310.25;25310.25;1;ASK;;;;;
20251107;061949.140;25309.00;;25309.00;2;BID;;;;;
20251107;061949.140;;25310.00;25310.00;1;ASK;;;;;
20251107;061949.140;25309.00;;25309.00;1;BID;;;;;
20251107;061949.140;;25309.75;25309.75;1;ASK;;;;;
20251107;061949.140;25308.75;;25308.75;3;BID;;;;;
20251107;061949.140;25309.00;;25309.00;1;BID;;;;;
20251107;061949.140;;25310.25;25310.25;1;ASK;;;;;
20251107;061949.140;25309.25;;25309.25;1;BID;;;;;
20251107;061949.140;;25310.00;25310.00;1;ASK;;;;;
20251107;061949.140;25309.00;;25309.00;1;BID;;;;;
20251107;061949.140;;25309.75;25309.75;1;ASK;;;;;
20251107;061949.140;25308.75;;25308.75;3;BID;;;;;
20251107;061949.332;25308.75;;25308.75;1;BID;;;;;
20251107;061949.332;25308.75;;25308.75;2;BID;;;;;
20251107;061949.332;;25309.50;25309.50;1;ASK;;;;;
20251107;061949.332;25308.75;;25308.75;1;BID;;;;;
20251107;061949.332;25308.50;;25308.50;4;BID;;;;;
20251107;061949.332;25308.50;;25308.50;3;BID;;;;;
20251107;061949.332;25308.75;;25308.75;1;BID;;;;;
20251107;061949.332;;25309.75;25309.75;1;ASK;;;;;
20251107;061949.332;;25310.00;25310.00;1;ASK;;;;;
20251107;061949.332;25309.00;;25309.00;1;BID;;;;;
20251107;061949.356;;25309.75;25309.75;1;ASK;;;;;
20251107;061949.356;25308.75;;25308.75;1;BID;;;;;
20251107;061949.356;;25309.75;25309.75;2;ASK;;;;;
20251107;061949.368;;25309.50;25309.50;1;ASK;;;;;
20251107;061949.368;;25309.75;25309.75;1;ASK;;;;;
20251107;061949.388;25309.00;;25309.00;1;BID;;;;;
20251107;061949.388;;25310.00;25310.00;1;ASK;;;;;
20251107;061949.404;;25309.75;25309.75;1;ASK;;;;;
20251107;061949.404;;25309.50;25309.50;1;ASK;;;;;
20251107;061949.404;25308.75;;25308.75;1;BID;;;;;
20251107;061949.420;;25309.75;25309.75;1;ASK;;;;;
20251107;061949.420;25308.75;;25308.75;2;BID;;;;;
20251107;061949.420;25309.00;;25309.00;1;BID;;;;;
20251107;061949.452;25308.75;;25308.75;2;BID;;;;;
20251107;061949.452;;25309.50;25309.50;1;ASK;;;;;
20251107;061949.460;;25309.75;25309.75;1;ASK;;;;;
20251107;061949.460;25309.00;;25309.00;1;BID;;;;;
20251107;061949.460;;25310.00;25310.00;1;ASK;;;;;
20251107;061949.476;;25310.00;25310.00;2;ASK;;;;;
20251107;061949.476;;25309.75;25309.75;1;ASK;;;;;
20251107;061949.476;25308.75;;25308.75;2;BID;;;;;
20251107;061950.056;25308.75;;25308.75;1;BID;;;;;
20251107;061950.056;25308.75;;25308.75;1;BID;;;;;
20251107;061950.056;;25309.50;25309.50;1;ASK;;;;;
20251107;061950.056;25308.50;;25308.50;3;BID;;;;;
20251107;061950.056;;25309.50;25309.50;2;ASK;;;;;
20251107;061950.056;25308.50;;25308.50;2;BID;;;;;
20251107;061950.056;;25309.50;25309.50;1;ASK;;;;;
20251107;061950.056;25308.75;;25308.75;1;BID;;;;;
20251107;061950.056;;25309.50;25309.50;2;ASK;;;;;
20251107;061950.056;;25309.50;25309.50;1;ASK;;;;;
20251107;061950.056;25308.50;;25308.50;2;BID;;;;;
20251107;061950.188;25308.75;;25308.75;1;BID;;;;;
20251107;061950.428;25308.75;;25308.75;1;BID;;;;;
20251107;061950.428;25308.50;;25308.50;1;BID;;;;;
20251107;061950.428;25308.50;;25308.50;5;BID;;;;;
20251107;061950.428;25308.50;;25308.50;4;BID;;;;;
20251107;061950.428;25308.50;;25308.50;3;BID;;;;;
20251107;061950.428;25308.50;;25308.50;2;BID;;;;;
20251107;061950.432;25308.50;;25308.50;1;BID;;;;;
20251107;061951.600;25308.50;;25308.50;2;BID;;;;;
20251107;061951.600;25308.50;;25308.50;3;BID;;;;;
20251107;061951.600;25308.50;;25308.50;4;BID;;;;;
20251107;061951.676;25308.75;;25308.75;1;BID;;;;;
20251107;061951.676;25308.75;;25308.75;2;BID;;;;;
20251107;061951.676;25308.75;;25308.75;3;BID;;;;;
20251107;061951.680;25308.75;;25308.75;2;BID;;;;;
20251107;061951.900;25308.75;;25308.75;1;BID;;;;;
20251107;061951.900;25308.50;;25308.50;4;BID;;;;;
20251107;061951.900;25308.50;;25308.50;3;BID;;;;;
20251107;061951.900;25308.50;;25308.50;2;BID;;;;;
20251107;061951.900;25308.50;;25308.50;3;BID;;;;;
20251107;061952.028;25308.50;;25308.50;2;BID;;;;;
20251107;061952.028;;25309.25;25309.25;1;ASK;;;;;
20251107;061952.028;25308.50;;25308.50;1;BID;;;;;
20251107;061952.152;;25309.00;25309.00;1;ASK;;;;;
20251107;061952.152;;25309.25;25309.25;1;ASK;;;;;
20251107;061952.204;;25309.25;25309.25;2;ASK;;;;;
20251107;061952.228;;25309.00;25309.00;1;ASK;;;;;
20251107;061952.676;;25309.25;25309.25;2;ASK;;;;;
20251107;061952.912;;25309.00;25309.00;1;ASK;;;;;
20251107;061952.912;;25309.25;25309.25;2;ASK;;;;;
20251107;061952.936;;25309.25;25309.25;1;ASK;;;;;
20251107;061953.572;25308.50;;25308.50;2;BID;;;;;
20251107;061953.832;;25308.75;25308.75;1;ASK;;;;;
20251107;061953.832;;25308.75;25308.75;1;ASK;;;;;
20251107;061953.832;;25309.25;25309.25;1;ASK;;;;;
20251107;061953.832;25308.50;;25308.50;1;BID;;;;;
20251107;061954.096;;25309.00;25309.00;1;ASK;;;;;
20251107;061954.096;25308.50;;25308.50;1;BID;;;;;
20251107;061954.096;25308.25;;25308.25;5;BID;;;;;
20251107;061954.096;;25308.75;25308.75;1;ASK;;;;;
20251107;061954.096;25308.25;;25308.25;4;BID;;;;;
20251107;061954.096;25308.25;;25308.25;3;BID;;;;;
20251107;061954.096;25308.25;;25308.25;2;BID;;;;;
20251107;061954.096;25308.25;;25308.25;1;BID;;;;;
20251107;061954.096;25308.00;;25308.00;21;BID;;;;;
20251107;061954.096;;25309.00;25309.00;1;ASK;;;;;
20251107;061954.096;;25308.50;25308.50;1;ASK;;;;;
20251107;061954.096;;25309.00;25309.00;1;ASK;;;;;
20251107;061954.096;;25309.00;25309.00;2;ASK;;;;;
20251107;061954.096;;25309.00;25309.00;3;ASK;;;;;
20251107;061954.096;;25308.75;25308.75;1;ASK;;;;;
20251107;061954.096;;25308.50;25308.50;1;ASK;;;;;
20251107;061954.100;;25308.75;25308.75;1;ASK;;;;;
20251107;061954.148;;25308.75;25308.75;2;ASK;;;;;
20251107;061954.148;;25308.50;25308.50;1;ASK;;;;;
20251107;061954.148;25308.00;;25308.00;1;BID;;;;;
20251107;061954.148;25308.00;;25308.00;20;BID;;;;;
20251107;061954.148;25308.00;;25308.00;2;BID;;;;;
20251107;061954.148;25308.00;;25308.00;18;BID;;;;;
20251107;061954.148;;25308.25;25308.25;1;ASK;;;;;
20251107;061954.148;25308.00;;25308.00;17;BID;;;;;
20251107;061954.148;25308.00;;25308.00;1;BID;;;;;
20251107;061954.148;25307.50;;25307.50;3;BID;;;;;
20251107;061954.148;;25308.00;25308.00;22;ASK;;;;;
20251107;061954.148;;25308.00;25308.00;23;ASK;;;;;
20251107;061954.148;25307.50;;25307.50;2;BID;;;;;
20251107;061954.148;25307.50;;25307.50;1;BID;;;;;
20251107;061954.148;25307.50;;25307.50;1;BID;;;;;
20251107;061954.148;25307.25;;25307.25;2;BID;;;;;
20251107;061954.148;25307.25;;25307.25;1;BID;;;;;
20251107;061954.148;25307.25;;25307.25;1;BID;;;;;
20251107;061954.148;25307.00;;25307.00;3;BID;;;;;
20251107;061954.148;25307.00;;25307.00;2;BID;;;;;
20251107;061954.148;;25308.00;25308.00;24;ASK;;;;;
20251107;061954.148;;25307.50;25307.50;3;ASK;;;;;
20251107;061954.152;;25307.50;25307.50;4;ASK;;;;;
20251107;061954.152;25307.00;;25307.00;1;BID;;;;;
20251107;061954.152;25307.00;;25307.00;1;BID;;;;;
20251107;061954.152;25306.75;;25306.75;1;BID;;;;;
20251107;061954.152;25306.50;;25306.50;1;BID;;;;;
20251107;061954.152;;25307.50;25307.50;5;ASK;;;;;
20251107;061954.152;;25307.50;25307.50;6;ASK;;;;;
20251107;061954.152;;25307.25;25307.25;1;ASK;;;;;
20251107;061954.152;;25307.25;25307.25;2;ASK;;;;;
20251107;061954.152;;25307.00;25307.00;1;ASK;;;;;
20251107;061954.156;25306.25;;25306.25;2;BID;;;;;
20251107;061954.156;25306.25;;25306.25;1;BID;;;;;
20251107;061954.156;25306.00;;25306.00;1;BID;;;;;
20251107;061954.156;25306.00;;25306.00;2;BID;;;;;
20251107;061954.156;;25307.00;25307.00;2;ASK;;;;;
20251107;061954.156;;25306.75;25306.75;1;ASK;;;;;
20251107;061954.156;25306.00;;25306.00;1;BID;;;;;
20251107;061954.156;25305.75;;25305.75;1;BID;;;;;
20251107;061954.160;;25306.75;25306.75;1;ASK;;;;;
20251107;061954.160;;25307.00;25307.00;1;ASK;;;;;
20251107;061954.160;;25307.00;25307.00;2;ASK;;;;;
20251107;061954.160;;25307.00;25307.00;1;ASK;;;;;
20251107;061954.160;25305.75;;25305.75;2;BID;;;;;
20251107;061954.160;25305.75;;25305.75;3;BID;;;;;
20251107;061954.160;25306.00;;25306.00;1;BID;;;;;
20251107;061954.160;;25307.25;25307.25;5;ASK;;;;;
20251107;061954.160;;25307.25;25307.25;4;ASK;;;;;
20251107;061954.164;25306.00;;25306.00;2;BID;;;;;
20251107;061954.164;;25307.25;25307.25;3;ASK;;;;;
20251107;061954.164;25306.00;;25306.00;3;BID;;;;;
20251107;061954.164;25306.25;;25306.25;1;BID;;;;;
20251107;061954.164;25306.25;;25306.25;2;BID;;;;;
20251107;061954.164;25306.50;;25306.50;1;BID;;;;;
20251107;061954.164;;25307.25;25307.25;2;ASK;;;;;
20251107;061954.168;;25307.25;25307.25;1;ASK;;;;;
20251107;061954.168;25306.50;;25306.50;2;BID;;;;;
20251107;061954.168;;25307.50;25307.50;5;ASK;;;;;
20251107;061954.168;;25307.50;25307.50;4;ASK;;;;;
20251107;061954.168;;25307.50;25307.50;3;ASK;;;;;
20251107;061954.192;25306.75;;25306.75;1;BID;;;;;
20251107;061954.192;25307.00;;25307.00;1;BID;;;;;
20251107;061954.192;25306.75;;25306.75;2;BID;;;;;
20251107;061954.236;25306.75;;25306.75;1;BID;;;;;
20251107;061954.236;;25307.75;25307.75;2;ASK;;;;;
20251107;061954.236;;25307.75;25307.75;1;ASK;;;;;
20251107;061954.244;25307.00;;25307.00;1;BID;;;;;
20251107;061954.244;;25308.00;25308.00;22;ASK;;;;;
20251107;061954.244;;25307.75;25307.75;1;ASK;;;;;
20251107;061954.244;25307.00;;25307.00;1;BID;;;;;
20251107;061954.244;25306.75;;25306.75;1;BID;;;;;
20251107;061954.248;;25307.50;25307.50;1;ASK;;;;;
20251107;061954.248;25306.50;;25306.50;4;BID;;;;;
20251107;061954.248;25306.50;;25306.50;3;BID;;;;;
20251107;061954.248;25306.50;;25306.50;2;BID;;;;;
20251107;061954.248;25306.50;;25306.50;1;BID;;;;;
20251107;061954.248;25306.75;;25306.75;1;BID;;;;;
20251107;061954.268;25306.50;;25306.50;1;BID;;;;;
20251107;061954.288;25306.50;;25306.50;2;BID;;;;;
20251107;061954.288;25306.75;;25306.75;1;BID;;;;;
20251107;061954.288;;25307.75;25307.75;1;ASK;;;;;
20251107;061954.288;;25307.50;25307.50;1;ASK;;;;;
20251107;061954.364;;25307.75;25307.75;1;ASK;;;;;
20251107;061954.392;25306.75;;25306.75;2;BID;;;;;
20251107;061954.440;25307.00;;25307.00;1;BID;;;;;
20251107;061954.440;25307.00;;25307.00;2;BID;;;;;
20251107;061954.440;25307.00;;25307.00;3;BID;;;;;
20251107;061954.440;;25308.00;25308.00;23;ASK;;;;;
20251107;061954.440;;25308.00;25308.00;22;ASK;;;;;
20251107;061954.440;;25308.00;25308.00;23;ASK;;;;;
20251107;061954.440;25307.25;;25307.25;1;BID;;;;;
20251107;061954.440;25307.00;;25307.00;3;BID;;;;;
20251107;061954.440;25307.25;;25307.25;1;BID;;;;;
20251107;061954.440;25307.25;;25307.25;2;BID;;;;;
20251107;061954.460;;25308.00;25308.00;22;ASK;;;;;
20251107;061954.484;25307.50;;25307.50;1;BID;;;;;
20251107;061954.484;25307.50;;25307.50;2;BID;;;;;
20251107;061954.484;25307.50;;25307.50;3;BID;;;;;
20251107;061954.484;25307.50;;25307.50;2;BID;;;;;
20251107;061954.588;25307.50;;25307.50;1;BID;;;;;
20251107;061954.588;25307.50;;25307.50;1;BID;;;;;
20251107;061954.588;25307.25;;25307.25;2;BID;;;;;
20251107;061954.588;25307.25;;25307.25;1;BID;;;;;
20251107;061954.588;;25307.75;25307.75;1;ASK;;;;;
20251107;061954.588;25307.00;;25307.00;4;BID;;;;;
20251107;061954.588;25307.00;;25307.00;3;BID;;;;;
20251107;061954.588;;25308.00;25308.00;22;ASK;;;;;
20251107;061954.588;25307.25;;25307.25;1;BID;;;;;
20251107;061954.588;;25307.75;25307.75;1;ASK;;;;;
20251107;061954.588;25307.00;;25307.00;2;BID;;;;;
20251107;061954.588;25307.00;;25307.00;3;BID;;;;;
20251107;061954.588;25307.00;;25307.00;2;BID;;;;;
20251107;061954.588;;25308.00;25308.00;22;ASK;;;;;
20251107;061954.588;;25307.75;25307.75;1;ASK;;;;;
20251107;061954.680;;25308.00;25308.00;22;ASK;;;;;
20251107;061954.688;25307.25;;25307.25;1;BID;;;;;
20251107;061954.796;25307.00;;25307.00;2;BID;;;;;
20251107;061954.796;;25307.75;25307.75;1;ASK;;;;;
20251107;061954.952;25307.00;;25307.00;1;BID;;;;;
20251107;061954.952;25306.75;;25306.75;4;BID;;;;;
20251107;061954.952;25306.75;;25306.75;3;BID;;;;;
20251107;061954.956;25307.00;;25307.00;1;BID;;;;;
20251107;061954.956;;25308.00;25308.00;22;ASK;;;;;
20251107;061954.956;25307.00;;25307.00;2;BID;;;;;
20251107;061954.956;25307.25;;25307.25;1;BID;;;;;
20251107;061954.956;;25307.75;25307.75;1;ASK;;;;;
20251107;061954.956;25307.00;;25307.00;3;BID;;;;;
20251107;061954.956;25307.00;;25307.00;2;BID;;;;;
20251107;061954.956;25307.00;;25307.00;1;BID;;;;;
20251107;061954.956;25306.75;;25306.75;3;BID;;;;;
20251107;061954.960;25307.00;;25307.00;1;BID;;;;;
20251107;061954.964;25307.00;;25307.00;2;BID;;;;;
20251107;061954.964;;25308.00;25308.00;22;ASK;;;;;
20251107;061954.964;25307.25;;25307.25;1;BID;;;;;
20251107;061955.088;25307.00;;25307.00;2;BID;;;;;
20251107;061955.112;25307.25;;25307.25;1;BID;;;;;
20251107;061955.260;25307.25;;25307.25;2;BID;;;;;
20251107;061955.260;25307.50;;25307.50;1;BID;;;;;
20251107;061955.260;25307.25;;25307.25;1;BID;;;;;
20251107;061955.260;25307.25;;25307.25;2;BID;;;;;
20251107;061955.308;25307.25;;25307.25;3;BID;;;;;
20251107;061955.308;25307.50;;25307.50;1;BID;;;;;
20251107;061955.308;25307.50;;25307.50;2;BID;;;;;
20251107;061955.328;25307.50;;25307.50;1;BID;;;;;
20251107;061955.804;25307.50;;25307.50;2;BID;;;;;
20251107;061955.804;;25308.00;25308.00;2;ASK;;;;;
20251107;061955.804;;25308.00;25308.00;20;ASK;;;;;
20251107;061955.804;;25308.00;25308.00;1;ASK;;;;;
20251107;061955.804;;25308.00;25308.00;19;ASK;;;;;
20251107;061955.804;25307.75;;25307.75;1;BID;;;;;
20251107;061955.804;;25308.00;25308.00;1;ASK;;;;;
20251107;061955.804;;25308.00;25308.00;18;ASK;;;;;
20251107;061955.804;;25308.00;25308.00;4;ASK;;;;;
20251107;061955.804;;25308.00;25308.00;14;ASK;;;;;
20251107;061955.804;25307.75;;25307.75;2;BID;;;;;
20251107;061955.804;;25308.00;25308.00;6;ASK;;;;;
20251107;061955.804;;25308.00;25308.00;8;ASK;;;;;
20251107;061955.804;;25308.00;25308.00;1;ASK;;;;;
20251107;061955.804;;25308.00;25308.00;7;ASK;;;;;
20251107;061955.804;;25308.25;25308.25;1;ASK;;;;;
20251107;061955.804;25307.75;;25307.75;3;BID;;;;;
20251107;061955.804;25307.75;;25307.75;2;BID;;;;;
20251107;061955.804;25308.00;;25308.00;1;BID;;;;;
20251107;061955.804;25308.00;;25308.00;1;BID;;;;;
20251107;061955.804;25307.75;;25307.75;1;BID;;;;;
20251107;061955.804;25307.75;;25307.75;1;BID;;;;;
20251107;061955.804;;25309.00;25309.00;3;ASK;;;;;
20251107;061955.804;25307.75;;25307.75;1;BID;;;;;
20251107;061955.804;25307.50;;25307.50;1;BID;;;;;
20251107;061955.808;;25308.75;25308.75;1;ASK;;;;;
20251107;061955.808;25307.25;;25307.25;1;BID;;;;;
20251107;061955.808;25307.25;;25307.25;2;BID;;;;;
20251107;061955.808;;25308.75;25308.75;2;ASK;;;;;
20251107;061955.808;;25308.50;25308.50;1;ASK;;;;;
20251107;061955.808;;25308.50;25308.50;2;ASK;;;;;
20251107;061955.808;;25308.25;25308.25;1;ASK;;;;;
20251107;061955.808;;25308.25;25308.25;2;ASK;;;;;
20251107;061955.836;25307.25;;25307.25;3;BID;;;;;
20251107;061955.836;;25308.25;25308.25;1;ASK;;;;;
20251107;061955.836;25307.50;;25307.50;1;BID;;;;;
20251107;061955.836;;25308.50;25308.50;3;ASK;;;;;
20251107;061955.836;;25308.50;25308.50;2;ASK;;;;;
20251107;061956.032;25307.50;;25307.50;2;BID;;;;;
20251107;061956.032;25307.50;;25307.50;3;BID;;;;;
20251107;061956.032;;25308.50;25308.50;1;ASK;;;;;
20251107;061956.032;25307.50;;25307.50;4;BID;;;;;
20251107;061956.032;25307.50;;25307.50;3;BID;;;;;
20251107;061956.404;25307.50;;25307.50;1;BID;;;;;
20251107;061956.404;25307.50;;25307.50;2;BID;;;;;
20251107;061956.404;;25308.25;25308.25;1;ASK;;;;;
20251107;061956.404;25307.50;;25307.50;1;BID;;;;;
20251107;061956.404;;25308.25;25308.25;2;ASK;;;;;
20251107;061956.404;25307.00;;25307.00;2;BID;;;;;
20251107;061956.404;25307.00;;25307.00;1;BID;;;;;
20251107;061956.404;;25308.00;25308.00;1;ASK;;;;;
20251107;061956.408;25307.00;;25307.00;2;BID;;;;;
20251107;061956.408;25307.00;;25307.00;3;BID;;;;;
20251107;061956.452;;25308.25;25308.25;2;ASK;;;;;
20251107;061956.452;25307.00;;25307.00;4;BID;;;;;
20251107;061956.496;;25308.00;25308.00;1;ASK;;;;;
20251107;061956.496;25307.00;;25307.00;3;BID;;;;;
20251107;061956.704;25307.00;;25307.00;4;BID;;;;;
20251107;061956.704;25307.00;;25307.00;5;BID;;;;;
20251107;061956.708;;25308.25;25308.25;1;ASK;;;;;
20251107;061956.708;25307.25;;25307.25;1;BID;;;;;
20251107;061956.708;;25308.25;25308.25;2;ASK;;;;;
20251107;061956.708;;25308.25;25308.25;1;ASK;;;;;
20251107;061956.716;25307.25;;25307.25;2;BID;;;;;
20251107;061956.764;;25308.00;25308.00;1;ASK;;;;;
20251107;061956.764;25307.25;;25307.25;1;BID;;;;;
20251107;061956.764;25307.00;;25307.00;5;BID;;;;;
20251107;061956.764;25307.00;;25307.00;4;BID;;;;;
20251107;061957.000;25307.00;;25307.00;5;BID;;;;;
20251107;061957.616;;25308.25;25308.25;1;ASK;;;;;
20251107;061957.616;25307.00;;25307.00;4;BID;;;;;
20251107;061957.616;25307.25;;25307.25;1;BID;;;;;
20251107;061957.616;;25308.00;25308.00;1;ASK;;;;;
20251107;061957.616;;25308.25;25308.25;1;ASK;;;;;
20251107;061957.684;25307.25;;25307.25;2;BID;;;;;
20251107;061957.684;25307.25;;25307.25;1;BID;;;;;
20251107;061957.684;;25308.00;25308.00;1;ASK;;;;;
20251107;061957.684;;25308.25;25308.25;1;ASK;;;;;
20251107;061957.872;;25308.50;25308.50;3;ASK;;;;;
20251107;061957.872;;25308.50;25308.50;2;ASK;;;;;
20251107;061957.872;25307.25;;25307.25;2;BID;;;;;
20251107;061957.872;;25308.50;25308.50;1;ASK;;;;;
20251107;061957.872;25307.50;;25307.50;1;BID;;;;;
20251107;061957.876;25307.50;;25307.50;2;BID;;;;;
20251107;061957.876;;25308.75;25308.75;2;ASK;;;;;
20251107;061957.876;25307.50;;25307.50;3;BID;;;;;
20251107;061957.876;;25308.75;25308.75;1;ASK;;;;;
20251107;061957.876;;25309.00;25309.00;2;ASK;;;;;
20251107;061957.876;25307.75;;25307.75;1;BID;;;;;
20251107;061957.876;;25309.00;25309.00;1;ASK;;;;;
20251107;061957.876;;25309.50;25309.50;2;ASK;;;;;
20251107;061957.880;;25309.50;25309.50;3;ASK;;;;;
20251107;061957.880;25308.00;;25308.00;1;BID;;;;;
20251107;061957.880;;25309.50;25309.50;4;ASK;;;;;
20251107;061957.880;;25309.25;25309.25;1;ASK;;;;;
20251107;061957.880;;25309.25;25309.25;2;ASK;;;;;
20251107;061957.880;25307.75;;25307.75;1;BID;;;;;
20251107;061957.880;;25309.25;25309.25;3;ASK;;;;;
20251107;061957.880;;25309.00;25309.00;1;ASK;;;;;
20251107;061957.880;25307.75;;25307.75;2;BID;;;;;
20251107;061957.880;25307.75;;25307.75;3;BID;;;;;
20251107;061957.880;25307.75;;25307.75;4;BID;;;;;
20251107;061957.880;25307.75;;25307.75;5;BID;;;;;
20251107;061957.880;25308.00;;25308.00;1;BID;;;;;
20251107;061957.880;;25309.25;25309.25;3;ASK;;;;;
20251107;061957.880;;25309.25;25309.25;2;ASK;;;;;
20251107;061957.880;25308.00;;25308.00;2;BID;;;;;
20251107;061957.880;25308.00;;25308.00;3;BID;;;;;
20251107;061957.884;25308.00;;25308.00;4;BID;;;;;
20251107;061957.900;;25309.00;25309.00;1;ASK;;;;;
20251107;061957.900;25308.00;;25308.00;3;BID;;;;;
20251107;061957.900;25308.00;;25308.00;4;BID;;;;;
20251107;061958.288;25308.00;;25308.00;5;BID;;;;;
20251107;061958.288;25308.25;;25308.25;1;BID;;;;;
20251107;061958.288;;25309.25;25309.25;3;ASK;;;;;
20251107;061958.288;25308.25;;25308.25;2;BID;;;;;
20251107;061958.288;25308.25;;25308.25;3;BID;;;;;
20251107;061958.288;;25309.25;25309.25;2;ASK;;;;;
20251107;061958.288;25308.25;;25308.25;4;BID;;;;;
20251107;061958.288;;25309.25;25309.25;1;ASK;;;;;
20251107;061958.288;;25309.50;25309.50;1;ASK;;;;;
20251107;061958.288;;25309.75;25309.75;1;ASK;;;;;
20251107;061958.292;25308.25;;25308.25;5;BID;;;;;
20251107;061958.292;25308.50;;25308.50;1;BID;;;;;
20251107;061958.292;25308.50;;25308.50;2;BID;;;;;
20251107;061958.292;25308.50;;25308.50;3;BID;;;;;
20251107;061958.292;25308.50;;25308.50;4;BID;;;;;
20251107;061958.312;;25309.50;25309.50;1;ASK;;;;;
20251107;061958.312;25308.50;;25308.50;3;BID;;;;;
20251107;061958.316;;25309.25;25309.25;1;ASK;;;;;
20251107;061958.368;;25309.00;25309.00;1;ASK;;;;;
20251107;061958.368;25308.50;;25308.50;2;BID;;;;;
20251107;061958.368;25308.50;;25308.50;1;BID;;;;;
20251107;061958.368;;25309.25;25309.25;1;ASK;;;;;
20251107;061958.368;;25309.00;25309.00;1;ASK;;;;;
20251107;061958.368;;25308.75;25308.75;1;ASK;;;;;
20251107;061958.368;;25309.25;25309.25;1;ASK;;;;;
20251107;061958.368;25308.25;;25308.25;4;BID;;;;;
20251107;061958.372;25308.25;;25308.25;3;BID;;;;;
20251107;061958.372;25308.25;;25308.25;2;BID;;;;;
20251107;061958.468;25308.25;;25308.25;1;BID;;;;;
20251107;061958.468;25308.25;;25308.25;2;BID;;;;;
20251107;061958.468;;25309.00;25309.00;1;ASK;;;;;
20251107;061958.468;25308.25;;25308.25;1;BID;;;;;
20251107;061958.468;;25309.25;25309.25;1;ASK;;;;;
20251107;061958.604;;25309.00;25309.00;1;ASK;;;;;
20251107;061958.604;25308.00;;25308.00;5;BID;;;;;
20251107;061958.604;;25308.75;25308.75;1;ASK;;;;;
20251107;061958.604;25308.00;;25308.00;4;BID;;;;;
20251107;061958.604;25308.00;;25308.00;3;BID;;;;;
20251107;061958.604;25308.00;;25308.00;2;BID;;;;;
20251107;061958.604;25308.00;;25308.00;1;BID;;;;;
20251107;061958.604;25307.75;;25307.75;4;BID;;;;;
20251107;061958.684;;25309.00;25309.00;1;ASK;;;;;
20251107;061958.684;;25308.75;25308.75;1;ASK;;;;;
20251107;061958.944;;25309.00;25309.00;1;ASK;;;;;
20251107;061959.120;;25308.75;25308.75;1;ASK;;;;;
20251107;061959.132;;25309.00;25309.00;1;ASK;;;;;
20251107;061959.356;;25308.75;25308.75;1;ASK;;;;;
20251107;061959.848;25307.75;;25307.75;1;BID;;;;;
20251107;061959.848;25307.75;;25307.75;3;BID;;;;;
20251107;061959.848;;25308.50;25308.50;1;ASK;;;;;
20251107;061959.848;25307.75;;25307.75;2;BID;;;;;
20251107;061959.952;25307.75;;25307.75;1;BID;;;;;
20251107;062000.008;;25308.75;25308.75;2;ASK;;;;;
20251107;062000.008;;25308.75;25308.75;1;ASK;;;;;
20251107;062000.008;25307.75;;25307.75;2;BID;;;;;
20251107;062000.008;25307.75;;25307.75;3;BID;;;;;
20251107;062000.008;;25309.00;25309.00;2;ASK;;;;;
20251107;062000.008;;25309.00;25309.00;1;ASK;;;;;
20251107;062000.024;25307.75;;25307.75;1;BID;;;;;
20251107;062000.024;25307.75;;25307.75;1;BID;;;;;
20251107;062000.024;25307.75;;25307.75;1;BID;;;;;
20251107;062000.024;25307.50;;25307.50;1;BID;;;;;
20251107;062000.024;25307.50;;25307.50;3;BID;;;;;
20251107;062000.024;;25308.75;25308.75;1;ASK;;;;;
20251107;062000.024;25307.50;;25307.50;2;BID;;;;;
20251107;062000.024;;25308.75;25308.75;2;ASK;;;;;
20251107;062000.024;25307.50;;25307.50;1;BID;;;;;
20251107;062000.024;;25308.50;25308.50;1;ASK;;;;;
20251107;062000.024;;25308.25;25308.25;1;ASK;;;;;
20251107;062000.024;25307.00;;25307.00;4;BID;;;;;
20251107;062000.024;;25308.50;25308.50;1;ASK;;;;;
20251107;062000.024;25307.00;;25307.00;5;BID;;;;;
20251107;062000.024;25307.00;;25307.00;6;BID;;;;;
20251107;062000.024;25307.25;;25307.25;1;BID;;;;;
20251107;062000.028;;25308.75;25308.75;4;ASK;;;;;
20251107;062000.028;25307.25;;25307.25;2;BID;;;;;
20251107;062000.028;25307.25;;25307.25;3;BID;;;;;
20251107;062000.028;;25308.75;25308.75;3;ASK;;;;;
20251107;062000.028;25307.25;;25307.25;4;BID;;;;;
20251107;062000.060;25307.50;;25307.50;1;BID;;;;;
20251107;062000.060;;25308.50;25308.50;1;ASK;;;;;
20251107;062000.060;25307.50;;25307.50;2;BID;;;;;
20251107;062000.060;25307.50;;25307.50;3;BID;;;;;
20251107;062000.336;;25308.75;25308.75;3;ASK;;;;;
20251107;062000.336;;25308.75;25308.75;2;ASK;;;;;
20251107;062000.336;25307.75;;25307.75;1;BID;;;;;
20251107;062000.336;25307.50;;25307.50;3;BID;;;;;
20251107;062000.344;25307.50;;25307.50;4;BID;;;;;
20251107;062000.360;25307.50;;25307.50;5;BID;;;;;
20251107;062000.360;;25308.75;25308.75;1;ASK;;;;;
20251107;062000.360;;25309.00;25309.00;3;ASK;;;;;
20251107;062000.360;;25309.00;25309.00;2;ASK;;;;;
20251107;062000.360;25307.50;;25307.50;4;BID;;;;;
20251107;062000.360;25307.50;;25307.50;3;BID;;;;;
20251107;062000.360;25307.50;;25307.50;4;BID;;;;;
20251107;062000.372;25307.50;;25307.50;5;BID;;;;;
20251107;062000.396;;25308.75;25308.75;1;ASK;;;;;
20251107;062000.396;25307.50;;25307.50;4;BID;;;;;
20251107;062000.396;25307.50;;25307.50;5;BID;;;;;
20251107;062000.408;;25308.75;25308.75;1;ASK;;;;;
20251107;062000.408;;25309.00;25309.00;2;ASK;;;;;
20251107;062000.408;25307.50;;25307.50;6;BID;;;;;
20251107;062000.408;25307.75;;25307.75;1;BID;;;;;
20251107;062000.412;25307.75;;25307.75;2;BID;;;;;
20251107;062000.412;25307.75;;25307.75;3;BID;;;;;
20251107;062000.412;25307.75;;25307.75;2;BID;;;;;
20251107;062000.432;25308.00;;25308.00;1;BID;;;;;
20251107;062000.436;25308.00;;25308.00;2;BID;;;;;
20251107;062000.444;;25309.00;25309.00;3;ASK;;;;;
20251107;062000.448;25308.00;;25308.00;1;BID;;;;;
20251107;062000.448;25308.00;;25308.00;1;BID;;;;;
20251107;062000.448;;25308.75;25308.75;1;ASK;;;;;
20251107;062000.448;25307.75;;25307.75;3;BID;;;;;
20251107;062000.448;25307.75;;25307.75;2;BID;;;;;
20251107;062000.452;25307.75;;25307.75;1;BID;;;;;
20251107;062000.476;25307.50;;25307.50;6;BID;;;;;
20251107;062000.476;25307.50;;25307.50;5;BID;;;;;
20251107;062000.636;;25308.75;25308.75;2;ASK;;;;;
20251107;062000.684;;25308.50;25308.50;1;ASK;;;;;
20251107;062000.744;;25308.50;25308.50;2;ASK;;;;;
20251107;062000.744;25307.50;;25307.50;4;BID;;;;;
20251107;062000.744;;25308.50;25308.50;1;ASK;;;;;
20251107;062000.744;;25308.50;25308.50;1;ASK;;;;;
20251107;062000.744;25307.50;;25307.50;3;BID;;;;;
20251107;062000.744;25307.50;;25307.50;4;BID;;;;;
20251107;062000.752;25307.75;;25307.75;1;BID;;;;;
20251107;062000.756;25307.75;;25307.75;2;BID;;;;;
20251107;062001.124;;25308.50;25308.50;2;ASK;;;;;
20251107;062001.408;25307.75;;25307.75;1;BID;;;;;
20251107;062001.412;25307.50;;25307.50;4;BID;;;;;
20251107;062001.412;25307.50;;25307.50;3;BID;;;;;
20251107;062001.776;;25308.25;25308.25;1;ASK;;;;;
20251107;062001.776;;25308.25;25308.25;2;ASK;;;;;
20251107;062001.776;25307.50;;25307.50;2;BID;;;;;
20251107;062001.776;;25308.25;25308.25;1;ASK;;;;;
20251107;062002.552;;25308.25;25308.25;2;ASK;;;;;
20251107;062002.552;;25308.00;25308.00;1;ASK;;;;;
20251107;062002.552;;25308.00;25308.00;2;ASK;;;;;
20251107;062002.552;25307.50;;25307.50;1;BID;;;;;
20251107;062002.552;;25308.00;25308.00;3;ASK;;;;;
20251107;062002.552;;25308.00;25308.00;4;ASK;;;;;
20251107;062002.552;25307.50;;25307.50;1;BID;;;;;
20251107;062002.552;25307.25;;25307.25;1;BID;;;;;
20251107;062002.552;25307.00;;25307.00;4;BID;;;;;
20251107;062002.556;;25307.75;25307.75;1;ASK;;;;;
20251107;062002.556;;25308.00;25308.00;3;ASK;;;;;
20251107;062002.556;;25308.00;25308.00;2;ASK;;;;;
20251107;062002.556;25307.00;;25307.00;3;BID;;;;;
20251107;062002.556;25307.00;;25307.00;2;BID;;;;;
20251107;062002.560;;25307.75;25307.75;1;ASK;;;;;
20251107;062002.684;;25308.00;25308.00;2;ASK;;;;;
20251107;062002.684;;25307.75;25307.75;1;ASK;;;;;
20251107;062003.384;;25307.75;25307.75;2;ASK;;;;;
20251107;062003.384;;25307.75;25307.75;3;ASK;;;;;
20251107;062003.384;;25307.50;25307.50;1;ASK;;;;;
20251107;062003.384;25307.00;;25307.00;1;BID;;;;;
20251107;062003.384;25307.00;;25307.00;1;BID;;;;;
20251107;062003.384;25307.00;;25307.00;1;BID;;;;;
20251107;062003.384;25306.75;;25306.75;2;BID;;;;;
20251107;062003.384;;25307.50;25307.50;2;ASK;;;;;
20251107;062003.384;;25307.50;25307.50;3;ASK;;;;;
20251107;062003.384;;25307.50;25307.50;4;ASK;;;;;
20251107;062003.384;;25307.50;25307.50;5;ASK;;;;;
20251107;062003.384;;25307.25;25307.25;1;ASK;;;;;
20251107;062003.384;25306.75;;25306.75;1;BID;;;;;
20251107;062003.384;25306.50;;25306.50;1;BID;;;;;
20251107;062003.384;25306.25;;25306.25;2;BID;;;;;
20251107;062003.384;;25306.75;25306.75;1;ASK;;;;;
20251107;062003.384;25306.25;;25306.25;1;BID;;;;;
20251107;062003.384;25306.00;;25306.00;1;BID;;;;;
20251107;062003.416;25306.00;;25306.00;2;BID;;;;;
20251107;062003.444;;25307.25;25307.25;2;ASK;;;;;
20251107;062003.444;;25307.25;25307.25;1;ASK;;;;;
20251107;062003.444;;25307.00;25307.00;1;ASK;;;;;
20251107;062003.444;25306.25;;25306.25;1;BID;;;;;
20251107;062003.444;25306.00;;25306.00;2;BID;;;;;
20251107;062003.528;;25307.00;25307.00;2;ASK;;;;;
20251107;062003.528;;25306.75;25306.75;1;ASK;;;;;
20251107;062003.528;25306.00;;25306.00;3;BID;;;;;
20251107;062003.528;;25307.00;25307.00;2;ASK;;;;;
20251107;062003.536;;25307.00;25307.00;1;ASK;;;;;
20251107;062003.536;25306.00;;25306.00;4;BID;;;;;
20251107;062003.536;25306.25;;25306.25;1;BID;;;;;
20251107;062003.564;25306.00;;25306.00;3;BID;;;;;
20251107;062003.564;25306.00;;25306.00;2;BID;;;;;
20251107;062003.604;;25307.00;25307.00;1;ASK;;;;;
20251107;062003.604;;25307.25;25307.25;2;ASK;;;;;
20251107;062003.604;;25307.25;25307.25;1;ASK;;;;;
20251107;062003.604;25306.25;;25306.25;1;BID;;;;;
20251107;062003.612;25306.25;;25306.25;2;BID;;;;;
20251107;062003.624;25306.50;;25306.50;1;BID;;;;;
20251107;062003.624;;25307.50;25307.50;4;ASK;;;;;
20251107;062003.624;;25307.50;25307.50;3;ASK;;;;;
20251107;062003.688;;25307.50;25307.50;2;ASK;;;;;
20251107;062003.688;25306.75;;25306.75;1;BID;;;;;
20251107;062003.688;25306.50;;25306.50;1;BID;;;;;
20251107;062003.824;;25307.25;25307.25;1;ASK;;;;;
20251107;062003.824;;25307.25;25307.25;2;ASK;;;;;
20251107;062003.824;25306.25;;25306.25;2;BID;;;;;
20251107;062003.884;;25307.00;25307.00;1;ASK;;;;;
20251107;062003.904;;25307.25;25307.25;1;ASK;;;;;
20251107;062003.904;;25307.50;25307.50;1;ASK;;;;;
20251107;062003.904;;25307.50;25307.50;1;ASK;;;;;
20251107;062003.904;;25307.75;25307.75;1;ASK;;;;;
20251107;062003.904;25306.50;;25306.50;1;BID;;;;;
20251107;062003.904;;25308.00;25308.00;1;ASK;;;;;
20251107;062003.904;25306.50;;25306.50;2;BID;;;;;
20251107;062003.904;;25308.25;25308.25;1;ASK;;;;;
20251107;062003.908;25306.50;;25306.50;3;BID;;;;;
20251107;062003.908;25306.50;;25306.50;4;BID;;;;;
20251107;062003.908;25307.00;;25307.00;1;BID;;;;;
20251107;062003.908;25307.25;;25307.25;1;BID;;;;;
20251107;062003.908;;25308.50;25308.50;1;ASK;;;;;
20251107;062003.908;;25308.25;25308.25;1;ASK;;;;;
20251107;062003.908;25307.25;;25307.25;2;BID;;;;;
20251107;062003.908;25307.25;;25307.25;3;BID;;;;;
20251107;062003.908;25307.50;;25307.50;1;BID;;;;;
20251107;062003.908;25307.50;;25307.50;2;BID;;;;;
20251107;062003.908;25307.50;;25307.50;3;BID;;;;;
20251107;062003.908;25307.75;;25307.75;1;BID;;;;;
20251107;062003.912;25307.50;;25307.50;3;BID;;;;;
20251107;062003.912;;25308.50;25308.50;1;ASK;;;;;
20251107;062003.916;25307.50;;25307.50;2;BID;;;;;
20251107;062003.944;25307.75;;25307.75;1;BID;;;;;
20251107;062003.944;25307.50;;25307.50;2;BID;;;;;
20251107;062003.948;25307.50;;25307.50;3;BID;;;;;
20251107;062003.948;25307.75;;25307.75;1;BID;;;;;
20251107;062003.972;25307.75;;25307.75;2;BID;;;;;
20251107;062004.436;25308.00;;25308.00;1;BID;;;;;
20251107;062004.436;25308.00;;25308.00;2;BID;;;;;
20251107;062004.436;25308.00;;25308.00;1;BID;;;;;
20251107;062004.456;25308.00;;25308.00;1;BID;;;;;
20251107;062004.456;25307.75;;25307.75;4;BID;;;;;
20251107;062004.456;25307.75;;25307.75;3;BID;;;;;
20251107;062004.456;25307.75;;25307.75;2;BID;;;;;
20251107;062004.456;25307.75;;25307.75;1;BID;;;;;
20251107;062004.568;25307.75;;25307.75;1;BID;;;;;
20251107;062004.568;25307.50;;25307.50;1;BID;;;;;
20251107;062004.568;;25308.25;25308.25;1;ASK;;;;;
20251107;062004.568;;25308.50;25308.50;1;ASK;;;;;
20251107;062004.568;25307.75;;25307.75;1;BID;;;;;
20251107;062004.608;25307.50;;25307.50;1;BID;;;;;
20251107;062004.608;25307.75;;25307.75;1;BID;;;;;
20251107;062004.616;25307.50;;25307.50;1;BID;;;;;
20251107;062004.616;;25308.25;25308.25;1;ASK;;;;;
20251107;062004.956;;25308.50;25308.50;1;ASK;;;;;
20251107;062004.972;25307.50;;25307.50;2;BID;;;;;
20251107;062004.972;25307.75;;25307.75;1;BID;;;;;
20251107;062005.928;25308.00;;25308.00;1;BID;;;;;
20251107;062005.928;25307.75;;25307.75;1;BID;;;;;
20251107;062005.928;;25308.50;25308.50;1;ASK;;;;;
20251107;062005.928;;25308.75;25308.75;1;ASK;;;;;
20251107;062005.928;25308.00;;25308.00;1;BID;;;;;
20251107;062005.928;;25309.00;25309.00;2;ASK;;;;;
20251107;062005.928;25307.75;;25307.75;3;BID;;;;;
20251107;062005.928;;25309.00;25309.00;1;ASK;;;;;
20251107;062005.928;25308.00;;25308.00;1;BID;;;;;
20251107;062005.928;;25309.50;25309.50;1;ASK;;;;;
20251107;062005.928;25308.00;;25308.00;2;BID;;;;;
20251107;062005.928;25308.00;;25308.00;3;BID;;;;;
20251107;062005.928;25308.25;;25308.25;1;BID;;;;;
20251107;062005.928;;25309.75;25309.75;1;ASK;;;;;
20251107;062005.928;;25309.50;25309.50;1;ASK;;;;;
20251107;062005.928;25308.25;;25308.25;2;BID;;;;;
20251107;062005.928;25308.50;;25308.50;1;BID;;;;;
20251107;062005.928;;25309.50;25309.50;2;ASK;;;;;
20251107;062005.928;25308.25;;25308.25;2;BID;;;;;
20251107;062005.928;;25309.50;25309.50;1;ASK;;;;;
20251107;062005.928;;25309.25;25309.25;1;ASK;;;;;
20251107;062005.928;25308.25;;25308.25;1;BID;;;;;
20251107;062005.928;25308.50;;25308.50;1;BID;;;;;
20251107;062005.928;25308.25;;25308.25;1;BID;;;;;
20251107;062005.928;;25309.25;25309.25;2;ASK;;;;;
20251107;062005.932;;25309.00;25309.00;1;ASK;;;;;
20251107;062005.932;;25309.25;25309.25;2;ASK;;;;;
20251107;062005.932;;25309.00;25309.00;1;ASK;;;;;
20251107;062005.932;25308.00;;25308.00;1;BID;;;;;
20251107;062005.940;25308.00;;25308.00;2;BID;;;;;
20251107;062005.940;25308.25;;25308.25;1;BID;;;;;
20251107;062005.940;;25309.25;25309.25;2;ASK;;;;;
20251107;062005.940;;25309.00;25309.00;1;ASK;;;;;
20251107;062005.940;25308.00;;25308.00;1;BID;;;;;
20251107;062005.956;25308.25;;25308.25;1;BID;;;;;
20251107;062006.000;;25309.25;25309.25;2;ASK;;;;;
20251107;062006.020;;25309.00;25309.00;1;ASK;;;;;
20251107;062006.020;25308.00;;25308.00;1;BID;;;;;
20251107;062006.028;25308.00;;25308.00;2;BID;;;;;
20251107;062006.028;25308.25;;25308.25;1;BID;;;;;
20251107;062006.028;;25309.25;25309.25;2;ASK;;;;;
20251107;062006.244;25308.25;;25308.25;2;BID;;;;;
20251107;062006.244;25308.50;;25308.50;1;BID;;;;;
20251107;062006.244;;25309.25;25309.25;1;ASK;;;;;
20251107;062006.244;;25309.50;25309.50;2;ASK;;;;;
20251107;062006.244;;25309.50;25309.50;1;ASK;;;;;
20251107;062006.244;;25309.25;25309.25;1;ASK;;;;;
20251107;062006.244;25308.25;;25308.25;2;BID;;;;;
20251107;062006.244;25308.25;;25308.25;1;BID;;;;;
20251107;062006.248;;25309.25;25309.25;2;ASK;;;;;
20251107;062006.248;25308.00;;25308.00;3;BID;;;;;
20251107;062006.248;;25309.00;25309.00;1;ASK;;;;;
20251107;062006.248;25308.00;;25308.00;2;BID;;;;;
20251107;062006.248;;25309.00;25309.00;2;ASK;;;;;
20251107;062006.248;;25308.75;25308.75;1;ASK;;;;;
20251107;062006.248;25308.00;;25308.00;1;BID;;;;;
20251107;062006.248;25307.75;;25307.75;3;BID;;;;;
20251107;062006.248;25307.75;;25307.75;2;BID;;;;;
20251107;062006.392;25307.75;;25307.75;1;BID;;;;;
20251107;062006.392;;25308.50;25308.50;1;ASK;;;;;
20251107;062006.412;25308.00;;25308.00;1;BID;;;;;
20251107;062006.412;;25308.75;25308.75;1;ASK;;;;;
20251107;062006.412;;25309.00;25309.00;1;ASK;;;;;
20251107;062006.412;;25308.75;25308.75;1;ASK;;;;;
20251107;062006.860;25307.75;;25307.75;1;BID;;;;;
20251107;062006.860;;25308.50;25308.50;1;ASK;;;;;
20251107;062006.868;;25308.75;25308.75;1;ASK;;;;;
20251107;062006.868;25308.00;;25308.00;1;BID;;;;;
20251107;062006.984;;25309.00;25309.00;1;ASK;;;;;
