date;time;bid;ask;price;volume;side;shape;order_type;entry_price;exit_price;exit_tag
20251107;074801.116;25329.50;;25329.50;1;BID;;;;;
20251107;074801.176;;25330.00;25330.00;1;ASK;;;;;
20251107;074801.176;25329.25;;25329.25;1;BID;;;;;
20251107;074801.176;25329.00;;25329.00;3;BID;;;;;
20251107;074801.176;25329.00;;25329.00;2;BID;;;;;
20251107;074801.176;;25329.75;25329.75;1;ASK;;;;;
20251107;074801.176;25329.00;;25329.00;1;BID;;;;;
20251107;074801.960;;25330.25;25330.25;1;ASK;;;;;
20251107;074801.960;;25330.00;25330.00;1;ASK;;;;;
20251107;074802.400;;25330.00;25330.00;2;ASK;;;;;
20251107;074802.400;;25329.75;25329.75;1;ASK;;;;;
20251107;074802.400;;25329.50;25329.50;1;ASK;;;;;
20251107;074802.400;;25329.75;25329.75;1;ASK;;;;;
20251107;074802.404;;25330.00;25330.00;1;ASK;;;;;
20251107;074802.416;;25330.00;25330.00;2;ASK;;;;;
20251107;074802.416;;25329.75;25329.75;1;ASK;;;;;
20251107;074802.424;;25329.50;25329.50;1;ASK;;;;;
20251107;074802.668;;25329.75;25329.75;1;ASK;;;;;
20251107;074804.352;;25329.75;25329.75;1;ASK;;;;;
20251107;074804.352;;25330.00;25330.00;2;ASK;;;;;
20251107;074804.352;;25330.00;25330.00;1;ASK;;;;;
20251107;074804.352;25329.00;;25329.00;2;BID;;;;;
20251107;074804.352;25329.25;;25329.25;1;BID;;;;;
20251107;074804.352;;25330.25;25330.25;1;ASK;;;;;
20251107;074804.356;;25330.00;25330.00;1;ASK;;;;;
20251107;074804.380;25329.00;;25329.00;3;BID;;;;;
20251107;074804.420;25329.25;;25329.25;1;BID;;;;;
20251107;074804.420;;25330.25;25330.25;1;ASK;;;;;
20251107;074804.484;;25330.25;25330.25;2;ASK;;;;;
20251107;074804.484;;25330.00;25330.00;1;ASK;;;;;
20251107;074804.484;25329.00;;25329.00;3;BID;;;;;
20251107;074804.604;25329.25;;25329.25;1;BID;;;;;
20251107;074804.604;;25330.25;25330.25;1;ASK;;;;;
20251107;074804.640;;25330.25;25330.25;2;ASK;;;;;
20251107;074804.640;;25330.00;25330.00;1;ASK;;;;;
20251107;074804.640;25329.00;;25329.00;3;BID;;;;;
20251107;074804.644;25329.00;;25329.00;2;BID;;;;;
20251107;074804.788;25329.25;;25329.25;1;BID;;;;;
20251107;074804.788;;25330.25;25330.25;1;ASK;;;;;
20251107;074805.072;;25330.25;25330.25;2;ASK;;;;;
20251107;074805.072;;25330.00;25330.00;1;ASK;;;;;
20251107;074805.072;25329.00;;25329.00;2;BID;;;;;
20251107;074805.220;;25330.00;25330.00;2;ASK;;;;;
20251107;074805.284;25329.25;;25329.25;1;BID;;;;;
20251107;074805.284;;25330.00;25330.00;1;ASK;;;;;
20251107;074805.284;;25330.25;25330.25;2;ASK;;;;;
20251107;074805.284;;25330.25;25330.25;1;ASK;;;;;
20251107;074805.284;;25330.50;25330.50;2;ASK;;;;;
20251107;074805.284;25329.50;;25329.50;1;BID;;;;;
20251107;074805.288;;25330.50;25330.50;1;ASK;;;;;
20251107;074805.288;;25330.25;25330.25;1;ASK;;;;;
20251107;074805.288;25329.25;;25329.25;1;BID;;;;;
20251107;074805.288;;25330.50;25330.50;1;ASK;;;;;
20251107;074805.288;25329.50;;25329.50;1;BID;;;;;
20251107;074805.288;25329.25;;25329.25;1;BID;;;;;
20251107;074805.288;;25330.25;25330.25;1;ASK;;;;;
20251107;074806.608;;25330.25;25330.25;2;ASK;;;;;
20251107;074806.608;;25330.00;25330.00;1;ASK;;;;;
20251107;074806.608;;25330.25;25330.25;1;ASK;;;;;
20251107;074807.084;;25330.25;25330.25;2;ASK;;;;;
20251107;074807.424;25329.50;;25329.50;1;BID;;;;;
20251107;074807.424;;25330.25;25330.25;1;ASK;;;;;
20251107;074807.424;;25330.50;25330.50;2;ASK;;;;;
20251107;074807.424;;25330.50;25330.50;1;ASK;;;;;
20251107;074807.424;25329.25;;25329.25;1;BID;;;;;
20251107;074807.424;;25330.25;25330.25;1;ASK;;;;;
20251107;074807.424;25329.50;;25329.50;1;BID;;;;;
20251107;074807.428;25329.25;;25329.25;1;BID;;;;;
20251107;074807.688;;25330.00;25330.00;1;ASK;;;;;
20251107;074807.688;25329.00;;25329.00;1;BID;;;;;
20251107;074807.688;;25330.25;25330.25;2;ASK;;;;;
20251107;074807.688;25329.25;;25329.25;1;BID;;;;;
20251107;074807.688;;25330.25;25330.25;1;ASK;;;;;
20251107;074807.828;;25330.25;25330.25;2;ASK;;;;;
20251107;074807.828;;25330.00;25330.00;1;ASK;;;;;
20251107;074807.828;25329.00;;25329.00;1;BID;;;;;
20251107;074807.828;;25330.25;25330.25;1;ASK;;;;;
20251107;074807.828;25329.25;;25329.25;1;BID;;;;;
20251107;074807.828;25329.50;;25329.50;1;BID;;;;;
20251107;074808.192;;25330.50;25330.50;1;ASK;;;;;
20251107;074808.192;25329.75;;25329.75;1;BID;;;;;
20251107;074808.192;;25330.75;25330.75;4;ASK;;;;;
20251107;074808.192;;25330.75;25330.75;3;ASK;;;;;
20251107;074808.192;;25330.75;25330.75;2;ASK;;;;;
20251107;074808.192;;25330.75;25330.75;1;ASK;;;;;
20251107;074808.192;25330.00;;25330.00;1;BID;;;;;
20251107;074808.200;25330.25;;25330.25;1;BID;;;;;
20251107;074808.200;25329.75;;25329.75;1;BID;;;;;
20251107;074808.200;25330.00;;25330.00;1;BID;;;;;
20251107;074808.216;25329.75;;25329.75;1;BID;;;;;
20251107;074808.228;25330.00;;25330.00;1;BID;;;;;
20251107;074808.460;25329.75;;25329.75;1;BID;;;;;
20251107;074808.504;25330.00;;25330.00;1;BID;;;;;
20251107;074808.992;25329.75;;25329.75;1;BID;;;;;
20251107;074808.996;;25330.75;25330.75;1;ASK;;;;;
20251107;074808.996;;25331.00;25331.00;1;ASK;;;;;
20251107;074808.996;;25331.50;25331.50;1;ASK;;;;;
20251107;074808.996;25330.00;;25330.00;1;BID;;;;;
20251107;074808.996;;25331.50;25331.50;2;ASK;;;;;
20251107;074808.996;25330.25;;25330.25;1;BID;;;;;
20251107;074808.996;;25331.25;25331.25;1;ASK;;;;;
20251107;074808.996;25330.00;;25330.00;1;BID;;;;;
20251107;074808.996;;25331.00;25331.00;1;ASK;;;;;
20251107;074809.000;;25331.25;25331.25;1;ASK;;;;;
20251107;074809.000;25330.25;;25330.25;1;BID;;;;;
20251107;074809.356;;25331.50;25331.50;2;ASK;;;;;
20251107;074809.356;25330.25;;25330.25;2;BID;;;;;
20251107;074809.356;;25331.50;25331.50;1;ASK;;;;;
20251107;074809.356;;25331.75;25331.75;1;ASK;;;;;
20251107;074809.356;25330.50;;25330.50;1;BID;;;;;
20251107;074809.356;;25332.00;25332.00;1;ASK;;;;;
20251107;074809.356;;25332.00;25332.00;2;ASK;;;;;
20251107;074809.356;25330.75;;25330.75;1;BID;;;;;
20251107;074809.356;;25331.75;25331.75;1;ASK;;;;;
20251107;074809.356;25330.50;;25330.50;1;BID;;;;;
20251107;074809.356;;25331.50;25331.50;1;ASK;;;;;
20251107;074809.360;;25331.50;25331.50;2;ASK;;;;;
20251107;074809.792;;25331.50;25331.50;1;ASK;;;;;
20251107;074809.792;;25331.50;25331.50;1;ASK;;;;;
20251107;074809.792;25330.75;;25330.75;1;BID;;;;;
20251107;074809.792;;25331.75;25331.75;1;ASK;;;;;
20251107;074809.792;25331.00;;25331.00;1;BID;;;;;
20251107;074809.792;;25332.00;25332.00;3;ASK;;;;;
20251107;074809.792;;25332.00;25332.00;2;ASK;;;;;
20251107;074809.792;;25332.00;25332.00;1;ASK;;;;;
20251107;074809.792;;25333.00;25333.00;3;ASK;;;;;
20251107;074809.792;25330.75;;25330.75;1;BID;;;;;
20251107;074809.792;;25331.75;25331.75;1;ASK;;;;;
20251107;074809.792;25331.00;;25331.00;1;BID;;;;;
20251107;074809.792;;25332.75;25332.75;2;ASK;;;;;
20251107;074809.792;;25332.75;25332.75;3;ASK;;;;;
20251107;074809.792;;25332.75;25332.75;4;ASK;;;;;
20251107;074809.792;;25332.75;25332.75;5;ASK;;;;;
20251107;074809.796;;25332.50;25332.50;1;ASK;;;;;
20251107;074809.796;;25332.50;25332.50;2;ASK;;;;;
20251107;074809.796;25330.75;;25330.75;1;BID;;;;;
20251107;074809.796;25330.50;;25330.50;1;BID;;;;;
20251107;074809.796;;25332.50;25332.50;3;ASK;;;;;
20251107;074809.796;;25332.50;25332.50;4;ASK;;;;;
20251107;074809.796;;25332.25;25332.25;1;ASK;;;;;
20251107;074809.796;;25332.25;25332.25;2;ASK;;;;;
20251107;074809.796;;25332.25;25332.25;3;ASK;;;;;
20251107;074809.796;;25332.25;25332.25;4;ASK;;;;;
20251107;074809.796;;25332.00;25332.00;1;ASK;;;;;
20251107;074809.796;;25332.00;25332.00;2;ASK;;;;;
20251107;074809.796;;25331.75;25331.75;1;ASK;;;;;
20251107;074809.796;;25331.50;25331.50;1;ASK;;;;;
20251107;074809.796;25330.75;;25330.75;1;BID;;;;;
20251107;074809.796;25330.50;;25330.50;1;BID;;;;;
20251107;074809.796;;25331.25;25331.25;1;ASK;;;;;
20251107;074809.796;25330.25;;25330.25;1;BID;;;;;
20251107;074809.796;;25331.50;25331.50;1;ASK;;;;;
20251107;074809.796;25330.50;;25330.50;1;BID;;;;;
20251107;074809.812;;25331.75;25331.75;1;ASK;;;;;
20251107;074809.812;25330.75;;25330.75;1;BID;;;;;
20251107;074809.812;;25331.75;25331.75;2;ASK;;;;;
20251107;074809.812;;25331.50;25331.50;1;ASK;;;;;
20251107;074809.812;25330.50;;25330.50;2;BID;;;;;
20251107;074809.812;;25331.75;25331.75;2;ASK;;;;;
20251107;074809.824;;25331.75;25331.75;3;ASK;;;;;
20251107;074809.824;;25331.50;25331.50;1;ASK;;;;;
20251107;074809.824;25330.50;;25330.50;1;BID;;;;;
20251107;074809.844;25330.75;;25330.75;1;BID;;;;;
20251107;074809.844;;25331.75;25331.75;2;ASK;;;;;
20251107;074809.896;25330.50;;25330.50;1;BID;;;;;
20251107;074809.896;;25331.50;25331.50;1;ASK;;;;;
20251107;074811.808;;25331.50;25331.50;1;ASK;;;;;
20251107;074811.808;;25331.75;25331.75;1;ASK;;;;;
20251107;074811.808;;25331.75;25331.75;1;ASK;;;;;
20251107;074811.808;;25332.00;25332.00;3;ASK;;;;;
20251107;074811.808;25330.75;;25330.75;1;BID;;;;;
20251107;074811.808;;25332.00;25332.00;2;ASK;;;;;
20251107;074811.808;25330.75;;25330.75;2;BID;;;;;
20251107;074811.812;;25331.75;25331.75;1;ASK;;;;;
20251107;074811.812;25330.75;;25330.75;1;BID;;;;;
20251107;074811.812;;25332.00;25332.00;2;ASK;;;;;
20251107;074811.812;;25331.75;25331.75;1;ASK;;;;;
20251107;074811.828;25330.50;;25330.50;2;BID;;;;;
20251107;074811.848;;25331.75;25331.75;2;ASK;;;;;
20251107;074811.848;;25331.50;25331.50;1;ASK;;;;;
20251107;074811.852;;25331.75;25331.75;1;ASK;;;;;
20251107;074811.852;25330.50;;25330.50;1;BID;;;;;
20251107;074811.852;25330.50;;25330.50;2;BID;;;;;
20251107;074811.852;25330.75;;25330.75;1;BID;;;;;
20251107;074811.852;;25331.50;25331.50;1;ASK;;;;;
20251107;074811.852;;25331.75;25331.75;1;ASK;;;;;
20251107;074811.864;;25331.75;25331.75;2;ASK;;;;;
20251107;074811.864;;25331.50;25331.50;1;ASK;;;;;
20251107;074811.864;25330.50;;25330.50;1;BID;;;;;
20251107;074811.868;;25331.25;25331.25;1;ASK;;;;;
20251107;074811.868;25330.25;;25330.25;1;BID;;;;;
20251107;074811.868;25330.00;;25330.00;2;BID;;;;;
20251107;074811.868;;25331.00;25331.00;1;ASK;;;;;
20251107;074811.868;25330.00;;25330.00;1;BID;;;;;
20251107;074811.868;25330.00;;25330.00;2;BID;;;;;
20251107;074811.868;;25331.25;25331.25;1;ASK;;;;;
20251107;074811.868;25330.25;;25330.25;1;BID;;;;;
20251107;074811.872;;25331.50;25331.50;1;ASK;;;;;
20251107;074811.872;25330.25;;25330.25;2;BID;;;;;
20251107;074811.872;;25331.25;25331.25;1;ASK;;;;;
20251107;074811.896;25330.50;;25330.50;1;BID;;;;;
20251107;074811.896;;25331.50;25331.50;1;ASK;;;;;
20251107;074811.900;;25331.50;25331.50;2;ASK;;;;;
20251107;074811.900;;25331.25;25331.25;1;ASK;;;;;
20251107;074811.920;25330.25;;25330.25;1;BID;;;;;
20251107;074811.972;25330.50;;25330.50;1;BID;;;;;
20251107;074811.972;;25331.50;25331.50;1;ASK;;;;;
20251107;074812.024;25330.25;;25330.25;1;BID;;;;;
20251107;074812.024;;25331.25;25331.25;1;ASK;;;;;
20251107;074812.056;25330.50;;25330.50;1;BID;;;;;
20251107;074812.056;;25331.50;25331.50;1;ASK;;;;;
20251107;074812.056;25330.75;;25330.75;1;BID;;;;;
20251107;074812.132;25330.50;;25330.50;1;BID;;;;;
20251107;074812.200;25330.75;;25330.75;1;BID;;;;;
20251107;074812.200;;25331.75;25331.75;3;ASK;;;;;
20251107;074812.200;;25331.75;25331.75;2;ASK;;;;;
20251107;074812.200;;25331.75;25331.75;1;ASK;;;;;
20251107;074812.344;25330.50;;25330.50;1;BID;;;;;
20251107;074812.344;;25331.50;25331.50;1;ASK;;;;;
20251107;074812.400;25330.75;;25330.75;1;BID;;;;;
20251107;074812.400;;25331.75;25331.75;1;ASK;;;;;
20251107;074812.452;25330.50;;25330.50;1;BID;;;;;
20251107;074812.452;;25331.50;25331.50;1;ASK;;;;;
20251107;074812.468;25330.75;;25330.75;1;BID;;;;;
20251107;074812.468;;25331.75;25331.75;1;ASK;;;;;
20251107;074812.468;25331.00;;25331.00;1;BID;;;;;
20251107;074812.480;25330.75;;25330.75;1;BID;;;;;
20251107;074812.640;;25331.75;25331.75;2;ASK;;;;;
20251107;074812.640;;25331.50;25331.50;1;ASK;;;;;
20251107;074812.640;25330.50;;25330.50;1;BID;;;;;
20251107;074812.644;25330.25;;25330.25;2;BID;;;;;
20251107;074812.644;;25331.25;25331.25;1;ASK;;;;;
20251107;074812.644;25330.25;;25330.25;1;BID;;;;;
20251107;074812.664;25330.25;;25330.25;2;BID;;;;;
20251107;074812.664;25330.50;;25330.50;1;BID;;;;;
20251107;074812.664;;25331.50;25331.50;1;ASK;;;;;
20251107;074812.716;25330.75;;25330.75;1;BID;;;;;
20251107;074812.716;;25331.75;25331.75;2;ASK;;;;;
20251107;074812.716;;25331.75;25331.75;1;ASK;;;;;
20251107;074812.736;;25331.75;25331.75;2;ASK;;;;;
20251107;074812.736;;25331.50;25331.50;1;ASK;;;;;
20251107;074812.736;25330.50;;25330.50;1;BID;;;;;
20251107;074812.768;25330.75;;25330.75;1;BID;;;;;
20251107;074812.768;;25331.75;25331.75;2;ASK;;;;;
20251107;074812.768;;25331.75;25331.75;1;ASK;;;;;
20251107;074812.824;25330.50;;25330.50;1;BID;;;;;
20251107;074812.824;;25331.50;25331.50;1;ASK;;;;;
20251107;074812.876;25330.75;;25330.75;1;BID;;;;;
20251107;074812.876;;25331.75;25331.75;1;ASK;;;;;
20251107;074812.932;25330.50;;25330.50;1;BID;;;;;
20251107;074812.932;;25331.50;25331.50;1;ASK;;;;;
20251107;074812.980;25330.75;;25330.75;1;BID;;;;;
20251107;074812.980;;25331.75;25331.75;1;ASK;;;;;
20251107;074813.036;25330.50;;25330.50;1;BID;;;;;
20251107;074813.036;;25331.50;25331.50;1;ASK;;;;;
20251107;074813.088;25330.75;;25330.75;1;BID;;;;;
20251107;074813.248;25330.50;;25330.50;1;BID;;;;;
20251107;074814.792;25330.75;;25330.75;1;BID;;;;;
20251107;074814.792;;25331.75;25331.75;1;ASK;;;;;
20251107;074814.844;25330.50;;25330.50;1;BID;;;;;
20251107;074814.844;;25331.50;25331.50;1;ASK;;;;;
20251107;074814.848;25330.75;;25330.75;1;BID;;;;;
20251107;074814.848;;25331.75;25331.75;1;ASK;;;;;
20251107;074815.012;;25331.75;25331.75;2;ASK;;;;;
20251107;074815.012;25330.50;;25330.50;1;BID;;;;;
20251107;074815.012;;25331.50;25331.50;1;ASK;;;;;
20251107;074815.024;25330.75;;25330.75;1;BID;;;;;
20251107;074815.024;;25331.75;25331.75;2;ASK;;;;;
20251107;074815.024;;25331.75;25331.75;1;ASK;;;;;
20251107;074815.748;;25331.25;25331.25;1;ASK;;;;;
20251107;074815.748;25330.75;;25330.75;1;BID;;;;;
20251107;074815.748;25330.50;;25330.50;1;BID;;;;;
20251107;074815.748;25330.25;;25330.25;2;BID;;;;;
20251107;074815.748;25330.25;;25330.25;1;BID;;;;;
20251107;074815.748;25330.25;;25330.25;1;BID;;;;;
20251107;074815.748;25330.00;;25330.00;2;BID;;;;;
20251107;074815.748;;25331.00;25331.00;1;ASK;;;;;
20251107;074815.748;;25330.75;25330.75;1;ASK;;;;;
20251107;074815.748;25330.00;;25330.00;1;BID;;;;;
20251107;074815.748;25329.75;;25329.75;1;BID;;;;;
20251107;074815.748;25329.50;;25329.50;2;BID;;;;;
20251107;074815.748;;25331.00;25331.00;2;ASK;;;;;
20251107;074815.748;;25331.00;25331.00;1;ASK;;;;;
20251107;074815.752;;25331.25;25331.25;5;ASK;;;;;
20251107;074815.752;25329.50;;25329.50;1;BID;;;;;
20251107;074815.752;25329.50;;25329.50;2;BID;;;;;
20251107;074815.752;25329.50;;25329.50;3;BID;;;;;
20251107;074815.752;25329.50;;25329.50;4;BID;;;;;
20251107;074815.752;25329.75;;25329.75;1;BID;;;;;
20251107;074815.752;;25331.25;25331.25;4;ASK;;;;;
20251107;074815.752;;25331.25;25331.25;3;ASK;;;;;
20251107;074815.752;;25331.25;25331.25;2;ASK;;;;;
20251107;074815.752;;25331.25;25331.25;1;ASK;;;;;
20251107;074815.752;25329.75;;25329.75;2;BID;;;;;
20251107;074815.752;25329.75;;25329.75;3;BID;;;;;
20251107;074815.752;25329.75;;25329.75;4;BID;;;;;
20251107;074815.752;25330.00;;25330.00;1;BID;;;;;
20251107;074815.752;;25331.00;25331.00;1;ASK;;;;;
20251107;074815.752;;25331.25;25331.25;1;ASK;;;;;
20251107;074815.752;25330.25;;25330.25;1;BID;;;;;
20251107;074815.752;25330.50;;25330.50;1;BID;;;;;
20251107;074815.752;25330.25;;25330.25;3;BID;;;;;
20251107;074815.752;25330.25;;25330.25;2;BID;;;;;
20251107;074815.804;;25331.00;25331.00;1;ASK;;;;;
20251107;074815.804;25330.25;;25330.25;1;BID;;;;;
20251107;074815.804;25330.00;;25330.00;2;BID;;;;;
20251107;074815.804;25330.00;;25330.00;1;BID;;;;;
20251107;074815.804;25330.00;;25330.00;2;BID;;;;;
20251107;074815.804;25330.25;;25330.25;1;BID;;;;;
20251107;074815.908;25330.00;;25330.00;3;BID;;;;;
20251107;074815.908;25330.00;;25330.00;2;BID;;;;;
20251107;074815.960;;25331.25;25331.25;1;ASK;;;;;
20251107;074815.960;25330.25;;25330.25;1;BID;;;;;
20251107;074816.004;25330.00;;25330.00;2;BID;;;;;
20251107;074816.004;;25331.00;25331.00;1;ASK;;;;;
20251107;074816.260;;25331.00;25331.00;1;ASK;;;;;
20251107;074816.260;;25331.25;25331.25;1;ASK;;;;;
20251107;074816.260;;25331.50;25331.50;1;ASK;;;;;
20251107;074816.260;;25331.50;25331.50;1;ASK;;;;;
20251107;074816.260;;25331.75;25331.75;1;ASK;;;;;
20251107;074816.260;25330.25;;25330.25;1;BID;;;;;
20251107;074816.260;25330.25;;25330.25;2;BID;;;;;
20251107;074816.260;;25331.75;25331.75;2;ASK;;;;;
20251107;074816.260;25330.50;;25330.50;1;BID;;;;;
20251107;074816.260;;25331.50;25331.50;1;ASK;;;;;
20251107;074816.280;25330.75;;25330.75;1;BID;;;;;
20251107;074816.280;;25331.75;25331.75;2;ASK;;;;;
20251107;074816.280;;25331.75;25331.75;1;ASK;;;;;
20251107;074816.280;;25332.00;25332.00;3;ASK;;;;;
20251107;074816.280;;25332.00;25332.00;2;ASK;;;;;
20251107;074816.280;25331.00;;25331.00;1;BID;;;;;
20251107;074816.284;;25331.75;25331.75;1;ASK;;;;;
20251107;074816.284;25330.75;;25330.75;1;BID;;;;;
20251107;074816.344;;25331.75;25331.75;1;ASK;;;;;
20251107;074816.344;;25332.00;25332.00;1;ASK;;;;;
20251107;074816.344;;25332.00;25332.00;1;ASK;;;;;
20251107;074816.344;25331.00;;25331.00;1;BID;;;;;
20251107;074816.348;;25332.25;25332.25;1;ASK;;;;;
20251107;074816.348;25331.25;;25331.25;1;BID;;;;;
20251107;074816.348;;25332.50;25332.50;4;ASK;;;;;
20251107;074816.348;;25332.50;25332.50;3;ASK;;;;;
20251107;074816.348;;25332.50;25332.50;2;ASK;;;;;
20251107;074816.348;25331.25;;25331.25;2;BID;;;;;
20251107;074816.348;;25332.50;25332.50;1;ASK;;;;;
20251107;074816.348;;25332.50;25332.50;2;ASK;;;;;
20251107;074816.348;;25332.25;25332.25;1;ASK;;;;;
20251107;074816.348;25331.25;;25331.25;1;BID;;;;;
20251107;074817.928;;25332.50;25332.50;2;ASK;;;;;
20251107;074817.928;;25332.25;25332.25;1;ASK;;;;;
20251107;074817.928;25331.00;;25331.00;1;BID;;;;;
20251107;074818.136;;25332.00;25332.00;1;ASK;;;;;
20251107;074818.136;;25332.25;25332.25;1;ASK;;;;;
20251107;074818.136;25331.25;;25331.25;1;BID;;;;;
20251107;074818.368;25331.00;;25331.00;1;BID;;;;;
20251107;074818.784;;25332.00;25332.00;1;ASK;;;;;
20251107;074818.804;25330.75;;25330.75;3;BID;;;;;
20251107;074818.804;25330.75;;25330.75;2;BID;;;;;
20251107;074818.804;;25331.75;25331.75;1;ASK;;;;;
20251107;074818.808;25331.00;;25331.00;1;BID;;;;;
20251107;074818.808;;25332.00;25332.00;1;ASK;;;;;
20251107;074818.808;;25332.25;25332.25;1;ASK;;;;;
20251107;074818.808;;25332.25;25332.25;2;ASK;;;;;
20251107;074818.808;;25332.00;25332.00;1;ASK;;;;;
20251107;074818.808;25330.75;;25330.75;2;BID;;;;;
20251107;074818.836;25331.00;;25331.00;1;BID;;;;;
20251107;074818.836;;25332.25;25332.25;2;ASK;;;;;
20251107;074818.836;25331.25;;25331.25;1;BID;;;;;
20251107;074818.992;;25332.25;25332.25;1;ASK;;;;;
20251107;074818.992;;25332.00;25332.00;1;ASK;;;;;
20251107;074818.992;25331.00;;25331.00;1;BID;;;;;
20251107;074818.992;25330.75;;25330.75;2;BID;;;;;
20251107;074818.996;;25332.50;25332.50;2;ASK;;;;;
20251107;074818.996;;25332.50;25332.50;1;ASK;;;;;
20251107;074818.996;;25332.50;25332.50;2;ASK;;;;;
20251107;074818.996;;25332.25;25332.25;1;ASK;;;;;
20251107;074818.996;25331.00;;25331.00;1;BID;;;;;
20251107;074818.996;;25332.00;25332.00;1;ASK;;;;;
20251107;074819.212;25330.75;;25330.75;2;BID;;;;;
20251107;074819.260;25331.00;;25331.00;1;BID;;;;;
20251107;074819.648;;25332.25;25332.25;1;ASK;;;;;
20251107;074819.656;25330.75;;25330.75;2;BID;;;;;
20251107;074819.680;;25332.25;25332.25;2;ASK;;;;;
20251107;074819.680;;25332.00;25332.00;1;ASK;;;;;
20251107;074819.680;25331.00;;25331.00;1;BID;;;;;
20251107;074819.740;;25332.25;25332.25;1;ASK;;;;;
20251107;074819.792;25330.75;;25330.75;2;BID;;;;;
20251107;074819.792;;25332.00;25332.00;1;ASK;;;;;
20251107;074819.820;25331.00;;25331.00;1;BID;;;;;
20251107;074820.004;25330.75;;25330.75;2;BID;;;;;
20251107;074820.056;25331.00;;25331.00;1;BID;;;;;
20251107;074820.060;;25332.25;25332.25;1;ASK;;;;;
20251107;074820.060;25331.00;;25331.00;2;BID;;;;;
20251107;074820.212;;25332.00;25332.00;1;ASK;;;;;
20251107;074820.212;;25331.75;25331.75;1;ASK;;;;;
20251107;074820.212;25331.00;;25331.00;1;BID;;;;;
20251107;074820.212;;25332.00;25332.00;1;ASK;;;;;
20251107;074822.020;;25331.75;25331.75;1;ASK;;;;;
20251107;074822.020;25331.00;;25331.00;1;BID;;;;;
20251107;074822.020;25330.75;;25330.75;1;BID;;;;;
20251107;074822.020;25330.50;;25330.50;2;BID;;;;;
20251107;074822.020;;25331.50;25331.50;1;ASK;;;;;
20251107;074822.020;25330.50;;25330.50;1;BID;;;;;
20251107;074822.020;25330.25;;25330.25;3;BID;;;;;
20251107;074822.020;;25331.25;25331.25;1;ASK;;;;;
20251107;074822.020;25330.25;;25330.25;2;BID;;;;;
20251107;074822.020;;25331.75;25331.75;3;ASK;;;;;
20251107;074822.020;25330.25;;25330.25;1;BID;;;;;
20251107;074822.020;;25331.50;25331.50;1;ASK;;;;;
20251107;074822.020;25330.00;;25330.00;1;BID;;;;;
20251107;074822.020;25329.75;;25329.75;3;BID;;;;;
20251107;074822.020;;25331.00;25331.00;1;ASK;;;;;
20251107;074822.024;25330.00;;25330.00;1;BID;;;;;
20251107;074822.024;;25331.25;25331.25;1;ASK;;;;;
20251107;074822.024;25329.75;;25329.75;3;BID;;;;;
20251107;074822.024;;25331.00;25331.00;1;ASK;;;;;
20251107;074822.024;25330.00;;25330.00;1;BID;;;;;
20251107;074822.024;;25331.25;25331.25;1;ASK;;;;;
20251107;074822.024;25330.25;;25330.25;1;BID;;;;;
20251107;074822.840;25331.00;;25331.00;1;BID;;;;;
20251107;074822.840;25331.00;;25331.00;1;BID;;;;;
20251107;074822.840;25330.25;;25330.25;1;BID;;;;;
20251107;074822.840;;25331.75;25331.75;4;ASK;;;;;
20251107;074822.840;;25331.75;25331.75;3;ASK;;;;;
20251107;074822.844;;25331.50;25331.50;1;ASK;;;;;
20251107;074822.844;;25331.25;25331.25;1;ASK;;;;;
20251107;074822.844;25330.00;;25330.00;1;BID;;;;;
20251107;074822.844;25330.00;;25330.00;2;BID;;;;;
20251107;074822.876;25330.25;;25330.25;1;BID;;;;;
20251107;074823.036;25330.00;;25330.00;2;BID;;;;;
20251107;074823.036;;25331.00;25331.00;1;ASK;;;;;
20251107;074823.036;25330.25;;25330.25;1;BID;;;;;
20251107;074823.036;;25331.25;25331.25;1;ASK;;;;;
20251107;074824.644;25330.00;;25330.00;2;BID;;;;;
20251107;074824.644;;25331.00;25331.00;1;ASK;;;;;
20251107;074824.668;25330.25;;25330.25;1;BID;;;;;
20251107;074824.668;;25331.25;25331.25;1;ASK;;;;;
20251107;074824.684;25330.00;;25330.00;2;BID;;;;;
20251107;074824.744;;25331.00;25331.00;1;ASK;;;;;
20251107;074824.792;25330.25;;25330.25;1;BID;;;;;
20251107;074824.792;;25331.25;25331.25;1;ASK;;;;;
20251107;074824.844;25330.00;;25330.00;2;BID;;;;;
20251107;074825.116;;25331.25;25331.25;2;ASK;;;;;
20251107;074825.116;25330.00;;25330.00;1;BID;;;;;
20251107;074825.116;;25331.00;25331.00;1;ASK;;;;;
20251107;074825.116;25329.75;;25329.75;3;BID;;;;;
20251107;074825.116;;25331.25;25331.25;1;ASK;;;;;
20251107;074825.116;25330.00;;25330.00;1;BID;;;;;
20251107;074825.116;;25331.00;25331.00;1;ASK;;;;;
20251107;074825.116;25329.75;;25329.75;4;BID;;;;;
20251107;074825.116;25329.75;;25329.75;3;BID;;;;;
20251107;074825.120;25330.00;;25330.00;1;BID;;;;;
20251107;074825.120;;25331.25;25331.25;1;ASK;;;;;
20251107;074825.120;;25331.25;25331.25;2;ASK;;;;;
20251107;074825.120;;25331.00;25331.00;1;ASK;;;;;
20251107;074825.120;25329.75;;25329.75;3;BID;;;;;
20251107;074825.124;;25330.75;25330.75;1;ASK;;;;;
20251107;074825.124;25329.75;;25329.75;2;BID;;;;;
20251107;074825.140;;25331.00;25331.00;1;ASK;;;;;
20251107;074825.164;25330.00;;25330.00;1;BID;;;;;
20251107;074825.220;25329.75;;25329.75;2;BID;;;;;
20251107;074825.220;;25330.75;25330.75;1;ASK;;;;;
20251107;074825.252;25330.00;;25330.00;1;BID;;;;;
20251107;074825.252;;25331.00;25331.00;1;ASK;;;;;
20251107;074825.272;25329.75;;25329.75;2;BID;;;;;
20251107;074825.272;;25330.75;25330.75;1;ASK;;;;;
20251107;074825.324;25330.00;;25330.00;1;BID;;;;;
20251107;074825.324;;25331.00;25331.00;1;ASK;;;;;
20251107;074825.376;25329.75;;25329.75;2;BID;;;;;
20251107;074825.376;;25330.75;25330.75;1;ASK;;;;;
20251107;074825.432;25330.00;;25330.00;1;BID;;;;;
20251107;074825.432;;25331.00;25331.00;1;ASK;;;;;
20251107;074825.484;25329.75;;25329.75;2;BID;;;;;
20251107;074825.484;;25330.75;25330.75;1;ASK;;;;;
20251107;074825.536;25330.00;;25330.00;1;BID;;;;;
20251107;074825.536;;25331.00;25331.00;1;ASK;;;;;
20251107;074825.592;25329.75;;25329.75;2;BID;;;;;
20251107;074825.644;25330.00;;25330.00;1;BID;;;;;
20251107;074825.696;25329.75;;25329.75;2;BID;;;;;
20251107;074825.748;25330.00;;25330.00;1;BID;;;;;
20251107;074825.804;25329.75;;25329.75;2;BID;;;;;
20251107;074825.804;;25330.75;25330.75;1;ASK;;;;;
20251107;074825.856;25330.00;;25330.00;1;BID;;;;;
20251107;074825.856;;25331.00;25331.00;1;ASK;;;;;
20251107;074825.908;25329.75;;25329.75;2;BID;;;;;
20251107;074825.960;25330.00;;25330.00;1;BID;;;;;
20251107;074826.016;25329.75;;25329.75;2;BID;;;;;
20251107;074826.052;25330.00;;25330.00;1;BID;;;;;
20251107;074826.224;25329.75;;25329.75;2;BID;;;;;
20251107;074826.224;;25330.75;25330.75;1;ASK;;;;;
20251107;074826.228;25330.00;;25330.00;1;BID;;;;;
20251107;074826.228;;25331.00;25331.00;1;ASK;;;;;
20251107;074826.280;25329.75;;25329.75;2;BID;;;;;
20251107;074826.280;;25330.75;25330.75;1;ASK;;;;;
20251107;074826.336;25330.00;;25330.00;1;BID;;;;;
20251107;074826.336;;25331.00;25331.00;1;ASK;;;;;
20251107;074826.388;25329.75;;25329.75;2;BID;;;;;
20251107;074826.388;;25330.75;25330.75;1;ASK;;;;;
20251107;074826.648;25329.75;;25329.75;1;BID;;;;;
20251107;074826.648;;25330.75;25330.75;2;ASK;;;;;
20251107;074826.648;25329.75;;25329.75;2;BID;;;;;
20251107;074826.648;25329.75;;25329.75;1;BID;;;;;
20251107;074826.648;;25330.50;25330.50;1;ASK;;;;;
20251107;074826.652;25329.50;;25329.50;2;BID;;;;;
20251107;074826.652;25329.50;;25329.50;1;BID;;;;;
20251107;074826.652;;25330.25;25330.25;1;ASK;;;;;
20251107;074826.652;25329.25;;25329.25;1;BID;;;;;
20251107;074826.652;25329.00;;25329.00;1;BID;;;;;
20251107;074826.652;25328.75;;25328.75;3;BID;;;;;
20251107;074826.652;25328.75;;25328.75;2;BID;;;;;
20251107;074826.652;25328.75;;25328.75;3;BID;;;;;
20251107;074826.652;25329.00;;25329.00;1;BID;;;;;
20251107;074826.652;;25330.50;25330.50;1;ASK;;;;;
20251107;074826.652;25329.25;;25329.25;1;BID;;;;;
20251107;074826.652;;25330.25;25330.25;1;ASK;;;;;
20251107;074826.652;25329.00;;25329.00;2;BID;;;;;
20251107;074826.656;;25330.50;25330.50;1;ASK;;;;;
20251107;074826.656;25329.25;;25329.25;1;BID;;;;;
20251107;074826.668;;25330.25;25330.25;1;ASK;;;;;
20251107;074826.668;25329.00;;25329.00;3;BID;;;;;
20251107;074826.668;25329.25;;25329.25;1;BID;;;;;
20251107;074826.668;;25330.50;25330.50;1;ASK;;;;;
20251107;074826.668;25329.50;;25329.50;1;BID;;;;;
20251107;074826.708;25329.75;;25329.75;1;BID;;;;;
20251107;074826.708;;25330.75;25330.75;1;ASK;;;;;
20251107;074826.724;25329.50;;25329.50;1;BID;;;;;
20251107;074826.724;;25330.50;25330.50;1;ASK;;;;;
20251107;074826.724;25329.00;;25329.00;3;BID;;;;;
20251107;074826.724;25329.00;;25329.00;2;BID;;;;;
20251107;074826.724;;25330.25;25330.25;1;ASK;;;;;
20251107;074826.728;25329.25;;25329.25;1;BID;;;;;
20251107;074826.728;;25330.50;25330.50;1;ASK;;;;;
20251107;074826.760;25329.50;;25329.50;1;BID;;;;;
20251107;074827.080;;25330.75;25330.75;1;ASK;;;;;
20251107;074827.604;;25330.50;25330.50;1;ASK;;;;;
20251107;074827.604;;25330.75;25330.75;1;ASK;;;;;
20251107;074828.024;;25330.75;25330.75;2;ASK;;;;;
20251107;074828.024;;25330.50;25330.50;1;ASK;;;;;
20251107;074828.024;25329.25;;25329.25;1;BID;;;;;
20251107;074828.024;;25330.25;25330.25;1;ASK;;;;;
20251107;074828.028;25329.00;;25329.00;3;BID;;;;;
20251107;074828.028;25329.00;;25329.00;2;BID;;;;;
20251107;074828.028;25329.25;;25329.25;1;BID;;;;;
20251107;074828.028;;25330.50;25330.50;1;ASK;;;;;
20251107;074828.036;25329.25;;25329.25;2;BID;;;;;
20251107;074828.036;25329.50;;25329.50;1;BID;;;;;
20251107;074828.088;;25330.25;25330.25;1;ASK;;;;;
20251107;074828.088;25329.25;;25329.25;1;BID;;;;;
20251107;074828.112;25329.25;;25329.25;2;BID;;;;;
20251107;074828.112;;25330.50;25330.50;1;ASK;;;;;
20251107;074828.144;25329.50;;25329.50;1;BID;;;;;
20251107;074828.196;25329.25;;25329.25;1;BID;;;;;
20251107;074828.196;;25330.25;25330.25;1;ASK;;;;;
20251107;074828.196;25329.00;;25329.00;3;BID;;;;;
20251107;074828.196;25329.00;;25329.00;2;BID;;;;;
20251107;074828.228;25329.25;;25329.25;1;BID;;;;;
20251107;074828.228;;25330.50;25330.50;1;ASK;;;;;
20251107;074828.248;25329.50;;25329.50;1;BID;;;;;
20251107;074828.384;25329.50;;25329.50;2;BID;;;;;
20251107;074828.384;;25330.75;25330.75;1;ASK;;;;;
20251107;074828.384;25329.50;;25329.50;3;BID;;;;;
20251107;074828.384;25329.50;;25329.50;2;BID;;;;;
20251107;074828.384;25329.75;;25329.75;1;BID;;;;;
20251107;074828.384;;25330.50;25330.50;1;ASK;;;;;
20251107;074828.384;;25330.75;25330.75;1;ASK;;;;;
20251107;074828.384;25329.50;;25329.50;2;BID;;;;;
20251107;074828.384;;25331.00;25331.00;2;ASK;;;;;
20251107;074828.384;25329.75;;25329.75;1;BID;;;;;
20251107;074828.384;;25331.00;25331.00;1;ASK;;;;;
20251107;074828.384;;25330.75;25330.75;1;ASK;;;;;
20251107;074828.388;25330.00;;25330.00;1;BID;;;;;
20251107;074828.388;;25331.00;25331.00;1;ASK;;;;;
20251107;074828.396;25329.75;;25329.75;1;BID;;;;;
20251107;074828.396;;25330.75;25330.75;1;ASK;;;;;
20251107;074828.588;;25331.00;25331.00;1;ASK;;;;;
20251107;074829.276;;25330.75;25330.75;1;ASK;;;;;
20251107;074829.276;25329.50;;25329.50;3;BID;;;;;
20251107;074829.276;25329.50;;25329.50;2;BID;;;;;
20251107;074829.276;;25330.50;25330.50;1;ASK;;;;;
20251107;074829.276;;25330.75;25330.75;1;ASK;;;;;
20251107;074829.276;25329.75;;25329.75;1;BID;;;;;
20251107;074829.276;;25331.00;25331.00;3;ASK;;;;;
20251107;074829.276;;25331.00;25331.00;2;ASK;;;;;
20251107;074829.280;;25330.75;25330.75;1;ASK;;;;;
20251107;074829.280;25329.50;;25329.50;2;BID;;;;;
20251107;074829.312;25329.75;;25329.75;1;BID;;;;;
20251107;074829.364;25329.50;;25329.50;2;BID;;;;;
20251107;074829.420;25329.75;;25329.75;1;BID;;;;;
20251107;074829.452;;25331.00;25331.00;2;ASK;;;;;
20251107;074829.452;;25331.00;25331.00;3;ASK;;;;;
20251107;074829.452;;25330.75;25330.75;1;ASK;;;;;
20251107;074829.452;25329.50;;25329.50;2;BID;;;;;
20251107;074829.456;;25330.50;25330.50;1;ASK;;;;;
20251107;074829.528;25329.75;;25329.75;1;BID;;;;;
20251107;074829.528;;25330.75;25330.75;1;ASK;;;;;
20251107;074829.580;25329.50;;25329.50;2;BID;;;;;
20251107;074829.580;;25330.50;25330.50;1;ASK;;;;;
20251107;074829.580;25329.50;;25329.50;1;BID;;;;;
20251107;074829.580;25329.25;;25329.25;1;BID;;;;;
20251107;074829.580;;25330.25;25330.25;1;ASK;;;;;
20251107;074829.588;25329.25;;25329.25;2;BID;;;;;
20251107;074829.588;;25330.50;25330.50;1;ASK;;;;;
20251107;074829.604;25329.50;;25329.50;1;BID;;;;;
20251107;074829.604;25329.25;;25329.25;1;BID;;;;;
20251107;074829.604;;25330.25;25330.25;1;ASK;;;;;
20251107;074829.604;25329.00;;25329.00;2;BID;;;;;
20251107;074829.604;25329.00;;25329.00;1;BID;;;;;
20251107;074829.604;;25330.50;25330.50;1;ASK;;;;;
20251107;074829.604;25329.00;;25329.00;2;BID;;;;;
20251107;074829.604;25329.25;;25329.25;1;BID;;;;;
20251107;074829.604;;25330.25;25330.25;1;ASK;;;;;
20251107;074829.604;25329.00;;25329.00;2;BID;;;;;
20251107;074829.608;25329.25;;25329.25;1;BID;;;;;
20251107;074829.608;;25330.50;25330.50;1;ASK;;;;;
20251107;074829.632;25329.50;;25329.50;1;BID;;;;;
20251107;074829.660;25329.25;;25329.25;1;BID;;;;;
20251107;074829.660;;25330.25;25330.25;1;ASK;;;;;
20251107;074829.660;25329.00;;25329.00;3;BID;;;;;
20251107;074829.660;25329.00;;25329.00;2;BID;;;;;
20251107;074829.660;25329.25;;25329.25;1;BID;;;;;
20251107;074829.660;;25330.50;25330.50;1;ASK;;;;;
20251107;074829.660;25329.00;;25329.00;2;BID;;;;;
20251107;074829.660;;25330.25;25330.25;1;ASK;;;;;
20251107;074829.660;;25330.00;25330.00;1;ASK;;;;;
20251107;074829.688;25329.25;;25329.25;1;BID;;;;;
20251107;074829.688;;25330.25;25330.25;1;ASK;;;;;
20251107;074830.076;;25330.25;25330.25;2;ASK;;;;;
20251107;074830.076;;25330.00;25330.00;1;ASK;;;;;
20251107;074830.076;25329.25;;25329.25;1;BID;;;;;
20251107;074830.076;25328.75;;25328.75;3;BID;;;;;
20251107;074830.076;25329.00;;25329.00;1;BID;;;;;
20251107;074830.076;;25329.75;25329.75;1;ASK;;;;;
20251107;074830.076;;25330.00;25330.00;3;ASK;;;;;
20251107;074830.076;;25329.50;25329.50;1;ASK;;;;;
20251107;074830.076;25328.75;;25328.75;2;BID;;;;;
20251107;074830.076;25328.75;;25328.75;1;BID;;;;;
20251107;074830.076;25328.50;;25328.50;1;BID;;;;;
20251107;074830.080;25328.25;;25328.25;1;BID;;;;;
20251107;074830.080;25328.00;;25328.00;4;BID;;;;;
20251107;074830.080;25328.25;;25328.25;1;BID;;;;;
20251107;074830.080;25328.50;;25328.50;1;BID;;;;;
20251107;074830.080;;25329.75;25329.75;1;ASK;;;;;
20251107;074830.080;;25329.50;25329.50;1;ASK;;;;;
20251107;074830.080;25328.25;;25328.25;1;BID;;;;;
20251107;074830.084;25328.25;;25328.25;2;BID;;;;;
20251107;074830.084;25328.50;;25328.50;1;BID;;;;;
20251107;074830.084;;25329.75;25329.75;1;ASK;;;;;
20251107;074830.572;25328.75;;25328.75;1;BID;;;;;
20251107;074831.008;;25329.50;25329.50;1;ASK;;;;;
20251107;074831.008;25328.50;;25328.50;1;BID;;;;;
20251107;074831.008;25328.25;;25328.25;1;BID;;;;;
20251107;074831.008;;25329.25;25329.25;1;ASK;;;;;
20251107;074831.008;25328.00;;25328.00;4;BID;;;;;
20251107;074831.008;25328.25;;25328.25;1;BID;;;;;
20251107;074831.008;;25329.50;25329.50;1;ASK;;;;;
20251107;074831.008;25328.00;;25328.00;4;BID;;;;;
20251107;074831.008;;25329.75;25329.75;1;ASK;;;;;
20251107;074831.008;25328.50;;25328.50;1;BID;;;;;
20251107;074831.008;25328.00;;25328.00;4;BID;;;;;
20251107;074831.008;;25329.50;25329.50;1;ASK;;;;;
20251107;074831.008;25328.00;;25328.00;3;BID;;;;;
20251107;074831.008;25328.25;;25328.25;1;BID;;;;;
20251107;074831.008;;25329.25;25329.25;1;ASK;;;;;
20251107;074831.008;25328.00;;25328.00;3;BID;;;;;
20251107;074831.012;25328.25;;25328.25;1;BID;;;;;
20251107;074831.012;;25329.50;25329.50;1;ASK;;;;;
20251107;074831.012;25328.50;;25328.50;1;BID;;;;;
20251107;074831.016;;25329.25;25329.25;1;ASK;;;;;
20251107;074831.016;25328.25;;25328.25;1;BID;;;;;
20251107;074831.016;25328.00;;25328.00;4;BID;;;;;
20251107;074831.016;25328.00;;25328.00;3;BID;;;;;
20251107;074831.016;25328.00;;25328.00;4;BID;;;;;
20251107;074831.016;25328.25;;25328.25;1;BID;;;;;
20251107;074831.016;;25329.50;25329.50;1;ASK;;;;;
20251107;074831.200;;25329.25;25329.25;1;ASK;;;;;
20251107;074831.200;25328.00;;25328.00;4;BID;;;;;
20251107;074831.200;;25329.50;25329.50;1;ASK;;;;;
20251107;074831.232;25328.50;;25328.50;1;BID;;;;;
20251107;074831.232;;25329.25;25329.25;1;ASK;;;;;
20251107;074831.232;25328.00;;25328.00;5;BID;;;;;
20251107;074831.232;25328.00;;25328.00;4;BID;;;;;
20251107;074831.232;25328.25;;25328.25;1;BID;;;;;
20251107;074831.232;;25329.50;25329.50;1;ASK;;;;;
20251107;074831.232;;25329.75;25329.75;1;ASK;;;;;
20251107;074831.232;;25329.75;25329.75;2;ASK;;;;;
20251107;074831.232;;25329.50;25329.50;1;ASK;;;;;
20251107;074831.232;;25329.25;25329.25;1;ASK;;;;;
20251107;074831.728;25328.50;;25328.50;1;BID;;;;;
20251107;074831.728;;25329.50;25329.50;1;ASK;;;;;
20251107;074832.248;;25329.75;25329.75;1;ASK;;;;;
20251107;074832.248;25328.75;;25328.75;1;BID;;;;;
20251107;074832.248;;25330.00;25330.00;2;ASK;;;;;
20251107;074832.248;;25330.00;25330.00;1;ASK;;;;;
20251107;074832.248;;25330.25;25330.25;1;ASK;;;;;
20251107;074832.248;25328.75;;25328.75;2;BID;;;;;
20251107;074832.248;25329.00;;25329.00;1;BID;;;;;
20251107;074832.248;25328.75;;25328.75;2;BID;;;;;
20251107;074832.248;;25330.00;25330.00;1;ASK;;;;;
20251107;074832.248;;25330.25;25330.25;1;ASK;;;;;
20251107;074832.248;25329.00;;25329.00;1;BID;;;;;
20251107;074832.248;;25330.25;25330.25;1;ASK;;;;;
20251107;074832.248;;25330.75;25330.75;1;ASK;;;;;
20251107;074832.248;;25330.75;25330.75;1;ASK;;;;;
20251107;074832.248;;25331.00;25331.00;1;ASK;;;;;
20251107;074832.248;;25331.00;25331.00;1;ASK;;;;;
20251107;074832.248;;25331.00;25331.00;1;ASK;;;;;
20251107;074832.248;;25331.25;25331.25;1;ASK;;;;;
20251107;074832.248;;25331.25;25331.25;1;ASK;;;;;
20251107;074832.248;;25331.50;25331.50;1;ASK;;;;;
20251107;074832.248;;25331.75;25331.75;4;ASK;;;;;
20251107;074832.248;25329.25;;25329.25;1;BID;;;;;
20251107;074832.248;25329.50;;25329.50;1;BID;;;;;
20251107;074832.248;;25331.75;25331.75;3;ASK;;;;;
20251107;074832.248;;25331.75;25331.75;2;ASK;;;;;
20251107;074832.248;25329.75;;25329.75;1;BID;;;;;
20251107;074832.248;25329.75;;25329.75;2;BID;;;;;
20251107;074832.248;25329.75;;25329.75;3;BID;;;;;
20251107;074832.248;25329.75;;25329.75;4;BID;;;;;
20251107;074832.248;25330.00;;25330.00;1;BID;;;;;
20251107;074832.248;;25331.75;25331.75;1;ASK;;;;;
20251107;074832.248;25330.00;;25330.00;2;BID;;;;;
20251107;074832.248;25330.00;;25330.00;3;BID;;;;;
20251107;074832.248;25330.25;;25330.25;1;BID;;;;;
20251107;074832.248;;25332.25;25332.25;1;ASK;;;;;
20251107;074832.248;;25331.50;25331.50;1;ASK;;;;;
20251107;074832.248;25330.25;;25330.25;2;BID;;;;;
20251107;074832.248;25330.50;;25330.50;1;BID;;;;;
20251107;074832.248;;25332.25;25332.25;3;ASK;;;;;
20251107;074832.248;;25332.00;25332.00;1;ASK;;;;;
20251107;074832.248;;25331.75;25331.75;1;ASK;;;;;
20251107;074832.248;25330.50;;25330.50;2;BID;;;;;
20251107;074832.248;25330.75;;25330.75;1;BID;;;;;
20251107;074832.248;;25332.00;25332.00;1;ASK;;;;;
20251107;074832.248;;25332.00;25332.00;2;ASK;;;;;
20251107;074832.248;;25331.75;25331.75;1;ASK;;;;;
20251107;074832.248;25330.50;;25330.50;2;BID;;;;;
20251107;074832.248;25330.50;;25330.50;1;BID;;;;;
20251107;074832.248;25330.25;;25330.25;4;BID;;;;;
20251107;074832.248;;25331.75;25331.75;2;ASK;;;;;
20251107;074832.248;25330.25;;25330.25;3;BID;;;;;
20251107;074832.248;;25331.50;25331.50;1;ASK;;;;;
20251107;074832.248;25330.25;;25330.25;2;BID;;;;;
20251107;074832.248;25330.50;;25330.50;1;BID;;;;;
20251107;074832.248;;25331.75;25331.75;2;ASK;;;;;
20251107;074832.248;25330.50;;25330.50;2;BID;;;;;
20251107;074832.248;25330.50;;25330.50;1;BID;;;;;
20251107;074832.252;25330.50;;25330.50;2;BID;;;;;
20251107;074832.260;25330.75;;25330.75;1;BID;;;;;
20251107;074832.260;;25331.75;25331.75;1;ASK;;;;;
20251107;074832.260;;25332.00;25332.00;3;ASK;;;;;
20251107;074832.260;;25332.00;25332.00;2;ASK;;;;;
20251107;074832.260;;25331.75;25331.75;1;ASK;;;;;
20251107;074832.260;;25331.75;25331.75;2;ASK;;;;;
20251107;074832.296;;25331.75;25331.75;1;ASK;;;;;
20251107;074832.296;;25332.00;25332.00;2;ASK;;;;;
20251107;074832.296;;25331.75;25331.75;1;ASK;;;;;
20251107;074832.296;;25331.75;25331.75;2;ASK;;;;;
20251107;074832.296;;25331.50;25331.50;1;ASK;;;;;
20251107;074832.296;25330.25;;25330.25;3;BID;;;;;
20251107;074832.296;25330.25;;25330.25;2;BID;;;;;
20251107;074832.296;25330.50;;25330.50;1;BID;;;;;
20251107;074832.296;;25331.75;25331.75;3;ASK;;;;;
20251107;074832.336;25330.75;;25330.75;1;BID;;;;;
20251107;074832.336;;25331.75;25331.75;2;ASK;;;;;
20251107;074832.364;25330.50;;25330.50;1;BID;;;;;
20251107;074832.364;;25331.50;25331.50;1;ASK;;;;;
20251107;074832.364;25330.25;;25330.25;3;BID;;;;;
20251107;074832.364;25330.25;;25330.25;2;BID;;;;;
20251107;074832.364;25330.50;;25330.50;1;BID;;;;;
20251107;074832.364;;25331.75;25331.75;3;ASK;;;;;
20251107;074832.364;25330.25;;25330.25;2;BID;;;;;
20251107;074832.364;;25331.50;25331.50;1;ASK;;;;;
20251107;074832.372;25330.50;;25330.50;1;BID;;;;;
20251107;074832.372;;25331.75;25331.75;3;ASK;;;;;
20251107;074832.372;25330.50;;25330.50;2;BID;;;;;
20251107;074832.388;25330.75;;25330.75;1;BID;;;;;
20251107;074832.388;;25331.75;25331.75;2;ASK;;;;;
20251107;074832.388;25330.50;;25330.50;1;BID;;;;;
20251107;074832.412;25330.75;;25330.75;1;BID;;;;;
20251107;074832.416;;25331.50;25331.50;1;ASK;;;;;
20251107;074832.416;25330.25;;25330.25;3;BID;;;;;
20251107;074832.416;25330.25;;25330.25;2;BID;;;;;
20251107;074832.420;;25331.75;25331.75;3;ASK;;;;;
20251107;074832.420;;25331.75;25331.75;2;ASK;;;;;
20251107;074832.420;25330.25;;25330.25;3;BID;;;;;
20251107;074832.420;25330.50;;25330.50;1;BID;;;;;
20251107;074832.452;25330.75;;25330.75;1;BID;;;;;
20251107;074832.484;;25331.50;25331.50;1;ASK;;;;;
20251107;074832.484;25330.25;;25330.25;3;BID;;;;;
20251107;074832.484;;25331.75;25331.75;3;ASK;;;;;
20251107;074832.484;25330.25;;25330.25;2;BID;;;;;
20251107;074832.484;;25331.50;25331.50;1;ASK;;;;;
20251107;074832.484;25330.25;;25330.25;1;BID;;;;;
20251107;074832.484;25330.00;;25330.00;3;BID;;;;;
20251107;074832.484;;25331.25;25331.25;1;ASK;;;;;
20251107;074832.484;25330.00;;25330.00;2;BID;;;;;
20251107;074832.484;25330.00;;25330.00;1;BID;;;;;
20251107;074832.484;25329.75;;25329.75;4;BID;;;;;
20251107;074832.484;25329.75;;25329.75;3;BID;;;;;
20251107;074832.484;;25331.00;25331.00;1;ASK;;;;;
20251107;074832.488;25330.00;;25330.00;1;BID;;;;;
20251107;074832.488;;25331.25;25331.25;1;ASK;;;;;
20251107;074832.492;25330.00;;25330.00;2;BID;;;;;
20251107;074832.560;25330.25;;25330.25;1;BID;;;;;
20251107;074832.560;;25331.50;25331.50;3;ASK;;;;;
20251107;074832.560;;25331.50;25331.50;2;ASK;;;;;
20251107;074832.560;;25331.25;25331.25;1;ASK;;;;;
20251107;074832.576;25330.00;;25330.00;1;BID;;;;;
20251107;074832.576;;25331.00;25331.00;1;ASK;;;;;
20251107;074832.576;25329.75;;25329.75;4;BID;;;;;
20251107;074832.576;25329.75;;25329.75;3;BID;;;;;
20251107;074832.580;25330.00;;25330.00;1;BID;;;;;
20251107;074832.580;;25331.25;25331.25;1;ASK;;;;;
20251107;074832.612;25330.25;;25330.25;1;BID;;;;;
20251107;074832.664;25330.00;;25330.00;1;BID;;;;;
20251107;074832.716;25330.25;;25330.25;1;BID;;;;;
20251107;074832.716;;25331.50;25331.50;3;ASK;;;;;
20251107;074832.716;;25331.50;25331.50;2;ASK;;;;;
20251107;074832.724;;25331.25;25331.25;1;ASK;;;;;
20251107;074832.752;;25331.25;25331.25;1;ASK;;;;;
20251107;074832.752;;25331.50;25331.50;2;ASK;;;;;
20251107;074832.752;25330.50;;25330.50;1;BID;;;;;
20251107;074832.752;;25331.50;25331.50;1;ASK;;;;;
20251107;074832.752;;25331.75;25331.75;4;ASK;;;;;
20251107;074832.752;;25331.75;25331.75;3;ASK;;;;;
20251107;074832.752;25330.75;;25330.75;1;BID;;;;;
20251107;074832.752;;25331.50;25331.50;1;ASK;;;;;
20251107;074832.752;25330.25;;25330.25;1;BID;;;;;
20251107;074832.752;25330.50;;25330.50;1;BID;;;;;
20251107;074832.752;;25331.75;25331.75;3;ASK;;;;;
20251107;074832.760;;25331.50;25331.50;1;ASK;;;;;
20251107;074832.760;25330.25;;25330.25;1;BID;;;;;
20251107;074832.760;;25331.75;25331.75;3;ASK;;;;;
20251107;074832.760;25330.50;;25330.50;1;BID;;;;;
20251107;074832.812;;25331.75;25331.75;2;ASK;;;;;
20251107;074832.856;;25331.50;25331.50;1;ASK;;;;;
20251107;074832.856;25330.25;;25330.25;1;BID;;;;;
20251107;074832.856;25330.25;;25330.25;2;BID;;;;;
20251107;074832.856;;25331.75;25331.75;2;ASK;;;;;
20251107;074832.856;;25331.75;25331.75;3;ASK;;;;;
20251107;074832.856;25330.50;;25330.50;1;BID;;;;;
20251107;074832.892;25330.25;;25330.25;2;BID;;;;;
20251107;074832.892;;25331.75;25331.75;2;ASK;;;;;
20251107;074832.932;25330.50;;25330.50;1;BID;;;;;
20251107;074832.932;25330.75;;25330.75;1;BID;;;;;
20251107;074832.932;;25331.75;25331.75;1;ASK;;;;;
20251107;074832.932;25330.50;;25330.50;1;BID;;;;;
20251107;074832.932;;25332.00;25332.00;3;ASK;;;;;
20251107;074832.932;;25332.00;25332.00;2;ASK;;;;;
20251107;074832.932;;25331.50;25331.50;1;ASK;;;;;
20251107;074832.932;;25332.00;25332.00;2;ASK;;;;;
20251107;074832.932;;25331.75;25331.75;1;ASK;;;;;
20251107;074832.932;;25331.75;25331.75;2;ASK;;;;;
20251107;074832.932;;25331.75;25331.75;3;ASK;;;;;
20251107;074832.932;;25331.50;25331.50;1;ASK;;;;;
20251107;074833.056;;25331.75;25331.75;3;ASK;;;;;
20251107;074833.056;;25331.75;25331.75;2;ASK;;;;;
20251107;074833.140;;25331.50;25331.50;1;ASK;;;;;
20251107;074833.140;25330.25;;25330.25;2;BID;;;;;
20251107;074833.140;;25331.75;25331.75;2;ASK;;;;;
20251107;074833.140;;25331.50;25331.50;1;ASK;;;;;
20251107;074833.196;25330.50;;25330.50;1;BID;;;;;
20251107;074833.196;;25331.75;25331.75;3;ASK;;;;;
20251107;074833.248;;25331.50;25331.50;1;ASK;;;;;
20251107;074833.248;25330.25;;25330.25;2;BID;;;;;
20251107;074833.356;25330.50;;25330.50;1;BID;;;;;
20251107;074833.356;;25331.75;25331.75;3;ASK;;;;;
20251107;074833.356;;25331.75;25331.75;2;ASK;;;;;
20251107;074833.384;;25331.50;25331.50;1;ASK;;;;;
20251107;074833.384;25330.25;;25330.25;2;BID;;;;;
20251107;074833.384;;25331.75;25331.75;2;ASK;;;;;
20251107;074833.384;25330.25;;25330.25;1;BID;;;;;
20251107;074833.384;;25331.75;25331.75;3;ASK;;;;;
20251107;074833.384;;25331.50;25331.50;1;ASK;;;;;
20251107;074833.384;25330.00;;25330.00;2;BID;;;;;
20251107;074833.384;25330.00;;25330.00;1;BID;;;;;
20251107;074833.388;25330.00;;25330.00;2;BID;;;;;
20251107;074833.388;25330.25;;25330.25;1;BID;;;;;
20251107;074833.392;25330.25;;25330.25;2;BID;;;;;
20251107;074833.408;25330.50;;25330.50;1;BID;;;;;
20251107;074833.408;;25331.75;25331.75;3;ASK;;;;;
20251107;074833.424;;25331.50;25331.50;1;ASK;;;;;
20251107;074833.424;25330.25;;25330.25;1;BID;;;;;
20251107;074835.440;25330.00;;25330.00;3;BID;;;;;
20251107;074835.440;;25331.25;25331.25;1;ASK;;;;;
20251107;074835.440;25330.00;;25330.00;2;BID;;;;;
20251107;074835.440;;25331.00;25331.00;1;ASK;;;;;
20251107;074835.440;25330.00;;25330.00;1;BID;;;;;
20251107;074835.440;25329.75;;25329.75;2;BID;;;;;
20251107;074835.440;25330.00;;25330.00;1;BID;;;;;
20251107;074835.440;;25331.50;25331.50;1;ASK;;;;;
20251107;074835.440;;25331.50;25331.50;2;ASK;;;;;
20251107;074835.440;;25331.25;25331.25;1;ASK;;;;;
20251107;074835.452;25330.00;;25330.00;2;BID;;;;;
20251107;074835.452;25330.25;;25330.25;1;BID;;;;;
20251107;074835.452;25330.50;;25330.50;1;BID;;;;;
20251107;074835.452;;25331.50;25331.50;3;ASK;;;;;
20251107;074835.452;;25331.50;25331.50;2;ASK;;;;;
20251107;074835.452;25330.00;;25330.00;1;BID;;;;;
20251107;074835.456;;25331.25;25331.25;1;ASK;;;;;
20251107;074835.460;25330.00;;25330.00;2;BID;;;;;
20251107;074835.460;25330.25;;25330.25;1;BID;;;;;
20251107;074835.652;25330.00;;25330.00;2;BID;;;;;
20251107;074835.652;25330.00;;25330.00;1;BID;;;;;
20251107;074835.652;25329.75;;25329.75;3;BID;;;;;
20251107;074835.652;;25331.00;25331.00;1;ASK;;;;;
20251107;074835.652;25329.75;;25329.75;2;BID;;;;;
20251107;074835.656;25330.00;;25330.00;1;BID;;;;;
20251107;074835.656;;25331.25;25331.25;1;ASK;;;;;
20251107;074835.656;;25331.00;25331.00;1;ASK;;;;;
20251107;074835.656;25329.75;;25329.75;2;BID;;;;;
20251107;074835.668;25329.75;;25329.75;3;BID;;;;;
20251107;074835.668;25329.75;;25329.75;4;BID;;;;;
20251107;074835.668;25330.00;;25330.00;1;BID;;;;;
20251107;074835.668;;25331.25;25331.25;1;ASK;;;;;
20251107;074835.944;25330.00;;25330.00;2;BID;;;;;
20251107;074835.960;25330.25;;25330.25;1;BID;;;;;
20251107;074835.960;;25331.50;25331.50;3;ASK;;;;;
20251107;074835.960;;25331.50;25331.50;2;ASK;;;;;
20251107;074835.964;;25331.25;25331.25;1;ASK;;;;;
20251107;074836.016;25330.00;;25330.00;1;BID;;;;;
20251107;074836.016;25330.00;;25330.00;2;BID;;;;;
20251107;074836.044;25330.00;;25330.00;3;BID;;;;;
20251107;074836.044;25330.25;;25330.25;1;BID;;;;;
20251107;074836.044;25330.25;;25330.25;2;BID;;;;;
20251107;074836.044;;25331.50;25331.50;2;ASK;;;;;
20251107;074836.048;25330.25;;25330.25;1;BID;;;;;
20251107;074836.048;;25331.25;25331.25;1;ASK;;;;;
20251107;074836.068;25330.00;;25330.00;3;BID;;;;;
20251107;074836.068;25330.00;;25330.00;2;BID;;;;;
20251107;074836.120;25330.25;;25330.25;1;BID;;;;;
20251107;074836.120;;25331.50;25331.50;2;ASK;;;;;
20251107;074836.280;25330.00;;25330.00;2;BID;;;;;
20251107;074836.280;;25331.25;25331.25;1;ASK;;;;;
20251107;074836.336;25330.25;;25330.25;1;BID;;;;;
20251107;074836.336;;25331.50;25331.50;2;ASK;;;;;
20251107;074836.388;25330.00;;25330.00;2;BID;;;;;
20251107;074836.388;;25331.25;25331.25;1;ASK;;;;;
20251107;074836.444;25330.25;;25330.25;1;BID;;;;;
20251107;074836.444;;25331.50;25331.50;2;ASK;;;;;
20251107;074836.496;25330.00;;25330.00;2;BID;;;;;
20251107;074836.496;;25331.25;25331.25;1;ASK;;;;;
20251107;074836.548;25330.25;;25330.25;1;BID;;;;;
20251107;074836.548;;25331.50;25331.50;2;ASK;;;;;
20251107;074836.600;25330.00;;25330.00;2;BID;;;;;
20251107;074836.600;;25331.25;25331.25;1;ASK;;;;;
20251107;074836.652;25330.25;;25330.25;1;BID;;;;;
20251107;074836.652;;25331.50;25331.50;2;ASK;;;;;
20251107;074836.708;25330.00;;25330.00;2;BID;;;;;
20251107;074836.708;;25331.25;25331.25;1;ASK;;;;;
20251107;074836.760;25330.25;;25330.25;1;BID;;;;;
20251107;074836.760;;25331.50;25331.50;2;ASK;;;;;
20251107;074836.772;25330.00;;25330.00;2;BID;;;;;
20251107;074836.772;;25331.25;25331.25;1;ASK;;;;;
20251107;074836.812;25330.25;;25330.25;1;BID;;;;;
20251107;074836.812;;25331.50;25331.50;2;ASK;;;;;
20251107;074836.868;25330.00;;25330.00;2;BID;;;;;
20251107;074836.868;;25331.25;25331.25;1;ASK;;;;;
20251107;074836.920;25330.25;;25330.25;1;BID;;;;;
20251107;074836.920;;25331.50;25331.50;2;ASK;;;;;
20251107;074836.972;25330.00;;25330.00;2;BID;;;;;
20251107;074836.972;;25331.25;25331.25;1;ASK;;;;;
20251107;074837.028;25330.25;;25330.25;1;BID;;;;;
20251107;074837.028;;25331.50;25331.50;2;ASK;;;;;
20251107;074837.080;25330.00;;25330.00;2;BID;;;;;
20251107;074837.080;;25331.25;25331.25;1;ASK;;;;;
20251107;074837.164;25330.00;;25330.00;3;BID;;;;;
20251107;074837.164;25330.25;;25330.25;1;BID;;;;;
20251107;074837.164;;25331.50;25331.50;2;ASK;;;;;
20251107;074837.164;25330.50;;25330.50;1;BID;;;;;
20251107;074837.164;25330.25;;25330.25;1;BID;;;;;
20251107;074837.164;25330.00;;25330.00;3;BID;;;;;
20251107;074837.164;25330.00;;25330.00;2;BID;;;;;
20251107;074837.164;;25331.25;25331.25;1;ASK;;;;;
20251107;074837.316;;25331.50;25331.50;2;ASK;;;;;
20251107;074837.316;25330.25;;25330.25;1;BID;;;;;
20251107;074837.316;25330.25;;25330.25;2;BID;;;;;
20251107;074837.344;25330.25;;25330.25;1;BID;;;;;
20251107;074837.344;;25331.25;25331.25;1;ASK;;;;;
20251107;074837.344;25330.00;;25330.00;2;BID;;;;;
20251107;074837.764;25330.25;;25330.25;1;BID;;;;;
20251107;074837.764;;25331.50;25331.50;2;ASK;;;;;
20251107;074838.184;;25331.25;25331.25;1;ASK;;;;;
20251107;074838.184;25330.00;;25330.00;2;BID;;;;;
20251107;074838.304;25330.25;;25330.25;1;BID;;;;;
20251107;074838.304;;25331.50;25331.50;2;ASK;;;;;
20251107;074838.324;;25331.50;25331.50;3;ASK;;;;;
20251107;074838.324;;25331.25;25331.25;1;ASK;;;;;
20251107;074838.324;25330.00;;25330.00;2;BID;;;;;
20251107;074839.528;25330.00;;25330.00;1;BID;;;;;
20251107;074840.152;;25331.50;25331.50;2;ASK;;;;;
20251107;074840.152;25330.25;;25330.25;1;BID;;;;;
20251107;074840.284;;25331.25;25331.25;1;ASK;;;;;
20251107;074840.284;25330.00;;25330.00;1;BID;;;;;
20251107;074840.284;25329.75;;25329.75;3;BID;;;;;
20251107;074840.284;25329.75;;25329.75;2;BID;;;;;
20251107;074840.284;;25331.00;25331.00;1;ASK;;;;;
20251107;074840.284;25329.75;;25329.75;1;BID;;;;;
20251107;074840.284;25329.50;;25329.50;2;BID;;;;;
20251107;074840.288;25329.50;;25329.50;1;BID;;;;;
20251107;074840.288;;25330.75;25330.75;1;ASK;;;;;
20251107;074840.288;25329.25;;25329.25;4;BID;;;;;
20251107;074840.288;25329.25;;25329.25;5;BID;;;;;
20251107;074840.288;25329.25;;25329.25;4;BID;;;;;
20251107;074840.288;25329.75;;25329.75;1;BID;;;;;
20251107;074840.288;25329.25;;25329.25;2;BID;;;;;
20251107;074840.288;25329.50;;25329.50;1;BID;;;;;
20251107;074840.288;;25331.00;25331.00;2;ASK;;;;;
20251107;074840.288;;25331.00;25331.00;1;ASK;;;;;
20251107;074840.288;;25331.25;25331.25;1;ASK;;;;;
20251107;074840.288;;25331.25;25331.25;2;ASK;;;;;
20251107;074840.288;;25330.75;25330.75;1;ASK;;;;;
20251107;074840.288;25329.50;;25329.50;2;BID;;;;;
20251107;074840.288;25329.50;;25329.50;1;BID;;;;;
20251107;074840.296;;25331.00;25331.00;1;ASK;;;;;
20251107;074840.296;25329.75;;25329.75;1;BID;;;;;
20251107;074840.300;25329.75;;25329.75;2;BID;;;;;
20251107;074840.304;25329.75;;25329.75;1;BID;;;;;
20251107;074840.304;;25330.75;25330.75;1;ASK;;;;;
20251107;074840.304;25329.50;;25329.50;1;BID;;;;;
20251107;074840.320;25329.50;;25329.50;2;BID;;;;;
20251107;074840.320;25329.75;;25329.75;1;BID;;;;;
20251107;074840.320;;25331.00;25331.00;1;ASK;;;;;
20251107;074840.380;;25330.75;25330.75;1;ASK;;;;;
20251107;074840.380;25329.50;;25329.50;1;BID;;;;;
20251107;074840.380;25329.50;;25329.50;2;BID;;;;;
20251107;074840.380;;25331.00;25331.00;1;ASK;;;;;
20251107;074840.432;25329.75;;25329.75;1;BID;;;;;
20251107;074840.476;;25331.00;25331.00;2;ASK;;;;;
20251107;074840.476;;25330.75;25330.75;1;ASK;;;;;
20251107;074840.476;25329.50;;25329.50;1;BID;;;;;
20251107;074840.536;25329.75;;25329.75;1;BID;;;;;
20251107;074840.536;;25331.00;25331.00;1;ASK;;;;;
20251107;074841.112;;25331.00;25331.00;2;ASK;;;;;
20251107;074841.112;;25330.75;25330.75;1;ASK;;;;;
20251107;074841.112;25329.50;;25329.50;1;BID;;;;;
20251107;074841.112;;25331.00;25331.00;2;ASK;;;;;
20251107;074841.116;25329.75;;25329.75;1;BID;;;;;
20251107;074841.124;25330.00;;25330.00;1;BID;;;;;
20251107;074841.124;;25331.00;25331.00;1;ASK;;;;;
20251107;074841.124;;25331.25;25331.25;2;ASK;;;;;
20251107;074841.124;;25331.25;25331.25;1;ASK;;;;;
20251107;074841.124;;25331.00;25331.00;1;ASK;;;;;
20251107;074841.144;;25331.25;25331.25;1;ASK;;;;;
20251107;074841.144;25330.25;;25330.25;3;BID;;;;;
20251107;074841.144;;25331.50;25331.50;1;ASK;;;;;
20251107;074841.144;25330.50;;25330.50;1;BID;;;;;
20251107;074841.144;;25331.75;25331.75;3;ASK;;;;;
20251107;074841.144;;25331.75;25331.75;2;ASK;;;;;
20251107;074841.144;25330.75;;25330.75;1;BID;;;;;
20251107;074841.148;;25331.50;25331.50;1;ASK;;;;;
20251107;074841.148;25330.25;;25330.25;4;BID;;;;;
20251107;074841.148;25330.25;;25330.25;3;BID;;;;;
20251107;074841.148;25330.50;;25330.50;1;BID;;;;;
20251107;074841.148;;25331.75;25331.75;2;ASK;;;;;
20251107;074841.452;;25331.50;25331.50;1;ASK;;;;;
20251107;074841.452;25330.25;;25330.25;3;BID;;;;;
20251107;074841.588;;25331.50;25331.50;1;ASK;;;;;
20251107;074841.588;;25331.75;25331.75;2;ASK;;;;;
20251107;074841.588;25330.50;;25330.50;1;BID;;;;;
20251107;074841.588;;25331.75;25331.75;1;ASK;;;;;
20251107;074841.588;;25332.00;25332.00;3;ASK;;;;;
20251107;074841.588;25330.50;;25330.50;2;BID;;;;;
20251107;074841.588;25330.50;;25330.50;3;BID;;;;;
20251107;074841.588;25330.75;;25330.75;1;BID;;;;;
20251107;074841.588;;25332.00;25332.00;2;ASK;;;;;
20251107;074841.592;;25332.00;25332.00;1;ASK;;;;;
20251107;074841.592;25331.00;;25331.00;1;BID;;;;;
20251107;074841.592;;25332.50;25332.50;1;ASK;;;;;
20251107;074841.592;;25332.75;25332.75;2;ASK;;;;;
20251107;074841.592;;25332.50;25332.50;1;ASK;;;;;
20251107;074841.592;;25332.75;25332.75;2;ASK;;;;;
20251107;074841.592;;25332.75;25332.75;3;ASK;;;;;
20251107;074841.592;;25332.25;25332.25;1;ASK;;;;;
20251107;074841.596;25331.00;;25331.00;2;BID;;;;;
20251107;074841.596;25331.25;;25331.25;1;BID;;;;;
20251107;074841.596;;25332.75;25332.75;4;ASK;;;;;
20251107;074841.596;;25332.75;25332.75;3;ASK;;;;;
20251107;074841.596;;25332.75;25332.75;2;ASK;;;;;
20251107;074841.596;;25332.50;25332.50;1;ASK;;;;;
20251107;074841.596;25331.00;;25331.00;2;BID;;;;;
20251107;074841.596;25331.00;;25331.00;1;BID;;;;;
20251107;074841.596;;25332.50;25332.50;2;ASK;;;;;
20251107;074841.596;;25332.50;25332.50;3;ASK;;;;;
20251107;074841.600;;25332.25;25332.25;1;ASK;;;;;
20251107;074841.600;;25332.25;25332.25;2;ASK;;;;;
20251107;074841.600;;25332.25;25332.25;1;ASK;;;;;
20251107;074841.600;;25332.50;25332.50;2;ASK;;;;;
20251107;074841.600;;25332.50;25332.50;3;ASK;;;;;
20251107;074841.600;;25332.50;25332.50;2;ASK;;;;;
20251107;074841.604;;25332.25;25332.25;1;ASK;;;;;
20251107;074841.604;25331.00;;25331.00;2;BID;;;;;
20251107;074841.604;25331.25;;25331.25;1;BID;;;;;
20251107;074841.604;25331.00;;25331.00;2;BID;;;;;
20251107;074841.604;25331.00;;25331.00;1;BID;;;;;
20251107;074841.676;25331.00;;25331.00;2;BID;;;;;
20251107;074841.676;;25332.50;25332.50;2;ASK;;;;;
20251107;074841.676;25331.25;;25331.25;1;BID;;;;;
20251107;074841.676;;25332.25;25332.25;1;ASK;;;;;
20251107;074841.676;25331.00;;25331.00;1;BID;;;;;
20251107;074842.128;25331.00;;25331.00;2;BID;;;;;
20251107;074842.128;25331.25;;25331.25;1;BID;;;;;
20251107;074842.128;;25332.50;25332.50;2;ASK;;;;;
20251107;074842.128;;25332.25;25332.25;1;ASK;;;;;
20251107;074842.128;25331.00;;25331.00;1;BID;;;;;
20251107;074842.128;25331.00;;25331.00;2;BID;;;;;
20251107;074842.128;25331.25;;25331.25;1;BID;;;;;
20251107;074842.128;;25332.50;25332.50;2;ASK;;;;;
20251107;074842.132;25331.00;;25331.00;1;BID;;;;;
20251107;074842.132;;25332.25;25332.25;1;ASK;;;;;
20251107;074842.132;;25332.25;25332.25;2;ASK;;;;;
20251107;074842.132;25330.75;;25330.75;2;BID;;;;;
20251107;074842.132;25330.75;;25330.75;1;BID;;;;;
20251107;074842.132;;25332.00;25332.00;1;ASK;;;;;
20251107;074842.132;;25332.25;25332.25;2;ASK;;;;;
20251107;074842.164;25330.75;;25330.75;2;BID;;;;;
20251107;074842.164;25331.00;;25331.00;1;BID;;;;;
20251107;074842.164;;25332.00;25332.00;1;ASK;;;;;
20251107;074842.164;25330.75;;25330.75;1;BID;;;;;
20251107;074842.980;25330.50;;25330.50;3;BID;;;;;
20251107;074842.980;25330.50;;25330.50;2;BID;;;;;
20251107;074842.984;25330.75;;25330.75;1;BID;;;;;
20251107;074843.176;;25332.25;25332.25;2;ASK;;;;;
20251107;074843.188;25330.75;;25330.75;2;BID;;;;;
20251107;074843.188;25331.00;;25331.00;1;BID;;;;;
20251107;074843.272;25330.75;;25330.75;2;BID;;;;;
20251107;074843.272;25330.75;;25330.75;1;BID;;;;;
20251107;074843.272;;25332.00;25332.00;1;ASK;;;;;
20251107;074843.272;;25332.00;25332.00;2;ASK;;;;;
20251107;074843.276;;25331.75;25331.75;1;ASK;;;;;
20251107;074843.276;25330.50;;25330.50;3;BID;;;;;
20251107;074843.276;25330.50;;25330.50;2;BID;;;;;
20251107;074843.296;25330.50;;25330.50;3;BID;;;;;
20251107;074843.296;25330.75;;25330.75;1;BID;;;;;
20251107;074843.296;;25332.00;25332.00;2;ASK;;;;;
20251107;074843.296;;25332.00;25332.00;1;ASK;;;;;
20251107;074843.296;;25332.25;25332.25;3;ASK;;;;;
20251107;074843.296;;25332.25;25332.25;2;ASK;;;;;
20251107;074843.296;25331.00;;25331.00;1;BID;;;;;
20251107;074843.300;25330.75;;25330.75;1;BID;;;;;
20251107;074843.300;;25332.00;25332.00;1;ASK;;;;;
20251107;074843.304;25330.75;;25330.75;2;BID;;;;;
20251107;074843.304;25331.00;;25331.00;1;BID;;;;;
20251107;074843.304;;25332.25;25332.25;2;ASK;;;;;
20251107;074843.320;25330.75;;25330.75;2;BID;;;;;
20251107;074843.320;;25332.00;25332.00;1;ASK;;;;;
20251107;074843.320;25330.75;;25330.75;1;BID;;;;;
20251107;074844.632;;25332.00;25332.00;2;ASK;;;;;
20251107;074844.632;25330.50;;25330.50;2;BID;;;;;
20251107;074844.632;;25331.75;25331.75;1;ASK;;;;;
20251107;074844.632;;25332.00;25332.00;2;ASK;;;;;
20251107;074844.632;25330.75;;25330.75;1;BID;;;;;
20251107;074845.208;25330.50;;25330.50;2;BID;;;;;
20251107;074845.692;25330.50;;25330.50;3;BID;;;;;
20251107;074845.692;25330.75;;25330.75;1;BID;;;;;
20251107;074845.692;;25332.00;25332.00;1;ASK;;;;;
20251107;074845.692;;25332.25;25332.25;2;ASK;;;;;
20251107;074845.720;25330.75;;25330.75;2;BID;;;;;
20251107;074845.720;25331.00;;25331.00;1;BID;;;;;
20251107;074845.720;25330.75;;25330.75;2;BID;;;;;
20251107;074845.720;25330.75;;25330.75;1;BID;;;;;
20251107;074845.720;;25332.00;25332.00;1;ASK;;;;;
20251107;074845.720;25330.50;;25330.50;2;BID;;;;;
20251107;074845.720;;25331.75;25331.75;1;ASK;;;;;
20251107;074845.724;25330.50;;25330.50;1;BID;;;;;
20251107;074845.724;25330.25;;25330.25;4;BID;;;;;
20251107;074845.724;25330.50;;25330.50;1;BID;;;;;
20251107;074845.752;25330.50;;25330.50;2;BID;;;;;
20251107;074845.752;;25332.25;25332.25;2;ASK;;;;;
20251107;074845.752;25330.75;;25330.75;1;BID;;;;;
20251107;074845.752;;25332.00;25332.00;1;ASK;;;;;
20251107;074845.804;;25331.75;25331.75;1;ASK;;;;;
20251107;074845.804;25330.50;;25330.50;1;BID;;;;;
20251107;074845.960;25330.25;;25330.25;5;BID;;;;;
20251107;074845.960;25330.25;;25330.25;4;BID;;;;;
20251107;074845.960;;25331.50;25331.50;1;ASK;;;;;
20251107;074845.964;;25331.75;25331.75;1;ASK;;;;;
20251107;074845.964;25330.50;;25330.50;1;BID;;;;;
20251107;074846.088;;25331.50;25331.50;1;ASK;;;;;
20251107;074846.088;25330.25;;25330.25;4;BID;;;;;
20251107;074846.124;25330.50;;25330.50;1;BID;;;;;
20251107;074846.124;;25331.75;25331.75;1;ASK;;;;;
20251107;074846.176;25330.25;;25330.25;4;BID;;;;;
20251107;074846.340;25330.50;;25330.50;1;BID;;;;;
20251107;074846.340;;25332.00;25332.00;2;ASK;;;;;
20251107;074846.340;;25332.00;25332.00;1;ASK;;;;;
20251107;074846.340;25330.75;;25330.75;1;BID;;;;;
20251107;074846.348;;25332.00;25332.00;2;ASK;;;;;
20251107;074846.348;;25331.75;25331.75;1;ASK;;;;;
20251107;074846.348;25330.50;;25330.50;1;BID;;;;;
20251107;074846.368;25330.50;;25330.50;2;BID;;;;;
20251107;074846.368;;25332.00;25332.00;2;ASK;;;;;
20251107;074846.368;25330.50;;25330.50;1;BID;;;;;
20251107;074846.400;;25331.75;25331.75;1;ASK;;;;;
20251107;074846.400;25330.50;;25330.50;2;BID;;;;;
20251107;074847.368;;25332.00;25332.00;2;ASK;;;;;
20251107;074847.368;25330.75;;25330.75;1;BID;;;;;
20251107;074847.568;;25331.75;25331.75;1;ASK;;;;;
20251107;074847.568;25330.50;;25330.50;2;BID;;;;;
20251107;074847.568;25330.50;;25330.50;1;BID;;;;;
20251107;074847.568;25330.25;;25330.25;5;BID;;;;;
20251107;074847.568;25330.25;;25330.25;4;BID;;;;;
20251107;074847.568;25330.50;;25330.50;1;BID;;;;;
20251107;074847.720;25330.50;;25330.50;2;BID;;;;;
20251107;074848.672;25330.75;;25330.75;1;BID;;;;;
20251107;074848.672;;25332.00;25332.00;2;ASK;;;;;
20251107;074850.096;;25331.75;25331.75;1;ASK;;;;;
20251107;074850.120;;25331.75;25331.75;1;ASK;;;;;
20251107;074850.120;;25332.00;25332.00;2;ASK;;;;;
20251107;074850.120;;25332.00;25332.00;1;ASK;;;;;
20251107;074850.120;;25332.25;25332.25;2;ASK;;;;;
20251107;074850.124;25330.75;;25330.75;2;BID;;;;;
20251107;074850.124;25331.00;;25331.00;1;BID;;;;;
20251107;074850.124;25331.00;;25331.00;2;BID;;;;;
20251107;074850.124;25331.00;;25331.00;1;BID;;;;;
20251107;074850.124;;25332.00;25332.00;1;ASK;;;;;
20251107;074850.124;25330.75;;25330.75;2;BID;;;;;
20251107;074850.228;;25332.25;25332.25;2;ASK;;;;;
20251107;074850.228;25331.00;;25331.00;1;BID;;;;;
20251107;074850.236;25330.75;;25330.75;2;BID;;;;;
20251107;074850.236;;25332.00;25332.00;1;ASK;;;;;
20251107;074850.336;25330.75;;25330.75;3;BID;;;;;
20251107;074850.336;;25332.25;25332.25;2;ASK;;;;;
20251107;074850.336;25330.75;;25330.75;2;BID;;;;;
20251107;074850.336;25331.00;;25331.00;1;BID;;;;;
20251107;074850.336;;25332.00;25332.00;1;ASK;;;;;
20251107;074850.336;25330.75;;25330.75;2;BID;;;;;
20251107;074850.336;;25332.25;25332.25;2;ASK;;;;;
20251107;074850.340;;25332.00;25332.00;1;ASK;;;;;
20251107;074850.340;25330.75;;25330.75;3;BID;;;;;
20251107;074850.340;;25332.25;25332.25;2;ASK;;;;;
20251107;074850.340;25331.00;;25331.00;1;BID;;;;;
20251107;074850.340;;25332.25;25332.25;1;ASK;;;;;
20251107;074850.340;;25332.50;25332.50;1;ASK;;;;;
20251107;074850.340;25331.25;;25331.25;1;BID;;;;;
20251107;074850.340;;25332.50;25332.50;2;ASK;;;;;
20251107;074850.344;;25332.25;25332.25;1;ASK;;;;;
20251107;074850.344;25331.00;;25331.00;1;BID;;;;;
20251107;074850.352;25331.00;;25331.00;2;BID;;;;;
20251107;074850.352;;25332.50;25332.50;2;ASK;;;;;
20251107;074850.352;25331.25;;25331.25;1;BID;;;;;
20251107;074850.352;;25332.25;25332.25;1;ASK;;;;;
20251107;074850.352;25331.00;;25331.00;1;BID;;;;;
20251107;074850.352;;25332.50;25332.50;2;ASK;;;;;
20251107;074850.352;25331.25;;25331.25;1;BID;;;;;
20251107;074850.416;25331.25;;25331.25;2;BID;;;;;
20251107;074850.416;;25332.50;25332.50;1;ASK;;;;;
20251107;074850.416;25331.50;;25331.50;1;BID;;;;;
20251107;074850.416;;25332.75;25332.75;1;ASK;;;;;
20251107;074850.416;;25332.75;25332.75;2;ASK;;;;;
20251107;074850.420;;25332.75;25332.75;1;ASK;;;;;
20251107;074850.420;25331.25;;25331.25;1;BID;;;;;
20251107;074850.420;;25332.75;25332.75;2;ASK;;;;;
20251107;074850.420;;25332.75;25332.75;1;ASK;;;;;
20251107;074850.420;;25332.50;25332.50;1;ASK;;;;;
20251107;074850.420;25331.00;;25331.00;1;BID;;;;;
20251107;074850.420;25331.00;;25331.00;2;BID;;;;;
20251107;074850.420;25331.25;;25331.25;1;BID;;;;;
20251107;074850.420;;25332.75;25332.75;1;ASK;;;;;
20251107;074850.420;;25332.75;25332.75;2;ASK;;;;;
20251107;074850.428;25331.25;;25331.25;2;BID;;;;;
20251107;074850.484;;25332.50;25332.50;1;ASK;;;;;
20251107;074850.484;25331.25;;25331.25;1;BID;;;;;
20251107;074850.492;25331.25;;25331.25;2;BID;;;;;
20251107;074851.720;25331.50;;25331.50;1;BID;;;;;
20251107;074851.720;;25332.75;25332.75;2;ASK;;;;;
20251107;074851.720;;25332.50;25332.50;1;ASK;;;;;
20251107;074851.720;25331.25;;25331.25;1;BID;;;;;
20251107;074851.720;25331.00;;25331.00;2;BID;;;;;
20251107;074851.720;25331.00;;25331.00;1;BID;;;;;
20251107;074851.720;25331.00;;25331.00;2;BID;;;;;
20251107;074851.720;25331.25;;25331.25;1;BID;;;;;
20251107;074851.720;;25332.50;25332.50;2;ASK;;;;;
20251107;074851.720;;25332.25;25332.25;1;ASK;;;;;
20251107;074851.720;;25332.25;25332.25;2;ASK;;;;;
20251107;074851.720;25331.00;;25331.00;1;BID;;;;;
20251107;074851.720;25330.75;;25330.75;2;BID;;;;;
20251107;074851.720;;25332.00;25332.00;1;ASK;;;;;
20251107;074851.724;;25332.00;25332.00;2;ASK;;;;;
20251107;074851.724;;25332.00;25332.00;1;ASK;;;;;
20251107;074851.740;25330.75;;25330.75;3;BID;;;;;
20251107;074851.740;;25332.25;25332.25;3;ASK;;;;;
20251107;074851.740;;25332.25;25332.25;2;ASK;;;;;
20251107;074851.740;25330.75;;25330.75;2;BID;;;;;
20251107;074851.740;25331.00;;25331.00;1;BID;;;;;
20251107;074851.740;;25332.00;25332.00;1;ASK;;;;;
20251107;074851.740;25330.75;;25330.75;2;BID;;;;;
20251107;074851.740;25330.75;;25330.75;3;BID;;;;;
20251107;074851.740;;25332.25;25332.25;2;ASK;;;;;
20251107;074852.060;25330.75;;25330.75;1;BID;;;;;
20251107;074852.060;25330.75;;25330.75;1;BID;;;;;
20251107;074852.060;25330.75;;25330.75;1;BID;;;;;
20251107;074852.064;;25332.00;25332.00;1;ASK;;;;;
20251107;074852.064;25330.75;;25330.75;1;BID;;;;;
20251107;074852.064;25330.50;;25330.50;2;BID;;;;;
20251107;074852.064;;25332.00;25332.00;2;ASK;;;;;
20251107;074852.064;;25332.00;25332.00;1;ASK;;;;;
20251107;074852.064;;25331.75;25331.75;1;ASK;;;;;
20251107;074852.064;25330.50;;25330.50;1;BID;;;;;
20251107;074852.064;25330.25;;25330.25;4;BID;;;;;
20251107;074852.064;;25331.50;25331.50;1;ASK;;;;;
20251107;074852.064;;25331.25;25331.25;1;ASK;;;;;
20251107;074852.068;;25331.50;25331.50;1;ASK;;;;;
20251107;074852.080;;25331.50;25331.50;2;ASK;;;;;
20251107;074852.136;;25331.25;25331.25;1;ASK;;;;;
20251107;074852.136;;25331.50;25331.50;2;ASK;;;;;
20251107;074852.136;;25331.25;25331.25;1;ASK;;;;;
20251107;074852.140;;25331.00;25331.00;1;ASK;;;;;
20251107;074852.140;25330.25;;25330.25;3;BID;;;;;
20251107;074852.140;;25331.25;25331.25;1;ASK;;;;;
20251107;074852.140;;25331.50;25331.50;2;ASK;;;;;
20251107;074852.144;;25331.50;25331.50;1;ASK;;;;;
20251107;074852.144;;25331.75;25331.75;2;ASK;;;;;
20251107;074852.144;;25331.75;25331.75;1;ASK;;;;;
20251107;074852.144;;25331.75;25331.75;2;ASK;;;;;
20251107;074852.144;;25331.50;25331.50;1;ASK;;;;;
20251107;074852.176;;25331.75;25331.75;3;ASK;;;;;
20251107;074852.176;25330.25;;25330.25;4;BID;;;;;
20251107;074852.176;25330.50;;25330.50;1;BID;;;;;
20251107;074852.176;;25331.75;25331.75;2;ASK;;;;;
20251107;074852.176;;25331.75;25331.75;1;ASK;;;;;
20251107;074852.176;;25331.50;25331.50;1;ASK;;;;;
20251107;074852.176;25330.25;;25330.25;4;BID;;;;;
20251107;074852.340;25330.50;;25330.50;1;BID;;;;;
20251107;074852.340;;25331.75;25331.75;1;ASK;;;;;
20251107;074852.340;;25331.50;25331.50;1;ASK;;;;;
20251107;074852.340;25330.25;;25330.25;4;BID;;;;;
20251107;074852.468;;25331.50;25331.50;1;ASK;;;;;
20251107;074852.468;;25331.75;25331.75;1;ASK;;;;;
20251107;074852.468;;25332.00;25332.00;4;ASK;;;;;
20251107;074852.468;25330.50;;25330.50;1;BID;;;;;
20251107;074852.468;25330.75;;25330.75;1;BID;;;;;
20251107;074852.468;;25332.00;25332.00;3;ASK;;;;;
20251107;074852.468;;25332.00;25332.00;2;ASK;;;;;
20251107;074852.468;;25332.00;25332.00;1;ASK;;;;;
20251107;074852.468;;25332.25;25332.25;3;ASK;;;;;
20251107;074852.468;;25332.25;25332.25;2;ASK;;;;;
20251107;074852.468;;25332.00;25332.00;1;ASK;;;;;
20251107;074852.468;25330.50;;25330.50;3;BID;;;;;
20251107;074852.468;25330.50;;25330.50;2;BID;;;;;
20251107;074852.468;;25332.00;25332.00;2;ASK;;;;;
20251107;074852.476;;25331.75;25331.75;1;ASK;;;;;
20251107;074852.508;25330.75;;25330.75;1;BID;;;;;
20251107;074852.508;;25332.00;25332.00;1;ASK;;;;;
20251107;074852.888;25331.00;;25331.00;1;BID;;;;;
20251107;074852.888;;25332.25;25332.25;4;ASK;;;;;
20251107;074852.888;;25332.25;25332.25;3;ASK;;;;;
20251107;074852.888;;25332.25;25332.25;2;ASK;;;;;
20251107;074852.888;;25332.25;25332.25;1;ASK;;;;;
20251107;074852.888;;25332.50;25332.50;1;ASK;;;;;
20251107;074852.888;;25332.50;25332.50;2;ASK;;;;;
20251107;074852.888;25331.25;;25331.25;1;BID;;;;;
20251107;074852.888;25331.25;;25331.25;2;BID;;;;;
20251107;074852.888;25331.25;;25331.25;1;BID;;;;;
20251107;074852.888;25331.00;;25331.00;1;BID;;;;;
20251107;074852.888;25331.25;;25331.25;1;BID;;;;;
20251107;074852.888;25331.00;;25331.00;1;BID;;;;;
20251107;074852.888;;25332.25;25332.25;1;ASK;;;;;
20251107;074852.888;;25332.50;25332.50;2;ASK;;;;;
20251107;074852.888;25331.25;;25331.25;1;BID;;;;;
20251107;074852.908;;25332.50;25332.50;1;ASK;;;;;
20251107;074852.908;;25333.00;25333.00;8;ASK;;;;;
20251107;074852.908;;25333.00;25333.00;7;ASK;;;;;
20251107;074852.908;25331.50;;25331.50;1;BID;;;;;
20251107;074852.912;;25332.75;25332.75;1;ASK;;;;;
20251107;074852.912;25331.25;;25331.25;1;BID;;;;;
20251107;074852.912;;25332.75;25332.75;2;ASK;;;;;
20251107;074852.912;;25332.50;25332.50;1;ASK;;;;;
20251107;074852.912;;25332.50;25332.50;2;ASK;;;;;
20251107;074852.932;;25332.50;25332.50;1;ASK;;;;;
20251107;074852.940;;25332.75;25332.75;3;ASK;;;;;
20251107;074852.940;;25332.75;25332.75;2;ASK;;;;;
20251107;074852.940;;25332.50;25332.50;1;ASK;;;;;
20251107;074852.940;;25332.25;25332.25;1;ASK;;;;;
20251107;074852.952;;25332.50;25332.50;1;ASK;;;;;
20251107;074853.492;25331.50;;25331.50;1;BID;;;;;
20251107;074853.492;;25332.75;25332.75;3;ASK;;;;;
20251107;074853.492;;25332.75;25332.75;2;ASK;;;;;
20251107;074853.496;;25332.50;25332.50;1;ASK;;;;;
20251107;074853.496;25331.25;;25331.25;1;BID;;;;;
20251107;074853.496;25331.00;;25331.00;1;BID;;;;;
20251107;074853.496;25331.00;;25331.00;2;BID;;;;;
20251107;074853.496;25331.25;;25331.25;1;BID;;;;;
20251107;074853.496;;25332.75;25332.75;2;ASK;;;;;
20251107;074853.496;25331.25;;25331.25;2;BID;;;;;
20251107;074853.568;;25332.50;25332.50;1;ASK;;;;;
20251107;074854.416;;25332.50;25332.50;1;ASK;;;;;
20251107;074854.416;;25332.75;25332.75;1;ASK;;;;;
20251107;074854.416;;25332.75;25332.75;1;ASK;;;;;
20251107;074854.416;;25333.00;25333.00;1;ASK;;;;;
20251107;074854.416;;25333.00;25333.00;1;ASK;;;;;
20251107;074854.416;;25333.00;25333.00;6;ASK;;;;;
20251107;074854.416;25331.50;;25331.50;1;BID;;;;;
20251107;074854.416;25331.50;;25331.50;2;BID;;;;;
20251107;074854.416;;25333.00;25333.00;5;ASK;;;;;
20251107;074854.416;25331.50;;25331.50;3;BID;;;;;
20251107;074854.416;25331.75;;25331.75;1;BID;;;;;
20251107;074854.420;25331.75;;25331.75;2;BID;;;;;
20251107;074854.420;25332.00;;25332.00;1;BID;;;;;
20251107;074854.420;25331.75;;25331.75;2;BID;;;;;
20251107;074854.424;25332.00;;25332.00;1;BID;;;;;
20251107;074854.428;25332.25;;25332.25;1;BID;;;;;
20251107;074854.428;25332.25;;25332.25;2;BID;;;;;
20251107;074854.448;25332.50;;25332.50;1;BID;;;;;
20251107;074854.448;25332.25;;25332.25;1;BID;;;;;
20251107;074854.476;25332.50;;25332.50;1;BID;;;;;
20251107;074854.580;25332.25;;25332.25;1;BID;;;;;
20251107;074854.580;25332.00;;25332.00;1;BID;;;;;
20251107;074854.580;25331.75;;25331.75;3;BID;;;;;
20251107;074854.584;25331.75;;25331.75;2;BID;;;;;
20251107;074854.584;25332.00;;25332.00;1;BID;;;;;
20251107;074854.592;25332.00;;25332.00;2;BID;;;;;
20251107;074854.592;25332.25;;25332.25;1;BID;;;;;
20251107;074854.592;25332.00;;25332.00;1;BID;;;;;
20251107;074854.600;25332.25;;25332.25;1;BID;;;;;
20251107;074854.740;25332.00;;25332.00;1;BID;;;;;
20251107;074854.740;25331.75;;25331.75;3;BID;;;;;
20251107;074854.740;25331.75;;25331.75;2;BID;;;;;
20251107;074854.744;25332.00;;25332.00;1;BID;;;;;
20251107;074854.792;25332.25;;25332.25;1;BID;;;;;
20251107;074858.412;25332.00;;25332.00;1;BID;;;;;
20251107;074858.412;25331.75;;25331.75;2;BID;;;;;
20251107;074858.464;25332.00;;25332.00;1;BID;;;;;
20251107;074858.464;25332.00;;25332.00;2;BID;;;;;
20251107;074858.464;25332.25;;25332.25;1;BID;;;;;
20251107;074858.532;;25333.00;25333.00;4;ASK;;;;;
20251107;074858.532;;25333.00;25333.00;1;ASK;;;;;
20251107;074858.532;;25333.50;25333.50;1;ASK;;;;;
20251107;074858.532;25332.50;;25332.50;1;BID;;;;;
20251107;074858.532;25332.50;;25332.50;2;BID;;;;;
20251107;074858.532;25332.75;;25332.75;1;BID;;;;;
20251107;074858.536;;25333.75;25333.75;1;ASK;;;;;
20251107;074858.536;;25334.25;25334.25;1;ASK;;;;;
20251107;074858.536;25332.75;;25332.75;2;BID;;;;;
20251107;074858.536;25333.00;;25333.00;1;BID;;;;;
20251107;074858.536;;25334.50;25334.50;1;ASK;;;;;
20251107;074858.536;;25334.75;25334.75;5;ASK;;;;;
20251107;074858.536;;25334.75;25334.75;4;ASK;;;;;
20251107;074858.536;;25334.75;25334.75;3;ASK;;;;;
20251107;074858.536;;25334.75;25334.75;4;ASK;;;;;
20251107;074858.536;25333.25;;25333.25;1;BID;;;;;
20251107;074858.536;;25334.75;25334.75;5;ASK;;;;;
20251107;074858.536;;25334.50;25334.50;1;ASK;;;;;
20251107;074858.536;25333.25;;25333.25;2;BID;;;;;
20251107;074858.540;25333.50;;25333.50;1;BID;;;;;
20251107;074858.540;;25334.50;25334.50;2;ASK;;;;;
20251107;074858.540;25333.25;;25333.25;1;BID;;;;;
20251107;074858.540;;25334.50;25334.50;1;ASK;;;;;
20251107;074858.540;25333.25;;25333.25;2;BID;;;;;
20251107;074858.540;;25334.75;25334.75;4;ASK;;;;;
20251107;074858.540;25333.50;;25333.50;1;BID;;;;;
20251107;074858.540;;25334.75;25334.75;3;ASK;;;;;
20251107;074858.556;;25334.75;25334.75;4;ASK;;;;;
20251107;074858.556;;25334.50;25334.50;1;ASK;;;;;
20251107;074858.556;25333.25;;25333.25;3;BID;;;;;
20251107;074858.556;25333.25;;25333.25;2;BID;;;;;
20251107;074858.572;;25334.25;25334.25;1;ASK;;;;;
20251107;074858.572;25333.25;;25333.25;1;BID;;;;;
20251107;074858.832;;25334.25;25334.25;2;ASK;;;;;
20251107;074858.832;;25334.25;25334.25;3;ASK;;;;;
20251107;074858.832;25333.00;;25333.00;3;BID;;;;;
20251107;074858.832;;25334.00;25334.00;1;ASK;;;;;
20251107;074858.832;;25334.00;25334.00;2;ASK;;;;;
20251107;074858.832;25333.00;;25333.00;2;BID;;;;;
20251107;074858.832;25333.00;;25333.00;1;BID;;;;;
20251107;074858.832;25332.75;;25332.75;4;BID;;;;;
20251107;074858.832;25332.75;;25332.75;3;BID;;;;;
20251107;074858.836;25333.00;;25333.00;1;BID;;;;;
20251107;074858.836;;25334.00;25334.00;1;ASK;;;;;
20251107;074859.616;25332.75;;25332.75;3;BID;;;;;
20251107;074859.616;;25334.25;25334.25;3;ASK;;;;;
20251107;074859.616;25333.00;;25333.00;1;BID;;;;;
20251107;074859.616;;25334.25;25334.25;2;ASK;;;;;
20251107;074859.616;25332.75;;25332.75;3;BID;;;;;
20251107;074859.616;;25334.00;25334.00;1;ASK;;;;;
20251107;074859.616;;25334.00;25334.00;2;ASK;;;;;
20251107;074859.676;;25333.75;25333.75;1;ASK;;;;;
20251107;074859.676;25332.75;;25332.75;2;BID;;;;;
20251107;074859.676;25332.75;;25332.75;1;BID;;;;;
20251107;074859.744;;25334.00;25334.00;1;ASK;;;;;
20251107;074859.744;;25334.00;25334.00;2;ASK;;;;;
20251107;074859.744;;25333.75;25333.75;1;ASK;;;;;
20251107;074859.744;;25334.00;25334.00;2;ASK;;;;;
20251107;074859.792;;25333.75;25333.75;1;ASK;;;;;
20251107;074859.848;;25334.00;25334.00;2;ASK;;;;;
20251107;074859.848;;25334.00;25334.00;1;ASK;;;;;
20251107;074859.868;;25334.00;25334.00;2;ASK;;;;;
20251107;074859.868;;25333.75;25333.75;1;ASK;;;;;
20251107;074859.868;;25333.75;25333.75;2;ASK;;;;;
20251107;074859.900;;25333.75;25333.75;1;ASK;;;;;
20251107;074859.900;;25334.00;25334.00;2;ASK;;;;;
20251107;074859.900;;25334.00;25334.00;1;ASK;;;;;
20251107;074859.952;;25333.75;25333.75;1;ASK;;;;;
20251107;074900.008;;25334.00;25334.00;1;ASK;;;;;
20251107;074900.024;;25334.00;25334.00;2;ASK;;;;;
20251107;074900.024;;25333.75;25333.75;1;ASK;;;;;
20251107;074900.024;;25334.00;25334.00;2;ASK;;;;;
20251107;074900.024;;25334.00;25334.00;1;ASK;;;;;
20251107;074900.028;;25334.00;25334.00;2;ASK;;;;;
20251107;074900.252;25333.00;;25333.00;1;BID;;;;;
20251107;074900.252;;25334.00;25334.00;1;ASK;;;;;
20251107;074900.252;;25334.25;25334.25;2;ASK;;;;;
20251107;074900.252;25333.25;;25333.25;1;BID;;;;;
20251107;074900.300;25333.00;;25333.00;1;BID;;;;;
20251107;074900.300;25333.25;;25333.25;1;BID;;;;;
20251107;074900.328;;25334.00;25334.00;1;ASK;;;;;
20251107;074900.328;25333.00;;25333.00;1;BID;;;;;
20251107;074900.328;25332.75;;25332.75;1;BID;;;;;
20251107;074900.400;25332.75;;25332.75;2;BID;;;;;
20251107;074900.400;25333.00;;25333.00;1;BID;;;;;
20251107;074900.400;25333.00;;25333.00;2;BID;;;;;
20251107;074900.400;;25334.25;25334.25;2;ASK;;;;;
20251107;074900.400;25333.25;;25333.25;1;BID;;;;;
20251107;074900.620;25333.00;;25333.00;2;BID;;;;;
20251107;074900.620;;25334.00;25334.00;1;ASK;;;;;
20251107;074900.644;;25334.25;25334.25;2;ASK;;;;;
20251107;074900.648;;25334.00;25334.00;1;ASK;;;;;
20251107;074900.648;;25334.25;25334.25;2;ASK;;;;;
20251107;074900.648;25333.25;;25333.25;1;BID;;;;;
20251107;074900.684;25333.00;;25333.00;2;BID;;;;;
20251107;074900.684;;25334.00;25334.00;1;ASK;;;;;
20251107;074900.700;;25334.25;25334.25;2;ASK;;;;;
20251107;074901.080;25333.25;;25333.25;1;BID;;;;;
20251107;074901.124;;25334.00;25334.00;1;ASK;;;;;
20251107;074901.124;25333.00;;25333.00;2;BID;;;;;
20251107;074901.148;25333.00;;25333.00;1;BID;;;;;
20251107;074901.240;;25334.25;25334.25;2;ASK;;;;;
20251107;074901.240;25333.25;;25333.25;1;BID;;;;;
20251107;074901.300;25333.00;;25333.00;1;BID;;;;;
20251107;074901.300;;25334.00;25334.00;1;ASK;;;;;
20251107;074901.300;;25334.25;25334.25;2;ASK;;;;;
20251107;074901.336;;25334.00;25334.00;1;ASK;;;;;
20251107;074901.388;;25334.25;25334.25;2;ASK;;;;;
20251107;074901.444;;25334.00;25334.00;1;ASK;;;;;
20251107;074901.492;;25334.25;25334.25;2;ASK;;;;;
20251107;074901.548;;25334.00;25334.00;1;ASK;;;;;
20251107;074901.604;;25334.25;25334.25;2;ASK;;;;;
20251107;074901.656;;25334.00;25334.00;1;ASK;;;;;
20251107;074901.708;;25334.25;25334.25;2;ASK;;;;;
20251107;074901.816;;25334.00;25334.00;1;ASK;;;;;
20251107;074901.868;;25334.25;25334.25;2;ASK;;;;;
20251107;074901.868;25333.25;;25333.25;1;BID;;;;;
20251107;074901.900;25333.00;;25333.00;1;BID;;;;;
20251107;074901.900;;25334.00;25334.00;1;ASK;;;;;
20251107;074901.920;;25334.25;25334.25;2;ASK;;;;;
20251107;074902.232;;25334.25;25334.25;1;ASK;;;;;
20251107;074902.232;25333.00;;25333.00;2;BID;;;;;
20251107;074902.232;25333.25;;25333.25;1;BID;;;;;
20251107;074902.232;;25334.50;25334.50;2;ASK;;;;;
20251107;074902.232;;25334.50;25334.50;1;ASK;;;;;
20251107;074902.244;;25334.50;25334.50;2;ASK;;;;;
20251107;074902.244;;25334.50;25334.50;3;ASK;;;;;
20251107;074902.244;;25334.25;25334.25;1;ASK;;;;;
20251107;074902.244;25333.00;;25333.00;2;BID;;;;;
20251107;074902.244;;25334.50;25334.50;3;ASK;;;;;
20251107;074902.244;25333.25;;25333.25;1;BID;;;;;
20251107;074902.244;;25334.50;25334.50;2;ASK;;;;;
20251107;074902.316;;25334.25;25334.25;1;ASK;;;;;
20251107;074902.348;;25334.50;25334.50;1;ASK;;;;;
20251107;074902.348;25333.50;;25333.50;1;BID;;;;;
20251107;074902.368;;25334.50;25334.50;2;ASK;;;;;
20251107;074902.368;25333.25;;25333.25;1;BID;;;;;
20251107;074902.400;;25334.25;25334.25;1;ASK;;;;;
20251107;074902.452;;25334.50;25334.50;1;ASK;;;;;
20251107;074902.508;;25334.25;25334.25;1;ASK;;;;;
20251107;074902.696;25333.00;;25333.00;2;BID;;;;;
20251107;074902.700;;25334.25;25334.25;2;ASK;;;;;
20251107;074903.536;25333.25;;25333.25;1;BID;;;;;
20251107;074903.536;;25334.25;25334.25;1;ASK;;;;;
20251107;074903.536;;25334.50;25334.50;1;ASK;;;;;
20251107;074903.548;;25334.50;25334.50;2;ASK;;;;;
20251107;074903.572;;25334.25;25334.25;1;ASK;;;;;
20251107;074904.428;25333.25;;25333.25;2;BID;;;;;
20251107;074904.428;25333.50;;25333.50;1;BID;;;;;
20251107;074904.432;25333.50;;25333.50;2;BID;;;;;
20251107;074904.432;;25334.75;25334.75;3;ASK;;;;;
20251107;074904.432;;25334.50;25334.50;1;ASK;;;;;
20251107;074904.436;;25334.75;25334.75;3;ASK;;;;;
20251107;074904.436;25333.75;;25333.75;1;BID;;;;;
20251107;074904.436;25334.00;;25334.00;1;BID;;;;;
20251107;074904.436;25334.25;;25334.25;1;BID;;;;;
20251107;074904.436;25334.00;;25334.00;1;BID;;;;;
20251107;074904.436;25333.75;;25333.75;2;BID;;;;;
20251107;074904.440;25334.00;;25334.00;1;BID;;;;;
20251107;074904.440;25334.25;;25334.25;1;BID;;;;;
20251107;074904.524;25333.75;;25333.75;2;BID;;;;;
20251107;074904.564;25334.00;;25334.00;1;BID;;;;;
20251107;074904.564;25333.75;;25333.75;2;BID;;;;;
20251107;074904.604;25334.00;;25334.00;1;BID;;;;;
20251107;074904.604;25333.75;;25333.75;2;BID;;;;;
20251107;074904.812;25334.00;;25334.00;1;BID;;;;;
20251107;074904.852;25333.75;;25333.75;2;BID;;;;;
20251107;074906.040;;25334.75;25334.75;5;ASK;;;;;
20251107;074906.040;;25334.50;25334.50;1;ASK;;;;;
20251107;074906.040;25333.75;;25333.75;1;BID;;;;;
20251107;074906.040;;25334.50;25334.50;2;ASK;;;;;
20251107;074906.040;25333.50;;25333.50;3;BID;;;;;
20251107;074906.040;;25334.50;25334.50;1;ASK;;;;;
20251107;074906.040;25333.50;;25333.50;2;BID;;;;;
20251107;074906.040;25333.50;;25333.50;1;BID;;;;;
20251107;074906.040;25333.25;;25333.25;2;BID;;;;;
20251107;074906.040;;25334.75;25334.75;5;ASK;;;;;
20251107;074906.044;;25334.25;25334.25;1;ASK;p_shape;SHORT;25334.75;;
20251107;074906.044;;25334.75;25334.75;5;ASK;;;;;
20251107;074906.044;25333.25;;25333.25;1;BID;;;;;
20251107;074906.044;;25334.50;25334.50;1;ASK;;;;;
20251107;074906.048;;25334.50;25334.50;2;ASK;;;;;
20251107;074906.048;;25334.25;25334.25;1;ASK;;;;;
20251107;074906.052;;25334.50;25334.50;1;ASK;;;;;
20251107;074906.052;;25334.25;25334.25;1;ASK;;;;;
20251107;074906.072;;25334.00;25334.00;1;ASK;;;;;
20251107;074906.072;25333.00;;25333.00;2;BID;;;;;
20251107;074906.080;;25334.25;25334.25;1;ASK;;;;;
20251107;074906.152;;25334.00;25334.00;1;ASK;;;;;
20251107;074906.176;;25334.25;25334.25;1;ASK;;;;;
20251107;074906.312;;25334.25;25334.25;2;ASK;;;;;
20251107;074906.312;;25334.00;25334.00;1;ASK;;;;;
20251107;074906.340;;25334.25;25334.25;1;ASK;;;;;
20251107;074906.356;;25334.25;25334.25;2;ASK;;;;;
20251107;074906.364;;25334.00;25334.00;1;ASK;;;;;
20251107;074906.392;;25334.25;25334.25;2;ASK;;;;;
20251107;074906.392;;25334.25;25334.25;1;ASK;;;;;
20251107;074906.392;25333.25;;25333.25;1;BID;;;;;
20251107;074906.444;;25334.25;25334.25;2;ASK;;;;;
20251107;074906.444;25333.00;;25333.00;2;BID;;;;;
20251107;074906.444;;25334.25;25334.25;1;ASK;;;;;
20251107;074906.504;;25334.25;25334.25;2;ASK;;;;;
20251107;074906.504;;25334.00;25334.00;1;ASK;;;;;
20251107;074907.060;;25334.25;25334.25;2;ASK;;;;;
20251107;074907.060;;25334.25;25334.25;1;ASK;;;;;
20251107;074907.060;25333.25;;25333.25;1;BID;;;;;
20251107;074907.060;;25334.50;25334.50;2;ASK;;;;;
20251107;074907.060;;25334.50;25334.50;1;ASK;;;;;
20251107;074907.064;;25334.25;25334.25;1;ASK;;;;;
20251107;074907.064;;25334.50;25334.50;1;ASK;;;;;
20251107;074907.064;25333.50;;25333.50;1;BID;;;;;
20251107;074907.064;;25334.75;25334.75;5;ASK;;;;;
20251107;074907.064;25333.75;;25333.75;1;BID;;;;;
20251107;074907.064;25333.75;;25333.75;2;BID;;;;;
20251107;074907.076;25334.00;;25334.00;1;BID;;;;;
20251107;074907.076;25333.75;;25333.75;2;BID;;;;;
20251107;074907.376;25333.75;;25333.75;1;BID;;;;;
20251107;074907.400;;25334.50;25334.50;1;ASK;;;;;
20251107;074907.416;;25334.75;25334.75;5;ASK;;;;;
20251107;074907.452;;25334.50;25334.50;1;ASK;;;;;
20251107;074907.508;;25334.75;25334.75;5;ASK;;;;;
20251107;074907.560;;25334.50;25334.50;1;ASK;;;;;
20251107;074907.612;;25334.75;25334.75;5;ASK;;;;;
20251107;074907.668;;25334.50;25334.50;1;ASK;;;;;
20251107;074907.720;;25334.75;25334.75;5;ASK;;;;;
20251107;074907.772;;25334.50;25334.50;1;ASK;;;;;
20251107;074907.828;;25334.75;25334.75;5;ASK;;;;;
20251107;074907.880;;25334.50;25334.50;1;ASK;;;;;
20251107;074907.932;;25334.75;25334.75;5;ASK;;;;;
20251107;074907.988;;25334.50;25334.50;1;ASK;;;;;
20251107;074908.040;;25334.75;25334.75;5;ASK;;;;;
20251107;074908.092;;25334.50;25334.50;1;ASK;;;;;
20251107;074908.144;;25334.75;25334.75;5;ASK;;;;;
20251107;074908.464;;25334.50;25334.50;1;ASK;;;;;
20251107;074908.520;;25334.75;25334.75;5;ASK;;;;;
20251107;074908.536;25334.00;;25334.00;1;BID;;;;;
20251107;074908.536;25333.75;;25333.75;1;BID;;;;;
20251107;074909.156;;25334.50;25334.50;1;ASK;;;;;
20251107;074909.160;25333.50;;25333.50;1;BID;;;;;
20251107;074909.208;;25334.75;25334.75;5;ASK;;;;;
20251107;074909.264;;25334.50;25334.50;1;ASK;;;;;
20251107;074909.320;;25334.75;25334.75;5;ASK;;;;;
20251107;074909.424;;25334.50;25334.50;1;ASK;;;;;
20251107;074909.436;;25334.75;25334.75;3;ASK;;;;;
20251107;074909.436;25333.75;;25333.75;1;BID;;;;;
20251107;074909.436;;25334.50;25334.50;2;ASK;;;;;
20251107;074909.436;25333.50;;25333.50;1;BID;;;;;
20251107;074910.008;;25334.25;25334.25;1;ASK;;;;;
20251107;074910.008;25333.25;;25333.25;2;BID;;;;;
20251107;074910.008;25333.25;;25333.25;1;BID;;;;;
20251107;074910.012;;25334.50;25334.50;2;ASK;;;;;
20251107;074910.012;25333.25;;25333.25;2;BID;;;;;
20251107;074910.012;25333.25;;25333.25;3;BID;;;;;
20251107;074910.012;25333.50;;25333.50;1;BID;;;;;
20251107;074910.192;25333.25;;25333.25;4;BID;;;;;
20251107;074910.192;25333.25;;25333.25;3;BID;;;;;
20251107;074910.192;;25334.25;25334.25;1;ASK;;;;;
20251107;074910.192;;25334.50;25334.50;2;ASK;;;;;
20251107;074910.192;25333.50;;25333.50;1;BID;;;;;
20251107;074910.220;;25334.25;25334.25;1;ASK;;;;;
20251107;074910.220;25333.25;;25333.25;4;BID;;;;;
20251107;074910.220;25333.25;;25333.25;3;BID;;;;;
20251107;074910.224;25333.50;;25333.50;1;BID;;;;;
20251107;074910.252;;25334.50;25334.50;2;ASK;;;;;
20251107;074910.252;25333.25;;25333.25;3;BID;;;;;
20251107;074910.252;25333.50;;25333.50;1;BID;;;;;
20251107;074910.904;25333.75;;25333.75;1;BID;;;;;
20251107;074911.788;25333.50;;25333.50;1;BID;;;;;
20251107;074911.788;25333.75;;25333.75;1;BID;;;;;
20251107;074911.960;25333.50;;25333.50;1;BID;;;;;
20251107;074912.112;25333.75;;25333.75;1;BID;;;;;
20251107;074913.136;;25334.50;25334.50;1;ASK;;;;;
20251107;074913.136;;25334.50;25334.50;1;ASK;;;;;
20251107;074913.136;;25334.25;25334.25;1;ASK;;;;;
20251107;074913.136;25333.50;;25333.50;1;BID;;;;;
20251107;074913.136;;25334.25;25334.25;1;ASK;;;;;
20251107;074913.136;;25334.50;25334.50;1;ASK;;;;;
20251107;074913.136;25333.75;;25333.75;1;BID;;;;;
20251107;074913.136;25333.75;;25333.75;2;BID;;;;;
20251107;074913.136;;25334.50;25334.50;1;ASK;;;;;
20251107;074913.136;;25335.25;25335.25;11;ASK;;;;;
20251107;074913.136;25334.00;;25334.00;1;BID;;;;;
20251107;074913.136;25334.25;;25334.25;1;BID;;;;;
20251107;074913.136;;25334.50;25334.50;2;ASK;;;;;
20251107;074913.136;25334.25;;25334.25;1;BID;;;;;
20251107;074913.136;25334.00;;25334.00;1;BID;;;;;
20251107;074913.136;;25334.50;25334.50;1;ASK;;;;;
20251107;074913.136;;25334.50;25334.50;1;ASK;;;;;
20251107;074913.136;25333.75;;25333.75;2;BID;;;;;
20251107;074913.136;25333.75;;25333.75;1;BID;;;;;
20251107;074913.136;;25334.50;25334.50;1;ASK;;;;;
20251107;074913.136;;25334.50;25334.50;1;ASK;;;;;
20251107;074913.136;;25335.25;25335.25;11;ASK;;;;;
20251107;074913.136;25334.50;;25334.50;1;BID;;;;;
20251107;074913.136;25333.75;;25333.75;1;BID;;;;;
20251107;074913.136;25334.00;;25334.00;1;BID;;;;;
20251107;074913.136;25333.75;;25333.75;1;BID;;;;;
20251107;074913.136;;25335.00;25335.00;1;ASK;;;;;
20251107;074913.136;;25334.50;25334.50;2;ASK;;;;;
20251107;074913.136;25334.00;;25334.00;1;BID;;;;;
20251107;074913.140;25334.00;;25334.00;2;BID;;;;;
20251107;074913.140;25334.00;;25334.00;1;BID;;;;;
20251107;074913.324;25333.75;;25333.75;1;BID;;;;;
20251107;074913.360;25334.00;;25334.00;1;BID;;;;;
20251107;074913.360;;25334.50;25334.50;2;ASK;;;;;
20251107;074913.360;;25335.25;25335.25;11;ASK;;;;;
20251107;074913.360;25334.25;;25334.25;1;BID;;;;;
20251107;074913.360;25334.25;;25334.25;2;BID;;;;;
20251107;074913.360;;25335.25;25335.25;13;ASK;;;;;
20251107;074913.360;25334.25;;25334.25;1;BID;;;;;
20251107;074915.096;25334.50;;25334.50;1;BID;;;;;
20251107;074915.096;25334.25;;25334.25;1;BID;;;;;
20251107;074915.096;;25335.00;25335.00;1;ASK;;;;;
20251107;074915.108;;25335.25;25335.25;13;ASK;;;;;
20251107;074915.396;;25335.25;25335.25;1;ASK;;;;;
20251107;074915.396;;25335.25;25335.25;12;ASK;;;;;
20251107;074915.432;25334.50;;25334.50;1;BID;;;;;
20251107;074915.436;25334.75;;25334.75;1;BID;;;;;
20251107;074915.436;25334.50;;25334.50;1;BID;;;;;
20251107;074916.072;25334.25;;25334.25;1;BID;;;;;
20251107;074916.108;25334.50;;25334.50;1;BID;;;;;
20251107;074916.108;;25335.25;25335.25;6;ASK;;;;;
20251107;074916.108;;25335.25;25335.25;6;ASK;;;;;
20251107;074916.108;;25335.25;25335.25;1;ASK;;;;;
20251107;074916.108;;25335.25;25335.25;5;ASK;;;;;
20251107;074916.108;25334.75;;25334.75;1;BID;;;;;
20251107;074916.108;;25335.25;25335.25;3;ASK;;;;;
20251107;074916.108;;25335.25;25335.25;1;ASK;;;;;
20251107;074916.108;;25335.25;25335.25;1;ASK;;;;;
20251107;074916.108;;25335.25;25335.25;1;ASK;;;;;
20251107;074916.108;;25335.50;25335.50;1;ASK;;;;;
20251107;074916.108;25334.75;;25334.75;2;BID;;;;;
20251107;074916.108;25335.00;;25335.00;1;BID;;;;;
20251107;074916.108;;25336.00;25336.00;1;ASK;;;;;
20251107;074916.108;25335.00;;25335.00;2;BID;;;;;
20251107;074916.108;;25336.00;25336.00;2;ASK;;;;;
20251107;074916.108;;25336.00;25336.00;3;ASK;;;;;
20251107;074916.108;25335.25;;25335.25;1;BID;;;;;
20251107;074916.112;;25336.00;25336.00;2;ASK;;;;;
20251107;074916.112;25335.00;;25335.00;2;BID;;;;;
20251107;074916.112;;25335.75;25335.75;1;ASK;;;;;
20251107;074916.112;;25336.00;25336.00;3;ASK;;;;;
20251107;074916.112;25335.00;;25335.00;1;BID;;;;;
20251107;074916.112;;25336.00;25336.00;2;ASK;;;;;
20251107;074916.112;25334.75;;25334.75;3;BID;;;;;
20251107;074916.112;;25335.75;25335.75;1;ASK;;;;;
20251107;074916.112;25334.75;;25334.75;2;BID;;;;;
20251107;074916.112;;25336.00;25336.00;1;ASK;;;;;
20251107;074916.112;25335.00;;25335.00;1;BID;;;;;
20251107;074916.112;25335.25;;25335.25;1;BID;;;;;
20251107;074916.116;25335.00;;25335.00;1;BID;;;;;
20251107;074916.128;;25336.00;25336.00;2;ASK;;;;;
20251107;074916.552;25334.75;;25334.75;3;BID;;;;;
20251107;074916.552;;25335.75;25335.75;1;ASK;;;;;
20251107;074916.552;25334.75;;25334.75;2;BID;;;;;
20251107;074916.552;;25335.75;25335.75;2;ASK;;;;;
20251107;074916.552;;25335.75;25335.75;3;ASK;;;;;
20251107;074916.552;25334.75;;25334.75;1;BID;;;;;
20251107;074916.552;25334.50;;25334.50;2;BID;;;;;
20251107;074916.552;25334.50;;25334.50;1;BID;;;;;
20251107;074916.552;;25335.50;25335.50;1;ASK;;;;;
20251107;074916.552;;25335.50;25335.50;2;ASK;;;;;
20251107;074916.552;25334.25;;25334.25;2;BID;;;;;
20251107;074916.552;25334.25;;25334.25;1;BID;;;;;
20251107;074916.552;25334.50;;25334.50;1;BID;;;;;
20251107;074916.552;25334.25;;25334.25;1;BID;;;;;
20251107;074916.552;;25335.25;25335.25;1;ASK;;;;;
20251107;074916.552;;25335.50;25335.50;2;ASK;;;;;
20251107;074916.552;;25335.25;25335.25;1;ASK;;;;;
20251107;074916.552;25334.50;;25334.50;1;BID;;;;;
20251107;074916.604;25334.25;;25334.25;1;BID;;;;;
20251107;074916.604;;25335.25;25335.25;2;ASK;;;;;
20251107;074916.604;25333.75;;25333.75;3;BID;;;;;
20251107;074916.604;25333.75;;25333.75;2;BID;;;;;
20251107;074916.608;25334.00;;25334.00;1;BID;;;;;
20251107;074916.608;;25335.25;25335.25;3;ASK;;;;;
20251107;074916.608;25334.00;;25334.00;2;BID;;;;;
20251107;074916.660;25334.25;;25334.25;1;BID;;;;;
20251107;074916.660;;25335.25;25335.25;2;ASK;;;;;
20251107;074916.712;;25335.25;25335.25;3;ASK;;;;;
20251107;074916.712;25334.00;;25334.00;1;BID;;;;;
20251107;074916.712;25334.00;;25334.00;2;BID;;;;;
20251107;074916.712;25334.00;;25334.00;3;BID;;;;;
20251107;074916.712;;25335.00;25335.00;1;ASK;;;;;
20251107;074916.712;;25335.00;25335.00;2;ASK;;;;;
20251107;074916.764;25334.25;;25334.25;1;BID;;;;;
20251107;074916.764;;25335.00;25335.00;1;ASK;;;;;
20251107;074916.816;25334.00;;25334.00;1;BID;;;;;
20251107;074916.868;25334.25;;25334.25;1;BID;;;;;
20251107;074917.136;25334.00;;25334.00;1;BID;;;;;
20251107;074917.188;25334.25;;25334.25;1;BID;;;;;
20251107;074917.720;25334.00;;25334.00;1;BID;;;;;
20251107;074917.752;;25335.00;25335.00;2;ASK;;;;;
20251107;074917.752;25334.25;;25334.25;1;BID;;;;;
20251107;074917.752;;25335.00;25335.00;1;ASK;;;;;
20251107;074917.752;;25335.00;25335.00;2;ASK;;;;;
20251107;074917.752;25334.25;;25334.25;1;BID;;;;;
20251107;074917.752;25334.00;;25334.00;1;BID;;;;;
20251107;074917.752;;25334.75;25334.75;1;ASK;;;;;
20251107;074917.752;25333.75;;25333.75;2;BID;;;;;
20251107;074917.752;25333.75;;25333.75;1;BID;;;;;
20251107;074917.752;;25334.75;25334.75;2;ASK;;;;;
20251107;074917.752;25333.50;;25333.50;1;BID;;;;;
20251107;074917.756;25333.75;;25333.75;1;BID;;;;;
20251107;074917.768;;25334.50;25334.50;1;ASK;;;;;
20251107;074917.768;25333.50;;25333.50;1;BID;;;;;
20251107;074917.768;25333.25;;25333.25;4;BID;;;;;
20251107;074917.768;25333.75;;25333.75;1;BID;;;;;
20251107;074917.768;;25334.75;25334.75;2;ASK;;;;;
20251107;074917.776;;25334.75;25334.75;3;ASK;;;;;
20251107;074917.776;;25334.50;25334.50;1;ASK;;;;;
20251107;074917.896;25333.75;;25333.75;2;BID;;;;;
20251107;074917.896;;25334.75;25334.75;3;ASK;;;;;
20251107;074917.896;;25334.75;25334.75;2;ASK;;;;;
20251107;074919.032;;25334.75;25334.75;3;ASK;;;;;
20251107;074920.348;;25334.50;25334.50;1;ASK;;;;;
20251107;074920.348;;25334.75;25334.75;3;ASK;;;;;
20251107;074920.348;;25334.75;25334.75;2;ASK;;;;;
20251107;074920.348;;25334.50;25334.50;1;ASK;;;;;
20251107;074920.348;;25334.75;25334.75;2;ASK;;;;;
20251107;074920.348;;25334.75;25334.75;1;ASK;;;;;
20251107;074920.592;25333.75;;25333.75;1;BID;;;;;
20251107;074920.916;;25334.75;25334.75;2;ASK;;;;;
20251107;074920.916;;25334.50;25334.50;1;ASK;;;;;
20251107;074920.916;25333.50;;25333.50;1;BID;;;;;
20251107;074921.688;25333.50;;25333.50;1;BID;;;;;
20251107;074921.688;25333.25;;25333.25;2;BID;;;;;
20251107;074921.688;;25334.25;25334.25;1;ASK;;;;;
20251107;074921.688;25333.25;;25333.25;1;BID;;;;;
20251107;074921.688;25333.25;;25333.25;2;BID;;;;;
20251107;074921.688;;25334.50;25334.50;1;ASK;;;;;
20251107;074921.688;25333.50;;25333.50;1;BID;;;;;
20251107;074921.688;;25334.25;25334.25;1;ASK;;;;;
20251107;074921.688;25333.75;;25333.75;1;BID;;;;;
20251107;074921.688;;25334.25;25334.25;1;ASK;;;;;
20251107;074921.688;;25334.75;25334.75;1;ASK;;;;;
20251107;074921.688;25334.00;;25334.00;1;BID;;;;;
20251107;074921.688;;25335.00;25335.00;1;ASK;;;;;
20251107;074921.688;;25335.25;25335.25;2;ASK;;;;;
20251107;074921.688;;25335.25;25335.25;1;ASK;;;;;
20251107;074921.688;;25335.50;25335.50;1;ASK;;;;;
20251107;074921.688;;25335.50;25335.50;2;ASK;;;;;
20251107;074921.688;;25335.50;25335.50;3;ASK;;;;;
20251107;074921.692;;25335.25;25335.25;1;ASK;;;;;
20251107;074921.692;;25335.25;25335.25;2;ASK;;;;;
20251107;074921.692;;25335.25;25335.25;3;ASK;;;;;
20251107;074921.692;;25335.00;25335.00;1;ASK;;;;;
20251107;074921.708;;25335.00;25335.00;2;ASK;;;;;
20251107;074921.708;;25335.00;25335.00;3;ASK;;;;;
20251107;074921.712;25333.75;;25333.75;1;BID;;;;;
20251107;074921.712;;25334.75;25334.75;1;ASK;;;;;
20251107;074921.720;;25334.75;25334.75;2;ASK;;;;;
20251107;074921.720;;25334.75;25334.75;1;ASK;;;;;
20251107;074921.720;25334.00;;25334.00;1;BID;;;;;
20251107;074921.740;25333.75;;25333.75;1;BID;;;;;
20251107;074921.768;25333.50;;25333.50;2;BID;;;;;
20251107;074921.768;25333.50;;25333.50;1;BID;;;;;
20251107;074921.768;;25334.50;25334.50;1;ASK;;;;;
20251107;074921.768;;25334.50;25334.50;2;ASK;;;;;
20251107;074921.788;;25334.25;25334.25;1;ASK;;;;;
20251107;074921.788;25333.25;;25333.25;2;BID;;;;;
20251107;074921.788;25333.25;;25333.25;1;BID;;;;;
20251107;074921.788;;25334.25;25334.25;2;ASK;;;;;
20251107;074921.948;25333.00;;25333.00;2;BID;;;;;
20251107;074921.948;25333.00;;25333.00;1;BID;;;;;
20251107;074921.948;;25334.00;25334.00;1;ASK;;;;;
20251107;074921.948;25332.75;;25332.75;2;BID;;;;;
20251107;074921.952;25332.75;;25332.75;1;BID;;;;;
20251107;074921.952;25332.50;;25332.50;3;BID;;;;;
20251107;074921.952;25333.00;;25333.00;1;BID;;;;;
20251107;074921.952;;25334.00;25334.00;2;ASK;;;;;
20251107;074921.952;;25333.75;25333.75;1;ASK;;;;;
20251107;074921.952;25332.75;;25332.75;1;BID;;;;;
20251107;074921.964;;25333.75;25333.75;2;ASK;;;;;
20251107;074921.968;25332.75;;25332.75;2;BID;;;;;
20251107;074921.968;25333.00;;25333.00;1;BID;;;;;
20251107;074921.968;;25333.75;25333.75;1;ASK;;;;;
20251107;074921.968;;25334.00;25334.00;2;ASK;;;;;
20251107;074922.532;25332.75;;25332.75;1;BID;;;;;
20251107;074922.532;;25333.75;25333.75;1;ASK;;;;;
20251107;074922.532;;25333.75;25333.75;2;ASK;;;;;
20251107;074922.532;;25333.75;25333.75;1;ASK;;;;;
20251107;074922.540;;25333.75;25333.75;2;ASK;;;;;
20251107;074922.564;25333.00;;25333.00;1;BID;;;;;
20251107;074922.564;;25333.75;25333.75;1;ASK;;;;;
20251107;074922.588;;25333.75;25333.75;2;ASK;;;;;
20251107;074922.608;25332.75;;25332.75;1;BID;;;;;
20251107;074922.664;25333.00;;25333.00;1;BID;;;;;
20251107;074922.664;;25333.75;25333.75;1;ASK;;;;;
20251107;074922.864;;25333.75;25333.75;2;ASK;;;;;
20251107;074922.884;25332.75;;25332.75;1;BID;;;;;
20251107;074922.884;;25333.75;25333.75;1;ASK;;;;;
20251107;074922.884;25333.00;;25333.00;1;BID;;;;;
20251107;074922.884;;25334.00;25334.00;2;ASK;;;;;
20251107;074922.884;;25334.00;25334.00;1;ASK;;;;;
20251107;074922.896;25333.25;;25333.25;1;BID;;;;;
20251107;074922.896;;25334.25;25334.25;3;ASK;;;;;
20251107;074922.896;;25334.25;25334.25;2;ASK;;;;;
20251107;074922.908;25333.00;;25333.00;1;BID;;;;;
20251107;074922.908;25333.00;;25333.00;2;BID;;;;;
20251107;074922.908;25333.25;;25333.25;1;BID;;;;;
20251107;074922.908;;25334.25;25334.25;1;ASK;;;;;
20251107;074922.908;;25335.00;25335.00;3;ASK;;;;;
20251107;074922.908;25333.50;;25333.50;1;BID;;;;;
20251107;074922.908;;25335.00;25335.00;2;ASK;;;;;
20251107;074922.908;25333.50;;25333.50;2;BID;;;;;
20251107;074922.908;;25335.00;25335.00;3;ASK;;;;;
20251107;074922.908;;25334.75;25334.75;1;ASK;;;;;
20251107;074922.908;;25334.75;25334.75;2;ASK;;;;;
20251107;074922.908;25333.50;;25333.50;1;BID;;;;;
20251107;074922.908;;25334.75;25334.75;3;ASK;;;;;
20251107;074922.908;25333.25;;25333.25;1;BID;;;;;
20251107;074922.908;;25334.50;25334.50;1;ASK;;;;;
20251107;074922.908;;25334.50;25334.50;2;ASK;;;;;
20251107;074922.908;;25334.25;25334.25;1;ASK;;;;;
20251107;074922.920;;25334.25;25334.25;2;ASK;;;;;
20251107;074922.928;25333.00;;25333.00;2;BID;;;;;
20251107;074922.988;25333.25;;25333.25;1;BID;;;;;
20251107;074922.988;;25334.25;25334.25;1;ASK;;;;;
20251107;074923.000;;25334.25;25334.25;2;ASK;;;;;
20251107;074923.000;25333.00;;25333.00;2;BID;;;;;
20251107;074923.004;;25334.00;25334.00;1;ASK;;;;;
20251107;074923.016;;25334.25;25334.25;2;ASK;;;;;
20251107;074923.016;25333.25;;25333.25;1;BID;;;;;
20251107;074923.016;;25334.25;25334.25;1;ASK;;;;;
20251107;074923.016;25333.50;;25333.50;1;BID;;;;;
20251107;074923.020;;25334.25;25334.25;2;ASK;;;;;
20251107;074923.020;25333.25;;25333.25;1;BID;;;;;
20251107;074925.012;25333.75;;25333.75;1;BID;;;;;
20251107;074925.012;;25334.25;25334.25;1;ASK;;;;;
20251107;074925.012;;25334.50;25334.50;3;ASK;;;;;
20251107;074925.016;;25334.50;25334.50;2;ASK;;;;;
20251107;074925.016;;25334.50;25334.50;1;ASK;;;;;
20251107;074925.016;25334.00;;25334.00;1;BID;;;;;
20251107;074925.016;;25334.75;25334.75;1;ASK;;;;;
20251107;074925.016;;25335.00;25335.00;3;ASK;;;;;
20251107;074925.016;;25335.00;25335.00;2;ASK;;;;;
20251107;074925.016;;25335.00;25335.00;1;ASK;;;;;
20251107;074925.016;25333.75;;25333.75;1;BID;;;;;
20251107;074925.016;;25334.75;25334.75;1;ASK;;;;;
20251107;074925.020;;25334.75;25334.75;2;ASK;;;;;
20251107;074925.020;;25334.75;25334.75;3;ASK;;;;;
20251107;074925.020;25333.75;;25333.75;1;BID;;;;;
20251107;074925.020;25333.25;;25333.25;1;BID;;;;;
20251107;074925.020;;25334.75;25334.75;4;ASK;;;;;
20251107;074925.020;;25334.75;25334.75;5;ASK;;;;;
20251107;074925.020;;25334.75;25334.75;6;ASK;;;;;
20251107;074925.020;;25334.50;25334.50;1;ASK;;;;;
20251107;074925.020;;25334.50;25334.50;2;ASK;;;;;
20251107;074925.020;;25334.50;25334.50;3;ASK;;;;;
20251107;074925.020;;25334.50;25334.50;4;ASK;;;;;
20251107;074925.020;;25334.25;25334.25;1;ASK;;;;;
20251107;074925.020;25333.00;;25333.00;2;BID;;;;;
20251107;074925.020;25333.00;;25333.00;1;BID;;;;;
20251107;074925.020;;25334.25;25334.25;2;ASK;;;;;
20251107;074925.020;;25334.00;25334.00;1;ASK;;;;;
20251107;074925.020;25332.75;;25332.75;2;BID;;;;;
20251107;074925.020;25332.75;;25332.75;1;BID;;;;;
20251107;074925.020;;25334.25;25334.25;2;ASK;;;;;
20251107;074925.020;25333.00;;25333.00;1;BID;;;;;
20251107;074925.020;;25334.25;25334.25;1;ASK;;;;;
20251107;074925.020;25333.25;;25333.25;1;BID;;;;;
20251107;074925.024;;25334.25;25334.25;2;ASK;;;;;
20251107;074925.024;25333.00;;25333.00;1;BID;;;;;
20251107;074925.024;;25334.00;25334.00;1;ASK;;;;;
20251107;074925.024;25333.00;;25333.00;2;BID;;;;;
20251107;074925.024;;25334.25;25334.25;1;ASK;;;;;
20251107;074925.024;25333.25;;25333.25;1;BID;;;;;
20251107;074925.036;;25334.25;25334.25;2;ASK;;;;;
20251107;074926.648;25333.00;;25333.00;2;BID;;;;;
20251107;074926.648;;25334.25;25334.25;1;ASK;;;;;
20251107;074926.648;25333.00;;25333.00;1;BID;;;;;
20251107;074926.716;;25334.25;25334.25;2;ASK;;;;;
20251107;074926.716;;25334.00;25334.00;1;ASK;;;;;
20251107;074932.624;;25334.25;25334.25;2;ASK;;;;;
20251107;074932.624;25333.25;;25333.25;1;BID;;;;;
20251107;074932.624;;25334.25;25334.25;1;ASK;;;;;
20251107;074933.252;;25334.50;25334.50;4;ASK;;;;;
20251107;074933.252;;25334.50;25334.50;3;ASK;;;;;
20251107;074933.252;;25334.50;25334.50;2;ASK;;;;;
20251107;074933.252;;25334.25;25334.25;1;ASK;;;;;
20251107;074933.376;;25334.50;25334.50;2;ASK;;;;;
20251107;074933.764;;25334.50;25334.50;3;ASK;;;;;
20251107;074933.768;;25334.25;25334.25;1;ASK;;;;;
20251107;074933.768;25333.00;;25333.00;1;BID;;;;;
20251107;074935.040;25333.25;;25333.25;1;BID;;;;;
20251107;074935.040;;25334.50;25334.50;2;ASK;;;;;
20251107;074935.736;;25334.25;25334.25;1;ASK;;;;;
20251107;074935.904;25333.00;;25333.00;2;BID;;;;;
20251107;074936.400;;25334.25;25334.25;2;ASK;;;;;
20251107;074936.400;;25334.00;25334.00;1;ASK;;;;;
20251107;074936.400;25333.00;;25333.00;1;BID;;;;;
20251107;074936.400;25332.75;;25332.75;3;BID;;;;;
20251107;074936.400;25332.75;;25332.75;2;BID;;;;;
20251107;074936.400;25333.00;;25333.00;1;BID;;;;;
20251107;074937.520;25333.25;;25333.25;1;BID;;;;;
20251107;074937.520;;25334.25;25334.25;1;ASK;;;;;
20251107;074937.520;;25334.50;25334.50;3;ASK;;;;;
20251107;074937.520;;25334.50;25334.50;2;ASK;;;;;
20251107;074937.520;;25334.25;25334.25;1;ASK;;;;;
20251107;074937.520;25333.00;;25333.00;1;BID;;;;;
20251107;074937.540;;25334.25;25334.25;2;ASK;;;;;
20251107;074937.540;;25334.00;25334.00;1;ASK;;;;;
20251107;074938.376;25333.25;;25333.25;1;BID;;;;;
20251107;074938.376;;25334.25;25334.25;3;ASK;;;;;
20251107;074938.376;;25334.25;25334.25;2;ASK;;;;;
20251107;074938.376;;25334.25;25334.25;1;ASK;;;;;
20251107;074938.376;;25334.50;25334.50;2;ASK;;;;;
20251107;074938.380;;25334.25;25334.25;1;ASK;;;;;
20251107;074938.380;25333.00;;25333.00;1;BID;;;;;
20251107;074939.128;25333.00;;25333.00;2;BID;;;;;
20251107;074939.128;25333.25;;25333.25;1;BID;;;;;
20251107;074939.128;;25334.50;25334.50;3;ASK;;;;;
20251107;074939.128;;25334.25;25334.25;1;ASK;;;;;
20251107;074940.016;;25334.25;25334.25;2;ASK;;;;;
20251107;074940.016;25333.00;;25333.00;2;BID;;;;;
20251107;074940.016;;25334.00;25334.00;1;ASK;;;;;
20251107;074940.588;;25334.00;25334.00;2;ASK;;;;;
20251107;074940.588;25333.00;;25333.00;1;BID;;;;;
20251107;074940.592;25332.75;;25332.75;3;BID;;;;;
20251107;074940.592;;25334.00;25334.00;1;ASK;;;;;
20251107;074940.592;25332.75;;25332.75;2;BID;;;;;
20251107;074940.592;;25333.75;25333.75;1;ASK;;;;;
20251107;074940.592;;25334.00;25334.00;1;ASK;;;;;
20251107;074940.612;;25334.00;25334.00;2;ASK;;;;;
20251107;074940.612;;25333.75;25333.75;1;ASK;;;;;
20251107;074940.612;;25334.00;25334.00;1;ASK;;;;;
20251107;074940.624;;25334.00;25334.00;2;ASK;;;;;
20251107;074940.624;;25333.75;25333.75;1;ASK;;;;;
20251107;074940.940;25332.75;;25332.75;1;BID;;;;;
20251107;074940.940;25332.50;;25332.50;1;BID;;;;;
20251107;074940.944;25332.50;;25332.50;2;BID;;;;;
20251107;074940.944;25332.75;;25332.75;1;BID;;;;;
20251107;074942.020;25332.50;;25332.50;2;BID;;;;;
20251107;074942.020;;25333.50;25333.50;1;ASK;;;;;
20251107;074942.020;;25333.50;25333.50;2;ASK;;;;;
20251107;074942.020;25332.50;;25332.50;1;BID;;;;;
20251107;074942.020;;25333.25;25333.25;1;ASK;;;;;
20251107;074942.024;;25333.50;25333.50;2;ASK;;;;;
20251107;074942.024;25332.50;;25332.50;2;BID;;;;;
20251107;074942.024;;25333.50;25333.50;1;ASK;;;;;
20251107;074942.024;;25333.75;25333.75;2;ASK;;;;;
20251107;074942.024;;25333.75;25333.75;1;ASK;;;;;
20251107;074942.024;25332.75;;25332.75;1;BID;;;;;
20251107;074942.024;25332.50;;25332.50;2;BID;;;;;
20251107;074942.028;25332.75;;25332.75;1;BID;;;;;
20251107;074942.576;;25333.75;25333.75;1;ASK;;;;;
20251107;074942.576;;25334.00;25334.00;2;ASK;;;;;
20251107;074942.576;25333.00;;25333.00;1;BID;;;;;
20251107;074942.576;;25334.00;25334.00;1;ASK;;;;;
20251107;074942.576;25333.00;;25333.00;2;BID;;;;;
20251107;074942.576;25333.00;;25333.00;1;BID;;;;;
20251107;074942.576;;25334.25;25334.25;3;ASK;;;;;
20251107;074942.576;25332.75;;25332.75;2;BID;;;;;
20251107;074942.576;;25334.25;25334.25;2;ASK;;;;;
20251107;074942.576;25333.00;;25333.00;1;BID;;;;;
20251107;074942.576;;25334.00;25334.00;1;ASK;;;;;
20251107;074942.576;25332.75;;25332.75;2;BID;;;;;
20251107;074942.616;25333.00;;25333.00;1;BID;;;;;
20251107;074942.724;;25334.25;25334.25;3;ASK;;;;;
20251107;074942.724;;25334.25;25334.25;2;ASK;;;;;
20251107;074942.724;;25334.25;25334.25;1;ASK;;;;;
20251107;074942.724;25333.25;;25333.25;1;BID;;;;;
20251107;074942.936;25332.75;;25332.75;2;BID;;;;;
20251107;074942.940;;25334.00;25334.00;1;ASK;;;;;
20251107;074943.036;;25333.75;25333.75;1;ASK;;;;;
20251107;074943.040;25333.00;;25333.00;1;BID;;;;;
20251107;074943.040;;25334.00;25334.00;1;ASK;;;;;
20251107;074943.040;;25334.25;25334.25;2;ASK;;;;;
20251107;074943.040;25333.25;;25333.25;1;BID;;;;;
20251107;074943.040;;25334.25;25334.25;1;ASK;;;;;
20251107;074943.044;25333.00;;25333.00;1;BID;;;;;
20251107;074943.096;25332.75;;25332.75;2;BID;;;;;
20251107;074943.096;;25334.00;25334.00;1;ASK;;;;;
20251107;074943.148;25333.00;;25333.00;1;BID;;;;;
20251107;074943.148;;25334.25;25334.25;1;ASK;;;;;
20251107;074943.168;;25334.00;25334.00;1;ASK;;;;;
20251107;074943.208;;25334.25;25334.25;1;ASK;;;;;
20251107;074943.208;25333.25;;25333.25;1;BID;;;;;
20251107;074944.740;25333.25;;25333.25;2;BID;;;;;
20251107;074944.740;25333.50;;25333.50;1;BID;;;;;
20251107;074944.740;25333.25;;25333.25;1;BID;;;;;
20251107;074944.740;25333.25;;25333.25;2;BID;;;;;
20251107;074944.744;25333.50;;25333.50;1;BID;;;;;
20251107;074944.744;25333.50;;25333.50;2;BID;;;;;
20251107;074944.744;;25334.25;25334.25;1;ASK;;;;;
20251107;074944.744;;25335.00;25335.00;3;ASK;;;;;
20251107;074944.744;;25335.00;25335.00;2;ASK;;;;;
20251107;074944.744;25333.75;;25333.75;1;BID;;;;;
20251107;074944.744;25333.75;;25333.75;2;BID;;;;;
20251107;074944.744;;25335.00;25335.00;1;ASK;;;;;
20251107;074944.744;25333.75;;25333.75;3;BID;;;;;
20251107;074944.744;;25334.75;25334.75;1;ASK;;;;;
20251107;074944.744;;25335.00;25335.00;1;ASK;;;;;
20251107;074944.744;25333.75;;25333.75;2;BID;;;;;
20251107;074944.744;25334.00;;25334.00;1;BID;;;;;
20251107;074944.744;;25335.25;25335.25;1;ASK;;;;;
20251107;074944.744;;25335.25;25335.25;2;ASK;;;;;
20251107;074944.744;25333.75;;25333.75;2;BID;;;;;
20251107;074944.744;;25335.00;25335.00;1;ASK;;;;;
20251107;074944.744;25334.00;;25334.00;1;BID;;;;;
20251107;074944.744;;25335.25;25335.25;2;ASK;;;;;
20251107;074944.744;;25335.25;25335.25;3;ASK;;;;;
20251107;074944.744;;25335.25;25335.25;2;ASK;;;;;
20251107;074944.792;25334.25;;25334.25;1;BID;;;;;
20251107;074944.792;;25335.25;25335.25;1;ASK;;;;;
20251107;074944.792;;25335.50;25335.50;2;ASK;;;;;
20251107;074944.792;25334.00;;25334.00;1;BID;;;;;
20251107;074944.792;;25335.25;25335.25;1;ASK;;;;;
20251107;074944.792;25334.25;;25334.25;1;BID;;;;;
20251107;074944.912;;25335.50;25335.50;2;ASK;;;;;
20251107;074944.956;;25335.25;25335.25;1;ASK;;;;;
20251107;074945.012;25334.25;;25334.25;2;BID;;;;;
20251107;074945.012;;25335.50;25335.50;2;ASK;;;;;
20251107;074945.012;25334.25;;25334.25;1;BID;;;;;
20251107;074945.012;25334.50;;25334.50;1;BID;;;;;
20251107;074945.016;;25335.50;25335.50;1;ASK;;;;;
20251107;074945.016;;25335.75;25335.75;1;ASK;;;;;
20251107;074945.016;;25336.00;25336.00;2;ASK;;;;;
20251107;074945.016;;25336.00;25336.00;1;ASK;;;;;
20251107;074945.016;;25336.25;25336.25;1;ASK;;;;;
20251107;074945.016;25334.75;;25334.75;1;BID;;;;;
20251107;074945.016;;25336.50;25336.50;1;ASK;;;;;
20251107;074945.016;;25336.75;25336.75;3;ASK;;;;;
20251107;074945.016;;25336.00;25336.00;1;ASK;;;;;
20251107;074945.016;25334.50;;25334.50;2;BID;;;;;
20251107;074945.016;;25335.75;25335.75;1;ASK;;;;;
20251107;074945.016;25334.50;;25334.50;3;BID;;;;;
20251107;074945.016;25334.75;;25334.75;1;BID;;;;;
20251107;074945.016;;25335.75;25335.75;2;ASK;;;;;
20251107;074945.016;;25335.75;25335.75;1;ASK;;;;;
20251107;074945.024;25335.00;;25335.00;1;BID;;;;;
20251107;074945.024;;25336.00;25336.00;1;ASK;;;;;
20251107;074945.024;;25336.75;25336.75;5;ASK;;;;;
20251107;074945.024;;25336.75;25336.75;4;ASK;;;;;
20251107;074945.024;;25336.50;25336.50;1;ASK;;;;;
20251107;074945.024;;25336.50;25336.50;2;ASK;;;;;
20251107;074945.028;;25336.25;25336.25;1;ASK;;;;;
20251107;074945.028;;25336.00;25336.00;1;ASK;;;;;
20251107;074945.032;;25336.00;25336.00;2;ASK;;;;;
20251107;074945.032;25334.75;;25334.75;1;BID;;;;;
20251107;074945.064;;25335.75;25335.75;1;ASK;;;;;
20251107;074945.064;25334.75;;25334.75;2;BID;;;;;
20251107;074945.064;;25336.00;25336.00;1;ASK;;;;;
20251107;074945.064;25335.00;;25335.00;1;BID;;;;;
20251107;074945.116;;25335.75;25335.75;1;ASK;;;;;
20251107;074945.116;25334.75;;25334.75;1;BID;;;;;
20251107;074945.488;25334.75;;25334.75;2;BID;;;;;
20251107;074945.544;25335.00;;25335.00;1;BID;;;;;
20251107;074945.544;;25336.00;25336.00;1;ASK;;;;;
20251107;074945.596;;25335.75;25335.75;1;ASK;;;;;
20251107;074945.596;25334.75;;25334.75;1;BID;;;;;
20251107;074945.832;25334.50;;25334.50;4;BID;;;;;
20251107;074945.832;25334.50;;25334.50;3;BID;;;;;
20251107;074945.836;25334.75;;25334.75;1;BID;;;;;
20251107;074945.836;25334.50;;25334.50;3;BID;;;;;
20251107;074945.836;;25335.50;25335.50;1;ASK;;;;;
20251107;074945.836;25334.50;;25334.50;2;BID;;;;;
20251107;074945.836;;25335.25;25335.25;1;ASK;;;;;
20251107;074945.836;25334.75;;25334.75;1;BID;;;;;
20251107;074945.840;;25335.75;25335.75;1;ASK;;;;;
20251107;074945.840;;25336.00;25336.00;1;ASK;;;;;
20251107;074945.840;25335.00;;25335.00;1;BID;;;;;
20251107;074945.840;;25336.25;25336.25;3;ASK;;;;;
20251107;074945.840;;25336.25;25336.25;2;ASK;;;;;
20251107;074945.840;;25336.00;25336.00;1;ASK;;;;;
20251107;074945.840;25334.75;;25334.75;1;BID;;;;;
20251107;074945.860;;25335.75;25335.75;1;ASK;;;;;
20251107;074945.924;25334.50;;25334.50;2;BID;;;;;
20251107;074945.968;25334.75;;25334.75;1;BID;;;;;
20251107;074945.968;;25336.00;25336.00;1;ASK;;;;;
20251107;074945.968;25335.00;;25335.00;1;BID;;;;;
20251107;074946.020;;25335.75;25335.75;1;ASK;;;;;
20251107;074946.020;25334.75;;25334.75;1;BID;;;;;
20251107;074946.524;25334.50;;25334.50;3;BID;;;;;
20251107;074946.524;25334.50;;25334.50;2;BID;;;;;
20251107;074946.524;25334.75;;25334.75;1;BID;;;;;
20251107;074946.552;;25336.00;25336.00;1;ASK;;;;;
20251107;074946.552;;25336.00;25336.00;2;ASK;;;;;
20251107;074946.552;;25336.00;25336.00;3;ASK;;;;;
20251107;074946.552;;25335.75;25335.75;1;ASK;;;;;
20251107;074946.820;;25335.50;25335.50;1;ASK;;;;;
20251107;074946.820;25334.50;;25334.50;2;BID;;;;;
20251107;074946.872;;25335.75;25335.75;1;ASK;;;;;
20251107;074947.196;;25335.50;25335.50;1;ASK;;;;;
20251107;074947.196;25334.50;;25334.50;1;BID;;;;;
20251107;074947.196;25334.25;;25334.25;3;BID;;;;;
20251107;074947.196;25334.25;;25334.25;2;BID;;;;;
20251107;074947.196;25334.50;;25334.50;1;BID;;;;;
20251107;074947.200;;25335.75;25335.75;1;ASK;;;;;
20251107;074947.200;25334.75;;25334.75;1;BID;;;;;
20251107;074947.252;25334.50;;25334.50;1;BID;;;;;
20251107;074947.512;25334.75;;25334.75;1;BID;;;;;
20251107;074947.832;25334.50;;25334.50;1;BID;;;;;
20251107;074948.072;25334.75;;25334.75;1;BID;;;;;
20251107;074948.072;;25336.00;25336.00;3;ASK;;;;;
20251107;074948.072;;25336.00;25336.00;2;ASK;;;;;
20251107;074948.072;25334.50;;25334.50;1;BID;;;;;
20251107;074948.072;;25335.75;25335.75;1;ASK;;;;;
20251107;074948.076;25334.50;;25334.50;2;BID;;;;;
20251107;074948.076;25334.50;;25334.50;3;BID;;;;;
20251107;074948.396;25334.75;;25334.75;1;BID;;;;;
20251107;074948.396;;25336.00;25336.00;2;ASK;;;;;
20251107;074948.396;;25335.75;25335.75;1;ASK;;;;;
20251107;074948.396;25334.50;;25334.50;4;BID;;;;;
20251107;074948.396;25334.50;;25334.50;3;BID;;;;;
20251107;074948.396;25334.75;;25334.75;1;BID;;;;;
20251107;074948.396;;25336.00;25336.00;2;ASK;;;;;
20251107;074948.416;;25335.75;25335.75;1;ASK;;;;;
20251107;074948.416;25334.50;;25334.50;3;BID;;;;;
20251107;074948.504;25334.75;;25334.75;1;BID;;;;;
20251107;074948.504;;25336.00;25336.00;2;ASK;;;;;
20251107;074948.576;;25335.75;25335.75;1;ASK;;;;;
20251107;074948.976;25335.00;;25335.00;1;BID;;;;;
20251107;074948.976;;25336.00;25336.00;1;ASK;;;;;
20251107;074948.976;;25336.25;25336.25;2;ASK;;;;;
20251107;074948.976;;25336.25;25336.25;1;ASK;;;;;
20251107;074948.976;25334.75;;25334.75;2;BID;;;;;
20251107;074948.976;25334.75;;25334.75;1;BID;;;;;
20251107;074948.976;;25336.25;25336.25;2;ASK;;;;;
20251107;074948.976;;25336.25;25336.25;3;ASK;;;;;
20251107;074948.976;;25336.00;25336.00;1;ASK;;;;;
20251107;074948.980;;25336.00;25336.00;2;ASK;;;;;
20251107;074948.980;;25335.75;25335.75;1;ASK;;;;;
20251107;074948.980;25334.50;;25334.50;3;BID;;;;;
20251107;074948.980;25334.50;;25334.50;2;BID;;;;;
20251107;074949.260;25334.75;;25334.75;1;BID;;;;;
20251107;074949.260;;25336.00;25336.00;1;ASK;;;;;
20251107;074949.260;;25336.25;25336.25;3;ASK;;;;;
20251107;074949.260;25334.75;;25334.75;2;BID;;;;;
20251107;074949.264;;25336.25;25336.25;2;ASK;;;;;
20251107;074949.264;25334.75;;25334.75;3;BID;;;;;
20251107;074949.264;25335.00;;25335.00;1;BID;;;;;
20251107;074949.264;;25336.25;25336.25;1;ASK;;;;;
20251107;074949.264;;25336.00;25336.00;1;ASK;;;;;
20251107;074949.264;;25336.25;25336.25;1;ASK;;;;;
20251107;074949.264;;25336.50;25336.50;1;ASK;;;;;
20251107;074949.264;25335.25;;25335.25;1;BID;;;;;
20251107;074949.264;;25336.50;25336.50;2;ASK;;;;;
20251107;074949.264;;25336.25;25336.25;1;ASK;;;;;
20251107;074949.264;25335.00;;25335.00;1;BID;;;;;
20251107;074949.288;;25336.00;25336.00;1;ASK;;;;;
20251107;074949.628;25335.25;;25335.25;1;BID;;;;;
20251107;074949.636;;25336.25;25336.25;1;ASK;;;;;
20251107;074949.640;;25336.25;25336.25;2;ASK;;;;;
20251107;074949.640;25335.00;;25335.00;1;BID;;;;;
20251107;074949.640;;25336.00;25336.00;1;ASK;;;;;
20251107;074949.640;;25336.25;25336.25;2;ASK;;;;;
20251107;074949.676;;25336.00;25336.00;1;ASK;;;;;
20251107;074949.692;;25336.25;25336.25;1;ASK;;;;;
20251107;074949.692;25335.25;;25335.25;1;BID;;;;;
20251107;074949.692;;25336.25;25336.25;2;ASK;;;;;
20251107;074949.692;25335.00;;25335.00;1;BID;;;;;
20251107;074949.692;;25336.25;25336.25;1;ASK;;;;;
20251107;074949.692;;25336.00;25336.00;1;ASK;;;;;
20251107;074949.744;;25335.75;25335.75;1;ASK;;;;;
20251107;074949.744;;25336.25;25336.25;1;ASK;;;;;
20251107;074949.796;;25336.00;25336.00;1;ASK;;;;;
20251107;074949.968;25335.00;;25335.00;2;BID;;;;;
20251107;074949.968;25335.25;;25335.25;1;BID;;;;;
20251107;074950.068;25335.00;;25335.00;2;BID;;;;;
20251107;074950.104;25335.25;;25335.25;1;BID;;;;;
20251107;074950.252;25335.00;;25335.00;1;BID;;;;;
20251107;074950.252;;25335.75;25335.75;1;ASK;;;;;
20251107;074950.256;;25336.00;25336.00;1;ASK;;;;;
20251107;074950.304;;25335.75;25335.75;1;ASK;;;;;
20251107;074950.304;;25335.50;25335.50;1;ASK;;;;;
20251107;074950.304;;25335.75;25335.75;1;ASK;;;;;
20251107;074950.304;;25336.00;25336.00;2;ASK;;;;;
20251107;074950.304;;25336.00;25336.00;1;ASK;;;;;
20251107;074950.304;;25335.75;25335.75;1;ASK;;;;;
20251107;074950.328;;25336.00;25336.00;1;ASK;;;;;
20251107;074950.584;25335.00;;25335.00;1;BID;;;;;
20251107;074950.584;25334.75;;25334.75;2;BID;;;;;
20251107;074950.584;;25335.75;25335.75;1;ASK;;;;;
20251107;074950.584;;25335.75;25335.75;2;ASK;;;;;
20251107;074950.584;25334.75;;25334.75;1;BID;;;;;
20251107;074950.584;25334.75;;25334.75;1;BID;;;;;
20251107;074950.584;25334.50;;25334.50;2;BID;;;;;
20251107;074950.584;25334.50;;25334.50;1;BID;;;;;
20251107;074950.584;;25335.50;25335.50;1;ASK;;;;;
20251107;074950.584;25334.25;;25334.25;2;BID;;;;;
20251107;074950.584;;25335.50;25335.50;2;ASK;;;;;
20251107;074950.584;25334.25;;25334.25;1;BID;;;;;
20251107;074950.584;;25335.25;25335.25;1;ASK;;;;;
20251107;074950.584;25334.00;;25334.00;2;BID;;;;;
20251107;074950.584;25334.25;;25334.25;1;BID;;;;;
20251107;074950.592;25334.00;;25334.00;2;BID;;;;;
20251107;074950.592;25334.00;;25334.00;1;BID;;;;;
20251107;074950.592;25334.00;;25334.00;2;BID;;;;;
20251107;074950.648;25334.25;;25334.25;1;BID;;;;;
20251107;074950.704;25334.00;;25334.00;1;BID;;;;;
20251107;074950.756;25334.25;;25334.25;1;BID;;;;;
20251107;074950.812;25334.00;;25334.00;1;BID;;;;;
20251107;074950.864;25334.25;;25334.25;1;BID;;;;;
20251107;074950.916;25334.00;;25334.00;1;BID;;;;;
20251107;074950.968;25334.25;;25334.25;1;BID;;;;;
20251107;074951.820;;25335.50;25335.50;1;ASK;;;;;
20251107;074951.820;25334.50;;25334.50;1;BID;;;;;
20251107;074951.820;;25335.75;25335.75;3;ASK;;;;;
20251107;074951.820;25334.25;;25334.25;1;BID;;;;;
20251107;074951.820;;25335.50;25335.50;1;ASK;;;;;
20251107;074951.820;25334.50;;25334.50;1;BID;;;;;
20251107;074951.820;25334.25;;25334.25;1;BID;;;;;
20251107;074951.852;25334.50;;25334.50;1;BID;;;;;
20251107;074951.852;25334.25;;25334.25;1;BID;;;;;
20251107;074953.456;;25335.25;25335.25;1;ASK;;;;;
20251107;074953.456;25334.25;;25334.25;2;BID;;;;;
20251107;074953.456;25334.25;;25334.25;1;BID;;;;;
20251107;074953.456;25334.50;;25334.50;1;BID;;;;;
20251107;074953.456;;25335.50;25335.50;1;ASK;;;;;
20251107;074953.460;25334.00;;25334.00;1;BID;;;;;
20251107;074953.460;;25335.25;25335.25;1;ASK;;;;;
20251107;074953.460;25334.00;;25334.00;2;BID;;;;;
20251107;074953.772;25334.25;;25334.25;1;BID;;;;;
20251107;074953.772;;25335.50;25335.50;1;ASK;;;;;
20251107;074953.772;;25335.25;25335.25;1;ASK;;;;;
20251107;074953.772;;25335.50;25335.50;1;ASK;;;;;
20251107;074954.408;;25335.25;25335.25;1;ASK;;;;;
20251107;074954.408;25334.00;;25334.00;2;BID;;;;;
20251107;074954.408;;25335.50;25335.50;1;ASK;;;;;
20251107;074954.408;25334.25;;25334.25;1;BID;;;;;
20251107;074954.408;25334.00;;25334.00;2;BID;;;;;
20251107;074954.408;;25335.25;25335.25;1;ASK;;;;;
20251107;074954.532;;25334.75;25334.75;1;ASK;;;;;
20251107;074954.532;25334.00;;25334.00;1;BID;;;;;
20251107;074954.532;25333.75;;25333.75;2;BID;;;;;
20251107;074954.536;25333.75;;25333.75;1;BID;;;;;
20251107;074954.536;25334.00;;25334.00;1;BID;;;;;
20251107;074954.560;25333.75;;25333.75;1;BID;;;;;
20251107;074954.560;25333.50;;25333.50;2;BID;;;;;
20251107;074954.560;25333.50;;25333.50;1;BID;;;;;
20251107;074954.560;25333.50;;25333.50;2;BID;;;;;
20251107;074954.560;25333.50;;25333.50;3;BID;;;;;
20251107;074954.560;25333.75;;25333.75;1;BID;;;;;
20251107;074954.588;25334.00;;25334.00;1;BID;;;;;
20251107;074954.624;25333.75;;25333.75;1;BID;;;;;
20251107;074954.692;25334.00;;25334.00;1;BID;;;;;
20251107;074954.748;25333.75;;25333.75;1;BID;;;;;
20251107;074954.752;25334.00;;25334.00;1;BID;;;;;
20251107;074954.752;25334.25;;25334.25;1;BID;;;;;
20251107;074954.752;25334.00;;25334.00;1;BID;;;;;
20251107;074954.752;25333.75;;25333.75;1;BID;;;;;
20251107;074954.752;25333.75;;25333.75;2;BID;;;;;
20251107;074954.800;25334.00;;25334.00;1;BID;;;;;
20251107;074954.852;25333.75;;25333.75;2;BID;;;;;
20251107;074954.904;25334.00;;25334.00;1;BID;;;;;
20251107;074954.904;25334.25;;25334.25;1;BID;;;;;
20251107;074954.956;25334.00;;25334.00;1;BID;;;;;
20251107;074955.204;25333.75;;25333.75;2;BID;;;;;
20251107;074955.224;25334.00;;25334.00;1;BID;;;;;
20251107;074955.276;25333.75;;25333.75;2;BID;;;;;
20251107;074955.332;25334.00;;25334.00;1;BID;;;;;
20251107;074955.340;25333.75;;25333.75;2;BID;;;;;
20251107;074955.412;25334.00;;25334.00;1;BID;;;;;
20251107;074955.436;25333.75;;25333.75;2;BID;;;;;
20251107;074955.488;25334.00;;25334.00;1;BID;;;;;
20251107;074955.544;25333.75;;25333.75;2;BID;;;;;
20251107;074955.596;25334.00;;25334.00;1;BID;;;;;
20251107;074955.648;25333.75;;25333.75;2;BID;;;;;
20251107;074955.704;25334.00;;25334.00;1;BID;;;;;
20251107;074955.756;25333.75;;25333.75;2;BID;;;;;
20251107;074955.808;25334.00;;25334.00;1;BID;;;;;
20251107;074955.856;25333.75;;25333.75;2;BID;;;;;
20251107;074955.916;25334.00;;25334.00;1;BID;;;;;
20251107;074955.968;25333.75;;25333.75;2;BID;;;;;
20251107;074956.020;25334.00;;25334.00;1;BID;;;;;
20251107;074956.076;25333.75;;25333.75;2;BID;;;;;
20251107;074956.128;25334.00;;25334.00;1;BID;;;;;
20251107;074956.180;25333.75;;25333.75;2;BID;;;;;
20251107;074956.236;25334.00;;25334.00;1;BID;;;;;
20251107;074956.288;25333.75;;25333.75;2;BID;;;;;
20251107;074956.416;25333.75;;25333.75;1;BID;;;;;
20251107;074956.416;;25334.75;25334.75;2;ASK;;;;;
20251107;074956.416;25333.75;;25333.75;2;BID;;;;;
20251107;074956.416;25333.75;;25333.75;1;BID;;;;;
20251107;074956.416;25333.50;;25333.50;2;BID;;;;;
20251107;074956.416;25333.50;;25333.50;1;BID;;;;;
20251107;074956.416;;25334.75;25334.75;1;ASK;;;;;
20251107;074956.416;25333.75;;25333.75;1;BID;;;;;
20251107;074956.416;25333.50;;25333.50;1;BID;;;;;
20251107;074956.416;25333.25;;25333.25;1;BID;;;;;
20251107;074956.416;25333.25;;25333.25;2;BID;;;;;
20251107;074956.416;25333.50;;25333.50;1;BID;;;;;
20251107;074956.416;;25334.50;25334.50;1;ASK;;;;;
20251107;074956.416;;25334.75;25334.75;1;ASK;;;;;
20251107;074956.416;;25334.50;25334.50;1;ASK;;;;;
20251107;074956.416;25333.75;;25333.75;1;BID;;;;;
20251107;074956.416;;25334.75;25334.75;1;ASK;;;;;
20251107;074956.416;25333.50;;25333.50;1;BID;;;;;
20251107;074956.416;25333.75;;25333.75;1;BID;;;;;
20251107;074956.640;25334.00;;25334.00;1;BID;;;;;
20251107;074956.640;25333.75;;25333.75;1;BID;;;;;
20251107;074956.640;25333.50;;25333.50;1;BID;;;;;
20251107;074956.640;25333.25;;25333.25;1;BID;;;;;
20251107;074956.640;25333.00;;25333.00;2;BID;;;;;
20251107;074956.640;25333.00;;25333.00;3;BID;;;;;
20251107;074956.640;25333.50;;25333.50;1;BID;;;;;
20251107;074956.640;25333.75;;25333.75;1;BID;;;;;
20251107;074956.744;25333.75;;25333.75;2;BID;;;;;
20251107;074957.956;;25334.75;25334.75;2;ASK;;;;;
20251107;074957.956;25333.75;;25333.75;1;BID;;;;;
20251107;074957.956;;25334.50;25334.50;1;ASK;;;;;
20251107;074957.956;25333.50;;25333.50;1;BID;;;;;
20251107;074957.960;25333.25;;25333.25;1;BID;;;;;
20251107;074957.960;;25334.25;25334.25;1;ASK;;;;;
20251107;074957.960;25333.00;;25333.00;4;BID;;;;;
20251107;074957.960;25333.25;;25333.25;1;BID;;;;;
20251107;074957.960;;25334.50;25334.50;1;ASK;;;;;
20251107;074957.960;;25334.50;25334.50;2;ASK;;;;;
20251107;074957.960;;25334.25;25334.25;1;ASK;;;;;
20251107;074957.964;25333.00;;25333.00;4;BID;;;;;
20251107;074957.980;25333.25;;25333.25;1;BID;;;;;
20251107;074957.980;;25334.50;25334.50;2;ASK;;;;;
20251107;074957.980;;25334.50;25334.50;1;ASK;;;;;
20251107;074957.980;25333.25;;25333.25;2;BID;;;;;
20251107;074957.988;;25334.50;25334.50;2;ASK;;;;;
20251107;074957.988;;25334.25;25334.25;1;ASK;;;;;
20251107;074957.988;25333.25;;25333.25;3;BID;;;;;
20251107;074957.988;25333.25;;25333.25;2;BID;;;;;
20251107;074957.988;25333.50;;25333.50;1;BID;;;;;
20251107;074957.992;;25334.50;25334.50;2;ASK;;;;;
20251107;074957.992;;25334.50;25334.50;1;ASK;;;;;
20251107;074958.036;;25334.50;25334.50;2;ASK;;;;;
20251107;074958.036;;25334.25;25334.25;1;ASK;;;;;
20251107;074958.036;;25334.50;25334.50;1;ASK;;;;;
20251107;074958.036;;25334.50;25334.50;2;ASK;;;;;
20251107;074958.040;25333.25;;25333.25;2;BID;;;;;
20251107;074958.040;;25334.25;25334.25;1;ASK;;;;;
20251107;074958.100;25333.50;;25333.50;1;BID;;;;;
20251107;074958.100;;25334.50;25334.50;2;ASK;;;;;
20251107;074958.100;;25334.50;25334.50;1;ASK;;;;;
20251107;074958.120;;25334.50;25334.50;2;ASK;;;;;
20251107;074958.120;25333.25;;25333.25;2;BID;;;;;
20251107;074958.120;;25334.25;25334.25;1;ASK;;;;;
20251107;074958.148;25333.50;;25333.50;1;BID;;;;;
20251107;074958.148;;25334.50;25334.50;2;ASK;;;;;
20251107;074958.148;;25334.50;25334.50;1;ASK;;;;;
20251107;074958.204;25333.25;;25333.25;2;BID;;;;;
20251107;074958.220;;25334.50;25334.50;2;ASK;;;;;
20251107;074958.220;;25334.25;25334.25;1;ASK;;;;;
20251107;074958.224;;25334.25;25334.25;2;ASK;;;;;
20251107;074958.224;25333.25;;25333.25;1;BID;;;;;
20251107;074958.224;;25334.00;25334.00;1;ASK;;;;;
20251107;074958.224;25333.00;;25333.00;3;BID;;;;;
20251107;074958.224;25333.50;;25333.50;1;BID;;;;;
20251107;074958.224;25333.00;;25333.00;2;BID;;;;;
20251107;074958.224;;25334.25;25334.25;2;ASK;;;;;
20251107;074958.224;;25334.25;25334.25;1;ASK;;;;;
20251107;074958.224;;25334.50;25334.50;3;ASK;;;;;
20251107;074958.224;25333.25;;25333.25;1;BID;;;;;
20251107;074958.224;;25334.50;25334.50;2;ASK;;;;;
20251107;074958.224;;25334.25;25334.25;1;ASK;;;;;
20251107;074958.224;25333.00;;25333.00;2;BID;;;;;
20251107;074958.224;25333.25;;25333.25;1;BID;;;;;
20251107;074958.224;;25334.50;25334.50;2;ASK;;;;;
20251107;074958.228;;25334.25;25334.25;1;ASK;;;;;
20251107;074958.228;25333.00;;25333.00;2;BID;;;;;
20251107;074958.232;;25334.25;25334.25;2;ASK;;;;;
20251107;074958.244;;25334.00;25334.00;1;ASK;;;;;
20251107;074958.256;25333.25;;25333.25;1;BID;;;;;
20251107;074958.256;;25334.25;25334.25;2;ASK;;;;;
20251107;074958.256;;25334.25;25334.25;1;ASK;;;;;
20251107;074958.264;;25334.25;25334.25;2;ASK;;;;;
20251107;074958.300;25333.00;;25333.00;2;BID;;;;;
20251107;074958.364;25333.25;;25333.25;1;BID;;;;;
20251107;074958.364;;25334.25;25334.25;1;ASK;;;;;
20251107;074958.416;;25334.25;25334.25;2;ASK;;;;;
20251107;074958.416;25333.25;;25333.25;2;BID;;;;;
20251107;074958.416;;25334.25;25334.25;1;ASK;;;;;
20251107;074958.416;25333.50;;25333.50;1;BID;;;;;
20251107;074958.416;;25334.50;25334.50;3;ASK;;;;;
20251107;074958.416;;25334.50;25334.50;2;ASK;;;;;
20251107;074958.416;;25334.25;25334.25;1;ASK;;;;;
20251107;074958.416;;25334.25;25334.25;2;ASK;;;;;
20251107;074958.416;25333.25;;25333.25;2;BID;;;;;
20251107;074958.416;;25334.25;25334.25;1;ASK;;;;;
20251107;074958.420;;25334.25;25334.25;2;ASK;;;;;
20251107;075000.024;25333.25;;25333.25;3;BID;;;;;
20251107;075000.024;;25334.25;25334.25;1;ASK;;;;;
20251107;075001.300;25333.25;;25333.25;1;BID;;;;;
20251107;075001.300;25333.25;;25333.25;2;BID;;;;;
20251107;075001.300;;25334.00;25334.00;1;ASK;;;;;
20251107;075001.300;;25334.25;25334.25;1;ASK;;;;;
20251107;075001.300;;25334.25;25334.25;2;ASK;;;;;
20251107;075001.300;;25334.00;25334.00;1;ASK;;;;;
20251107;075001.300;25333.25;;25333.25;1;BID;;;;;
20251107;075001.300;25333.25;;25333.25;1;BID;;;;;
20251107;075001.300;25333.00;;25333.00;2;BID;;;;;
20251107;075001.300;;25333.75;25333.75;1;ASK;;;;;
20251107;075001.300;25333.00;;25333.00;1;BID;;;;;
20251107;075001.300;25333.00;;25333.00;1;BID;;;;;
20251107;075001.300;25333.00;;25333.00;1;BID;;;;;
20251107;075001.300;25332.50;;25332.50;2;BID;;;;;
20251107;075001.300;;25333.75;25333.75;2;ASK;;;;;
20251107;075001.300;;25333.50;25333.50;1;ASK;;;;;
20251107;075001.304;;25333.50;25333.50;2;ASK;;;;;
20251107;075001.304;25332.50;;25332.50;1;BID;;;;;
20251107;075001.304;;25333.25;25333.25;1;ASK;;;;;
20251107;075001.304;25332.25;;25332.25;1;BID;;;;;
20251107;075001.304;25331.75;;25331.75;2;BID;;;;;
20251107;075001.304;;25333.25;25333.25;2;ASK;;;;;
20251107;075001.304;25331.75;;25331.75;3;BID;;;;;
20251107;075001.304;;25333.00;25333.00;1;ASK;;;;;
20251107;075001.304;25332.00;;25332.00;1;BID;;;;;
20251107;075001.304;25332.25;;25332.25;1;BID;;;;;
20251107;075001.304;;25333.25;25333.25;2;ASK;;;;;
20251107;075001.304;;25333.25;25333.25;3;ASK;;;;;
20251107;075001.304;;25333.25;25333.25;2;ASK;;;;;
20251107;075001.308;;25333.25;25333.25;1;ASK;;;;;
20251107;075001.420;;25333.00;25333.00;1;ASK;;;;;
20251107;075001.420;25332.00;;25332.00;2;BID;;;;;
20251107;075001.560;25332.25;;25332.25;1;BID;;;;;
20251107;075001.560;;25333.50;25333.50;2;ASK;;;;;
20251107;075001.564;25332.25;;25332.25;2;BID;;;;;
20251107;075001.564;;25333.25;25333.25;1;ASK;;;;;
20251107;075001.660;;25333.50;25333.50;3;ASK;;;;;
20251107;075001.660;;25333.50;25333.50;2;ASK;;;;;
20251107;075001.660;25332.50;;25332.50;1;BID;;;;;
20251107;075001.664;;25333.50;25333.50;1;ASK;;;;;
20251107;075001.664;;25333.50;25333.50;2;ASK;;;;;
20251107;075001.664;;25333.50;25333.50;1;ASK;;;;;
20251107;075001.664;25332.50;;25332.50;2;BID;;;;;
20251107;075001.664;25332.75;;25332.75;1;BID;;;;;
20251107;075001.664;;25333.75;25333.75;3;ASK;;;;;
20251107;075001.664;;25333.75;25333.75;2;ASK;;;;;
20251107;075001.664;25332.50;;25332.50;2;BID;;;;;
20251107;075001.664;;25333.75;25333.75;1;ASK;;;;;
20251107;075001.664;25332.75;;25332.75;1;BID;;;;;
20251107;075002.288;;25334.00;25334.00;2;ASK;;;;;
20251107;075002.288;25333.00;;25333.00;1;BID;;;;;
20251107;075002.288;;25334.00;25334.00;1;ASK;;;;;
20251107;075002.288;;25334.25;25334.25;3;ASK;;;;;
20251107;075002.288;;25334.25;25334.25;2;ASK;;;;;
20251107;075002.288;;25334.25;25334.25;1;ASK;;;;;
20251107;075002.288;;25334.50;25334.50;2;ASK;;;;;
20251107;075002.288;;25334.00;25334.00;1;ASK;;;;;
20251107;075002.288;;25334.50;25334.50;1;ASK;;;;;
20251107;075002.288;25333.00;;25333.00;2;BID;;;;;
20251107;075002.288;25333.25;;25333.25;1;BID;;;;;
20251107;075002.288;;25334.25;25334.25;1;ASK;;;;;
20251107;075002.296;;25334.25;25334.25;2;ASK;;;;;
20251107;075002.296;25333.00;;25333.00;2;BID;;;;;
20251107;075002.316;;25334.00;25334.00;1;ASK;;;;;
20251107;075002.344;;25334.25;25334.25;2;ASK;;;;;
20251107;075002.344;;25334.25;25334.25;1;ASK;;;;;
20251107;075002.344;25333.25;;25333.25;1;BID;;;;;
20251107;075002.356;;25334.25;25334.25;2;ASK;;;;;
20251107;075002.356;;25334.00;25334.00;1;ASK;;;;;
20251107;075002.356;25333.00;;25333.00;2;BID;;;;;
20251107;075002.356;;25334.25;25334.25;1;ASK;;;;;
20251107;075002.356;25333.25;;25333.25;1;BID;;;;;
20251107;075002.420;;25334.00;25334.00;1;ASK;;;;;
20251107;075002.420;25333.00;;25333.00;2;BID;;;;;
20251107;075002.420;25333.50;;25333.50;1;BID;;;;;
20251107;075002.420;;25334.25;25334.25;1;ASK;;;;;
20251107;075002.420;;25334.50;25334.50;2;ASK;;;;;
20251107;075002.420;;25334.50;25334.50;1;ASK;;;;;
20251107;075002.448;;25334.25;25334.25;1;ASK;;;;;
20251107;075003.088;;25334.25;25334.25;1;ASK;;;;;
20251107;075003.088;;25334.50;25334.50;1;ASK;;;;;
20251107;075003.088;25333.75;;25333.75;1;BID;;;;;
20251107;075003.088;;25334.75;25334.75;1;ASK;;;;;
20251107;075003.092;;25334.75;25334.75;2;ASK;;;;;
20251107;075003.092;;25334.75;25334.75;1;ASK;;;;;
20251107;075003.092;;25334.50;25334.50;1;ASK;;;;;
20251107;075003.092;25333.50;;25333.50;1;BID;;;;;
20251107;075003.128;25333.75;;25333.75;1;BID;;;;;
20251107;075003.128;;25334.75;25334.75;1;ASK;;;;;
20251107;075003.128;25334.00;;25334.00;1;BID;;;;;
20251107;075003.132;25333.75;;25333.75;1;BID;;;;;
20251107;075003.256;25333.50;;25333.50;1;BID;;;;;
20251107;075003.424;25333.75;;25333.75;1;BID;;;;;
20251107;075003.588;25334.25;;25334.25;1;BID;;;;;
20251107;075003.588;25334.25;;25334.25;1;BID;;;;;
20251107;075003.588;25333.75;;25333.75;1;BID;;;;;
20251107;075003.588;25333.25;;25333.25;1;BID;;;;;
20251107;075003.588;25333.25;;25333.25;2;BID;;;;;
20251107;075003.592;25333.25;;25333.25;3;BID;;;;;
20251107;075003.592;25333.50;;25333.50;1;BID;;;;;
20251107;075003.592;;25334.50;25334.50;1;ASK;;;;;
20251107;075003.592;;25334.75;25334.75;1;ASK;;;;;
20251107;075003.592;25333.75;;25333.75;1;BID;;;;;
20251107;075003.928;25334.00;;25334.00;1;BID;;;;;
20251107;075004.060;25333.75;;25333.75;1;BID;;;;;
20251107;075004.960;25333.75;;25333.75;1;BID;;;;;
20251107;075004.960;25333.50;;25333.50;1;BID;;;;;
20251107;075004.960;25333.25;;25333.25;1;BID;;;;;
20251107;075004.960;25333.25;;25333.25;1;BID;;;;;
20251107;075004.960;25333.25;;25333.25;1;BID;;;;;
20251107;075004.960;25333.25;;25333.25;1;BID;;;;;
20251107;075004.960;25333.00;;25333.00;3;BID;;;;;
20251107;075004.960;;25334.50;25334.50;1;ASK;;;;;
20251107;075004.960;25333.00;;25333.00;2;BID;;;;;
20251107;075004.960;;25334.50;25334.50;2;ASK;;;;;
20251107;075004.960;;25334.50;25334.50;3;ASK;;;;;
20251107;075004.960;25333.25;;25333.25;1;BID;;;;;
20251107;075004.960;;25334.25;25334.25;1;ASK;;;;;
20251107;075004.960;25333.25;;25333.25;2;BID;;;;;
20251107;075004.960;;25334.50;25334.50;2;ASK;;;;;
20251107;075004.960;25333.50;;25333.50;1;BID;;;;;
20251107;075004.964;;25334.50;25334.50;1;ASK;;;;;
20251107;075004.980;;25334.50;25334.50;2;ASK;;;;;
20251107;075004.984;25333.25;;25333.25;2;BID;;;;;
20251107;075004.984;25333.25;;25333.25;1;BID;;;;;
20251107;075004.984;25333.00;;25333.00;3;BID;;;;;
20251107;075004.984;25333.00;;25333.00;2;BID;;;;;
20251107;075004.984;;25334.25;25334.25;1;ASK;;;;;
20251107;075004.984;25333.25;;25333.25;1;BID;;;;;
20251107;075004.984;;25334.50;25334.50;2;ASK;;;;;
20251107;075004.984;;25334.25;25334.25;1;ASK;;;;;
20251107;075005.008;;25334.00;25334.00;1;ASK;;;;;
20251107;075005.012;25333.00;;25333.00;2;BID;;;;;
20251107;075005.116;;25334.25;25334.25;1;ASK;;;;;
20251107;075005.120;25333.25;;25333.25;1;BID;;;;;
20251107;075005.172;;25334.00;25334.00;1;ASK;;;;;
20251107;075005.224;;25334.25;25334.25;1;ASK;;;;;
20251107;075005.224;;25334.50;25334.50;1;ASK;;;;;
20251107;075005.224;25333.50;;25333.50;1;BID;;;;;
20251107;075005.280;;25334.25;25334.25;1;ASK;;;;;
20251107;075005.280;25333.25;;25333.25;1;BID;;;;;
20251107;075006.332;;25334.50;25334.50;1;ASK;;;;;
20251107;075006.332;25333.50;;25333.50;1;BID;;;;;
20251107;075006.340;25333.25;;25333.25;1;BID;;;;;
20251107;075006.432;;25334.25;25334.25;1;ASK;;;;;
20251107;075006.448;;25334.50;25334.50;1;ASK;;;;;
20251107;075006.500;;25334.25;25334.25;1;ASK;;;;;
20251107;075006.556;;25334.50;25334.50;1;ASK;;;;;
20251107;075006.608;;25334.25;25334.25;1;ASK;;;;;
20251107;075006.660;;25334.50;25334.50;1;ASK;;;;;
20251107;075006.716;;25334.25;25334.25;1;ASK;;;;;
20251107;075006.768;;25334.50;25334.50;1;ASK;;;;;
20251107;075006.768;25333.50;;25333.50;1;BID;;;;;
20251107;075006.816;25333.25;;25333.25;1;BID;;;;;
20251107;075006.816;;25334.25;25334.25;1;ASK;;;;;
20251107;075007.036;;25334.50;25334.50;1;ASK;;;;;
20251107;075007.036;25333.50;;25333.50;1;BID;;;;;
20251107;075007.088;;25334.25;25334.25;1;ASK;;;;;
20251107;075007.088;25333.25;;25333.25;1;BID;;;;;
20251107;075007.248;;25334.50;25334.50;1;ASK;;;;;
20251107;075007.300;;25334.25;25334.25;1;ASK;;;;;
20251107;075007.328;;25334.25;25334.25;1;ASK;;;;;
20251107;075007.328;;25334.50;25334.50;1;ASK;;;;;
20251107;075007.328;25333.50;;25333.50;1;BID;;;;;
20251107;075007.328;;25334.75;25334.75;2;ASK;;;;;
20251107;075007.328;;25334.75;25334.75;1;ASK;;;;;
20251107;075007.332;;25334.50;25334.50;1;ASK;;;;;
20251107;075007.352;25333.75;;25333.75;1;BID;;;;;
20251107;075007.352;;25334.75;25334.75;1;ASK;;;;;
20251107;075007.512;25333.50;;25333.50;1;BID;;;;;
20251107;075007.916;25334.00;;25334.00;1;BID;;;;;
20251107;075009.188;;25334.75;25334.75;1;ASK;;;;;
20251107;075009.188;25333.50;;25333.50;1;BID;;;;;
20251107;075009.188;;25335.25;25335.25;2;ASK;;;;;
20251107;075009.188;25334.25;;25334.25;1;BID;;;;;
20251107;075009.188;;25335.25;25335.25;1;ASK;;;;;
20251107;075009.188;;25335.25;25335.25;2;ASK;;;;;
20251107;075009.188;;25335.00;25335.00;1;ASK;;;;;
20251107;075009.188;25333.50;;25333.50;4;BID;;;;;
20251107;075009.192;25333.50;;25333.50;3;BID;;;;;
20251107;075009.192;25333.75;;25333.75;1;BID;;;;;
20251107;075009.192;;25335.25;25335.25;1;ASK;;;;;
20251107;075009.192;25333.75;;25333.75;2;BID;;;;;
20251107;075009.192;25333.75;;25333.75;3;BID;;;;;
20251107;075009.192;;25335.50;25335.50;1;ASK;;;;;
20251107;075009.192;25334.00;;25334.00;1;BID;;;;;
20251107;075009.192;;25335.50;25335.50;2;ASK;;;;;
20251107;075009.192;;25335.25;25335.25;1;ASK;;;;;
20251107;075009.192;;25335.00;25335.00;1;ASK;;;;;
20251107;075009.220;25333.75;;25333.75;4;BID;;;;;
20251107;075009.220;;25334.75;25334.75;1;ASK;;;;;
20251107;075009.220;25333.75;;25333.75;3;BID;;;;;
20251107;075009.220;25333.75;;25333.75;2;BID;;;;;
20251107;075009.220;25333.75;;25333.75;1;BID;;;;;
20251107;075009.220;;25335.00;25335.00;1;ASK;;;;;
20251107;075009.584;;25334.75;25334.75;1;ASK;;;;;
20251107;075009.600;25334.00;;25334.00;1;BID;;;;;
20251107;075009.600;;25335.00;25335.00;1;ASK;;;;;
20251107;075009.624;25333.75;;25333.75;1;BID;;;;;
20251107;075009.624;;25334.75;25334.75;1;ASK;;;;;
20251107;075009.632;25333.50;;25333.50;4;BID;;;;;
20251107;075009.632;25333.50;;25333.50;3;BID;;;;;
20251107;075009.632;25333.75;;25333.75;1;BID;;;;;
20251107;075009.632;;25335.00;25335.00;1;ASK;;;;;
20251107;075009.876;25334.00;;25334.00;1;BID;;;;;
20251107;075009.884;25333.75;;25333.75;1;BID;;;;;
20251107;075009.884;;25334.75;25334.75;1;ASK;;;;;
20251107;075009.924;25334.00;;25334.00;1;BID;;;;;
20251107;075009.924;;25335.00;25335.00;1;ASK;;;;;
20251107;075009.924;;25335.25;25335.25;1;ASK;;;;;
20251107;075009.924;;25335.25;25335.25;2;ASK;;;;;
20251107;075009.924;;25335.00;25335.00;1;ASK;;;;;
20251107;075009.944;25333.75;;25333.75;1;BID;;;;;
20251107;075010.020;;25335.00;25335.00;2;ASK;;;;;
20251107;075010.020;;25334.75;25334.75;1;ASK;;;;;
20251107;075010.040;25333.50;;25333.50;4;BID;;;;;
20251107;075010.040;25333.50;;25333.50;3;BID;;;;;
20251107;075010.040;;25334.50;25334.50;1;ASK;;;;;
20251107;075010.040;25333.50;;25333.50;2;BID;;;;;
20251107;075010.040;;25334.75;25334.75;1;ASK;;;;;
20251107;075010.068;25333.75;;25333.75;1;BID;;;;;
20251107;075010.088;;25334.75;25334.75;1;ASK;;;;;
20251107;075010.088;;25335.00;25335.00;1;ASK;;;;;
20251107;075010.088;25334.00;;25334.00;1;BID;;;;;
20251107;075010.088;25334.25;;25334.25;1;BID;;;;;
20251107;075010.088;;25335.25;25335.25;3;ASK;;;;;
20251107;075010.088;;25335.25;25335.25;2;ASK;;;;;
20251107;075010.092;;25335.00;25335.00;1;ASK;;;;;
20251107;075010.092;25334.00;;25334.00;1;BID;;;;;
20251107;075010.120;;25335.25;25335.25;2;ASK;;;;;
20251107;075010.120;25334.25;;25334.25;1;BID;;;;;
20251107;075010.176;25334.00;;25334.00;1;BID;;;;;
20251107;075010.176;;25335.00;25335.00;1;ASK;;;;;
20251107;075010.440;;25335.00;25335.00;2;ASK;;;;;
20251107;075010.440;25333.75;;25333.75;2;BID;;;;;
20251107;075010.440;25333.75;;25333.75;1;BID;;;;;
20251107;075010.440;25333.50;;25333.50;2;BID;;;;;
20251107;075010.440;;25334.75;25334.75;1;ASK;;;;;
20251107;075010.444;;25334.50;25334.50;1;ASK;;;;;
20251107;075010.444;25333.50;;25333.50;1;BID;;;;;
20251107;075010.444;25333.25;;25333.25;3;BID;;;;;
20251107;075010.444;25333.25;;25333.25;2;BID;;;;;
20251107;075010.444;25333.50;;25333.50;1;BID;;;;;
20251107;075010.444;25333.25;;25333.25;2;BID;;;;;
20251107;075010.452;25333.50;;25333.50;1;BID;;;;;
20251107;075010.792;;25334.50;25334.50;1;ASK;;;;;
20251107;075010.792;;25334.75;25334.75;1;ASK;;;;;
20251107;075010.792;;25335.00;25335.00;1;ASK;;;;;
20251107;075010.792;;25335.00;25335.00;1;ASK;;;;;
20251107;075010.792;;25335.00;25335.00;1;ASK;;;;;
20251107;075010.792;;25335.25;25335.25;3;ASK;;;;;
20251107;075010.792;25333.75;;25333.75;1;BID;;;;;
20251107;075010.792;;25335.25;25335.25;2;ASK;;;;;
20251107;075010.792;25334.00;;25334.00;1;BID;;;;;
20251107;075010.792;25334.00;;25334.00;2;BID;;;;;
20251107;075010.792;;25335.00;25335.00;1;ASK;;;;;
20251107;075010.792;25334.00;;25334.00;1;BID;;;;;
20251107;075010.792;;25334.75;25334.75;1;ASK;;;;;
20251107;075010.792;;25335.00;25335.00;1;ASK;;;;;
20251107;075010.852;;25335.00;25335.00;2;ASK;;;;;
20251107;075010.852;;25334.75;25334.75;1;ASK;;;;;
20251107;075011.060;;25334.75;25334.75;2;ASK;;;;;
20251107;075011.060;25333.75;;25333.75;1;BID;;;;;
20251107;075012.204;;25334.75;25334.75;1;ASK;;;;;
20251107;075012.204;25334.00;;25334.00;1;BID;;;;;
20251107;075012.204;25334.25;;25334.25;1;BID;;;;;
20251107;075012.204;25334.25;;25334.25;2;BID;;;;;
20251107;075012.208;25334.25;;25334.25;1;BID;;;;;
20251107;075012.212;25334.00;;25334.00;1;BID;;;;;
20251107;075012.244;25334.25;;25334.25;1;BID;;;;;
20251107;075012.300;25334.00;;25334.00;1;BID;;;;;
20251107;075012.352;25334.25;;25334.25;1;BID;;;;;
20251107;075012.448;25334.00;;25334.00;1;BID;;;;;
20251107;075012.448;25333.75;;25333.75;1;BID;;;;;
20251107;075012.732;;25334.75;25334.75;1;ASK;;;;;
20251107;075012.732;;25335.00;25335.00;1;ASK;;;;;
20251107;075012.732;25334.00;;25334.00;1;BID;;;;;
20251107;075012.732;25334.25;;25334.25;1;BID;;;;;
20251107;075012.884;25334.00;;25334.00;1;BID;;;;;
20251107;075014.204;25333.75;;25333.75;2;BID;;;;;
20251107;075014.464;25334.00;;25334.00;1;BID;;;;;
20251107;075014.480;25333.75;;25333.75;2;BID;;;;;
20251107;075014.536;25334.00;;25334.00;1;BID;;;;;
20251107;075014.588;25333.75;;25333.75;2;BID;;;;;
20251107;075014.640;25334.00;;25334.00;1;BID;;;;;
20251107;075014.692;25333.75;;25333.75;2;BID;;;;;
20251107;075014.748;25334.00;;25334.00;1;BID;;;;;
20251107;075014.800;25333.75;;25333.75;2;BID;;;;;
20251107;075014.852;25334.00;;25334.00;1;BID;;;;;
20251107;075014.908;25333.75;;25333.75;2;BID;;;;;
20251107;075014.956;25334.00;;25334.00;1;BID;;;;;
20251107;075014.960;25333.75;;25333.75;2;BID;;;;;
20251107;075015.012;25334.00;;25334.00;1;BID;;;;;
20251107;075015.064;25333.75;;25333.75;2;BID;;;;;
20251107;075015.112;;25335.00;25335.00;2;ASK;;;;;
20251107;075015.112;25334.00;;25334.00;1;BID;;;;;
20251107;075015.112;;25335.00;25335.00;1;ASK;;;;;
20251107;075015.116;25333.75;;25333.75;2;BID;;;;;
20251107;075015.124;;25335.00;25335.00;2;ASK;;;;;
20251107;075015.124;;25334.75;25334.75;1;ASK;;;;;
20251107;075015.124;;25335.25;25335.25;3;ASK;;;;;
20251107;075015.124;;25335.25;25335.25;2;ASK;;;;;
20251107;075015.124;25334.00;;25334.00;1;BID;;;;;
20251107;075015.124;;25335.00;25335.00;1;ASK;;;;;
20251107;075015.124;25333.75;;25333.75;2;BID;;;;;
20251107;075015.176;;25335.00;25335.00;2;ASK;;;;;
20251107;075015.176;;25334.75;25334.75;1;ASK;;;;;
20251107;075015.368;;25334.75;25334.75;1;ASK;;;;;
20251107;075015.368;;25335.00;25335.00;1;ASK;;;;;
20251107;075015.368;25334.00;;25334.00;1;BID;;;;;
20251107;075015.368;25334.00;;25334.00;2;BID;;;;;
20251107;075015.384;25334.00;;25334.00;1;BID;;;;;
20251107;075015.384;;25335.00;25335.00;2;ASK;;;;;
20251107;075015.384;25333.75;;25333.75;2;BID;;;;;
20251107;075015.384;;25335.00;25335.00;1;ASK;;;;;
20251107;075015.396;;25335.00;25335.00;2;ASK;;;;;
20251107;075015.396;25334.00;;25334.00;1;BID;;;;;
20251107;075016.460;25333.75;;25333.75;2;BID;;;;;
20251107;075016.460;;25335.00;25335.00;1;ASK;;;;;
20251107;075016.460;;25335.00;25335.00;2;ASK;;;;;
20251107;075017.212;;25335.00;25335.00;1;ASK;;;;;
20251107;075017.212;;25335.00;25335.00;1;ASK;;;;;
20251107;075017.212;25334.00;;25334.00;1;BID;;;;;
20251107;075017.212;25334.00;;25334.00;2;BID;;;;;
20251107;075017.248;25334.25;;25334.25;1;BID;;;;;
20251107;075017.248;25334.00;;25334.00;1;BID;;;;;
20251107;075017.300;25334.25;;25334.25;1;BID;;;;;
20251107;075017.304;25334.00;;25334.00;1;BID;;;;;
20251107;075017.328;25334.25;;25334.25;1;BID;;;;;
20251107;075017.408;25334.00;;25334.00;1;BID;;;;;
20251107;075017.568;;25335.00;25335.00;2;ASK;;;;;
20251107;075017.568;25333.75;;25333.75;2;BID;;;;;
20251107;075017.568;;25334.75;25334.75;1;ASK;;;;;
20251107;075017.568;;25335.25;25335.25;3;ASK;;;;;
20251107;075017.568;;25335.25;25335.25;2;ASK;;;;;
20251107;075017.568;25334.00;;25334.00;1;BID;;;;;
20251107;075017.568;25334.25;;25334.25;1;BID;;;;;
20251107;075017.568;;25335.00;25335.00;1;ASK;;;;;
20251107;075017.616;;25335.00;25335.00;2;ASK;;;;;
20251107;075017.616;25334.25;;25334.25;1;BID;;;;;
20251107;075017.616;25334.00;;25334.00;1;BID;;;;;
20251107;075017.616;;25334.75;25334.75;1;ASK;;;;;
20251107;075017.616;25333.75;;25333.75;2;BID;;;;;
20251107;075017.616;25333.75;;25333.75;1;BID;;;;;
20251107;075017.616;;25334.50;25334.50;1;ASK;;;;;
20251107;075017.616;25333.50;;25333.50;2;BID;;;;;
20251107;075017.620;25333.50;;25333.50;1;BID;;;;;
20251107;075017.628;25333.25;;25333.25;3;BID;;;;;
20251107;075017.628;25333.25;;25333.25;2;BID;;;;;
20251107;075017.628;25333.25;;25333.25;1;BID;;;;;
20251107;075017.632;25333.50;;25333.50;1;BID;;;;;
20251107;075017.692;;25334.50;25334.50;2;ASK;;;;;
20251107;075017.692;25333.25;;25333.25;1;BID;;;;;
20251107;075017.692;;25334.50;25334.50;1;ASK;;;;;
20251107;075017.692;;25334.25;25334.25;1;ASK;;;;;
20251107;075017.696;;25334.50;25334.50;1;ASK;;;;;
20251107;075017.696;25333.50;;25333.50;1;BID;;;;;
20251107;075017.880;;25334.50;25334.50;2;ASK;;;;;
20251107;075017.880;25333.25;;25333.25;1;BID;;;;;
20251107;075017.880;;25334.25;25334.25;1;ASK;;;;;
20251107;075018.004;;25334.25;25334.25;2;ASK;;;;;
20251107;075018.236;;25334.25;25334.25;3;ASK;;;;;
20251107;075018.236;;25334.00;25334.00;1;ASK;;;;;
20251107;075018.236;25333.00;;25333.00;3;BID;;;;;
20251107;075018.240;25333.00;;25333.00;2;BID;;;;;
20251107;075018.240;25333.00;;25333.00;1;BID;;;;;
20251107;075018.240;25332.75;;25332.75;5;BID;;;;;
20251107;075018.240;25333.00;;25333.00;1;BID;;;;;
20251107;075018.244;;25333.75;25333.75;1;ASK;;;;;
20251107;075018.260;;25334.00;25334.00;1;ASK;;;;;
20251107;075018.356;;25334.00;25334.00;2;ASK;;;;;
20251107;075018.356;25332.75;;25332.75;5;BID;;;;;
20251107;075018.356;25332.75;;25332.75;6;BID;;;;;
20251107;075018.356;25333.00;;25333.00;1;BID;;;;;
20251107;075018.528;25332.75;;25332.75;6;BID;;;;;
20251107;075018.528;;25333.75;25333.75;1;ASK;;;;;
20251107;075018.528;25332.75;;25332.75;5;BID;;;;;
20251107;075018.528;25332.75;;25332.75;4;BID;;;;;
20251107;075018.528;;25334.00;25334.00;1;ASK;;;;;
20251107;075018.528;;25333.75;25333.75;1;ASK;;;;;
20251107;075018.528;;25334.00;25334.00;1;ASK;;;;;
20251107;075018.528;25333.00;;25333.00;1;BID;;;;;
20251107;075018.540;;25334.25;25334.25;2;ASK;;;;;
20251107;075018.540;;25334.25;25334.25;1;ASK;;;;;
20251107;075018.540;25333.25;;25333.25;1;BID;;;;;
20251107;075018.640;25333.50;;25333.50;1;BID;;;;;
20251107;075018.640;;25334.50;25334.50;1;ASK;;;;;
20251107;075018.644;;25334.25;25334.25;1;ASK;;;;;
20251107;075018.644;25333.25;;25333.25;1;BID;;;;;
20251107;075018.644;;25334.50;25334.50;1;ASK;;;;;
20251107;075018.660;;25334.50;25334.50;2;ASK;;;;;
20251107;075018.660;;25334.25;25334.25;1;ASK;;;;;
20251107;075018.932;25333.25;;25333.25;1;BID;;;;;
20251107;075018.932;25333.00;;25333.00;2;BID;;;;;
20251107;075018.932;;25334.00;25334.00;1;ASK;;;;;
20251107;075018.932;25333.00;;25333.00;1;BID;;;;;
20251107;075018.936;25333.25;;25333.25;1;BID;;;;;
20251107;075018.936;;25334.25;25334.25;1;ASK;;;;;
20251107;075018.952;;25334.25;25334.25;2;ASK;;;;;
20251107;075018.952;25333.00;;25333.00;1;BID;;;;;
20251107;075018.952;;25334.00;25334.00;1;ASK;;;;;
20251107;075018.968;;25333.75;25333.75;1;ASK;;;;;
20251107;075018.968;25332.75;;25332.75;3;BID;;;;;
20251107;075018.996;;25334.00;25334.00;1;ASK;;;;;
20251107;075018.996;25333.00;;25333.00;1;BID;;;;;
20251107;075019.060;;25334.00;25334.00;2;ASK;;;;;
20251107;075020.988;25333.00;;25333.00;1;BID;;;;;
20251107;075020.988;25332.75;;25332.75;2;BID;;;;;
20251107;075020.988;25332.75;;25332.75;2;BID;;;;;
20251107;075020.988;;25333.75;25333.75;1;ASK;;;;;
20251107;075020.988;;25333.75;25333.75;2;ASK;;;;;
20251107;075020.988;;25333.75;25333.75;1;ASK;;;;;
20251107;075020.988;;25334.00;25334.00;2;ASK;;;;;
20251107;075020.996;25333.00;;25333.00;1;BID;;;;;
20251107;075021.024;;25333.75;25333.75;1;ASK;;;;;
20251107;075021.024;25332.75;;25332.75;1;BID;;;;;
20251107;075021.040;;25333.75;25333.75;2;ASK;;;;;
20251107;075021.040;;25333.50;25333.50;1;ASK;;;;;
20251107;075021.092;;25333.75;25333.75;1;ASK;;;;;
20251107;075021.240;;25333.75;25333.75;2;ASK;;;;;
20251107;075021.240;;25333.50;25333.50;1;ASK;;;;;
20251107;075021.288;;25333.75;25333.75;1;ASK;;;;;
20251107;075021.652;;25333.75;25333.75;2;ASK;;;;;
20251107;075021.652;;25333.50;25333.50;1;ASK;;;;;
20251107;075021.704;;25333.75;25333.75;1;ASK;;;;;
20251107;075021.704;;25334.00;25334.00;2;ASK;;;;;
20251107;075021.716;;25334.00;25334.00;3;ASK;;;;;
20251107;075021.716;;25333.75;25333.75;1;ASK;;;;;
20251107;075021.772;;25333.50;25333.50;1;ASK;;;;;
20251107;075021.876;;25333.75;25333.75;1;ASK;;;;;
20251107;075021.876;;25334.00;25334.00;2;ASK;;;;;
20251107;075021.876;25333.00;;25333.00;1;BID;;;;;
20251107;075021.932;;25333.75;25333.75;1;ASK;;;;;
20251107;075021.932;25332.75;;25332.75;1;BID;;;;;
20251107;075021.972;;25333.75;25333.75;2;ASK;;;;;
20251107;075022.004;;25333.50;25333.50;1;ASK;;;;;
20251107;075022.020;25332.75;;25332.75;1;BID;;;;;
20251107;075022.020;25332.50;;25332.50;1;BID;;;;;
20251107;075022.020;;25333.25;25333.25;1;ASK;;;;;
20251107;075022.020;25332.25;;25332.25;2;BID;;;;;
20251107;075022.020;25332.25;;25332.25;1;BID;;;;;
20251107;075022.020;;25333.00;25333.00;1;ASK;;;;;
20251107;075022.020;;25333.00;25333.00;2;ASK;;;;;
20251107;075022.020;25332.00;;25332.00;2;BID;;;;;
20251107;075022.020;25332.00;;25332.00;1;BID;;;;;
20251107;075022.024;25331.75;;25331.75;3;BID;;;;;
20251107;075022.024;25332.00;;25332.00;1;BID;;;;;
20251107;075022.024;;25333.00;25333.00;1;ASK;;;;;
20251107;075022.028;;25333.25;25333.25;2;ASK;;;;;
20251107;075022.028;;25333.25;25333.25;1;ASK;;;;;
20251107;075022.028;25332.00;;25332.00;2;BID;;;;;
20251107;075022.032;;25333.00;25333.00;1;ASK;;;;;
20251107;075022.056;25332.00;;25332.00;1;BID;;;;;
20251107;075022.356;25331.75;;25331.75;2;BID;;;;;
20251107;075022.356;;25332.75;25332.75;1;ASK;;;;;
20251107;075022.472;;25332.75;25332.75;2;ASK;;;;;
20251107;075022.688;25332.00;;25332.00;1;BID;;;;;
20251107;075022.688;;25332.75;25332.75;1;ASK;;;;;
20251107;075022.688;25331.75;;25331.75;2;BID;;;;;
20251107;075022.808;25332.00;;25332.00;1;BID;;;;;
20251107;075023.024;25331.75;;25331.75;2;BID;;;;;
20251107;075023.100;25332.00;;25332.00;1;BID;;;;;
20251107;075023.152;25331.75;;25331.75;2;BID;;;;;
20251107;075023.204;25332.00;;25332.00;1;BID;;;;;
20251107;075023.220;25331.75;;25331.75;2;BID;;;;;
20251107;075023.256;25332.00;;25332.00;1;BID;;;;;
20251107;075023.312;25331.75;;25331.75;2;BID;;;;;
20251107;075023.364;25332.00;;25332.00;1;BID;;;;;
20251107;075023.396;25331.75;;25331.75;2;BID;;;;;
20251107;075023.484;25332.00;;25332.00;1;BID;;;;;
20251107;075023.524;25331.75;;25331.75;2;BID;;;;;
20251107;075027.528;25331.75;;25331.75;1;BID;;;;;
20251107;075027.528;25331.50;;25331.50;3;BID;;;;;
20251107;075027.528;25331.50;;25331.50;2;BID;;;;;
20251107;075027.528;;25332.50;25332.50;1;ASK;;;;;
20251107;075027.528;25331.50;;25331.50;1;BID;;;;;
20251107;075027.532;25331.00;;25331.00;2;BID;;;;;
20251107;075027.532;25331.00;;25331.00;1;BID;;;;;
20251107;075027.532;25331.00;;25331.00;2;BID;;;;;
20251107;075027.532;25331.25;;25331.25;1;BID;;;;;
20251107;075027.532;;25333.25;25333.25;2;ASK;;;;;
20251107;075027.532;25331.25;;25331.25;2;BID;;;;;
20251107;075027.532;25331.25;;25331.25;3;BID;;;;;
20251107;075027.532;25331.50;;25331.50;1;BID;;;;;
20251107;075027.532;;25333.25;25333.25;1;ASK;;;;;
20251107;075027.532;;25333.00;25333.00;1;ASK;;;;;
20251107;075027.532;;25333.00;25333.00;2;ASK;;;;;
20251107;075027.532;;25333.00;25333.00;3;ASK;;;;;
20251107;075027.532;;25332.75;25332.75;1;ASK;;;;;
20251107;075027.536;;25332.50;25332.50;1;ASK;;;;;
20251107;075027.580;;25332.50;25332.50;2;ASK;;;;;
20251107;075029.216;;25332.00;25332.00;1;ASK;;;;;
20251107;075029.216;25331.25;;25331.25;3;BID;;;;;
20251107;075029.216;25331.25;;25331.25;2;BID;;;;;
20251107;075029.216;25331.25;;25331.25;1;BID;;;;;
20251107;075029.216;25331.00;;25331.00;2;BID;;;;;
20251107;075029.220;25331.00;;25331.00;1;BID;;;;;
20251107;075029.220;;25331.75;25331.75;1;ASK;;;;;
20251107;075029.220;25330.75;;25330.75;2;BID;;;;;
20251107;075029.220;25331.25;;25331.25;1;BID;;;;;
20251107;075029.220;;25332.00;25332.00;1;ASK;;;;;
20251107;075029.220;25331.25;;25331.25;2;BID;;;;;
20251107;075029.220;25331.25;;25331.25;3;BID;;;;;
20251107;075029.220;25331.25;;25331.25;4;BID;;;;;
20251107;075029.220;25331.50;;25331.50;1;BID;;;;;
20251107;075029.220;25331.50;;25331.50;2;BID;;;;;
20251107;075029.220;25331.75;;25331.75;1;BID;;;;;
20251107;075029.220;25331.50;;25331.50;2;BID;;;;;
20251107;075029.220;;25332.00;25332.00;1;ASK;;;;;
20251107;075029.220;;25332.75;25332.75;1;ASK;;;;;
20251107;075029.220;25331.50;;25331.50;1;BID;;;;;
20251107;075029.220;;25332.75;25332.75;2;ASK;;;;;
20251107;075029.224;25331.25;;25331.25;3;BID;;;;;
20251107;075029.224;;25332.50;25332.50;1;ASK;;;;;
20251107;075029.224;25331.25;;25331.25;4;BID;;;;;
20251107;075029.224;25331.25;;25331.25;3;BID;;;;;
20251107;075029.224;25331.50;;25331.50;1;BID;;;;;
20251107;075029.224;25331.50;;25331.50;2;BID;;;;;
20251107;075029.224;;25332.75;25332.75;1;ASK;;;;;
20251107;075029.224;25331.75;;25331.75;1;BID;;;;;
20251107;075029.232;25331.50;;25331.50;2;BID;;;;;
20251107;075029.232;;25332.50;25332.50;1;ASK;;;;;
20251107;075029.268;;25332.50;25332.50;2;ASK;;;;;
20251107;075031.244;25331.50;;25331.50;1;BID;;;;;
20251107;075031.244;;25332.25;25332.25;1;ASK;;;;;
20251107;075031.244;25331.25;;25331.25;3;BID;;;;;
20251107;075031.244;25331.25;;25331.25;2;BID;;;;;
20251107;075031.244;25331.25;;25331.25;1;BID;;;;;
20251107;075031.296;;25332.25;25332.25;2;ASK;;;;;
20251107;075031.296;;25332.00;25332.00;1;ASK;;;;;
20251107;075031.296;25330.75;;25330.75;2;BID;;;;;
20251107;075031.296;25330.75;;25330.75;3;BID;;;;;
20251107;075031.296;25331.00;;25331.00;1;BID;;;;;
20251107;075031.296;25331.00;;25331.00;2;BID;;;;;
20251107;075031.336;25331.00;;25331.00;1;BID;;;;;
20251107;075031.336;;25331.75;25331.75;1;ASK;;;;;
20251107;075031.336;25330.75;;25330.75;2;BID;;;;;
20251107;075031.492;;25332.00;25332.00;1;ASK;;;;;
20251107;075031.492;25331.00;;25331.00;1;BID;;;;;
20251107;075031.492;25331.00;;25331.00;2;BID;;;;;
20251107;075031.552;25331.00;;25331.00;1;BID;;;;;
20251107;075031.772;;25332.00;25332.00;2;ASK;;;;;
20251107;075031.772;25330.75;;25330.75;2;BID;;;;;
20251107;075031.772;;25331.75;25331.75;1;ASK;;;;;
20251107;075031.772;25330.75;;25330.75;3;BID;;;;;
20251107;075031.772;25331.00;;25331.00;1;BID;;;;;
20251107;075031.772;;25332.00;25332.00;2;ASK;;;;;
20251107;075032.308;;25331.75;25331.75;1;ASK;;;;;
20251107;075032.308;25330.75;;25330.75;3;BID;;;;;
20251107;075032.320;25331.00;;25331.00;1;BID;;;;;
20251107;075032.320;;25332.00;25332.00;1;ASK;;;;;
20251107;075032.360;;25332.00;25332.00;2;ASK;;;;;
20251107;075032.840;25330.75;;25330.75;3;BID;;;;;
20251107;075032.840;;25331.75;25331.75;1;ASK;;;;;
20251107;075032.892;;25331.75;25331.75;2;ASK;;;;;
20251107;075032.992;25331.00;;25331.00;1;BID;;;;;
20251107;075032.992;;25331.75;25331.75;1;ASK;;;;;
20251107;075033.048;25330.75;;25330.75;3;BID;;;;;
20251107;075033.052;25331.00;;25331.00;1;BID;;;;;
20251107;075033.104;25330.75;;25330.75;3;BID;;;;;
20251107;075033.152;25331.00;;25331.00;1;BID;;;;;
20251107;075033.204;25330.75;;25330.75;3;BID;;;;;
20251107;075033.260;25331.00;;25331.00;1;BID;;;;;
20251107;075033.312;25330.75;;25330.75;3;BID;;;;;
20251107;075033.352;25331.00;;25331.00;1;BID;;;;;
20251107;075033.352;25331.25;;25331.25;1;BID;;;;;
20251107;075033.364;25331.00;;25331.00;1;BID;;;;;
20251107;075035.404;25330.75;;25330.75;4;BID;;;;;
20251107;075035.404;25330.75;;25330.75;3;BID;;;;;
20251107;075035.440;25331.00;;25331.00;1;BID;;;;;
20251107;075035.500;25330.75;;25330.75;3;BID;;;;;
20251107;075035.532;25331.00;;25331.00;1;BID;d_shape;LONG;25330.75;;
20251107;075035.536;25330.75;;25330.75;3;BID;;;;;
20251107;075035.588;25331.00;;25331.00;1;BID;;;;;
20251107;075035.600;25330.75;;25330.75;3;BID;;;;;
20251107;075035.656;25331.00;;25331.00;1;BID;;;;;
20251107;075035.708;25330.75;;25330.75;3;BID;;;;;
20251107;075036.188;25330.75;;25330.75;2;BID;;;;;
20251107;075036.192;;25331.50;25331.50;1;ASK;;;;;
20251107;075036.192;25330.75;;25330.75;1;BID;;;;;
20251107;075036.192;25330.75;;25330.75;1;BID;;;;;
20251107;075036.192;25330.50;;25330.50;1;BID;;;;;
20251107;075036.192;;25331.25;25331.25;1;ASK;;;;;
20251107;075036.192;;25331.25;25331.25;2;ASK;;;;;
20251107;075036.192;25330.25;;25330.25;2;BID;;;;;
20251107;075036.192;25330.25;;25330.25;1;BID;;;;;
20251107;075036.192;;25331.00;25331.00;1;ASK;;;;;
20251107;075036.192;;25331.25;25331.25;2;ASK;;;;;
20251107;075036.196;;25331.00;25331.00;1;ASK;;;;;
20251107;075036.196;25330.00;;25330.00;3;BID;;;;;
20251107;075036.196;25330.00;;25330.00;2;BID;;;;;
20251107;075036.196;25330.00;;25330.00;3;BID;;;;;
20251107;075036.244;;25331.00;25331.00;2;ASK;;;;;
20251107;075036.344;;25330.75;25330.75;1;ASK;;;;;
20251107;075036.344;;25331.00;25331.00;1;ASK;;;;;
20251107;075036.392;;25331.25;25331.25;2;ASK;;;;;
20251107;075036.392;25330.25;;25330.25;1;BID;;;;;
20251107;075036.392;25330.50;;25330.50;1;BID;;;;;
20251107;075036.392;;25331.25;25331.25;1;ASK;;;;;
20251107;075036.392;;25331.50;25331.50;1;ASK;;;;;
20251107;075036.392;;25332.50;25332.50;3;ASK;;;;;
20251107;075036.396;;25332.50;25332.50;2;ASK;;;;;
20251107;075036.396;25330.25;;25330.25;1;BID;;;;;
20251107;075036.396;;25332.50;25332.50;3;ASK;;;;;
20251107;075036.396;25330.00;;25330.00;8;BID;;;;;
20251107;075036.396;;25331.25;25331.25;1;ASK;;;;;
20251107;075036.396;;25331.25;25331.25;2;ASK;;;;;
20251107;075036.396;25330.00;;25330.00;7;BID;;;;;
20251107;075036.396;25330.00;;25330.00;6;BID;;;;;
20251107;075036.396;;25331.25;25331.25;1;ASK;;;;;
20251107;075036.396;;25332.25;25332.25;1;ASK;;;;;
20251107;075036.396;25330.00;;25330.00;5;BID;;;;;
20251107;075036.396;25330.75;;25330.75;1;BID;;;;;
20251107;075036.396;25330.25;;25330.25;1;BID;;;;;
20251107;075036.396;25330.50;;25330.50;1;BID;;;;;
20251107;075036.396;;25332.25;25332.25;2;ASK;;;;;
20251107;075036.396;;25332.25;25332.25;3;ASK;;;;;
20251107;075036.396;;25332.25;25332.25;2;ASK;;;;;
20251107;075036.396;;25332.00;25332.00;1;ASK;;;;;
20251107;075036.396;;25332.00;25332.00;2;ASK;;;;;
20251107;075036.396;25330.75;;25330.75;1;BID;;;;;
20251107;075036.396;;25331.75;25331.75;1;ASK;;;;;
20251107;075036.400;25330.75;;25330.75;2;BID;;;;;
20251107;075036.400;;25332.00;25332.00;2;ASK;;;;;
20251107;075036.400;25331.00;;25331.00;1;BID;;;;;
20251107;075036.452;;25331.75;25331.75;1;ASK;;;;;
20251107;075036.452;25330.75;;25330.75;2;BID;;;;;
20251107;075036.452;25331.00;;25331.00;1;BID;;;;;
20251107;075036.452;25330.75;;25330.75;2;BID;;;;;
20251107;075036.504;;25332.00;25332.00;2;ASK;;;;;
20251107;075036.520;;25331.75;25331.75;1;ASK;;;;;
20251107;075036.528;;25332.00;25332.00;2;ASK;;;;;
20251107;075036.556;;25331.75;25331.75;1;ASK;;;;;
20251107;075036.560;25330.75;;25330.75;1;BID;;;;;
20251107;075036.612;;25332.00;25332.00;2;ASK;;;;;
20251107;075036.664;;25331.75;25331.75;1;ASK;;;;;
20251107;075036.704;;25331.75;25331.75;2;ASK;;;;;
20251107;075036.704;25330.25;;25330.25;3;BID;;;;;
20251107;075036.704;25330.25;;25330.25;2;BID;;;;;
20251107;075036.704;;25331.50;25331.50;1;ASK;;;;;
20251107;075036.704;25330.25;;25330.25;3;BID;;;;;
20251107;075036.704;25330.25;;25330.25;4;BID;;;;;
20251107;075036.704;25330.50;;25330.50;1;BID;;;;;
20251107;075036.704;;25331.75;25331.75;2;ASK;;;;;
20251107;075036.720;25330.50;;25330.50;2;BID;;;;;
20251107;075036.720;25330.75;;25330.75;1;BID;;;;;
20251107;075036.720;25330.50;;25330.50;2;BID;;;;;
20251107;075036.720;;25331.50;25331.50;1;ASK;;;;;
20251107;075036.720;25330.50;;25330.50;1;BID;;;;;
20251107;075036.720;;25331.75;25331.75;2;ASK;;;;;
20251107;075036.720;25330.50;;25330.50;2;BID;;;;;
20251107;075037.368;25330.75;;25330.75;1;BID;;;;;
20251107;075037.888;25330.50;;25330.50;3;BID;;;;;
20251107;075037.888;25330.50;;25330.50;2;BID;;;;;
20251107;075037.892;;25331.50;25331.50;1;ASK;;;;;
20251107;075037.892;;25331.75;25331.75;1;ASK;;;;;
20251107;075037.892;25330.75;;25330.75;1;BID;;;;;
20251107;075037.892;;25332.00;25332.00;2;ASK;;;;;
20251107;075037.940;;25331.75;25331.75;1;ASK;;;;;
20251107;075037.940;;25331.75;25331.75;2;ASK;;;;;
20251107;075040.432;25330.75;;25330.75;2;BID;;;;;
20251107;075040.432;;25331.75;25331.75;1;ASK;;;;;
20251107;075040.432;25331.00;;25331.00;1;BID;;;;;
20251107;075040.432;25330.75;;25330.75;2;BID;;;;;
20251107;075041.536;25331.00;;25331.00;1;BID;;;;;
20251107;075041.968;25330.75;;25330.75;2;BID;;;;;
20251107;075041.972;25330.75;;25330.75;1;BID;;;;;
20251107;075042.208;25330.50;;25330.50;1;BID;;;;;
20251107;075042.208;25330.75;;25330.75;1;BID;;;;;
20251107;075042.208;25330.50;;25330.50;1;BID;;;;;
20251107;075042.212;25330.50;;25330.50;2;BID;;;;;
20251107;075042.212;25330.75;;25330.75;1;BID;;;;;
20251107;075043.400;25331.00;;25331.00;1;BID;;;;;
20251107;075043.400;25330.75;;25330.75;1;BID;;;;;
20251107;075043.672;;25331.75;25331.75;2;ASK;;;;;
20251107;075043.700;25330.50;;25330.50;3;BID;;;;;
20251107;075043.700;;25331.50;25331.50;1;ASK;;;;;
20251107;075043.700;;25331.50;25331.50;2;ASK;;;;;
20251107;075043.700;25330.50;;25330.50;2;BID;;;;;
20251107;075043.700;25330.50;;25330.50;1;BID;;;;;
20251107;075043.700;;25331.25;25331.25;1;ASK;;;;;
20251107;075043.704;;25331.50;25331.50;2;ASK;;;;;
20251107;075043.704;;25331.50;25331.50;1;ASK;;;;;
20251107;075043.704;25330.75;;25330.75;1;BID;;;;;
20251107;075043.716;;25331.75;25331.75;2;ASK;;;;;
20251107;075043.716;;25331.75;25331.75;1;ASK;;;;;
20251107;075043.716;;25332.00;25332.00;1;ASK;;;;;
20251107;075043.716;25330.25;;25330.25;4;BID;;;;;
20251107;075043.716;;25331.50;25331.50;1;ASK;;;;;
20251107;075043.716;25330.25;;25330.25;3;BID;;;;;
20251107;075043.716;;25331.75;25331.75;2;ASK;;;;;
20251107;075043.716;25330.50;;25330.50;1;BID;;;;;
20251107;075043.716;;25331.75;25331.75;1;ASK;;;;;
20251107;075043.716;;25331.75;25331.75;2;ASK;;;;;
20251107;075043.716;;25331.50;25331.50;1;ASK;;;;;
20251107;075043.752;;25331.50;25331.50;2;ASK;;;;;
20251107;075043.752;25330.25;;25330.25;4;BID;;;;;
20251107;075043.752;25330.25;;25330.25;3;BID;;;;;
20251107;075043.752;;25331.25;25331.25;1;ASK;;;;;
20251107;075043.752;;25331.50;25331.50;2;ASK;;;;;
20251107;075045.112;;25331.25;25331.25;1;ASK;;;;;
20251107;075045.112;;25331.50;25331.50;1;ASK;;;;;
20251107;075045.112;25330.50;;25330.50;1;BID;;;;;
20251107;075045.116;;25331.50;25331.50;2;ASK;;;;;
20251107;075045.116;25330.25;;25330.25;4;BID;;;;;
20251107;075045.116;25330.25;;25330.25;3;BID;;;;;
20251107;075045.116;;25331.25;25331.25;1;ASK;;;;;
20251107;075045.120;;25331.50;25331.50;1;ASK;;;;;
20251107;075045.120;25330.50;;25330.50;1;BID;;;;;
20251107;075045.164;;25331.50;25331.50;2;ASK;;;;;
20251107;075045.164;25330.25;;25330.25;4;BID;;;;;
20251107;075045.164;;25331.25;25331.25;1;ASK;;;;;
20251107;075045.164;25330.25;;25330.25;3;BID;;;;;
20251107;075045.164;25330.25;;25330.25;2;BID;;;;;
20251107;075045.528;;25331.25;25331.25;2;ASK;;;;;
20251107;075045.528;;25331.00;25331.00;1;ASK;;;;;
20251107;075045.528;;25330.75;25330.75;1;ASK;;;;;
20251107;075045.528;25330.25;;25330.25;1;BID;;;;;
20251107;075045.528;25330.25;;25330.25;1;BID;;;;;
20251107;075045.528;25330.00;;25330.00;4;BID;;;;;
20251107;075045.528;;25330.75;25330.75;2;ASK;;;;;
20251107;075045.528;25330.00;;25330.00;3;BID;;;;;
20251107;075045.528;;25330.75;25330.75;1;ASK;;;;;
20251107;075045.528;;25330.50;25330.50;1;ASK;;;;;
20251107;075045.528;25330.00;;25330.00;2;BID;;;;;
20251107;075045.528;;25331.00;25331.00;1;ASK;;;;;
20251107;075045.548;;25331.00;25331.00;2;ASK;;;;;
20251107;075045.548;;25330.75;25330.75;1;ASK;;;;;
20251107;075045.548;25330.00;;25330.00;1;BID;;;;;
20251107;075045.848;;25330.75;25330.75;2;ASK;;;;;
20251107;075046.040;25330.00;;25330.00;1;BID;;;;;
20251107;075046.040;25329.50;;25329.50;3;BID;;;;;
20251107;075046.040;;25330.50;25330.50;1;ASK;;;;;
20251107;075046.040;25329.50;;25329.50;2;BID;;;;;
20251107;075046.040;25329.50;;25329.50;1;BID;;;;;
20251107;075046.040;25329.25;;25329.25;2;BID;;;;;
20251107;075046.040;;25330.50;25330.50;2;ASK;;;;;
20251107;075046.040;;25330.25;25330.25;1;ASK;;;;;
20251107;075046.040;25329.25;;25329.25;1;BID;;;;;
20251107;075046.040;;25330.50;25330.50;1;ASK;;;;;
20251107;075046.040;25328.75;;25328.75;2;BID;;;;;
20251107;075046.040;25329.50;;25329.50;1;BID;;;;;
20251107;075046.040;;25330.75;25330.75;1;ASK;;;;;
20251107;075046.044;25329.75;;25329.75;1;BID;;;;;
20251107;075046.044;;25330.50;25330.50;1;ASK;;;;;
20251107;075046.044;;25330.75;25330.75;1;ASK;;;;;
20251107;075046.044;25329.50;;25329.50;1;BID;;;;;
20251107;075046.044;;25330.50;25330.50;1;ASK;;;;;
20251107;075046.048;25329.50;;25329.50;2;BID;;;;;
20251107;075046.052;25329.50;;25329.50;1;BID;;;;;
20251107;075046.132;;25330.75;25330.75;1;ASK;;;;;
20251107;075046.132;25329.75;;25329.75;1;BID;;;;;
20251107;075046.132;25329.50;;25329.50;1;BID;;;;;
20251107;075046.132;;25330.50;25330.50;1;ASK;;;;;
20251107;075046.192;;25330.50;25330.50;2;ASK;;;;;
20251107;075046.192;;25330.25;25330.25;1;ASK;;;;;
20251107;075046.192;25329.25;;25329.25;1;BID;;;;;
20251107;075046.192;25329.00;;25329.00;2;BID;;;;;
20251107;075046.192;25329.00;;25329.00;1;BID;;;;;
20251107;075046.192;25329.00;;25329.00;2;BID;;;;;
20251107;075046.192;25329.25;;25329.25;1;BID;;;;;
20251107;075046.192;;25330.00;25330.00;1;ASK;;;;;
20251107;075046.192;;25330.25;25330.25;1;ASK;;;;;
20251107;075046.192;25329.00;;25329.00;2;BID;;;;;
20251107;075046.200;;25330.00;25330.00;1;ASK;;;;;
20251107;075046.324;;25330.00;25330.00;2;ASK;;;;;
20251107;075047.012;;25330.00;25330.00;1;ASK;;;;;
20251107;075047.012;25329.00;;25329.00;3;BID;;;;;
20251107;075047.012;25329.25;;25329.25;1;BID;;;;;
20251107;075047.020;25329.00;;25329.00;4;BID;;;;;
20251107;075047.020;25329.00;;25329.00;3;BID;;;;;
20251107;075047.020;25329.00;;25329.00;2;BID;;;;;
20251107;075047.032;;25329.75;25329.75;1;ASK;;;;;
20251107;075047.032;25329.00;;25329.00;1;BID;;;;;
20251107;075047.032;25328.75;;25328.75;3;BID;;;;;
20251107;075047.032;25328.75;;25328.75;2;BID;;;;;
20251107;075047.032;25328.75;;25328.75;1;BID;;;;;
20251107;075047.032;25328.50;;25328.50;3;BID;;;;;
20251107;075047.032;25328.50;;25328.50;2;BID;;;;;
20251107;075047.036;25328.75;;25328.75;1;BID;;;;;
20251107;075047.036;;25330.25;25330.25;1;ASK;;;;;
20251107;075047.036;25328.75;;25328.75;2;BID;;;;;
20251107;075047.036;;25330.25;25330.25;2;ASK;;;;;
20251107;075047.036;25329.00;;25329.00;1;BID;;;;;
20251107;075047.036;;25330.00;25330.00;1;ASK;;;;;
20251107;075047.080;;25330.00;25330.00;2;ASK;;;;;
20251107;075047.084;25328.75;;25328.75;2;BID;;;;;
20251107;075047.160;;25329.75;25329.75;1;ASK;;;;;
20251107;075047.160;;25330.00;25330.00;1;ASK;;;;;
20251107;075047.336;25329.00;;25329.00;1;BID;;;;;
20251107;075047.336;;25330.25;25330.25;3;ASK;;;;;
20251107;075047.336;;25330.25;25330.25;2;ASK;;;;;
20251107;075047.340;;25330.00;25330.00;1;ASK;;;;;
20251107;075047.424;;25330.00;25330.00;2;ASK;;;;;
20251107;075047.424;;25329.75;25329.75;1;ASK;;;;;
20251107;075047.424;25328.75;;25328.75;2;BID;;;;;
20251107;075047.464;25328.75;;25328.75;1;BID;;;;;
20251107;075047.464;25328.75;;25328.75;1;BID;;;;;
20251107;075047.464;25328.50;;25328.50;3;BID;;;;;
20251107;075047.464;;25329.50;25329.50;1;ASK;;;;;
20251107;075047.464;25328.50;;25328.50;2;BID;;;;;
20251107;075047.464;25328.50;;25328.50;3;BID;;;;;
20251107;075047.464;25328.75;;25328.75;1;BID;;;;;
20251107;075047.464;;25329.75;25329.75;2;ASK;;;;;
20251107;075047.464;25329.00;;25329.00;1;BID;;;;;
20251107;075047.464;;25329.75;25329.75;1;ASK;;;;;
20251107;075047.464;;25330.00;25330.00;2;ASK;;;;;
20251107;075047.464;;25329.75;25329.75;1;ASK;;;;;
20251107;075047.464;;25330.00;25330.00;2;ASK;;;;;
20251107;075047.468;;25329.75;25329.75;1;ASK;;;;;
20251107;075047.476;;25330.00;25330.00;2;ASK;;;;;
20251107;075047.476;25328.75;;25328.75;1;BID;;;;;
20251107;075047.476;;25330.00;25330.00;3;ASK;;;;;
20251107;075047.476;25328.75;;25328.75;2;BID;;;;;
20251107;075047.476;25328.75;;25328.75;3;BID;;;;;
20251107;075047.476;;25330.00;25330.00;2;ASK;;;;;
20251107;075047.476;25329.00;;25329.00;1;BID;;;;;
20251107;075047.476;25329.00;;25329.00;2;BID;;;;;
20251107;075047.476;25329.00;;25329.00;1;BID;;;;;
20251107;075047.532;;25329.75;25329.75;1;ASK;;;;;
20251107;075047.568;;25329.75;25329.75;2;ASK;;;;;
20251107;075047.568;;25329.75;25329.75;1;ASK;;;;;
20251107;075047.568;;25330.00;25330.00;1;ASK;;;;;
20251107;075047.568;;25330.00;25330.00;2;ASK;;;;;
20251107;075047.568;;25330.00;25330.00;1;ASK;;;;;
20251107;075047.568;25329.00;;25329.00;2;BID;;;;;
20251107;075047.568;25329.25;;25329.25;1;BID;;;;;
20251107;075047.568;25329.25;;25329.25;2;BID;;;;;
20251107;075047.572;25329.50;;25329.50;1;BID;;;;;
20251107;075047.572;25329.50;;25329.50;2;BID;;;;;
20251107;075047.572;;25330.00;25330.00;1;ASK;;;;;
20251107;075047.572;;25330.25;25330.25;1;ASK;;;;;
20251107;075047.572;25329.75;;25329.75;1;BID;;;;;
20251107;075047.572;;25330.75;25330.75;1;ASK;;;;;
20251107;075047.584;25329.50;;25329.50;2;BID;;;;;
20251107;075047.584;;25330.50;25330.50;1;ASK;;;;;
20251107;075047.592;25329.75;;25329.75;1;BID;;;;;
20251107;075047.592;;25330.75;25330.75;1;ASK;;;;;
20251107;075047.636;;25331.00;25331.00;1;ASK;;;;;
20251107;075047.636;25330.00;;25330.00;1;BID;;;;;
20251107;075047.636;;25331.25;25331.25;2;ASK;;;;;
20251107;075047.636;;25331.25;25331.25;1;ASK;;;;;
20251107;075047.636;;25331.50;25331.50;1;ASK;;;;;
20251107;075047.636;;25331.50;25331.50;2;ASK;;;;;
20251107;075047.636;;25331.25;25331.25;1;ASK;;;;;
20251107;075047.640;;25331.00;25331.00;1;ASK;;;;;
20251107;075047.676;;25331.00;25331.00;2;ASK;;;;;
20251107;075047.712;;25331.00;25331.00;1;ASK;;;;;
20251107;075047.712;25330.25;;25330.25;1;BID;;;;;
20251107;075047.716;25330.00;;25330.00;1;BID;;;;;
20251107;075048.220;25330.00;;25330.00;1;BID;;;;;
20251107;075048.220;25329.75;;25329.75;2;BID;;;;;
20251107;075048.220;;25330.75;25330.75;1;ASK;;;;;
20251107;075048.220;25329.75;;25329.75;1;BID;;;;;
20251107;075048.224;25329.50;;25329.50;2;BID;;;;;
20251107;075048.224;25329.75;;25329.75;1;BID;;;;;
20251107;075048.276;;25330.75;25330.75;2;ASK;;;;;
20251107;075048.448;;25330.75;25330.75;1;ASK;;;;;
20251107;075048.448;;25331.00;25331.00;1;ASK;;;;;
20251107;075048.448;25330.00;;25330.00;1;BID;;;;;
20251107;075048.448;;25331.25;25331.25;1;ASK;;;;;
20251107;075048.448;25330.00;;25330.00;2;BID;;;;;
20251107;075048.448;;25331.50;25331.50;3;ASK;;;;;
20251107;075048.448;25330.00;;25330.00;3;BID;;;;;
20251107;075048.448;25330.25;;25330.25;1;BID;;;;;
20251107;075048.448;25330.00;;25330.00;3;BID;;;;;
20251107;075048.448;25330.00;;25330.00;4;BID;;;;;
20251107;075048.448;;25331.50;25331.50;2;ASK;;;;;
20251107;075048.448;25330.25;;25330.25;1;BID;;;;;
20251107;075048.448;25330.25;;25330.25;2;BID;;;;;
20251107;075048.448;25330.50;;25330.50;1;BID;;;;;
20251107;075048.456;25330.75;;25330.75;1;BID;;;;;
20251107;075048.456;;25331.50;25331.50;1;ASK;;;;;
20251107;075048.456;25330.50;;25330.50;2;BID;;;;;
20251107;075048.456;;25331.75;25331.75;1;ASK;;;;;
20251107;075048.456;25330.75;;25330.75;1;BID;;;;;
20251107;075048.456;25330.50;;25330.50;2;BID;;;;;
20251107;075048.456;;25332.00;25332.00;1;ASK;;;;;
20251107;075048.456;;25332.25;25332.25;1;ASK;;;;;
20251107;075048.456;;25332.50;25332.50;1;ASK;;;;;
20251107;075048.456;;25332.50;25332.50;2;ASK;;;;;
20251107;075048.456;25330.75;;25330.75;1;BID;;;;;
20251107;075048.456;;25332.25;25332.25;1;ASK;;;;;
20251107;075048.456;25330.75;;25330.75;2;BID;;;;;
20251107;075048.456;;25332.25;25332.25;2;ASK;;;;;
20251107;075048.456;;25332.25;25332.25;3;ASK;;;;;
20251107;075048.456;;25332.00;25332.00;1;ASK;;;;;
20251107;075048.456;25331.00;;25331.00;1;BID;;;;;
20251107;075048.456;25330.75;;25330.75;2;BID;;;;;
20251107;075048.456;;25332.00;25332.00;2;ASK;;;;;
20251107;075048.456;;25331.75;25331.75;1;ASK;;;;;
20251107;075048.992;25330.75;;25330.75;1;BID;;;;;
20251107;075048.992;25330.50;;25330.50;2;BID;;;;;
20251107;075048.992;25330.75;;25330.75;1;BID;;;;;
20251107;075049.104;;25331.75;25331.75;2;ASK;;;;;
20251107;075049.540;;25331.75;25331.75;1;ASK;;;;;
20251107;075049.540;;25332.00;25332.00;3;ASK;;;;;
20251107;075049.540;;25332.00;25332.00;2;ASK;;;;;
20251107;075049.540;25331.00;;25331.00;1;BID;;;;;
20251107;075049.540;;25332.00;25332.00;1;ASK;;;;;
20251107;075049.540;;25332.25;25332.25;4;ASK;;;;;
20251107;075049.540;;25332.25;25332.25;3;ASK;;;;;
20251107;075049.540;;25332.25;25332.25;2;ASK;;;;;
20251107;075049.540;;25332.25;25332.25;1;ASK;;;;;
20251107;075049.540;25331.25;;25331.25;1;BID;;;;;
20251107;075049.540;;25332.50;25332.50;1;ASK;;;;;
20251107;075049.540;;25332.50;25332.50;2;ASK;;;;;
20251107;075049.540;;25332.25;25332.25;1;ASK;;;;;
20251107;075049.540;25331.00;;25331.00;1;BID;;;;;
20251107;075049.552;;25332.00;25332.00;1;ASK;;;;;
20251107;075049.592;;25332.25;25332.25;1;ASK;;;;;
20251107;075049.592;25331.25;;25331.25;1;BID;;;;;
20251107;075049.600;;25332.00;25332.00;1;ASK;;;;;
20251107;075049.600;25331.00;;25331.00;1;BID;;;;;
20251107;075049.600;;25331.75;25331.75;1;ASK;;;;;
20251107;075049.604;;25332.00;25332.00;1;ASK;;;;;
20251107;075049.616;;25332.25;25332.25;2;ASK;;;;;
20251107;075049.616;25331.25;;25331.25;1;BID;;;;;
20251107;075049.616;;25332.25;25332.25;1;ASK;;;;;
20251107;075049.616;25331.00;;25331.00;1;BID;;;;;
20251107;075049.616;;25332.25;25332.25;2;ASK;;;;;
20251107;075049.616;;25332.00;25332.00;1;ASK;;;;;
20251107;075049.748;;25332.25;25332.25;2;ASK;;;;;
20251107;075049.748;25331.25;;25331.25;1;BID;;;;;
20251107;075049.748;;25332.25;25332.25;1;ASK;;;;;
20251107;075049.752;25331.50;;25331.50;1;BID;;;;;
20251107;075049.752;;25332.50;25332.50;2;ASK;;;;;
20251107;075049.752;;25332.50;25332.50;1;ASK;;;;;
20251107;075049.752;25331.25;;25331.25;1;BID;;;;;
20251107;075049.752;;25333.00;25333.00;1;ASK;;;;;
20251107;075049.752;25331.50;;25331.50;1;BID;;;;;
20251107;075049.752;;25333.25;25333.25;3;ASK;;;;;
20251107;075049.752;;25333.25;25333.25;2;ASK;;;;;
20251107;075049.752;;25333.00;25333.00;1;ASK;;;;;
20251107;075049.752;;25333.00;25333.00;2;ASK;;;;;
20251107;075049.752;;25332.75;25332.75;1;ASK;;;;;
20251107;075049.752;;25332.50;25332.50;1;ASK;;;;;
20251107;075049.760;;25332.50;25332.50;2;ASK;;;;;
20251107;075049.768;;25332.50;25332.50;1;ASK;;;;;
20251107;075049.792;;25332.75;25332.75;1;ASK;;;;;
20251107;075049.792;;25332.75;25332.75;2;ASK;;;;;
20251107;075049.792;;25332.50;25332.50;1;ASK;;;;;
20251107;075049.792;;25332.25;25332.25;1;ASK;;;;;
20251107;075049.804;;25332.50;25332.50;1;ASK;;;;;
20251107;075049.804;25331.75;;25331.75;1;BID;;;;;
20251107;075049.804;;25332.75;25332.75;2;ASK;;;;;
20251107;075049.828;;25332.50;25332.50;1;ASK;;;;;
20251107;075049.828;25331.25;;25331.25;1;BID;;;;;
20251107;075049.828;25331.25;;25331.25;2;BID;;;;;
20251107;075049.828;25331.25;;25331.25;3;BID;;;;;
20251107;075049.828;25331.50;;25331.50;1;BID;;;;;
20251107;075049.848;25331.75;;25331.75;1;BID;;;;;
20251107;075049.848;25331.50;;25331.50;2;BID;;;;;
20251107;075049.848;25331.50;;25331.50;1;BID;;;;;
20251107;075049.848;25331.50;;25331.50;2;BID;;;;;
20251107;075049.908;;25332.75;25332.75;2;ASK;;;;;
20251107;075049.908;25331.75;;25331.75;1;BID;;;;;
20251107;075049.964;;25332.50;25332.50;1;ASK;;;;;
20251107;075049.964;25331.50;;25331.50;3;BID;;;;;
20251107;075049.964;25331.50;;25331.50;2;BID;;;;;
20251107;075049.964;25331.75;;25331.75;1;BID;;;;;
20251107;075049.964;25331.50;;25331.50;2;BID;;;;;
20251107;075050.068;25331.50;;25331.50;1;BID;;;;;
20251107;075051.252;;25332.75;25332.75;2;ASK;;;;;
20251107;075051.296;;25332.50;25332.50;1;ASK;;;;;
20251107;075053.448;25331.50;;25331.50;2;BID;;;;;
20251107;075053.448;25331.50;;25331.50;3;BID;;;;;
20251107;075053.448;;25332.75;25332.75;1;ASK;;;;;
20251107;075053.448;25331.50;;25331.50;4;BID;;;;;
20251107;075053.448;25331.50;;25331.50;3;BID;;;;;
20251107;075053.448;25331.50;;25331.50;2;BID;;;;;
20251107;075053.448;25331.75;;25331.75;1;BID;;;;;
20251107;075053.448;;25333.00;25333.00;3;ASK;;;;;
20251107;075053.448;;25332.50;25332.50;1;ASK;;;;;
20251107;075053.448;25331.50;;25331.50;2;BID;;;;;
20251107;075053.448;;25332.75;25332.75;1;ASK;;;;;
20251107;075053.452;;25333.00;25333.00;2;ASK;;;;;
20251107;075053.452;;25332.50;25332.50;1;ASK;;;;;
20251107;075053.452;;25333.00;25333.00;2;ASK;;;;;
20251107;075053.452;25331.75;;25331.75;1;BID;;;;;
20251107;075053.452;;25332.75;25332.75;1;ASK;;;;;
20251107;075053.456;;25332.75;25332.75;2;ASK;;;;;
20251107;075053.468;25331.50;;25331.50;1;BID;;;;;
20251107;075053.468;25331.75;;25331.75;1;BID;;;;;
20251107;075053.476;;25332.50;25332.50;1;ASK;;;;;
20251107;075053.476;25331.50;;25331.50;1;BID;;;;;
20251107;075053.548;;25332.75;25332.75;1;ASK;;;;;
20251107;075053.548;;25332.75;25332.75;2;ASK;;;;;
20251107;075053.548;;25332.50;25332.50;1;ASK;;;;;
20251107;075053.548;;25332.25;25332.25;1;ASK;;;;;
20251107;075053.548;25331.25;;25331.25;3;BID;;;;;
20251107;075053.548;25331.25;;25331.25;2;BID;;;;;
20251107;075053.552;25331.25;;25331.25;1;BID;;;;;
20251107;075053.684;25331.50;;25331.50;1;BID;;;;;
20251107;075053.684;25331.25;;25331.25;1;BID;;;;;
20251107;075053.684;25331.00;;25331.00;3;BID;;;;;
20251107;075053.684;25331.00;;25331.00;2;BID;;;;;
20251107;075053.688;25331.25;;25331.25;1;BID;;;;;
20251107;075053.876;25331.00;;25331.00;2;BID;;;;;
20251107;075055.560;25331.00;;25331.00;1;BID;;;;;
20251107;075055.560;25331.00;;25331.00;1;BID;;;;;
20251107;075055.560;25330.75;;25330.75;1;BID;;;;;
20251107;075055.560;25330.75;;25330.75;3;BID;;;;;
20251107;075055.560;;25332.00;25332.00;1;ASK;;;;;
20251107;075055.560;;25331.75;25331.75;1;ASK;;;;;
20251107;075055.560;25330.75;;25330.75;2;BID;;;;;
20251107;075055.560;25330.75;;25330.75;1;BID;;;;;
20251107;075055.560;25330.75;;25330.75;2;BID;;;;;
20251107;075055.560;25330.75;;25330.75;3;BID;;;;;
20251107;075055.560;;25332.00;25332.00;1;ASK;;;;;
20251107;075055.560;;25332.00;25332.00;2;ASK;;;;;
20251107;075055.560;;25331.75;25331.75;1;ASK;;;;;
20251107;075055.560;25330.75;;25330.75;2;BID;;;;;
20251107;075055.560;25331.00;;25331.00;1;BID;;;;;
20251107;075055.560;25330.75;;25330.75;2;BID;;;;;
20251107;075055.564;25331.00;;25331.00;1;BID;;;;;
20251107;075055.704;25330.75;;25330.75;1;BID;;;;;
20251107;075055.704;;25331.50;25331.50;1;ASK;;;;;
20251107;075055.704;25330.50;;25330.50;2;BID;;;;;
20251107;075055.704;25330.50;;25330.50;1;BID;;;;;
20251107;075055.704;25330.50;;25330.50;1;BID;;;;;
20251107;075055.704;25330.25;;25330.25;2;BID;;;;;
20251107;075055.704;;25331.75;25331.75;2;ASK;;;;;
20251107;075055.704;;25331.75;25331.75;3;ASK;;;;;
20251107;075055.704;;25331.25;25331.25;1;ASK;;;;;
20251107;075055.708;25330.25;;25330.25;1;BID;;;;;
20251107;075055.708;;25331.25;25331.25;2;ASK;;;;;
20251107;075055.708;25330.00;;25330.00;2;BID;;;;;
20251107;075055.708;;25331.25;25331.25;1;ASK;;;;;
20251107;075055.708;25330.00;;25330.00;1;BID;;;;;
20251107;075055.708;;25331.00;25331.00;1;ASK;;;;;
20251107;075055.708;25330.00;;25330.00;2;BID;;;;;
20251107;075055.708;;25331.25;25331.25;1;ASK;;;;;
20251107;075055.708;;25331.00;25331.00;1;ASK;;;;;
20251107;075055.708;25330.00;;25330.00;1;BID;;;;;
20251107;075055.708;25329.75;;25329.75;2;BID;;;;;
20251107;075055.744;25330.00;;25330.00;1;BID;;;;;
20251107;075055.744;;25331.25;25331.25;1;ASK;;;;;
20251107;075055.744;25330.00;;25330.00;2;BID;;;;;
20251107;075055.780;;25331.25;25331.25;2;ASK;;;;;
20251107;075055.780;;25331.00;25331.00;1;ASK;;;;;
20251107;075055.780;25330.00;;25330.00;1;BID;;;;;
20251107;075055.860;25330.00;;25330.00;1;BID;;;;;
20251107;075055.860;25329.75;;25329.75;1;BID;;;;;
20251107;075055.860;25329.75;;25329.75;1;BID;;;;;
20251107;075055.860;25329.50;;25329.50;1;BID;;;;;
20251107;075055.860;25329.50;;25329.50;1;BID;;;;;
20251107;075055.860;25329.00;;25329.00;1;BID;;;;;
20251107;075055.860;25329.00;;25329.00;1;BID;;;;;
20251107;075055.860;;25331.00;25331.00;2;ASK;;;;;
20251107;075055.860;;25330.75;25330.75;1;ASK;;;;;
20251107;075055.860;;25330.75;25330.75;2;ASK;;;;;
20251107;075055.860;;25330.75;25330.75;3;ASK;;;;;
20251107;075055.860;25329.00;;25329.00;2;BID;;;;;
20251107;075055.860;25329.50;;25329.50;1;BID;;;;;
20251107;075055.860;25329.50;;25329.50;2;BID;;;;;
20251107;075055.860;25329.75;;25329.75;1;BID;;;;;
20251107;075055.860;;25330.50;25330.50;1;ASK;;;;;
20251107;075055.860;;25330.50;25330.50;2;ASK;;;;;
20251107;075055.860;25329.75;;25329.75;1;BID;;;;;
20251107;075055.860;25329.50;;25329.50;2;BID;;;;;
20251107;075055.860;25329.50;;25329.50;1;BID;;;;;
20251107;075055.860;25329.50;;25329.50;1;BID;;;;;
20251107;075055.860;;25330.25;25330.25;1;ASK;;;;;
20251107;075055.860;25329.00;;25329.00;3;BID;;;;;
20251107;075055.860;;25330.00;25330.00;1;ASK;;;;;
20251107;075055.864;25329.25;;25329.25;1;BID;;;;;
20251107;075055.864;;25330.25;25330.25;1;ASK;;;;;
20251107;075055.864;25329.00;;25329.00;3;BID;;;;;
20251107;075055.864;25329.25;;25329.25;1;BID;;;;;
20251107;075055.876;;25330.25;25330.25;2;ASK;;;;;
20251107;075055.876;25329.00;;25329.00;2;BID;;;;;
20251107;075055.876;;25330.25;25330.25;3;ASK;;;;;
20251107;075055.876;25329.00;;25329.00;1;BID;;;;;
20251107;075055.876;;25330.00;25330.00;1;ASK;;;;;
20251107;075055.876;25328.75;;25328.75;3;BID;;;;;
20251107;075055.876;25328.75;;25328.75;2;BID;;;;;
20251107;075055.876;;25329.75;25329.75;1;ASK;;;;;
20251107;075055.884;;25330.00;25330.00;1;ASK;;;;;
20251107;075055.892;25329.00;;25329.00;1;BID;;;;;
20251107;075055.892;;25329.75;25329.75;1;ASK;;;;;
20251107;075055.892;25328.75;;25328.75;2;BID;;;;;
20251107;075055.892;;25330.00;25330.00;1;ASK;;;;;
20251107;075055.892;25328.75;;25328.75;1;BID;;;;;
20251107;075055.892;;25329.75;25329.75;1;ASK;;;;;
20251107;075055.892;25328.50;;25328.50;3;BID;;;;;
20251107;075055.892;25328.50;;25328.50;2;BID;;;;;
20251107;075055.892;25328.75;;25328.75;1;BID;;;;;
20251107;075055.952;;25329.75;25329.75;2;ASK;;;;;
20251107;075055.952;25328.50;;25328.50;2;BID;;;;;
20251107;075055.952;;25329.75;25329.75;3;ASK;;;;;
20251107;075055.952;25328.50;;25328.50;1;BID;;;;;
20251107;075055.952;;25329.75;25329.75;2;ASK;;;;;
20251107;075055.952;;25329.50;25329.50;1;ASK;;;;;
20251107;075055.952;25328.25;;25328.25;4;BID;;;;;
20251107;075055.952;25328.25;;25328.25;5;BID;;;;;
20251107;075055.956;25328.25;;25328.25;4;BID;;;;;
20251107;075055.956;;25329.75;25329.75;2;ASK;;;;;
20251107;075055.956;25328.50;;25328.50;1;BID;;;;;
20251107;075055.956;25328.50;;25328.50;2;BID;;;;;
20251107;075055.956;25328.75;;25328.75;1;BID;;;;;
20251107;075055.972;25328.50;;25328.50;2;BID;;;;;
20251107;075055.972;25328.50;;25328.50;1;BID;;;;;
20251107;075055.972;25328.50;;25328.50;2;BID;;;;;
20251107;075055.976;25328.75;;25328.75;1;BID;;;;;
20251107;075056.976;25328.50;;25328.50;3;BID;;;;;
20251107;075056.976;;25329.50;25329.50;1;ASK;;;;;
20251107;075056.976;25328.50;;25328.50;2;BID;;;;;
20251107;075056.980;25328.50;;25328.50;1;BID;;;;;
20251107;075056.980;25328.25;;25328.25;4;BID;;;;;
20251107;075056.980;25328.25;;25328.25;3;BID;;;;;
20251107;075056.980;25328.50;;25328.50;1;BID;;;;;
20251107;075057.144;25328.25;;25328.25;4;BID;;;;;
20251107;075057.144;25328.25;;25328.25;3;BID;;;;;
20251107;075057.144;;25329.25;25329.25;1;ASK;;;;;
20251107;075057.144;;25329.50;25329.50;1;ASK;;;;;
20251107;075057.144;25328.50;;25328.50;1;BID;;;;;
20251107;075057.144;;25329.75;25329.75;2;ASK;;;;;
20251107;075057.204;25328.75;;25328.75;1;BID;;;;;
20251107;075100.048;25328.50;;25328.50;1;BID;;;;;
20251107;075100.048;25328.50;;25328.50;2;BID;;;;;
20251107;075100.048;;25329.50;25329.50;1;ASK;;;;;
20251107;075100.048;;25329.75;25329.75;2;ASK;;;;;
20251107;075100.052;;25329.50;25329.50;1;ASK;;;;;
20251107;075100.176;;25329.75;25329.75;2;ASK;;;;;
20251107;075100.176;25328.75;;25328.75;1;BID;;;;;
20251107;075100.176;25328.50;;25328.50;2;BID;;;;;
20251107;075100.184;;25329.50;25329.50;1;ASK;;;;;
20251107;075100.280;;25329.75;25329.75;2;ASK;;;;;
20251107;075100.280;25328.75;;25328.75;1;BID;;;;;
20251107;075100.284;25328.50;;25328.50;2;BID;;;;;
20251107;075100.300;25328.75;;25328.75;1;BID;;;;;
20251107;075100.900;25328.50;;25328.50;2;BID;;;;;
20251107;075100.900;;25329.50;25329.50;1;ASK;;;;;
20251107;075101.092;;25329.75;25329.75;2;ASK;;;;;
20251107;075101.124;;25329.75;25329.75;3;ASK;;;;;
20251107;075101.124;;25329.50;25329.50;1;ASK;;;;;
20251107;075101.124;25328.50;;25328.50;1;BID;;;;;
20251107;075101.124;25328.25;;25328.25;4;BID;;;;;
20251107;075101.124;25328.25;;25328.25;3;BID;;;;;
20251107;075101.128;25328.50;;25328.50;1;BID;;;;;
20251107;075101.128;;25329.75;25329.75;3;ASK;;;;;
20251107;075101.128;;25329.75;25329.75;2;ASK;;;;;
20251107;075101.128;;25329.75;25329.75;3;ASK;;;;;
20251107;075101.128;;25329.50;25329.50;1;ASK;;;;;
20251107;075101.128;25328.25;;25328.25;4;BID;;;;;
20251107;075101.128;25328.25;;25328.25;3;BID;;;;;
20251107;075101.132;25328.50;;25328.50;1;BID;;;;;
20251107;075101.676;;25329.75;25329.75;2;ASK;;;;;
20251107;075101.676;25328.75;;25328.75;1;BID;;;;;
20251107;075101.680;;25329.75;25329.75;3;ASK;;;;;
20251107;075101.680;25328.50;;25328.50;1;BID;;;;;
20251107;075101.680;;25329.50;25329.50;1;ASK;;;;;
20251107;075101.680;25328.25;;25328.25;4;BID;;;;;
20251107;075101.680;25328.25;;25328.25;3;BID;;;;;
20251107;075101.680;25328.50;;25328.50;1;BID;;;;;
20251107;075101.704;;25329.50;25329.50;2;ASK;;;;;
20251107;075101.704;25328.25;;25328.25;3;BID;;;;;
20251107;075101.932;25328.50;;25328.50;1;BID;;;;;
20251107;075101.932;;25329.50;25329.50;1;ASK;;;;;
20251107;075101.932;;25329.75;25329.75;4;ASK;;;;;
20251107;075101.932;;25329.75;25329.75;3;ASK;;;;;
20251107;075101.936;;25329.50;25329.50;1;ASK;;;;;
20251107;075101.952;;25329.50;25329.50;2;ASK;;;;;
20251107;075101.952;25328.25;;25328.25;3;BID;;;;;
20251107;075101.992;25328.50;;25328.50;1;BID;;;;;
20251107;075101.992;;25329.50;25329.50;1;ASK;;;;;
20251107;075101.992;;25329.75;25329.75;3;ASK;;;;;
20251107;075102.684;;25329.50;25329.50;1;ASK;;;;;
20251107;075102.724;;25329.50;25329.50;2;ASK;;;;;
20251107;075102.724;25328.25;;25328.25;3;BID;;;;;
20251107;075103.580;25328.25;;25328.25;1;BID;;;;;
20251107;075103.580;25328.25;;25328.25;1;BID;;;;;
20251107;075103.580;25328.25;;25328.25;1;BID;;;;;
20251107;075103.580;;25329.25;25329.25;1;ASK;;;;;
20251107;075103.580;;25329.25;25329.25;2;ASK;;;;;
20251107;075103.580;25328.00;;25328.00;3;BID;;;;;
20251107;075103.580;25328.50;;25328.50;1;BID;;;;;
20251107;075103.580;;25329.25;25329.25;1;ASK;;;;;
20251107;075103.580;25328.00;;25328.00;3;BID;;;;;
20251107;075103.580;25328.00;;25328.00;2;BID;;;;;
20251107;075103.580;25328.25;;25328.25;1;BID;;;;;
20251107;075103.608;;25329.00;25329.00;1;ASK;;;;;
20251107;075103.608;25328.00;;25328.00;2;BID;;;;;
20251107;075103.740;;25329.25;25329.25;1;ASK;;;;;
20251107;075103.796;;25329.00;25329.00;1;ASK;;;;;
20251107;075103.848;;25329.25;25329.25;1;ASK;;;;;
20251107;075104.192;;25329.00;25329.00;1;ASK;;;;;
20251107;075104.388;;25328.75;25328.75;1;ASK;;;;;
20251107;075104.396;;25328.50;25328.50;1;ASK;;;;;
20251107;075104.396;;25329.00;25329.00;2;ASK;;;;;
20251107;075104.396;;25329.00;25329.00;3;ASK;;;;;
20251107;075104.396;;25329.00;25329.00;2;ASK;;;;;
20251107;075104.396;;25329.00;25329.00;1;ASK;;;;;
20251107;075104.396;;25328.75;25328.75;1;ASK;;;;;
20251107;075104.408;;25329.00;25329.00;1;ASK;;;;;
20251107;075104.420;;25329.00;25329.00;2;ASK;;;;;
20251107;075104.420;;25328.75;25328.75;1;ASK;;;;;
20251107;075105.260;;25328.75;25328.75;1;ASK;;;;;
20251107;075105.260;;25329.00;25329.00;2;ASK;;;;;
20251107;075105.260;25328.25;;25328.25;1;BID;;;;;
20251107;075105.260;;25329.00;25329.00;1;ASK;;;;;
20251107;075105.260;;25329.25;25329.25;3;ASK;;;;;
20251107;075105.260;;25329.25;25329.25;2;ASK;;;;;
20251107;075105.260;;25329.25;25329.25;1;ASK;;;;;
20251107;075105.260;25328.00;;25328.00;2;BID;;;;;
20251107;075105.260;;25329.00;25329.00;1;ASK;;;;;
20251107;075105.284;;25329.25;25329.25;1;ASK;;;;;
20251107;075105.284;25328.25;;25328.25;1;BID;;;;;
20251107;075105.296;25328.00;;25328.00;2;BID;;;;;
20251107;075105.296;;25329.25;25329.25;2;ASK;;;;;
20251107;075105.296;;25329.00;25329.00;1;ASK;;;;;
20251107;075105.756;;25329.00;25329.00;2;ASK;;;;;
20251107;075105.756;;25328.75;25328.75;1;ASK;;;;;
20251107;075105.764;;25329.00;25329.00;1;ASK;;;;;
20251107;075106.876;;25329.00;25329.00;2;ASK;;;;;
20251107;075106.876;;25328.75;25328.75;1;ASK;;;;;
20251107;075106.876;;25329.00;25329.00;2;ASK;;;;;
20251107;075106.876;;25329.00;25329.00;1;ASK;;;;;
20251107;075106.880;;25329.00;25329.00;2;ASK;;;;;
20251107;075107.368;25328.25;;25328.25;1;BID;;;;;
20251107;075107.368;;25329.00;25329.00;1;ASK;;;;;
20251107;075107.368;;25329.25;25329.25;2;ASK;;;;;
20251107;075107.368;25328.00;;25328.00;2;BID;;;;;
20251107;075107.368;;25329.00;25329.00;1;ASK;;;;;
20251107;075107.412;;25329.25;25329.25;2;ASK;;;;;
20251107;075107.412;25328.25;;25328.25;1;BID;;;;;
20251107;075107.472;25328.00;;25328.00;2;BID;;;;;
20251107;075107.576;25328.25;;25328.25;1;BID;;;;;
20251107;075107.576;25328.25;;25328.25;2;BID;;;;;
20251107;075107.576;;25329.25;25329.25;1;ASK;;;;;
20251107;075107.576;25328.25;;25328.25;1;BID;;;;;
20251107;075107.576;;25329.50;25329.50;1;ASK;;;;;
20251107;075107.576;25328.50;;25328.50;1;BID;;;;;
20251107;075107.652;;25329.50;25329.50;2;ASK;;;;;
20251107;075107.652;25328.25;;25328.25;1;BID;;;;;
20251107;075107.652;;25329.50;25329.50;1;ASK;;;;;
20251107;075107.652;25328.50;;25328.50;1;BID;;;;;
20251107;075107.712;;25329.50;25329.50;2;ASK;;;;;
20251107;075107.988;25328.25;;25328.25;1;BID;;;;;
20251107;075107.988;;25329.50;25329.50;1;ASK;;;;;
20251107;075108.324;;25329.50;25329.50;2;ASK;;;;;
20251107;075108.324;;25329.25;25329.25;1;ASK;;;;;
20251107;075108.328;;25329.50;25329.50;1;ASK;;;;;
20251107;075108.484;;25329.50;25329.50;2;ASK;;;;;
20251107;075108.484;;25329.25;25329.25;1;ASK;;;;;
20251107;075108.900;25328.50;;25328.50;1;BID;;;;;
20251107;075108.900;;25329.50;25329.50;2;ASK;;;;;
20251107;075108.900;;25329.50;25329.50;1;ASK;;;;;
20251107;075108.900;;25329.25;25329.25;1;ASK;;;;;
20251107;075108.900;;25329.50;25329.50;1;ASK;;;;;
20251107;075108.900;25328.25;;25328.25;1;BID;;;;;
20251107;075109.460;25328.50;;25328.50;1;BID;;;;;
20251107;075109.460;;25329.75;25329.75;2;ASK;;;;;
20251107;075109.464;;25329.75;25329.75;1;ASK;;;;;
20251107;075109.464;25328.75;;25328.75;1;BID;;;;;
20251107;075109.528;;25330.00;25330.00;1;ASK;;;;;
20251107;075109.528;25328.50;;25328.50;1;BID;;;;;
20251107;075109.528;;25329.75;25329.75;1;ASK;;;;;
20251107;075109.644;;25329.75;25329.75;2;ASK;;;;;
20251107;075109.644;;25329.50;25329.50;1;ASK;;;;;
20251107;075109.644;25328.25;;25328.25;3;BID;;;;;
20251107;075109.644;25328.25;;25328.25;2;BID;;;;;
20251107;075109.648;25328.50;;25328.50;1;BID;;;;;
20251107;075110.128;;25329.25;25329.25;1;ASK;;;;;
20251107;075110.128;25328.25;;25328.25;2;BID;;;;;
20251107;075110.128;25328.25;;25328.25;1;BID;;;;;
20251107;075110.128;25328.00;;25328.00;3;BID;;;;;
20251107;075110.128;25328.00;;25328.00;2;BID;;;;;
20251107;075110.132;25328.25;;25328.25;1;BID;;;;;
20251107;075110.236;;25329.50;25329.50;1;ASK;;;;;
20251107;075110.236;25328.50;;25328.50;1;BID;;;;;
20251107;075110.236;;25329.25;25329.25;1;ASK;;;;;
20251107;075110.236;25328.25;;25328.25;1;BID;;;;;
20251107;075110.236;;25329.50;25329.50;1;ASK;;;;;
20251107;075110.284;;25329.50;25329.50;2;ASK;;;;;
20251107;075110.284;;25329.25;25329.25;1;ASK;;;;;
20251107;075110.392;;25329.25;25329.25;2;ASK;;;;;
20251107;075110.404;;25329.25;25329.25;3;ASK;;;;;
20251107;075110.404;25328.00;;25328.00;3;BID;;;;;
20251107;075110.404;;25329.00;25329.00;1;ASK;;;;;
20251107;075110.404;25328.00;;25328.00;2;BID;;;;;
20251107;075110.404;;25328.75;25328.75;1;ASK;;;;;
20251107;075110.404;;25329.00;25329.00;1;ASK;;;;;
20251107;075110.660;;25329.00;25329.00;2;ASK;;;;;
20251107;075111.412;;25328.75;25328.75;1;ASK;;;;;
20251107;075111.412;;25329.00;25329.00;1;ASK;;;;;
20251107;075111.424;;25329.00;25329.00;2;ASK;;;;;
20251107;075111.424;;25328.75;25328.75;1;ASK;;;;;
20251107;075111.472;;25329.00;25329.00;2;ASK;;;;;
20251107;075111.472;;25329.00;25329.00;1;ASK;;;;;
20251107;075111.744;;25329.00;25329.00;2;ASK;;;;;
20251107;075112.256;;25328.75;25328.75;1;ASK;;;;;
20251107;075112.364;;25328.75;25328.75;2;ASK;;;;;
20251107;075112.364;25328.00;;25328.00;1;BID;;;;;
20251107;075112.364;25328.00;;25328.00;1;BID;;;;;
20251107;075112.364;25327.75;;25327.75;1;BID;;;;;
20251107;075112.364;25327.50;;25327.50;4;BID;;;;;
20251107;075112.364;;25328.50;25328.50;1;ASK;;;;;
20251107;075112.364;25327.50;;25327.50;3;BID;;;;;
20251107;075112.368;;25328.50;25328.50;2;ASK;;;;;
20251107;075112.368;;25328.25;25328.25;1;ASK;;;;;
20251107;075112.368;25327.50;;25327.50;2;BID;;;;;
20251107;075112.372;;25328.25;25328.25;2;ASK;;;;;
20251107;075112.372;;25328.25;25328.25;3;ASK;;;;;
20251107;075112.372;25327.50;;25327.50;2;BID;;;;;
20251107;075112.372;25327.25;;25327.25;1;BID;;;;;
20251107;075112.372;;25328.00;25328.00;1;ASK;;;;;
20251107;075112.372;25327.25;;25327.25;1;BID;;;;;
20251107;075112.372;25327.00;;25327.00;2;BID;;;;;
20251107;075112.372;;25328.00;25328.00;2;ASK;;;;;
20251107;075112.372;25327.00;;25327.00;1;BID;;;;;
20251107;075112.376;25326.75;;25326.75;1;BID;;;;;
20251107;075112.376;;25327.75;25327.75;1;ASK;;;;;
20251107;075112.376;25326.50;;25326.50;3;BID;;;;;
20251107;075112.376;25326.50;;25326.50;2;BID;;;;;
20251107;075112.376;25326.75;;25326.75;1;BID;;;;;
20251107;075112.396;;25327.50;25327.50;1;ASK;;;;;
20251107;075112.396;25326.50;;25326.50;1;BID;;;;;
20251107;075112.396;25326.25;;25326.25;3;BID;;;;;
20251107;075112.396;25326.25;;25326.25;2;BID;;;;;
20251107;075112.396;25326.50;;25326.50;1;BID;;;;;
20251107;075112.396;;25327.25;25327.25;1;ASK;;;;;
20251107;075112.396;25326.25;;25326.25;2;BID;;;;;
20251107;075112.396;;25327.50;25327.50;1;ASK;;;;;
20251107;075112.396;25326.25;;25326.25;1;BID;;;;;
20251107;075112.400;25326.00;;25326.00;2;BID;;;;;
20251107;075112.400;;25327.25;25327.25;1;ASK;;;;;
20251107;075112.400;25326.25;;25326.25;1;BID;;;;;
20251107;075112.400;25326.25;;25326.25;2;BID;;;;;
20251107;075112.400;;25327.50;25327.50;1;ASK;;;;;
20251107;075112.400;25326.50;;25326.50;1;BID;;;;;
20251107;075112.444;25326.50;;25326.50;2;BID;;;;;
20251107;075112.444;;25327.75;25327.75;1;ASK;;;;;
20251107;075112.444;25326.75;;25326.75;1;BID;;;;;
20251107;075112.448;25326.50;;25326.50;3;BID;;;;;
20251107;075112.448;;25327.50;25327.50;1;ASK;;;;;
20251107;075112.448;25326.50;;25326.50;2;BID;;;;;
20251107;075112.448;25326.50;;25326.50;1;BID;;;;;
20251107;075112.448;;25327.75;25327.75;2;ASK;;;;;
20251107;075112.452;;25327.50;25327.50;1;ASK;;;;;
20251107;075112.452;25326.75;;25326.75;1;BID;;;;;
20251107;075112.452;;25327.75;25327.75;2;ASK;;;;;
20251107;075112.532;25326.50;;25326.50;2;BID;;;;;
20251107;075112.532;;25327.50;25327.50;1;ASK;;;;;
20251107;075112.532;25326.50;;25326.50;1;BID;;;;;
20251107;075112.588;25326.50;;25326.50;2;BID;;;;;
20251107;075112.588;25326.75;;25326.75;1;BID;;;;;
20251107;075112.588;;25327.75;25327.75;2;ASK;;;;;
20251107;075112.588;25326.50;;25326.50;2;BID;;;;;
20251107;075112.588;;25327.50;25327.50;1;ASK;;;;;
20251107;075112.588;25326.75;;25326.75;1;BID;;;;;
20251107;075112.588;;25327.75;25327.75;2;ASK;;;;;
20251107;075112.668;;25327.75;25327.75;3;ASK;;;;;
20251107;075112.668;25326.50;;25326.50;2;BID;;;;;
20251107;075112.668;;25327.50;25327.50;1;ASK;;;;;
20251107;075112.672;25326.75;;25326.75;1;BID;;;;;
20251107;075112.672;;25327.75;25327.75;2;ASK;;;;;
20251107;075112.708;25326.50;;25326.50;3;BID;;;;;
20251107;075112.708;25326.50;;25326.50;2;BID;;;;;
20251107;075112.708;25326.75;;25326.75;1;BID;;;;;
20251107;075112.780;;25327.50;25327.50;1;ASK;;;;;
20251107;075112.780;25326.50;;25326.50;2;BID;;;;;
20251107;075112.980;25326.75;;25326.75;1;BID;;;;;
20251107;075112.980;;25327.75;25327.75;2;ASK;;;;;
20251107;075112.980;25326.75;;25326.75;2;BID;;;;;
20251107;075112.996;25326.75;;25326.75;1;BID;;;;;
20251107;075113.104;;25327.50;25327.50;1;ASK;;;;;
20251107;075113.104;25326.50;;25326.50;2;BID;;;;;
20251107;075113.208;25326.75;;25326.75;1;BID;;;;;
20251107;075113.208;;25327.75;25327.75;2;ASK;;;;;
20251107;075113.340;;25327.50;25327.50;1;ASK;;;;;
20251107;075113.340;25326.50;;25326.50;2;BID;;;;;
20251107;075113.424;25326.75;;25326.75;1;BID;;;;;
20251107;075113.424;;25327.75;25327.75;2;ASK;;;;;
20251107;075113.812;;25327.75;25327.75;3;ASK;;;;;
20251107;075113.812;;25327.50;25327.50;1;ASK;;;;;
20251107;075113.812;25326.50;;25326.50;2;BID;;;;;
20251107;075113.812;;25327.75;25327.75;2;ASK;;;;;
20251107;075113.812;25326.75;;25326.75;1;BID;;;;;
20251107;075113.924;25326.50;;25326.50;2;BID;;;;;
20251107;075113.924;;25327.50;25327.50;1;ASK;;;;;
20251107;075114.092;25326.50;;25326.50;1;BID;;;;;
20251107;075114.092;25326.50;;25326.50;1;BID;;;;;
20251107;075114.092;;25327.25;25327.25;1;ASK;;;;;
20251107;075114.092;25326.25;;25326.25;4;BID;;;;;
20251107;075114.092;25326.25;;25326.25;3;BID;;;;;
20251107;075114.092;25326.25;;25326.25;2;BID;;;;;
20251107;075114.092;25326.50;;25326.50;1;BID;;;;;
20251107;075114.092;;25327.50;25327.50;1;ASK;;;;;
20251107;075114.092;25326.25;;25326.25;1;BID;;;;;
20251107;075114.092;;25327.75;25327.75;2;ASK;;;;;
20251107;075114.092;25326.25;;25326.25;2;BID;;;;;
20251107;075114.092;25326.25;;25326.25;3;BID;;;;;
20251107;075114.092;25326.50;;25326.50;1;BID;;;;;
20251107;075114.100;;25327.75;25327.75;3;ASK;;;;;
20251107;075114.100;;25327.50;25327.50;1;ASK;;;;;
20251107;075114.100;25326.25;;25326.25;4;BID;;;;;
20251107;075114.100;25326.25;;25326.25;3;BID;;;;;
20251107;075114.100;25326.25;;25326.25;2;BID;;;;;
20251107;075114.100;25326.50;;25326.50;1;BID;;;;;
20251107;075114.112;;25327.25;25327.25;1;ASK;;;;;
20251107;075114.112;25326.25;;25326.25;1;BID;;;;;
20251107;075114.112;25326.00;;25326.00;3;BID;;;;;
20251107;075114.112;25326.00;;25326.00;2;BID;;;;;
20251107;075114.112;25326.00;;25326.00;1;BID;;;;;
20251107;075114.116;25326.00;;25326.00;2;BID;;;;;
20251107;075114.116;25326.00;;25326.00;1;BID;;;;;
20251107;075114.116;25326.25;;25326.25;1;BID;;;;;
20251107;075114.196;25326.50;;25326.50;1;BID;;;;;
20251107;075114.196;;25327.25;25327.25;2;ASK;;;;;
20251107;075114.196;25326.25;;25326.25;1;BID;;;;;
20251107;075114.348;25326.25;;25326.25;1;BID;;;;;
20251107;075114.348;25326.00;;25326.00;1;BID;;;;;
20251107;075114.348;25325.75;;25325.75;4;BID;;;;;
20251107;075114.348;;25327.00;25327.00;1;ASK;;;;;
20251107;075114.348;25325.75;;25325.75;3;BID;;;;;
20251107;075114.348;;25327.00;25327.00;2;ASK;;;;;
20251107;075114.348;25325.75;;25325.75;4;BID;;;;;
20251107;075114.348;;25327.00;25327.00;1;ASK;;;;;
20251107;075114.348;25326.00;;25326.00;1;BID;;;;;
20251107;075114.348;;25327.25;25327.25;2;ASK;;;;;
20251107;075114.356;25326.00;;25326.00;2;BID;;;;;
20251107;075114.356;25326.25;;25326.25;1;BID;;;;;
20251107;075114.380;;25327.00;25327.00;1;ASK;;;;;
20251107;075114.380;25326.00;;25326.00;2;BID;;;;;
20251107;075114.380;;25327.00;25327.00;1;ASK;;;;;
20251107;075114.380;;25327.25;25327.25;2;ASK;;;;;
20251107;075114.380;25326.00;;25326.00;1;BID;;;;;
20251107;075114.380;25326.25;;25326.25;1;BID;;;;;
20251107;075114.380;;25327.25;25327.25;1;ASK;;;;;
20251107;075114.380;;25327.25;25327.25;1;ASK;;;;;
20251107;075114.380;;25327.50;25327.50;2;ASK;;;;;
20251107;075114.380;25326.00;;25326.00;5;BID;;;;;
20251107;075114.380;25326.00;;25326.00;6;BID;;;;;
20251107;075114.380;25326.00;;25326.00;7;BID;;;;;
20251107;075114.380;25326.25;;25326.25;1;BID;;;;;
20251107;075114.380;25326.25;;25326.25;2;BID;;;;;
20251107;075114.380;25326.25;;25326.25;3;BID;;;;;
20251107;075114.380;25326.50;;25326.50;1;BID;;;;;
20251107;075114.380;;25327.50;25327.50;1;ASK;;;;;
20251107;075114.380;25326.50;;25326.50;2;BID;;;;;
20251107;075114.380;;25327.50;25327.50;1;ASK;;;;;
20251107;075114.380;;25327.75;25327.75;1;ASK;;;;;
20251107;075114.380;25326.50;;25326.50;3;BID;;;;;
20251107;075114.380;25326.50;;25326.50;4;BID;;;;;
20251107;075114.380;25326.75;;25326.75;1;BID;;;;;
20251107;075114.380;;25328.00;25328.00;1;ASK;;;;;
20251107;075114.380;25327.00;;25327.00;1;BID;;;;;
20251107;075114.380;;25328.25;25328.25;2;ASK;;;;;
20251107;075114.380;;25328.25;25328.25;1;ASK;;;;;
20251107;075114.384;;25328.00;25328.00;1;ASK;;;;;
20251107;075114.384;25327.25;;25327.25;1;BID;;;;;
20251107;075114.384;25327.00;;25327.00;1;BID;;;;;
20251107;075114.504;;25328.25;25328.25;1;ASK;;;;;
20251107;075114.504;25327.25;;25327.25;1;BID;;;;;
20251107;075114.504;;25328.25;25328.25;2;ASK;;;;;
20251107;075114.504;25327.00;;25327.00;1;BID;;;;;
20251107;075114.504;;25328.00;25328.00;1;ASK;;;;;
20251107;075114.524;;25328.00;25328.00;2;ASK;;;;;
20251107;075115.024;;25328.00;25328.00;1;ASK;;;;;
20251107;075115.024;;25328.25;25328.25;2;ASK;;;;;
20251107;075115.024;;25328.25;25328.25;1;ASK;;;;;
20251107;075115.024;25327.25;;25327.25;1;BID;;;;;
20251107;075115.864;25327.25;;25327.25;2;BID;;;;;
20251107;075115.864;;25328.50;25328.50;2;ASK;;;;;
20251107;075115.864;25327.50;;25327.50;1;BID;;;;;
20251107;075115.864;;25328.50;25328.50;1;ASK;;;;;
20251107;075115.864;25327.25;;25327.25;4;BID;;;;;
20251107;075115.864;;25328.75;25328.75;2;ASK;;;;;
20251107;075115.864;;25328.75;25328.75;1;ASK;;;;;
20251107;075115.864;25327.25;;25327.25;3;BID;;;;;
20251107;075115.864;25327.25;;25327.25;4;BID;;;;;
20251107;075115.864;25327.25;;25327.25;3;BID;;;;;
20251107;075115.864;25327.25;;25327.25;2;BID;;;;;
20251107;075115.864;;25328.50;25328.50;1;ASK;;;;;
20251107;075115.864;25327.50;;25327.50;1;BID;;;;;
20251107;075115.912;;25329.00;25329.00;1;ASK;;;;;
20251107;075115.912;;25329.50;25329.50;2;ASK;;;;;
20251107;075115.912;;25329.50;25329.50;3;ASK;;;;;
20251107;075115.912;25327.75;;25327.75;1;BID;;;;;
20251107;075115.912;;25329.50;25329.50;2;ASK;;;;;
20251107;075115.912;;25329.25;25329.25;1;ASK;;;;;
20251107;075115.916;;25329.25;25329.25;2;ASK;;;;;
20251107;075115.916;;25329.00;25329.00;1;ASK;;;;;
20251107;075115.916;;25329.00;25329.00;2;ASK;;;;;
20251107;075115.916;;25328.75;25328.75;1;ASK;;;;;
20251107;075116.052;25327.50;;25327.50;1;BID;;;;;
20251107;075116.052;;25328.50;25328.50;1;ASK;;;;;
20251107;075116.236;;25328.75;25328.75;1;ASK;;;;;
20251107;075116.236;;25328.50;25328.50;1;ASK;;;;;
20251107;075117.112;25327.25;;25327.25;2;BID;;;;;
20251107;075117.252;25327.50;;25327.50;1;BID;;;;;
20251107;075117.252;25327.25;;25327.25;2;BID;;;;;
20251107;075117.252;;25328.25;25328.25;1;ASK;;;;;
20251107;075117.252;25327.25;;25327.25;1;BID;;;;;
20251107;075117.252;;25328.50;25328.50;1;ASK;;;;;
20251107;075117.252;25327.50;;25327.50;1;BID;;;;;
20251107;075117.256;;25328.50;25328.50;2;ASK;;;;;
20251107;075117.256;25327.25;;25327.25;1;BID;;;;;
20251107;075117.256;;25328.25;25328.25;1;ASK;;;;;
20251107;075117.300;25327.00;;25327.00;3;BID;;;;;
20251107;075117.300;25327.00;;25327.00;2;BID;;;;;
20251107;075117.300;;25328.00;25328.00;1;ASK;;;;;
20251107;075119.128;;25328.25;25328.25;1;ASK;;;;;
20251107;075119.128;;25328.25;25328.25;2;ASK;;;;;
20251107;075119.128;;25328.00;25328.00;1;ASK;;;;;
20251107;075119.264;;25328.25;25328.25;2;ASK;;;;;
20251107;075119.272;25327.25;;25327.25;1;BID;;;;;
20251107;075120.368;;25328.25;25328.25;1;ASK;;;;;
20251107;075120.368;;25328.50;25328.50;3;ASK;;;;;
20251107;075120.368;25327.50;;25327.50;1;BID;;;;;
20251107;075120.368;;25328.50;25328.50;2;ASK;;;;;
20251107;075120.368;25327.25;;25327.25;1;BID;;;;;
20251107;075120.368;;25328.25;25328.25;1;ASK;;;;;
20251107;075120.368;;25328.50;25328.50;2;ASK;;;;;
20251107;075120.372;;25328.25;25328.25;1;ASK;;;;;
20251107;075122.276;;25328.25;25328.25;2;ASK;;;;;
20251107;075122.276;25327.00;;25327.00;2;BID;;;;;
20251107;075122.276;;25328.00;25328.00;1;ASK;;;;;
20251107;075122.276;;25328.25;25328.25;2;ASK;;;;;
20251107;075122.276;;25328.25;25328.25;1;ASK;;;;;
20251107;075122.276;;25328.25;25328.25;2;ASK;;;;;
20251107;075122.276;;25328.00;25328.00;1;ASK;;;;;
20251107;075122.448;;25328.25;25328.25;2;ASK;;;;;
20251107;075122.448;25327.25;;25327.25;1;BID;;;;;
20251107;075122.776;;25328.00;25328.00;1;ASK;;;;;
20251107;075122.776;25327.00;;25327.00;2;BID;;;;;
20251107;075123.556;;25328.00;25328.00;3;ASK;;;;;
20251107;075123.556;;25327.75;25327.75;1;ASK;;;;;
20251107;075123.556;25327.00;;25327.00;1;BID;;;;;
20251107;075123.556;;25327.75;25327.75;2;ASK;;;;;
20251107;075123.556;25327.00;;25327.00;1;BID;;;;;
20251107;075123.556;25326.75;;25326.75;5;BID;;;;;
20251107;075123.556;25326.75;;25326.75;4;BID;;;;;
20251107;075123.556;25326.75;;25326.75;3;BID;;;;;
20251107;075123.556;25326.75;;25326.75;2;BID;;;;;
20251107;075123.556;;25327.50;25327.50;1;ASK;;;;;
20251107;075123.556;25326.75;;25326.75;1;BID;;;;;
20251107;075123.556;25326.75;;25326.75;1;BID;;;;;
20251107;075123.556;25326.50;;25326.50;1;BID;;;;;
20251107;075123.556;;25327.25;25327.25;1;ASK;;;;;
20251107;075123.556;25326.50;;25326.50;1;BID;;;;;
20251107;075123.556;25326.25;;25326.25;1;BID;;;;;
20251107;075123.556;25326.00;;25326.00;4;BID;;;;;
20251107;075123.556;;25327.25;25327.25;2;ASK;;;;;
20251107;075123.556;;25327.00;25327.00;1;ASK;;;;;
20251107;075123.556;25326.00;;25326.00;3;BID;;;;;
20251107;075123.556;;25327.25;25327.25;2;ASK;;;;;
20251107;075123.612;;25327.25;25327.25;3;ASK;;;;;
20251107;075123.612;;25327.00;25327.00;1;ASK;;;;;
20251107;075123.612;25326.00;;25326.00;2;BID;;;;;
20251107;075123.612;;25327.25;25327.25;2;ASK;;;;;
20251107;075123.620;;25327.00;25327.00;1;ASK;;;;;
20251107;075123.620;;25327.00;25327.00;2;ASK;;;;;
20251107;075123.636;;25327.00;25327.00;1;ASK;;;;;
20251107;075124.708;;25326.50;25326.50;1;ASK;;;;;
20251107;075124.708;25326.00;;25326.00;1;BID;;;;;
20251107;075124.708;25325.75;;25325.75;6;BID;;;;;
20251107;075124.708;25325.75;;25325.75;5;BID;;;;;
20251107;075124.712;25325.75;;25325.75;4;BID;;;;;
20251107;075124.712;25325.75;;25325.75;3;BID;;;;;
20251107;075124.712;25325.75;;25325.75;2;BID;;;;;
20251107;075124.720;25325.75;;25325.75;1;BID;;;;;
20251107;075124.720;;25326.50;25326.50;2;ASK;;;;;
20251107;075124.720;;25326.25;25326.25;1;ASK;;;;;
20251107;075124.720;;25326.50;25326.50;1;ASK;;;;;
20251107;075124.728;25325.50;;25325.50;2;BID;;;;;
20251107;075124.728;25325.50;;25325.50;1;BID;;;;;
20251107;075124.728;25325.25;;25325.25;3;BID;;;;;
20251107;075124.728;;25326.25;25326.25;1;ASK;;;;;
20251107;075124.728;25325.25;;25325.25;4;BID;;;;;
20251107;075124.728;25325.25;;25325.25;3;BID;;;;;
20251107;075124.728;;25326.50;25326.50;1;ASK;;;;;
20251107;075124.728;25325.50;;25325.50;1;BID;;;;;
20251107;075124.736;25325.50;;25325.50;2;BID;;;;;
20251107;075125.060;25325.50;;25325.50;1;BID;;;;;
20251107;075125.060;;25326.25;25326.25;1;ASK;;;;;
20251107;075125.116;;25326.50;25326.50;1;ASK;;;;;
20251107;075125.208;25325.50;;25325.50;1;BID;;;;;
20251107;075125.208;25325.25;;25325.25;6;BID;;;;;
20251107;075125.208;;25326.25;25326.25;1;ASK;;;;;
20251107;075125.208;25325.25;;25325.25;5;BID;;;;;
20251107;075125.208;25325.25;;25325.25;4;BID;;;;;
20251107;075125.208;25325.25;;25325.25;5;BID;;;;;
20251107;075125.208;25325.25;;25325.25;6;BID;;;;;
20251107;075125.208;25325.50;;25325.50;1;BID;;;;;
20251107;075125.208;;25326.50;25326.50;1;ASK;;;;;
20251107;075125.208;25325.25;;25325.25;5;BID;;;;;
20251107;075125.208;25325.25;;25325.25;6;BID;;;;;
20251107;075125.208;25325.25;;25325.25;7;BID;;;;;
20251107;075125.208;25325.50;;25325.50;1;BID;;;;;
20251107;075125.208;25325.50;;25325.50;2;BID;;;;;
20251107;075125.256;25325.50;;25325.50;1;BID;;;;;
20251107;075125.256;;25326.25;25326.25;1;ASK;;;;;
20251107;075125.256;;25326.25;25326.25;2;ASK;;;;;
20251107;075125.284;;25326.25;25326.25;1;ASK;;;;;
20251107;075125.284;;25326.50;25326.50;1;ASK;;;;;
20251107;075125.336;;25326.25;25326.25;1;ASK;;;;;
20251107;075125.392;;25326.50;25326.50;1;ASK;;;;;
20251107;075127.900;;25326.50;25326.50;1;ASK;;;;;
20251107;075127.900;;25327.00;25327.00;2;ASK;;;;;
20251107;075127.900;25325.50;;25325.50;2;BID;;;;;
20251107;075127.900;25325.75;;25325.75;1;BID;;;;;
20251107;075127.904;;25327.00;25327.00;1;ASK;;;;;
20251107;075127.904;25325.75;;25325.75;2;BID;;;;;
20251107;075127.904;;25326.75;25326.75;1;ASK;;;;;
20251107;075127.904;25325.75;;25325.75;1;BID;;;;;
20251107;075127.944;25326.00;;25326.00;1;BID;;;;;
20251107;075127.944;;25327.00;25327.00;1;ASK;;;;;
20251107;075127.952;;25326.75;25326.75;1;ASK;;;;;
20251107;075127.952;25325.75;;25325.75;1;BID;;;;;
20251107;075127.952;;25327.00;25327.00;1;ASK;;;;;
20251107;075128.000;25326.00;;25326.00;1;BID;;;;;
20251107;075128.212;25325.75;;25325.75;1;BID;;;;;
20251107;075128.212;25325.75;;25325.75;2;BID;;;;;
20251107;075128.212;25326.00;;25326.00;1;BID;;;;;
20251107;075128.468;;25327.25;25327.25;3;ASK;;;;;
20251107;075128.468;;25327.25;25327.25;2;ASK;;;;;
20251107;075128.468;;25327.00;25327.00;1;ASK;;;;;
20251107;075128.516;25326.00;;25326.00;1;BID;;;;;
20251107;075128.516;25325.75;;25325.75;1;BID;;;;;
20251107;075128.516;25325.75;;25325.75;1;BID;;;;;
20251107;075128.516;25325.50;;25325.50;1;BID;;;;;
20251107;075128.516;25325.50;;25325.50;1;BID;;;;;
20251107;075128.516;25325.50;;25325.50;1;BID;;;;;
20251107;075128.516;;25326.75;25326.75;1;ASK;;;;;
20251107;075128.516;;25326.50;25326.50;1;ASK;;;;;
20251107;075128.516;25325.25;;25325.25;6;BID;;;;;
20251107;075128.516;25325.50;;25325.50;1;BID;;;;;
20251107;075128.516;25325.50;;25325.50;2;BID;;;;;
20251107;075128.516;;25326.75;25326.75;3;ASK;;;;;
20251107;075128.516;25325.50;;25325.50;3;BID;;;;;
20251107;075128.516;25325.75;;25325.75;1;BID;;;;;
20251107;075128.520;25325.50;;25325.50;3;BID;;;;;
20251107;075128.520;;25326.75;25326.75;2;ASK;;;;;
20251107;075128.520;25325.75;;25325.75;1;BID;;;;;
20251107;075128.520;;25326.75;25326.75;1;ASK;;;;;
20251107;075128.520;25325.75;;25325.75;2;BID;;;;;
20251107;075128.520;;25327.00;25327.00;2;ASK;;;;;
20251107;075128.520;25326.00;;25326.00;1;BID;;;;;
20251107;075128.520;25325.75;;25325.75;2;BID;;;;;
20251107;075128.520;;25326.75;25326.75;1;ASK;;;;;
20251107;075128.520;;25327.00;25327.00;2;ASK;;;;;
20251107;075128.520;25326.00;;25326.00;1;BID;;;;;
20251107;075128.520;25326.00;;25326.00;2;BID;;;;;
20251107;075128.520;25326.00;;25326.00;1;BID;;;;;
20251107;075128.528;;25327.00;25327.00;3;ASK;;;;;
20251107;075128.528;;25326.75;25326.75;1;ASK;;;;;
20251107;075128.528;25325.50;;25325.50;5;BID;;;;;
20251107;075128.528;;25327.00;25327.00;3;ASK;;;;;
20251107;075128.528;25325.50;;25325.50;4;BID;;;;;
20251107;075128.528;25325.50;;25325.50;3;BID;;;;;
20251107;075128.528;;25326.75;25326.75;1;ASK;;;;;
20251107;075128.532;25325.75;;25325.75;1;BID;;;;;
20251107;075128.532;25325.75;;25325.75;2;BID;;;;;
20251107;075128.620;;25326.50;25326.50;1;ASK;;;;;
20251107;075128.620;25325.75;;25325.75;1;BID;;;;;
20251107;075128.620;25325.50;;25325.50;4;BID;;;;;
20251107;075128.620;25325.50;;25325.50;3;BID;;;;;
20251107;075128.620;25325.50;;25325.50;2;BID;;;;;
20251107;075129.220;;25326.75;25326.75;1;ASK;;;;;
20251107;075129.220;25325.50;;25325.50;1;BID;;;;;
20251107;075129.220;;25326.50;25326.50;1;ASK;;;;;
20251107;075129.220;25325.75;;25325.75;1;BID;;;;;
20251107;075129.220;25325.50;;25325.50;1;BID;;;;;
20251107;075129.220;25325.25;;25325.25;4;BID;;;;;
20251107;075129.220;;25326.75;25326.75;1;ASK;;;;;
20251107;075129.220;25325.25;;25325.25;3;BID;;;;;
20251107;075129.220;25325.25;;25325.25;4;BID;;;;;
20251107;075129.220;25325.50;;25325.50;1;BID;;;;;
20251107;075129.220;;25326.50;25326.50;1;ASK;;;;;
20251107;075129.220;25325.50;;25325.50;2;BID;;;;;
20251107;075129.224;;25326.75;25326.75;1;ASK;;;;;
20251107;075129.224;25325.75;;25325.75;1;BID;;;;;
20251107;075129.276;;25326.50;25326.50;1;ASK;;;;;
20251107;075129.276;25325.50;;25325.50;4;BID;;;;;
20251107;075129.276;25325.50;;25325.50;3;BID;;;;;
20251107;075129.276;;25326.50;25326.50;1;ASK;;;;;
20251107;075129.276;;25326.75;25326.75;1;ASK;;;;;
20251107;075129.276;25325.75;;25325.75;1;BID;;;;;
20251107;075129.276;;25327.00;25327.00;3;ASK;;;;;
20251107;075129.276;;25327.00;25327.00;2;ASK;;;;;
20251107;075129.276;25325.75;;25325.75;2;BID;;;;;
20251107;075129.276;;25327.00;25327.00;1;ASK;;;;;
20251107;075129.276;25325.75;;25325.75;3;BID;;;;;
20251107;075129.276;25325.75;;25325.75;4;BID;;;;;
20251107;075129.276;;25327.25;25327.25;1;ASK;;;;;
20251107;075129.276;25325.75;;25325.75;5;BID;;;;;
20251107;075129.276;25326.00;;25326.00;1;BID;;;;;
20251107;075129.276;25326.00;;25326.00;2;BID;;;;;
20251107;075129.276;25326.00;;25326.00;3;BID;;;;;
20251107;075129.276;25326.00;;25326.00;4;BID;;;;;
20251107;075129.276;;25327.50;25327.50;1;ASK;;;;;
20251107;075129.276;25326.25;;25326.25;1;BID;;;;;
20251107;075129.276;;25327.25;25327.25;1;ASK;;;;;
20251107;075129.404;25326.25;;25326.25;1;BID;;;;;
20251107;075129.404;25326.00;;25326.00;1;BID;;;;;
20251107;075129.404;25326.00;;25326.00;3;BID;;;;;
20251107;075129.404;;25327.00;25327.00;1;ASK;;;;;
20251107;075129.404;25326.00;;25326.00;2;BID;;;;;
20251107;075129.408;;25327.25;25327.25;2;ASK;;;;;
20251107;075129.408;25326.25;;25326.25;1;BID;;;;;
20251107;075129.432;;25327.00;25327.00;1;ASK;;;;;
20251107;075129.432;25326.00;;25326.00;3;BID;;;;;
20251107;075129.432;25326.00;;25326.00;2;BID;;;;;
20251107;075129.432;25326.00;;25326.00;1;BID;;;;;
20251107;075129.488;;25327.25;25327.25;2;ASK;;;;;
20251107;075129.540;;25327.00;25327.00;1;ASK;;;;;
20251107;075129.540;25325.75;;25325.75;5;BID;;;;;
20251107;075129.540;25325.75;;25325.75;4;BID;;;;;
20251107;075129.544;25326.00;;25326.00;1;BID;;;;;
20251107;075129.548;;25327.25;25327.25;2;ASK;;;;;
20251107;075129.624;;25327.00;25327.00;1;ASK;;;;;
20251107;075129.648;;25327.25;25327.25;2;ASK;;;;;
20251107;075129.700;25326.00;;25326.00;2;BID;;;;;
20251107;075129.700;25326.25;;25326.25;1;BID;;;;;
20251107;075129.864;;25327.00;25327.00;1;ASK;;;;;
20251107;075129.864;25326.00;;25326.00;1;BID;;;;;
20251107;075129.864;25325.75;;25325.75;5;BID;;;;;
20251107;075129.864;25325.75;;25325.75;4;BID;;;;;
20251107;075129.864;25326.00;;25326.00;1;BID;;;;;
20251107;075129.864;25326.00;;25326.00;2;BID;;;;;
20251107;075130.624;25326.00;;25326.00;3;BID;;;;;
20251107;075130.624;;25327.25;25327.25;2;ASK;;;;;
20251107;075130.624;25326.00;;25326.00;2;BID;;;;;
20251107;075130.624;25326.25;;25326.25;1;BID;;;;;
20251107;075130.624;;25327.00;25327.00;1;ASK;;;;;
20251107;075130.624;;25327.25;25327.25;2;ASK;;;;;
20251107;075130.624;25326.00;;25326.00;1;BID;;;;;
20251107;075130.624;;25327.00;25327.00;1;ASK;;;;;
20251107;075130.624;;25327.25;25327.25;1;ASK;;;;;
20251107;075130.624;25326.00;;25326.00;2;BID;;;;;
20251107;075130.624;25326.25;;25326.25;1;BID;;;;;
20251107;075130.624;;25327.00;25327.00;1;ASK;;;;;
20251107;075130.624;25326.00;;25326.00;2;BID;;;;;
20251107;075130.624;;25327.25;25327.25;1;ASK;;;;;
20251107;075130.624;25326.25;;25326.25;1;BID;;;;;
20251107;075130.624;;25327.50;25327.50;2;ASK;;;;;
20251107;075130.624;25326.25;;25326.25;2;BID;;;;;
20251107;075130.624;25326.25;;25326.25;3;BID;;;;;
20251107;075130.624;25326.50;;25326.50;1;BID;;;;;
20251107;075130.660;;25327.50;25327.50;1;ASK;;;;;
20251107;075130.660;25326.75;;25326.75;1;BID;;;;;
20251107;075130.660;;25327.75;25327.75;2;ASK;;;;;
20251107;075130.660;;25327.75;25327.75;1;ASK;;;;;
20251107;075130.660;25326.50;;25326.50;2;BID;;;;;
20251107;075130.660;25326.50;;25326.50;1;BID;;;;;
20251107;075130.660;;25328.00;25328.00;2;ASK;;;;;
20251107;075130.660;;25327.50;25327.50;1;ASK;;;;;
20251107;075130.660;25326.50;;25326.50;2;BID;;;;;
20251107;075130.660;;25328.00;25328.00;2;ASK;;;;;
20251107;075130.660;25326.75;;25326.75;1;BID;;;;;
20251107;075130.660;;25328.00;25328.00;3;ASK;;;;;
20251107;075130.660;25326.75;;25326.75;2;BID;;;;;
20251107;075130.660;;25327.75;25327.75;1;ASK;;;;;
20251107;075130.712;25326.75;;25326.75;3;BID;;;;;
20251107;075130.840;25327.00;;25327.00;1;BID;;;;;
20251107;075130.840;;25328.00;25328.00;3;ASK;;;;;
20251107;075130.840;25326.75;;25326.75;3;BID;;;;;
20251107;075130.840;;25327.75;25327.75;1;ASK;;;;;
20251107;075130.840;25326.75;;25326.75;2;BID;;;;;
20251107;075130.840;;25328.00;25328.00;3;ASK;;;;;
20251107;075130.844;;25327.50;25327.50;1;ASK;;;;;
20251107;075130.844;;25328.00;25328.00;3;ASK;;;;;
20251107;075130.844;;25327.75;25327.75;1;ASK;;;;;
20251107;075130.924;25326.75;;25326.75;1;BID;;;;;
20251107;075130.924;;25327.50;25327.50;1;ASK;;;;;
20251107;075130.924;25326.50;;25326.50;4;BID;;;;;
20251107;075130.924;25326.50;;25326.50;3;BID;;;;;
20251107;075130.928;25326.50;;25326.50;4;BID;;;;;
20251107;075130.928;25326.75;;25326.75;1;BID;;;;;
20251107;075130.928;;25327.75;25327.75;1;ASK;;;;;
20251107;075130.928;;25328.00;25328.00;3;ASK;;;;;
20251107;075130.928;25326.75;;25326.75;2;BID;;;;;
20251107;075130.928;25326.75;;25326.75;3;BID;;;;;
20251107;075130.928;25326.75;;25326.75;4;BID;;;;;
20251107;075130.928;25326.75;;25326.75;3;BID;;;;;
20251107;075130.928;25327.00;;25327.00;1;BID;;;;;
20251107;075130.940;;25327.75;25327.75;1;ASK;;;;;
20251107;075130.940;25326.75;;25326.75;4;BID;;;;;
20251107;075130.940;25326.75;;25326.75;3;BID;;;;;
20251107;075130.940;25326.75;;25326.75;2;BID;;;;;
20251107;075131.084;;25327.50;25327.50;1;ASK;;;;;
20251107;075131.084;25326.75;;25326.75;1;BID;;;;;
20251107;075131.140;;25327.75;25327.75;1;ASK;;;;;
20251107;075131.192;;25327.50;25327.50;1;ASK;;;;;
20251107;075131.196;;25327.75;25327.75;1;ASK;;;;;
20251107;075131.196;;25328.00;25328.00;3;ASK;;;;;
20251107;075131.196;25327.00;;25327.00;1;BID;;;;;
20251107;075131.232;;25327.75;25327.75;1;ASK;;;;;
20251107;075131.232;25326.75;;25326.75;1;BID;;;;;
20251107;075131.240;25326.75;;25326.75;2;BID;;;;;
20251107;075131.240;25327.00;;25327.00;1;BID;;;;;
20251107;075131.240;25326.75;;25326.75;1;BID;;;;;
20251107;075131.752;;25327.75;25327.75;2;ASK;;;;;
20251107;075131.752;;25327.50;25327.50;1;ASK;;;;;
20251107;075131.752;;25327.50;25327.50;2;ASK;;;;;
20251107;075131.776;;25327.50;25327.50;1;ASK;;;;;
20251107;075131.776;;25327.75;25327.75;2;ASK;;;;;
20251107;075131.776;;25327.75;25327.75;1;ASK;;;;;
20251107;075132.940;25326.75;;25326.75;2;BID;;;;;
20251107;075132.940;;25327.75;25327.75;1;ASK;;;;;
20251107;075132.940;;25328.00;25328.00;2;ASK;;;;;
20251107;075132.940;25326.75;;25326.75;3;BID;;;;;
20251107;075132.940;25327.00;;25327.00;1;BID;;;;;
20251107;075132.940;;25328.00;25328.00;2;ASK;;;;;
20251107;075132.940;;25328.25;25328.25;2;ASK;;;;;
20251107;075132.940;25327.00;;25327.00;2;BID;;;;;
20251107;075132.940;25327.00;;25327.00;3;BID;;;;;
20251107;075132.940;25327.25;;25327.25;1;BID;;;;;
20251107;075132.940;;25328.25;25328.25;1;ASK;;;;;
20251107;075132.940;25327.25;;25327.25;2;BID;;;;;
20251107;075132.940;25327.50;;25327.50;1;BID;;;;;
20251107;075132.940;;25328.50;25328.50;2;ASK;;;;;
20251107;075132.940;;25328.50;25328.50;1;ASK;;;;;
20251107;075132.940;25327.25;;25327.25;2;BID;;;;;
20251107;075132.940;;25328.75;25328.75;1;ASK;;;;;
20251107;075132.940;;25328.25;25328.25;1;ASK;;;;;
20251107;075132.944;25327.25;;25327.25;1;BID;;;;;
20251107;075132.944;;25328.00;25328.00;1;ASK;;;;;
20251107;075132.944;25327.00;;25327.00;3;BID;;;;;
20251107;075132.944;25327.00;;25327.00;2;BID;;;;;
20251107;075132.944;25327.00;;25327.00;1;BID;;;;;
20251107;075132.944;25326.75;;25326.75;2;BID;;;;;
20251107;075132.944;;25327.75;25327.75;1;ASK;;;;;
20251107;075132.948;25327.00;;25327.00;1;BID;;;;;
20251107;075132.948;;25328.00;25328.00;1;ASK;;;;;
20251107;075132.948;25326.75;;25326.75;3;BID;;;;;
20251107;075132.952;25327.00;;25327.00;1;BID;;;;;
20251107;075133.000;25327.25;;25327.25;1;BID;;;;;
20251107;075133.156;;25328.25;25328.25;3;ASK;;;;;
20251107;075133.156;;25328.25;25328.25;2;ASK;;;;;
20251107;075133.156;;25328.25;25328.25;1;ASK;;;;;
20251107;075133.168;;25328.75;25328.75;2;ASK;;;;;
20251107;075133.168;25327.50;;25327.50;1;BID;;;;;
20251107;075133.168;;25328.75;25328.75;1;ASK;;;;;
20251107;075133.168;;25328.50;25328.50;1;ASK;;;;;
20251107;075133.168;25327.25;;25327.25;1;BID;;;;;
20251107;075133.168;25327.50;;25327.50;1;BID;;;;;
20251107;075133.168;;25328.75;25328.75;1;ASK;;;;;
20251107;075133.168;25327.50;;25327.50;2;BID;;;;;
20251107;075133.168;25327.75;;25327.75;1;BID;;;;;
20251107;075133.168;25327.75;;25327.75;2;BID;;;;;
20251107;075133.168;;25329.00;25329.00;2;ASK;;;;;
20251107;075133.168;;25329.00;25329.00;1;ASK;;;;;
20251107;075133.168;25328.00;;25328.00;1;BID;;;;;
20251107;075133.168;;25329.25;25329.25;1;ASK;;;;;
20251107;075133.168;;25329.25;25329.25;2;ASK;;;;;
20251107;075133.168;;25328.75;25328.75;1;ASK;;;;;
20251107;075133.168;;25329.25;25329.25;1;ASK;;;;;
20251107;075133.168;;25329.00;25329.00;1;ASK;;;;;
20251107;075133.168;25327.75;;25327.75;1;BID;;;;;
20251107;075133.172;25327.75;;25327.75;2;BID;;;;;
20251107;075133.172;;25328.75;25328.75;1;ASK;;;;;
20251107;075133.172;25327.75;;25327.75;1;BID;;;;;
20251107;075133.172;25328.00;;25328.00;1;BID;;;;;
20251107;075133.172;;25329.00;25329.00;1;ASK;;;;;
20251107;075133.172;;25328.75;25328.75;1;ASK;;;;;
20251107;075133.172;25327.75;;25327.75;1;BID;;;;;
20251107;075133.172;;25328.50;25328.50;1;ASK;;;;;
20251107;075133.172;25327.50;;25327.50;4;BID;;;;;
20251107;075133.172;25327.50;;25327.50;3;BID;;;;;
20251107;075133.172;25327.50;;25327.50;2;BID;;;;;
20251107;075133.172;;25328.50;25328.50;2;ASK;;;;;
20251107;075133.172;25327.50;;25327.50;1;BID;;;;;
20251107;075133.172;25327.25;;25327.25;2;BID;;;;;
20251107;075133.176;25327.50;;25327.50;1;BID;;;;;
20251107;075133.196;;25328.25;25328.25;1;ASK;;;;;
20251107;075133.196;25327.25;;25327.25;2;BID;;;;;
20251107;075133.196;25327.25;;25327.25;1;BID;;;;;
20251107;075133.624;;25327.50;25327.50;1;ASK;;;;;
20251107;075133.624;25327.00;;25327.00;3;BID;;;;;
20251107;075133.624;;25327.50;25327.50;1;ASK;;;;;
20251107;075133.624;;25328.25;25328.25;1;ASK;;;;;
20251107;075133.624;25327.00;;25327.00;2;BID;;;;;
20251107;075133.624;25327.50;;25327.50;1;BID;;;;;
20251107;075133.624;;25328.50;25328.50;2;ASK;;;;;
20251107;075133.624;25327.00;;25327.00;1;BID;;;;;
20251107;075133.624;;25328.25;25328.25;1;ASK;;;;;
20251107;075133.624;25327.00;;25327.00;2;BID;;;;;
20251107;075133.624;25327.25;;25327.25;1;BID;;;;;
20251107;075133.660;;25328.50;25328.50;2;ASK;;;;;
20251107;075133.692;;25328.25;25328.25;1;ASK;;;;;
20251107;075133.844;;25328.25;25328.25;1;ASK;;;;;
20251107;075133.844;;25328.50;25328.50;2;ASK;;;;;
20251107;075133.844;25327.50;;25327.50;1;BID;;;;;
20251107;075133.844;25327.50;;25327.50;2;BID;;;;;
20251107;075133.844;25327.50;;25327.50;1;BID;;;;;
20251107;075133.848;;25328.25;25328.25;1;ASK;;;;;
20251107;075133.848;25327.25;;25327.25;2;BID;;;;;
20251107;075133.904;25327.50;;25327.50;1;BID;;;;;
20251107;075133.904;;25328.50;25328.50;2;ASK;;;;;
20251107;075133.928;;25328.50;25328.50;1;ASK;;;;;
20251107;075133.928;25327.75;;25327.75;1;BID;;;;;
20251107;075133.928;;25328.75;25328.75;3;ASK;;;;;
20251107;075133.928;;25328.75;25328.75;2;ASK;;;;;
20251107;075133.928;;25328.50;25328.50;1;ASK;;;;;
20251107;075133.928;25327.50;;25327.50;1;BID;;;;;
20251107;075133.928;25328.00;;25328.00;1;BID;;;;;
20251107;075133.932;25327.50;;25327.50;1;BID;;;;;
20251107;075133.932;;25328.75;25328.75;2;ASK;;;;;
20251107;075133.932;25327.75;;25327.75;1;BID;;;;;
20251107;075133.932;;25328.75;25328.75;1;ASK;;;;;
20251107;075133.932;;25329.00;25329.00;1;ASK;;;;;
20251107;075133.932;25328.00;;25328.00;1;BID;;;;;
20251107;075133.932;;25329.00;25329.00;2;ASK;;;;;
20251107;075133.932;;25328.75;25328.75;1;ASK;;;;;
20251107;075133.932;25327.75;;25327.75;1;BID;;;;;
20251107;075133.952;25328.00;;25328.00;1;BID;;;;;
20251107;075133.952;;25329.00;25329.00;2;ASK;;;;;
20251107;075133.952;;25328.75;25328.75;1;ASK;;;;;
20251107;075133.952;25327.75;;25327.75;1;BID;;;;;
20251107;075134.752;25328.00;;25328.00;1;BID;;;;;
20251107;075134.752;;25329.00;25329.00;2;ASK;;;;;
20251107;075134.752;;25329.00;25329.00;1;ASK;;;;;
20251107;075134.752;25328.25;;25328.25;1;BID;;;;;
20251107;075134.752;;25329.50;25329.50;2;ASK;;;;;
20251107;075134.752;;25329.50;25329.50;1;ASK;;;;;
20251107;075134.752;;25330.00;25330.00;1;ASK;;;;;
20251107;075134.752;;25329.50;25329.50;1;ASK;;;;;
20251107;075134.752;25328.50;;25328.50;1;BID;;;;;
20251107;075134.756;25328.50;;25328.50;2;BID;;;;;
20251107;075134.756;25328.50;;25328.50;1;BID;;;;;
20251107;075134.756;;25329.75;25329.75;1;ASK;;;;;
20251107;075134.756;25328.25;;25328.25;1;BID;;;;;
20251107;075134.756;;25329.75;25329.75;2;ASK;;;;;
20251107;075134.756;;25329.25;25329.25;1;ASK;;;;;
20251107;075134.756;25328.50;;25328.50;1;BID;;;;;
20251107;075134.756;;25329.50;25329.50;1;ASK;;;;;
20251107;075134.860;;25329.25;25329.25;1;ASK;;;;;
20251107;075134.860;25328.25;;25328.25;1;BID;;;;;
20251107;075134.860;;25329.50;25329.50;1;ASK;;;;;
20251107;075134.860;25328.50;;25328.50;1;BID;;;;;
20251107;075134.940;;25329.50;25329.50;2;ASK;;;;;
20251107;075134.940;;25329.50;25329.50;3;ASK;;;;;
20251107;075134.940;;25329.25;25329.25;1;ASK;;;;;
20251107;075134.940;25328.25;;25328.25;1;BID;;;;;
20251107;075134.940;;25329.25;25329.25;2;ASK;;;;;
20251107;075134.940;25328.00;;25328.00;2;BID;;;;;
20251107;075134.940;;25329.00;25329.00;1;ASK;;;;;
20251107;075134.940;25328.00;;25328.00;1;BID;;;;;
20251107;075134.940;;25328.75;25328.75;1;ASK;;;;;
20251107;075134.940;25327.75;;25327.75;1;BID;;;;;
20251107;075134.940;;25329.00;25329.00;2;ASK;;;;;
20251107;075134.944;;25328.75;25328.75;1;ASK;;;;;
20251107;075134.968;25328.00;;25328.00;1;BID;;;;;
20251107;075134.968;;25329.00;25329.00;2;ASK;;;;;
20251107;075134.968;;25328.75;25328.75;1;ASK;;;;;
20251107;075134.968;25327.75;;25327.75;1;BID;;;;;
20251107;075134.968;;25328.50;25328.50;1;ASK;;;;;
20251107;075134.968;25327.50;;25327.50;1;BID;;;;;
20251107;075134.968;25327.25;;25327.25;3;BID;;;;;
20251107;075134.968;25327.25;;25327.25;2;BID;;;;;
20251107;075134.968;25327.50;;25327.50;1;BID;;;;;
20251107;075135.024;;25328.75;25328.75;1;ASK;;;;;
20251107;075135.024;25327.75;;25327.75;1;BID;;;;;
20251107;075135.028;;25328.50;25328.50;1;ASK;;;;;
20251107;075135.028;25327.50;;25327.50;1;BID;;;;;
20251107;075135.044;25327.25;;25327.25;2;BID;;;;;
20251107;075135.044;25327.25;;25327.25;1;BID;;;;;
20251107;075135.044;;25328.25;25328.25;1;ASK;;;;;
20251107;075135.204;25327.50;;25327.50;1;BID;;;;;
20251107;075135.204;;25328.50;25328.50;1;ASK;;;;;
20251107;075135.204;;25328.75;25328.75;1;ASK;;;;;
20251107;075135.204;25327.75;;25327.75;1;BID;;;;;
20251107;075135.224;;25328.50;25328.50;1;ASK;;;;;
20251107;075135.224;25327.50;;25327.50;1;BID;;;;;
20251107;075137.136;;25328.50;25328.50;1;ASK;;;;;
20251107;075137.136;;25328.75;25328.75;1;ASK;;;;;
20251107;075137.136;;25329.00;25329.00;1;ASK;;;;;
20251107;075137.136;;25329.00;25329.00;2;ASK;;;;;
20251107;075137.136;25327.75;;25327.75;1;BID;;;;;
20251107;075137.136;25328.00;;25328.00;1;BID;;;;;
20251107;075137.136;;25329.00;25329.00;1;ASK;;;;;
20251107;075137.136;;25329.25;25329.25;1;ASK;;;;;
20251107;075137.140;;25328.75;25328.75;1;ASK;;;;;
20251107;075137.140;25327.75;;25327.75;2;BID;;;;;
20251107;075137.140;;25329.25;25329.25;2;ASK;;;;;
20251107;075137.140;;25329.00;25329.00;1;ASK;;;;;
20251107;075137.140;25327.75;;25327.75;1;BID;;;;;
20251107;075137.140;;25329.00;25329.00;2;ASK;;;;;
20251107;075137.140;;25328.75;25328.75;1;ASK;;;;;
20251107;075137.148;25327.75;;25327.75;2;BID;;;;;
20251107;075137.148;25328.00;;25328.00;1;BID;;;;;
20251107;075137.148;;25329.00;25329.00;2;ASK;;;;;
20251107;075137.200;25328.25;;25328.25;1;BID;;;;;
20251107;075137.200;;25329.00;25329.00;1;ASK;;;;;
20251107;075137.200;;25329.25;25329.25;1;ASK;;;;;
20251107;075137.200;;25329.25;25329.25;2;ASK;;;;;
20251107;075137.200;;25329.25;25329.25;1;ASK;;;;;
20251107;075137.200;25328.50;;25328.50;1;BID;;;;;
20251107;075137.200;;25329.50;25329.50;2;ASK;;;;;
20251107;075137.204;;25329.50;25329.50;3;ASK;;;;;
20251107;075137.204;;25329.50;25329.50;2;ASK;;;;;
20251107;075137.204;25328.25;;25328.25;1;BID;;;;;
20251107;075137.204;;25329.25;25329.25;1;ASK;;;;;
20251107;075137.284;25328.50;;25328.50;1;BID;;;;;
20251107;075137.284;;25329.50;25329.50;2;ASK;;;;;
20251107;075137.284;;25329.50;25329.50;1;ASK;;;;;
20251107;075137.284;;25329.75;25329.75;3;ASK;;;;;
20251107;075137.284;;25329.75;25329.75;2;ASK;;;;;
20251107;075137.284;25328.75;;25328.75;1;BID;;;;;
20251107;075137.284;;25329.50;25329.50;1;ASK;;;;;
20251107;075137.284;;25329.50;25329.50;2;ASK;;;;;
20251107;075137.284;;25329.50;25329.50;1;ASK;;;;;
20251107;075137.284;;25329.75;25329.75;2;ASK;;;;;
20251107;075137.304;;25329.75;25329.75;3;ASK;;;;;
20251107;075137.304;;25329.50;25329.50;1;ASK;;;;;
20251107;075137.304;25328.50;;25328.50;1;BID;;;;;
20251107;075137.304;;25329.50;25329.50;2;ASK;;;;;
20251107;075137.696;;25329.50;25329.50;3;ASK;;;;;
20251107;075137.696;;25329.25;25329.25;1;ASK;;;;;
20251107;075137.696;25328.25;;25328.25;2;BID;;;;;
20251107;075137.696;25328.25;;25328.25;1;BID;;;;;
20251107;075137.696;25328.00;;25328.00;1;BID;;;;;
20251107;075137.696;;25329.25;25329.25;2;ASK;;;;;
20251107;075137.696;;25329.00;25329.00;1;ASK;;;;;
20251107;075137.700;25327.75;;25327.75;1;BID;;;;;
20251107;075137.708;25328.00;;25328.00;1;BID;;;;;
20251107;075137.708;25328.00;;25328.00;2;BID;;;;;
20251107;075137.708;;25329.25;25329.25;2;ASK;;;;;
20251107;075137.708;25328.25;;25328.25;1;BID;;;;;
20251107;075137.732;25328.00;;25328.00;1;BID;;;;;
20251107;075137.732;;25329.00;25329.00;1;ASK;;;;;
20251107;075137.764;25328.25;;25328.25;1;BID;;;;;
20251107;075137.764;;25329.25;25329.25;2;ASK;;;;;
20251107;075137.784;25328.00;;25328.00;1;BID;;;;;
20251107;075137.784;;25329.00;25329.00;1;ASK;;;;;
20251107;075137.840;25328.25;;25328.25;1;BID;;;;;
20251107;075137.840;;25329.25;25329.25;2;ASK;;;;;
20251107;075137.892;25328.00;;25328.00;1;BID;;;;;
20251107;075137.892;;25329.00;25329.00;1;ASK;;;;;
20251107;075137.948;25328.25;;25328.25;1;BID;;;;;
20251107;075137.948;;25329.25;25329.25;2;ASK;;;;;
20251107;075138.000;25328.00;;25328.00;1;BID;;;;;
20251107;075138.000;;25329.00;25329.00;1;ASK;;;;;
20251107;075138.052;25328.25;;25328.25;1;BID;;;;;
20251107;075138.052;;25329.25;25329.25;2;ASK;;;;;
20251107;075138.104;25328.00;;25328.00;1;BID;;;;;
20251107;075138.104;;25329.00;25329.00;1;ASK;;;;;
20251107;075138.160;25328.25;;25328.25;1;BID;;;;;
20251107;075138.160;;25329.25;25329.25;2;ASK;;;;;
20251107;075138.212;25328.00;;25328.00;1;BID;;;;;
20251107;075138.212;;25329.00;25329.00;1;ASK;;;;;
20251107;075138.264;25328.25;;25328.25;1;BID;;;;;
20251107;075138.264;;25329.25;25329.25;2;ASK;;;;;
20251107;075138.316;25328.00;;25328.00;1;BID;;;;;
20251107;075138.316;;25329.00;25329.00;1;ASK;;;;;
20251107;075138.372;25328.25;;25328.25;1;BID;;;;;
20251107;075138.424;25328.00;;25328.00;1;BID;;;;;
20251107;075138.496;;25329.00;25329.00;2;ASK;;;;;
20251107;075138.496;;25328.75;25328.75;1;ASK;;;;;
20251107;075138.496;25327.75;;25327.75;2;BID;;;;;
20251107;075138.496;25327.75;;25327.75;1;BID;;;;;
20251107;075138.532;25328.00;;25328.00;1;BID;;;;;
20251107;075138.532;;25329.00;25329.00;1;ASK;;;;;
20251107;075138.532;;25329.00;25329.00;2;ASK;;;;;
20251107;075138.532;;25328.75;25328.75;1;ASK;;;;;
20251107;075138.584;25327.75;;25327.75;1;BID;;;;;
20251107;075139.116;25328.00;;25328.00;1;BID;;;;;
20251107;075139.116;;25329.00;25329.00;2;ASK;;;;;
20251107;075139.168;25327.75;;25327.75;1;BID;;;;;
20251107;075139.168;;25328.75;25328.75;1;ASK;;;;;
20251107;075139.176;;25329.00;25329.00;2;ASK;;;;;
20251107;075139.176;25328.00;;25328.00;1;BID;;;;;
20251107;075139.176;;25329.00;25329.00;1;ASK;;;;;
20251107;075139.176;;25329.25;25329.25;2;ASK;;;;;
20251107;075139.176;;25329.25;25329.25;1;ASK;;;;;
20251107;075139.176;;25329.50;25329.50;2;ASK;;;;;
20251107;075139.176;25328.00;;25328.00;2;BID;;;;;
20251107;075139.176;25328.25;;25328.25;1;BID;;;;;
20251107;075139.176;;25329.50;25329.50;1;ASK;;;;;
20251107;075139.176;;25329.50;25329.50;2;ASK;;;;;
20251107;075139.176;;25329.25;25329.25;1;ASK;;;;;
20251107;075139.184;25328.50;;25328.50;1;BID;;;;;
20251107;075139.184;;25329.50;25329.50;2;ASK;;;;;
20251107;075139.184;25328.25;;25328.25;1;BID;;;;;
20251107;075139.184;;25329.25;25329.25;1;ASK;;;;;
20251107;075139.784;25328.00;;25328.00;3;BID;;;;;
20251107;075139.784;25328.00;;25328.00;2;BID;;;;;
20251107;075139.784;25328.25;;25328.25;1;BID;;;;;
20251107;075139.784;;25329.25;25329.25;1;ASK;;;;;
20251107;075139.784;;25329.50;25329.50;1;ASK;;;;;
20251107;075139.784;;25329.50;25329.50;1;ASK;;;;;
20251107;075139.784;25328.50;;25328.50;1;BID;;;;;
20251107;075139.784;;25329.75;25329.75;2;ASK;;;;;
20251107;075139.784;25328.50;;25328.50;2;BID;;;;;
20251107;075139.784;25328.75;;25328.75;1;BID;;;;;
20251107;075139.784;25328.50;;25328.50;1;BID;;;;;
20251107;075139.788;;25329.50;25329.50;1;ASK;;;;;
20251107;075139.788;;25329.75;25329.75;2;ASK;;;;;
20251107;075139.808;25328.50;;25328.50;2;BID;;;;;
20251107;075139.808;25328.75;;25328.75;1;BID;;;;;
20251107;075139.808;;25329.75;25329.75;1;ASK;;;;;
20251107;075139.808;;25330.00;25330.00;1;ASK;;;;;
20251107;075139.808;;25330.25;25330.25;2;ASK;;;;;
20251107;075139.808;;25330.25;25330.25;3;ASK;;;;;
20251107;075139.808;;25330.25;25330.25;2;ASK;;;;;
20251107;075139.808;;25330.25;25330.25;1;ASK;;;;;
20251107;075139.808;;25330.50;25330.50;2;ASK;;;;;
20251107;075139.808;25329.00;;25329.00;1;BID;;;;;
20251107;075139.808;;25330.50;25330.50;3;ASK;;;;;
20251107;075139.808;25329.25;;25329.25;1;BID;;;;;
20251107;075139.808;;25330.50;25330.50;2;ASK;;;;;
20251107;075139.808;;25330.25;25330.25;1;ASK;;;;;
20251107;075139.808;;25330.25;25330.25;2;ASK;;;;;
20251107;075139.808;25329.00;;25329.00;1;BID;;;;;
20251107;075139.860;;25330.00;25330.00;1;ASK;;;;;
20251107;075139.864;;25330.25;25330.25;2;ASK;;;;;
20251107;075140.992;;25330.00;25330.00;1;ASK;;;;;
20251107;075140.992;25328.75;;25328.75;2;BID;;;;;
20251107;075140.992;25328.75;;25328.75;1;BID;;;;;
20251107;075140.992;;25330.00;25330.00;2;ASK;;;;;
20251107;075140.992;;25329.75;25329.75;1;ASK;;;;;
20251107;075140.992;25329.00;;25329.00;1;BID;;;;;
20251107;075140.992;;25330.00;25330.00;2;ASK;;;;;
20251107;075140.992;25328.75;;25328.75;1;BID;;;;;
20251107;075140.996;25329.00;;25329.00;1;BID;;;;;
20251107;075141.340;;25329.75;25329.75;1;ASK;;;;;
20251107;075141.340;25328.75;;25328.75;1;BID;;;;;
20251107;075141.340;;25330.00;25330.00;2;ASK;;;;;
20251107;075141.340;;25329.75;25329.75;1;ASK;;;;;
20251107;075141.340;25328.50;;25328.50;1;BID;;;;;
20251107;075141.352;25328.50;;25328.50;2;BID;;;;;
20251107;075141.352;25328.75;;25328.75;1;BID;;;;;
20251107;075141.352;;25330.00;25330.00;2;ASK;;;;;
20251107;075141.536;;25329.75;25329.75;1;ASK;;;;;
20251107;075141.536;25328.50;;25328.50;1;BID;;;;;
20251107;075141.536;;25329.75;25329.75;2;ASK;;;;;
20251107;075141.536;;25329.50;25329.50;1;ASK;;;;;
20251107;075141.552;;25329.75;25329.75;2;ASK;;;;;
20251107;075141.552;25328.50;;25328.50;2;BID;;;;;
20251107;075141.552;25328.75;;25328.75;1;BID;;;;;
20251107;075141.676;25328.50;;25328.50;1;BID;;;;;
20251107;075141.704;25328.75;;25328.75;1;BID;;;;;
20251107;075143.484;25328.50;;25328.50;1;BID;;;;;
20251107;075143.484;;25329.50;25329.50;1;ASK;;;;;
20251107;075144.180;;25329.50;25329.50;1;ASK;;;;;
20251107;075144.180;;25329.75;25329.75;2;ASK;;;;;
20251107;075144.180;;25329.75;25329.75;1;ASK;;;;;
20251107;075144.180;25328.75;;25328.75;1;BID;;;;;
20251107;075144.180;;25330.00;25330.00;3;ASK;;;;;
20251107;075144.180;25328.75;;25328.75;2;BID;;;;;
20251107;075144.180;;25330.00;25330.00;2;ASK;;;;;
20251107;075144.180;;25330.00;25330.00;1;ASK;;;;;
20251107;075144.180;25329.00;;25329.00;1;BID;;;;;
20251107;075144.180;;25330.25;25330.25;1;ASK;;;;;
20251107;075144.180;;25330.25;25330.25;2;ASK;;;;;
20251107;075144.180;;25330.00;25330.00;1;ASK;;;;;
20251107;075144.180;25328.75;;25328.75;2;BID;;;;;
20251107;075144.180;;25330.00;25330.00;2;ASK;;;;;
20251107;075144.180;;25329.75;25329.75;1;ASK;;;;;
20251107;075144.180;25328.75;;25328.75;1;BID;;;;;
20251107;075144.236;;25330.00;25330.00;2;ASK;;;;;
20251107;075144.700;25329.00;;25329.00;1;BID;;;;;
20251107;075144.860;;25329.75;25329.75;1;ASK;;;;;
20251107;075144.860;25328.50;;25328.50;2;BID;;;;;
20251107;075144.864;25328.75;;25328.75;1;BID;;;;;
20251107;075144.864;;25330.00;25330.00;2;ASK;;;;;
20251107;075148.020;25329.00;;25329.00;1;BID;;;;;
20251107;075148.200;25328.75;;25328.75;1;BID;;;;;
20251107;075148.200;;25329.75;25329.75;1;ASK;;;;;
20251107;075148.520;;25330.00;25330.00;2;ASK;;;;;
20251107;075150.296;;25330.00;25330.00;3;ASK;;;;;
20251107;075150.296;;25329.75;25329.75;1;ASK;;;;;
20251107;075150.296;25328.50;;25328.50;2;BID;;;;;
20251107;075150.328;;25329.75;25329.75;2;ASK;;;;;
20251107;075150.328;;25329.50;25329.50;1;ASK;;;;;
20251107;075150.328;25328.75;;25328.75;1;BID;;;;;
20251107;075150.328;;25329.75;25329.75;2;ASK;;;;;
20251107;075150.328;25328.50;;25328.50;2;BID;;;;;
20251107;075150.328;;25329.75;25329.75;1;ASK;;;;;
20251107;075150.328;25328.50;;25328.50;1;BID;;;;;
20251107;075150.328;25328.75;;25328.75;1;BID;;;;;
20251107;075150.580;;25329.75;25329.75;2;ASK;;;;;
20251107;075150.580;25328.50;;25328.50;1;BID;;;;;
20251107;075150.580;;25329.75;25329.75;1;ASK;;;;;
20251107;075150.580;;25329.50;25329.50;1;ASK;;;;;
20251107;075151.212;25328.75;;25328.75;1;BID;;;;;
20251107;075151.212;;25329.75;25329.75;1;ASK;;;;;
20251107;075151.700;;25329.75;25329.75;2;ASK;;;;;
20251107;075151.700;25328.50;;25328.50;1;BID;;;;;
20251107;075151.700;25328.50;;25328.50;2;BID;;;;;
20251107;075151.700;;25329.75;25329.75;1;ASK;;;;;
20251107;075151.756;25328.75;;25328.75;1;BID;;;;;
20251107;075151.784;;25329.75;25329.75;2;ASK;;;;;
20251107;075151.784;25328.50;;25328.50;1;BID;;;;;
20251107;075151.784;;25329.75;25329.75;1;ASK;;;;;
20251107;075151.792;;25329.75;25329.75;2;ASK;;;;;
20251107;075151.792;;25329.50;25329.50;1;ASK;;;;;
20251107;075151.792;;25329.75;25329.75;1;ASK;;;;;
20251107;075151.892;25328.75;;25328.75;1;BID;;;;;
20251107;075153.240;;25329.50;25329.50;1;ASK;;;;;
20251107;075153.240;25328.50;;25328.50;1;BID;;;;;
20251107;075153.240;25328.25;;25328.25;2;BID;;;;;
20251107;075153.240;;25329.25;25329.25;1;ASK;;;;;
20251107;075153.240;25328.25;;25328.25;1;BID;;;;;
20251107;075153.240;;25329.00;25329.00;1;ASK;;;;;
20251107;075153.240;25328.00;;25328.00;2;BID;;;;;
20251107;075153.240;25328.00;;25328.00;1;BID;;;;;
20251107;075153.240;25327.75;;25327.75;2;BID;;;;;
20251107;075153.244;25327.75;;25327.75;1;BID;;;;;
20251107;075153.244;;25329.25;25329.25;4;ASK;;;;;
20251107;075153.244;25327.50;;25327.50;2;BID;;;;;
20251107;075153.244;25328.00;;25328.00;1;BID;;;;;
20251107;075153.244;;25329.25;25329.25;5;ASK;;;;;
20251107;075153.244;;25329.25;25329.25;4;ASK;;;;;
20251107;075153.244;;25329.00;25329.00;1;ASK;;;;;
20251107;075153.268;25328.25;;25328.25;1;BID;;;;;
20251107;075153.268;;25329.25;25329.25;4;ASK;;;;;
20251107;075153.268;;25329.25;25329.25;3;ASK;;;;;
20251107;075153.268;;25329.00;25329.00;1;ASK;;;;;
20251107;075153.320;25328.00;;25328.00;1;BID;;;;;
20251107;075153.320;25327.50;;25327.50;3;BID;;;;;
20251107;075153.320;25327.50;;25327.50;2;BID;;;;;
20251107;075153.320;25327.75;;25327.75;1;BID;;;;;
20251107;075153.372;25328.00;;25328.00;1;BID;;;;;
20251107;075153.372;;25328.75;25328.75;1;ASK;;;;;
20251107;075153.396;;25329.00;25329.00;1;ASK;;;;;
20251107;075153.396;;25329.00;25329.00;2;ASK;;;;;
20251107;075153.396;;25329.00;25329.00;3;ASK;;;;;
20251107;075153.396;;25329.00;25329.00;4;ASK;;;;;
20251107;075153.396;;25328.75;25328.75;1;ASK;;;;;
20251107;075153.396;25327.75;;25327.75;1;BID;;;;;
20251107;075153.396;;25329.00;25329.00;4;ASK;;;;;
20251107;075154.540;;25329.00;25329.00;5;ASK;;;;;
20251107;075154.540;;25328.75;25328.75;1;ASK;;;;;
20251107;075154.540;25327.75;;25327.75;1;BID;;;;;
20251107;075154.540;25327.50;;25327.50;2;BID;;;;;
20251107;075154.540;25327.50;;25327.50;1;BID;;;;;
20251107;075154.540;;25328.75;25328.75;2;ASK;;;;;
20251107;075154.540;;25328.50;25328.50;1;ASK;;;;;
20251107;075154.540;25327.50;;25327.50;1;BID;;;;;
20251107;075154.540;25327.25;;25327.25;2;BID;;;;;
20251107;075154.540;25327.25;;25327.25;1;BID;;;;;
20251107;075154.540;;25328.50;25328.50;2;ASK;;;;;
20251107;075154.540;;25328.50;25328.50;3;ASK;;;;;
20251107;075154.540;;25328.50;25328.50;4;ASK;;;;;
20251107;075154.540;;25328.50;25328.50;5;ASK;;;;;
20251107;075154.540;;25328.25;25328.25;1;ASK;;;;;
20251107;075154.540;25326.75;;25326.75;2;BID;;;;;
20251107;075154.540;;25328.25;25328.25;2;ASK;;;;;
20251107;075154.544;;25328.00;25328.00;1;ASK;;;;;
20251107;075154.544;25327.00;;25327.00;1;BID;;;;;
20251107;075154.544;;25328.25;25328.25;2;ASK;;;;;
20251107;075154.544;;25328.25;25328.25;3;ASK;;;;;
20251107;075154.544;25326.75;;25326.75;2;BID;;;;;
20251107;075154.544;;25328.00;25328.00;1;ASK;;;;;
20251107;075154.548;;25328.00;25328.00;2;ASK;;;;;
20251107;075154.556;25326.75;;25326.75;1;BID;;;;;
20251107;075154.556;;25327.75;25327.75;1;ASK;;;;;
20251107;075154.556;25326.75;;25326.75;2;BID;;;;;
20251107;075154.556;25327.00;;25327.00;1;BID;;;;;
20251107;075154.556;;25328.00;25328.00;2;ASK;;;;;
20251107;075154.556;;25328.00;25328.00;1;ASK;;;;;
20251107;075154.556;;25328.25;25328.25;3;ASK;;;;;
20251107;075154.556;;25328.25;25328.25;2;ASK;;;;;
20251107;075154.556;;25328.00;25328.00;1;ASK;;;;;
20251107;075154.556;25326.75;;25326.75;2;BID;;;;;
20251107;075154.596;;25327.75;25327.75;1;ASK;;;;;
20251107;075154.596;25326.75;;25326.75;1;BID;;;;;
20251107;075154.668;;25328.00;25328.00;1;ASK;;;;;
20251107;075154.668;25327.00;;25327.00;1;BID;;;;;
20251107;075154.668;25326.50;;25326.50;3;BID;;;;;
20251107;075154.668;25326.50;;25326.50;2;BID;;;;;
20251107;075154.668;25326.75;;25326.75;1;BID;;;;;
20251107;075154.668;25326.75;;25326.75;2;BID;;;;;
20251107;075154.668;25327.00;;25327.00;1;BID;;;;;
20251107;075154.856;;25328.25;25328.25;3;ASK;;;;;
20251107;075154.856;25327.25;;25327.25;1;BID;;;;;
20251107;075154.856;;25328.25;25328.25;2;ASK;;;;;
20251107;075154.856;;25328.25;25328.25;1;ASK;;;;;
20251107;075154.856;;25328.50;25328.50;3;ASK;;;;;
20251107;075154.856;;25328.25;25328.25;1;ASK;;;;;
20251107;075154.856;25327.00;;25327.00;1;BID;;;;;
20251107;075154.904;25327.25;;25327.25;1;BID;;;;;
20251107;075154.904;;25328.50;25328.50;3;ASK;;;;;
20251107;075154.932;;25328.25;25328.25;1;ASK;;;;;
20251107;075154.932;25327.00;;25327.00;1;BID;;;;;
20251107;075155.000;;25328.00;25328.00;1;ASK;;;;;
20251107;075155.008;;25328.50;25328.50;4;ASK;;;;;
20251107;075155.008;;25328.50;25328.50;3;ASK;;;;;
20251107;075155.008;25327.25;;25327.25;1;BID;;;;;
20251107;075155.008;;25328.25;25328.25;1;ASK;;;;;
20251107;075155.008;25327.00;;25327.00;1;BID;;;;;
20251107;075155.460;;25328.25;25328.25;2;ASK;;;;;
20251107;075155.460;;25328.00;25328.00;1;ASK;;;;;
20251107;075155.460;;25328.25;25328.25;2;ASK;;;;;
20251107;075155.460;;25328.25;25328.25;1;ASK;;;;;
20251107;075155.492;25327.00;;25327.00;1;BID;;;;;
20251107;075155.492;25326.75;;25326.75;4;BID;;;;;
20251107;075155.492;;25328.00;25328.00;1;ASK;;;;;
20251107;075155.492;25326.75;;25326.75;3;BID;;;;;
20251107;075155.492;;25328.00;25328.00;2;ASK;;;;;
20251107;075155.500;25327.00;;25327.00;1;BID;;;;;
20251107;075155.500;;25328.00;25328.00;1;ASK;;;;;
20251107;075155.500;;25328.25;25328.25;2;ASK;;;;;
20251107;075155.552;;25328.00;25328.00;1;ASK;;;;;
20251107;075155.552;25326.75;;25326.75;3;BID;;;;;
20251107;075156.712;25326.75;;25326.75;4;BID;;;;;
20251107;075156.712;25327.00;;25327.00;1;BID;;;;;
20251107;075156.712;;25328.25;25328.25;2;ASK;;;;;
20251107;075156.712;25327.00;;25327.00;2;BID;;;;;
20251107;075156.716;25327.25;;25327.25;1;BID;;;;;
20251107;075156.716;25327.00;;25327.00;2;BID;;;;;
20251107;075156.804;25327.25;;25327.25;1;BID;;;;;
20251107;075157.164;;25328.25;25328.25;1;ASK;;;;;
20251107;075157.164;25327.00;;25327.00;2;BID;;;;;
20251107;075157.164;;25328.00;25328.00;1;ASK;;;;;
20251107;075157.164;25327.00;;25327.00;1;BID;;;;;
20251107;075157.176;;25328.25;25328.25;1;ASK;;;;;
20251107;075157.200;;25328.00;25328.00;1;ASK;;;;;
20251107;075157.256;;25328.25;25328.25;1;ASK;;;;;
20251107;075157.304;;25328.00;25328.00;1;ASK;;;;;
20251107;075157.360;;25328.25;25328.25;1;ASK;;;;;
20251107;075158.280;25327.25;;25327.25;1;BID;;;;;
20251107;075158.280;;25328.50;25328.50;4;ASK;;;;;
20251107;075158.280;;25328.50;25328.50;3;ASK;;;;;
20251107;075158.280;25327.50;;25327.50;1;BID;;;;;
20251107;075158.280;;25328.50;25328.50;2;ASK;;;;;
20251107;075158.280;25327.25;;25327.25;1;BID;;;;;
20251107;075158.280;;25328.50;25328.50;1;ASK;;;;;
20251107;075158.280;;25328.75;25328.75;1;ASK;;;;;
20251107;075158.280;;25329.00;25329.00;2;ASK;;;;;
20251107;075158.280;25327.50;;25327.50;1;BID;;;;;
20251107;075158.280;;25329.00;25329.00;3;ASK;;;;;
20251107;075158.280;;25328.75;25328.75;1;ASK;;;;;
20251107;075158.280;;25328.75;25328.75;2;ASK;;;;;
20251107;075158.280;25327.25;;25327.25;1;BID;;;;;
20251107;075158.280;25327.00;;25327.00;1;BID;;;;;
20251107;075158.280;;25328.75;25328.75;3;ASK;;;;;
20251107;075158.280;;25328.50;25328.50;1;ASK;;;;;
20251107;075158.284;25327.25;;25327.25;1;BID;;;;;
