date;time;bid;ask;price;volume;side;shape;order_type;entry_price;exit_price;exit_tag
20251031;050638.888;;26198.50;26198.50;4;ASK;;;;;
20251031;050638.888;26197.50;;26197.50;5;BID;;;;;
20251031;050638.888;26197.50;;26197.50;4;BID;;;;;
20251031;050638.888;26197.50;;26197.50;3;BID;;;;;
20251031;050638.888;;26198.50;26198.50;3;ASK;;;;;
20251031;050638.888;;26198.50;26198.50;2;ASK;;;;;
20251031;050639.044;;26198.50;26198.50;3;ASK;;;;;
20251031;050639.044;;26198.25;26198.25;1;ASK;;;;;
20251031;050639.044;26197.50;;26197.50;2;BID;;;;;
20251031;050639.044;;26198.25;26198.25;2;ASK;;;;;
20251031;050639.044;26197.50;;26197.50;1;BID;;;;;
20251031;050639.044;26197.50;;26197.50;1;BID;;;;;
20251031;050639.044;26197.50;;26197.50;1;BID;;;;;
20251031;050639.044;26197.25;;26197.25;4;BID;;;;;
20251031;050639.044;26197.25;;26197.25;3;BID;;;;;
20251031;050639.044;26197.25;;26197.25;2;BID;;;;;
20251031;050639.044;;26198.25;26198.25;3;ASK;;;;;
20251031;050639.044;26197.25;;26197.25;1;BID;;;;;
20251031;050639.044;26197.00;;26197.00;6;BID;;;;;
20251031;050639.044;;26198.00;26198.00;1;ASK;;;;;
20251031;050639.044;26197.00;;26197.00;5;BID;;;;;
20251031;050639.044;26197.00;;26197.00;4;BID;;;;;
20251031;050639.044;;26198.00;26198.00;2;ASK;;;;;
20251031;050639.044;26197.00;;26197.00;3;BID;;;;;
20251031;050639.044;;26198.00;26198.00;3;ASK;;;;;
20251031;050639.044;;26198.00;26198.00;4;ASK;;;;;
20251031;050639.048;;26197.75;26197.75;1;ASK;;;;;
20251031;050639.048;;26197.75;26197.75;2;ASK;;;;;
20251031;050639.048;;26197.75;26197.75;3;ASK;;;;;
20251031;050639.084;26197.00;;26197.00;2;BID;;;;;
20251031;050639.084;;26197.75;26197.75;4;ASK;;;;;
20251031;050639.116;;26197.75;26197.75;1;ASK;;;;;
20251031;050639.116;;26197.75;26197.75;3;ASK;;;;;
20251031;050639.116;;26197.75;26197.75;2;ASK;;;;;
20251031;050639.120;26197.00;;26197.00;3;BID;;;;;
20251031;050639.120;26197.00;;26197.00;2;BID;;;;;
20251031;050639.888;26197.00;;26197.00;1;BID;;;;;
20251031;050639.888;26197.00;;26197.00;1;BID;;;;;
20251031;050639.888;;26197.75;26197.75;3;ASK;;;;;
20251031;050639.912;;26197.75;26197.75;2;ASK;;;;;
20251031;050641.260;;26197.75;26197.75;1;ASK;;;;;
20251031;050641.260;26197.00;;26197.00;2;BID;;;;;
20251031;050641.260;;26198.00;26198.00;3;ASK;;;;;
20251031;050641.260;26197.25;;26197.25;1;BID;;;;;
20251031;050641.260;26197.25;;26197.25;2;BID;;;;;
20251031;050641.260;;26198.00;26198.00;2;ASK;;;;;
20251031;050641.260;26197.25;;26197.25;1;BID;;;;;
20251031;050641.264;26197.00;;26197.00;2;BID;;;;;
20251031;050641.264;26197.00;;26197.00;1;BID;;;;;
20251031;050642.028;26197.00;;26197.00;2;BID;;;;;
20251031;050642.028;26197.25;;26197.25;1;BID;;;;;
20251031;050642.396;;26198.00;26198.00;3;ASK;;;;;
20251031;050642.396;26197.00;;26197.00;1;BID;;;;;
20251031;050642.396;;26198.00;26198.00;2;ASK;;;;;
20251031;050642.396;26197.00;;26197.00;2;BID;;;;;
20251031;050642.400;;26198.00;26198.00;3;ASK;;;;;
20251031;050642.400;26197.00;;26197.00;1;BID;;;;;
20251031;050642.400;;26197.75;26197.75;1;ASK;;;;;
20251031;050642.400;;26197.75;26197.75;2;ASK;;;;;
20251031;050642.400;;26197.75;26197.75;3;ASK;;;;;
20251031;050642.476;26197.00;;26197.00;1;BID;;;;;
20251031;050642.476;26196.75;;26196.75;2;BID;;;;;
20251031;050642.476;26196.75;;26196.75;1;BID;;;;;
20251031;050642.480;26196.50;;26196.50;4;BID;;;;;
20251031;050642.480;;26197.75;26197.75;4;ASK;;;;;
20251031;050642.480;;26197.50;26197.50;1;ASK;;;;;
20251031;050642.480;;26197.50;26197.50;2;ASK;;;;;
20251031;050642.480;;26197.50;26197.50;3;ASK;;;;;
20251031;050642.480;;26197.50;26197.50;4;ASK;;;;;
20251031;050643.368;26196.50;;26196.50;1;BID;;;;;
20251031;050643.368;26196.50;;26196.50;3;BID;;;;;
20251031;050643.368;26196.50;;26196.50;2;BID;;;;;
20251031;050643.368;;26197.25;26197.25;1;ASK;;;;;
20251031;050643.368;;26197.25;26197.25;2;ASK;;;;;
20251031;050643.368;;26197.25;26197.25;3;ASK;;;;;
20251031;050643.372;;26197.00;26197.00;1;ASK;;;;;
20251031;050643.372;;26197.25;26197.25;3;ASK;;;;;
20251031;050643.372;;26197.25;26197.25;2;ASK;;;;;
20251031;050643.472;;26197.25;26197.25;3;ASK;;;;;
20251031;050643.472;;26197.00;26197.00;1;ASK;;;;;
20251031;050643.476;;26197.25;26197.25;3;ASK;;;;;
20251031;050643.476;;26197.25;26197.25;2;ASK;;;;;
20251031;050643.476;26196.50;;26196.50;3;BID;;;;;
20251031;050643.492;26196.50;;26196.50;2;BID;;;;;
20251031;050643.512;26196.50;;26196.50;3;BID;;;;;
20251031;050643.560;26196.75;;26196.75;1;BID;;;;;
20251031;050643.560;;26197.25;26197.25;1;ASK;;;;;
20251031;050643.560;26196.75;;26196.75;2;BID;;;;;
20251031;050643.560;;26197.50;26197.50;4;ASK;;;;;
20251031;050643.560;;26197.50;26197.50;3;ASK;;;;;
20251031;050643.560;;26197.50;26197.50;2;ASK;;;;;
20251031;050643.560;;26197.50;26197.50;1;ASK;;;;;
20251031;050644.448;26196.75;;26196.75;1;BID;;;;;
20251031;050644.448;26196.75;;26196.75;1;BID;;;;;
20251031;050644.448;;26197.50;26197.50;2;ASK;;;;;
20251031;050644.448;26196.50;;26196.50;3;BID;;;;;
20251031;050644.452;;26197.25;26197.25;1;ASK;;;;;
20251031;050644.612;;26197.25;26197.25;2;ASK;;;;;
20251031;050644.612;26196.50;;26196.50;2;BID;;;;;
20251031;050645.008;26196.50;;26196.50;3;BID;;;;;
20251031;050645.008;26196.75;;26196.75;1;BID;;;;;
20251031;050645.008;;26197.25;26197.25;1;ASK;;;;;
20251031;050645.008;;26197.50;26197.50;1;ASK;;;;;
20251031;050646.872;26196.75;;26196.75;2;BID;;;;;
20251031;050646.872;;26197.75;26197.75;2;ASK;;;;;
20251031;050646.876;;26197.50;26197.50;1;ASK;;;;;
20251031;050646.876;;26197.50;26197.50;2;ASK;;;;;
20251031;050646.964;;26197.50;26197.50;1;ASK;;;;;
20251031;050647.972;;26197.50;26197.50;2;ASK;;;;;
20251031;050647.972;26196.75;;26196.75;1;BID;;;;;
20251031;050647.972;;26197.25;26197.25;1;ASK;;;;;
20251031;050647.972;26196.50;;26196.50;3;BID;;;;;
20251031;050647.972;26196.50;;26196.50;2;BID;;;;;
20251031;050648.020;26196.50;;26196.50;1;BID;;;;;
20251031;050648.020;26196.50;;26196.50;1;BID;;;;;
20251031;050648.020;;26197.00;26197.00;1;ASK;;;;;
20251031;050648.024;;26197.25;26197.25;3;ASK;;;;;
20251031;050648.024;;26197.00;26197.00;1;ASK;;;;;
20251031;050648.480;;26197.00;26197.00;2;ASK;;;;;
20251031;050648.480;;26196.75;26196.75;1;ASK;;;;;
20251031;050648.480;26196.50;;26196.50;1;BID;;;;;
20251031;050648.480;26196.00;;26196.00;3;BID;;;;;
20251031;050648.480;;26196.75;26196.75;1;ASK;;;;;
20251031;050648.480;;26197.00;26197.00;2;ASK;;;;;
20251031;050648.480;;26196.75;26196.75;1;ASK;;;;;
20251031;050648.480;;26197.00;26197.00;1;ASK;;;;;
20251031;050648.480;26196.25;;26196.25;1;BID;;;;;
20251031;050648.484;26196.25;;26196.25;2;BID;;;;;
20251031;050648.484;;26197.00;26197.00;2;ASK;;;;;
20251031;050648.484;26196.25;;26196.25;3;BID;;;;;
20251031;050648.484;26196.25;;26196.25;4;BID;;;;;
20251031;050648.484;;26197.00;26197.00;1;ASK;;;;;
20251031;050648.484;26196.50;;26196.50;1;BID;;;;;
20251031;050648.488;26196.25;;26196.25;5;BID;;;;;
20251031;050648.488;26196.25;;26196.25;4;BID;;;;;
20251031;050648.488;26196.25;;26196.25;3;BID;;;;;
20251031;050648.512;;26197.25;26197.25;4;ASK;;;;;
20251031;050648.512;;26197.25;26197.25;3;ASK;;;;;
20251031;050648.620;26196.50;;26196.50;1;BID;;;;;
20251031;050649.488;26196.25;;26196.25;3;BID;;;;;
20251031;050650.008;26196.50;;26196.50;1;BID;;;;;
20251031;050650.132;26196.25;;26196.25;3;BID;;;;;
20251031;050650.620;26196.50;;26196.50;1;BID;;;;;
20251031;050650.620;26196.25;;26196.25;3;BID;;;;;
20251031;050651.480;26196.50;;26196.50;1;BID;;;;;
20251031;050652.444;26196.25;;26196.25;3;BID;;;;;
20251031;050653.008;26196.50;;26196.50;1;BID;;;;;
20251031;050653.312;26196.25;;26196.25;3;BID;;;;;
20251031;050654.288;26196.75;;26196.75;4;BID;;;;;
20251031;050654.288;;26197.25;26197.25;2;ASK;;;;;
20251031;050654.288;;26197.25;26197.25;1;ASK;;;;;
20251031;050654.288;;26197.50;26197.50;2;ASK;;;;;
20251031;050654.288;;26197.50;26197.50;1;ASK;;;;;
20251031;050654.288;26196.75;;26196.75;5;BID;;;;;
20251031;050654.288;26197.00;;26197.00;1;BID;;;;;
20251031;050654.288;;26197.75;26197.75;2;ASK;;;;;
20251031;050654.292;;26197.75;26197.75;1;ASK;;;;;
20251031;050654.408;;26197.75;26197.75;2;ASK;;;;;
20251031;050654.468;;26197.75;26197.75;1;ASK;;;;;
20251031;050654.468;26197.25;;26197.25;1;BID;;;;;
20251031;050654.468;;26197.75;26197.75;1;ASK;;;;;
20251031;050654.468;;26198.00;26198.00;3;ASK;;;;;
20251031;050654.468;26197.25;;26197.25;2;BID;;;;;
20251031;050654.468;;26198.00;26198.00;2;ASK;;;;;
20251031;050654.468;26197.25;;26197.25;3;BID;;;;;
20251031;050654.468;;26198.00;26198.00;1;ASK;;;;;
20251031;050654.468;26197.25;;26197.25;4;BID;;;;;
20251031;050654.468;26197.50;;26197.50;1;BID;;;;;
20251031;050654.468;26197.50;;26197.50;2;BID;;;;;
20251031;050654.472;26197.50;;26197.50;1;BID;;;;;
20251031;050654.552;26197.75;;26197.75;1;BID;;;;;
20251031;050654.572;26197.50;;26197.50;1;BID;;;;;
20251031;050654.668;;26198.00;26198.00;1;ASK;;;;;
20251031;050654.668;;26198.25;26198.25;1;ASK;;;;;
20251031;050654.668;;26198.50;26198.50;4;ASK;;;;;
20251031;050654.668;26197.50;;26197.50;2;BID;;;;;
20251031;050654.668;26197.75;;26197.75;1;BID;;;;;
20251031;050654.668;;26198.50;26198.50;3;ASK;;;;;
20251031;050654.668;;26198.50;26198.50;2;ASK;;;;;
20251031;050654.668;;26198.50;26198.50;1;ASK;;;;;
20251031;050654.668;26197.75;;26197.75;2;BID;;;;;
20251031;050654.672;26198.00;;26198.00;1;BID;;;;;
20251031;050654.884;26197.75;;26197.75;3;BID;;;;;
20251031;050654.884;26197.75;;26197.75;2;BID;;;;;
20251031;050654.892;26197.75;;26197.75;1;BID;;;;;
20251031;050656.012;26197.75;;26197.75;2;BID;;;;;
20251031;050656.012;26198.00;;26198.00;1;BID;;;;;
20251031;050656.012;26198.00;;26198.00;2;BID;;;;;
20251031;050656.012;26198.00;;26198.00;1;BID;;;;;
20251031;050656.016;26197.75;;26197.75;2;BID;;;;;
20251031;050656.016;26197.75;;26197.75;1;BID;;;;;
20251031;050656.016;;26198.50;26198.50;2;ASK;;;;;
20251031;050656.164;;26198.50;26198.50;1;ASK;;;;;
20251031;050657.440;26197.75;;26197.75;1;BID;;;;;
20251031;050657.440;26197.50;;26197.50;5;BID;;;;;
20251031;050657.440;;26198.50;26198.50;2;ASK;;;;;
20251031;050657.440;26197.50;;26197.50;4;BID;;;;;
20251031;050657.440;26197.50;;26197.50;3;BID;;;;;
20251031;050657.440;;26198.50;26198.50;3;ASK;;;;;
20251031;050657.440;;26198.50;26198.50;4;ASK;;;;;
20251031;050657.440;;26198.50;26198.50;5;ASK;;;;;
20251031;050657.444;;26198.25;26198.25;1;ASK;;;;;
20251031;050657.444;26197.50;;26197.50;2;BID;;;;;
20251031;050657.444;26197.50;;26197.50;1;BID;;;;;
20251031;050657.444;26197.50;;26197.50;2;BID;;;;;
20251031;050657.512;26197.50;;26197.50;1;BID;;;;;
20251031;050658.288;26197.25;;26197.25;5;BID;;;;;
20251031;050658.288;26197.25;;26197.25;4;BID;;;;;
20251031;050658.292;26197.50;;26197.50;1;BID;;;;;
20251031;050658.312;;26198.25;26198.25;2;ASK;;;;;
20251031;050658.312;;26198.25;26198.25;3;ASK;;;;;
20251031;050658.312;;26198.00;26198.00;1;ASK;;;;;
20251031;050658.312;26197.25;;26197.25;5;BID;;;;;
20251031;050658.312;26197.25;;26197.25;4;BID;;;;;
20251031;050658.312;26197.25;;26197.25;3;BID;;;;;
20251031;050658.312;26197.25;;26197.25;2;BID;;;;;
20251031;050658.312;26197.25;;26197.25;1;BID;;;;;
20251031;050700.576;;26198.00;26198.00;2;ASK;;;;;
20251031;050700.576;;26197.75;26197.75;1;ASK;;;;;
20251031;050700.576;26197.00;;26197.00;4;BID;;;;;
20251031;050700.576;26197.00;;26197.00;3;BID;;;;;
20251031;050701.468;;26197.75;26197.75;2;ASK;;;;;
20251031;050701.468;26197.00;;26197.00;2;BID;;;;;
20251031;050701.468;26197.00;;26197.00;1;BID;;;;;
20251031;050701.468;;26197.50;26197.50;1;ASK;;;;;
20251031;050701.468;26196.75;;26196.75;4;BID;;;;;
20251031;050701.468;;26197.50;26197.50;2;ASK;;;;;
20251031;050701.472;26197.00;;26197.00;1;BID;;;;;
20251031;050701.472;;26197.50;26197.50;1;ASK;;;;;
20251031;050701.472;;26197.75;26197.75;2;ASK;;;;;
20251031;050701.472;;26197.75;26197.75;3;ASK;;;;;
20251031;050701.472;26197.00;;26197.00;1;BID;;;;;
20251031;050701.472;26196.75;;26196.75;1;BID;;;;;
20251031;050701.472;26196.75;;26196.75;3;BID;;;;;
20251031;050701.472;;26197.50;26197.50;1;ASK;;;;;
20251031;050701.472;;26197.50;26197.50;2;ASK;;;;;
20251031;050701.472;;26197.50;26197.50;3;ASK;;;;;
20251031;050701.472;;26197.50;26197.50;4;ASK;;;;;
20251031;050701.472;;26197.50;26197.50;3;ASK;;;;;
20251031;050701.476;;26197.50;26197.50;2;ASK;;;;;
20251031;050701.476;26196.75;;26196.75;3;BID;;;;;
20251031;050701.476;26196.25;;26196.25;4;BID;;;;;
20251031;050701.476;;26197.50;26197.50;3;ASK;;;;;
20251031;050701.476;;26197.25;26197.25;1;ASK;;;;;
20251031;050701.476;26196.25;;26196.25;3;BID;;;;;
20251031;050701.476;26196.50;;26196.50;1;BID;;;;;
20251031;050701.476;;26197.25;26197.25;2;ASK;;;;;
20251031;050701.476;26196.50;;26196.50;2;BID;;;;;
20251031;050701.476;26196.50;;26196.50;3;BID;;;;;
20251031;050701.476;;26197.25;26197.25;1;ASK;;;;;
20251031;050701.476;;26197.50;26197.50;2;ASK;;;;;
20251031;050701.476;26196.50;;26196.50;4;BID;;;;;
20251031;050701.476;26196.75;;26196.75;1;BID;;;;;
20251031;050701.476;;26197.50;26197.50;1;ASK;;;;;
20251031;050701.476;26196.75;;26196.75;2;BID;;;;;
20251031;050701.476;;26197.75;26197.75;2;ASK;;;;;
20251031;050701.508;;26197.50;26197.50;1;ASK;;;;;
20251031;050701.508;;26197.50;26197.50;2;ASK;;;;;
20251031;050701.508;26196.75;;26196.75;1;BID;;;;;
20251031;050701.508;26196.50;;26196.50;4;BID;;;;;
20251031;050701.508;26196.50;;26196.50;3;BID;;;;;
20251031;050701.508;;26197.25;26197.25;1;ASK;;;;;
20251031;050701.508;26196.50;;26196.50;2;BID;;;;;
20251031;050701.684;26196.50;;26196.50;1;BID;;;;;
20251031;050703.012;26196.25;;26196.25;4;BID;;;;;
20251031;050703.012;26196.25;;26196.25;3;BID;;;;;
20251031;050703.012;;26197.25;26197.25;2;ASK;;;;;
20251031;050703.012;;26197.00;26197.00;1;ASK;;;;;
20251031;050703.376;26196.25;;26196.25;2;BID;;;;;
20251031;050703.704;26196.50;;26196.50;1;BID;;;;;
20251031;050703.704;;26197.25;26197.25;2;ASK;;;;;
20251031;050703.820;;26197.25;26197.25;1;ASK;;;;;
20251031;050703.820;;26197.25;26197.25;1;ASK;;;;;
20251031;050703.820;26196.50;;26196.50;2;BID;;;;;
20251031;050703.820;26196.75;;26196.75;1;BID;;;;;
20251031;050703.820;;26197.50;26197.50;3;ASK;;;;;
20251031;050703.824;;26197.50;26197.50;2;ASK;;;;;
20251031;050703.824;;26197.25;26197.25;1;ASK;;;;;
20251031;050703.824;26196.50;;26196.50;2;BID;;;;;
20251031;050703.824;26196.50;;26196.50;1;BID;;;;;
20251031;050704.060;26196.50;;26196.50;2;BID;;;;;
20251031;050704.060;;26197.25;26197.25;2;ASK;;;;;
20251031;050706.648;;26197.25;26197.25;1;ASK;;;;;
20251031;050707.332;26196.50;;26196.50;3;BID;;;;;
20251031;050707.332;26196.75;;26196.75;1;BID;;;;;
20251031;050707.332;;26197.50;26197.50;1;ASK;;;;;
20251031;050707.336;;26197.50;26197.50;2;ASK;;;;;
20251031;050707.612;26196.75;;26196.75;2;BID;;;;;
20251031;050710.320;26196.75;;26196.75;1;BID;;;;;
20251031;050710.724;26196.75;;26196.75;2;BID;;;;;
20251031;050710.724;;26197.50;26197.50;1;ASK;;;;;
20251031;050710.724;;26197.75;26197.75;3;ASK;;;;;
20251031;050710.724;;26197.75;26197.75;2;ASK;;;;;
20251031;050710.724;;26197.75;26197.75;1;ASK;;;;;
20251031;050710.724;26197.00;;26197.00;1;BID;;;;;
20251031;050710.832;;26197.75;26197.75;2;ASK;;;;;
20251031;050711.520;26197.25;;26197.25;1;BID;;;;;
20251031;050711.520;;26197.75;26197.75;1;ASK;;;;;
20251031;050711.524;;26198.00;26198.00;2;ASK;;;;;
20251031;050711.524;;26198.00;26198.00;1;ASK;;;;;
20251031;050711.524;26197.50;;26197.50;1;BID;;;;;
20251031;050711.524;26197.25;;26197.25;2;BID;;;;;
20251031;050711.524;26197.50;;26197.50;1;BID;;;;;
20251031;050711.524;26197.25;;26197.25;2;BID;;;;;
20251031;050711.536;26197.50;;26197.50;1;BID;;;;;
20251031;050711.536;26197.25;;26197.25;2;BID;;;;;
20251031;050711.536;26197.25;;26197.25;1;BID;;;;;
20251031;050711.540;;26197.75;26197.75;1;ASK;;;;;
20251031;050711.540;26197.00;;26197.00;3;BID;;;;;
20251031;050711.540;26197.00;;26197.00;2;BID;;;;;
20251031;050711.544;26197.25;;26197.25;1;BID;;;;;
20251031;050711.544;;26198.00;26198.00;1;ASK;;;;;
20251031;050711.624;26197.50;;26197.50;1;BID;;;;;
20251031;050711.908;26197.50;;26197.50;2;BID;;;;;
20251031;050711.916;;26198.00;26198.00;1;ASK;;;;;
20251031;050711.916;;26198.25;26198.25;2;ASK;;;;;
20251031;050711.916;26197.50;;26197.50;3;BID;;;;;
20251031;050711.916;26197.75;;26197.75;1;BID;;;;;
20251031;050711.916;26197.75;;26197.75;2;BID;;;;;
20251031;050711.916;;26198.25;26198.25;1;ASK;;;;;
20251031;050711.916;26197.75;;26197.75;3;BID;;;;;
20251031;050712.028;;26198.25;26198.25;2;ASK;;;;;
20251031;050712.028;26197.75;;26197.75;2;BID;;;;;
20251031;050712.028;26197.75;;26197.75;1;BID;;;;;
20251031;050712.028;26197.50;;26197.50;4;BID;;;;;
20251031;050712.028;26197.50;;26197.50;3;BID;;;;;
20251031;050712.028;26197.50;;26197.50;2;BID;;;;;
20251031;050712.028;26197.75;;26197.75;1;BID;;;;;
20251031;050712.636;;26198.25;26198.25;1;ASK;;;;;
20251031;050712.796;26197.75;;26197.75;2;BID;;;;;
20251031;050712.796;26198.00;;26198.00;1;BID;;;;;
20251031;050712.796;;26198.25;26198.25;1;ASK;;;;;
20251031;050712.796;;26198.75;26198.75;2;ASK;;;;;
20251031;050712.796;26198.00;;26198.00;2;BID;;;;;
20251031;050712.796;;26198.75;26198.75;1;ASK;;;;;
20251031;050712.796;;26199.00;26199.00;3;ASK;;;;;
20251031;050712.796;;26198.75;26198.75;1;ASK;;;;;
20251031;050713.884;26198.00;;26198.00;1;BID;;;;;
20251031;050713.896;26198.50;;26198.50;1;BID;;;;;
20251031;050713.896;26198.50;;26198.50;1;BID;;;;;
20251031;050713.896;26198.00;;26198.00;1;BID;;;;;
20251031;050713.896;;26199.00;26199.00;3;ASK;;;;;
20251031;050713.896;;26199.00;26199.00;2;ASK;;;;;
20251031;050713.896;;26199.00;26199.00;1;ASK;;;;;
20251031;050713.896;;26198.75;26198.75;1;ASK;;;;;
20251031;050713.900;;26198.75;26198.75;2;ASK;;;;;
20251031;050713.900;;26198.75;26198.75;1;ASK;;;;;
20251031;050713.904;26198.00;;26198.00;2;BID;;;;;
20251031;050713.956;;26199.25;26199.25;4;ASK;;;;;
20251031;050713.956;;26199.00;26199.00;1;ASK;;;;;
20251031;050713.956;26198.00;;26198.00;3;BID;;;;;
20251031;050713.956;;26199.00;26199.00;2;ASK;;;;;
20251031;050713.956;;26198.75;26198.75;1;ASK;;;;;
20251031;050713.956;26198.00;;26198.00;2;BID;;;;;
20251031;050715.012;26198.00;;26198.00;3;BID;;;;;
20251031;050715.452;;26198.75;26198.75;1;ASK;;;;;
20251031;050715.452;;26199.00;26199.00;3;ASK;;;;;
20251031;050715.452;;26199.00;26199.00;2;ASK;;;;;
20251031;050715.452;26198.25;;26198.25;1;BID;;;;;
20251031;050715.452;26198.25;;26198.25;2;BID;;;;;
20251031;050715.452;26198.25;;26198.25;3;BID;;;;;
20251031;050715.452;;26199.00;26199.00;1;ASK;;;;;
20251031;050715.452;;26199.25;26199.25;3;ASK;;;;;
20251031;050715.452;;26199.25;26199.25;2;ASK;;;;;
20251031;050715.452;26198.25;;26198.25;2;BID;;;;;
20251031;050715.456;;26199.00;26199.00;1;ASK;;;;;
20251031;050715.456;;26199.25;26199.25;2;ASK;;;;;
20251031;050715.456;;26199.00;26199.00;1;ASK;;;;;
20251031;050715.456;26198.25;;26198.25;3;BID;;;;;
20251031;050716.128;26198.50;;26198.50;1;BID;;;;;
20251031;050716.128;;26199.25;26199.25;2;ASK;;;;;
20251031;050716.128;26198.75;;26198.75;1;BID;;;;;
20251031;050716.128;26198.50;;26198.50;1;BID;;;;;
20251031;050716.128;26198.50;;26198.50;2;BID;;;;;
20251031;050716.132;;26199.25;26199.25;1;ASK;;;;;
20251031;050716.132;;26199.50;26199.50;3;ASK;;;;;
20251031;050716.132;;26199.50;26199.50;2;ASK;;;;;
20251031;050716.132;26198.75;;26198.75;1;BID;;;;;
20251031;050716.132;26198.75;;26198.75;2;BID;;;;;
20251031;050716.136;;26199.50;26199.50;1;ASK;;;;;
20251031;050716.140;26198.75;;26198.75;3;BID;;;;;
20251031;050716.144;;26199.75;26199.75;3;ASK;;;;;
20251031;050716.144;26199.00;;26199.00;1;BID;;;;;
20251031;050716.144;;26199.75;26199.75;2;ASK;;;;;
20251031;050716.144;;26199.50;26199.50;1;ASK;;;;;
20251031;050716.144;26198.75;;26198.75;3;BID;;;;;
20251031;050716.144;26198.75;;26198.75;2;BID;;;;;
20251031;050716.148;26198.75;;26198.75;3;BID;;;;;
20251031;050716.832;;26199.50;26199.50;1;ASK;;;;;
20251031;050716.832;;26199.75;26199.75;3;ASK;;;;;
20251031;050716.832;26199.00;;26199.00;1;BID;;;;;
20251031;050716.832;26199.00;;26199.00;2;BID;;;;;
20251031;050716.832;;26199.75;26199.75;2;ASK;;;;;
20251031;050716.832;;26199.75;26199.75;1;ASK;;;;;
20251031;050716.832;;26200.00;26200.00;7;ASK;;;;;
20251031;050716.832;26199.00;;26199.00;1;BID;;;;;
20251031;050716.832;;26199.75;26199.75;1;ASK;;;;;
20251031;050716.832;;26199.75;26199.75;2;ASK;;;;;
20251031;050716.832;;26199.75;26199.75;3;ASK;;;;;
20251031;050716.832;26198.75;;26198.75;2;BID;;;;;
20251031;050716.832;;26199.75;26199.75;4;ASK;;;;;
20251031;050716.832;;26199.75;26199.75;5;ASK;;;;;
20251031;050716.832;;26199.75;26199.75;4;ASK;;;;;
20251031;050716.832;26198.75;;26198.75;3;BID;;;;;
20251031;050716.836;26198.75;;26198.75;2;BID;;;;;
20251031;050716.880;;26199.50;26199.50;1;ASK;;;;;
20251031;050716.880;26198.75;;26198.75;1;BID;;;;;
20251031;050716.880;;26199.50;26199.50;2;ASK;;;;;
20251031;050716.880;26198.50;;26198.50;3;BID;;;;;
20251031;050716.884;;26199.50;26199.50;3;ASK;;;;;
20251031;050716.884;26198.50;;26198.50;2;BID;;;;;
20251031;050716.884;26198.50;;26198.50;1;BID;;;;;
20251031;050716.884;26198.50;;26198.50;2;BID;;;;;
20251031;050717.012;;26199.25;26199.25;1;ASK;;;;;
20251031;050717.012;26198.50;;26198.50;1;BID;;;;;
20251031;050717.012;26198.25;;26198.25;4;BID;;;;;
20251031;050717.012;26198.25;;26198.25;3;BID;;;;;
20251031;050717.016;26198.25;;26198.25;2;BID;;;;;
20251031;050717.016;;26199.25;26199.25;2;ASK;;;;;
20251031;050717.016;;26199.25;26199.25;3;ASK;;;;;
20251031;050717.016;;26199.25;26199.25;4;ASK;;;;;
20251031;050717.016;26198.25;;26198.25;1;BID;;;;;
20251031;050717.016;;26199.25;26199.25;3;ASK;;;;;
20251031;050717.016;26198.25;;26198.25;2;BID;;;;;
20251031;050717.160;26198.25;;26198.25;1;BID;;;;;
20251031;050717.236;26198.25;;26198.25;2;BID;;;;;
20251031;050717.236;26198.25;;26198.25;3;BID;;;;;
20251031;050717.236;26198.50;;26198.50;1;BID;;;;;
20251031;050717.828;;26199.25;26199.25;2;ASK;;;;;
20251031;050717.828;26198.50;;26198.50;2;BID;;;;;
20251031;050717.828;26198.75;;26198.75;1;BID;;;;;
20251031;050717.828;;26199.25;26199.25;1;ASK;;;;;
20251031;050717.828;26198.75;;26198.75;2;BID;;;;;
20251031;050717.828;;26199.50;26199.50;3;ASK;;;;;
20251031;050717.828;;26199.50;26199.50;2;ASK;;;;;
20251031;050717.828;26198.75;;26198.75;1;BID;;;;;
20251031;050717.828;;26199.25;26199.25;1;ASK;;;;;
20251031;050717.828;26198.50;;26198.50;2;BID;;;;;
20251031;050717.828;26198.50;;26198.50;1;BID;;;;;
20251031;050718.120;26198.25;;26198.25;4;BID;;;;;
20251031;050718.120;;26199.25;26199.25;2;ASK;;;;;
20251031;050718.120;26198.25;;26198.25;3;BID;;;;;
20251031;050718.120;;26199.25;26199.25;3;ASK;;;;;
20251031;050718.120;26198.25;;26198.25;2;BID;;;;;
20251031;050718.120;;26199.25;26199.25;4;ASK;;;;;
20251031;050718.120;26198.25;;26198.25;1;BID;;;;;
20251031;050718.120;26198.00;;26198.00;3;BID;;;;;
20251031;050718.120;;26199.25;26199.25;3;ASK;;;;;
20251031;050718.120;26198.25;;26198.25;1;BID;;;;;
20251031;050718.120;26198.25;;26198.25;2;BID;;;;;
20251031;050720.320;26198.25;;26198.25;3;BID;;;;;
20251031;050720.320;26198.50;;26198.50;1;BID;;;;;
20251031;050720.320;;26199.25;26199.25;2;ASK;;;;;
20251031;050720.320;26198.50;;26198.50;2;BID;;;;;
20251031;050720.320;26198.75;;26198.75;1;BID;;;;;
20251031;050720.320;;26199.25;26199.25;1;ASK;;;;;
20251031;050720.320;26198.75;;26198.75;2;BID;;;;;
20251031;050720.320;;26199.50;26199.50;3;ASK;;;;;
20251031;050720.320;26198.75;;26198.75;1;BID;;;;;
20251031;050720.324;;26199.50;26199.50;2;ASK;;;;;
20251031;050720.324;26198.50;;26198.50;4;BID;;;;;
20251031;050720.324;26198.50;;26198.50;3;BID;;;;;
20251031;050720.324;;26199.50;26199.50;1;ASK;;;;;
20251031;050720.324;26198.75;;26198.75;1;BID;;;;;
20251031;050720.324;26198.50;;26198.50;2;BID;;;;;
20251031;050720.324;;26199.50;26199.50;2;ASK;;;;;
20251031;050720.324;;26199.50;26199.50;3;ASK;;;;;
20251031;050720.324;26198.50;;26198.50;1;BID;;;;;
20251031;050720.324;26198.25;;26198.25;3;BID;;;;;
20251031;050720.324;;26199.50;26199.50;4;ASK;;;;;
20251031;050720.324;;26199.50;26199.50;5;ASK;;;;;
20251031;050720.324;;26199.25;26199.25;1;ASK;;;;;
20251031;050720.324;26198.25;;26198.25;2;BID;;;;;
20251031;050720.324;;26199.25;26199.25;2;ASK;;;;;
20251031;050720.324;;26199.25;26199.25;3;ASK;;;;;
20251031;050720.324;;26199.25;26199.25;4;ASK;;;;;
20251031;050720.324;;26199.00;26199.00;1;ASK;;;;;
20251031;050720.324;26198.25;;26198.25;1;BID;;;;;
20251031;050720.324;;26199.00;26199.00;2;ASK;;;;;
20251031;050723.288;26198.25;;26198.25;2;BID;;;;;
20251031;050723.288;;26199.00;26199.00;1;ASK;;;;;
20251031;050723.572;;26199.25;26199.25;5;ASK;;;;;
20251031;050723.572;26198.25;;26198.25;3;BID;;;;;
20251031;050723.572;;26199.25;26199.25;4;ASK;;;;;
20251031;050723.572;;26199.25;26199.25;3;ASK;;;;;
20251031;050723.572;;26199.25;26199.25;2;ASK;;;;;
20251031;050723.572;26198.25;;26198.25;2;BID;;;;;
20251031;050723.820;;26199.25;26199.25;1;ASK;;;;;
20251031;050723.820;26198.25;;26198.25;3;BID;;;;;
20251031;050723.820;26198.50;;26198.50;1;BID;;;;;
20251031;050723.820;26198.25;;26198.25;3;BID;;;;;
20251031;050723.824;26198.25;;26198.25;2;BID;;;;;
20251031;050723.824;26198.75;;26198.75;1;BID;;;;;
20251031;050723.824;26198.50;;26198.50;2;BID;;;;;
20251031;050723.824;26198.50;;26198.50;3;BID;;;;;
20251031;050723.824;26198.50;;26198.50;2;BID;;;;;
20251031;050723.824;26198.50;;26198.50;1;BID;;;;;
20251031;050723.824;26198.25;;26198.25;2;BID;;;;;
20251031;050723.828;26198.25;;26198.25;3;BID;;;;;
20251031;050723.884;26198.50;;26198.50;1;BID;;;;;
20251031;050723.884;26198.25;;26198.25;3;BID;;;;;
20251031;050723.884;;26199.25;26199.25;2;ASK;;;;;
20251031;050723.884;26198.25;;26198.25;2;BID;;;;;
20251031;050723.884;;26199.25;26199.25;3;ASK;;;;;
20251031;050723.884;26198.25;;26198.25;1;BID;;;;;
20251031;050723.884;;26199.25;26199.25;4;ASK;;;;;
20251031;050723.884;;26199.00;26199.00;1;ASK;;;;;
20251031;050723.884;;26199.00;26199.00;2;ASK;;;;;
20251031;050723.884;;26199.00;26199.00;1;ASK;;;;;
20251031;050723.884;;26199.25;26199.25;3;ASK;;;;;
20251031;050723.884;26198.25;;26198.25;2;BID;;;;;
20251031;050723.884;26198.25;;26198.25;3;BID;;;;;
20251031;050723.884;26198.25;;26198.25;4;BID;;;;;
20251031;050723.884;;26199.25;26199.25;2;ASK;;;;;
20251031;050723.884;26198.50;;26198.50;1;BID;;;;;
20251031;050723.888;26198.50;;26198.50;2;BID;;;;;
20251031;050723.896;;26199.25;26199.25;1;ASK;;;;;
20251031;050724.052;26198.75;;26198.75;1;BID;;;;;
20251031;050724.064;26198.75;;26198.75;2;BID;;;;;
20251031;050724.324;;26199.50;26199.50;4;ASK;;;;;
20251031;050724.324;;26199.50;26199.50;3;ASK;;;;;
20251031;050724.324;26198.75;;26198.75;1;BID;;;;;
20251031;050724.324;;26199.50;26199.50;2;ASK;;;;;
20251031;050724.472;26198.75;;26198.75;2;BID;;;;;
20251031;050724.472;;26199.50;26199.50;1;ASK;;;;;
20251031;050725.364;;26199.75;26199.75;4;ASK;;;;;
20251031;050725.364;;26199.75;26199.75;3;ASK;;;;;
20251031;050725.364;;26199.75;26199.75;2;ASK;;;;;
20251031;050725.368;26199.00;;26199.00;1;BID;;;;;
20251031;050725.720;26199.00;;26199.00;1;BID;;;;;
20251031;050725.720;26198.75;;26198.75;2;BID;;;;;
20251031;050725.720;26198.75;;26198.75;1;BID;;;;;
20251031;050725.720;;26199.75;26199.75;3;ASK;;;;;
20251031;050725.720;;26199.50;26199.50;1;ASK;;;;;
20251031;050725.720;;26199.50;26199.50;2;ASK;;;;;
20251031;050725.780;26198.75;;26198.75;2;BID;;;;;
20251031;050725.780;;26199.50;26199.50;1;ASK;;;;;
20251031;050725.780;;26199.75;26199.75;3;ASK;;;;;
20251031;050725.780;26199.00;;26199.00;1;BID;;;;;
20251031;050725.780;;26199.75;26199.75;2;ASK;;;;;
20251031;050725.780;;26199.75;26199.75;1;ASK;;;;;
20251031;050726.176;26199.00;;26199.00;2;BID;;;;;
20251031;050726.404;26199.00;;26199.00;3;BID;;;;;
20251031;050728.292;;26199.50;26199.50;1;ASK;;;;;
20251031;050728.292;26199.00;;26199.00;2;BID;;;;;
20251031;050728.292;26199.00;;26199.00;1;BID;;;;;
20251031;050728.292;26199.00;;26199.00;1;BID;;;;;
20251031;050728.292;26198.75;;26198.75;2;BID;;;;;
20251031;050728.292;;26199.25;26199.25;1;ASK;;;;;
20251031;050728.292;26198.75;;26198.75;1;BID;;;;;
20251031;050728.296;26198.50;;26198.50;3;BID;;;;;
20251031;050728.296;26198.50;;26198.50;2;BID;;;;;
20251031;050728.296;;26199.25;26199.25;2;ASK;;;;;
20251031;050728.296;26198.50;;26198.50;1;BID;;;;;
20251031;050728.296;26198.25;;26198.25;3;BID;;;;;
20251031;050728.296;;26199.00;26199.00;1;ASK;;;;;
20251031;050728.544;26198.25;;26198.25;2;BID;;;;;
20251031;050728.544;26198.25;;26198.25;1;BID;;;;;
20251031;050728.580;;26198.75;26198.75;1;ASK;;;;;
20251031;050728.580;26198.00;;26198.00;2;BID;;;;;
20251031;050728.580;26198.00;;26198.00;1;BID;;;;;
20251031;050728.584;26198.00;;26198.00;2;BID;;;;;
20251031;050728.584;26198.00;;26198.00;3;BID;;;;;
20251031;050728.584;26198.25;;26198.25;1;BID;;;;;
20251031;050728.584;;26199.00;26199.00;1;ASK;;;;;
20251031;050729.352;26198.25;;26198.25;1;BID;;;;;
20251031;050729.352;26198.00;;26198.00;1;BID;;;;;
20251031;050729.352;26198.00;;26198.00;1;BID;;;;;
20251031;050729.352;26198.00;;26198.00;2;BID;;;;;
20251031;050729.352;;26199.00;26199.00;2;ASK;;;;;
20251031;050729.352;;26198.75;26198.75;1;ASK;;;;;
20251031;050729.352;26198.00;;26198.00;1;BID;;;;;
20251031;050729.352;26197.75;;26197.75;2;BID;;;;;
20251031;050729.356;;26198.75;26198.75;2;ASK;;;;;
20251031;050729.412;;26198.50;26198.50;1;ASK;;;;;
20251031;050729.412;;26198.50;26198.50;2;ASK;;;;;
20251031;050729.412;26197.75;;26197.75;1;BID;;;;;
20251031;050729.412;;26198.25;26198.25;1;ASK;;;;;
20251031;050729.412;26197.50;;26197.50;1;BID;;;;;
20251031;050729.412;;26198.25;26198.25;1;ASK;;;;;
20251031;050729.412;;26198.50;26198.50;2;ASK;;;;;
20251031;050729.412;26197.75;;26197.75;1;BID;;;;;
20251031;050729.412;26197.75;;26197.75;2;BID;;;;;
20251031;050729.412;;26198.50;26198.50;1;ASK;;;;;
20251031;050729.412;26197.75;;26197.75;3;BID;;;;;
20251031;050729.412;26197.75;;26197.75;4;BID;;;;;
20251031;050729.412;26197.75;;26197.75;5;BID;;;;;
20251031;050729.412;;26198.75;26198.75;3;ASK;;;;;
20251031;050729.412;;26198.75;26198.75;2;ASK;;;;;
20251031;050729.412;;26198.75;26198.75;1;ASK;;;;;
20251031;050729.412;26198.00;;26198.00;1;BID;;;;;
20251031;050729.412;26198.00;;26198.00;2;BID;;;;;
20251031;050729.416;;26199.00;26199.00;3;ASK;;;;;
20251031;050729.416;26198.25;;26198.25;1;BID;;;;;
20251031;050729.416;26198.00;;26198.00;3;BID;;;;;
20251031;050729.416;26198.00;;26198.00;2;BID;;;;;
20251031;050729.416;26198.25;;26198.25;1;BID;;;;;
20251031;050729.416;;26199.00;26199.00;2;ASK;;;;;
20251031;050729.424;;26199.00;26199.00;1;ASK;;;;;
20251031;050729.700;26198.25;;26198.25;2;BID;;;;;
20251031;050729.764;;26199.25;26199.25;4;ASK;;;;;
20251031;050729.764;;26199.25;26199.25;3;ASK;;;;;
20251031;050729.764;26198.25;;26198.25;1;BID;;;;;
20251031;050729.764;;26199.25;26199.25;2;ASK;;;;;
20251031;050729.764;26198.25;;26198.25;2;BID;;;;;
20251031;050729.764;;26199.00;26199.00;1;ASK;;;;;
20251031;050729.840;26198.25;;26198.25;3;BID;;;;;
20251031;050731.008;26198.50;;26198.50;1;BID;;;;;
20251031;050731.008;;26199.25;26199.25;2;ASK;;;;;
20251031;050732.252;;26199.25;26199.25;1;ASK;;;;;
20251031;050732.252;26198.50;;26198.50;2;BID;;;;;
20251031;050732.480;;26199.25;26199.25;1;ASK;;;;;
20251031;050732.480;;26199.50;26199.50;5;ASK;;;;;
20251031;050732.480;;26199.50;26199.50;4;ASK;;;;;
20251031;050732.480;26198.75;;26198.75;1;BID;;;;;
20251031;050732.480;26198.75;;26198.75;2;BID;;;;;
20251031;050732.480;;26199.50;26199.50;3;ASK;;;;;
20251031;050732.480;;26199.50;26199.50;2;ASK;;;;;
20251031;050732.480;26198.75;;26198.75;1;BID;;;;;
20251031;050732.480;;26199.25;26199.25;1;ASK;;;;;
20251031;050732.480;26198.50;;26198.50;2;BID;;;;;
20251031;050732.480;26198.50;;26198.50;1;BID;;;;;
20251031;050732.868;26198.50;;26198.50;2;BID;;;;;
20251031;050733.804;26198.75;;26198.75;1;BID;;;;;
20251031;050733.804;;26199.50;26199.50;3;ASK;;;;;
20251031;050733.804;;26199.50;26199.50;2;ASK;;;;;
20251031;050733.936;26198.50;;26198.50;1;BID;;;;;
20251031;050733.936;;26199.25;26199.25;1;ASK;;;;;
20251031;050734.428;26198.50;;26198.50;2;BID;;;;;
20251031;050734.428;;26199.25;26199.25;1;ASK;;;;;
20251031;050734.428;;26199.50;26199.50;2;ASK;;;;;
20251031;050734.428;26198.75;;26198.75;1;BID;;;;;
20251031;050734.428;26198.75;;26198.75;2;BID;;;;;
20251031;050734.428;26198.75;;26198.75;3;BID;;;;;
20251031;050734.428;26198.75;;26198.75;4;BID;;;;;
20251031;050734.428;;26199.50;26199.50;1;ASK;;;;;
20251031;050734.428;26198.75;;26198.75;5;BID;;;;;
20251031;050734.428;26198.75;;26198.75;6;BID;;;;;
20251031;050734.428;26199.00;;26199.00;1;BID;;;;;
20251031;050734.428;;26199.75;26199.75;4;ASK;;;;;
20251031;050734.428;;26199.75;26199.75;3;ASK;;;;;
20251031;050734.428;;26199.75;26199.75;2;ASK;;;;;
20251031;050734.432;;26199.75;26199.75;1;ASK;;;;;
20251031;050734.720;26199.25;;26199.25;1;BID;;;;;
20251031;050734.720;;26200.00;26200.00;11;ASK;;;;;
20251031;050734.720;;26200.00;26200.00;10;ASK;;;;;
20251031;050734.720;;26199.75;26199.75;1;ASK;;;;;
20251031;050734.720;26199.00;;26199.00;2;BID;;;;;
20251031;050734.720;26199.00;;26199.00;1;BID;;;;;
20251031;050735.336;;26199.50;26199.50;1;ASK;;;;;
20251031;050735.336;26198.75;;26198.75;7;BID;;;;;
20251031;050735.336;26198.75;;26198.75;6;BID;;;;;
20251031;050735.336;26198.75;;26198.75;5;BID;;;;;
20251031;050735.336;26199.00;;26199.00;1;BID;;;;;
20251031;050735.336;;26199.75;26199.75;2;ASK;;;;;
20251031;050735.336;;26199.75;26199.75;1;ASK;;;;;
20251031;050735.336;;26199.75;26199.75;2;ASK;;;;;
20251031;050735.336;;26199.75;26199.75;1;ASK;;;;;
20251031;050736.900;26199.00;;26199.00;2;BID;;;;;
20251031;050736.900;;26200.00;26200.00;11;ASK;;;;;
20251031;050736.900;;26200.00;26200.00;10;ASK;;;;;
20251031;050736.904;;26199.75;26199.75;1;ASK;;;;;
20251031;050737.304;;26199.50;26199.50;1;ASK;;;;;
20251031;050738.840;26199.00;;26199.00;1;BID;;;;;
20251031;050738.840;;26199.50;26199.50;1;ASK;;;;;
20251031;050738.840;;26199.75;26199.75;2;ASK;;;;;
20251031;050738.840;26199.00;;26199.00;2;BID;;;;;
20251031;050738.840;;26199.75;26199.75;1;ASK;;;;;
20251031;050738.840;;26200.00;26200.00;10;ASK;;;;;
20251031;050738.840;26199.25;;26199.25;1;BID;;;;;
20251031;050738.840;26199.25;;26199.25;2;BID;;;;;
20251031;050738.840;26199.25;;26199.25;3;BID;;;;;
20251031;050738.844;26199.25;;26199.25;2;BID;;;;;
20251031;050738.844;26199.25;;26199.25;1;BID;;;;;
20251031;050738.844;;26199.75;26199.75;1;ASK;;;;;
20251031;050738.844;;26199.75;26199.75;1;ASK;;;;;
20251031;050738.844;;26200.00;26200.00;10;ASK;;;;;
20251031;050738.844;26199.50;;26199.50;1;BID;;;;;
20251031;050738.844;26199.25;;26199.25;3;BID;;;;;
20251031;050738.844;26199.50;;26199.50;1;BID;;;;;
20251031;050738.844;26199.50;;26199.50;2;BID;;;;;
20251031;050738.880;26199.50;;26199.50;3;BID;;;;;
20251031;050738.880;;26200.00;26200.00;1;ASK;;;;;
20251031;050738.880;;26200.00;26200.00;1;ASK;;;;;
20251031;050738.880;;26200.00;26200.00;8;ASK;;;;;
20251031;050738.880;;26200.00;26200.00;2;ASK;;;;;
20251031;050738.880;;26200.00;26200.00;2;ASK;;;;;
20251031;050738.880;;26200.00;26200.00;1;ASK;;;;;
20251031;050738.880;;26200.00;26200.00;3;ASK;;;;;
20251031;050738.880;;26200.25;26200.25;3;ASK;;;;;
20251031;050738.880;26199.50;;26199.50;4;BID;;;;;
20251031;050738.880;26199.75;;26199.75;1;BID;;;;;
20251031;050738.880;;26200.25;26200.25;2;ASK;;;;;
20251031;050738.880;;26200.25;26200.25;1;ASK;;;;;
20251031;050738.880;26199.75;;26199.75;2;BID;;;;;
20251031;050738.880;26199.75;;26199.75;3;BID;;;;;
20251031;050738.880;;26200.25;26200.25;1;ASK;;;;;
20251031;050738.880;;26200.50;26200.50;1;ASK;;;;;
20251031;050738.880;;26200.50;26200.50;1;ASK;;;;;
20251031;050738.880;;26200.50;26200.50;1;ASK;;;;;
20251031;050738.880;26200.00;;26200.00;1;BID;;;;;
20251031;050738.880;26199.75;;26199.75;3;BID;;;;;
20251031;050738.880;26199.75;;26199.75;2;BID;;;;;
20251031;050738.880;;26200.50;26200.50;2;ASK;;;;;
20251031;050738.880;26199.75;;26199.75;1;BID;;;;;
20251031;050738.900;26199.50;;26199.50;3;BID;;;;;
20251031;050738.900;26199.50;;26199.50;2;BID;;;;;
20251031;050738.900;26199.50;;26199.50;1;BID;;;;;
20251031;050738.900;;26200.25;26200.25;1;ASK;;;;;
20251031;050738.900;;26200.25;26200.25;2;ASK;;;;;
20251031;050738.900;26199.25;;26199.25;2;BID;;;;;
20251031;050738.900;26199.50;;26199.50;1;BID;;;;;
20251031;050738.900;26199.25;;26199.25;2;BID;;;;;
20251031;050738.908;26199.50;;26199.50;1;BID;;;;;
20251031;050738.908;26199.50;;26199.50;2;BID;;;;;
20251031;050738.908;;26200.25;26200.25;1;ASK;;;;;
20251031;050738.932;26199.50;;26199.50;1;BID;;;;;
20251031;050738.932;26199.50;;26199.50;2;BID;;;;;
20251031;050738.932;;26200.50;26200.50;5;ASK;;;;;
20251031;050738.932;;26200.50;26200.50;4;ASK;;;;;
20251031;050738.932;26199.50;;26199.50;3;BID;;;;;
20251031;050738.932;;26200.50;26200.50;3;ASK;;;;;
20251031;050738.936;26199.75;;26199.75;1;BID;;;;;
20251031;050738.936;26199.50;;26199.50;4;BID;;;;;
20251031;050738.936;26199.50;;26199.50;3;BID;;;;;
20251031;050738.964;26199.75;;26199.75;1;BID;;;;;
20251031;050738.964;;26200.50;26200.50;2;ASK;;;;;
20251031;050739.012;26199.50;;26199.50;2;BID;;;;;
20251031;050739.012;;26200.25;26200.25;1;ASK;;;;;
20251031;050739.012;26199.50;;26199.50;1;BID;;;;;
20251031;050739.048;;26200.25;26200.25;2;ASK;;;;;
20251031;050739.048;26199.25;;26199.25;2;BID;;;;;
20251031;050739.048;26199.50;;26199.50;1;BID;;;;;
20251031;050739.064;26199.50;;26199.50;2;BID;;;;;
20251031;050739.108;;26200.25;26200.25;1;ASK;;;;;
20251031;050739.108;;26200.50;26200.50;2;ASK;;;;;
20251031;050739.164;26199.75;;26199.75;1;BID;;;;;
20251031;050739.200;26199.75;;26199.75;2;BID;;;;;
20251031;050739.292;;26200.50;26200.50;1;ASK;;;;;
20251031;050739.292;;26200.50;26200.50;1;ASK;;;;;
20251031;050739.292;;26200.75;26200.75;3;ASK;;;;;
20251031;050739.328;;26200.50;26200.50;1;ASK;;;;;
20251031;050739.328;26199.75;;26199.75;1;BID;;;;;
20251031;050739.328;;26200.50;26200.50;2;ASK;;;;;
20251031;050739.440;26199.75;;26199.75;2;BID;;;;;
20251031;050739.440;;26200.50;26200.50;1;ASK;;;;;
20251031;050739.440;;26200.75;26200.75;3;ASK;;;;;
20251031;050739.440;26200.00;;26200.00;1;BID;;;;;
20251031;050739.440;;26200.75;26200.75;2;ASK;;;;;
20251031;050739.752;26199.75;;26199.75;2;BID;;;;;
20251031;050739.752;26199.75;;26199.75;1;BID;;;;;
20251031;050739.752;;26200.50;26200.50;1;ASK;;;;;
20251031;050739.812;26199.75;;26199.75;2;BID;;;;;
20251031;050739.812;;26200.75;26200.75;2;ASK;;;;;
20251031;050740.040;;26200.75;26200.75;1;ASK;;;;;
20251031;050740.040;;26200.75;26200.75;1;ASK;;;;;
20251031;050740.040;26200.00;;26200.00;1;BID;;;;;
20251031;050740.040;26200.00;;26200.00;2;BID;;;;;
20251031;050740.040;;26200.75;26200.75;2;ASK;;;;;
20251031;050740.040;26200.00;;26200.00;1;BID;;;;;
20251031;050740.044;26199.75;;26199.75;1;BID;;;;;
20251031;050740.044;26200.00;;26200.00;1;BID;;;;;
20251031;050740.084;;26200.75;26200.75;1;ASK;;;;;
20251031;050740.084;;26200.75;26200.75;1;ASK;;;;;
20251031;050740.084;;26201.00;26201.00;1;ASK;;;;;
20251031;050740.084;26200.25;;26200.25;1;BID;;;;;
20251031;050740.084;;26201.00;26201.00;2;ASK;;;;;
20251031;050740.084;26200.00;;26200.00;1;BID;;;;;
20251031;050740.164;;26200.75;26200.75;1;ASK;;;;;
20251031;050740.208;;26200.75;26200.75;2;ASK;;;;;
20251031;050741.276;26199.75;;26199.75;1;BID;;;;;
20251031;050741.276;26199.50;;26199.50;3;BID;;;;;
20251031;050741.276;26199.50;;26199.50;2;BID;;;;;
20251031;050741.276;;26200.75;26200.75;3;ASK;;;;;
20251031;050741.280;;26200.50;26200.50;1;ASK;;;;;
20251031;050741.280;26199.50;;26199.50;1;BID;;;;;
20251031;050741.280;;26200.50;26200.50;2;ASK;;;;;
20251031;050741.280;26199.50;;26199.50;2;BID;;;;;
20251031;050741.868;26199.75;;26199.75;1;BID;;;;;
20251031;050742.416;26199.50;;26199.50;2;BID;;;;;
20251031;050742.416;26199.50;;26199.50;1;BID;;;;;
20251031;050742.420;26199.50;;26199.50;2;BID;;;;;
20251031;050742.748;26199.75;;26199.75;1;BID;;;;;
20251031;050742.752;26199.50;;26199.50;2;BID;;;;;
20251031;050742.904;26199.50;;26199.50;3;BID;;;;;
20251031;050742.904;26199.75;;26199.75;1;BID;;;;;
20251031;050742.912;;26200.50;26200.50;1;ASK;;;;;
20251031;050743.160;26199.50;;26199.50;2;BID;;;;;
20251031;050743.304;26199.50;;26199.50;3;BID;;;;;
20251031;050743.304;26199.75;;26199.75;1;BID;;;;;
20251031;050743.312;26200.00;;26200.00;1;BID;;;;;
20251031;050743.312;;26200.75;26200.75;4;ASK;;;;;
20251031;050743.312;;26200.75;26200.75;3;ASK;;;;;
20251031;050743.312;;26200.75;26200.75;2;ASK;;;;;
20251031;050743.312;;26200.75;26200.75;1;ASK;;;;;
20251031;050743.312;;26201.00;26201.00;1;ASK;;;;;
20251031;050743.312;;26201.25;26201.25;3;ASK;;;;;
20251031;050743.312;26200.25;;26200.25;1;BID;;;;;
20251031;050743.312;26200.25;;26200.25;2;BID;;;;;
20251031;050743.312;;26201.00;26201.00;1;ASK;;;;;
20251031;050743.312;26200.25;;26200.25;1;BID;;;;;
20251031;050743.924;26200.25;;26200.25;2;BID;;;;;
20251031;050743.924;;26201.25;26201.25;1;ASK;;;;;
20251031;050743.924;;26201.50;26201.50;3;ASK;;;;;
20251031;050743.924;26200.50;;26200.50;1;BID;;;;;
20251031;050743.924;;26201.25;26201.25;1;ASK;;;;;
20251031;050743.944;;26201.50;26201.50;3;ASK;;;;;
20251031;050743.944;;26201.50;26201.50;2;ASK;;;;;
20251031;050743.944;;26201.50;26201.50;1;ASK;;;;;
20251031;050743.944;26200.75;;26200.75;1;BID;;;;;
20251031;050743.944;;26201.75;26201.75;3;ASK;;;;;
20251031;050743.944;;26201.50;26201.50;1;ASK;;;;;
20251031;050743.944;;26201.50;26201.50;2;ASK;;;;;
20251031;050743.948;26200.50;;26200.50;1;BID;;;;;
20251031;050744.040;26200.50;;26200.50;2;BID;;;;;
20251031;050744.040;26200.75;;26200.75;1;BID;;;;;
20251031;050744.344;;26201.50;26201.50;1;ASK;;;;;
20251031;050744.972;;26201.75;26201.75;3;ASK;;;;;
20251031;050744.972;;26201.75;26201.75;2;ASK;;;;;
20251031;050744.980;;26201.75;26201.75;3;ASK;;;;;
20251031;050745.480;;26201.50;26201.50;1;ASK;;;;;
20251031;050745.480;26200.50;;26200.50;2;BID;;;;;
20251031;050745.724;26200.75;;26200.75;1;BID;;;;;
20251031;050746.828;;26201.75;26201.75;2;ASK;;;;;
20251031;050746.828;26200.75;;26200.75;2;BID;;;;;
20251031;050746.828;26200.75;;26200.75;3;BID;;;;;
20251031;050746.828;26201.00;;26201.00;1;BID;;;;;
20251031;050746.828;26201.00;;26201.00;2;BID;;;;;
20251031;050746.828;;26201.75;26201.75;1;ASK;;;;;
20251031;050746.828;;26202.00;26202.00;2;ASK;;;;;
20251031;050746.828;26201.00;;26201.00;1;BID;;;;;
20251031;050746.828;;26201.75;26201.75;1;ASK;;;;;
20251031;050746.828;;26201.75;26201.75;2;ASK;;;;;
20251031;050746.828;26200.75;;26200.75;2;BID;;;;;
20251031;050747.364;26201.00;;26201.00;1;BID;;;;;
20251031;050747.700;26200.75;;26200.75;2;BID;;;;;
20251031;050748.444;26201.00;;26201.00;1;BID;;;;;
20251031;050748.748;26201.00;;26201.00;2;BID;;;;;
20251031;050748.748;;26201.75;26201.75;1;ASK;;;;;
20251031;050748.748;;26202.00;26202.00;3;ASK;;;;;
20251031;050748.748;;26202.00;26202.00;2;ASK;;;;;
20251031;050748.748;26201.00;;26201.00;1;BID;;;;;
20251031;050748.748;;26202.00;26202.00;1;ASK;;;;;
20251031;050748.748;;26202.25;26202.25;3;ASK;;;;;
20251031;050748.748;;26202.00;26202.00;1;ASK;;;;;
20251031;050748.748;;26202.00;26202.00;2;ASK;;;;;
20251031;050748.748;26201.25;;26201.25;1;BID;;;;;
20251031;050748.748;;26202.00;26202.00;1;ASK;;;;;
20251031;050748.752;26201.25;;26201.25;2;BID;;;;;
20251031;050748.752;26201.25;;26201.25;3;BID;;;;;
20251031;050748.752;26201.25;;26201.25;2;BID;;;;;
20251031;050748.752;26201.25;;26201.25;1;BID;;;;;
20251031;050748.752;26201.00;;26201.00;2;BID;;;;;
20251031;050748.752;26201.00;;26201.00;1;BID;;;;;
20251031;050748.752;;26202.00;26202.00;2;ASK;;;;;
20251031;050748.760;26201.00;;26201.00;2;BID;;;;;
20251031;050748.936;26201.00;;26201.00;1;BID;;;;;
20251031;050748.936;;26201.75;26201.75;1;ASK;;;;;
20251031;050748.936;26200.75;;26200.75;2;BID;;;;;
20251031;050748.964;26201.00;;26201.00;1;BID;;;;;
20251031;050749.124;26200.75;;26200.75;2;BID;;;;;
20251031;050749.144;26200.75;;26200.75;1;BID;;;;;
20251031;050749.156;;26201.75;26201.75;2;ASK;;;;;
20251031;050749.156;26200.50;;26200.50;3;BID;;;;;
20251031;050749.156;26200.50;;26200.50;2;BID;;;;;
20251031;050749.468;26200.50;;26200.50;3;BID;;;;;
20251031;050749.468;26200.75;;26200.75;1;BID;;;;;
20251031;050749.468;26200.75;;26200.75;2;BID;;;;;
20251031;050750.740;;26201.75;26201.75;3;ASK;;;;;
20251031;050750.780;26200.75;;26200.75;1;BID;;;;;
20251031;050753.468;;26201.75;26201.75;4;ASK;;;;;
20251031;050753.468;;26201.75;26201.75;3;ASK;;;;;
20251031;050753.484;26200.75;;26200.75;1;BID;;;;;
20251031;050753.484;26200.50;;26200.50;3;BID;;;;;
20251031;050753.484;;26201.50;26201.50;1;ASK;;;;;
20251031;050753.484;26200.50;;26200.50;2;BID;;;;;
20251031;050753.484;;26201.50;26201.50;2;ASK;;;;;
20251031;050753.484;;26201.50;26201.50;1;ASK;;;;;
20251031;050753.484;;26201.50;26201.50;2;ASK;;;;;
20251031;050753.484;26200.75;;26200.75;1;BID;;;;;
20251031;050753.484;26200.50;;26200.50;2;BID;;;;;
20251031;050753.512;26200.75;;26200.75;1;BID;;;;;
20251031;050753.764;26200.50;;26200.50;2;BID;;;;;
20251031;050754.012;26200.75;;26200.75;1;BID;;;;;
20251031;050754.476;;26201.50;26201.50;1;ASK;;;;;
20251031;050754.820;26200.75;;26200.75;1;BID;;;;;
20251031;050754.820;26200.50;;26200.50;2;BID;;;;;
20251031;050754.820;;26201.50;26201.50;2;ASK;;;;;
20251031;050754.824;;26201.25;26201.25;1;ASK;;;;;
20251031;050755.008;26200.75;;26200.75;1;BID;;;;;
20251031;050755.008;;26201.50;26201.50;1;ASK;;;;;
20251031;050755.008;;26201.75;26201.75;4;ASK;;;;;
20251031;050755.012;;26201.75;26201.75;3;ASK;;;;;
20251031;050755.012;;26201.50;26201.50;1;ASK;;;;;
20251031;050755.788;26200.50;;26200.50;2;BID;;;;;
20251031;050755.788;;26201.25;26201.25;1;ASK;;;;;
20251031;050755.916;26200.75;;26200.75;1;BID;;;;;
20251031;050755.916;;26201.50;26201.50;1;ASK;;;;;
20251031;050756.452;26200.75;;26200.75;1;BID;;;;;
20251031;050756.452;26200.50;;26200.50;2;BID;;;;;
20251031;050756.452;;26201.25;26201.25;1;ASK;;;;;
20251031;050756.456;;26201.50;26201.50;1;ASK;;;;;
20251031;050756.456;26200.75;;26200.75;1;BID;;;;;
20251031;050756.848;26200.50;;26200.50;2;BID;;;;;
20251031;050756.848;;26201.25;26201.25;1;ASK;;;;;
20251031;050756.848;26200.50;;26200.50;1;BID;;;;;
20251031;050756.852;26200.25;;26200.25;4;BID;;;;;
20251031;050756.852;26200.25;;26200.25;3;BID;;;;;
20251031;050756.852;;26201.00;26201.00;1;ASK;;;;;
20251031;050757.056;26200.25;;26200.25;2;BID;;;;;
20251031;050759.008;;26201.25;26201.25;1;ASK;;;;;
20251031;050759.816;;26201.00;26201.00;1;ASK;;;;;
20251031;050800.328;;26201.00;26201.00;1;ASK;;;;;
20251031;050800.328;;26201.25;26201.25;1;ASK;;;;;
20251031;050800.328;26200.50;;26200.50;1;BID;;;;;
20251031;050800.724;26200.50;;26200.50;1;BID;;;;;
20251031;050800.724;26200.25;;26200.25;2;BID;;;;;
20251031;050800.724;;26201.25;26201.25;2;ASK;;;;;
20251031;050800.724;;26201.25;26201.25;3;ASK;;;;;
20251031;050800.724;;26201.00;26201.00;1;ASK;;;;;
20251031;050800.724;26200.25;;26200.25;1;BID;;;;;
20251031;050800.724;;26201.00;26201.00;2;ASK;;;;;
20251031;050800.724;;26201.00;26201.00;3;ASK;;;;;
20251031;050800.724;;26200.75;26200.75;1;ASK;;;;;
20251031;050800.724;;26201.00;26201.00;3;ASK;;;;;
20251031;050800.728;;26201.00;26201.00;2;ASK;;;;;
20251031;050800.728;;26200.75;26200.75;1;ASK;;;;;
20251031;050801.016;;26201.00;26201.00;2;ASK;;;;;
20251031;050802.056;26200.25;;26200.25;2;BID;;;;;
20251031;050802.060;;26201.00;26201.00;1;ASK;;;;;
20251031;050802.060;26200.25;;26200.25;1;BID;;;;;
20251031;050802.060;26200.50;;26200.50;1;BID;;;;;
20251031;050802.060;26200.25;;26200.25;2;BID;;;;;
20251031;050802.060;;26201.25;26201.25;3;ASK;;;;;
20251031;050802.060;26200.25;;26200.25;1;BID;;;;;
20251031;050802.060;;26201.25;26201.25;2;ASK;;;;;
20251031;050802.060;26200.25;;26200.25;2;BID;;;;;
20251031;050802.060;;26201.00;26201.00;1;ASK;;;;;
20251031;050802.060;26200.50;;26200.50;1;BID;;;;;
20251031;050802.060;26200.25;;26200.25;2;BID;;;;;
20251031;050802.152;;26201.25;26201.25;3;ASK;;;;;
20251031;050802.152;;26201.25;26201.25;2;ASK;;;;;
20251031;050802.152;26200.50;;26200.50;1;BID;;;;;
20251031;050802.152;26200.50;;26200.50;2;BID;;;;;
20251031;050802.152;;26201.25;26201.25;1;ASK;;;;;
20251031;050802.160;;26201.50;26201.50;1;ASK;;;;;
20251031;050802.164;26200.75;;26200.75;1;BID;;;;;
20251031;050802.164;26200.75;;26200.75;2;BID;;;;;
20251031;050802.168;;26201.75;26201.75;3;ASK;;;;;
20251031;050802.168;;26201.75;26201.75;2;ASK;;;;;
20251031;050802.332;26201.00;;26201.00;1;BID;;;;;
20251031;050802.332;;26201.75;26201.75;1;ASK;;;;;
20251031;050802.332;;26202.00;26202.00;3;ASK;;;;;
20251031;050802.332;;26202.00;26202.00;2;ASK;;;;;
20251031;050802.332;26201.00;;26201.00;2;BID;;;;;
20251031;050802.332;;26202.00;26202.00;1;ASK;;;;;
20251031;050802.332;;26201.75;26201.75;1;ASK;;;;;
20251031;050802.332;26201.00;;26201.00;1;BID;;;;;
20251031;050802.448;26201.00;;26201.00;2;BID;;;;;
20251031;050803.536;;26201.50;26201.50;1;ASK;;;;;
20251031;050803.536;26201.00;;26201.00;1;BID;;;;;
20251031;050803.536;26200.75;;26200.75;2;BID;;;;;
20251031;050803.624;26200.75;;26200.75;3;BID;d_shape;LONG;26200.75;;
20251031;050803.928;;26201.75;26201.75;1;ASK;;;;;
20251031;050803.928;26200.75;;26200.75;2;BID;;;;;
20251031;050804.008;;26201.50;26201.50;1;ASK;;;;;
20251031;050804.380;26200.75;;26200.75;3;BID;;;;;
20251031;050804.380;26201.00;;26201.00;1;BID;;;;;
20251031;050804.380;;26201.75;26201.75;1;ASK;;;;;
20251031;050804.640;26200.75;;26200.75;2;BID;;;;;
20251031;050804.640;;26201.50;26201.50;1;ASK;;;;;
20251031;050804.968;26200.75;;26200.75;1;BID;;;;;
20251031;050804.968;26200.50;;26200.50;3;BID;;;;;
20251031;050804.968;26200.50;;26200.50;2;BID;;;;;
20251031;050804.968;;26201.25;26201.25;1;ASK;;;;;
20251031;050804.968;26200.75;;26200.75;1;BID;;;;;
20251031;050804.968;;26201.50;26201.50;1;ASK;;;;;
20251031;050805.032;;26201.25;26201.25;1;ASK;;;;;
20251031;050805.032;26200.50;;26200.50;2;BID;;;;;
20251031;050805.044;;26201.50;26201.50;1;ASK;;;;;
20251031;050805.044;26200.75;;26200.75;1;BID;;;;;
20251031;050805.144;;26201.25;26201.25;1;ASK;;;;;
20251031;050805.144;26200.50;;26200.50;2;BID;;;;;
20251031;050805.144;;26201.50;26201.50;1;ASK;;;;;
20251031;050805.200;26200.75;;26200.75;1;BID;;;;;
20251031;050806.656;26200.50;;26200.50;2;BID;;;;;
20251031;050806.700;;26201.25;26201.25;1;ASK;;;;;
20251031;050807.276;26200.75;;26200.75;1;BID;;;;;
20251031;050807.276;;26201.50;26201.50;2;ASK;;;;;
20251031;050807.276;;26201.50;26201.50;1;ASK;;;;;
20251031;050807.280;26200.50;;26200.50;2;BID;;;;;
20251031;050807.280;;26201.25;26201.25;1;ASK;;;;;
20251031;050807.492;;26201.50;26201.50;1;ASK;;;;;
20251031;050807.492;26200.75;;26200.75;1;BID;;;;;
20251031;050808.620;26200.75;;26200.75;2;BID;;;;;
20251031;050809.004;26200.75;;26200.75;3;BID;;;;;
20251031;050809.284;26200.75;;26200.75;2;BID;;;;;
20251031;050809.824;;26201.75;26201.75;1;ASK;;;;;
20251031;050809.876;26201.00;;26201.00;1;BID;;;;;
20251031;050809.876;26200.75;;26200.75;2;BID;;;;;
20251031;050809.876;;26201.50;26201.50;1;ASK;;;;;
20251031;050811.432;26200.75;;26200.75;3;BID;;;;;
20251031;050811.452;;26201.75;26201.75;1;ASK;;;;;
20251031;050811.452;26201.00;;26201.00;1;BID;;;;;
20251031;050811.456;26200.75;;26200.75;3;BID;;;;;
20251031;050811.456;26200.75;;26200.75;2;BID;;;;;
20251031;050811.456;;26201.50;26201.50;1;ASK;;;;;
20251031;050812.620;26200.75;;26200.75;1;BID;;;;;
20251031;050812.620;;26201.25;26201.25;1;ASK;;;;;
20251031;050812.620;26200.50;;26200.50;3;BID;;;;;
20251031;050812.624;26200.50;;26200.50;2;BID;;;;;
20251031;050814.208;;26201.50;26201.50;1;ASK;;;;;
20251031;050814.208;26200.75;;26200.75;1;BID;;;;;
20251031;050814.884;;26201.25;26201.25;1;ASK;;;;;
20251031;050814.884;26200.50;;26200.50;2;BID;;;;;
20251031;050815.024;;26201.50;26201.50;1;ASK;;;;;
20251031;050815.028;26200.75;;26200.75;1;BID;;;;;
20251031;050815.164;;26201.25;26201.25;1;ASK;;;;;
20251031;050815.164;26200.50;;26200.50;2;BID;;;;;
20251031;050815.168;;26201.50;26201.50;1;ASK;;;;;
20251031;050815.336;26200.50;;26200.50;3;BID;;;;;
20251031;050815.336;26200.75;;26200.75;1;BID;;;;;
20251031;050815.412;26200.50;;26200.50;2;BID;;;;;
20251031;050815.412;;26201.25;26201.25;1;ASK;;;;;
20251031;050815.784;;26201.50;26201.50;1;ASK;;;;;
20251031;050815.808;26200.50;;26200.50;3;BID;;;;;
20251031;050815.808;26200.75;;26200.75;1;BID;;;;;
20251031;050816.360;26200.75;;26200.75;2;BID;;;;;
20251031;050816.360;26200.75;;26200.75;3;BID;;;;;
20251031;050816.360;;26201.75;26201.75;1;ASK;;;;;
20251031;050816.360;26200.75;;26200.75;2;BID;;;;;
20251031;050816.392;26201.00;;26201.00;1;BID;;;;;
20251031;050816.392;;26201.50;26201.50;1;ASK;;;;;
20251031;050816.392;26200.75;;26200.75;3;BID;;;;;
20251031;050816.392;26200.75;;26200.75;2;BID;;;;;
20251031;050817.916;26200.75;;26200.75;1;BID;;;;;
20251031;050817.916;26200.75;;26200.75;1;BID;;;;;
20251031;050817.916;26200.50;;26200.50;1;BID;;;;;
20251031;050817.916;26200.50;;26200.50;1;BID;;;;;
20251031;050817.916;26200.50;;26200.50;1;BID;;;;;
20251031;050817.916;26200.50;;26200.50;1;BID;;;;;
20251031;050817.916;26200.25;;26200.25;1;BID;;;;;
20251031;050817.916;26200.00;;26200.00;3;BID;;;;;
20251031;050817.916;;26201.25;26201.25;1;ASK;;;;;
20251031;050817.916;;26201.25;26201.25;2;ASK;;;;;
20251031;050817.916;;26201.00;26201.00;1;ASK;;;;;
20251031;050817.916;26200.25;;26200.25;1;BID;;;;;
20251031;050817.920;26200.25;;26200.25;2;BID;;;;;
20251031;050817.920;26200.25;;26200.25;1;BID;;;;;
20251031;050817.920;;26201.25;26201.25;4;ASK;;;;;
20251031;050817.920;26200.50;;26200.50;1;BID;;;;;
20251031;050817.920;26200.00;;26200.00;3;BID;;;;;
20251031;050817.920;26200.25;;26200.25;1;BID;;;;;
20251031;050817.920;;26201.00;26201.00;1;ASK;;;;;
20251031;050818.584;;26201.25;26201.25;5;ASK;;;;;
20251031;050818.584;;26201.25;26201.25;4;ASK;;;;;
20251031;050818.584;26200.25;;26200.25;2;BID;;;;;
20251031;050818.584;26200.25;;26200.25;3;BID;;;;;
20251031;050818.588;26200.50;;26200.50;1;BID;;;;;
20251031;050818.588;;26201.25;26201.25;3;ASK;;;;;
20251031;050818.588;26200.25;;26200.25;3;BID;;;;;
20251031;050818.664;26200.50;;26200.50;1;BID;;;;;
20251031;050818.664;;26201.25;26201.25;2;ASK;;;;;
20251031;050820.156;26201.00;;26201.00;1;BID;;;;;
20251031;050820.156;26201.00;;26201.00;1;BID;;;;;
20251031;050820.156;26200.50;;26200.50;1;BID;;;;;
20251031;050820.156;;26201.25;26201.25;1;ASK;;;;;
20251031;050820.156;;26201.50;26201.50;5;ASK;;;;;
20251031;050820.160;;26201.50;26201.50;4;ASK;;;;;
20251031;050820.160;;26201.25;26201.25;1;ASK;;;;;
20251031;050820.172;;26201.25;26201.25;1;ASK;;;;;
20251031;050820.172;;26201.50;26201.50;5;ASK;;;;;
20251031;050820.172;26200.75;;26200.75;1;BID;;;;;
20251031;050820.172;26200.75;;26200.75;2;BID;;;;;
20251031;050820.172;;26201.50;26201.50;4;ASK;;;;;
20251031;050820.172;;26201.50;26201.50;3;ASK;;;;;
20251031;050820.172;;26201.50;26201.50;2;ASK;;;;;
20251031;050820.176;;26201.50;26201.50;1;ASK;;;;;
20251031;050820.176;;26201.75;26201.75;2;ASK;;;;;
20251031;050820.176;;26201.75;26201.75;1;ASK;;;;;
20251031;050820.176;26201.00;;26201.00;1;BID;;;;;
20251031;050820.176;26201.00;;26201.00;2;BID;;;;;
20251031;050820.188;;26201.75;26201.75;1;ASK;;;;;
20251031;050820.188;;26202.00;26202.00;1;ASK;;;;;
20251031;050820.188;26201.25;;26201.25;1;BID;;;;;
20251031;050820.192;26201.00;;26201.00;2;BID;;;;;
20251031;050820.192;;26201.75;26201.75;1;ASK;;;;;
20251031;050821.140;26201.00;;26201.00;1;BID;;;;;
20251031;050821.140;;26201.50;26201.50;1;ASK;;;;;
20251031;050821.140;26200.75;;26200.75;3;BID;;;;;
20251031;050821.140;26200.75;;26200.75;2;BID;;;;;
20251031;050821.284;26200.75;;26200.75;1;BID;;;;;
20251031;050825.048;;26201.75;26201.75;1;ASK;;;;;
20251031;050825.048;26200.75;;26200.75;2;BID;;;;;
20251031;050825.048;26201.00;;26201.00;1;BID;;;;;
20251031;050825.080;;26202.00;26202.00;3;ASK;;;;;
20251031;050825.080;26201.00;;26201.00;2;BID;;;;;
20251031;050825.080;26201.00;;26201.00;3;BID;;;;;
20251031;050825.080;26201.00;;26201.00;4;BID;;;;;
20251031;050825.080;;26202.00;26202.00;2;ASK;;;;;
20251031;050825.080;26201.00;;26201.00;5;BID;;;;;
20251031;050825.080;26201.25;;26201.25;1;BID;;;;;
20251031;050825.084;;26202.00;26202.00;1;ASK;;;;;
20251031;050825.084;26201.25;;26201.25;2;BID;;;;;
20251031;050825.084;;26202.25;26202.25;2;ASK;;;;;
20251031;050825.084;;26202.25;26202.25;1;ASK;;;;;
20251031;050825.084;26201.25;;26201.25;3;BID;;;;;
20251031;050825.084;;26202.00;26202.00;1;ASK;;;;;
20251031;050825.084;26201.25;;26201.25;2;BID;;;;;
20251031;050825.096;26201.25;;26201.25;3;BID;;;;;
20251031;050825.200;;26202.00;26202.00;1;ASK;;;;;
20251031;050825.200;;26202.25;26202.25;1;ASK;;;;;
20251031;050825.200;26201.50;;26201.50;1;BID;;;;;
20251031;050825.200;26201.50;;26201.50;2;BID;;;;;
20251031;050825.204;26201.50;;26201.50;1;BID;;;;;
20251031;050825.204;;26202.00;26202.00;1;ASK;;;;;
20251031;050825.212;;26202.25;26202.25;1;ASK;;;;;
20251031;050825.212;26201.50;;26201.50;2;BID;;;;;
20251031;050826.292;;26202.25;26202.25;2;ASK;;;;;
20251031;050826.292;26201.50;;26201.50;1;BID;;;;;
20251031;050826.292;;26202.00;26202.00;1;ASK;;;;;
20251031;050826.604;;26202.25;26202.25;1;ASK;;;;;
20251031;050826.808;26201.50;;26201.50;2;BID;;;;;
20251031;050827.336;;26202.25;26202.25;2;ASK;;;;;
20251031;050827.336;26201.50;;26201.50;1;BID;;;;;
20251031;050827.336;26201.50;;26201.50;1;BID;;;;;
20251031;050827.336;26201.25;;26201.25;3;BID;;;;;
20251031;050827.336;;26201.50;26201.50;2;ASK;;;;;
20251031;050827.336;26201.25;;26201.25;2;BID;;;;;
20251031;050827.336;26201.25;;26201.25;1;BID;;;;;
20251031;050827.336;26201.00;;26201.00;4;BID;;;;;
20251031;050827.336;;26201.50;26201.50;1;ASK;;;;;
20251031;050827.336;;26201.50;26201.50;1;ASK;;;;;
20251031;050827.336;26201.00;;26201.00;3;BID;;;;;
20251031;050827.336;26201.00;;26201.00;2;BID;;;;;
20251031;050827.336;26201.25;;26201.25;2;BID;;;;;
20251031;050827.336;;26201.50;26201.50;1;ASK;;;;;
20251031;050827.336;;26202.00;26202.00;3;ASK;;;;;
20251031;050827.340;;26202.00;26202.00;2;ASK;;;;;
20251031;050827.652;26201.25;;26201.25;3;BID;;;;;
20251031;050828.904;26201.25;;26201.25;1;BID;;;;;
20251031;050828.904;26201.25;;26201.25;2;BID;;;;;
20251031;050829.084;26201.50;;26201.50;1;BID;;;;;
20251031;050829.084;;26202.00;26202.00;1;ASK;;;;;
20251031;050829.084;;26202.25;26202.25;1;ASK;;;;;
20251031;050829.088;26201.50;;26201.50;2;BID;;;;;
20251031;050829.088;26201.50;;26201.50;3;BID;;;;;
20251031;050829.088;;26202.25;26202.25;2;ASK;;;;;
20251031;050829.124;26201.75;;26201.75;1;BID;;;;;
20251031;050829.124;26201.75;;26201.75;2;BID;;;;;
20251031;050829.128;;26202.25;26202.25;1;ASK;;;;;
20251031;050829.128;;26202.25;26202.25;1;ASK;;;;;
20251031;050829.128;;26202.25;26202.25;1;ASK;;;;;
20251031;050829.128;;26202.50;26202.50;2;ASK;;;;;
20251031;050829.128;26202.00;;26202.00;1;BID;;;;;
20251031;050829.128;;26202.50;26202.50;1;ASK;;;;;
20251031;050829.128;26201.75;;26201.75;2;BID;;;;;
20251031;050829.128;26201.75;;26201.75;3;BID;;;;;
20251031;050829.128;26202.00;;26202.00;1;BID;;;;;
20251031;050829.128;26201.75;;26201.75;3;BID;;;;;
20251031;050829.128;;26202.50;26202.50;2;ASK;;;;;
20251031;050829.224;26201.75;;26201.75;2;BID;;;;;
20251031;050829.224;26201.75;;26201.75;1;BID;;;;;
20251031;050829.280;26201.50;;26201.50;3;BID;;;;;
20251031;050829.280;26201.50;;26201.50;2;BID;;;;;
20251031;050829.296;;26202.25;26202.25;1;ASK;;;;;
20251031;050829.296;26201.75;;26201.75;1;BID;;;;;
20251031;050829.300;26201.50;;26201.50;1;BID;;;;;
20251031;050830.028;26201.75;;26201.75;1;BID;;;;;
20251031;050830.028;;26202.50;26202.50;2;ASK;;;;;
20251031;050830.860;26201.75;;26201.75;2;BID;;;;;
20251031;050830.860;26202.00;;26202.00;1;BID;;;;;
20251031;050831.888;26201.75;;26201.75;2;BID;;;;;
20251031;050831.892;26201.75;;26201.75;1;BID;;;;;
20251031;050831.900;;26202.25;26202.25;1;ASK;;;;;
20251031;050831.900;26201.50;;26201.50;2;BID;;;;;
20251031;050831.984;26201.50;;26201.50;3;BID;;;;;
20251031;050831.984;26201.75;;26201.75;1;BID;;;;;
20251031;050831.984;;26202.50;26202.50;2;ASK;;;;;
20251031;050832.088;26201.50;;26201.50;2;BID;;;;;
20251031;050832.128;;26202.25;26202.25;1;ASK;;;;;
20251031;050832.128;;26202.25;26202.25;2;ASK;;;;;
20251031;050832.128;26201.50;;26201.50;1;BID;;;;;
20251031;050832.600;26201.75;;26201.75;1;BID;;;;;
20251031;050832.600;;26202.25;26202.25;1;ASK;;;;;
20251031;050833.080;;26202.25;26202.25;1;ASK;;;;;
20251031;050833.080;;26202.50;26202.50;2;ASK;;;;;
20251031;050833.084;26201.50;;26201.50;1;BID;;;;;
20251031;050833.084;26201.50;;26201.50;2;BID;;;;;
20251031;050833.084;26201.50;;26201.50;3;BID;;;;;
20251031;050833.084;26201.50;;26201.50;4;BID;;;;;
20251031;050833.084;26201.75;;26201.75;1;BID;;;;;
20251031;050833.508;26201.50;;26201.50;5;BID;;;;;
20251031;050833.508;26201.50;;26201.50;4;BID;;;;;
20251031;050833.508;;26202.50;26202.50;3;ASK;;;;;
20251031;050833.508;26201.50;;26201.50;3;BID;;;;;
20251031;050833.512;26201.75;;26201.75;1;BID;;;;;
20251031;050834.004;26201.75;;26201.75;2;BID;;;;;
20251031;050834.004;;26202.50;26202.50;2;ASK;;;;;
20251031;050834.052;26202.00;;26202.00;1;BID;;;;;
20251031;050834.056;26201.75;;26201.75;2;BID;;;;;
20251031;050834.056;26201.75;;26201.75;1;BID;;;;;
20251031;050834.336;26201.75;;26201.75;2;BID;;;;;
20251031;050834.384;26202.00;;26202.00;1;BID;;;;;
20251031;050834.384;26201.75;;26201.75;1;BID;;;;;
20251031;050834.436;26201.75;;26201.75;2;BID;;;;;
20251031;050834.436;26202.00;;26202.00;1;BID;;;;;
20251031;050834.484;26201.75;;26201.75;1;BID;;;;;
20251031;050834.632;26201.75;;26201.75;2;BID;;;;;
20251031;050835.192;26202.00;;26202.00;1;BID;;;;;
20251031;050835.192;26201.75;;26201.75;2;BID;;;;;
20251031;050835.192;26201.75;;26201.75;1;BID;;;;;
20251031;050835.244;26201.75;;26201.75;2;BID;;;;;
20251031;050835.560;26201.75;;26201.75;1;BID;;;;;
20251031;050835.560;26201.75;;26201.75;1;BID;;;;;
20251031;050835.560;;26202.25;26202.25;1;ASK;;;;;
20251031;050835.560;;26202.25;26202.25;2;ASK;;;;;
20251031;050835.564;;26202.25;26202.25;1;ASK;;;;;
20251031;050836.124;;26202.25;26202.25;2;ASK;;;;;
20251031;050836.124;26201.75;;26201.75;1;BID;;;;;
20251031;050836.124;26201.50;;26201.50;4;BID;;;;;
20251031;050836.124;;26202.00;26202.00;1;ASK;;;;;
20251031;050836.124;26201.50;;26201.50;3;BID;;;;;
20251031;050836.124;;26202.00;26202.00;2;ASK;;;;;
20251031;050836.124;26201.50;;26201.50;2;BID;;;;;
20251031;050836.124;26201.50;;26201.50;1;BID;;;;;
20251031;050836.124;;26202.00;26202.00;3;ASK;;;;;
20251031;050836.124;26201.25;;26201.25;1;BID;;;;;
20251031;050836.124;;26202.00;26202.00;2;ASK;;;;;
20251031;050836.124;26201.50;;26201.50;1;BID;;;;;
20251031;050836.124;26201.25;;26201.25;1;BID;;;;;
20251031;050836.124;;26202.00;26202.00;1;ASK;;;;;
20251031;050836.124;;26202.25;26202.25;4;ASK;;;;;
20251031;050836.128;;26202.00;26202.00;1;ASK;;;;;
20251031;050836.128;;26202.00;26202.00;2;ASK;;;;;
20251031;050836.128;26201.00;;26201.00;3;BID;;;;;
20251031;050836.128;26201.00;;26201.00;2;BID;;;;;
20251031;050836.132;26201.25;;26201.25;1;BID;;;;;
20251031;050836.944;;26202.00;26202.00;1;ASK;;;;;
20251031;050838.784;;26202.00;26202.00;1;ASK;;;;;
20251031;050838.784;;26202.25;26202.25;5;ASK;;;;;
20251031;050838.784;26201.50;;26201.50;1;BID;;;;;
20251031;050838.784;;26202.25;26202.25;4;ASK;;;;;
20251031;050838.784;;26202.25;26202.25;3;ASK;;;;;
20251031;050838.784;;26202.25;26202.25;2;ASK;;;;;
20251031;050838.784;;26202.25;26202.25;1;ASK;;;;;
20251031;050838.820;;26202.25;26202.25;1;ASK;;;;;
20251031;050838.820;;26202.50;26202.50;2;ASK;;;;;
20251031;050838.820;26201.75;;26201.75;1;BID;;;;;
20251031;050839.296;26202.00;;26202.00;1;BID;;;;;
20251031;050839.460;26201.75;;26201.75;1;BID;;;;;
20251031;050840.156;26201.50;;26201.50;6;BID;;;;;
20251031;050840.156;26201.50;;26201.50;5;BID;;;;;
20251031;050840.156;26201.50;;26201.50;4;BID;;;;;
20251031;050840.156;26201.75;;26201.75;1;BID;;;;;
20251031;050840.244;26201.50;;26201.50;5;BID;;;;;
20251031;050840.244;26201.50;;26201.50;4;BID;;;;;
20251031;050840.248;26201.75;;26201.75;1;BID;;;;;
20251031;050842.780;;26202.25;26202.25;1;ASK;;;;;
20251031;050842.780;26201.50;;26201.50;5;BID;;;;;
20251031;050842.780;26201.50;;26201.50;4;BID;;;;;
20251031;050842.780;;26202.50;26202.50;2;ASK;;;;;
20251031;050842.780;26201.75;;26201.75;1;BID;;;;;
20251031;050842.940;;26202.25;26202.25;1;ASK;;;;;
20251031;050842.940;26201.50;;26201.50;5;BID;;;;;
20251031;050842.940;26201.50;;26201.50;4;BID;;;;;
20251031;050842.940;26201.75;;26201.75;1;BID;;;;;
20251031;050842.940;;26202.50;26202.50;2;ASK;;;;;
20251031;050845.208;26202.00;;26202.00;1;BID;;;;;
20251031;050845.232;;26202.25;26202.25;1;ASK;;;;;
20251031;050845.232;26201.75;;26201.75;1;BID;;;;;
20251031;050845.636;26201.75;;26201.75;1;BID;;;;;
20251031;050845.636;26201.50;;26201.50;5;BID;;;;;
20251031;050845.636;26201.50;;26201.50;4;BID;;;;;
20251031;050845.636;26201.50;;26201.50;3;BID;;;;;
20251031;050845.660;26201.75;;26201.75;1;BID;;;;;
20251031;050845.664;26201.50;;26201.50;3;BID;;;;;
20251031;050846.052;26201.50;;26201.50;4;BID;;;;;
20251031;050846.052;26201.50;;26201.50;5;BID;;;;;
20251031;050846.052;26201.75;;26201.75;1;BID;;;;;
20251031;050846.060;;26202.25;26202.25;2;ASK;;;;;
20251031;050846.060;26201.50;;26201.50;3;BID;;;;;
20251031;050846.060;26201.50;;26201.50;2;BID;;;;;
20251031;050846.804;26201.75;;26201.75;1;BID;;;;;
20251031;050846.916;26201.50;;26201.50;2;BID;;;;;
20251031;050847.960;26201.50;;26201.50;1;BID;;;;;
20251031;050848.524;;26202.00;26202.00;1;ASK;;;;;
20251031;050848.524;26201.25;;26201.25;4;BID;;;;;
20251031;050848.524;26201.25;;26201.25;3;BID;;;;;
20251031;050848.524;;26202.25;26202.25;2;ASK;;;;;
20251031;050848.528;26201.50;;26201.50;1;BID;;;;;
20251031;050850.220;26201.50;;26201.50;2;BID;;;;;
20251031;050850.364;26201.50;;26201.50;1;BID;;;;;
20251031;050852.968;26201.50;;26201.50;2;BID;;;;;
20251031;050853.872;26201.75;;26201.75;1;BID;;;;;
20251031;050853.876;26201.50;;26201.50;2;BID;;;;;
20251031;050856.416;26201.50;;26201.50;1;BID;;;;;
20251031;050856.416;26201.50;;26201.50;1;BID;;;;;
20251031;050856.416;26201.25;;26201.25;4;BID;;;;;
20251031;050856.416;26201.25;;26201.25;3;BID;;;;;
20251031;050856.420;;26202.25;26202.25;3;ASK;;;;;
20251031;050856.640;26201.50;;26201.50;1;BID;;;;;
20251031;050856.640;;26202.25;26202.25;2;ASK;;;;;
20251031;050856.644;26201.50;;26201.50;2;BID;;;;;
20251031;050858.096;26201.75;;26201.75;1;BID;;;;;
20251031;050858.096;26201.75;;26201.75;2;BID;;;;;
20251031;050858.096;;26202.25;26202.25;1;ASK;;;;;
20251031;050858.096;;26202.25;26202.25;1;ASK;;;;;
20251031;050858.096;;26202.50;26202.50;1;ASK;;;;;
20251031;050858.096;26202.00;;26202.00;1;BID;;;;;
20251031;050858.096;26202.00;;26202.00;2;BID;;;;;
20251031;050858.096;26202.00;;26202.00;3;BID;;;;;
20251031;050858.096;26202.00;;26202.00;4;BID;;;;;
20251031;050858.096;26202.00;;26202.00;3;BID;;;;;
20251031;050858.096;26202.00;;26202.00;2;BID;;;;;
20251031;050858.096;26202.25;;26202.25;1;BID;;;;;
20251031;050858.096;;26202.50;26202.50;1;ASK;;;;;
20251031;050858.096;;26203.00;26203.00;3;ASK;;;;;
20251031;050858.096;26202.00;;26202.00;2;BID;;;;;
20251031;050858.100;;26203.00;26203.00;2;ASK;;;;;
20251031;050858.100;26202.25;;26202.25;1;BID;;;;;
20251031;050858.100;26202.25;;26202.25;2;BID;;;;;
20251031;050858.100;26202.25;;26202.25;3;BID;;;;;
20251031;050858.100;26202.25;;26202.25;2;BID;;;;;
20251031;050858.136;26202.25;;26202.25;1;BID;;;;;
20251031;050858.136;26202.00;;26202.00;3;BID;;;;;
20251031;050858.136;26202.00;;26202.00;2;BID;;;;;
20251031;050858.136;26202.25;;26202.25;1;BID;;;;;
20251031;050858.136;26202.00;;26202.00;2;BID;;;;;
20251031;050858.140;26202.25;;26202.25;1;BID;;;;;
20251031;050858.332;26202.00;;26202.00;2;BID;;;;;
20251031;050858.332;;26202.75;26202.75;1;ASK;;;;;
20251031;050858.356;;26203.00;26203.00;2;ASK;;;;;
20251031;050858.356;26202.25;;26202.25;1;BID;;;;;
20251031;050858.892;26202.00;;26202.00;2;BID;;;;;
20251031;050858.892;;26202.75;26202.75;1;ASK;;;;;
20251031;050858.892;26202.00;;26202.00;1;BID;;;;;
20251031;050859.032;;26202.50;26202.50;1;ASK;;;;;
20251031;050859.032;26201.75;;26201.75;2;BID;;;;;
20251031;050859.032;;26202.50;26202.50;2;ASK;;;;;
20251031;050859.032;;26202.50;26202.50;3;ASK;;;;;
20251031;050859.032;26201.75;;26201.75;1;BID;;;;;
20251031;050859.032;26201.50;;26201.50;2;BID;;;;;
20251031;050859.032;;26202.50;26202.50;4;ASK;;;;;
20251031;050859.032;;26202.25;26202.25;1;ASK;;;;;
20251031;050859.088;26201.50;;26201.50;1;BID;;;;;
20251031;050859.664;;26202.25;26202.25;1;ASK;;;;;
20251031;050859.664;;26202.50;26202.50;1;ASK;;;;;
20251031;050859.664;;26202.50;26202.50;1;ASK;;;;;
20251031;050859.664;;26202.50;26202.50;1;ASK;;;;;
20251031;050859.664;;26202.50;26202.50;1;ASK;;;;;
20251031;050859.664;;26202.75;26202.75;1;ASK;;;;;
20251031;050859.664;;26202.75;26202.75;1;ASK;;;;;
20251031;050859.664;;26202.75;26202.75;1;ASK;;;;;
20251031;050859.664;;26202.75;26202.75;1;ASK;;;;;
20251031;050859.664;;26203.00;26203.00;1;ASK;;;;;
20251031;050859.664;;26203.00;26203.00;1;ASK;;;;;
20251031;050859.664;;26203.00;26203.00;1;ASK;;;;;
20251031;050859.664;;26203.00;26203.00;1;ASK;;;;;
20251031;050859.664;;26203.25;26203.25;1;ASK;;;;;
20251031;050859.664;;26203.50;26203.50;1;ASK;;;;;
20251031;050859.664;;26203.50;26203.50;1;ASK;;;;;
20251031;050859.664;;26203.50;26203.50;1;ASK;;;;;
20251031;050859.664;;26203.75;26203.75;1;ASK;;;;;
20251031;050859.664;;26203.75;26203.75;1;ASK;;;;;
20251031;050859.664;;26203.75;26203.75;1;ASK;;;;;
20251031;050859.664;;26203.75;26203.75;1;ASK;;;;;
20251031;050859.664;26201.75;;26201.75;1;BID;;;;;
20251031;050859.668;26201.75;;26201.75;2;BID;;;;;
20251031;050859.668;26201.75;;26201.75;3;BID;;;;;
20251031;050859.668;26201.75;;26201.75;4;BID;;;;;
20251031;050859.668;;26203.75;26203.75;2;ASK;;;;;
20251031;050859.668;;26203.75;26203.75;1;ASK;;;;;
20251031;050859.668;26202.00;;26202.00;1;BID;;;;;
20251031;050859.668;;26203.50;26203.50;1;ASK;;;;;
20251031;050859.668;;26203.50;26203.50;2;ASK;;;;;
20251031;050859.668;;26203.50;26203.50;3;ASK;;;;;
20251031;050859.668;26202.00;;26202.00;2;BID;;;;;
20251031;050859.668;26202.00;;26202.00;3;BID;;;;;
20251031;050859.668;26202.00;;26202.00;4;BID;;;;;
20251031;050859.668;26202.00;;26202.00;5;BID;;;;;
20251031;050859.668;26202.00;;26202.00;6;BID;;;;;
20251031;050859.668;;26203.25;26203.25;1;ASK;;;;;
20251031;050859.668;;26203.25;26203.25;2;ASK;;;;;
20251031;050859.672;26202.00;;26202.00;5;BID;;;;;
20251031;050859.672;26202.25;;26202.25;1;BID;;;;;
20251031;050859.672;26202.25;;26202.25;2;BID;;;;;
20251031;050859.716;;26203.25;26203.25;3;ASK;;;;;
20251031;050859.912;26202.50;;26202.50;1;BID;;;;;
20251031;050859.912;;26203.25;26203.25;2;ASK;;;;;
20251031;050859.912;26202.25;;26202.25;1;BID;;;;;
20251031;050900.440;;26203.25;26203.25;3;ASK;;;;;
20251031;050900.440;26202.00;;26202.00;6;BID;;;;;
20251031;050900.440;26202.00;;26202.00;5;BID;;;;;
20251031;050900.444;;26203.00;26203.00;1;ASK;;;;;
20251031;050900.444;26202.00;;26202.00;4;BID;;;;;
20251031;050900.444;;26203.00;26203.00;2;ASK;;;;;
20251031;050900.444;26202.25;;26202.25;1;BID;;;;;
20251031;050901.656;26202.00;;26202.00;7;BID;;;;;
20251031;050901.656;26202.00;;26202.00;6;BID;;;;;
20251031;050901.660;26202.00;;26202.00;5;BID;;;;;
20251031;050901.660;26202.25;;26202.25;1;BID;;;;;
20251031;050901.708;;26203.00;26203.00;3;ASK;;;;;
20251031;050901.708;26202.00;;26202.00;6;BID;;;;;
20251031;050901.708;26202.00;;26202.00;5;BID;;;;;
20251031;050901.708;26202.00;;26202.00;4;BID;;;;;
20251031;050901.708;;26203.00;26203.00;2;ASK;;;;;
20251031;050901.708;;26203.00;26203.00;3;ASK;;;;;
20251031;050901.708;;26202.75;26202.75;1;ASK;;;;;
20251031;050901.708;26202.00;;26202.00;3;BID;;;;;
20251031;050901.708;26202.00;;26202.00;2;BID;;;;;
20251031;050901.832;26202.25;;26202.25;1;BID;;;;;
20251031;050901.832;;26203.00;26203.00;3;ASK;;;;;
20251031;050901.832;26202.00;;26202.00;2;BID;;;;;
20251031;050902.044;26202.25;;26202.25;1;BID;;;;;
20251031;050902.044;;26203.00;26203.00;2;ASK;;;;;
20251031;050902.044;;26203.00;26203.00;1;ASK;;;;;
20251031;050902.044;26202.50;;26202.50;1;BID;;;;;
20251031;050902.044;26202.25;;26202.25;1;BID;;;;;
20251031;050902.044;;26203.25;26203.25;2;ASK;;;;;
20251031;050902.044;;26203.25;26203.25;1;ASK;;;;;
20251031;050902.044;26202.50;;26202.50;1;BID;;;;;
20251031;050902.044;26202.50;;26202.50;2;BID;;;;;
20251031;050902.044;26202.50;;26202.50;3;BID;;;;;
20251031;050902.044;;26203.50;26203.50;2;ASK;;;;;
20251031;050902.432;26202.50;;26202.50;2;BID;;;;;
20251031;050902.432;;26203.50;26203.50;3;ASK;;;;;
20251031;050902.432;;26203.25;26203.25;1;ASK;;;;;
20251031;050902.432;26202.50;;26202.50;1;BID;;;;;
20251031;050902.612;26202.75;;26202.75;3;BID;;;;;
20251031;050902.612;;26203.50;26203.50;2;ASK;;;;;
20251031;050902.624;;26203.50;26203.50;3;ASK;;;;;
20251031;050903.052;26202.75;;26202.75;3;BID;;;;;
20251031;050903.052;26202.50;;26202.50;1;BID;;;;;
20251031;050903.052;26202.25;;26202.25;2;BID;;;;;
20251031;050903.052;;26203.50;26203.50;4;ASK;;;;;
20251031;050903.052;;26203.50;26203.50;5;ASK;;;;;
20251031;050903.052;;26203.25;26203.25;1;ASK;;;;;
20251031;050903.052;;26203.25;26203.25;2;ASK;;;;;
20251031;050903.052;26202.25;;26202.25;1;BID;;;;;
20251031;050903.052;26202.50;;26202.50;1;BID;;;;;
20251031;050903.052;;26203.25;26203.25;3;ASK;;;;;
20251031;050903.052;;26203.00;26203.00;1;ASK;;;;;
20251031;050903.056;;26203.00;26203.00;2;ASK;;;;;
20251031;050903.056;;26203.00;26203.00;1;ASK;;;;;
20251031;050903.056;;26203.00;26203.00;1;ASK;;;;;
20251031;050903.056;;26203.25;26203.25;1;ASK;;;;;
20251031;050903.056;;26203.25;26203.25;2;ASK;;;;;
20251031;050903.056;;26203.25;26203.25;1;ASK;;;;;
20251031;050903.056;;26203.50;26203.50;6;ASK;;;;;
20251031;050903.056;;26203.50;26203.50;5;ASK;;;;;
20251031;050903.056;26202.75;;26202.75;1;BID;;;;;
20251031;050903.056;;26203.50;26203.50;4;ASK;;;;;
20251031;050903.056;;26203.50;26203.50;3;ASK;;;;;
20251031;050903.056;;26203.50;26203.50;2;ASK;;;;;
20251031;050903.056;;26203.50;26203.50;1;ASK;;;;;
20251031;050903.056;;26203.75;26203.75;2;ASK;;;;;
20251031;050903.056;26203.00;;26203.00;1;BID;;;;;
20251031;050903.056;;26203.75;26203.75;1;ASK;;;;;
20251031;050903.056;;26204.00;26204.00;3;ASK;;;;;
20251031;050903.056;;26204.00;26204.00;2;ASK;;;;;
20251031;050903.060;;26204.00;26204.00;1;ASK;;;;;
20251031;050903.060;;26204.00;26204.00;2;ASK;;;;;
20251031;050903.060;;26204.00;26204.00;3;ASK;;;;;
20251031;050903.060;;26204.00;26204.00;2;ASK;;;;;
20251031;050903.060;26203.00;;26203.00;2;BID;;;;;
20251031;050903.060;26203.25;;26203.25;1;BID;;;;;
20251031;050903.060;;26204.00;26204.00;1;ASK;;;;;
20251031;050903.060;;26204.25;26204.25;3;ASK;;;;;
20251031;050903.064;;26204.25;26204.25;2;ASK;;;;;
20251031;050903.064;;26204.25;26204.25;3;ASK;;;;;
20251031;050903.072;26203.25;;26203.25;2;BID;;;;;
20251031;050903.072;26203.50;;26203.50;1;BID;;;;;
20251031;050903.072;;26204.25;26204.25;2;ASK;;;;;
20251031;050903.104;26203.25;;26203.25;1;BID;;;;;
20251031;050903.344;;26204.25;26204.25;3;ASK;;;;;
20251031;050903.344;26203.00;;26203.00;2;BID;;;;;
20251031;050903.924;26203.25;;26203.25;1;BID;;;;;
20251031;050903.948;26203.25;;26203.25;2;BID;;;;;
20251031;050903.992;;26204.00;26204.00;1;ASK;;;;;
20251031;050903.992;26203.25;;26203.25;1;BID;;;;;
20251031;050903.992;26203.00;;26203.00;2;BID;;;;;
20251031;050903.992;26203.00;;26203.00;1;BID;;;;;
20251031;050903.992;;26204.00;26204.00;2;ASK;;;;;
20251031;050903.992;;26204.00;26204.00;3;ASK;;;;;
20251031;050905.160;26203.25;;26203.25;1;BID;;;;;
20251031;050906.580;26203.50;;26203.50;1;BID;;;;;
20251031;050906.580;26203.75;;26203.75;1;BID;;;;;
20251031;050906.580;;26204.00;26204.00;2;ASK;;;;;
20251031;050906.580;26203.25;;26203.25;3;BID;;;;;
20251031;050906.580;;26204.00;26204.00;1;ASK;;;;;
20251031;050906.580;26203.25;;26203.25;2;BID;;;;;
20251031;050907.352;26203.25;;26203.25;3;BID;;;;;
20251031;050907.352;26203.50;;26203.50;1;BID;;;;;
20251031;050907.352;;26204.00;26204.00;1;ASK;;;;;
20251031;050907.352;;26204.25;26204.25;2;ASK;;;;;
20251031;050907.352;26203.75;;26203.75;1;BID;;;;;
20251031;050907.476;26203.50;;26203.50;5;BID;;;;;
20251031;050907.476;26203.50;;26203.50;4;BID;;;;;
20251031;050907.476;26203.50;;26203.50;3;BID;;;;;
20251031;050907.476;26203.50;;26203.50;2;BID;;;;;
20251031;050907.476;26203.50;;26203.50;1;BID;;;;;
20251031;050907.600;26203.50;;26203.50;2;BID;;;;;
20251031;050907.600;26203.75;;26203.75;1;BID;;;;;
20251031;050907.836;26203.50;;26203.50;1;BID;;;;;
20251031;050907.836;26203.25;;26203.25;3;BID;;;;;
20251031;050907.836;26203.25;;26203.25;2;BID;;;;;
20251031;050907.836;26203.25;;26203.25;1;BID;;;;;
20251031;050907.840;26203.25;;26203.25;2;BID;;;;;
20251031;050907.840;26203.50;;26203.50;1;BID;;;;;
20251031;050909.204;26203.25;;26203.25;2;BID;;;;;
20251031;050909.208;26203.25;;26203.25;1;BID;;;;;
20251031;050909.328;26203.25;;26203.25;2;BID;;;;;
20251031;050909.328;26203.50;;26203.50;1;BID;;;;;
20251031;050910.876;26203.25;;26203.25;2;BID;;;;;
20251031;050910.876;26203.25;;26203.25;1;BID;;;;;
20251031;050910.888;26203.25;;26203.25;2;BID;;;;;
20251031;050911.752;26203.50;;26203.50;1;BID;;;;;
20251031;050912.660;;26204.25;26204.25;1;ASK;;;;;
20251031;050912.660;;26204.25;26204.25;1;ASK;;;;;
20251031;050912.660;;26204.50;26204.50;1;ASK;;;;;
20251031;050912.660;;26204.50;26204.50;1;ASK;;;;;
20251031;050912.660;;26204.50;26204.50;2;ASK;;;;;
20251031;050912.660;;26204.50;26204.50;1;ASK;;;;;
20251031;050912.660;;26204.75;26204.75;1;ASK;;;;;
20251031;050912.660;;26204.75;26204.75;1;ASK;;;;;
20251031;050912.660;;26204.75;26204.75;1;ASK;;;;;
20251031;050912.660;;26204.75;26204.75;1;ASK;;;;;
20251031;050912.660;;26204.75;26204.75;1;ASK;;;;;
20251031;050912.660;;26205.00;26205.00;1;ASK;;;;;
20251031;050912.660;;26205.00;26205.00;1;ASK;;;;;
20251031;050912.660;;26205.00;26205.00;1;ASK;;;;;
20251031;050912.660;;26205.00;26205.00;1;ASK;;;;;
20251031;050912.660;;26205.00;26205.00;1;ASK;;;;;
20251031;050912.660;;26205.25;26205.25;1;ASK;;;;;
20251031;050912.660;;26205.25;26205.25;1;ASK;;;;;
20251031;050912.660;;26205.25;26205.25;1;ASK;;;;;
20251031;050912.660;;26205.25;26205.25;4;ASK;;;;;
20251031;050912.660;26203.50;;26203.50;2;BID;;;;;
20251031;050912.660;26203.75;;26203.75;1;BID;;;;;
20251031;050912.660;26203.75;;26203.75;2;BID;;;;;
20251031;050912.660;26203.75;;26203.75;3;BID;;;;;
20251031;050912.660;26203.75;;26203.75;4;BID;;;;;
20251031;050912.660;;26205.25;26205.25;5;ASK;;;;;
20251031;050912.660;26203.75;;26203.75;5;BID;;;;;
20251031;050912.660;26204.00;;26204.00;1;BID;;;;;
20251031;050912.660;26204.00;;26204.00;2;BID;;;;;
20251031;050912.660;;26205.25;26205.25;6;ASK;;;;;
20251031;050912.660;26204.00;;26204.00;3;BID;;;;;
20251031;050912.660;;26205.00;26205.00;1;ASK;;;;;
20251031;050912.660;26204.00;;26204.00;4;BID;;;;;
20251031;050912.664;26204.25;;26204.25;1;BID;;;;;
20251031;050912.664;;26205.00;26205.00;2;ASK;;;;;
20251031;050912.664;;26205.00;26205.00;3;ASK;;;;;
20251031;050912.664;26204.00;;26204.00;4;BID;;;;;
20251031;050912.664;26204.00;;26204.00;3;BID;;;;;
20251031;050912.664;;26205.00;26205.00;2;ASK;;;;;
20251031;050912.664;26204.00;;26204.00;2;BID;;;;;
20251031;050912.664;26204.00;;26204.00;1;BID;;;;;
20251031;050912.680;26204.25;;26204.25;1;BID;;;;;
20251031;050912.688;;26205.00;26205.00;1;ASK;;;;;
20251031;050912.688;;26205.00;26205.00;1;ASK;;;;;
20251031;050912.688;26204.25;;26204.25;2;BID;;;;;
20251031;050912.688;;26205.25;26205.25;6;ASK;;;;;
20251031;050912.688;;26205.25;26205.25;5;ASK;;;;;
20251031;050912.688;;26205.25;26205.25;4;ASK;;;;;
20251031;050912.692;26204.50;;26204.50;1;BID;;;;;
20251031;050912.692;26204.25;;26204.25;2;BID;;;;;
20251031;050912.692;;26205.25;26205.25;5;ASK;;;;;
20251031;050912.692;;26205.25;26205.25;6;ASK;;;;;
20251031;050912.768;26204.25;;26204.25;1;BID;;;;;
20251031;050912.784;;26205.25;26205.25;7;ASK;;;;;
20251031;050912.784;26204.00;;26204.00;2;BID;p_shape;SHORT;26205.25;;
20251031;050912.784;26204.00;;26204.00;1;BID;;;;;
20251031;050912.848;;26205.25;26205.25;8;ASK;;;;;
20251031;050912.864;;26205.25;26205.25;9;ASK;;;;;
20251031;050912.876;;26205.25;26205.25;1;ASK;;;;;
20251031;050912.876;;26205.25;26205.25;8;ASK;;;;;
20251031;050912.876;26204.00;;26204.00;2;BID;;;;;
20251031;050912.876;26204.00;;26204.00;1;BID;;;;;
20251031;050912.876;26204.25;;26204.25;1;BID;;;;;
20251031;050912.980;;26205.25;26205.25;3;ASK;;;;;
20251031;050912.980;;26205.25;26205.25;5;ASK;;;;;
20251031;050912.980;26204.50;;26204.50;1;BID;;;;;
20251031;050912.980;;26205.25;26205.25;4;ASK;;;;;
20251031;050912.984;26204.25;;26204.25;2;BID;;;;;
20251031;050913.004;;26204.75;26204.75;1;ASK;;;;;
20251031;050913.004;26204.25;;26204.25;1;BID;;;;;
20251031;050913.004;26204.25;;26204.25;2;BID;;;;;
20251031;050913.004;26204.25;;26204.25;1;BID;;;;;
20251031;050913.004;26204.25;;26204.25;1;BID;;;;;
20251031;050913.004;26204.25;;26204.25;1;BID;;;;;
20251031;050913.004;26204.00;;26204.00;2;BID;;;;;
20251031;050913.004;26204.00;;26204.00;1;BID;;;;;
20251031;050913.004;26203.75;;26203.75;4;BID;;;;;
20251031;050913.004;26203.75;;26203.75;3;BID;;;;;
20251031;050913.004;;26204.75;26204.75;2;ASK;;;;;
20251031;050913.008;26204.00;;26204.00;1;BID;;;;;
20251031;050913.064;;26204.75;26204.75;3;ASK;;;;;
20251031;050913.064;26203.75;;26203.75;4;BID;;;;;
20251031;050913.068;26203.75;;26203.75;3;BID;;;;;
20251031;050913.068;;26204.75;26204.75;2;ASK;;;;;
20251031;050913.068;26204.00;;26204.00;1;BID;;;;;
20251031;050913.176;;26204.75;26204.75;3;ASK;;;;;
20251031;050913.176;26203.75;;26203.75;4;BID;;;;;
20251031;050913.176;26203.75;;26203.75;3;BID;;;;;
20251031;050913.176;26204.00;;26204.00;1;BID;;;;;
20251031;050913.412;26203.75;;26203.75;4;BID;;;;;
20251031;050913.412;26203.75;;26203.75;3;BID;;;;;
20251031;050913.416;;26204.75;26204.75;4;ASK;;;;;
20251031;050913.416;26203.75;;26203.75;2;BID;;;;;
20251031;050913.416;26203.75;;26203.75;1;BID;;;;;
20251031;050913.424;26203.50;;26203.50;6;BID;;;;;
20251031;050913.424;26203.50;;26203.50;5;BID;;;;;
20251031;050913.424;;26204.75;26204.75;3;ASK;;;;;
20251031;050913.424;26203.50;;26203.50;4;BID;;;;;
20251031;050913.424;26203.75;;26203.75;1;BID;;;;;
20251031;050913.448;;26204.75;26204.75;4;ASK;;;;;
20251031;050915.164;26203.50;;26203.50;4;BID;;;;;
20251031;050915.164;26203.50;;26203.50;3;BID;;;;;
20251031;050915.348;26203.50;;26203.50;1;BID;;;;;
20251031;050915.348;26203.50;;26203.50;1;BID;;;;;
20251031;050915.348;26203.50;;26203.50;1;BID;;;;;
20251031;050915.348;26203.25;;26203.25;3;BID;;;;;
20251031;050915.348;26203.25;;26203.25;2;BID;;;;;
20251031;050915.348;;26204.75;26204.75;5;ASK;;;;;
20251031;050915.348;26203.25;;26203.25;1;BID;;;;;
20251031;050915.348;;26204.50;26204.50;1;ASK;;;;;
20251031;050915.348;;26204.50;26204.50;2;ASK;;;;;
20251031;050915.348;;26204.50;26204.50;3;ASK;;;;;
20251031;050915.348;;26204.50;26204.50;4;ASK;;;;;
20251031;050915.348;;26204.50;26204.50;5;ASK;;;;;
20251031;050915.348;;26204.50;26204.50;4;ASK;;;;;
20251031;050915.388;26203.25;;26203.25;1;BID;;;;;
20251031;050915.388;26203.00;;26203.00;3;BID;;;;;
20251031;050915.388;26203.00;;26203.00;2;BID;;;;;
20251031;050915.388;;26204.50;26204.50;5;ASK;;;;;
20251031;050915.388;26203.00;;26203.00;1;BID;;;;;
20251031;050915.388;;26204.25;26204.25;1;ASK;;;;;
20251031;050915.388;;26204.25;26204.25;2;ASK;;;;;
20251031;050915.388;;26204.25;26204.25;3;ASK;;;;;
20251031;050915.388;;26204.25;26204.25;4;ASK;;;;;
20251031;050915.388;;26204.25;26204.25;5;ASK;;;;;
20251031;050915.388;;26204.00;26204.00;1;ASK;;;;;
20251031;050915.388;26203.25;;26203.25;1;BID;;;;;
20251031;050915.392;;26204.25;26204.25;6;ASK;;;;;
20251031;050915.392;;26204.25;26204.25;5;ASK;;;;;
20251031;050915.392;;26204.25;26204.25;4;ASK;;;;;
20251031;050915.404;;26204.00;26204.00;1;ASK;;;;;
20251031;050915.404;26203.00;;26203.00;1;BID;;;;;
20251031;050915.404;;26203.75;26203.75;1;ASK;;;;;
20251031;050915.404;26202.75;;26202.75;5;BID;;;;;
20251031;050915.404;26202.75;;26202.75;4;BID;;;;;
20251031;050915.404;;26203.75;26203.75;2;ASK;;;;;
20251031;050915.404;;26203.75;26203.75;3;ASK;;;;;
20251031;050915.404;;26203.75;26203.75;2;ASK;;;;;
20251031;050915.404;26203.00;;26203.00;1;BID;;;;;
20251031;050915.404;26203.00;;26203.00;2;BID;;;;;
20251031;050915.404;;26203.75;26203.75;1;ASK;;;;;
20251031;050915.404;26203.00;;26203.00;3;BID;;;;;
20251031;050915.408;26203.00;;26203.00;4;BID;;;;;
20251031;050915.408;26203.25;;26203.25;1;BID;;;;;
20251031;050915.408;;26204.00;26204.00;2;ASK;;;;;
20251031;050915.408;;26204.00;26204.00;1;ASK;;;;;
20251031;050915.408;;26204.00;26204.00;2;ASK;;;;;
20251031;050915.408;;26204.00;26204.00;1;ASK;;;;;
20251031;050915.408;26203.50;;26203.50;1;BID;;;;;
20251031;050915.408;;26204.25;26204.25;2;ASK;;;;;
20251031;050915.408;;26204.25;26204.25;1;ASK;;;;;
20251031;050915.408;26203.25;;26203.25;2;BID;;;;;
20251031;050915.412;;26204.25;26204.25;2;ASK;;;;;
20251031;050915.412;;26204.00;26204.00;1;ASK;;;;;
20251031;050915.412;;26204.25;26204.25;2;ASK;;;;;
20251031;050915.412;;26204.25;26204.25;3;ASK;;;;;
20251031;050915.416;;26204.25;26204.25;2;ASK;;;;;
20251031;050915.416;;26204.00;26204.00;1;ASK;;;;;
20251031;050915.416;;26204.00;26204.00;2;ASK;;;;;
20251031;050915.416;26203.25;;26203.25;1;BID;;;;;
20251031;050915.416;26203.00;;26203.00;4;BID;;;;;
20251031;050915.416;26203.00;;26203.00;3;BID;;;;;
20251031;050915.416;26203.00;;26203.00;2;BID;;;;;
20251031;050915.440;26203.00;;26203.00;1;BID;;;;;
20251031;050915.440;;26203.75;26203.75;1;ASK;;;;;
20251031;050915.440;;26203.75;26203.75;2;ASK;;;;;
20251031;050915.444;26202.75;;26202.75;3;BID;;;;;
20251031;050915.444;26202.75;;26202.75;2;BID;;;;;
20251031;050915.444;26202.75;;26202.75;1;BID;;;;;
20251031;050915.448;26202.75;;26202.75;2;BID;;;;;
20251031;050915.448;26203.00;;26203.00;1;BID;;;;;
20251031;050915.660;;26203.75;26203.75;3;ASK;;;;;
20251031;050915.660;26202.75;;26202.75;2;BID;;;;;
20251031;050915.660;26202.75;;26202.75;1;BID;;;;;
20251031;050915.660;26203.00;;26203.00;1;BID;;;;;
20251031;050916.348;;26203.75;26203.75;1;ASK;;;;;
20251031;050916.348;;26203.75;26203.75;2;ASK;;;;;
20251031;050916.348;26203.25;;26203.25;1;BID;;;;;
20251031;050916.348;26203.00;;26203.00;3;BID;;;;;
20251031;050916.348;26203.00;;26203.00;2;BID;;;;;
20251031;050916.420;26203.25;;26203.25;1;BID;;;;;
20251031;050916.420;;26203.75;26203.75;1;ASK;;;;;
20251031;050916.512;26203.00;;26203.00;2;BID;;;;;
20251031;050916.732;26203.25;;26203.25;1;BID;;;;;
20251031;050917.264;26203.25;;26203.25;1;BID;;;;;
20251031;050917.264;26203.00;;26203.00;2;BID;;;;;
20251031;050917.264;26203.00;;26203.00;1;BID;;;;;
20251031;050917.348;26203.00;;26203.00;2;BID;;;;;
20251031;050917.348;26203.25;;26203.25;1;BID;;;;;
20251031;050917.348;26203.00;;26203.00;1;BID;;;;;
20251031;050917.352;26203.00;;26203.00;2;BID;;;;;
20251031;050917.352;26203.25;;26203.25;1;BID;;;;;
20251031;050917.364;26203.00;;26203.00;2;BID;;;;;
20251031;050918.644;26203.00;;26203.00;3;BID;;;;;
20251031;050918.644;26203.25;;26203.25;1;BID;;;;;
20251031;050918.676;26203.25;;26203.25;2;BID;;;;;
20251031;050918.964;26203.25;;26203.25;1;BID;;;;;
20251031;050918.964;26203.00;;26203.00;1;BID;;;;;
20251031;050918.964;26203.00;;26203.00;2;BID;;;;;
20251031;050919.140;;26203.75;26203.75;1;ASK;;;;;
20251031;050919.140;;26204.25;26204.25;3;ASK;;;;;
20251031;050919.140;26203.25;;26203.25;1;BID;;;;;
20251031;050919.140;;26204.25;26204.25;2;ASK;;;;;
20251031;050919.140;26203.25;;26203.25;2;BID;;;;;
20251031;050919.140;26203.25;;26203.25;3;BID;;;;;
20251031;050919.140;;26204.00;26204.00;1;ASK;;;;;
20251031;050919.144;26203.25;;26203.25;2;BID;;;;;
20251031;050919.192;26203.25;;26203.25;1;BID;;;;;
20251031;050919.292;26203.25;;26203.25;2;BID;;;;;
20251031;050920.040;;26204.25;26204.25;3;ASK;;;;;
20251031;050920.040;;26204.25;26204.25;2;ASK;;;;;
20251031;050920.040;26203.25;;26203.25;3;BID;;;;;
20251031;050920.040;;26204.25;26204.25;1;ASK;;;;;
20251031;050920.040;26203.50;;26203.50;1;BID;;;;;
20251031;050920.040;;26204.50;26204.50;4;ASK;;;;;
20251031;050920.040;;26204.50;26204.50;3;ASK;;;;;
20251031;050920.040;26203.50;;26203.50;2;BID;;;;;
20251031;050920.044;26203.75;;26203.75;1;BID;;;;;
20251031;050920.044;;26204.50;26204.50;2;ASK;;;;;
20251031;050920.044;26203.75;;26203.75;2;BID;;;;;
20251031;050920.044;;26204.50;26204.50;1;ASK;;;;;
20251031;050920.044;;26204.75;26204.75;2;ASK;;;;;
20251031;050920.200;26204.00;;26204.00;1;BID;;;;;
20251031;050920.200;;26204.75;26204.75;1;ASK;;;;;
20251031;050920.200;;26204.75;26204.75;1;ASK;;;;;
20251031;050920.200;;26205.00;26205.00;2;ASK;;;;;
20251031;050920.200;;26205.00;26205.00;1;ASK;;;;;
20251031;050920.204;26204.25;;26204.25;1;BID;;;;;
20251031;050920.204;;26205.25;26205.25;3;ASK;;;;;
20251031;050920.204;;26205.00;26205.00;1;ASK;;;;;
20251031;050920.228;26204.00;;26204.00;1;BID;;;;;
20251031;050920.260;26204.25;;26204.25;1;BID;;;;;
20251031;050920.260;26204.50;;26204.50;1;BID;;;;;
20251031;050920.260;;26205.25;26205.25;3;ASK;;;;;
20251031;050920.260;26204.25;;26204.25;1;BID;;;;;
20251031;050920.260;26204.25;;26204.25;2;BID;;;;;
20251031;050920.260;26204.25;;26204.25;1;BID;;;;;
20251031;050920.260;26204.50;;26204.50;1;BID;;;;;
20251031;050920.260;;26205.25;26205.25;2;ASK;;;;;
20251031;050920.260;;26205.25;26205.25;1;ASK;;;;;
20251031;050920.260;26204.75;;26204.75;1;BID;;;;;
20251031;050920.264;26204.50;;26204.50;1;BID;;;;;
20251031;050920.280;26204.50;;26204.50;1;BID;;;;;
20251031;050920.280;26204.25;;26204.25;1;BID;;;;;
20251031;050920.280;26204.25;;26204.25;3;BID;;;;;
20251031;050920.280;;26205.00;26205.00;1;ASK;;;;;
20251031;050920.280;26204.25;;26204.25;2;BID;;;;;
20251031;050920.280;26204.25;;26204.25;1;BID;;;;;
20251031;050920.284;26204.00;;26204.00;1;BID;;;;;
20251031;050920.284;26204.25;;26204.25;1;BID;;;;;
20251031;050920.292;26204.00;;26204.00;1;BID;;;;;
20251031;050920.296;26204.00;;26204.00;2;BID;;;;;
20251031;050920.296;26204.25;;26204.25;1;BID;;;;;
20251031;050920.384;26204.00;;26204.00;2;BID;;;;;
20251031;050920.384;26204.00;;26204.00;1;BID;;;;;
20251031;050920.408;26204.00;;26204.00;2;BID;;;;;
20251031;050921.124;26204.25;;26204.25;1;BID;;;;;
20251031;050921.156;26204.00;;26204.00;1;BID;;;;;
20251031;050921.164;26204.00;;26204.00;2;BID;;;;;
20251031;050921.164;26204.25;;26204.25;1;BID;;;;;
20251031;050921.208;26204.00;;26204.00;2;BID;;;;;
20251031;050921.208;;26205.00;26205.00;2;ASK;;;;;
20251031;050921.208;26204.00;;26204.00;1;BID;;;;;
20251031;050921.308;26204.00;;26204.00;2;BID;;;;;
20251031;050921.308;26204.25;;26204.25;1;BID;;;;;
20251031;050921.308;;26205.00;26205.00;1;ASK;;;;;
20251031;050921.352;;26204.75;26204.75;1;ASK;;;;;
20251031;050921.352;26204.00;;26204.00;1;BID;;;;;
20251031;050921.352;;26205.00;26205.00;1;ASK;;;;;
20251031;050921.352;;26205.00;26205.00;2;ASK;;;;;
20251031;050921.448;;26204.75;26204.75;1;ASK;;;;;
20251031;050922.280;;26205.00;26205.00;2;ASK;;;;;
20251031;050922.304;26204.00;;26204.00;2;BID;;;;;
20251031;050922.800;;26204.75;26204.75;1;ASK;;;;;
20251031;050922.800;26204.00;;26204.00;1;BID;;;;;
20251031;050922.940;;26204.75;26204.75;1;ASK;;;;;
20251031;050922.940;;26205.00;26205.00;2;ASK;;;;;
20251031;050922.940;26204.25;;26204.25;1;BID;;;;;
20251031;050922.940;;26205.00;26205.00;1;ASK;;;;;
20251031;050922.940;26204.00;;26204.00;1;BID;;;;;
20251031;050922.964;26204.25;;26204.25;1;BID;;;;;
20251031;050923.524;;26205.00;26205.00;2;ASK;;;;;
20251031;050923.524;26204.00;;26204.00;1;BID;;;;;
20251031;050923.524;;26204.75;26204.75;1;ASK;;;;;
20251031;050923.560;;26204.50;26204.50;1;ASK;;;;;
20251031;050923.560;26203.75;;26203.75;2;BID;;;;;
20251031;050923.564;;26204.75;26204.75;2;ASK;;;;;
20251031;050923.564;26204.00;;26204.00;1;BID;;;;;
20251031;050923.584;26203.75;;26203.75;3;BID;;;;;
20251031;050923.584;26203.75;;26203.75;2;BID;;;;;
20251031;050923.584;26204.00;;26204.00;1;BID;;;;;
20251031;050923.804;26204.00;;26204.00;2;BID;;;;;
20251031;050923.804;;26204.75;26204.75;1;ASK;;;;;
20251031;050923.892;26204.00;;26204.00;1;BID;;;;;
20251031;050925.060;;26204.50;26204.50;1;ASK;;;;;
20251031;050925.060;;26204.75;26204.75;1;ASK;;;;;
20251031;050926.908;;26205.00;26205.00;4;ASK;;;;;
20251031;050926.912;;26205.00;26205.00;3;ASK;;;;;
20251031;050926.912;;26205.00;26205.00;2;ASK;;;;;
20251031;050926.964;26204.00;;26204.00;2;BID;;;;;
20251031;050926.964;26204.25;;26204.25;1;BID;;;;;
20251031;050927.112;26204.00;;26204.00;2;BID;;;;;
20251031;050927.688;26204.25;;26204.25;1;BID;;;;;
20251031;050927.816;26204.00;;26204.00;2;BID;;;;;
20251031;050927.816;;26204.75;26204.75;1;ASK;;;;;
20251031;050927.816;26204.00;;26204.00;1;BID;;;;;
20251031;050928.672;;26205.00;26205.00;2;ASK;;;;;
20251031;050928.672;26204.00;;26204.00;2;BID;;;;;
20251031;050928.676;26204.00;;26204.00;1;BID;;;;;
20251031;050928.788;;26204.75;26204.75;1;ASK;;;;;
20251031;050928.960;26204.00;;26204.00;3;BID;;;;;
20251031;050928.960;;26205.00;26205.00;2;ASK;;;;;
20251031;050929.016;26204.25;;26204.25;1;BID;;;;;
20251031;050929.464;26204.25;;26204.25;2;BID;;;;;
20251031;050929.464;;26205.00;26205.00;1;ASK;;;;;
20251031;050930.280;26204.25;;26204.25;1;BID;;;;;
20251031;050930.364;26204.75;;26204.75;1;BID;;;;;
20251031;050930.364;;26205.00;26205.00;2;ASK;;;;;
20251031;050930.364;26204.75;;26204.75;1;BID;;;;;
20251031;050930.364;26204.25;;26204.25;1;BID;;;;;
20251031;050930.364;;26204.75;26204.75;1;ASK;;;;;
20251031;050930.364;26204.00;;26204.00;3;BID;;;;;
20251031;050930.364;;26204.75;26204.75;1;ASK;;;;;
20251031;050930.364;;26205.00;26205.00;2;ASK;;;;;
20251031;050930.364;26204.25;;26204.25;1;BID;;;;;
20251031;050930.364;26204.25;;26204.25;2;BID;;;;;
20251031;050930.364;26204.25;;26204.25;3;BID;;;;;
20251031;050930.364;26204.25;;26204.25;4;BID;;;;;
20251031;050930.680;26204.25;;26204.25;3;BID;;;;;
20251031;050930.776;;26204.75;26204.75;1;ASK;;;;;
20251031;050930.776;26204.25;;26204.25;2;BID;;;;;
20251031;050930.776;26204.25;;26204.25;1;BID;;;;;
20251031;050930.776;26204.00;;26204.00;5;BID;;;;;
20251031;050930.776;26204.00;;26204.00;4;BID;;;;;
20251031;050931.020;26204.25;;26204.25;1;BID;;;;;
20251031;050931.024;;26204.75;26204.75;1;ASK;;;;;
20251031;050931.024;;26205.00;26205.00;2;ASK;;;;;
20251031;050931.024;;26205.00;26205.00;1;ASK;;;;;
20251031;050931.024;;26205.00;26205.00;1;ASK;;;;;
20251031;050931.024;;26205.25;26205.25;2;ASK;;;;;
20251031;050931.024;26204.25;;26204.25;2;BID;;;;;
20251031;050931.024;26204.50;;26204.50;1;BID;;;;;
20251031;050931.024;;26205.25;26205.25;1;ASK;;;;;
20251031;050931.024;;26205.25;26205.25;1;ASK;;;;;
20251031;050931.024;;26205.50;26205.50;1;ASK;;;;;
20251031;050931.024;;26205.75;26205.75;2;ASK;;;;;
20251031;050931.024;26204.50;;26204.50;2;BID;;;;;
20251031;050931.024;26204.50;;26204.50;3;BID;;;;;
20251031;050931.024;;26205.75;26205.75;1;ASK;;;;;
20251031;050931.024;26204.50;;26204.50;4;BID;;;;;
20251031;050931.024;26204.75;;26204.75;1;BID;;;;;
20251031;050931.024;26204.75;;26204.75;2;BID;;;;;
20251031;050931.024;;26205.75;26205.75;2;ASK;;;;;
20251031;050931.024;26204.75;;26204.75;1;BID;;;;;
20251031;050931.024;26204.75;;26204.75;2;BID;;;;;
20251031;050931.024;;26205.50;26205.50;1;ASK;;;;;
20251031;050931.028;;26205.75;26205.75;2;ASK;;;;;
20251031;050931.028;26204.75;;26204.75;3;BID;;;;;
20251031;050931.028;26205.00;;26205.00;1;BID;;;;;
20251031;050931.028;;26205.75;26205.75;1;ASK;;;;;
20251031;050931.028;26205.00;;26205.00;2;BID;;;;;
20251031;050931.028;;26206.00;26206.00;4;ASK;;;;;
20251031;050931.028;26205.00;;26205.00;1;BID;;;;;
20251031;050931.028;26205.00;;26205.00;2;BID;;;;;
20251031;050931.028;;26205.75;26205.75;1;ASK;;;;;
20251031;050931.652;26205.00;;26205.00;1;BID;;;;;
20251031;050931.652;26205.00;;26205.00;1;BID;;;;;
20251031;050931.696;;26205.50;26205.50;1;ASK;;;;;
20251031;050931.696;;26205.75;26205.75;1;ASK;;;;;
20251031;050931.696;;26205.50;26205.50;1;ASK;;;;;
20251031;050931.760;26204.75;;26204.75;6;BID;;;;;
20251031;050931.760;26204.75;;26204.75;5;BID;;;;;
20251031;050931.760;26204.75;;26204.75;4;BID;;;;;
20251031;050931.760;26204.75;;26204.75;3;BID;;;;;
20251031;050931.760;26204.75;;26204.75;2;BID;;;;;
20251031;050931.764;26204.75;;26204.75;1;BID;;;;;
20251031;050931.764;26204.50;;26204.50;5;BID;;;;;
20251031;050931.764;26204.50;;26204.50;4;BID;;;;;
20251031;050931.764;;26205.50;26205.50;2;ASK;;;;;
20251031;050931.764;26204.50;;26204.50;3;BID;;;;;
20251031;050931.764;26204.50;;26204.50;2;BID;;;;;
20251031;050931.764;;26205.25;26205.25;1;ASK;;;;;
20251031;050931.764;;26205.50;26205.50;2;ASK;;;;;
20251031;050931.824;26204.75;;26204.75;1;BID;;;;;
20251031;050931.824;;26205.50;26205.50;1;ASK;;;;;
20251031;050932.052;;26205.50;26205.50;2;ASK;;;;;
20251031;050932.052;26204.50;;26204.50;3;BID;;;;;
20251031;050932.052;26204.50;;26204.50;2;BID;;;;;
20251031;050932.264;26204.75;;26204.75;1;BID;;;;;
20251031;050932.388;26204.50;;26204.50;3;BID;;;;;
20251031;050932.388;26204.50;;26204.50;2;BID;;;;;
20251031;050932.388;26204.50;;26204.50;1;BID;;;;;
20251031;050932.388;;26205.25;26205.25;1;ASK;;;;;
20251031;050932.388;26204.50;;26204.50;2;BID;;;;;
20251031;050932.388;26204.50;;26204.50;1;BID;;;;;
20251031;050932.392;;26205.50;26205.50;1;ASK;;;;;
20251031;050932.524;;26205.50;26205.50;2;ASK;;;;;
20251031;050932.524;;26205.25;26205.25;1;ASK;;;;;
20251031;050932.524;;26205.25;26205.25;2;ASK;;;;;
20251031;050932.668;;26205.25;26205.25;1;ASK;;;;;
20251031;050932.668;;26205.50;26205.50;1;ASK;;;;;
20251031;050932.896;;26205.50;26205.50;2;ASK;;;;;
20251031;050932.896;;26205.25;26205.25;1;ASK;;;;;
20251031;050933.032;26204.75;;26204.75;1;BID;;;;;
20251031;050933.032;;26205.50;26205.50;1;ASK;;;;;
20251031;050933.392;;26205.50;26205.50;2;ASK;;;;;
20251031;050933.812;;26205.25;26205.25;1;ASK;;;;;
20251031;050933.812;;26205.50;26205.50;1;ASK;;;;;
20251031;050933.864;;26205.50;26205.50;2;ASK;;;;;
20251031;050933.892;;26205.25;26205.25;1;ASK;;;;;
20251031;050933.892;;26205.50;26205.50;2;ASK;;;;;
20251031;050934.216;;26205.50;26205.50;1;ASK;;;;;
20251031;050934.392;;26205.50;26205.50;1;ASK;;;;;
20251031;050934.392;;26205.75;26205.75;2;ASK;;;;;
20251031;050934.392;26205.00;;26205.00;1;BID;;;;;
20251031;050934.392;26205.00;;26205.00;2;BID;;;;;
20251031;050934.392;;26205.75;26205.75;1;ASK;;;;;
20251031;050934.396;26205.00;;26205.00;1;BID;;;;;
20251031;050934.516;;26206.00;26206.00;6;ASK;;;;;
20251031;050934.516;26205.25;;26205.25;1;BID;;;;;
20251031;050934.516;;26206.00;26206.00;5;ASK;;;;;
20251031;050934.516;26205.00;;26205.00;1;BID;;;;;
20251031;050934.516;;26205.75;26205.75;1;ASK;;;;;
20251031;050935.184;26205.00;;26205.00;2;BID;;;;;
20251031;050935.184;;26206.00;26206.00;6;ASK;;;;;
20251031;050935.184;;26206.00;26206.00;5;ASK;;;;;
20251031;050935.184;26205.25;;26205.25;1;BID;;;;;
20251031;050935.216;26205.00;;26205.00;2;BID;;;;;
20251031;050935.216;;26205.75;26205.75;1;ASK;;;;;
20251031;050935.280;26205.00;;26205.00;1;BID;;;;;
20251031;050935.280;26205.00;;26205.00;1;BID;;;;;
20251031;050935.680;;26206.00;26206.00;5;ASK;;;;;
20251031;050935.680;26205.00;;26205.00;2;BID;;;;;
20251031;050935.680;26205.00;;26205.00;3;BID;;;;;
20251031;050935.680;26205.25;;26205.25;1;BID;;;;;
20251031;050935.680;26205.25;;26205.25;2;BID;;;;;
20251031;050936.452;26205.25;;26205.25;1;BID;;;;;
20251031;050936.452;26205.00;;26205.00;3;BID;;;;;
20251031;050936.452;26205.00;;26205.00;2;BID;;;;;
20251031;050936.452;;26205.75;26205.75;1;ASK;;;;;
20251031;050937.044;;26205.75;26205.75;1;ASK;;;;;
20251031;050937.044;;26206.00;26206.00;5;ASK;;;;;
20251031;050937.044;26205.25;;26205.25;1;BID;;;;;
20251031;050937.044;26205.00;;26205.00;2;BID;;;;;
20251031;050937.048;26205.00;;26205.00;1;BID;;;;;
20251031;050937.192;;26205.75;26205.75;1;ASK;;;;;
20251031;050937.220;26205.25;;26205.25;2;BID;;;;;
20251031;050937.220;;26206.00;26206.00;5;ASK;;;;;
20251031;050937.968;;26205.75;26205.75;1;ASK;;;;;
20251031;050938.440;;26206.00;26206.00;5;ASK;;;;;
20251031;050938.440;;26205.75;26205.75;1;ASK;;;;;
20251031;050938.512;;26206.00;26206.00;5;ASK;;;;;
20251031;050939.380;;26206.00;26206.00;1;ASK;;;;;
20251031;050939.380;;26206.00;26206.00;4;ASK;;;;;
20251031;050940.584;;26205.75;26205.75;1;ASK;;;;;
20251031;050940.584;26205.25;;26205.25;2;BID;;;;;
20251031;050940.584;26205.00;;26205.00;1;BID;;;;;
20251031;050940.584;;26206.00;26206.00;4;ASK;;;;;
20251031;050940.584;;26205.50;26205.50;1;ASK;;;;;
20251031;050940.584;;26205.75;26205.75;1;ASK;;;;;
20251031;050940.584;;26205.75;26205.75;2;ASK;;;;;
20251031;050940.588;;26205.75;26205.75;1;ASK;;;;;
20251031;050940.588;;26205.75;26205.75;2;ASK;;;;;
20251031;050940.600;;26205.50;26205.50;1;ASK;;;;;
20251031;050940.640;;26205.50;26205.50;1;ASK;;;;;
20251031;050940.640;;26205.75;26205.75;3;ASK;;;;;
20251031;050940.640;;26205.75;26205.75;2;ASK;;;;;
20251031;050940.692;;26205.75;26205.75;1;ASK;;;;;
20251031;050940.904;26205.25;;26205.25;1;BID;;;;;
20251031;050940.904;;26205.75;26205.75;2;ASK;;;;;
20251031;050940.904;26205.25;;26205.25;1;BID;;;;;
20251031;050940.904;26205.00;;26205.00;1;BID;;;;;
20251031;050940.904;;26205.75;26205.75;1;ASK;;;;;
20251031;050940.964;;26205.50;26205.50;1;ASK;;;;;
20251031;050941.052;;26205.75;26205.75;1;ASK;;;;;
20251031;050941.056;26205.25;;26205.25;1;BID;;;;;
20251031;050941.184;26205.00;;26205.00;1;BID;;;;;
20251031;050941.184;;26206.00;26206.00;5;ASK;;;;;
20251031;050941.184;;26206.00;26206.00;4;ASK;;;;;
20251031;050941.232;26205.00;;26205.00;2;BID;;;;;
20251031;050941.232;26205.00;;26205.00;3;BID;;;;;
20251031;050941.232;26205.00;;26205.00;4;BID;;;;;
20251031;050941.232;26205.25;;26205.25;1;BID;;;;;
20251031;050941.232;26205.25;;26205.25;2;BID;;;;;
20251031;050941.232;26205.50;;26205.50;1;BID;;;;;
20251031;050941.236;26205.25;;26205.25;2;BID;;;;;
20251031;050941.236;26205.25;;26205.25;1;BID;;;;;
20251031;050941.240;26205.00;;26205.00;2;BID;;;;;
20251031;050941.240;26205.25;;26205.25;1;BID;;;;;
20251031;050941.548;26205.50;;26205.50;1;BID;;;;;
20251031;050941.548;26205.25;;26205.25;3;BID;;;;;
20251031;050941.548;26205.25;;26205.25;2;BID;;;;;
20251031;050941.600;26205.50;;26205.50;1;BID;;;;;
20251031;050941.756;26205.50;;26205.50;1;BID;;;;;
20251031;050941.756;26205.25;;26205.25;3;BID;;;;;
20251031;050941.756;26205.25;;26205.25;2;BID;;;;;
20251031;050941.756;26205.25;;26205.25;1;BID;;;;;
20251031;050941.900;26205.00;;26205.00;3;BID;;;;;
20251031;050942.216;26205.25;;26205.25;1;BID;;;;;
20251031;050944.396;26205.25;;26205.25;1;BID;;;;;
20251031;050944.396;26205.00;;26205.00;3;BID;;;;;
20251031;050944.396;;26205.75;26205.75;1;ASK;;;;;
20251031;050944.396;;26205.75;26205.75;2;ASK;;;;;
20251031;050944.396;26205.00;;26205.00;2;BID;;;;;
20251031;050944.396;;26205.75;26205.75;1;ASK;;;;;
20251031;050944.396;;26206.00;26206.00;4;ASK;;;;;
20251031;050944.400;26205.25;;26205.25;1;BID;;;;;
20251031;050945.124;26205.00;;26205.00;2;BID;;;;;
20251031;050945.124;26205.00;;26205.00;3;BID;;;;;
20251031;050945.124;26205.25;;26205.25;1;BID;;;;;
20251031;050945.880;26205.00;;26205.00;3;BID;;;;;
20251031;050945.880;;26205.75;26205.75;1;ASK;;;;;
20251031;050945.880;;26206.00;26206.00;4;ASK;;;;;
20251031;050945.880;;26206.00;26206.00;5;ASK;;;;;
20251031;050945.880;26205.00;;26205.00;2;BID;;;;;
20251031;050945.880;;26206.00;26206.00;4;ASK;;;;;
20251031;050945.912;;26205.75;26205.75;1;ASK;;;;;
20251031;050946.016;;26205.75;26205.75;2;ASK;;;;;
20251031;050946.208;;26205.75;26205.75;1;ASK;;;;;
20251031;050946.208;;26206.00;26206.00;4;ASK;;;;;
20251031;050946.208;26205.00;;26205.00;3;BID;;;;;
20251031;050946.212;26205.25;;26205.25;1;BID;;;;;
20251031;050948.196;;26206.00;26206.00;1;ASK;;;;;
20251031;050948.196;;26206.00;26206.00;3;ASK;;;;;
20251031;050948.196;26205.25;;26205.25;2;BID;;;;;
20251031;050948.196;26205.25;;26205.25;3;BID;;;;;
20251031;050948.484;26205.25;;26205.25;2;BID;;;;;
20251031;050948.484;26205.25;;26205.25;1;BID;;;;;
20251031;050949.184;26205.25;;26205.25;2;BID;;;;;
20251031;050949.184;26205.50;;26205.50;1;BID;;;;;
20251031;050949.184;26205.50;;26205.50;2;BID;;;;;
