date;time;bid;ask;price;volume;side;shape;order_type;entry_price;exit_price;exit_tag
20251031;050007.448;;26192.50;26192.50;1;ASK;;;;;
20251031;050007.448;;26192.50;26192.50;1;ASK;;;;;
20251031;050007.448;26191.75;;26191.75;2;BID;;;;;
20251031;050007.452;26191.75;;26191.75;1;BID;;;;;
20251031;050007.464;26192.00;;26192.00;1;BID;;;;;
20251031;050007.488;26191.75;;26191.75;1;BID;;;;;
20251031;050007.488;26191.50;;26191.50;2;BID;;;;;
20251031;050007.540;26191.50;;26191.50;1;BID;;;;;
20251031;050007.540;26191.50;;26191.50;1;BID;;;;;
20251031;050007.540;;26192.25;26192.25;1;ASK;;;;;
20251031;050007.540;26191.50;;26191.50;1;BID;;;;;
20251031;050007.540;26191.25;;26191.25;1;BID;;;;;
20251031;050007.540;26191.25;;26191.25;2;BID;;;;;
20251031;050007.540;;26192.00;26192.00;1;ASK;;;;;
20251031;050007.540;;26191.75;26191.75;1;ASK;;;;;
20251031;050007.540;26191.25;;26191.25;1;BID;;;;;
20251031;050007.540;26191.00;;26191.00;2;BID;;;;;
20251031;050007.540;26191.00;;26191.00;1;BID;;;;;
20251031;050007.544;;26192.00;26192.00;1;ASK;;;;;
20251031;050007.544;;26192.25;26192.25;2;ASK;;;;;
20251031;050007.544;26190.75;;26190.75;1;BID;;;;;
20251031;050007.544;;26192.00;26192.00;1;ASK;;;;;
20251031;050007.544;;26192.00;26192.00;2;ASK;;;;;
20251031;050007.544;26190.75;;26190.75;2;BID;;;;;
20251031;050007.544;26190.75;;26190.75;3;BID;;;;;
20251031;050007.544;26190.75;;26190.75;4;BID;;;;;
20251031;050007.544;;26191.75;26191.75;1;ASK;;;;;
20251031;050007.544;26191.00;;26191.00;1;BID;;;;;
20251031;050007.544;;26192.00;26192.00;2;ASK;;;;;
20251031;050007.544;26191.25;;26191.25;1;BID;;;;;
20251031;050007.644;;26191.75;26191.75;1;ASK;;;;;
20251031;050007.644;26191.00;;26191.00;3;BID;;;;;
20251031;050007.644;26191.00;;26191.00;2;BID;;;;;
20251031;050007.964;;26192.00;26192.00;2;ASK;;;;;
20251031;050008.076;26191.25;;26191.25;1;BID;;;;;
20251031;050009.448;26191.25;;26191.25;2;BID;;;;;
20251031;050009.448;;26192.00;26192.00;1;ASK;;;;;
20251031;050009.448;;26192.25;26192.25;3;ASK;;;;;
20251031;050009.448;;26192.25;26192.25;2;ASK;;;;;
20251031;050009.448;;26192.25;26192.25;1;ASK;;;;;
20251031;050009.448;26191.50;;26191.50;1;BID;;;;;
20251031;050009.448;26191.25;;26191.25;2;BID;;;;;
20251031;050009.736;;26192.00;26192.00;1;ASK;;;;;
20251031;050010.660;;26192.25;26192.25;1;ASK;;;;;
20251031;050010.660;26191.50;;26191.50;1;BID;;;;;
20251031;050012.164;26191.50;;26191.50;2;BID;;;;;
20251031;050012.164;;26192.50;26192.50;4;ASK;;;;;
20251031;050012.164;26191.75;;26191.75;1;BID;;;;;
20251031;050012.164;;26192.50;26192.50;3;ASK;;;;;
20251031;050012.164;26191.50;;26191.50;1;BID;;;;;
20251031;050012.164;;26192.25;26192.25;1;ASK;;;;;
20251031;050012.236;26191.25;;26191.25;2;BID;;;;;
20251031;050012.236;26191.50;;26191.50;1;BID;;;;;
20251031;050012.400;26191.50;;26191.50;2;BID;;;;;
20251031;050012.400;;26192.50;26192.50;4;ASK;;;;;
20251031;050012.400;;26192.50;26192.50;3;ASK;;;;;
20251031;050012.400;;26192.50;26192.50;2;ASK;;;;;
20251031;050012.400;;26192.50;26192.50;1;ASK;;;;;
20251031;050012.400;26191.75;;26191.75;1;BID;;;;;
20251031;050013.124;26191.50;;26191.50;2;BID;;;;;
20251031;050013.124;;26192.50;26192.50;2;ASK;;;;;
20251031;050013.124;;26192.25;26192.25;1;ASK;;;;;
20251031;050013.312;;26192.50;26192.50;2;ASK;;;;;
20251031;050013.652;26191.75;;26191.75;1;BID;;;;;
20251031;050013.652;;26192.50;26192.50;1;ASK;;;;;
20251031;050014.056;;26192.50;26192.50;1;ASK;;;;;
20251031;050014.056;;26192.75;26192.75;3;ASK;;;;;
20251031;050014.056;26192.00;;26192.00;1;BID;;;;;
20251031;050014.056;;26192.75;26192.75;1;ASK;;;;;
20251031;050014.056;;26192.75;26192.75;1;ASK;;;;;
20251031;050014.056;;26192.75;26192.75;1;ASK;;;;;
20251031;050014.056;26192.00;;26192.00;2;BID;;;;;
20251031;050014.056;;26193.00;26193.00;2;ASK;;;;;
20251031;050014.056;;26193.00;26193.00;1;ASK;;;;;
20251031;050014.056;;26193.25;26193.25;1;ASK;;;;;
20251031;050014.056;26192.25;;26192.25;1;BID;;;;;
20251031;050014.056;26192.00;;26192.00;2;BID;;;;;
20251031;050014.056;26192.00;;26192.00;3;BID;;;;;
20251031;050014.056;;26193.75;26193.75;2;ASK;;;;;
20251031;050014.056;;26193.75;26193.75;1;ASK;;;;;
20251031;050014.056;;26193.50;26193.50;1;ASK;;;;;
20251031;050014.056;;26193.00;26193.00;1;ASK;;;;;
20251031;050014.056;26192.25;;26192.25;1;BID;;;;;
20251031;050014.060;;26193.50;26193.50;1;ASK;;;;;
20251031;050014.060;;26193.50;26193.50;2;ASK;;;;;
20251031;050014.060;;26193.50;26193.50;3;ASK;;;;;
20251031;050014.060;;26193.50;26193.50;4;ASK;;;;;
20251031;050014.060;;26193.50;26193.50;5;ASK;;;;;
20251031;050014.060;;26193.25;26193.25;1;ASK;;;;;
20251031;050014.060;;26193.25;26193.25;2;ASK;;;;;
20251031;050014.060;;26193.25;26193.25;3;ASK;;;;;
20251031;050014.060;;26193.25;26193.25;4;ASK;;;;;
20251031;050014.060;26192.00;;26192.00;4;BID;;;;;
20251031;050014.060;;26193.00;26193.00;1;ASK;;;;;
20251031;050014.060;26192.00;;26192.00;3;BID;;;;;
20251031;050014.060;26192.25;;26192.25;1;BID;;;;;
20251031;050014.064;26192.00;;26192.00;4;BID;;;;;
20251031;050014.064;26192.00;;26192.00;3;BID;;;;;
20251031;050014.072;;26193.00;26193.00;2;ASK;;;;;
20251031;050014.072;;26192.75;26192.75;1;ASK;;;;;
20251031;050014.072;26192.00;;26192.00;2;BID;;;;;
20251031;050014.072;26192.00;;26192.00;1;BID;;;;;
20251031;050014.080;26191.75;;26191.75;5;BID;;;;;
20251031;050014.080;26191.75;;26191.75;4;BID;;;;;
20251031;050014.080;26191.75;;26191.75;3;BID;;;;;
20251031;050014.080;;26192.75;26192.75;2;ASK;;;;;
20251031;050014.080;26191.75;;26191.75;4;BID;;;;;
20251031;050014.080;26192.00;;26192.00;1;BID;;;;;
20251031;050014.084;;26192.75;26192.75;1;ASK;;;;;
20251031;050014.088;26192.00;;26192.00;2;BID;;;;;
20251031;050014.088;;26193.00;26193.00;2;ASK;;;;;
20251031;050014.088;26192.00;;26192.00;1;BID;;;;;
20251031;050014.172;;26192.75;26192.75;1;ASK;;;;;
20251031;050014.312;;26192.75;26192.75;1;ASK;;;;;
20251031;050014.312;;26192.75;26192.75;2;ASK;;;;;
20251031;050014.312;;26193.00;26193.00;2;ASK;;;;;
20251031;050014.312;;26193.00;26193.00;1;ASK;;;;;
20251031;050014.312;;26193.25;26193.25;4;ASK;;;;;
20251031;050014.312;;26193.25;26193.25;3;ASK;;;;;
20251031;050014.312;;26193.25;26193.25;2;ASK;;;;;
20251031;050014.312;;26193.25;26193.25;1;ASK;;;;;
20251031;050014.312;;26193.50;26193.50;3;ASK;;;;;
20251031;050014.312;;26193.50;26193.50;2;ASK;;;;;
20251031;050014.312;;26193.50;26193.50;1;ASK;;;;;
20251031;050014.312;26192.75;;26192.75;3;BID;;;;;
20251031;050014.312;;26193.75;26193.75;1;ASK;;;;;
20251031;050014.312;;26194.00;26194.00;3;ASK;;;;;
20251031;050014.312;;26194.00;26194.00;2;ASK;;;;;
20251031;050014.312;;26193.75;26193.75;1;ASK;;;;;
20251031;050014.312;;26194.00;26194.00;1;ASK;;;;;
20251031;050014.312;26193.00;;26193.00;1;BID;;;;;
20251031;050014.312;;26194.00;26194.00;2;ASK;;;;;
20251031;050014.312;;26193.75;26193.75;1;ASK;;;;;
20251031;050014.436;26192.75;;26192.75;3;BID;;;;;
20251031;050014.436;;26193.75;26193.75;2;ASK;;;;;
20251031;050014.564;26192.75;;26192.75;4;BID;;;;;
20251031;050014.564;26193.00;;26193.00;1;BID;;;;;
20251031;050014.564;;26193.75;26193.75;1;ASK;;;;;
20251031;050014.720;;26194.00;26194.00;2;ASK;;;;;
20251031;050015.272;26193.25;;26193.25;1;BID;;;;;
20251031;050015.272;26193.00;;26193.00;1;BID;;;;;
20251031;050015.272;;26193.75;26193.75;1;ASK;;;;;
20251031;050016.164;;26194.00;26194.00;2;ASK;;;;;
20251031;050016.192;;26193.75;26193.75;1;ASK;;;;;
20251031;050016.192;26192.75;;26192.75;4;BID;;;;;
20251031;050016.192;;26193.75;26193.75;2;ASK;;;;;
20251031;050016.192;26192.75;;26192.75;3;BID;;;;;
20251031;050016.204;26192.75;;26192.75;1;BID;;;;;
20251031;050016.204;;26193.50;26193.50;1;ASK;;;;;
20251031;050016.204;26192.25;;26192.25;2;BID;;;;;
20251031;050016.204;26192.25;;26192.25;1;BID;;;;;
20251031;050016.204;26192.25;;26192.25;2;BID;;;;;
20251031;050016.204;26192.25;;26192.25;3;BID;;;;;
20251031;050016.204;26192.50;;26192.50;1;BID;;;;;
20251031;050016.204;26192.50;;26192.50;2;BID;;;;;
20251031;050016.204;26192.75;;26192.75;1;BID;;;;;
20251031;050016.316;26192.50;;26192.50;3;BID;;;;;
20251031;050016.316;26192.50;;26192.50;2;BID;;;;;
20251031;050016.316;;26193.25;26193.25;1;ASK;;;;;
20251031;050016.316;;26193.25;26193.25;2;ASK;;;;;
20251031;050016.316;26192.50;;26192.50;1;BID;;;;;
20251031;050016.316;26192.25;;26192.25;3;BID;;;;;
20251031;050016.316;26192.25;;26192.25;2;BID;;;;;
20251031;050016.316;26192.50;;26192.50;1;BID;;;;;
20251031;050016.316;26192.50;;26192.50;2;BID;;;;;
20251031;050016.340;26192.50;;26192.50;1;BID;;;;;
20251031;050017.320;;26193.25;26193.25;1;ASK;;;;;
20251031;050017.320;;26193.50;26193.50;1;ASK;;;;;
20251031;050017.320;;26193.50;26193.50;2;ASK;;;;;
20251031;050017.320;;26193.25;26193.25;1;ASK;;;;;
20251031;050018.324;;26193.50;26193.50;2;ASK;;;;;
20251031;050018.324;26192.75;;26192.75;1;BID;;;;;
20251031;050018.324;26192.75;;26192.75;2;BID;;;;;
20251031;050018.324;;26193.50;26193.50;1;ASK;;;;;
20251031;050018.324;;26193.75;26193.75;3;ASK;;;;;
20251031;050018.324;;26193.75;26193.75;2;ASK;;;;;
20251031;050018.376;;26193.75;26193.75;1;ASK;;;;;
20251031;050018.376;26193.00;;26193.00;1;BID;;;;;
20251031;050018.480;26192.75;;26192.75;2;BID;;;;;
20251031;050018.480;;26193.50;26193.50;1;ASK;;;;;
20251031;050018.740;;26193.75;26193.75;2;ASK;;;;;
20251031;050018.740;26193.00;;26193.00;1;BID;;;;;
20251031;050018.888;;26193.75;26193.75;1;ASK;;;;;
20251031;050018.888;;26194.00;26194.00;1;ASK;;;;;
20251031;050018.888;;26194.00;26194.00;2;ASK;;;;;
20251031;050018.888;;26193.75;26193.75;1;ASK;;;;;
20251031;050019.240;;26193.75;26193.75;1;ASK;;;;;
20251031;050019.240;;26194.00;26194.00;2;ASK;;;;;
20251031;050019.240;26193.25;;26193.25;1;BID;;;;;
20251031;050019.364;26193.25;;26193.25;2;BID;;;;;
20251031;050019.380;;26194.00;26194.00;1;ASK;;;;;
20251031;050020.380;26193.25;;26193.25;1;BID;;;;;
20251031;050020.380;;26194.00;26194.00;1;ASK;;;;;
20251031;050020.380;;26194.25;26194.25;1;ASK;;;;;
20251031;050020.380;;26194.25;26194.25;1;ASK;;;;;
20251031;050020.380;26193.50;;26193.50;1;BID;;;;;
20251031;050020.380;;26194.50;26194.50;3;ASK;;;;;
20251031;050020.380;;26194.50;26194.50;2;ASK;;;;;
20251031;050020.380;;26194.50;26194.50;1;ASK;;;;;
20251031;050020.380;26193.50;;26193.50;2;BID;;;;;
20251031;050020.380;;26194.25;26194.25;1;ASK;;;;;
20251031;050020.380;26193.50;;26193.50;1;BID;;;;;
20251031;050020.380;;26194.50;26194.50;1;ASK;;;;;
20251031;050020.380;26193.75;;26193.75;1;BID;;;;;
20251031;050020.380;26193.50;;26193.50;1;BID;;;;;
20251031;050020.384;26193.50;;26193.50;2;BID;;;;;
20251031;050020.384;;26194.75;26194.75;2;ASK;;;;;
20251031;050020.384;26193.75;;26193.75;1;BID;;;;;
20251031;050020.384;;26194.50;26194.50;1;ASK;;;;;
20251031;050020.384;26193.75;;26193.75;2;BID;;;;;
20251031;050020.384;26193.75;;26193.75;1;BID;;;;;
20251031;050020.384;26193.50;;26193.50;2;BID;;;;;
20251031;050020.388;26193.75;;26193.75;1;BID;;;;;
20251031;050020.388;26193.50;;26193.50;2;BID;;;;;
20251031;050020.388;;26194.50;26194.50;2;ASK;;;;;
20251031;050020.388;;26194.50;26194.50;1;ASK;;;;;
20251031;050020.556;;26194.25;26194.25;1;ASK;;;;;
20251031;050020.560;26193.50;;26193.50;3;BID;;;;;
20251031;050020.560;;26194.50;26194.50;2;ASK;;;;;
20251031;050020.592;;26194.50;26194.50;1;ASK;;;;;
20251031;050020.592;26193.50;;26193.50;4;BID;;;;;
20251031;050020.592;26193.75;;26193.75;1;BID;;;;;
20251031;050020.708;26193.75;;26193.75;2;BID;;;;;
20251031;050020.708;;26194.75;26194.75;1;ASK;;;;;
20251031;050020.712;26194.00;;26194.00;1;BID;;;;;
20251031;050020.960;;26194.50;26194.50;1;ASK;;;;;
20251031;050020.960;26193.75;;26193.75;3;BID;;;;;
20251031;050020.960;26193.75;;26193.75;2;BID;;;;;
20251031;050021.864;26193.75;;26193.75;1;BID;;;;;
20251031;050021.864;26193.50;;26193.50;4;BID;;;;;
20251031;050021.864;26193.50;;26193.50;3;BID;;;;;
20251031;050021.864;;26194.50;26194.50;2;ASK;;;;;
20251031;050021.864;;26194.50;26194.50;3;ASK;;;;;
20251031;050021.864;;26194.25;26194.25;1;ASK;;;;;
20251031;050021.864;26193.50;;26193.50;2;BID;;;;;
20251031;050021.864;;26194.00;26194.00;1;ASK;;;;;
20251031;050021.864;26193.50;;26193.50;1;BID;;;;;
20251031;050021.868;26193.75;;26193.75;1;BID;;;;;
20251031;050021.868;26193.50;;26193.50;1;BID;;;;;
20251031;050021.868;;26194.00;26194.00;1;ASK;;;;;
20251031;050021.868;;26194.50;26194.50;3;ASK;;;;;
20251031;050021.868;26193.75;;26193.75;1;BID;;;;;
20251031;050021.868;;26194.50;26194.50;2;ASK;;;;;
20251031;050021.868;;26194.50;26194.50;1;ASK;;;;;
20251031;050021.868;;26194.75;26194.75;1;ASK;;;;;
20251031;050021.872;;26194.75;26194.75;2;ASK;;;;;
20251031;050021.872;;26194.75;26194.75;3;ASK;;;;;
20251031;050021.872;;26194.50;26194.50;1;ASK;;;;;
20251031;050021.872;;26194.50;26194.50;2;ASK;;;;;
20251031;050021.872;26193.50;;26193.50;3;BID;;;;;
20251031;050021.964;;26194.25;26194.25;1;ASK;;;;;
20251031;050021.972;26193.75;;26193.75;1;BID;;;;;
20251031;050021.972;;26194.50;26194.50;2;ASK;;;;;
20251031;050021.972;;26194.50;26194.50;1;ASK;;;;;
20251031;050022.824;;26194.75;26194.75;3;ASK;;;;;
20251031;050022.824;26193.75;;26193.75;2;BID;;;;;
20251031;050022.824;;26194.75;26194.75;2;ASK;;;;;
20251031;050022.824;26194.00;;26194.00;1;BID;;;;;
20251031;050022.824;;26194.75;26194.75;1;ASK;;;;;
20251031;050022.824;26193.75;;26193.75;2;BID;;;;;
20251031;050023.056;26194.00;;26194.00;1;BID;;;;;
20251031;050023.100;26194.25;;26194.25;1;BID;;;;;
20251031;050023.168;26194.00;;26194.00;1;BID;;;;;
20251031;050024.328;26193.75;;26193.75;3;BID;;;;;
20251031;050024.328;26193.75;;26193.75;2;BID;;;;;
20251031;050024.332;;26194.75;26194.75;2;ASK;;;;;
20251031;050024.332;;26194.50;26194.50;1;ASK;;;;;
20251031;050024.332;;26194.50;26194.50;2;ASK;;;;;
20251031;050024.332;26193.75;;26193.75;3;BID;;;;;
20251031;050024.336;26193.75;;26193.75;2;BID;;;;;
20251031;050024.336;;26194.25;26194.25;1;ASK;;;;;
20251031;050024.360;;26194.50;26194.50;2;ASK;;;;;
20251031;050024.568;;26194.25;26194.25;1;ASK;;;;;
20251031;050024.568;26193.75;;26193.75;1;BID;;;;;
20251031;050024.568;26193.75;;26193.75;1;BID;;;;;
20251031;050024.568;26193.50;;26193.50;3;BID;;;;;
20251031;050024.568;;26194.25;26194.25;2;ASK;;;;;
20251031;050024.568;;26194.00;26194.00;1;ASK;;;;;
20251031;050024.568;26193.50;;26193.50;1;BID;;;;;
20251031;050024.568;26193.50;;26193.50;2;BID;;;;;
20251031;050024.568;26193.50;;26193.50;1;BID;;;;;
20251031;050024.568;26193.50;;26193.50;1;BID;;;;;
20251031;050024.568;26193.00;;26193.00;2;BID;;;;;
20251031;050024.568;;26194.00;26194.00;2;ASK;;;;;
20251031;050024.568;;26194.00;26194.00;3;ASK;;;;;
20251031;050024.568;;26194.00;26194.00;4;ASK;;;;;
20251031;050024.568;26193.00;;26193.00;1;BID;;;;;
20251031;050024.568;;26193.75;26193.75;1;ASK;;;;;
20251031;050024.568;26192.75;;26192.75;2;BID;;;;;
20251031;050024.568;26192.75;;26192.75;1;BID;;;;;
20251031;050024.572;26192.50;;26192.50;4;BID;;;;;
20251031;050024.572;26192.50;;26192.50;3;BID;;;;;
20251031;050024.572;26193.00;;26193.00;1;BID;;;;;
20251031;050024.572;;26193.75;26193.75;2;ASK;;;;;
20251031;050024.572;;26193.50;26193.50;1;ASK;;;;;
20251031;050024.572;;26193.75;26193.75;3;ASK;;;;;
20251031;050024.572;;26193.75;26193.75;2;ASK;;;;;
20251031;050024.572;;26193.75;26193.75;1;ASK;;;;;
20251031;050024.580;;26193.50;26193.50;1;ASK;;;;;
20251031;050024.600;;26193.75;26193.75;2;ASK;;;;;
20251031;050024.600;;26193.75;26193.75;1;ASK;;;;;
20251031;050024.856;;26194.00;26194.00;5;ASK;;;;;
20251031;050024.856;26193.00;;26193.00;2;BID;;;;;
20251031;050024.856;;26194.00;26194.00;4;ASK;;;;;
20251031;050024.856;;26194.00;26194.00;3;ASK;;;;;
20251031;050024.856;26193.25;;26193.25;1;BID;;;;;
20251031;050024.860;26193.00;;26193.00;1;BID;;;;;
20251031;050024.860;26192.75;;26192.75;1;BID;;;;;
20251031;050024.860;26192.75;;26192.75;2;BID;;;;;
20251031;050024.864;26192.75;;26192.75;3;BID;;;;;
20251031;050024.916;26192.75;;26192.75;4;BID;;;;;
20251031;050024.916;26193.00;;26193.00;1;BID;;;;;
20251031;050024.916;26193.00;;26193.00;2;BID;;;;;
20251031;050024.916;26193.25;;26193.25;1;BID;;;;;
20251031;050024.916;;26194.00;26194.00;2;ASK;;;;;
20251031;050024.920;26193.25;;26193.25;2;BID;;;;;
20251031;050024.920;;26194.00;26194.00;1;ASK;;;;;
20251031;050025.992;26193.25;;26193.25;1;BID;;;;;
20251031;050025.992;26193.25;;26193.25;2;BID;;;;;
20251031;050026.164;;26194.25;26194.25;3;ASK;;;;;
20251031;050026.164;;26194.25;26194.25;2;ASK;;;;;
20251031;050026.164;;26194.00;26194.00;1;ASK;;;;;
20251031;050028.560;26193.25;;26193.25;1;BID;;;;;
20251031;050028.864;26193.25;;26193.25;2;BID;;;;;
20251031;050028.864;;26194.25;26194.25;1;ASK;;;;;
20251031;050028.864;26193.25;;26193.25;1;BID;;;;;
20251031;050028.864;;26194.25;26194.25;2;ASK;;;;;
20251031;050028.864;;26194.25;26194.25;3;ASK;;;;;
20251031;050028.864;;26194.00;26194.00;1;ASK;;;;;
20251031;050028.928;26193.25;;26193.25;2;BID;;;;;
20251031;050029.116;;26194.25;26194.25;3;ASK;;;;;
20251031;050029.120;26193.25;;26193.25;1;BID;;;;;
20251031;050029.120;;26194.00;26194.00;1;ASK;;;;;
20251031;050029.948;;26193.75;26193.75;1;ASK;;;;;
20251031;050029.948;;26193.75;26193.75;2;ASK;;;;;
20251031;050030.852;26193.25;;26193.25;1;BID;;;;;
20251031;050030.852;26192.75;;26192.75;3;BID;;;;;
20251031;050030.852;26192.75;;26192.75;2;BID;;;;;
20251031;050030.852;;26193.50;26193.50;1;ASK;;;;;
20251031;050030.852;;26193.50;26193.50;2;ASK;;;;;
20251031;050030.852;26192.75;;26192.75;1;BID;;;;;
20251031;050030.856;26192.50;;26192.50;1;BID;;;;;
20251031;050030.856;;26193.25;26193.25;1;ASK;;;;;
20251031;050030.856;26192.25;;26192.25;2;BID;;;;;
20251031;050030.856;;26193.25;26193.25;2;ASK;;;;;
20251031;050030.856;26192.25;;26192.25;1;BID;;;;;
20251031;050030.856;26192.25;;26192.25;2;BID;;;;;
20251031;050030.856;26192.50;;26192.50;1;BID;;;;;
20251031;050030.856;;26193.25;26193.25;1;ASK;;;;;
20251031;050030.908;;26193.25;26193.25;2;ASK;;;;;
20251031;050030.908;26192.25;;26192.25;2;BID;;;;;
20251031;050030.908;;26193.00;26193.00;1;ASK;;;;;
20251031;050030.908;26192.25;;26192.25;1;BID;;;;;
20251031;050030.908;26192.00;;26192.00;2;BID;;;;;
20251031;050030.908;;26193.00;26193.00;2;ASK;;;;;
20251031;050030.908;;26193.00;26193.00;3;ASK;;;;;
20251031;050030.908;26192.25;;26192.25;1;BID;;;;;
20251031;050030.908;;26192.75;26192.75;1;ASK;;;;;
20251031;050030.908;;26193.00;26193.00;3;ASK;;;;;
20251031;050030.912;;26193.00;26193.00;2;ASK;;;;;
20251031;050030.912;;26193.00;26193.00;1;ASK;;;;;
20251031;050030.912;26192.25;;26192.25;2;BID;;;;;
20251031;050030.912;;26193.25;26193.25;2;ASK;;;;;
20251031;050030.912;26192.50;;26192.50;1;BID;;;;;
20251031;050030.912;;26193.25;26193.25;1;ASK;;;;;
20251031;050030.944;26192.25;;26192.25;1;BID;;;;;
20251031;050030.944;;26193.25;26193.25;2;ASK;;;;;
20251031;050030.944;;26193.00;26193.00;1;ASK;;;;;
20251031;050030.968;26192.25;;26192.25;2;BID;;;;;
20251031;050030.968;26192.50;;26192.50;1;BID;;;;;
20251031;050030.968;;26193.25;26193.25;2;ASK;;;;;
20251031;050030.972;26192.25;;26192.25;1;BID;;;;;
20251031;050030.996;26192.25;;26192.25;2;BID;;;;;
20251031;050030.996;26192.50;;26192.50;1;BID;;;;;
20251031;050031.152;26192.25;;26192.25;1;BID;;;;;
20251031;050031.348;26192.50;;26192.50;1;BID;;;;;
20251031;050031.348;;26193.25;26193.25;1;ASK;;;;;
20251031;050031.348;;26193.50;26193.50;3;ASK;;;;;
20251031;050031.348;;26193.50;26193.50;2;ASK;;;;;
20251031;050031.348;26192.50;;26192.50;2;BID;;;;;
20251031;050031.348;26192.75;;26192.75;1;BID;;;;;
20251031;050031.348;;26193.50;26193.50;1;ASK;;;;;
20251031;050032.348;26192.50;;26192.50;3;BID;;;;;
20251031;050032.348;26192.50;;26192.50;2;BID;;;;;
20251031;050032.348;;26193.50;26193.50;2;ASK;;;;;
20251031;050032.348;;26193.25;26193.25;1;ASK;;;;;
20251031;050032.904;26192.50;;26192.50;1;BID;;;;;
20251031;050032.904;;26193.25;26193.25;2;ASK;;;;;
20251031;050032.904;26192.25;;26192.25;2;BID;;;;;
20251031;050032.904;;26193.00;26193.00;1;ASK;;;;;
20251031;050032.904;26192.25;;26192.25;1;BID;;;;;
20251031;050032.908;26191.75;;26191.75;4;BID;;;;;
20251031;050032.908;26191.75;;26191.75;3;BID;;;;;
20251031;050032.912;26192.00;;26192.00;1;BID;;;;;
20251031;050032.912;26192.25;;26192.25;1;BID;;;;;
20251031;050033.000;;26192.50;26192.50;1;ASK;;;;;
20251031;050033.000;26192.00;;26192.00;1;BID;;;;;
20251031;050033.164;26192.00;;26192.00;1;BID;;;;;
20251031;050033.164;26191.75;;26191.75;3;BID;;;;;
20251031;050033.164;26191.75;;26191.75;2;BID;;;;;
20251031;050033.164;;26192.50;26192.50;2;ASK;;;;;
20251031;050033.164;;26192.25;26192.25;1;ASK;;;;;
20251031;050033.168;26191.75;;26191.75;1;BID;;;;;
20251031;050033.168;26191.75;;26191.75;1;BID;;;;;
20251031;050033.168;26191.25;;26191.25;3;BID;;;;;
20251031;050033.168;;26191.75;26191.75;1;ASK;;;;;
20251031;050033.168;26191.25;;26191.25;2;BID;;;;;
20251031;050033.168;;26192.25;26192.25;2;ASK;;;;;
20251031;050033.168;;26192.25;26192.25;3;ASK;;;;;
20251031;050033.168;26191.25;;26191.25;3;BID;;;;;
20251031;050033.168;;26192.00;26192.00;1;ASK;;;;;
20251031;050033.168;26191.25;;26191.25;2;BID;;;;;
20251031;050033.168;;26192.00;26192.00;2;ASK;;;;;
20251031;050033.168;26191.25;;26191.25;1;BID;;;;;
20251031;050033.180;;26191.75;26191.75;1;ASK;;;;;
20251031;050033.180;;26192.00;26192.00;2;ASK;;;;;
20251031;050033.216;;26192.00;26192.00;1;ASK;;;;;
20251031;050033.216;;26192.00;26192.00;1;ASK;;;;;
20251031;050033.216;26191.50;;26191.50;1;BID;;;;;
20251031;050033.216;;26192.25;26192.25;4;ASK;;;;;
20251031;050033.216;;26192.25;26192.25;3;ASK;;;;;
20251031;050033.216;;26192.25;26192.25;2;ASK;;;;;
20251031;050033.216;;26192.25;26192.25;1;ASK;;;;;
20251031;050033.216;26191.25;;26191.25;3;BID;;;;;
20251031;050033.216;26191.25;;26191.25;2;BID;;;;;
20251031;050033.228;26191.25;;26191.25;3;BID;;;;;
20251031;050033.228;26191.50;;26191.50;1;BID;;;;;
20251031;050033.240;26191.25;;26191.25;2;BID;;;;;
20251031;050033.272;;26192.25;26192.25;1;ASK;;;;;
20251031;050033.272;;26192.50;26192.50;1;ASK;;;;;
20251031;050033.272;;26192.50;26192.50;4;ASK;;;;;
20251031;050033.272;26191.50;;26191.50;1;BID;;;;;
20251031;050033.272;;26192.50;26192.50;3;ASK;;;;;
20251031;050033.272;;26192.50;26192.50;2;ASK;;;;;
20251031;050033.272;;26192.50;26192.50;1;ASK;;;;;
20251031;050033.272;;26192.75;26192.75;1;ASK;;;;;
20251031;050033.272;26191.50;;26191.50;2;BID;;;;;
20251031;050033.272;;26192.50;26192.50;1;ASK;;;;;
20251031;050033.272;;26192.50;26192.50;2;ASK;;;;;
20251031;050033.272;;26192.25;26192.25;1;ASK;;;;;
20251031;050033.276;;26192.50;26192.50;2;ASK;;;;;
20251031;050033.276;;26192.50;26192.50;1;ASK;;;;;
20251031;050033.308;26191.75;;26191.75;1;BID;;;;;
20251031;050033.348;;26192.50;26192.50;1;ASK;;;;;
20251031;050033.348;;26192.75;26192.75;2;ASK;;;;;
20251031;050033.348;;26192.75;26192.75;1;ASK;;;;;
20251031;050033.348;26191.75;;26191.75;2;BID;;;;;
20251031;050033.348;26192.00;;26192.00;1;BID;;;;;
20251031;050033.348;;26193.00;26193.00;1;ASK;;;;;
20251031;050033.348;;26193.00;26193.00;2;ASK;;;;;
20251031;050033.348;;26192.75;26192.75;1;ASK;;;;;
20251031;050033.348;26191.75;;26191.75;3;BID;;;;;
20251031;050033.348;26192.00;;26192.00;1;BID;;;;;
20251031;050033.464;;26193.00;26193.00;3;ASK;;;;;
20251031;050033.464;;26193.00;26193.00;2;ASK;;;;;
20251031;050033.468;;26192.75;26192.75;1;ASK;;;;;
20251031;050033.776;;26192.75;26192.75;1;ASK;;;;;
20251031;050033.776;;26193.00;26193.00;1;ASK;;;;;
20251031;050033.776;;26193.00;26193.00;1;ASK;;;;;
20251031;050033.776;;26193.25;26193.25;1;ASK;;;;;
20251031;050033.776;;26193.25;26193.25;1;ASK;;;;;
20251031;050033.776;;26193.25;26193.25;1;ASK;;;;;
20251031;050033.776;;26193.50;26193.50;1;ASK;;;;;
20251031;050033.776;;26193.50;26193.50;1;ASK;;;;;
20251031;050033.776;;26193.75;26193.75;1;ASK;;;;;
20251031;050033.776;;26193.75;26193.75;1;ASK;;;;;
20251031;050033.776;;26193.75;26193.75;1;ASK;;;;;
20251031;050033.776;;26194.00;26194.00;1;ASK;;;;;
20251031;050033.776;;26194.00;26194.00;1;ASK;;;;;
20251031;050033.776;;26194.00;26194.00;1;ASK;;;;;
20251031;050033.776;;26194.00;26194.00;1;ASK;;;;;
20251031;050033.776;;26194.00;26194.00;1;ASK;;;;;
20251031;050033.776;;26194.00;26194.00;1;ASK;;;;;
20251031;050033.776;;26194.00;26194.00;6;ASK;;;;;
20251031;050033.776;;26194.25;26194.25;5;ASK;;;;;
20251031;050033.776;26194.00;;26194.00;1;BID;;;;;
20251031;050033.776;26194.00;;26194.00;5;BID;;;;;
20251031;050033.776;26194.00;;26194.00;3;BID;;;;;
20251031;050033.776;26194.00;;26194.00;2;BID;;;;;
20251031;050033.776;;26194.25;26194.25;4;ASK;;;;;
20251031;050033.776;26194.00;;26194.00;1;BID;;;;;
20251031;050033.776;26194.00;;26194.00;1;BID;;;;;
20251031;050033.776;;26194.25;26194.25;3;ASK;;;;;
20251031;050033.776;;26194.25;26194.25;2;ASK;;;;;
20251031;050033.776;;26194.25;26194.25;1;ASK;;;;;
20251031;050033.776;26194.00;;26194.00;1;BID;;;;;
20251031;050033.776;26192.50;;26192.50;1;BID;;;;;
20251031;050033.776;;26194.25;26194.25;1;ASK;;;;;
20251031;050033.776;;26194.50;26194.50;1;ASK;;;;;
20251031;050033.780;;26194.00;26194.00;6;ASK;;;;;
20251031;050033.780;;26194.00;26194.00;4;ASK;;;;;
20251031;050033.780;;26194.00;26194.00;2;ASK;;;;;
20251031;050033.780;;26194.00;26194.00;2;ASK;;;;;
20251031;050033.780;;26194.50;26194.50;1;ASK;;;;;
20251031;050033.780;;26194.75;26194.75;2;ASK;;;;;
20251031;050033.780;26194.25;;26194.25;1;BID;;;;;
20251031;050033.780;26192.50;;26192.50;1;BID;;;;;
20251031;050033.780;26194.00;;26194.00;1;BID;;;;;
20251031;050033.780;;26194.75;26194.75;3;ASK;;;;;
20251031;050033.780;;26194.75;26194.75;2;ASK;;;;;
20251031;050033.780;;26194.75;26194.75;3;ASK;;;;;
20251031;050033.780;;26194.50;26194.50;1;ASK;;;;;
20251031;050033.784;;26194.50;26194.50;2;ASK;;;;;
20251031;050033.784;;26194.50;26194.50;3;ASK;;;;;
20251031;050033.784;;26194.50;26194.50;2;ASK;;;;;
20251031;050033.784;;26194.25;26194.25;1;ASK;;;;;
20251031;050033.784;26194.00;;26194.00;1;BID;;;;;
20251031;050033.784;26193.00;;26193.00;1;BID;;;;;
20251031;050033.784;;26194.50;26194.50;2;ASK;;;;;
20251031;050033.784;26193.00;;26193.00;2;BID;;;;;
20251031;050033.784;26193.00;;26193.00;3;BID;;;;;
20251031;050033.784;26193.00;;26193.00;4;BID;;;;;
20251031;050033.784;26193.25;;26193.25;1;BID;;;;;
20251031;050033.784;26193.25;;26193.25;2;BID;;;;;
20251031;050033.784;26193.25;;26193.25;3;BID;;;;;
20251031;050033.784;26193.50;;26193.50;1;BID;;;;;
20251031;050033.784;26193.50;;26193.50;2;BID;;;;;
20251031;050033.784;26193.50;;26193.50;3;BID;;;;;
20251031;050033.788;26193.75;;26193.75;1;BID;;;;;
20251031;050033.788;26193.50;;26193.50;4;BID;;;;;
20251031;050033.788;26193.50;;26193.50;3;BID;;;;;
20251031;050033.788;26193.50;;26193.50;2;BID;;;;;
20251031;050033.788;;26194.25;26194.25;1;ASK;;;;;
20251031;050033.788;26193.75;;26193.75;1;BID;;;;;
20251031;050033.792;;26194.50;26194.50;2;ASK;;;;;
20251031;050033.864;;26194.50;26194.50;1;ASK;;;;;
20251031;050033.864;26193.75;;26193.75;2;BID;;;;;
20251031;050033.864;26194.00;;26194.00;1;BID;;;;;
20251031;050033.864;;26194.75;26194.75;3;ASK;;;;;
20251031;050033.864;;26194.75;26194.75;2;ASK;;;;;
20251031;050033.864;;26194.75;26194.75;1;ASK;;;;;
20251031;050033.868;;26194.75;26194.75;2;ASK;;;;;
20251031;050033.868;26193.75;;26193.75;2;BID;;;;;
20251031;050033.944;26194.00;;26194.00;1;BID;;;;;
20251031;050033.944;26194.00;;26194.00;2;BID;;;;;
20251031;050034.180;26194.00;;26194.00;1;BID;;;;;
20251031;050034.180;;26194.50;26194.50;1;ASK;;;;;
20251031;050035.348;;26194.75;26194.75;2;ASK;;;;;
20251031;050035.640;26194.00;;26194.00;1;BID;;;;;
20251031;050035.640;26193.75;;26193.75;1;BID;;;;;
20251031;050035.640;26193.75;;26193.75;1;BID;;;;;
20251031;050035.640;26193.50;;26193.50;1;BID;;;;;
20251031;050035.640;26193.50;;26193.50;1;BID;;;;;
20251031;050035.640;26193.50;;26193.50;1;BID;;;;;
20251031;050035.640;26193.25;;26193.25;1;BID;;;;;
20251031;050035.640;26193.25;;26193.25;1;BID;;;;;
20251031;050035.640;26193.25;;26193.25;1;BID;;;;;
20251031;050035.640;26193.00;;26193.00;4;BID;;;;;
20251031;050035.640;;26193.25;26193.25;11;ASK;;;;;
20251031;050035.640;26193.00;;26193.00;3;BID;;;;;
20251031;050035.648;26193.00;;26193.00;2;BID;;;;;
20251031;050035.648;;26193.25;26193.25;1;ASK;;;;;
20251031;050035.648;;26193.25;26193.25;10;ASK;;;;;
20251031;050035.648;26193.00;;26193.00;1;BID;;;;;
20251031;050035.648;26193.00;;26193.00;1;BID;;;;;
20251031;050035.648;26192.75;;26192.75;1;BID;;;;;
20251031;050035.648;26192.75;;26192.75;1;BID;;;;;
20251031;050035.648;26192.50;;26192.50;3;BID;;;;;
20251031;050035.648;26192.50;;26192.50;2;BID;;;;;
20251031;050035.648;;26193.25;26193.25;2;ASK;;;;;
20251031;050035.648;;26193.25;26193.25;8;ASK;;;;;
20251031;050035.648;26192.50;;26192.50;1;BID;;;;;
20251031;050035.648;;26193.25;26193.25;8;ASK;;;;;
20251031;050035.648;;26194.50;26194.50;4;ASK;;;;;
20251031;050035.648;26192.25;;26192.25;1;BID;;;;;
20251031;050035.648;;26193.00;26193.00;1;ASK;;;;;
20251031;050035.648;;26193.00;26193.00;2;ASK;;;;;
20251031;050035.648;26192.00;;26192.00;4;BID;;;;;
20251031;050035.648;;26193.00;26193.00;1;ASK;;;;;
20251031;050035.648;;26194.50;26194.50;4;ASK;;;;;
20251031;050035.652;26192.00;;26192.00;3;BID;;;;;
20251031;050035.652;;26194.50;26194.50;5;ASK;;;;;
20251031;050035.652;26192.00;;26192.00;2;BID;;;;;
20251031;050035.652;26192.75;;26192.75;1;BID;;;;;
20251031;050035.652;;26194.50;26194.50;6;ASK;;;;;
20251031;050035.652;;26194.50;26194.50;7;ASK;;;;;
20251031;050035.652;;26194.50;26194.50;6;ASK;;;;;
20251031;050035.652;;26194.50;26194.50;7;ASK;;;;;
20251031;050035.652;;26194.50;26194.50;8;ASK;;;;;
20251031;050035.652;;26194.50;26194.50;9;ASK;;;;;
20251031;050035.652;;26194.25;26194.25;1;ASK;;;;;
20251031;050035.652;;26194.25;26194.25;2;ASK;;;;;
20251031;050035.652;;26194.25;26194.25;3;ASK;;;;;
20251031;050035.652;;26194.25;26194.25;4;ASK;;;;;
20251031;050035.652;;26194.00;26194.00;1;ASK;;;;;
20251031;050035.652;;26194.25;26194.25;4;ASK;;;;;
20251031;050035.652;;26194.25;26194.25;3;ASK;;;;;
20251031;050035.652;;26194.25;26194.25;4;ASK;;;;;
20251031;050035.656;26192.75;;26192.75;2;BID;;;;;
20251031;050035.656;;26194.25;26194.25;5;ASK;;;;;
20251031;050035.656;;26194.25;26194.25;6;ASK;;;;;
20251031;050035.656;;26194.25;26194.25;7;ASK;;;;;
20251031;050035.656;;26194.25;26194.25;8;ASK;;;;;
20251031;050035.656;;26194.25;26194.25;9;ASK;;;;;
20251031;050035.656;;26194.00;26194.00;1;ASK;;;;;
20251031;050035.656;;26194.00;26194.00;2;ASK;;;;;
20251031;050035.656;26192.75;;26192.75;1;BID;;;;;
20251031;050035.656;;26194.00;26194.00;3;ASK;;;;;
20251031;050035.656;;26194.00;26194.00;4;ASK;;;;;
20251031;050035.656;;26194.00;26194.00;5;ASK;;;;;
20251031;050035.656;;26194.00;26194.00;6;ASK;;;;;
20251031;050035.656;26192.75;;26192.75;2;BID;;;;;
20251031;050035.656;26193.00;;26193.00;1;BID;;;;;
20251031;050035.656;;26194.00;26194.00;5;ASK;;;;;
20251031;050035.656;;26193.75;26193.75;1;ASK;;;;;
20251031;050035.656;;26194.00;26194.00;3;ASK;;;;;
20251031;050035.660;;26194.00;26194.00;4;ASK;;;;;
20251031;050035.660;;26193.75;26193.75;1;ASK;;;;;
20251031;050035.660;;26194.00;26194.00;4;ASK;;;;;
20251031;050035.660;;26194.00;26194.00;3;ASK;;;;;
20251031;050035.660;;26193.75;26193.75;1;ASK;;;;;
20251031;050035.668;26192.75;;26192.75;2;BID;;;;;
20251031;050035.784;26193.00;;26193.00;1;BID;;;;;
20251031;050035.784;;26194.00;26194.00;4;ASK;;;;;
20251031;050035.784;;26194.00;26194.00;3;ASK;;;;;
20251031;050035.788;;26193.75;26193.75;1;ASK;;;;;
20251031;050035.788;26192.75;;26192.75;2;BID;;;;;
20251031;050036.060;26193.00;;26193.00;1;BID;;;;;
20251031;050036.060;26193.00;;26193.00;2;BID;;;;;
20251031;050036.060;;26194.00;26194.00;4;ASK;;;;;
20251031;050036.060;;26194.00;26194.00;3;ASK;;;;;
20251031;050036.060;;26193.75;26193.75;1;ASK;;;;;
20251031;050036.860;26193.00;;26193.00;1;BID;;;;;
20251031;050036.860;;26193.75;26193.75;2;ASK;;;;;
20251031;050037.652;;26193.75;26193.75;1;ASK;;;;;
20251031;050037.652;;26194.00;26194.00;4;ASK;;;;;
20251031;050037.652;;26194.00;26194.00;3;ASK;;;;;
20251031;050037.964;;26193.75;26193.75;1;ASK;;;;;
20251031;050037.968;;26194.00;26194.00;4;ASK;;;;;
20251031;050037.968;;26194.00;26194.00;3;ASK;;;;;
20251031;050038.004;26193.00;;26193.00;2;BID;;;;;
20251031;050038.140;26193.25;;26193.25;1;BID;;;;;
20251031;050038.144;;26194.00;26194.00;2;ASK;;;;;
20251031;050038.144;;26194.00;26194.00;1;ASK;;;;;
20251031;050038.144;26193.00;;26193.00;1;BID;;;;;
20251031;050038.144;26193.00;;26193.00;2;BID;;;;;
20251031;050038.144;;26194.25;26194.25;4;ASK;;;;;
20251031;050038.144;26193.25;;26193.25;1;BID;;;;;
20251031;050038.144;;26194.25;26194.25;3;ASK;;;;;
20251031;050038.144;;26194.00;26194.00;1;ASK;;;;;
20251031;050038.192;26193.25;;26193.25;2;BID;;;;;
20251031;050038.192;;26194.25;26194.25;4;ASK;;;;;
20251031;050038.192;;26194.25;26194.25;3;ASK;;;;;
20251031;050038.196;;26194.00;26194.00;1;ASK;;;;;
20251031;050038.396;;26194.25;26194.25;4;ASK;;;;;
20251031;050038.396;;26194.25;26194.25;3;ASK;;;;;
20251031;050038.396;;26194.25;26194.25;2;ASK;;;;;
20251031;050038.396;26193.50;;26193.50;1;BID;;;;;
20251031;050038.400;26193.25;;26193.25;2;BID;;;;;
20251031;050038.400;26193.25;;26193.25;1;BID;;;;;
20251031;050038.400;;26194.00;26194.00;1;ASK;;;;;
20251031;050038.448;26193.25;;26193.25;2;BID;;;;;
20251031;050038.448;;26194.25;26194.25;3;ASK;;;;;
20251031;050038.448;;26194.25;26194.25;2;ASK;;;;;
20251031;050038.556;;26194.25;26194.25;3;ASK;;;;;
20251031;050038.556;;26194.00;26194.00;1;ASK;;;;;
20251031;050038.556;;26194.25;26194.25;4;ASK;;;;;
20251031;050038.556;;26194.25;26194.25;3;ASK;;;;;
20251031;050038.556;;26194.00;26194.00;1;ASK;;;;;
20251031;050040.144;;26194.00;26194.00;1;ASK;;;;;
20251031;050040.144;;26194.25;26194.25;4;ASK;;;;;
20251031;050040.144;;26194.25;26194.25;3;ASK;;;;;
20251031;050040.144;26193.50;;26193.50;1;BID;;;;;
20251031;050040.144;;26194.25;26194.25;2;ASK;;;;;
20251031;050040.144;;26194.25;26194.25;1;ASK;;;;;
20251031;050040.144;;26194.25;26194.25;1;ASK;;;;;
20251031;050040.144;;26194.50;26194.50;2;ASK;;;;;
20251031;050040.144;26193.75;;26193.75;1;BID;;;;;
20251031;050040.144;;26194.50;26194.50;1;ASK;;;;;
20251031;050040.144;;26194.50;26194.50;1;ASK;;;;;
20251031;050040.144;;26194.75;26194.75;4;ASK;;;;;
20251031;050040.148;;26194.75;26194.75;3;ASK;;;;;
20251031;050040.148;;26194.75;26194.75;2;ASK;;;;;
20251031;050040.148;;26194.75;26194.75;1;ASK;;;;;
20251031;050040.148;26194.00;;26194.00;1;BID;;;;;
20251031;050040.148;26194.00;;26194.00;2;BID;;;;;
20251031;050040.156;26194.00;;26194.00;3;BID;;;;;
20251031;050040.156;26194.25;;26194.25;1;BID;;;;;
20251031;050040.156;26194.00;;26194.00;2;BID;;;;;
20251031;050040.216;26194.00;;26194.00;1;BID;;;;;
20251031;050040.216;26194.00;;26194.00;2;BID;;;;;
20251031;050040.364;26194.00;;26194.00;1;BID;;;;;
20251031;050040.428;26194.00;;26194.00;2;BID;;;;;
20251031;050040.948;26194.00;;26194.00;1;BID;;;;;
20251031;050040.948;26194.00;;26194.00;1;BID;;;;;
20251031;050040.948;26193.75;;26193.75;4;BID;;;;;
20251031;050040.948;;26194.50;26194.50;1;ASK;;;;;
20251031;050040.948;;26194.50;26194.50;2;ASK;;;;;
20251031;050040.948;26193.75;;26193.75;3;BID;;;;;
20251031;050040.948;26193.75;;26193.75;2;BID;;;;;
20251031;050040.948;;26194.50;26194.50;1;ASK;;;;;
20251031;050040.948;26193.75;;26193.75;1;BID;;;;;
20251031;050040.948;;26194.75;26194.75;2;ASK;;;;;
20251031;050041.060;;26194.75;26194.75;1;ASK;;;;;
20251031;050041.060;;26194.75;26194.75;1;ASK;;;;;
20251031;050041.060;26194.00;;26194.00;1;BID;;;;;
20251031;050041.060;26194.00;;26194.00;2;BID;;;;;
20251031;050041.060;;26195.00;26195.00;2;ASK;;;;;
20251031;050041.244;26194.25;;26194.25;1;BID;;;;;
20251031;050041.244;26194.25;;26194.25;2;BID;;;;;
20251031;050041.272;26194.25;;26194.25;1;BID;;;;;
20251031;050041.272;26194.00;;26194.00;2;BID;;;;;
20251031;050041.312;26194.25;;26194.25;1;BID;;;;;
20251031;050042.060;26194.00;;26194.00;2;BID;;;;;
20251031;050042.408;26194.25;;26194.25;1;BID;;;;;
20251031;050043.008;26194.25;;26194.25;2;BID;;;;;
20251031;050043.580;26194.25;;26194.25;1;BID;;;;;
20251031;050044.372;;26194.75;26194.75;1;ASK;;;;;
20251031;050044.372;;26194.75;26194.75;2;ASK;;;;;
20251031;050044.372;26194.25;;26194.25;1;BID;;;;;
20251031;050044.372;26194.00;;26194.00;1;BID;;;;;
20251031;050044.372;;26194.50;26194.50;1;ASK;;;;;
20251031;050044.372;26193.75;;26193.75;3;BID;;;;;
20251031;050044.372;;26194.50;26194.50;2;ASK;;;;;
20251031;050044.372;26193.75;;26193.75;2;BID;;;;;
20251031;050044.372;;26194.50;26194.50;1;ASK;;;;;
20251031;050044.372;;26194.50;26194.50;2;ASK;;;;;
20251031;050044.372;26193.75;;26193.75;1;BID;;;;;
20251031;050044.372;26194.00;;26194.00;1;BID;;;;;
20251031;050044.372;;26194.50;26194.50;1;ASK;;;;;
20251031;050044.372;26193.75;;26193.75;1;BID;;;;;
20251031;050044.416;26193.50;;26193.50;5;BID;;;;;
20251031;050044.416;26193.50;;26193.50;4;BID;;;;;
20251031;050044.416;;26194.50;26194.50;2;ASK;;;;;
20251031;050044.416;26193.50;;26193.50;3;BID;;;;;
20251031;050044.420;;26194.50;26194.50;3;ASK;;;;;
20251031;050044.420;26193.75;;26193.75;1;BID;;;;;
20251031;050044.420;;26194.50;26194.50;2;ASK;;;;;
20251031;050044.928;26193.50;;26193.50;3;BID;;;;;
20251031;050045.316;;26194.25;26194.25;1;ASK;;;;;
20251031;050045.316;;26194.25;26194.25;2;ASK;;;;;
20251031;050045.316;26193.50;;26193.50;2;BID;;;;;
20251031;050045.316;26193.50;;26193.50;1;BID;;;;;
20251031;050045.316;26193.25;;26193.25;1;BID;;;;;
20251031;050045.316;;26194.00;26194.00;1;ASK;;;;;
20251031;050045.316;;26194.00;26194.00;2;ASK;;;;;
20251031;050045.316;26192.75;;26192.75;3;BID;;;;;
20251031;050045.316;26193.00;;26193.00;1;BID;;;;;
20251031;050045.316;;26193.75;26193.75;1;ASK;;;;;
20251031;050045.316;;26193.75;26193.75;2;ASK;;;;;
20251031;050045.316;26192.75;;26192.75;3;BID;;;;;
20251031;050045.316;;26193.75;26193.75;3;ASK;;;;;
20251031;050045.320;;26193.75;26193.75;2;ASK;;;;;
20251031;050045.320;;26193.50;26193.50;1;ASK;;;;;
20251031;050045.320;26193.00;;26193.00;1;BID;;;;;
20251031;050045.320;26192.75;;26192.75;3;BID;;;;;
20251031;050045.320;;26193.75;26193.75;1;ASK;;;;;
20251031;050045.320;26193.00;;26193.00;1;BID;;;;;
20251031;050045.368;26192.75;;26192.75;4;BID;;;;;
20251031;050045.368;26192.75;;26192.75;3;BID;;;;;
20251031;050045.368;26193.00;;26193.00;1;BID;;;;;
20251031;050045.516;26193.00;;26193.00;1;BID;;;;;
20251031;050045.516;26192.75;;26192.75;3;BID;;;;;
20251031;050045.516;;26193.50;26193.50;1;ASK;;;;;
20251031;050045.516;;26193.50;26193.50;2;ASK;;;;;
20251031;050045.516;26192.75;;26192.75;2;BID;;;;;
20251031;050045.516;26192.75;;26192.75;1;BID;;;;;
20251031;050045.516;26192.50;;26192.50;2;BID;;;;;
20251031;050045.516;26192.50;;26192.50;1;BID;;;;;
20251031;050045.516;26192.75;;26192.75;1;BID;;;;;
20251031;050045.520;;26193.50;26193.50;1;ASK;;;;;
20251031;050045.968;26192.50;;26192.50;2;BID;;;;;
20251031;050045.968;;26193.50;26193.50;2;ASK;;;;;
20251031;050045.968;26192.50;;26192.50;1;BID;;;;;
20251031;050045.968;;26193.25;26193.25;1;ASK;;;;;
20251031;050046.192;26192.25;;26192.25;2;BID;;;;;
20251031;050046.192;26192.25;;26192.25;1;BID;;;;;
20251031;050046.192;26192.50;;26192.50;1;BID;;;;;
20251031;050046.324;26192.50;;26192.50;2;BID;;;;;
20251031;050046.324;26192.50;;26192.50;3;BID;;;;;
20251031;050046.328;;26193.50;26193.50;2;ASK;;;;;
20251031;050046.328;26192.50;;26192.50;2;BID;;;;;
20251031;050046.368;;26193.25;26193.25;1;ASK;;;;;
20251031;050046.576;;26193.50;26193.50;2;ASK;;;;;
20251031;050047.388;26192.50;;26192.50;3;BID;;;;;
20251031;050047.388;;26193.50;26193.50;1;ASK;;;;;
20251031;050047.388;26192.75;;26192.75;1;BID;;;;;
20251031;050047.816;26192.50;;26192.50;3;BID;;;;;
20251031;050047.816;26192.50;;26192.50;2;BID;;;;;
20251031;050047.816;;26193.50;26193.50;2;ASK;;;;;
20251031;050047.816;;26193.50;26193.50;3;ASK;;;;;
20251031;050047.816;;26193.25;26193.25;1;ASK;;;;;
20251031;050047.816;26192.50;;26192.50;1;BID;;;;;
20251031;050047.816;26192.25;;26192.25;1;BID;;;;;
20251031;050047.820;26192.00;;26192.00;2;BID;;;;;
20251031;050047.820;26192.25;;26192.25;1;BID;;;;;
20251031;050047.820;26192.25;;26192.25;2;BID;;;;;
20251031;050047.820;26192.50;;26192.50;1;BID;;;;;
20251031;050047.924;26192.25;;26192.25;2;BID;;;;;
20251031;050047.924;26192.25;;26192.25;1;BID;;;;;
20251031;050048.108;26192.25;;26192.25;2;BID;;;;;
20251031;050048.108;26192.50;;26192.50;1;BID;;;;;
20251031;050048.808;26192.25;;26192.25;2;BID;;;;;
20251031;050048.812;;26193.00;26193.00;1;ASK;;;;;
20251031;050048.812;26192.25;;26192.25;1;BID;;;;;
20251031;050048.812;26192.00;;26192.00;1;BID;;;;;
20251031;050048.812;;26192.50;26192.50;1;ASK;;;;;
20251031;050048.812;;26193.00;26193.00;3;ASK;;;;;
20251031;050048.812;;26193.00;26193.00;4;ASK;;;;;
20251031;050048.812;;26193.00;26193.00;5;ASK;;;;;
20251031;050048.812;;26193.00;26193.00;6;ASK;;;;;
20251031;050048.812;26191.75;;26191.75;1;BID;;;;;
20251031;050048.812;;26192.75;26192.75;1;ASK;;;;;
20251031;050048.816;;26192.50;26192.50;1;ASK;;;;;
20251031;050048.816;26191.50;;26191.50;1;BID;;;;;
20251031;050048.816;;26192.50;26192.50;2;ASK;;;;;
20251031;050048.816;;26192.25;26192.25;1;ASK;;;;;
20251031;050048.816;;26192.50;26192.50;2;ASK;;;;;
20251031;050048.816;26191.25;;26191.25;2;BID;;;;;
20251031;050048.816;26191.75;;26191.75;1;BID;;;;;
20251031;050048.816;;26192.50;26192.50;1;ASK;;;;;
20251031;050048.816;26191.25;;26191.25;2;BID;;;;;
20251031;050048.816;;26192.75;26192.75;5;ASK;;;;;
20251031;050048.816;;26192.75;26192.75;4;ASK;;;;;
20251031;050048.816;26191.50;;26191.50;1;BID;;;;;
20251031;050048.816;26191.50;;26191.50;2;BID;;;;;
20251031;050048.816;;26192.50;26192.50;1;ASK;;;;;
20251031;050048.816;;26192.75;26192.75;4;ASK;;;;;
20251031;050048.816;26191.50;;26191.50;3;BID;;;;;
20251031;050048.816;26191.50;;26191.50;4;BID;;;;;
20251031;050048.816;;26192.50;26192.50;1;ASK;;;;;
20251031;050048.816;26191.75;;26191.75;1;BID;;;;;
20251031;050048.820;26191.75;;26191.75;2;BID;;;;;
20251031;050048.820;;26192.75;26192.75;5;ASK;;;;;
20251031;050048.820;;26192.75;26192.75;4;ASK;;;;;
20251031;050048.820;26191.75;;26191.75;3;BID;;;;;
20251031;050048.820;26192.00;;26192.00;1;BID;;;;;
20251031;050048.820;;26192.75;26192.75;3;ASK;;;;;
20251031;050048.824;26191.75;;26191.75;3;BID;;;;;
20251031;050048.848;26192.00;;26192.00;1;BID;;;;;
20251031;050048.980;26191.75;;26191.75;2;BID;;;;;
20251031;050049.248;;26192.50;26192.50;1;ASK;;;;;
20251031;050049.248;;26192.75;26192.75;4;ASK;;;;;
20251031;050049.248;;26192.75;26192.75;3;ASK;;;;;
20251031;050049.248;26192.00;;26192.00;1;BID;;;;;
20251031;050049.264;26191.75;;26191.75;2;BID;;;;;
20251031;050051.088;;26192.50;26192.50;1;ASK;;;;;
20251031;050051.088;26191.75;;26191.75;1;BID;;;;;
20251031;050051.088;26191.50;;26191.50;4;BID;;;;;
20251031;050051.088;26191.50;;26191.50;3;BID;;;;;
20251031;050051.088;;26192.50;26192.50;2;ASK;;;;;
20251031;050051.088;26191.75;;26191.75;1;BID;;;;;
20251031;050051.088;;26192.50;26192.50;1;ASK;;;;;
20251031;050051.312;;26192.75;26192.75;4;ASK;;;;;
20251031;050051.312;;26192.75;26192.75;3;ASK;;;;;
20251031;050051.312;26191.75;;26191.75;2;BID;;;;;
20251031;050051.312;;26192.50;26192.50;1;ASK;;;;;
20251031;050051.520;26191.75;;26191.75;1;BID;;;;;
20251031;050051.520;;26192.50;26192.50;2;ASK;;;;;
20251031;050051.520;26191.50;;26191.50;4;BID;;;;;
20251031;050051.520;;26192.50;26192.50;3;ASK;;;;;
20251031;050051.520;26191.50;;26191.50;3;BID;;;;;
20251031;050051.520;;26192.50;26192.50;2;ASK;;;;;
20251031;050051.520;;26192.25;26192.25;1;ASK;;;;;
20251031;050051.520;26191.50;;26191.50;2;BID;;;;;
20251031;050051.520;;26192.50;26192.50;2;ASK;;;;;
20251031;050051.520;26191.50;;26191.50;1;BID;;;;;
20251031;050051.520;;26192.50;26192.50;3;ASK;;;;;
20251031;050051.520;;26192.25;26192.25;1;ASK;;;;;
20251031;050051.528;26191.25;;26191.25;2;BID;;;;;
20251031;050051.528;;26192.25;26192.25;2;ASK;;;;;
20251031;050051.528;;26192.25;26192.25;3;ASK;;;;;
20251031;050051.568;26191.50;;26191.50;1;BID;;;;;
20251031;050051.688;26191.25;;26191.25;2;BID;;;;;
20251031;050051.708;;26192.00;26192.00;1;ASK;;;;;
20251031;050051.708;;26192.00;26192.00;2;ASK;;;;;
20251031;050051.708;;26192.00;26192.00;3;ASK;;;;;
20251031;050051.708;;26192.00;26192.00;4;ASK;;;;;
20251031;050051.708;26191.25;;26191.25;1;BID;;;;;
20251031;050051.708;;26192.00;26192.00;3;ASK;;;;;
20251031;050051.708;;26192.00;26192.00;2;ASK;;;;;
20251031;050052.228;;26191.75;26191.75;1;ASK;;;;;
20251031;050052.228;26191.25;;26191.25;1;BID;;;;;
20251031;050052.228;26190.75;;26190.75;2;BID;;;;;
20251031;050052.228;;26191.75;26191.75;2;ASK;;;;;
20251031;050052.228;;26191.75;26191.75;3;ASK;;;;;
20251031;050052.228;;26191.75;26191.75;4;ASK;;;;;
20251031;050052.228;;26191.75;26191.75;5;ASK;;;;;
20251031;050052.228;26190.75;;26190.75;1;BID;;;;;
20251031;050052.228;;26191.50;26191.50;1;ASK;;;;;
20251031;050052.232;26190.50;;26190.50;1;BID;;;;;
20251031;050052.232;;26191.50;26191.50;2;ASK;;;;;
20251031;050052.232;;26191.50;26191.50;3;ASK;;;;;
20251031;050052.232;;26191.50;26191.50;4;ASK;;;;;
20251031;050052.232;;26191.50;26191.50;5;ASK;;;;;
20251031;050052.232;;26191.50;26191.50;6;ASK;;;;;
20251031;050052.232;;26191.25;26191.25;1;ASK;;;;;
20251031;050052.232;26190.25;;26190.25;2;BID;;;;;
20251031;050052.232;;26191.25;26191.25;2;ASK;;;;;
20251031;050052.232;26190.25;;26190.25;3;BID;;;;;
20251031;050052.232;26190.25;;26190.25;2;BID;;;;;
20251031;050052.232;26190.50;;26190.50;1;BID;;;;;
20251031;050052.248;26190.50;;26190.50;2;BID;;;;;
20251031;050052.248;;26191.25;26191.25;1;ASK;;;;;
20251031;050052.248;;26191.25;26191.25;2;ASK;;;;;
20251031;050052.248;26190.50;;26190.50;1;BID;;;;;
20251031;050052.248;26190.25;;26190.25;1;BID;;;;;
20251031;050052.248;26190.25;;26190.25;2;BID;;;;;
20251031;050052.248;26190.50;;26190.50;1;BID;;;;;
20251031;050052.260;26190.25;;26190.25;2;BID;;;;;
20251031;050052.260;;26191.00;26191.00;1;ASK;;;;;
20251031;050052.260;26190.25;;26190.25;1;BID;;;;;
20251031;050052.260;26190.00;;26190.00;1;BID;;;;;
20251031;050052.260;26189.75;;26189.75;3;BID;;;;;
20251031;050052.260;26189.75;;26189.75;4;BID;;;;;
20251031;050052.260;26190.00;;26190.00;1;BID;;;;;
20251031;050052.260;26190.00;;26190.00;2;BID;;;;;
20251031;050052.260;26190.00;;26190.00;3;BID;;;;;
20251031;050052.260;26190.25;;26190.25;1;BID;;;;;
20251031;050052.376;26190.00;;26190.00;4;BID;;;;;
20251031;050052.376;26190.00;;26190.00;3;BID;;;;;
20251031;050052.376;;26191.00;26191.00;2;ASK;;;;;
20251031;050052.376;26190.00;;26190.00;2;BID;;;;;
20251031;050052.376;26190.25;;26190.25;1;BID;;;;;
20251031;050052.460;;26191.00;26191.00;1;ASK;;;;;
20251031;050052.460;;26191.00;26191.00;1;ASK;;;;;
20251031;050052.460;26190.50;;26190.50;1;BID;;;;;
20251031;050052.460;;26191.25;26191.25;3;ASK;;;;;
20251031;050052.460;;26191.25;26191.25;2;ASK;;;;;
20251031;050052.460;26190.25;;26190.25;1;BID;;;;;
20251031;050052.460;26190.25;;26190.25;2;BID;;;;;
20251031;050052.460;;26191.00;26191.00;1;ASK;;;;;
20251031;050052.468;;26191.25;26191.25;3;ASK;;;;;
20251031;050052.468;;26191.25;26191.25;2;ASK;;;;;
20251031;050052.468;26190.50;;26190.50;1;BID;;;;;
20251031;050052.472;26190.25;;26190.25;2;BID;;;;;
20251031;050052.532;26190.50;;26190.50;1;BID;;;;;
20251031;050052.532;;26191.25;26191.25;1;ASK;;;;;
20251031;050052.532;;26191.50;26191.50;5;ASK;;;;;
20251031;050052.532;;26191.50;26191.50;4;ASK;;;;;
20251031;050052.536;;26191.25;26191.25;1;ASK;;;;;
20251031;050052.592;;26191.25;26191.25;2;ASK;;;;;
20251031;050053.004;;26191.25;26191.25;1;ASK;;;;;
20251031;050053.004;;26191.50;26191.50;5;ASK;;;;;
20251031;050053.004;26190.50;;26190.50;2;BID;;;;;
20251031;050053.004;;26191.50;26191.50;4;ASK;;;;;
20251031;050053.004;26190.50;;26190.50;3;BID;;;;;
20251031;050053.004;;26191.50;26191.50;3;ASK;;;;;
20251031;050053.004;;26191.50;26191.50;2;ASK;;;;;
20251031;050053.004;26190.75;;26190.75;1;BID;;;;;
20251031;050053.004;;26191.50;26191.50;1;ASK;;;;;
20251031;050053.004;;26191.75;26191.75;5;ASK;;;;;
20251031;050053.004;;26191.75;26191.75;4;ASK;;;;;
20251031;050053.004;26190.75;;26190.75;2;BID;;;;;
20251031;050053.004;;26191.75;26191.75;3;ASK;;;;;
20251031;050053.120;;26191.75;26191.75;4;ASK;;;;;
20251031;050053.120;;26191.50;26191.50;1;ASK;;;;;
20251031;050053.580;;26191.75;26191.75;5;ASK;;;;;
20251031;050053.580;;26191.75;26191.75;4;ASK;;;;;
20251031;050053.580;;26191.75;26191.75;3;ASK;;;;;
20251031;050054.132;;26191.50;26191.50;1;ASK;;;;;
20251031;050055.980;26190.75;;26190.75;1;BID;;;;;
20251031;050055.980;26190.50;;26190.50;3;BID;;;;;
20251031;050055.980;;26191.25;26191.25;1;ASK;;;;;
20251031;050055.980;26190.50;;26190.50;2;BID;;;;;
20251031;050056.056;;26191.25;26191.25;2;ASK;;;;;
20251031;050056.056;26190.50;;26190.50;1;BID;;;;;
20251031;050056.056;26190.25;;26190.25;3;BID;;;;;
20251031;050056.060;26190.25;;26190.25;2;BID;;;;;
20251031;050056.060;26190.50;;26190.50;1;BID;;;;;
20251031;050056.060;26190.50;;26190.50;2;BID;;;;;
20251031;050056.140;26190.50;;26190.50;1;BID;;;;;
20251031;050056.260;26190.50;;26190.50;2;BID;;;;;
20251031;050056.308;26190.50;;26190.50;1;BID;;;;;
20251031;050056.308;26190.25;;26190.25;2;BID;;;;;
20251031;050056.308;;26191.25;26191.25;3;ASK;;;;;
20251031;050056.308;;26191.00;26191.00;1;ASK;;;;;
20251031;050056.308;26190.50;;26190.50;1;BID;;;;;
20251031;050056.308;;26191.25;26191.25;2;ASK;;;;;
20251031;050056.308;26190.25;;26190.25;2;BID;;;;;
20251031;050056.308;26190.50;;26190.50;1;BID;;;;;
20251031;050056.712;26190.25;;26190.25;2;BID;;;;;
20251031;050057.008;;26191.00;26191.00;1;ASK;;;;;
20251031;050057.012;;26191.25;26191.25;2;ASK;;;;;
20251031;050057.012;26190.50;;26190.50;1;BID;;;;;
20251031;050057.632;26190.25;;26190.25;2;BID;;;;;
20251031;050057.704;;26191.00;26191.00;1;ASK;;;;;
20251031;050058.060;;26191.00;26191.00;2;ASK;;;;;
20251031;050058.304;;26190.75;26190.75;1;ASK;;;;;
20251031;050058.304;26190.25;;26190.25;1;BID;;;;;
20251031;050058.304;26190.00;;26190.00;3;BID;;;;;
20251031;050058.304;;26190.75;26190.75;1;ASK;;;;;
20251031;050058.304;;26191.00;26191.00;2;ASK;;;;;
20251031;050058.304;26190.00;;26190.00;2;BID;;;;;
20251031;050058.304;26190.25;;26190.25;1;BID;;;;;
20251031;050058.304;;26191.00;26191.00;1;ASK;;;;;
20251031;050058.304;26190.25;;26190.25;2;BID;;;;;
20251031;050058.304;;26191.00;26191.00;1;ASK;;;;;
20251031;050058.304;;26191.25;26191.25;1;ASK;;;;;
20251031;050058.304;26190.25;;26190.25;3;BID;;;;;
20251031;050058.304;;26191.50;26191.50;3;ASK;;;;;
20251031;050058.308;26190.50;;26190.50;1;BID;;;;;
20251031;050058.308;26190.50;;26190.50;2;BID;;;;;
20251031;050058.308;;26191.50;26191.50;2;ASK;;;;;
20251031;050058.308;;26191.50;26191.50;1;ASK;;;;;
20251031;050058.308;26190.75;;26190.75;1;BID;;;;;
20251031;050058.308;;26191.75;26191.75;3;ASK;;;;;
20251031;050058.308;;26191.75;26191.75;2;ASK;;;;;
20251031;050058.308;26190.75;;26190.75;2;BID;;;;;
20251031;050058.308;26191.00;;26191.00;1;BID;;;;;
20251031;050058.312;;26191.75;26191.75;3;ASK;;;;;
20251031;050058.312;26190.75;;26190.75;1;BID;;;;;
20251031;050058.312;;26191.50;26191.50;1;ASK;;;;;
20251031;050058.312;26190.75;;26190.75;2;BID;;;;;
20251031;050058.464;26190.75;;26190.75;1;BID;;;;;
20251031;050058.700;26190.50;;26190.50;3;BID;;;;;
20251031;050058.700;;26191.50;26191.50;2;ASK;;;;;
20251031;050058.700;26190.50;;26190.50;2;BID;;;;;
20251031;050058.700;;26191.50;26191.50;3;ASK;;;;;
20251031;050058.700;26190.50;;26190.50;1;BID;;;;;
20251031;050058.700;;26191.25;26191.25;1;ASK;;;;;
20251031;050058.704;26190.50;;26190.50;2;BID;;;;;
20251031;050058.704;;26191.50;26191.50;3;ASK;;;;;
20251031;050058.704;26190.50;;26190.50;1;BID;;;;;
20251031;050059.040;;26191.25;26191.25;1;ASK;;;;;
20251031;050059.192;;26191.50;26191.50;3;ASK;;;;;
20251031;050059.192;26190.50;;26190.50;2;BID;;;;;
20251031;050059.304;26190.75;;26190.75;1;BID;;;;;
20251031;050059.508;;26191.50;26191.50;2;ASK;;;;;
20251031;050059.508;;26191.50;26191.50;1;ASK;;;;;
20251031;050059.508;;26191.75;26191.75;3;ASK;;;;;
20251031;050059.508;;26191.75;26191.75;2;ASK;;;;;
20251031;050059.508;;26191.50;26191.50;1;ASK;;;;;
20251031;050100.172;26190.50;;26190.50;2;BID;;;;;
20251031;050100.172;;26191.50;26191.50;2;ASK;;;;;
20251031;050100.172;26190.75;;26190.75;1;BID;;;;;
20251031;050100.172;26190.50;;26190.50;2;BID;;;;;
20251031;050100.292;26190.75;;26190.75;1;BID;;;;;
20251031;050100.292;;26191.50;26191.50;1;ASK;;;;;
20251031;050100.484;;26191.50;26191.50;2;ASK;;;;;
20251031;050100.572;26190.50;;26190.50;2;BID;;;;;
20251031;050100.572;;26191.50;26191.50;1;ASK;;;;;
20251031;050100.572;;26191.50;26191.50;2;ASK;;;;;
20251031;050100.572;;26191.50;26191.50;3;ASK;;;;;
20251031;050100.572;;26191.25;26191.25;1;ASK;;;;;
20251031;050100.572;26190.50;;26190.50;1;BID;;;;;
20251031;050100.572;26190.25;;26190.25;5;BID;;;;;
20251031;050100.572;26190.25;;26190.25;4;BID;;;;;
20251031;050100.576;26190.50;;26190.50;1;BID;;;;;
20251031;050100.576;;26191.50;26191.50;4;ASK;;;;;
20251031;050100.576;;26191.50;26191.50;3;ASK;;;;;
20251031;050100.576;26190.50;;26190.50;2;BID;;;;;
20251031;050100.580;;26191.25;26191.25;1;ASK;;;;;
20251031;050100.620;;26191.50;26191.50;3;ASK;;;;;
20251031;050100.620;26190.75;;26190.75;1;BID;;;;;
20251031;050100.620;26190.50;;26190.50;2;BID;;;;;
20251031;050100.620;;26191.25;26191.25;1;ASK;;;;;
20251031;050100.628;26190.75;;26190.75;1;BID;;;;;
20251031;050100.628;;26191.50;26191.50;3;ASK;;;;;
20251031;050100.628;;26191.25;26191.25;1;ASK;;;;;
20251031;050100.628;26190.50;;26190.50;2;BID;;;;;
20251031;050100.628;;26191.50;26191.50;3;ASK;;;;;
20251031;050100.628;26190.50;;26190.50;1;BID;;;;;
20251031;050100.628;;26191.25;26191.25;1;ASK;;;;;
20251031;050100.820;;26191.00;26191.00;1;ASK;;;;;
20251031;050100.820;26190.25;;26190.25;3;BID;;;;;
20251031;050100.820;26190.25;;26190.25;2;BID;;;;;
20251031;050100.820;26190.25;;26190.25;1;BID;;;;;
20251031;050100.820;;26191.00;26191.00;2;ASK;;;;;
20251031;050100.820;26190.00;;26190.00;3;BID;;;;;
20251031;050100.820;26190.00;;26190.00;2;BID;;;;;
20251031;050100.820;;26190.75;26190.75;1;ASK;;;;;
20251031;050100.820;26190.00;;26190.00;1;BID;;;;;
20251031;050100.820;;26190.75;26190.75;2;ASK;;;;;
20251031;050100.820;26189.75;;26189.75;1;BID;;;;;
20251031;050100.824;;26190.50;26190.50;1;ASK;;;;;
20251031;050100.824;26189.50;;26189.50;2;BID;;;;;
20251031;050100.824;26189.75;;26189.75;1;BID;;;;;
20251031;050100.824;;26190.75;26190.75;2;ASK;;;;;
20251031;050100.824;;26190.75;26190.75;1;ASK;;;;;
20251031;050100.824;26189.75;;26189.75;2;BID;;;;;
20251031;050100.824;26190.00;;26190.00;1;BID;;;;;
20251031;050100.908;;26191.00;26191.00;3;ASK;;;;;
20251031;050100.908;;26190.75;26190.75;1;ASK;;;;;
20251031;050100.908;26190.25;;26190.25;1;BID;;;;;
20251031;050100.908;26190.00;;26190.00;2;BID;;;;;
20251031;050100.908;;26191.00;26191.00;1;ASK;;;;;
20251031;050100.908;26190.00;;26190.00;1;BID;;;;;
20251031;050100.912;26190.25;;26190.25;1;BID;;;;;
20251031;050101.008;26190.00;;26190.00;1;BID;;;;;
20251031;050101.012;26190.25;;26190.25;1;BID;;;;;
20251031;050101.012;;26191.25;26191.25;3;ASK;;;;;
20251031;050101.012;;26191.25;26191.25;2;ASK;;;;;
20251031;050101.012;;26191.25;26191.25;1;ASK;;;;;
20251031;050101.012;26190.25;;26190.25;2;BID;;;;;
20251031;050101.012;26190.50;;26190.50;1;BID;;;;;
20251031;050101.012;26190.50;;26190.50;2;BID;;;;;
20251031;050101.020;;26191.50;26191.50;4;ASK;;;;;
20251031;050101.020;;26191.50;26191.50;3;ASK;;;;;
20251031;050101.020;26190.50;;26190.50;3;BID;;;;;
20251031;050101.280;;26191.50;26191.50;2;ASK;;;;;
20251031;050101.280;26190.75;;26190.75;1;BID;;;;;
20251031;050101.316;26190.50;;26190.50;3;BID;;;;;
20251031;050102.196;;26191.25;26191.25;1;ASK;;;;;
20251031;050102.316;;26191.50;26191.50;2;ASK;;;;;
20251031;050102.316;26190.75;;26190.75;1;BID;;;;;
20251031;050102.416;26190.50;;26190.50;3;BID;;;;;
20251031;050102.852;;26191.50;26191.50;3;ASK;;;;;
20251031;050102.852;;26191.25;26191.25;1;ASK;;;;;
20251031;050102.852;26190.50;;26190.50;2;BID;;;;;
20251031;050102.852;26190.50;;26190.50;1;BID;;;;;
20251031;050102.852;26190.25;;26190.25;3;BID;;;;;
20251031;050102.852;26190.25;;26190.25;2;BID;;;;;
20251031;050102.856;26190.50;;26190.50;1;BID;;;;;
20251031;050102.856;;26191.50;26191.50;2;ASK;;;;;
20251031;050102.856;26190.50;;26190.50;2;BID;;;;;
20251031;050103.636;;26191.50;26191.50;3;ASK;;;;;
20251031;050103.636;;26191.25;26191.25;1;ASK;;;;;
20251031;050103.636;26190.50;;26190.50;1;BID;;;;;
20251031;050103.636;26190.25;;26190.25;3;BID;;;;;
20251031;050103.636;;26191.25;26191.25;2;ASK;;;;;
20251031;050103.636;26190.25;;26190.25;2;BID;;;;;
20251031;050103.636;;26191.25;26191.25;1;ASK;;;;;
20251031;050103.640;26190.50;;26190.50;1;BID;;;;;
20251031;050103.640;26190.50;;26190.50;2;BID;;;;;
20251031;050103.640;;26191.50;26191.50;2;ASK;;;;;
20251031;050104.216;26190.50;;26190.50;3;BID;;;;;
20251031;050104.216;26190.75;;26190.75;1;BID;;;;;
20251031;050104.216;;26191.50;26191.50;1;ASK;;;;;
20251031;050104.216;;26191.75;26191.75;3;ASK;;;;;
20251031;050104.216;;26191.75;26191.75;2;ASK;;;;;
20251031;050104.216;;26191.50;26191.50;1;ASK;;;;;
20251031;050104.316;;26191.75;26191.75;2;ASK;;;;;
20251031;050104.316;26190.75;;26190.75;2;BID;;;;;
20251031;050104.356;26191.00;;26191.00;1;BID;;;;;
20251031;050104.356;;26191.75;26191.75;3;ASK;;;;;
20251031;050104.360;26190.75;;26190.75;2;BID;;;;;
20251031;050105.128;;26191.50;26191.50;1;ASK;;;;;
20251031;050105.128;26190.75;;26190.75;1;BID;;;;;
20251031;050105.128;26190.50;;26190.50;3;BID;;;;;
20251031;050105.128;26190.50;;26190.50;2;BID;;;;;
20251031;050105.128;;26191.50;26191.50;2;ASK;;;;;
20251031;050105.284;;26191.50;26191.50;3;ASK;;;;;
20251031;050105.288;;26191.25;26191.25;1;ASK;;;;;
20251031;050105.476;;26191.25;26191.25;2;ASK;;;;;
20251031;050105.476;26190.50;;26190.50;1;BID;;;;;
20251031;050105.476;;26191.00;26191.00;1;ASK;;;;;
20251031;050105.476;;26191.25;26191.25;4;ASK;;;;;
20251031;050105.480;;26191.25;26191.25;3;ASK;;;;;
20251031;050105.480;;26191.25;26191.25;2;ASK;;;;;
20251031;050105.484;26190.50;;26190.50;2;BID;;;;;
20251031;050105.484;;26191.25;26191.25;1;ASK;;;;;
20251031;050105.484;;26191.50;26191.50;4;ASK;;;;;
20251031;050105.484;;26191.50;26191.50;3;ASK;;;;;
20251031;050105.484;26190.50;;26190.50;3;BID;;;;;
20251031;050105.492;26190.75;;26190.75;1;BID;;;;;
20251031;050105.492;;26191.50;26191.50;2;ASK;;;;;
20251031;050105.776;;26191.50;26191.50;1;ASK;;;;;
20251031;050105.884;26190.50;;26190.50;3;BID;;;;;
20251031;050105.884;;26191.50;26191.50;2;ASK;;;;;
20251031;050105.888;26190.50;;26190.50;2;BID;;;;;
20251031;050105.952;;26191.25;26191.25;1;ASK;;;;;
20251031;050105.952;26190.50;;26190.50;1;BID;;;;;
20251031;050106.200;;26191.25;26191.25;2;ASK;;;;;
20251031;050106.268;;26191.25;26191.25;1;ASK;;;;;
20251031;050106.268;26190.50;;26190.50;2;BID;;;;;
20251031;050106.268;;26191.50;26191.50;2;ASK;;;;;
20251031;050106.268;26190.75;;26190.75;1;BID;;;;;
20251031;050106.272;26190.75;;26190.75;2;BID;;;;;
20251031;050106.272;;26191.50;26191.50;1;ASK;;;;;
20251031;050106.272;;26191.75;26191.75;3;ASK;;;;;
20251031;050106.272;;26191.75;26191.75;2;ASK;;;;;
20251031;050106.272;26191.00;;26191.00;1;BID;;;;;
20251031;050106.272;26190.75;;26190.75;2;BID;;;;;
20251031;050106.272;26190.75;;26190.75;1;BID;;;;;
20251031;050106.272;;26191.50;26191.50;1;ASK;;;;;
20251031;050106.408;;26191.75;26191.75;2;ASK;;;;;
20251031;050106.620;26191.00;;26191.00;1;BID;;;;;
20251031;050106.620;;26191.75;26191.75;3;ASK;;;;;
20251031;050106.620;26190.75;;26190.75;1;BID;;;;;
20251031;050106.620;;26191.50;26191.50;1;ASK;;;;;
20251031;050107.300;;26191.75;26191.75;3;ASK;;;;;
20251031;050107.300;26191.00;;26191.00;1;BID;;;;;
20251031;050107.300;;26191.75;26191.75;2;ASK;;;;;
20251031;050107.344;26190.75;;26190.75;2;BID;;;;;
20251031;050107.344;;26191.50;26191.50;1;ASK;;;;;
20251031;050107.344;;26191.75;26191.75;2;ASK;;;;;
20251031;050107.648;;26191.50;26191.50;1;ASK;;;;;
20251031;050107.712;;26191.75;26191.75;2;ASK;;;;;
20251031;050107.812;26191.00;;26191.00;1;BID;;;;;
20251031;050107.948;26190.75;;26190.75;2;BID;;;;;
20251031;050107.948;;26191.50;26191.50;1;ASK;;;;;
20251031;050108.492;26190.75;;26190.75;3;BID;;;;;
20251031;050108.492;;26191.75;26191.75;2;ASK;;;;;
20251031;050108.492;26191.00;;26191.00;1;BID;;;;;
20251031;050108.492;;26191.75;26191.75;1;ASK;;;;;
20251031;050108.492;;26192.00;26192.00;4;ASK;;;;;
20251031;050108.492;;26192.00;26192.00;3;ASK;;;;;
20251031;050108.492;;26191.75;26191.75;1;ASK;;;;;
20251031;050108.616;;26191.75;26191.75;2;ASK;;;;;
20251031;050108.728;26190.75;;26190.75;2;BID;;;;;
20251031;050108.864;;26191.75;26191.75;3;ASK;;;;;
20251031;050108.864;;26191.50;26191.50;1;ASK;;;;;
20251031;050108.864;;26191.75;26191.75;4;ASK;;;;;
20251031;050108.864;;26191.75;26191.75;3;ASK;;;;;
20251031;050108.868;;26191.50;26191.50;1;ASK;;;;;
20251031;050109.340;;26191.50;26191.50;2;ASK;;;;;
20251031;050109.340;26190.75;;26190.75;1;BID;;;;;
20251031;050109.340;;26191.25;26191.25;1;ASK;;;;;
20251031;050109.340;;26191.25;26191.25;2;ASK;;;;;
20251031;050109.340;;26191.25;26191.25;1;ASK;;;;;
20251031;050109.340;;26191.50;26191.50;4;ASK;;;;;
20251031;050109.340;;26191.50;26191.50;3;ASK;;;;;
20251031;050109.340;;26191.50;26191.50;2;ASK;;;;;
20251031;050109.372;26190.75;;26190.75;2;BID;;;;;
20251031;050109.372;;26191.50;26191.50;1;ASK;;;;;
20251031;050109.700;26190.75;;26190.75;1;BID;;;;;
20251031;050109.704;;26191.25;26191.25;1;ASK;;;;;
20251031;050109.824;;26191.25;26191.25;2;ASK;;;;;
20251031;050109.824;26190.75;;26190.75;1;BID;;;;;
20251031;050109.824;26190.25;;26190.25;1;BID;;;;;
20251031;050109.824;;26191.00;26191.00;1;ASK;;;;;
20251031;050109.824;26190.00;;26190.00;2;BID;;;;;
20251031;050109.824;26190.25;;26190.25;1;BID;;;;;
20251031;050109.824;26190.25;;26190.25;2;BID;;;;;
20251031;050109.828;;26191.25;26191.25;2;ASK;;;;;
20251031;050109.828;26190.50;;26190.50;1;BID;;;;;
20251031;050109.828;26190.50;;26190.50;2;BID;;;;;
20251031;050109.896;26190.50;;26190.50;1;BID;;;;;
20251031;050110.568;;26191.00;26191.00;1;ASK;;;;;
20251031;050110.576;;26191.25;26191.25;2;ASK;;;;;
20251031;050110.880;;26191.00;26191.00;1;ASK;;;;;
20251031;050110.880;;26191.25;26191.25;2;ASK;;;;;
20251031;050111.128;;26191.25;26191.25;1;ASK;;;;;
20251031;050111.128;26190.50;;26190.50;2;BID;;;;;
20251031;050111.128;;26191.50;26191.50;3;ASK;;;;;
20251031;050111.128;26190.75;;26190.75;1;BID;;;;;
20251031;050111.128;26190.75;;26190.75;2;BID;;;;;
20251031;050111.128;;26191.50;26191.50;2;ASK;;;;;
20251031;050111.128;;26191.50;26191.50;1;ASK;;;;;
20251031;050111.128;26190.75;;26190.75;1;BID;;;;;
20251031;050111.132;26190.50;;26190.50;2;BID;;;;;
20251031;050111.132;;26191.50;26191.50;2;ASK;;;;;
20251031;050111.132;;26191.25;26191.25;1;ASK;;;;;
20251031;050111.644;26190.75;;26190.75;1;BID;;;;;
20251031;050111.644;;26191.50;26191.50;2;ASK;;;;;
20251031;050111.644;;26191.25;26191.25;1;ASK;;;;;
20251031;050111.644;;26191.25;26191.25;1;ASK;;;;;
20251031;050111.644;;26191.50;26191.50;2;ASK;;;;;
20251031;050111.644;;26191.50;26191.50;1;ASK;;;;;
20251031;050111.644;;26191.75;26191.75;3;ASK;;;;;
20251031;050111.644;26191.00;;26191.00;1;BID;;;;;
20251031;050111.644;26190.75;;26190.75;1;BID;;;;;
20251031;050111.644;;26191.75;26191.75;2;ASK;;;;;
20251031;050111.644;;26191.50;26191.50;1;ASK;;;;;
20251031;050111.644;;26191.75;26191.75;2;ASK;;;;;
20251031;050111.644;26191.00;;26191.00;1;BID;;;;;
20251031;050111.644;26190.75;;26190.75;1;BID;;;;;
20251031;050111.728;26191.00;;26191.00;1;BID;;;;;
20251031;050111.908;26190.75;;26190.75;1;BID;;;;;
20251031;050111.908;;26191.50;26191.50;1;ASK;;;;;
20251031;050112.064;;26191.75;26191.75;2;ASK;;;;;
20251031;050112.064;26191.00;;26191.00;1;BID;;;;;
20251031;050112.908;26190.75;;26190.75;1;BID;;;;;
20251031;050112.908;;26191.50;26191.50;1;ASK;;;;;
20251031;050113.276;26190.50;;26190.50;3;BID;;;;;
20251031;050113.276;26190.50;;26190.50;2;BID;;;;;
20251031;050113.280;26190.75;;26190.75;1;BID;;;;;
20251031;050113.280;;26191.50;26191.50;2;ASK;;;;;
20251031;050113.280;26190.50;;26190.50;2;BID;;;;;
20251031;050113.280;;26191.25;26191.25;1;ASK;;;;;
20251031;050113.280;26190.50;;26190.50;1;BID;;;;;
20251031;050113.348;;26191.50;26191.50;2;ASK;;;;;
20251031;050113.352;26190.50;;26190.50;2;BID;;;;;
20251031;050113.352;26190.75;;26190.75;1;BID;;;;;
20251031;050113.428;26190.50;;26190.50;2;BID;;;;;
20251031;050113.508;26190.75;;26190.75;1;BID;;;;;
20251031;050113.936;26190.75;;26190.75;1;BID;;;;;
20251031;050113.936;26190.50;;26190.50;2;BID;;;;;
20251031;050113.936;;26191.25;26191.25;1;ASK;;;;;
20251031;050113.936;26190.50;;26190.50;1;BID;;;;;
20251031;050113.936;;26191.25;26191.25;2;ASK;;;;;
20251031;050113.936;;26191.25;26191.25;3;ASK;;;;;
20251031;050113.936;;26191.25;26191.25;2;ASK;;;;;
20251031;050113.936;;26191.25;26191.25;1;ASK;;;;;
20251031;050113.936;;26191.25;26191.25;2;ASK;;;;;
20251031;050113.936;;26191.25;26191.25;1;ASK;;;;;
20251031;050113.936;26190.50;;26190.50;2;BID;;;;;
20251031;050113.936;26190.50;;26190.50;1;BID;;;;;
20251031;050113.936;;26191.50;26191.50;3;ASK;;;;;
20251031;050113.936;;26191.50;26191.50;2;ASK;;;;;
20251031;050113.940;26190.50;;26190.50;2;BID;;;;;
20251031;050113.940;26190.75;;26190.75;1;BID;;;;;
20251031;050113.940;26190.50;;26190.50;2;BID;;;;;
20251031;050113.948;26190.75;;26190.75;1;BID;;;;;
20251031;050113.948;26190.75;;26190.75;2;BID;;;;;
20251031;050114.056;;26191.50;26191.50;1;ASK;;;;;
20251031;050114.056;;26191.75;26191.75;3;ASK;;;;;
20251031;050114.056;;26191.75;26191.75;2;ASK;;;;;
20251031;050114.056;;26191.50;26191.50;1;ASK;;;;;
20251031;050114.092;26190.75;;26190.75;1;BID;;;;;
20251031;050114.092;;26191.50;26191.50;2;ASK;;;;;
20251031;050114.092;;26191.25;26191.25;1;ASK;;;;;
20251031;050114.092;;26191.50;26191.50;4;ASK;;;;;
20251031;050114.092;26190.25;;26190.25;1;BID;;;;;
20251031;050114.092;;26191.50;26191.50;3;ASK;;;;;
20251031;050114.092;;26191.25;26191.25;1;ASK;;;;;
20251031;050114.092;26190.50;;26190.50;1;BID;;;;;
20251031;050114.096;26190.25;;26190.25;1;BID;;;;;
20251031;050114.096;26190.25;;26190.25;2;BID;;;;;
20251031;050114.120;26190.50;;26190.50;1;BID;;;;;
20251031;050114.212;26190.25;;26190.25;2;BID;;;;;
20251031;050114.216;26190.25;;26190.25;1;BID;;;;;
20251031;050114.268;26190.50;;26190.50;1;BID;;;;;
20251031;050114.340;26190.25;;26190.25;1;BID;;;;;
20251031;050114.340;;26191.00;26191.00;1;ASK;;;;;
20251031;050114.504;26190.00;;26190.00;2;BID;;;;;
20251031;050114.504;;26190.75;26190.75;1;ASK;;;;;
20251031;050114.504;26190.00;;26190.00;1;BID;;;;;
20251031;050114.504;26190.25;;26190.25;1;BID;;;;;
20251031;050114.504;;26191.00;26191.00;1;ASK;;;;;
20251031;050114.504;;26191.25;26191.25;1;ASK;;;;;
20251031;050114.504;;26191.25;26191.25;2;ASK;;;;;
20251031;050114.504;;26191.25;26191.25;3;ASK;;;;;
20251031;050114.504;26190.00;;26190.00;1;BID;;;;;
20251031;050114.504;;26191.00;26191.00;1;ASK;;;;;
20251031;050114.504;;26190.75;26190.75;1;ASK;;;;;
20251031;050114.712;26189.75;;26189.75;2;BID;;;;;
20251031;050114.716;26189.75;;26189.75;3;BID;;;;;
20251031;050114.716;26190.00;;26190.00;1;BID;;;;;
20251031;050114.716;26190.00;;26190.00;2;BID;;;;;
20251031;050114.716;;26191.00;26191.00;2;ASK;;;;;
20251031;050114.748;;26191.00;26191.00;3;ASK;;;;;
20251031;050114.748;;26190.75;26190.75;1;ASK;;;;;
20251031;050114.748;;26190.75;26190.75;2;ASK;;;;;
20251031;050114.748;26190.00;;26190.00;1;BID;;;;;
20251031;050114.748;26189.75;;26189.75;3;BID;;;;;
20251031;050114.752;;26190.50;26190.50;1;ASK;;;;;
20251031;050114.788;26189.75;;26189.75;2;BID;;;;;
20251031;050114.788;26189.75;;26189.75;1;BID;;;;;
20251031;050114.792;;26190.50;26190.50;2;ASK;;;;;
20251031;050116.512;;26190.50;26190.50;1;ASK;;;;;
20251031;050116.512;26189.75;;26189.75;2;BID;;;;;
20251031;050116.512;;26190.75;26190.75;3;ASK;;;;;
20251031;050116.512;26190.00;;26190.00;1;BID;;;;;
20251031;050116.512;;26190.75;26190.75;2;ASK;;;;;
20251031;050116.512;26189.75;;26189.75;2;BID;;;;;
20251031;050116.700;;26190.50;26190.50;1;ASK;;;;;
20251031;050116.700;;26190.75;26190.75;2;ASK;;;;;
20251031;050116.784;;26190.50;26190.50;1;ASK;;;;;
20251031;050118.080;;26190.75;26190.75;2;ASK;;;;;
20251031;050118.080;26190.00;;26190.00;1;BID;;;;;
20251031;050118.080;26190.00;;26190.00;2;BID;;;;;
20251031;050118.080;;26190.75;26190.75;1;ASK;;;;;
20251031;050118.084;;26191.00;26191.00;3;ASK;;;;;
20251031;050118.084;;26191.00;26191.00;2;ASK;;;;;
20251031;050118.084;26190.25;;26190.25;1;BID;;;;;
20251031;050118.096;26190.00;;26190.00;2;BID;;;;;
20251031;050118.096;26190.25;;26190.25;1;BID;;;;;
20251031;050118.264;;26191.00;26191.00;1;ASK;;;;;
20251031;050118.268;;26191.25;26191.25;2;ASK;;;;;
20251031;050118.268;;26191.25;26191.25;1;ASK;;;;;
20251031;050118.296;26190.25;;26190.25;2;BID;;;;;
20251031;050118.296;;26191.25;26191.25;2;ASK;;;;;
20251031;050118.296;;26191.25;26191.25;1;ASK;;;;;
20251031;050118.312;26190.50;;26190.50;1;BID;;;;;
20251031;050118.312;26190.25;;26190.25;1;BID;;;;;
20251031;050118.380;;26191.00;26191.00;1;ASK;;;;;
20251031;050118.488;26190.00;;26190.00;3;BID;;;;;
20251031;050118.492;26190.00;;26190.00;2;BID;;;;;
20251031;050118.492;26190.25;;26190.25;1;BID;;;;;
20251031;050119.020;;26190.75;26190.75;1;ASK;;;;;
20251031;050119.020;26190.00;;26190.00;2;BID;;;;;
20251031;050119.020;;26191.00;26191.00;2;ASK;;;;;
20251031;050119.140;26190.25;;26190.25;1;BID;;;;;
20251031;050119.724;26190.00;;26190.00;2;BID;;;;;
20251031;050119.728;;26190.75;26190.75;1;ASK;;;;;
20251031;050119.732;26190.00;;26190.00;3;BID;;;;;
20251031;050119.732;;26191.00;26191.00;2;ASK;;;;;
20251031;050119.732;26190.25;;26190.25;1;BID;;;;;
20251031;050119.800;;26191.00;26191.00;1;ASK;;;;;
20251031;050119.800;;26191.25;26191.25;2;ASK;;;;;
20251031;050119.800;;26191.25;26191.25;1;ASK;;;;;
20251031;050119.800;;26191.25;26191.25;2;ASK;;;;;
20251031;050119.904;26190.25;;26190.25;2;BID;;;;;
20251031;050119.904;26190.50;;26190.50;1;BID;;;;;
20251031;050119.904;26190.50;;26190.50;2;BID;;;;;
20251031;050119.904;;26191.25;26191.25;1;ASK;;;;;
20251031;050119.904;;26191.50;26191.50;5;ASK;;;;;
20251031;050119.904;;26191.50;26191.50;4;ASK;;;;;
20251031;050119.904;;26191.50;26191.50;3;ASK;;;;;
20251031;050119.904;26190.75;;26190.75;1;BID;;;;;
20251031;050119.904;;26191.50;26191.50;2;ASK;;;;;
20251031;050119.904;26190.75;;26190.75;2;BID;;;;;
20251031;050119.904;;26191.50;26191.50;1;ASK;;;;;
20251031;050119.908;;26191.75;26191.75;2;ASK;;;;;
20251031;050119.908;26190.75;;26190.75;1;BID;;;;;
20251031;050119.908;26190.75;;26190.75;2;BID;;;;;
20251031;050119.908;;26191.75;26191.75;3;ASK;;;;;
20251031;050119.908;;26191.50;26191.50;1;ASK;;;;;
20251031;050119.916;;26191.50;26191.50;2;ASK;;;;;
20251031;050119.916;26190.75;;26190.75;1;BID;;;;;
20251031;050119.916;;26191.25;26191.25;1;ASK;;;;;
20251031;050119.916;26190.50;;26190.50;2;BID;;;;;
20251031;050119.916;;26191.50;26191.50;3;ASK;;;;;
20251031;050119.916;;26191.50;26191.50;4;ASK;;;;;
20251031;050119.916;;26191.50;26191.50;5;ASK;;;;;
20251031;050119.916;;26191.50;26191.50;4;ASK;;;;;
20251031;050119.916;;26191.25;26191.25;1;ASK;;;;;
20251031;050119.916;;26191.50;26191.50;3;ASK;;;;;
20251031;050119.916;;26191.50;26191.50;2;ASK;;;;;
20251031;050119.916;;26191.50;26191.50;1;ASK;;;;;
20251031;050119.916;26190.75;;26190.75;1;BID;;;;;
20251031;050119.916;;26191.75;26191.75;3;ASK;;;;;
20251031;050119.916;;26191.75;26191.75;2;ASK;;;;;
20251031;050119.920;26190.75;;26190.75;2;BID;;;;;
20251031;050119.920;26191.00;;26191.00;1;BID;;;;;
20251031;050119.920;26191.00;;26191.00;2;BID;;;;;
20251031;050120.612;;26191.75;26191.75;1;ASK;;;;;
20251031;050120.612;;26192.00;26192.00;4;ASK;;;;;
20251031;050120.612;;26192.00;26192.00;3;ASK;;;;;
20251031;050120.612;;26191.75;26191.75;1;ASK;;;;;
20251031;050120.616;;26192.00;26192.00;4;ASK;;;;;
20251031;050120.616;26191.00;;26191.00;3;BID;;;;;
20251031;050120.616;;26192.00;26192.00;3;ASK;;;;;
20251031;050120.616;;26192.00;26192.00;2;ASK;;;;;
20251031;050120.616;26191.25;;26191.25;1;BID;;;;;
20251031;050120.616;;26192.00;26192.00;1;ASK;;;;;
20251031;050120.616;26191.25;;26191.25;2;BID;;;;;
20251031;050120.616;;26192.50;26192.50;2;ASK;;;;;
20251031;050120.616;26191.25;;26191.25;1;BID;;;;;
20251031;050120.616;;26192.25;26192.25;1;ASK;;;;;
20251031;050120.616;;26192.25;26192.25;2;ASK;;;;;
20251031;050120.616;;26192.25;26192.25;3;ASK;;;;;
20251031;050120.616;26191.25;;26191.25;2;BID;;;;;
20251031;050120.616;;26192.25;26192.25;4;ASK;;;;;
20251031;050120.616;;26192.00;26192.00;1;ASK;;;;;
20251031;050120.616;26191.25;;26191.25;1;BID;;;;;
20251031;050120.720;;26192.25;26192.25;5;ASK;;;;;
20251031;050120.720;;26192.25;26192.25;4;ASK;;;;;
20251031;050120.720;26191.25;;26191.25;2;BID;;;;;
20251031;050120.720;;26192.25;26192.25;3;ASK;;;;;
20251031;050120.756;26191.50;;26191.50;1;BID;;;;;
20251031;050120.760;26191.25;;26191.25;2;BID;;;;;
20251031;050120.884;26191.25;;26191.25;3;BID;;;;;
20251031;050120.884;26191.50;;26191.50;1;BID;;;;;
20251031;050120.884;26191.50;;26191.50;2;BID;;;;;
20251031;050120.884;;26192.25;26192.25;2;ASK;;;;;
20251031;050120.888;26191.75;;26191.75;1;BID;;;;;
20251031;050120.888;;26192.25;26192.25;1;ASK;;;;;
20251031;050120.888;;26192.50;26192.50;3;ASK;;;;;
20251031;050120.888;26191.50;;26191.50;2;BID;;;;;
20251031;050120.888;;26192.50;26192.50;2;ASK;;;;;
20251031;050120.888;26191.75;;26191.75;1;BID;;;;;
20251031;050120.888;;26192.50;26192.50;1;ASK;;;;;
20251031;050120.888;;26192.75;26192.75;3;ASK;;;;;
20251031;050120.888;;26192.75;26192.75;2;ASK;;;;;
20251031;050120.892;;26192.50;26192.50;1;ASK;;;;;
20251031;050120.892;26191.75;;26191.75;2;BID;;;;;
20251031;050120.896;26191.75;;26191.75;1;BID;;;;;
20251031;050120.896;;26192.50;26192.50;2;ASK;;;;;
20251031;050120.900;;26192.50;26192.50;3;ASK;;;;;
20251031;050120.900;26191.50;;26191.50;2;BID;;;;;
20251031;050120.900;;26192.25;26192.25;1;ASK;;;;;
20251031;050120.900;26191.50;;26191.50;1;BID;;;;;
20251031;050120.900;;26192.25;26192.25;2;ASK;;;;;
20251031;050120.940;26191.25;;26191.25;2;BID;;;;;
20251031;050120.940;;26192.00;26192.00;1;ASK;;;;;
20251031;050120.944;;26192.25;26192.25;2;ASK;;;;;
20251031;050120.944;26191.50;;26191.50;1;BID;;;;;
20251031;050120.944;26191.25;;26191.25;2;BID;;;;;
20251031;050120.964;26191.50;;26191.50;1;BID;;;;;
20251031;050121.160;26191.25;;26191.25;2;BID;;;;;
20251031;050121.164;;26192.00;26192.00;1;ASK;;;;;
20251031;050121.164;26191.25;;26191.25;1;BID;;;;;
20251031;050121.268;;26192.25;26192.25;2;ASK;;;;;
20251031;050121.268;26191.25;;26191.25;2;BID;;;;;
20251031;050121.268;26191.50;;26191.50;1;BID;;;;;
20251031;050121.268;26191.25;;26191.25;2;BID;;;;;
20251031;050121.332;;26192.25;26192.25;3;ASK;;;;;
20251031;050121.332;26191.25;;26191.25;1;BID;;;;;
20251031;050121.332;;26192.00;26192.00;1;ASK;;;;;
20251031;050121.332;26191.00;;26191.00;2;BID;;;;;
20251031;050121.332;26191.00;;26191.00;1;BID;;;;;
20251031;050121.332;26191.25;;26191.25;1;BID;;;;;
20251031;050121.660;26191.00;;26191.00;2;BID;;;;;
20251031;050121.660;;26191.75;26191.75;1;ASK;;;;;
20251031;050121.664;;26192.00;26192.00;2;ASK;;;;;
20251031;050121.668;26191.00;;26191.00;1;BID;;;;;
20251031;050121.668;;26191.75;26191.75;1;ASK;;;;;
20251031;050121.824;;26192.00;26192.00;2;ASK;;;;;
20251031;050121.864;;26191.75;26191.75;1;ASK;;;;;
20251031;050122.028;26191.25;;26191.25;1;BID;;;;;
20251031;050122.028;;26192.00;26192.00;2;ASK;;;;;
20251031;050122.028;26191.00;;26191.00;1;BID;;;;;
20251031;050122.028;;26191.75;26191.75;1;ASK;;;;;
20251031;050124.276;;26192.00;26192.00;2;ASK;;;;;
20251031;050124.308;;26191.75;26191.75;1;ASK;;;;;
20251031;050126.184;;26192.00;26192.00;2;ASK;;;;;
20251031;050126.484;26191.00;;26191.00;2;BID;;;;;
20251031;050126.484;26191.25;;26191.25;1;BID;;;;;
20251031;050126.484;26191.00;;26191.00;2;BID;;;;;
20251031;050126.484;26191.00;;26191.00;1;BID;;;;;
20251031;050126.496;;26191.75;26191.75;1;ASK;;;;;
20251031;050126.836;;26192.00;26192.00;2;ASK;;;;;
20251031;050128.380;;26191.75;26191.75;1;ASK;;;;;
20251031;050128.380;;26192.00;26192.00;2;ASK;;;;;
20251031;050128.420;;26191.75;26191.75;1;ASK;;;;;
20251031;050128.488;26191.00;;26191.00;2;BID;;;;;
20251031;050128.488;;26192.00;26192.00;2;ASK;;;;;
20251031;050128.488;26191.25;;26191.25;1;BID;;;;;
20251031;050128.488;26191.25;;26191.25;2;BID;;;;;
20251031;050128.488;;26192.00;26192.00;1;ASK;;;;;
20251031;050128.488;;26192.25;26192.25;3;ASK;;;;;
20251031;050128.488;26191.50;;26191.50;1;BID;;;;;
20251031;050128.488;;26192.25;26192.25;2;ASK;;;;;
20251031;050128.488;;26192.25;26192.25;1;ASK;;;;;
20251031;050128.488;26191.50;;26191.50;2;BID;;;;;
20251031;050128.488;26191.75;;26191.75;1;BID;;;;;
20251031;050128.488;;26192.50;26192.50;2;ASK;;;;;
20251031;050128.488;;26192.50;26192.50;1;ASK;;;;;
20251031;050128.488;26191.75;;26191.75;2;BID;;;;;
20251031;050128.488;;26192.75;26192.75;3;ASK;;;;;
20251031;050128.488;;26192.75;26192.75;2;ASK;;;;;
20251031;050128.488;26191.75;;26191.75;1;BID;;;;;
20251031;050128.488;;26192.75;26192.75;1;ASK;;;;;
20251031;050128.488;;26192.50;26192.50;1;ASK;;;;;
20251031;050128.492;;26192.75;26192.75;1;ASK;;;;;
20251031;050128.492;;26193.00;26193.00;2;ASK;;;;;
20251031;050128.492;;26193.00;26193.00;3;ASK;;;;;
20251031;050128.492;;26192.75;26192.75;1;ASK;;;;;
20251031;050128.492;;26192.75;26192.75;2;ASK;;;;;
20251031;050128.492;;26192.75;26192.75;3;ASK;;;;;
20251031;050128.492;;26192.50;26192.50;1;ASK;;;;;
20251031;050128.492;;26192.75;26192.75;3;ASK;;;;;
20251031;050128.492;26191.75;;26191.75;2;BID;;;;;
20251031;050128.540;26192.00;;26192.00;1;BID;;;;;
20251031;050128.572;26191.75;;26191.75;2;BID;;;;;
20251031;050128.576;26191.75;;26191.75;1;BID;;;;;
20251031;050128.804;26191.50;;26191.50;4;BID;;;;;
20251031;050128.804;;26192.50;26192.50;1;ASK;;;;;
20251031;050128.804;;26192.50;26192.50;2;ASK;;;;;
20251031;050128.804;26191.50;;26191.50;3;BID;;;;;
20251031;050128.808;26191.75;;26191.75;1;BID;;;;;
20251031;050128.808;;26192.50;26192.50;1;ASK;;;;;
20251031;050128.808;;26192.75;26192.75;3;ASK;;;;;
20251031;050128.864;;26192.75;26192.75;4;ASK;;;;;
20251031;050128.864;;26192.50;26192.50;1;ASK;;;;;
20251031;050128.916;;26192.75;26192.75;3;ASK;;;;;
20251031;050129.268;;26192.50;26192.50;1;ASK;;;;;
20251031;050129.304;;26192.75;26192.75;3;ASK;;;;;
20251031;050130.304;26192.00;;26192.00;1;BID;;;;;
20251031;050130.324;;26192.75;26192.75;4;ASK;;;;;
20251031;050130.324;26191.75;;26191.75;1;BID;;;;;
20251031;050130.324;;26192.50;26192.50;1;ASK;;;;;
20251031;050130.360;;26192.75;26192.75;3;ASK;;;;;
20251031;050130.508;26192.00;;26192.00;1;BID;;;;;
20251031;050130.508;;26192.75;26192.75;2;ASK;;;;;
20251031;050130.508;;26192.75;26192.75;1;ASK;;;;;
20251031;050130.508;26192.25;;26192.25;1;BID;;;;;
20251031;050130.508;;26193.00;26193.00;3;ASK;;;;;
20251031;050130.508;;26193.00;26193.00;2;ASK;;;;;
20251031;050130.508;26192.00;;26192.00;1;BID;;;;;
20251031;050130.508;;26192.75;26192.75;1;ASK;;;;;
20251031;050130.508;;26192.75;26192.75;2;ASK;;;;;
20251031;050130.508;;26192.75;26192.75;1;ASK;;;;;
20251031;050130.512;26191.75;;26191.75;2;BID;;;;;
20251031;050130.512;26191.75;;26191.75;1;BID;;;;;
20251031;050130.512;26192.00;;26192.00;1;BID;;;;;
20251031;050130.528;;26192.75;26192.75;2;ASK;;;;;
20251031;050130.528;26191.75;;26191.75;1;BID;;;;;
20251031;050130.680;;26192.50;26192.50;1;ASK;;;;;
20251031;050130.680;26191.75;;26191.75;2;BID;;;;;
20251031;050130.680;;26192.50;26192.50;2;ASK;;;;;
20251031;050130.680;;26192.50;26192.50;1;ASK;;;;;
20251031;050131.024;;26192.75;26192.75;1;ASK;;;;;
20251031;050131.024;;26192.75;26192.75;2;ASK;;;;;
20251031;050131.024;;26192.75;26192.75;3;ASK;;;;;
20251031;050131.024;26192.00;;26192.00;1;BID;;;;;
20251031;050131.024;26191.75;;26191.75;2;BID;;;;;
20251031;050131.024;;26192.75;26192.75;2;ASK;;;;;
20251031;050131.024;;26192.50;26192.50;1;ASK;;;;;
20251031;050131.024;;26192.75;26192.75;2;ASK;;;;;
20251031;050131.024;26191.75;;26191.75;1;BID;;;;;
20251031;050131.044;;26192.50;26192.50;1;ASK;;;;;
20251031;050131.044;;26192.50;26192.50;2;ASK;;;;;
20251031;050131.160;;26192.50;26192.50;1;ASK;;;;;
20251031;050133.336;26191.50;;26191.50;5;BID;;;;;
20251031;050133.336;26191.50;;26191.50;4;BID;;;;;
20251031;050133.336;;26192.50;26192.50;2;ASK;;;;;
20251031;050133.336;;26192.50;26192.50;3;ASK;p_shape;SHORT;26192.50;;
20251031;050133.336;26191.50;;26191.50;3;BID;;;;;
20251031;050133.336;;26192.25;26192.25;1;ASK;;;;;
20251031;050133.336;26191.50;;26191.50;2;BID;;;;;
20251031;050133.336;26191.50;;26191.50;1;BID;;;;;
20251031;050133.336;;26192.25;26192.25;2;ASK;;;;;
20251031;050133.336;;26192.25;26192.25;3;ASK;;;;;
20251031;050133.336;;26192.25;26192.25;4;ASK;;;;;
20251031;050133.336;;26192.00;26192.00;1;ASK;;;;;
20251031;050133.336;;26192.25;26192.25;4;ASK;;;;;
20251031;050133.336;;26192.25;26192.25;1;ASK;;;;;
20251031;050133.336;;26192.25;26192.25;1;ASK;;;;;
20251031;050133.336;;26192.25;26192.25;2;ASK;;;;;
20251031;050133.336;;26192.25;26192.25;1;ASK;;;;;
20251031;050133.336;26191.75;;26191.75;1;BID;;;;;
20251031;050133.340;;26192.25;26192.25;1;ASK;;;;;
20251031;050133.340;;26192.50;26192.50;2;ASK;;;;;
20251031;050133.340;;26192.50;26192.50;1;ASK;;;;;
20251031;050133.340;26191.75;;26191.75;2;BID;;;;;
20251031;050133.340;26192.00;;26192.00;1;BID;;;;;
20251031;050133.348;;26192.75;26192.75;2;ASK;;;;;
20251031;050133.356;;26192.75;26192.75;1;ASK;;;;;
20251031;050133.356;26192.00;;26192.00;2;BID;;;;;
20251031;050133.356;;26193.00;26193.00;3;ASK;;;;;
20251031;050133.356;;26193.00;26193.00;2;ASK;;;;;
20251031;050133.356;26192.25;;26192.25;1;BID;;;;;
20251031;050133.356;;26193.00;26193.00;1;ASK;;;;;
20251031;050133.356;;26193.50;26193.50;3;ASK;;;;;
20251031;050133.356;;26193.50;26193.50;4;ASK;;;;;
20251031;050133.356;;26193.25;26193.25;1;ASK;;;;;
20251031;050133.356;;26193.25;26193.25;2;ASK;;;;;
20251031;050133.356;;26193.25;26193.25;3;ASK;;;;;
20251031;050133.356;;26193.00;26193.00;1;ASK;;;;;
20251031;050133.356;26192.00;;26192.00;1;BID;;;;;
20251031;050133.360;26192.00;;26192.00;2;BID;;;;;
20251031;050133.360;26192.25;;26192.25;1;BID;;;;;
20251031;050133.788;26192.00;;26192.00;2;BID;;;;;
20251031;050133.788;26192.00;;26192.00;1;BID;;;;;
20251031;050133.844;26192.00;;26192.00;2;BID;;;;;
20251031;050133.844;26192.25;;26192.25;1;BID;;;;;
20251031;050135.776;26192.25;;26192.25;2;BID;;;;;
20251031;050135.776;;26193.25;26193.25;4;ASK;;;;;
20251031;050135.776;26192.50;;26192.50;1;BID;;;;;
20251031;050135.776;;26193.25;26193.25;3;ASK;;;;;
20251031;050135.912;;26193.00;26193.00;1;ASK;;;;;
20251031;050135.912;26192.25;;26192.25;4;BID;;;;;
20251031;050135.912;26192.25;;26192.25;3;BID;;;;;
20251031;050135.912;26192.25;;26192.25;2;BID;;;;;
20251031;050135.912;26192.25;;26192.25;1;BID;;;;;
20251031;050136.024;26192.25;;26192.25;2;BID;;;;;
20251031;050137.256;;26192.75;26192.75;1;ASK;;;;;
20251031;050137.256;26192.25;;26192.25;1;BID;;;;;
20251031;050137.256;26192.25;;26192.25;1;BID;;;;;
20251031;050137.256;26192.00;;26192.00;2;BID;;;;;
20251031;050137.256;26192.00;;26192.00;1;BID;;;;;
20251031;050137.256;26191.75;;26191.75;2;BID;;;;;
20251031;050137.256;26191.75;;26191.75;1;BID;;;;;
20251031;050137.256;26191.50;;26191.50;3;BID;;;;;
20251031;050137.256;;26192.75;26192.75;2;ASK;;;;;
20251031;050137.256;;26192.75;26192.75;3;ASK;;;;;
20251031;050137.256;26191.50;;26191.50;2;BID;;;;;
20251031;050137.256;;26192.25;26192.25;2;ASK;;;;;
20251031;050137.256;26192.00;;26192.00;1;BID;;;;;
20251031;050137.260;26192.00;;26192.00;1;BID;;;;;
20251031;050137.260;26191.50;;26191.50;1;BID;;;;;
20251031;050137.260;;26192.00;26192.00;1;ASK;;;;;
20251031;050137.264;26191.00;;26191.00;1;BID;;;;;
20251031;050137.264;;26191.75;26191.75;1;ASK;;;;;
20251031;050137.264;26191.25;;26191.25;1;BID;;;;;
20251031;050137.264;;26192.00;26192.00;1;ASK;;;;;
20251031;050137.280;26191.25;;26191.25;2;BID;;;;;
20251031;050137.280;26191.25;;26191.25;1;BID;;;;;
20251031;050137.396;26191.00;;26191.00;1;BID;;;;;
20251031;050137.396;26191.25;;26191.25;1;BID;;;;;
20251031;050138.300;26191.00;;26191.00;1;BID;;;;;
20251031;050138.568;;26192.00;26192.00;2;ASK;;;;;
20251031;050138.568;;26191.75;26191.75;1;ASK;;;;;
20251031;050138.568;26190.75;;26190.75;2;BID;;;;;
20251031;050138.568;26190.75;;26190.75;1;BID;;;;;
20251031;050138.568;26191.00;;26191.00;1;BID;;;;;
20251031;050138.912;;26192.00;26192.00;2;ASK;;;;;
20251031;050138.964;;26191.75;26191.75;1;ASK;;;;;
20251031;050139.452;;26192.00;26192.00;2;ASK;;;;;
20251031;050139.452;26191.25;;26191.25;1;BID;;;;;
20251031;050139.488;26191.25;;26191.25;2;BID;;;;;
20251031;050139.500;26191.25;;26191.25;1;BID;;;;;
20251031;050139.500;26191.00;;26191.00;1;BID;;;;;
20251031;050140.116;26191.00;;26191.00;2;BID;;;;;
20251031;050140.116;26191.25;;26191.25;1;BID;;;;;
20251031;050140.116;;26191.75;26191.75;1;ASK;;;;;
20251031;050140.116;26191.00;;26191.00;1;BID;;;;;
20251031;050140.236;26190.75;;26190.75;1;BID;;;;;
20251031;050140.236;;26191.50;26191.50;1;ASK;;;;;
20251031;050140.236;;26191.25;26191.25;1;ASK;;;;;
20251031;050140.236;;26191.25;26191.25;2;ASK;;;;;
20251031;050140.236;26190.25;;26190.25;1;BID;;;;;
20251031;050140.236;26190.50;;26190.50;1;BID;;;;;
20251031;050140.236;;26191.25;26191.25;1;ASK;;;;;
20251031;050140.236;26190.50;;26190.50;2;BID;;;;;
20251031;050140.240;;26191.25;26191.25;2;ASK;;;;;
20251031;050140.240;;26191.25;26191.25;1;ASK;;;;;
20251031;050140.256;;26191.25;26191.25;2;ASK;;;;;
20251031;050140.256;26190.50;;26190.50;1;BID;;;;;
20251031;050140.256;;26191.00;26191.00;1;ASK;;;;;
20251031;050140.256;;26191.00;26191.00;2;ASK;;;;;
20251031;050140.256;26189.75;;26189.75;4;BID;;;;;
20251031;050140.256;26190.00;;26190.00;1;BID;;;;;
20251031;050140.260;26190.00;;26190.00;2;BID;;;;;
20251031;050140.260;26190.25;;26190.25;1;BID;;;;;
20251031;050140.276;26190.25;;26190.25;2;BID;;;;;
20251031;050140.276;;26191.00;26191.00;1;ASK;;;;;
20251031;050140.276;;26191.25;26191.25;4;ASK;;;;;
20251031;050140.276;;26191.25;26191.25;3;ASK;;;;;
20251031;050140.276;;26191.25;26191.25;2;ASK;;;;;
20251031;050140.280;;26191.00;26191.00;1;ASK;;;;;
20251031;050140.332;;26191.25;26191.25;2;ASK;;;;;
20251031;050140.332;26190.50;;26190.50;1;BID;;;;;
20251031;050140.332;26190.25;;26190.25;2;BID;;;;;
20251031;050140.332;;26191.00;26191.00;1;ASK;;;;;
20251031;050140.384;;26191.25;26191.25;2;ASK;;;;;
20251031;050140.384;26190.25;;26190.25;1;BID;;;;;
20251031;050140.384;;26191.00;26191.00;1;ASK;;;;;
20251031;050140.404;26190.00;;26190.00;3;BID;;;;;
20251031;050140.408;26190.00;;26190.00;2;BID;;;;;
20251031;050140.408;26190.00;;26190.00;3;BID;;;;;
20251031;050140.408;26190.25;;26190.25;1;BID;;;;;
20251031;050140.408;26190.00;;26190.00;3;BID;;;;;
20251031;050140.444;26190.25;;26190.25;1;BID;;;;;
20251031;050140.500;26190.25;;26190.25;2;BID;;;;;
20251031;050140.952;;26191.25;26191.25;2;ASK;;;;;
20251031;050141.004;;26191.00;26191.00;1;ASK;;;;;
20251031;050143.148;;26191.25;26191.25;2;ASK;;;;;
20251031;050143.156;26190.25;;26190.25;1;BID;;;;;
20251031;050143.156;;26191.00;26191.00;1;ASK;;;;;
20251031;050143.168;26190.00;;26190.00;3;BID;;;;;
20251031;050143.196;26190.00;;26190.00;4;BID;;;;;
20251031;050143.196;26190.25;;26190.25;1;BID;;;;;
20251031;050143.196;26190.25;;26190.25;2;BID;;;;;
20251031;050143.196;;26191.25;26191.25;2;ASK;;;;;
20251031;050143.212;;26191.25;26191.25;1;ASK;;;;;
20251031;050143.260;;26191.25;26191.25;2;ASK;;;;;
20251031;050143.260;;26191.00;26191.00;1;ASK;;;;;
20251031;050143.656;;26191.25;26191.25;2;ASK;;;;;
20251031;050143.688;;26191.00;26191.00;1;ASK;;;;;
20251031;050144.084;;26191.00;26191.00;1;ASK;;;;;
20251031;050144.084;;26191.25;26191.25;2;ASK;;;;;
20251031;050144.084;26190.50;;26190.50;1;BID;;;;;
20251031;050144.084;26190.50;;26190.50;2;BID;;;;;
20251031;050144.084;;26191.25;26191.25;1;ASK;;;;;
20251031;050144.084;26190.50;;26190.50;3;BID;;;;;
20251031;050144.084;26190.50;;26190.50;2;BID;;;;;
20251031;050144.100;26190.50;;26190.50;1;BID;;;;;
20251031;050144.100;26190.25;;26190.25;1;BID;;;;;
20251031;050144.100;;26191.00;26191.00;1;ASK;;;;;
20251031;050144.376;26190.00;;26190.00;3;BID;;;;;
20251031;050144.376;;26190.75;26190.75;1;ASK;;;;;
20251031;050144.376;26190.00;;26190.00;2;BID;;;;;
20251031;050144.376;26190.00;;26190.00;1;BID;;;;;
20251031;050144.376;;26190.75;26190.75;2;ASK;;;;;
20251031;050145.084;;26190.75;26190.75;1;ASK;;;;;
20251031;050146.300;;26191.00;26191.00;3;ASK;;;;;
20251031;050146.300;;26191.00;26191.00;2;ASK;;;;;
20251031;050146.304;;26190.75;26190.75;1;ASK;;;;;
20251031;050146.612;;26191.00;26191.00;2;ASK;;;;;
20251031;050146.656;;26191.00;26191.00;3;ASK;;;;;
20251031;050146.656;;26191.00;26191.00;4;ASK;;;;;
20251031;050146.656;;26190.75;26190.75;1;ASK;;;;;
20251031;050146.656;;26190.75;26190.75;2;ASK;;;;;
20251031;050146.656;26189.75;;26189.75;1;BID;;;;;
20251031;050146.656;26189.50;;26189.50;2;BID;;;;;
20251031;050146.656;26189.75;;26189.75;1;BID;;;;;
20251031;050146.656;;26190.50;26190.50;1;ASK;;;;;
20251031;050146.656;26189.75;;26189.75;2;BID;;;;;
20251031;050146.656;26189.75;;26189.75;3;BID;;;;;
20251031;050146.656;;26190.75;26190.75;2;ASK;;;;;
20251031;050146.656;26190.00;;26190.00;1;BID;;;;;
20251031;050146.656;;26190.75;26190.75;1;ASK;;;;;
20251031;050146.812;;26191.00;26191.00;3;ASK;;;;;
20251031;050146.812;26190.00;;26190.00;2;BID;;;;;
20251031;050146.812;26190.25;;26190.25;1;BID;;;;;
20251031;050146.812;;26191.00;26191.00;2;ASK;;;;;
20251031;050146.812;26190.00;;26190.00;2;BID;;;;;
20251031;050147.016;26190.25;;26190.25;1;BID;;;;;
20251031;050147.328;26190.25;;26190.25;2;BID;;;;;
20251031;050147.424;;26191.00;26191.00;1;ASK;;;;;
20251031;050147.424;;26191.25;26191.25;2;ASK;;;;;
20251031;050147.424;;26191.25;26191.25;1;ASK;;;;;
20251031;050147.424;26190.50;;26190.50;1;BID;;;;;
20251031;050147.584;;26191.25;26191.25;2;ASK;;;;;
20251031;050147.584;26190.25;;26190.25;2;BID;;;;;
20251031;050147.584;26190.50;;26190.50;1;BID;;;;;
20251031;050147.836;26190.25;;26190.25;2;BID;;;;;
20251031;050148.012;;26191.00;26191.00;1;ASK;;;;;
20251031;050148.236;;26191.25;26191.25;2;ASK;;;;;
20251031;050148.248;26190.50;;26190.50;1;BID;;;;;
20251031;050148.412;26190.25;;26190.25;2;BID;;;;;
20251031;050148.412;;26191.00;26191.00;1;ASK;;;;;
20251031;050148.584;;26191.25;26191.25;2;ASK;;;;;
20251031;050148.584;26190.50;;26190.50;1;BID;;;;;
20251031;050148.892;26190.25;;26190.25;2;BID;;;;;
20251031;050148.892;;26191.00;26191.00;1;ASK;;;;;
20251031;050150.344;;26191.00;26191.00;2;ASK;;;;;
20251031;050150.344;26190.25;;26190.25;1;BID;;;;;
20251031;050150.344;;26191.00;26191.00;3;ASK;;;;;
20251031;050150.344;;26191.00;26191.00;2;ASK;;;;;
20251031;050150.344;;26191.00;26191.00;1;ASK;;;;;
20251031;050150.344;;26191.25;26191.25;1;ASK;;;;;
20251031;050150.344;;26191.25;26191.25;2;ASK;;;;;
20251031;050150.344;;26191.00;26191.00;1;ASK;;;;;
20251031;050150.344;;26191.00;26191.00;2;ASK;;;;;
20251031;050151.524;;26190.75;26190.75;1;ASK;;;;;
20251031;050152.076;;26191.00;26191.00;2;ASK;;;;;
20251031;050152.076;;26191.00;26191.00;1;ASK;;;;;
20251031;050152.076;;26191.25;26191.25;3;ASK;;;;;
20251031;050152.076;26190.25;;26190.25;2;BID;;;;;
20251031;050152.076;;26191.25;26191.25;2;ASK;;;;;
20251031;050152.432;;26191.00;26191.00;1;ASK;;;;;
20251031;050152.432;26190.25;;26190.25;1;BID;;;;;
20251031;050152.644;;26191.00;26191.00;2;ASK;;;;;
20251031;050153.588;;26190.75;26190.75;1;ASK;;;;;
20251031;050153.588;;26191.00;26191.00;2;ASK;;;;;
20251031;050156.428;26190.25;;26190.25;2;BID;;;;;
20251031;050156.428;;26191.00;26191.00;1;ASK;;;;;
20251031;050156.428;;26191.25;26191.25;2;ASK;;;;;
20251031;050156.428;26190.50;;26190.50;1;BID;;;;;
20251031;050156.432;;26191.25;26191.25;1;ASK;;;;;
20251031;050156.904;26190.25;;26190.25;2;BID;;;;;
20251031;050156.904;26190.25;;26190.25;1;BID;;;;;
20251031;050156.904;;26191.25;26191.25;2;ASK;;;;;
20251031;050156.904;;26191.00;26191.00;1;ASK;;;;;
20251031;050156.904;;26191.00;26191.00;2;ASK;;;;;
20251031;050157.592;26190.25;;26190.25;2;BID;;;;;
20251031;050157.592;;26191.00;26191.00;1;ASK;;;;;
20251031;050157.592;;26191.25;26191.25;4;ASK;;;;;
20251031;050157.592;26190.25;;26190.25;1;BID;;;;;
20251031;050157.592;;26191.25;26191.25;3;ASK;;;;;
20251031;050157.592;;26191.00;26191.00;1;ASK;;;;;
20251031;050158.812;;26191.25;26191.25;4;ASK;;;;;
20251031;050158.812;26190.25;;26190.25;2;BID;;;;;
20251031;050158.812;;26191.25;26191.25;3;ASK;;;;;
20251031;050158.812;26190.25;;26190.25;3;BID;;;;;
20251031;050158.812;26190.50;;26190.50;1;BID;;;;;
20251031;050158.812;;26191.25;26191.25;2;ASK;;;;;
20251031;050159.872;26190.25;;26190.25;2;BID;;;;;
20251031;050200.104;;26191.00;26191.00;1;ASK;;;;;
20251031;050200.104;26190.25;;26190.25;1;BID;;;;;
20251031;050200.104;26190.50;;26190.50;1;BID;;;;;
20251031;050200.104;26190.25;;26190.25;1;BID;;;;;
20251031;050200.104;;26191.25;26191.25;2;ASK;;;;;
20251031;050200.104;26190.25;;26190.25;2;BID;;;;;
20251031;050200.104;26190.50;;26190.50;1;BID;;;;;
20251031;050200.252;26190.25;;26190.25;2;BID;;;;;
20251031;050200.252;26190.25;;26190.25;1;BID;;;;;
20251031;050200.252;;26191.00;26191.00;1;ASK;;;;;
20251031;050200.252;;26191.00;26191.00;2;ASK;;;;;
20251031;050200.436;;26191.00;26191.00;1;ASK;;;;;
20251031;050200.436;26190.25;;26190.25;2;BID;;;;;
20251031;050200.436;;26191.25;26191.25;3;ASK;;;;;
20251031;050200.436;26190.50;;26190.50;1;BID;;;;;
20251031;050200.436;;26191.25;26191.25;2;ASK;;;;;
20251031;050200.444;26190.25;;26190.25;2;BID;;;;;
20251031;050200.444;;26191.00;26191.00;1;ASK;;;;;
20251031;050200.600;;26191.25;26191.25;2;ASK;;;;;
20251031;050200.608;26190.50;;26190.50;1;BID;;;;;
20251031;050201.356;26190.50;;26190.50;2;BID;;;;;
20251031;050201.356;;26191.25;26191.25;1;ASK;;;;;
20251031;050201.356;26190.75;;26190.75;1;BID;;;;;
20251031;050201.356;;26191.50;26191.50;5;ASK;;;;;
20251031;050201.360;;26191.50;26191.50;4;ASK;;;;;
20251031;050201.572;26190.75;;26190.75;1;BID;;;;;
20251031;050201.572;26190.50;;26190.50;2;BID;;;;;
20251031;050201.572;;26191.25;26191.25;1;ASK;;;;;
20251031;050201.572;;26191.25;26191.25;2;ASK;;;;;
20251031;050201.584;;26191.25;26191.25;1;ASK;;;;;
20251031;050201.680;26190.50;;26190.50;1;BID;;;;;
20251031;050201.680;26190.50;;26190.50;1;BID;;;;;
20251031;050201.680;26190.25;;26190.25;2;BID;;;;;
20251031;050201.680;;26191.00;26191.00;1;ASK;;;;;
20251031;050201.680;26190.25;;26190.25;1;BID;;;;;
20251031;050201.720;;26191.25;26191.25;4;ASK;;;;;
20251031;050201.720;;26191.25;26191.25;3;ASK;;;;;
20251031;050201.720;26190.25;;26190.25;2;BID;;;;;
20251031;050201.720;;26191.25;26191.25;2;ASK;;;;;
20251031;050201.720;26190.50;;26190.50;1;BID;;;;;
20251031;050201.732;26190.25;;26190.25;2;BID;;;;;
20251031;050201.776;;26191.00;26191.00;1;ASK;;;;;
20251031;050201.776;26190.25;;26190.25;1;BID;;;;;
20251031;050201.780;26190.25;;26190.25;2;BID;;;;;
20251031;050201.780;;26191.25;26191.25;2;ASK;;;;;
20251031;050201.780;26190.50;;26190.50;1;BID;;;;;
20251031;050203.188;;26191.25;26191.25;1;ASK;;;;;
20251031;050203.188;26190.75;;26190.75;1;BID;;;;;
20251031;050203.188;;26191.50;26191.50;4;ASK;;;;;
20251031;050203.188;;26191.50;26191.50;3;ASK;;;;;
20251031;050203.188;26191.00;;26191.00;1;BID;;;;;
20251031;050203.188;;26191.50;26191.50;1;ASK;;;;;
20251031;050203.188;;26191.50;26191.50;1;ASK;;;;;
20251031;050203.188;;26191.75;26191.75;1;ASK;;;;;
20251031;050203.188;;26192.00;26192.00;3;ASK;;;;;
20251031;050203.188;26191.00;;26191.00;2;BID;;;;;
20251031;050203.188;26191.00;;26191.00;3;BID;;;;;
20251031;050203.188;;26192.00;26192.00;2;ASK;;;;;
20251031;050203.192;;26192.00;26192.00;1;ASK;;;;;
20251031;050203.192;26191.25;;26191.25;1;BID;;;;;
20251031;050203.192;;26192.50;26192.50;2;ASK;;;;;
20251031;050203.192;26191.25;;26191.25;2;BID;;;;;
20251031;050203.192;;26192.25;26192.25;1;ASK;;;;;
20251031;050203.192;;26192.25;26192.25;2;ASK;;;;;
20251031;050203.192;26191.50;;26191.50;1;BID;;;;;
20251031;050203.196;26191.50;;26191.50;2;BID;;;;;
20251031;050203.196;;26192.25;26192.25;1;ASK;;;;;
20251031;050203.196;26191.50;;26191.50;1;BID;;;;;
20251031;050203.260;;26192.50;26192.50;1;ASK;;;;;
20251031;050203.260;26191.75;;26191.75;1;BID;;;;;
20251031;050203.360;;26192.75;26192.75;6;ASK;;;;;
20251031;050203.360;;26192.50;26192.50;1;ASK;;;;;
20251031;050204.332;26191.50;;26191.50;1;BID;;;;;
20251031;050204.332;;26192.25;26192.25;1;ASK;;;;;
20251031;050204.340;26191.25;;26191.25;3;BID;;;;;
20251031;050204.340;26191.25;;26191.25;2;BID;;;;;
20251031;050204.340;26191.25;;26191.25;3;BID;;;;;
20251031;050204.340;26191.50;;26191.50;1;BID;;;;;
20251031;050204.340;;26192.50;26192.50;1;ASK;;;;;
20251031;050204.340;;26192.50;26192.50;2;ASK;;;;;
20251031;050204.340;;26192.50;26192.50;3;ASK;;;;;
20251031;050204.340;;26192.25;26192.25;1;ASK;;;;;
20251031;050204.340;;26192.50;26192.50;3;ASK;;;;;
20251031;050204.340;26191.75;;26191.75;1;BID;;;;;
20251031;050204.340;;26192.50;26192.50;2;ASK;;;;;
20251031;050204.340;26191.50;;26191.50;1;BID;;;;;
20251031;050204.340;26191.50;;26191.50;2;BID;;;;;
20251031;050204.908;;26192.25;26192.25;1;ASK;;;;;
20251031;050204.908;26191.50;;26191.50;1;BID;;;;;
20251031;050204.916;26191.50;;26191.50;1;BID;;;;;
20251031;050204.916;26191.25;;26191.25;4;BID;;;;;
20251031;050204.916;;26192.00;26192.00;1;ASK;;;;;
20251031;050204.916;26191.25;;26191.25;3;BID;;;;;
20251031;050204.916;26191.50;;26191.50;1;BID;;;;;
20251031;050204.916;;26192.25;26192.25;2;ASK;;;;;
20251031;050205.116;26191.25;;26191.25;4;BID;;;;;
20251031;050205.116;26191.25;;26191.25;3;BID;;;;;
20251031;050205.116;26191.50;;26191.50;1;BID;;;;;
20251031;050206.064;;26192.00;26192.00;1;ASK;;;;;
20251031;050206.064;26191.25;;26191.25;3;BID;;;;;
20251031;050206.064;26191.25;;26191.25;2;BID;;;;;
20251031;050206.064;26191.25;;26191.25;1;BID;;;;;
20251031;050206.064;;26192.00;26192.00;2;ASK;;;;;
20251031;050206.064;;26192.00;26192.00;3;ASK;;;;;
20251031;050206.064;;26192.00;26192.00;4;ASK;;;;;
20251031;050206.064;;26191.75;26191.75;1;ASK;;;;;
20251031;050206.064;;26191.75;26191.75;2;ASK;;;;;
20251031;050206.064;26191.25;;26191.25;1;BID;;;;;
20251031;050206.064;26191.00;;26191.00;1;BID;;;;;
20251031;050206.064;;26191.50;26191.50;1;ASK;;;;;
20251031;050206.064;;26191.75;26191.75;2;ASK;;;;;
20251031;050206.064;26190.75;;26190.75;1;BID;;;;;
20251031;050206.064;;26191.50;26191.50;1;ASK;;;;;
20251031;050206.068;26190.50;;26190.50;2;BID;;;;;
20251031;050206.068;;26191.50;26191.50;2;ASK;;;;;
20251031;050206.068;;26191.50;26191.50;3;ASK;;;;;
20251031;050206.068;;26191.25;26191.25;1;ASK;;;;;
20251031;050206.068;;26191.25;26191.25;2;ASK;;;;;
20251031;050206.068;26190.50;;26190.50;1;BID;;;;;
20251031;050206.068;;26191.25;26191.25;1;ASK;;;;;
20251031;050206.072;26190.25;;26190.25;1;BID;;;;;
20251031;050206.076;26190.25;;26190.25;2;BID;;;;;
20251031;050206.076;26190.50;;26190.50;1;BID;;;;;
20251031;050206.092;26190.50;;26190.50;2;BID;;;;;
20251031;050206.108;26190.50;;26190.50;3;BID;;;;;
20251031;050206.576;;26191.25;26191.25;2;ASK;;;;;
20251031;050206.576;26190.50;;26190.50;2;BID;;;;;
20251031;050206.576;;26191.00;26191.00;1;ASK;;;;;
20251031;050206.576;26190.50;;26190.50;1;BID;;;;;
20251031;050206.576;;26191.00;26191.00;2;ASK;;;;;
20251031;050206.576;;26191.00;26191.00;1;ASK;;;;;
20251031;050206.576;;26191.00;26191.00;1;ASK;;;;;
20251031;050206.576;;26191.25;26191.25;4;ASK;;;;;
20251031;050206.576;;26191.25;26191.25;3;ASK;;;;;
20251031;050206.576;;26191.25;26191.25;2;ASK;;;;;
20251031;050206.576;26190.50;;26190.50;2;BID;;;;;
20251031;050206.576;;26191.25;26191.25;1;ASK;;;;;
20251031;050206.576;;26191.25;26191.25;1;ASK;;;;;
20251031;050206.576;;26191.25;26191.25;1;ASK;;;;;
20251031;050206.576;;26191.50;26191.50;4;ASK;;;;;
20251031;050206.576;26190.50;;26190.50;3;BID;;;;;
20251031;050206.576;26190.75;;26190.75;1;BID;;;;;
20251031;050206.576;;26191.50;26191.50;3;ASK;;;;;
20251031;050206.576;26190.75;;26190.75;2;BID;;;;;
20251031;050206.580;;26191.50;26191.50;2;ASK;;;;;
20251031;050206.580;;26191.50;26191.50;1;ASK;;;;;
20251031;050206.580;26191.00;;26191.00;1;BID;;;;;
20251031;050206.580;;26191.50;26191.50;1;ASK;;;;;
20251031;050206.580;;26191.75;26191.75;3;ASK;;;;;
20251031;050206.580;;26191.75;26191.75;2;ASK;;;;;
20251031;050206.580;26191.25;;26191.25;1;BID;;;;;
20251031;050206.580;;26191.75;26191.75;1;ASK;;;;;
20251031;050206.580;;26192.00;26192.00;3;ASK;;;;;
20251031;050206.580;;26192.00;26192.00;2;ASK;;;;;
20251031;050206.580;26191.50;;26191.50;1;BID;;;;;
20251031;050206.580;;26192.00;26192.00;1;ASK;;;;;
20251031;050206.580;;26192.25;26192.25;1;ASK;;;;;
20251031;050206.580;;26192.25;26192.25;2;ASK;;;;;
20251031;050206.580;26191.25;;26191.25;2;BID;;;;;
20251031;050206.584;;26192.00;26192.00;1;ASK;;;;;
20251031;050206.584;;26192.25;26192.25;2;ASK;;;;;
20251031;050206.584;;26192.00;26192.00;1;ASK;;;;;
20251031;050206.584;;26192.25;26192.25;1;ASK;;;;;
20251031;050206.584;;26192.25;26192.25;2;ASK;;;;;
20251031;050206.592;26191.50;;26191.50;1;BID;;;;;
20251031;050206.592;26191.25;;26191.25;2;BID;;;;;
20251031;050206.632;;26192.00;26192.00;1;ASK;;;;;
20251031;050206.684;;26192.25;26192.25;2;ASK;;;;;
20251031;050206.696;;26192.00;26192.00;1;ASK;;;;;
20251031;050206.696;26191.25;;26191.25;1;BID;;;;;
20251031;050206.696;;26192.00;26192.00;2;ASK;;;;;
20251031;050207.040;26191.25;;26191.25;2;BID;;;;;
20251031;050207.040;;26192.00;26192.00;1;ASK;;;;;
20251031;050207.040;;26192.25;26192.25;1;ASK;;;;;
20251031;050207.040;;26192.25;26192.25;2;ASK;;;;;
20251031;050207.040;26191.50;;26191.50;1;BID;;;;;
20251031;050207.040;26191.50;;26191.50;2;BID;;;;;
20251031;050207.140;26191.50;;26191.50;1;BID;;;;;
20251031;050207.140;26191.25;;26191.25;3;BID;;;;;
20251031;050207.140;26191.25;;26191.25;2;BID;;;;;
20251031;050207.140;;26192.00;26192.00;1;ASK;;;;;
20251031;050207.144;26191.25;;26191.25;1;BID;;;;;
20251031;050207.144;;26192.00;26192.00;2;ASK;;;;;
20251031;050207.360;;26191.75;26191.75;1;ASK;;;;;
20251031;050207.360;26191.00;;26191.00;1;BID;;;;;
20251031;050207.360;;26191.75;26191.75;2;ASK;;;;;
20251031;050207.404;;26191.75;26191.75;1;ASK;;;;;
20251031;050207.404;26191.00;;26191.00;2;BID;;;;;
20251031;050207.404;;26191.75;26191.75;2;ASK;;;;;
20251031;050207.404;;26191.75;26191.75;1;ASK;;;;;
20251031;050207.404;;26192.00;26192.00;3;ASK;;;;;
20251031;050207.404;;26192.00;26192.00;2;ASK;;;;;
20251031;050207.404;26191.00;;26191.00;1;BID;;;;;
20251031;050207.404;26191.25;;26191.25;1;BID;;;;;
20251031;050207.436;;26192.00;26192.00;1;ASK;;;;;
20251031;050207.436;;26192.25;26192.25;1;ASK;;;;;
20251031;050207.436;;26192.25;26192.25;2;ASK;;;;;
20251031;050207.436;;26192.25;26192.25;3;ASK;;;;;
20251031;050207.436;26191.25;;26191.25;2;BID;;;;;
20251031;050207.440;;26192.00;26192.00;1;ASK;;;;;
20251031;050207.440;26191.25;;26191.25;1;BID;;;;;
20251031;050208.148;26191.25;;26191.25;2;BID;;;;;
20251031;050208.148;;26192.25;26192.25;2;ASK;;;;;
20251031;050208.148;26191.50;;26191.50;1;BID;;;;;
20251031;050208.456;;26192.25;26192.25;3;ASK;;;;;
20251031;050208.456;26191.25;;26191.25;1;BID;;;;;
20251031;050208.456;;26192.00;26192.00;1;ASK;;;;;
20251031;050209.036;26191.25;;26191.25;2;BID;;;;;
20251031;050209.036;26191.50;;26191.50;1;BID;;;;;
20251031;050209.036;;26192.25;26192.25;3;ASK;;;;;
20251031;050209.852;26191.50;;26191.50;2;BID;;;;;
20251031;050209.852;;26192.25;26192.25;2;ASK;;;;;
20251031;050209.856;26191.75;;26191.75;1;BID;;;;;
20251031;050209.908;26191.50;;26191.50;2;BID;;;;;
20251031;050209.908;;26192.25;26192.25;1;ASK;;;;;
20251031;050209.908;26191.50;;26191.50;1;BID;;;;;
20251031;050209.908;26191.75;;26191.75;1;BID;;;;;
20251031;050209.908;;26192.50;26192.50;3;ASK;;;;;
20251031;050209.908;;26192.50;26192.50;2;ASK;;;;;
20251031;050209.908;;26192.50;26192.50;1;ASK;;;;;
20251031;050209.908;;26192.75;26192.75;5;ASK;;;;;
20251031;050209.908;;26192.50;26192.50;1;ASK;;;;;
20251031;050210.408;;26192.75;26192.75;6;ASK;;;;;
20251031;050210.408;;26192.75;26192.75;5;ASK;;;;;
20251031;050210.408;26191.75;;26191.75;2;BID;;;;;
20251031;050210.408;26192.00;;26192.00;1;BID;;;;;
20251031;050210.412;26191.75;;26191.75;2;BID;;;;;
20251031;050212.196;26192.00;;26192.00;1;BID;;;;;
20251031;050212.196;;26192.75;26192.75;4;ASK;;;;;
20251031;050212.196;;26192.75;26192.75;3;ASK;;;;;
20251031;050212.196;;26192.75;26192.75;2;ASK;;;;;
20251031;050212.200;;26192.75;26192.75;1;ASK;;;;;
20251031;050212.200;;26192.75;26192.75;1;ASK;;;;;
20251031;050212.200;;26193.00;26193.00;1;ASK;;;;;
20251031;050212.200;26192.25;;26192.25;1;BID;;;;;
20251031;050212.200;;26193.00;26193.00;1;ASK;;;;;
20251031;050212.200;;26193.25;26193.25;1;ASK;;;;;
20251031;050212.200;;26193.50;26193.50;1;ASK;;;;;
20251031;050212.200;26192.25;;26192.25;2;BID;;;;;
20251031;050212.200;26192.50;;26192.50;1;BID;;;;;
20251031;050212.200;;26193.75;26193.75;3;ASK;;;;;
20251031;050212.204;26192.50;;26192.50;2;BID;;;;;
20251031;050212.204;26192.50;;26192.50;3;BID;;;;;
20251031;050212.204;26192.75;;26192.75;1;BID;;;;;
20251031;050212.204;;26193.50;26193.50;1;ASK;;;;;
20251031;050212.204;;26193.75;26193.75;3;ASK;;;;;
20251031;050212.204;26192.75;;26192.75;2;BID;;;;;
20251031;050212.204;;26193.75;26193.75;2;ASK;;;;;
20251031;050212.204;;26193.50;26193.50;1;ASK;;;;;
20251031;050212.204;26192.75;;26192.75;1;BID;;;;;
20251031;050212.204;26192.50;;26192.50;4;BID;;;;;
20251031;050212.208;26192.50;;26192.50;5;BID;;;;;
20251031;050212.212;26192.75;;26192.75;1;BID;;;;;
20251031;050212.228;26192.50;;26192.50;6;BID;;;;;
20251031;050212.228;26192.50;;26192.50;5;BID;;;;;
20251031;050212.228;26192.75;;26192.75;1;BID;;;;;
20251031;050212.228;26192.50;;26192.50;5;BID;;;;;
20251031;050212.232;26192.75;;26192.75;1;BID;;;;;
20251031;050212.364;;26193.75;26193.75;2;ASK;;;;;
20251031;050212.728;26193.00;;26193.00;1;BID;;;;;
20251031;050212.728;;26193.75;26193.75;1;ASK;;;;;
20251031;050212.728;;26194.00;26194.00;5;ASK;;;;;
20251031;050212.728;;26194.00;26194.00;4;ASK;;;;;
20251031;050212.728;;26194.00;26194.00;3;ASK;;;;;
20251031;050212.732;;26193.75;26193.75;1;ASK;;;;;
20251031;050212.736;26192.75;;26192.75;1;BID;;;;;
20251031;050213.204;26192.75;;26192.75;2;BID;;;;;
20251031;050213.204;26193.00;;26193.00;1;BID;;;;;
20251031;050213.204;26193.00;;26193.00;2;BID;;;;;
20251031;050213.208;26193.00;;26193.00;3;BID;;;;;
20251031;050213.572;;26194.00;26194.00;4;ASK;;;;;
20251031;050213.572;26193.25;;26193.25;1;BID;;;;;
20251031;050213.572;;26194.00;26194.00;3;ASK;;;;;
20251031;050213.572;;26194.00;26194.00;2;ASK;;;;;
20251031;050213.572;;26194.00;26194.00;1;ASK;;;;;
20251031;050213.576;26193.50;;26193.50;1;BID;;;;;
20251031;050213.576;;26194.25;26194.25;4;ASK;;;;;
20251031;050213.576;;26194.25;26194.25;3;ASK;;;;;
20251031;050213.576;;26194.25;26194.25;2;ASK;;;;;
20251031;050213.576;;26194.25;26194.25;1;ASK;;;;;
20251031;050213.612;26193.25;;26193.25;3;BID;;;;;
20251031;050213.612;26193.25;;26193.25;2;BID;;;;;
20251031;050213.612;;26194.25;26194.25;2;ASK;;;;;
20251031;050213.968;26193.50;;26193.50;1;BID;;;;;
20251031;050214.112;;26193.75;26193.75;1;ASK;;;;;
20251031;050214.112;26193.50;;26193.50;1;BID;;;;;
20251031;050214.112;26193.25;;26193.25;2;BID;;;;;
20251031;050214.112;26193.25;;26193.25;1;BID;;;;;
20251031;050214.112;26193.00;;26193.00;4;BID;;;;;
20251031;050214.112;;26193.75;26193.75;1;ASK;;;;;
20251031;050214.112;;26194.25;26194.25;2;ASK;;;;;
20251031;050214.112;26193.00;;26193.00;3;BID;;;;;
20251031;050214.112;26193.00;;26193.00;2;BID;;;;;
20251031;050214.112;26193.00;;26193.00;1;BID;;;;;
20251031;050214.112;26193.25;;26193.25;1;BID;;;;;
20251031;050214.112;;26194.00;26194.00;1;ASK;;;;;
20251031;050214.112;26193.00;;26193.00;1;BID;;;;;
20251031;050214.112;26193.25;;26193.25;1;BID;;;;;
20251031;050214.112;;26194.00;26194.00;2;ASK;;;;;
20251031;050214.112;26193.25;;26193.25;2;BID;;;;;
20251031;050214.112;26193.25;;26193.25;3;BID;;;;;
20251031;050214.116;26193.25;;26193.25;2;BID;;;;;
20251031;050214.116;;26194.00;26194.00;1;ASK;;;;;
20251031;050214.116;26193.25;;26193.25;1;BID;;;;;
20251031;050214.284;26193.00;;26193.00;1;BID;;;;;
20251031;050214.284;26193.00;;26193.00;2;BID;;;;;
20251031;050214.284;26193.25;;26193.25;1;BID;;;;;
20251031;050214.920;;26194.00;26194.00;2;ASK;;;;;
20251031;050214.920;26193.00;;26193.00;2;BID;;;;;
20251031;050215.008;26193.25;;26193.25;1;BID;;;;;
20251031;050215.008;26193.25;;26193.25;2;BID;;;;;
20251031;050215.008;;26194.00;26194.00;1;ASK;;;;;
20251031;050215.008;26193.50;;26193.50;1;BID;;;;;
20251031;050215.008;;26194.25;26194.25;1;ASK;;;;;
20251031;050215.008;26193.50;;26193.50;2;BID;;;;;
20251031;050215.008;;26194.50;26194.50;3;ASK;;;;;
20251031;050215.012;;26194.50;26194.50;2;ASK;;;;;
20251031;050215.012;;26194.50;26194.50;1;ASK;;;;;
20251031;050215.012;26193.75;;26193.75;1;BID;;;;;
20251031;050215.012;;26194.75;26194.75;2;ASK;;;;;
20251031;050215.012;;26194.75;26194.75;1;ASK;;;;;
20251031;050215.012;;26194.50;26194.50;1;ASK;;;;;
20251031;050215.012;26193.50;;26193.50;2;BID;;;;;
20251031;050215.012;;26194.50;26194.50;2;ASK;;;;;
20251031;050215.104;26193.50;;26193.50;3;BID;;;;;
20251031;050215.104;;26194.50;26194.50;1;ASK;;;;;
20251031;050215.104;26193.75;;26193.75;1;BID;;;;;
20251031;050215.104;26193.50;;26193.50;2;BID;;;;;
20251031;050215.124;26193.75;;26193.75;1;BID;;;;;
20251031;050215.124;;26194.75;26194.75;3;ASK;;;;;
20251031;050215.124;;26194.75;26194.75;2;ASK;;;;;
20251031;050215.124;;26194.50;26194.50;1;ASK;;;;;
20251031;050215.268;;26194.50;26194.50;1;ASK;;;;;
20251031;050215.268;;26194.75;26194.75;3;ASK;;;;;
20251031;050215.268;;26194.75;26194.75;2;ASK;;;;;
20251031;050215.268;;26194.75;26194.75;1;ASK;;;;;
20251031;050215.268;26193.75;;26193.75;2;BID;;;;;
20251031;050215.268;26194.00;;26194.00;1;BID;;;;;
20251031;050215.268;;26195.00;26195.00;10;ASK;;;;;
20251031;050215.272;26193.75;;26193.75;2;BID;;;;;
20251031;050215.272;;26195.00;26195.00;9;ASK;;;;;
20251031;050215.272;;26194.75;26194.75;1;ASK;;;;;
20251031;050215.272;;26194.75;26194.75;2;ASK;;;;;
20251031;050215.272;;26194.75;26194.75;3;ASK;;;;;
20251031;050215.284;;26194.75;26194.75;2;ASK;;;;;
20251031;050215.492;;26194.50;26194.50;1;ASK;;;;;
20251031;050215.700;;26194.75;26194.75;3;ASK;;;;;
20251031;050215.700;;26194.75;26194.75;2;ASK;;;;;
20251031;050216.072;26193.75;;26193.75;3;BID;;;;;
20251031;050216.072;26194.00;;26194.00;1;BID;;;;;
20251031;050216.072;;26194.75;26194.75;1;ASK;;;;;
20251031;050216.968;26193.75;;26193.75;3;BID;;;;;
20251031;050216.968;26193.75;;26193.75;2;BID;;;;;
20251031;050216.972;26194.00;;26194.00;1;BID;;;;;
20251031;050217.952;26193.75;;26193.75;2;BID;;;;;
