date;time;bid;ask;price;volume;side;shape
20251110;174855.452;;;25481.25;3;BETWEEN;
20251110;174855.452;25480.75;;25480.75;1;BID;
20251110;174855.452;;25481.25;25481.25;1;ASK;
20251110;174855.529;;25481.50;25481.50;3;ASK;
20251110;174855.529;25480.75;;25480.75;3;BID;
20251110;174855.554;;;25481.25;2;BETWEEN;
20251110;174855.554;25480.75;;25480.75;2;BID;
20251110;174855.609;;25481.50;25481.50;3;ASK;
20251110;174855.609;25480.75;;25480.75;3;BID;
20251110;174855.643;;25481.50;25481.50;2;ASK;
20251110;174855.643;;;25481.00;4;BETWEEN;
20251110;174855.663;;25481.50;25481.50;3;ASK;
20251110;174855.663;25481.00;;25481.00;2;BID;
20251110;174855.758;25481.00;;25481.00;3;BID;
20251110;174855.785;;25481.75;25481.75;3;ASK;
20251110;174855.785;;;25481.25;1;BETWEEN;
20251110;174855.795;25481.25;;25481.25;2;BID;
20251110;174855.849;;25481.75;25481.75;2;ASK;
20251110;174855.862;;;25481.50;3;BETWEEN;
20251110;174855.862;;25481.75;25481.75;1;ASK;
20251110;174855.862;;25481.75;25481.75;1;ASK;
20251110;174855.862;;25481.75;25481.75;1;ASK;
20251110;174855.873;;25482.00;25482.00;3;ASK;
20251110;174855.873;25481.50;;25481.50;2;BID;
20251110;174855.905;;25482.00;25482.00;4;ASK;
20251110;174855.905;25481.50;;25481.50;1;BID;
20251110;174855.942;25481.25;;25481.25;5;BID;
20251110;174855.953;;;25481.50;1;BETWEEN;
20251110;174856.073;;25482.00;25482.00;2;ASK;
20251110;174856.073;25481.50;;25481.50;2;BID;
20251110;174856.092;25481.50;;25481.50;4;BID;
20251110;174856.130;25481.50;;25481.50;5;BID;
20251110;174856.130;;25482.00;25482.00;1;ASK;
20251110;174856.130;;25482.00;25482.00;1;ASK;
20251110;174856.130;;25482.50;25482.50;3;ASK;
20251110;174856.157;;;25481.75;5;BETWEEN;
20251110;174856.182;;;25482.00;2;BETWEEN;
20251110;174856.237;;25482.75;25482.75;4;ASK;
20251110;174856.237;25482.00;;25482.00;4;BID;
20251110;174856.255;;;25482.25;1;BETWEEN;
20251110;174856.289;;25482.75;25482.75;3;ASK;
20251110;174856.289;25482.25;;25482.25;2;BID;
20251110;174856.320;;25482.75;25482.75;2;ASK;
20251110;174856.320;25482.25;;25482.25;3;BID;
20251110;174856.332;;25483.00;25483.00;3;ASK;
20251110;174856.332;;;25482.75;1;BETWEEN;
20251110;174856.332;;25483.00;25483.00;1;ASK;
20251110;174856.332;;25483.00;25483.00;1;ASK;
20251110;174856.332;;25483.00;25483.00;1;ASK;
20251110;174856.332;;25483.25;25483.25;4;ASK;
20251110;174856.332;25482.75;;25482.75;3;BID;
20251110;174856.332;;25483.25;25483.25;1;ASK;
20251110;174856.333;;25483.25;25483.25;2;ASK;
20251110;174856.333;;;25483.00;2;BETWEEN;
20251110;174856.333;;25483.25;25483.25;2;ASK;
20251110;174856.333;;25483.50;25483.50;3;ASK;
20251110;174856.333;25483.00;;25483.00;3;BID;
20251110;174856.333;;25483.50;25483.50;1;ASK;
20251110;174856.333;;25483.50;25483.50;1;ASK;
20251110;174856.333;;25483.50;25483.50;1;ASK;
20251110;174856.341;;25483.75;25483.75;2;ASK;
20251110;174856.341;;;25483.50;2;BETWEEN;
20251110;174856.341;;25483.75;25483.75;2;ASK;
20251110;174856.341;;25484.00;25484.00;1;ASK;
20251110;174856.351;;25484.00;25484.00;2;ASK;
20251110;174856.351;25483.50;;25483.50;3;BID;
20251110;174856.372;;;25483.75;3;BETWEEN;
20251110;174856.372;25483.00;;25483.00;5;BID;
20251110;174856.412;;;25483.50;3;BETWEEN;
20251110;174856.412;25482.75;;25482.75;5;BID;
20251110;174856.343;;25484.00;25484.00;1;ASK;
20251110;174856.343;;;25483.75;1;BETWEEN;
20251110;174856.343;25483.75;;25483.75;1;BID;
20251110;174856.412;25483.50;;25483.50;3;BID;
20251110;174856.412;25482.75;;25482.75;5;BID;
20251110;174856.443;;;25483.00;4;BETWEEN;
20251110;174856.435;25483.00;;25483.00;3;BID;
20251110;174856.435;25483.00;;25483.00;1;BID;
20251110;174856.443;25483.00;;25483.00;4;BID;
20251110;174856.446;;25483.75;25483.75;3;ASK;
20251110;174856.503;;;25483.50;3;BETWEEN;
20251110;174856.550;;25483.50;25483.50;2;ASK;
20251110;174856.591;;25483.75;25483.75;1;ASK;
20251110;174856.591;;;25483.25;3;BETWEEN;
20251110;174856.637;;25483.75;25483.75;2;ASK;
20251110;174856.637;25483.00;;25483.00;5;BID;
20251110;174856.653;;25483.75;25483.75;3;ASK;
20251110;174856.686;;;25483.25;2;BETWEEN;
20251110;174856.786;;25484.00;25484.00;4;ASK;
20251110;174856.786;;;25483.50;3;BETWEEN;
20251110;174856.808;;25484.00;25484.00;3;ASK;
20251110;174856.808;25483.50;;25483.50;4;BID;
20251110;174856.795;;25484.00;25484.00;2;ASK;
20251110;174856.795;;;25483.75;2;BETWEEN;
20251110;174856.795;25483.75;;25483.75;1;BID;
20251110;174856.808;;25484.00;25484.00;3;ASK;
20251110;174856.808;25483.50;;25483.50;4;BID;
20251110;174856.831;;25484.00;25484.00;4;ASK;
20251110;174856.863;;25484.00;25484.00;3;ASK;
20251110;174856.908;25483.50;;25483.50;4;BID;
20251110;174856.908;25483.00;;25483.00;2;BID;
20251110;174856.932;;25483.50;25483.50;3;ASK;
20251110;174857.013;;;25483.25;4;BETWEEN;
20251110;174857.013;25482.50;;25482.50;5;BID;
20251110;174857.043;;25483.25;25483.25;2;ASK;
20251110;174857.043;;;25482.75;2;BETWEEN;
20251110;174857.062;;25483.25;25483.25;1;ASK;
20251110;174857.062;25482.75;;25482.75;3;BID;
20251110;174857.121;;25483.75;25483.75;4;ASK;
20251110;174857.121;;;25483.00;3;BETWEEN;
20251110;174857.150;;;25483.25;2;BETWEEN;
20251110;174857.167;25483.25;;25483.25;1;BID;
20251110;174857.209;;25483.75;25483.75;1;ASK;
20251110;174857.209;25483.25;;25483.25;3;BID;
20251110;174857.232;;25483.75;25483.75;2;ASK;
20251110;174857.333;;25484.00;25484.00;6;ASK;
20251110;174857.333;;;25483.50;1;BETWEEN;
20251110;174857.379;;;25483.75;1;BETWEEN;
20251110;174857.379;25483.25;;25483.25;3;BID;
20251110;174857.420;;25484.00;25484.00;5;ASK;
20251110;174857.556;;;25483.75;3;BETWEEN;
20251110;174857.556;25483.25;;25483.25;2;BID;
20251110;174857.577;;25484.00;25484.00;4;ASK;
20251110;174857.577;25483.25;;25483.25;3;BID;
20251110;174857.591;;25484.00;25484.00;5;ASK;
20251110;174857.633;;;25483.50;3;BETWEEN;
20251110;174857.633;25483.00;;25483.00;2;BID;
20251110;174857.654;;25483.50;25483.50;4;ASK;
20251110;174857.654;25482.75;;25482.75;6;BID;
20251110;174857.675;;25483.50;25483.50;1;ASK;
20251110;174857.675;;;25483.00;3;BETWEEN;
20251110;174857.716;;25483.50;25483.50;2;ASK;
20251110;174857.716;25483.00;;25483.00;4;BID;
20251110;174857.751;;25483.75;25483.75;4;ASK;
20251110;174857.741;;;25483.50;1;BETWEEN;
20251110;174857.741;;25483.50;25483.50;1;ASK;
20251110;174857.751;;25483.75;25483.75;4;ASK;
20251110;174857.783;;;25483.50;3;BETWEEN;
20251110;174857.783;25483.00;;25483.00;3;BID;
20251110;174857.876;25483.00;;25483.00;2;BID;
20251110;174857.934;;25483.75;25483.75;5;ASK;
20251110;174857.934;25483.00;;25483.00;4;BID;
20251110;174857.957;;;25483.50;4;BETWEEN;
20251110;174857.957;25483.00;;25483.00;2;BID;
20251110;174857.923;;25483.50;25483.50;3;ASK;
20251110;174857.923;;25483.50;25483.50;1;ASK;
20251110;174857.936;;25483.75;25483.75;5;ASK;
20251110;174857.936;25483.00;;25483.00;4;BID;
20251110;174857.936;25483.00;;25483.00;1;BID;
20251110;174857.936;25483.00;;25483.00;1;BID;
20251110;174857.957;;;25483.50;4;BETWEEN;
20251110;174857.957;25483.00;;25483.00;2;BID;
20251110;174857.990;;25483.75;25483.75;4;ASK;
20251110;174857.990;;;25483.25;1;BETWEEN;
20251110;174858.054;;25483.75;25483.75;2;ASK;
20251110;174858.054;25483.25;;25483.25;2;BID;
20251110;174858.089;25483.25;;25483.25;3;BID;
20251110;174858.074;;;25483.50;4;BETWEEN;
20251110;174858.074;25483.00;;25483.00;1;BID;
20251110;174858.074;;25483.50;25483.50;1;ASK;
20251110;174858.113;;25483.75;25483.75;1;ASK;
20251110;174858.113;;;25483.25;3;BETWEEN;
20251110;174858.170;;25484.00;25484.00;5;ASK;
20251110;174858.183;;;25483.75;1;BETWEEN;
20251110;174858.231;;25484.50;25484.50;2;ASK;
20251110;174858.231;;;25484.00;4;BETWEEN;
20251110;174858.209;;;25484.25;1;BETWEEN;
20251110;174858.209;25484.00;;25484.00;2;BID;
20251110;174858.209;;25484.25;25484.25;1;ASK;
20251110;174858.213;;25484.50;25484.50;1;ASK;
20251110;174858.213;;;25484.25;1;BETWEEN;
20251110;174858.213;25484.25;;25484.25;1;BID;
20251110;174858.231;;25484.50;25484.50;2;ASK;
20251110;174858.231;25484.00;;25484.00;4;BID;
20251110;174858.304;;25484.50;25484.50;3;ASK;
20251110;174858.304;25484.00;;25484.00;1;BID;
20251110;174858.335;;25484.75;25484.75;5;ASK;
20251110;174858.335;25484.00;;25484.00;4;BID;
20251110;174858.364;;25484.75;25484.75;4;ASK;
20251110;174858.364;;;25484.25;1;BETWEEN;
20251110;174858.434;;;25484.50;1;BETWEEN;
20251110;174858.434;25484.00;;25484.00;3;BID;
20251110;174858.468;;25484.75;25484.75;5;ASK;
20251110;174858.468;25484.00;;25484.00;4;BID;
20251110;174858.495;;;25484.50;2;BETWEEN;
20251110;174858.526;;25484.75;25484.75;5;ASK;
20251110;174858.526;25484.00;;25484.00;5;BID;
20251110;174858.564;;;25484.50;1;BETWEEN;
20251110;174858.594;;25485.00;25485.00;5;ASK;
20251110;174858.594;;;25484.50;1;BETWEEN;
20251110;174858.606;;25485.00;25485.00;6;ASK;
20251110;174858.640;;;25484.75;2;BETWEEN;
20251110;174858.640;25484.25;;25484.25;3;BID;
20251110;174858.717;;25485.00;25485.00;6;ASK;
20251110;174858.717;;;25484.50;2;BETWEEN;
20251110;174858.736;;25485.00;25485.00;3;ASK;
20251110;174858.736;25484.50;;25484.50;3;BID;
20251110;174858.827;;;25484.75;4;BETWEEN;
20251110;174858.827;25484.25;;25484.25;2;BID;
20251110;174858.868;;25485.00;25485.00;3;ASK;
20251110;174858.868;;;25484.50;4;BETWEEN;
20251110;174858.923;;;25484.75;3;BETWEEN;
20251110;174858.923;25484.25;;25484.25;2;BID;
20251110;174858.933;;25484.75;25484.75;1;ASK;
20251110;174858.974;;25484.75;25484.75;3;ASK;
20251110;174859.025;;25484.75;25484.75;8;ASK;
20251110;174859.049;25484.25;;25484.25;3;BID;
20251110;174859.049;25483.75;;25483.75;4;BID;
20251110;174859.025;;25484.75;25484.75;8;ASK;
20251110;174859.025;;;25484.25;2;BETWEEN;
20251110;174859.025;25484.25;;25484.25;1;BID;
20251110;174859.025;25484.25;;25484.25;1;BID;
20251110;174859.026;25484.25;;25484.25;2;BID;
20251110;174859.026;25484.00;;25484.00;1;BID;
20251110;174859.026;25484.00;;25484.00;1;BID;
20251110;174859.049;;25484.25;25484.25;3;ASK;
20251110;174859.049;25483.75;;25483.75;4;BID;
20251110;174859.081;;;25484.00;2;BETWEEN;
20251110;174859.081;25483.50;;25483.50;3;BID;
20251110;174859.108;;25484.00;25484.00;4;ASK;
20251110;174859.108;25483.50;;25483.50;1;BID;
20251110;174859.145;;25484.00;25484.00;2;ASK;
20251110;174859.088;25483.50;;25483.50;3;BID;
20251110;174859.088;25483.50;;25483.50;1;BID;
20251110;174859.088;25483.50;;25483.50;1;BID;
20251110;174859.145;25483.50;;25483.50;1;BID;
20251110;174859.175;;25484.25;25484.25;4;ASK;
20251110;174859.175;25483.50;;25483.50;3;BID;
20251110;174859.201;;;25484.00;2;BETWEEN;
20251110;174859.201;25483.50;;25483.50;2;BID;
20251110;174859.258;;25484.00;25484.00;3;ASK;
20251110;174859.258;25483.50;;25483.50;1;BID;
20251110;174859.238;;25484.00;25484.00;2;ASK;
20251110;174859.238;25483.50;;25483.50;2;BID;
20251110;174859.238;;25484.00;25484.00;1;ASK;
20251110;174859.258;;25484.00;25484.00;3;ASK;
20251110;174859.258;25483.50;;25483.50;1;BID;
20251110;174859.296;;;25483.75;3;BETWEEN;
20251110;174859.296;25483.25;;25483.25;2;BID;
20251110;174859.319;;;25483.50;1;BETWEEN;
20251110;174859.319;25483.00;;25483.00;4;BID;
20251110;174859.352;;25483.75;25483.75;3;ASK;
20251110;174859.352;;;25483.25;1;BETWEEN;
20251110;174859.417;;;25483.50;3;BETWEEN;
20251110;174859.417;25483.00;;25483.00;1;BID;
20251110;174859.428;;25483.50;25483.50;2;ASK;
20251110;174859.428;25483.00;;25483.00;4;BID;
20251110;174859.470;;25484.00;25484.00;3;ASK;
20251110;174859.470;;;25483.50;3;BETWEEN;
20251110;174859.485;25483.25;;25483.25;4;BID;
20251110;174859.454;;;25483.50;2;BETWEEN;
20251110;174859.454;25483.00;;25483.00;4;BID;
20251110;174859.454;;25483.50;25483.50;1;ASK;
20251110;174859.485;;25484.00;25484.00;3;ASK;
20251110;174859.485;;;25483.25;4;BETWEEN;
20251110;174859.518;;;25483.75;3;BETWEEN;
20251110;174859.566;;25484.00;25484.00;3;ASK;
20251110;174859.566;;25484.00;25484.00;1;ASK;
20251110;174859.568;;25484.00;25484.00;2;ASK;
20251110;174859.568;25483.25;;25483.25;5;BID;
20251110;174859.602;;;25483.50;2;BETWEEN;
20251110;174859.668;;25484.00;25484.00;3;ASK;
20251110;174859.668;25483.50;;25483.50;1;BID;
20251110;174859.687;;25484.25;25484.25;4;ASK;
20251110;174859.687;25483.50;;25483.50;4;BID;
20251110;174859.667;;;25484.00;2;BETWEEN;
20251110;174859.667;25483.50;;25483.50;2;BID;
20251110;174859.667;25483.50;;25483.50;1;BID;
20251110;174859.687;;25484.25;25484.25;4;ASK;
20251110;174859.687;25483.50;;25483.50;4;BID;
20251110;174859.741;;;25483.75;2;BETWEEN;
20251110;174859.741;25483.25;;25483.25;3;BID;
20251110;174859.786;;25484.00;25484.00;4;ASK;
20251110;174859.800;;;25483.75;3;BETWEEN;
20251110;174859.800;25483.25;;25483.25;2;BID;
20251110;174859.930;;25483.75;25483.75;2;ASK;
20251110;174859.971;;25483.75;25483.75;1;ASK;
20251110;174859.987;;25484.00;25484.00;1;ASK;
20251110;174859.987;;;25483.50;4;BETWEEN;
20251110;174900.033;;25484.50;25484.50;2;ASK;
20251110;174900.033;;;25484.00;3;BETWEEN;
20251110;174900.054;;;25484.25;3;BETWEEN;
20251110;174900.054;25483.75;;25483.75;1;BID;
20251110;174900.037;;25484.75;25484.75;8;ASK;
20251110;174900.037;;;25484.25;3;BETWEEN;
20251110;174900.037;25484.25;;25484.25;1;BID;
20251110;174900.037;25484.25;;25484.25;1;BID;
20251110;174900.037;25484.25;;25484.25;1;BID;
20251110;174900.039;25484.25;;25484.25;4;BID;
20251110;174900.039;25484.00;;25484.00;1;BID;
20251110;174900.039;25484.00;;25484.00;1;BID;
20251110;174900.054;;25484.25;25484.25;3;ASK;
20251110;174900.054;25483.75;;25483.75;1;BID;
20251110;174900.067;;25484.25;25484.25;2;ASK;
20251110;174900.067;25483.75;;25483.75;2;BID;
20251110;174900.176;;25484.50;25484.50;1;ASK;
20251110;174900.176;;;25484.00;3;BETWEEN;
20251110;174900.188;;25484.75;25484.75;7;ASK;
20251110;174900.188;25484.00;;25484.00;5;BID;
20251110;174900.232;;;25484.50;1;BETWEEN;
20251110;174900.232;25484.00;;25484.00;3;BID;
20251110;174900.254;;25484.50;25484.50;2;ASK;
20251110;174900.254;25483.75;;25483.75;4;BID;
20251110;174900.272;;;25484.00;2;BETWEEN;
20251110;174900.356;;25484.50;25484.50;3;ASK;
20251110;174900.356;25484.00;;25484.00;1;BID;
20251110;174900.373;;25484.50;25484.50;2;ASK;
20251110;174900.413;;25484.50;25484.50;1;ASK;
20251110;174900.413;25484.00;;25484.00;4;BID;
20251110;174900.438;;25484.50;25484.50;4;ASK;
20251110;174900.438;25483.75;;25483.75;6;BID;
20251110;174900.632;;;25484.25;3;BETWEEN;
20251110;174900.632;25483.75;;25483.75;2;BID;
20251110;174900.644;;25484.25;25484.25;2;ASK;
20251110;174900.644;25483.75;;25483.75;3;BID;
20251110;174900.712;;25484.50;25484.50;4;ASK;
20251110;174900.712;25483.75;;25483.75;5;BID;
20251110;174900.712;;;25484.25;2;BETWEEN;
20251110;174900.712;25483.75;;25483.75;3;BID;
20251110;174900.712;;25484.25;25484.25;1;ASK;
20251110;174900.742;;25484.50;25484.50;5;ASK;
20251110;174900.742;25483.75;;25483.75;5;BID;
20251110;174900.773;;;25484.00;2;BETWEEN;
20251110;174900.773;25483.50;;25483.50;2;BID;
20251110;174900.798;;;25483.75;2;BETWEEN;
20251110;174900.798;25483.25;;25483.25;2;BID;
20251110;174900.810;;25484.00;25484.00;3;ASK;
20251110;174900.810;;;25483.50;2;BETWEEN;
20251110;174900.808;;;25483.75;2;BETWEEN;
20251110;174900.808;25483.25;;25483.25;2;BID;
20251110;174900.808;;25483.75;25483.75;1;ASK;
20251110;174900.855;;25483.75;25483.75;3;ASK;
20251110;174900.855;25483.25;;25483.25;1;BID;
20251110;174900.956;;25483.75;25483.75;6;ASK;
20251110;174900.984;;25483.75;25483.75;8;ASK;
20251110;174900.984;25483.00;;25483.00;4;BID;
20251110;174900.947;;25483.75;25483.75;5;ASK;
20251110;174900.947;;;25483.50;1;BETWEEN;
20251110;174900.947;25483.50;;25483.50;1;BID;
20251110;174900.948;25483.50;;25483.50;2;BID;
20251110;174900.948;25483.25;;25483.25;2;BID;
20251110;174900.948;25483.25;;25483.25;1;BID;
20251110;174900.948;25483.25;;25483.25;1;BID;
20251110;174900.948;;25483.50;25483.50;4;ASK;
20251110;174900.948;25483.25;;25483.25;1;BID;
20251110;174900.948;25483.25;;25483.25;1;BID;
20251110;174900.954;25483.25;;25483.25;3;BID;
20251110;174900.954;25482.75;;25482.75;2;BID;
20251110;174900.954;;25483.25;25483.25;1;ASK;
20251110;174900.964;;25483.75;25483.75;5;ASK;
20251110;174900.964;;;25483.50;1;BETWEEN;
20251110;174900.964;25483.50;;25483.50;1;BID;
20251110;174900.984;;25483.75;25483.75;8;ASK;
20251110;174900.984;25483.00;;25483.00;4;BID;
20251110;174901.017;;;25483.50;3;BETWEEN;
20251110;174901.017;25483.00;;25483.00;1;BID;
20251110;174901.048;;;25483.25;3;BETWEEN;
20251110;174901.048;25482.75;;25482.75;3;BID;
20251110;174901.071;;25483.50;25483.50;5;ASK;
20251110;174901.071;;;25483.00;4;BETWEEN;
20251110;174901.117;;25483.50;25483.50;6;ASK;
20251110;174901.118;25483.00;;25483.00;3;BID;
20251110;174901.178;25482.75;;25482.75;2;BID;
20251110;174901.178;25482.25;;25482.25;2;BID;
20251110;174901.165;;25483.00;25483.00;1;ASK;
20251110;174901.165;;;25482.75;4;BETWEEN;
20251110;174901.165;25482.75;;25482.75;1;BID;
20251110;174901.165;25482.75;;25482.75;1;BID;
20251110;174901.165;25482.75;;25482.75;1;BID;
20251110;174901.165;25482.75;;25482.75;1;BID;
20251110;174901.165;25482.50;;25482.50;1;BID;
20251110;174901.165;25482.50;;25482.50;1;BID;
20251110;174901.165;25482.50;;25482.50;1;BID;
20251110;174901.165;25482.50;;25482.50;1;BID;
20251110;174901.168;25482.75;;25482.75;2;BID;
20251110;174901.168;25482.50;;25482.50;1;BID;
20251110;174901.168;25482.50;;25482.50;1;BID;
20251110;174901.174;25482.50;;25482.50;1;BID;
20251110;174901.174;25482.00;;25482.00;5;BID;
20251110;174901.174;;25482.50;25482.50;1;ASK;
20251110;174901.198;;25482.75;25482.75;5;ASK;
20251110;174901.198;25482.00;;25482.00;6;BID;
20251110;174901.220;25482.00;;25482.00;7;BID;
20251110;174901.260;;;25482.50;3;BETWEEN;
20251110;174901.260;25482.00;;25482.00;3;BID;
20251110;174901.283;;25482.50;25482.50;4;ASK;
20251110;174901.385;;25482.75;25482.75;4;ASK;
20251110;174901.385;25482.00;;25482.00;6;BID;
20251110;174901.411;;25483.00;25483.00;4;ASK;
20251110;174901.411;;;25482.25;4;BETWEEN;
20251110;174901.441;;;25482.50;1;BETWEEN;
20251110;174901.513;;;25482.75;6;BETWEEN;
20251110;174901.513;25482.00;;25482.00;4;BID;
20251110;174901.493;;25483.00;25483.00;4;ASK;
20251110;174901.493;;;25482.50;1;BETWEEN;
20251110;174901.493;25482.50;;25482.50;1;BID;
20251110;174901.541;;;25482.75;3;BETWEEN;
20251110;174901.541;25482.00;;25482.00;7;BID;
20251110;174901.625;;;25482.25;2;BETWEEN;
20251110;174901.654;;25483.00;25483.00;3;ASK;
20251110;174901.654;25482.25;;25482.25;5;BID;
20251110;174901.652;;25483.00;25483.00;4;ASK;
20251110;174901.652;;25483.00;25483.00;1;ASK;
20251110;174901.654;;25483.00;25483.00;3;ASK;
20251110;174901.687;;25483.25;25483.25;3;ASK;
20251110;174901.687;;;25482.75;1;BETWEEN;
20251110;174901.704;25482.75;;25482.75;2;BID;
20251110;174901.785;25482.75;;25482.75;1;BID;
20251110;174901.807;;;25483.00;3;BETWEEN;
20251110;174901.807;25482.25;;25482.25;4;BID;
20251110;174901.967;;;25482.50;1;BETWEEN;
20251110;174901.997;;25483.25;25483.25;1;ASK;
20251110;174901.997;;;25482.75;4;BETWEEN;
20251110;174902.000;;25483.25;25483.25;3;ASK;
20251110;174902.000;;;25483.00;1;BETWEEN;
20251110;174902.000;25483.00;;25483.00;1;BID;
20251110;174902.013;;25483.25;25483.25;4;ASK;
20251110;174902.013;25482.75;;25482.75;1;BID;
20251110;174902.110;25482.75;;25482.75;1;BID;
20251110;174902.110;25482.50;;25482.50;2;BID;
20251110;174902.135;;25482.75;25482.75;4;ASK;
20251110;174902.135;25482.25;;25482.25;3;BID;
20251110;174902.108;;25483.25;25483.25;4;ASK;
20251110;174902.108;;;25482.75;1;BETWEEN;
20251110;174902.108;25482.75;;25482.75;1;BID;
20251110;174902.135;25482.75;;25482.75;4;BID;
20251110;174902.135;25482.25;;25482.25;3;BID;
20251110;174902.180;;25483.00;25483.00;3;ASK;
20251110;174902.180;;;25482.50;1;BETWEEN;
20251110;174902.206;25482.50;;25482.50;2;BID;
20251110;174902.206;25482.00;;25482.00;2;BID;
20251110;174902.243;25481.25;;25481.25;3;BID;
20251110;174902.243;25480.75;;25480.75;1;BID;
20251110;174902.223;;25482.25;25482.25;2;ASK;
20251110;174902.223;;;25482.00;3;BETWEEN;
20251110;174902.223;25482.00;;25482.00;1;BID;
20251110;174902.223;25482.00;;25482.00;2;BID;
20251110;174902.223;25482.00;;25482.00;1;BID;
20251110;174902.223;25482.00;;25482.00;1;BID;
20251110;174902.228;25481.75;;25481.75;2;BID;
20251110;174902.228;25481.50;;25481.50;3;BID;
20251110;174902.228;25481.50;;25481.50;1;BID;
20251110;174902.228;25481.50;;25481.50;2;BID;
20251110;174902.235;25480.75;;25480.75;1;BID;
20251110;174902.235;25480.50;;25480.50;1;BID;
20251110;174902.235;;25480.75;25480.75;1;ASK;
20251110;174902.239;25480.50;;25480.50;2;BID;
20251110;174902.239;;25480.75;25480.75;1;ASK;
20251110;174902.239;;25481.00;25481.00;1;ASK;
20251110;174902.239;;25481.00;25481.00;1;ASK;
20251110;174902.262;;25481.50;25481.50;1;ASK;
20251110;174902.262;;;25481.00;6;BETWEEN;
20251110;174902.262;;25481.50;25481.50;1;ASK;
20251110;174902.271;;25482.00;25482.00;1;ASK;
20251110;174902.271;;;25481.50;3;BETWEEN;
20251110;174902.304;;25482.25;25482.25;4;ASK;
20251110;174902.304;25481.50;;25481.50;4;BID;
20251110;174902.334;;;25482.00;2;BETWEEN;
20251110;174902.334;25481.50;;25481.50;2;BID;
20251110;174902.388;;25482.50;25482.50;4;ASK;
20251110;174902.388;;;25482.00;2;BETWEEN;
20251110;174902.398;;25483.00;25483.00;3;ASK;
20251110;174902.398;;;25482.50;3;BETWEEN;
20251110;174902.398;;25483.00;25483.00;1;ASK;
20251110;174902.412;;25483.25;25483.25;3;ASK;
20251110;174902.412;;;25482.75;2;BETWEEN;
20251110;174902.448;;;25483.00;2;BETWEEN;
20251110;174902.448;25482.50;;25482.50;3;BID;
20251110;174902.477;25482.50;;25482.50;3;BID;
20251110;174902.477;25482.00;;25482.00;1;BID;
20251110;174902.508;;;25482.25;1;BETWEEN;
20251110;174902.508;25481.75;;25481.75;2;BID;
20251110;174902.541;;25482.25;25482.25;3;ASK;
20251110;174902.528;;25482.50;25482.50;4;ASK;
20251110;174902.528;25481.75;;25481.75;4;BID;
20251110;174902.528;25481.75;;25481.75;1;BID;
20251110;174902.557;;;25482.25;3;BETWEEN;
20251110;174902.557;25481.50;;25481.50;6;BID;
20251110;174902.578;;;25481.75;3;BETWEEN;
20251110;174902.626;;;25482.00;3;BETWEEN;
20251110;174902.626;25481.50;;25481.50;1;BID;
20251110;174902.635;25481.25;;25481.25;5;BID;
20251110;174902.688;25481.25;;25481.25;6;BID;
20251110;174902.720;;;25481.50;3;BETWEEN;
20251110;174902.720;25481.00;;25481.00;1;BID;
20251110;174902.746;;25482.00;25482.00;3;ASK;
20251110;174902.746;;;25481.50;3;BETWEEN;
20251110;174902.768;25481.50;;25481.50;2;BID;
20251110;174902.788;;25482.00;25482.00;4;ASK;
20251110;174902.788;25481.25;;25481.25;5;BID;
20251110;174902.782;;25482.00;25482.00;3;ASK;
20251110;174902.782;;;25481.50;2;BETWEEN;
20251110;174902.782;25481.50;;25481.50;1;BID;
20251110;174902.788;;25482.00;25482.00;4;ASK;
20251110;174902.788;25481.25;;25481.25;5;BID;
20251110;174902.842;;25482.00;25482.00;3;ASK;
20251110;174902.842;25481.25;;25481.25;3;BID;
20251110;174902.862;;;25481.50;2;BETWEEN;
20251110;174902.878;;25482.25;25482.25;4;ASK;
20251110;174902.878;;;25481.75;1;BETWEEN;
20251110;174902.958;25481.75;;25481.75;1;BID;
20251110;174902.958;25481.25;;25481.25;2;BID;
20251110;174902.985;25481.25;;25481.25;3;BID;
20251110;174903.024;;25481.75;25481.75;2;ASK;
20251110;174903.024;25481.25;;25481.25;2;BID;
20251110;174903.058;;;25481.50;6;BETWEEN;
20251110;174903.058;25481.00;;25481.00;1;BID;
20251110;174903.041;;25481.75;25481.75;7;ASK;
20251110;174903.041;;;25481.25;1;BETWEEN;
20251110;174903.041;25481.25;;25481.25;1;BID;
20251110;174903.074;25481.25;;25481.25;1;BID;
20251110;174903.074;25481.00;;25481.00;1;BID;
20251110;174903.074;25481.00;;25481.00;1;BID;
20251110;174903.100;;25481.50;25481.50;4;ASK;
20251110;174903.100;25480.75;;25480.75;5;BID;
20251110;174903.119;;;25481.25;2;BETWEEN;
20251110;174903.119;25480.75;;25480.75;2;BID;
20251110;174903.169;;25481.50;25481.50;4;ASK;
20251110;174903.169;25480.75;;25480.75;4;BID;
20251110;174903.202;;25481.75;25481.75;6;ASK;
20251110;174903.202;;;25481.00;7;BETWEEN;
20251110;174903.239;;;25481.50;4;BETWEEN;
20251110;174903.239;25481.00;;25481.00;3;BID;
20251110;174903.264;;25481.50;25481.50;2;ASK;
20251110;174903.264;25481.00;;25481.00;5;BID;
20251110;174903.290;25481.00;;25481.00;3;BID;
20251110;174903.332;;25481.50;25481.50;3;ASK;
20251110;174903.332;25481.00;;25481.00;1;BID;
20251110;174903.393;;;25481.25;2;BETWEEN;
20251110;174903.393;25480.75;;25480.75;2;BID;
20251110;174903.414;;25481.50;25481.50;4;ASK;
20251110;174903.414;;;25481.00;3;BETWEEN;
20251110;174903.403;25481.00;;25481.00;4;BID;
20251110;174903.403;25480.75;;25480.75;1;BID;
20251110;174903.403;;25481.00;25481.00;1;ASK;
20251110;174903.403;;25481.00;25481.00;1;ASK;
20251110;174903.403;;25481.00;25481.00;1;ASK;
20251110;174903.403;;25481.00;25481.00;1;ASK;
20251110;174903.404;;25481.25;25481.25;1;ASK;
20251110;174903.404;25480.75;;25480.75;6;BID;
20251110;174903.404;;25481.25;25481.25;1;ASK;
20251110;174903.405;;;25481.00;3;BETWEEN;
20251110;174903.405;;25481.25;25481.25;1;ASK;
20251110;174903.406;25481.00;;25481.00;7;BID;
20251110;174903.406;;25481.25;25481.25;1;ASK;
20251110;174903.427;;25481.50;25481.50;4;ASK;
20251110;174903.427;25481.00;;25481.00;2;BID;
20251110;174903.459;;25481.50;25481.50;3;ASK;
20251110;174903.508;;25481.75;25481.75;6;ASK;
20251110;174903.508;;;25481.25;1;BETWEEN;
20251110;174903.543;25481.25;;25481.25;2;BID;
20251110;174903.543;25480.75;;25480.75;3;BID;
20251110;174903.585;;25481.50;25481.50;1;ASK;
20251110;174903.585;;;25481.00;6;BETWEEN;
20251110;174903.586;;25481.50;25481.50;4;ASK;
20251110;174903.586;25481.00;;25481.00;1;BID;
20251110;174903.650;;25481.50;25481.50;2;ASK;
20251110;174903.650;25481.00;;25481.00;5;BID;
20251110;174903.669;;25481.50;25481.50;4;ASK;
20251110;174903.669;25481.00;;25481.00;2;BID;
20251110;174903.685;;25481.50;25481.50;2;ASK;
20251110;174903.685;25481.00;;25481.00;4;BID;
20251110;174903.742;;25481.50;25481.50;1;ASK;
20251110;174903.773;;25481.75;25481.75;7;ASK;
20251110;174903.773;25481.00;;25481.00;6;BID;
20251110;174903.803;;;25481.50;3;BETWEEN;
20251110;174903.803;25480.75;;25480.75;5;BID;
20251110;174903.822;;25481.75;25481.75;7;ASK;
20251110;174903.822;;;25481.00;7;BETWEEN;
20251110;174903.844;;25481.75;25481.75;6;ASK;
20251110;174903.844;;;25481.25;3;BETWEEN;
20251110;174903.867;;25481.75;25481.75;5;ASK;
20251110;174903.867;25481.25;;25481.25;5;BID;
20251110;174903.867;;25481.75;25481.75;2;ASK;
20251110;174903.867;;25481.75;25481.75;3;ASK;
20251110;174903.867;;25481.75;25481.75;1;ASK;
20251110;174903.873;;25482.00;25482.00;9;ASK;
20251110;174903.873;;;25481.50;1;BETWEEN;
20251110;174903.873;25481.50;;25481.50;1;BID;
20251110;174903.890;25481.25;;25481.25;3;BID;
20251110;174903.910;;;25481.50;3;BETWEEN;
20251110;174903.955;25481.50;;25481.50;3;BID;
20251110;174903.955;25480.75;;25480.75;4;BID;
20251110;174903.975;;;25481.00;3;BETWEEN;
20251110;174903.999;;25481.50;25481.50;1;ASK;
20251110;174903.999;25481.00;;25481.00;6;BID;
20251110;174903.955;;25481.50;25481.50;3;ASK;
20251110;174903.955;;;25481.25;1;BETWEEN;
20251110;174903.955;25481.25;;25481.25;1;BID;
20251110;174903.999;;25481.50;25481.50;1;ASK;
20251110;174903.999;25481.00;;25481.00;6;BID;
20251110;174904.064;;25481.50;25481.50;2;ASK;
20251110;174904.064;25481.00;;25481.00;4;BID;
20251110;174904.064;25481.00;;25481.00;1;BID;
20251110;174904.115;;25481.50;25481.50;1;ASK;
20251110;174904.115;25481.00;;25481.00;6;BID;
20251110;174904.136;;;25481.25;1;BETWEEN;
20251110;174904.135;25481.00;;25481.00;7;BID;
20251110;174904.135;25481.00;;25481.00;1;BID;
20251110;174904.136;;;25481.25;1;BETWEEN;
20251110;174904.160;25481.00;;25481.00;7;BID;
20251110;174904.256;;25481.50;25481.50;4;ASK;
20251110;174904.256;25481.00;;25481.00;4;BID;
20251110;174904.288;;;25481.25;2;BETWEEN;
20251110;174904.288;25480.75;;25480.75;3;BID;
20251110;174904.317;25480.50;;25480.50;1;BID;
20251110;174904.317;25480.00;;25480.00;4;BID;
20251110;174904.345;;25481.25;25481.25;4;ASK;
20251110;174904.345;;;25480.50;5;BETWEEN;
20251110;174904.315;25480.50;;25480.50;1;BID;
20251110;174904.315;25480.25;;25480.25;1;BID;
20251110;174904.315;25480.25;;25480.25;1;BID;
20251110;174904.315;25480.00;;25480.00;1;BID;
20251110;174904.315;25480.00;;25480.00;1;BID;
20251110;174904.315;25480.00;;25480.00;1;BID;
20251110;174904.345;;25481.25;25481.25;4;ASK;
20251110;174904.345;;;25480.50;5;BETWEEN;
20251110;174904.405;;25481.25;25481.25;2;ASK;
20251110;174904.405;;;25480.75;1;BETWEEN;
20251110;174904.426;;25481.25;25481.25;3;ASK;
20251110;174904.426;25480.75;;25480.75;1;BID;
20251110;174904.426;25480.50;;25480.50;1;BID;
20251110;174904.426;25480.50;;25480.50;1;BID;
20251110;174904.426;25480.50;;25480.50;1;BID;
20251110;174904.426;25480.50;;25480.50;1;BID;
20251110;174904.426;25480.50;;25480.50;1;BID;
20251110;174904.426;25480.50;;25480.50;1;BID;
20251110;174904.426;25480.50;;25480.50;1;BID;
20251110;174904.430;25480.75;;25480.75;3;BID;
20251110;174904.430;25480.25;;25480.25;2;BID;
20251110;174904.457;;25481.00;25481.00;5;ASK;
20251110;174904.457;;;25480.50;2;BETWEEN;
20251110;174904.470;;25481.00;25481.00;2;ASK;
20251110;174904.512;;;25480.75;3;BETWEEN;
20251110;174904.512;25480.25;;25480.25;2;BID;
20251110;174904.545;;25481.00;25481.00;2;ASK;
20251110;174904.545;;;25480.50;2;BETWEEN;
20251110;174904.579;;25481.50;25481.50;4;ASK;
20251110;174904.579;;;25481.00;1;BETWEEN;
20251110;174904.602;25480.75;;25480.75;1;BID;
20251110;174904.602;25480.25;;25480.25;5;BID;
20251110;174904.624;;25481.00;25481.00;4;ASK;
20251110;174904.624;25480.25;;25480.25;6;BID;
20251110;174904.592;;25481.00;25481.00;3;ASK;
20251110;174904.592;;;25480.75;1;BETWEEN;
20251110;174904.592;25480.75;;25480.75;1;BID;
20251110;174904.608;25480.75;;25480.75;1;BID;
20251110;174904.608;25480.25;;25480.25;5;BID;
20251110;174904.608;;25480.75;25480.75;1;ASK;
20251110;174904.624;;25481.00;25481.00;4;ASK;
20251110;174904.624;25480.25;;25480.25;6;BID;
20251110;174904.656;;25481.00;25481.00;5;ASK;
20251110;174904.656;25480.25;;25480.25;7;BID;
20251110;174904.685;;;25480.75;1;BETWEEN;
20251110;174904.685;25480.25;;25480.25;6;BID;
20251110;174904.800;;25480.75;25480.75;3;ASK;
20251110;174904.800;25480.25;;25480.25;2;BID;
20251110;174904.845;;25481.00;25481.00;6;ASK;
20251110;174904.845;25480.25;;25480.25;4;BID;
20251110;174904.850;;25481.00;25481.00;4;ASK;
20251110;174904.850;25480.25;;25480.25;6;BID;
20251110;174904.895;;25481.50;25481.50;5;ASK;
20251110;174904.895;;;25480.75;5;BETWEEN;
20251110;174904.924;;;25481.25;2;BETWEEN;
20251110;174904.924;25480.75;;25480.75;2;BID;
20251110;174904.936;;25481.50;25481.50;5;ASK;
20251110;174904.936;25480.75;;25480.75;5;BID;
20251110;174905.001;;25481.50;25481.50;8;ASK;
20251110;174905.001;;;25481.00;3;BETWEEN;
20251110;174905.013;;25481.50;25481.50;6;ASK;
20251110;174905.001;;;25481.25;1;BETWEEN;
20251110;174905.001;25481.00;;25481.00;1;BID;
20251110;174905.001;;25481.25;25481.25;1;ASK;
20251110;174905.013;;25481.50;25481.50;6;ASK;
20251110;174905.013;25481.00;;25481.00;3;BID;
20251110;174905.093;25481.00;;25481.00;4;BID;
20251110;174905.093;;25481.50;25481.50;1;ASK;
20251110;174905.093;;25481.50;25481.50;5;ASK;
20251110;174905.123;;25481.75;25481.75;3;ASK;
20251110;174905.123;25481.00;;25481.00;5;BID;
20251110;174905.150;;25481.75;25481.75;4;ASK;
20251110;174905.169;;;25481.50;3;BETWEEN;
20251110;174905.169;25481.00;;25481.00;3;BID;
20251110;174905.149;;25481.75;25481.75;3;ASK;
20251110;174905.149;25481.00;;25481.00;5;BID;
20251110;174905.149;25481.00;;25481.00;1;BID;
20251110;174905.196;;;25481.50;4;BETWEEN;
20251110;174905.196;25480.75;;25480.75;6;BID;
20251110;174905.225;;25481.75;25481.75;4;ASK;
20251110;174905.225;;;25481.00;3;BETWEEN;
20251110;174905.243;;;25481.25;1;BETWEEN;
20251110;174905.255;;25481.75;25481.75;1;ASK;
20251110;174905.255;25481.25;;25481.25;4;BID;
20251110;174905.255;;25481.75;25481.75;1;ASK;
20251110;174905.275;;25482.00;25482.00;2;ASK;
20251110;174905.275;;;25481.50;5;BETWEEN;
20251110;174905.308;;25483.00;25483.00;2;ASK;
20251110;174905.308;;;25482.50;3;BETWEEN;
20251110;174905.280;25482.00;;25482.00;2;BID;
20251110;174905.280;25481.75;;25481.75;2;BID;
20251110;174905.280;;25482.00;25482.00;1;ASK;
20251110;174905.280;;25482.00;25482.00;1;ASK;
20251110;174905.308;;25483.00;25483.00;2;ASK;
20251110;174905.308;;;25482.50;3;BETWEEN;
20251110;174905.327;;25483.00;25483.00;3;ASK;
20251110;174905.327;25482.50;;25482.50;2;BID;
20251110;174905.401;;25483.25;25483.25;2;ASK;
20251110;174905.401;;;25482.75;3;BETWEEN;
20251110;174905.410;;25483.25;25483.25;4;ASK;
20251110;174905.410;25482.50;;25482.50;6;BID;
20251110;174905.463;;25483.25;25483.25;2;ASK;
20251110;174905.463;;;25482.75;3;BETWEEN;
20251110;174905.484;;25483.25;25483.25;5;ASK;
20251110;174905.484;25482.75;;25482.75;1;BID;
20251110;174905.523;;25483.25;25483.25;4;ASK;
20251110;174905.523;25482.50;;25482.50;6;BID;
20251110;174905.536;;25483.50;25483.50;5;ASK;
20251110;174905.536;;;25482.75;5;BETWEEN;
20251110;174905.593;25482.75;;25482.75;6;BID;
20251110;174905.678;25482.75;;25482.75;5;BID;
20251110;174905.713;;25483.50;25483.50;4;ASK;
20251110;174905.713;25482.75;;25482.75;4;BID;
20251110;174905.736;;;25483.00;1;BETWEEN;
20251110;174905.859;;25483.75;25483.75;5;ASK;
20251110;174905.859;;;25483.25;2;BETWEEN;
20251110;174905.861;;25483.75;25483.75;1;ASK;
20251110;174905.861;25483.25;;25483.25;4;BID;
20251110;174905.861;;25483.75;25483.75;1;ASK;
20251110;174905.889;;25484.75;25484.75;6;ASK;
20251110;174905.889;;;25484.00;2;BETWEEN;
20251110;174905.920;25483.75;;25483.75;3;BID;
20251110;174905.920;25483.25;;25483.25;1;BID;
20251110;174905.862;;25484.00;25484.00;1;ASK;
20251110;174905.862;;;25483.50;4;BETWEEN;
20251110;174905.862;;25484.00;25484.00;1;ASK;
20251110;174905.864;;25484.25;25484.25;3;ASK;
20251110;174905.864;;;25484.00;1;BETWEEN;
20251110;174905.864;;25484.25;25484.25;1;ASK;
20251110;174905.864;;25484.25;25484.25;1;ASK;
20251110;174905.864;;25484.25;25484.25;1;ASK;
20251110;174905.864;25484.00;;25484.00;2;BID;
20251110;174905.864;;25484.25;25484.25;1;ASK;
20251110;174905.920;25483.75;;25483.75;3;BID;
20251110;174905.920;25483.25;;25483.25;1;BID;
20251110;174905.949;;;25483.50;5;BETWEEN;
20251110;174905.949;25482.75;;25482.75;5;BID;
20251110;174905.986;;25483.50;25483.50;4;ASK;
20251110;174905.986;25482.75;;25482.75;6;BID;
20251110;174906.002;25482.75;;25482.75;5;BID;
20251110;174906.042;;;25483.00;1;BETWEEN;
20251110;174906.072;25483.00;;25483.00;3;BID;
20251110;174906.113;;;25483.25;3;BETWEEN;
20251110;174906.113;25482.50;;25482.50;5;BID;
20251110;174906.118;;;25482.75;1;BETWEEN;
20251110;174906.166;;25483.25;25483.25;2;ASK;
20251110;174906.166;25482.75;;25482.75;4;BID;
20251110;174906.194;;25483.25;25483.25;4;ASK;
20251110;174906.194;25482.50;;25482.50;5;BID;
20251110;174906.224;;;25482.75;3;BETWEEN;
20251110;174906.224;25482.25;;25482.25;1;BID;
20251110;174906.254;;25482.75;25482.75;2;ASK;
20251110;174906.254;25482.25;;25482.25;2;BID;
20251110;174906.283;;25482.75;25482.75;3;ASK;
20251110;174906.283;25482.25;;25482.25;3;BID;
20251110;174906.347;25482.25;;25482.25;1;BID;
20251110;174906.374;;25483.00;25483.00;5;ASK;
20251110;174906.374;25482.25;;25482.25;4;BID;
20251110;174906.432;;;25482.75;3;BETWEEN;
20251110;174906.432;25482.25;;25482.25;2;BID;
20251110;174906.439;25482.25;;25482.25;1;BID;
20251110;174906.463;25482.00;;25482.00;7;BID;
20251110;174906.498;;25483.00;25483.00;4;ASK;
20251110;174906.498;;;25482.50;1;BETWEEN;
20251110;174906.574;;25483.00;25483.00;2;ASK;
20251110;174906.574;25482.50;;25482.50;2;BID;
20251110;174906.595;;25483.25;25483.25;4;ASK;
20251110;174906.595;25482.50;;25482.50;5;BID;
20251110;174906.643;25482.50;;25482.50;4;BID;
20251110;174906.674;25482.50;;25482.50;3;BID;
20251110;174906.696;;25483.25;25483.25;3;ASK;
20251110;174906.696;;;25482.75;1;BETWEEN;
20251110;174906.721;;25483.25;25483.25;4;ASK;
20251110;174906.721;25482.50;;25482.50;5;BID;
20251110;174906.766;;;25483.00;2;BETWEEN;
20251110;174906.766;25482.25;;25482.25;5;BID;
20251110;174906.765;;;25482.75;2;BETWEEN;
20251110;174906.765;;;25482.50;4;BETWEEN;
20251110;174906.765;;25482.75;25482.75;2;ASK;
20251110;174906.766;;25483.00;25483.00;2;ASK;
20251110;174906.766;25482.25;;25482.25;5;BID;
20251110;174906.792;;25483.00;25483.00;3;ASK;
20251110;174906.792;;;25482.50;1;BETWEEN;
20251110;174906.819;25482.25;;25482.25;6;BID;
20251110;174906.872;25482.25;;25482.25;4;BID;
20251110;174906.893;25482.25;;25482.25;4;BID;
20251110;174906.893;25482.00;;25482.00;1;BID;
20251110;174906.894;25482.00;;25482.00;1;BID;
20251110;174906.895;25482.00;;25482.00;1;BID;
20251110;174906.895;25481.50;;25481.50;5;BID;
20251110;174906.895;;25482.00;25482.00;1;ASK;
20251110;174906.911;;25482.25;25482.25;2;ASK;
20251110;174906.911;;;25481.75;2;BETWEEN;
20251110;174906.932;;25482.25;25482.25;3;ASK;
20251110;174906.956;25481.75;;25481.75;1;BID;
20251110;174907.015;;25482.75;25482.75;4;ASK;
20251110;174907.015;;;25482.25;3;BETWEEN;
20251110;174907.037;25482.00;;25482.00;4;BID;
20251110;174907.064;;25482.75;25482.75;2;ASK;
20251110;174907.064;;;25482.25;2;BETWEEN;
20251110;174907.125;;25482.75;25482.75;3;ASK;
20251110;174907.125;25482.00;;25482.00;4;BID;
20251110;174907.152;25482.00;;25482.00;6;BID;
20251110;174907.250;;25483.25;25483.25;4;ASK;
20251110;174907.250;;;25482.50;4;BETWEEN;
20251110;174907.261;25482.50;;25482.50;3;BID;
20251110;174907.309;25482.50;;25482.50;5;BID;
20251110;174907.317;;25483.25;25483.25;5;ASK;
20251110;174907.317;25482.50;;25482.50;4;BID;
20251110;174907.372;;25483.50;25483.50;4;ASK;
20251110;174907.372;;;25482.75;4;BETWEEN;
20251110;174907.357;;;25483.25;5;BETWEEN;
20251110;174907.357;25482.50;;25482.50;4;BID;
20251110;174907.357;;25483.25;25483.25;1;ASK;
20251110;174907.372;;25483.50;25483.50;4;ASK;
20251110;174907.372;;;25482.75;4;BETWEEN;
20251110;174907.402;;;25483.25;2;BETWEEN;
20251110;174907.426;;25483.50;25483.50;6;ASK;
20251110;174907.473;;25483.75;25483.75;3;ASK;
20251110;174907.473;;;25483.00;4;BETWEEN;
20251110;174907.489;;;25483.50;3;BETWEEN;
20251110;174907.489;25483.00;;25483.00;1;BID;
20251110;174907.538;;25483.50;25483.50;2;ASK;
20251110;174907.581;;25483.75;25483.75;5;ASK;
20251110;174907.581;25483.00;;25483.00;3;BID;
20251110;174907.615;;;25483.50;4;BETWEEN;
20251110;174907.615;25482.75;;25482.75;4;BID;
20251110;174907.629;25482.75;;25482.75;3;BID;
20251110;174907.667;;;25483.25;4;BETWEEN;
20251110;174907.667;25482.75;;25482.75;1;BID;
20251110;174907.671;25482.50;;25482.50;6;BID;
20251110;174907.745;;;25483.00;2;BETWEEN;
20251110;174907.745;25482.50;;25482.50;5;BID;
20251110;174907.770;25481.75;;25481.75;2;BID;
20251110;174907.770;25481.25;;25481.25;3;BID;
20251110;174907.801;;25481.75;25481.75;4;ASK;
20251110;174907.809;25481.25;;25481.25;1;BID;
20251110;174907.863;;;25481.50;1;BETWEEN;
20251110;174907.864;25481.25;;25481.25;1;BID;
20251110;174907.890;;25481.50;25481.50;2;ASK;
20251110;174907.890;25481.00;;25481.00;3;BID;
20251110;174907.921;;25481.75;25481.75;2;ASK;
20251110;174907.921;;;25481.25;2;BETWEEN;
20251110;174907.954;;25481.75;25481.75;3;ASK;
20251110;174907.954;25481.25;;25481.25;1;BID;
20251110;174907.977;25481.00;;25481.00;5;BID;
20251110;174908.050;;;25481.25;2;BETWEEN;
20251110;174908.068;;25481.75;25481.75;1;ASK;
20251110;174908.068;25481.25;;25481.25;4;BID;
20251110;174908.059;;25481.75;25481.75;2;ASK;
20251110;174908.059;25481.25;;25481.25;2;BID;
20251110;174908.059;;25481.75;25481.75;1;ASK;
20251110;174908.068;;25481.75;25481.75;1;ASK;
20251110;174908.068;25481.25;;25481.25;4;BID;
20251110;174908.110;;25482.25;25482.25;5;ASK;
20251110;174908.110;;;25481.50;4;BETWEEN;
20251110;174908.141;;25482.25;25482.25;6;ASK;
20251110;174908.141;25481.50;;25481.50;5;BID;
20251110;174908.160;;25482.25;25482.25;4;ASK;
20251110;174908.213;;25482.25;25482.25;2;ASK;
20251110;174908.213;;;25481.75;2;BETWEEN;
20251110;174908.221;;25482.25;25482.25;3;ASK;
20251110;174908.221;;25482.25;25482.25;1;ASK;
20251110;174908.312;;25482.50;25482.50;5;ASK;
20251110;174908.312;25481.75;;25481.75;3;BID;
20251110;174908.328;;;25482.00;1;BETWEEN;
20251110;174908.355;25481.75;;25481.75;3;BID;
20251110;174908.400;;;25482.25;4;BETWEEN;
20251110;174908.400;25481.50;;25481.50;6;BID;
20251110;174908.459;;25482.25;25482.25;5;ASK;
20251110;174908.486;;25482.50;25482.50;6;ASK;
20251110;174908.486;;;25481.75;4;BETWEEN;
20251110;174908.455;;;25482.00;3;BETWEEN;
20251110;174908.455;25481.50;;25481.50;2;BID;
20251110;174908.455;;25482.00;25482.00;1;ASK;
20251110;174908.455;;25482.00;25482.00;1;ASK;
20251110;174908.486;;25482.50;25482.50;6;ASK;
20251110;174908.486;;;25481.75;4;BETWEEN;
20251110;174908.508;;;25482.25;2;BETWEEN;
20251110;174908.508;25481.75;;25481.75;3;BID;
20251110;174908.605;;25482.50;25482.50;7;ASK;
20251110;174908.606;;25482.50;25482.50;6;ASK;
20251110;174908.666;;;25482.25;3;BETWEEN;
20251110;174908.678;25481.75;;25481.75;2;BID;
20251110;174908.727;25481.75;;25481.75;3;BID;
20251110;174908.727;25481.00;;25481.00;10;BID;
20251110;174908.752;;;25481.25;1;BETWEEN;
20251110;174908.875;;25484.00;25484.00;4;ASK;
20251110;174908.875;;;25483.50;1;BETWEEN;
20251110;174908.905;;;25483.75;3;BETWEEN;
20251110;174908.905;25483.25;;25483.25;4;BID;
20251110;174908.854;25482.00;;25482.00;5;BID;
20251110;174908.854;25481.50;;25481.50;2;BID;
20251110;174908.854;;25482.00;25482.00;1;ASK;
20251110;174908.854;;25482.00;25482.00;3;ASK;
20251110;174908.854;25481.50;;25481.50;3;BID;
20251110;174908.854;;25482.00;25482.00;1;ASK;
20251110;174908.855;;25482.25;25482.25;2;ASK;
20251110;174908.855;;;25481.75;5;BETWEEN;
20251110;174908.855;;25482.25;25482.25;1;ASK;
20251110;174908.855;;25482.25;25482.25;1;ASK;
20251110;174908.857;;25482.50;25482.50;2;ASK;
20251110;174908.857;;;25482.25;2;BETWEEN;
20251110;174908.857;;25482.50;25482.50;1;ASK;
20251110;174908.858;;25482.50;25482.50;1;ASK;
20251110;174908.858;;25482.50;25482.50;1;ASK;
20251110;174908.905;;25483.75;25483.75;3;ASK;
20251110;174908.905;;;25483.25;4;BETWEEN;
20251110;174908.910;;25483.75;25483.75;4;ASK;
20251110;174908.910;25483.25;;25483.25;3;BID;
20251110;174908.952;25483.25;;25483.25;4;BID;
20251110;174908.977;;25483.75;25483.75;3;ASK;
20251110;174909.028;;25484.00;25484.00;6;ASK;
20251110;174909.028;;;25483.50;1;BETWEEN;
20251110;174909.015;;;25483.75;3;BETWEEN;
20251110;174909.015;;25483.75;25483.75;1;ASK;
20251110;174909.015;;25483.75;25483.75;1;ASK;
20251110;174909.015;;25483.75;25483.75;1;ASK;
20251110;174909.016;;25484.00;25484.00;3;ASK;
20251110;174909.016;;;25483.75;2;BETWEEN;
20251110;174909.016;25483.75;;25483.75;1;BID;
20251110;174909.017;;25484.25;25484.25;5;ASK;
20251110;174909.017;25483.75;;25483.75;1;BID;
20251110;174909.017;25483.75;;25483.75;1;BID;
20251110;174909.017;25483.75;;25483.75;1;BID;
20251110;174909.028;;;25484.00;6;BETWEEN;
20251110;174909.028;25483.50;;25483.50;1;BID;
20251110;174909.058;;25484.00;25484.00;5;ASK;
20251110;174909.058;25483.50;;25483.50;2;BID;
20251110;174909.100;;25484.50;25484.50;5;ASK;
20251110;174909.100;;;25483.75;4;BETWEEN;
20251110;174909.097;;25485.00;25485.00;5;ASK;
20251110;174909.097;;;25484.50;2;BETWEEN;
20251110;174909.097;25484.50;;25484.50;1;BID;
20251110;174909.100;25484.50;;25484.50;5;BID;
20251110;174909.100;25483.75;;25483.75;4;BID;
20251110;174909.124;;;25484.00;4;BETWEEN;
20251110;174909.124;25483.50;;25483.50;1;BID;
20251110;174909.205;;;25483.75;3;BETWEEN;
20251110;174909.205;25483.25;;25483.25;3;BID;
20251110;174909.224;;25483.75;25483.75;1;ASK;
20251110;174909.224;25483.25;;25483.25;2;BID;
20251110;174909.286;;25484.00;25484.00;5;ASK;
20251110;174909.286;;;25483.50;1;BETWEEN;
20251110;174909.330;;;25483.75;1;BETWEEN;
20251110;174909.330;25483.25;;25483.25;3;BID;
20251110;174909.401;;25483.75;25483.75;4;ASK;
20251110;174909.401;25483.25;;25483.25;2;BID;
20251110;174909.403;;25483.75;25483.75;2;ASK;
20251110;174909.454;;;25483.50;2;BETWEEN;
20251110;174909.454;25483.00;;25483.00;4;BID;
20251110;174909.474;;25483.75;25483.75;3;ASK;
20251110;174909.474;;;25483.25;2;BETWEEN;
20251110;174909.568;25483.25;;25483.25;1;BID;
20251110;174909.587;;;25483.50;4;BETWEEN;
20251110;174909.587;25482.75;;25482.75;4;BID;
20251110;174909.570;;25483.75;25483.75;3;ASK;
20251110;174909.570;;;25483.25;1;BETWEEN;
20251110;174909.570;25483.25;;25483.25;1;BID;
20251110;174909.587;;;25483.50;4;BETWEEN;
20251110;174909.587;25482.75;;25482.75;4;BID;
20251110;174909.617;;;25483.25;2;BETWEEN;
20251110;174909.617;25482.75;;25482.75;3;BID;
20251110;174909.673;;25483.50;25483.50;4;ASK;
20251110;174909.673;25482.75;;25482.75;4;BID;
20251110;174909.701;;25483.75;25483.75;4;ASK;
20251110;174909.701;;;25483.25;1;BETWEEN;
20251110;174909.748;25483.25;;25483.25;2;BID;
20251110;174909.748;25482.75;;25482.75;2;BID;
20251110;174909.772;;25483.50;25483.50;3;ASK;
20251110;174909.772;;;25483.00;3;BETWEEN;
20251110;174909.789;25483.00;;25483.00;1;BID;
20251110;174909.747;;;25483.25;1;BETWEEN;
20251110;174909.747;25483.25;;25483.25;1;BID;
20251110;174909.789;25483.00;;25483.00;1;BID;
20251110;174909.813;;25483.50;25483.50;4;ASK;
20251110;174909.813;25482.75;;25482.75;6;BID;
20251110;174909.873;;;25483.00;2;BETWEEN;
20251110;174909.873;25482.50;;25482.50;2;BID;
20251110;174909.905;;;25482.75;1;BETWEEN;
20251110;174909.905;25482.25;;25482.25;4;BID;
20251110;174909.923;25482.25;;25482.25;3;BID;
20251110;174910.033;;25483.25;25483.25;3;ASK;
20251110;174910.033;;;25482.75;1;BETWEEN;
20251110;174910.096;;25483.25;25483.25;2;ASK;
20251110;174910.117;;;25483.00;2;BETWEEN;
20251110;174910.117;25482.50;;25482.50;3;BID;
20251110;174910.096;;25483.25;25483.25;3;ASK;
20251110;174910.096;;;25482.75;1;BETWEEN;
20251110;174910.096;;25483.25;25483.25;1;ASK;
20251110;174910.152;;25483.75;25483.75;1;ASK;
20251110;174910.152;;;25483.25;3;BETWEEN;
20251110;174910.166;25483.25;;25483.25;2;BID;
20251110;174910.211;;;25483.50;2;BETWEEN;
20251110;174910.211;25483.00;;25483.00;2;BID;
20251110;174910.242;;25483.75;25483.75;5;ASK;
20251110;174910.242;25483.00;;25483.00;4;BID;
20251110;174910.271;;25483.75;25483.75;6;ASK;
20251110;174910.271;;;25483.25;1;BETWEEN;
20251110;174910.301;;25483.75;25483.75;1;ASK;
20251110;174910.301;25483.25;;25483.25;3;BID;
20251110;174910.370;25483.25;;25483.25;4;BID;
20251110;174910.387;;;25483.50;1;BETWEEN;
20251110;174910.387;;25483.75;25483.75;1;ASK;
20251110;174910.389;;25484.25;25484.25;2;ASK;
20251110;174910.389;;;25483.75;3;BETWEEN;
20251110;174910.389;;25484.25;25484.25;1;ASK;
20251110;174910.389;;25484.25;25484.25;1;ASK;
20251110;174910.391;;25484.50;25484.50;1;ASK;
20251110;174910.391;;;25484.00;4;BETWEEN;
20251110;174910.391;;25484.50;25484.50;1;ASK;
20251110;174910.406;;25486.00;25486.00;7;ASK;
20251110;174910.406;;;25485.50;9;BETWEEN;
20251110;174910.436;;25486.75;25486.75;3;ASK;
20251110;174910.436;;;25486.25;4;BETWEEN;
20251110;174910.397;25485.00;;25485.00;3;BID;
20251110;174910.397;25484.75;;25484.75;3;BID;
20251110;174910.397;;25485.00;25485.00;1;ASK;
20251110;174910.397;;25485.00;25485.00;1;ASK;
20251110;174910.397;;25485.00;25485.00;1;ASK;
20251110;174910.398;;25485.25;25485.25;3;ASK;
20251110;174910.398;;;25485.00;1;BETWEEN;
20251110;174910.398;;25485.25;25485.25;1;ASK;
20251110;174910.398;;25485.25;25485.25;1;ASK;
20251110;174910.398;;25485.25;25485.25;1;ASK;
20251110;174910.403;;25485.75;25485.75;1;ASK;
20251110;174910.403;;;25485.50;1;BETWEEN;
20251110;174910.403;;25485.75;25485.75;1;ASK;
20251110;174910.404;;25486.00;25486.00;8;ASK;
20251110;174910.404;25485.50;;25485.50;2;BID;
20251110;174910.404;;25486.00;25486.00;1;ASK;
20251110;174910.407;;25486.00;25486.00;6;ASK;
20251110;174910.407;;;25485.75;2;BETWEEN;
20251110;174910.407;;25486.00;25486.00;1;ASK;
20251110;174910.407;;25486.00;25486.00;5;ASK;
20251110;174910.407;;25486.00;25486.00;1;ASK;
20251110;174910.407;;25486.00;25486.00;4;ASK;
20251110;174910.407;;25486.00;25486.00;1;ASK;
20251110;174910.407;;25486.00;25486.00;3;ASK;
20251110;174910.407;25485.75;;25485.75;3;BID;
20251110;174910.407;;25486.00;25486.00;2;ASK;
20251110;174910.407;;25486.00;25486.00;1;ASK;
20251110;174910.407;;25486.25;25486.25;3;ASK;
20251110;174910.407;;25486.25;25486.25;1;ASK;
20251110;174910.407;;25486.25;25486.25;2;ASK;
20251110;174910.407;;25486.50;25486.50;1;ASK;
20251110;174910.407;;25486.75;25486.75;1;ASK;
20251110;174910.407;;25486.75;25486.75;1;ASK;
20251110;174910.407;;25487.00;25487.00;1;ASK;
20251110;174910.410;;25487.00;25487.00;5;ASK;
20251110;174910.410;;;25486.00;5;BETWEEN;
20251110;174910.410;25486.00;;25486.00;1;BID;
20251110;174910.416;;;25486.75;2;BETWEEN;
20251110;174910.416;;;25486.50;2;BETWEEN;
20251110;174910.416;25486.50;;25486.50;1;BID;
20251110;174910.418;;25486.75;25486.75;1;ASK;
20251110;174910.418;25486.50;;25486.50;3;BID;
20251110;174910.418;25486.50;;25486.50;1;BID;
20251110;174910.420;;25486.75;25486.75;4;ASK;
20251110;174910.420;25486.25;;25486.25;2;BID;
20251110;174910.420;;25486.75;25486.75;1;ASK;
20251110;174910.430;;25487.00;25487.00;8;ASK;
20251110;174910.430;;;25486.50;2;BETWEEN;
20251110;174910.430;25486.50;;25486.50;1;BID;
20251110;174910.430;;;25486.75;1;BETWEEN;
20251110;174910.430;25486.50;;25486.50;1;BID;
20251110;174910.430;25486.50;;25486.50;1;BID;
20251110;174910.452;;25486.75;25486.75;3;ASK;
20251110;174910.452;25486.25;;25486.25;2;BID;
20251110;174910.496;25486.25;;25486.25;3;BID;
20251110;174910.495;;25486.75;25486.75;1;ASK;
20251110;174910.495;;;25486.50;1;BETWEEN;
20251110;174910.495;25486.50;;25486.50;1;BID;
20251110;174910.496;;25486.75;25486.75;3;ASK;
20251110;174910.496;25486.25;;25486.25;3;BID;
20251110;174910.522;;25486.75;25486.75;1;ASK;
20251110;174910.522;25486.25;;25486.25;4;BID;
20251110;174910.554;;25486.75;25486.75;3;ASK;
20251110;174910.554;25486.25;;25486.25;2;BID;
20251110;174910.698;;25486.75;25486.75;4;ASK;
20251110;174910.698;25486.00;;25486.00;5;BID;
20251110;174910.751;25485.75;;25485.75;2;BID;
20251110;174910.751;25485.25;;25485.25;4;BID;
20251110;174910.782;;;25485.50;3;BETWEEN;
20251110;174910.782;25485.25;;25485.25;1;BID;
20251110;174910.738;;25486.50;25486.50;4;ASK;
20251110;174910.738;;;25486.00;1;BETWEEN;
20251110;174910.738;25486.00;;25486.00;1;BID;
20251110;174910.741;25486.00;;25486.00;3;BID;
20251110;174910.741;25485.75;;25485.75;1;BID;
20251110;174910.741;25485.75;;25485.75;1;BID;
20251110;174910.787;25485.50;;25485.50;3;BID;
20251110;174910.787;25485.25;;25485.25;1;BID;
20251110;174910.787;25485.25;;25485.25;1;BID;
20251110;174910.811;25485.25;;25485.25;4;BID;
20251110;174910.811;25484.50;;25484.50;4;BID;
20251110;174910.823;25484.50;;25484.50;3;BID;
20251110;174910.870;25484.50;;25484.50;4;BID;
20251110;174910.901;;;25485.00;2;BETWEEN;
20251110;174910.901;25484.50;;25484.50;2;BID;
20251110;174910.963;;;25484.75;3;BETWEEN;
20251110;174910.963;25484.25;;25484.25;2;BID;
20251110;174910.996;;25484.75;25484.75;4;ASK;
20251110;174910.996;25484.25;;25484.25;1;BID;
20251110;174910.996;;25484.75;25484.75;3;ASK;
20251110;174910.996;25484.25;;25484.25;2;BID;
20251110;174910.996;25484.25;;25484.25;1;BID;
20251110;174911.053;;25484.75;25484.75;5;ASK;
20251110;174911.053;25484.00;;25484.00;7;BID;
20251110;174911.087;;;25484.50;2;BETWEEN;
20251110;174911.087;25484.00;;25484.00;3;BID;
20251110;174911.113;;25484.75;25484.75;4;ASK;
20251110;174911.113;;;25484.25;1;BETWEEN;
20251110;174911.142;;;25484.50;3;BETWEEN;
20251110;174911.142;25484.00;;25484.00;3;BID;
20251110;174911.211;;25484.75;25484.75;5;ASK;
20251110;174911.211;25484.00;;25484.00;5;BID;
20251110;174911.210;;;25484.50;2;BETWEEN;
20251110;174911.210;25484.00;;25484.00;3;BID;
20251110;174911.210;;25484.50;25484.50;1;ASK;
20251110;174911.211;;25484.75;25484.75;5;ASK;
20251110;174911.211;25484.00;;25484.00;5;BID;
20251110;174911.230;;;25484.50;3;BETWEEN;
20251110;174911.230;25484.00;;25484.00;3;BID;
20251110;174911.309;;25484.50;25484.50;2;ASK;
20251110;174911.309;25484.00;;25484.00;4;BID;
20251110;174911.395;;25484.75;25484.75;5;ASK;
20251110;174911.409;25484.00;;25484.00;5;BID;
20251110;174911.443;;25484.75;25484.75;4;ASK;
20251110;174911.443;;;25484.25;3;BETWEEN;
20251110;174911.466;25484.00;;25484.00;5;BID;
20251110;174911.512;;;25484.50;1;BETWEEN;
20251110;174911.534;;25484.75;25484.75;4;ASK;
20251110;174911.534;;;25484.25;3;BETWEEN;
20251110;174911.553;25484.25;;25484.25;2;BID;
20251110;174911.616;25484.25;;25484.25;3;BID;
20251110;174911.643;;25484.75;25484.75;1;ASK;
20251110;174911.643;25484.25;;25484.25;4;BID;
20251110;174911.650;;25484.75;25484.75;2;ASK;
20251110;174911.650;25484.25;;25484.25;3;BID;
20251110;174911.704;25484.25;;25484.25;2;BID;
20251110;174911.726;;;25484.50;2;BETWEEN;
20251110;174911.726;25484.00;;25484.00;3;BID;
20251110;174911.746;;25484.75;25484.75;3;ASK;
20251110;174911.746;;;25484.25;1;BETWEEN;
20251110;174911.711;;25484.75;25484.75;4;ASK;
20251110;174911.711;25484.25;;25484.25;2;BID;
20251110;174911.711;;25484.75;25484.75;1;ASK;
20251110;174911.746;;25484.75;25484.75;3;ASK;
20251110;174911.746;25484.25;;25484.25;1;BID;
20251110;174911.784;25484.00;;25484.00;5;BID;
20251110;174911.815;;25484.75;25484.75;1;ASK;
20251110;174911.815;;;25484.25;3;BETWEEN;
20251110;174911.795;;25484.75;25484.75;3;ASK;
20251110;174911.795;25484.00;;25484.00;5;BID;
20251110;174911.795;25484.00;;25484.00;1;BID;
20251110;174911.795;25484.00;;25484.00;1;BID;
20251110;174911.815;;25484.75;25484.75;1;ASK;
20251110;174911.815;;;25484.25;3;BETWEEN;
20251110;174911.845;;25484.75;25484.75;3;ASK;
20251110;174911.845;25484.00;;25484.00;5;BID;
20251110;174911.857;;;25484.50;2;BETWEEN;
20251110;174911.857;25484.00;;25484.00;3;BID;
20251110;174911.894;25484.00;;25484.00;1;BID;
20251110;174911.894;25484.00;;25484.00;1;BID;
20251110;174911.912;25484.00;;25484.00;1;BID;
20251110;174911.938;;25484.50;25484.50;3;ASK;
20251110;174912.085;;25484.75;25484.75;4;ASK;
20251110;174912.085;25484.00;;25484.00;4;BID;
20251110;174912.049;;;25484.50;4;BETWEEN;
20251110;174912.049;25483.75;;25483.75;5;BID;
20251110;174912.049;;25484.50;25484.50;1;ASK;
20251110;174912.085;;25484.75;25484.75;4;ASK;
20251110;174912.085;;;25484.00;4;BETWEEN;
20251110;174912.234;;;25484.25;2;BETWEEN;
20251110;174912.251;;25484.75;25484.75;3;ASK;
20251110;174912.296;;25485.00;25485.00;7;ASK;
20251110;174912.296;25484.25;;25484.25;3;BID;
20251110;174912.309;;25485.00;25485.00;4;ASK;
20251110;174912.396;;;25484.75;3;BETWEEN;
20251110;174912.405;;25485.00;25485.00;4;ASK;
20251110;174912.405;25484.25;;25484.25;4;BID;
20251110;174912.457;;;25484.75;3;BETWEEN;
20251110;174912.457;25484.25;;25484.25;3;BID;
20251110;174912.396;;25485.00;25485.00;4;ASK;
20251110;174912.396;25484.25;;25484.25;1;BID;
20251110;174912.457;;;25484.75;3;BETWEEN;
20251110;174912.505;;;25484.50;1;BETWEEN;
20251110;174912.505;25484.00;;25484.00;3;BID;
20251110;174912.553;;25484.75;25484.75;3;ASK;
20251110;174912.582;;;25484.50;3;BETWEEN;
20251110;174912.655;;25484.50;25484.50;4;ASK;
20251110;174912.655;25483.75;;25483.75;4;BID;
20251110;174912.676;;;25484.00;3;BETWEEN;
20251110;174912.760;25484.00;;25484.00;2;BID;
20251110;174912.769;;25484.50;25484.50;3;ASK;
20251110;174912.835;;25484.50;25484.50;4;ASK;
20251110;174912.835;25483.75;;25483.75;5;BID;
20251110;174912.867;25483.75;;25483.75;4;BID;
20251110;174912.867;25483.25;;25483.25;1;BID;
20251110;174912.849;;25484.00;25484.00;3;ASK;
20251110;174912.849;;;25483.75;1;BETWEEN;
20251110;174912.849;25483.75;;25483.75;1;BID;
20251110;174912.853;25483.75;;25483.75;1;BID;
20251110;174912.853;25483.25;;25483.25;4;BID;
20251110;174912.853;;25483.75;25483.75;1;ASK;
20251110;174912.867;;25483.75;25483.75;4;ASK;
20251110;174912.867;25483.25;;25483.25;1;BID;
20251110;174912.928;;25483.75;25483.75;6;ASK;
20251110;174912.928;25483.25;;25483.25;1;BID;
20251110;174912.929;;;25483.50;5;BETWEEN;
20251110;174912.929;25483.00;;25483.00;2;BID;
20251110;174912.929;;25483.50;25483.50;1;ASK;
20251110;174912.929;;25483.50;25483.50;1;ASK;
20251110;174912.929;;25483.50;25483.50;1;ASK;
20251110;174912.929;;25483.50;25483.50;1;ASK;
20251110;174912.929;;25483.50;25483.50;1;ASK;
20251110;174912.929;;;25483.25;2;BETWEEN;
20251110;174912.929;;25483.50;25483.50;1;ASK;
20251110;174912.984;25483.25;;25483.25;4;BID;
20251110;174912.984;25482.75;;25482.75;1;BID;
20251110;174912.970;;25483.75;25483.75;5;ASK;
20251110;174912.970;;;25483.25;1;BETWEEN;
20251110;174912.970;25483.25;;25483.25;1;BID;
20251110;174912.978;;;25483.50;6;BETWEEN;
20251110;174912.978;25483.00;;25483.00;2;BID;
20251110;174912.978;25483.00;;25483.00;1;BID;
20251110;174912.978;25483.00;;25483.00;1;BID;
20251110;174913.000;25483.00;;25483.00;3;BID;
20251110;174913.000;25482.50;;25482.50;4;BID;
20251110;174913.037;;25483.00;25483.00;2;ASK;
20251110;174913.064;;25483.00;25483.00;1;ASK;
20251110;174913.064;25482.50;;25482.50;3;BID;
20251110;174913.099;;25483.25;25483.25;5;ASK;
20251110;174913.099;;;25482.75;3;BETWEEN;
20251110;174913.134;;25483.25;25483.25;3;ASK;
20251110;174913.134;25482.75;;25482.75;4;BID;
20251110;174913.172;;25483.50;25483.50;4;ASK;
20251110;174913.172;25482.75;;25482.75;5;BID;
20251110;174913.267;;25484.00;25484.00;1;ASK;
20251110;174913.267;;;25483.50;5;BETWEEN;
20251110;174913.254;25483.50;;25483.50;1;BID;
20251110;174913.254;25483.25;;25483.25;2;BID;
20251110;174913.254;;25483.50;25483.50;1;ASK;
20251110;174913.267;;25484.00;25484.00;1;ASK;
20251110;174913.267;;;25483.50;5;BETWEEN;
20251110;174913.364;25483.50;;25483.50;4;BID;
20251110;174913.490;;;25483.75;4;BETWEEN;
20251110;174913.490;25483.25;;25483.25;2;BID;
20251110;174913.520;;25483.75;25483.75;2;ASK;
20251110;174913.520;25483.25;;25483.25;3;BID;
20251110;174913.612;;25484.00;25484.00;4;ASK;
20251110;174913.612;;;25483.50;2;BETWEEN;
20251110;174913.633;;25484.75;25484.75;4;ASK;
20251110;174913.633;;;25484.25;1;BETWEEN;
20251110;174913.667;25484.25;;25484.25;2;BID;
20251110;174913.611;25483.75;;25483.75;2;BID;
20251110;174913.611;25483.50;;25483.50;3;BID;
20251110;174913.611;;25483.75;25483.75;1;ASK;
20251110;174913.612;;25483.75;25483.75;1;ASK;
20251110;174913.612;;25483.75;25483.75;1;ASK;
20251110;174913.621;;25484.00;25484.00;1;ASK;
20251110;174913.621;;;25483.75;2;BETWEEN;
20251110;174913.621;;25484.00;25484.00;1;ASK;
20251110;174913.667;;25484.75;25484.75;4;ASK;
20251110;174913.667;;;25484.25;2;BETWEEN;
20251110;174913.690;;25485.00;25485.00;1;ASK;
20251110;174913.690;;;25484.50;3;BETWEEN;
20251110;174913.743;;25485.00;25485.00;2;ASK;
20251110;174913.743;25484.50;;25484.50;2;BID;
20251110;174913.781;;25485.00;25485.00;1;ASK;
20251110;174913.781;25484.50;;25484.50;4;BID;
20251110;174913.808;;;25484.75;4;BETWEEN;
20251110;174913.808;25484.00;;25484.00;5;BID;
20251110;174913.799;;25484.75;25484.75;2;ASK;
20251110;174913.799;;;25484.50;2;BETWEEN;
20251110;174913.799;25484.50;;25484.50;1;BID;
20251110;174913.808;;25484.75;25484.75;4;ASK;
20251110;174913.808;25484.00;;25484.00;5;BID;
20251110;174913.834;;25485.00;25485.00;5;ASK;
20251110;174913.834;;;25484.25;5;BETWEEN;
20251110;174913.870;;25486.00;25486.00;4;ASK;
20251110;174913.870;;;25485.50;2;BETWEEN;
20251110;174913.853;25485.00;;25485.00;3;BID;
20251110;174913.853;25484.75;;25484.75;2;BID;
20251110;174913.853;;25485.00;25485.00;1;ASK;
20251110;174913.853;;25485.00;25485.00;2;ASK;
20251110;174913.863;;25485.75;25485.75;1;ASK;
20251110;174913.863;;;25485.25;4;BETWEEN;
20251110;174913.863;;25485.75;25485.75;1;ASK;
20251110;174913.870;;25486.00;25486.00;4;ASK;
20251110;174913.870;;;25485.50;2;BETWEEN;
20251110;174913.899;;25486.50;25486.50;5;ASK;
20251110;174913.899;;;25485.75;5;BETWEEN;
20251110;174913.929;;25486.75;25486.75;5;ASK;
20251110;174913.929;;;25486.00;4;BETWEEN;
20251110;174913.890;25486.00;;25486.00;1;BID;
20251110;174913.890;25485.75;;25485.75;4;BID;
20251110;174913.890;;25486.00;25486.00;1;ASK;
20251110;174913.929;;25486.75;25486.75;5;ASK;
20251110;174913.929;;;25486.00;4;BETWEEN;
20251110;174913.935;;25486.75;25486.75;6;ASK;
20251110;174913.935;;;25486.25;1;BETWEEN;
20251110;174913.993;25486.25;;25486.25;3;BID;
20251110;174913.993;25485.75;;25485.75;1;BID;
20251110;174913.969;;25486.75;25486.75;6;ASK;
20251110;174913.969;;;25486.25;1;BETWEEN;
20251110;174913.969;25486.25;;25486.25;1;BID;
20251110;174913.977;25486.25;;25486.25;1;BID;
20251110;174913.977;25486.00;;25486.00;1;BID;
20251110;174913.977;25486.00;;25486.00;1;BID;
20251110;174913.993;;25486.25;25486.25;3;ASK;
20251110;174913.993;25485.75;;25485.75;1;BID;
20251110;174914.052;;25486.25;25486.25;2;ASK;
20251110;174914.052;25485.75;;25485.75;5;BID;
20251110;174914.075;;25486.50;25486.50;5;ASK;
20251110;174914.101;;;25486.00;2;BETWEEN;
20251110;174914.101;25485.50;;25485.50;4;BID;
20251110;174914.192;;25486.25;25486.25;3;ASK;
20251110;174914.192;;;25485.75;3;BETWEEN;
20251110;174914.255;;25486.25;25486.25;4;ASK;
20251110;174914.255;25485.75;;25485.75;2;BID;
20251110;174914.257;25485.50;;25485.50;5;BID;
20251110;174914.440;;25486.50;25486.50;6;ASK;
20251110;174914.440;;;25485.75;5;BETWEEN;
20251110;174914.463;;;25486.25;3;BETWEEN;
20251110;174914.463;25485.75;;25485.75;2;BID;
20251110;174914.499;;;25486.00;2;BETWEEN;
20251110;174914.499;25485.50;;25485.50;5;BID;
20251110;174914.527;;25486.50;25486.50;6;ASK;
20251110;174914.527;;;25485.75;4;BETWEEN;
20251110;174914.492;;;25486.00;2;BETWEEN;
20251110;174914.492;25485.50;;25485.50;2;BID;
20251110;174914.492;;25486.00;25486.00;1;ASK;
20251110;174914.492;;25486.00;25486.00;1;ASK;
20251110;174914.527;;25486.50;25486.50;6;ASK;
20251110;174914.527;;;25485.75;4;BETWEEN;
20251110;174914.553;;25486.50;25486.50;5;ASK;
20251110;174914.553;;;25486.00;1;BETWEEN;
20251110;174914.585;;25486.50;25486.50;4;ASK;
20251110;174914.585;25486.00;;25486.00;2;BID;
20251110;174914.651;;;25486.25;3;BETWEEN;
20251110;174914.651;25485.50;;25485.50;5;BID;
20251110;174914.669;;;25486.00;2;BETWEEN;
20251110;174914.669;25485.50;;25485.50;3;BID;
20251110;174914.697;;25486.25;25486.25;3;ASK;
20251110;174914.697;25485.50;;25485.50;4;BID;
20251110;174914.734;;;25486.00;3;BETWEEN;
20251110;174914.734;25485.50;;25485.50;1;BID;
20251110;174914.692;;25486.00;25486.00;2;ASK;
20251110;174914.692;25485.50;;25485.50;3;BID;
20251110;174914.692;;25486.00;25486.00;1;ASK;
20251110;174914.734;;25486.00;25486.00;3;ASK;
20251110;174914.734;25485.50;;25485.50;1;BID;
20251110;174914.779;;;25485.75;2;BETWEEN;
20251110;174914.779;25485.25;;25485.25;5;BID;
20251110;174914.793;;;25485.50;3;BETWEEN;
20251110;174914.793;25485.00;;25485.00;1;BID;
20251110;174914.865;;25485.50;25485.50;2;ASK;
20251110;174914.865;25485.00;;25485.00;2;BID;
20251110;174914.895;;25485.50;25485.50;4;ASK;
20251110;174914.924;;25485.50;25485.50;3;ASK;
20251110;174914.924;25485.00;;25485.00;3;BID;
20251110;174914.958;;25485.75;25485.75;2;ASK;
20251110;174914.958;;;25485.25;3;BETWEEN;
20251110;174914.967;25485.25;;25485.25;2;BID;
20251110;174915.019;;25486.00;25486.00;3;ASK;
20251110;174915.019;;;25485.50;3;BETWEEN;
20251110;174915.037;25485.50;;25485.50;2;BID;
20251110;174915.251;;25486.25;25486.25;3;ASK;
20251110;174915.251;;;25485.75;2;BETWEEN;
20251110;174915.259;;25486.25;25486.25;1;ASK;
20251110;174915.304;;;25486.00;2;BETWEEN;
20251110;174915.304;25485.50;;25485.50;6;BID;
20251110;174915.309;;25486.25;25486.25;2;ASK;
20251110;174915.309;25485.50;;25485.50;3;BID;
20251110;174915.340;;25486.25;25486.25;3;ASK;
20251110;174915.339;;25486.25;25486.25;2;ASK;
20251110;174915.339;25485.50;;25485.50;1;BID;
20251110;174915.340;;25486.25;25486.25;3;ASK;
20251110;174915.393;;;25485.75;1;BETWEEN;
20251110;174915.440;25485.50;;25485.50;3;BID;
20251110;174915.457;;25486.50;25486.50;4;ASK;
20251110;174915.457;;;25485.75;5;BETWEEN;
20251110;174915.513;;;25486.25;1;BETWEEN;
20251110;174915.529;;25486.25;25486.25;2;ASK;
20251110;174915.529;25485.75;;25485.75;1;BID;
20251110;174915.566;;25486.50;25486.50;2;ASK;
20251110;174915.566;;;25486.00;3;BETWEEN;
20251110;174915.629;;25486.50;25486.50;3;ASK;
20251110;174915.629;25486.00;;25486.00;1;BID;
20251110;174915.701;;25487.50;25487.50;2;ASK;
20251110;174915.701;;;25487.25;3;BETWEEN;
20251110;174915.678;25486.50;;25486.50;1;BID;
20251110;174915.678;25486.25;;25486.25;4;BID;
20251110;174915.678;;25486.50;25486.50;1;ASK;
20251110;174915.680;;25487.00;25487.00;5;ASK;
20251110;174915.680;;;25486.50;6;BETWEEN;
20251110;174915.680;;25487.00;25487.00;1;ASK;
20251110;174915.680;;25487.00;25487.00;4;ASK;
20251110;174915.680;;25487.00;25487.00;1;ASK;
20251110;174915.680;;25487.00;25487.00;3;ASK;
20251110;174915.680;;25487.00;25487.00;1;ASK;
20251110;174915.680;;25487.00;25487.00;2;ASK;
20251110;174915.680;;25487.00;25487.00;1;ASK;
20251110;174915.680;;25487.00;25487.00;1;ASK;
20251110;174915.680;;;25486.75;4;BETWEEN;
20251110;174915.680;;25487.00;25487.00;1;ASK;
20251110;174915.701;;25487.50;25487.50;2;ASK;
20251110;174915.701;;;25487.25;3;BETWEEN;
20251110;174915.727;25487.00;;25487.00;7;BID;
20251110;174915.762;;;25487.25;2;BETWEEN;
20251110;174915.762;25486.75;;25486.75;6;BID;
20251110;174915.760;;25487.25;25487.25;3;ASK;
20251110;174915.760;;;25487.00;2;BETWEEN;
20251110;174915.760;25487.00;;25487.00;1;BID;
20251110;174915.760;25487.00;;25487.00;1;BID;
20251110;174915.779;;25487.25;25487.25;2;ASK;
20251110;174915.779;25486.75;;25486.75;5;BID;
20251110;174915.779;25486.75;;25486.75;1;BID;
20251110;174915.793;;25487.50;25487.50;5;ASK;
20251110;174915.825;;25487.50;25487.50;2;ASK;
20251110;174915.825;;;25487.00;4;BETWEEN;
20251110;174915.824;;25487.50;25487.50;5;ASK;
20251110;174915.824;25486.75;;25486.75;5;BID;
20251110;174915.824;;25487.50;25487.50;1;ASK;
20251110;174915.824;;25487.50;25487.50;1;ASK;
20251110;174915.843;;25487.50;25487.50;3;ASK;
20251110;174915.843;;;25487.00;2;BETWEEN;
20251110;174915.843;;25487.50;25487.50;1;ASK;
20251110;174915.843;;25487.50;25487.50;1;ASK;
20251110;174915.843;;25487.50;25487.50;1;ASK;
20251110;174915.843;;25487.75;25487.75;1;ASK;
20251110;174915.843;;25487.75;25487.75;1;ASK;
20251110;174915.843;;25487.75;25487.75;1;ASK;
20251110;174915.843;;25487.75;25487.75;1;ASK;
20251110;174915.844;;25488.00;25488.00;4;ASK;
20251110;174915.844;25487.00;;25487.00;3;BID;
20251110;174915.844;;25488.00;25488.00;1;ASK;
20251110;174915.844;;25488.00;25488.00;1;ASK;
20251110;174915.844;;25488.00;25488.00;1;ASK;
20251110;174915.844;;25488.00;25488.00;1;ASK;
20251110;174915.844;;25488.25;25488.25;1;ASK;
20251110;174915.844;;25488.25;25488.25;1;ASK;
20251110;174915.844;;25488.25;25488.25;1;ASK;
20251110;174915.844;;25488.25;25488.25;1;ASK;
20251110;174915.844;;25488.25;25488.25;1;ASK;
20251110;174915.845;;25488.50;25488.50;11;ASK;
20251110;174915.845;;;25487.50;1;BETWEEN;
20251110;174915.845;;25488.50;25488.50;1;ASK;
20251110;174915.847;;25488.50;25488.50;10;ASK;
20251110;174915.847;25487.50;;25487.50;3;BID;
20251110;174915.847;;25488.50;25488.50;1;ASK;
20251110;174915.849;;;25488.25;5;BETWEEN;
20251110;174915.849;;;25488.00;1;BETWEEN;
20251110;174915.849;25488.00;;25488.00;1;BID;
20251110;174915.850;25488.00;;25488.00;1;BID;
20251110;174915.851;25488.00;;25488.00;4;BID;
20251110;174915.851;25487.75;;25487.75;1;BID;
20251110;174915.851;;25488.00;25488.00;1;ASK;
20251110;174915.851;;25488.00;25488.00;3;ASK;
20251110;174915.851;;25488.00;25488.00;1;ASK;
20251110;174915.852;25487.75;;25487.75;1;BID;
20251110;174915.852;25487.50;;25487.50;2;BID;
20251110;174915.852;25487.00;;25487.00;4;BID;
20251110;174915.855;;25488.25;25488.25;1;ASK;
20251110;174915.855;;;25487.75;5;BETWEEN;
20251110;174915.885;;25489.00;25489.00;6;ASK;
20251110;174915.885;;;25488.50;1;BETWEEN;
20251110;174915.915;;25489.00;25489.00;4;ASK;
20251110;174915.915;25488.50;;25488.50;2;BID;
20251110;174915.852;25488.00;;25488.00;4;BID;
20251110;174915.852;25487.50;;25487.50;2;BID;
20251110;174915.852;;25488.00;25488.00;1;ASK;
20251110;174915.854;;25488.00;25488.00;1;ASK;
20251110;174915.854;;;25487.75;1;BETWEEN;
20251110;174915.854;;25488.00;25488.00;1;ASK;
20251110;174915.855;;25488.25;25488.25;1;ASK;
20251110;174915.855;25487.75;;25487.75;5;BID;
20251110;174915.855;;25488.25;25488.25;1;ASK;
20251110;174915.856;;25488.50;25488.50;10;ASK;
20251110;174915.856;;;25488.00;2;BETWEEN;
20251110;174915.856;;25488.50;25488.50;1;ASK;
20251110;174915.856;;25488.50;25488.50;9;ASK;
20251110;174915.856;;;25488.25;1;BETWEEN;
20251110;174915.856;25488.25;;25488.25;1;BID;
20251110;174915.857;;25488.50;25488.50;1;ASK;
20251110;174915.857;;25488.50;25488.50;8;ASK;
20251110;174915.857;;25488.50;25488.50;2;ASK;
20251110;174915.857;;25488.50;25488.50;6;ASK;
20251110;174915.857;25488.25;;25488.25;2;BID;
20251110;174915.857;;25488.50;25488.50;1;ASK;
20251110;174915.857;;25488.50;25488.50;5;ASK;
20251110;174915.857;;25488.50;25488.50;1;ASK;
20251110;174915.857;;25488.50;25488.50;4;ASK;
20251110;174915.857;;25488.50;25488.50;1;ASK;
20251110;174915.857;;25488.50;25488.50;3;ASK;
20251110;174915.857;;25488.50;25488.50;1;ASK;
20251110;174915.858;;25488.50;25488.50;2;ASK;
20251110;174915.858;;25488.50;25488.50;1;ASK;
20251110;174915.858;;25488.50;25488.50;1;ASK;
20251110;174915.858;;25488.50;25488.50;1;ASK;
20251110;174915.859;;25488.75;25488.75;2;ASK;
20251110;174915.859;;;25488.50;2;BETWEEN;
20251110;174915.859;25488.50;;25488.50;1;BID;
20251110;174915.859;25488.50;;25488.50;1;BID;
20251110;174915.859;;25488.75;25488.75;1;ASK;
20251110;174915.859;;25488.75;25488.75;1;ASK;
20251110;174915.860;;25489.00;25489.00;3;ASK;
20251110;174915.860;;;25488.75;3;BETWEEN;
20251110;174915.860;;25489.00;25489.00;1;ASK;
20251110;174915.860;;25489.00;25489.00;1;ASK;
20251110;174915.860;;25489.00;25489.00;1;ASK;
20251110;174915.864;;25489.50;25489.50;3;ASK;
20251110;174915.864;;;25489.25;2;BETWEEN;
20251110;174915.864;;25489.50;25489.50;1;ASK;
20251110;174915.864;;25489.50;25489.50;2;ASK;
20251110;174915.864;25489.25;;25489.25;1;BID;
20251110;174915.866;;25489.50;25489.50;3;ASK;
20251110;174915.866;25489.25;;25489.25;1;BID;
20251110;174915.866;25489.25;;25489.25;1;BID;
20251110;174915.867;25489.25;;25489.25;1;BID;
20251110;174915.867;25489.00;;25489.00;1;BID;
20251110;174915.867;25489.00;;25489.00;1;BID;
20251110;174915.872;25488.25;;25488.25;1;BID;
20251110;174915.872;25487.75;;25487.75;5;BID;
20251110;174915.872;;25488.25;25488.25;1;ASK;
20251110;174915.873;;25488.50;25488.50;1;ASK;
20251110;174915.873;;;25488.25;1;BETWEEN;
20251110;174915.873;;25488.50;25488.50;1;ASK;
20251110;174915.878;;25489.25;25489.25;4;ASK;
20251110;174915.878;;;25488.75;1;BETWEEN;
20251110;174915.878;25488.75;;25488.75;1;BID;
20251110;174915.879;;;25489.00;2;BETWEEN;
20251110;174915.879;25488.50;;25488.50;4;BID;
20251110;174915.879;25488.50;;25488.50;1;BID;
20251110;174915.914;;25489.00;25489.00;5;ASK;
20251110;174915.914;25488.50;;25488.50;1;BID;
20251110;174915.914;;25489.00;25489.00;1;ASK;
20251110;174915.915;;25489.00;25489.00;4;ASK;
20251110;174915.915;25488.50;;25488.50;2;BID;
20251110;174915.947;;25489.50;25489.50;2;ASK;
20251110;174915.947;;;25489.25;2;BETWEEN;
20251110;174915.978;25489.25;;25489.25;2;BID;
20251110;174915.978;25488.75;;25488.75;4;BID;
20251110;174915.980;;25489.25;25489.25;1;ASK;
20251110;174916.007;;25489.50;25489.50;2;ASK;
20251110;174916.007;;;25489.00;4;BETWEEN;
20251110;174916.024;;;25489.25;2;BETWEEN;
20251110;174916.043;25489.25;;25489.25;1;BID;
20251110;174916.043;25489.25;;25489.25;1;BID;
20251110;174916.069;25489.00;;25489.00;3;BID;
20251110;174916.098;;25489.50;25489.50;3;ASK;
20251110;174916.098;25489.00;;25489.00;2;BID;
20251110;174916.106;;25489.50;25489.50;2;ASK;
20251110;174916.106;;;25489.25;3;BETWEEN;
20251110;174916.106;;25489.50;25489.50;1;ASK;
20251110;174916.106;;25489.50;25489.50;1;ASK;
20251110;174916.106;25489.25;;25489.25;4;BID;
20251110;174916.106;;25489.50;25489.50;1;ASK;
20251110;174916.129;25489.25;;25489.25;1;BID;
20251110;174916.156;;25489.50;25489.50;5;ASK;
20251110;174916.156;25489.00;;25489.00;1;BID;
20251110;174916.140;;25489.50;25489.50;3;ASK;
20251110;174916.140;;;25489.25;1;BETWEEN;
20251110;174916.140;25489.25;;25489.25;1;BID;
20251110;174916.156;;25489.50;25489.50;5;ASK;
20251110;174916.156;25489.00;;25489.00;1;BID;
20251110;174916.255;25488.75;;25488.75;4;BID;
20251110;174916.262;;;25489.00;2;BETWEEN;
20251110;174916.262;25489.00;;25489.00;1;BID;
20251110;174916.283;;;25489.25;5;BETWEEN;
20251110;174916.283;25488.75;;25488.75;2;BID;
20251110;174916.319;;25489.25;25489.25;2;ASK;
20251110;174916.319;25488.75;;25488.75;3;BID;
20251110;174916.311;;;25489.00;2;BETWEEN;
20251110;174916.311;25488.50;;25488.50;3;BID;
20251110;174916.311;25488.50;;25488.50;1;BID;
20251110;174916.311;;25489.00;25489.00;1;ASK;
20251110;174916.311;;;25488.75;2;BETWEEN;
20251110;174916.311;;25489.00;25489.00;1;ASK;
20251110;174916.311;;25489.00;25489.00;2;ASK;
20251110;174916.311;25488.75;;25488.75;1;BID;
20251110;174916.311;;25489.00;25489.00;1;ASK;
20251110;174916.319;;25489.25;25489.25;2;ASK;
20251110;174916.319;25488.75;;25488.75;3;BID;
20251110;174916.347;;25489.50;25489.50;5;ASK;
20251110;174916.347;;;25489.00;2;BETWEEN;
20251110;174916.367;;;25489.25;1;BETWEEN;
20251110;174916.367;25488.75;;25488.75;4;BID;
20251110;174916.431;25488.75;;25488.75;3;BID;
20251110;174916.431;25488.25;;25488.25;3;BID;
20251110;174916.460;25488.00;;25488.00;4;BID;
20251110;174916.460;25487.50;;25487.50;1;BID;
20251110;174916.475;;25488.25;25488.25;4;ASK;
20251110;174916.475;25487.50;;25487.50;3;BID;
20251110;174916.514;;;25488.00;2;BETWEEN;
20251110;174916.514;25487.50;;25487.50;4;BID;
20251110;174916.501;;25488.00;25488.00;4;ASK;
20251110;174916.501;25487.50;;25487.50;2;BID;
20251110;174916.501;;25488.00;25488.00;1;ASK;
20251110;174916.501;;25488.00;25488.00;1;ASK;
20251110;174916.501;;25488.00;25488.00;1;ASK;
20251110;174916.501;;25488.00;25488.00;1;ASK;
20251110;174916.501;;25488.25;25488.25;1;ASK;
20251110;174916.501;;25488.25;25488.25;1;ASK;
20251110;174916.501;;25488.25;25488.25;1;ASK;
20251110;174916.514;;25488.00;25488.00;2;ASK;
20251110;174916.514;25487.50;;25487.50;4;BID;
20251110;174916.543;;;25487.75;2;BETWEEN;
20251110;174916.543;25487.25;;25487.25;2;BID;
20251110;174916.568;25487.25;;25487.25;3;BID;
20251110;174916.550;25487.25;;25487.25;1;BID;
20251110;174916.550;25486.75;;25486.75;4;BID;
20251110;174916.550;;25487.25;25487.25;1;ASK;
20251110;174916.593;;25488.00;25488.00;5;ASK;
20251110;174916.593;;;25487.25;3;BETWEEN;
20251110;174916.629;;;25487.50;1;BETWEEN;
20251110;174916.688;;;25487.75;1;BETWEEN;
20251110;174916.688;25487.25;;25487.25;3;BID;
20251110;174916.721;;25488.00;25488.00;5;ASK;
20251110;174916.721;25487.25;;25487.25;4;BID;
20251110;174916.686;;;25487.75;2;BETWEEN;
20251110;174916.686;25487.25;;25487.25;2;BID;
20251110;174916.686;;25487.75;25487.75;1;ASK;
20251110;174916.710;;25487.75;25487.75;3;ASK;
20251110;174916.710;25487.25;;25487.25;3;BID;
20251110;174916.710;25487.25;;25487.25;1;BID;
20251110;174916.721;;25488.00;25488.00;5;ASK;
20251110;174916.721;25487.25;;25487.25;4;BID;
20251110;174916.746;;25488.25;25488.25;5;ASK;
20251110;174916.746;;;25487.75;3;BETWEEN;
20251110;174916.766;;;25488.00;1;BETWEEN;
20251110;174916.766;25487.50;;25487.50;3;BID;
20251110;174916.832;;25488.00;25488.00;3;ASK;
20251110;174916.832;25487.50;;25487.50;2;BID;
20251110;174916.861;;25488.25;25488.25;5;ASK;
20251110;174916.861;25487.50;;25487.50;3;BID;
20251110;174916.852;;;25488.00;3;BETWEEN;
20251110;174916.852;25487.50;;25487.50;2;BID;
20251110;174916.852;;25488.00;25488.00;1;ASK;
20251110;174916.861;;25488.25;25488.25;5;ASK;
20251110;174916.861;25487.50;;25487.50;3;BID;
20251110;174916.893;;25488.25;25488.25;3;ASK;
20251110;174916.893;;;25487.75;3;BETWEEN;
20251110;174916.925;;25488.50;25488.50;4;ASK;
20251110;174916.925;;;25488.00;2;BETWEEN;
20251110;174916.936;;;25488.25;2;BETWEEN;
20251110;174916.936;25487.75;;25487.75;3;BID;
20251110;174916.936;;25488.25;25488.25;1;ASK;
20251110;174916.936;;25488.25;25488.25;1;ASK;
20251110;174916.957;;25489.00;25489.00;3;ASK;
20251110;174916.957;;;25488.50;2;BETWEEN;
20251110;174916.988;;;25488.75;3;BETWEEN;
20251110;174916.988;25488.25;;25488.25;2;BID;
20251110;174916.986;;25489.00;25489.00;1;ASK;
20251110;174916.986;;;25488.75;3;BETWEEN;
20251110;174916.986;25488.75;;25488.75;1;BID;
20251110;174916.986;;25489.25;25489.25;8;ASK;
20251110;174916.986;25488.75;;25488.75;1;BID;
20251110;174916.986;25488.75;;25488.75;1;BID;
20251110;174917.001;25488.75;;25488.75;3;BID;
20251110;174917.001;25488.25;;25488.25;1;BID;
20251110;174917.001;;25488.75;25488.75;1;ASK;
20251110;174917.013;;25489.00;25489.00;7;ASK;
20251110;174917.013;25488.25;;25488.25;3;BID;
20251110;174917.070;;;25488.75;2;BETWEEN;
20251110;174917.095;;;25488.50;4;BETWEEN;
20251110;174917.095;25488.00;;25488.00;2;BID;
20251110;174917.122;;25488.50;25488.50;5;ASK;
20251110;174917.122;25487.75;;25487.75;3;BID;
20251110;174917.139;25487.75;;25487.75;1;BID;
20251110;174917.162;;25488.50;25488.50;4;ASK;
20251110;174917.170;;;25488.25;2;BETWEEN;
20251110;174917.210;;25488.50;25488.50;4;ASK;
20251110;174917.210;;25488.50;25488.50;1;ASK;
20251110;174917.223;;25488.50;25488.50;2;ASK;
20251110;174917.223;;;25488.00;2;BETWEEN;
20251110;174917.241;;;25488.25;4;BETWEEN;
20251110;174917.241;25487.75;;25487.75;1;BID;
20251110;174917.241;;25488.25;25488.25;1;ASK;
20251110;174917.241;;25488.25;25488.25;1;ASK;
20251110;174917.315;;25488.25;25488.25;3;ASK;
20251110;174917.315;25487.75;;25487.75;3;BID;
20251110;174917.335;;25488.25;25488.25;2;ASK;
20251110;174917.314;;25488.50;25488.50;2;ASK;
20251110;174917.314;;;25488.00;2;BETWEEN;
20251110;174917.314;25488.00;;25488.00;1;BID;
20251110;174917.335;;;25488.25;2;BETWEEN;
20251110;174917.335;25487.75;;25487.75;3;BID;
20251110;174917.360;;25488.50;25488.50;5;ASK;
20251110;174917.396;;25488.50;25488.50;4;ASK;
20251110;174917.374;25487.75;;25487.75;1;BID;
20251110;174917.374;25487.75;;25487.75;1;BID;
20251110;174917.427;;;25488.25;1;BETWEEN;
20251110;174917.459;;;25488.00;2;BETWEEN;
20251110;174917.459;25487.50;;25487.50;2;BID;
20251110;174917.488;;25488.25;25488.25;4;ASK;
20251110;174917.488;25487.50;;25487.50;3;BID;
20251110;174917.516;;;25488.00;4;BETWEEN;
20251110;174917.516;25487.50;;25487.50;1;BID;
20251110;174917.555;;25488.00;25488.00;3;ASK;
20251110;174917.555;25487.50;;25487.50;2;BID;
20251110;174917.582;;25488.00;25488.00;2;ASK;
20251110;174917.632;;25488.00;25488.00;3;ASK;
20251110;174917.657;;25489.00;25489.00;5;ASK;
20251110;174917.657;;;25488.50;1;BETWEEN;
20251110;174917.687;;;25488.75;1;BETWEEN;
20251110;174917.687;25488.25;;25488.25;4;BID;
20251110;174917.718;;;25488.50;2;BETWEEN;
20251110;174917.718;25488.00;;25488.00;1;BID;
20251110;174917.742;;25488.75;25488.75;4;ASK;
20251110;174917.742;;;25488.25;3;BETWEEN;
20251110;174917.766;;25488.75;25488.75;3;ASK;
20251110;174917.766;25488.25;;25488.25;2;BID;
20251110;174917.799;;25488.75;25488.75;2;ASK;
20251110;174917.799;25488.25;;25488.25;3;BID;
20251110;174917.818;25488.25;;25488.25;1;BID;
20251110;174917.841;;25489.00;25489.00;1;ASK;
20251110;174917.841;;;25488.50;3;BETWEEN;
20251110;174917.869;;25489.00;25489.00;3;ASK;
20251110;174917.834;;25489.00;25489.00;5;ASK;
20251110;174917.834;25488.25;;25488.25;3;BID;
20251110;174917.834;;25489.00;25489.00;1;ASK;
20251110;174917.834;;25489.00;25489.00;1;ASK;
20251110;174917.868;;25489.00;25489.00;6;ASK;
20251110;174917.868;;25489.00;25489.00;1;ASK;
20251110;174917.879;;25489.25;25489.25;3;ASK;
20251110;174917.879;;;25489.00;2;BETWEEN;
20251110;174917.879;;25489.25;25489.25;1;ASK;
20251110;174917.900;;25489.25;25489.25;1;ASK;
20251110;174917.896;25489.00;;25489.00;4;BID;
20251110;174917.896;25488.75;;25488.75;1;BID;
20251110;174917.896;25488.75;;25488.75;1;BID;
20251110;174917.935;;25489.25;25489.25;1;ASK;
20251110;174917.935;;;25489.00;2;BETWEEN;
20251110;174917.935;;25489.25;25489.25;1;ASK;
20251110;174917.935;;25489.50;25489.50;1;ASK;
20251110;174917.935;;25489.50;25489.50;1;ASK;
20251110;174917.944;;25489.50;25489.50;1;ASK;
20251110;174917.944;25489.00;;25489.00;4;BID;
20251110;174917.983;25489.00;;25489.00;3;BID;
20251110;174918.009;;25489.75;25489.75;5;ASK;
20251110;174918.009;;;25489.25;1;BETWEEN;
20251110;174918.061;;;25489.50;1;BETWEEN;
20251110;174918.061;25489.00;;25489.00;3;BID;
20251110;174918.096;;;25489.25;3;BETWEEN;
20251110;174918.096;25488.75;;25488.75;4;BID;
20251110;174918.140;;25489.25;25489.25;1;ASK;
20251110;174918.140;25488.75;;25488.75;3;BID;
20251110;174918.138;;25489.25;25489.25;3;ASK;
20251110;174918.138;25488.75;;25488.75;2;BID;
20251110;174918.138;25488.75;;25488.75;1;BID;
20251110;174918.140;;25489.25;25489.25;1;ASK;
20251110;174918.140;25488.75;;25488.75;3;BID;
20251110;174918.169;;25489.75;25489.75;1;ASK;
20251110;174918.169;;;25489.25;4;BETWEEN;
20251110;174918.206;;;25489.50;2;BETWEEN;
20251110;174918.255;;25489.75;25489.75;2;ASK;
20251110;174918.255;25489.25;;25489.25;4;BID;
20251110;174918.294;;25489.75;25489.75;1;ASK;
20251110;174918.339;;25490.00;25490.00;8;ASK;
20251110;174918.339;;;25489.50;1;BETWEEN;
20251110;174918.338;;;25489.75;2;BETWEEN;
20251110;174918.338;25489.25;;25489.25;3;BID;
20251110;174918.338;;25489.75;25489.75;1;ASK;
20251110;174918.339;;25490.00;25490.00;8;ASK;
20251110;174918.339;;;25489.50;1;BETWEEN;
20251110;174918.384;25489.25;;25489.25;4;BID;
20251110;174918.423;;;25489.75;3;BETWEEN;
20251110;174918.423;25489.25;;25489.25;1;BID;
20251110;174918.422;;25490.00;25490.00;8;ASK;
20251110;174918.422;25489.25;;25489.25;4;BID;
20251110;174918.422;25489.25;;25489.25;1;BID;
20251110;174918.422;25489.25;;25489.25;1;BID;
20251110;174918.422;25489.25;;25489.25;1;BID;
20251110;174918.423;;;25489.75;3;BETWEEN;
20251110;174918.423;25489.25;;25489.25;2;BID;
20251110;174918.423;25489.25;;25489.25;1;BID;
20251110;174918.452;;25490.00;25490.00;4;ASK;
20251110;174918.452;;;25489.50;2;BETWEEN;
20251110;174918.475;;;25489.75;4;BETWEEN;
20251110;174918.475;25489.00;;25489.00;5;BID;
20251110;174918.449;;25490.00;25490.00;8;ASK;
20251110;174918.449;;;25489.50;2;BETWEEN;
20251110;174918.449;;25490.00;25490.00;1;ASK;
20251110;174918.450;;25490.00;25490.00;1;ASK;
20251110;174918.450;;25490.00;25490.00;1;ASK;
20251110;174918.450;;25490.00;25490.00;1;ASK;
20251110;174918.471;;;25489.75;5;BETWEEN;
20251110;174918.471;25489.00;;25489.00;4;BID;
20251110;174918.471;;25489.75;25489.75;1;ASK;
20251110;174918.479;;25489.75;25489.75;4;ASK;
20251110;174918.479;25489.00;;25489.00;3;BID;
20251110;174918.479;;25489.75;25489.75;1;ASK;
20251110;174918.495;;25489.75;25489.75;2;ASK;
20251110;174918.495;;;25489.25;3;BETWEEN;
20251110;174918.495;25489.25;;25489.25;1;BID;
20251110;174918.536;;25490.00;25490.00;4;ASK;
20251110;174918.536;;;25489.50;1;BETWEEN;
20251110;174918.567;;;25489.75;1;BETWEEN;
20251110;174918.567;25489.25;;25489.25;3;BID;
20251110;174918.587;;25490.00;25490.00;4;ASK;
20251110;174918.587;;;25489.50;2;BETWEEN;
20251110;174918.562;;;25489.75;2;BETWEEN;
20251110;174918.562;25489.25;;25489.25;3;BID;
20251110;174918.562;;25489.75;25489.75;1;ASK;
20251110;174918.576;;25490.00;25490.00;6;ASK;
20251110;174918.576;;;25489.50;1;BETWEEN;
20251110;174918.576;;25490.00;25490.00;1;ASK;
20251110;174918.576;;25490.00;25490.00;1;ASK;
20251110;174918.576;;25490.00;25490.00;1;ASK;
20251110;174918.657;25489.00;;25489.00;1;BID;
20251110;174918.657;25488.50;;25488.50;4;BID;
20251110;174918.685;;25489.25;25489.25;5;ASK;
20251110;174918.685;25488.50;;25488.50;5;BID;
20251110;174918.655;;25489.25;25489.25;1;ASK;
20251110;174918.655;;;25489.00;1;BETWEEN;
20251110;174918.655;25489.00;;25489.00;1;BID;
20251110;174918.685;;25489.25;25489.25;5;ASK;
20251110;174918.685;25488.50;;25488.50;5;BID;
20251110;174918.711;;25489.25;25489.25;4;ASK;
20251110;174918.739;;;25488.75;3;BETWEEN;
20251110;174918.780;;;25489.00;2;BETWEEN;
20251110;174918.780;25488.50;;25488.50;3;BID;
20251110;174918.815;;;25488.75;2;BETWEEN;
20251110;174918.815;25488.25;;25488.25;4;BID;
20251110;174918.843;25488.25;;25488.25;3;BID;
20251110;174918.876;;25489.00;25489.00;2;ASK;
20251110;174918.876;;;25488.50;2;BETWEEN;
20251110;174918.931;;25489.00;25489.00;3;ASK;
20251110;174918.931;25488.25;;25488.25;5;BID;
20251110;174918.956;;25489.25;25489.25;5;ASK;
20251110;174918.956;;;25488.75;2;BETWEEN;
20251110;174919.012;25488.75;;25488.75;4;BID;
20251110;174919.012;25488.25;;25488.25;1;BID;
20251110;174919.034;;25488.75;25488.75;5;ASK;
20251110;174918.982;;25489.25;25489.25;5;ASK;
20251110;174918.982;;;25488.75;2;BETWEEN;
20251110;174918.982;25488.75;;25488.75;1;BID;
20251110;174918.982;25488.75;;25488.75;1;BID;
20251110;174918.983;;;25489.00;3;BETWEEN;
20251110;174918.983;25488.50;;25488.50;5;BID;
20251110;174918.983;25488.50;;25488.50;1;BID;
20251110;174918.983;25488.50;;25488.50;1;BID;
20251110;174918.983;25488.50;;25488.50;1;BID;
20251110;174918.983;25488.50;;25488.50;1;BID;
20251110;174918.983;25488.50;;25488.50;1;BID;
20251110;174918.999;25488.25;;25488.25;3;BID;
20251110;174918.999;25487.75;;25487.75;7;BID;
20251110;174918.999;;25488.25;25488.25;1;ASK;
20251110;174918.999;;25488.25;25488.25;1;ASK;
20251110;174918.999;;25488.25;25488.25;1;ASK;
20251110;174919.034;;25488.75;25488.75;5;ASK;
20251110;174919.034;;;25488.25;1;BETWEEN;
20251110;174919.052;;25488.75;25488.75;4;ASK;
20251110;174919.052;25488.25;;25488.25;3;BID;
20251110;174919.105;25488.25;;25488.25;1;BID;
20251110;174919.116;;25488.75;25488.75;2;ASK;
20251110;174919.116;25488.25;;25488.25;3;BID;
20251110;174919.116;;25488.75;25488.75;1;ASK;
20251110;174919.116;;25488.75;25488.75;1;ASK;
20251110;174919.117;;25489.00;25489.00;1;ASK;
20251110;174919.117;;;25488.75;2;BETWEEN;
20251110;174919.117;;25489.00;25489.00;1;ASK;
20251110;174919.135;25488.75;;25488.75;2;BID;
20251110;174919.135;25488.25;;25488.25;3;BID;
20251110;174919.151;;25489.25;25489.25;5;ASK;
20251110;174919.151;;;25488.50;3;BETWEEN;
20251110;174919.179;;;25489.00;3;BETWEEN;
20251110;174919.179;25488.50;;25488.50;2;BID;
20251110;174919.122;;25489.00;25489.00;1;ASK;
20251110;174919.122;;;25488.75;1;BETWEEN;
20251110;174919.122;25488.75;;25488.75;1;BID;
20251110;174919.123;25488.50;;25488.50;1;BID;
20251110;174919.123;25488.50;;25488.50;1;BID;
20251110;174919.125;;;25488.75;2;BETWEEN;
20251110;174919.125;25488.25;;25488.25;3;BID;
20251110;174919.125;25488.25;;25488.25;1;BID;
20251110;174919.125;25488.25;;25488.25;1;BID;
20251110;174919.167;;25489.00;25489.00;1;ASK;
20251110;174919.167;;;25488.50;3;BETWEEN;
20251110;174919.167;25488.50;;25488.50;1;BID;
20251110;174919.179;;25489.00;25489.00;3;ASK;
20251110;174919.179;25488.50;;25488.50;2;BID;
20251110;174919.256;;25489.00;25489.00;2;ASK;
20251110;174919.256;25488.50;;25488.50;1;BID;
20251110;174919.272;;;25488.75;3;BETWEEN;
20251110;174919.272;25488.25;;25488.25;2;BID;
20251110;174919.314;;;25488.50;2;BETWEEN;
20251110;174919.314;25488.00;;25488.00;4;BID;
20251110;174919.314;;25488.50;25488.50;1;ASK;
20251110;174919.335;;25488.75;25488.75;5;ASK;
20251110;174919.335;;;25488.25;1;BETWEEN;
20251110;174919.394;;;25488.50;3;BETWEEN;
20251110;174919.394;25488.00;;25488.00;4;BID;
20251110;174919.436;25488.00;;25488.00;3;BID;
20251110;174919.418;25488.00;;25488.00;4;BID;
20251110;174919.418;;25488.50;25488.50;1;ASK;
20251110;174919.436;25488.00;;25488.00;3;BID;
20251110;174919.448;;25488.50;25488.50;4;ASK;
20251110;174919.448;25488.00;;25488.00;1;BID;
20251110;174919.487;;25488.50;25488.50;3;ASK;
20251110;174919.487;25488.00;;25488.00;2;BID;
20251110;174919.521;;;25488.25;1;BETWEEN;
20251110;174919.521;25488.00;;25488.00;1;BID;
20251110;174919.521;25488.00;;25488.00;1;BID;
20251110;174919.526;;25488.25;25488.25;3;ASK;
20251110;174919.526;25487.75;;25487.75;3;BID;
20251110;174919.549;;25488.25;25488.25;1;ASK;
20251110;174919.522;;;25488.00;1;BETWEEN;
20251110;174919.522;25487.75;;25487.75;5;BID;
20251110;174919.522;25487.75;;25487.75;3;BID;
20251110;174919.523;25487.75;;25487.75;2;BID;
20251110;174919.523;25487.75;;25487.75;2;BID;
20251110;174919.523;25487.50;;25487.50;4;BID;
20251110;174919.523;;25488.00;25488.00;1;ASK;
20251110;174919.549;;25488.25;25488.25;1;ASK;
20251110;174919.549;;;25487.75;3;BETWEEN;
20251110;174919.581;;25488.25;25488.25;2;ASK;
20251110;174919.617;25487.75;;25487.75;2;BID;
20251110;174919.648;;25488.50;25488.50;5;ASK;
20251110;174919.648;;;25488.00;1;BETWEEN;
20251110;174919.700;;25488.50;25488.50;2;ASK;
20251110;174919.700;25488.00;;25488.00;4;BID;
20251110;174919.754;;25488.50;25488.50;3;ASK;
20251110;174919.815;;25488.50;25488.50;2;ASK;
20251110;174919.815;25488.00;;25488.00;3;BID;
20251110;174919.897;;25488.50;25488.50;1;ASK;
20251110;174919.913;;25488.50;25488.50;3;ASK;
20251110;174919.913;25488.00;;25488.00;1;BID;
20251110;174919.949;;25488.50;25488.50;4;ASK;
20251110;174919.949;25488.00;;25488.00;2;BID;
20251110;174919.986;;25488.50;25488.50;1;ASK;
20251110;174919.986;25488.00;;25488.00;4;BID;
20251110;174920.020;;25488.50;25488.50;2;ASK;
20251110;174920.020;25488.00;;25488.00;5;BID;
20251110;174920.050;;25488.50;25488.50;1;ASK;
20251110;174920.111;;25488.50;25488.50;2;ASK;
20251110;174920.098;;25488.50;25488.50;1;ASK;
20251110;174920.098;;;25488.25;2;BETWEEN;
20251110;174920.098;;25488.50;25488.50;1;ASK;
20251110;174920.098;;25488.75;25488.75;3;ASK;
20251110;174920.098;25488.25;;25488.25;1;BID;
20251110;174920.111;;;25488.50;2;BETWEEN;
20251110;174920.111;25488.00;;25488.00;5;BID;
20251110;174920.143;;25488.75;25488.75;5;ASK;
20251110;174920.143;;;25488.25;1;BETWEEN;
20251110;174920.172;;25489.00;25489.00;4;ASK;
20251110;174920.172;;;25488.50;2;BETWEEN;
20251110;174920.137;25488.25;;25488.25;1;BID;
20251110;174920.137;25488.00;;25488.00;1;BID;
20251110;174920.137;;25488.25;25488.25;1;ASK;
20251110;174920.142;;25488.50;25488.50;1;ASK;
20251110;174920.142;25488.00;;25488.00;4;BID;
20251110;174920.142;;25488.50;25488.50;1;ASK;
20251110;174920.172;;25489.00;25489.00;4;ASK;
20251110;174920.172;;;25488.50;2;BETWEEN;
20251110;174920.204;25488.50;;25488.50;3;BID;
20251110;174920.204;25488.00;;25488.00;4;BID;
20251110;174920.210;;25488.75;25488.75;6;ASK;
20251110;174920.210;;;25488.25;1;BETWEEN;
20251110;174920.305;;;25488.50;5;BETWEEN;
20251110;174920.305;25488.00;;25488.00;3;BID;
20251110;174920.328;;25488.50;25488.50;3;ASK;
20251110;174920.362;;25488.50;25488.50;1;ASK;
20251110;174920.362;25488.00;;25488.00;5;BID;
20251110;174920.343;;;25488.25;4;BETWEEN;
20251110;174920.343;25488.00;;25488.00;1;BID;
20251110;174920.343;25488.00;;25488.00;1;BID;
20251110;174920.361;;25488.25;25488.25;3;ASK;
20251110;174920.361;25488.00;;25488.00;3;BID;
20251110;174920.361;;25488.25;25488.25;1;ASK;
20251110;174920.391;;25488.50;25488.50;3;ASK;
20251110;174920.391;25488.00;;25488.00;4;BID;
20251110;174920.391;25488.00;;25488.00;1;BID;
20251110;174920.393;;25488.75;25488.75;4;ASK;
20251110;174920.393;;;25488.25;1;BETWEEN;
20251110;174920.423;;;25488.50;1;BETWEEN;
20251110;174920.423;25488.00;;25488.00;5;BID;
20251110;174920.452;;25488.75;25488.75;4;ASK;
20251110;174920.452;;;25488.25;2;BETWEEN;
20251110;174920.451;;25488.75;25488.75;5;ASK;
20251110;174920.451;25488.25;;25488.25;1;BID;
20251110;174920.451;;25488.75;25488.75;1;ASK;
20251110;174920.452;;25488.75;25488.75;4;ASK;
20251110;174920.452;25488.25;;25488.25;2;BID;
20251110;174920.503;;25488.75;25488.75;2;ASK;
20251110;174920.503;25488.25;;25488.25;4;BID;
20251110;174920.538;;25489.75;25489.75;2;ASK;
20251110;174920.538;;;25489.25;3;BETWEEN;
20251110;174920.565;;25489.75;25489.75;3;ASK;
20251110;174920.565;25489.25;;25489.25;2;BID;
20251110;174920.661;;25489.75;25489.75;2;ASK;
20251110;174920.689;;;25489.50;5;BETWEEN;
20251110;174920.689;25489.00;;25489.00;1;BID;
20251110;174920.706;;25489.50;25489.50;3;ASK;
20251110;174920.706;25489.00;;25489.00;3;BID;
20251110;174920.733;;;25489.25;1;BETWEEN;
20251110;174920.733;25488.75;;25488.75;2;BID;
20251110;174920.781;;25489.25;25489.25;3;ASK;
20251110;174920.774;;;25489.00;1;BETWEEN;
20251110;174920.774;25488.50;;25488.50;4;BID;
20251110;174920.774;;25489.00;25489.00;1;ASK;
20251110;174920.774;;25489.25;25489.25;1;ASK;
20251110;174920.781;;25489.25;25489.25;3;ASK;
20251110;174920.781;;;25488.75;2;BETWEEN;
20251110;174920.821;;;25489.00;1;BETWEEN;
20251110;174920.821;25488.50;;25488.50;3;BID;
20251110;174920.865;;25489.25;25489.25;5;ASK;
20251110;174920.865;25488.50;;25488.50;4;BID;
20251110;174920.894;25488.50;;25488.50;3;BID;
20251110;174920.909;;;25489.00;1;BETWEEN;
20251110;174920.953;;25489.25;25489.25;4;ASK;
20251110;174920.953;25488.50;;25488.50;4;BID;
20251110;174920.981;;;25488.75;2;BETWEEN;
20251110;174921.007;25488.75;;25488.75;1;BID;
20251110;174921.007;25488.25;;25488.25;3;BID;
20251110;174921.007;;25488.75;25488.75;1;ASK;
20251110;174921.008;;25489.00;25489.00;1;ASK;
20251110;174921.008;;;25488.50;3;BETWEEN;
20251110;174921.008;;25489.00;25489.00;1;ASK;
20251110;174921.016;;25489.50;25489.50;6;ASK;
20251110;174921.016;;;25489.00;1;BETWEEN;
20251110;174921.037;;;25489.25;2;BETWEEN;
20251110;174921.037;25488.75;;25488.75;3;BID;
20251110;174921.071;25488.75;;25488.75;2;BID;
20251110;174921.140;;;25489.00;4;BETWEEN;
20251110;174921.140;25488.50;;25488.50;3;BID;
20251110;174921.121;;25489.00;25489.00;3;ASK;
20251110;174921.121;25488.50;;25488.50;2;BID;
20251110;174921.121;;25489.00;25489.00;1;ASK;
20251110;174921.144;;25489.00;25489.00;4;ASK;
20251110;174921.144;25488.50;;25488.50;3;BID;
20251110;174921.144;;25489.00;25489.00;1;ASK;
20251110;174921.149;;25489.00;25489.00;2;ASK;
20251110;174921.149;25488.50;;25488.50;2;BID;
20251110;174921.223;;25489.00;25489.00;6;ASK;
20251110;174921.223;25488.25;;25488.25;3;BID;
20251110;174921.253;;;25488.75;2;BETWEEN;
20251110;174921.280;;25488.75;25488.75;3;ASK;
20251110;174921.314;;25489.25;25489.25;5;ASK;
20251110;174921.314;;;25488.75;1;BETWEEN;
20251110;174921.343;;;25489.00;3;BETWEEN;
20251110;174921.343;25488.50;;25488.50;2;BID;
20251110;174921.376;;25489.25;25489.25;5;ASK;
20251110;174921.376;25488.50;;25488.50;4;BID;
20251110;174921.404;;25489.25;25489.25;4;ASK;
20251110;174921.404;;;25488.75;1;BETWEEN;
20251110;174921.431;;25489.25;25489.25;3;ASK;
20251110;174921.431;25488.75;;25488.75;2;BID;
20251110;174921.465;;25489.25;25489.25;2;ASK;
20251110;174921.495;;;25489.00;8;BETWEEN;
20251110;174921.495;25488.50;;25488.50;1;BID;
20251110;174921.509;;25489.00;25489.00;3;ASK;
20251110;174921.509;25488.50;;25488.50;3;BID;
20251110;174921.506;;25489.00;25489.00;8;ASK;
20251110;174921.506;25488.50;;25488.50;1;BID;
20251110;174921.506;;25489.00;25489.00;1;ASK;
20251110;174921.506;;25489.00;25489.00;1;ASK;
20251110;174921.509;;25489.00;25489.00;3;ASK;
20251110;174921.509;25488.50;;25488.50;3;BID;
20251110;174921.656;;25489.00;25489.00;2;ASK;
20251110;174921.701;;25489.25;25489.25;4;ASK;
20251110;174921.701;;;25488.75;2;BETWEEN;
20251110;174921.722;;;25489.00;6;BETWEEN;
20251110;174921.722;25488.25;;25488.25;4;BID;
20251110;174921.737;;;25488.75;1;BETWEEN;
20251110;174921.737;25488.25;;25488.25;5;BID;
20251110;174921.766;;25489.00;25489.00;2;ASK;
20251110;174921.766;;;25488.50;3;BETWEEN;
20251110;174921.820;;25489.00;25489.00;4;ASK;
20251110;174921.820;25488.25;;25488.25;4;BID;
20251110;174921.847;;;25488.50;2;BETWEEN;
20251110;174921.881;;;25488.75;3;BETWEEN;
20251110;174921.881;25488.25;;25488.25;4;BID;
20251110;174921.909;25488.25;;25488.25;2;BID;
20251110;174922.000;;25488.75;25488.75;2;ASK;
20251110;174922.027;25488.25;;25488.25;4;BID;
20251110;174922.007;25488.25;;25488.25;3;BID;
20251110;174922.007;;25488.75;25488.75;1;ASK;
20251110;174922.007;;25488.75;25488.75;1;ASK;
20251110;174922.027;25488.25;;25488.25;4;BID;
20251110;174922.048;;25488.75;25488.75;5;ASK;
20251110;174922.048;25488.25;;25488.25;1;BID;
20251110;174922.091;;;25488.50;2;BETWEEN;
20251110;174922.091;25488.00;;25488.00;4;BID;
20251110;174922.122;;25488.75;25488.75;1;ASK;
20251110;174922.122;;;25488.50;4;BETWEEN;
20251110;174922.151;;25488.75;25488.75;2;ASK;
20251110;174922.151;25488.25;;25488.25;9;BID;
20251110;174922.109;;;25488.50;2;BETWEEN;
20251110;174922.109;25488.25;;25488.25;3;BID;
20251110;174922.109;;25488.50;25488.50;1;ASK;
20251110;174922.109;;25488.50;25488.50;1;ASK;
20251110;174922.151;;25488.75;25488.75;2;ASK;
20251110;174922.151;25488.25;;25488.25;9;BID;
20251110;174922.177;;25488.75;25488.75;4;ASK;
20251110;174922.177;25488.25;;25488.25;3;BID;
20251110;174922.210;;25488.75;25488.75;1;ASK;
20251110;174922.210;25488.25;;25488.25;7;BID;
20251110;174922.233;;;25488.50;2;BETWEEN;
20251110;174922.281;;25489.25;25489.25;2;ASK;
20251110;174922.281;;;25488.75;4;BETWEEN;
20251110;174922.305;;25489.25;25489.25;1;ASK;
20251110;174922.305;25488.75;;25488.75;3;BID;
20251110;174922.281;25488.75;;25488.75;1;BID;
20251110;174922.281;25488.50;;25488.50;2;BID;
20251110;174922.281;;25488.75;25488.75;1;ASK;
20251110;174922.305;;25489.25;25489.25;1;ASK;
20251110;174922.305;;;25488.75;3;BETWEEN;
20251110;174922.331;;25489.50;25489.50;3;ASK;
20251110;174922.331;;;25489.00;2;BETWEEN;
20251110;174922.367;;25489.50;25489.50;2;ASK;
20251110;174922.367;25489.00;;25489.00;4;BID;
20251110;174922.362;;25489.75;25489.75;2;ASK;
20251110;174922.362;;;25489.50;2;BETWEEN;
20251110;174922.362;25489.50;;25489.50;1;BID;
20251110;174922.362;;25489.75;25489.75;1;ASK;
20251110;174922.362;25489.25;;25489.25;3;BID;
20251110;174922.362;25489.25;;25489.25;1;BID;
20251110;174922.362;25489.25;;25489.25;1;BID;
20251110;174922.367;;;25489.50;2;BETWEEN;
20251110;174922.367;25489.00;;25489.00;4;BID;
20251110;174922.388;;;25489.25;1;BETWEEN;
20251110;174922.388;25488.75;;25488.75;5;BID;
20251110;174922.413;;25489.50;25489.50;5;ASK;
20251110;174922.413;;;25489.00;1;BETWEEN;
20251110;174922.456;;25489.50;25489.50;6;ASK;
20251110;174922.572;;;25489.25;5;BETWEEN;
20251110;174922.572;25488.75;;25488.75;5;BID;
20251110;174922.594;;25489.75;25489.75;7;ASK;
20251110;174922.594;;;25489.00;4;BETWEEN;
20251110;174922.632;;25490.00;25490.00;2;ASK;
20251110;174922.632;;;25489.50;5;BETWEEN;
20251110;174922.664;;;25489.75;2;BETWEEN;
20251110;174922.664;25489.25;;25489.25;4;BID;
20251110;174922.685;;25490.00;25490.00;7;ASK;
20251110;174922.743;;25490.00;25490.00;6;ASK;
20251110;174922.743;;;25489.50;1;BETWEEN;
20251110;174922.773;;25490.50;25490.50;11;ASK;
20251110;174922.773;;;25490.25;2;BETWEEN;
20251110;174922.759;25490.25;;25490.25;3;BID;
20251110;174922.759;25490.00;;25490.00;2;BID;
20251110;174922.759;;25490.25;25490.25;1;ASK;
20251110;174922.760;;25490.25;25490.25;2;ASK;
20251110;174922.760;25490.00;;25490.00;3;BID;
20251110;174922.760;;25490.25;25490.25;1;ASK;
20251110;174922.760;;25490.25;25490.25;1;ASK;
20251110;174922.773;;25490.50;25490.50;11;ASK;
20251110;174922.773;;;25490.25;2;BETWEEN;
20251110;174922.801;25490.00;;25490.00;3;BID;
20251110;174922.845;;;25490.25;1;BETWEEN;
20251110;174922.845;25489.75;;25489.75;3;BID;
20251110;174922.891;;25490.25;25490.25;2;ASK;
20251110;174922.891;25489.75;;25489.75;4;BID;
20251110;174922.921;;25490.50;25490.50;11;ASK;
20251110;174922.921;;;25490.00;3;BETWEEN;
20251110;174922.944;;25490.50;25490.50;12;ASK;
20251110;174923.075;;;25490.25;2;BETWEEN;
20251110;174923.137;25490.00;;25490.00;3;BID;
20251110;174923.168;;;25490.25;4;BETWEEN;
20251110;174923.168;25489.50;;25489.50;7;BID;
20251110;174923.198;;;25489.75;3;BETWEEN;
20251110;174923.198;25489.25;;25489.25;3;BID;
20251110;174923.150;;25490.50;25490.50;11;ASK;
20251110;174923.150;;;25490.25;2;BETWEEN;
20251110;174923.150;;25490.50;25490.50;1;ASK;
20251110;174923.150;;25490.50;25490.50;3;ASK;
20251110;174923.150;;25490.50;25490.50;7;ASK;
20251110;174923.150;;25490.50;25490.50;2;ASK;
20251110;174923.150;;25490.50;25490.50;5;ASK;
20251110;174923.150;25490.25;;25490.25;3;BID;
20251110;174923.150;;25490.50;25490.50;5;ASK;
20251110;174923.162;;25491.00;25491.00;3;ASK;
20251110;174923.162;;;25490.75;2;BETWEEN;
20251110;174923.162;25490.75;;25490.75;1;BID;
20251110;174923.162;25490.75;;25490.75;1;BID;
20251110;174923.162;;25491.00;25491.00;1;ASK;
20251110;174923.162;;25491.00;25491.00;1;ASK;
20251110;174923.162;;25491.00;25491.00;1;ASK;
20251110;174923.162;;25491.25;25491.25;1;ASK;
20251110;174923.162;;25491.25;25491.25;1;ASK;
20251110;174923.162;;25491.25;25491.25;1;ASK;
20251110;174923.162;25490.75;;25490.75;1;BID;
20251110;174923.162;25490.50;;25490.50;3;BID;
20251110;174923.162;25490.50;;25490.50;1;BID;
20251110;174923.162;25490.50;;25490.50;1;BID;
20251110;174923.162;25490.50;;25490.50;1;BID;
20251110;174923.166;;25490.75;25490.75;7;ASK;
20251110;174923.166;25490.25;;25490.25;1;BID;
20251110;174923.166;25490.25;;25490.25;1;BID;
20251110;174923.166;25490.25;;25490.25;1;BID;
20251110;174923.166;;;25490.50;5;BETWEEN;
20251110;174923.166;25490.00;;25490.00;3;BID;
20251110;174923.166;25490.00;;25490.00;1;BID;
20251110;174923.166;25490.00;;25490.00;1;BID;
20251110;174923.166;25490.00;;25490.00;1;BID;
20251110;174923.167;;25490.50;25490.50;4;ASK;
20251110;174923.167;;;25490.25;1;BETWEEN;
20251110;174923.167;25490.25;;25490.25;1;BID;
20251110;174923.168;25490.25;;25490.25;4;BID;
20251110;174923.168;25489.75;;25489.75;2;BID;
20251110;174923.168;25489.75;;25489.75;1;BID;
20251110;174923.168;25489.75;;25489.75;1;BID;
20251110;174923.169;25489.75;;25489.75;3;BID;
20251110;174923.169;25489.50;;25489.50;1;BID;
20251110;174923.169;25489.50;;25489.50;1;BID;
20251110;174923.198;25489.25;;25489.25;3;BID;
20251110;174923.256;;25490.00;25490.00;5;ASK;
20251110;174923.256;;;25489.50;2;BETWEEN;
20251110;174923.277;25489.50;;25489.50;3;BID;
20251110;174923.313;;25490.50;25490.50;5;ASK;
20251110;174923.313;;;25490.00;2;BETWEEN;
20251110;174923.295;25490.00;;25490.00;1;BID;
20251110;174923.295;25489.50;;25489.50;4;BID;
20251110;174923.295;;25490.00;25490.00;1;ASK;
20251110;174923.342;;25490.50;25490.50;5;ASK;
20251110;174923.342;;;25489.75;4;BETWEEN;
20251110;174923.342;;25490.50;25490.50;1;ASK;
20251110;174923.413;;;25490.25;2;BETWEEN;
20251110;174923.467;;25490.25;25490.25;1;ASK;
20251110;174923.531;;25490.75;25490.75;6;ASK;
20251110;174923.531;;;25490.25;1;BETWEEN;
20251110;174923.558;25490.00;;25490.00;4;BID;
20251110;174923.583;;25490.75;25490.75;7;ASK;
20251110;174923.583;;;25490.25;2;BETWEEN;
20251110;174923.613;;25490.75;25490.75;4;ASK;
20251110;174923.722;;25490.75;25490.75;3;ASK;
20251110;174923.722;25490.25;;25490.25;3;BID;
20251110;174923.769;;25490.75;25490.75;4;ASK;
20251110;174923.853;;25490.75;25490.75;2;ASK;
20251110;174923.879;;25490.75;25490.75;5;ASK;
20251110;174923.879;25490.00;;25490.00;4;BID;
20251110;174923.895;;;25490.25;1;BETWEEN;
20251110;174923.895;25489.75;;25489.75;5;BID;
20251110;174923.939;25489.50;;25489.50;1;BID;
20251110;174923.939;25489.25;;25489.25;3;BID;
20251110;174923.915;;25490.00;25490.00;4;ASK;
20251110;174923.915;;;25489.50;1;BETWEEN;
20251110;174923.915;25489.50;;25489.50;1;BID;
20251110;174923.915;;;25489.75;2;BETWEEN;
20251110;174923.915;25489.25;;25489.25;5;BID;
20251110;174923.915;25489.25;;25489.25;1;BID;
20251110;174923.915;25489.25;;25489.25;1;BID;
20251110;174923.915;25489.25;;25489.25;1;BID;
20251110;174923.915;25489.25;;25489.25;1;BID;
20251110;174923.921;;;25489.50;2;BETWEEN;
20251110;174923.921;25489.25;;25489.25;2;BID;
20251110;174923.921;;25489.50;25489.50;1;ASK;
20251110;174923.943;25489.25;;25489.25;1;BID;
20251110;174923.943;25489.25;;25489.25;1;BID;
20251110;174923.943;;25489.50;25489.50;1;ASK;
20251110;174923.947;25489.00;;25489.00;3;BID;
20251110;174924.000;;;25489.25;3;BETWEEN;
20251110;174924.000;25488.75;;25488.75;2;BID;
20251110;174923.987;;25489.50;25489.50;4;ASK;
20251110;174923.987;;;25489.00;4;BETWEEN;
20251110;174923.987;25489.00;;25489.00;1;BID;
20251110;174923.987;25489.00;;25489.00;1;BID;
20251110;174923.987;25489.00;;25489.00;1;BID;
20251110;174923.987;;;25489.25;1;BETWEEN;
20251110;174923.987;25489.00;;25489.00;1;BID;
20251110;174923.987;25489.00;;25489.00;1;BID;
20251110;174924.000;;25489.25;25489.25;3;ASK;
20251110;174924.000;25488.75;;25488.75;2;BID;
20251110;174924.032;;25489.25;25489.25;2;ASK;
20251110;174924.080;25488.00;;25488.00;2;BID;
20251110;174924.080;25487.50;;25487.50;3;BID;
20251110;174924.076;;25488.50;25488.50;2;ASK;
20251110;174924.076;;;25488.25;4;BETWEEN;
20251110;174924.076;25488.25;;25488.25;2;BID;
20251110;174924.076;25488.25;;25488.25;2;BID;
20251110;174924.076;25488.25;;25488.25;1;BID;
20251110;174924.076;25488.25;;25488.25;1;BID;
20251110;174924.077;25488.25;;25488.25;1;BID;
20251110;174924.077;25488.00;;25488.00;1;BID;
20251110;174924.077;25488.00;;25488.00;1;BID;
20251110;174924.078;;25488.25;25488.25;2;ASK;
20251110;174924.078;25487.75;;25487.75;2;BID;
20251110;174924.078;25487.75;;25487.75;1;BID;
20251110;174924.078;25487.75;;25487.75;1;BID;
20251110;174924.078;25487.50;;25487.50;1;BID;
20251110;174924.078;25487.50;;25487.50;1;BID;
20251110;174924.082;25487.75;;25487.75;1;BID;
20251110;174924.082;25487.50;;25487.50;3;BID;
20251110;174924.082;;25487.75;25487.75;1;ASK;
20251110;174924.090;;25487.75;25487.75;3;ASK;
20251110;174924.090;25487.25;;25487.25;2;BID;
20251110;174924.090;;25487.75;25487.75;1;ASK;
20251110;174924.090;;25487.75;25487.75;1;ASK;
20251110;174924.091;;25487.75;25487.75;1;ASK;
20251110;174924.091;;;25487.50;2;BETWEEN;
20251110;174924.091;;25487.75;25487.75;1;ASK;
20251110;174924.098;;25487.75;25487.75;5;ASK;
20251110;174924.098;25487.25;;25487.25;1;BID;
20251110;174924.098;25487.25;;25487.25;1;BID;
20251110;174924.098;25487.00;;25487.00;1;BID;
20251110;174924.109;;25487.75;25487.75;2;ASK;
20251110;174924.109;25487.25;;25487.25;4;BID;
20251110;174924.137;25487.25;;25487.25;2;BID;
20251110;174924.137;25486.75;;25486.75;3;BID;
20251110;174924.148;;;25487.00;1;BETWEEN;
20251110;174924.148;;25487.00;25487.00;1;ASK;
20251110;174924.148;;25487.25;25487.25;2;ASK;
20251110;174924.148;;;25487.00;1;BETWEEN;
20251110;174924.148;25487.00;;25487.00;1;BID;
20251110;174924.171;25487.00;;25487.00;2;BID;
20251110;174924.171;25486.50;;25486.50;4;BID;
20251110;174924.201;;25487.25;25487.25;1;ASK;
20251110;174924.201;;;25486.75;5;BETWEEN;
20251110;174924.189;;25487.25;25487.25;4;ASK;
20251110;174924.189;25486.75;;25486.75;2;BID;
20251110;174924.189;;25487.25;25487.25;1;ASK;
20251110;174924.201;;25487.25;25487.25;1;ASK;
20251110;174924.201;25486.75;;25486.75;5;BID;
20251110;174924.233;;25487.25;25487.25;4;ASK;
20251110;174924.233;25486.75;;25486.75;1;BID;
20251110;174924.238;;25487.25;25487.25;1;ASK;
20251110;174924.238;25486.75;;25486.75;5;BID;
20251110;174924.283;;25487.25;25487.25;3;ASK;
20251110;174924.283;25486.50;;25486.50;6;BID;
20251110;174924.233;;25487.25;25487.25;1;ASK;
20251110;174924.233;;;25486.75;5;BETWEEN;
20251110;174924.233;25486.75;;25486.75;1;BID;
20251110;174924.233;25486.75;;25486.75;1;BID;
20251110;174924.233;25486.75;;25486.75;1;BID;
20251110;174924.233;25486.75;;25486.75;1;BID;
20251110;174924.283;;25487.25;25487.25;3;ASK;
20251110;174924.283;25486.50;;25486.50;6;BID;
20251110;174924.301;;;25487.00;2;BETWEEN;
20251110;174924.301;25486.50;;25486.50;5;BID;
20251110;174924.345;25486.50;;25486.50;1;BID;
20251110;174924.345;25486.00;;25486.00;5;BID;
20251110;174924.322;;25486.75;25486.75;2;ASK;
20251110;174924.322;;;25486.50;1;BETWEEN;
20251110;174924.322;25486.50;;25486.50;1;BID;
20251110;174924.322;25486.25;;25486.25;1;BID;
20251110;174924.323;25486.50;;25486.50;3;BID;
20251110;174924.323;25486.25;;25486.25;1;BID;
20251110;174924.323;25486.25;;25486.25;1;BID;
20251110;174924.332;;25486.75;25486.75;3;ASK;
20251110;174924.332;;;25486.50;1;BETWEEN;
20251110;174924.332;25486.50;;25486.50;1;BID;
20251110;174924.334;25486.50;;25486.50;2;BID;
20251110;174924.334;25486.25;;25486.25;1;BID;
20251110;174924.334;25486.25;;25486.25;1;BID;
20251110;174924.334;;25486.50;25486.50;5;ASK;
20251110;174924.334;25486.00;;25486.00;1;BID;
20251110;174924.334;;25486.50;25486.50;1;ASK;
20251110;174924.341;;25486.50;25486.50;1;ASK;
20251110;174924.341;;;25486.25;3;BETWEEN;
20251110;174924.341;;25486.50;25486.50;1;ASK;
20251110;174924.343;;25486.75;25486.75;1;ASK;
20251110;174924.343;25486.25;;25486.25;4;BID;
20251110;174924.343;25486.25;;25486.25;1;BID;
20251110;174924.345;;;25486.50;1;BETWEEN;
20251110;174924.345;25486.25;;25486.25;1;BID;
20251110;174924.345;;25486.50;25486.50;1;ASK;
20251110;174924.362;25486.00;;25486.00;5;BID;
20251110;174924.362;;25486.50;25486.50;1;ASK;
20251110;174924.373;;25486.75;25486.75;3;ASK;
20251110;174924.373;;;25486.25;5;BETWEEN;
20251110;174924.390;;25487.00;25487.00;2;ASK;
20251110;174924.390;;;25486.50;3;BETWEEN;
20251110;174924.388;;;25486.75;1;BETWEEN;
20251110;174924.388;25486.25;;25486.25;5;BID;
20251110;174924.388;;25486.75;25486.75;1;ASK;
20251110;174924.390;;25487.00;25487.00;2;ASK;
20251110;174924.390;;;25486.50;3;BETWEEN;
20251110;174924.455;;25487.50;25487.50;3;ASK;
20251110;174924.455;;;25487.00;4;BETWEEN;
20251110;174924.460;;25487.75;25487.75;3;ASK;
20251110;174924.460;;;25487.25;4;BETWEEN;
20251110;174924.488;;25487.75;25487.75;1;ASK;
20251110;174924.543;;25488.00;25488.00;3;ASK;
20251110;174924.543;;;25487.50;2;BETWEEN;
20251110;174924.564;;25488.25;25488.25;2;ASK;
20251110;174924.564;;;25487.75;3;BETWEEN;
20251110;174924.534;25487.75;;25487.75;1;BID;
20251110;174924.534;25487.25;;25487.25;5;BID;
20251110;174924.534;;25487.75;25487.75;1;ASK;
20251110;174924.624;;25488.00;25488.00;3;ASK;
20251110;174924.624;;;25487.50;6;BETWEEN;
20251110;174924.645;25487.50;;25487.50;1;BID;
20251110;174924.645;25487.00;;25487.00;3;BID;
20251110;174924.637;;25487.75;25487.75;3;ASK;
20251110;174924.637;;;25487.25;2;BETWEEN;
20251110;174924.637;25487.25;;25487.25;1;BID;
20251110;174924.645;;;25487.50;1;BETWEEN;
20251110;174924.645;25487.00;;25487.00;3;BID;
20251110;174924.663;;25487.50;25487.50;4;ASK;
20251110;174924.777;25487.00;;25487.00;1;BID;
20251110;174924.805;;25487.75;25487.75;1;ASK;
20251110;174924.805;;;25487.25;6;BETWEEN;
20251110;174924.828;25487.25;;25487.25;5;BID;
20251110;174924.839;25487.25;;25487.25;6;BID;
20251110;174924.908;;25488.25;25488.25;2;ASK;
20251110;174924.908;;;25487.75;2;BETWEEN;
20251110;174924.883;25487.75;;25487.75;1;BID;
20251110;174924.883;25487.25;;25487.25;6;BID;
20251110;174924.883;25487.25;;25487.25;1;BID;
20251110;174924.883;25487.25;;25487.25;1;BID;
20251110;174924.883;25487.25;;25487.25;1;BID;
20251110;174924.883;25487.25;;25487.25;1;BID;
20251110;174924.894;;25488.00;25488.00;3;ASK;
20251110;174924.894;25487.25;;25487.25;1;BID;
20251110;174924.901;;;25487.75;1;BETWEEN;
20251110;174924.901;25487.25;;25487.25;5;BID;
20251110;174924.901;;25487.75;25487.75;1;ASK;
20251110;174924.908;;25488.25;25488.25;2;ASK;
20251110;174924.908;;;25487.75;2;BETWEEN;
20251110;174925.041;25487.75;;25487.75;1;BID;
20251110;174925.123;;25489.25;25489.25;3;ASK;
20251110;174925.123;;;25488.75;1;BETWEEN;
20251110;174925.100;25488.25;;25488.25;1;BID;
20251110;174925.100;25487.75;;25487.75;3;BID;
20251110;174925.100;;25488.25;25488.25;1;ASK;
20251110;174925.111;;25488.50;25488.50;1;ASK;
20251110;174925.111;;;25488.25;1;BETWEEN;
20251110;174925.111;;25488.50;25488.50;1;ASK;
20251110;174925.111;;25488.75;25488.75;1;ASK;
20251110;174925.111;25488.25;;25488.25;4;BID;
20251110;174925.111;;25488.75;25488.75;1;ASK;
20251110;174925.132;;25489.25;25489.25;4;ASK;
20251110;174925.132;;;25488.75;1;BETWEEN;
20251110;174925.132;;25489.25;25489.25;1;ASK;
20251110;174925.132;;25489.25;25489.25;1;ASK;
20251110;174925.154;;25489.25;25489.25;3;ASK;
20251110;174925.154;25488.75;;25488.75;2;BID;
20251110;174925.170;25488.50;;25488.50;6;BID;
20251110;174925.212;;;25489.00;4;BETWEEN;
20251110;174925.212;25488.50;;25488.50;3;BID;
20251110;174925.234;;25489.25;25489.25;3;ASK;
20251110;174925.234;;;25488.75;1;BETWEEN;
20251110;174925.272;;25489.25;25489.25;2;ASK;
20251110;174925.293;;25489.25;25489.25;3;ASK;
20251110;174925.325;;;25489.00;3;BETWEEN;
20251110;174925.325;25488.50;;25488.50;3;BID;
20251110;174925.405;;25489.00;25489.00;4;ASK;
20251110;174925.405;25488.50;;25488.50;4;BID;
20251110;174925.422;;25489.00;25489.00;3;ASK;
20251110;174925.422;25488.50;;25488.50;2;BID;
20251110;174925.440;;25489.00;25489.00;1;ASK;
20251110;174925.443;;25489.00;25489.00;2;ASK;
20251110;174925.443;25488.50;;25488.50;3;BID;
20251110;174925.501;;25489.00;25489.00;4;ASK;
20251110;174925.501;25488.50;;25488.50;2;BID;
20251110;174925.529;;25489.75;25489.75;3;ASK;
20251110;174925.529;;;25489.25;1;BETWEEN;
20251110;174925.502;25489.00;;25489.00;4;BID;
20251110;174925.502;25488.50;;25488.50;2;BID;
20251110;174925.502;;25489.00;25489.00;1;ASK;
20251110;174925.502;;25489.00;25489.00;1;ASK;
20251110;174925.509;;25489.00;25489.00;1;ASK;
20251110;174925.509;25488.50;;25488.50;6;BID;
20251110;174925.509;;25489.00;25489.00;1;ASK;
20251110;174925.529;;25489.75;25489.75;3;ASK;
20251110;174925.529;;;25489.25;1;BETWEEN;
20251110;174925.556;25489.25;;25489.25;2;BID;
20251110;174925.590;;;25489.50;2;BETWEEN;
20251110;174925.590;25489.00;;25489.00;2;BID;
20251110;174925.564;;25489.75;25489.75;3;ASK;
20251110;174925.564;;;25489.25;2;BETWEEN;
20251110;174925.564;25489.25;;25489.25;1;BID;
20251110;174925.590;;;25489.50;2;BETWEEN;
20251110;174925.590;25489.00;;25489.00;2;BID;
20251110;174925.621;25489.00;;25489.00;3;BID;
20251110;174925.654;;25489.50;25489.50;1;ASK;
20251110;174925.648;;25489.50;25489.50;2;ASK;
20251110;174925.648;;25489.50;25489.50;1;ASK;
20251110;174925.654;;25489.50;25489.50;1;ASK;
20251110;174925.677;;25489.75;25489.75;4;ASK;
20251110;174925.677;25489.00;;25489.00;4;BID;
20251110;174925.715;25489.00;;25489.00;3;BID;
20251110;174925.741;;25489.75;25489.75;3;ASK;
20251110;174925.741;;;25489.25;2;BETWEEN;
20251110;174925.776;;;25489.50;1;BETWEEN;
20251110;174925.776;25489.00;;25489.00;3;BID;
20251110;174925.805;;25489.50;25489.50;5;ASK;
20251110;174925.805;25489.00;;25489.00;1;BID;
20251110;174925.828;;25489.50;25489.50;4;ASK;
20251110;174925.828;25488.75;;25488.75;5;BID;
20251110;174925.854;;;25489.25;3;BETWEEN;
20251110;174925.854;25488.75;;25488.75;3;BID;
20251110;174925.934;25488.75;;25488.75;2;BID;
20251110;174926.002;;25489.50;25489.50;5;ASK;
20251110;174926.002;;;25489.00;2;BETWEEN;
20251110;174926.025;;25489.75;25489.75;4;ASK;
20251110;174926.025;;;25489.25;1;BETWEEN;
20251110;174926.041;;25489.75;25489.75;5;ASK;
20251110;174926.041;25489.00;;25489.00;4;BID;
20251110;174926.098;;;25489.50;1;BETWEEN;
20251110;174926.130;;25489.50;25489.50;2;ASK;
20251110;174926.170;;25489.75;25489.75;5;ASK;
20251110;174926.205;;;25489.50;1;BETWEEN;
20251110;174926.221;;25489.75;25489.75;5;ASK;
20251110;174926.221;;;25489.25;1;BETWEEN;
20251110;174926.283;;25490.00;25490.00;4;ASK;
20251110;174926.283;;;25489.50;2;BETWEEN;
20251110;174926.288;;25490.00;25490.00;2;ASK;
20251110;174926.391;25489.50;;25489.50;1;BID;
20251110;174926.391;25489.00;;25489.00;4;BID;
20251110;174926.450;;;25489.25;1;BETWEEN;
20251110;174926.450;25489.00;;25489.00;2;BID;
20251110;174926.450;25489.00;;25489.00;1;BID;
20251110;174926.450;25489.00;;25489.00;1;BID;
20251110;174926.463;;25489.25;25489.25;5;ASK;
20251110;174926.463;25488.50;;25488.50;4;BID;
20251110;174926.492;;25489.50;25489.50;4;ASK;
20251110;174926.492;;;25488.75;4;BETWEEN;
20251110;174926.521;;;25489.25;3;BETWEEN;
20251110;174926.521;25488.75;;25488.75;3;BID;
20251110;174926.478;;25489.25;25489.25;1;ASK;
20251110;174926.478;25488.75;;25488.75;4;BID;
20251110;174926.478;;25489.25;25489.25;1;ASK;
20251110;174926.521;;25489.25;25489.25;3;ASK;
20251110;174926.521;25488.75;;25488.75;3;BID;
20251110;174926.542;;25489.50;25489.50;4;ASK;
20251110;174926.542;25488.75;;25488.75;4;BID;
20251110;174926.586;;25489.50;25489.50;6;ASK;
20251110;174926.586;;;25489.00;1;BETWEEN;
20251110;174926.607;;25489.50;25489.50;2;ASK;
20251110;174926.607;25489.00;;25489.00;4;BID;
20251110;174926.620;;25489.50;25489.50;5;ASK;
20251110;174926.620;25488.75;;25488.75;4;BID;
20251110;174926.685;;25489.50;25489.50;4;ASK;
20251110;174926.725;;25489.50;25489.50;1;ASK;
20251110;174926.725;;;25489.00;5;BETWEEN;
20251110;174926.675;;25489.50;25489.50;5;ASK;
20251110;174926.675;25488.75;;25488.75;4;BID;
20251110;174926.675;25488.75;;25488.75;1;BID;
20251110;174926.725;;25489.50;25489.50;1;ASK;
20251110;174926.725;;;25489.00;5;BETWEEN;
20251110;174926.788;25489.00;;25489.00;6;BID;
20251110;174926.848;;25489.75;25489.75;2;ASK;
20251110;174926.848;;;25489.25;2;BETWEEN;
20251110;174926.905;;25489.75;25489.75;3;ASK;
20251110;174926.918;;25489.75;25489.75;4;ASK;
20251110;174926.918;25489.25;;25489.25;1;BID;
20251110;174926.967;25489.00;;25489.00;1;BID;
20251110;174926.967;25488.25;;25488.25;4;BID;
20251110;174926.987;;;25488.50;1;BETWEEN;
20251110;174926.987;25488.25;;25488.25;1;BID;
20251110;174926.961;;25489.50;25489.50;5;ASK;
20251110;174926.961;;;25489.00;1;BETWEEN;
20251110;174926.961;25489.00;;25489.00;1;BID;
20251110;174926.962;;25489.50;25489.50;7;ASK;
20251110;174926.962;25488.75;;25488.75;3;BID;
20251110;174926.962;25488.75;;25488.75;1;BID;
20251110;174926.962;25488.75;;25488.75;1;BID;
20251110;174926.962;25488.75;;25488.75;1;BID;
20251110;174926.965;;;25489.00;4;BETWEEN;
20251110;174926.965;25488.50;;25488.50;2;BID;
20251110;174926.965;25488.50;;25488.50;1;BID;
20251110;174926.965;25488.50;;25488.50;1;BID;
20251110;174926.966;;25489.25;25489.25;1;ASK;
20251110;174926.966;25488.25;;25488.25;5;BID;
20251110;174926.966;;25489.25;25489.25;1;ASK;
20251110;174926.967;;;25488.50;1;BETWEEN;
20251110;174926.967;25488.25;;25488.25;4;BID;
20251110;174926.967;;25488.50;25488.50;1;ASK;
20251110;174926.967;;25489.00;25489.00;2;ASK;
20251110;174926.967;;;25488.50;1;BETWEEN;
20251110;174926.967;25488.50;;25488.50;1;BID;
20251110;174926.968;;25489.00;25489.00;3;ASK;
20251110;174926.968;25488.50;;25488.50;1;BID;
20251110;174926.987;25488.50;;25488.50;1;BID;
20251110;174926.987;25488.25;;25488.25;1;BID;
20251110;174927.016;25488.25;;25488.25;3;BID;
20251110;174927.051;;25488.75;25488.75;3;ASK;
20251110;174927.051;25488.25;;25488.25;2;BID;
20251110;174927.024;;;25488.50;2;BETWEEN;
20251110;174927.024;25488.25;;25488.25;1;BID;
20251110;174927.024;25488.25;;25488.25;1;BID;
20251110;174927.025;25488.00;;25488.00;1;BID;
20251110;174927.025;25487.75;;25487.75;3;BID;
20251110;174927.025;;25488.00;25488.00;1;ASK;
20251110;174927.051;;25488.75;25488.75;3;ASK;
20251110;174927.051;;;25488.25;2;BETWEEN;
20251110;174927.112;;;25488.50;4;BETWEEN;
20251110;174927.112;25487.75;;25487.75;4;BID;
20251110;174927.122;;;25488.00;2;BETWEEN;
20251110;174927.122;;25488.50;25488.50;1;ASK;
20251110;174927.137;;25488.50;25488.50;3;ASK;
20251110;174927.231;;25488.75;25488.75;3;ASK;
20251110;174927.231;25488.00;;25488.00;3;BID;
20251110;174927.257;;25488.75;25488.75;4;ASK;
20251110;174927.257;25488.00;;25488.00;4;BID;
20251110;174927.324;;25488.75;25488.75;5;ASK;
20251110;174927.324;;;25488.25;3;BETWEEN;
20251110;174927.348;;25489.00;25489.00;3;ASK;
20251110;174927.348;;;25488.50;2;BETWEEN;
20251110;174927.381;;25489.75;25489.75;6;ASK;
20251110;174927.381;;;25489.00;3;BETWEEN;
20251110;174927.378;;;25489.50;3;BETWEEN;
20251110;174927.378;25489.00;;25489.00;2;BID;
20251110;174927.378;;25489.50;25489.50;1;ASK;
20251110;174927.378;;25489.50;25489.50;1;ASK;
20251110;174927.378;;25489.50;25489.50;1;ASK;
20251110;174927.379;;25490.00;25490.00;3;ASK;
20251110;174927.379;;;25489.50;1;BETWEEN;
20251110;174927.379;25489.50;;25489.50;1;BID;
20251110;174927.396;;;25489.75;5;BETWEEN;
20251110;174927.396;25489.25;;25489.25;3;BID;
20251110;174927.396;25489.25;;25489.25;1;BID;
20251110;174927.410;;;25489.50;2;BETWEEN;
20251110;174927.410;25489.00;;25489.00;3;BID;
20251110;174927.492;25489.00;;25489.00;2;BID;
20251110;174927.523;;;25489.25;1;BETWEEN;
20251110;174927.523;25488.75;;25488.75;4;BID;
20251110;174927.532;;25489.50;25489.50;1;ASK;
20251110;174927.532;;;25489.00;3;BETWEEN;
20251110;174927.580;;25489.75;25489.75;1;ASK;
20251110;174927.580;;;25489.25;3;BETWEEN;
20251110;174927.605;;25490.00;25490.00;3;ASK;
20251110;174927.631;;;25489.75;3;BETWEEN;
20251110;174927.631;25489.25;;25489.25;2;BID;
20251110;174927.671;;25489.75;25489.75;4;ASK;
20251110;174927.671;25489.00;;25489.00;3;BID;
20251110;174927.693;;25490.00;25490.00;3;ASK;
20251110;174927.693;;;25489.25;5;BETWEEN;
20251110;174927.754;;25490.25;25490.25;5;ASK;
20251110;174927.754;;;25489.75;4;BETWEEN;
20251110;174927.778;;25490.25;25490.25;6;ASK;
20251110;174927.778;25489.50;;25489.50;6;BID;
20251110;174927.816;;25490.25;25490.25;2;ASK;
20251110;174927.816;;;25489.75;8;BETWEEN;
20251110;174927.816;;25490.25;25490.25;3;ASK;
20251110;174927.816;;25490.25;25490.25;1;ASK;
20251110;174927.816;;25490.25;25490.25;2;ASK;
20251110;174927.816;;25490.25;25490.25;1;ASK;
20251110;174927.817;;25490.25;25490.25;1;ASK;
20251110;174927.817;;;25490.00;4;BETWEEN;
20251110;174927.817;;25490.25;25490.25;1;ASK;
20251110;174927.818;25490.00;;25490.00;1;BID;
20251110;174927.818;;25490.25;25490.25;1;ASK;
20251110;174927.819;;25490.50;25490.50;2;ASK;
20251110;174927.819;25490.00;;25490.00;3;BID;
20251110;174927.819;;25490.50;25490.50;1;ASK;
20251110;174927.819;;25490.50;25490.50;1;ASK;
20251110;174927.846;;;25490.25;4;BETWEEN;
20251110;174927.846;25489.75;;25489.75;2;BID;
20251110;174927.877;25489.50;;25489.50;2;BID;
20251110;174927.877;25489.00;;25489.00;3;BID;
20251110;174927.826;;25490.75;25490.75;5;ASK;
20251110;174927.826;;;25490.25;1;BETWEEN;
20251110;174927.826;25490.25;;25490.25;1;BID;
20251110;174927.863;25489.75;;25489.75;5;BID;
20251110;174927.863;25489.50;;25489.50;1;BID;
20251110;174927.863;25489.50;;25489.50;1;BID;
20251110;174927.877;25489.50;;25489.50;2;BID;
20251110;174927.877;25489.00;;25489.00;3;BID;
20251110;174927.968;;25489.75;25489.75;5;ASK;
20251110;174927.968;25489.00;;25489.00;4;BID;
20251110;174928.000;;25490.00;25490.00;3;ASK;
20251110;174928.000;;;25489.25;5;BETWEEN;
20251110;174927.979;;;25489.75;5;BETWEEN;
20251110;174927.979;25489.00;;25489.00;4;BID;
20251110;174927.979;;25489.75;25489.75;1;ASK;
20251110;174927.979;;25489.75;25489.75;1;ASK;
20251110;174927.979;;25489.75;25489.75;1;ASK;
20251110;174927.979;;25489.75;25489.75;1;ASK;
20251110;174927.979;;25489.75;25489.75;1;ASK;
20251110;174928.000;;25490.00;25490.00;3;ASK;
20251110;174928.000;;;25489.25;5;BETWEEN;
20251110;174928.015;;;25489.50;2;BETWEEN;
20251110;174928.048;;25490.00;25490.00;1;ASK;
20251110;174928.076;;25490.00;25490.00;5;ASK;
20251110;174928.076;25489.25;;25489.25;6;BID;
20251110;174928.076;25489.25;;25489.25;1;BID;
20251110;174928.080;;;25489.75;3;BETWEEN;
20251110;174928.080;25489.25;;25489.25;3;BID;
20251110;174928.080;25489.25;;25489.25;1;BID;
20251110;174928.080;25489.25;;25489.25;2;BID;
20251110;174928.080;25489.25;;25489.25;1;BID;
20251110;174928.080;25489.25;;25489.25;1;BID;
20251110;174928.080;25489.25;;25489.25;1;BID;
20251110;174928.080;25489.00;;25489.00;8;BID;
20251110;174928.080;25489.00;;25489.00;1;BID;
20251110;174928.080;25489.00;;25489.00;7;BID;
20251110;174928.080;25489.00;;25489.00;1;BID;
20251110;174928.092;;25489.75;25489.75;4;ASK;
20251110;174928.092;25489.00;;25489.00;4;BID;
20251110;174928.122;;;25489.25;2;BETWEEN;
20251110;174928.166;;25489.75;25489.75;2;ASK;
20251110;174928.166;25489.25;;25489.25;4;BID;
20251110;174928.212;;25489.75;25489.75;5;ASK;
20251110;174928.212;25489.25;;25489.25;3;BID;
20251110;174928.212;;25489.75;25489.75;1;ASK;
20251110;174928.212;25489.25;;25489.25;4;BID;
20251110;174928.212;25489.25;;25489.25;1;BID;
20251110;174928.245;;25489.75;25489.75;3;ASK;
20251110;174928.245;25489.25;;25489.25;2;BID;
20251110;174928.270;;;25489.50;4;BETWEEN;
20251110;174928.270;25489.00;;25489.00;2;BID;
20251110;174928.241;;25489.75;25489.75;2;ASK;
20251110;174928.241;;;25489.25;3;BETWEEN;
20251110;174928.241;25489.25;;25489.25;1;BID;
20251110;174928.246;;;25489.50;2;BETWEEN;
20251110;174928.246;25489.25;;25489.25;2;BID;
20251110;174928.246;25489.25;;25489.25;1;BID;
20251110;174928.246;25489.25;;25489.25;1;BID;
20251110;174928.251;25489.25;;25489.25;2;BID;
20251110;174928.251;25489.00;;25489.00;1;BID;
20251110;174928.251;;25489.25;25489.25;1;ASK;
20251110;174928.251;;25489.25;25489.25;1;ASK;
20251110;174928.252;;25489.50;25489.50;3;ASK;
20251110;174928.252;25489.00;;25489.00;4;BID;
20251110;174928.252;25489.00;;25489.00;1;BID;
20251110;174928.253;;25489.75;25489.75;3;ASK;
20251110;174928.253;;;25489.25;1;BETWEEN;
20251110;174928.253;25489.25;;25489.25;1;BID;
20251110;174928.270;;;25489.50;4;BETWEEN;
20251110;174928.270;25489.00;;25489.00;2;BID;
20251110;174928.331;25489.00;;25489.00;1;BID;
20251110;174928.407;;;25489.25;1;BETWEEN;
20251110;174928.418;25489.00;;25489.00;1;BID;
20251110;174928.443;;25489.50;25489.50;2;ASK;
20251110;174928.443;25489.00;;25489.00;3;BID;
20251110;174928.471;;25489.50;25489.50;5;ASK;
20251110;174928.471;25488.75;;25488.75;19;BID;
20251110;174928.438;;;25489.25;1;BETWEEN;
20251110;174928.438;;25489.25;25489.25;1;ASK;
20251110;174928.451;;25489.50;25489.50;3;ASK;
20251110;174928.451;;;25489.00;3;BETWEEN;
20251110;174928.451;25489.00;;25489.00;1;BID;
20251110;174928.471;;25489.50;25489.50;5;ASK;
20251110;174928.471;25488.75;;25488.75;19;BID;
20251110;174928.533;;;25489.00;2;BETWEEN;
20251110;174928.562;;25489.50;25489.50;3;ASK;
20251110;174928.562;25489.00;;25489.00;1;BID;
20251110;174928.537;;25489.50;25489.50;4;ASK;
20251110;174928.537;;25489.50;25489.50;1;ASK;
20251110;174928.537;;25489.50;25489.50;1;ASK;
20251110;174928.537;;25489.50;25489.50;1;ASK;
20251110;174928.562;;25489.50;25489.50;3;ASK;
20251110;174928.590;25489.00;;25489.00;3;BID;
20251110;174928.613;25489.00;;25489.00;1;BID;
20251110;174928.668;;;25489.25;2;BETWEEN;
20251110;174928.668;25488.75;;25488.75;19;BID;
20251110;174928.712;;25489.25;25489.25;3;ASK;
20251110;174928.712;25488.75;;25488.75;18;BID;
20251110;174928.747;;25489.50;25489.50;3;ASK;
20251110;174928.747;;;25489.00;3;BETWEEN;
20251110;174928.733;25489.00;;25489.00;2;BID;
20251110;174928.733;25488.75;;25488.75;18;BID;
20251110;174928.733;;25489.00;25489.00;1;ASK;
20251110;174928.747;;25489.50;25489.50;3;ASK;
20251110;174928.747;;;25489.00;3;BETWEEN;
20251110;174928.823;25489.00;;25489.00;1;BID;
20251110;174928.835;25489.00;;25489.00;2;BID;
20251110;174928.835;25489.00;;25489.00;1;BID;
20251110;174928.842;;;25489.25;4;BETWEEN;
20251110;174928.842;25488.75;;25488.75;19;BID;
20251110;174928.917;;;25489.00;1;BETWEEN;
20251110;174928.917;25488.75;;25488.75;18;BID;
20251110;174928.917;25488.75;;25488.75;18;BID;
20251110;174928.919;25488.75;;25488.75;4;BID;
20251110;174928.919;25488.25;;25488.25;1;BID;
20251110;174928.919;25488.25;;25488.25;1;BID;
20251110;174928.920;25488.25;;25488.25;2;BID;
20251110;174928.920;25488.00;;25488.00;1;BID;
20251110;174928.920;;25488.25;25488.25;1;ASK;
20251110;174928.938;;25488.50;25488.50;1;ASK;
20251110;174928.938;25488.00;;25488.00;4;BID;
20251110;174928.965;;25488.75;25488.75;4;ASK;
20251110;174928.965;;;25488.25;1;BETWEEN;
20251110;174928.997;;25489.00;25489.00;2;ASK;
20251110;174928.997;;;25488.50;2;BETWEEN;
20251110;174929.023;25488.50;;25488.50;5;BID;
20251110;174929.005;25488.50;;25488.50;2;BID;
20251110;174929.005;;25489.00;25489.00;1;ASK;
20251110;174929.005;;25489.00;25489.00;1;ASK;
20251110;174929.023;;;25488.75;1;BETWEEN;
20251110;174929.023;;25488.75;25488.75;1;ASK;
20251110;174929.023;25488.50;;25488.50;5;BID;
20251110;174929.040;;25489.00;25489.00;2;ASK;
20251110;174929.040;25488.50;;25488.50;4;BID;
20251110;174929.082;;25489.25;25489.25;4;ASK;
20251110;174929.082;;;25488.75;2;BETWEEN;
20251110;174929.113;;;25489.00;3;BETWEEN;
20251110;174929.113;25488.50;;25488.50;5;BID;
20251110;174929.081;;25489.50;25489.50;4;ASK;
20251110;174929.081;;;25489.00;3;BETWEEN;
20251110;174929.081;25489.00;;25489.00;1;BID;
20251110;174929.081;25489.00;;25489.00;1;BID;
20251110;174929.081;25489.00;;25489.00;1;BID;
20251110;174929.081;25488.75;;25488.75;1;BID;
20251110;174929.113;25489.00;;25489.00;3;BID;
20251110;174929.113;25488.50;;25488.50;5;BID;
20251110;174929.149;;;25488.75;5;BETWEEN;
20251110;174929.149;25488.25;;25488.25;8;BID;
20251110;174929.161;;25488.75;25488.75;4;ASK;
20251110;174929.161;25488.25;;25488.25;7;BID;
20251110;174929.232;25488.00;;25488.00;1;BID;
20251110;174929.232;25487.75;;25487.75;1;BID;
20251110;174929.218;;25488.50;25488.50;1;ASK;
20251110;174929.218;;;25488.25;6;BETWEEN;
20251110;174929.218;25488.25;;25488.25;1;BID;
20251110;174929.218;25488.25;;25488.25;1;BID;
20251110;174929.219;;25488.50;25488.50;3;ASK;
20251110;174929.219;25488.25;;25488.25;4;BID;
20251110;174929.219;25488.25;;25488.25;4;BID;
20251110;174929.232;25488.00;;25488.00;1;BID;
20251110;174929.232;25487.75;;25487.75;1;BID;
20251110;174929.319;;25488.25;25488.25;3;ASK;
20251110;174929.319;25487.75;;25487.75;4;BID;
20251110;174929.348;;25488.25;25488.25;4;ASK;
20251110;174929.348;25487.75;;25487.75;2;BID;
20251110;174929.470;;25488.25;25488.25;5;ASK;
20251110;174929.500;;25488.25;25488.25;4;ASK;
20251110;174929.500;25487.75;;25487.75;3;BID;
20251110;174929.521;;25488.25;25488.25;2;ASK;
20251110;174929.521;25487.75;;25487.75;5;BID;
20251110;174929.509;;25488.25;25488.25;4;ASK;
20251110;174929.509;25487.75;;25487.75;3;BID;
20251110;174929.509;;25488.25;25488.25;1;ASK;
20251110;174929.509;;25488.25;25488.25;1;ASK;
20251110;174929.509;;25488.25;25488.25;1;ASK;
20251110;174929.537;;25488.25;25488.25;2;ASK;
20251110;174929.537;25487.75;;25487.75;5;BID;
20251110;174929.537;25487.75;;25487.75;1;BID;
20251110;174929.548;;25488.25;25488.25;4;ASK;
20251110;174929.548;25487.75;;25487.75;2;BID;
20251110;174929.625;;;25488.00;2;BETWEEN;
20251110;174929.625;25487.75;;25487.75;1;BID;
20251110;174929.647;;25488.00;25488.00;3;ASK;
20251110;174929.647;25487.50;;25487.50;3;BID;
20251110;174929.625;;25488.00;25488.00;4;ASK;
20251110;174929.625;;;25487.75;1;BETWEEN;
20251110;174929.625;25487.75;;25487.75;1;BID;
20251110;174929.647;;25488.00;25488.00;3;ASK;
20251110;174929.647;25487.50;;25487.50;3;BID;
20251110;174929.730;25487.50;;25487.50;2;BID;
20251110;174929.819;;;25487.75;2;BETWEEN;
20251110;174929.819;25487.50;;25487.50;1;BID;
20251110;174929.849;;25488.25;25488.25;3;ASK;
20251110;174929.849;;;25487.75;1;BETWEEN;
20251110;174929.880;;;25488.00;3;BETWEEN;
20251110;174929.880;25487.50;;25487.50;1;BID;
20251110;174929.908;;;25487.75;2;BETWEEN;
20251110;174929.908;25487.25;;25487.25;5;BID;
20251110;174929.973;;25488.00;25488.00;4;ASK;
20251110;174929.973;;;25487.50;1;BETWEEN;
20251110;174930.034;;25488.50;25488.50;3;ASK;
20251110;174930.034;;;25488.00;1;BETWEEN;
20251110;174930.062;;25488.50;25488.50;1;ASK;
20251110;174930.062;25488.00;;25488.00;3;BID;
20251110;174930.032;;25488.50;25488.50;4;ASK;
20251110;174930.032;25488.00;;25488.00;1;BID;
20251110;174930.032;25488.00;;25488.00;1;BID;
20251110;174930.032;25487.75;;25487.75;1;BID;
20251110;174930.060;;25488.75;25488.75;4;ASK;
20251110;174930.060;25488.00;;25488.00;4;BID;
20251110;174930.060;25488.00;;25488.00;1;BID;
20251110;174930.062;;;25488.50;1;BETWEEN;
20251110;174930.062;25488.00;;25488.00;3;BID;
20251110;174930.088;25488.00;;25488.00;4;BID;
20251110;174930.145;;25488.50;25488.50;3;ASK;
20251110;174930.145;25487.75;;25487.75;5;BID;
20251110;174930.187;;25488.50;25488.50;1;ASK;
20251110;174930.187;;;25488.00;4;BETWEEN;
20251110;174930.241;;;25488.25;1;BETWEEN;
20251110;174930.241;25487.75;;25487.75;5;BID;
20251110;174930.262;;25488.25;25488.25;4;ASK;
20251110;174930.262;25487.50;;25487.50;5;BID;
20251110;174930.306;;25488.50;25488.50;3;ASK;
20251110;174930.306;;;25487.75;8;BETWEEN;
20251110;174930.342;;25488.50;25488.50;4;ASK;
20251110;174930.342;25487.75;;25487.75;5;BID;
20251110;174930.339;;25488.50;25488.50;3;ASK;
20251110;174930.339;25487.75;;25487.75;8;BID;
20251110;174930.339;25487.75;;25487.75;1;BID;
20251110;174930.342;;25488.50;25488.50;4;ASK;
20251110;174930.342;25487.75;;25487.75;5;BID;
20251110;174930.357;;;25488.00;1;BETWEEN;
20251110;174930.357;25487.50;;25487.50;3;BID;
20251110;174930.397;;25488.25;25488.25;4;ASK;
20251110;174930.397;25487.50;;25487.50;4;BID;
20251110;174930.421;;;25488.00;1;BETWEEN;
20251110;174930.463;;25488.00;25488.00;2;ASK;
20251110;174930.463;25487.50;;25487.50;3;BID;
20251110;174930.492;;25488.00;25488.00;1;ASK;
20251110;174930.600;;25488.75;25488.75;4;ASK;
20251110;174930.600;;;25488.25;2;BETWEEN;
20251110;174930.581;25488.25;;25488.25;1;BID;
20251110;174930.581;25487.75;;25487.75;3;BID;
20251110;174930.581;;25488.25;25488.25;1;ASK;
20251110;174930.624;;25488.75;25488.75;4;ASK;
20251110;174930.624;;;25488.00;4;BETWEEN;
20251110;174930.659;;;25488.50;1;BETWEEN;
20251110;174930.659;25488.00;;25488.00;5;BID;
20251110;174930.825;25488.00;;25488.00;4;BID;
20251110;174930.828;;25488.50;25488.50;2;ASK;
20251110;174930.877;;;25488.25;3;BETWEEN;
20251110;174930.877;25487.50;;25487.50;5;BID;
20251110;174930.907;;25488.25;25488.25;4;ASK;
20251110;174930.907;;;25487.75;3;BETWEEN;
20251110;174930.936;;25488.25;25488.25;3;ASK;
20251110;174930.958;;25488.25;25488.25;4;ASK;
20251110;174930.958;25487.50;;25487.50;4;BID;
20251110;174931.055;;;25488.00;1;BETWEEN;
20251110;174931.055;25487.50;;25487.50;3;BID;
20251110;174931.093;;25488.25;25488.25;2;ASK;
20251110;174931.093;;;25487.75;4;BETWEEN;
20251110;174931.105;;25488.25;25488.25;4;ASK;
20251110;174931.105;25487.75;;25487.75;2;BID;
20251110;174931.150;;;25488.00;2;BETWEEN;
20251110;174931.150;25487.50;;25487.50;1;BID;
20251110;174931.185;;;25487.75;2;BETWEEN;
20251110;174931.185;25487.25;;25487.25;6;BID;
20251110;174931.208;;25488.00;25488.00;2;ASK;
20251110;174931.208;;;25487.50;2;BETWEEN;
20251110;174931.246;;25488.25;25488.25;3;ASK;
20251110;174931.246;;;25487.75;2;BETWEEN;
20251110;174931.261;;25488.25;25488.25;4;ASK;
20251110;174931.261;25487.75;;25487.75;1;BID;
20251110;174931.346;25487.50;;25487.50;6;BID;
20251110;174931.364;;;25487.75;3;BETWEEN;
20251110;174931.364;25487.25;;25487.25;5;BID;
20251110;174931.397;25487.25;;25487.25;3;BID;
20251110;174931.387;;25488.00;25488.00;2;ASK;
20251110;174931.387;;;25487.50;4;BETWEEN;
20251110;174931.387;25487.50;;25487.50;1;BID;
20251110;174931.397;;;25487.75;3;BETWEEN;
20251110;174931.397;25487.25;;25487.25;3;BID;
20251110;174931.426;;25488.00;25488.00;4;ASK;
20251110;174931.426;25487.25;;25487.25;4;BID;
20251110;174931.476;;25488.00;25488.00;2;ASK;
20251110;174931.476;;;25487.50;4;BETWEEN;
20251110;174931.503;;25488.25;25488.25;4;ASK;
20251110;174931.503;25487.50;;25487.50;5;BID;
20251110;174931.483;;;25488.00;1;BETWEEN;
20251110;174931.483;25487.50;;25487.50;4;BID;
20251110;174931.483;;25488.00;25488.00;1;ASK;
20251110;174931.503;;25488.25;25488.25;4;ASK;
20251110;174931.503;25487.50;;25487.50;5;BID;
20251110;174931.680;;25488.25;25488.25;3;ASK;
20251110;174931.680;;;25487.75;1;BETWEEN;
20251110;174931.699;;25488.25;25488.25;1;ASK;
20251110;174931.699;25487.75;;25487.75;6;BID;
20251110;174931.741;;;25488.00;1;BETWEEN;
20251110;174931.741;;25488.25;25488.25;1;ASK;
20251110;174931.753;;25488.50;25488.50;3;ASK;
20251110;174931.753;25488.00;;25488.00;2;BID;
20251110;174931.825;;25488.50;25488.50;4;ASK;
20251110;174931.825;25487.75;;25487.75;6;BID;
20251110;174931.863;;25488.50;25488.50;3;ASK;
20251110;174931.863;;;25488.00;3;BETWEEN;
20251110;174931.913;;25488.50;25488.50;4;ASK;
20251110;174931.943;25487.75;;25487.75;5;BID;
20251110;174931.961;;25488.50;25488.50;3;ASK;
20251110;174931.961;;;25488.00;1;BETWEEN;
20251110;174932.002;;25488.50;25488.50;4;ASK;
20251110;174932.036;;25488.50;25488.50;1;ASK;
20251110;174932.036;25488.00;;25488.00;3;BID;
20251110;174932.041;;25488.75;25488.75;5;ASK;
20251110;174932.041;25488.00;;25488.00;5;BID;
20251110;174932.089;;25488.75;25488.75;4;ASK;
20251110;174932.089;;;25488.25;1;BETWEEN;
20251110;174932.110;;25488.75;25488.75;2;ASK;
20251110;174932.110;25488.25;;25488.25;4;BID;
20251110;174932.110;;25488.75;25488.75;1;ASK;
20251110;174932.110;;25488.75;25488.75;1;ASK;
20251110;174932.115;;25489.00;25489.00;3;ASK;
20251110;174932.115;;;25488.50;4;BETWEEN;
20251110;174932.142;;25489.25;25489.25;1;ASK;
20251110;174932.142;;;25488.75;5;BETWEEN;
20251110;174932.111;;;25489.00;1;BETWEEN;
20251110;174932.111;25488.50;;25488.50;3;BID;
20251110;174932.111;;25489.00;25489.00;1;ASK;
20251110;174932.138;;;25488.75;2;BETWEEN;
20251110;174932.138;;25489.00;25489.00;1;ASK;
20251110;174932.166;;25489.25;25489.25;4;ASK;
20251110;174932.166;25488.75;;25488.75;4;BID;
20251110;174932.201;;25489.25;25489.25;3;ASK;
20251110;174932.214;25488.75;;25488.75;1;BID;
20251110;174932.253;25488.50;;25488.50;5;BID;
20251110;174932.269;;;25488.75;1;BETWEEN;
20251110;174932.333;;;25489.00;3;BETWEEN;
20251110;174932.333;25488.50;;25488.50;1;BID;
20251110;174932.364;;;25488.75;3;BETWEEN;
20251110;174932.364;25488.00;;25488.00;4;BID;
20251110;174932.370;25488.00;;25488.00;5;BID;
20251110;174932.422;;;25488.50;2;BETWEEN;
20251110;174932.422;25488.00;;25488.00;1;BID;
20251110;174932.513;;25488.50;25488.50;3;ASK;
20251110;174932.543;;25488.50;25488.50;4;ASK;
20251110;174932.543;25487.75;;25487.75;5;BID;
20251110;174932.615;;;25488.25;2;BETWEEN;
20251110;174932.638;;;25488.00;2;BETWEEN;
20251110;174932.638;25487.50;;25487.50;3;BID;
20251110;174932.673;;25488.00;25488.00;3;ASK;
20251110;174932.673;25487.25;;25487.25;7;BID;
20251110;174932.679;;25488.00;25488.00;4;ASK;
20251110;174932.721;;;25487.75;3;BETWEEN;
20251110;174932.721;25487.25;;25487.25;1;BID;
20251110;174932.765;;25487.75;25487.75;2;ASK;
20251110;174932.765;25487.25;;25487.25;5;BID;
20251110;174932.779;25487.25;;25487.25;4;BID;
20251110;174932.809;;25487.75;25487.75;1;ASK;
20251110;174932.809;25487.25;;25487.25;5;BID;
20251110;174932.874;;25487.75;25487.75;2;ASK;
20251110;174932.874;25487.25;;25487.25;2;BID;
20251110;174932.948;;25488.00;25488.00;5;ASK;
20251110;174932.948;;;25487.50;1;BETWEEN;
20251110;174932.977;;25488.25;25488.25;3;ASK;
20251110;174932.977;25487.50;;25487.50;4;BID;
20251110;174932.985;;;25488.00;1;BETWEEN;
20251110;174932.985;25487.50;;25487.50;5;BID;
20251110;174933.037;;25488.00;25488.00;3;ASK;
20251110;174933.037;25487.25;;25487.25;6;BID;
20251110;174933.059;;;25487.75;2;BETWEEN;
20251110;174933.087;;25488.00;25488.00;3;ASK;
20251110;174933.115;;25488.25;25488.25;3;ASK;
20251110;174933.115;;;25487.75;3;BETWEEN;
20251110;174933.149;25487.75;;25487.75;1;BID;
20251110;174933.182;25487.50;;25487.50;5;BID;
20251110;174933.199;;;25488.00;1;BETWEEN;
20251110;174933.199;25487.50;;25487.50;3;BID;
20251110;174933.229;;25488.25;25488.25;3;ASK;
20251110;174933.229;;;25487.75;3;BETWEEN;
20251110;174933.264;;;25488.00;1;BETWEEN;
20251110;174933.264;25487.50;;25487.50;3;BID;
20251110;174933.277;;25488.00;25488.00;3;ASK;
20251110;174933.277;25487.50;;25487.50;2;BID;
20251110;174933.326;;25488.25;25488.25;3;ASK;
20251110;174933.326;25487.50;;25487.50;4;BID;
20251110;174933.354;;25488.25;25488.25;1;ASK;
20251110;174933.354;;;25487.75;4;BETWEEN;
20251110;174933.385;;;25488.00;4;BETWEEN;
20251110;174933.385;25487.50;;25487.50;1;BID;
20251110;174933.406;;25488.00;25488.00;5;ASK;
20251110;174933.406;25487.25;;25487.25;4;BID;
20251110;174933.440;;25488.25;25488.25;4;ASK;
20251110;174933.440;;;25487.50;6;BETWEEN;
20251110;174933.452;;25488.25;25488.25;1;ASK;
20251110;174933.461;;25488.25;25488.25;2;ASK;
20251110;174933.461;;;25487.75;4;BETWEEN;
20251110;174933.461;25487.75;;25487.75;1;BID;
20251110;174933.546;;;25488.00;3;BETWEEN;
20251110;174933.546;25487.50;;25487.50;2;BID;
20251110;174933.548;;;25487.75;2;BETWEEN;
20251110;174933.548;25487.25;;25487.25;3;BID;
20251110;174933.590;;25487.75;25487.75;3;ASK;
20251110;174933.637;;25488.50;25488.50;4;ASK;
20251110;174933.637;;;25487.75;3;BETWEEN;
20251110;174933.698;;25488.75;25488.75;3;ASK;
20251110;174933.698;;;25488.00;4;BETWEEN;
20251110;174933.725;;;25488.50;2;BETWEEN;
20251110;174933.725;25488.00;;25488.00;2;BID;
20251110;174933.754;;25488.75;25488.75;3;ASK;
20251110;174933.754;25488.00;;25488.00;5;BID;
20251110;174933.784;;;25488.50;2;BETWEEN;
20251110;174933.784;25488.00;;25488.00;4;BID;
20251110;174933.807;;25488.50;25488.50;3;ASK;
20251110;174933.807;25487.75;;25487.75;4;BID;
20251110;174933.860;;25488.50;25488.50;2;ASK;
20251110;174933.860;;;25488.00;4;BETWEEN;
20251110;174933.845;;25488.50;25488.50;3;ASK;
20251110;174933.845;25487.75;;25487.75;4;BID;
20251110;174933.845;25487.75;;25487.75;1;BID;
20251110;174933.906;;;25488.25;3;BETWEEN;
20251110;174933.906;25487.75;;25487.75;3;BID;
20251110;174933.955;;25488.50;25488.50;2;ASK;
20251110;174933.955;;;25488.00;2;BETWEEN;
20251110;174933.982;;25488.50;25488.50;3;ASK;
20251110;174933.982;25488.00;;25488.00;1;BID;
20251110;174933.997;25487.75;;25487.75;4;BID;
20251110;174934.039;;;25488.00;2;BETWEEN;
20251110;174934.075;;25488.50;25488.50;2;ASK;
20251110;174934.075;25488.00;;25488.00;3;BID;
20251110;174934.106;;25488.50;25488.50;3;ASK;
20251110;174934.106;25487.75;;25487.75;5;BID;
20251110;174934.135;;;25488.25;3;BETWEEN;
20251110;174934.135;25487.75;;25487.75;1;BID;
20251110;174934.165;;25488.50;25488.50;3;ASK;
20251110;174934.165;25487.75;;25487.75;4;BID;
20251110;174934.198;;;25488.00;1;BETWEEN;
20251110;174934.192;;25488.50;25488.50;4;ASK;
20251110;174934.192;25487.75;;25487.75;5;BID;
20251110;174934.192;;25488.50;25488.50;1;ASK;
20251110;174934.192;;25488.50;25488.50;1;ASK;
20251110;174934.192;;25488.50;25488.50;1;ASK;
20251110;174934.198;;25488.50;25488.50;3;ASK;
20251110;174934.198;;;25488.00;1;BETWEEN;
20251110;174934.229;;25488.75;25488.75;3;ASK;
20251110;174934.229;;;25488.25;4;BETWEEN;
20251110;174934.240;;;25488.50;2;BETWEEN;
20251110;174934.240;25488.00;;25488.00;2;BID;
20251110;174934.275;25488.00;;25488.00;3;BID;
20251110;174934.252;25488.00;;25488.00;2;BID;
20251110;174934.252;;25488.50;25488.50;1;ASK;
20251110;174934.252;;25488.50;25488.50;1;ASK;
20251110;174934.275;25488.00;;25488.00;3;BID;
20251110;174934.344;25488.00;;25488.00;2;BID;
20251110;174934.344;25487.75;;25487.75;1;BID;
20251110;174934.343;;25488.50;25488.50;2;ASK;
20251110;174934.343;;;25488.00;3;BETWEEN;
20251110;174934.343;25488.00;;25488.00;1;BID;
20251110;174934.343;25488.00;;25488.00;1;BID;
20251110;174934.343;25488.00;;25488.00;1;BID;
20251110;174934.344;25488.00;;25488.00;2;BID;
20251110;174934.344;25487.75;;25487.75;1;BID;
20251110;174934.369;;25488.00;25488.00;1;ASK;
20251110;174934.369;25487.50;;25487.50;7;BID;
20251110;174934.467;;25488.25;25488.25;2;ASK;
20251110;174934.467;;;25487.75;2;BETWEEN;
20251110;174934.464;;;25488.00;1;BETWEEN;
20251110;174934.464;25487.75;;25487.75;3;BID;
20251110;174934.464;;25488.00;25488.00;1;ASK;
20251110;174934.465;;25488.00;25488.00;1;ASK;
20251110;174934.629;25487.50;;25487.50;1;BID;
20251110;174934.638;;25488.00;25488.00;3;ASK;
20251110;174934.638;25487.25;;25487.25;6;BID;
20251110;174934.680;;25488.25;25488.25;4;ASK;
20251110;174934.680;;;25487.50;6;BETWEEN;
20251110;174934.686;;25488.25;25488.25;3;ASK;
20251110;174934.686;;;25487.75;3;BETWEEN;
20251110;174934.686;;25488.25;25488.25;1;ASK;
20251110;174934.706;;;25488.00;2;BETWEEN;
20251110;174934.706;25487.25;;25487.25;5;BID;
20251110;174934.731;;25488.25;25488.25;3;ASK;
20251110;174934.731;;;25487.50;5;BETWEEN;
20251110;174934.698;;;25487.75;4;BETWEEN;
20251110;174934.698;25487.25;;25487.25;3;BID;
20251110;174934.698;;25487.75;25487.75;1;ASK;
20251110;174934.731;;25488.25;25488.25;3;ASK;
20251110;174934.731;;;25487.50;5;BETWEEN;
20251110;174934.767;;;25488.00;2;BETWEEN;
20251110;174934.767;25487.50;;25487.50;1;BID;
20251110;174934.797;;;25487.75;3;BETWEEN;
20251110;174934.797;25487.25;;25487.25;4;BID;
20251110;174934.834;;25488.00;25488.00;5;ASK;
20251110;174934.834;25487.25;;25487.25;6;BID;
20251110;174934.864;;25488.25;25488.25;3;ASK;
20251110;174934.864;;;25487.50;5;BETWEEN;
20251110;174934.947;;;25487.75;1;BETWEEN;
20251110;174935.013;;25489.25;25489.25;4;ASK;
20251110;174935.013;;;25488.50;4;BETWEEN;
20251110;174935.029;25488.50;;25488.50;1;BID;
20251110;174935.029;25488.00;;25488.00;4;BID;
20251110;174935.008;;25488.50;25488.50;2;ASK;
20251110;174935.008;25488.00;;25488.00;3;BID;
20251110;174935.008;;25488.50;25488.50;1;ASK;
20251110;174935.008;;25488.50;25488.50;1;ASK;
20251110;174935.009;;25488.75;25488.75;4;ASK;
20251110;174935.009;;;25488.25;3;BETWEEN;
20251110;174935.009;;25488.75;25488.75;1;ASK;
20251110;174935.009;;25488.75;25488.75;1;ASK;
20251110;174935.029;;;25488.50;1;BETWEEN;
20251110;174935.029;25488.00;;25488.00;4;BID;
20251110;174935.059;;25488.50;25488.50;2;ASK;
20251110;174935.059;25488.00;;25488.00;3;BID;
20251110;174935.116;;25488.75;25488.75;3;ASK;
20251110;174935.116;25488.00;;25488.00;4;BID;
20251110;174935.205;;;25488.50;1;BETWEEN;
20251110;174935.205;25488.00;;25488.00;3;BID;
20251110;174935.236;;25488.50;25488.50;3;ASK;
20251110;174935.236;25488.00;;25488.00;2;BID;
20251110;174935.270;;25488.50;25488.50;2;ASK;
20251110;174935.281;25487.75;;25487.75;5;BID;
20251110;174935.256;;25488.75;25488.75;5;ASK;
20251110;174935.256;;;25488.00;4;BETWEEN;
20251110;174935.256;25488.00;;25488.00;1;BID;
20251110;174935.281;;;25488.50;2;BETWEEN;
20251110;174935.281;25487.75;;25487.75;5;BID;
20251110;174935.331;;25488.50;25488.50;3;ASK;
20251110;174935.331;25487.75;;25487.75;6;BID;
20251110;174935.360;;25488.50;25488.50;2;ASK;
20251110;174935.360;;;25488.00;2;BETWEEN;
20251110;174935.430;;25488.75;25488.75;4;ASK;
20251110;174935.430;25488.00;;25488.00;3;BID;
20251110;174935.487;;25488.75;25488.75;3;ASK;
20251110;174935.487;;;25488.25;2;BETWEEN;
20251110;174935.517;;25489.25;25489.25;2;ASK;
20251110;174935.517;;;25488.75;3;BETWEEN;
20251110;174935.544;;25489.25;25489.25;1;ASK;
20251110;174935.544;25488.75;;25488.75;4;BID;
20251110;174935.578;;25489.25;25489.25;4;ASK;
20251110;174935.578;25488.50;;25488.50;5;BID;
20251110;174935.602;25488.50;;25488.50;6;BID;
20251110;174935.643;;;25488.75;1;BETWEEN;
20251110;174935.644;25488.75;;25488.75;2;BID;
20251110;174935.688;25488.75;;25488.75;1;BID;
20251110;174935.736;;25489.25;25489.25;3;ASK;
20251110;174935.736;25488.75;;25488.75;2;BID;
20251110;174935.766;;25489.75;25489.75;4;ASK;
20251110;174935.766;;;25489.00;6;BETWEEN;
20251110;174935.788;;25489.75;25489.75;2;ASK;
20251110;174935.788;;;25489.25;2;BETWEEN;
20251110;174935.756;25489.25;;25489.25;1;BID;
20251110;174935.756;25488.75;;25488.75;5;BID;
20251110;174935.756;;25489.25;25489.25;1;ASK;
20251110;174935.766;;25489.50;25489.50;1;ASK;
20251110;174935.766;;;25489.25;2;BETWEEN;
20251110;174935.766;;25489.50;25489.50;1;ASK;
20251110;174935.788;;25489.75;25489.75;2;ASK;
20251110;174935.817;25489.25;;25489.25;1;BID;
20251110;174935.817;25488.75;;25488.75;4;BID;
20251110;174935.826;;25489.50;25489.50;5;ASK;
20251110;174935.796;;25490.00;25490.00;1;ASK;
20251110;174935.796;;;25489.75;1;BETWEEN;
20251110;174935.796;;25490.00;25490.00;1;ASK;
20251110;174935.799;;25490.25;25490.25;1;ASK;
20251110;174935.799;;;25490.00;2;BETWEEN;
20251110;174935.799;25490.00;;25490.00;1;BID;
20251110;174935.799;25490.00;;25490.00;1;BID;
20251110;174935.799;25490.00;;25490.00;1;BID;
20251110;174935.802;25490.00;;25490.00;2;BID;
20251110;174935.802;25489.50;;25489.50;2;BID;
20251110;174935.802;25489.50;;25489.50;1;BID;
20251110;174935.802;25489.50;;25489.50;1;BID;
20251110;174935.803;;;25489.75;3;BETWEEN;
20251110;174935.803;25489.25;;25489.25;2;BID;
20251110;174935.803;25489.25;;25489.25;1;BID;
20251110;174935.803;25489.25;;25489.25;1;BID;
20251110;174935.809;25489.25;;25489.25;3;BID;
20251110;174935.809;25488.75;;25488.75;1;BID;
20251110;174935.809;;25489.25;25489.25;1;ASK;
20251110;174935.880;;25489.50;25489.50;6;ASK;
20251110;174935.880;25488.75;;25488.75;4;BID;
20251110;174935.881;;;25489.25;3;BETWEEN;
20251110;174935.881;25488.75;;25488.75;3;BID;
20251110;174935.921;;25489.50;25489.50;3;ASK;
20251110;174935.921;25488.75;;25488.75;5;BID;
20251110;174935.955;;;25489.25;3;BETWEEN;
20251110;174935.955;25488.75;;25488.75;1;BID;
20251110;174935.984;;25489.50;25489.50;3;ASK;
20251110;174935.984;;;25489.00;2;BETWEEN;
20251110;174936.003;;;25489.25;2;BETWEEN;
20251110;174936.003;25488.75;;25488.75;4;BID;
20251110;174936.029;25488.75;;25488.75;2;BID;
20251110;174936.108;;25489.50;25489.50;4;ASK;
20251110;174936.108;25488.75;;25488.75;4;BID;
20251110;174936.124;;25489.50;25489.50;5;ASK;
20251110;174936.124;;;25489.00;1;BETWEEN;
20251110;174936.147;;;25489.25;2;BETWEEN;
20251110;174936.147;25488.75;;25488.75;2;BID;
20251110;174936.139;;25489.50;25489.50;5;ASK;
20251110;174936.139;;;25489.00;1;BETWEEN;
20251110;174936.139;25489.00;;25489.00;1;BID;
20251110;174936.147;;;25489.25;2;BETWEEN;
20251110;174936.147;25488.75;;25488.75;2;BID;
20251110;174936.188;;25489.50;25489.50;4;ASK;
20251110;174936.188;;;25489.00;1;BETWEEN;
20251110;174936.222;;;25489.25;3;BETWEEN;
20251110;174936.222;25488.75;;25488.75;1;BID;
20251110;174936.252;;25489.25;25489.25;2;ASK;
20251110;174936.252;25488.75;;25488.75;3;BID;
20251110;174936.226;;25489.25;25489.25;3;ASK;
20251110;174936.226;25488.75;;25488.75;1;BID;
20251110;174936.226;;25489.25;25489.25;1;ASK;
20251110;174936.252;;25489.25;25489.25;2;ASK;
20251110;174936.252;25488.75;;25488.75;3;BID;
20251110;174936.304;;25489.25;25489.25;1;ASK;
20251110;174936.331;;25489.25;25489.25;2;ASK;
20251110;174936.331;25488.75;;25488.75;2;BID;
20251110;174936.458;;25489.25;25489.25;3;ASK;
20251110;174936.458;25488.75;;25488.75;1;BID;
20251110;174936.472;25488.75;;25488.75;1;BID;
20251110;174936.472;25488.50;;25488.50;1;BID;
20251110;174936.472;25488.50;;25488.50;1;BID;
20251110;174936.472;25488.50;;25488.50;1;BID;
20251110;174936.472;25488.50;;25488.50;1;BID;
20251110;174936.472;25488.50;;25488.50;1;BID;
20251110;174936.472;25488.25;;25488.25;1;BID;
20251110;174936.472;25488.25;;25488.25;1;BID;
20251110;174936.472;25488.25;;25488.25;1;BID;
20251110;174936.472;25488.25;;25488.25;1;BID;
20251110;174936.472;25488.25;;25488.25;1;BID;
20251110;174936.472;25488.25;;25488.25;1;BID;
20251110;174936.472;25488.00;;25488.00;1;BID;
20251110;174936.472;25488.00;;25488.00;1;BID;
20251110;174936.472;25488.00;;25488.00;1;BID;
20251110;174936.472;25488.00;;25488.00;1;BID;
20251110;174936.472;25488.00;;25488.00;1;BID;
20251110;174936.472;25488.00;;25488.00;1;BID;
20251110;174936.472;25488.00;;25488.00;1;BID;
20251110;174936.472;25487.75;;25487.75;1;BID;
20251110;174936.472;25487.75;;25487.75;1;BID;
20251110;174936.472;25487.75;;25487.75;1;BID;
20251110;174936.472;25487.75;;25487.75;1;BID;
20251110;174936.472;25487.75;;25487.75;1;BID;
20251110;174936.472;25487.50;;25487.50;1;BID;
20251110;174936.472;25487.50;;25487.50;1;BID;
20251110;174936.472;25487.50;;25487.50;1;BID;
20251110;174936.472;25487.50;;25487.50;1;BID;
20251110;174936.472;25487.50;;25487.50;1;BID;
20251110;174936.472;25487.50;;25487.50;1;BID;
20251110;174936.472;25487.50;;25487.50;1;BID;
20251110;174936.472;25487.25;;25487.25;1;BID;
20251110;174936.472;25487.25;;25487.25;1;BID;
20251110;174936.472;25487.25;;25487.25;1;BID;
20251110;174936.472;25487.25;;25487.25;1;BID;
20251110;174936.472;25487.25;;25487.25;1;BID;
20251110;174936.472;25487.25;;25487.25;1;BID;
20251110;174936.472;25487.25;;25487.25;1;BID;
20251110;174936.472;25487.25;;25487.25;1;BID;
20251110;174936.472;25487.00;;25487.00;1;BID;
20251110;174936.472;25487.00;;25487.00;1;BID;
20251110;174936.472;25487.00;;25487.00;1;BID;
20251110;174936.472;25487.00;;25487.00;1;BID;
20251110;174936.472;25487.00;;25487.00;2;BID;
20251110;174936.472;25487.00;;25487.00;1;BID;
20251110;174936.472;25486.75;;25486.75;1;BID;
20251110;174936.472;25486.75;;25486.75;1;BID;
20251110;174936.472;25486.75;;25486.75;1;BID;
20251110;174936.472;25486.75;;25486.75;1;BID;
20251110;174936.472;25486.75;;25486.75;1;BID;
20251110;174936.472;25486.75;;25486.75;1;BID;
20251110;174936.472;25486.75;;25486.75;1;BID;
20251110;174936.472;25486.75;;25486.75;1;BID;
20251110;174936.472;25486.50;;25486.50;1;BID;
20251110;174936.472;25486.50;;25486.50;1;BID;
20251110;174936.472;25486.50;;25486.50;1;BID;
20251110;174936.472;25486.50;;25486.50;1;BID;
20251110;174936.472;25486.50;;25486.50;1;BID;
20251110;174936.472;25486.50;;25486.50;1;BID;
20251110;174936.472;25486.50;;25486.50;1;BID;
20251110;174936.489;25487.50;;25487.50;6;BID;
20251110;174936.489;25486.75;;25486.75;3;BID;
20251110;174936.516;;;25487.25;2;BETWEEN;
20251110;174936.516;25486.75;;25486.75;4;BID;
20251110;174936.490;;25487.75;25487.75;6;ASK;
20251110;174936.490;;;25487.00;5;BETWEEN;
20251110;174936.490;25487.00;;25487.00;1;BID;
20251110;174936.493;;;25487.25;1;BETWEEN;
20251110;174936.493;25487.00;;25487.00;1;BID;
20251110;174936.493;25487.00;;25487.00;1;BID;
20251110;174936.493;25486.75;;25486.75;5;BID;
20251110;174936.493;;25487.25;25487.25;1;ASK;
20251110;174936.516;;25487.25;25487.25;2;ASK;
20251110;174936.516;25486.75;;25486.75;4;BID;
20251110;174936.548;;25487.50;25487.50;4;ASK;
20251110;174936.548;;;25487.00;3;BETWEEN;
20251110;174936.564;;25487.50;25487.50;3;ASK;
20251110;174936.564;25487.00;;25487.00;4;BID;
20251110;174936.538;;;25487.25;2;BETWEEN;
20251110;174936.538;25486.75;;25486.75;3;BID;
20251110;174936.538;;25487.25;25487.25;1;ASK;
20251110;174936.538;;25487.25;25487.25;1;ASK;
20251110;174936.564;;25487.50;25487.50;3;ASK;
20251110;174936.564;;;25487.00;4;BETWEEN;
20251110;174936.625;;25487.50;25487.50;1;ASK;
20251110;174936.625;25487.00;;25487.00;3;BID;
20251110;174936.629;;25487.50;25487.50;2;ASK;
20251110;174936.629;25487.00;;25487.00;2;BID;
20251110;174936.625;;;25487.25;1;BETWEEN;
20251110;174936.625;25487.00;;25487.00;3;BID;
20251110;174936.625;;25487.25;25487.25;1;ASK;
20251110;174936.627;;25487.50;25487.50;1;ASK;
20251110;174936.627;;25487.50;25487.50;1;ASK;
20251110;174936.628;;25487.50;25487.50;2;ASK;
20251110;174936.628;;;25487.25;1;BETWEEN;
20251110;174936.628;25487.25;;25487.25;1;BID;
20251110;174936.628;25487.00;;25487.00;2;BID;
20251110;174936.628;;25487.50;25487.50;1;ASK;
20251110;174936.675;;25487.50;25487.50;3;ASK;
20251110;174936.675;;25487.50;25487.50;2;ASK;
20251110;174936.675;;25487.50;25487.50;1;ASK;
20251110;174936.773;;;25487.25;1;BETWEEN;
20251110;174936.773;25487.00;;25487.00;1;BID;
20251110;174936.794;;25487.75;25487.75;1;ASK;
20251110;174936.794;;;25487.25;5;BETWEEN;
20251110;174936.773;25487.25;;25487.25;1;BID;
20251110;174936.773;25487.00;;25487.00;1;BID;
20251110;174936.773;;25487.25;25487.25;1;ASK;
20251110;174936.782;;25487.75;25487.75;1;ASK;
20251110;174936.782;;;25487.25;2;BETWEEN;
20251110;174936.782;;25487.75;25487.75;1;ASK;
20251110;174936.794;25487.25;;25487.25;5;BID;
20251110;174936.884;;25487.75;25487.75;3;ASK;
20251110;174936.884;25487.25;;25487.25;4;BID;
20251110;174936.964;;25488.00;25488.00;5;ASK;
20251110;174936.964;;;25487.50;1;BETWEEN;
20251110;174936.982;;25488.25;25488.25;4;ASK;
20251110;174936.982;;;25487.75;4;BETWEEN;
20251110;174936.976;;;25488.00;1;BETWEEN;
20251110;174936.976;25487.75;;25487.75;1;BID;
20251110;174936.976;;25488.00;25488.00;1;ASK;
20251110;174936.982;;25488.25;25488.25;4;ASK;
20251110;174936.982;25487.75;;25487.75;4;BID;
20251110;174937.087;;25488.25;25488.25;2;ASK;
20251110;174937.122;;25488.50;25488.50;6;ASK;
20251110;174937.137;;;25488.25;3;BETWEEN;
20251110;174937.213;;25488.50;25488.50;5;ASK;
20251110;174937.263;;;25488.25;3;BETWEEN;
20251110;174937.264;;;25488.00;3;BETWEEN;
20251110;174937.264;25487.75;;25487.75;3;BID;
20251110;174937.264;;25488.00;25488.00;1;ASK;
20251110;174937.264;;25488.00;25488.00;2;ASK;
20251110;174937.264;25487.75;;25487.75;2;BID;
20251110;174937.264;;25488.00;25488.00;1;ASK;
20251110;174937.264;;25488.00;25488.00;1;ASK;
20251110;174937.284;;25488.50;25488.50;3;ASK;
20251110;174937.284;;;25488.00;4;BETWEEN;
20251110;174937.306;;25488.75;25488.75;5;ASK;
20251110;174937.306;25488.00;;25488.00;5;BID;
20251110;174937.305;;;25488.50;3;BETWEEN;
20251110;174937.305;;25488.50;25488.50;1;ASK;
20251110;174937.306;;25488.75;25488.75;5;ASK;
20251110;174937.342;;;25488.50;2;BETWEEN;
20251110;174937.454;;25488.50;25488.50;4;ASK;
20251110;174937.475;;25489.00;25489.00;4;ASK;
20251110;174937.475;;;25488.50;1;BETWEEN;
20251110;174937.468;25488.25;;25488.25;2;BID;
20251110;174937.468;25488.00;;25488.00;2;BID;
20251110;174937.468;;25488.25;25488.25;1;ASK;
20251110;174937.468;;25488.25;25488.25;1;ASK;
20251110;174937.468;25488.00;;25488.00;1;BID;
20251110;174937.468;;25488.25;25488.25;1;ASK;
20251110;174937.469;;25488.50;25488.50;1;ASK;
20251110;174937.469;;;25488.25;1;BETWEEN;
20251110;174937.469;;25488.50;25488.50;1;ASK;
20251110;174937.471;;25488.75;25488.75;1;ASK;
20251110;174937.471;;;25488.50;2;BETWEEN;
20251110;174937.471;;25488.75;25488.75;1;ASK;
20251110;174937.474;;25489.00;25489.00;4;ASK;
20251110;174937.474;;;25488.75;1;BETWEEN;
20251110;174937.474;25488.75;;25488.75;1;BID;
20251110;174937.475;25488.50;;25488.50;1;BID;
20251110;174937.499;25488.50;;25488.50;5;BID;
20251110;174937.499;25488.00;;25488.00;1;BID;
20251110;174937.485;;25488.75;25488.75;5;ASK;
20251110;174937.485;;;25488.25;2;BETWEEN;
20251110;174937.485;25488.25;;25488.25;1;BID;
20251110;174937.485;25488.25;;25488.25;1;BID;
20251110;174937.499;;;25488.50;5;BETWEEN;
20251110;174937.499;25488.00;;25488.00;1;BID;
20251110;174937.583;;;25488.25;1;BETWEEN;
20251110;174937.583;25487.75;;25487.75;5;BID;
20251110;174937.616;;25488.50;25488.50;6;ASK;
20251110;174937.675;25487.50;;25487.50;2;BID;
20251110;174937.675;25487.00;;25487.00;4;BID;
20251110;174937.695;;25488.00;25488.00;4;ASK;
20251110;174937.695;;;25487.50;4;BETWEEN;
20251110;174937.733;;25488.25;25488.25;3;ASK;
20251110;174937.733;;;25487.75;2;BETWEEN;
20251110;174937.683;25487.50;;25487.50;1;BID;
20251110;174937.683;25487.00;;25487.00;4;BID;
20251110;174937.683;;25487.50;25487.50;1;ASK;
20251110;174937.727;;25488.00;25488.00;4;ASK;
20251110;174937.727;;;25487.50;4;BETWEEN;
20251110;174937.727;;25488.00;25488.00;1;ASK;
20251110;174937.727;;25488.00;25488.00;1;ASK;
20251110;174937.727;;25488.00;25488.00;1;ASK;
20251110;174937.731;;25488.25;25488.25;3;ASK;
20251110;174937.731;25487.50;;25487.50;5;BID;
20251110;174937.731;;25488.25;25488.25;1;ASK;
20251110;174937.731;;25488.25;25488.25;1;ASK;
20251110;174937.753;;;25488.00;2;BETWEEN;
20251110;174937.753;25487.50;;25487.50;4;BID;
20251110;174937.785;;;25487.75;4;BETWEEN;
20251110;174937.785;25487.25;;25487.25;3;BID;
20251110;174937.860;25487.25;;25487.25;2;BID;
20251110;174937.884;25487.00;;25487.00;2;BID;
20251110;174937.884;25486.50;;25486.50;3;BID;
20251110;174937.968;;;25486.75;2;BETWEEN;
20251110;174937.968;25486.25;;25486.25;7;BID;
20251110;174937.996;;25487.25;25487.25;2;ASK;
20251110;174937.996;;;25486.75;3;BETWEEN;
20251110;174938.005;;25487.25;25487.25;3;ASK;
20251110;174938.005;25486.75;;25486.75;2;BID;
20251110;174938.060;;;25487.00;2;BETWEEN;
20251110;174938.060;25486.50;;25486.50;5;BID;
20251110;174938.075;;25487.00;25487.00;1;ASK;
20251110;174938.075;;;25486.75;1;BETWEEN;
20251110;174938.145;25486.50;;25486.50;6;BID;
20251110;174938.182;;25487.50;25487.50;4;ASK;
20251110;174938.182;;;25486.75;5;BETWEEN;
20251110;174938.208;;;25487.25;1;BETWEEN;
20251110;174938.181;;;25487.00;1;BETWEEN;
20251110;174938.181;25486.75;;25486.75;1;BID;
20251110;174938.181;;25487.00;25487.00;1;ASK;
20251110;174938.186;;25487.50;25487.50;1;ASK;
20251110;174938.186;;;25487.25;1;BETWEEN;
20251110;174938.186;25487.25;;25487.25;1;BID;
20251110;174938.208;25487.25;;25487.25;1;BID;
20251110;174938.208;25486.75;;25486.75;5;BID;
20251110;174938.227;;25487.25;25487.25;2;ASK;
20251110;174938.227;25486.75;;25486.75;3;BID;
20251110;174938.257;;25487.25;25487.25;1;ASK;
20251110;174938.297;25486.75;;25486.75;1;BID;
20251110;174938.297;25486.50;;25486.50;2;BID;
20251110;174938.297;;25486.75;25486.75;1;ASK;
20251110;174938.304;;25487.00;25487.00;4;ASK;
20251110;174938.304;25486.50;;25486.50;1;BID;
20251110;174938.318;;25487.00;25487.00;3;ASK;
20251110;174938.318;25486.50;;25486.50;2;BID;
20251110;174938.358;;25487.50;25487.50;6;ASK;
20251110;174938.358;;;25486.75;5;BETWEEN;
20251110;174938.331;;;25487.00;2;BETWEEN;
20251110;174938.331;25486.50;;25486.50;4;BID;
20251110;174938.331;;25487.00;25487.00;1;ASK;
20251110;174938.331;;25487.00;25487.00;1;ASK;
20251110;174938.358;;25487.50;25487.50;6;ASK;
20251110;174938.358;;;25486.75;5;BETWEEN;
20251110;174938.370;;;25487.25;4;BETWEEN;
20251110;174938.370;25486.75;;25486.75;3;BID;
20251110;174938.434;;25487.25;25487.25;3;ASK;
20251110;174938.464;;25487.25;25487.25;2;ASK;
20251110;174938.464;25486.75;;25486.75;4;BID;
20251110;174938.492;;25487.25;25487.25;3;ASK;
20251110;174938.492;25486.75;;25486.75;3;BID;
20251110;174938.541;;25487.50;25487.50;6;ASK;
20251110;174938.585;;;25487.25;2;BETWEEN;
20251110;174938.654;;25487.25;25487.25;8;ASK;
20251110;174938.654;25486.50;;25486.50;3;BID;
20251110;174938.694;;25487.25;25487.25;3;ASK;
20251110;174938.694;;;25486.75;3;BETWEEN;
20251110;174938.715;;25487.25;25487.25;2;ASK;
20251110;174938.786;;;25487.00;3;BETWEEN;
20251110;174938.786;25486.50;;25486.50;3;BID;
20251110;174938.833;;25487.00;25487.00;2;ASK;
20251110;174938.833;25486.50;;25486.50;4;BID;
20251110;174938.886;;25487.25;25487.25;6;ASK;
20251110;174938.907;;;25487.00;3;BETWEEN;
20251110;174938.907;25486.50;;25486.50;2;BID;
20251110;174938.905;;25487.25;25487.25;6;ASK;
20251110;174938.905;25486.50;;25486.50;4;BID;
20251110;174938.905;25486.50;;25486.50;1;BID;
20251110;174938.905;25486.50;;25486.50;1;BID;
20251110;174938.907;;;25487.00;3;BETWEEN;
20251110;174938.907;25486.50;;25486.50;2;BID;
20251110;174938.969;;25487.25;25487.25;7;ASK;
20251110;174938.969;25486.50;;25486.50;3;BID;
20251110;174938.977;;25487.25;25487.25;6;ASK;
20251110;174938.977;;25487.25;25487.25;1;ASK;
20251110;174938.987;;25487.25;25487.25;5;ASK;
20251110;174939.027;;25487.25;25487.25;1;ASK;
20251110;174939.027;;;25486.75;4;BETWEEN;
20251110;174939.070;;25487.50;25487.50;5;ASK;
20251110;174939.070;25486.75;;25486.75;5;BID;
20251110;174939.092;;25487.75;25487.75;7;ASK;
20251110;174939.092;;;25487.00;2;BETWEEN;
20251110;174939.107;25487.00;;25487.00;3;BID;
20251110;174939.145;;;25487.50;2;BETWEEN;
20251110;174939.145;25487.00;;25487.00;2;BID;
20251110;174939.233;25486.75;;25486.75;3;BID;
20251110;174939.233;25486.25;;25486.25;3;BID;
20251110;174939.257;25486.25;;25486.25;2;BID;
20251110;174939.223;;25487.75;25487.75;4;ASK;
20251110;174939.223;;;25487.00;3;BETWEEN;
20251110;174939.223;25487.00;;25487.00;1;BID;
20251110;174939.223;25487.00;;25487.00;1;BID;
20251110;174939.223;25487.00;;25487.00;1;BID;
20251110;174939.223;25486.75;;25486.75;1;BID;
20251110;174939.223;25486.75;;25486.75;1;BID;
20251110;174939.223;25486.75;;25486.75;1;BID;
20251110;174939.223;25486.75;;25486.75;1;BID;
20251110;174939.223;25486.75;;25486.75;1;BID;
20251110;174939.223;25486.50;;25486.50;1;BID;
20251110;174939.223;25486.50;;25486.50;1;BID;
20251110;174939.223;25486.50;;25486.50;1;BID;
20251110;174939.223;25486.50;;25486.50;1;BID;
20251110;174939.223;25486.50;;25486.50;1;BID;
20251110;174939.223;25486.50;;25486.50;1;BID;
20251110;174939.223;25486.25;;25486.25;1;BID;
20251110;174939.223;25486.25;;25486.25;1;BID;
20251110;174939.223;25486.25;;25486.25;1;BID;
20251110;174939.223;25486.25;;25486.25;2;BID;
20251110;174939.223;25486.25;;25486.25;1;BID;
20251110;174939.257;25486.75;;25486.75;3;BID;
20251110;174939.257;25486.25;;25486.25;2;BID;
20251110;174939.303;;25486.75;25486.75;2;ASK;
20251110;174939.303;25486.25;;25486.25;3;BID;
20251110;174939.362;;;25486.50;4;BETWEEN;
20251110;174939.362;25486.00;;25486.00;6;BID;
20251110;174939.405;;25486.50;25486.50;1;ASK;
20251110;174939.443;;25486.50;25486.50;2;ASK;
20251110;174939.432;;25486.50;25486.50;1;ASK;
20251110;174939.432;;;25486.25;2;BETWEEN;
20251110;174939.432;;25486.50;25486.50;1;ASK;
20251110;174939.443;;25486.50;25486.50;2;ASK;
20251110;174939.443;25486.00;;25486.00;6;BID;
20251110;174939.508;;25486.50;25486.50;1;ASK;
20251110;174939.510;;25486.75;25486.75;4;ASK;
20251110;174939.606;;25486.75;25486.75;3;ASK;
20251110;174939.628;;25486.75;25486.75;4;ASK;
20251110;174939.656;;;25486.25;2;BETWEEN;
20251110;174939.656;25486.00;;25486.00;2;BID;
20251110;174939.635;;25486.75;25486.75;3;ASK;
20251110;174939.635;25486.00;;25486.00;7;BID;
20251110;174939.635;25486.00;;25486.00;1;BID;
20251110;174939.635;25486.00;;25486.00;1;BID;
20251110;174939.635;25486.00;;25486.00;1;BID;
20251110;174939.636;25486.00;;25486.00;1;BID;
20251110;174939.656;;;25486.25;2;BETWEEN;
20251110;174939.656;25486.00;;25486.00;2;BID;
20251110;174939.677;;25486.50;25486.50;5;ASK;
20251110;174939.705;;;25486.25;2;BETWEEN;
20251110;174939.755;;25486.50;25486.50;6;ASK;
20251110;174939.787;;25486.50;25486.50;7;ASK;
20251110;174939.801;;25486.50;25486.50;1;ASK;
20251110;174939.801;25486.00;;25486.00;4;BID;
20251110;174939.856;;25487.00;25487.00;6;ASK;
20251110;174939.856;;;25486.25;4;BETWEEN;
20251110;174939.856;;;25486.50;1;BETWEEN;
20251110;174939.856;25486.00;;25486.00;4;BID;
20251110;174939.856;;25486.50;25486.50;1;ASK;
20251110;174939.856;;25486.75;25486.75;3;ASK;
20251110;174939.856;;;25486.25;3;BETWEEN;
20251110;174939.856;;25486.75;25486.75;1;ASK;
20251110;174939.856;;25486.75;25486.75;1;ASK;
20251110;174939.856;;25486.75;25486.75;1;ASK;
20251110;174939.859;;25487.25;25487.25;1;ASK;
20251110;174939.859;;;25486.75;3;BETWEEN;
20251110;174939.859;25486.75;;25486.75;1;BID;
20251110;174939.859;25486.75;;25486.75;1;BID;
20251110;174939.859;25486.75;;25486.75;1;BID;
20251110;174939.884;25486.75;;25486.75;3;BID;
20251110;174939.884;25486.25;;25486.25;1;BID;
20251110;174939.916;;25487.00;25487.00;4;ASK;
20251110;174939.916;;;25486.50;1;BETWEEN;
20251110;174939.901;;;25486.75;1;BETWEEN;
20251110;174939.901;25486.25;;25486.25;3;BID;
20251110;174939.901;;25486.75;25486.75;1;ASK;
20251110;174939.916;;25487.00;25487.00;4;ASK;
20251110;174939.916;;;25486.50;1;BETWEEN;
20251110;174939.936;;25487.00;25487.00;3;ASK;
20251110;174940.032;;25487.00;25487.00;4;ASK;
20251110;174940.032;25486.25;;25486.25;5;BID;
20251110;174940.051;;;25486.75;4;BETWEEN;
20251110;174940.051;25486.00;;25486.00;7;BID;
20251110;174940.031;;25487.00;25487.00;3;ASK;
20251110;174940.031;;;25486.50;1;BETWEEN;
20251110;174940.031;;25487.00;25487.00;1;ASK;
20251110;174940.051;;;25486.75;4;BETWEEN;
20251110;174940.051;25486.00;;25486.00;7;BID;
20251110;174940.077;;25486.75;25486.75;1;ASK;
20251110;174940.077;;;25486.25;3;BETWEEN;
20251110;174940.126;;25486.75;25486.75;4;ASK;
20251110;174940.126;25486.00;;25486.00;6;BID;
20251110;174940.159;;25486.75;25486.75;1;ASK;
20251110;174940.159;;;25486.25;3;BETWEEN;
20251110;174940.164;;25486.75;25486.75;3;ASK;
20251110;174940.164;25486.25;;25486.25;1;BID;
20251110;174940.233;;;25486.50;3;BETWEEN;
20251110;174940.233;25486.00;;25486.00;3;BID;
20251110;174940.254;;25486.75;25486.75;4;ASK;
20251110;174940.254;25486.00;;25486.00;4;BID;
20251110;174940.322;;;25486.50;2;BETWEEN;
20251110;174940.322;25486.00;;25486.00;3;BID;
20251110;174940.346;25486.00;;25486.00;4;BID;
20251110;174940.371;25486.00;;25486.00;2;BID;
20251110;174940.393;;25486.50;25486.50;3;ASK;
20251110;174940.492;;;25486.25;5;BETWEEN;
20251110;174940.492;25485.75;;25485.75;5;BID;
20251110;174940.491;;25486.25;25486.25;3;ASK;
20251110;174940.491;;;25486.00;2;BETWEEN;
20251110;174940.491;25486.00;;25486.00;2;BID;
20251110;174940.519;;25486.75;25486.75;3;ASK;
20251110;174940.519;;;25486.25;1;BETWEEN;
20251110;174940.493;25486.00;;25486.00;3;BID;
20251110;174940.493;25485.75;;25485.75;3;BID;
20251110;174940.493;25485.75;;25485.75;1;BID;
20251110;174940.493;25485.75;;25485.75;1;BID;
20251110;174940.493;25485.75;;25485.75;1;BID;
20251110;174940.496;;25486.25;25486.25;1;ASK;
20251110;174940.496;;;25486.00;1;BETWEEN;
20251110;174940.496;;25486.25;25486.25;1;ASK;
20251110;174940.519;;25486.75;25486.75;3;ASK;
20251110;174940.519;;;25486.25;1;BETWEEN;
20251110;174940.601;25486.25;;25486.25;2;BID;
20251110;174940.601;25485.75;;25485.75;3;BID;
20251110;174940.635;;25486.50;25486.50;3;ASK;
20251110;174940.635;;;25486.00;2;BETWEEN;
20251110;174940.627;;;25486.25;1;BETWEEN;
20251110;174940.627;25485.75;;25485.75;3;BID;
20251110;174940.627;;25486.25;25486.25;1;ASK;
20251110;174940.631;;25486.75;25486.75;3;ASK;
20251110;174940.631;;;25486.00;6;BETWEEN;
20251110;174940.631;25486.00;;25486.00;1;BID;
20251110;174940.631;25486.00;;25486.00;1;BID;
20251110;174940.665;;;25486.25;2;BETWEEN;
20251110;174940.665;25485.75;;25485.75;3;BID;
20251110;174940.665;;25486.25;25486.25;1;ASK;
20251110;174940.686;;25486.75;25486.75;4;ASK;
20251110;174940.686;;;25486.00;3;BETWEEN;
20251110;174940.696;;;25486.50;3;BETWEEN;
20251110;174940.696;25485.75;;25485.75;6;BID;
20251110;174940.748;;;25486.25;1;BETWEEN;
20251110;174940.748;25485.75;;25485.75;4;BID;
20251110;174940.777;;25486.50;25486.50;4;ASK;
20251110;174940.777;25485.75;;25485.75;5;BID;
20251110;174940.805;;;25486.25;3;BETWEEN;
20251110;174940.805;25485.75;;25485.75;1;BID;
20251110;174940.776;25485.75;;25485.75;3;BID;
20251110;174940.776;;25486.25;25486.25;1;ASK;
20251110;174940.827;;25486.25;25486.25;5;ASK;
20251110;174940.827;25485.50;;25485.50;3;BID;
20251110;174940.863;;;25486.00;2;BETWEEN;
20251110;174940.863;25485.50;;25485.50;2;BID;
20251110;174940.886;;25486.50;25486.50;3;ASK;
20251110;174940.886;;;25485.75;5;BETWEEN;
20251110;174940.905;;25486.50;25486.50;2;ASK;
20251110;174940.905;;;25486.00;2;BETWEEN;
20251110;174940.942;;25486.50;25486.50;3;ASK;
20251110;174940.942;25485.75;;25485.75;4;BID;
20251110;174941.004;25485.75;;25485.75;1;BID;
20251110;174941.017;;;25486.25;4;BETWEEN;
20251110;174941.017;25485.75;;25485.75;2;BID;
20251110;174941.049;25485.75;;25485.75;1;BID;
20251110;174941.089;25485.50;;25485.50;5;BID;
20251110;174941.342;;25486.25;25486.25;1;ASK;
20251110;174941.371;;;25486.00;2;BETWEEN;
20251110;174941.371;25485.50;;25485.50;1;BID;
20251110;174941.466;;;25485.75;1;BETWEEN;
20251110;174941.466;25485.25;;25485.25;4;BID;
20251110;174941.539;25485.25;;25485.25;2;BID;
20251110;174941.630;;25486.00;25486.00;1;ASK;
20251110;174941.630;;;25485.50;2;BETWEEN;
20251110;174941.658;;25486.50;25486.50;4;ASK;
20251110;174941.658;;;25486.00;3;BETWEEN;
20251110;174941.686;;;25486.25;4;BETWEEN;
20251110;174941.686;25485.75;;25485.75;3;BID;
20251110;174941.717;;25486.25;25486.25;1;ASK;
20251110;174941.717;25485.75;;25485.75;2;BID;
20251110;174941.723;;;25486.00;1;BETWEEN;
20251110;174941.723;25485.50;;25485.50;5;BID;
20251110;174941.713;;25486.25;25486.25;4;ASK;
20251110;174941.713;;;25485.75;3;BETWEEN;
20251110;174941.713;25485.75;;25485.75;1;BID;
20251110;174941.713;25485.75;;25485.75;1;BID;
20251110;174941.713;25485.75;;25485.75;1;BID;
20251110;174941.714;25485.75;;25485.75;1;BID;
20251110;174941.714;25485.50;;25485.50;4;BID;
20251110;174941.714;;25485.75;25485.75;1;ASK;
20251110;174941.723;;25486.00;25486.00;1;ASK;
20251110;174941.723;25485.50;;25485.50;5;BID;
20251110;174941.804;;25486.00;25486.00;2;ASK;
20251110;174941.804;25485.50;;25485.50;4;BID;
20251110;174941.805;;25486.00;25486.00;1;ASK;
20251110;174941.828;;25486.00;25486.00;1;ASK;
20251110;174941.840;;25486.00;25486.00;3;ASK;
20251110;174941.852;25485.50;;25485.50;2;BID;
20251110;174941.902;25485.50;;25485.50;1;BID;
20251110;174941.927;;25486.25;25486.25;5;ASK;
20251110;174941.927;25485.50;;25485.50;5;BID;
20251110;174941.985;;25486.50;25486.50;8;ASK;
20251110;174941.985;;;25485.75;4;BETWEEN;
20251110;174942.008;;25486.50;25486.50;3;ASK;
20251110;174942.008;25485.75;;25485.75;6;BID;
20251110;174942.025;;25486.50;25486.50;1;ASK;
20251110;174942.025;;;25486.00;4;BETWEEN;
20251110;174942.051;;;25486.25;1;BETWEEN;
20251110;174942.051;;25486.50;25486.50;1;ASK;
20251110;174942.072;;25487.00;25487.00;4;ASK;
20251110;174942.072;25486.25;;25486.25;5;BID;
20251110;174942.079;;;25486.50;1;BETWEEN;
20251110;174942.147;25486.25;;25486.25;5;BID;
20251110;174942.195;;25487.00;25487.00;5;ASK;
20251110;174942.195;25486.25;;25486.25;4;BID;
20251110;174942.277;25486.25;;25486.25;3;BID;
20251110;174942.277;25486.25;;25486.25;4;BID;
20251110;174942.277;25486.25;;25486.25;1;BID;
20251110;174942.361;;25487.00;25487.00;4;ASK;
20251110;174942.384;;25487.50;25487.50;4;ASK;
20251110;174942.384;;;25486.75;5;BETWEEN;
20251110;174942.415;;25487.50;25487.50;5;ASK;
20251110;174942.415;25486.75;;25486.75;4;BID;
20251110;174942.473;;25487.50;25487.50;4;ASK;
20251110;174942.484;25486.75;;25486.75;5;BID;
20251110;174942.640;25486.75;;25486.75;4;BID;
20251110;174942.639;25486.75;;25486.75;5;BID;
20251110;174942.639;25486.75;;25486.75;1;BID;
20251110;174942.640;25486.75;;25486.75;4;BID;
20251110;174942.726;;;25487.25;2;BETWEEN;
20251110;174942.726;25486.75;;25486.75;2;BID;
20251110;174942.750;;;25487.00;3;BETWEEN;
20251110;174942.750;25486.50;;25486.50;1;BID;
20251110;174942.769;;25487.00;25487.00;2;ASK;
20251110;174942.790;;25487.00;25487.00;1;ASK;
20251110;174942.809;;25487.00;25487.00;3;ASK;
20251110;174942.809;25486.50;;25486.50;2;BID;
20251110;174942.982;25486.25;;25486.25;5;BID;
20251110;174942.996;;25487.00;25487.00;2;ASK;
20251110;174942.996;;;25486.50;1;BETWEEN;
20251110;174943.063;25486.25;;25486.25;7;BID;
20251110;174943.063;;;25486.50;1;BETWEEN;
20251110;174943.063;25486.50;;25486.50;1;BID;
20251110;174943.075;;25487.00;25487.00;3;ASK;
20251110;174943.075;25486.50;;25486.50;2;BID;
20251110;174943.147;25486.25;;25486.25;6;BID;
20251110;174943.180;;;25486.50;2;BETWEEN;
20251110;174943.215;;25487.25;25487.25;4;ASK;
20251110;174943.215;25486.50;;25486.50;5;BID;
20251110;174943.244;;25487.50;25487.50;5;ASK;
20251110;174943.244;;;25486.75;6;BETWEEN;
20251110;174943.280;;25487.50;25487.50;2;ASK;
20251110;174943.280;;;25487.00;4;BETWEEN;
20251110;174943.289;;25487.50;25487.50;3;ASK;
20251110;174943.289;25487.00;;25487.00;2;BID;
20251110;174943.357;;25487.50;25487.50;1;ASK;
20251110;174943.357;25487.00;;25487.00;5;BID;
20251110;174943.357;;25487.50;25487.50;1;ASK;
20251110;174943.357;;25487.75;25487.75;3;ASK;
20251110;174943.357;;;25487.25;4;BETWEEN;
20251110;174943.357;;25487.75;25487.75;1;ASK;
20251110;174943.357;;25487.75;25487.75;1;ASK;
20251110;174943.357;;25487.75;25487.75;1;ASK;
20251110;174943.385;;25488.00;25488.00;5;ASK;
20251110;174943.385;;;25487.50;2;BETWEEN;
20251110;174943.392;;25488.00;25488.00;4;ASK;
20251110;174943.392;25487.50;;25487.50;1;BID;
20251110;174943.439;;;25487.75;3;BETWEEN;
20251110;174943.439;25487.25;;25487.25;4;BID;
20251110;174943.478;;25487.75;25487.75;4;ASK;
20251110;174943.478;25487.00;;25487.00;5;BID;
20251110;174943.504;;;25487.25;3;BETWEEN;
20251110;174943.504;25486.75;;25486.75;2;BID;
20251110;174943.573;;25487.50;25487.50;4;ASK;
20251110;174943.573;25486.75;;25486.75;4;BID;
20251110;174943.632;;;25487.25;4;BETWEEN;
20251110;174943.632;25486.50;;25486.50;5;BID;
20251110;174943.659;;;25487.00;2;BETWEEN;
20251110;174943.659;25486.50;;25486.50;1;BID;
20251110;174943.674;25486.50;;25486.50;3;BID;
20251110;174943.762;;25487.00;25487.00;1;ASK;
20251110;174943.779;;25487.00;25487.00;3;ASK;
20251110;174943.779;25486.25;;25486.25;3;BID;
20251110;174943.853;;;25486.50;2;BETWEEN;
20251110;174943.853;25486.00;;25486.00;1;BID;
20251110;174944.049;;25486.50;25486.50;1;ASK;
20251110;174944.049;25486.00;;25486.00;2;BID;
20251110;174944.061;;25487.25;25487.25;2;ASK;
20251110;174944.061;;;25486.75;1;BETWEEN;
20251110;174944.117;;25487.25;25487.25;3;ASK;
20251110;174944.117;25486.50;;25486.50;4;BID;
20251110;174944.127;25486.50;;25486.50;5;BID;
20251110;174944.247;25486.50;;25486.50;4;BID;
20251110;174944.310;;;25487.00;5;BETWEEN;
20251110;174944.310;25486.25;;25486.25;6;BID;
20251110;174944.334;;25487.00;25487.00;4;ASK;
20251110;174944.369;;25487.25;25487.25;6;ASK;
20251110;174944.369;;;25486.50;4;BETWEEN;
20251110;174944.401;;25487.25;25487.25;4;ASK;
20251110;174944.401;25486.50;;25486.50;5;BID;
20251110;174944.442;;;25486.75;3;BETWEEN;
20251110;174944.462;;25487.25;25487.25;2;ASK;
20251110;174944.462;25486.75;;25486.75;5;BID;
20251110;174944.500;25486.75;;25486.75;3;BID;
20251110;174944.572;;25487.50;25487.50;4;ASK;
20251110;174944.599;;25487.75;25487.75;3;ASK;
20251110;174944.599;;;25487.00;4;BETWEEN;
20251110;174944.572;;;25487.25;2;BETWEEN;
20251110;174944.572;25486.75;;25486.75;3;BID;
20251110;174944.572;;25487.25;25487.25;1;ASK;
20251110;174944.599;;25487.75;25487.75;3;ASK;
20251110;174944.599;;;25487.00;4;BETWEEN;
20251110;174944.619;;25487.75;25487.75;4;ASK;
20251110;174944.653;;25487.75;25487.75;3;ASK;
20251110;174944.653;;;25487.25;2;BETWEEN;
20251110;174944.732;;25488.00;25488.00;4;ASK;
20251110;174944.732;25487.25;;25487.25;4;BID;
20251110;174944.841;;;25487.75;2;BETWEEN;
20251110;174944.841;25487.25;;25487.25;2;BID;
20251110;174945.001;;25488.00;25488.00;1;ASK;
20251110;174945.001;;;25487.50;3;BETWEEN;
20251110;174945.000;;;25487.75;2;BETWEEN;
20251110;174945.000;25487.25;;25487.25;2;BID;
20251110;174945.000;;25487.75;25487.75;1;ASK;
20251110;174945.000;;25487.75;25487.75;1;ASK;
20251110;174945.061;25487.25;;25487.25;3;BID;
20251110;174945.061;25486.50;;25486.50;5;BID;
20251110;174945.084;;25487.25;25487.25;2;ASK;
20251110;174945.084;;;25486.75;1;BETWEEN;
20251110;174945.104;;25487.25;25487.25;1;ASK;
20251110;174945.104;25486.75;;25486.75;3;BID;
20251110;174945.151;;25487.50;25487.50;5;ASK;
20251110;174945.151;;;25487.00;1;BETWEEN;
20251110;174945.273;;25487.50;25487.50;4;ASK;
20251110;174945.273;;;25487.25;1;BETWEEN;
20251110;174945.296;;25488.50;25488.50;5;ASK;
20251110;174945.296;;;25488.00;1;BETWEEN;
20251110;174945.331;;;25488.25;2;BETWEEN;
20251110;174945.336;;25488.50;25488.50;5;ASK;
20251110;174945.377;;25488.50;25488.50;4;ASK;
20251110;174945.418;;25488.50;25488.50;3;ASK;
20251110;174945.418;25488.00;;25488.00;2;BID;
20251110;174945.404;;25488.50;25488.50;2;ASK;
20251110;174945.404;;;25488.25;1;BETWEEN;
20251110;174945.404;;25488.50;25488.50;1;ASK;
20251110;174945.407;;25489.00;25489.00;6;ASK;
20251110;174945.407;;;25488.50;1;BETWEEN;
20251110;174945.407;25488.50;;25488.50;1;BID;
20251110;174945.418;25488.50;;25488.50;3;BID;
20251110;174945.418;25488.00;;25488.00;2;BID;
20251110;174945.446;;25488.75;25488.75;4;ASK;
20251110;174945.446;25488.00;;25488.00;3;BID;
20251110;174945.487;;25488.75;25488.75;5;ASK;
20251110;174945.487;25488.00;;25488.00;6;BID;
20251110;174945.474;;;25488.50;3;BETWEEN;
20251110;174945.474;25488.00;;25488.00;1;BID;
20251110;174945.474;;25488.50;25488.50;1;ASK;
20251110;174945.521;;25488.75;25488.75;5;ASK;
20251110;174945.521;;;25488.25;1;BETWEEN;
20251110;174945.595;;25489.00;25489.00;4;ASK;
20251110;174945.595;;;25488.50;1;BETWEEN;
20251110;174945.609;;;25488.75;1;BETWEEN;
20251110;174945.609;25488.25;;25488.25;3;BID;
20251110;174945.650;;25489.00;25489.00;3;ASK;
20251110;174945.650;;;25488.50;2;BETWEEN;
20251110;174945.677;;25489.00;25489.00;2;ASK;
20251110;174945.710;25488.50;;25488.50;2;BID;
20251110;174945.710;25488.00;;25488.00;1;BID;
20251110;174945.659;;25489.00;25489.00;1;ASK;
20251110;174945.659;;;25488.50;4;BETWEEN;
20251110;174945.659;;25489.00;25489.00;1;ASK;
20251110;174945.710;25488.50;;25488.50;2;BID;
20251110;174945.710;25488.00;;25488.00;1;BID;
20251110;174945.739;;25488.75;25488.75;4;ASK;
20251110;174945.739;;;25488.25;1;BETWEEN;
20251110;174945.748;;25488.75;25488.75;5;ASK;
20251110;174945.729;;;25488.50;1;BETWEEN;
20251110;174945.729;;25488.50;25488.50;3;ASK;
20251110;174945.748;;25488.75;25488.75;5;ASK;
20251110;174945.831;;25488.75;25488.75;6;ASK;
20251110;174946.006;;25489.00;25489.00;4;ASK;
20251110;174946.006;;;25488.50;1;BETWEEN;
20251110;174946.063;;25489.00;25489.00;5;ASK;
20251110;174946.063;25488.25;;25488.25;4;BID;
20251110;174946.097;;;25488.75;6;BETWEEN;
20251110;174946.097;25488.25;;25488.25;1;BID;
20251110;174946.208;;;25488.50;2;BETWEEN;
20251110;174946.228;;25488.50;25488.50;7;ASK;
20251110;174946.228;25487.75;;25487.75;3;BID;
20251110;174946.208;;25488.50;25488.50;2;ASK;
20251110;174946.208;;;25488.25;1;BETWEEN;
20251110;174946.208;25488.25;;25488.25;1;BID;
20251110;174946.228;;25488.50;25488.50;7;ASK;
20251110;174946.228;25487.75;;25487.75;3;BID;
20251110;174946.287;;;25488.25;1;BETWEEN;
20251110;174946.314;;;25488.00;3;BETWEEN;
20251110;174946.314;25487.50;;25487.50;2;BID;
20251110;174946.312;;25488.25;25488.25;2;ASK;
20251110;174946.312;;;25487.75;1;BETWEEN;
20251110;174946.312;;25488.25;25488.25;1;ASK;
20251110;174946.313;;25488.25;25488.25;1;ASK;
20251110;174946.313;;;25488.00;1;BETWEEN;
20251110;174946.313;25488.00;;25488.00;1;BID;
20251110;174946.314;25488.00;;25488.00;3;BID;
20251110;174946.314;25487.50;;25487.50;2;BID;
20251110;174946.326;25487.25;;25487.25;4;BID;
20251110;174946.408;;25488.00;25488.00;1;ASK;
20251110;174946.408;;;25487.50;2;BETWEEN;
20251110;174946.457;;25488.25;25488.25;2;ASK;
20251110;174946.457;;;25487.75;1;BETWEEN;
20251110;174946.494;;;25488.00;2;BETWEEN;
20251110;174946.494;25487.50;;25487.50;2;BID;
20251110;174946.635;;25488.00;25488.00;1;ASK;
20251110;174946.654;;;25487.75;2;BETWEEN;
20251110;174946.654;25487.25;;25487.25;2;BID;
20251110;174946.695;;25488.00;25488.00;5;ASK;
20251110;174946.695;25487.25;;25487.25;3;BID;
20251110;174946.721;;25488.00;25488.00;4;ASK;
20251110;174946.751;;25488.00;25488.00;3;ASK;
20251110;174946.751;;;25487.50;1;BETWEEN;
20251110;174946.763;25487.50;;25487.50;2;BID;
20251110;174946.798;25487.25;;25487.25;4;BID;
20251110;174946.860;;;25487.50;2;BETWEEN;
20251110;174946.940;25487.50;;25487.50;17;BID;
20251110;174946.940;25487.25;;25487.25;6;BID;
20251110;174946.939;;25488.00;25488.00;3;ASK;
20251110;174946.939;;;25487.50;2;BETWEEN;
20251110;174946.939;25487.50;;25487.50;1;BID;
20251110;174946.939;25487.50;;25487.50;1;BID;
20251110;174946.941;25487.50;;25487.50;17;BID;
20251110;174946.941;25487.25;;25487.25;3;BID;
20251110;174946.941;25487.25;;25487.25;1;BID;
20251110;174946.941;25487.25;;25487.25;1;BID;
20251110;174946.941;25487.25;;25487.25;1;BID;
20251110;174946.942;25487.25;;25487.25;2;BID;
20251110;174946.942;25487.00;;25487.00;3;BID;
20251110;174946.942;25487.00;;25487.00;1;BID;
20251110;174946.942;25487.00;;25487.00;1;BID;
20251110;174946.942;25487.00;;25487.00;1;BID;
20251110;174946.947;25486.50;;25486.50;2;BID;
20251110;174946.947;25486.25;;25486.25;2;BID;
20251110;174946.947;;25486.50;25486.50;1;ASK;
20251110;174946.948;;25486.50;25486.50;1;ASK;
20251110;174946.948;;25486.50;25486.50;1;ASK;
20251110;174946.948;;25487.25;25487.25;6;ASK;
20251110;174946.970;;25487.00;25487.00;1;ASK;
20251110;174946.970;25486.50;;25486.50;5;BID;
20251110;174946.993;;25487.00;25487.00;4;ASK;
20251110;174946.993;25486.50;;25486.50;1;BID;
20251110;174946.969;;;25486.75;1;BETWEEN;
20251110;174946.969;;25486.75;25486.75;1;ASK;
20251110;174947.022;;25487.00;25487.00;2;ASK;
20251110;174947.051;;25487.00;25487.00;1;ASK;
20251110;174947.051;25486.50;;25486.50;2;BID;
20251110;174947.063;;25487.00;25487.00;2;ASK;
20251110;174947.124;;25487.25;25487.25;7;ASK;
20251110;174947.124;25486.50;;25486.50;4;BID;
20251110;174947.149;;;25487.00;2;BETWEEN;
20251110;174947.149;25486.50;;25486.50;2;BID;
20251110;174947.159;25486.50;;25486.50;1;BID;
20251110;174947.247;;25487.25;25487.25;4;ASK;
20251110;174947.247;;;25486.75;1;BETWEEN;
20251110;174947.259;;;25487.00;2;BETWEEN;
20251110;174947.259;25486.50;;25486.50;4;BID;
20251110;174947.296;25486.50;;25486.50;1;BID;
20251110;174947.334;;25487.00;25487.00;1;ASK;
20251110;174947.334;25486.50;;25486.50;3;BID;
20251110;174947.347;;25487.00;25487.00;3;ASK;
20251110;174947.347;25486.50;;25486.50;1;BID;
20251110;174947.436;;25487.00;25487.00;2;ASK;
20251110;174947.436;25486.50;;25486.50;2;BID;
20251110;174947.490;;25487.00;25487.00;3;ASK;
20251110;174947.490;25486.50;;25486.50;1;BID;
20251110;174947.517;;25487.25;25487.25;4;ASK;
20251110;174947.517;;;25486.75;1;BETWEEN;
20251110;174947.548;25486.50;;25486.50;4;BID;
20251110;174947.621;;;25487.00;2;BETWEEN;
20251110;174947.621;25486.50;;25486.50;1;BID;
20251110;174947.667;25486.50;;25486.50;3;BID;
20251110;174947.728;;25487.25;25487.25;7;ASK;
20251110;174947.743;;;25487.00;3;BETWEEN;
20251110;174947.743;25486.50;;25486.50;1;BID;
20251110;174947.765;;25487.00;25487.00;2;ASK;
20251110;174947.765;25486.50;;25486.50;4;BID;
20251110;174947.764;;25487.00;25487.00;3;ASK;
20251110;174947.764;25486.50;;25486.50;1;BID;
20251110;174947.764;;25487.00;25487.00;1;ASK;
20251110;174947.765;;25487.00;25487.00;2;ASK;
20251110;174947.765;25486.50;;25486.50;4;BID;
20251110;174947.811;25486.50;;25486.50;1;BID;
20251110;174947.833;;25487.00;25487.00;3;ASK;
20251110;174947.793;;;25486.75;4;BETWEEN;
20251110;174947.793;25486.50;;25486.50;1;BID;
20251110;174947.795;25486.50;;25486.50;1;BID;
20251110;174947.795;25486.00;;25486.00;4;BID;
20251110;174947.795;;25486.50;25486.50;1;ASK;
20251110;174947.833;;25487.00;25487.00;3;ASK;
20251110;174947.833;;;25486.50;1;BETWEEN;
20251110;174947.861;;25487.00;25487.00;5;ASK;
20251110;174947.861;25486.25;;25486.25;6;BID;
20251110;174947.914;;;25486.75;4;BETWEEN;
20251110;174947.940;;25486.75;25486.75;3;ASK;
20251110;174947.940;25486.25;;25486.25;5;BID;
20251110;174947.974;;25487.00;25487.00;3;ASK;
20251110;174947.974;;;25486.50;1;BETWEEN;
20251110;174948.011;;25487.00;25487.00;2;ASK;
20251110;174948.011;25486.50;;25486.50;3;BID;
20251110;174948.032;;25487.00;25487.00;3;ASK;
20251110;174948.032;25486.25;;25486.25;6;BID;
20251110;174948.084;;25487.00;25487.00;4;ASK;
20251110;174948.084;25486.25;;25486.25;5;BID;
20251110;174948.097;;25487.00;25487.00;3;ASK;
20251110;174948.097;;;25486.50;2;BETWEEN;
20251110;174948.084;25486.25;;25486.25;6;BID;
20251110;174948.084;25486.25;;25486.25;1;BID;
20251110;174948.097;;;25486.50;2;BETWEEN;
20251110;174948.144;25486.50;;25486.50;1;BID;
20251110;174948.155;;25487.00;25487.00;4;ASK;
20251110;174948.155;25486.25;;25486.25;6;BID;
20251110;174948.312;;;25486.75;4;BETWEEN;
20251110;174948.312;25486.25;;25486.25;2;BID;
20251110;174948.324;;25487.00;25487.00;5;ASK;
20251110;174948.324;25486.25;;25486.25;4;BID;
20251110;174948.367;;;25486.75;4;BETWEEN;
20251110;174948.367;25486.25;;25486.25;2;BID;
20251110;174948.399;;25486.75;25486.75;2;ASK;
20251110;174948.399;25486.25;;25486.25;3;BID;
20251110;174948.430;;25487.00;25487.00;5;ASK;
20251110;174948.430;;;25486.50;1;BETWEEN;
20251110;174948.466;;25487.00;25487.00;4;ASK;
20251110;174948.466;25486.50;;25486.50;3;BID;
20251110;174948.466;;25487.00;25487.00;5;ASK;
20251110;174948.466;25486.50;;25486.50;1;BID;
20251110;174948.466;;25487.00;25487.00;1;ASK;
20251110;174948.486;;;25486.75;5;BETWEEN;
20251110;174948.486;25486.25;;25486.25;2;BID;
20251110;174948.517;25486.25;;25486.25;3;BID;
20251110;174948.543;25486.25;;25486.25;1;BID;
20251110;174948.575;;;25486.50;2;BETWEEN;
20251110;174948.603;;25486.75;25486.75;1;ASK;
20251110;174948.603;25486.25;;25486.25;4;BID;
20251110;174948.591;;25486.75;25486.75;7;ASK;
20251110;174948.591;25486.25;;25486.25;1;BID;
20251110;174948.591;;25486.75;25486.75;1;ASK;
20251110;174948.591;;25486.75;25486.75;1;ASK;
20251110;174948.591;;25486.75;25486.75;1;ASK;
20251110;174948.591;;25486.75;25486.75;1;ASK;
20251110;174948.591;;25486.75;25486.75;1;ASK;
20251110;174948.636;;25487.00;25487.00;5;ASK;
20251110;174948.636;25486.25;;25486.25;4;BID;
20251110;174948.660;;25487.00;25487.00;3;ASK;
20251110;174948.660;;;25486.50;2;BETWEEN;
20251110;174948.730;25486.50;;25486.50;1;BID;
20251110;174948.744;;25487.00;25487.00;2;ASK;
20251110;174948.744;25486.50;;25486.50;3;BID;
20251110;174948.774;;25487.00;25487.00;5;ASK;
20251110;174948.774;25486.50;;25486.50;1;BID;
20251110;174948.800;;25487.00;25487.00;1;ASK;
20251110;174948.800;25486.50;;25486.50;4;BID;
20251110;174948.885;25486.50;;25486.50;3;BID;
20251110;174948.915;;;25486.75;3;BETWEEN;
20251110;174948.915;25486.25;;25486.25;3;BID;
20251110;174948.946;25486.25;;25486.25;2;BID;
20251110;174949.001;;25486.75;25486.75;2;ASK;
20251110;174949.001;25486.25;;25486.25;3;BID;
20251110;174949.021;;;25486.50;5;BETWEEN;
20251110;174949.021;25486.00;;25486.00;1;BID;
20251110;174949.004;;25486.75;25486.75;1;ASK;
20251110;174949.004;;;25486.25;3;BETWEEN;
20251110;174949.004;;25486.75;25486.75;1;ASK;
20251110;174949.004;;25487.00;25487.00;1;ASK;
20251110;174949.013;;;25486.50;2;BETWEEN;
20251110;174949.013;25486.25;;25486.25;1;BID;
20251110;174949.013;25486.25;;25486.25;1;BID;
20251110;174949.021;;25486.50;25486.50;5;ASK;
20251110;174949.021;25486.00;;25486.00;1;BID;
20251110;174949.054;25486.00;;25486.00;6;BID;
20251110;174949.054;25485.50;;25485.50;2;BID;
20251110;174949.033;;25486.25;25486.25;4;ASK;
20251110;174949.033;;;25486.00;1;BETWEEN;
20251110;174949.033;25486.00;;25486.00;1;BID;
20251110;174949.034;;25486.25;25486.25;5;ASK;
20251110;174949.034;25485.75;;25485.75;1;BID;
20251110;174949.034;25485.75;;25485.75;1;BID;
20251110;174949.044;25485.50;;25485.50;1;BID;
20251110;174949.044;25485.25;;25485.25;1;BID;
20251110;174949.044;;25485.50;25485.50;1;ASK;
20251110;174949.044;25485.25;;25485.25;1;BID;
20251110;174949.054;;25486.00;25486.00;6;ASK;
20251110;174949.054;;;25485.50;2;BETWEEN;
20251110;174949.103;;25486.00;25486.00;5;ASK;
20251110;174949.203;;25486.00;25486.00;6;ASK;
20251110;174949.203;25485.50;;25485.50;1;BID;
20251110;174949.203;25485.50;;25485.50;1;BID;
20251110;174949.212;25485.50;;25485.50;1;BID;
20251110;174949.212;25485.25;;25485.25;1;BID;
20251110;174949.212;;25485.50;25485.50;1;ASK;
20251110;174949.229;;25485.75;25485.75;5;ASK;
20251110;174949.229;25485.00;;25485.00;5;BID;
20251110;174949.267;;25486.00;25486.00;3;ASK;
20251110;174949.267;;;25485.50;2;BETWEEN;
20251110;174949.348;25485.50;;25485.50;3;BID;
20251110;174949.348;25485.00;;25485.00;2;BID;
20251110;174949.411;;25485.75;25485.75;6;ASK;
20251110;174949.411;25485.00;;25485.00;4;BID;
20251110;174949.443;;25485.75;25485.75;5;ASK;
20251110;174949.466;;25485.75;25485.75;4;ASK;
20251110;174949.466;25485.00;;25485.00;5;BID;
20251110;174949.556;;25486.00;25486.00;6;ASK;
20251110;174949.556;;;25485.25;4;BETWEEN;
20251110;174949.564;;;25485.50;1;BETWEEN;
20251110;174949.620;;25486.00;25486.00;4;ASK;
20251110;174949.620;25485.25;;25485.25;4;BID;
20251110;174949.651;;25486.00;25486.00;6;ASK;
20251110;174949.651;25485.25;;25485.25;3;BID;
20251110;174949.640;;25486.00;25486.00;3;ASK;
20251110;174949.640;;;25485.50;1;BETWEEN;
20251110;174949.640;25485.50;;25485.50;1;BID;
20251110;174949.640;25485.25;;25485.25;1;BID;
20251110;174949.640;25485.25;;25485.25;1;BID;
20251110;174949.640;25485.25;;25485.25;1;BID;
20251110;174949.640;25485.25;;25485.25;1;BID;
20251110;174949.651;;25486.00;25486.00;6;ASK;
20251110;174949.651;25485.25;;25485.25;3;BID;
20251110;174949.785;;25486.00;25486.00;5;ASK;
20251110;174949.785;;;25485.50;1;BETWEEN;
20251110;174949.795;25485.50;;25485.50;3;BID;
20251110;174949.795;25485.00;;25485.00;2;BID;
20251110;174949.785;;25486.00;25486.00;5;ASK;
20251110;174949.785;;;25485.50;1;BETWEEN;
20251110;174949.785;25485.50;;25485.50;1;BID;
20251110;174949.795;25485.50;;25485.50;3;BID;
20251110;174949.795;25485.00;;25485.00;2;BID;
20251110;174949.831;;25485.50;25485.50;2;ASK;
20251110;174949.831;25485.00;;25485.00;3;BID;
20251110;174949.871;;25485.75;25485.75;6;ASK;
20251110;174949.871;25485.00;;25485.00;4;BID;
20251110;174949.897;;;25485.50;1;BETWEEN;
20251110;174949.931;;25485.50;25485.50;3;ASK;
20251110;174949.931;25485.00;;25485.00;2;BID;
20251110;174949.994;;;25485.25;2;BETWEEN;
20251110;174949.994;25484.75;;25484.75;3;BID;
20251110;174950.025;;25485.25;25485.25;4;ASK;
20251110;174950.025;25484.50;;25484.50;4;BID;
20251110;174949.984;;25485.75;25485.75;6;ASK;
20251110;174949.984;;;25485.00;4;BETWEEN;
20251110;174949.984;25485.00;;25485.00;1;BID;
20251110;174950.010;;;25485.50;4;BETWEEN;
20251110;174950.010;25485.00;;25485.00;2;BID;
20251110;174950.010;;25485.50;25485.50;1;ASK;
20251110;174950.010;;25485.50;25485.50;1;ASK;
20251110;174950.029;25485.00;;25485.00;6;BID;
20251110;174950.029;25484.50;;25484.50;1;BID;
20251110;174950.029;25484.50;;25484.50;1;BID;
20251110;174950.029;25484.25;;25484.25;1;BID;
20251110;174950.029;25484.25;;25484.25;1;BID;
20251110;174950.058;25483.00;;25483.00;1;BID;
20251110;174950.058;25482.75;;25482.75;2;BID;
20251110;174950.089;;25484.25;25484.25;4;ASK;
20251110;174950.089;;;25483.75;3;BETWEEN;
20251110;174950.044;25483.75;;25483.75;4;BID;
20251110;174950.044;25483.50;;25483.50;1;BID;
20251110;174950.044;25483.50;;25483.50;1;BID;
20251110;174950.044;25483.25;;25483.25;1;BID;
20251110;174950.046;25483.50;;25483.50;5;BID;
20251110;174950.046;25483.00;;25483.00;6;BID;
20251110;174950.046;25483.00;;25483.00;1;BID;
20251110;174950.047;;;25483.25;1;BETWEEN;
20251110;174950.047;25483.00;;25483.00;4;BID;
20251110;174950.047;25483.00;;25483.00;1;BID;
20251110;174950.047;25483.00;;25483.00;1;BID;
20251110;174950.047;25483.00;;25483.00;2;BID;
20251110;174950.089;;25484.25;25484.25;4;ASK;
20251110;174950.089;;;25483.75;3;BETWEEN;
20251110;174950.115;;;25484.00;1;BETWEEN;
20251110;174950.115;25483.50;;25483.50;5;BID;
20251110;174950.144;;25484.00;25484.00;2;ASK;
20251110;174950.144;25483.50;;25483.50;2;BID;
20251110;174950.179;;25484.25;25484.25;1;ASK;
20251110;174950.179;;;25483.75;3;BETWEEN;
20251110;174950.208;;25485.00;25485.00;7;ASK;
20251110;174950.208;;;25484.25;5;BETWEEN;
20251110;174950.309;;25485.00;25485.00;1;ASK;
20251110;174950.309;;;25484.50;2;BETWEEN;
20251110;174950.348;;25485.00;25485.00;3;ASK;
20251110;174950.348;25484.50;;25484.50;1;BID;
20251110;174950.377;;;25484.75;1;BETWEEN;
20251110;174950.377;25484.25;;25484.25;4;BID;
20251110;174950.389;;25484.75;25484.75;3;ASK;
20251110;174950.389;25484.25;;25484.25;1;BID;
20251110;174950.370;;25485.25;25485.25;1;ASK;
20251110;174950.370;;;25484.75;1;BETWEEN;
20251110;174950.370;25484.75;;25484.75;1;BID;
20251110;174950.389;25484.75;;25484.75;3;BID;
20251110;174950.389;25484.25;;25484.25;1;BID;
20251110;174950.435;;25484.75;25484.75;2;ASK;
20251110;174950.435;25484.25;;25484.25;3;BID;
20251110;174950.486;;;25484.50;4;BETWEEN;
20251110;174950.486;25483.75;;25483.75;4;BID;
20251110;174950.471;;25484.75;25484.75;2;ASK;
20251110;174950.471;;;25484.25;3;BETWEEN;
20251110;174950.471;25484.25;;25484.25;1;BID;
20251110;174950.486;;;25484.50;4;BETWEEN;
20251110;174950.486;25483.75;;25483.75;4;BID;
20251110;174950.576;;;25484.25;1;BETWEEN;
20251110;174950.576;25483.75;;25483.75;3;BID;
20251110;174950.611;;;25484.00;1;BETWEEN;
20251110;174950.611;25483.50;;25483.50;2;BID;
20251110;174950.614;;25484.00;25484.00;2;ASK;
20251110;174950.614;25483.50;;25483.50;1;BID;
20251110;174950.689;;25484.00;25484.00;5;ASK;
20251110;174950.689;25483.25;;25483.25;4;BID;
20251110;174950.773;;25484.00;25484.00;4;ASK;
20251110;174950.773;;;25483.50;1;BETWEEN;
20251110;174950.777;25483.25;;25483.25;5;BID;
20251110;174950.851;;;25483.75;2;BETWEEN;
20251110;174950.851;25483.25;;25483.25;4;BID;
20251110;174950.854;;25484.00;25484.00;3;ASK;
20251110;174950.854;;;25483.50;2;BETWEEN;
20251110;174950.995;25483.50;;25483.50;1;BID;
20251110;174951.023;;;25483.75;2;BETWEEN;
20251110;174951.023;25483.25;;25483.25;2;BID;
20251110;174951.056;;;25483.50;5;BETWEEN;
20251110;174951.056;25482.75;;25482.75;3;BID;
20251110;174951.077;25482.75;;25482.75;6;BID;
20251110;174951.111;;;25483.25;4;BETWEEN;
20251110;174951.111;25482.75;;25482.75;3;BID;
20251110;174951.143;;25483.25;25483.25;6;ASK;
20251110;174951.178;;25483.75;25483.75;4;ASK;
20251110;174951.178;;;25483.25;1;BETWEEN;
20251110;174951.186;;25483.75;25483.75;2;ASK;
20251110;174951.167;25483.00;;25483.00;2;BID;
20251110;174951.167;25482.75;;25482.75;3;BID;
20251110;174951.167;25482.75;;25482.75;1;BID;
20251110;174951.167;;25483.00;25483.00;3;ASK;
20251110;174951.167;25482.75;;25482.75;2;BID;
20251110;174951.167;25482.75;;25482.75;1;BID;
20251110;174951.167;25482.75;;25482.75;2;BID;
20251110;174951.167;;25483.00;25483.00;4;ASK;
20251110;174951.167;25482.75;;25482.75;1;BID;
20251110;174951.167;25482.75;;25482.75;1;BID;
20251110;174951.168;;25483.00;25483.00;5;ASK;
20251110;174951.168;25482.75;;25482.75;2;BID;
20251110;174951.168;;25483.00;25483.00;1;ASK;
20251110;174951.168;;25483.00;25483.00;1;ASK;
20251110;174951.168;;25483.00;25483.00;3;ASK;
20251110;174951.168;;25483.00;25483.00;1;ASK;
20251110;174951.168;;25483.00;25483.00;1;ASK;
20251110;174951.168;;25483.00;25483.00;1;ASK;
20251110;174951.169;;25483.25;25483.25;2;ASK;
20251110;174951.169;;;25483.00;3;BETWEEN;
20251110;174951.169;;25483.25;25483.25;1;ASK;
20251110;174951.170;;25483.25;25483.25;1;ASK;
20251110;174951.170;;25483.25;25483.25;1;ASK;
20251110;174951.171;;25483.50;25483.50;1;ASK;
20251110;174951.171;;;25483.25;1;BETWEEN;
20251110;174951.171;;25483.50;25483.50;1;ASK;
20251110;174951.186;;25483.75;25483.75;2;ASK;
20251110;174951.224;;25483.75;25483.75;4;ASK;
20251110;174951.224;25483.00;;25483.00;4;BID;
20251110;174951.263;;;25483.25;1;BETWEEN;
20251110;174951.263;25482.75;;25482.75;3;BID;
20251110;174951.297;;25483.25;25483.25;4;ASK;
20251110;174951.297;25482.75;;25482.75;2;BID;
20251110;174951.353;;25483.50;25483.50;5;ASK;
20251110;174951.353;25482.75;;25482.75;5;BID;
20251110;174951.383;25482.75;;25482.75;6;BID;
20251110;174951.388;;25483.50;25483.50;1;ASK;
20251110;174951.397;;25483.50;25483.50;4;ASK;
20251110;174951.397;;;25483.00;1;BETWEEN;
20251110;174951.548;;25483.75;25483.75;7;ASK;
20251110;174951.548;25483.00;;25483.00;2;BID;
20251110;174951.566;;25483.75;25483.75;4;ASK;
20251110;174951.566;25483.00;;25483.00;4;BID;
20251110;174951.590;;25483.75;25483.75;5;ASK;
20251110;174951.590;25483.00;;25483.00;3;BID;
20251110;174951.620;;;25483.50;3;BETWEEN;
20251110;174951.620;25483.00;;25483.00;2;BID;
20251110;174951.781;25482.75;;25482.75;7;BID;
20251110;174951.801;;25483.50;25483.50;1;ASK;
20251110;174951.801;;;25483.00;3;BETWEEN;
20251110;174951.877;;25483.50;25483.50;2;ASK;
20251110;174951.877;25483.00;;25483.00;2;BID;
20251110;174951.895;;;25483.25;1;BETWEEN;
20251110;174951.895;25482.75;;25482.75;5;BID;
20251110;174951.950;;25483.50;25483.50;2;ASK;
20251110;174951.950;;;25483.00;1;BETWEEN;
20251110;174951.992;;;25483.25;1;BETWEEN;
20251110;174951.992;25482.75;;25482.75;5;BID;
20251110;174952.026;;25483.25;25483.25;4;ASK;
20251110;174952.026;25482.75;;25482.75;2;BID;
20251110;174952.003;;25483.50;25483.50;4;ASK;
20251110;174952.003;25482.75;;25482.75;6;BID;
20251110;174952.003;25482.75;;25482.75;2;BID;
20251110;174952.026;;;25483.25;4;BETWEEN;
20251110;174952.026;25482.75;;25482.75;2;BID;
20251110;174952.055;;25483.25;25483.25;1;ASK;
20251110;174952.055;25482.75;;25482.75;4;BID;
20251110;174952.065;;25483.25;25483.25;6;ASK;
20251110;174952.065;25482.75;;25482.75;2;BID;
20251110;174952.107;;25483.25;25483.25;5;ASK;
20251110;174952.145;;25483.50;25483.50;3;ASK;
20251110;174952.145;;;25483.00;1;BETWEEN;
20251110;174952.164;;;25483.25;1;BETWEEN;
20251110;174952.164;25482.75;;25482.75;6;BID;
20251110;174952.202;;25483.50;25483.50;4;ASK;
20251110;174952.202;;;25483.00;1;BETWEEN;
20251110;174952.276;;;25483.25;3;BETWEEN;
20251110;174952.276;25482.75;;25482.75;3;BID;
20251110;174952.276;;25483.25;25483.25;1;ASK;
20251110;174952.276;25482.75;;25482.75;6;BID;
20251110;174952.276;25482.75;;25482.75;1;BID;
20251110;174952.291;;25483.25;25483.25;6;ASK;
20251110;174952.291;25482.75;;25482.75;2;BID;
20251110;174952.329;;;25483.00;1;BETWEEN;
20251110;174952.329;25482.75;;25482.75;1;BID;
20251110;174952.446;;25483.25;25483.25;4;ASK;
20251110;174952.498;;25483.25;25483.25;5;ASK;
20251110;174952.510;;25483.25;25483.25;6;ASK;
20251110;174952.625;;25483.50;25483.50;4;ASK;
20251110;174952.625;25482.75;;25482.75;5;BID;
20251110;174952.609;;;25483.25;1;BETWEEN;
20251110;174952.609;25482.75;;25482.75;4;BID;
20251110;174952.609;;25483.25;25483.25;1;ASK;
20251110;174952.625;;25483.50;25483.50;4;ASK;
20251110;174952.625;25482.75;;25482.75;5;BID;
20251110;174952.656;;25483.50;25483.50;3;ASK;
20251110;174952.656;;;25483.00;1;BETWEEN;
20251110;174952.692;;25483.75;25483.75;5;ASK;
20251110;174952.692;25483.00;;25483.00;3;BID;
20251110;174952.716;;25483.75;25483.75;3;ASK;
20251110;174952.716;;;25483.25;2;BETWEEN;
20251110;174952.742;25483.25;;25483.25;1;BID;
20251110;174952.802;;25483.75;25483.75;4;ASK;
20251110;174952.821;25483.25;;25483.25;2;BID;
20251110;174952.821;25482.75;;25482.75;2;BID;
20251110;174952.926;25482.75;;25482.75;3;BID;
20251110;174952.952;;25483.25;25483.25;1;ASK;
20251110;174953.145;;25483.75;25483.75;4;ASK;
20251110;174953.145;;;25483.00;4;BETWEEN;
20251110;174953.170;;25483.75;25483.75;6;ASK;
20251110;174953.170;25483.00;;25483.00;5;BID;
20251110;174953.146;;25483.75;25483.75;1;ASK;
20251110;174953.146;;;25483.25;4;BETWEEN;
20251110;174953.146;;25483.75;25483.75;1;ASK;
20251110;174953.170;;25483.75;25483.75;6;ASK;
20251110;174953.170;25483.00;;25483.00;5;BID;
20251110;174953.183;;25483.75;25483.75;5;ASK;
20251110;174953.232;;25483.75;25483.75;3;ASK;
20251110;174953.232;;;25483.25;1;BETWEEN;
20251110;174953.279;;25483.75;25483.75;4;ASK;
20251110;174953.279;25483.00;;25483.00;6;BID;
20251110;174953.305;;25483.75;25483.75;5;ASK;
20251110;174953.305;25483.00;;25483.00;4;BID;
20251110;174953.334;;;25483.50;4;BETWEEN;
20251110;174953.334;25483.00;;25483.00;3;BID;
20251110;174953.406;;25483.50;25483.50;5;ASK;
20251110;174953.406;25482.75;;25482.75;4;BID;
20251110;174953.405;;25483.50;25483.50;4;ASK;
20251110;174953.405;;;25483.00;3;BETWEEN;
20251110;174953.405;25483.00;;25483.00;1;BID;
20251110;174953.406;;25483.50;25483.50;5;ASK;
20251110;174953.406;25482.75;;25482.75;4;BID;
20251110;174953.445;;;25483.25;3;BETWEEN;
20251110;174953.498;;;25483.00;3;BETWEEN;
20251110;174953.498;25482.50;;25482.50;4;BID;
20251110;174953.473;;25483.25;25483.25;3;ASK;
20251110;174953.473;;;25482.75;4;BETWEEN;
20251110;174953.473;25482.75;;25482.75;1;BID;
20251110;174953.473;25482.75;;25482.75;1;BID;
20251110;174953.473;25482.75;;25482.75;1;BID;
20251110;174953.473;25482.75;;25482.75;13;BID;
20251110;174953.473;25482.50;;25482.50;1;BID;
20251110;174953.473;25482.50;;25482.50;1;BID;
20251110;174953.473;25482.50;;25482.50;1;BID;
20251110;174953.473;25482.50;;25482.50;1;BID;
20251110;174953.473;25482.50;;25482.50;1;BID;
20251110;174953.477;;;25483.00;4;BETWEEN;
20251110;174953.477;25482.50;;25482.50;1;BID;
20251110;174953.477;;25483.00;25483.00;1;ASK;
20251110;174953.481;;;25482.75;2;BETWEEN;
20251110;174953.481;25482.50;;25482.50;2;BID;
20251110;174953.481;;25482.75;25482.75;1;ASK;
20251110;174953.481;;25482.75;25482.75;1;ASK;
20251110;174953.483;;25483.00;25483.00;1;ASK;
20251110;174953.483;25482.50;;25482.50;5;BID;
20251110;174953.483;;25483.00;25483.00;1;ASK;
20251110;174953.511;;;25482.75;1;BETWEEN;
20251110;174953.511;25482.25;;25482.25;3;BID;
20251110;174953.556;;25483.25;25483.25;4;ASK;
20251110;174953.556;;;25482.50;4;BETWEEN;
20251110;174953.570;;25483.25;25483.25;3;ASK;
20251110;174953.547;;;25482.75;2;BETWEEN;
20251110;174953.547;25482.25;;25482.25;4;BID;
20251110;174953.547;;25482.75;25482.75;1;ASK;
20251110;174953.564;;25483.25;25483.25;4;ASK;
20251110;174953.564;;;25482.50;4;BETWEEN;
20251110;174953.564;;25483.25;25483.25;1;ASK;
20251110;174953.600;;;25483.00;3;BETWEEN;
20251110;174953.600;;25483.00;25483.00;1;ASK;
20251110;174953.649;;;25482.75;3;BETWEEN;
20251110;174953.649;25482.00;;25482.00;5;BID;
20251110;174953.673;;25482.75;25482.75;2;ASK;
20251110;174953.673;;;25482.25;1;BETWEEN;
20251110;174953.700;;;25482.50;2;BETWEEN;
20251110;174953.700;25482.00;;25482.00;4;BID;
20251110;174953.712;;25482.50;25482.50;3;ASK;
20251110;174953.759;;25482.75;25482.75;4;ASK;
20251110;174953.794;;;25482.25;1;BETWEEN;
20251110;174953.815;;25483.25;25483.25;3;ASK;
20251110;174953.815;;;25482.50;4;BETWEEN;
20251110;174953.863;25482.50;;25482.50;5;BID;
20251110;174953.904;;25483.25;25483.25;2;ASK;
20251110;174953.904;;;25483.00;1;BETWEEN;
20251110;174953.921;;25483.50;25483.50;4;ASK;
20251110;174953.984;;25483.50;25483.50;5;ASK;
20251110;174953.984;25482.75;;25482.75;5;BID;
20251110;174954.009;25482.75;;25482.75;4;BID;
20251110;174954.048;;25484.00;25484.00;5;ASK;
20251110;174954.048;;;25483.25;4;BETWEEN;
20251110;174954.074;;;25483.75;1;BETWEEN;
20251110;174954.074;25483.25;;25483.25;3;BID;
20251110;174954.074;25483.25;;25483.25;1;BID;
20251110;174954.075;;25483.75;25483.75;2;ASK;
20251110;174954.075;25483.25;;25483.25;2;BID;
20251110;174954.111;;25484.00;25484.00;6;ASK;
20251110;174954.111;;;25483.50;1;BETWEEN;
20251110;174954.138;;;25483.75;4;BETWEEN;
20251110;174954.138;25483.00;;25483.00;3;BID;
20251110;174954.094;;25483.75;25483.75;2;ASK;
20251110;174954.094;;;25483.25;2;BETWEEN;
20251110;174954.094;25483.25;;25483.25;1;BID;
20251110;174954.125;;25484.00;25484.00;3;ASK;
20251110;174954.125;;;25483.50;2;BETWEEN;
20251110;174954.125;25483.50;;25483.50;1;BID;
20251110;174954.127;;25484.00;25484.00;6;ASK;
20251110;174954.127;25483.25;;25483.25;4;BID;
20251110;174954.127;25483.25;;25483.25;1;BID;
20251110;174954.138;;;25483.75;4;BETWEEN;
20251110;174954.138;25483.00;;25483.00;3;BID;
20251110;174954.163;;;25483.25;1;BETWEEN;
20251110;174954.163;25482.75;;25482.75;6;BID;
20251110;174954.293;;25483.50;25483.50;4;ASK;
20251110;174954.293;25482.75;;25482.75;5;BID;
20251110;174954.326;;25483.75;25483.75;4;ASK;
20251110;174954.326;;;25483.00;5;BETWEEN;
20251110;174954.311;;;25483.50;4;BETWEEN;
20251110;174954.311;25483.00;;25483.00;1;BID;
20251110;174954.311;25483.00;;25483.00;1;BID;
20251110;174954.313;;;25483.25;1;BETWEEN;
20251110;174954.313;25482.75;;25482.75;5;BID;
20251110;174954.313;;25483.25;25483.25;1;ASK;
20251110;174954.313;;25483.50;25483.50;2;ASK;
20251110;174954.313;;;25483.00;3;BETWEEN;
20251110;174954.313;;25483.50;25483.50;1;ASK;
20251110;174954.313;;25483.50;25483.50;1;ASK;
20251110;174954.314;;25483.50;25483.50;1;ASK;
20251110;174954.314;25483.00;;25483.00;4;BID;
20251110;174954.314;;25483.50;25483.50;1;ASK;
20251110;174954.326;;25483.75;25483.75;4;ASK;
20251110;174954.326;25483.00;;25483.00;5;BID;
20251110;174954.340;25483.00;;25483.00;1;BID;
20251110;174954.340;25482.50;;25482.50;4;BID;
20251110;174954.380;;25483.25;25483.25;3;ASK;
20251110;174954.380;25482.50;;25482.50;5;BID;
20251110;174954.408;;25483.25;25483.25;4;ASK;
20251110;174954.364;;;25483.00;1;BETWEEN;
20251110;174954.364;25482.50;;25482.50;4;BID;
20251110;174954.364;;25483.00;25483.00;1;ASK;
20251110;174954.408;;25483.25;25483.25;4;ASK;
20251110;174954.408;25482.50;;25482.50;5;BID;
20251110;174954.449;;;25483.00;3;BETWEEN;
20251110;174954.449;25482.50;;25482.50;3;BID;
20251110;174954.452;;25483.25;25483.25;4;ASK;
20251110;174954.452;25482.50;;25482.50;4;BID;
20251110;174954.510;;25483.25;25483.25;5;ASK;
20251110;174954.565;;25483.25;25483.25;2;ASK;
20251110;174954.565;;;25482.75;2;BETWEEN;
20251110;174954.580;;25483.25;25483.25;1;ASK;
20251110;174954.580;25482.75;;25482.75;1;BID;
20251110;174954.594;;25483.50;25483.50;4;ASK;
20251110;174954.594;25482.75;;25482.75;5;BID;
20251110;174954.621;;25483.50;25483.50;3;ASK;
20251110;174954.621;;;25483.00;2;BETWEEN;
20251110;174954.650;;;25483.25;1;BETWEEN;
20251110;174954.650;25482.75;;25482.75;4;BID;
20251110;174954.650;;25483.25;25483.25;1;ASK;
20251110;174954.675;;25483.75;25483.75;5;ASK;
20251110;174954.675;;;25483.00;4;BETWEEN;
20251110;174954.692;;;25483.50;2;BETWEEN;
20251110;174954.692;25483.00;;25483.00;2;BID;
20251110;174954.669;;25483.75;25483.75;4;ASK;
20251110;174954.669;25483.00;;25483.00;3;BID;
20251110;174954.669;25483.00;;25483.00;1;BID;
20251110;174954.692;;;25483.50;2;BETWEEN;
20251110;174954.692;25483.00;;25483.00;2;BID;
20251110;174954.756;;25483.75;25483.75;5;ASK;
20251110;174954.756;25483.00;;25483.00;4;BID;
20251110;174954.807;;;25483.25;1;BETWEEN;
20251110;174954.808;25483.00;;25483.00;3;BID;
20251110;174954.867;;;25483.50;3;BETWEEN;
20251110;174954.879;;25483.75;25483.75;5;ASK;
20251110;174954.879;25483.00;;25483.00;4;BID;
20251110;174954.920;;25483.75;25483.75;3;ASK;
20251110;174954.920;25483.00;;25483.00;6;BID;
20251110;174954.927;;25483.75;25483.75;2;ASK;
20251110;174954.927;;;25483.25;4;BETWEEN;
20251110;174954.970;25483.00;;25483.00;6;BID;
20251110;174955.095;;;25483.25;2;BETWEEN;
20251110;174955.170;;25483.75;25483.75;1;ASK;
20251110;174955.170;25483.25;;25483.25;3;BID;
20251110;174955.194;;25483.75;25483.75;3;ASK;
20251110;174955.194;25483.25;;25483.25;1;BID;
20251110;174955.175;;25484.00;25484.00;6;ASK;
20251110;174955.175;;;25483.50;1;BETWEEN;
20251110;174955.175;;25484.00;25484.00;1;ASK;
20251110;174955.202;;;25483.75;5;BETWEEN;
20251110;174955.202;25483.25;;25483.25;1;BID;
20251110;174955.202;25483.25;;25483.25;1;BID;
20251110;174955.223;;;25483.50;1;BETWEEN;
20251110;174955.223;25483.00;;25483.00;3;BID;
20251110;174955.271;;;25483.25;2;BETWEEN;
20251110;174955.271;25482.75;;25482.75;3;BID;
20251110;174955.299;;25483.50;25483.50;6;ASK;
20251110;174955.299;;;25483.00;2;BETWEEN;
20251110;174955.331;;25483.50;25483.50;2;ASK;
20251110;174955.331;25483.00;;25483.00;3;BID;
20251110;174955.361;;25483.50;25483.50;1;ASK;
20251110;174955.393;;25483.75;25483.75;2;ASK;
20251110;174955.393;;;25483.25;2;BETWEEN;
20251110;174955.424;;25483.75;25483.75;4;ASK;
20251110;174955.424;25483.00;;25483.00;7;BID;
20251110;174955.443;;25483.75;25483.75;3;ASK;
20251110;174955.443;25483.00;;25483.00;8;BID;
20251110;174955.505;25483.00;;25483.00;7;BID;
20251110;174955.543;;;25483.50;5;BETWEEN;
20251110;174955.543;25483.00;;25483.00;1;BID;
20251110;174955.495;;25483.75;25483.75;3;ASK;
20251110;174955.495;25483.00;;25483.00;8;BID;
20251110;174955.495;;25483.75;25483.75;1;ASK;
20251110;174955.543;;;25483.50;5;BETWEEN;
20251110;174955.543;25483.00;;25483.00;1;BID;
20251110;174955.584;;25483.50;25483.50;2;ASK;
20251110;174955.584;25483.00;;25483.00;2;BID;
20251110;174955.596;;25483.50;25483.50;3;ASK;
20251110;174955.583;;25483.50;25483.50;5;ASK;
20251110;174955.583;25483.00;;25483.00;1;BID;
20251110;174955.583;;25483.50;25483.50;1;ASK;
20251110;174955.596;;25483.50;25483.50;3;ASK;
20251110;174955.596;25483.00;;25483.00;2;BID;
20251110;174955.636;;25483.50;25483.50;2;ASK;
20251110;174955.691;;25483.50;25483.50;1;ASK;
20251110;174955.691;25483.00;;25483.00;6;BID;
20251110;174955.722;;25483.75;25483.75;3;ASK;
20251110;174955.722;;;25483.25;1;BETWEEN;
20251110;174955.738;25483.25;;25483.25;2;BID;
20251110;174955.805;;;25483.50;2;BETWEEN;
20251110;174955.805;25483.00;;25483.00;5;BID;
20251110;174955.848;;25483.50;25483.50;3;ASK;
20251110;174955.848;25483.00;;25483.00;2;BID;
20251110;174955.884;;25483.50;25483.50;2;ASK;
20251110;174955.883;;25483.50;25483.50;3;ASK;
20251110;174955.883;;25483.50;25483.50;1;ASK;
20251110;174955.884;;25483.50;25483.50;2;ASK;
20251110;174955.941;;25483.50;25483.50;3;ASK;
20251110;174955.978;25483.00;;25483.00;3;BID;
20251110;174956.026;25483.00;;25483.00;2;BID;
20251110;174956.192;;25483.75;25483.75;2;ASK;
20251110;174956.192;;;25483.25;2;BETWEEN;
20251110;174956.207;;;25483.50;5;BETWEEN;
20251110;174956.207;25483.00;;25483.00;1;BID;
20251110;174956.229;;25484.00;25484.00;4;ASK;
20251110;174956.229;;;25483.50;3;BETWEEN;
20251110;174956.216;25483.50;;25483.50;2;BID;
20251110;174956.216;25483.25;;25483.25;2;BID;
20251110;174956.216;;25483.50;25483.50;1;ASK;
20251110;174956.216;;25483.50;25483.50;1;ASK;
20251110;174956.248;;25483.75;25483.75;4;ASK;
20251110;174956.248;;;25483.50;3;BETWEEN;
20251110;174956.248;25483.50;;25483.50;1;BID;
20251110;174956.248;25483.50;;25483.50;2;BID;
20251110;174956.248;25483.50;;25483.50;1;BID;
20251110;174956.248;25483.50;;25483.50;1;BID;
20251110;174956.263;25483.50;;25483.50;1;BID;
20251110;174956.263;25483.00;;25483.00;3;BID;
20251110;174956.290;;25483.75;25483.75;5;ASK;
20251110;174956.290;;;25483.25;1;BETWEEN;
20251110;174956.335;;;25483.50;2;BETWEEN;
20251110;174956.335;25483.00;;25483.00;5;BID;
20251110;174956.343;25483.00;;25483.00;1;BID;
20251110;174956.410;;25483.75;25483.75;2;ASK;
20251110;174956.410;;;25483.25;4;BETWEEN;
20251110;174956.434;;25484.00;25484.00;2;ASK;
20251110;174956.434;;;25483.50;3;BETWEEN;
20251110;174956.410;25483.50;;25483.50;2;BID;
20251110;174956.410;25483.25;;25483.25;2;BID;
20251110;174956.410;;25483.50;25483.50;1;ASK;
20251110;174956.423;;25484.00;25484.00;3;ASK;
20251110;174956.423;25483.25;;25483.25;6;BID;
20251110;174956.423;;25484.00;25484.00;1;ASK;
20251110;174956.423;;25484.00;25484.00;1;ASK;
20251110;174956.434;;25484.00;25484.00;2;ASK;
20251110;174956.434;;;25483.50;3;BETWEEN;
20251110;174956.517;;;25483.75;2;BETWEEN;
20251110;174956.517;25483.25;;25483.25;7;BID;
20251110;174956.527;;25483.75;25483.75;3;ASK;
20251110;174956.527;25483.25;;25483.25;3;BID;
20251110;174956.636;;25483.75;25483.75;2;ASK;
20251110;174956.636;25483.25;;25483.25;2;BID;
20251110;174956.626;;25483.75;25483.75;1;ASK;
20251110;174956.626;25483.25;;25483.25;4;BID;
20251110;174956.626;;25483.75;25483.75;1;ASK;
20251110;174956.636;;25483.75;25483.75;2;ASK;
20251110;174956.636;25483.25;;25483.25;2;BID;
20251110;174956.647;;25483.75;25483.75;4;ASK;
20251110;174956.703;;25483.75;25483.75;1;ASK;
20251110;174956.703;25483.25;;25483.25;3;BID;
20251110;174956.724;;25484.00;25484.00;2;ASK;
20251110;174956.724;;;25483.50;2;BETWEEN;
20251110;174956.748;;25484.00;25484.00;5;ASK;
20251110;174956.748;25483.50;;25483.50;1;BID;
20251110;174956.792;;25484.00;25484.00;1;ASK;
20251110;174956.801;;25484.00;25484.00;2;ASK;
20251110;174956.801;25483.50;;25483.50;2;BID;
20251110;174956.840;;25484.25;25484.25;6;ASK;
20251110;174956.840;25483.50;;25483.50;3;BID;
20251110;174956.871;;25484.25;25484.25;2;ASK;
20251110;174956.871;;;25484.00;1;BETWEEN;
20251110;174956.871;;25484.25;25484.25;1;ASK;
20251110;174956.871;;25484.25;25484.25;1;ASK;
20251110;174956.891;;25484.75;25484.75;1;ASK;
20251110;174956.891;;;25484.25;2;BETWEEN;
20251110;174956.924;25484.25;;25484.25;4;BID;
20251110;174956.872;;;25484.50;1;BETWEEN;
20251110;174956.872;25484.00;;25484.00;6;BID;
20251110;174956.872;;25484.50;25484.50;1;ASK;
20251110;174956.924;;25484.75;25484.75;1;ASK;
20251110;174956.924;;;25484.25;4;BETWEEN;
20251110;174956.959;;25485.00;25485.00;2;ASK;
20251110;174956.959;;;25484.50;4;BETWEEN;
20251110;174956.985;;25485.25;25485.25;3;ASK;
20251110;174956.985;;;25484.75;4;BETWEEN;
20251110;174956.984;;;25485.00;1;BETWEEN;
20251110;174956.984;25484.75;;25484.75;1;BID;
20251110;174956.984;;25485.00;25485.00;1;ASK;
20251110;174956.993;;25485.50;25485.50;1;ASK;
20251110;174956.993;;;25485.25;2;BETWEEN;
20251110;174956.993;;25485.50;25485.50;1;ASK;
20251110;174957.015;25485.25;;25485.25;2;BID;
20251110;174957.015;25484.75;;25484.75;2;BID;
20251110;174957.042;;25485.50;25485.50;6;ASK;
20251110;174957.042;25484.75;;25484.75;4;BID;
20251110;174957.072;;25485.50;25485.50;5;ASK;
20251110;174957.072;25484.75;;25484.75;5;BID;
20251110;174957.107;;25485.50;25485.50;2;ASK;
20251110;174957.107;;;25485.00;3;BETWEEN;
20251110;174957.131;;;25485.25;2;BETWEEN;
20251110;174957.131;25484.75;;25484.75;4;BID;
20251110;174957.162;;25485.25;25485.25;4;ASK;
20251110;174957.162;25484.50;;25484.50;4;BID;
20251110;174957.173;;;25485.00;3;BETWEEN;
20251110;174957.173;25484.50;;25484.50;2;BID;
20251110;174957.224;;25485.25;25485.25;4;ASK;
20251110;174957.224;25484.50;;25484.50;5;BID;
20251110;174957.279;;25485.25;25485.25;3;ASK;
20251110;174957.279;;;25484.75;1;BETWEEN;
20251110;174957.279;;25485.25;25485.25;4;ASK;
20251110;174957.279;25484.50;;25484.50;5;BID;
20251110;174957.279;;25485.25;25485.25;1;ASK;
20251110;174957.350;;;25485.00;1;BETWEEN;
20251110;174957.350;25484.50;;25484.50;3;BID;
20251110;174957.385;;25485.00;25485.00;2;ASK;
20251110;174957.445;;25485.25;25485.25;6;ASK;
20251110;174957.445;25484.50;;25484.50;4;BID;
20251110;174957.569;;25485.25;25485.25;7;ASK;
20251110;174957.569;25484.50;;25484.50;5;BID;
20251110;174957.570;;25485.25;25485.25;6;ASK;
20251110;174957.570;25484.50;;25484.50;4;BID;
20251110;174957.604;;25485.25;25485.25;5;ASK;
20251110;174957.604;;25485.25;25485.25;6;ASK;
20251110;174957.604;;25485.25;25485.25;1;ASK;
20251110;174957.727;;25485.25;25485.25;4;ASK;
20251110;174957.727;;;25484.75;2;BETWEEN;
20251110;174957.726;;25485.25;25485.25;5;ASK;
20251110;174957.726;25484.50;;25484.50;4;BID;
20251110;174957.726;;25485.25;25485.25;1;ASK;
20251110;174957.835;;25486.00;25486.00;7;ASK;
20251110;174957.835;;;25485.25;3;BETWEEN;
20251110;174957.831;25485.25;;25485.25;2;BID;
20251110;174957.831;25485.00;;25485.00;1;BID;
20251110;174957.831;;25485.25;25485.25;1;ASK;
20251110;174957.831;;25485.25;25485.25;1;ASK;
20251110;174957.835;;25486.00;25486.00;7;ASK;
20251110;174957.835;;;25485.25;3;BETWEEN;
20251110;174957.865;25485.25;;25485.25;2;BID;
20251110;174957.865;25484.75;;25484.75;2;BID;
20251110;174957.913;;;25485.00;1;BETWEEN;
20251110;174957.913;25484.50;;25484.50;5;BID;
20251110;174957.937;25484.25;;25484.25;3;BID;
20251110;174957.937;25483.75;;25483.75;3;BID;
20251110;174957.960;;25484.25;25484.25;5;ASK;
20251110;174957.960;25483.75;;25483.75;1;BID;
20251110;174957.994;;25484.50;25484.50;6;ASK;
20251110;174957.994;25483.75;;25483.75;5;BID;
20251110;174958.004;;;25484.25;2;BETWEEN;
20251110;174958.004;25483.75;;25483.75;4;BID;
20251110;174958.058;;25484.50;25484.50;7;ASK;
20251110;174958.058;25483.75;;25483.75;6;BID;
20251110;174958.074;;25484.50;25484.50;6;ASK;
20251110;174958.074;25483.75;;25483.75;5;BID;
20251110;174958.051;;;25484.25;2;BETWEEN;
20251110;174958.051;25483.75;;25483.75;4;BID;
20251110;174958.051;;25484.25;25484.25;1;ASK;
20251110;174958.051;;25484.25;25484.25;1;ASK;
20251110;174958.097;;25484.25;25484.25;1;ASK;
20251110;174958.097;25483.75;;25483.75;5;BID;
20251110;174958.097;;25484.25;25484.25;1;ASK;
20251110;174958.097;;;25484.00;1;BETWEEN;
20251110;174958.097;;25484.25;25484.25;1;ASK;
20251110;174958.103;;25484.50;25484.50;4;ASK;
20251110;174958.103;25484.00;;25484.00;2;BID;
20251110;174958.128;;25484.50;25484.50;5;ASK;
20251110;174958.128;25484.00;;25484.00;1;BID;
20251110;174958.111;;25484.50;25484.50;4;ASK;
20251110;174958.111;25484.00;;25484.00;2;BID;
20251110;174958.111;;25484.50;25484.50;1;ASK;
20251110;174958.111;;25484.50;25484.50;1;ASK;
20251110;174958.128;;25484.50;25484.50;5;ASK;
20251110;174958.128;25484.00;;25484.00;1;BID;
20251110;174958.179;;25484.50;25484.50;4;ASK;
20251110;174958.249;;25484.50;25484.50;3;ASK;
20251110;174958.262;;25484.50;25484.50;1;ASK;
20251110;174958.262;25484.00;;25484.00;3;BID;
20251110;174958.312;25484.00;;25484.00;2;BID;
20251110;174958.341;;25485.00;25485.00;3;ASK;
20251110;174958.341;;;25484.50;1;BETWEEN;
20251110;174958.358;;25485.00;25485.00;5;ASK;
20251110;174958.358;25484.25;;25484.25;5;BID;
20251110;174958.395;;25485.25;25485.25;6;ASK;
20251110;174958.395;;;25484.50;3;BETWEEN;
20251110;174958.427;;25485.25;25485.25;5;ASK;
20251110;174958.427;25484.50;;25484.50;4;BID;
20251110;174958.427;;25485.25;25485.25;6;ASK;
20251110;174958.427;25484.50;;25484.50;3;BID;
20251110;174958.427;;25485.25;25485.25;1;ASK;
20251110;174958.544;;25485.25;25485.25;7;ASK;
20251110;174958.544;25484.50;;25484.50;4;BID;
20251110;174958.584;;25485.25;25485.25;4;ASK;
20251110;174958.584;;;25484.75;2;BETWEEN;
20251110;174958.609;;25485.25;25485.25;2;ASK;
20251110;174958.609;25484.75;;25484.75;3;BID;
20251110;174958.678;;25485.25;25485.25;5;ASK;
20251110;174958.678;25484.50;;25484.50;4;BID;
20251110;174958.819;;;25485.00;3;BETWEEN;
20251110;174958.819;25484.50;;25484.50;2;BID;
20251110;174958.859;;25485.00;25485.00;5;ASK;
20251110;174958.859;25484.25;;25484.25;4;BID;
20251110;174958.895;;25485.00;25485.00;1;ASK;
20251110;174958.895;;;25484.50;2;BETWEEN;
20251110;174958.922;;25485.00;25485.00;5;ASK;
20251110;174958.922;25484.25;;25484.25;4;BID;
20251110;174958.957;;;25484.75;2;BETWEEN;
20251110;174958.957;25484.25;;25484.25;2;BID;
20251110;174959.008;;25484.75;25484.75;3;ASK;
20251110;174959.008;25484.00;;25484.00;4;BID;
20251110;174959.024;;;25484.50;2;BETWEEN;
20251110;174959.024;25484.00;;25484.00;3;BID;
20251110;174959.070;;25484.75;25484.75;6;ASK;
20251110;174959.070;25484.00;;25484.00;4;BID;
20251110;174959.092;;;25484.50;1;BETWEEN;
20251110;174959.092;25484.00;;25484.00;5;BID;
20251110;174959.122;;25484.75;25484.75;4;ASK;
20251110;174959.133;;;25484.50;1;BETWEEN;
20251110;174959.186;;25484.75;25484.75;3;ASK;
20251110;174959.186;;;25484.25;1;BETWEEN;
20251110;174959.215;;25485.00;25485.00;2;ASK;
20251110;174959.215;;;25484.50;3;BETWEEN;
20251110;174959.248;;25485.00;25485.00;4;ASK;
20251110;174959.248;25484.25;;25484.25;5;BID;
20251110;174959.305;;25485.00;25485.00;5;ASK;
20251110;174959.334;;;25484.50;2;BETWEEN;
20251110;174959.334;25483.75;;25483.75;5;BID;
20251110;174959.358;;25484.75;25484.75;5;ASK;
20251110;174959.358;;;25484.00;4;BETWEEN;
20251110;174959.367;;25484.75;25484.75;3;ASK;
20251110;174959.367;;;25484.25;2;BETWEEN;
20251110;174959.352;;;25484.50;2;BETWEEN;
20251110;174959.352;25484.00;;25484.00;2;BID;
20251110;174959.352;;25484.50;25484.50;1;ASK;
20251110;174959.367;;25484.75;25484.75;3;ASK;
20251110;174959.367;;;25484.25;2;BETWEEN;
20251110;174959.425;;25485.00;25485.00;4;ASK;
20251110;174959.425;25484.25;;25484.25;4;BID;
20251110;174959.439;;25485.00;25485.00;6;ASK;
20251110;174959.439;25484.25;;25484.25;3;BID;
20251110;174959.470;25484.25;;25484.25;1;BID;
20251110;174959.482;;25485.00;25485.00;2;ASK;
20251110;174959.482;;;25484.50;2;BETWEEN;
20251110;174959.493;;25485.25;25485.25;4;ASK;
20251110;174959.493;;;25484.75;1;BETWEEN;
20251110;174959.533;;25485.25;25485.25;6;ASK;
20251110;174959.533;25484.50;;25484.50;4;BID;
20251110;174959.579;;25485.25;25485.25;4;ASK;
20251110;174959.591;;25485.25;25485.25;5;ASK;
20251110;174959.591;25484.50;;25484.50;3;BID;
20251110;174959.625;;25485.25;25485.25;3;ASK;
20251110;174959.625;;;25484.75;3;BETWEEN;
20251110;174959.722;;25485.25;25485.25;2;ASK;
20251110;174959.722;;;25485.00;1;BETWEEN;
20251110;174959.722;;25485.25;25485.25;1;ASK;
20251110;174959.722;;25485.25;25485.25;1;ASK;
20251110;174959.743;;25485.75;25485.75;2;ASK;
20251110;174959.743;;;25485.25;3;BETWEEN;
20251110;174959.805;;25486.00;25486.00;3;ASK;
20251110;174959.805;;;25485.50;2;BETWEEN;
20251110;174959.779;25485.50;;25485.50;1;BID;
20251110;174959.779;25485.25;;25485.25;3;BID;
20251110;174959.779;;25485.50;25485.50;1;ASK;
20251110;174959.805;;25486.00;25486.00;3;ASK;
20251110;174959.805;;;25485.50;2;BETWEEN;
20251110;174959.880;;25486.00;25486.00;7;ASK;
20251110;174959.880;25485.50;;25485.50;1;BID;
20251110;174959.934;;25486.00;25486.00;4;ASK;
20251110;174959.934;25485.50;;25485.50;3;BID;
20251110;174959.925;;25486.00;25486.00;1;ASK;
20251110;174959.925;25485.50;;25485.50;5;BID;
20251110;174959.925;;25486.00;25486.00;1;ASK;
20251110;174959.934;;25486.00;25486.00;4;ASK;
20251110;174959.934;25485.50;;25485.50;3;BID;
20251110;174959.983;;25486.00;25486.00;8;ASK;
20251110;174959.983;25485.50;;25485.50;1;BID;
20251110;175000.003;25485.50;;25485.50;1;BID;
20251110;175000.010;;;25485.75;3;BETWEEN;
20251110;175000.010;25485.25;;25485.25;1;BID;
20251110;175000.010;25485.25;;25485.25;1;BID;
20251110;175000.033;25484.75;;25484.75;5;BID;
20251110;175000.033;25484.00;;25484.00;3;BID;
20251110;175000.058;;25485.50;25485.50;8;ASK;
20251110;175000.058;;;25484.75;3;BETWEEN;
20251110;175000.023;25484.75;;25484.75;2;BID;
20251110;175000.023;25484.50;;25484.50;1;BID;
20251110;175000.023;25484.50;;25484.50;1;BID;
20251110;175000.027;25484.50;;25484.50;3;BID;
20251110;175000.027;25484.00;;25484.00;2;BID;
20251110;175000.027;;25484.50;25484.50;1;ASK;
20251110;175000.078;;25485.50;25485.50;5;ASK;
20251110;175000.078;;;25484.75;3;BETWEEN;
20251110;175000.078;;25485.50;25485.50;1;ASK;
20251110;175000.084;25484.75;;25484.75;4;BID;
20251110;175000.116;;25485.50;25485.50;3;ASK;
20251110;175000.116;;;25485.00;3;BETWEEN;
20251110;175000.136;;25485.50;25485.50;4;ASK;
20251110;175000.170;;25485.50;25485.50;2;ASK;
20251110;175000.170;25485.00;;25485.00;4;BID;
20251110;175000.210;;25486.00;25486.00;6;ASK;
20251110;175000.210;;;25485.50;2;BETWEEN;
20251110;175000.196;25485.50;;25485.50;1;BID;
20251110;175000.196;25485.25;;25485.25;2;BID;
20251110;175000.196;;25485.50;25485.50;1;ASK;
20251110;175000.209;;25485.75;25485.75;1;ASK;
20251110;175000.209;;;25485.50;1;BETWEEN;
20251110;175000.209;;25485.75;25485.75;1;ASK;
20251110;175000.210;;25486.00;25486.00;6;ASK;
20251110;175000.210;25485.50;;25485.50;2;BID;
20251110;175000.236;;;25485.75;3;BETWEEN;
20251110;175000.236;25485.25;;25485.25;1;BID;
20251110;175000.265;;25485.75;25485.75;4;ASK;
20251110;175000.265;25485.25;;25485.25;3;BID;
20251110;175000.286;;;25485.50;3;BETWEEN;
20251110;175000.286;25485.00;;25485.00;4;BID;
20251110;175000.297;;25485.50;25485.50;2;ASK;
20251110;175000.404;;25485.75;25485.75;4;ASK;
20251110;175000.404;;;25485.25;3;BETWEEN;
20251110;175000.408;25485.25;;25485.25;1;BID;
20251110;175000.408;;25485.75;25485.75;1;ASK;
20251110;175000.408;;25485.75;25485.75;1;ASK;
20251110;175000.433;25485.00;;25485.00;5;BID;
20251110;175000.500;;25485.75;25485.75;3;ASK;
20251110;175000.500;;;25485.25;1;BETWEEN;
20251110;175000.540;;;25485.50;2;BETWEEN;
20251110;175000.540;25485.00;;25485.00;3;BID;
20251110;175000.603;;25485.50;25485.50;1;ASK;
20251110;175000.605;;25485.75;25485.75;4;ASK;
20251110;175000.605;25485.00;;25485.00;4;BID;
20251110;175000.605;;25485.75;25485.75;1;ASK;
20251110;175000.622;;25485.75;25485.75;3;ASK;
20251110;175000.622;;;25485.25;2;BETWEEN;
20251110;175000.741;;25485.75;25485.75;1;ASK;
20251110;175000.763;;25485.75;25485.75;4;ASK;
20251110;175000.763;25485.00;;25485.00;3;BID;
20251110;175000.798;;;25485.50;3;BETWEEN;
20251110;175000.779;;25485.75;25485.75;4;ASK;
20251110;175000.779;;25485.75;25485.75;1;ASK;
20251110;175000.779;;25485.75;25485.75;1;ASK;
20251110;175000.798;;;25485.50;3;BETWEEN;
20251110;175000.828;;25485.75;25485.75;4;ASK;
20251110;175000.828;25485.00;;25485.00;4;BID;
20251110;175000.898;;25485.75;25485.75;2;ASK;
20251110;175000.898;;;25485.25;2;BETWEEN;
20251110;175000.925;;;25485.50;3;BETWEEN;
20251110;175000.925;25485.00;;25485.00;3;BID;
20251110;175000.962;;25485.50;25485.50;1;ASK;
20251110;175000.993;;25485.75;25485.75;7;ASK;
20251110;175000.993;25485.00;;25485.00;4;BID;
20251110;175001.045;;;25485.50;3;BETWEEN;
20251110;175001.045;25485.00;;25485.00;3;BID;
20251110;175001.070;;25485.50;25485.50;2;ASK;
20251110;175001.056;;25485.50;25485.50;3;ASK;
20251110;175001.056;;25485.50;25485.50;1;ASK;
20251110;175001.056;;25485.50;25485.50;1;ASK;
20251110;175001.056;;25485.50;25485.50;1;ASK;
20251110;175001.070;;25485.50;25485.50;2;ASK;
20251110;175001.102;;25485.50;25485.50;4;ASK;
20251110;175001.102;25484.75;;25484.75;4;BID;
20251110;175001.180;;25485.50;25485.50;2;ASK;
20251110;175001.180;;;25485.00;4;BETWEEN;
20251110;175001.206;;25485.50;25485.50;3;ASK;
20251110;175001.206;25485.00;;25485.00;2;BID;
20251110;175001.263;;25485.50;25485.50;4;ASK;
20251110;175001.263;25485.00;;25485.00;1;BID;
20251110;175001.293;;;25485.25;4;BETWEEN;
20251110;175001.293;25484.75;;25484.75;3;BID;
20251110;175001.323;;25485.25;25485.25;2;ASK;
20251110;175001.409;;25485.25;25485.25;1;ASK;
20251110;175001.438;;25486.00;25486.00;7;ASK;
20251110;175001.438;;;25485.25;4;BETWEEN;
20251110;175001.470;;25486.00;25486.00;1;ASK;
20251110;175001.470;;;25485.75;1;BETWEEN;
20251110;175001.500;;25486.50;25486.50;3;ASK;
20251110;175001.500;;;25486.00;3;BETWEEN;
20251110;175001.467;25486.00;;25486.00;4;BID;
20251110;175001.467;25485.75;;25485.75;2;BID;
20251110;175001.467;;25486.00;25486.00;1;ASK;
20251110;175001.487;;25486.00;25486.00;1;ASK;
20251110;175001.487;;25486.00;25486.00;1;ASK;
20251110;175001.495;;25486.25;25486.25;1;ASK;
20251110;175001.495;;;25486.00;2;BETWEEN;
20251110;175001.495;;25486.25;25486.25;1;ASK;
20251110;175001.500;;25486.50;25486.50;3;ASK;
20251110;175001.500;25486.00;;25486.00;3;BID;
20251110;175001.526;25485.75;;25485.75;4;BID;
20251110;175001.526;25485.25;;25485.25;2;BID;
20251110;175001.554;;25487.00;25487.00;4;ASK;
20251110;175001.554;;;25486.25;5;BETWEEN;
20251110;175001.523;;;25486.50;5;BETWEEN;
20251110;175001.523;25486.00;;25486.00;1;BID;
20251110;175001.523;25486.00;;25486.00;1;BID;
20251110;175001.524;;;25486.25;8;BETWEEN;
20251110;175001.524;25485.75;;25485.75;1;BID;
20251110;175001.524;25485.75;;25485.75;1;BID;
20251110;175001.550;;25486.50;25486.50;3;ASK;
20251110;175001.550;;;25486.00;2;BETWEEN;
20251110;175001.550;;25486.50;25486.50;1;ASK;
20251110;175001.550;;25486.50;25486.50;1;ASK;
20251110;175001.551;;25486.75;25486.75;7;ASK;
20251110;175001.551;;;25486.25;1;BETWEEN;
20251110;175001.551;;25486.75;25486.75;1;ASK;
20251110;175001.551;;25486.75;25486.75;1;ASK;
20251110;175001.551;;25486.75;25486.75;1;ASK;
20251110;175001.551;;25486.75;25486.75;1;ASK;
20251110;175001.551;;25486.75;25486.75;1;ASK;
20251110;175001.551;;25486.75;25486.75;1;ASK;
20251110;175001.551;;25486.75;25486.75;1;ASK;
20251110;175001.554;;25487.00;25487.00;4;ASK;
20251110;175001.554;25486.25;;25486.25;5;BID;
20251110;175001.588;;;25486.75;2;BETWEEN;
20251110;175001.588;25486.25;;25486.25;3;BID;
20251110;175001.615;;25487.00;25487.00;5;ASK;
20251110;175001.615;25486.25;;25486.25;4;BID;
20251110;175001.703;;25487.00;25487.00;6;ASK;
20251110;175001.781;;;25486.75;2;BETWEEN;
20251110;175001.873;;;25486.50;1;BETWEEN;
20251110;175001.873;25486.00;;25486.00;2;BID;
20251110;175001.904;;25487.00;25487.00;2;ASK;
20251110;175001.904;;;25486.50;3;BETWEEN;
20251110;175001.935;;25487.00;25487.00;1;ASK;
20251110;175001.935;;;25486.75;2;BETWEEN;
20251110;175001.963;;25487.25;25487.25;4;ASK;
20251110;175001.963;25486.75;;25486.75;3;BID;
20251110;175001.962;;;25487.00;1;BETWEEN;
20251110;175001.962;25486.75;;25486.75;2;BID;
20251110;175001.962;;25487.00;25487.00;1;ASK;
20251110;175001.963;;25487.25;25487.25;4;ASK;
20251110;175001.963;25486.75;;25486.75;3;BID;
20251110;175001.989;;25487.25;25487.25;6;ASK;
20251110;175001.989;25486.75;;25486.75;1;BID;
20251110;175002.058;25486.75;;25486.75;2;BID;
20251110;175002.058;25486.25;;25486.25;3;BID;
20251110;175002.080;;;25486.50;3;BETWEEN;
20251110;175002.080;25486.00;;25486.00;2;BID;
20251110;175002.108;;25486.50;25486.50;4;ASK;
20251110;175002.108;25486.00;;25486.00;1;BID;
20251110;175002.165;25486.00;;25486.00;2;BID;
20251110;175002.229;25485.75;;25485.75;5;BID;
20251110;175002.247;;25486.50;25486.50;3;ASK;
20251110;175002.247;25485.75;;25485.75;6;BID;
20251110;175002.326;;;25486.00;2;BETWEEN;
20251110;175002.363;;25486.50;25486.50;2;ASK;
20251110;175002.363;25486.00;;25486.00;3;BID;
20251110;175002.458;;25486.50;25486.50;4;ASK;
20251110;175002.458;25485.75;;25485.75;4;BID;
20251110;175002.480;;;25486.25;6;BETWEEN;
20251110;175002.480;25485.50;;25485.50;2;BID;
20251110;175002.516;;;25486.00;3;BETWEEN;
20251110;175002.543;;25486.25;25486.25;4;ASK;
20251110;175002.543;;;25485.75;3;BETWEEN;
20251110;175002.568;;25486.50;25486.50;5;ASK;
20251110;175002.568;25485.75;;25485.75;4;BID;
20251110;175002.596;;;25486.25;6;BETWEEN;
20251110;175002.596;25485.50;;25485.50;4;BID;
20251110;175002.630;;;25486.00;4;BETWEEN;
20251110;175002.630;25485.50;;25485.50;1;BID;
20251110;175002.649;;25486.25;25486.25;2;ASK;
20251110;175002.649;;;25485.75;3;BETWEEN;
20251110;175002.638;;25486.25;25486.25;7;ASK;
20251110;175002.638;25485.50;;25485.50;3;BID;
20251110;175002.638;;25486.25;25486.25;1;ASK;
20251110;175002.649;;25486.25;25486.25;2;ASK;
20251110;175002.649;;;25485.75;3;BETWEEN;
20251110;175002.668;;25486.25;25486.25;3;ASK;
20251110;175002.668;25485.75;;25485.75;2;BID;
20251110;175002.709;;25486.25;25486.25;2;ASK;
20251110;175002.756;;25486.25;25486.25;1;ASK;
20251110;175002.820;;25486.50;25486.50;5;ASK;
20251110;175002.820;25485.75;;25485.75;3;BID;
20251110;175002.846;;25486.50;25486.50;2;ASK;
20251110;175002.846;;;25486.00;2;BETWEEN;
20251110;175002.945;;25486.50;25486.50;4;ASK;
20251110;175002.945;25485.75;;25485.75;3;BID;
20251110;175002.956;;;25486.25;2;BETWEEN;
20251110;175003.013;;25486.50;25486.50;7;ASK;
20251110;175003.022;;25486.50;25486.50;2;ASK;
20251110;175003.022;;;25486.00;2;BETWEEN;
20251110;175003.057;25486.00;;25486.00;3;BID;
20251110;175003.118;;25487.00;25487.00;4;ASK;
20251110;175003.118;;;25486.50;1;BETWEEN;
20251110;175003.120;;25487.00;25487.00;3;ASK;
20251110;175003.120;25486.50;;25486.50;2;BID;
20251110;175003.107;25486.50;;25486.50;2;BID;
20251110;175003.107;25486.00;;25486.00;3;BID;
20251110;175003.107;;25486.50;25486.50;1;ASK;
20251110;175003.107;;25486.50;25486.50;1;ASK;
20251110;175003.120;;25487.00;25487.00;3;ASK;
20251110;175003.120;;;25486.50;2;BETWEEN;
20251110;175003.176;;;25486.75;4;BETWEEN;
20251110;175003.176;25486.00;;25486.00;5;BID;
20251110;175003.201;;;25486.25;2;BETWEEN;
20251110;175003.222;;25487.00;25487.00;3;ASK;
20251110;175003.222;;;25486.50;3;BETWEEN;
20251110;175003.354;;25487.25;25487.25;1;ASK;
20251110;175003.354;;;25487.00;1;BETWEEN;
20251110;175003.354;25487.00;;25487.00;1;BID;
20251110;175003.356;25487.00;;25487.00;1;BID;
20251110;175003.356;25486.75;;25486.75;2;BID;
20251110;175003.356;25486.75;;25486.75;1;BID;
20251110;175003.358;;25487.00;25487.00;5;ASK;
20251110;175003.358;25486.50;;25486.50;2;BID;
20251110;175003.358;;25487.00;25487.00;1;ASK;
20251110;175003.358;;25487.00;25487.00;1;ASK;
20251110;175003.358;;25487.00;25487.00;1;ASK;
20251110;175003.358;;;25486.75;2;BETWEEN;
20251110;175003.358;25486.50;;25486.50;1;BID;
20251110;175003.358;25486.50;;25486.50;1;BID;
20251110;175003.359;;25486.75;25486.75;1;ASK;
20251110;175003.359;25486.25;;25486.25;4;BID;
20251110;175003.359;;25486.75;25486.75;1;ASK;
20251110;175003.367;;25487.50;25487.50;17;ASK;
20251110;175003.367;;;25487.25;3;BETWEEN;
20251110;175003.397;25487.00;;25487.00;3;BID;
20251110;175003.397;25486.50;;25486.50;2;BID;
20251110;175003.368;;25487.50;25487.50;17;ASK;
20251110;175003.368;;;25487.25;2;BETWEEN;
20251110;175003.368;25487.25;;25487.25;1;BID;
20251110;175003.374;;25487.50;25487.50;19;ASK;
20251110;175003.374;25487.00;;25487.00;1;BID;
20251110;175003.374;25487.00;;25487.00;1;BID;
20251110;175003.397;25487.00;;25487.00;3;BID;
20251110;175003.397;25486.50;;25486.50;2;BID;
20251110;175003.435;25486.50;;25486.50;5;BID;
20251110;175003.512;;25487.00;25487.00;1;ASK;
20251110;175003.530;;25487.50;25487.50;17;ASK;
20251110;175003.530;;;25487.00;2;BETWEEN;
20251110;175003.546;;;25487.25;3;BETWEEN;
20251110;175003.546;;25487.50;25487.50;6;ASK;
20251110;175003.546;;25487.50;25487.50;11;ASK;
20251110;175003.546;;25487.50;25487.50;1;ASK;
20251110;175003.546;;25487.50;25487.50;10;ASK;
20251110;175003.546;;25487.50;25487.50;10;ASK;
20251110;175003.571;;25489.00;25489.00;1;ASK;
20251110;175003.571;;;25488.50;3;BETWEEN;
20251110;175003.602;;25491.50;25491.50;7;ASK;
20251110;175003.602;;;25491.00;3;BETWEEN;
20251110;175003.558;25488.75;;25488.75;1;BID;
20251110;175003.558;25488.50;;25488.50;2;BID;
20251110;175003.558;;25488.75;25488.75;1;ASK;
20251110;175003.571;;25489.00;25489.00;1;ASK;
20251110;175003.571;25488.50;;25488.50;3;BID;
20251110;175003.571;;25489.00;25489.00;1;ASK;
20251110;175003.572;;25489.25;25489.25;3;ASK;
20251110;175003.572;;;25488.75;1;BETWEEN;
20251110;175003.572;;25489.25;25489.25;1;ASK;
20251110;175003.572;;25489.25;25489.25;1;ASK;
20251110;175003.577;;25489.50;25489.50;2;ASK;
20251110;175003.577;;;25489.00;9;BETWEEN;
20251110;175003.577;;25489.50;25489.50;1;ASK;
20251110;175003.580;;25489.50;25489.50;1;ASK;
20251110;175003.580;;;25489.25;3;BETWEEN;
20251110;175003.580;;25489.50;25489.50;1;ASK;
20251110;175003.586;;25490.00;25490.00;6;ASK;
20251110;175003.586;;;25489.75;3;BETWEEN;
20251110;175003.586;;25490.00;25490.00;1;ASK;
20251110;175003.587;;25490.00;25490.00;5;ASK;
20251110;175003.587;;25490.00;25490.00;1;ASK;
20251110;175003.587;;25490.00;25490.00;4;ASK;
20251110;175003.587;;25490.00;25490.00;3;ASK;
20251110;175003.587;;25490.00;25490.00;1;ASK;
20251110;175003.588;;25490.25;25490.25;1;ASK;
20251110;175003.588;;;25490.00;7;BETWEEN;
20251110;175003.588;25490.00;;25490.00;1;BID;
20251110;175003.588;;25490.25;25490.25;1;ASK;
20251110;175003.589;;25490.50;25490.50;3;ASK;
20251110;175003.589;;;25490.25;1;BETWEEN;
20251110;175003.589;25490.25;;25490.25;1;BID;
20251110;175003.591;;25490.50;25490.50;2;ASK;
20251110;175003.591;25490.25;;25490.25;3;BID;
20251110;175003.591;;25490.50;25490.50;1;ASK;
20251110;175003.591;;25490.50;25490.50;1;ASK;
20251110;175003.596;;25490.75;25490.75;3;ASK;
20251110;175003.596;;;25490.50;1;BETWEEN;
20251110;175003.596;;25490.75;25490.75;1;ASK;
20251110;175003.596;;25490.75;25490.75;1;ASK;
20251110;175003.596;;25490.75;25490.75;1;ASK;
20251110;175003.601;;25491.25;25491.25;3;ASK;
20251110;175003.601;;;25490.75;3;BETWEEN;
20251110;175003.601;;25491.25;25491.25;1;ASK;
20251110;175003.601;;25491.25;25491.25;1;ASK;
20251110;175003.601;;25491.25;25491.25;1;ASK;
20251110;175003.601;;25491.50;25491.50;1;ASK;
20251110;175003.601;;25491.50;25491.50;4;ASK;
20251110;175003.606;;25491.50;25491.50;4;ASK;
20251110;175003.606;;;25491.25;3;BETWEEN;
20251110;175003.606;;25491.50;25491.50;1;ASK;
20251110;175003.606;;25491.50;25491.50;1;ASK;
20251110;175003.606;;25491.50;25491.50;1;ASK;
20251110;175003.606;;25491.50;25491.50;1;ASK;
20251110;175003.607;;25491.75;25491.75;2;ASK;
20251110;175003.607;25491.25;;25491.25;4;BID;
20251110;175003.607;25491.25;;25491.25;1;BID;
20251110;175003.607;25491.25;;25491.25;1;BID;
20251110;175003.608;;;25491.50;1;BETWEEN;
20251110;175003.608;;25491.75;25491.75;1;ASK;
20251110;175003.609;;25491.75;25491.75;1;ASK;
20251110;175003.609;25491.50;;25491.50;3;BID;
20251110;175003.609;;25491.75;25491.75;1;ASK;
20251110;175003.610;;25491.75;25491.75;2;ASK;
20251110;175003.610;25491.50;;25491.50;1;BID;
20251110;175003.610;25491.50;;25491.50;1;BID;
20251110;175003.610;25491.25;;25491.25;4;BID;
20251110;175003.610;;25491.75;25491.75;1;ASK;
20251110;175003.610;;25491.75;25491.75;1;ASK;
20251110;175003.614;;25492.00;25492.00;2;ASK;
20251110;175003.614;;;25491.75;3;BETWEEN;
20251110;175003.614;;25492.00;25492.00;1;ASK;
20251110;175003.614;;25492.00;25492.00;1;ASK;
20251110;175003.616;;25492.00;25492.00;1;ASK;
20251110;175003.616;25491.75;;25491.75;1;BID;
20251110;175003.616;25491.75;;25491.75;1;BID;
20251110;175003.616;25491.75;;25491.75;1;BID;
20251110;175003.617;;25492.00;25492.00;5;ASK;
20251110;175003.617;25491.50;;25491.50;1;BID;
20251110;175003.617;25491.50;;25491.50;1;BID;
20251110;175003.619;;25492.00;25492.00;1;ASK;
20251110;175003.619;25491.50;;25491.50;6;BID;
20251110;175003.619;;25492.00;25492.00;1;ASK;
20251110;175003.633;25491.50;;25491.50;3;BID;
20251110;175003.633;25491.00;;25491.00;3;BID;
20251110;175003.663;25490.75;;25490.75;3;BID;
20251110;175003.627;;25492.00;25492.00;5;ASK;
20251110;175003.627;;;25491.50;2;BETWEEN;
20251110;175003.627;25491.50;;25491.50;1;BID;
20251110;175003.627;25491.50;;25491.50;1;BID;
20251110;175003.655;25491.50;;25491.50;3;BID;
20251110;175003.655;25491.00;;25491.00;3;BID;
20251110;175003.655;;25491.50;25491.50;1;ASK;
20251110;175003.655;;25491.50;25491.50;1;ASK;
20251110;175003.663;25490.75;;25490.75;3;BID;
20251110;175003.691;;;25491.00;3;BETWEEN;
20251110;175003.725;;25491.75;25491.75;1;ASK;
20251110;175003.725;;;25491.25;5;BETWEEN;
20251110;175003.720;;;25491.50;1;BETWEEN;
20251110;175003.720;25491.00;;25491.00;5;BID;
20251110;175003.720;;25491.50;25491.50;1;ASK;
20251110;175003.725;;25491.75;25491.75;1;ASK;
20251110;175003.725;;;25491.25;5;BETWEEN;
20251110;175003.752;;25491.75;25491.75;3;ASK;
20251110;175003.752;25491.00;;25491.00;5;BID;
20251110;175003.778;;25491.75;25491.75;4;ASK;
20251110;175003.778;;;25491.25;1;BETWEEN;
20251110;175003.804;;25491.75;25491.75;1;ASK;
20251110;175003.804;25491.25;;25491.25;6;BID;
20251110;175003.838;;25492.00;25492.00;5;ASK;
20251110;175003.838;25491.25;;25491.25;5;BID;
20251110;175003.828;;;25491.75;1;BETWEEN;
20251110;175003.828;;;25491.50;3;BETWEEN;
20251110;175003.828;;25491.75;25491.75;1;ASK;
20251110;175003.838;;25492.00;25492.00;5;ASK;
20251110;175003.838;25491.25;;25491.25;5;BID;
20251110;175003.862;;25492.00;25492.00;2;ASK;
20251110;175003.862;;;25491.50;5;BETWEEN;
20251110;175003.900;;25492.00;25492.00;5;ASK;
20251110;175003.900;25491.25;;25491.25;5;BID;
20251110;175003.915;;25492.00;25492.00;4;ASK;
20251110;175003.915;;;25491.50;2;BETWEEN;
20251110;175003.983;25491.00;;25491.00;4;BID;
20251110;175003.983;25490.50;;25490.50;2;BID;
20251110;175003.964;;25492.00;25492.00;1;ASK;
20251110;175003.964;;;25491.75;3;BETWEEN;
20251110;175003.964;25491.75;;25491.75;1;BID;
20251110;175003.983;25491.00;;25491.00;4;BID;
20251110;175003.983;25490.50;;25490.50;2;BID;
20251110;175004.014;;25491.00;25491.00;3;ASK;
20251110;175004.052;25490.25;;25490.25;4;BID;
20251110;175004.052;25489.75;;25489.75;2;BID;
20251110;175004.013;;25491.25;25491.25;6;ASK;
20251110;175004.013;;;25490.75;1;BETWEEN;
20251110;175004.013;25490.75;;25490.75;1;BID;
20251110;175004.034;25490.75;;25490.75;1;BID;
20251110;175004.034;25490.50;;25490.50;2;BID;
20251110;175004.034;25490.50;;25490.50;1;BID;
20251110;175004.036;25490.50;;25490.50;3;BID;
20251110;175004.036;25490.00;;25490.00;6;BID;
20251110;175004.036;25490.00;;25490.00;5;BID;
20251110;175004.036;25490.00;;25490.00;1;BID;
20251110;175004.052;;;25490.25;4;BETWEEN;
20251110;175004.052;25489.75;;25489.75;2;BID;
20251110;175004.087;;25490.25;25490.25;1;ASK;
20251110;175004.087;25489.75;;25489.75;4;BID;
20251110;175004.116;;25490.25;25490.25;4;ASK;
20251110;175004.116;25489.50;;25489.50;5;BID;
20251110;175004.175;;25490.50;25490.50;5;ASK;
20251110;175004.175;;;25490.00;1;BETWEEN;
20251110;175004.153;25490.00;;25490.00;7;BID;
20251110;175004.153;25489.50;;25489.50;1;BID;
20251110;175004.153;;25490.00;25490.00;1;ASK;
20251110;175004.162;;;25489.75;1;BETWEEN;
20251110;175004.162;25489.25;;25489.25;3;BID;
20251110;175004.162;;25489.75;25489.75;1;ASK;
20251110;175004.162;;25490.00;25490.00;5;ASK;
20251110;175004.162;;;25489.50;4;BETWEEN;
20251110;175004.162;;25490.00;25490.00;1;ASK;
20251110;175004.162;;25490.00;25490.00;1;ASK;
20251110;175004.162;;25490.00;25490.00;1;ASK;
20251110;175004.162;;25490.00;25490.00;1;ASK;
20251110;175004.162;;25490.00;25490.00;1;ASK;
20251110;175004.207;;25490.50;25490.50;6;ASK;
20251110;175004.207;;;25490.00;2;BETWEEN;
20251110;175004.235;;25490.50;25490.50;5;ASK;
20251110;175004.301;;25491.50;25491.50;6;ASK;
20251110;175004.301;;;25491.00;1;BETWEEN;
20251110;175004.329;;25491.50;25491.50;2;ASK;
20251110;175004.329;25491.00;;25491.00;2;BID;
20251110;175004.358;;25491.75;25491.75;2;ASK;
20251110;175004.358;;;25491.25;2;BETWEEN;
20251110;175004.394;;25491.75;25491.75;4;ASK;
20251110;175004.394;25491.25;;25491.25;1;BID;
20251110;175004.486;;;25491.50;4;BETWEEN;
20251110;175004.486;25491.00;;25491.00;3;BID;
20251110;175004.485;;25491.75;25491.75;5;ASK;
20251110;175004.485;25491.00;;25491.00;1;BID;
20251110;175004.486;;;25491.50;4;BETWEEN;
20251110;175004.502;;25491.50;25491.50;3;ASK;
20251110;175004.547;;25491.50;25491.50;4;ASK;
20251110;175004.547;25491.00;;25491.00;2;BID;
20251110;175004.541;;25491.50;25491.50;3;ASK;
20251110;175004.541;25491.00;;25491.00;1;BID;
20251110;175004.547;;25491.50;25491.50;4;ASK;
20251110;175004.577;;25491.50;25491.50;5;ASK;
20251110;175004.577;25491.00;;25491.00;1;BID;
20251110;175004.590;;;25491.25;3;BETWEEN;
20251110;175004.590;25490.50;;25490.50;5;BID;
20251110;175004.639;;;25490.75;5;BETWEEN;
20251110;175004.639;25490.25;;25490.25;2;BID;
20251110;175004.658;;25490.75;25490.75;3;ASK;
20251110;175004.658;25490.25;;25490.25;3;BID;
20251110;175004.684;;;25490.50;1;BETWEEN;
20251110;175004.684;25490.25;;25490.25;1;BID;
20251110;175004.684;25490.25;;25490.25;1;BID;
20251110;175004.684;;25490.50;25490.50;4;ASK;
20251110;175004.684;25490.00;;25490.00;2;BID;
20251110;175004.684;25490.00;;25490.00;1;BID;
20251110;175004.684;25490.00;;25490.00;1;BID;
20251110;175004.696;;25490.50;25490.50;1;ASK;
20251110;175004.696;;;25490.25;1;BETWEEN;
20251110;175004.730;;25490.75;25490.75;3;ASK;
20251110;175004.730;25490.25;;25490.25;4;BID;
20251110;175004.707;;;25490.50;1;BETWEEN;
20251110;175004.707;;25490.50;25490.50;1;ASK;
20251110;175004.718;;25490.75;25490.75;2;ASK;
20251110;175004.718;25490.25;;25490.25;3;BID;
20251110;175004.718;;25490.75;25490.75;1;ASK;
20251110;175004.730;;25490.75;25490.75;3;ASK;
20251110;175004.730;25490.25;;25490.25;4;BID;
20251110;175004.766;;25490.75;25490.75;5;ASK;
20251110;175004.766;25490.00;;25490.00;4;BID;
20251110;175004.779;25490.00;;25490.00;5;BID;
20251110;175004.811;25490.00;;25490.00;1;BID;
20251110;175004.821;;;25490.50;3;BETWEEN;
20251110;175004.821;25490.00;;25490.00;2;BID;
20251110;175004.870;;25491.00;25491.00;2;ASK;
20251110;175004.870;;;25490.50;3;BETWEEN;
20251110;175004.856;;;25490.75;5;BETWEEN;
20251110;175004.856;25490.25;;25490.25;3;BID;
20251110;175004.856;;25490.75;25490.75;1;ASK;
20251110;175004.870;;25491.00;25491.00;2;ASK;
20251110;175004.870;;;25490.50;3;BETWEEN;
20251110;175004.943;;25491.00;25491.00;3;ASK;
20251110;175004.943;25490.50;;25490.50;2;BID;
20251110;175005.023;;25491.25;25491.25;4;ASK;
20251110;175005.023;25490.50;;25490.50;3;BID;
20251110;175005.051;;25491.75;25491.75;2;ASK;
20251110;175005.051;;;25491.25;3;BETWEEN;
20251110;175005.081;;25492.00;25492.00;4;ASK;
20251110;175005.081;;;25491.50;1;BETWEEN;
20251110;175005.087;;25492.00;25492.00;1;ASK;
20251110;175005.110;;;25491.75;1;BETWEEN;
20251110;175005.144;;25492.00;25492.00;2;ASK;
20251110;175005.165;;25492.00;25492.00;3;ASK;
20251110;175005.165;25491.50;;25491.50;2;BID;
20251110;175005.214;;;25491.75;4;BETWEEN;
20251110;175005.214;25491.25;;25491.25;1;BID;
20251110;175005.242;;25492.00;25492.00;5;ASK;
20251110;175005.242;25491.25;;25491.25;5;BID;
20251110;175005.201;;;25491.75;1;BETWEEN;
20251110;175005.201;;;25491.50;1;BETWEEN;
20251110;175005.201;25491.50;;25491.50;1;BID;
20251110;175005.242;;25492.00;25492.00;5;ASK;
20251110;175005.242;25491.25;;25491.25;5;BID;
20251110;175005.282;25491.25;;25491.25;2;BID;
20251110;175005.282;25490.75;;25490.75;4;BID;
20251110;175005.299;;25491.25;25491.25;4;ASK;
20251110;175005.299;25490.75;;25490.75;2;BID;
20251110;175005.279;;25491.75;25491.75;5;ASK;
20251110;175005.279;;;25491.25;1;BETWEEN;
20251110;175005.279;25491.25;;25491.25;1;BID;
20251110;175005.299;25491.25;;25491.25;4;BID;
20251110;175005.299;25490.75;;25490.75;2;BID;
20251110;175005.341;;25491.25;25491.25;7;ASK;
20251110;175005.341;25490.75;;25490.75;1;BID;
20251110;175005.371;;25491.25;25491.25;3;ASK;
20251110;175005.371;25490.75;;25490.75;3;BID;
20251110;175005.395;;25491.25;25491.25;4;ASK;
20251110;175005.395;25490.50;;25490.50;4;BID;
20251110;175005.423;;;25490.75;3;BETWEEN;
20251110;175005.467;;25491.25;25491.25;5;ASK;
20251110;175005.467;25490.50;;25490.50;5;BID;
20251110;175005.486;25490.50;;25490.50;4;BID;
20251110;175005.516;;25491.25;25491.25;6;ASK;
20251110;175005.580;;25491.25;25491.25;3;ASK;
20251110;175005.580;;;25490.75;2;BETWEEN;
20251110;175005.531;;;25491.00;3;BETWEEN;
20251110;175005.531;25490.50;;25490.50;3;BID;
20251110;175005.531;;25491.00;25491.00;1;ASK;
20251110;175005.545;;25491.00;25491.00;1;ASK;
20251110;175005.545;;25491.00;25491.00;1;ASK;
20251110;175005.579;;25491.25;25491.25;6;ASK;
20251110;175005.579;25490.50;;25490.50;4;BID;
20251110;175005.579;;25491.25;25491.25;1;ASK;
20251110;175005.580;;25491.25;25491.25;3;ASK;
20251110;175005.580;;;25490.75;2;BETWEEN;
20251110;175005.610;;25491.25;25491.25;5;ASK;
20251110;175005.610;25490.50;;25490.50;5;BID;
20251110;175005.637;;;25491.00;1;BETWEEN;
20251110;175005.672;;25491.25;25491.25;1;ASK;
20251110;175005.672;;;25490.75;3;BETWEEN;
20251110;175005.700;;25491.25;25491.25;3;ASK;
20251110;175005.652;;25491.25;25491.25;1;ASK;
20251110;175005.652;;;25491.00;2;BETWEEN;
20251110;175005.652;;25491.25;25491.25;1;ASK;
20251110;175005.658;;25491.50;25491.50;2;ASK;
20251110;175005.658;;;25491.25;1;BETWEEN;
20251110;175005.658;25491.25;;25491.25;1;BID;
20251110;175005.660;25491.25;;25491.25;1;BID;
20251110;175005.660;25491.00;;25491.00;1;BID;
20251110;175005.660;25491.00;;25491.00;1;BID;
20251110;175005.700;;25491.25;25491.25;3;ASK;
20251110;175005.700;25490.75;;25490.75;3;BID;
20251110;175005.733;;25491.75;25491.75;3;ASK;
20251110;175005.733;;;25491.00;4;BETWEEN;
20251110;175005.764;;;25491.50;1;BETWEEN;
20251110;175005.764;25491.00;;25491.00;2;BID;
20251110;175005.733;;25491.50;25491.50;6;ASK;
20251110;175005.733;25490.75;;25490.75;4;BID;
20251110;175005.733;;25491.50;25491.50;1;ASK;
20251110;175005.733;;25491.50;25491.50;1;ASK;
20251110;175005.733;;25491.50;25491.50;1;ASK;
20251110;175005.733;;25491.50;25491.50;1;ASK;
20251110;175005.733;;25491.50;25491.50;1;ASK;
20251110;175005.733;;25491.50;25491.50;1;ASK;
20251110;175005.733;;25491.75;25491.75;1;ASK;
20251110;175005.733;;25491.75;25491.75;1;ASK;
20251110;175005.733;;25491.75;25491.75;1;ASK;
20251110;175005.733;;25491.75;25491.75;1;ASK;
20251110;175005.764;;25491.50;25491.50;1;ASK;
20251110;175005.764;;;25491.00;2;BETWEEN;
20251110;175005.781;25491.00;;25491.00;6;BID;
20251110;175005.814;;25491.75;25491.75;5;ASK;
20251110;175005.814;25491.00;;25491.00;3;BID;
20251110;175005.837;;;25491.50;1;BETWEEN;
20251110;175005.872;;25491.75;25491.75;1;ASK;
20251110;175005.872;;;25491.25;5;BETWEEN;
20251110;175005.891;;;25491.50;1;BETWEEN;
20251110;175005.891;25491.00;;25491.00;2;BID;
20251110;175005.859;;25491.50;25491.50;1;ASK;
20251110;175005.907;;25491.50;25491.50;1;ASK;
20251110;175005.933;;25492.25;25492.25;4;ASK;
20251110;175005.933;;;25491.50;3;BETWEEN;
20251110;175005.955;;25492.25;25492.25;5;ASK;
20251110;175005.955;25491.50;;25491.50;2;BID;
20251110;175005.975;;25492.25;25492.25;2;ASK;
20251110;175005.975;25491.50;;25491.50;4;BID;
20251110;175005.981;;;25492.00;1;BETWEEN;
20251110;175005.981;25491.50;;25491.50;3;BID;
20251110;175006.039;;25492.00;25492.00;2;ASK;
20251110;175006.039;25491.50;;25491.50;2;BID;
20251110;175006.054;;25492.00;25492.00;3;ASK;
20251110;175006.096;25491.25;;25491.25;5;BID;
20251110;175006.120;;;25491.50;2;BETWEEN;
20251110;175006.120;25491.50;;25491.50;1;BID;
20251110;175006.120;25491.50;;25491.50;1;BID;
20251110;175006.120;25491.25;;25491.25;1;BID;
20251110;175006.120;25491.25;;25491.25;1;BID;
20251110;175006.120;25491.25;;25491.25;1;BID;
20251110;175006.121;;;25491.75;3;BETWEEN;
20251110;175006.121;25491.25;;25491.25;2;BID;
20251110;175006.121;25491.25;;25491.25;1;BID;
20251110;175006.121;25491.25;;25491.25;1;BID;
20251110;175006.146;;;25491.50;4;BETWEEN;
20251110;175006.146;25490.75;;25490.75;5;BID;
20251110;175006.168;;25492.00;25492.00;2;ASK;
20251110;175006.168;;;25491.50;3;BETWEEN;
20251110;175006.197;;;25491.75;4;BETWEEN;
20251110;175006.197;25491.25;;25491.25;3;BID;
20251110;175006.224;;25492.00;25492.00;5;ASK;
20251110;175006.224;;;25491.50;1;BETWEEN;
20251110;175006.251;;25492.50;25492.50;3;ASK;
20251110;175006.251;;;25492.00;4;BETWEEN;
20251110;175006.309;;;25492.25;2;BETWEEN;
20251110;175006.309;25491.75;;25491.75;3;BID;
20251110;175006.347;;25492.25;25492.25;3;ASK;
20251110;175006.372;;25492.50;25492.50;3;ASK;
20251110;175006.372;;;25492.00;4;BETWEEN;
20251110;175006.432;;25492.50;25492.50;5;ASK;
20251110;175006.432;25491.75;;25491.75;6;BID;
20251110;175006.442;;25492.50;25492.50;3;ASK;
20251110;175006.442;;;25492.25;1;BETWEEN;
20251110;175006.442;;25492.50;25492.50;1;ASK;
20251110;175006.442;;25492.50;25492.50;1;ASK;
20251110;175006.442;;25492.50;25492.50;1;ASK;
20251110;175006.443;;25492.75;25492.75;1;ASK;
20251110;175006.443;;25492.75;25492.75;1;ASK;
20251110;175006.446;;25492.75;25492.75;3;ASK;
20251110;175006.446;;;25492.50;1;BETWEEN;
20251110;175006.446;;25492.75;25492.75;1;ASK;
20251110;175006.446;;25492.75;25492.75;2;ASK;
20251110;175006.446;;25492.75;25492.75;1;ASK;
20251110;175006.447;;25492.75;25492.75;1;ASK;
20251110;175006.447;25492.25;;25492.25;1;BID;
20251110;175006.447;25492.25;;25492.25;1;BID;
20251110;175006.447;25492.00;;25492.00;4;BID;
20251110;175006.447;;25492.75;25492.75;1;ASK;
20251110;175006.449;;25493.25;25493.25;2;ASK;
20251110;175006.449;;;25492.75;1;BETWEEN;
20251110;175006.449;25492.75;;25492.75;1;BID;
20251110;175006.452;25492.75;;25492.75;2;BID;
20251110;175006.452;;25493.25;25493.25;1;ASK;
20251110;175006.456;;25493.50;25493.50;12;ASK;
20251110;175006.456;;;25493.25;1;BETWEEN;
20251110;175006.456;25493.25;;25493.25;1;BID;
20251110;175006.463;25493.00;;25493.00;2;BID;
20251110;175006.463;25492.50;;25492.50;3;BID;
20251110;175006.493;;25493.25;25493.25;4;ASK;
20251110;175006.493;;;25492.75;2;BETWEEN;
20251110;175006.506;25492.75;;25492.75;1;BID;
20251110;175006.476;;25493.25;25493.25;1;ASK;
20251110;175006.476;;;25493.00;1;BETWEEN;
20251110;175006.476;25493.00;;25493.00;1;BID;
20251110;175006.477;;25493.25;25493.25;6;ASK;
20251110;175006.477;25492.75;;25492.75;1;BID;
20251110;175006.477;25492.75;;25492.75;1;BID;
20251110;175006.487;;25493.25;25493.25;4;ASK;
20251110;175006.487;25492.75;;25492.75;1;BID;
20251110;175006.540;;;25493.00;2;BETWEEN;
20251110;175006.540;25492.50;;25492.50;2;BID;
20251110;175006.581;;25493.25;25493.25;3;ASK;
20251110;175006.581;;;25492.75;4;BETWEEN;
20251110;175006.558;;;25493.00;1;BETWEEN;
20251110;175006.558;25492.50;;25492.50;3;BID;
20251110;175006.558;;25493.00;25493.00;1;ASK;
20251110;175006.558;;25493.25;25493.25;1;ASK;
20251110;175006.558;;25493.25;25493.25;1;ASK;
20251110;175006.581;;25493.25;25493.25;3;ASK;
20251110;175006.581;;;25492.75;4;BETWEEN;
20251110;175006.611;;25493.25;25493.25;5;ASK;
20251110;175006.611;25492.75;;25492.75;3;BID;
20251110;175006.642;;25493.75;25493.75;6;ASK;
20251110;175006.642;;;25493.00;1;BETWEEN;
20251110;175006.633;;;25493.25;4;BETWEEN;
20251110;175006.633;25492.75;;25492.75;3;BID;
20251110;175006.633;;25493.25;25493.25;1;ASK;
20251110;175006.633;;25493.25;25493.25;1;ASK;
20251110;175006.635;;25493.50;25493.50;14;ASK;
20251110;175006.635;;;25493.25;1;BETWEEN;
20251110;175006.635;;25493.50;25493.50;3;ASK;
20251110;175006.635;;25493.50;25493.50;2;ASK;
20251110;175006.635;;25493.50;25493.50;9;ASK;
20251110;175006.635;;25493.50;25493.50;5;ASK;
20251110;175006.635;;25493.50;25493.50;1;ASK;
20251110;175006.635;;25493.50;25493.50;1;ASK;
20251110;175006.635;;25493.50;25493.50;1;ASK;
20251110;175006.635;;25493.50;25493.50;1;ASK;
20251110;175006.640;;25493.75;25493.75;3;ASK;
20251110;175006.640;25493.25;;25493.25;3;BID;
20251110;175006.640;25493.25;;25493.25;1;BID;
20251110;175006.640;;;25493.50;2;BETWEEN;
20251110;175006.640;25493.25;;25493.25;5;BID;
20251110;175006.640;25493.25;;25493.25;1;BID;
20251110;175006.640;;25493.50;25493.50;3;ASK;
20251110;175006.640;25493.25;;25493.25;4;BID;
20251110;175006.640;25493.25;;25493.25;1;BID;
20251110;175006.641;25493.25;;25493.25;3;BID;
20251110;175006.641;;25493.50;25493.50;1;ASK;
20251110;175006.641;;25493.50;25493.50;2;ASK;
20251110;175006.641;;25493.50;25493.50;1;ASK;
20251110;175006.641;;25493.50;25493.50;1;ASK;
20251110;175006.641;;25493.75;25493.75;1;ASK;
20251110;175006.641;;25493.75;25493.75;1;ASK;
20251110;175006.641;;25493.75;25493.75;1;ASK;
20251110;175006.641;;25493.75;25493.75;1;ASK;
20251110;175006.641;;25494.00;25494.00;5;ASK;
20251110;175006.641;25493.25;;25493.25;1;BID;
20251110;175006.641;25493.25;;25493.25;1;BID;
20251110;175006.649;25493.00;;25493.00;2;BID;
20251110;175006.649;25492.50;;25492.50;3;BID;
20251110;175006.649;;25493.00;25493.00;1;ASK;
20251110;175006.659;;25493.25;25493.25;2;ASK;
20251110;175006.659;;;25492.75;4;BETWEEN;
20251110;175006.695;;;25493.00;2;BETWEEN;
20251110;175006.695;25492.50;;25492.50;2;BID;
20251110;175006.716;;25493.25;25493.25;3;ASK;
20251110;175006.716;;;25492.75;2;BETWEEN;
20251110;175006.748;;;25493.00;4;BETWEEN;
20251110;175006.748;25492.50;;25492.50;1;BID;
20251110;175006.777;;25493.00;25493.00;5;ASK;
20251110;175006.777;25492.25;;25492.25;5;BID;
20251110;175006.739;;25493.00;25493.00;2;ASK;
20251110;175006.739;;;25492.50;3;BETWEEN;
20251110;175006.739;25492.50;;25492.50;1;BID;
20251110;175006.739;25492.50;;25492.50;2;BID;
20251110;175006.739;25492.50;;25492.50;1;BID;
20251110;175006.739;25492.50;;25492.50;1;BID;
20251110;175006.774;;25493.00;25493.00;5;ASK;
20251110;175006.774;25492.50;;25492.50;1;BID;
20251110;175006.774;25492.50;;25492.50;1;BID;
20251110;175006.775;;;25492.75;2;BETWEEN;
20251110;175006.775;25492.25;;25492.25;4;BID;
20251110;175006.775;25492.25;;25492.25;1;BID;
20251110;175006.777;;;25492.50;1;BETWEEN;
20251110;175006.777;25492.25;;25492.25;1;BID;
20251110;175006.777;;25492.50;25492.50;1;ASK;
20251110;175006.795;;25493.00;25493.00;3;ASK;
20251110;175006.795;;;25492.50;2;BETWEEN;
20251110;175006.839;;;25492.75;3;BETWEEN;
20251110;175006.839;25492.25;;25492.25;4;BID;
20251110;175006.860;;25493.00;25493.00;5;ASK;
20251110;175006.902;;;25492.75;6;BETWEEN;
20251110;175006.902;25492.00;;25492.00;4;BID;
20251110;175006.928;;25492.75;25492.75;7;ASK;
20251110;175006.928;25492.00;;25492.00;2;BID;
20251110;175006.948;;25492.75;25492.75;5;ASK;
20251110;175006.948;;;25492.25;3;BETWEEN;
20251110;175007.007;25492.00;;25492.00;3;BID;
20251110;175007.037;;;25492.50;2;BETWEEN;
20251110;175007.037;25492.00;;25492.00;5;BID;
20251110;175007.069;;25492.75;25492.75;6;ASK;
20251110;175007.069;;;25492.25;1;BETWEEN;
20251110;175007.095;;;25492.50;1;BETWEEN;
20251110;175007.095;25492.25;;25492.25;2;BID;
20251110;175007.069;;25492.75;25492.75;6;ASK;
20251110;175007.069;25492.25;;25492.25;1;BID;
20251110;175007.069;25492.25;;25492.25;1;BID;
20251110;175007.107;;25492.75;25492.75;5;ASK;
20251110;175007.107;25492.25;;25492.25;2;BID;
20251110;175007.107;;25492.75;25492.75;1;ASK;
20251110;175007.111;;25493.00;25493.00;3;ASK;
20251110;175007.111;;;25492.50;3;BETWEEN;
20251110;175007.111;;25493.00;25493.00;1;ASK;
20251110;175007.112;;25493.00;25493.00;1;ASK;
20251110;175007.112;;;25492.75;1;BETWEEN;
20251110;175007.112;25492.75;;25492.75;1;BID;
20251110;175007.129;25492.50;;25492.50;3;BID;
20251110;175007.157;;;25492.75;3;BETWEEN;
20251110;175007.157;25492.25;;25492.25;2;BID;
20251110;175007.139;;25492.75;25492.75;1;ASK;
20251110;175007.139;;;25492.50;1;BETWEEN;
20251110;175007.139;25492.50;;25492.50;1;BID;
20251110;175007.157;;25492.75;25492.75;3;ASK;
20251110;175007.157;25492.25;;25492.25;2;BID;
20251110;175007.204;;25492.75;25492.75;1;ASK;
20251110;175007.204;;;25492.50;1;BETWEEN;
20251110;175007.233;;25492.75;25492.75;3;ASK;
20251110;175007.233;25492.25;;25492.25;3;BID;
20251110;175007.215;;25492.75;25492.75;1;ASK;
20251110;175007.215;;;25492.50;3;BETWEEN;
20251110;175007.215;;25492.75;25492.75;1;ASK;
20251110;175007.219;;25493.00;25493.00;1;ASK;
20251110;175007.219;25492.50;;25492.50;6;BID;
20251110;175007.219;25492.50;;25492.50;1;BID;
20251110;175007.219;25492.50;;25492.50;1;BID;
20251110;175007.222;25492.50;;25492.50;5;BID;
20251110;175007.222;25492.50;;25492.50;1;BID;
20251110;175007.228;;25493.00;25493.00;4;ASK;
20251110;175007.228;25492.25;;25492.25;4;BID;
20251110;175007.228;25492.25;;25492.25;1;BID;
20251110;175007.245;;;25492.75;3;BETWEEN;
20251110;175007.245;25492.25;;25492.25;3;BID;
20251110;175007.245;;25492.75;25492.75;1;ASK;
20251110;175007.264;;25493.00;25493.00;4;ASK;
20251110;175007.264;;;25492.50;2;BETWEEN;
20251110;175007.291;25492.50;;25492.50;3;BID;
20251110;175007.291;25492.00;;25492.00;1;BID;
20251110;175007.290;;25492.75;25492.75;3;ASK;
20251110;175007.290;;;25492.50;1;BETWEEN;
20251110;175007.290;25492.50;;25492.50;1;BID;
20251110;175007.290;25492.50;;25492.50;2;BID;
20251110;175007.290;25492.25;;25492.25;1;BID;
20251110;175007.290;25492.25;;25492.25;1;BID;
20251110;175007.291;;25492.50;25492.50;3;ASK;
20251110;175007.291;25492.00;;25492.00;1;BID;
20251110;175007.325;;25492.50;25492.50;4;ASK;
20251110;175007.325;25492.00;;25492.00;2;BID;
20251110;175007.352;;;25492.25;1;BETWEEN;
20251110;175007.352;25491.75;;25491.75;4;BID;
20251110;175007.377;25491.75;;25491.75;3;BID;
20251110;175007.377;25491.25;;25491.25;3;BID;
20251110;175007.349;;25492.50;25492.50;6;ASK;
20251110;175007.349;;;25492.00;1;BETWEEN;
20251110;175007.349;25492.00;;25492.00;1;BID;
20251110;175007.351;25492.00;;25492.00;1;BID;
20251110;175007.351;25491.75;;25491.75;4;BID;
20251110;175007.351;;25492.00;25492.00;1;ASK;
20251110;175007.362;;25492.25;25492.25;2;ASK;
20251110;175007.362;25491.75;;25491.75;1;BID;
20251110;175007.363;;25492.25;25492.25;4;ASK;
20251110;175007.363;25491.75;;25491.75;3;BID;
20251110;175007.363;25491.75;;25491.75;2;BID;
20251110;175007.363;25491.75;;25491.75;1;BID;
20251110;175007.377;25491.75;;25491.75;3;BID;
20251110;175007.377;25491.25;;25491.25;3;BID;
20251110;175007.410;;25491.75;25491.75;1;ASK;
20251110;175007.410;25491.25;;25491.25;5;BID;
20251110;175007.438;;25492.50;25492.50;4;ASK;
20251110;175007.438;;;25492.00;3;BETWEEN;
20251110;175007.435;25491.75;;25491.75;1;BID;
20251110;175007.435;25491.50;;25491.50;1;BID;
20251110;175007.435;;25491.75;25491.75;1;ASK;
20251110;175007.436;;25492.00;25492.00;1;ASK;
20251110;175007.436;25491.50;;25491.50;4;BID;
20251110;175007.436;;25492.00;25492.00;1;ASK;
20251110;175007.438;;25492.50;25492.50;4;ASK;
20251110;175007.438;;;25492.00;3;BETWEEN;
20251110;175007.465;;25492.75;25492.75;2;ASK;
20251110;175007.465;;;25492.25;3;BETWEEN;
20251110;175007.497;;25493.00;25493.00;6;ASK;
20251110;175007.497;25492.25;;25492.25;4;BID;
20251110;175007.490;;;25492.75;1;BETWEEN;
20251110;175007.490;25492.25;;25492.25;3;BID;
20251110;175007.490;;25492.75;25492.75;1;ASK;
20251110;175007.504;;25493.00;25493.00;6;ASK;
20251110;175007.504;25492.25;;25492.25;4;BID;
20251110;175007.504;;25493.00;25493.00;1;ASK;
20251110;175007.510;;25493.00;25493.00;5;ASK;
20251110;175007.510;25492.25;;25492.25;5;BID;
20251110;175007.586;;;25492.75;3;BETWEEN;
20251110;175007.586;25492.25;;25492.25;3;BID;
20251110;175007.617;;25492.75;25492.75;6;ASK;
20251110;175007.617;25492.00;;25492.00;4;BID;
20251110;175007.649;;25492.75;25492.75;5;ASK;
20251110;175007.649;;;25492.25;1;BETWEEN;
20251110;175007.642;;25492.75;25492.75;6;ASK;
20251110;175007.642;25492.00;;25492.00;4;BID;
20251110;175007.642;25492.00;;25492.00;1;BID;
20251110;175007.649;;25492.75;25492.75;5;ASK;
20251110;175007.649;;;25492.25;1;BETWEEN;
20251110;175007.676;25492.00;;25492.00;4;BID;
20251110;175007.686;;25492.75;25492.75;6;ASK;
20251110;175007.742;;;25492.50;3;BETWEEN;
20251110;175007.742;25492.00;;25492.00;2;BID;
20251110;175007.805;;25492.75;25492.75;5;ASK;
20251110;175007.805;;;25492.25;2;BETWEEN;
20251110;175007.831;;25492.75;25492.75;3;ASK;
20251110;175007.831;25492.25;;25492.25;4;BID;
20251110;175007.895;25492.25;;25492.25;1;BID;
20251110;175007.895;;25492.75;25492.75;1;ASK;
20251110;175007.909;25492.25;;25492.25;2;BID;
20251110;175008.032;25492.25;;25492.25;4;BID;
20251110;175008.061;;25492.75;25492.75;1;ASK;
20251110;175008.061;;25492.75;25492.75;3;ASK;
20251110;175008.061;;25492.75;25492.75;1;ASK;
20251110;175008.125;25492.25;;25492.25;4;BID;
20251110;175008.125;25491.75;;25491.75;1;BID;
20251110;175008.152;;;25492.00;5;BETWEEN;
20251110;175008.152;25491.25;;25491.25;4;BID;
20251110;175008.165;25491.25;;25491.25;1;BID;
20251110;175008.183;;;25491.75;3;BETWEEN;
20251110;175008.183;25491.25;;25491.25;1;BID;
20251110;175008.211;;25491.75;25491.75;4;ASK;
20251110;175008.211;25491.25;;25491.25;3;BID;
20251110;175008.244;;25492.00;25492.00;5;ASK;
20251110;175008.244;25491.25;;25491.25;4;BID;
20251110;175008.279;;25492.00;25492.00;1;ASK;
20251110;175008.279;;25492.00;25492.00;1;ASK;
20251110;175008.303;;25492.00;25492.00;6;ASK;
20251110;175008.303;25491.25;;25491.25;3;BID;
20251110;175008.337;;25492.00;25492.00;5;ASK;
20251110;175008.337;;;25491.50;1;BETWEEN;
20251110;175008.367;;;25491.75;1;BETWEEN;
20251110;175008.367;25491.25;;25491.25;3;BID;
20251110;175008.396;;25491.75;25491.75;2;ASK;
20251110;175008.448;;25492.00;25492.00;6;ASK;
20251110;175008.448;;;25491.50;1;BETWEEN;
20251110;175008.483;;;25491.75;1;BETWEEN;
20251110;175008.483;25491.25;;25491.25;4;BID;
20251110;175008.508;;25491.75;25491.75;3;ASK;
20251110;175008.508;25491.25;;25491.25;2;BID;
20251110;175008.544;;25491.75;25491.75;4;ASK;
20251110;175008.548;;25491.75;25491.75;3;ASK;
20251110;175008.548;25491.25;;25491.25;3;BID;
20251110;175008.634;;25492.25;25492.25;2;ASK;
20251110;175008.634;;;25491.75;4;BETWEEN;
20251110;175008.615;25491.75;;25491.75;3;BID;
20251110;175008.615;25491.25;;25491.25;3;BID;
20251110;175008.615;;25491.75;25491.75;1;ASK;
20251110;175008.615;;25491.75;25491.75;1;ASK;
20251110;175008.615;;25491.75;25491.75;1;ASK;
20251110;175008.634;;25492.25;25492.25;2;ASK;
20251110;175008.634;;;25491.75;4;BETWEEN;
20251110;175008.654;;25492.25;25492.25;1;ASK;
20251110;175008.683;;25492.50;25492.50;4;ASK;
20251110;175008.714;;;25492.25;3;BETWEEN;
20251110;175008.714;25491.75;;25491.75;3;BID;
20251110;175008.825;;25492.50;25492.50;8;ASK;
20251110;175008.849;;25492.75;25492.75;3;ASK;
20251110;175008.849;;;25492.25;2;BETWEEN;
20251110;175008.889;;25492.75;25492.75;6;ASK;
20251110;175008.889;25492.00;;25492.00;5;BID;
20251110;175008.917;;;25492.50;1;BETWEEN;
20251110;175008.917;25492.00;;25492.00;4;BID;
20251110;175008.958;;;25492.25;4;BETWEEN;
20251110;175008.958;25491.75;;25491.75;2;BID;
20251110;175008.973;;25492.25;25492.25;3;ASK;
20251110;175008.973;25491.75;;25491.75;4;BID;
20251110;175009.048;25491.75;;25491.75;5;BID;
20251110;175009.028;25491.75;;25491.75;4;BID;
20251110;175009.028;;25492.25;25492.25;1;ASK;
20251110;175009.052;;25492.25;25492.25;1;ASK;
20251110;175009.052;25491.75;;25491.75;5;BID;
20251110;175009.052;;25492.25;25492.25;1;ASK;
20251110;175009.080;;25492.50;25492.50;4;ASK;
20251110;175009.080;;;25492.00;2;BETWEEN;
20251110;175009.111;;25492.75;25492.75;5;ASK;
20251110;175009.111;25492.00;;25492.00;4;BID;
20251110;175009.065;;;25492.25;1;BETWEEN;
20251110;175009.065;25492.25;;25492.25;1;BID;
20251110;175009.065;;;25492.50;1;BETWEEN;
20251110;175009.065;25492.00;;25492.00;3;BID;
20251110;175009.065;25492.00;;25492.00;1;BID;
20251110;175009.065;25492.00;;25492.00;1;BID;
20251110;175009.065;25492.00;;25492.00;1;BID;
20251110;175009.080;;25492.50;25492.50;5;ASK;
20251110;175009.080;25492.00;;25492.00;2;BID;
20251110;175009.080;;25492.50;25492.50;1;ASK;
20251110;175009.117;;25492.75;25492.75;6;ASK;
20251110;175009.117;25492.00;;25492.00;3;BID;
20251110;175009.117;25492.00;;25492.00;1;BID;
20251110;175009.117;25492.00;;25492.00;1;BID;
20251110;175009.117;25492.00;;25492.00;1;BID;
20251110;175009.117;25491.75;;25491.75;1;BID;
20251110;175009.117;25491.75;;25491.75;1;BID;
20251110;175009.136;;25492.75;25492.75;7;ASK;
20251110;175009.199;;;25492.50;3;BETWEEN;
20251110;175009.284;;25492.50;25492.50;1;ASK;
20251110;175009.311;25492.00;;25492.00;4;BID;
20251110;175009.331;;25492.75;25492.75;6;ASK;
20251110;175009.400;;;25492.25;2;BETWEEN;
20251110;175009.410;25492.00;;25492.00;3;BID;
20251110;175009.451;;;25492.50;3;BETWEEN;
20251110;175009.479;;25492.75;25492.75;7;ASK;
20251110;175009.467;;;25492.50;3;BETWEEN;
20251110;175009.467;;25492.50;25492.50;1;ASK;
20251110;175009.479;;25492.75;25492.75;7;ASK;
20251110;175009.533;;25492.75;25492.75;3;ASK;
20251110;175009.533;;;25492.25;2;BETWEEN;
20251110;175009.563;;25493.50;25493.50;2;ASK;
20251110;175009.563;;;25493.00;4;BETWEEN;
20251110;175009.531;25492.75;;25492.75;6;BID;
20251110;175009.531;25492.25;;25492.25;2;BID;
20251110;175009.531;;25492.75;25492.75;1;ASK;
20251110;175009.536;;25493.00;25493.00;2;ASK;
20251110;175009.536;;;25492.75;2;BETWEEN;
20251110;175009.536;;25493.00;25493.00;2;ASK;
20251110;175009.563;;25493.50;25493.50;2;ASK;
20251110;175009.563;;;25493.00;4;BETWEEN;
20251110;175009.600;;25493.50;25493.50;5;ASK;
20251110;175009.600;25493.00;;25493.00;1;BID;
20251110;175009.638;;25493.50;25493.50;4;ASK;
20251110;175009.638;25493.00;;25493.00;4;BID;
20251110;175009.676;;25493.75;25493.75;5;ASK;
20251110;175009.676;;;25493.25;1;BETWEEN;
20251110;175009.699;;;25493.50;3;BETWEEN;
20251110;175009.699;25493.00;;25493.00;4;BID;
20251110;175009.684;;25493.75;25493.75;4;ASK;
20251110;175009.684;25493.00;;25493.00;5;BID;
20251110;175009.684;;25493.75;25493.75;1;ASK;
20251110;175009.699;;;25493.50;3;BETWEEN;
20251110;175009.699;25493.00;;25493.00;4;BID;
20251110;175009.732;;25493.75;25493.75;4;ASK;
20251110;175009.764;;25493.75;25493.75;8;ASK;
20251110;175009.764;;;25493.25;1;BETWEEN;
20251110;175009.762;;25493.75;25493.75;3;ASK;
20251110;175009.762;25493.25;;25493.25;1;BID;
20251110;175009.764;;25493.75;25493.75;8;ASK;
20251110;175009.820;;25493.75;25493.75;7;ASK;
20251110;175009.845;;;25493.50;2;BETWEEN;
20251110;175009.845;25493.00;;25493.00;4;BID;
20251110;175009.879;;25493.50;25493.50;5;ASK;
20251110;175009.879;25493.00;;25493.00;1;BID;
20251110;175009.953;;25493.50;25493.50;4;ASK;
20251110;175009.953;25493.00;;25493.00;3;BID;
20251110;175009.979;;25493.50;25493.50;1;ASK;
20251110;175009.979;25493.00;;25493.00;6;BID;
20251110;175009.943;25493.00;;25493.00;4;BID;
20251110;175009.943;25493.00;;25493.00;1;BID;
20251110;175009.979;25493.00;;25493.00;6;BID;
20251110;175010.014;;25493.50;25493.50;5;ASK;
20251110;175010.014;25492.75;;25492.75;6;BID;
20251110;175010.044;;25493.50;25493.50;1;ASK;
20251110;175010.044;;;25493.00;5;BETWEEN;
20251110;175010.075;;25493.50;25493.50;4;ASK;
20251110;175010.075;25493.00;;25493.00;2;BID;
20251110;175010.097;25493.00;;25493.00;2;BID;
20251110;175010.097;25492.50;;25492.50;3;BID;
20251110;175010.136;;25493.25;25493.25;5;ASK;
20251110;175010.136;;;25492.75;1;BETWEEN;
20251110;175010.162;;25493.50;25493.50;5;ASK;
20251110;175010.162;25492.75;;25492.75;4;BID;
20251110;175010.178;;;25493.25;3;BETWEEN;
20251110;175010.178;25492.75;;25492.75;3;BID;
20251110;175010.211;;25493.25;25493.25;1;ASK;
20251110;175010.254;;25493.50;25493.50;6;ASK;
20251110;175010.275;;25493.50;25493.50;5;ASK;
20251110;175010.311;;;25493.25;4;BETWEEN;
20251110;175010.311;25492.75;;25492.75;2;BID;
20251110;175010.345;;25494.00;25494.00;7;ASK;
20251110;175010.345;;;25493.25;3;BETWEEN;
20251110;175010.341;;;25493.50;4;BETWEEN;
20251110;175010.341;25493.25;;25493.25;2;BID;
20251110;175010.341;25493.25;;25493.25;1;BID;
20251110;175010.341;25493.25;;25493.25;1;BID;
20251110;175010.341;25493.25;;25493.25;1;BID;
20251110;175010.341;25493.00;;25493.00;1;BID;
20251110;175010.341;25492.75;;25492.75;8;BID;
20251110;175010.341;;25493.50;25493.50;1;ASK;
20251110;175010.341;;25493.50;25493.50;1;ASK;
20251110;175010.342;;25493.50;25493.50;2;ASK;
20251110;175010.342;25492.75;;25492.75;6;BID;
20251110;175010.342;;25493.50;25493.50;1;ASK;
20251110;175010.342;;25493.50;25493.50;1;ASK;
20251110;175010.342;;;25493.00;1;BETWEEN;
20251110;175010.342;;25493.50;25493.50;1;ASK;
20251110;175010.345;;25494.00;25494.00;7;ASK;
20251110;175010.345;;;25493.25;3;BETWEEN;
20251110;175010.367;;25494.00;25494.00;4;ASK;
20251110;175010.367;;;25493.50;2;BETWEEN;
20251110;175010.397;;;25493.75;5;BETWEEN;
20251110;175010.397;25493.25;;25493.25;1;BID;
20251110;175010.409;;25493.75;25493.75;3;ASK;
20251110;175010.409;25493.25;;25493.25;3;BID;
20251110;175010.452;;25493.75;25493.75;6;ASK;
20251110;175010.452;25493.25;;25493.25;1;BID;
20251110;175010.493;;25493.75;25493.75;4;ASK;
20251110;175010.493;25493.00;;25493.00;7;BID;
20251110;175010.479;;25493.75;25493.75;2;ASK;
20251110;175010.479;;;25493.25;6;BETWEEN;
20251110;175010.479;;25493.75;25493.75;1;ASK;
20251110;175010.480;;25494.00;25494.00;4;ASK;
20251110;175010.480;;;25493.50;3;BETWEEN;
20251110;175010.480;25493.50;;25493.50;1;BID;
20251110;175010.480;;25494.00;25494.00;3;ASK;
20251110;175010.480;25493.50;;25493.50;1;BID;
20251110;175010.480;25493.50;;25493.50;1;BID;
20251110;175010.493;;;25493.75;4;BETWEEN;
20251110;175010.493;25493.00;;25493.00;7;BID;
20251110;175010.524;;25493.75;25493.75;6;ASK;
20251110;175010.554;;;25493.50;4;BETWEEN;
20251110;175010.554;25492.75;;25492.75;5;BID;
20251110;175010.515;;25493.75;25493.75;4;ASK;
20251110;175010.515;;;25493.00;7;BETWEEN;
20251110;175010.515;;25493.75;25493.75;1;ASK;
20251110;175010.515;;25493.75;25493.75;1;ASK;
20251110;175010.544;;;25493.50;2;BETWEEN;
20251110;175010.544;25493.00;;25493.00;2;BID;
20251110;175010.544;25493.00;;25493.00;1;BID;
20251110;175010.554;;25493.50;25493.50;4;ASK;
20251110;175010.554;25492.75;;25492.75;5;BID;
20251110;175010.585;;25493.50;25493.50;3;ASK;
20251110;175010.585;;;25493.00;3;BETWEEN;
20251110;175010.593;25493.00;;25493.00;1;BID;
20251110;175010.644;25493.00;;25493.00;4;BID;
20251110;175010.688;;25493.75;25493.75;6;ASK;
20251110;175010.688;;;25493.25;2;BETWEEN;
20251110;175010.707;;25493.75;25493.75;5;ASK;
20251110;175010.754;;;25493.50;2;BETWEEN;
20251110;175010.754;25493.00;;25493.00;4;BID;
20251110;175010.804;;25493.75;25493.75;6;ASK;
20251110;175010.804;;;25493.25;2;BETWEEN;
20251110;175010.802;;;25493.50;2;BETWEEN;
20251110;175010.802;25493.00;;25493.00;4;BID;
20251110;175010.802;;25493.50;25493.50;1;ASK;
20251110;175010.804;;25493.75;25493.75;6;ASK;
20251110;175010.804;;;25493.25;2;BETWEEN;
20251110;175010.821;;25493.75;25493.75;5;ASK;
20251110;175010.864;;25494.00;25494.00;4;ASK;
20251110;175010.864;;;25493.50;3;BETWEEN;
20251110;175010.950;;25494.00;25494.00;3;ASK;
20251110;175010.950;25493.50;;25493.50;5;BID;
20251110;175010.959;;;25493.75;3;BETWEEN;
20251110;175010.959;;25494.00;25494.00;1;ASK;
20251110;175010.959;;25494.00;25494.00;1;ASK;
20251110;175010.959;;25494.00;25494.00;1;ASK;
20251110;175010.960;;25494.25;25494.25;1;ASK;
20251110;175010.960;;;25494.00;2;BETWEEN;
20251110;175010.960;;25494.25;25494.25;1;ASK;
20251110;175010.960;;25494.50;25494.50;1;ASK;
20251110;175010.960;;25494.75;25494.75;1;ASK;
20251110;175010.960;;25494.75;25494.75;1;ASK;
20251110;175010.985;;25494.50;25494.50;6;ASK;
20251110;175010.985;25493.75;;25493.75;4;BID;
20251110;175011.018;;25494.50;25494.50;5;ASK;
20251110;175011.018;25493.75;;25493.75;5;BID;
20251110;175011.007;;25494.75;25494.75;6;ASK;
20251110;175011.007;;;25494.25;2;BETWEEN;
20251110;175011.007;25494.25;;25494.25;1;BID;
20251110;175011.007;25494.25;;25494.25;1;BID;
20251110;175011.007;25494.25;;25494.25;1;BID;
20251110;175011.018;;;25494.50;5;BETWEEN;
20251110;175011.018;25493.75;;25493.75;5;BID;
20251110;175011.047;;25494.75;25494.75;4;ASK;
20251110;175011.047;;;25494.25;5;BETWEEN;
20251110;175011.075;25494.25;;25494.25;4;BID;
20251110;175011.064;;25494.75;25494.75;3;ASK;
20251110;175011.064;;;25494.50;2;BETWEEN;
20251110;175011.064;;25494.75;25494.75;1;ASK;
20251110;175011.075;;25494.75;25494.75;4;ASK;
20251110;175011.075;25494.25;;25494.25;4;BID;
20251110;175011.110;25494.25;;25494.25;2;BID;
20251110;175011.134;25494.25;;25494.25;5;BID;
20251110;175011.172;;;25494.50;4;BETWEEN;
20251110;175011.172;25494.00;;25494.00;2;BID;
20251110;175011.203;;25494.50;25494.50;1;ASK;
20251110;175011.203;;;25494.25;2;BETWEEN;
20251110;175011.233;25494.25;;25494.25;3;BID;
20251110;175011.263;;25494.50;25494.50;3;ASK;
20251110;175011.263;25494.00;;25494.00;2;BID;
20251110;175011.262;;25494.75;25494.75;4;ASK;
20251110;175011.262;;;25494.25;5;BETWEEN;
20251110;175011.262;25494.25;;25494.25;1;BID;
20251110;175011.262;25494.25;;25494.25;1;BID;
20251110;175011.262;25494.25;;25494.25;1;BID;
20251110;175011.262;25494.25;;25494.25;1;BID;
20251110;175011.262;25494.25;;25494.25;1;BID;
20251110;175011.263;;;25494.50;3;BETWEEN;
20251110;175011.263;25494.00;;25494.00;2;BID;
20251110;175011.291;;25494.50;25494.50;2;ASK;
20251110;175011.291;25494.00;;25494.00;3;BID;
20251110;175011.322;;;25494.25;5;BETWEEN;
20251110;175011.322;25493.50;;25493.50;4;BID;
20251110;175011.351;;25494.25;25494.25;6;ASK;
20251110;175011.351;;;25493.75;1;BETWEEN;
20251110;175011.386;;25494.25;25494.25;3;ASK;
20251110;175011.386;25493.75;;25493.75;2;BID;
20251110;175011.403;25493.75;;25493.75;1;BID;
20251110;175011.441;25493.75;;25493.75;3;BID;
20251110;175011.489;;25494.25;25494.25;1;ASK;
20251110;175011.533;;;25494.00;3;BETWEEN;
20251110;175011.533;25493.50;;25493.50;4;BID;
20251110;175011.566;;25494.25;25494.25;6;ASK;
20251110;175011.566;;;25493.75;1;BETWEEN;
20251110;175011.608;25493.75;;25493.75;2;BID;
20251110;175011.629;25493.50;;25493.50;5;BID;
20251110;175011.681;;;25494.00;3;BETWEEN;
20251110;175011.681;25493.50;;25493.50;4;BID;
20251110;175011.682;;25494.00;25494.00;4;ASK;
20251110;175011.682;25493.50;;25493.50;1;BID;
20251110;175011.682;25493.50;;25493.50;1;BID;
20251110;175011.688;25493.25;;25493.25;5;BID;
20251110;175011.688;25492.75;;25492.75;2;BID;
20251110;175011.688;25492.75;;25492.75;1;BID;
20251110;175011.688;;;25493.00;1;BETWEEN;
20251110;175011.688;25492.75;;25492.75;1;BID;
20251110;175011.688;25492.75;;25492.75;1;BID;
20251110;175011.711;;25493.50;25493.50;3;ASK;
20251110;175011.711;;;25493.00;5;BETWEEN;
20251110;175011.740;;25493.50;25493.50;2;ASK;
20251110;175011.696;;;25493.25;1;BETWEEN;
20251110;175011.696;25492.75;;25492.75;2;BID;
20251110;175011.696;;25493.25;25493.25;1;ASK;
20251110;175011.696;;25493.50;25493.50;6;ASK;
20251110;175011.696;;;25493.00;3;BETWEEN;
20251110;175011.696;25493.00;;25493.00;1;BID;
20251110;175011.740;;25493.50;25493.50;2;ASK;
20251110;175011.740;25493.00;;25493.00;5;BID;
20251110;175011.743;;25493.50;25493.50;3;ASK;
20251110;175011.802;;25493.50;25493.50;5;ASK;
20251110;175011.802;25493.00;;25493.00;3;BID;
20251110;175011.812;25493.00;;25493.00;2;BID;
20251110;175011.837;;25493.50;25493.50;2;ASK;
20251110;175011.837;25493.00;;25493.00;4;BID;
20251110;175011.895;25492.50;;25492.50;2;BID;
20251110;175011.895;25492.00;;25492.00;2;BID;
20251110;175011.918;;25492.75;25492.75;4;ASK;
20251110;175011.918;;;25492.25;3;BETWEEN;
20251110;175011.886;;25493.00;25493.00;2;ASK;
20251110;175011.886;;;25492.75;1;BETWEEN;
20251110;175011.886;25492.75;;25492.75;1;BID;
20251110;175011.888;25492.75;;25492.75;1;BID;
20251110;175011.888;25492.50;;25492.50;1;BID;
20251110;175011.888;25492.50;;25492.50;1;BID;
20251110;175011.934;;25493.00;25493.00;1;ASK;
20251110;175011.934;;;25492.75;1;BETWEEN;
20251110;175011.934;25492.75;;25492.75;1;BID;
20251110;175011.935;;25493.00;25493.00;1;ASK;
20251110;175011.935;25492.75;;25492.75;4;BID;
20251110;175011.935;25492.25;;25492.25;3;BID;
20251110;175011.951;;25493.25;25493.25;3;ASK;
20251110;175011.951;;;25492.75;3;BETWEEN;
20251110;175011.984;;25493.50;25493.50;1;ASK;
20251110;175011.984;;;25493.00;3;BETWEEN;
20251110;175012.011;;25493.50;25493.50;3;ASK;
20251110;175012.011;25493.00;;25493.00;2;BID;
20251110;175011.965;;;25493.25;3;BETWEEN;
20251110;175011.965;25492.75;;25492.75;3;BID;
20251110;175011.965;;25493.25;25493.25;1;ASK;
20251110;175011.965;;25493.25;25493.25;1;ASK;
20251110;175011.965;;25493.25;25493.25;1;ASK;
20251110;175012.011;;25493.50;25493.50;3;ASK;
20251110;175012.011;;;25493.00;2;BETWEEN;
20251110;175012.039;;25493.50;25493.50;4;ASK;
20251110;175012.039;25492.75;;25492.75;5;BID;
20251110;175012.072;;25493.50;25493.50;3;ASK;
20251110;175012.072;;;25493.00;2;BETWEEN;
20251110;175012.086;25493.00;;25493.00;1;BID;
20251110;175012.153;;25493.50;25493.50;1;ASK;
20251110;175012.166;;25493.50;25493.50;1;ASK;
20251110;175012.166;25493.00;;25493.00;3;BID;
20251110;175012.189;;25493.50;25493.50;2;ASK;
20251110;175012.237;;25493.75;25493.75;6;ASK;
20251110;175012.237;;;25493.25;1;BETWEEN;
20251110;175012.253;25493.25;;25493.25;3;BID;
20251110;175012.318;;25493.75;25493.75;5;ASK;
20251110;175012.347;;;25493.50;4;BETWEEN;
20251110;175012.347;25493.00;;25493.00;1;BID;
20251110;175012.323;;25493.75;25493.75;5;ASK;
20251110;175012.323;;;25493.25;3;BETWEEN;
20251110;175012.323;;25493.75;25493.75;1;ASK;
20251110;175012.347;;;25493.50;4;BETWEEN;
20251110;175012.347;25493.00;;25493.00;1;BID;
20251110;175012.363;;;25493.25;1;BETWEEN;
20251110;175012.363;25492.75;;25492.75;3;BID;
20251110;175012.410;;25493.75;25493.75;5;ASK;
20251110;175012.410;;;25493.25;1;BETWEEN;
20251110;175012.397;25493.25;;25493.25;1;BID;
20251110;175012.397;25492.75;;25492.75;5;BID;
20251110;175012.397;25492.75;;25492.75;1;BID;
20251110;175012.397;25492.75;;25492.75;1;BID;
20251110;175012.408;;;25493.00;1;BETWEEN;
20251110;175012.408;;25493.25;25493.25;1;ASK;
20251110;175012.408;;25493.50;25493.50;1;ASK;
20251110;175012.408;;25493.50;25493.50;1;ASK;
20251110;175012.408;;25493.50;25493.50;1;ASK;
20251110;175012.440;;25493.75;25493.75;3;ASK;
20251110;175012.440;;;25493.25;3;BETWEEN;
20251110;175012.486;;;25493.50;2;BETWEEN;
20251110;175012.486;25493.00;;25493.00;4;BID;
20251110;175012.503;;25493.50;25493.50;3;ASK;
20251110;175012.503;25492.75;;25492.75;5;BID;
20251110;175012.523;;25493.50;25493.50;4;ASK;
20251110;175012.523;;;25493.00;2;BETWEEN;
20251110;175012.565;;25493.50;25493.50;3;ASK;
20251110;175012.565;25493.00;;25493.00;3;BID;
20251110;175012.614;;25493.50;25493.50;4;ASK;
20251110;175012.614;25493.00;;25493.00;1;BID;
20251110;175012.638;;25493.50;25493.50;3;ASK;
20251110;175012.638;25493.00;;25493.00;2;BID;
20251110;175012.677;;25493.50;25493.50;4;ASK;
20251110;175012.677;25492.75;;25492.75;6;BID;
20251110;175012.766;;;25493.00;2;BETWEEN;
20251110;175012.823;;25493.50;25493.50;1;ASK;
20251110;175012.823;;;25493.25;2;BETWEEN;
20251110;175012.822;;25493.50;25493.50;4;ASK;
20251110;175012.822;25493.00;;25493.00;4;BID;
20251110;175012.822;;25493.50;25493.50;1;ASK;
20251110;175012.823;;25493.50;25493.50;1;ASK;
20251110;175012.823;;;25493.25;2;BETWEEN;
20251110;175012.877;;25493.50;25493.50;3;ASK;
20251110;175012.877;25493.00;;25493.00;3;BID;
20251110;175012.910;;25493.50;25493.50;4;ASK;
20251110;175012.910;25493.00;;25493.00;1;BID;
20251110;175013.027;;25493.50;25493.50;3;ASK;
20251110;175013.027;25493.00;;25493.00;2;BID;
20251110;175013.041;;25493.50;25493.50;1;ASK;
20251110;175013.041;;;25493.25;2;BETWEEN;
20251110;175013.041;25493.25;;25493.25;1;BID;
20251110;175013.059;25493.00;;25493.00;4;BID;
20251110;175013.086;;25493.75;25493.75;2;ASK;
20251110;175013.086;;;25493.25;2;BETWEEN;
20251110;175013.116;;25493.75;25493.75;6;ASK;
20251110;175013.116;25493.25;;25493.25;1;BID;
20251110;175013.122;25493.00;;25493.00;4;BID;
20251110;175013.180;;25494.75;25494.75;3;ASK;
20251110;175013.180;;;25494.25;3;BETWEEN;
20251110;175013.163;25493.75;;25493.75;3;BID;
20251110;175013.163;25493.50;;25493.50;2;BID;
20251110;175013.163;;25493.75;25493.75;1;ASK;
20251110;175013.163;;25493.75;25493.75;1;ASK;
20251110;175013.163;;25493.75;25493.75;1;ASK;
20251110;175013.165;;25494.00;25494.00;1;ASK;
20251110;175013.165;;;25493.75;5;BETWEEN;
20251110;175013.165;;25494.00;25494.00;1;ASK;
20251110;175013.171;;25494.25;25494.25;1;ASK;
20251110;175013.171;;;25494.00;3;BETWEEN;
20251110;175013.171;;25494.25;25494.25;1;ASK;
20251110;175013.180;;25494.75;25494.75;3;ASK;
20251110;175013.180;;;25494.25;3;BETWEEN;
20251110;175013.210;;25495.00;25495.00;3;ASK;
20251110;175013.210;;;25494.50;1;BETWEEN;
20251110;175013.237;;25496.50;25496.50;2;ASK;
20251110;175013.237;;;25496.00;4;BETWEEN;
20251110;175013.205;25494.75;;25494.75;2;BID;
20251110;175013.205;25494.50;;25494.50;1;BID;
20251110;175013.205;;25494.75;25494.75;1;ASK;
20251110;175013.205;;25494.75;25494.75;1;ASK;
20251110;175013.205;;25494.75;25494.75;1;ASK;
20251110;175013.226;;25495.00;25495.00;2;ASK;
20251110;175013.226;;;25494.75;3;BETWEEN;
20251110;175013.226;;25495.00;25495.00;1;ASK;
20251110;175013.226;;25495.00;25495.00;1;ASK;
20251110;175013.230;;25495.50;25495.50;4;ASK;
20251110;175013.230;;;25495.25;1;BETWEEN;
20251110;175013.230;;25495.50;25495.50;1;ASK;
20251110;175013.230;;25495.50;25495.50;1;ASK;
20251110;175013.230;;25495.50;25495.50;1;ASK;
20251110;175013.230;;25495.50;25495.50;1;ASK;
20251110;175013.230;;25495.75;25495.75;1;ASK;
20251110;175013.232;;25495.75;25495.75;5;ASK;
20251110;175013.232;;;25495.50;3;BETWEEN;
20251110;175013.232;;25495.75;25495.75;1;ASK;
20251110;175013.232;;25495.75;25495.75;4;ASK;
20251110;175013.232;;25495.75;25495.75;1;ASK;
20251110;175013.232;;25495.75;25495.75;2;ASK;
20251110;175013.232;;25495.75;25495.75;1;ASK;
20251110;175013.235;;25496.00;25496.00;3;ASK;
20251110;175013.235;;;25495.75;4;BETWEEN;
20251110;175013.235;;25496.00;25496.00;2;ASK;
20251110;175013.235;;25496.00;25496.00;1;ASK;
20251110;175013.236;;25496.25;25496.25;2;ASK;
20251110;175013.236;;;25496.00;1;BETWEEN;
20251110;175013.236;;25496.25;25496.25;1;ASK;
20251110;175013.236;;25496.25;25496.25;1;ASK;
20251110;175013.240;;25496.25;25496.25;1;ASK;
20251110;175013.240;25496.00;;25496.00;3;BID;
20251110;175013.240;;25496.25;25496.25;1;ASK;
20251110;175013.241;;25496.50;25496.50;1;ASK;
20251110;175013.241;25496.00;;25496.00;5;BID;
20251110;175013.241;;25496.50;25496.50;1;ASK;
20251110;175013.242;25496.00;;25496.00;4;BID;
20251110;175013.242;25496.00;;25496.00;1;BID;
20251110;175013.268;;25496.50;25496.50;2;ASK;
20251110;175013.268;25496.00;;25496.00;2;BID;
20251110;175013.298;;25497.00;25497.00;11;ASK;
20251110;175013.298;;;25496.50;1;BETWEEN;
20251110;175013.328;;;25496.75;3;BETWEEN;
20251110;175013.328;25496.25;;25496.25;1;BID;
20251110;175013.360;;25496.75;25496.75;4;ASK;
20251110;175013.386;;;25496.50;3;BETWEEN;
20251110;175013.386;25496.00;;25496.00;3;BID;
20251110;175013.400;;;25496.25;1;BETWEEN;
20251110;175013.400;25496.00;;25496.00;1;BID;
20251110;175013.400;25496.00;;25496.00;1;BID;
20251110;175013.421;;25497.50;25497.50;4;ASK;
20251110;175013.421;;;25496.75;3;BETWEEN;
20251110;175013.447;;25497.50;25497.50;1;ASK;
20251110;175013.447;;;25497.00;3;BETWEEN;
20251110;175013.411;25496.25;;25496.25;4;BID;
20251110;175013.411;25495.75;;25495.75;2;BID;
20251110;175013.411;;25496.25;25496.25;1;ASK;
20251110;175013.412;;25496.25;25496.25;3;ASK;
20251110;175013.412;;;25496.00;2;BETWEEN;
20251110;175013.412;25496.00;;25496.00;1;BID;
20251110;175013.412;25496.00;;25496.00;1;BID;
20251110;175013.413;;25496.25;25496.25;1;ASK;
20251110;175013.413;25495.75;;25495.75;5;BID;
20251110;175013.413;;25496.25;25496.25;1;ASK;
20251110;175013.414;;25496.50;25496.50;1;ASK;
20251110;175013.414;;;25496.25;3;BETWEEN;
20251110;175013.414;;25496.50;25496.50;1;ASK;
20251110;175013.414;;25497.00;25497.00;11;ASK;
20251110;175013.414;;;25496.50;1;BETWEEN;
20251110;175013.414;;25497.00;25497.00;1;ASK;
20251110;175013.415;;25497.00;25497.00;1;ASK;
20251110;175013.415;;25497.00;25497.00;1;ASK;
20251110;175013.415;;25497.00;25497.00;8;ASK;
20251110;175013.415;;25497.00;25497.00;1;ASK;
20251110;175013.415;;25497.00;25497.00;7;ASK;
20251110;175013.415;25496.50;;25496.50;3;BID;
20251110;175013.415;;25497.00;25497.00;1;ASK;
20251110;175013.416;;25497.00;25497.00;6;ASK;
20251110;175013.416;;;25496.75;3;BETWEEN;
20251110;175013.416;;25497.00;25497.00;1;ASK;
20251110;175013.416;;25497.00;25497.00;1;ASK;
20251110;175013.416;;25497.00;25497.00;1;ASK;
20251110;175013.416;;25497.00;25497.00;3;ASK;
20251110;175013.416;;25497.00;25497.00;1;ASK;
20251110;175013.416;;25497.00;25497.00;2;ASK;
20251110;175013.416;25496.75;;25496.75;5;BID;
20251110;175013.416;;25497.00;25497.00;1;ASK;
20251110;175013.416;;25497.00;25497.00;1;ASK;
20251110;175013.416;;25497.00;25497.00;1;ASK;
20251110;175013.417;;25497.25;25497.25;2;ASK;
20251110;175013.417;;;25497.00;3;BETWEEN;
20251110;175013.417;25497.00;;25497.00;1;BID;
20251110;175013.418;;25497.25;25497.25;1;ASK;
20251110;175013.418;25497.00;;25497.00;5;BID;
20251110;175013.418;;25497.25;25497.25;1;ASK;
20251110;175013.419;;25497.75;25497.75;4;ASK;
20251110;175013.419;25497.00;;25497.00;4;BID;
20251110;175013.419;25497.00;;25497.00;1;BID;
20251110;175013.420;;;25497.50;1;BETWEEN;
20251110;175013.420;25497.00;;25497.00;5;BID;
20251110;175013.420;;25497.50;25497.50;1;ASK;
20251110;175013.420;;25497.50;25497.50;3;ASK;
20251110;175013.420;25497.00;;25497.00;3;BID;
20251110;175013.420;25497.00;;25497.00;2;BID;
20251110;175013.420;25497.00;;25497.00;1;BID;
20251110;175013.420;25497.00;;25497.00;1;BID;
20251110;175013.421;;25497.50;25497.50;4;ASK;
20251110;175013.421;;;25497.25;1;BETWEEN;
20251110;175013.421;25497.25;;25497.25;1;BID;
20251110;175013.428;;25497.50;25497.50;3;ASK;
20251110;175013.428;25497.25;;25497.25;2;BID;
20251110;175013.428;;25497.50;25497.50;1;ASK;
20251110;175013.428;;25497.50;25497.50;1;ASK;
20251110;175013.428;;25497.50;25497.50;1;ASK;
20251110;175013.428;25497.25;;25497.25;3;BID;
20251110;175013.428;;25497.50;25497.50;1;ASK;
20251110;175013.428;;25497.75;25497.75;7;ASK;
20251110;175013.428;;25497.75;25497.75;1;ASK;
20251110;175013.430;;25497.75;25497.75;4;ASK;
20251110;175013.430;25497.25;;25497.25;5;BID;
20251110;175013.430;;25497.75;25497.75;1;ASK;
20251110;175013.431;;;25497.50;2;BETWEEN;
20251110;175013.431;;25497.75;25497.75;1;ASK;
20251110;175013.431;;25497.75;25497.75;1;ASK;
20251110;175013.431;;25497.75;25497.75;1;ASK;
20251110;175013.431;;25497.75;25497.75;1;ASK;
20251110;175013.434;;25498.00;25498.00;5;ASK;
20251110;175013.434;;;25497.75;2;BETWEEN;
20251110;175013.434;25497.75;;25497.75;1;BID;
20251110;175013.434;25497.75;;25497.75;1;BID;
20251110;175013.434;25497.75;;25497.75;1;BID;
20251110;175013.448;25497.75;;25497.75;1;BID;
20251110;175013.448;25497.50;;25497.50;5;BID;
20251110;175013.448;;25497.75;25497.75;1;ASK;
20251110;175013.451;;25498.00;25498.00;5;ASK;
20251110;175013.451;;;25497.75;2;BETWEEN;
20251110;175013.451;25497.75;;25497.75;2;BID;
20251110;175013.469;25497.75;;25497.75;1;BID;
20251110;175013.469;25497.50;;25497.50;2;BID;
20251110;175013.469;;25497.75;25497.75;1;ASK;
20251110;175013.473;;25498.00;25498.00;8;ASK;
20251110;175013.473;25497.50;;25497.50;5;BID;
20251110;175013.508;;;25497.75;2;BETWEEN;
20251110;175013.508;25497.25;;25497.25;3;BID;
20251110;175013.507;;25498.00;25498.00;7;ASK;
20251110;175013.507;;;25497.50;3;BETWEEN;
20251110;175013.507;25497.50;;25497.50;2;BID;
20251110;175013.508;;;25497.75;3;BETWEEN;
20251110;175013.508;25497.50;;25497.50;1;BID;
20251110;175013.508;25497.50;;25497.50;1;BID;
20251110;175013.513;;25497.75;25497.75;1;ASK;
20251110;175013.513;25497.25;;25497.25;3;BID;
20251110;175013.513;25497.25;;25497.25;1;BID;
20251110;175013.537;;;25497.50;2;BETWEEN;
20251110;175013.537;25497.25;;25497.25;2;BID;
20251110;175013.567;;25497.50;25497.50;3;ASK;
20251110;175013.567;25497.00;;25497.00;5;BID;
20251110;175013.597;;25498.00;25498.00;9;ASK;
20251110;175013.597;;;25497.50;2;BETWEEN;
20251110;175013.543;25497.50;;25497.50;2;BID;
20251110;175013.543;25497.25;;25497.25;2;BID;
20251110;175013.543;25497.25;;25497.25;2;BID;
20251110;175013.582;;25498.00;25498.00;8;ASK;
20251110;175013.582;;;25497.50;4;BETWEEN;
20251110;175013.582;25497.50;;25497.50;1;BID;
20251110;175013.609;;25498.00;25498.00;9;ASK;
20251110;175013.609;25497.50;;25497.50;2;BID;
20251110;175013.609;25497.50;;25497.50;1;BID;
20251110;175013.631;;25498.25;25498.25;2;ASK;
20251110;175013.661;25497.50;;25497.50;3;BID;
20251110;175013.661;25497.00;;25497.00;5;BID;
20251110;175013.630;;25498.00;25498.00;10;ASK;
20251110;175013.630;;;25497.50;2;BETWEEN;
20251110;175013.630;;25498.00;25498.00;1;ASK;
20251110;175013.631;;25498.00;25498.00;1;ASK;
20251110;175013.631;;25498.00;25498.00;1;ASK;
20251110;175013.631;;25498.00;25498.00;2;ASK;
20251110;175013.631;;25498.00;25498.00;2;ASK;
20251110;175013.631;;25498.00;25498.00;1;ASK;
20251110;175013.631;;25498.00;25498.00;1;ASK;
20251110;175013.631;;25498.00;25498.00;1;ASK;
20251110;175013.631;;25498.25;25498.25;1;ASK;
20251110;175013.631;;25498.25;25498.25;1;ASK;
20251110;175013.631;;25498.25;25498.25;1;ASK;
20251110;175013.631;;25498.25;25498.25;1;ASK;
20251110;175013.631;;25498.25;25498.25;1;ASK;
20251110;175013.633;;;25497.75;2;BETWEEN;
20251110;175013.633;25497.50;;25497.50;1;BID;
20251110;175013.633;25497.50;;25497.50;1;BID;
20251110;175013.655;25497.50;;25497.50;3;BID;
20251110;175013.655;25497.00;;25497.00;2;BID;
20251110;175013.655;;25497.50;25497.50;1;ASK;
20251110;175013.674;25497.00;;25497.00;5;BID;
20251110;175013.674;;25497.50;25497.50;1;ASK;
20251110;175013.686;;25497.75;25497.75;6;ASK;
20251110;175013.686;;;25497.25;3;BETWEEN;
20251110;175013.721;25497.25;;25497.25;3;BID;
20251110;175013.721;25496.75;;25496.75;3;BID;
20251110;175013.713;;25497.50;25497.50;2;ASK;
20251110;175013.713;;;25497.25;3;BETWEEN;
20251110;175013.713;25497.25;;25497.25;1;BID;
20251110;175013.713;;25497.50;25497.50;1;ASK;
20251110;175013.713;25497.25;;25497.25;2;BID;
20251110;175013.713;25497.25;;25497.25;1;BID;
20251110;175013.713;;25497.50;25497.50;2;ASK;
20251110;175013.713;25497.25;;25497.25;1;BID;
20251110;175013.713;25497.25;;25497.25;1;BID;
20251110;175013.714;;25497.50;25497.50;5;ASK;
20251110;175013.714;25497.00;;25497.00;1;BID;
20251110;175013.714;25497.00;;25497.00;1;BID;
20251110;175013.721;;;25497.25;3;BETWEEN;
20251110;175013.721;25496.75;;25496.75;3;BID;
20251110;175013.757;;25497.25;25497.25;4;ASK;
20251110;175013.757;25496.75;;25496.75;1;BID;
20251110;175013.762;;25497.25;25497.25;5;ASK;
20251110;175013.762;25496.75;;25496.75;4;BID;
20251110;175013.806;25496.75;;25496.75;3;BID;
20251110;175013.841;;25497.50;25497.50;5;ASK;
20251110;175013.841;;;25497.00;5;BETWEEN;
20251110;175013.872;;25497.50;25497.50;1;ASK;
20251110;175013.872;25497.00;;25497.00;6;BID;
20251110;175013.946;;;25497.25;3;BETWEEN;
20251110;175013.946;;25497.50;25497.50;1;ASK;
20251110;175013.948;;25498.00;25498.00;5;ASK;
20251110;175013.948;;;25497.50;3;BETWEEN;
20251110;175013.977;;25498.25;25498.25;3;ASK;
20251110;175013.977;;;25497.75;4;BETWEEN;
20251110;175013.988;;25498.25;25498.25;6;ASK;
20251110;175013.988;25497.75;;25497.75;2;BID;
20251110;175013.963;;;25498.00;1;BETWEEN;
20251110;175013.963;;25498.00;25498.00;1;ASK;
20251110;175013.988;;25498.25;25498.25;6;ASK;
20251110;175014.035;;25498.25;25498.25;2;ASK;
20251110;175014.035;25497.75;;25497.75;6;BID;
20251110;175014.068;;;25498.00;1;BETWEEN;
20251110;175014.068;25497.50;;25497.50;5;BID;
20251110;175014.059;;25498.25;25498.25;1;ASK;
20251110;175014.059;;;25498.00;2;BETWEEN;
20251110;175014.059;;25498.25;25498.25;1;ASK;
20251110;175014.059;;25498.50;25498.50;11;ASK;
20251110;175014.059;;;25498.25;1;BETWEEN;
20251110;175014.059;25498.25;;25498.25;1;BID;
20251110;175014.060;;25498.50;25498.50;10;ASK;
20251110;175014.060;25498.00;;25498.00;2;BID;
20251110;175014.060;25498.00;;25498.00;2;BID;
20251110;175014.071;25498.00;;25498.00;1;BID;
20251110;175014.071;25497.50;;25497.50;5;BID;
20251110;175014.071;;25498.00;25498.00;1;ASK;
20251110;175014.071;;25498.25;25498.25;1;ASK;
20251110;175014.071;;25498.25;25498.25;1;ASK;
20251110;175014.071;;25498.25;25498.25;1;ASK;
20251110;175014.071;;25498.25;25498.25;1;ASK;
20251110;175014.090;;25498.25;25498.25;4;ASK;
20251110;175014.090;;;25497.75;5;BETWEEN;
20251110;175014.101;;25498.25;25498.25;6;ASK;
20251110;175014.101;25497.75;;25497.75;3;BID;
20251110;175014.148;;25498.25;25498.25;1;ASK;
20251110;175014.148;25497.75;;25497.75;6;BID;
20251110;175014.175;;;25498.00;3;BETWEEN;
20251110;175014.206;25497.50;;25497.50;6;BID;
20251110;175014.206;25497.25;;25497.25;1;BID;
20251110;175014.175;;25498.25;25498.25;1;ASK;
20251110;175014.175;;;25498.00;3;BETWEEN;
20251110;175014.175;25498.00;;25498.00;1;BID;
20251110;175014.176;;25498.50;25498.50;12;ASK;
20251110;175014.176;25498.00;;25498.00;2;BID;
20251110;175014.176;25498.00;;25498.00;1;BID;
20251110;175014.176;;;25498.25;1;BETWEEN;
20251110;175014.176;25498.00;;25498.00;1;BID;
20251110;175014.176;25498.00;;25498.00;1;BID;
20251110;175014.178;25497.75;;25497.75;4;BID;
20251110;175014.178;25497.75;;25497.75;1;BID;
20251110;175014.178;25497.75;;25497.75;1;BID;
20251110;175014.184;;25498.25;25498.25;6;ASK;
20251110;175014.184;25497.75;;25497.75;1;BID;
20251110;175014.184;25497.75;;25497.75;1;BID;
20251110;175014.204;25497.75;;25497.75;2;BID;
20251110;175014.204;25497.50;;25497.50;1;BID;
20251110;175014.204;25497.50;;25497.50;1;BID;
20251110;175014.205;;25497.75;25497.75;4;ASK;
20251110;175014.205;25497.50;;25497.50;2;BID;
20251110;175014.205;25497.50;;25497.50;1;BID;
20251110;175014.205;;25497.75;25497.75;5;ASK;
20251110;175014.205;25497.50;;25497.50;1;BID;
20251110;175014.205;25497.50;;25497.50;1;BID;
20251110;175014.206;25497.50;;25497.50;6;BID;
20251110;175014.206;25497.25;;25497.25;1;BID;
20251110;175014.206;25497.25;;25497.25;1;BID;
20251110;175014.225;25497.25;;25497.25;3;BID;
20251110;175014.225;25496.75;;25496.75;4;BID;
20251110;175014.225;;25497.25;25497.25;1;ASK;
20251110;175014.225;;25497.25;25497.25;1;ASK;
20251110;175014.225;;25497.25;25497.25;1;ASK;
20251110;175014.231;;25497.50;25497.50;5;ASK;
20251110;175014.231;;;25497.00;4;BETWEEN;
20251110;175014.231;;25497.50;25497.50;1;ASK;
20251110;175014.236;;25497.50;25497.50;1;ASK;
20251110;175014.236;25497.00;;25497.00;5;BID;
20251110;175014.262;;25497.50;25497.50;3;ASK;
20251110;175014.293;;25498.00;25498.00;5;ASK;
20251110;175014.293;;;25497.25;6;BETWEEN;
20251110;175014.280;;;25497.50;1;BETWEEN;
20251110;175014.280;25497.00;;25497.00;6;BID;
20251110;175014.280;;25497.50;25497.50;1;ASK;
20251110;175014.280;;25497.75;25497.75;1;ASK;
20251110;175014.280;;25497.75;25497.75;1;ASK;
20251110;175014.280;;25497.75;25497.75;1;ASK;
20251110;175014.280;;25497.75;25497.75;1;ASK;
20251110;175014.293;;25498.00;25498.00;5;ASK;
20251110;175014.293;;;25497.25;6;BETWEEN;
20251110;175014.316;;;25497.75;1;BETWEEN;
20251110;175014.316;25497.25;;25497.25;5;BID;
20251110;175014.347;;25497.75;25497.75;3;ASK;
20251110;175014.347;25497.25;;25497.25;4;BID;
20251110;175014.383;;25497.75;25497.75;1;ASK;
20251110;175014.415;;25497.75;25497.75;3;ASK;
20251110;175014.415;25497.25;;25497.25;3;BID;
20251110;175014.382;;25497.75;25497.75;1;ASK;
20251110;175014.449;;25497.75;25497.75;5;ASK;
20251110;175014.449;25497.00;;25497.00;6;BID;
20251110;175014.459;;;25497.50;4;BETWEEN;
20251110;175014.459;25497.00;;25497.00;4;BID;
20251110;175014.451;;25497.75;25497.75;5;ASK;
20251110;175014.451;25497.00;;25497.00;6;BID;
20251110;175014.451;25497.00;;25497.00;1;BID;
20251110;175014.459;;;25497.50;4;BETWEEN;
20251110;175014.459;25497.00;;25497.00;4;BID;
20251110;175014.511;;25497.50;25497.50;1;ASK;
20251110;175014.511;25497.00;;25497.00;5;BID;
20251110;175014.536;25497.00;;25497.00;6;BID;
20251110;175014.568;;25497.50;25497.50;2;ASK;
20251110;175014.604;25497.00;;25497.00;5;BID;
20251110;175014.604;25496.50;;25496.50;2;BID;
20251110;175014.601;;25497.00;25497.00;2;ASK;
20251110;175014.601;;;25496.75;1;BETWEEN;
20251110;175014.601;;25497.00;25497.00;1;ASK;
20251110;175014.601;;25497.00;25497.00;1;ASK;
20251110;175014.602;;25497.25;25497.25;4;ASK;
20251110;175014.602;25496.75;;25496.75;1;BID;
20251110;175014.603;;;25497.00;5;BETWEEN;
20251110;175014.603;25496.75;;25496.75;2;BID;
20251110;175014.603;25496.75;;25496.75;1;BID;
20251110;175014.603;;25497.00;25497.00;4;ASK;
20251110;175014.603;25496.75;;25496.75;2;BID;
20251110;175014.604;;25497.00;25497.00;5;ASK;
20251110;175014.604;25496.50;;25496.50;2;BID;
20251110;175014.615;;25497.00;25497.00;3;ASK;
20251110;175014.615;25496.50;;25496.50;4;BID;
20251110;175014.661;;25497.00;25497.00;5;ASK;
20251110;175014.661;25496.50;;25496.50;2;BID;
20251110;175014.664;;25497.00;25497.00;1;ASK;
20251110;175014.664;;;25496.75;3;BETWEEN;
20251110;175014.664;;25497.00;25497.00;1;ASK;
20251110;175014.691;;25497.50;25497.50;2;ASK;
20251110;175014.691;;;25497.00;3;BETWEEN;
20251110;175014.722;;25497.75;25497.75;5;ASK;
20251110;175014.722;25497.00;;25497.00;5;BID;
20251110;175014.696;;;25497.50;1;BETWEEN;
20251110;175014.696;25497.00;;25497.00;3;BID;
20251110;175014.696;;25497.50;25497.50;1;ASK;
20251110;175014.722;;25497.75;25497.75;5;ASK;
20251110;175014.722;25497.00;;25497.00;5;BID;
20251110;175014.751;;;25497.50;1;BETWEEN;
20251110;175014.777;;25497.75;25497.75;5;ASK;
20251110;175014.761;;25497.75;25497.75;4;ASK;
20251110;175014.761;;25497.75;25497.75;1;ASK;
20251110;175014.777;;25497.75;25497.75;5;ASK;
20251110;175014.825;;25498.00;25498.00;4;ASK;
20251110;175014.825;;;25497.50;2;BETWEEN;
20251110;175014.851;;;25497.75;3;BETWEEN;
20251110;175014.851;25497.25;;25497.25;2;BID;
20251110;175014.918;;25498.00;25498.00;2;ASK;
20251110;175014.918;;;25497.50;4;BETWEEN;
20251110;175014.977;;25498.00;25498.00;3;ASK;
20251110;175014.977;25497.50;;25497.50;2;BID;
20251110;175014.972;25497.50;;25497.50;3;BID;
20251110;175014.972;;25498.00;25498.00;1;ASK;
20251110;175015.011;;25498.00;25498.00;4;ASK;
20251110;175015.011;25497.50;;25497.50;1;BID;
20251110;175015.011;25497.50;;25497.50;1;BID;
20251110;175015.039;;;25497.75;4;BETWEEN;
20251110;175015.039;25497.00;;25497.00;5;BID;
20251110;175015.058;;25497.75;25497.75;1;ASK;
20251110;175015.058;;;25497.25;4;BETWEEN;
20251110;175015.104;;;25497.50;4;BETWEEN;
20251110;175015.104;25497.00;;25497.00;3;BID;
20251110;175015.135;25497.00;;25497.00;2;BID;
20251110;175015.082;;25497.75;25497.75;4;ASK;
20251110;175015.082;;;25497.25;3;BETWEEN;
20251110;175015.082;;25497.75;25497.75;1;ASK;
20251110;175015.082;;25497.75;25497.75;1;ASK;
20251110;175015.083;;25497.75;25497.75;7;ASK;
20251110;175015.083;25497.25;;25497.25;1;BID;
20251110;175015.083;25497.25;;25497.25;1;BID;
20251110;175015.123;;;25497.50;4;BETWEEN;
20251110;175015.123;25497.00;;25497.00;3;BID;
20251110;175015.123;25497.00;;25497.00;1;BID;
20251110;175015.123;25497.00;;25497.00;1;BID;
20251110;175015.123;25497.00;;25497.00;1;BID;
20251110;175015.135;25497.00;;25497.00;2;BID;
20251110;175015.161;25497.00;;25497.00;1;BID;
20251110;175015.198;;25498.00;25498.00;5;ASK;
20251110;175015.198;;;25497.25;3;BETWEEN;
20251110;175015.180;;;25497.50;4;BETWEEN;
20251110;175015.180;25497.00;;25497.00;1;BID;
20251110;175015.180;;25497.50;25497.50;1;ASK;
20251110;175015.180;;25497.50;25497.50;1;ASK;
20251110;175015.180;;25497.50;25497.50;1;ASK;
20251110;175015.180;;25497.50;25497.50;1;ASK;
20251110;175015.180;;25497.75;25497.75;1;ASK;
20251110;175015.180;;25497.75;25497.75;1;ASK;
20251110;175015.180;;25497.75;25497.75;1;ASK;
20251110;175015.180;;25497.75;25497.75;1;ASK;
20251110;175015.180;;25497.75;25497.75;1;ASK;
20251110;175015.180;;25497.75;25497.75;1;ASK;
20251110;175015.180;;25497.75;25497.75;1;ASK;
20251110;175015.187;;25498.25;25498.25;2;ASK;
20251110;175015.187;;;25497.75;6;BETWEEN;
20251110;175015.187;;25498.25;25498.25;1;ASK;
20251110;175015.188;;25498.25;25498.25;1;ASK;
20251110;175015.188;25497.75;;25497.75;4;BID;
20251110;175015.188;25497.75;;25497.75;1;BID;
20251110;175015.188;25497.75;;25497.75;1;BID;
20251110;175015.188;25497.75;;25497.75;1;BID;
20251110;175015.188;;;25498.00;2;BETWEEN;
20251110;175015.188;25497.75;;25497.75;1;BID;
20251110;175015.188;25497.75;;25497.75;1;BID;
20251110;175015.189;;25498.00;25498.00;1;ASK;
20251110;175015.189;25497.75;;25497.75;1;BID;
20251110;175015.189;;25498.00;25498.00;4;ASK;
20251110;175015.189;25497.50;;25497.50;1;BID;
20251110;175015.189;25497.50;;25497.50;1;BID;
20251110;175015.198;;25498.00;25498.00;5;ASK;
20251110;175015.198;25497.25;;25497.25;3;BID;
20251110;175015.229;25497.25;;25497.25;5;BID;
20251110;175015.229;25496.75;;25496.75;1;BID;
20251110;175015.257;25496.75;;25496.75;2;BID;
20251110;175015.206;;25497.75;25497.75;4;ASK;
20251110;175015.206;;;25497.25;1;BETWEEN;
20251110;175015.206;25497.25;;25497.25;1;BID;
20251110;175015.206;25497.00;;25497.00;1;BID;
20251110;175015.219;25497.25;;25497.25;1;BID;
20251110;175015.219;25497.00;;25497.00;1;BID;
20251110;175015.219;25497.00;;25497.00;1;BID;
20251110;175015.257;;25497.25;25497.25;5;ASK;
20251110;175015.257;25496.75;;25496.75;2;BID;
20251110;175015.290;;;25497.00;1;BETWEEN;
20251110;175015.290;25496.50;;25496.50;5;BID;
20251110;175015.320;;25497.00;25497.00;3;ASK;
20251110;175015.320;25496.50;;25496.50;4;BID;
20251110;175015.350;;25497.00;25497.00;4;ASK;
20251110;175015.350;25496.25;;25496.25;5;BID;
20251110;175015.366;;25497.00;25497.00;5;ASK;
20251110;175015.366;;;25496.50;1;BETWEEN;
20251110;175015.341;;25497.00;25497.00;3;ASK;
20251110;175015.341;25496.50;;25496.50;4;BID;
20251110;175015.341;25496.50;;25496.50;1;BID;
20251110;175015.344;;;25496.75;1;BETWEEN;
20251110;175015.344;25496.25;;25496.25;4;BID;
20251110;175015.344;;25496.75;25496.75;1;ASK;
20251110;175015.366;;25497.00;25497.00;5;ASK;
20251110;175015.366;;;25496.50;1;BETWEEN;
20251110;175015.411;;;25496.75;1;BETWEEN;
20251110;175015.411;25496.25;;25496.25;4;BID;
20251110;175015.435;;25496.75;25496.75;2;ASK;
20251110;175015.418;;25497.00;25497.00;1;ASK;
20251110;175015.418;;;25496.75;3;BETWEEN;
20251110;175015.418;25496.75;;25496.75;1;BID;
20251110;175015.419;25496.75;;25496.75;1;BID;
20251110;175015.419;25496.75;;25496.75;1;BID;
20251110;175015.435;25496.75;;25496.75;2;BID;
20251110;175015.435;25496.25;;25496.25;4;BID;
20251110;175015.467;;25497.00;25497.00;5;ASK;
20251110;175015.494;;25497.00;25497.00;2;ASK;
20251110;175015.494;;;25496.50;2;BETWEEN;
20251110;175015.524;;25497.25;25497.25;4;ASK;
20251110;175015.524;;;25496.75;1;BETWEEN;
20251110;175015.566;;25497.25;25497.25;5;ASK;
20251110;175015.566;25496.50;;25496.50;3;BID;
20251110;175015.522;;;25497.00;1;BETWEEN;
20251110;175015.522;25496.50;;25496.50;2;BID;
20251110;175015.522;;25497.00;25497.00;1;ASK;
20251110;175015.586;;25497.50;25497.50;1;ASK;
20251110;175015.586;;;25497.00;3;BETWEEN;
20251110;175015.586;;25497.50;25497.50;1;ASK;
20251110;175015.596;;25497.75;25497.75;4;ASK;
20251110;175015.596;;;25497.25;1;BETWEEN;
20251110;175015.627;;25497.75;25497.75;5;ASK;
20251110;175015.627;25497.00;;25497.00;4;BID;
20251110;175015.651;;25497.75;25497.75;4;ASK;
20251110;175015.651;;;25497.25;2;BETWEEN;
20251110;175015.611;;25497.75;25497.75;5;ASK;
20251110;175015.611;25497.00;;25497.00;4;BID;
20251110;175015.611;25497.00;;25497.00;1;BID;
20251110;175015.651;;25497.75;25497.75;4;ASK;
20251110;175015.651;;;25497.25;2;BETWEEN;
20251110;175015.712;25497.25;;25497.25;4;BID;
20251110;175015.712;25496.50;;25496.50;4;BID;
20251110;175015.705;;25497.75;25497.75;1;ASK;
20251110;175015.705;;;25497.50;4;BETWEEN;
20251110;175015.705;;25497.75;25497.75;1;ASK;
20251110;175015.705;;25498.00;25498.00;1;ASK;
20251110;175015.705;25497.50;;25497.50;1;BID;
20251110;175015.705;25497.50;;25497.50;1;BID;
20251110;175015.707;;;25497.75;5;BETWEEN;
20251110;175015.707;25497.25;;25497.25;1;BID;
20251110;175015.707;25497.25;;25497.25;1;BID;
20251110;175015.709;;;25497.50;4;BETWEEN;
20251110;175015.709;25497.00;;25497.00;1;BID;
20251110;175015.709;25497.00;;25497.00;1;BID;
20251110;175015.716;;;25497.25;1;BETWEEN;
20251110;175015.716;25497.25;;25497.25;1;BID;
20251110;175015.716;25497.25;;25497.25;4;BID;
20251110;175015.738;;25497.25;25497.25;3;ASK;
20251110;175015.738;25496.75;;25496.75;3;BID;
20251110;175015.766;;25497.25;25497.25;4;ASK;
20251110;175015.766;25496.50;;25496.50;3;BID;
20251110;175015.832;;;25497.00;2;BETWEEN;
20251110;175015.854;;25497.25;25497.25;5;ASK;
20251110;175015.854;;;25496.75;3;BETWEEN;
20251110;175015.823;;;25497.00;3;BETWEEN;
20251110;175015.823;25496.50;;25496.50;2;BID;
20251110;175015.823;25496.50;;25496.50;1;BID;
20251110;175015.854;;25497.25;25497.25;5;ASK;
20251110;175015.854;;;25496.75;3;BETWEEN;
20251110;175015.892;;25497.50;25497.50;2;ASK;
20251110;175015.892;;;25497.00;2;BETWEEN;
20251110;175015.919;;25497.50;25497.50;4;ASK;
20251110;175015.919;25497.00;;25497.00;1;BID;
20251110;175015.926;25497.00;;25497.00;1;BID;
20251110;175015.953;25496.75;;25496.75;5;BID;
20251110;175015.980;;25497.50;25497.50;2;ASK;
20251110;175015.980;;;25497.00;2;BETWEEN;
20251110;175016.019;;;25497.25;3;BETWEEN;
20251110;175016.019;25496.75;;25496.75;3;BID;
20251110;175016.045;;25497.50;25497.50;3;ASK;
20251110;175016.045;;;25497.00;3;BETWEEN;
20251110;175016.064;;25497.50;25497.50;4;ASK;
20251110;175016.064;25497.00;;25497.00;1;BID;
20251110;175016.099;;25498.25;25498.25;5;ASK;
20251110;175016.099;;;25497.50;3;BETWEEN;
20251110;175016.132;;25498.25;25498.25;1;ASK;
20251110;175016.132;;;25497.75;3;BETWEEN;
20251110;175016.080;25497.50;;25497.50;3;BID;
20251110;175016.080;25497.00;;25497.00;2;BID;
20251110;175016.080;;25497.50;25497.50;1;ASK;
20251110;175016.080;;25497.50;25497.50;1;ASK;
20251110;175016.080;;25497.50;25497.50;1;ASK;
20251110;175016.132;;25498.25;25498.25;1;ASK;
20251110;175016.132;;;25497.75;3;BETWEEN;
20251110;175016.159;;25498.50;25498.50;11;ASK;
20251110;175016.159;;;25498.00;1;BETWEEN;
20251110;175016.290;;;25498.25;1;BETWEEN;
20251110;175016.290;25498.00;;25498.00;1;BID;
20251110;175016.364;;25498.50;25498.50;10;ASK;
20251110;175016.364;25498.00;;25498.00;2;BID;
20251110;175016.390;;25498.50;25498.50;11;ASK;
20251110;175016.390;25498.00;;25498.00;1;BID;
20251110;175016.440;25497.50;;25497.50;4;BID;
20251110;175016.440;25496.75;;25496.75;4;BID;
20251110;175016.468;;;25497.00;1;BETWEEN;
20251110;175016.448;;;25497.25;1;BETWEEN;
20251110;175016.448;25497.00;;25497.00;1;BID;
20251110;175016.449;25497.00;;25497.00;1;BID;
20251110;175016.449;25496.75;;25496.75;3;BID;
20251110;175016.449;;25497.00;25497.00;1;ASK;
20251110;175016.468;;25497.50;25497.50;4;ASK;
20251110;175016.468;;;25497.00;1;BETWEEN;
20251110;175016.499;;25497.50;25497.50;1;ASK;
20251110;175016.499;25497.00;;25497.00;3;BID;
20251110;175016.532;;25497.50;25497.50;6;ASK;
20251110;175016.532;25496.75;;25496.75;5;BID;
20251110;175016.557;;25497.50;25497.50;4;ASK;
20251110;175016.557;;;25497.00;2;BETWEEN;
20251110;175016.594;25497.00;;25497.00;1;BID;
20251110;175016.604;;;25497.25;2;BETWEEN;
20251110;175016.604;25496.75;;25496.75;5;BID;
20251110;175016.649;;25497.25;25497.25;1;ASK;
20251110;175016.669;;25497.25;25497.25;2;ASK;
20251110;175016.637;25496.75;;25496.75;4;BID;
20251110;175016.637;;25497.25;25497.25;1;ASK;
20251110;175016.669;25496.75;;25496.75;5;BID;
20251110;175016.714;;25497.25;25497.25;1;ASK;
20251110;175016.714;25496.75;;25496.75;6;BID;
20251110;175016.741;;25497.50;25497.50;3;ASK;
20251110;175016.741;;;25497.00;2;BETWEEN;
20251110;175016.752;25497.00;;25497.00;1;BID;
20251110;175016.776;;25497.75;25497.75;2;ASK;
20251110;175016.776;;;25497.25;3;BETWEEN;
20251110;175016.829;;;25497.50;2;BETWEEN;
20251110;175016.829;25497.00;;25497.00;2;BID;
20251110;175016.860;;25497.50;25497.50;5;ASK;
20251110;175016.860;25497.00;;25497.00;1;BID;
20251110;175016.932;25497.00;;25497.00;1;BID;
20251110;175016.932;25496.50;;25496.50;4;BID;
20251110;175016.961;;25497.50;25497.50;4;ASK;
20251110;175016.961;;;25497.00;2;BETWEEN;
20251110;175016.983;;25497.50;25497.50;3;ASK;
20251110;175017.020;;25497.50;25497.50;1;ASK;
20251110;175017.042;;;25497.25;1;BETWEEN;
20251110;175017.042;;25497.50;25497.50;1;ASK;
20251110;175017.050;;25498.50;25498.50;11;ASK;
20251110;175017.050;;;25498.00;2;BETWEEN;
20251110;175017.084;25498.00;;25498.00;5;BID;
20251110;175017.088;;;25498.25;1;BETWEEN;
20251110;175017.088;25498.00;;25498.00;4;BID;
20251110;175017.088;;25498.25;25498.25;1;ASK;
20251110;175017.088;;25498.50;25498.50;10;ASK;
20251110;175017.088;;;25498.25;2;BETWEEN;
20251110;175017.088;;25498.50;25498.50;1;ASK;
20251110;175017.095;;25498.50;25498.50;9;ASK;
20251110;175017.095;25498.25;;25498.25;3;BID;
20251110;175017.095;;25498.50;25498.50;1;ASK;
20251110;175017.096;;25498.50;25498.50;8;ASK;
20251110;175017.096;;25498.50;25498.50;8;ASK;
20251110;175017.097;;25499.00;25499.00;5;ASK;
20251110;175017.097;;;25498.50;3;BETWEEN;
20251110;175017.097;25498.50;;25498.50;1;BID;
20251110;175017.097;25498.50;;25498.50;1;BID;
20251110;175017.097;25498.50;;25498.50;1;BID;
20251110;175017.097;25498.50;;25498.50;1;BID;
20251110;175017.098;25498.50;;25498.50;3;BID;
20251110;175017.098;25498.25;;25498.25;3;BID;
20251110;175017.098;25498.25;;25498.25;1;BID;
20251110;175017.098;25498.25;;25498.25;1;BID;
20251110;175017.098;25498.00;;25498.00;2;BID;
20251110;175017.098;25498.00;;25498.00;1;BID;
20251110;175017.098;25498.00;;25498.00;1;BID;
20251110;175017.108;;;25498.25;3;BETWEEN;
20251110;175017.108;25498.00;;25498.00;1;BID;
20251110;175017.108;25498.00;;25498.00;1;BID;
20251110;175017.109;25497.75;;25497.75;3;BID;
20251110;175017.159;;25498.25;25498.25;5;ASK;
20251110;175017.159;25497.50;;25497.50;5;BID;
20251110;175017.175;25497.25;;25497.25;2;BID;
20251110;175017.175;25497.00;;25497.00;3;BID;
20251110;175017.175;25497.00;;25497.00;1;BID;
20251110;175017.175;25497.00;;25497.00;1;BID;
20251110;175017.175;25497.00;;25497.00;1;BID;
20251110;175017.176;;25497.50;25497.50;7;ASK;
20251110;175017.176;;;25497.25;1;BETWEEN;
20251110;175017.176;25497.25;;25497.25;1;BID;
20251110;175017.180;25497.25;;25497.25;4;BID;
20251110;175017.180;25496.75;;25496.75;2;BID;
20251110;175017.180;25496.75;;25496.75;1;BID;
20251110;175017.180;25496.75;;25496.75;1;BID;
20251110;175017.181;;25497.25;25497.25;7;ASK;
20251110;175017.181;25496.75;;25496.75;1;BID;
20251110;175017.181;25496.75;;25496.75;1;BID;
20251110;175017.181;;25497.50;25497.50;5;ASK;
20251110;175017.190;25497.00;;25497.00;4;BID;
20251110;175017.190;25496.50;;25496.50;4;BID;
20251110;175017.211;;25497.25;25497.25;3;ASK;
20251110;175017.211;;;25496.75;4;BETWEEN;
20251110;175017.203;;;25497.00;1;BETWEEN;
20251110;175017.203;25496.75;;25496.75;1;BID;
20251110;175017.203;;25497.00;25497.00;1;ASK;
20251110;175017.203;;25497.25;25497.25;1;ASK;
20251110;175017.211;;25497.25;25497.25;3;ASK;
20251110;175017.211;25496.75;;25496.75;4;BID;
20251110;175017.255;;25497.25;25497.25;2;ASK;
20251110;175017.255;;;25497.00;1;BETWEEN;
20251110;175017.298;;25498.00;25498.00;3;ASK;
20251110;175017.298;;;25497.50;2;BETWEEN;
20251110;175017.278;25497.25;;25497.25;1;BID;
20251110;175017.278;25497.00;;25497.00;1;BID;
20251110;175017.278;;25497.25;25497.25;1;ASK;
20251110;175017.298;;25498.00;25498.00;3;ASK;
20251110;175017.298;;;25497.50;2;BETWEEN;
20251110;175017.334;25497.50;;25497.50;2;BID;
20251110;175017.334;25497.00;;25497.00;4;BID;
20251110;175017.364;;25497.50;25497.50;3;ASK;
20251110;175017.364;25497.00;;25497.00;2;BID;
20251110;175017.324;;25498.00;25498.00;4;ASK;
20251110;175017.324;;;25497.50;1;BETWEEN;
20251110;175017.324;25497.50;;25497.50;1;BID;
20251110;175017.364;25497.50;;25497.50;3;BID;
20251110;175017.364;25497.00;;25497.00;2;BID;
20251110;175017.393;;25497.75;25497.75;3;ASK;
20251110;175017.393;;;25497.25;1;BETWEEN;
20251110;175017.416;25497.25;;25497.25;2;BID;
20251110;175017.455;;25498.00;25498.00;3;ASK;
20251110;175017.455;;;25497.50;3;BETWEEN;
20251110;175017.483;;25498.25;25498.25;3;ASK;
20251110;175017.483;;;25497.75;1;BETWEEN;
20251110;175017.508;25497.75;;25497.75;2;BID;
20251110;175017.500;;;25498.00;1;BETWEEN;
20251110;175017.500;;25498.00;25498.00;1;ASK;
20251110;175017.508;;25498.25;25498.25;3;ASK;
20251110;175017.544;25497.75;;25497.75;1;BID;
20251110;175017.604;;25498.25;25498.25;5;ASK;
20251110;175017.604;25497.50;;25497.50;5;BID;
20251110;175017.639;;25498.25;25498.25;4;ASK;
20251110;175017.639;;;25497.75;4;BETWEEN;
20251110;175017.678;;;25498.00;4;BETWEEN;
20251110;175017.678;25497.50;;25497.50;3;BID;
20251110;175017.714;;25498.25;25498.25;4;ASK;
20251110;175017.714;;;25497.75;1;BETWEEN;
20251110;175017.690;;;25498.00;4;BETWEEN;
20251110;175017.690;25497.50;;25497.50;3;BID;
20251110;175017.690;;25498.00;25498.00;1;ASK;
20251110;175017.690;;25498.00;25498.00;1;ASK;
20251110;175017.690;;25498.00;25498.00;1;ASK;
20251110;175017.690;;25498.00;25498.00;1;ASK;
20251110;175017.690;;25498.25;25498.25;1;ASK;
20251110;175017.714;;25498.25;25498.25;4;ASK;
20251110;175017.714;;;25497.75;1;BETWEEN;
20251110;175017.749;25497.75;;25497.75;2;BID;
20251110;175017.777;25497.50;;25497.50;4;BID;
20251110;175017.822;;;25497.75;4;BETWEEN;
20251110;175017.831;;25498.25;25498.25;2;ASK;
20251110;175017.831;25497.75;;25497.75;2;BID;
20251110;175017.877;;25498.50;25498.50;3;ASK;
20251110;175017.877;;;25498.00;2;BETWEEN;
20251110;175017.884;25498.00;;25498.00;3;BID;
20251110;175017.931;25497.75;;25497.75;5;BID;
20251110;175017.873;;;25498.25;1;BETWEEN;
20251110;175017.873;;25498.25;25498.25;1;ASK;
20251110;175017.931;;25498.50;25498.50;3;ASK;
20251110;175017.965;;;25498.25;2;BETWEEN;
20251110;175017.965;25497.75;;25497.75;4;BID;
20251110;175017.996;;25498.75;25498.75;3;ASK;
20251110;175017.996;;;25498.25;4;BETWEEN;
20251110;175018.010;;25498.75;25498.75;1;ASK;
20251110;175018.010;;;25498.50;1;BETWEEN;
20251110;175018.010;;25498.75;25498.75;1;ASK;
20251110;175018.025;;25499.00;25499.00;1;ASK;
20251110;175018.025;25498.50;;25498.50;5;BID;
20251110;175018.048;;;25498.75;1;BETWEEN;
20251110;175018.048;25498.25;;25498.25;7;BID;
20251110;175018.023;;25499.00;25499.00;6;ASK;
20251110;175018.023;;;25498.50;2;BETWEEN;
20251110;175018.023;;25499.00;25499.00;1;ASK;
20251110;175018.023;;25499.00;25499.00;1;ASK;
20251110;175018.023;;25499.00;25499.00;1;ASK;
20251110;175018.023;;25499.00;25499.00;1;ASK;
20251110;175018.048;;;25498.75;1;BETWEEN;
20251110;175018.048;25498.25;;25498.25;7;BID;
20251110;175018.089;;25498.75;25498.75;6;ASK;
20251110;175018.089;25498.25;;25498.25;2;BID;
20251110;175018.117;25498.25;;25498.25;2;BID;
20251110;175018.117;25497.75;;25497.75;4;BID;
20251110;175018.086;;25498.75;25498.75;2;ASK;
20251110;175018.086;;;25498.50;2;BETWEEN;
20251110;175018.086;25498.50;;25498.50;1;BID;
20251110;175018.086;25498.50;;25498.50;1;BID;
20251110;175018.114;25498.50;;25498.50;2;BID;
20251110;175018.114;25498.00;;25498.00;5;BID;
20251110;175018.114;25498.00;;25498.00;1;BID;
20251110;175018.115;;25498.50;25498.50;1;ASK;
20251110;175018.115;;;25498.25;3;BETWEEN;
20251110;175018.115;;25498.50;25498.50;1;ASK;
20251110;175018.116;;25498.75;25498.75;6;ASK;
20251110;175018.116;25498.25;;25498.25;1;BID;
20251110;175018.140;25498.25;;25498.25;2;BID;
20251110;175018.140;25497.75;;25497.75;4;BID;
20251110;175018.140;25497.75;;25497.75;1;BID;
20251110;175018.140;25497.75;;25497.75;1;BID;
20251110;175018.140;25497.75;;25497.75;1;BID;
20251110;175018.140;25497.75;;25497.75;1;BID;
20251110;175018.141;;;25498.00;2;BETWEEN;
20251110;175018.141;25497.50;;25497.50;7;BID;
20251110;175018.141;;25498.00;25498.00;1;ASK;
20251110;175018.149;;25498.25;25498.25;3;ASK;
20251110;175018.149;;;25497.75;3;BETWEEN;
20251110;175018.180;;25498.75;25498.75;3;ASK;
20251110;175018.180;;;25498.25;4;BETWEEN;
20251110;175018.208;;25499.25;25499.25;5;ASK;
20251110;175018.208;;;25498.50;5;BETWEEN;
20251110;175018.158;25498.25;;25498.25;1;BID;
20251110;175018.158;25498.00;;25498.00;4;BID;
20251110;175018.158;;25498.25;25498.25;1;ASK;
20251110;175018.170;;25498.75;25498.75;4;ASK;
20251110;175018.170;;;25498.25;2;BETWEEN;
20251110;175018.170;25498.25;;25498.25;1;BID;
20251110;175018.208;;25499.25;25499.25;5;ASK;
20251110;175018.208;;;25498.50;5;BETWEEN;
20251110;175018.236;;;25499.00;3;BETWEEN;
20251110;175018.236;25498.50;;25498.50;3;BID;
20251110;175018.245;;25499.00;25499.00;4;ASK;
20251110;175018.245;25498.25;;25498.25;6;BID;
20251110;175018.315;;;25498.75;3;BETWEEN;
20251110;175018.315;25498.25;;25498.25;2;BID;
20251110;175018.337;;;25498.50;3;BETWEEN;
20251110;175018.337;25498.00;;25498.00;5;BID;
20251110;175018.407;;25499.00;25499.00;4;ASK;
20251110;175018.407;;;25498.50;3;BETWEEN;
20251110;175018.407;;25498.50;25498.50;1;ASK;
20251110;175018.407;;25498.50;25498.50;1;ASK;
20251110;175018.407;;25498.50;25498.50;1;ASK;
20251110;175018.407;;25498.75;25498.75;1;ASK;
20251110;175018.407;;25498.75;25498.75;1;ASK;
20251110;175018.407;;25498.75;25498.75;1;ASK;
20251110;175018.407;;25498.75;25498.75;1;ASK;
20251110;175018.407;;25498.75;25498.75;1;ASK;
20251110;175018.407;;25498.75;25498.75;1;ASK;
20251110;175018.407;;25499.00;25499.00;1;ASK;
20251110;175018.407;;25499.00;25499.00;1;ASK;
20251110;175018.414;;25498.75;25498.75;3;ASK;
20251110;175018.414;;;25498.25;2;BETWEEN;
20251110;175018.414;25498.25;;25498.25;1;BID;
20251110;175018.434;25498.25;;25498.25;1;BID;
20251110;175018.466;;;25498.50;5;BETWEEN;
20251110;175018.466;25498.00;;25498.00;1;BID;
20251110;175018.498;;25498.75;25498.75;3;ASK;
20251110;175018.498;;;25498.25;2;BETWEEN;
20251110;175018.534;;25499.00;25499.00;3;ASK;
20251110;175018.534;;;25498.50;2;BETWEEN;
20251110;175018.557;;;25498.75;2;BETWEEN;
20251110;175018.557;25498.25;;25498.25;2;BID;
20251110;175018.646;;;25498.50;1;BETWEEN;
20251110;175018.646;25498.00;;25498.00;8;BID;
20251110;175018.676;;25498.75;25498.75;5;ASK;
20251110;175018.676;25498.00;;25498.00;5;BID;
20251110;175018.695;;;25498.50;3;BETWEEN;
20251110;175018.695;25498.00;;25498.00;3;BID;
20251110;175018.737;;25498.75;25498.75;5;ASK;
20251110;175018.737;25498.00;;25498.00;5;BID;
20251110;175018.728;;25498.75;25498.75;4;ASK;
20251110;175018.728;;25498.75;25498.75;1;ASK;
20251110;175018.737;;25498.75;25498.75;5;ASK;
20251110;175018.768;;;25498.25;1;BETWEEN;
20251110;175018.768;25497.75;;25497.75;4;BID;
20251110;175018.779;;25498.50;25498.50;6;ASK;
20251110;175018.779;;;25498.00;2;BETWEEN;
20251110;175018.798;;25498.50;25498.50;5;ASK;
20251110;175018.851;;25498.50;25498.50;6;ASK;
20251110;175018.851;25497.75;;25497.75;5;BID;
20251110;175018.901;;;25498.00;2;BETWEEN;
20251110;175018.901;25497.50;;25497.50;7;BID;
20251110;175018.923;;25498.25;25498.25;4;ASK;
20251110;175018.923;;;25497.75;3;BETWEEN;
20251110;175018.942;;25498.25;25498.25;5;ASK;
20251110;175018.942;25497.50;;25497.50;7;BID;
20251110;175018.985;;25498.25;25498.25;2;ASK;
20251110;175018.985;;;25497.75;4;BETWEEN;
20251110;175019.004;;25498.25;25498.25;1;ASK;
20251110;175018.984;;25498.25;25498.25;5;ASK;
20251110;175018.984;25497.50;;25497.50;7;BID;
20251110;175018.984;;25498.25;25498.25;1;ASK;
20251110;175018.984;;25498.25;25498.25;1;ASK;
20251110;175019.012;;25498.25;25498.25;1;ASK;
20251110;175019.012;;;25498.00;1;BETWEEN;
20251110;175019.086;25498.00;;25498.00;1;BID;
20251110;175019.094;;25498.25;25498.25;6;ASK;
20251110;175019.094;25497.50;;25497.50;7;BID;
20251110;175019.132;;25498.25;25498.25;7;ASK;
20251110;175019.157;;25498.25;25498.25;6;ASK;
20251110;175019.157;;;25497.75;1;BETWEEN;
20251110;175019.187;;25498.25;25498.25;1;ASK;
20251110;175019.187;;;25498.00;1;BETWEEN;
20251110;175019.223;;25498.75;25498.75;6;ASK;
20251110;175019.223;25498.00;;25498.00;5;BID;
20251110;175019.197;;;25498.25;1;BETWEEN;
20251110;175019.197;25498.00;;25498.00;3;BID;
20251110;175019.197;;25498.25;25498.25;1;ASK;
20251110;175019.223;;25498.75;25498.75;6;ASK;
20251110;175019.223;25498.00;;25498.00;5;BID;
20251110;175019.244;;;25498.50;2;BETWEEN;
20251110;175019.244;25498.00;;25498.00;3;BID;
20251110;175019.279;;;25498.25;4;BETWEEN;
20251110;175019.279;25497.75;;25497.75;1;BID;
20251110;175019.312;;25498.25;25498.25;5;ASK;
20251110;175019.312;25497.75;;25497.75;2;BID;
20251110;175019.344;25497.75;;25497.75;5;BID;
20251110;175019.344;25497.25;;25497.25;1;BID;
20251110;175019.374;;;25497.50;1;BETWEEN;
20251110;175019.340;;25498.00;25498.00;3;ASK;
20251110;175019.340;;;25497.50;4;BETWEEN;
20251110;175019.340;;25498.00;25498.00;1;ASK;
20251110;175019.343;;;25497.75;3;BETWEEN;
20251110;175019.343;25497.50;;25497.50;2;BID;
20251110;175019.343;25497.50;;25497.50;2;BID;
20251110;175019.352;25497.50;;25497.50;1;BID;
20251110;175019.352;25497.25;;25497.25;1;BID;
20251110;175019.352;25497.25;;25497.25;1;BID;
20251110;175019.354;;25497.50;25497.50;6;ASK;
20251110;175019.354;25497.00;;25497.00;1;BID;
20251110;175019.354;25497.00;;25497.00;1;BID;
20251110;175019.369;25497.00;;25497.00;1;BID;
20251110;175019.369;25496.75;;25496.75;2;BID;
20251110;175019.369;;25497.00;25497.00;1;ASK;
20251110;175019.374;;25497.50;25497.50;1;ASK;
20251110;175019.374;;;25497.25;1;BETWEEN;
20251110;175019.394;;25497.75;25497.75;3;ASK;
20251110;175019.394;25497.25;;25497.25;3;BID;
20251110;175019.433;25497.25;;25497.25;4;BID;
20251110;175019.463;;;25497.50;4;BETWEEN;
20251110;175019.463;25497.00;;25497.00;2;BID;
20251110;175019.528;;25497.75;25497.75;8;ASK;
20251110;175019.528;25497.00;;25497.00;4;BID;
20251110;175019.547;;25497.75;25497.75;7;ASK;
20251110;175019.547;;;25497.25;1;BETWEEN;
20251110;175019.605;25497.25;;25497.25;2;BID;
20251110;175019.605;25496.75;;25496.75;4;BID;
20251110;175019.636;;25497.75;25497.75;3;ASK;
20251110;175019.636;;;25497.25;3;BETWEEN;
20251110;175019.582;;25497.75;25497.75;8;ASK;
20251110;175019.582;25497.25;;25497.25;2;BID;
20251110;175019.582;25497.25;;25497.25;1;BID;
20251110;175019.582;25497.25;;25497.25;1;BID;
20251110;175019.582;25497.25;;25497.25;1;BID;
20251110;175019.583;;;25497.50;5;BETWEEN;
20251110;175019.583;25497.00;;25497.00;1;BID;
20251110;175019.583;25497.00;;25497.00;1;BID;
20251110;175019.632;;;25497.25;2;BETWEEN;
20251110;175019.632;25497.00;;25497.00;3;BID;
20251110;175019.632;;25497.25;25497.25;1;ASK;
20251110;175019.632;;25497.25;25497.25;1;ASK;
20251110;175019.636;;25497.75;25497.75;3;ASK;
20251110;175019.636;;;25497.25;3;BETWEEN;
20251110;175019.696;;;25497.50;3;BETWEEN;
20251110;175019.696;25497.00;;25497.00;2;BID;
20251110;175019.712;;25497.75;25497.75;3;ASK;
20251110;175019.712;;;25497.25;3;BETWEEN;
20251110;175019.677;;25497.75;25497.75;1;ASK;
20251110;175019.677;;;25497.50;1;BETWEEN;
20251110;175019.677;25497.50;;25497.50;1;BID;
20251110;175019.712;;25497.75;25497.75;3;ASK;
20251110;175019.712;25497.25;;25497.25;3;BID;
20251110;175019.749;;25497.75;25497.75;4;ASK;
20251110;175019.749;25497.25;;25497.25;1;BID;
20251110;175019.777;;25497.75;25497.75;3;ASK;
20251110;175019.777;25497.25;;25497.25;2;BID;
20251110;175019.745;;25497.75;25497.75;1;ASK;
20251110;175019.745;;;25497.50;2;BETWEEN;
20251110;175019.745;25497.50;;25497.50;1;BID;
20251110;175019.745;25497.50;;25497.50;1;BID;
20251110;175019.773;;25497.75;25497.75;5;ASK;
20251110;175019.773;25497.25;;25497.25;1;BID;
20251110;175019.773;25497.25;;25497.25;1;BID;
20251110;175019.774;;;25497.50;3;BETWEEN;
20251110;175019.774;25497.00;;25497.00;4;BID;
20251110;175019.774;;25497.50;25497.50;1;ASK;
20251110;175019.775;;25497.50;25497.50;2;ASK;
20251110;175019.775;;;25497.25;2;BETWEEN;
20251110;175019.775;;25497.50;25497.50;1;ASK;
20251110;175019.777;;25497.75;25497.75;3;ASK;
20251110;175019.791;;25497.75;25497.75;1;ASK;
20251110;175019.791;25497.25;;25497.25;5;BID;
20251110;175019.872;;25497.75;25497.75;3;ASK;
20251110;175019.872;25497.25;;25497.25;3;BID;
20251110;175019.873;;25497.75;25497.75;2;ASK;
20251110;175019.873;25497.25;;25497.25;2;BID;
20251110;175019.925;;;25497.50;3;BETWEEN;
20251110;175019.925;25497.00;;25497.00;5;BID;
20251110;175019.973;;25497.50;25497.50;4;ASK;
20251110;175019.973;25497.00;;25497.00;3;BID;
20251110;175019.972;;25497.50;25497.50;3;ASK;
20251110;175019.972;25497.00;;25497.00;5;BID;
20251110;175019.972;25497.00;;25497.00;1;BID;
20251110;175019.973;;25497.50;25497.50;4;ASK;
20251110;175019.973;25497.00;;25497.00;3;BID;
20251110;175020.007;25497.00;;25497.00;2;BID;
20251110;175020.034;;25497.50;25497.50;1;ASK;
20251110;175020.034;25497.00;;25497.00;3;BID;
20251110;175020.029;;25497.75;25497.75;5;ASK;
20251110;175020.029;25497.00;;25497.00;4;BID;
20251110;175020.029;25497.00;;25497.00;1;BID;
20251110;175020.034;;;25497.50;1;BETWEEN;
20251110;175020.034;25497.00;;25497.00;3;BID;
20251110;175020.099;25497.00;;25497.00;4;BID;
20251110;175020.121;;;25497.25;1;BETWEEN;
20251110;175020.121;25496.75;;25496.75;4;BID;
20251110;175020.119;;25497.50;25497.50;4;ASK;
20251110;175020.119;;;25497.00;2;BETWEEN;
20251110;175020.119;25497.00;;25497.00;1;BID;
20251110;175020.121;;;25497.25;1;BETWEEN;
20251110;175020.121;25496.75;;25496.75;4;BID;
20251110;175020.138;;25497.50;25497.50;1;ASK;
20251110;175020.138;;;25497.00;5;BETWEEN;
20251110;175020.192;;;25497.25;1;BETWEEN;
20251110;175020.192;;25497.50;25497.50;1;ASK;
20251110;175020.214;;25497.75;25497.75;1;ASK;
20251110;175020.214;25497.25;;25497.25;6;BID;
20251110;175020.245;;25498.50;25498.50;2;ASK;
20251110;175020.245;;;25498.00;5;BETWEEN;
20251110;175020.218;25497.75;;25497.75;1;BID;
20251110;175020.218;25497.50;;25497.50;1;BID;
20251110;175020.218;;25497.75;25497.75;1;ASK;
20251110;175020.245;;25498.50;25498.50;2;ASK;
20251110;175020.245;;;25498.00;5;BETWEEN;
20251110;175020.295;;25498.50;25498.50;1;ASK;
20251110;175020.328;;;25498.25;3;BETWEEN;
20251110;175020.328;25497.75;;25497.75;2;BID;
20251110;175020.319;;;25498.00;1;BETWEEN;
20251110;175020.319;25497.50;;25497.50;6;BID;
20251110;175020.319;;25498.00;25498.00;1;ASK;
20251110;175020.328;;25498.25;25498.25;3;ASK;
20251110;175020.328;;;25497.75;2;BETWEEN;
20251110;175020.356;25497.75;;25497.75;1;BID;
20251110;175020.356;25497.25;;25497.25;4;BID;
20251110;175020.386;;25498.00;25498.00;2;ASK;
20251110;175020.386;;;25497.50;3;BETWEEN;
20251110;175020.370;25497.50;;25497.50;4;BID;
20251110;175020.370;;25498.00;25498.00;1;ASK;
20251110;175020.373;;25498.25;25498.25;3;ASK;
20251110;175020.373;;;25497.75;3;BETWEEN;
20251110;175020.373;25497.75;;25497.75;1;BID;
20251110;175020.373;;;25498.00;2;BETWEEN;
20251110;175020.373;25497.75;;25497.75;1;BID;
20251110;175020.373;25497.75;;25497.75;1;BID;
20251110;175020.386;25497.50;;25497.50;3;BID;
20251110;175020.417;;25498.00;25498.00;3;ASK;
20251110;175020.417;25497.50;;25497.50;2;BID;
20251110;175020.450;;;25497.75;4;BETWEEN;
20251110;175020.450;25497.25;;25497.25;1;BID;
20251110;175020.494;;25498.00;25498.00;4;ASK;
20251110;175020.494;;;25497.50;3;BETWEEN;
20251110;175020.533;;25498.00;25498.00;1;ASK;
20251110;175020.533;25497.50;;25497.50;4;BID;
20251110;175020.556;;25498.25;25498.25;3;ASK;
20251110;175020.556;;;25497.75;2;BETWEEN;
20251110;175020.583;;25498.25;25498.25;4;ASK;
20251110;175020.583;25497.75;;25497.75;1;BID;
20251110;175020.619;;25498.25;25498.25;5;ASK;
20251110;175020.648;;25498.25;25498.25;4;ASK;
20251110;175020.726;;25498.25;25498.25;3;ASK;
20251110;175020.726;25497.50;;25497.50;3;BID;
20251110;175020.725;;25498.25;25498.25;4;ASK;
20251110;175020.725;;;25497.75;1;BETWEEN;
20251110;175020.725;25497.75;;25497.75;1;BID;
20251110;175020.754;;25498.25;25498.25;5;ASK;
20251110;175020.754;25497.50;;25497.50;5;BID;
20251110;175020.786;;;25498.00;1;BETWEEN;
20251110;175020.783;;25498.25;25498.25;4;ASK;
20251110;175020.783;;;25497.75;1;BETWEEN;
20251110;175020.783;25497.75;;25497.75;1;BID;
20251110;175020.786;;;25498.00;1;BETWEEN;
20251110;175020.786;25497.50;;25497.50;5;BID;
20251110;175020.814;;25498.00;25498.00;3;ASK;
20251110;175020.814;25497.50;;25497.50;4;BID;
20251110;175020.831;;25498.00;25498.00;2;ASK;
20251110;175020.831;25497.50;;25497.50;5;BID;
20251110;175020.862;25497.50;;25497.50;1;BID;
20251110;175020.862;25497.50;;25497.50;1;BID;
20251110;175020.960;;25498.00;25498.00;5;ASK;
20251110;175020.960;25497.50;;25497.50;2;BID;
20251110;175020.974;;;25497.75;3;BETWEEN;
20251110;175020.974;25497.25;;25497.25;1;BID;
20251110;175020.970;;25497.75;25497.75;2;ASK;
20251110;175020.970;;;25497.50;2;BETWEEN;
20251110;175020.970;25497.50;;25497.50;1;BID;
20251110;175020.970;25497.50;;25497.50;1;BID;
20251110;175021.021;;25497.75;25497.75;3;ASK;
20251110;175021.021;25497.00;;25497.00;4;BID;
20251110;175021.083;;;25497.25;2;BETWEEN;
20251110;175021.087;25497.25;;25497.25;1;BID;
20251110;175021.169;;;25497.50;3;BETWEEN;
20251110;175021.169;25497.00;;25497.00;3;BID;
20251110;175021.189;;25497.75;25497.75;3;ASK;
20251110;175021.189;;;25497.25;2;BETWEEN;
20251110;175021.219;;25497.75;25497.75;4;ASK;
20251110;175021.219;25497.00;;25497.00;5;BID;
20251110;175021.244;;25497.75;25497.75;3;ASK;
20251110;175021.263;;;25497.50;6;BETWEEN;
20251110;175021.263;25497.00;;25497.00;1;BID;
20251110;175021.263;25497.00;;25497.00;1;BID;
20251110;175021.281;;;25497.25;10;BETWEEN;
20251110;175021.281;25496.75;;25496.75;2;BID;
20251110;175021.281;25496.75;;25496.75;1;BID;
20251110;175021.282;25496.75;;25496.75;2;BID;
20251110;175021.282;25496.25;;25496.25;3;BID;
20251110;175021.333;;;25496.50;1;BETWEEN;
20251110;175021.333;25496.25;;25496.25;2;BID;
20251110;175021.333;25496.25;;25496.25;1;BID;
20251110;175021.333;25496.00;;25496.00;1;BID;
20251110;175021.333;25496.00;;25496.00;1;BID;
20251110;175021.333;25496.00;;25496.00;1;BID;
20251110;175021.333;25496.00;;25496.00;1;BID;
20251110;175021.334;25496.25;;25496.25;3;BID;
20251110;175021.334;25496.00;;25496.00;1;BID;
20251110;175021.334;25496.00;;25496.00;1;BID;
20251110;175021.335;25496.00;;25496.00;1;BID;
20251110;175021.335;25495.75;;25495.75;3;BID;
20251110;175021.335;;25496.00;25496.00;1;ASK;
20251110;175021.336;;25496.50;25496.50;5;ASK;
20251110;175021.336;;;25496.00;1;BETWEEN;
20251110;175021.336;25496.00;;25496.00;1;BID;
20251110;175021.342;25496.00;;25496.00;3;BID;
20251110;175021.342;25495.75;;25495.75;2;BID;
20251110;175021.342;;25496.00;25496.00;1;ASK;
20251110;175021.342;;25496.00;25496.00;1;ASK;
20251110;175021.342;;25496.00;25496.00;1;ASK;
20251110;175021.342;;25496.25;25496.25;4;ASK;
20251110;175021.342;25495.75;;25495.75;3;BID;
20251110;175021.342;;25496.25;25496.25;1;ASK;
20251110;175021.342;;25496.25;25496.25;1;ASK;
20251110;175021.342;;25496.25;25496.25;1;ASK;
20251110;175021.342;;25496.25;25496.25;1;ASK;
20251110;175021.355;;25496.50;25496.50;3;ASK;
20251110;175021.355;;;25496.00;5;BETWEEN;
20251110;175021.380;;;25496.25;3;BETWEEN;
20251110;175021.380;25495.75;;25495.75;4;BID;
20251110;175021.410;;25496.25;25496.25;4;ASK;
20251110;175021.410;25495.75;;25495.75;3;BID;
20251110;175021.444;25495.75;;25495.75;2;BID;
20251110;175021.477;;25496.25;25496.25;5;ASK;
20251110;175021.574;;;25496.00;3;BETWEEN;
20251110;175021.574;25495.75;;25495.75;1;BID;
20251110;175021.574;25495.75;;25495.75;1;BID;
20251110;175021.598;;25496.25;25496.25;4;ASK;
20251110;175021.620;25495.75;;25495.75;1;BID;
20251110;175021.702;;;25496.00;5;BETWEEN;
20251110;175021.702;25495.50;;25495.50;3;BID;
20251110;175021.733;25495.50;;25495.50;2;BID;
20251110;175021.759;25495.50;;25495.50;3;BID;
20251110;175021.789;25495.50;;25495.50;2;BID;
20251110;175021.854;25495.25;;25495.25;2;BID;
20251110;175021.854;25494.75;;25494.75;4;BID;
20251110;175021.835;;25496.00;25496.00;5;ASK;
20251110;175021.835;;;25495.50;1;BETWEEN;
20251110;175021.835;25495.50;;25495.50;1;BID;
20251110;175021.837;;;25495.75;2;BETWEEN;
20251110;175021.837;25495.25;;25495.25;4;BID;
20251110;175021.837;25495.25;;25495.25;1;BID;
20251110;175021.860;;;25495.50;6;BETWEEN;
20251110;175021.860;25495.00;;25495.00;1;BID;
20251110;175021.860;;25495.50;25495.50;1;ASK;
20251110;175021.875;;25495.50;25495.50;1;ASK;
20251110;175021.875;;;25495.25;1;BETWEEN;
20251110;175021.875;25495.25;;25495.25;1;BID;
20251110;175021.885;25495.00;;25495.00;2;BID;
20251110;175021.917;;25495.50;25495.50;2;ASK;
20251110;175021.917;25495.00;;25495.00;3;BID;
20251110;175021.946;;25495.50;25495.50;4;ASK;
20251110;175021.971;25495.00;;25495.00;2;BID;
20251110;175021.996;;25495.75;25495.75;2;ASK;
20251110;175021.996;;;25495.50;1;BETWEEN;
20251110;175021.945;;25495.75;25495.75;4;ASK;
20251110;175021.945;25495.25;;25495.25;3;BID;
20251110;175021.945;25495.25;;25495.25;1;BID;
20251110;175021.945;25495.25;;25495.25;1;BID;
20251110;175021.969;;;25495.50;4;BETWEEN;
20251110;175021.969;25495.00;;25495.00;3;BID;
20251110;175021.969;25495.00;;25495.00;1;BID;
20251110;175021.976;;25495.75;25495.75;7;ASK;
20251110;175021.976;25495.00;;25495.00;5;BID;
20251110;175021.976;;25495.75;25495.75;1;ASK;
20251110;175021.996;;25495.75;25495.75;2;ASK;
20251110;175021.996;;;25495.50;1;BETWEEN;
20251110;175022.026;;25496.00;25496.00;3;ASK;
20251110;175022.026;25495.50;;25495.50;2;BID;
20251110;175022.037;;25496.00;25496.00;4;ASK;
20251110;175022.020;;;25495.75;2;BETWEEN;
20251110;175022.020;25495.50;;25495.50;1;BID;
20251110;175022.020;;25495.75;25495.75;1;ASK;
20251110;175022.020;;25495.75;25495.75;1;ASK;
20251110;175022.066;;25496.00;25496.00;4;ASK;
20251110;175022.066;25495.50;;25495.50;2;BID;
20251110;175022.066;25495.50;;25495.50;1;BID;
20251110;175022.093;;25496.00;25496.00;7;ASK;
20251110;175022.093;25495.25;;25495.25;5;BID;
20251110;175022.121;;;25495.75;2;BETWEEN;
20251110;175022.177;;;25495.50;1;BETWEEN;
20251110;175022.177;25495.00;;25495.00;4;BID;
20251110;175022.183;;25495.75;25495.75;4;ASK;
20251110;175022.211;25495.00;;25495.00;1;BID;
20251110;175022.211;25495.00;;25495.00;1;BID;
20251110;175022.211;25495.00;;25495.00;1;BID;
20251110;175022.211;25495.00;;25495.00;1;BID;
20251110;175022.211;25494.75;;25494.75;1;BID;
20251110;175022.234;;25496.50;25496.50;4;ASK;
20251110;175022.234;;;25495.75;5;BETWEEN;
20251110;175022.267;;;25496.25;4;BETWEEN;
20251110;175022.214;25495.50;;25495.50;7;BID;
20251110;175022.214;25495.00;;25495.00;3;BID;
20251110;175022.214;;25495.50;25495.50;1;ASK;
20251110;175022.214;;25495.50;25495.50;4;ASK;
20251110;175022.214;;25495.50;25495.50;1;ASK;
20251110;175022.214;;25495.50;25495.50;1;ASK;
20251110;175022.214;;25495.50;25495.50;2;ASK;
20251110;175022.214;25495.00;;25495.00;4;BID;
20251110;175022.214;;25495.50;25495.50;1;ASK;
20251110;175022.214;;25495.50;25495.50;1;ASK;
20251110;175022.214;;25495.75;25495.75;1;ASK;
20251110;175022.214;;25495.75;25495.75;1;ASK;
20251110;175022.214;;25495.75;25495.75;1;ASK;
20251110;175022.214;;25495.75;25495.75;1;ASK;
20251110;175022.214;;25495.75;25495.75;1;ASK;
20251110;175022.216;;25495.75;25495.75;1;ASK;
20251110;175022.216;;;25495.25;2;BETWEEN;
20251110;175022.216;;25495.75;25495.75;1;ASK;
20251110;175022.218;;25496.00;25496.00;3;ASK;
20251110;175022.218;;;25495.50;1;BETWEEN;
20251110;175022.218;;25496.00;25496.00;1;ASK;
20251110;175022.218;;25496.00;25496.00;1;ASK;
20251110;175022.218;;25496.00;25496.00;1;ASK;
20251110;175022.221;;25496.50;25496.50;4;ASK;
20251110;175022.221;;;25496.00;1;BETWEEN;
20251110;175022.221;25496.00;;25496.00;1;BID;
20251110;175022.272;;;25496.25;1;BETWEEN;
20251110;175022.272;25496.00;;25496.00;2;BID;
20251110;175022.272;;25496.25;25496.25;1;ASK;
20251110;175022.294;;25496.50;25496.50;1;ASK;
20251110;175022.294;;;25496.25;1;BETWEEN;
20251110;175022.321;25496.25;;25496.25;2;BID;
20251110;175022.359;;25496.75;25496.75;2;ASK;
20251110;175022.359;25496.25;;25496.25;4;BID;
20251110;175022.391;;25497.25;25497.25;7;ASK;
20251110;175022.391;;;25496.75;4;BETWEEN;
20251110;175022.345;25496.50;;25496.50;1;BID;
20251110;175022.345;25496.25;;25496.25;3;BID;
20251110;175022.345;;25496.50;25496.50;1;ASK;
20251110;175022.350;;25496.75;25496.75;1;ASK;
20251110;175022.350;;;25496.50;1;BETWEEN;
20251110;175022.350;25496.50;;25496.50;1;BID;
20251110;175022.403;;25497.25;25497.25;7;ASK;
20251110;175022.403;;;25497.00;4;BETWEEN;
20251110;175022.403;;25497.25;25497.25;1;ASK;
20251110;175022.419;;25497.25;25497.25;6;ASK;
20251110;175022.419;25497.00;;25497.00;1;BID;
20251110;175022.449;;25497.75;25497.75;4;ASK;
20251110;175022.449;;;25497.25;3;BETWEEN;
20251110;175022.413;25497.25;;25497.25;6;BID;
20251110;175022.413;25497.00;;25497.00;3;BID;
20251110;175022.413;25497.00;;25497.00;1;BID;
20251110;175022.440;;25497.25;25497.25;4;ASK;
20251110;175022.440;;25497.25;25497.25;2;ASK;
20251110;175022.440;;25497.25;25497.25;2;ASK;
20251110;175022.452;;25497.75;25497.75;4;ASK;
20251110;175022.452;;;25497.25;2;BETWEEN;
20251110;175022.452;;25497.75;25497.75;1;ASK;
20251110;175022.471;;25498.00;25498.00;1;ASK;
20251110;175022.471;;;25497.75;1;BETWEEN;
20251110;175022.512;;25498.50;25498.50;3;ASK;
20251110;175022.512;;;25498.00;3;BETWEEN;
20251110;175022.527;;25498.50;25498.50;1;ASK;
20251110;175022.527;25498.00;;25498.00;4;BID;
20251110;175022.504;25498.00;;25498.00;1;BID;
20251110;175022.504;25497.75;;25497.75;2;BID;
20251110;175022.504;;25498.00;25498.00;1;ASK;
20251110;175022.504;;25498.25;25498.25;1;ASK;
20251110;175022.504;;25498.25;25498.25;1;ASK;
20251110;175022.504;;25498.25;25498.25;1;ASK;
20251110;175022.511;;25498.75;25498.75;4;ASK;
20251110;175022.511;;;25498.25;2;BETWEEN;
20251110;175022.511;25498.25;;25498.25;1;BID;
20251110;175022.511;25498.25;;25498.25;1;BID;
20251110;175022.527;;;25498.50;1;BETWEEN;
20251110;175022.527;25498.00;;25498.00;4;BID;
20251110;175022.562;;25498.75;25498.75;1;ASK;
20251110;175022.562;;;25498.25;4;BETWEEN;
20251110;175022.606;;25498.75;25498.75;3;ASK;
20251110;175022.606;25498.25;;25498.25;2;BID;
20251110;175022.648;;25498.75;25498.75;4;ASK;
20251110;175022.662;;;25498.50;3;BETWEEN;
20251110;175022.662;25498.00;;25498.00;2;BID;
20251110;175022.631;;25498.75;25498.75;3;ASK;
20251110;175022.631;;;25498.25;2;BETWEEN;
20251110;175022.631;25498.25;;25498.25;1;BID;
20251110;175022.641;;;25498.50;2;BETWEEN;
20251110;175022.641;25498.00;;25498.00;6;BID;
20251110;175022.641;25498.00;;25498.00;1;BID;
20251110;175022.641;25498.00;;25498.00;1;BID;
20251110;175022.641;25498.00;;25498.00;1;BID;
20251110;175022.641;25498.00;;25498.00;1;BID;
20251110;175022.641;25498.00;;25498.00;1;BID;
20251110;175022.641;25498.00;;25498.00;1;BID;
20251110;175022.641;25497.75;;25497.75;1;BID;
20251110;175022.641;25497.75;;25497.75;1;BID;
20251110;175022.690;;25498.50;25498.50;4;ASK;
20251110;175022.690;25498.00;;25498.00;2;BID;
20251110;175022.690;25498.00;;25498.00;1;BID;
20251110;175022.690;25498.00;;25498.00;1;BID;
20251110;175022.692;25498.00;;25498.00;2;BID;
20251110;175022.692;25497.75;;25497.75;2;BID;
20251110;175022.692;25497.75;;25497.75;1;BID;
20251110;175022.692;25497.75;;25497.75;1;BID;
20251110;175022.709;;25498.25;25498.25;4;ASK;
20251110;175022.709;25497.75;;25497.75;1;BID;
20251110;175022.738;;25498.50;25498.50;3;ASK;
20251110;175022.738;;;25498.00;2;BETWEEN;
20251110;175022.770;;25498.50;25498.50;5;ASK;
20251110;175022.798;;25498.50;25498.50;4;ASK;
20251110;175022.798;25498.00;;25498.00;1;BID;
20251110;175022.815;25498.00;;25498.00;1;BID;
20251110;175022.815;25497.75;;25497.75;1;BID;
20251110;175022.815;25497.75;;25497.75;1;BID;
20251110;175022.901;25497.75;;25497.75;4;BID;
20251110;175022.930;;25498.50;25498.50;3;ASK;
20251110;175022.930;;;25498.00;2;BETWEEN;
20251110;175022.993;;;25498.25;2;BETWEEN;
20251110;175022.993;25497.75;;25497.75;2;BID;
20251110;175023.023;;25498.50;25498.50;5;ASK;
20251110;175023.023;25497.75;;25497.75;4;BID;
20251110;175022.975;;25498.75;25498.75;5;ASK;
20251110;175022.975;;;25498.25;1;BETWEEN;
20251110;175022.975;25498.25;;25498.25;1;BID;
20251110;175022.984;;;25498.50;4;BETWEEN;
20251110;175022.984;25498.00;;25498.00;3;BID;
20251110;175022.984;25498.00;;25498.00;1;BID;
20251110;175023.023;;25498.50;25498.50;5;ASK;
20251110;175023.023;25497.75;;25497.75;4;BID;
20251110;175023.077;;;25498.25;2;BETWEEN;
20251110;175023.087;25497.75;;25497.75;3;BID;
20251110;175023.137;;;25498.00;4;BETWEEN;
20251110;175023.137;25497.25;;25497.25;6;BID;
20251110;175023.168;;;25497.75;2;BETWEEN;
20251110;175023.168;25497.25;;25497.25;1;BID;
20251110;175023.225;25497.25;;25497.25;2;BID;
20251110;175023.270;25497.25;;25497.25;5;BID;
20251110;175023.270;25496.50;;25496.50;5;BID;
20251110;175023.248;;25497.25;25497.25;1;ASK;
20251110;175023.248;;;25496.75;6;BETWEEN;
20251110;175023.248;25496.75;;25496.75;1;BID;
20251110;175023.270;;25497.25;25497.25;5;ASK;
20251110;175023.270;25496.50;;25496.50;5;BID;
20251110;175023.301;;;25497.00;3;BETWEEN;
20251110;175023.301;25496.50;;25496.50;2;BID;
20251110;175023.332;;25497.25;25497.25;5;ASK;
20251110;175023.332;25496.50;;25496.50;3;BID;
20251110;175023.346;25496.50;;25496.50;5;BID;
20251110;175023.384;;;25497.00;1;BETWEEN;
20251110;175023.384;25496.50;;25496.50;4;BID;
20251110;175023.424;;25497.00;25497.00;4;ASK;
20251110;175023.424;25496.25;;25496.25;3;BID;
20251110;175023.444;25496.25;;25496.25;4;BID;
20251110;175023.477;;;25496.75;1;BETWEEN;
20251110;175023.477;25496.25;;25496.25;3;BID;
20251110;175023.516;;25497.00;25497.00;4;ASK;
20251110;175023.516;;;25496.50;1;BETWEEN;
20251110;175023.544;;;25496.75;3;BETWEEN;
20251110;175023.544;25496.25;;25496.25;3;BID;
20251110;175023.504;;25496.75;25496.75;1;ASK;
20251110;175023.504;;25496.75;25496.75;1;ASK;
20251110;175023.544;;25496.75;25496.75;3;ASK;
20251110;175023.575;;25496.75;25496.75;4;ASK;
20251110;175023.601;;25497.00;25497.00;3;ASK;
20251110;175023.601;;;25496.50;3;BETWEEN;
20251110;175023.635;;25497.00;25497.00;1;ASK;
20251110;175023.635;25496.50;;25496.50;4;BID;
20251110;175023.667;25496.50;;25496.50;6;BID;
20251110;175023.696;;25497.25;25497.25;4;ASK;
20251110;175023.696;;;25496.75;3;BETWEEN;
20251110;175023.727;;25497.25;25497.25;3;ASK;
20251110;175023.789;;;25497.00;4;BETWEEN;
20251110;175023.789;25496.25;;25496.25;5;BID;
20251110;175023.819;;25497.00;25497.00;5;ASK;
20251110;175023.819;25496.25;;25496.25;4;BID;
20251110;175023.793;;25497.00;25497.00;4;ASK;
20251110;175023.793;25496.25;;25496.25;5;BID;
20251110;175023.793;25496.25;;25496.25;1;BID;
20251110;175023.793;25496.25;;25496.25;1;BID;
20251110;175023.793;25496.25;;25496.25;1;BID;
20251110;175023.819;;25497.00;25497.00;5;ASK;
20251110;175023.819;25496.25;;25496.25;4;BID;
20251110;175023.852;;;25496.75;2;BETWEEN;
20251110;175023.872;25496.25;;25496.25;2;BID;
20251110;175023.927;;;25496.50;4;BETWEEN;
20251110;175023.927;25496.00;;25496.00;2;BID;
20251110;175023.951;;25497.00;25497.00;5;ASK;
20251110;175023.951;;;25496.25;5;BETWEEN;
20251110;175023.937;;;25496.50;1;BETWEEN;
20251110;175023.937;25496.00;;25496.00;5;BID;
20251110;175023.937;;25496.50;25496.50;1;ASK;
20251110;175023.938;;;25496.25;4;BETWEEN;
20251110;175023.938;;25496.50;25496.50;1;ASK;
20251110;175023.951;;25497.00;25497.00;5;ASK;
20251110;175023.951;25496.25;;25496.25;5;BID;
20251110;175024.000;;;25496.75;3;BETWEEN;
20251110;175024.000;25496.25;;25496.25;3;BID;
20251110;175024.017;25496.25;;25496.25;2;BID;
20251110;175024.047;;25496.75;25496.75;2;ASK;
20251110;175024.047;25496.25;;25496.25;3;BID;
20251110;175024.047;25496.25;;25496.25;1;BID;
20251110;175024.061;;25496.75;25496.75;3;ASK;
20251110;175024.061;25496.00;;25496.00;7;BID;
20251110;175024.078;;25496.75;25496.75;4;ASK;
20251110;175024.116;;;25496.50;2;BETWEEN;
20251110;175024.116;25496.00;;25496.00;5;BID;
20251110;175024.140;;25497.00;25497.00;5;ASK;
20251110;175024.140;;;25496.25;4;BETWEEN;
20251110;175024.175;;25497.00;25497.00;4;ASK;
20251110;175024.175;25496.25;;25496.25;6;BID;
20251110;175024.133;;;25496.50;2;BETWEEN;
20251110;175024.133;25496.00;;25496.00;4;BID;
20251110;175024.133;;25496.50;25496.50;1;ASK;
20251110;175024.133;;25496.50;25496.50;1;ASK;
20251110;175024.155;;25497.00;25497.00;5;ASK;
20251110;175024.155;;;25496.25;4;BETWEEN;
20251110;175024.155;25496.25;;25496.25;1;BID;
20251110;175024.201;;;25496.75;2;BETWEEN;
20251110;175024.201;25496.25;;25496.25;5;BID;
20251110;175024.227;;25497.00;25497.00;4;ASK;
20251110;175024.264;;25497.25;25497.25;1;ASK;
20251110;175024.264;;;25496.75;4;BETWEEN;
20251110;175024.293;;25497.25;25497.25;3;ASK;
20251110;175024.293;25496.75;;25496.75;6;BID;
20251110;175024.314;25496.75;;25496.75;3;BID;
20251110;175024.341;25496.75;;25496.75;2;BID;
20251110;175024.429;25496.75;;25496.75;3;BID;
20251110;175024.530;;25497.50;25497.50;8;ASK;
20251110;175024.530;25496.75;;25496.75;5;BID;
20251110;175024.555;;25497.50;25497.50;6;ASK;
20251110;175024.603;25496.75;;25496.75;6;BID;
20251110;175024.631;;;25497.25;1;BETWEEN;
20251110;175024.631;25496.75;;25496.75;7;BID;
20251110;175024.619;;25497.50;25497.50;5;ASK;
20251110;175024.619;25496.75;;25496.75;6;BID;
20251110;175024.619;;25497.50;25497.50;1;ASK;
20251110;175024.654;;;25497.25;2;BETWEEN;
20251110;175024.654;25496.75;;25496.75;2;BID;
20251110;175024.654;25496.75;;25496.75;1;BID;
20251110;175024.662;;25497.25;25497.25;4;ASK;
20251110;175024.662;25496.50;;25496.50;7;BID;
20251110;175024.692;;25497.25;25497.25;5;ASK;
20251110;175024.795;;;25497.00;4;BETWEEN;
20251110;175024.795;25496.50;;25496.50;5;BID;
20251110;175024.798;;25497.00;25497.00;1;ASK;
20251110;175024.798;;;25496.75;1;BETWEEN;
20251110;175024.798;25496.75;;25496.75;1;BID;
20251110;175024.798;25496.50;;25496.50;1;BID;
20251110;175024.798;25496.50;;25496.50;1;BID;
20251110;175024.798;25496.50;;25496.50;1;BID;
20251110;175024.798;25496.50;;25496.50;1;BID;
20251110;175024.798;25496.50;;25496.50;1;BID;
20251110;175024.798;25496.50;;25496.50;1;BID;
20251110;175024.798;25496.50;;25496.50;1;BID;
20251110;175024.800;;;25496.75;2;BETWEEN;
20251110;175024.800;25496.25;;25496.25;5;BID;
20251110;175024.800;25496.25;;25496.25;1;BID;
20251110;175024.801;;25496.75;25496.75;4;ASK;
20251110;175024.801;25496.25;;25496.25;4;BID;
20251110;175024.801;25496.25;;25496.25;1;BID;
20251110;175024.802;;25496.75;25496.75;3;ASK;
20251110;175024.802;25496.25;;25496.25;3;BID;
20251110;175024.802;25496.25;;25496.25;1;BID;
20251110;175024.802;25496.25;;25496.25;1;BID;
20251110;175024.802;25496.25;;25496.25;1;BID;
20251110;175024.802;25496.25;;25496.25;1;BID;
20251110;175024.824;25495.75;;25495.75;5;BID;
20251110;175024.824;25495.00;;25495.00;7;BID;
20251110;175024.840;;;25495.50;1;BETWEEN;
20251110;175024.840;25495.00;;25495.00;5;BID;
20251110;175024.803;;25496.75;25496.75;4;ASK;
20251110;175024.803;;;25496.00;2;BETWEEN;
20251110;175024.803;25496.00;;25496.00;1;BID;
20251110;175024.803;25496.00;;25496.00;1;BID;
20251110;175024.803;25496.00;;25496.00;1;BID;
20251110;175024.805;;;25496.50;3;BETWEEN;
20251110;175024.805;25495.75;;25495.75;1;BID;
20251110;175024.805;25495.75;;25495.75;1;BID;
20251110;175024.807;;;25496.25;3;BETWEEN;
20251110;175024.807;25495.50;;25495.50;2;BID;
20251110;175024.807;25495.50;;25495.50;1;BID;
20251110;175024.807;25495.50;;25495.50;1;BID;
20251110;175024.809;25495.50;;25495.50;2;BID;
20251110;175024.809;25495.25;;25495.25;1;BID;
20251110;175024.809;25495.25;;25495.25;1;BID;
20251110;175024.812;25495.25;;25495.25;1;BID;
20251110;175024.812;25495.00;;25495.00;5;BID;
20251110;175024.812;;25495.25;25495.25;1;ASK;
20251110;175024.815;;25495.25;25495.25;1;ASK;
20251110;175024.840;;25495.50;25495.50;1;ASK;
20251110;175024.879;;25495.75;25495.75;5;ASK;
20251110;175024.879;25495.00;;25495.00;6;BID;
20251110;175024.912;;25496.00;25496.00;6;ASK;
20251110;175024.912;;;25495.50;1;BETWEEN;
20251110;175024.937;;;25495.75;4;BETWEEN;
20251110;175024.937;25495.25;;25495.25;2;BID;
20251110;175024.964;;;25495.50;4;BETWEEN;
20251110;175024.964;25495.00;;25495.00;5;BID;
20251110;175024.980;;;25495.25;3;BETWEEN;
20251110;175024.980;25495.00;;25495.00;5;BID;
20251110;175024.983;25495.00;;25495.00;2;BID;
20251110;175024.983;25494.75;;25494.75;1;BID;
20251110;175024.983;25494.75;;25494.75;1;BID;
20251110;175025.000;;25495.00;25495.00;4;ASK;
20251110;175025.000;25494.50;;25494.50;2;BID;
20251110;175025.024;;25495.00;25495.00;3;ASK;
20251110;175025.065;;25495.25;25495.25;1;ASK;
20251110;175025.065;;;25494.75;7;BETWEEN;
20251110;175025.044;;;25495.00;3;BETWEEN;
20251110;175025.044;25494.50;;25494.50;2;BID;
20251110;175025.044;;25495.00;25495.00;1;ASK;
20251110;175025.044;;25495.00;25495.00;1;ASK;
20251110;175025.064;;25495.00;25495.00;1;ASK;
20251110;175025.064;;;25494.75;2;BETWEEN;
20251110;175025.064;;25495.00;25495.00;1;ASK;
20251110;175025.065;;25495.25;25495.25;1;ASK;
20251110;175025.065;25494.75;;25494.75;7;BID;
20251110;175025.094;;25495.50;25495.50;3;ASK;
20251110;175025.094;25494.75;;25494.75;6;BID;
20251110;175025.115;;25496.00;25496.00;5;ASK;
20251110;175025.115;;;25495.25;3;BETWEEN;
20251110;175025.134;;;25495.75;4;BETWEEN;
20251110;175025.134;25495.00;;25495.00;7;BID;
20251110;175025.179;25495.00;;25495.00;6;BID;
20251110;175025.198;25495.00;;25495.00;7;BID;
20251110;175025.239;;25496.25;25496.25;2;ASK;
20251110;175025.239;;;25495.75;2;BETWEEN;
20251110;175025.262;;;25496.00;3;BETWEEN;
20251110;175025.262;25495.25;;25495.25;5;BID;
20251110;175025.229;;25496.00;25496.00;5;ASK;
20251110;175025.229;;;25495.50;1;BETWEEN;
20251110;175025.229;;25496.00;25496.00;1;ASK;
20251110;175025.229;;25496.00;25496.00;1;ASK;
20251110;175025.256;;25496.00;25496.00;2;ASK;
20251110;175025.256;25495.25;;25495.25;7;BID;
20251110;175025.256;25495.25;;25495.25;1;BID;
20251110;175025.262;;25496.00;25496.00;3;ASK;
20251110;175025.262;25495.25;;25495.25;5;BID;
20251110;175025.286;;25496.00;25496.00;2;ASK;
20251110;175025.286;;;25495.50;3;BETWEEN;
20251110;175025.360;25495.50;;25495.50;1;BID;
20251110;175025.425;;25496.25;25496.25;4;ASK;
20251110;175025.425;;;25495.75;2;BETWEEN;
20251110;175025.453;;25496.25;25496.25;1;ASK;
20251110;175025.453;25495.75;;25495.75;4;BID;
20251110;175025.479;;25496.25;25496.25;4;ASK;
20251110;175025.479;25495.50;;25495.50;6;BID;
20251110;175025.424;;;25496.00;2;BETWEEN;
20251110;175025.424;25495.50;;25495.50;1;BID;
20251110;175025.424;;25496.00;25496.00;1;ASK;
20251110;175025.424;;25496.00;25496.00;1;ASK;
20251110;175025.424;;25496.25;25496.25;1;ASK;
20251110;175025.479;;25496.25;25496.25;4;ASK;
20251110;175025.479;25495.50;;25495.50;6;BID;
20251110;175025.518;;25496.50;25496.50;6;ASK;
20251110;175025.518;;;25496.00;1;BETWEEN;
20251110;175025.549;25496.00;;25496.00;2;BID;
20251110;175025.549;25495.25;;25495.25;6;BID;
20251110;175025.577;;;25495.50;2;BETWEEN;
20251110;175025.577;25495.00;;25495.00;6;BID;
20251110;175025.610;;;25495.25;2;BETWEEN;
20251110;175025.610;25494.75;;25494.75;4;BID;
20251110;175025.607;;25495.25;25495.25;3;ASK;
20251110;175025.607;25494.75;;25494.75;1;BID;
20251110;175025.607;25494.75;;25494.75;1;BID;
20251110;175025.610;;25495.25;25495.25;2;ASK;
20251110;175025.610;25494.75;;25494.75;4;BID;
20251110;175025.641;25494.75;;25494.75;3;BID;
20251110;175025.671;25494.75;;25494.75;2;BID;
20251110;175025.762;;25495.25;25495.25;5;ASK;
20251110;175025.762;25494.50;;25494.50;6;BID;
20251110;175025.741;;;25495.00;1;BETWEEN;
20251110;175025.741;25494.50;;25494.50;5;BID;
20251110;175025.741;;25495.00;25495.00;1;ASK;
20251110;175025.770;;25495.25;25495.25;5;ASK;
20251110;175025.770;25494.50;;25494.50;6;BID;
20251110;175025.770;25494.50;;25494.50;1;BID;
20251110;175025.795;;;25494.75;3;BETWEEN;
20251110;175025.795;25494.25;;25494.25;4;BID;
20251110;175025.826;;25494.75;25494.75;4;ASK;
20251110;175025.826;25494.00;;25494.00;6;BID;
20251110;175025.852;;25495.75;25495.75;4;ASK;
20251110;175025.852;;;25495.25;2;BETWEEN;
20251110;175025.882;;25495.75;25495.75;5;ASK;
20251110;175025.882;25495.00;;25495.00;4;BID;
20251110;175025.838;25494.75;;25494.75;4;BID;
20251110;175025.838;25494.00;;25494.00;6;BID;
20251110;175025.838;;25494.75;25494.75;1;ASK;
20251110;175025.838;;25494.75;25494.75;1;ASK;
20251110;175025.838;;25494.75;25494.75;1;ASK;
20251110;175025.838;;25494.75;25494.75;1;ASK;
20251110;175025.838;;25495.00;25495.00;1;ASK;
20251110;175025.838;;25495.00;25495.00;1;ASK;
20251110;175025.838;;25495.00;25495.00;1;ASK;
20251110;175025.838;;25495.00;25495.00;1;ASK;
20251110;175025.838;;25495.00;25495.00;1;ASK;
20251110;175025.838;;25495.25;25495.25;1;ASK;
20251110;175025.838;;25495.25;25495.25;1;ASK;
20251110;175025.838;;25495.25;25495.25;1;ASK;
20251110;175025.838;;25495.25;25495.25;1;ASK;
20251110;175025.838;;25495.25;25495.25;1;ASK;
20251110;175025.838;;25495.25;25495.25;1;ASK;
20251110;175025.838;;25495.25;25495.25;1;ASK;
20251110;175025.838;;25495.50;25495.50;1;ASK;
20251110;175025.838;;25495.50;25495.50;1;ASK;
20251110;175025.838;;25495.50;25495.50;1;ASK;
20251110;175025.838;;25495.50;25495.50;1;ASK;
20251110;175025.838;;25495.50;25495.50;1;ASK;
20251110;175025.838;;25495.75;25495.75;1;ASK;
20251110;175025.838;;25495.75;25495.75;1;ASK;
20251110;175025.838;;25495.75;25495.75;1;ASK;
20251110;175025.838;;25495.75;25495.75;1;ASK;
20251110;175025.838;;25495.75;25495.75;1;ASK;
20251110;175025.838;;25495.75;25495.75;1;ASK;
20251110;175025.838;;25496.00;25496.00;1;ASK;
20251110;175025.838;;25496.00;25496.00;1;ASK;
20251110;175025.838;;25496.00;25496.00;1;ASK;
20251110;175025.838;;25496.00;25496.00;1;ASK;
20251110;175025.838;;25496.00;25496.00;1;ASK;
20251110;175025.838;;25496.00;25496.00;1;ASK;
20251110;175025.838;;25496.25;25496.25;1;ASK;
20251110;175025.838;;25496.25;25496.25;1;ASK;
20251110;175025.838;;25496.25;25496.25;1;ASK;
20251110;175025.838;;25496.25;25496.25;1;ASK;
20251110;175025.838;;25496.25;25496.25;1;ASK;
20251110;175025.838;;25496.25;25496.25;1;ASK;
20251110;175025.838;;25496.25;25496.25;1;ASK;
20251110;175025.844;;25495.50;25495.50;1;ASK;
20251110;175025.844;;;25495.25;4;BETWEEN;
20251110;175025.844;;25495.50;25495.50;1;ASK;
20251110;175025.845;;25496.00;25496.00;2;ASK;
20251110;175025.845;25495.25;;25495.25;5;BID;
20251110;175025.845;25495.25;;25495.25;1;BID;
20251110;175025.845;25495.25;;25495.25;1;BID;
20251110;175025.845;25495.25;;25495.25;1;BID;
20251110;175025.845;25495.25;;25495.25;1;BID;
20251110;175025.846;;;25495.75;5;BETWEEN;
20251110;175025.846;;;25495.50;1;BETWEEN;
20251110;175025.846;25495.50;;25495.50;1;BID;
20251110;175025.847;;25495.75;25495.75;6;ASK;
20251110;175025.847;25495.25;;25495.25;1;BID;
20251110;175025.847;25495.25;;25495.25;1;BID;
20251110;175025.878;;25495.75;25495.75;2;ASK;
20251110;175025.878;25495.25;;25495.25;3;BID;
20251110;175025.878;25495.25;;25495.25;1;BID;
20251110;175025.878;25495.25;;25495.25;1;BID;
20251110;175025.878;25495.25;;25495.25;1;BID;
20251110;175025.883;;25495.75;25495.75;5;ASK;
20251110;175025.883;25495.00;;25495.00;4;BID;
20251110;175025.883;25495.00;;25495.00;1;BID;
20251110;175025.886;;25495.75;25495.75;6;ASK;
20251110;175025.886;;25495.75;25495.75;1;ASK;
20251110;175025.911;;;25495.50;2;BETWEEN;
20251110;175025.911;25495.00;;25495.00;3;BID;
20251110;175025.943;;25495.50;25495.50;1;ASK;
20251110;175025.985;25495.00;;25495.00;4;BID;
20251110;175026.001;;25495.50;25495.50;2;ASK;
20251110;175025.994;;25495.75;25495.75;5;ASK;
20251110;175025.994;25495.00;;25495.00;5;BID;
20251110;175025.994;25495.00;;25495.00;1;BID;
20251110;175026.001;;;25495.50;2;BETWEEN;
20251110;175026.001;25495.00;;25495.00;4;BID;
20251110;175026.102;;25495.75;25495.75;5;ASK;
20251110;175026.148;;25495.75;25495.75;4;ASK;
20251110;175026.148;25495.00;;25495.00;5;BID;
20251110;175026.170;25494.75;;25494.75;3;BID;
20251110;175026.170;25494.25;;25494.25;3;BID;
20251110;175026.140;;25495.50;25495.50;2;ASK;
20251110;175026.140;;;25495.00;3;BETWEEN;
20251110;175026.140;;25495.50;25495.50;1;ASK;
20251110;175026.150;;25495.50;25495.50;4;ASK;
20251110;175026.150;25495.00;;25495.00;1;BID;
20251110;175026.150;25495.00;;25495.00;1;BID;
20251110;175026.154;;;25495.25;5;BETWEEN;
20251110;175026.154;25494.75;;25494.75;4;BID;
20251110;175026.154;25494.75;;25494.75;1;BID;
20251110;175026.155;;25495.25;25495.25;7;ASK;
20251110;175026.155;25494.75;;25494.75;1;BID;
20251110;175026.155;25494.75;;25494.75;1;BID;
20251110;175026.170;25494.75;;25494.75;3;BID;
20251110;175026.170;25494.25;;25494.25;3;BID;
20251110;175026.221;25494.25;;25494.25;2;BID;
20251110;175026.242;;25494.75;25494.75;1;ASK;
20251110;175026.242;;;25494.50;1;BETWEEN;
20251110;175026.242;;25494.75;25494.75;1;ASK;
20251110;175026.316;25494.50;;25494.50;1;BID;
20251110;175026.316;25494.00;;25494.00;5;BID;
20251110;175026.351;;25495.00;25495.00;4;ASK;
20251110;175026.351;;;25494.25;4;BETWEEN;
20251110;175026.329;;;25494.50;1;BETWEEN;
20251110;175026.329;25494.00;;25494.00;5;BID;
20251110;175026.329;25494.00;;25494.00;1;BID;
20251110;175026.351;;25495.00;25495.00;4;ASK;
20251110;175026.351;;;25494.25;4;BETWEEN;
20251110;175026.382;;;25494.75;1;BETWEEN;
20251110;175026.385;25494.25;;25494.25;1;BID;
20251110;175026.385;25494.25;;25494.25;1;BID;
20251110;175026.432;;25494.75;25494.75;3;ASK;
20251110;175026.432;25494.25;;25494.25;3;BID;
20251110;175026.432;25494.25;;25494.25;1;BID;
20251110;175026.434;;25494.75;25494.75;13;ASK;
20251110;175026.434;25494.25;;25494.25;2;BID;
20251110;175026.434;25494.25;;25494.25;1;BID;
20251110;175026.434;25494.25;;25494.25;1;BID;
20251110;175026.442;25494.25;;25494.25;3;BID;
20251110;175026.442;25493.75;;25493.75;2;BID;
20251110;175026.464;;25494.25;25494.25;4;ASK;
20251110;175026.464;25493.50;;25493.50;4;BID;
20251110;175026.489;;;25494.00;2;BETWEEN;
20251110;175026.489;25493.50;;25493.50;3;BID;
20251110;175026.520;;25494.00;25494.00;3;ASK;
20251110;175026.528;25493.50;;25493.50;2;BID;
20251110;175026.603;;25494.00;25494.00;2;ASK;
20251110;175026.603;25493.50;;25493.50;4;BID;
20251110;175026.647;25493.50;;25493.50;3;BID;
20251110;175026.647;;25494.00;25494.00;1;ASK;
20251110;175026.647;;25494.00;25494.00;1;ASK;
20251110;175026.647;;25494.00;25494.00;1;ASK;
20251110;175026.648;;25494.25;25494.25;4;ASK;
20251110;175026.648;;;25494.00;4;BETWEEN;
20251110;175026.648;;25494.25;25494.25;1;ASK;
20251110;175026.648;;25494.25;25494.25;1;ASK;
20251110;175026.648;;25494.25;25494.25;1;ASK;
20251110;175026.650;;25494.50;25494.50;3;ASK;
20251110;175026.650;25494.00;;25494.00;1;BID;
20251110;175026.650;25494.00;;25494.00;1;BID;
20251110;175026.651;;;25494.25;2;BETWEEN;
20251110;175026.651;25494.00;;25494.00;1;BID;
20251110;175026.651;25493.50;;25493.50;4;BID;
20251110;175026.660;;;25494.00;2;BETWEEN;
20251110;175026.660;25493.50;;25493.50;2;BID;
20251110;175026.683;;;25493.75;3;BETWEEN;
20251110;175026.683;25493.25;;25493.25;4;BID;
20251110;175026.653;;25494.00;25494.00;2;ASK;
20251110;175026.653;;;25493.50;1;BETWEEN;
20251110;175026.653;;25494.00;25494.00;1;ASK;
20251110;175026.683;;;25493.75;3;BETWEEN;
20251110;175026.683;25493.25;;25493.25;4;BID;
20251110;175026.714;;25493.75;25493.75;2;ASK;
20251110;175026.714;25493.25;;25493.25;2;BID;
20251110;175026.745;;;25493.50;5;BETWEEN;
20251110;175026.745;25492.75;;25492.75;5;BID;
20251110;175026.751;;25493.50;25493.50;3;ASK;
20251110;175026.751;;;25493.00;2;BETWEEN;
20251110;175026.736;;25493.50;25493.50;2;ASK;
20251110;175026.736;;;25493.25;2;BETWEEN;
20251110;175026.736;25493.25;;25493.25;1;BID;
20251110;175026.736;25493.25;;25493.25;1;BID;
20251110;175026.751;;25493.50;25493.50;3;ASK;
20251110;175026.751;25493.00;;25493.00;2;BID;
20251110;175026.807;;25493.50;25493.50;2;ASK;
20251110;175026.829;;25493.50;25493.50;4;ASK;
20251110;175026.829;25492.75;;25492.75;6;BID;
20251110;175026.868;;25493.50;25493.50;3;ASK;
20251110;175026.868;25492.75;;25492.75;5;BID;
20251110;175026.899;;25493.50;25493.50;2;ASK;
20251110;175026.899;;;25493.00;2;BETWEEN;
20251110;175026.982;;25493.50;25493.50;3;ASK;
20251110;175026.982;25493.00;;25493.00;1;BID;
20251110;175026.981;;25493.50;25493.50;2;ASK;
20251110;175026.981;25493.00;;25493.00;2;BID;
20251110;175026.981;25493.00;;25493.00;1;BID;
20251110;175026.986;;25493.50;25493.50;3;ASK;
20251110;175026.986;25493.00;;25493.00;1;BID;
20251110;175026.986;;25493.50;25493.50;1;ASK;
20251110;175026.993;;25493.50;25493.50;4;ASK;
20251110;175027.039;;25493.50;25493.50;3;ASK;
20251110;175027.039;25493.00;;25493.00;3;BID;
20251110;175027.050;;25493.50;25493.50;2;ASK;
20251110;175027.050;25493.00;;25493.00;2;BID;
20251110;175027.099;;25493.50;25493.50;3;ASK;
20251110;175027.152;;;25493.25;1;BETWEEN;
20251110;175027.152;25492.75;;25492.75;5;BID;
20251110;175027.176;25492.75;;25492.75;3;BID;
20251110;175027.216;;25493.50;25493.50;6;ASK;
20251110;175027.216;25492.75;;25492.75;5;BID;
20251110;175027.245;;;25493.25;2;BETWEEN;
20251110;175027.245;25492.75;;25492.75;4;BID;
20251110;175027.329;;25493.50;25493.50;5;ASK;
20251110;175027.329;;;25493.00;1;BETWEEN;
20251110;175027.351;;;25493.25;1;BETWEEN;
20251110;175027.351;25492.75;;25492.75;5;BID;
20251110;175027.387;;25493.25;25493.25;2;ASK;
20251110;175027.387;25492.75;;25492.75;4;BID;
20251110;175027.412;;25493.25;25493.25;3;ASK;
20251110;175027.412;25492.75;;25492.75;3;BID;
20251110;175027.446;;25493.25;25493.25;5;ASK;
20251110;175027.446;25492.50;;25492.50;3;BID;
20251110;175027.449;;25493.25;25493.25;4;ASK;
20251110;175027.495;;25493.25;25493.25;2;ASK;
20251110;175027.495;;;25492.75;3;BETWEEN;
20251110;175027.530;;;25493.00;2;BETWEEN;
20251110;175027.530;25492.50;;25492.50;3;BID;
20251110;175027.616;;25493.00;25493.00;1;ASK;
20251110;175027.616;25492.50;;25492.50;4;BID;
20251110;175027.644;25492.50;;25492.50;3;BID;
20251110;175027.644;25492.25;;25492.25;1;BID;
20251110;175027.644;25492.25;;25492.25;1;BID;
20251110;175027.644;25492.00;;25492.00;1;BID;
20251110;175027.644;25492.00;;25492.00;1;BID;
20251110;175027.644;25492.00;;25492.00;1;BID;
20251110;175027.647;;25492.50;25492.50;8;ASK;
20251110;175027.647;25492.00;;25492.00;2;BID;
20251110;175027.647;25492.00;;25492.00;1;BID;
20251110;175027.648;;25492.50;25492.50;9;ASK;
20251110;175027.648;25492.00;;25492.00;1;BID;
20251110;175027.648;25492.00;;25492.00;1;BID;
20251110;175027.653;25492.00;;25492.00;2;BID;
20251110;175027.653;25491.75;;25491.75;2;BID;
20251110;175027.679;;25492.25;25492.25;5;ASK;
20251110;175027.679;25491.50;;25491.50;7;BID;
20251110;175027.653;;;25492.00;2;BETWEEN;
20251110;175027.653;;;25491.75;2;BETWEEN;
20251110;175027.653;25491.75;;25491.75;1;BID;
20251110;175027.654;;25492.00;25492.00;6;ASK;
20251110;175027.654;25491.50;;25491.50;1;BID;
20251110;175027.654;25491.50;;25491.50;1;BID;
20251110;175027.662;;;25491.75;2;BETWEEN;
20251110;175027.662;25491.50;;25491.50;2;BID;
20251110;175027.662;;25491.75;25491.75;1;ASK;
20251110;175027.662;;25491.75;25491.75;1;ASK;
20251110;175027.662;;25491.75;25491.75;1;ASK;
20251110;175027.662;25491.50;;25491.50;3;BID;
20251110;175027.662;;25491.75;25491.75;1;ASK;
20251110;175027.664;;25492.25;25492.25;5;ASK;
20251110;175027.664;;;25491.75;1;BETWEEN;
20251110;175027.664;25491.75;;25491.75;1;BID;
20251110;175027.665;;;25492.00;1;BETWEEN;
20251110;175027.665;25491.75;;25491.75;1;BID;
20251110;175027.676;25491.75;;25491.75;4;BID;
20251110;175027.676;;25492.00;25492.00;1;ASK;
20251110;175027.679;;25492.25;25492.25;5;ASK;
20251110;175027.679;25491.50;;25491.50;7;BID;
20251110;175027.704;;25492.25;25492.25;3;ASK;
20251110;175027.704;;;25491.75;2;BETWEEN;
20251110;175027.745;;25492.75;25492.75;3;ASK;
20251110;175027.745;;;25492.25;2;BETWEEN;
20251110;175027.776;;25492.75;25492.75;4;ASK;
20251110;175027.776;25492.00;;25492.00;4;BID;
20251110;175027.731;;;25492.50;1;BETWEEN;
20251110;175027.731;25492.00;;25492.00;3;BID;
20251110;175027.731;;25492.50;25492.50;1;ASK;
20251110;175027.801;;25492.50;25492.50;3;ASK;
20251110;175027.801;25492.00;;25492.00;1;BID;
20251110;175027.825;;25492.75;25492.75;4;ASK;
20251110;175027.825;25492.00;;25492.00;4;BID;
20251110;175027.818;25492.00;;25492.00;1;BID;
20251110;175027.911;;;25492.50;1;BETWEEN;
20251110;175027.945;;25492.50;25492.50;2;ASK;
20251110;175027.945;25492.00;;25492.00;3;BID;
20251110;175027.994;;25493.00;25493.00;2;ASK;
20251110;175027.994;;;25492.50;1;BETWEEN;
20251110;175028.020;;25493.25;25493.25;1;ASK;
20251110;175028.020;;;25492.75;7;BETWEEN;
20251110;175028.056;;25493.75;25493.75;3;ASK;
20251110;175028.056;;;25493.25;2;BETWEEN;
20251110;175028.019;25493.25;;25493.25;2;BID;
20251110;175028.019;25492.75;;25492.75;4;BID;
20251110;175028.019;;25493.25;25493.25;1;ASK;
20251110;175028.031;;25493.25;25493.25;1;ASK;
20251110;175028.031;25492.75;;25492.75;7;BID;
20251110;175028.031;;25493.25;25493.25;1;ASK;
20251110;175028.056;;25493.75;25493.75;3;ASK;
20251110;175028.056;;;25493.25;2;BETWEEN;
20251110;175028.082;;;25493.50;1;BETWEEN;
20251110;175028.082;25493.00;;25493.00;3;BID;
20251110;175028.089;;25493.50;25493.50;2;ASK;
20251110;175028.148;;;25493.25;5;BETWEEN;
20251110;175028.148;25492.50;;25492.50;4;BID;
20251110;175028.172;;;25493.00;2;BETWEEN;
20251110;175028.138;;25493.50;25493.50;2;ASK;
20251110;175028.138;;;25493.00;1;BETWEEN;
20251110;175028.138;25493.00;;25493.00;1;BID;
20251110;175028.189;25493.00;;25493.00;2;BID;
20251110;175028.189;25492.50;;25492.50;2;BID;
20251110;175028.230;;25493.25;25493.25;5;ASK;
20251110;175028.230;;;25492.75;1;BETWEEN;
20251110;175028.255;;;25493.00;2;BETWEEN;
20251110;175028.255;25492.50;;25492.50;3;BID;
20251110;175028.297;25492.50;;25492.50;2;BID;
20251110;175028.333;;;25492.75;3;BETWEEN;
20251110;175028.333;25492.25;;25492.25;2;BID;
20251110;175028.358;;25492.75;25492.75;4;ASK;
20251110;175028.358;25492.00;;25492.00;5;BID;
20251110;175028.391;;;25492.50;3;BETWEEN;
20251110;175028.391;25491.75;;25491.75;4;BID;
20251110;175028.405;;;25492.25;6;BETWEEN;
20251110;175028.405;25491.50;;25491.50;6;BID;
20251110;175028.459;;25492.50;25492.50;5;ASK;
20251110;175028.459;;;25491.75;5;BETWEEN;
20251110;175028.434;;;25492.00;1;BETWEEN;
20251110;175028.434;25491.75;;25491.75;1;BID;
20251110;175028.434;25491.75;;25491.75;1;BID;
20251110;175028.442;25491.75;;25491.75;2;BID;
20251110;175028.442;25491.50;;25491.50;1;BID;
20251110;175028.442;25491.50;;25491.50;1;BID;
20251110;175028.451;;25491.75;25491.75;3;ASK;
20251110;175028.451;25491.25;;25491.25;2;BID;
20251110;175028.451;;25491.75;25491.75;1;ASK;
20251110;175028.451;;25491.75;25491.75;1;ASK;
20251110;175028.451;;25492.00;25492.00;2;ASK;
20251110;175028.451;;;25491.50;6;BETWEEN;
20251110;175028.451;;25492.00;25492.00;1;ASK;
20251110;175028.453;;25492.25;25492.25;1;ASK;
20251110;175028.453;;;25492.00;2;BETWEEN;
20251110;175028.453;25492.00;;25492.00;1;BID;
20251110;175028.459;;25492.50;25492.50;5;ASK;
20251110;175028.459;25491.75;;25491.75;5;BID;
20251110;175028.486;;25492.50;25492.50;4;ASK;
20251110;175028.486;;;25492.00;2;BETWEEN;
20251110;175028.522;;;25492.25;3;BETWEEN;
20251110;175028.522;25491.75;;25491.75;5;BID;
20251110;175028.537;;25492.25;25492.25;4;ASK;
20251110;175028.537;25491.50;;25491.50;7;BID;
20251110;175028.509;;25492.50;25492.50;4;ASK;
20251110;175028.509;;;25492.00;2;BETWEEN;
20251110;175028.509;25492.00;;25492.00;1;BID;
20251110;175028.578;25492.00;;25492.00;3;BID;
20251110;175028.578;25491.50;;25491.50;3;BID;
20251110;175028.609;;25492.00;25492.00;2;ASK;
20251110;175028.609;;;25491.75;2;BETWEEN;
20251110;175028.642;;25492.25;25492.25;4;ASK;
20251110;175028.642;;;25492.00;1;BETWEEN;
20251110;175028.641;25492.00;;25492.00;2;BID;
20251110;175028.641;25491.75;;25491.75;1;BID;
20251110;175028.641;;25492.00;25492.00;2;ASK;
20251110;175028.672;;25492.50;25492.50;2;ASK;
20251110;175028.672;;;25492.25;3;BETWEEN;
20251110;175028.672;;25492.50;25492.50;2;ASK;
20251110;175028.697;;25492.50;25492.50;1;ASK;
20251110;175028.697;25492.00;;25492.00;9;BID;
20251110;175028.725;;25492.50;25492.50;3;ASK;
20251110;175028.725;25492.00;;25492.00;6;BID;
20251110;175028.707;;25492.50;25492.50;1;ASK;
20251110;175028.707;25492.00;;25492.00;9;BID;
20251110;175028.707;25492.00;;25492.00;1;BID;
20251110;175028.707;25492.00;;25492.00;1;BID;
20251110;175028.707;25492.00;;25492.00;1;BID;
20251110;175028.725;;25492.50;25492.50;3;ASK;
20251110;175028.725;25492.00;;25492.00;6;BID;
20251110;175028.761;;25492.50;25492.50;5;ASK;
20251110;175028.784;;25492.75;25492.75;7;ASK;
20251110;175028.796;25492.00;;25492.00;2;BID;
20251110;175028.797;;;25492.50;1;BETWEEN;
20251110;175028.797;25492.00;;25492.00;4;BID;
20251110;175028.797;25492.00;;25492.00;4;BID;
20251110;175028.797;25491.75;;25491.75;6;BID;
20251110;175028.797;25491.75;;25491.75;1;BID;
20251110;175028.797;25491.75;;25491.75;1;BID;
20251110;175028.797;25491.75;;25491.75;1;BID;
20251110;175028.797;25491.75;;25491.75;1;BID;
20251110;175028.797;25491.75;;25491.75;1;BID;
20251110;175028.801;;;25492.00;1;BETWEEN;
20251110;175028.801;25491.50;;25491.50;2;BID;
20251110;175028.801;25491.50;;25491.50;1;BID;
20251110;175028.801;25491.50;;25491.50;1;BID;
20251110;175028.825;25491.00;;25491.00;1;BID;
20251110;175028.825;25490.50;;25490.50;5;BID;
20251110;175028.855;;25491.25;25491.25;4;ASK;
20251110;175028.855;;;25490.75;1;BETWEEN;
20251110;175028.803;;25491.50;25491.50;2;ASK;
20251110;175028.803;;;25491.25;3;BETWEEN;
20251110;175028.803;25491.25;;25491.25;1;BID;
20251110;175028.803;25491.25;;25491.25;2;BID;
20251110;175028.888;25491.00;;25491.00;2;BID;
20251110;175028.888;25490.50;;25490.50;4;BID;
20251110;175028.918;25490.00;;25490.00;4;BID;
20251110;175028.918;25489.50;;25489.50;1;BID;
20251110;175028.904;;25490.50;25490.50;4;ASK;
20251110;175028.904;;;25490.25;1;BETWEEN;
20251110;175028.904;25490.25;;25490.25;1;BID;
20251110;175028.904;25490.00;;25490.00;1;BID;
20251110;175028.904;25490.00;;25490.00;1;BID;
20251110;175028.904;25490.00;;25490.00;1;BID;
20251110;175028.904;25490.00;;25490.00;1;BID;
20251110;175028.904;25490.00;;25490.00;2;BID;
20251110;175028.904;25490.00;;25490.00;1;BID;
20251110;175028.905;25490.25;;25490.25;1;BID;
20251110;175028.905;25490.00;;25490.00;5;BID;
20251110;175028.905;25490.00;;25490.00;1;BID;
20251110;175028.905;25490.00;;25490.00;4;BID;
20251110;175028.905;25490.00;;25490.00;4;BID;
20251110;175028.908;25490.00;;25490.00;2;BID;
20251110;175028.908;25489.75;;25489.75;1;BID;
20251110;175028.908;25489.75;;25489.75;1;BID;
20251110;175028.918;;25490.00;25490.00;4;ASK;
20251110;175028.918;25489.50;;25489.50;1;BID;
20251110;175028.943;25489.50;;25489.50;3;BID;
20251110;175028.991;;25490.25;25490.25;4;ASK;
20251110;175028.991;;;25489.75;2;BETWEEN;
20251110;175028.968;;;25490.00;2;BETWEEN;
20251110;175028.968;25489.50;;25489.50;5;BID;
20251110;175028.968;;25490.00;25490.00;1;ASK;
20251110;175028.968;;25490.00;25490.00;1;ASK;
20251110;175028.989;;25490.50;25490.50;4;ASK;
20251110;175028.989;;;25490.00;1;BETWEEN;
20251110;175028.989;25490.00;;25490.00;1;BID;
20251110;175028.989;25490.00;;25490.00;1;BID;
20251110;175028.989;25489.75;;25489.75;6;BID;
20251110;175028.989;;25490.00;25490.00;1;ASK;
20251110;175028.991;;25490.25;25490.25;4;ASK;
20251110;175028.991;25489.75;;25489.75;2;BID;
20251110;175029.016;;25490.25;25490.25;2;ASK;
20251110;175029.016;25489.75;;25489.75;3;BID;
20251110;175029.060;;25490.25;25490.25;3;ASK;
20251110;175029.060;25489.75;;25489.75;2;BID;
20251110;175029.091;;25490.25;25490.25;1;ASK;
20251110;175029.091;25489.75;;25489.75;4;BID;
20251110;175029.095;;;25490.00;1;BETWEEN;
20251110;175029.095;;25490.25;25490.25;1;ASK;
20251110;175029.097;;25490.50;25490.50;1;ASK;
20251110;175029.097;;;25490.25;1;BETWEEN;
20251110;175029.097;;25490.50;25490.50;1;ASK;
20251110;175029.098;;25490.75;25490.75;2;ASK;
20251110;175029.098;;;25490.50;1;BETWEEN;
20251110;175029.098;25490.50;;25490.50;1;BID;
20251110;175029.121;;25491.00;25491.00;4;ASK;
20251110;175029.148;25490.50;;25490.50;2;BID;
20251110;175029.148;25490.00;;25490.00;3;BID;
20251110;175029.186;;25490.50;25490.50;1;ASK;
20251110;175029.186;;;25490.25;1;BETWEEN;
20251110;175029.136;;25490.75;25490.75;2;ASK;
20251110;175029.136;;;25490.50;1;BETWEEN;
20251110;175029.136;25490.50;;25490.50;1;BID;
20251110;175029.186;25490.50;;25490.50;1;BID;
20251110;175029.186;25490.25;;25490.25;1;BID;
20251110;175029.186;;25490.50;25490.50;1;ASK;
20251110;175029.186;;25490.75;25490.75;4;ASK;
20251110;175029.186;;;25490.50;1;BETWEEN;
20251110;175029.186;25490.50;;25490.50;1;BID;
20251110;175029.212;25490.50;;25490.50;1;BID;
20251110;175029.212;25490.00;;25490.00;5;BID;
20251110;175029.245;;25491.00;25491.00;1;ASK;
20251110;175029.245;;;25490.75;1;BETWEEN;
20251110;175029.232;25490.50;;25490.50;1;BID;
20251110;175029.232;25490.00;;25490.00;6;BID;
20251110;175029.232;;25490.50;25490.50;1;ASK;
20251110;175029.243;;25490.75;25490.75;2;ASK;
20251110;175029.243;;;25490.25;4;BETWEEN;
20251110;175029.243;;25490.75;25490.75;1;ASK;
20251110;175029.243;;25490.75;25490.75;1;ASK;
20251110;175029.278;;25491.25;25491.25;4;ASK;
20251110;175029.278;;;25490.50;6;BETWEEN;
20251110;175029.286;;;25491.00;2;BETWEEN;
20251110;175029.286;25490.50;;25490.50;4;BID;
20251110;175029.327;;25491.25;25491.25;3;ASK;
20251110;175029.327;;;25490.75;2;BETWEEN;
20251110;175029.384;;25491.25;25491.25;5;ASK;
20251110;175029.384;25490.50;;25490.50;5;BID;
20251110;175029.382;;25491.25;25491.25;3;ASK;
20251110;175029.382;;;25490.75;2;BETWEEN;
20251110;175029.382;25490.75;;25490.75;1;BID;
20251110;175029.404;;25491.25;25491.25;4;ASK;
20251110;175029.404;25490.75;;25490.75;3;BID;
20251110;175029.437;;25491.25;25491.25;1;ASK;
20251110;175029.437;25490.75;;25490.75;6;BID;
20251110;175029.436;;25491.25;25491.25;4;ASK;
20251110;175029.436;25490.75;;25490.75;1;BID;
20251110;175029.436;;25491.25;25491.25;1;ASK;
20251110;175029.437;;25491.25;25491.25;1;ASK;
20251110;175029.437;25490.75;;25490.75;6;BID;
20251110;175029.469;;25491.50;25491.50;3;ASK;
20251110;175029.469;;;25491.00;2;BETWEEN;
20251110;175029.501;;;25491.25;2;BETWEEN;
20251110;175029.501;25490.75;;25490.75;2;BID;
20251110;175029.535;;;25491.00;4;BETWEEN;
20251110;175029.535;25490.50;;25490.50;1;BID;
20251110;175029.554;;25491.00;25491.00;3;ASK;
20251110;175029.554;25490.50;;25490.50;3;BID;
20251110;175029.608;;25491.25;25491.25;4;ASK;
20251110;175029.608;25490.50;;25490.50;5;BID;
20251110;175029.638;;25491.25;25491.25;3;ASK;
20251110;175029.638;25490.50;;25490.50;4;BID;
20251110;175029.670;;25491.50;25491.50;2;ASK;
20251110;175029.670;;;25491.00;4;BETWEEN;
20251110;175029.699;25491.00;;25491.00;2;BID;
20251110;175029.758;;;25491.25;2;BETWEEN;
20251110;175029.758;25490.75;;25490.75;6;BID;
20251110;175029.788;;25491.25;25491.25;3;ASK;
20251110;175029.788;25490.75;;25490.75;5;BID;
20251110;175029.823;;25491.25;25491.25;2;ASK;
20251110;175029.854;;25491.50;25491.50;1;ASK;
20251110;175029.854;;;25491.00;4;BETWEEN;
20251110;175029.878;;25491.50;25491.50;5;ASK;
20251110;175029.878;25490.75;;25490.75;4;BID;
20251110;175029.878;;25491.50;25491.50;1;ASK;
20251110;175029.878;;25491.50;25491.50;1;ASK;
20251110;175029.878;;25491.50;25491.50;1;ASK;
20251110;175029.878;;25491.50;25491.50;1;ASK;
20251110;175029.878;;25491.50;25491.50;1;ASK;
20251110;175029.880;;25491.75;25491.75;3;ASK;
20251110;175029.880;;;25491.50;6;BETWEEN;
20251110;175029.880;;25491.75;25491.75;1;ASK;
20251110;175029.880;;25491.75;25491.75;1;ASK;
20251110;175029.880;;25491.75;25491.75;1;ASK;
20251110;175029.883;;25492.00;25492.00;1;ASK;
20251110;175029.883;;;25491.75;3;BETWEEN;
20251110;175029.883;;25492.00;25492.00;1;ASK;
20251110;175029.885;;25492.50;25492.50;4;ASK;
20251110;175029.885;;;25492.00;2;BETWEEN;
20251110;175029.907;25492.00;;25492.00;1;BID;
20251110;175029.884;;;25492.25;2;BETWEEN;
20251110;175029.884;;25492.25;25492.25;1;ASK;
20251110;175029.884;;25492.25;25492.25;1;ASK;
20251110;175029.884;25492.00;;25492.00;2;BID;
20251110;175029.884;;25492.25;25492.25;1;ASK;
20251110;175029.934;;25492.25;25492.25;2;ASK;
20251110;175029.934;25491.75;;25491.75;4;BID;
20251110;175029.964;25491.50;;25491.50;2;BID;
20251110;175029.964;25490.75;;25490.75;6;BID;
20251110;175029.947;;25492.00;25492.00;1;ASK;
20251110;175029.947;;;25491.75;1;BETWEEN;
20251110;175029.947;25491.75;;25491.75;1;BID;
20251110;175029.949;25491.75;;25491.75;3;BID;
20251110;175029.949;25491.50;;25491.50;2;BID;
20251110;175029.949;25491.50;;25491.50;1;BID;
20251110;175029.949;25491.50;;25491.50;1;BID;
20251110;175029.964;25491.50;;25491.50;2;BID;
20251110;175029.964;25490.75;;25490.75;6;BID;
20251110;175029.995;;25491.50;25491.50;4;ASK;
20251110;175029.995;25490.75;;25490.75;5;BID;
20251110;175030.034;;25491.75;25491.75;2;ASK;
20251110;175030.034;;;25491.25;2;BETWEEN;
20251110;175030.072;;25491.75;25491.75;3;ASK;
20251110;175030.090;;;25491.50;3;BETWEEN;
20251110;175030.090;25491.00;;25491.00;2;BID;
20251110;175030.095;25490.75;;25490.75;6;BID;
20251110;175030.148;;;25491.00;2;BETWEEN;
20251110;175030.226;;25491.50;25491.50;1;ASK;
20251110;175030.226;25491.00;;25491.00;5;BID;
20251110;175030.239;;25491.75;25491.75;3;ASK;
20251110;175030.239;;;25491.25;3;BETWEEN;
20251110;175030.294;;25491.75;25491.75;5;ASK;
20251110;175030.294;25491.00;;25491.00;4;BID;
20251110;175030.327;;;25491.50;1;BETWEEN;
20251110;175030.370;;25491.50;25491.50;2;ASK;
20251110;175030.462;;25491.75;25491.75;3;ASK;
20251110;175030.462;;;25491.25;4;BETWEEN;
20251110;175030.484;;25492.00;25492.00;2;ASK;
20251110;175030.484;;;25491.50;2;BETWEEN;
20251110;175030.521;;;25491.75;1;BETWEEN;
20251110;175030.521;25491.25;;25491.25;6;BID;
20251110;175030.553;;25491.75;25491.75;3;ASK;
20251110;175030.553;25491.25;;25491.25;4;BID;
20251110;175030.586;25491.25;;25491.25;2;BID;
20251110;175030.586;25490.75;;25490.75;6;BID;
20251110;175030.598;;25491.25;25491.25;3;ASK;
20251110;175030.598;25490.75;;25490.75;5;BID;
20251110;175030.618;25490.75;;25490.75;1;BID;
20251110;175030.621;;25491.25;25491.25;4;ASK;
20251110;175030.621;25490.50;;25490.50;7;BID;
20251110;175030.621;25490.50;;25490.50;1;BID;
20251110;175030.621;25490.50;;25490.50;1;BID;
20251110;175030.648;;25491.50;25491.50;2;ASK;
20251110;175030.648;;;25491.00;3;BETWEEN;
20251110;175030.640;;;25491.25;2;BETWEEN;
20251110;175030.640;25491.00;;25491.00;2;BID;
20251110;175030.640;;25491.25;25491.25;1;ASK;
20251110;175030.641;;25491.25;25491.25;1;ASK;
20251110;175030.641;25491.00;;25491.00;3;BID;
20251110;175030.641;;25491.25;25491.25;1;ASK;
20251110;175030.648;;25491.50;25491.50;2;ASK;
20251110;175030.708;;25491.50;25491.50;1;ASK;
20251110;175030.708;25491.00;;25491.00;8;BID;
20251110;175030.738;;25492.25;25492.25;3;ASK;
20251110;175030.738;;;25491.75;2;BETWEEN;
20251110;175030.710;25491.50;;25491.50;1;BID;
20251110;175030.710;25491.00;;25491.00;8;BID;
20251110;175030.710;;25491.50;25491.50;1;ASK;
20251110;175030.710;;25491.75;25491.75;1;ASK;
20251110;175030.710;;;25491.25;4;BETWEEN;
20251110;175030.710;;25491.75;25491.75;1;ASK;
20251110;175030.738;;25492.25;25492.25;3;ASK;
20251110;175030.738;;;25491.75;2;BETWEEN;
20251110;175030.768;;;25492.00;1;BETWEEN;
20251110;175030.768;25491.50;;25491.50;6;BID;
20251110;175030.799;;25492.25;25492.25;3;ASK;
20251110;175030.799;;;25491.75;2;BETWEEN;
20251110;175030.890;;25492.25;25492.25;1;ASK;
20251110;175030.918;;;25492.00;2;BETWEEN;
20251110;175030.918;25491.50;;25491.50;5;BID;
20251110;175030.925;25491.50;;25491.50;4;BID;
20251110;175030.972;;25492.25;25492.25;3;ASK;
20251110;175030.972;25491.50;;25491.50;6;BID;
20251110;175031.048;;;25491.75;2;BETWEEN;
20251110;175031.135;;25493.50;25493.50;2;ASK;
20251110;175031.135;;;25493.00;1;BETWEEN;
20251110;175031.151;;;25493.25;1;BETWEEN;
20251110;175031.151;25492.75;;25492.75;4;BID;
20251110;175031.114;25492.25;;25492.25;1;BID;
20251110;175031.114;25491.75;;25491.75;5;BID;
20251110;175031.114;;25492.25;25492.25;1;ASK;
20251110;175031.117;;25492.50;25492.50;4;ASK;
20251110;175031.117;;;25492.25;2;BETWEEN;
20251110;175031.117;;25492.50;25492.50;1;ASK;
20251110;175031.117;;25492.50;25492.50;1;ASK;
20251110;175031.117;;25492.50;25492.50;1;ASK;
20251110;175031.117;;25492.50;25492.50;1;ASK;
20251110;175031.118;;25492.75;25492.75;7;ASK;
20251110;175031.118;25492.25;;25492.25;4;BID;
20251110;175031.118;;25492.75;25492.75;1;ASK;
20251110;175031.122;;25492.75;25492.75;6;ASK;
20251110;175031.122;;;25492.50;1;BETWEEN;
20251110;175031.122;;25492.75;25492.75;1;ASK;
20251110;175031.122;;25492.75;25492.75;5;ASK;
20251110;175031.122;25492.50;;25492.50;2;BID;
20251110;175031.122;;25492.75;25492.75;1;ASK;
20251110;175031.122;;25492.75;25492.75;4;ASK;
20251110;175031.122;;25492.75;25492.75;4;ASK;
20251110;175031.124;;25493.50;25493.50;5;ASK;
20251110;175031.124;;;25492.75;6;BETWEEN;
20251110;175031.124;25492.75;;25492.75;1;BID;
20251110;175031.151;;;25493.25;1;BETWEEN;
20251110;175031.151;25492.75;;25492.75;4;BID;
20251110;175031.186;;25493.50;25493.50;2;ASK;
20251110;175031.186;;;25493.00;3;BETWEEN;
20251110;175031.214;;25493.75;25493.75;4;ASK;
20251110;175031.214;;;25493.25;1;BETWEEN;
20251110;175031.214;25493.25;;25493.25;1;BID;
20251110;175031.244;;;25493.50;1;BETWEEN;
20251110;175031.244;25493.00;;25493.00;3;BID;
20251110;175031.275;;25493.50;25493.50;4;ASK;
20251110;175031.275;25493.00;;25493.00;1;BID;
20251110;175031.308;;25493.75;25493.75;2;ASK;
20251110;175031.308;;;25493.25;3;BETWEEN;
20251110;175031.337;25493.25;;25493.25;1;BID;
20251110;175031.353;;25493.75;25493.75;1;ASK;
20251110;175031.353;25493.25;;25493.25;3;BID;
20251110;175031.420;;25493.75;25493.75;3;ASK;
20251110;175031.420;25493.25;;25493.25;1;BID;
20251110;175031.445;;25494.00;25494.00;1;ASK;
20251110;175031.445;;;25493.75;1;BETWEEN;
20251110;175031.445;;25494.00;25494.00;1;ASK;
20251110;175031.457;;25494.75;25494.75;12;ASK;
20251110;175031.457;;;25494.25;4;BETWEEN;
20251110;175031.487;25494.25;;25494.25;2;BID;
20251110;175031.487;25493.75;;25493.75;3;BID;
20251110;175031.518;;;25494.00;1;BETWEEN;
20251110;175031.518;25493.50;;25493.50;6;BID;
20251110;175031.546;;25494.25;25494.25;1;ASK;
20251110;175031.546;;;25493.75;4;BETWEEN;
20251110;175031.577;;25494.50;25494.50;4;ASK;
20251110;175031.577;;;25494.00;1;BETWEEN;
20251110;175031.611;;25494.75;25494.75;13;ASK;
20251110;175031.611;25494.00;;25494.00;6;BID;
20251110;175031.620;;;25494.50;1;BETWEEN;
20251110;175031.737;;25494.75;25494.75;13;ASK;
20251110;175031.755;;25494.75;25494.75;12;ASK;
20251110;175031.755;;;25494.25;4;BETWEEN;
20251110;175031.755;25494.25;;25494.25;1;BID;
20251110;175031.755;25494.25;;25494.25;1;BID;
20251110;175031.755;25494.25;;25494.25;1;BID;
20251110;175031.784;;;25494.50;3;BETWEEN;
20251110;175031.784;25494.00;;25494.00;6;BID;
20251110;175031.849;25494.00;;25494.00;4;BID;
20251110;175031.858;;25494.50;25494.50;2;ASK;
20251110;175031.893;;25494.75;25494.75;13;ASK;
20251110;175031.893;;;25494.25;2;BETWEEN;
20251110;175031.884;;;25494.50;2;BETWEEN;
20251110;175031.884;25494.00;;25494.00;4;BID;
20251110;175031.884;;25494.50;25494.50;1;ASK;
20251110;175031.884;;25494.50;25494.50;1;ASK;
20251110;175031.893;;25494.75;25494.75;13;ASK;
20251110;175031.893;;;25494.25;2;BETWEEN;
20251110;175031.924;;;25494.50;1;BETWEEN;
20251110;175031.924;25494.00;;25494.00;7;BID;
20251110;175031.970;;25494.50;25494.50;2;ASK;
20251110;175031.970;25494.00;;25494.00;2;BID;
20251110;175032.026;25494.00;;25494.00;4;BID;
20251110;175032.001;25494.00;;25494.00;2;BID;
20251110;175032.001;25494.00;;25494.00;1;BID;
20251110;175032.052;;;25494.25;1;BETWEEN;
20251110;175032.052;25493.75;;25493.75;5;BID;
20251110;175032.086;;25494.50;25494.50;3;ASK;
20251110;175032.086;;;25494.00;1;BETWEEN;
20251110;175032.138;;25494.50;25494.50;2;ASK;
20251110;175032.138;25494.00;;25494.00;3;BID;
20251110;175032.181;25493.25;;25493.25;3;BID;
20251110;175032.181;25492.75;;25492.75;1;BID;
20251110;175032.200;25492.75;;25492.75;5;BID;
20251110;175032.155;;25494.50;25494.50;2;ASK;
20251110;175032.155;;;25494.00;3;BETWEEN;
20251110;175032.155;;25494.50;25494.50;1;ASK;
20251110;175032.160;25494.00;;25494.00;4;BID;
20251110;175032.160;25494.00;;25494.00;1;BID;
20251110;175032.160;25494.00;;25494.00;1;BID;
20251110;175032.160;25494.00;;25494.00;1;BID;
20251110;175032.160;25494.00;;25494.00;1;BID;
20251110;175032.167;25494.00;;25494.00;3;BID;
20251110;175032.167;25493.50;;25493.50;5;BID;
20251110;175032.167;25493.50;;25493.50;1;BID;
20251110;175032.167;25493.50;;25493.50;1;BID;
20251110;175032.167;25493.50;;25493.50;1;BID;
20251110;175032.167;25493.50;;25493.50;1;BID;
20251110;175032.167;25493.50;;25493.50;1;BID;
20251110;175032.169;;;25493.75;4;BETWEEN;
20251110;175032.169;25493.25;;25493.25;1;BID;
20251110;175032.169;25493.25;;25493.25;1;BID;
20251110;175032.169;;;25493.50;1;BETWEEN;
20251110;175032.169;25493.25;;25493.25;1;BID;
20251110;175032.173;25493.00;;25493.00;2;BID;
20251110;175032.173;25492.50;;25492.50;7;BID;
20251110;175032.173;;25493.00;25493.00;1;ASK;
20251110;175032.174;;25493.25;25493.25;1;ASK;
20251110;175032.174;;;25492.75;5;BETWEEN;
20251110;175032.174;25492.75;;25492.75;1;BID;
20251110;175032.188;;25493.25;25493.25;3;ASK;
20251110;175032.188;;;25493.00;1;BETWEEN;
20251110;175032.188;25493.00;;25493.00;1;BID;
20251110;175032.199;;25493.25;25493.25;5;ASK;
20251110;175032.199;25492.50;;25492.50;6;BID;
20251110;175032.199;;25493.25;25493.25;1;ASK;
20251110;175032.200;;25493.25;25493.25;3;ASK;
20251110;175032.200;;;25492.75;5;BETWEEN;
20251110;175032.230;;25493.25;25493.25;2;ASK;
20251110;175032.244;;25493.50;25493.50;4;ASK;
20251110;175032.244;25492.75;;25492.75;6;BID;
20251110;175032.330;;25493.50;25493.50;3;ASK;
20251110;175032.330;;;25493.00;4;BETWEEN;
20251110;175032.350;;25493.50;25493.50;4;ASK;
20251110;175032.350;25493.00;;25493.00;1;BID;
20251110;175032.380;;;25493.25;1;BETWEEN;
20251110;175032.380;25492.75;;25492.75;6;BID;
20251110;175032.404;25492.75;;25492.75;7;BID;
20251110;175032.404;;25493.25;25493.25;1;ASK;
20251110;175032.416;;25493.50;25493.50;2;ASK;
20251110;175032.416;;;25493.00;3;BETWEEN;
20251110;175032.469;;25493.50;25493.50;1;ASK;
20251110;175032.469;25493.00;;25493.00;4;BID;
20251110;175032.492;;25493.50;25493.50;2;ASK;
20251110;175032.492;25493.00;;25493.00;1;BID;
20251110;175032.533;;25493.75;25493.75;5;ASK;
20251110;175032.533;;;25493.25;4;BETWEEN;
20251110;175032.535;;;25493.50;1;BETWEEN;
20251110;175032.535;25493.25;;25493.25;1;BID;
20251110;175032.535;25493.25;;25493.25;1;BID;
20251110;175032.553;25493.25;;25493.25;3;BID;
20251110;175032.553;25492.50;;25492.50;5;BID;
20251110;175032.608;;;25492.75;2;BETWEEN;
20251110;175032.636;;;25493.00;2;BETWEEN;
20251110;175032.636;25492.50;;25492.50;4;BID;
20251110;175032.685;;25493.00;25493.00;3;ASK;
20251110;175032.685;25492.50;;25492.50;1;BID;
20251110;175032.719;;25493.25;25493.25;4;ASK;
20251110;175032.719;;;25492.75;2;BETWEEN;
20251110;175032.729;25492.50;;25492.50;3;BID;
20251110;175032.769;;;25493.00;2;BETWEEN;
20251110;175032.841;;25493.50;25493.50;3;ASK;
20251110;175032.841;;;25493.00;1;BETWEEN;
20251110;175032.866;;;25493.25;4;BETWEEN;
20251110;175032.866;25492.50;;25492.50;3;BID;
20251110;175032.872;;;25493.00;1;BETWEEN;
20251110;175032.872;25492.50;;25492.50;4;BID;
20251110;175032.931;;25493.00;25493.00;2;ASK;
20251110;175032.931;25492.50;;25492.50;2;BID;
20251110;175033.010;;;25492.75;2;BETWEEN;
20251110;175033.010;25492.25;;25492.25;6;BID;
20251110;175033.046;;25493.00;25493.00;3;ASK;
20251110;175033.081;;;25492.75;1;BETWEEN;
20251110;175033.081;25492.25;;25492.25;5;BID;
20251110;175033.100;;25492.75;25492.75;2;ASK;
20251110;175033.100;25492.25;;25492.25;4;BID;
20251110;175033.130;;;25492.50;2;BETWEEN;
20251110;175033.130;25491.75;;25491.75;7;BID;
20251110;175033.164;;;25492.00;2;BETWEEN;
20251110;175033.198;25491.50;;25491.50;3;BID;
20251110;175033.198;25491.00;;25491.00;8;BID;
20251110;175033.223;;25491.75;25491.75;5;ASK;
20251110;175033.223;25491.00;;25491.00;10;BID;
20251110;175033.187;;25492.25;25492.25;1;ASK;
20251110;175033.187;;;25492.00;1;BETWEEN;
20251110;175033.187;25492.00;;25492.00;1;BID;
20251110;175033.188;;25492.25;25492.25;5;ASK;
20251110;175033.188;25491.75;;25491.75;5;BID;
20251110;175033.188;25491.75;;25491.75;1;BID;
20251110;175033.188;25491.75;;25491.75;1;BID;
20251110;175033.188;25491.75;;25491.75;1;BID;
20251110;175033.188;25491.75;;25491.75;2;BID;
20251110;175033.198;25491.50;;25491.50;3;BID;
20251110;175033.198;25491.00;;25491.00;9;BID;
20251110;175033.198;;25491.50;25491.50;1;ASK;
20251110;175033.199;;25491.50;25491.50;2;ASK;
20251110;175033.199;25491.00;;25491.00;8;BID;
20251110;175033.199;;25491.50;25491.50;1;ASK;
20251110;175033.199;;25491.50;25491.50;1;ASK;
20251110;175033.223;;25491.75;25491.75;5;ASK;
20251110;175033.223;25491.00;;25491.00;10;BID;
20251110;175033.256;25490.50;;25490.50;2;BID;
20251110;175033.256;25490.00;;25490.00;6;BID;
20251110;175033.283;;25491.00;25491.00;1;ASK;
20251110;175033.283;;;25490.50;6;BETWEEN;
20251110;175033.249;;25491.25;25491.25;2;ASK;
20251110;175033.249;;;25491.00;6;BETWEEN;
20251110;175033.249;25491.00;;25491.00;1;BID;
20251110;175033.249;25491.00;;25491.00;1;BID;
20251110;175033.249;25491.00;;25491.00;3;BID;
20251110;175033.249;25491.00;;25491.00;1;BID;
20251110;175033.251;25491.00;;25491.00;1;BID;
20251110;175033.251;25490.75;;25490.75;1;BID;
20251110;175033.251;25490.75;;25490.75;1;BID;
20251110;175033.251;25490.50;;25490.50;1;BID;
20251110;175033.252;25490.75;;25490.75;1;BID;
20251110;175033.252;25490.50;;25490.50;2;BID;
20251110;175033.252;25490.50;;25490.50;1;BID;
20251110;175033.254;25490.50;;25490.50;5;BID;
20251110;175033.254;25490.25;;25490.25;3;BID;
20251110;175033.254;25490.25;;25490.25;1;BID;
20251110;175033.254;25490.25;;25490.25;2;BID;
20251110;175033.264;;25490.50;25490.50;2;ASK;
20251110;175033.264;25490.25;;25490.25;2;BID;
20251110;175033.264;;25490.50;25490.50;1;ASK;
20251110;175033.264;;25490.50;25490.50;1;ASK;
20251110;175033.264;25490.25;;25490.25;3;BID;
20251110;175033.264;;25490.50;25490.50;1;ASK;
20251110;175033.265;;25490.75;25490.75;3;ASK;
20251110;175033.265;25490.25;;25490.25;4;BID;
20251110;175033.265;;25490.75;25490.75;1;ASK;
20251110;175033.282;;25490.75;25490.75;1;ASK;
20251110;175033.282;;;25490.50;2;BETWEEN;
20251110;175033.282;;25490.75;25490.75;1;ASK;
20251110;175033.283;;25491.00;25491.00;1;ASK;
20251110;175033.283;25490.50;;25490.50;6;BID;
20251110;175033.310;25490.50;;25490.50;1;BID;
20251110;175033.310;25490.00;;25490.00;4;BID;
20251110;175033.450;;25491.00;25491.00;3;ASK;
20251110;175033.450;;;25490.75;1;BETWEEN;
20251110;175033.463;;25491.00;25491.00;4;ASK;
20251110;175033.463;25490.50;;25490.50;2;BID;
20251110;175033.508;;25491.00;25491.00;3;ASK;
20251110;175033.508;;;25490.75;2;BETWEEN;
20251110;175033.540;25490.75;;25490.75;1;BID;
20251110;175033.540;25490.25;;25490.25;6;BID;
20251110;175033.525;;25491.00;25491.00;3;ASK;
20251110;175033.525;;;25490.50;5;BETWEEN;
20251110;175033.525;;25491.00;25491.00;1;ASK;
20251110;175033.527;;25491.00;25491.00;2;ASK;
20251110;175033.527;25490.50;;25490.50;6;BID;
20251110;175033.527;;25491.00;25491.00;1;ASK;
20251110;175033.548;25490.50;;25490.50;1;BID;
20251110;175033.548;25490.25;;25490.25;1;BID;
20251110;175033.548;;25490.50;25490.50;1;ASK;
20251110;175033.571;;25490.75;25490.75;1;ASK;
20251110;175033.571;25490.25;;25490.25;4;BID;
20251110;175033.598;;25491.00;25491.00;2;ASK;
20251110;175033.598;;;25490.50;3;BETWEEN;
20251110;175033.664;25490.50;;25490.50;5;BID;
20251110;175033.710;25490.50;;25490.50;6;BID;
20251110;175033.756;;25491.00;25491.00;4;ASK;
20251110;175033.756;25490.50;;25490.50;2;BID;
20251110;175033.767;25490.50;;25490.50;3;BID;
20251110;175033.737;;25491.00;25491.00;2;ASK;
20251110;175033.737;25490.50;;25490.50;6;BID;
20251110;175033.737;;25491.00;25491.00;1;ASK;
20251110;175033.748;;25491.00;25491.00;1;ASK;
20251110;175033.748;25490.50;;25490.50;5;BID;
20251110;175033.748;25490.50;;25490.50;1;BID;
20251110;175033.748;25490.50;;25490.50;1;BID;
20251110;175033.748;25490.50;;25490.50;1;BID;
20251110;175033.767;;25491.00;25491.00;4;ASK;
20251110;175033.767;25490.50;;25490.50;3;BID;
20251110;175033.800;;25491.00;25491.00;2;ASK;
20251110;175033.800;25490.50;;25490.50;4;BID;
20251110;175033.811;;25491.00;25491.00;3;ASK;
20251110;175033.811;25490.50;;25490.50;2;BID;
20251110;175033.811;;25491.00;25491.00;2;ASK;
20251110;175033.811;25490.50;;25490.50;4;BID;
20251110;175033.811;25490.50;;25490.50;1;BID;
20251110;175033.911;;;25490.75;1;BETWEEN;
20251110;175033.911;25490.25;;25490.25;5;BID;
20251110;175033.934;;;25490.50;2;BETWEEN;
20251110;175033.934;25490.00;;25490.00;5;BID;
20251110;175033.964;;25490.50;25490.50;3;ASK;
20251110;175033.964;25489.75;;25489.75;5;BID;
20251110;175033.964;;25490.50;25490.50;1;ASK;
20251110;175033.974;;;25490.00;3;BETWEEN;
20251110;175033.974;;25490.50;25490.50;1;ASK;
20251110;175033.974;;25490.50;25490.50;1;ASK;
20251110;175033.974;;25490.50;25490.50;2;ASK;
20251110;175033.983;25490.00;;25490.00;4;BID;
20251110;175034.016;25489.25;;25489.25;2;BID;
20251110;175034.016;25489.00;;25489.00;1;BID;
20251110;175034.036;;25490.50;25490.50;8;ASK;
20251110;175034.036;;;25489.75;4;BETWEEN;
20251110;175034.003;;;25490.25;3;BETWEEN;
20251110;175034.003;;;25490.00;1;BETWEEN;
20251110;175034.003;25490.00;;25490.00;1;BID;
20251110;175034.012;25490.00;;25490.00;2;BID;
20251110;175034.012;25489.50;;25489.50;3;BID;
20251110;175034.012;25489.50;;25489.50;1;BID;
20251110;175034.012;25489.50;;25489.50;1;BID;
20251110;175034.012;25489.50;;25489.50;1;BID;
20251110;175034.012;25489.25;;25489.25;1;BID;
20251110;175034.019;25489.25;;25489.25;1;BID;
20251110;175034.019;25489.00;;25489.00;1;BID;
20251110;175034.019;;25489.25;25489.25;1;ASK;
20251110;175034.021;;25489.50;25489.50;1;ASK;
20251110;175034.021;25489.00;;25489.00;4;BID;
20251110;175034.021;;25489.50;25489.50;1;ASK;
20251110;175034.036;;25490.50;25490.50;8;ASK;
20251110;175034.036;;;25489.75;4;BETWEEN;
20251110;175034.067;;25490.50;25490.50;6;ASK;
20251110;175034.067;;;25490.00;3;BETWEEN;
20251110;175034.098;;25491.00;25491.00;3;ASK;
20251110;175034.098;;;25490.50;2;BETWEEN;
20251110;175034.052;25490.50;;25490.50;6;BID;
20251110;175034.052;25490.00;;25490.00;3;BID;
20251110;175034.052;25490.00;;25490.00;1;BID;
20251110;175034.052;25490.00;;25490.00;1;BID;
20251110;175034.084;;25490.50;25490.50;5;ASK;
20251110;175034.084;25490.00;;25490.00;7;BID;
20251110;175034.084;;25490.50;25490.50;5;ASK;
20251110;175034.085;;25490.75;25490.75;1;ASK;
20251110;175034.085;;;25490.25;5;BETWEEN;
20251110;175034.085;;25490.75;25490.75;1;ASK;
20251110;175034.087;;25490.75;25490.75;2;ASK;
20251110;175034.087;;;25490.50;1;BETWEEN;
20251110;175034.087;;25490.75;25490.75;1;ASK;
20251110;175034.098;;25491.00;25491.00;3;ASK;
20251110;175034.098;25490.50;;25490.50;2;BID;
20251110;175034.108;;;25490.75;1;BETWEEN;
20251110;175034.108;25490.25;;25490.25;7;BID;
20251110;175034.159;;;25490.50;1;BETWEEN;
20251110;175034.159;25490.00;;25490.00;5;BID;
20251110;175034.176;;25490.50;25490.50;2;ASK;
20251110;175034.132;;25490.75;25490.75;1;ASK;
20251110;175034.132;;;25490.25;7;BETWEEN;
20251110;175034.132;25490.25;;25490.25;1;BID;
20251110;175034.132;25490.25;;25490.25;1;BID;
20251110;175034.176;;;25490.50;2;BETWEEN;
20251110;175034.176;25490.00;;25490.00;5;BID;
20251110;175034.212;;25490.50;25490.50;3;ASK;
20251110;175034.212;25490.00;;25490.00;3;BID;
20251110;175034.252;;25490.75;25490.75;1;ASK;
20251110;175034.252;;;25490.25;5;BETWEEN;
20251110;175034.278;;25491.50;25491.50;1;ASK;
20251110;175034.278;;;25491.00;4;BETWEEN;
20251110;175034.264;25490.75;;25490.75;2;BID;
20251110;175034.264;25490.50;;25490.50;1;BID;
20251110;175034.264;;25490.75;25490.75;1;ASK;
20251110;175034.265;;25491.00;25491.00;2;ASK;
20251110;175034.265;25490.50;;25490.50;4;BID;
20251110;175034.265;;25491.00;25491.00;1;ASK;
20251110;175034.265;;25491.00;25491.00;1;ASK;
20251110;175034.278;;25491.50;25491.50;1;ASK;
20251110;175034.278;;;25491.00;4;BETWEEN;
20251110;175034.333;;25491.75;25491.75;4;ASK;
20251110;175034.365;;;25491.50;2;BETWEEN;
20251110;175034.411;;25491.50;25491.50;1;ASK;
20251110;175034.411;25491.00;;25491.00;5;BID;
20251110;175034.472;;25491.75;25491.75;4;ASK;
20251110;175034.472;25491.00;;25491.00;6;BID;
20251110;175034.515;;;25491.50;3;BETWEEN;
20251110;175034.515;25491.00;;25491.00;4;BID;
20251110;175034.471;;25491.50;25491.50;1;ASK;
20251110;175034.471;25491.00;;25491.00;5;BID;
20251110;175034.471;;25491.50;25491.50;1;ASK;
20251110;175034.515;;25491.50;25491.50;3;ASK;
20251110;175034.515;25491.00;;25491.00;4;BID;
20251110;175034.580;;;25491.25;2;BETWEEN;
20251110;175034.580;25490.75;;25490.75;4;BID;
20251110;175034.610;25490.75;;25490.75;5;BID;
20251110;175034.610;25490.25;;25490.25;2;BID;
20251110;175034.593;;25491.00;25491.00;1;ASK;
20251110;175034.593;;;25490.75;1;BETWEEN;
20251110;175034.593;25490.75;;25490.75;1;BID;
20251110;175034.594;;25491.00;25491.00;6;ASK;
20251110;175034.594;25490.50;;25490.50;1;BID;
20251110;175034.594;25490.50;;25490.50;1;BID;
20251110;175034.610;;;25490.75;5;BETWEEN;
20251110;175034.610;25490.25;;25490.25;2;BID;
20251110;175034.635;;;25490.50;1;BETWEEN;
20251110;175034.635;25490.00;;25490.00;4;BID;
20251110;175034.697;;25490.75;25490.75;4;ASK;
20251110;175034.697;;;25490.25;2;BETWEEN;
20251110;175034.750;25490.00;;25490.00;5;BID;
20251110;175034.844;;;25490.25;4;BETWEEN;
20251110;175034.846;25490.25;;25490.25;1;BID;
20251110;175034.901;;25490.75;25490.75;3;ASK;
20251110;175034.901;25490.25;;25490.25;2;BID;
20251110;175034.930;;25490.75;25490.75;1;ASK;
20251110;175034.930;25490.25;;25490.25;3;BID;
20251110;175034.967;;25490.75;25490.75;2;ASK;
20251110;175035.036;;25491.00;25491.00;4;ASK;
20251110;175035.036;25490.25;;25490.25;4;BID;
20251110;175035.057;;;25490.75;2;BETWEEN;
20251110;175035.057;25490.25;;25490.25;2;BID;
20251110;175035.024;;25490.75;25490.75;3;ASK;
20251110;175035.024;25490.25;;25490.25;4;BID;
20251110;175035.024;;25490.75;25490.75;1;ASK;
20251110;175035.024;;25490.75;25490.75;1;ASK;
20251110;175035.057;;25490.75;25490.75;2;ASK;
20251110;175035.057;25490.25;;25490.25;2;BID;
20251110;175035.089;;25490.75;25490.75;1;ASK;
20251110;175035.089;25490.25;;25490.25;4;BID;
20251110;175035.135;25490.25;;25490.25;5;BID;
20251110;175035.170;;25490.75;25490.75;2;ASK;
20251110;175035.170;25490.25;;25490.25;4;BID;
20251110;175035.216;;25490.75;25490.75;1;ASK;
20251110;175035.216;25490.25;;25490.25;5;BID;
20251110;175035.253;;;25490.50;1;BETWEEN;
20251110;175035.253;25490.00;;25490.00;4;BID;
20251110;175035.240;;25490.75;25490.75;1;ASK;
20251110;175035.240;;;25490.25;5;BETWEEN;
20251110;175035.240;25490.25;;25490.25;1;BID;
20251110;175035.240;25490.25;;25490.25;1;BID;
20251110;175035.240;25490.25;;25490.25;1;BID;
20251110;175035.240;25490.25;;25490.25;1;BID;
20251110;175035.240;25490.25;;25490.25;1;BID;
20251110;175035.240;25490.00;;25490.00;1;BID;
20251110;175035.253;;;25490.50;1;BETWEEN;
20251110;175035.253;25490.00;;25490.00;4;BID;
20251110;175035.315;;;25490.25;3;BETWEEN;
20251110;175035.315;25489.75;;25489.75;2;BID;
20251110;175035.325;;25490.25;25490.25;4;ASK;
20251110;175035.325;25489.75;;25489.75;4;BID;
20251110;175035.351;;25490.25;25490.25;3;ASK;
20251110;175035.397;25489.50;;25489.50;5;BID;
20251110;175035.436;;25490.25;25490.25;4;ASK;
20251110;175035.436;;;25489.75;1;BETWEEN;
20251110;175035.441;;25490.25;25490.25;2;ASK;
20251110;175035.441;25489.75;;25489.75;3;BID;
20251110;175035.525;;;25490.00;1;BETWEEN;
20251110;175035.525;25489.75;;25489.75;1;BID;
20251110;175035.750;;25490.50;25490.50;1;ASK;
20251110;175035.750;;;25490.00;4;BETWEEN;
20251110;175035.751;25490.00;;25490.00;5;BID;
20251110;175035.720;25490.00;;25490.00;1;BID;
20251110;175035.720;25489.75;;25489.75;3;BID;
20251110;175035.720;;25490.00;25490.00;1;ASK;
20251110;175035.729;;25490.25;25490.25;1;ASK;
20251110;175035.729;25489.75;;25489.75;6;BID;
20251110;175035.729;;25490.25;25490.25;1;ASK;
20251110;175035.746;;25490.75;25490.75;4;ASK;
20251110;175035.746;;;25490.00;7;BETWEEN;
20251110;175035.746;25490.00;;25490.00;1;BID;
20251110;175035.751;;;25490.50;1;BETWEEN;
20251110;175035.751;25490.00;;25490.00;5;BID;
20251110;175035.871;25490.00;;25490.00;4;BID;
20251110;175035.871;25489.50;;25489.50;1;BID;
20251110;175035.893;;;25489.75;3;BETWEEN;
20251110;175035.893;25489.00;;25489.00;3;BID;
20251110;175035.863;;25490.50;25490.50;3;ASK;
20251110;175035.863;;;25490.00;2;BETWEEN;
20251110;175035.863;25490.00;;25490.00;1;BID;
20251110;175035.864;;;25490.25;4;BETWEEN;
20251110;175035.864;25490.00;;25490.00;1;BID;
20251110;175035.864;25490.00;;25490.00;1;BID;
20251110;175035.867;25490.00;;25490.00;1;BID;
20251110;175035.867;25489.75;;25489.75;1;BID;
20251110;175035.867;25489.75;;25489.75;1;BID;
20251110;175035.893;25489.75;;25489.75;3;BID;
20251110;175035.893;25489.00;;25489.00;3;BID;
20251110;175035.921;;25489.75;25489.75;2;ASK;
20251110;175035.921;;;25489.25;2;BETWEEN;
20251110;175035.944;;25489.75;25489.75;3;ASK;
20251110;175035.944;25489.00;;25489.00;6;BID;
20251110;175035.970;;25489.75;25489.75;2;ASK;
20251110;175035.970;25489.00;;25489.00;7;BID;
20251110;175035.970;;25489.75;25489.75;1;ASK;
20251110;175035.979;25489.00;;25489.00;5;BID;
20251110;175036.013;;;25489.50;3;BETWEEN;
20251110;175036.013;25489.00;;25489.00;1;BID;
20251110;175036.045;;;25489.25;1;BETWEEN;
20251110;175036.045;25488.75;;25488.75;5;BID;
20251110;175036.074;;25489.25;25489.25;2;ASK;
20251110;175036.074;25488.75;;25488.75;3;BID;
20251110;175036.138;;;25489.00;4;BETWEEN;
20251110;175036.138;25488.75;;25488.75;1;BID;
20251110;175036.165;;25489.00;25489.00;3;ASK;
20251110;175036.165;25488.50;;25488.50;2;BID;
20251110;175036.147;;25489.00;25489.00;4;ASK;
20251110;175036.147;;;25488.75;1;BETWEEN;
20251110;175036.147;25488.75;;25488.75;1;BID;
20251110;175036.147;25488.50;;25488.50;1;BID;
20251110;175036.147;25488.50;;25488.50;1;BID;
20251110;175036.173;;25489.00;25489.00;3;ASK;
20251110;175036.173;25488.50;;25488.50;1;BID;
20251110;175036.173;25488.50;;25488.50;1;BID;
20251110;175036.196;;25489.00;25489.00;4;ASK;
20251110;175036.196;25488.50;;25488.50;4;BID;
20251110;175036.248;25488.25;;25488.25;5;BID;
20251110;175036.297;;;25488.75;3;BETWEEN;
20251110;175036.297;25488.25;;25488.25;2;BID;
20251110;175036.350;;25488.75;25488.75;1;ASK;
20251110;175036.350;25488.25;;25488.25;4;BID;
20251110;175036.361;;25489.00;25489.00;1;ASK;
20251110;175036.361;;;25488.50;7;BETWEEN;
20251110;175036.407;;25489.25;25489.25;3;ASK;
20251110;175036.407;;;25488.75;3;BETWEEN;
20251110;175036.420;;25489.25;25489.25;2;ASK;
20251110;175036.531;25488.50;;25488.50;6;BID;
20251110;175036.548;;;25488.75;3;BETWEEN;
20251110;175036.548;25488.25;;25488.25;2;BID;
20251110;175036.531;;25489.25;25489.25;2;ASK;
20251110;175036.531;;;25488.75;3;BETWEEN;
20251110;175036.531;25488.75;;25488.75;1;BID;
20251110;175036.531;25488.75;;25488.75;2;BID;
20251110;175036.533;;;25489.00;5;BETWEEN;
20251110;175036.533;25488.50;;25488.50;4;BID;
20251110;175036.533;25488.50;;25488.50;1;BID;
20251110;175036.533;25488.50;;25488.50;1;BID;
20251110;175036.533;25488.50;;25488.50;1;BID;
20251110;175036.533;25488.50;;25488.50;1;BID;
20251110;175036.533;25488.50;;25488.50;1;BID;
20251110;175036.534;;;25488.75;5;BETWEEN;
20251110;175036.534;25488.25;;25488.25;3;BID;
20251110;175036.534;25488.25;;25488.25;1;BID;
20251110;175036.540;25488.25;;25488.25;1;BID;
20251110;175036.540;25487.75;;25487.75;6;BID;
20251110;175036.540;;25488.25;25488.25;1;ASK;
20251110;175036.548;;25488.75;25488.75;3;ASK;
20251110;175036.548;;;25488.25;2;BETWEEN;
20251110;175036.591;;;25488.50;2;BETWEEN;
20251110;175036.613;;25488.75;25488.75;3;ASK;
20251110;175036.728;25488.00;;25488.00;4;BID;
20251110;175036.751;;;25488.50;1;BETWEEN;
20251110;175036.751;25488.00;;25488.00;6;BID;
20251110;175036.788;;;25488.25;3;BETWEEN;
20251110;175036.788;25487.50;;25487.50;5;BID;
20251110;175036.762;;;25488.00;2;BETWEEN;
20251110;175036.762;25488.00;;25488.00;1;BID;
20251110;175036.762;25488.00;;25488.00;1;BID;
20251110;175036.762;25487.75;;25487.75;1;BID;
20251110;175036.762;25487.75;;25487.75;1;BID;
20251110;175036.762;25487.50;;25487.50;1;BID;
20251110;175036.765;25487.50;;25487.50;1;BID;
20251110;175036.765;25487.00;;25487.00;6;BID;
20251110;175036.765;;25487.50;25487.50;1;ASK;
20251110;175036.769;;25487.75;25487.75;1;ASK;
20251110;175036.769;;;25487.25;6;BETWEEN;
20251110;175036.769;;25487.75;25487.75;1;ASK;
20251110;175036.769;;;25487.50;2;BETWEEN;
20251110;175036.769;;25487.75;25487.75;1;ASK;
20251110;175036.769;25487.50;;25487.50;4;BID;
20251110;175036.769;;25487.75;25487.75;1;ASK;
20251110;175036.770;;25488.00;25488.00;3;ASK;
20251110;175036.770;25487.50;;25487.50;2;BID;
20251110;175036.770;;25488.00;25488.00;1;ASK;
20251110;175036.775;;25488.00;25488.00;1;ASK;
20251110;175036.775;;;25487.75;1;BETWEEN;
20251110;175036.775;;25488.00;25488.00;1;ASK;
20251110;175036.788;;25488.25;25488.25;3;ASK;
20251110;175036.788;25487.50;;25487.50;5;BID;
20251110;175036.818;25487.50;;25487.50;3;BID;
20251110;175036.818;25487.00;;25487.00;3;BID;
20251110;175036.851;25487.00;;25487.00;4;BID;
20251110;175036.851;25486.25;;25486.25;5;BID;
20251110;175036.845;;25487.25;25487.25;1;ASK;
20251110;175036.845;;;25487.00;1;BETWEEN;
20251110;175036.845;25487.00;;25487.00;1;BID;
20251110;175036.845;25486.75;;25486.75;1;BID;
20251110;175036.845;25486.75;;25486.75;1;BID;
20251110;175036.851;25487.00;;25487.00;4;BID;
20251110;175036.851;25486.25;;25486.25;5;BID;
20251110;175036.874;;;25486.50;4;BETWEEN;
20251110;175036.874;25486.00;;25486.00;4;BID;
20251110;175036.904;;25486.50;25486.50;2;ASK;
20251110;175036.904;25486.00;;25486.00;5;BID;
20251110;175036.937;;25486.75;25486.75;2;ASK;
20251110;175036.937;;;25486.25;5;BETWEEN;
20251110;175036.966;;25487.00;25487.00;3;ASK;
20251110;175036.966;;;25486.50;3;BETWEEN;
20251110;175036.998;;25487.25;25487.25;4;ASK;
20251110;175036.998;;;25486.75;1;BETWEEN;
20251110;175037.027;;25487.25;25487.25;3;ASK;
20251110;175037.046;;;25487.00;2;BETWEEN;
20251110;175037.046;25486.50;;25486.50;3;BID;
20251110;175037.016;;25487.00;25487.00;1;ASK;
20251110;175037.016;;;25486.75;5;BETWEEN;
20251110;175037.016;;25487.00;25487.00;1;ASK;
20251110;175037.018;;25487.25;25487.25;1;ASK;
20251110;175037.018;;;25487.00;1;BETWEEN;
20251110;175037.018;;25487.25;25487.25;1;ASK;
20251110;175037.046;25487.00;;25487.00;2;BID;
20251110;175037.046;25486.50;;25486.50;3;BID;
20251110;175037.087;25486.50;;25486.50;2;BID;
20251110;175037.087;25486.00;;25486.00;4;BID;
20251110;175037.172;;25487.50;25487.50;2;ASK;
20251110;175037.172;;;25486.50;5;BETWEEN;
20251110;175037.192;;;25487.25;5;BETWEEN;
20251110;175037.192;25486.50;;25486.50;4;BID;
20251110;175037.154;25486.50;;25486.50;2;BID;
20251110;175037.154;25486.00;;25486.00;6;BID;
20251110;175037.154;;25486.50;25486.50;1;ASK;
20251110;175037.154;;25486.50;25486.50;1;ASK;
20251110;175037.155;;25486.75;25486.75;1;ASK;
20251110;175037.155;;;25486.25;6;BETWEEN;
20251110;175037.155;;25486.75;25486.75;1;ASK;
20251110;175037.171;;25487.00;25487.00;3;ASK;
20251110;175037.171;;;25486.50;1;BETWEEN;
20251110;175037.171;;25487.00;25487.00;1;ASK;
20251110;175037.171;;25487.00;25487.00;1;ASK;
20251110;175037.171;;25487.00;25487.00;1;ASK;
20251110;175037.171;;25487.25;25487.25;1;ASK;
20251110;175037.171;;25487.25;25487.25;1;ASK;
20251110;175037.171;;25487.25;25487.25;1;ASK;
20251110;175037.171;;25487.25;25487.25;1;ASK;
20251110;175037.171;;25487.50;25487.50;1;ASK;
20251110;175037.171;;25487.50;25487.50;1;ASK;
20251110;175037.171;;25487.50;25487.50;1;ASK;
20251110;175037.212;;25487.00;25487.00;1;ASK;
20251110;175037.212;25486.50;;25486.50;5;BID;
20251110;175037.212;;25487.00;25487.00;1;ASK;
20251110;175037.260;;25487.25;25487.25;3;ASK;
20251110;175037.260;;;25486.75;3;BETWEEN;
20251110;175037.217;;25487.25;25487.25;5;ASK;
20251110;175037.217;25486.75;;25486.75;2;BID;
20251110;175037.217;25486.75;;25486.75;1;BID;
20251110;175037.260;;25487.25;25487.25;3;ASK;
20251110;175037.260;25486.75;;25486.75;3;BID;
20251110;175037.289;;25487.50;25487.50;4;ASK;
20251110;175037.289;25486.75;;25486.75;4;BID;
20251110;175037.312;25486.75;;25486.75;5;BID;
20251110;175037.287;;;25487.25;2;BETWEEN;
20251110;175037.287;25486.75;;25486.75;3;BID;
20251110;175037.287;25486.75;;25486.75;1;BID;
20251110;175037.312;;25487.50;25487.50;4;ASK;
20251110;175037.312;25486.75;;25486.75;5;BID;
20251110;175037.348;;;25487.25;1;BETWEEN;
20251110;175037.348;25486.75;;25486.75;4;BID;
20251110;175037.369;;25487.25;25487.25;4;ASK;
20251110;175037.369;25486.75;;25486.75;3;BID;
20251110;175037.411;;;25487.00;1;BETWEEN;
20251110;175037.411;25486.50;;25486.50;3;BID;
20251110;175037.354;;25487.25;25487.25;1;ASK;
20251110;175037.354;;;25486.75;4;BETWEEN;
20251110;175037.354;25486.75;;25486.75;1;BID;
20251110;175037.354;25486.75;;25486.75;1;BID;
20251110;175037.411;;;25487.00;1;BETWEEN;
20251110;175037.411;25486.50;;25486.50;3;BID;
20251110;175037.444;25486.50;;25486.50;4;BID;
20251110;175037.493;25486.50;;25486.50;5;BID;
20251110;175037.495;;25487.25;25487.25;4;ASK;
20251110;175037.495;25486.50;;25486.50;6;BID;
20251110;175037.541;;;25487.00;2;BETWEEN;
20251110;175037.541;25486.50;;25486.50;3;BID;
20251110;175037.590;;25487.00;25487.00;3;ASK;
20251110;175037.590;25486.50;;25486.50;1;BID;
20251110;175037.622;;;25486.75;1;BETWEEN;
20251110;175037.622;25486.25;;25486.25;5;BID;
20251110;175037.643;;25487.00;25487.00;2;ASK;
20251110;175037.643;;;25486.50;5;BETWEEN;
20251110;175037.673;;25487.00;25487.00;1;ASK;
20251110;175037.616;;25487.00;25487.00;3;ASK;
20251110;175037.616;25486.25;;25486.25;6;BID;
20251110;175037.616;;25487.00;25487.00;1;ASK;
20251110;175037.673;;25487.00;25487.00;1;ASK;
20251110;175037.673;;;25486.50;5;BETWEEN;
20251110;175037.698;;25487.25;25487.25;4;ASK;
20251110;175037.687;;;25487.00;1;BETWEEN;
20251110;175037.687;;25487.00;25487.00;1;ASK;
20251110;175037.698;;25487.25;25487.25;4;ASK;
20251110;175037.753;;25487.50;25487.50;1;ASK;
20251110;175037.753;;;25487.25;1;BETWEEN;
20251110;175037.778;25487.00;;25487.00;6;BID;
20251110;175037.990;25487.00;;25487.00;4;BID;
20251110;175038.105;;25487.50;25487.50;3;ASK;
20251110;175038.105;25487.00;;25487.00;1;BID;
20251110;175038.130;;25487.50;25487.50;6;ASK;
20251110;175038.156;;25487.50;25487.50;3;ASK;
20251110;175038.156;25487.00;;25487.00;2;BID;
20251110;175038.221;25487.00;;25487.00;1;BID;
20251110;175038.230;;25487.50;25487.50;4;ASK;
20251110;175038.265;;25487.50;25487.50;3;ASK;
20251110;175038.265;25487.00;;25487.00;3;BID;
20251110;175038.312;;;25487.25;1;BETWEEN;
20251110;175038.312;25487.00;;25487.00;1;BID;
20251110;175038.352;;25488.00;25488.00;4;ASK;
20251110;175038.352;;;25487.50;2;BETWEEN;
20251110;175038.351;25487.50;;25487.50;1;BID;
20251110;175038.351;25487.25;;25487.25;3;BID;
20251110;175038.351;;25487.50;25487.50;1;ASK;
20251110;175038.352;;25488.00;25488.00;4;ASK;
20251110;175038.352;;;25487.50;2;BETWEEN;
20251110;175038.381;25487.50;;25487.50;3;BID;
20251110;175038.381;25487.25;;25487.25;1;BID;
20251110;175038.402;;25487.75;25487.75;1;ASK;
20251110;175038.402;25487.25;;25487.25;2;BID;
20251110;175038.439;25487.25;;25487.25;6;BID;
20251110;175038.377;;;25487.50;1;BETWEEN;
20251110;175038.377;25487.50;;25487.50;1;BID;
20251110;175038.420;25487.25;;25487.25;2;BID;
20251110;175038.420;;25487.75;25487.75;1;ASK;
20251110;175038.420;;25488.00;25488.00;1;ASK;
20251110;175038.420;;25488.00;25488.00;1;ASK;
20251110;175038.439;25487.25;;25487.25;6;BID;
20251110;175038.459;;25487.75;25487.75;5;ASK;
20251110;175038.459;25487.25;;25487.25;1;BID;
20251110;175038.497;25487.00;;25487.00;6;BID;
20251110;175038.497;25486.25;;25486.25;3;BID;
20251110;175038.492;;25487.75;25487.75;7;ASK;
20251110;175038.492;;;25487.25;1;BETWEEN;
20251110;175038.492;25487.25;;25487.25;1;BID;
20251110;175038.497;25487.00;;25487.00;6;BID;
20251110;175038.497;25486.25;;25486.25;3;BID;
20251110;175038.525;;;25486.50;5;BETWEEN;
20251110;175038.525;25486.00;;25486.00;1;BID;
20251110;175038.555;25485.25;;25485.25;1;BID;
20251110;175038.555;25484.25;;25484.25;1;BID;
20251110;175038.531;;25486.50;25486.50;4;ASK;
20251110;175038.531;;;25486.00;1;BETWEEN;
20251110;175038.531;25486.00;;25486.00;1;BID;
20251110;175038.531;25485.75;;25485.75;1;BID;
20251110;175038.531;25485.75;;25485.75;1;BID;
20251110;175038.531;25485.75;;25485.75;1;BID;
20251110;175038.531;25485.50;;25485.50;1;BID;
20251110;175038.538;25486.00;;25486.00;1;BID;
20251110;175038.538;25485.75;;25485.75;1;BID;
20251110;175038.538;;25486.00;25486.00;1;ASK;
20251110;175038.550;;25486.25;25486.25;3;ASK;
20251110;175038.550;25485.75;;25485.75;1;BID;
20251110;175038.551;;;25486.00;4;BETWEEN;
20251110;175038.551;25485.50;;25485.50;16;BID;
20251110;175038.551;25485.50;;25485.50;1;BID;
20251110;175038.551;25485.50;;25485.50;15;BID;
20251110;175038.551;25485.50;;25485.50;5;BID;
20251110;175038.552;;25486.00;25486.00;7;ASK;
20251110;175038.552;25485.50;;25485.50;9;BID;
20251110;175038.552;25485.50;;25485.50;1;BID;
20251110;175038.552;;;25485.75;2;BETWEEN;
20251110;175038.552;25485.50;;25485.50;7;BID;
20251110;175038.552;25485.50;;25485.50;5;BID;
20251110;175038.552;25485.50;;25485.50;2;BID;
20251110;175038.552;25485.50;;25485.50;1;BID;
20251110;175038.552;25485.50;;25485.50;1;BID;
20251110;175038.552;25485.50;;25485.50;1;BID;
20251110;175038.553;;25485.75;25485.75;7;ASK;
20251110;175038.553;25485.25;;25485.25;3;BID;
20251110;175038.553;25485.25;;25485.25;1;BID;
20251110;175038.553;25485.25;;25485.25;1;BID;
20251110;175038.553;25485.25;;25485.25;1;BID;
20251110;175038.553;25485.00;;25485.00;1;BID;
20251110;175038.553;25485.00;;25485.00;1;BID;
20251110;175038.553;25485.00;;25485.00;1;BID;
20251110;175038.553;25484.75;;25484.75;1;BID;
20251110;175038.553;25484.75;;25484.75;1;BID;
20251110;175038.553;25484.50;;25484.50;1;BID;
20251110;175038.553;25484.50;;25484.50;1;BID;
20251110;175038.553;25484.50;;25484.50;1;BID;
20251110;175038.553;25484.50;;25484.50;1;BID;
20251110;175038.553;25484.25;;25484.25;1;BID;
20251110;175038.553;25484.25;;25484.25;1;BID;
20251110;175038.560;25485.00;;25485.00;5;BID;
20251110;175038.560;25484.50;;25484.50;2;BID;
20251110;175038.560;25484.50;;25484.50;1;BID;
20251110;175038.560;;;25484.75;1;BETWEEN;
20251110;175038.560;25484.50;;25484.50;1;BID;
20251110;175038.560;25484.50;;25484.50;1;BID;
20251110;175038.561;25484.25;;25484.25;7;BID;
20251110;175038.561;25484.25;;25484.25;1;BID;
20251110;175038.561;25484.25;;25484.25;6;BID;
20251110;175038.561;25484.25;;25484.25;1;BID;
20251110;175038.561;25484.25;;25484.25;5;BID;
20251110;175038.561;25484.25;;25484.25;1;BID;
20251110;175038.561;25484.25;;25484.25;1;BID;
20251110;175038.561;25484.25;;25484.25;1;BID;
20251110;175038.561;25484.25;;25484.25;1;BID;
20251110;175038.561;25484.25;;25484.25;1;BID;
20251110;175038.561;25484.25;;25484.25;1;BID;
20251110;175038.561;25484.00;;25484.00;1;BID;
20251110;175038.561;25484.00;;25484.00;1;BID;
20251110;175038.561;25484.00;;25484.00;1;BID;
20251110;175038.561;25484.00;;25484.00;2;BID;
20251110;175038.561;25484.00;;25484.00;1;BID;
20251110;175038.562;25484.00;;25484.00;1;BID;
20251110;175038.562;25484.00;;25484.00;1;BID;
20251110;175038.563;;25484.75;25484.75;2;ASK;
20251110;175038.563;;;25484.50;1;BETWEEN;
20251110;175038.563;25484.50;;25484.50;1;BID;
20251110;175038.564;25484.25;;25484.25;1;BID;
20251110;175038.564;25483.75;;25483.75;1;BID;
20251110;175038.564;25483.75;;25483.75;1;BID;
20251110;175038.564;25483.50;;25483.50;4;BID;
20251110;175038.564;25483.50;;25483.50;1;BID;
20251110;175038.564;25483.50;;25483.50;2;BID;
20251110;175038.564;25483.50;;25483.50;1;BID;
20251110;175038.565;25483.50;;25483.50;1;BID;
20251110;175038.565;25483.50;;25483.50;1;BID;
20251110;175038.570;;;25483.75;1;BETWEEN;
20251110;175038.570;25483.50;;25483.50;1;BID;
20251110;175038.571;25483.25;;25483.25;3;BID;
20251110;175038.571;25483.25;;25483.25;2;BID;
20251110;175038.571;25483.25;;25483.25;1;BID;
20251110;175038.573;;;25483.50;4;BETWEEN;
20251110;175038.573;25483.00;;25483.00;2;BID;
20251110;175038.573;25483.00;;25483.00;1;BID;
20251110;175038.573;25483.00;;25483.00;1;BID;
20251110;175038.573;25482.75;;25482.75;1;BID;
20251110;175038.573;25482.75;;25482.75;1;BID;
20251110;175038.573;25482.50;;25482.50;1;BID;
20251110;175038.578;25483.00;;25483.00;1;BID;
20251110;175038.578;25482.50;;25482.50;3;BID;
20251110;175038.578;25482.50;;25482.50;1;BID;
20251110;175038.578;25482.50;;25482.50;1;BID;
20251110;175038.578;25482.50;;25482.50;1;BID;
20251110;175038.579;25482.25;;25482.25;1;BID;
20251110;175038.579;25482.25;;25482.25;1;BID;
20251110;175038.579;;25485.25;25485.25;1;ASK;
20251110;175038.586;;;25482.50;1;BETWEEN;
20251110;175038.586;25482.00;;25482.00;2;BID;
20251110;175038.617;;;25482.25;2;BETWEEN;
20251110;175038.617;25481.75;;25481.75;5;BID;
20251110;175038.584;;25482.50;25482.50;1;ASK;
20251110;175038.584;;;25482.00;2;BETWEEN;
20251110;175038.584;25482.00;;25482.00;1;BID;
20251110;175038.584;25482.00;;25482.00;1;BID;
20251110;175038.586;25482.00;;25482.00;1;BID;
20251110;175038.586;25482.00;;25482.00;1;BID;
20251110;175038.586;25482.00;;25482.00;1;BID;
20251110;175038.588;;;25482.25;6;BETWEEN;
20251110;175038.588;25481.75;;25481.75;5;BID;
20251110;175038.588;;25482.25;25482.25;1;ASK;
20251110;175038.588;;25482.25;25482.25;1;ASK;
20251110;175038.588;;25482.25;25482.25;4;ASK;
20251110;175038.588;;25482.25;25482.25;1;ASK;
20251110;175038.588;;25482.25;25482.25;1;ASK;
20251110;175038.589;;;25482.00;1;BETWEEN;
20251110;175038.589;25481.75;;25481.75;4;BID;
20251110;175038.589;;25482.00;25482.00;1;ASK;
20251110;175038.589;;25482.00;25482.00;2;ASK;
20251110;175038.589;;25482.00;25482.00;2;ASK;
20251110;175038.590;25481.75;;25481.75;5;BID;
20251110;175038.590;;25482.00;25482.00;1;ASK;
20251110;175038.590;;25482.00;25482.00;1;ASK;
20251110;175038.590;25481.75;;25481.75;6;BID;
20251110;175038.590;;25482.00;25482.00;1;ASK;
20251110;175038.591;;25482.50;25482.50;2;ASK;
20251110;175038.591;;;25482.25;4;BETWEEN;
20251110;175038.591;;25482.50;25482.50;1;ASK;
20251110;175038.591;;25482.50;25482.50;1;ASK;
20251110;175038.595;;25483.00;25483.00;9;ASK;
20251110;175038.595;25482.25;;25482.25;6;BID;
20251110;175038.595;;25483.00;25483.00;1;ASK;
20251110;175038.595;;25483.00;25483.00;1;ASK;
20251110;175038.596;;25483.00;25483.00;3;ASK;
20251110;175038.596;;;25482.75;5;BETWEEN;
20251110;175038.596;;25483.00;25483.00;1;ASK;
20251110;175038.596;;25483.00;25483.00;1;ASK;
20251110;175038.596;;25483.00;25483.00;1;ASK;
20251110;175038.596;;25483.25;25483.25;1;ASK;
20251110;175038.596;;25483.25;25483.25;1;ASK;
20251110;175038.596;;25483.25;25483.25;1;ASK;
20251110;175038.603;;25483.25;25483.25;7;ASK;
20251110;175038.603;25482.75;;25482.75;4;BID;
20251110;175038.603;25482.75;;25482.75;1;BID;
20251110;175038.603;;25483.25;25483.25;9;ASK;
20251110;175038.603;25482.75;;25482.75;3;BID;
20251110;175038.603;25482.75;;25482.75;1;BID;
20251110;175038.603;25482.75;;25482.75;2;BID;
20251110;175038.603;25482.75;;25482.75;1;BID;
20251110;175038.603;;;25483.00;1;BETWEEN;
20251110;175038.603;25482.75;;25482.75;1;BID;
20251110;175038.603;;25483.00;25483.00;1;ASK;
20251110;175038.603;;25483.25;25483.25;10;ASK;
20251110;175038.603;25482.75;;25482.75;1;BID;
20251110;175038.604;;;25483.00;2;BETWEEN;
20251110;175038.604;25482.75;;25482.75;2;BID;
20251110;175038.604;25482.75;;25482.75;1;BID;
20251110;175038.604;25482.75;;25482.75;1;BID;
20251110;175038.604;25482.75;;25482.75;1;BID;
20251110;175038.604;25482.50;;25482.50;2;BID;
20251110;175038.604;25482.50;;25482.50;1;BID;
20251110;175038.604;;25483.00;25483.00;4;ASK;
20251110;175038.604;25482.50;;25482.50;1;BID;
20251110;175038.604;25482.50;;25482.50;1;BID;
20251110;175038.604;;;25482.75;2;BETWEEN;
20251110;175038.604;25482.50;;25482.50;1;BID;
20251110;175038.604;25482.25;;25482.25;3;BID;
20251110;175038.604;;25482.75;25482.75;1;ASK;
20251110;175038.607;25482.25;;25482.25;1;BID;
20251110;175038.607;25481.75;;25481.75;3;BID;
20251110;175038.607;;25482.25;25482.25;1;ASK;
20251110;175038.607;;25482.50;25482.50;2;ASK;
20251110;175038.607;;;25482.25;1;BETWEEN;
20251110;175038.607;;25482.50;25482.50;2;ASK;
20251110;175038.609;;25483.00;25483.00;2;ASK;
20251110;175038.609;;;25482.50;3;BETWEEN;
20251110;175038.609;;25483.00;25483.00;1;ASK;
20251110;175038.609;;25483.25;25483.25;4;ASK;
20251110;175038.609;25482.50;;25482.50;1;BID;
20251110;175038.609;25482.50;;25482.50;2;BID;
20251110;175038.609;25482.50;;25482.50;1;BID;
20251110;175038.611;;;25482.75;3;BETWEEN;
20251110;175038.611;25482.25;;25482.25;1;BID;
20251110;175038.611;25482.25;;25482.25;1;BID;
20251110;175038.614;;;25482.50;3;BETWEEN;
20251110;175038.614;25482.00;;25482.00;6;BID;
20251110;175038.614;;25482.50;25482.50;1;ASK;
20251110;175038.614;;25482.50;25482.50;1;ASK;
20251110;175038.614;;;25482.25;1;BETWEEN;
20251110;175038.614;;25482.50;25482.50;1;ASK;
20251110;175038.628;25481.75;;25481.75;2;BID;
20251110;175038.628;25481.50;;25481.50;4;BID;
20251110;175038.628;25481.50;;25481.50;1;BID;
20251110;175038.628;25481.50;;25481.50;1;BID;
20251110;175038.628;25481.50;;25481.50;1;BID;
20251110;175038.628;25481.50;;25481.50;1;BID;
20251110;175038.628;25481.25;;25481.25;1;BID;
20251110;175038.628;25481.25;;25481.25;1;BID;
20251110;175038.628;25481.00;;25481.00;1;BID;
20251110;175038.633;25481.00;;25481.00;5;BID;
20251110;175038.633;25480.75;;25480.75;1;BID;
20251110;175038.633;;25481.00;25481.00;1;ASK;
20251110;175038.633;;25481.00;25481.00;1;ASK;
20251110;175038.634;;25481.00;25481.00;2;ASK;
20251110;175038.634;25480.75;;25480.75;6;BID;
20251110;175038.634;;25481.00;25481.00;2;ASK;
20251110;175038.635;25480.75;;25480.75;3;BID;
20251110;175038.635;;25481.00;25481.00;1;ASK;
20251110;175038.637;;25481.25;25481.25;1;ASK;
20251110;175038.637;;;25481.00;2;BETWEEN;
20251110;175038.637;;25481.25;25481.25;1;ASK;
20251110;175038.638;;25481.50;25481.50;1;ASK;
20251110;175038.638;25481.00;;25481.00;5;BID;
20251110;175038.638;25481.00;;25481.00;1;BID;
20251110;175038.638;;;25481.25;1;BETWEEN;
20251110;175038.638;25481.00;;25481.00;3;BID;
20251110;175038.638;25481.00;;25481.00;1;BID;
20251110;175038.639;25481.00;;25481.00;2;BID;
20251110;175038.639;25481.00;;25481.00;1;BID;
20251110;175038.639;25481.00;;25481.00;1;BID;
20251110;175038.639;25481.00;;25481.00;1;BID;
20251110;175038.639;;25482.25;25482.25;2;ASK;
20251110;175038.648;;;25481.50;3;BETWEEN;
20251110;175038.648;25481.00;;25481.00;2;BID;
20251110;175038.679;25481.00;;25481.00;2;BID;
20251110;175038.679;25480.50;;25480.50;1;BID;
20251110;175038.710;;25481.25;25481.25;2;ASK;
20251110;175038.710;;;25481.00;1;BETWEEN;
20251110;175038.652;;25481.50;25481.50;5;ASK;
20251110;175038.652;25480.75;;25480.75;6;BID;
20251110;175038.652;25480.75;;25480.75;1;BID;
20251110;175038.652;25480.75;;25480.75;1;BID;
20251110;175038.677;25480.75;;25480.75;1;BID;
20251110;175038.677;25480.50;;25480.50;5;BID;
20251110;175038.677;;25480.75;25480.75;1;ASK;
20251110;175038.685;25480.50;;25480.50;1;BID;
20251110;175038.685;25480.25;;25480.25;2;BID;
20251110;175038.685;25480.25;;25480.25;1;BID;
20251110;175038.685;25480.25;;25480.25;1;BID;
20251110;175038.685;25480.00;;25480.00;1;BID;
20251110;175038.685;25480.00;;25480.00;1;BID;
20251110;175038.687;25480.25;;25480.25;1;BID;
20251110;175038.687;25480.00;;25480.00;2;BID;
20251110;175038.687;25480.00;;25480.00;1;BID;
20251110;175038.687;25480.00;;25480.00;1;BID;
20251110;175038.694;25479.75;;25479.75;3;BID;
20251110;175038.694;25479.25;;25479.25;7;BID;
20251110;175038.694;;25479.75;25479.75;1;ASK;
20251110;175038.694;;25479.75;25479.75;1;ASK;
20251110;175038.694;25479.25;;25479.25;1;BID;
20251110;175038.696;;25479.75;25479.75;1;ASK;
20251110;175038.696;;;25479.50;2;BETWEEN;
20251110;175038.696;;25479.75;25479.75;1;ASK;
20251110;175038.697;25479.50;;25479.50;3;BID;
20251110;175038.697;;25479.75;25479.75;1;ASK;
20251110;175038.697;;25480.00;25480.00;1;ASK;
20251110;175038.699;;25480.25;25480.25;1;ASK;
20251110;175038.699;;;25480.00;2;BETWEEN;
20251110;175038.699;;25480.25;25480.25;1;ASK;
20251110;175038.700;;25480.50;25480.50;1;ASK;
20251110;175038.700;;;25480.25;4;BETWEEN;
20251110;175038.700;;25480.50;25480.50;1;ASK;
20251110;175038.703;25480.25;;25480.25;1;BID;
20251110;175038.703;25479.75;;25479.75;3;BID;
20251110;175038.703;;25480.25;25480.25;1;ASK;
20251110;175038.704;;25480.50;25480.50;1;ASK;
20251110;175038.704;;;25480.25;1;BETWEEN;
20251110;175038.704;;25480.50;25480.50;1;ASK;
20251110;175038.705;;25480.75;25480.75;3;ASK;
20251110;175038.705;;;25480.50;2;BETWEEN;
20251110;175038.705;25480.50;;25480.50;1;BID;
20251110;175038.705;25480.50;;25480.50;1;BID;
20251110;175038.705;25480.25;;25480.25;5;BID;
20251110;175038.705;;25480.75;25480.75;1;ASK;
20251110;175038.705;;25480.75;25480.75;1;ASK;
20251110;175038.706;;25480.75;25480.75;6;ASK;
20251110;175038.706;25480.25;;25480.25;4;BID;
20251110;175038.706;;25480.75;25480.75;1;ASK;
20251110;175038.706;;25480.75;25480.75;1;ASK;
20251110;175038.706;;25480.75;25480.75;2;ASK;
20251110;175038.706;;;25480.50;1;BETWEEN;
20251110;175038.706;;25480.75;25480.75;1;ASK;
20251110;175038.706;;25480.75;25480.75;1;ASK;
20251110;175038.710;;25481.25;25481.25;3;ASK;
20251110;175038.710;;;25481.00;1;BETWEEN;
20251110;175038.710;;25481.25;25481.25;1;ASK;
20251110;175038.740;;25482.00;25482.00;2;ASK;
20251110;175038.740;;;25481.50;3;BETWEEN;
20251110;175038.771;;25482.00;25482.00;4;ASK;
20251110;175038.771;25481.25;;25481.25;5;BID;
20251110;175038.715;;;25481.50;5;BETWEEN;
20251110;175038.715;25481.25;;25481.25;1;BID;
20251110;175038.715;25481.25;;25481.25;1;BID;
20251110;175038.718;;25481.50;25481.50;2;ASK;
20251110;175038.718;25481.25;;25481.25;3;BID;
20251110;175038.718;;25481.50;25481.50;1;ASK;
20251110;175038.718;;25481.50;25481.50;1;ASK;
20251110;175038.746;;25482.25;25482.25;4;ASK;
20251110;175038.746;;;25481.75;1;BETWEEN;
20251110;175038.746;25481.75;;25481.75;1;BID;
20251110;175038.746;25481.50;;25481.50;1;BID;
20251110;175038.771;;;25482.00;4;BETWEEN;
20251110;175038.771;25481.25;;25481.25;5;BID;
20251110;175038.802;;;25481.75;2;BETWEEN;
20251110;175038.774;;25482.00;25482.00;4;ASK;
20251110;175038.774;25481.25;;25481.25;1;BID;
20251110;175038.774;25481.25;;25481.25;1;BID;
20251110;175038.774;25481.25;;25481.25;1;BID;
20251110;175038.774;25481.25;;25481.25;1;BID;
20251110;175038.774;25481.25;;25481.25;1;BID;
20251110;175038.774;25481.00;;25481.00;1;BID;
20251110;175038.774;25481.00;;25481.00;1;BID;
20251110;175038.774;25481.00;;25481.00;1;BID;
20251110;175038.789;;;25481.50;2;BETWEEN;
20251110;175038.789;25481.00;;25481.00;3;BID;
20251110;175038.789;;25481.50;25481.50;1;ASK;
20251110;175038.790;;25481.50;25481.50;1;ASK;
20251110;175038.790;;25481.50;25481.50;1;ASK;
20251110;175038.802;;25481.75;25481.75;2;ASK;
20251110;175038.802;;;25481.25;5;BETWEEN;
20251110;175038.833;;25481.75;25481.75;4;ASK;
20251110;175038.833;25481.25;;25481.25;3;BID;
20251110;175038.863;;25482.25;25482.25;4;ASK;
20251110;175038.863;;;25481.50;4;BETWEEN;
20251110;175038.884;25481.50;;25481.50;5;BID;
20251110;175038.853;;;25481.75;1;BETWEEN;
20251110;175038.853;25481.25;;25481.25;5;BID;
20251110;175038.853;;25481.75;25481.75;1;ASK;
20251110;175038.853;;25482.00;25482.00;1;ASK;
20251110;175038.853;;25482.00;25482.00;1;ASK;
20251110;175038.878;;25482.00;25482.00;2;ASK;
20251110;175038.878;;;25481.50;5;BETWEEN;
20251110;175038.878;25481.50;;25481.50;1;BID;
20251110;175038.884;;25482.25;25482.25;4;ASK;
20251110;175038.917;;25482.50;25482.50;2;ASK;
20251110;175038.917;;;25482.00;2;BETWEEN;
20251110;175038.945;;25482.75;25482.75;2;ASK;
20251110;175038.945;;;25482.25;4;BETWEEN;
20251110;175038.905;25482.25;;25482.25;3;BID;
20251110;175038.905;25481.75;;25481.75;1;BID;
20251110;175038.905;25481.75;;25481.75;1;BID;
20251110;175038.911;;25482.50;25482.50;5;ASK;
20251110;175038.911;25481.75;;25481.75;5;BID;
20251110;175038.911;;25482.50;25482.50;1;ASK;
20251110;175038.915;;25482.50;25482.50;1;ASK;
20251110;175038.915;;;25482.25;4;BETWEEN;
20251110;175038.915;;25482.50;25482.50;1;ASK;
20251110;175038.923;;25482.75;25482.75;3;ASK;
20251110;175038.923;;;25482.50;1;BETWEEN;
20251110;175038.923;25482.50;;25482.50;1;BID;
20251110;175038.945;;25482.75;25482.75;2;ASK;
20251110;175038.945;25482.25;;25482.25;4;BID;
20251110;175038.956;;25482.75;25482.75;3;ASK;
20251110;175038.956;25482.25;;25482.25;3;BID;
20251110;175039.009;;25483.25;25483.25;3;ASK;
20251110;175039.009;;;25482.50;4;BETWEEN;
20251110;175039.040;;25483.50;25483.50;3;ASK;
20251110;175039.040;;;25482.75;6;BETWEEN;
20251110;175039.064;;;25483.00;4;BETWEEN;
20251110;175039.095;;25483.50;25483.50;4;ASK;
20251110;175039.126;;25484.00;25484.00;1;ASK;
20251110;175039.126;;;25483.75;4;BETWEEN;
20251110;175039.154;;25484.75;25484.75;3;ASK;
20251110;175039.154;;;25484.25;2;BETWEEN;
20251110;175039.126;25484.00;;25484.00;1;BID;
20251110;175039.126;25483.75;;25483.75;4;BID;
20251110;175039.126;25483.75;;25483.75;1;BID;
20251110;175039.126;25483.75;;25483.75;3;BID;
20251110;175039.126;;25484.00;25484.00;1;ASK;
20251110;175039.127;25483.75;;25483.75;1;BID;
20251110;175039.127;25483.75;;25483.75;1;BID;
20251110;175039.173;;25484.50;25484.50;3;ASK;
20251110;175039.173;;;25484.00;4;BETWEEN;
20251110;175039.246;;;25484.25;3;BETWEEN;
20251110;175039.246;25483.75;;25483.75;4;BID;
20251110;175039.217;;25484.75;25484.75;6;ASK;
20251110;175039.217;;;25484.00;5;BETWEEN;
20251110;175039.217;25484.00;;25484.00;1;BID;
20251110;175039.217;25484.00;;25484.00;1;BID;
20251110;175039.217;25484.00;;25484.00;1;BID;
20251110;175039.217;25484.00;;25484.00;1;BID;
20251110;175039.246;;;25484.25;3;BETWEEN;
20251110;175039.246;25483.75;;25483.75;4;BID;
20251110;175039.271;25483.75;;25483.75;3;BID;
20251110;175039.293;;;25484.00;3;BETWEEN;
20251110;175039.293;25483.50;;25483.50;3;BID;
20251110;175039.336;;25484.25;25484.25;5;ASK;
20251110;175039.336;;;25483.75;1;BETWEEN;
20251110;175039.361;;25484.50;25484.50;3;ASK;
20251110;175039.361;;;25484.00;2;BETWEEN;
20251110;175039.392;;25484.50;25484.50;4;ASK;
20251110;175039.392;25483.75;;25483.75;5;BID;
20251110;175039.419;;;25484.25;5;BETWEEN;
20251110;175039.419;25483.75;;25483.75;1;BID;
20251110;175039.449;;25484.25;25484.25;2;ASK;
20251110;175039.449;25483.75;;25483.75;4;BID;
20251110;175039.513;;25484.50;25484.50;2;ASK;
20251110;175039.513;;;25484.00;6;BETWEEN;
20251110;175039.488;;;25484.25;2;BETWEEN;
20251110;175039.488;25483.75;;25483.75;4;BID;
20251110;175039.488;;25484.25;25484.25;1;ASK;
20251110;175039.488;;25484.25;25484.25;1;ASK;
20251110;175039.488;;25484.50;25484.50;4;ASK;
20251110;175039.488;;;25484.00;3;BETWEEN;
20251110;175039.488;;25484.50;25484.50;1;ASK;
20251110;175039.488;;25484.50;25484.50;1;ASK;
20251110;175039.488;;25484.50;25484.50;1;ASK;
20251110;175039.513;;25484.50;25484.50;2;ASK;
20251110;175039.513;25484.00;;25484.00;6;BID;
20251110;175039.540;;25485.00;25485.00;3;ASK;
20251110;175039.540;;;25484.50;3;BETWEEN;
20251110;175039.560;;25485.00;25485.00;1;ASK;
20251110;175039.560;25484.50;;25484.50;2;BID;
20251110;175039.606;;25485.25;25485.25;2;ASK;
20251110;175039.606;;;25484.75;5;BETWEEN;
20251110;175039.627;;;25485.00;4;BETWEEN;
20251110;175039.627;25484.25;;25484.25;3;BID;
20251110;175039.623;;25485.00;25485.00;3;ASK;
20251110;175039.623;;;25484.50;2;BETWEEN;
20251110;175039.623;25484.50;;25484.50;1;BID;
20251110;175039.623;25484.50;;25484.50;1;BID;
20251110;175039.654;;25485.00;25485.00;1;ASK;
20251110;175039.654;25484.50;;25484.50;3;BID;
20251110;175039.689;;25485.25;25485.25;2;ASK;
20251110;175039.689;;;25484.75;2;BETWEEN;
20251110;175039.722;;25485.25;25485.25;3;ASK;
20251110;175039.722;25484.75;;25484.75;1;BID;
20251110;175039.752;;25485.50;25485.50;4;ASK;
20251110;175039.752;25484.75;;25484.75;4;BID;
20251110;175039.741;;;25485.25;1;BETWEEN;
20251110;175039.741;;;25485.00;3;BETWEEN;
20251110;175039.741;;25485.25;25485.25;1;ASK;
20251110;175039.784;25485.00;;25485.00;3;BID;
20251110;175039.784;25484.50;;25484.50;2;BID;
20251110;175039.799;25484.50;;25484.50;3;BID;
20251110;175039.847;;25485.25;25485.25;5;ASK;
20251110;175039.847;25484.50;;25484.50;4;BID;
20251110;175039.847;25484.50;;25484.50;1;BID;
20251110;175039.847;25484.50;;25484.50;1;BID;
20251110;175039.855;;;25485.00;1;BETWEEN;
20251110;175039.918;25484.50;;25484.50;1;BID;
20251110;175039.918;25484.25;;25484.25;1;BID;
20251110;175039.904;;25485.00;25485.00;1;ASK;
20251110;175039.904;;;25484.50;4;BETWEEN;
20251110;175039.904;;25485.00;25485.00;1;ASK;
20251110;175039.913;;25485.00;25485.00;2;ASK;
20251110;175039.913;;;25484.75;1;BETWEEN;
20251110;175039.913;25484.75;;25484.75;1;BID;
20251110;175039.914;25484.50;;25484.50;4;BID;
20251110;175039.914;25484.50;;25484.50;1;BID;
20251110;175039.914;25484.50;;25484.50;1;BID;
20251110;175039.914;25484.50;;25484.50;1;BID;
20251110;175039.914;25484.50;;25484.50;1;BID;
20251110;175039.931;;;25484.75;1;BETWEEN;
20251110;175039.931;25484.25;;25484.25;4;BID;
20251110;175039.977;;25484.75;25484.75;4;ASK;
20251110;175039.977;25484.25;;25484.25;2;BID;
20251110;175040.040;;25485.00;25485.00;2;ASK;
20251110;175040.040;;;25484.50;1;BETWEEN;
20251110;175040.030;25484.50;;25484.50;2;BID;
20251110;175040.030;25484.25;;25484.25;2;BID;
20251110;175040.030;25484.25;;25484.25;1;BID;
20251110;175040.030;25484.25;;25484.25;1;BID;
20251110;175040.035;25484.25;;25484.25;1;BID;
20251110;175040.035;25483.75;;25483.75;5;BID;
20251110;175040.035;;25484.25;25484.25;1;ASK;
20251110;175040.036;;;25484.00;6;BETWEEN;
20251110;175040.036;;25484.25;25484.25;1;ASK;
20251110;175040.036;25484.00;;25484.00;1;BID;
20251110;175040.036;;25484.25;25484.25;1;ASK;
20251110;175040.036;;25484.25;25484.25;1;ASK;
20251110;175040.036;;25484.50;25484.50;2;ASK;
20251110;175040.036;;25484.50;25484.50;1;ASK;
20251110;175040.036;;25484.50;25484.50;1;ASK;
20251110;175040.037;;25484.50;25484.50;1;ASK;
20251110;175040.037;;;25484.25;1;BETWEEN;
20251110;175040.037;;25484.50;25484.50;1;ASK;
20251110;175040.037;25484.25;;25484.25;4;BID;
20251110;175040.037;;25484.50;25484.50;1;ASK;
20251110;175040.069;;25484.50;25484.50;3;ASK;
20251110;175040.069;25484.00;;25484.00;4;BID;
20251110;175040.102;;25486.25;25486.25;3;ASK;
20251110;175040.102;;;25485.75;1;BETWEEN;
20251110;175040.078;25484.50;;25484.50;3;BID;
20251110;175040.078;25484.25;;25484.25;2;BID;
20251110;175040.078;;25484.50;25484.50;1;ASK;
20251110;175040.078;;25484.50;25484.50;1;ASK;
20251110;175040.082;;25485.00;25485.00;7;ASK;
20251110;175040.082;25484.25;;25484.25;5;BID;
20251110;175040.082;;25485.00;25485.00;1;ASK;
20251110;175040.082;;25485.00;25485.00;6;ASK;
20251110;175040.082;;25485.00;25485.00;1;ASK;
20251110;175040.082;;25485.00;25485.00;1;ASK;
20251110;175040.082;;25485.00;25485.00;1;ASK;
20251110;175040.083;;25485.00;25485.00;3;ASK;
20251110;175040.083;;;25484.50;3;BETWEEN;
20251110;175040.083;;25485.00;25485.00;1;ASK;
20251110;175040.084;;25485.00;25485.00;1;ASK;
20251110;175040.084;25484.50;;25484.50;6;BID;
20251110;175040.084;;25485.00;25485.00;1;ASK;
20251110;175040.084;;25485.25;25485.25;1;ASK;
20251110;175040.084;;25485.50;25485.50;3;ASK;
20251110;175040.084;;25485.50;25485.50;1;ASK;
20251110;175040.084;;25485.50;25485.50;1;ASK;
20251110;175040.084;;25485.50;25485.50;1;ASK;
20251110;175040.088;;25485.75;25485.75;1;ASK;
20251110;175040.088;;;25485.00;2;BETWEEN;
20251110;175040.088;;25485.75;25485.75;1;ASK;
20251110;175040.093;;25486.25;25486.25;4;ASK;
20251110;175040.093;;;25485.75;1;BETWEEN;
20251110;175040.093;25485.75;;25485.75;1;BID;
20251110;175040.093;25485.50;;25485.50;7;BID;
20251110;175040.093;25485.50;;25485.50;1;BID;
20251110;175040.093;25485.50;;25485.50;1;BID;
20251110;175040.094;;25486.25;25486.25;5;ASK;
20251110;175040.094;;;25485.75;1;BETWEEN;
20251110;175040.094;25485.75;;25485.75;1;BID;
20251110;175040.094;25485.50;;25485.50;1;BID;
20251110;175040.094;;25486.25;25486.25;6;ASK;
20251110;175040.094;25485.50;;25485.50;1;BID;
20251110;175040.094;25485.50;;25485.50;1;BID;
20251110;175040.095;;;25486.00;2;BETWEEN;
20251110;175040.095;25485.25;;25485.25;4;BID;
20251110;175040.095;25485.25;;25485.25;1;BID;
20251110;175040.098;;;25485.75;4;BETWEEN;
20251110;175040.098;;;25485.50;1;BETWEEN;
20251110;175040.098;25485.50;;25485.50;1;BID;
20251110;175040.100;;25485.75;25485.75;1;ASK;
20251110;175040.100;25485.25;;25485.25;2;BID;
20251110;175040.100;;25485.75;25485.75;1;ASK;
20251110;175040.102;;25486.25;25486.25;3;ASK;
20251110;175040.102;;;25485.75;1;BETWEEN;
20251110;175040.128;;25486.50;25486.50;4;ASK;
20251110;175040.128;25485.75;;25485.75;4;BID;
20251110;175040.122;;;25486.25;3;BETWEEN;
20251110;175040.122;25485.75;;25485.75;1;BID;
20251110;175040.122;;25486.25;25486.25;1;ASK;
20251110;175040.128;;25486.50;25486.50;4;ASK;
20251110;175040.128;25485.75;;25485.75;4;BID;
20251110;175040.261;;25486.75;25486.75;2;ASK;
20251110;175040.261;;;25486.50;3;BETWEEN;
20251110;175040.287;;25486.75;25486.75;1;ASK;
20251110;175040.287;25486.25;;25486.25;3;BID;
20251110;175040.311;;25487.00;25487.00;6;ASK;
20251110;175040.311;25486.25;;25486.25;6;BID;
20251110;175040.261;;;25486.75;2;BETWEEN;
20251110;175040.261;;;25486.50;3;BETWEEN;
20251110;175040.261;;25486.75;25486.75;1;ASK;
20251110;175040.274;;25486.75;25486.75;1;ASK;
20251110;175040.274;25486.50;;25486.50;1;BID;
20251110;175040.274;25486.50;;25486.50;1;BID;
20251110;175040.311;;25487.00;25487.00;6;ASK;
20251110;175040.311;25486.25;;25486.25;6;BID;
20251110;175040.345;;;25486.75;2;BETWEEN;
20251110;175040.345;25486.25;;25486.25;4;BID;
20251110;175040.373;;25487.00;25487.00;2;ASK;
20251110;175040.373;;;25486.50;3;BETWEEN;
20251110;175040.407;;;25486.75;3;BETWEEN;
20251110;175040.407;25486.25;;25486.25;3;BID;
20251110;175040.438;;25486.75;25486.75;4;ASK;
20251110;175040.438;25486.25;;25486.25;1;BID;
20251110;175040.406;;25487.00;25487.00;2;ASK;
20251110;175040.406;;;25486.50;2;BETWEEN;
20251110;175040.406;25486.50;;25486.50;1;BID;
20251110;175040.408;;;25486.75;4;BETWEEN;
20251110;175040.408;25486.25;;25486.25;3;BID;
20251110;175040.408;25486.25;;25486.25;1;BID;
20251110;175040.408;25486.25;;25486.25;1;BID;
20251110;175040.408;25486.25;;25486.25;1;BID;
20251110;175040.410;;;25486.50;1;BETWEEN;
20251110;175040.410;25486.25;;25486.25;2;BID;
20251110;175040.410;;25486.50;25486.50;1;ASK;
20251110;175040.434;;25486.75;25486.75;8;ASK;
20251110;175040.434;25486.25;;25486.25;1;BID;
20251110;175040.434;25486.25;;25486.25;1;BID;
20251110;175040.438;;25486.75;25486.75;4;ASK;
20251110;175040.457;;25487.00;25487.00;3;ASK;
20251110;175040.457;;;25486.50;3;BETWEEN;
20251110;175040.497;;;25486.75;3;BETWEEN;
20251110;175040.497;25486.25;;25486.25;3;BID;
20251110;175040.518;;25486.75;25486.75;2;ASK;
20251110;175040.518;25486.25;;25486.25;4;BID;
20251110;175040.554;25486.25;;25486.25;2;BID;
20251110;175040.590;25486.00;;25486.00;4;BID;
20251110;175040.590;25485.50;;25485.50;1;BID;
20251110;175040.677;;25486.00;25486.00;2;ASK;
20251110;175040.706;25485.50;;25485.50;3;BID;
20251110;175040.738;;25486.00;25486.00;1;ASK;
20251110;175040.747;;25486.00;25486.00;2;ASK;
20251110;175040.822;;25486.25;25486.25;4;ASK;
20251110;175040.822;;;25485.75;1;BETWEEN;
20251110;175040.840;;;25486.00;1;BETWEEN;
20251110;175040.840;25485.50;;25485.50;4;BID;
20251110;175040.871;;25486.25;25486.25;5;ASK;
20251110;175040.927;;;25486.00;2;BETWEEN;
20251110;175040.927;25485.50;;25485.50;3;BID;
20251110;175040.959;25485.50;;25485.50;2;BID;
20251110;175041.023;;;25485.75;2;BETWEEN;
20251110;175041.023;25485.25;;25485.25;4;BID;
20251110;175041.067;;25485.75;25485.75;3;ASK;
20251110;175041.067;25485.25;;25485.25;2;BID;
20251110;175041.067;25485.25;;25485.25;1;BID;
20251110;175041.067;25485.25;;25485.25;1;BID;
20251110;175041.086;25485.25;;25485.25;3;BID;
20251110;175041.086;25484.75;;25484.75;3;BID;
20251110;175041.091;;25485.25;25485.25;4;ASK;
20251110;175041.091;25484.75;;25484.75;1;BID;
20251110;175041.154;25484.75;;25484.75;3;BID;
20251110;175041.183;;25485.25;25485.25;3;ASK;
20251110;175041.220;;;25485.00;1;BETWEEN;
20251110;175041.220;25484.50;;25484.50;5;BID;
20251110;175041.251;;25485.25;25485.25;2;ASK;
20251110;175041.251;;;25484.75;3;BETWEEN;
20251110;175041.250;;;25485.00;1;BETWEEN;
20251110;175041.250;25484.75;;25484.75;2;BID;
20251110;175041.250;;25485.00;25485.00;1;ASK;
20251110;175041.251;;25485.25;25485.25;2;ASK;
20251110;175041.251;25484.75;;25484.75;3;BID;
20251110;175041.305;;25485.25;25485.25;4;ASK;
20251110;175041.305;25484.75;;25484.75;1;BID;
20251110;175041.329;;25485.25;25485.25;2;ASK;
20251110;175041.329;25484.75;;25484.75;3;BID;
20251110;175041.492;;25485.25;25485.25;6;ASK;
20251110;175041.492;25484.50;;25484.50;5;BID;
20251110;175041.520;;25485.25;25485.25;4;ASK;
20251110;175041.520;25484.50;;25484.50;4;BID;
20251110;175041.545;;25485.25;25485.25;2;ASK;
20251110;175041.545;;;25484.75;4;BETWEEN;
20251110;175041.519;25484.75;;25484.75;3;BID;
20251110;175041.519;25484.75;;25484.75;1;BID;
20251110;175041.540;;25485.25;25485.25;4;ASK;
20251110;175041.540;25484.50;;25484.50;4;BID;
20251110;175041.540;25484.50;;25484.50;1;BID;
20251110;175041.545;;25485.25;25485.25;2;ASK;
20251110;175041.545;;;25484.75;4;BETWEEN;
20251110;175041.566;;25485.25;25485.25;1;ASK;
20251110;175041.566;25484.75;;25484.75;5;BID;
20251110;175041.612;;25485.25;25485.25;4;ASK;
20251110;175041.612;25484.75;;25484.75;4;BID;
20251110;175041.638;25484.75;;25484.75;3;BID;
20251110;175041.638;25484.25;;25484.25;3;BID;
20251110;175041.668;;25484.75;25484.75;1;ASK;
20251110;175041.668;25484.25;;25484.25;4;BID;
20251110;175041.698;;25485.00;25485.00;4;ASK;
20251110;175041.698;;;25484.50;1;BETWEEN;
20251110;175041.709;;25485.00;25485.00;3;ASK;
20251110;175041.754;;25485.00;25485.00;4;ASK;
20251110;175041.775;25484.50;;25484.50;1;BID;
20251110;175041.777;;25485.00;25485.00;14;ASK;
20251110;175041.777;25484.25;;25484.25;5;BID;
20251110;175041.777;25484.25;;25484.25;1;BID;
20251110;175041.777;25484.25;;25484.25;1;BID;
20251110;175041.777;25484.25;;25484.25;1;BID;
20251110;175041.777;25484.25;;25484.25;1;BID;
20251110;175041.777;25484.25;;25484.25;1;BID;
20251110;175041.779;;;25484.50;2;BETWEEN;
20251110;175041.779;25484.00;;25484.00;2;BID;
20251110;175041.779;25484.00;;25484.00;1;BID;
20251110;175041.779;25484.00;;25484.00;1;BID;
20251110;175041.779;25483.75;;25483.75;1;BID;
20251110;175041.798;;;25484.25;4;BETWEEN;
20251110;175041.798;25483.75;;25483.75;2;BID;
20251110;175041.825;;25484.25;25484.25;2;ASK;
20251110;175041.825;25483.75;;25483.75;4;BID;
20251110;175041.785;;25484.25;25484.25;1;ASK;
20251110;175041.785;;;25484.00;1;BETWEEN;
20251110;175041.785;;25484.25;25484.25;1;ASK;
20251110;175041.825;;25484.25;25484.25;2;ASK;
20251110;175041.825;25483.75;;25483.75;4;BID;
20251110;175041.886;;25484.25;25484.25;3;ASK;
20251110;175041.889;;25484.25;25484.25;1;ASK;
20251110;175041.889;;25484.25;25484.25;1;ASK;
20251110;175041.889;;25484.25;25484.25;1;ASK;
20251110;175041.917;;25484.50;25484.50;4;ASK;
20251110;175041.917;25483.75;;25483.75;5;BID;
20251110;175041.922;;25484.50;25484.50;5;ASK;
20251110;175041.922;;;25484.00;1;BETWEEN;
20251110;175041.962;25484.00;;25484.00;3;BID;
20251110;175041.962;25483.75;;25483.75;1;BID;
20251110;175041.962;25483.75;;25483.75;1;BID;
20251110;175041.978;25483.75;;25483.75;3;BID;
20251110;175041.978;25483.25;;25483.25;2;BID;
20251110;175042.009;25483.25;;25483.25;1;BID;
20251110;175042.009;25482.75;;25482.75;3;BID;
20251110;175042.031;;25483.50;25483.50;3;ASK;
20251110;175042.031;;;25483.00;1;BETWEEN;
20251110;175042.083;25483.00;;25483.00;2;BID;
20251110;175042.110;;25483.75;25483.75;3;ASK;
20251110;175042.110;;;25483.25;3;BETWEEN;
20251110;175042.122;;;25483.50;1;BETWEEN;
20251110;175042.122;25483.00;;25483.00;3;BID;
20251110;175042.162;;25484.25;25484.25;3;ASK;
20251110;175042.162;;;25483.75;3;BETWEEN;
20251110;175042.142;25483.50;;25483.50;1;BID;
20251110;175042.142;25483.00;;25483.00;3;BID;
20251110;175042.142;;25483.50;25483.50;1;ASK;
20251110;175042.162;;25484.25;25484.25;3;ASK;
20251110;175042.162;;;25483.75;3;BETWEEN;
20251110;175042.181;;25484.50;25484.50;5;ASK;
20251110;175042.181;25483.75;;25483.75;4;BID;
20251110;175042.221;;25484.50;25484.50;4;ASK;
20251110;175042.284;;;25484.25;2;BETWEEN;
20251110;175042.284;25483.75;;25483.75;3;BID;
20251110;175042.315;;25484.50;25484.50;3;ASK;
20251110;175042.315;25483.75;;25483.75;5;BID;
20251110;175042.342;;25484.50;25484.50;2;ASK;
20251110;175042.402;;25485.00;25485.00;14;ASK;
20251110;175042.402;;;25484.25;5;BETWEEN;
20251110;175042.436;;;25484.75;4;BETWEEN;
20251110;175042.436;25484.25;;25484.25;3;BID;
20251110;175042.467;;25484.75;25484.75;5;ASK;
20251110;175042.552;;;25484.50;1;BETWEEN;
20251110;175042.552;25484.00;;25484.00;3;BID;
20251110;175042.527;;25484.50;25484.50;3;ASK;
20251110;175042.527;;;25484.25;1;BETWEEN;
20251110;175042.527;25484.25;;25484.25;1;BID;
20251110;175042.552;;25484.50;25484.50;1;ASK;
20251110;175042.552;25484.00;;25484.00;3;BID;
20251110;175042.610;;25484.50;25484.50;3;ASK;
20251110;175042.610;25484.00;;25484.00;1;BID;
20251110;175042.656;;;25484.25;2;BETWEEN;
20251110;175042.656;25483.75;;25483.75;3;BID;
20251110;175042.697;25483.75;;25483.75;3;BID;
20251110;175042.697;25483.25;;25483.25;3;BID;
20251110;175042.739;;25484.00;25484.00;5;ASK;
20251110;175042.739;;;25483.50;1;BETWEEN;
20251110;175042.860;;;25483.75;2;BETWEEN;
20251110;175042.860;25483.25;;25483.25;3;BID;
20251110;175042.898;;;25483.50;1;BETWEEN;
20251110;175042.898;25483.00;;25483.00;3;BID;
20251110;175042.917;;;25483.25;2;BETWEEN;
20251110;175042.917;25482.75;;25482.75;3;BID;
20251110;175042.917;;25483.25;25483.25;1;ASK;
20251110;175042.929;;25483.50;25483.50;5;ASK;
20251110;175042.959;;25483.50;25483.50;3;ASK;
20251110;175042.959;;;25483.00;2;BETWEEN;
20251110;175042.923;;25483.50;25483.50;5;ASK;
20251110;175042.923;25482.75;;25482.75;5;BID;
20251110;175042.923;25482.75;;25482.75;1;BID;
20251110;175042.923;25482.75;;25482.75;1;BID;
20251110;175042.959;;25483.50;25483.50;3;ASK;
20251110;175042.959;;;25483.00;2;BETWEEN;
20251110;175043.025;;25483.50;25483.50;4;ASK;
20251110;175043.025;25483.00;;25483.00;3;BID;
20251110;175043.054;;;25483.25;1;BETWEEN;
20251110;175043.054;25483.00;;25483.00;1;BID;
20251110;175043.113;;25483.50;25483.50;1;ASK;
20251110;175043.113;25483.00;;25483.00;4;BID;
20251110;175043.153;;;25483.25;3;BETWEEN;
20251110;175043.153;25482.75;;25482.75;4;BID;
20251110;175043.184;;25483.25;25483.25;4;ASK;
20251110;175043.184;25482.75;;25482.75;3;BID;
20251110;175043.133;;25483.25;25483.25;5;ASK;
20251110;175043.133;;;25483.00;1;BETWEEN;
20251110;175043.133;25483.00;;25483.00;1;BID;
20251110;175043.171;;25483.25;25483.25;1;ASK;
20251110;175043.171;25482.75;;25482.75;5;BID;
20251110;175043.171;25482.75;;25482.75;1;BID;
20251110;175043.171;25482.75;;25482.75;1;BID;
20251110;175043.184;;25483.25;25483.25;4;ASK;
20251110;175043.184;25482.75;;25482.75;3;BID;
20251110;175043.219;;25483.25;25483.25;2;ASK;
20251110;175043.237;;25483.50;25483.50;5;ASK;
20251110;175043.237;25482.75;;25482.75;5;BID;
20251110;175043.289;;25483.50;25483.50;6;ASK;
20251110;175043.318;;;25483.00;3;BETWEEN;
20251110;175043.318;25482.25;;25482.25;4;BID;
20251110;175043.318;;;25482.75;1;BETWEEN;
20251110;175043.318;;;25482.50;3;BETWEEN;
20251110;175043.318;;25482.75;25482.75;1;ASK;
20251110;175043.351;25482.00;;25482.00;2;BID;
20251110;175043.351;25481.50;;25481.50;5;BID;
20251110;175043.382;;;25481.75;2;BETWEEN;
20251110;175043.382;25481.50;;25481.50;2;BID;
20251110;175043.383;25481.50;;25481.50;2;BID;
20251110;175043.406;;25481.75;25481.75;3;ASK;
20251110;175043.406;25481.25;;25481.25;3;BID;
20251110;175043.427;;25481.75;25481.75;5;ASK;
20251110;175043.471;;;25481.50;2;BETWEEN;
20251110;175043.471;25481.25;;25481.25;2;BID;
20251110;175043.471;;25481.50;25481.50;1;ASK;
20251110;175043.473;;25481.75;25481.75;2;ASK;
20251110;175043.473;25481.25;;25481.25;3;BID;
20251110;175043.490;;25481.75;25481.75;4;ASK;
20251110;175043.490;25481.25;;25481.25;2;BID;
20251110;175043.545;;25481.75;25481.75;2;ASK;
20251110;175043.545;25481.25;;25481.25;3;BID;
20251110;175043.574;;25481.75;25481.75;3;ASK;
20251110;175043.574;25481.25;;25481.25;4;BID;
20251110;175043.608;;;25481.50;3;BETWEEN;
20251110;175043.608;25481.00;;25481.00;3;BID;
20251110;175043.631;;25482.25;25482.25;3;ASK;
20251110;175043.631;;;25481.75;2;BETWEEN;
20251110;175043.621;;;25482.00;4;BETWEEN;
20251110;175043.621;25481.25;;25481.25;5;BID;
20251110;175043.621;25481.25;;25481.25;1;BID;
20251110;175043.645;;25482.25;25482.25;5;ASK;
20251110;175043.645;;;25481.50;5;BETWEEN;
20251110;175043.645;25481.50;;25481.50;1;BID;
20251110;175043.671;;;25482.00;2;BETWEEN;
20251110;175043.701;;25482.25;25482.25;1;ASK;
20251110;175043.701;;;25481.75;3;BETWEEN;
20251110;175043.731;;;25482.00;3;BETWEEN;
20251110;175043.731;25481.50;;25481.50;3;BID;
20251110;175043.842;;;25481.75;2;BETWEEN;
20251110;175043.842;25481.25;;25481.25;2;BID;
20251110;175043.867;25481.25;;25481.25;4;BID;
20251110;175043.867;25480.75;;25480.75;1;BID;
20251110;175043.905;25480.75;;25480.75;2;BID;
20251110;175043.936;;25481.25;25481.25;3;ASK;
20251110;175043.936;25480.75;;25480.75;3;BID;
20251110;175043.977;;25481.50;25481.50;3;ASK;
20251110;175043.977;;;25481.00;2;BETWEEN;
20251110;175044.001;;25481.75;25481.75;3;ASK;
20251110;175044.001;;;25481.25;2;BETWEEN;
20251110;175044.058;;25481.75;25481.75;2;ASK;
20251110;175044.089;;25482.00;25482.00;3;ASK;
20251110;175044.089;;;25481.50;3;BETWEEN;
20251110;175044.115;;25482.00;25482.00;4;ASK;
20251110;175044.115;25481.25;;25481.25;4;BID;
20251110;175044.109;;25482.00;25482.00;3;ASK;
20251110;175044.109;;;25481.50;2;BETWEEN;
20251110;175044.109;25481.50;;25481.50;1;BID;
20251110;175044.115;;25482.00;25482.00;4;ASK;
20251110;175044.115;25481.25;;25481.25;4;BID;
20251110;175044.154;;25482.00;25482.00;2;ASK;
20251110;175044.154;;;25481.50;5;BETWEEN;
20251110;175044.175;;25482.50;25482.50;3;ASK;
20251110;175044.175;;;25482.00;3;BETWEEN;
20251110;175044.162;25482.00;;25482.00;1;BID;
20251110;175044.162;25481.50;;25481.50;5;BID;
20251110;175044.162;;25482.00;25482.00;1;ASK;
20251110;175044.175;;25482.50;25482.50;3;ASK;
20251110;175044.175;;;25482.00;3;BETWEEN;
20251110;175044.238;;25482.50;25482.50;4;ASK;
20251110;175044.238;25482.00;;25482.00;5;BID;
20251110;175044.270;25482.00;;25482.00;4;BID;
20251110;175044.270;25481.50;;25481.50;2;BID;
20251110;175044.235;;25482.50;25482.50;3;ASK;
20251110;175044.235;;;25482.00;3;BETWEEN;
20251110;175044.235;25482.00;;25482.00;1;BID;
20251110;175044.235;25482.00;;25482.00;1;BID;
20251110;175044.235;25482.00;;25482.00;1;BID;
20251110;175044.246;;25482.50;25482.50;4;ASK;
20251110;175044.246;25482.00;;25482.00;5;BID;
20251110;175044.246;25482.00;;25482.00;1;BID;
20251110;175044.256;;25482.50;25482.50;5;ASK;
20251110;175044.256;25482.00;;25482.00;3;BID;
20251110;175044.256;25482.00;;25482.00;1;BID;
20251110;175044.257;;;25482.25;2;BETWEEN;
20251110;175044.257;25481.75;;25481.75;4;BID;
20251110;175044.257;25481.75;;25481.75;1;BID;
20251110;175044.257;25481.75;;25481.75;1;BID;
20251110;175044.257;25481.75;;25481.75;2;BID;
20251110;175044.257;25481.75;;25481.75;1;BID;
20251110;175044.257;25481.75;;25481.75;1;BID;
20251110;175044.257;25481.75;;25481.75;1;BID;
20251110;175044.257;;;25482.00;3;BETWEEN;
20251110;175044.257;25481.75;;25481.75;1;BID;
20251110;175044.270;;25482.00;25482.00;4;ASK;
20251110;175044.270;25481.50;;25481.50;2;BID;
20251110;175044.286;;25482.00;25482.00;5;ASK;
20251110;175044.286;25481.50;;25481.50;1;BID;
20251110;175044.327;;25482.75;25482.75;5;ASK;
20251110;175044.327;;;25482.00;5;BETWEEN;
20251110;175044.350;;25482.75;25482.75;2;ASK;
20251110;175044.350;;;25482.25;3;BETWEEN;
20251110;175044.315;25482.00;;25482.00;5;BID;
20251110;175044.315;25481.50;;25481.50;2;BID;
20251110;175044.315;;25482.00;25482.00;1;ASK;
20251110;175044.315;;25482.00;25482.00;1;ASK;
20251110;175044.315;;25482.00;25482.00;1;ASK;
20251110;175044.315;;25482.00;25482.00;1;ASK;
20251110;175044.315;;25482.00;25482.00;1;ASK;
20251110;175044.350;;25482.75;25482.75;2;ASK;
20251110;175044.350;;;25482.25;3;BETWEEN;
20251110;175044.390;;25482.75;25482.75;3;ASK;
20251110;175044.390;25482.25;;25482.25;2;BID;
20251110;175044.416;25482.25;;25482.25;3;BID;
20251110;175044.456;;25482.75;25482.75;4;ASK;
20251110;175044.456;25482.25;;25482.25;1;BID;
20251110;175044.479;;25482.75;25482.75;3;ASK;
20251110;175044.479;25482.25;;25482.25;2;BID;
20251110;175044.456;25482.25;;25482.25;3;BID;
20251110;175044.456;25482.25;;25482.25;1;BID;
20251110;175044.479;25482.25;;25482.25;2;BID;
20251110;175044.529;;25482.75;25482.75;2;ASK;
20251110;175044.555;;25483.00;25483.00;6;ASK;
20251110;175044.585;;;25482.75;2;BETWEEN;
20251110;175044.648;;25482.75;25482.75;3;ASK;
20251110;175044.677;25482.00;;25482.00;2;BID;
20251110;175044.677;25481.50;;25481.50;4;BID;
20251110;175044.646;;25483.00;25483.00;5;ASK;
20251110;175044.646;;;25482.50;1;BETWEEN;
20251110;175044.646;25482.50;;25482.50;1;BID;
20251110;175044.677;25482.00;;25482.00;2;BID;
20251110;175044.677;25481.50;;25481.50;4;BID;
20251110;175044.692;;25482.25;25482.25;3;ASK;
20251110;175044.692;;;25481.75;2;BETWEEN;
20251110;175044.737;;25482.25;25482.25;1;ASK;
20251110;175044.737;25481.75;;25481.75;3;BID;
20251110;175044.750;;25482.25;25482.25;3;ASK;
20251110;175044.750;25481.50;;25481.50;4;BID;
20251110;175044.733;;25482.25;25482.25;2;ASK;
20251110;175044.733;;;25481.75;2;BETWEEN;
20251110;175044.733;;25482.25;25482.25;1;ASK;
20251110;175044.750;;25482.25;25482.25;3;ASK;
20251110;175044.750;25481.50;;25481.50;4;BID;
20251110;175044.821;;;25481.75;1;BETWEEN;
20251110;175044.845;;25482.25;25482.25;2;ASK;
20251110;175044.845;25481.75;;25481.75;2;BID;
20251110;175044.949;;25482.50;25482.50;3;ASK;
20251110;175044.949;;;25482.00;4;BETWEEN;
20251110;175044.975;;25482.75;25482.75;1;ASK;
20251110;175044.975;;;25482.25;3;BETWEEN;
20251110;175044.950;;;25482.50;1;BETWEEN;
20251110;175044.950;25482.00;;25482.00;3;BID;
20251110;175044.950;;25482.50;25482.50;1;ASK;
20251110;175044.959;;25482.75;25482.75;1;ASK;
20251110;175044.959;;;25482.50;2;BETWEEN;
20251110;175044.959;;25482.75;25482.75;1;ASK;
20251110;175044.962;;25483.00;25483.00;4;ASK;
20251110;175044.962;;;25482.75;1;BETWEEN;
20251110;175044.962;25482.75;;25482.75;1;BID;
20251110;175044.975;25482.75;;25482.75;1;BID;
20251110;175044.975;25482.25;;25482.25;3;BID;
20251110;175045.001;;25482.75;25482.75;3;ASK;
20251110;175045.001;25482.25;;25482.25;4;BID;
20251110;175045.021;;25483.25;25483.25;2;ASK;
20251110;175045.021;;;25482.75;5;BETWEEN;
20251110;175045.012;25482.75;;25482.75;1;BID;
20251110;175045.012;25482.50;;25482.50;2;BID;
20251110;175045.012;;25482.75;25482.75;1;ASK;
20251110;175045.021;;25483.25;25483.25;2;ASK;
20251110;175045.021;;;25482.75;5;BETWEEN;
20251110;175045.113;;25483.50;25483.50;4;ASK;
20251110;175045.113;25482.75;;25482.75;6;BID;
20251110;175045.158;;25483.50;25483.50;2;ASK;
20251110;175045.158;;;25483.00;3;BETWEEN;
20251110;175045.253;25483.00;;25483.00;1;BID;
20251110;175045.253;25482.50;;25482.50;4;BID;
20251110;175045.272;;25483.00;25483.00;3;ASK;
20251110;175045.272;25482.25;;25482.25;8;BID;
20251110;175045.309;;;25482.50;3;BETWEEN;
20251110;175045.342;25482.50;;25482.50;1;BID;
20251110;175045.355;25482.50;;25482.50;2;BID;
20251110;175045.413;25482.25;;25482.25;5;BID;
20251110;175045.427;;25483.00;25483.00;4;ASK;
20251110;175045.427;;;25482.50;1;BETWEEN;
20251110;175045.495;;;25482.75;3;BETWEEN;
20251110;175045.495;25482.25;;25482.25;3;BID;
20251110;175045.520;;;25482.50;1;BETWEEN;
20251110;175045.520;25482.00;;25482.00;3;BID;
20251110;175045.528;25482.00;;25482.00;4;BID;
20251110;175045.573;;25482.50;25482.50;3;ASK;
20251110;175045.611;;;25482.25;4;BETWEEN;
20251110;175045.611;25481.50;;25481.50;5;BID;
20251110;175045.640;;;25482.00;2;BETWEEN;
20251110;175045.640;25481.50;;25481.50;3;BID;
20251110;175045.706;;25482.25;25482.25;4;ASK;
20251110;175045.706;25481.50;;25481.50;4;BID;
20251110;175045.767;;25482.25;25482.25;5;ASK;
20251110;175045.767;25481.50;;25481.50;3;BID;
20251110;175045.786;;25482.25;25482.25;4;ASK;
20251110;175045.807;;;25481.75;1;BETWEEN;
20251110;175045.889;;25482.25;25482.25;2;ASK;
20251110;175045.889;;;25482.00;1;BETWEEN;
20251110;175045.908;;25482.25;25482.25;1;ASK;
20251110;175045.979;;25482.25;25482.25;2;ASK;
20251110;175045.979;25481.75;;25481.75;3;BID;
20251110;175045.988;;25482.25;25482.25;4;ASK;
20251110;175045.988;25481.75;;25481.75;2;BID;
20251110;175046.042;25481.00;;25481.00;5;BID;
20251110;175046.042;25480.50;;25480.50;2;BID;
20251110;175046.027;;25482.25;25482.25;4;ASK;
20251110;175046.027;;;25481.75;2;BETWEEN;
20251110;175046.027;25481.75;;25481.75;1;BID;
20251110;175046.027;25481.75;;25481.75;1;BID;
20251110;175046.028;;;25482.00;5;BETWEEN;
20251110;175046.028;25481.50;;25481.50;1;BID;
20251110;175046.028;25481.50;;25481.50;1;BID;
20251110;175046.029;;;25481.75;4;BETWEEN;
20251110;175046.029;25481.25;;25481.25;2;BID;
20251110;175046.029;25481.25;;25481.25;1;BID;
20251110;175046.029;25481.25;;25481.25;1;BID;
20251110;175046.031;;;25481.50;4;BETWEEN;
20251110;175046.031;25481.00;;25481.00;3;BID;
20251110;175046.031;25481.00;;25481.00;1;BID;
20251110;175046.031;;25481.50;25481.50;6;ASK;
20251110;175046.031;25481.00;;25481.00;1;BID;
20251110;175046.031;25481.00;;25481.00;1;BID;
20251110;175046.037;25480.75;;25480.75;3;BID;
20251110;175046.037;25480.25;;25480.25;3;BID;
20251110;175046.037;25480.25;;25480.25;1;BID;
20251110;175046.037;25480.25;;25480.25;1;BID;
20251110;175046.038;;;25480.50;4;BETWEEN;
20251110;175046.038;25480.25;;25480.25;1;BID;
20251110;175046.038;25480.25;;25480.25;1;BID;
20251110;175046.040;;25480.50;25480.50;1;ASK;
20251110;175046.040;25480.25;;25480.25;2;BID;
20251110;175046.040;;25480.50;25480.50;1;ASK;
20251110;175046.046;;25481.00;25481.00;3;ASK;
20251110;175046.046;;;25480.50;3;BETWEEN;
20251110;175046.046;;25481.00;25481.00;1;ASK;
20251110;175046.054;;25481.25;25481.25;1;ASK;
20251110;175046.054;;;25480.75;6;BETWEEN;
20251110;175046.054;;25481.25;25481.25;1;ASK;
20251110;175046.062;;25481.50;25481.50;1;ASK;
20251110;175046.062;;;25481.00;3;BETWEEN;
20251110;175046.062;;25481.50;25481.50;1;ASK;
20251110;175046.071;;25481.50;25481.50;3;ASK;
20251110;175046.103;;;25481.25;3;BETWEEN;
20251110;175046.103;25480.75;;25480.75;3;BID;
20251110;175046.131;25480.75;;25480.75;1;BID;
20251110;175046.163;;;25481.00;2;BETWEEN;
20251110;175046.163;25480.50;;25480.50;3;BID;
20251110;175046.190;25480.50;;25480.50;2;BID;
20251110;175046.190;25480.00;;25480.00;4;BID;
20251110;175046.215;25480.00;;25480.00;2;BID;
20251110;175046.234;25480.00;;25480.00;3;BID;
20251110;175046.285;;25481.00;25481.00;4;ASK;
20251110;175046.285;;;25480.50;2;BETWEEN;
20251110;175046.351;25480.50;;25480.50;3;BID;
20251110;175046.393;;25481.00;25481.00;1;ASK;
20251110;175046.393;25480.50;;25480.50;4;BID;
20251110;175046.434;;;25480.75;2;BETWEEN;
20251110;175046.434;25480.25;;25480.25;3;BID;
20251110;175046.512;;25480.75;25480.75;3;ASK;
20251110;175046.512;25480.25;;25480.25;1;BID;
20251110;175046.511;;25480.75;25480.75;2;ASK;
20251110;175046.511;25480.25;;25480.25;3;BID;
20251110;175046.511;25480.25;;25480.25;1;BID;
20251110;175046.512;;25480.75;25480.75;3;ASK;
20251110;175046.512;25480.25;;25480.25;1;BID;
20251110;175046.589;25480.25;;25480.25;3;BID;
20251110;175046.589;25480.00;;25480.00;1;BID;
20251110;175046.589;25480.00;;25480.00;1;BID;
20251110;175046.589;25479.75;;25479.75;1;BID;
20251110;175046.589;25480.00;;25480.00;4;BID;
20251110;175046.589;25479.75;;25479.75;1;BID;
20251110;175046.589;25479.75;;25479.75;1;BID;
20251110;175046.615;;25480.00;25480.00;1;ASK;
20251110;175046.615;25479.50;;25479.50;4;BID;
20251110;175046.645;;25480.25;25480.25;5;ASK;
20251110;175046.673;;25480.50;25480.50;3;ASK;
20251110;175046.673;;;25480.00;1;BETWEEN;
20251110;175046.703;;25480.50;25480.50;4;ASK;
20251110;175046.703;25480.00;;25480.00;2;BID;
20251110;175046.723;;25480.50;25480.50;3;ASK;
20251110;175046.723;25480.00;;25480.00;3;BID;
20251110;175046.753;;25480.50;25480.50;2;ASK;
20251110;175046.753;25480.00;;25480.00;2;BID;
20251110;175046.795;;25480.75;25480.75;1;ASK;
20251110;175046.795;;;25480.25;5;BETWEEN;
20251110;175046.787;;;25480.50;3;BETWEEN;
20251110;175046.787;25480.00;;25480.00;1;BID;
20251110;175046.787;;25480.50;25480.50;1;ASK;
20251110;175046.787;;25480.50;25480.50;1;ASK;
20251110;175046.787;;25480.50;25480.50;1;ASK;
20251110;175046.787;;25480.75;25480.75;1;ASK;
20251110;175046.787;;25480.75;25480.75;1;ASK;
20251110;175046.787;;25480.75;25480.75;1;ASK;
20251110;175046.795;;25480.75;25480.75;1;ASK;
20251110;175046.795;;;25480.25;5;BETWEEN;
20251110;175046.812;;25481.00;25481.00;4;ASK;
20251110;175046.850;;25481.25;25481.25;5;ASK;
20251110;175046.850;;;25480.50;3;BETWEEN;
20251110;175046.875;;25481.25;25481.25;1;ASK;
20251110;175046.875;;;25480.75;4;BETWEEN;
20251110;175046.865;;25481.25;25481.25;5;ASK;
20251110;175046.865;25480.50;;25480.50;4;BID;
20251110;175046.865;;25481.25;25481.25;1;ASK;
20251110;175046.907;;25481.25;25481.25;2;ASK;
20251110;175046.907;;;25480.75;4;BETWEEN;
20251110;175046.929;;25481.25;25481.25;3;ASK;
20251110;175046.929;25480.50;;25480.50;6;BID;
20251110;175046.928;;25481.25;25481.25;2;ASK;
20251110;175046.928;;;25480.75;3;BETWEEN;
20251110;175046.928;25480.75;;25480.75;1;BID;
20251110;175046.929;;25481.25;25481.25;3;ASK;
20251110;175046.929;25480.50;;25480.50;6;BID;
20251110;175046.937;;25481.25;25481.25;2;ASK;
20251110;175046.937;;;25480.75;2;BETWEEN;
20251110;175046.985;;25481.50;25481.50;2;ASK;
20251110;175046.985;;;25481.00;3;BETWEEN;
20251110;175047.006;25481.00;;25481.00;1;BID;
20251110;175047.027;;;25481.25;1;BETWEEN;
20251110;175047.027;25480.75;;25480.75;5;BID;
20251110;175047.058;;25481.50;25481.50;3;ASK;
20251110;175047.058;;;25481.00;1;BETWEEN;
20251110;175047.066;;25481.50;25481.50;4;ASK;
20251110;175047.100;25481.00;;25481.00;3;BID;
20251110;175047.147;;25481.50;25481.50;2;ASK;
20251110;175047.176;;25481.50;25481.50;3;ASK;
20251110;175047.209;;;25481.25;2;BETWEEN;
20251110;175047.209;25480.75;;25480.75;3;BID;
20251110;175047.226;;25481.25;25481.25;3;ASK;
20251110;175047.226;25480.75;;25480.75;2;BID;
20251110;175047.341;;25481.25;25481.25;2;ASK;
20251110;175047.341;25480.75;;25480.75;3;BID;
20251110;175047.339;;25481.25;25481.25;3;ASK;
20251110;175047.339;25480.75;;25480.75;2;BID;
20251110;175047.339;;25481.25;25481.25;1;ASK;
20251110;175047.341;;25481.25;25481.25;2;ASK;
20251110;175047.341;25480.75;;25480.75;3;BID;
20251110;175047.373;;25481.25;25481.25;5;ASK;
20251110;175047.373;25480.75;;25480.75;1;BID;
20251110;175047.382;;25481.25;25481.25;4;ASK;
20251110;175047.382;25480.75;;25480.75;3;BID;
20251110;175047.410;;;25481.00;4;BETWEEN;
20251110;175047.410;;25481.25;25481.25;1;ASK;
20251110;175047.410;;25481.25;25481.25;1;ASK;
20251110;175047.410;;25481.25;25481.25;1;ASK;
20251110;175047.410;;25481.25;25481.25;1;ASK;
20251110;175047.412;;25481.50;25481.50;2;ASK;
20251110;175047.412;;;25481.25;1;BETWEEN;
20251110;175047.412;;25481.50;25481.50;1;ASK;
20251110;175047.412;;25481.50;25481.50;1;ASK;
20251110;175047.412;;25481.75;25481.75;1;ASK;
20251110;175047.412;;25481.75;25481.75;1;ASK;
20251110;175047.412;;25481.75;25481.75;1;ASK;
20251110;175047.413;;25481.50;25481.50;1;ASK;
20251110;175047.413;25481.25;;25481.25;5;BID;
20251110;175047.413;;25481.50;25481.50;1;ASK;
20251110;175047.414;25481.25;;25481.25;6;BID;
20251110;175047.414;;25481.50;25481.50;1;ASK;
20251110;175047.414;25481.25;;25481.25;4;BID;
20251110;175047.429;;25482.00;25482.00;3;ASK;
20251110;175047.429;;;25481.50;3;BETWEEN;
20251110;175047.457;;25482.50;25482.50;3;ASK;
20251110;175047.457;;;25482.00;3;BETWEEN;
20251110;175047.490;;25483.50;25483.50;3;ASK;
20251110;175047.490;;;25483.00;4;BETWEEN;
20251110;175047.444;25482.25;;25482.25;10;BID;
20251110;175047.444;25482.00;;25482.00;1;BID;
20251110;175047.444;;25482.25;25482.25;6;ASK;
20251110;175047.444;;25482.25;25482.25;4;ASK;
20251110;175047.444;25482.00;;25482.00;6;BID;
20251110;175047.444;;25482.25;25482.25;2;ASK;
20251110;175047.445;;25482.25;25482.25;2;ASK;
20251110;175047.445;25482.00;;25482.00;7;BID;
20251110;175047.445;;25482.25;25482.25;2;ASK;
20251110;175047.446;;25482.75;25482.75;4;ASK;
20251110;175047.446;;;25482.25;2;BETWEEN;
20251110;175047.446;25482.25;;25482.25;1;BID;
20251110;175047.466;;;25482.50;3;BETWEEN;
20251110;175047.466;25482.00;;25482.00;3;BID;
20251110;175047.466;;25482.50;25482.50;1;ASK;
20251110;175047.466;;25482.50;25482.50;1;ASK;
20251110;175047.466;;25482.50;25482.50;1;ASK;
20251110;175047.468;;25482.75;25482.75;1;ASK;
20251110;175047.468;;;25482.50;3;BETWEEN;
20251110;175047.468;;25482.75;25482.75;1;ASK;
20251110;175047.478;;25483.00;25483.00;2;ASK;
20251110;175047.478;25482.50;;25482.50;5;BID;
20251110;175047.478;25482.50;;25482.50;1;BID;
20251110;175047.495;;25483.25;25483.25;1;ASK;
20251110;175047.495;;;25483.00;1;BETWEEN;
20251110;175047.495;25483.00;;25483.00;1;BID;
20251110;175047.505;25482.75;;25482.75;5;BID;
20251110;175047.551;;25483.50;25483.50;2;ASK;
20251110;175047.551;;;25483.00;3;BETWEEN;
20251110;175047.525;;;25483.25;1;BETWEEN;
20251110;175047.525;25483.00;;25483.00;1;BID;
20251110;175047.525;;25483.25;25483.25;1;ASK;
20251110;175047.551;;25483.50;25483.50;2;ASK;
20251110;175047.551;25483.00;;25483.00;3;BID;
20251110;175047.608;;25483.50;25483.50;5;ASK;
20251110;175047.608;25483.00;;25483.00;1;BID;
20251110;175047.628;;;25483.25;3;BETWEEN;
20251110;175047.628;25483.00;;25483.00;1;BID;
20251110;175047.637;;25483.25;25483.25;5;ASK;
20251110;175047.637;25482.50;;25482.50;5;BID;
20251110;175047.650;;;25483.00;3;BETWEEN;
20251110;175047.650;25482.50;;25482.50;2;BID;
20251110;175047.731;25482.50;;25482.50;3;BID;
20251110;175047.771;;25483.00;25483.00;2;ASK;
20251110;175047.771;25482.50;;25482.50;5;BID;
20251110;175047.797;;25483.50;25483.50;3;ASK;
20251110;175047.797;;;25483.00;2;BETWEEN;
20251110;175047.890;;25483.50;25483.50;2;ASK;
20251110;175047.913;25483.00;;25483.00;3;BID;
20251110;175047.944;25483.00;;25483.00;4;BID;
20251110;175048.015;;25483.50;25483.50;1;ASK;
20251110;175048.040;;;25483.25;3;BETWEEN;
20251110;175048.040;25482.75;;25482.75;1;BID;
20251110;175048.112;25482.00;;25482.00;3;BID;
20251110;175048.112;25481.50;;25481.50;1;BID;
20251110;175048.082;;25483.25;25483.25;3;ASK;
20251110;175048.082;;;25482.75;1;BETWEEN;
20251110;175048.082;25482.75;;25482.75;1;BID;
20251110;175048.083;;;25483.00;4;BETWEEN;
20251110;175048.083;25482.50;;25482.50;3;BID;
20251110;175048.083;25482.50;;25482.50;2;BID;
20251110;175048.112;25482.00;;25482.00;3;BID;
20251110;175048.112;25481.50;;25481.50;1;BID;
20251110;175048.127;25481.50;;25481.50;2;BID;
20251110;175048.173;;;25481.75;1;BETWEEN;
20251110;175048.173;25481.25;;25481.25;3;BID;
20251110;175048.202;;25482.00;25482.00;1;ASK;
20251110;175048.202;;;25481.50;4;BETWEEN;
20251110;175048.229;;25482.25;25482.25;1;ASK;
20251110;175048.229;;;25481.75;5;BETWEEN;
20251110;175048.205;;;25482.00;1;BETWEEN;
20251110;175048.205;25481.75;;25481.75;1;BID;
20251110;175048.205;;25482.00;25482.00;1;ASK;
20251110;175048.215;;25482.75;25482.75;2;ASK;
20251110;175048.215;;;25482.25;1;BETWEEN;
20251110;175048.215;25482.25;;25482.25;1;BID;
20251110;175048.229;25482.25;;25482.25;1;BID;
20251110;175048.229;25481.75;;25481.75;5;BID;
20251110;175048.264;;25482.25;25482.25;3;ASK;
20251110;175048.264;25481.50;;25481.50;5;BID;
20251110;175048.291;;25482.50;25482.50;2;ASK;
20251110;175048.291;;;25482.00;2;BETWEEN;
20251110;175048.325;;25482.50;25482.50;1;ASK;
20251110;175048.325;25482.00;;25482.00;5;BID;
20251110;175048.274;;;25482.25;3;BETWEEN;
20251110;175048.274;25481.75;;25481.75;2;BID;
20251110;175048.274;25481.75;;25481.75;1;BID;
20251110;175048.274;25481.75;;25481.75;1;BID;
20251110;175048.325;;25482.50;25482.50;1;ASK;
20251110;175048.325;;;25482.00;5;BETWEEN;
20251110;175048.361;;25482.75;25482.75;4;ASK;
20251110;175048.361;;;25482.25;1;BETWEEN;
20251110;175048.380;;25483.50;25483.50;1;ASK;
20251110;175048.380;;;25483.00;3;BETWEEN;
20251110;175048.364;25482.75;;25482.75;1;BID;
20251110;175048.364;25482.25;;25482.25;6;BID;
20251110;175048.364;;25482.75;25482.75;1;ASK;
20251110;175048.380;;25483.50;25483.50;1;ASK;
20251110;175048.380;;;25483.00;3;BETWEEN;
20251110;175048.417;;25483.50;25483.50;3;ASK;
20251110;175048.417;25483.00;;25483.00;2;BID;
20251110;175048.461;;;25483.25;1;BETWEEN;
20251110;175048.461;25482.75;;25482.75;6;BID;
20251110;175048.471;;25483.50;25483.50;4;ASK;
20251110;175048.471;;;25483.00;1;BETWEEN;
20251110;175048.659;25482.25;;25482.25;1;BID;
20251110;175048.659;25481.75;;25481.75;5;BID;
20251110;175048.643;;25483.25;25483.25;5;ASK;
20251110;175048.643;;;25482.75;2;BETWEEN;
20251110;175048.643;25482.75;;25482.75;1;BID;
20251110;175048.643;25482.75;;25482.75;1;BID;
20251110;175048.703;25482.50;;25482.50;3;BID;
20251110;175048.703;25482.00;;25482.00;1;BID;
20251110;175048.744;;25482.75;25482.75;1;ASK;
20251110;175048.744;;;25482.25;5;BETWEEN;
20251110;175048.816;;25483.00;25483.00;3;ASK;
20251110;175048.816;25482.25;;25482.25;6;BID;
20251110;175048.843;;25483.00;25483.00;1;ASK;
20251110;175048.843;;;25482.50;5;BETWEEN;
20251110;175048.914;;;25482.75;1;BETWEEN;
20251110;175048.914;25482.25;;25482.25;5;BID;
20251110;175048.972;25481.50;;25481.50;1;BID;
20251110;175048.972;25481.00;;25481.00;5;BID;
20251110;175049.000;;;25481.25;3;BETWEEN;
20251110;175049.000;25480.75;;25480.75;4;BID;
20251110;175048.979;;;25481.00;4;BETWEEN;
20251110;175048.979;25481.00;;25481.00;4;BID;
20251110;175049.000;25480.75;;25480.75;4;BID;
20251110;175049.103;;;25481.00;4;BETWEEN;
20251110;175049.103;25480.50;;25480.50;1;BID;
20251110;175049.134;25480.50;;25480.50;3;BID;
20251110;175049.134;25480.00;;25480.00;3;BID;
20251110;175049.153;;25481.00;25481.00;4;ASK;
20251110;175049.153;;;25480.25;3;BETWEEN;
20251110;175049.115;;;25480.75;3;BETWEEN;
20251110;175049.115;;;25480.50;1;BETWEEN;
20251110;175049.115;25480.50;;25480.50;1;BID;
20251110;175049.153;;25481.00;25481.00;4;ASK;
20251110;175049.153;25480.25;;25480.25;3;BID;
20251110;175049.188;;25481.00;25481.00;2;ASK;
20251110;175049.188;;;25480.50;5;BETWEEN;
20251110;175049.213;25480.50;;25480.50;2;BID;
20251110;175049.288;;25481.00;25481.00;5;ASK;
20251110;175049.288;25480.50;;25480.50;1;BID;
20251110;175049.335;;25481.00;25481.00;2;ASK;
20251110;175049.335;25480.50;;25480.50;4;BID;
20251110;175049.365;25480.50;;25480.50;2;BID;
20251110;175049.348;25480.50;;25480.50;4;BID;
20251110;175049.348;25480.50;;25480.50;1;BID;
20251110;175049.348;25480.50;;25480.50;1;BID;
20251110;175049.365;25480.50;;25480.50;2;BID;
20251110;175049.400;;25481.50;25481.50;2;ASK;
20251110;175049.400;;;25481.00;4;BETWEEN;
20251110;175049.424;;25481.75;25481.75;3;ASK;
20251110;175049.424;;;25481.25;2;BETWEEN;
20251110;175049.391;25481.00;;25481.00;2;BID;
20251110;175049.391;25480.50;;25480.50;2;BID;
20251110;175049.391;;25481.00;25481.00;1;ASK;
20251110;175049.391;;25481.00;25481.00;1;ASK;
20251110;175049.427;;25481.50;25481.50;3;ASK;
20251110;175049.427;;;25481.25;2;BETWEEN;
20251110;175049.427;25481.25;;25481.25;1;BID;
20251110;175049.433;25481.25;;25481.25;1;BID;
20251110;175049.433;25481.00;;25481.00;3;BID;
20251110;175049.433;25481.00;;25481.00;2;BID;
20251110;175049.433;25481.00;;25481.00;1;BID;
20251110;175049.433;25481.00;;25481.00;1;BID;
20251110;175049.433;25480.75;;25480.75;3;BID;
20251110;175049.433;25480.75;;25480.75;1;BID;
20251110;175049.433;25480.75;;25480.75;1;BID;
20251110;175049.433;25480.75;;25480.75;1;BID;
20251110;175049.433;25480.50;;25480.50;1;BID;
20251110;175049.435;;;25481.00;6;BETWEEN;
20251110;175049.435;25480.50;;25480.50;1;BID;
20251110;175049.435;25480.50;;25480.50;1;BID;
20251110;175049.435;25480.25;;25480.25;1;BID;
20251110;175049.438;;;25480.75;4;BETWEEN;
20251110;175049.438;25480.25;;25480.25;4;BID;
20251110;175049.438;;25480.75;25480.75;1;ASK;
20251110;175049.438;;25480.75;25480.75;1;ASK;
20251110;175049.438;;25480.75;25480.75;1;ASK;
20251110;175049.438;;;25480.50;1;BETWEEN;
20251110;175049.438;;25480.75;25480.75;1;ASK;
20251110;175049.455;;25482.00;25482.00;3;ASK;
20251110;175049.455;;;25481.75;1;BETWEEN;
20251110;175049.480;25481.50;;25481.50;2;BID;
20251110;175049.491;25481.50;;25481.50;3;BID;
20251110;175049.455;;;25481.75;1;BETWEEN;
20251110;175049.455;25481.75;;25481.75;1;BID;
20251110;175049.464;25481.75;;25481.75;1;BID;
20251110;175049.464;25481.50;;25481.50;1;BID;
20251110;175049.464;25481.50;;25481.50;1;BID;
20251110;175049.491;;25482.00;25482.00;3;ASK;
20251110;175049.491;25481.50;;25481.50;3;BID;
20251110;175049.586;;25482.25;25482.25;5;ASK;
20251110;175049.586;;;25481.75;2;BETWEEN;
20251110;175049.588;;;25482.00;1;BETWEEN;
20251110;175049.588;25481.75;;25481.75;1;BID;
20251110;175049.588;25481.75;;25481.75;1;BID;
20251110;175049.605;25481.50;;25481.50;2;BID;
20251110;175049.605;25481.00;;25481.00;4;BID;
20251110;175049.638;;25481.50;25481.50;3;ASK;
20251110;175049.638;25481.00;;25481.00;1;BID;
20251110;175049.603;;25481.75;25481.75;3;ASK;
20251110;175049.603;;;25481.50;1;BETWEEN;
20251110;175049.603;25481.50;;25481.50;1;BID;
20251110;175049.638;25481.50;;25481.50;3;BID;
20251110;175049.638;25481.00;;25481.00;1;BID;
20251110;175049.700;;25481.50;25481.50;2;ASK;
20251110;175049.700;25481.00;;25481.00;2;BID;
20251110;175049.705;;25481.50;25481.50;3;ASK;
20251110;175049.705;25481.00;;25481.00;3;BID;
20251110;175049.705;;25481.50;25481.50;1;ASK;
20251110;175049.726;;;25481.25;1;BETWEEN;
20251110;175049.726;25480.75;;25480.75;6;BID;
20251110;175049.739;;25481.50;25481.50;3;ASK;
20251110;175049.739;;;25481.00;3;BETWEEN;
20251110;175049.827;;25481.50;25481.50;4;ASK;
20251110;175049.827;25480.75;;25480.75;6;BID;
20251110;175049.837;;25481.50;25481.50;3;ASK;
20251110;175049.837;;;25481.00;2;BETWEEN;
20251110;175049.826;25481.00;;25481.00;3;BID;
20251110;175049.826;25481.00;;25481.00;1;BID;
20251110;175049.837;25481.00;;25481.00;2;BID;
20251110;175049.914;25481.00;;25481.00;1;BID;
20251110;175049.934;;25482.00;25482.00;3;ASK;
20251110;175049.934;;;25481.50;4;BETWEEN;
20251110;175049.960;;25482.00;25482.00;2;ASK;
20251110;175049.960;25481.50;;25481.50;5;BID;
20251110;175049.998;;25482.50;25482.50;3;ASK;
20251110;175049.998;;;25481.75;4;BETWEEN;
20251110;175049.983;;;25482.00;1;BETWEEN;
20251110;175049.983;25481.75;;25481.75;1;BID;
20251110;175049.983;;25482.00;25482.00;1;ASK;
20251110;175049.985;;25482.25;25482.25;1;ASK;
20251110;175049.985;;;25482.00;2;BETWEEN;
20251110;175049.985;;25482.25;25482.25;1;ASK;
20251110;175049.998;;25482.50;25482.50;3;ASK;
20251110;175049.998;25481.75;;25481.75;4;BID;
20251110;175050.019;;;25482.00;1;BETWEEN;
20251110;175050.019;25481.50;;25481.50;5;BID;
20251110;175050.050;;25482.25;25482.25;4;ASK;
20251110;175050.050;;;25481.75;2;BETWEEN;
20251110;175050.089;25481.75;;25481.75;3;BID;
20251110;175050.107;;25482.50;25482.50;2;ASK;
20251110;175050.107;;;25482.00;3;BETWEEN;
20251110;175050.145;25482.00;;25482.00;2;BID;
20251110;175050.181;;;25482.25;5;BETWEEN;
20251110;175050.181;25481.75;;25481.75;2;BID;
20251110;175050.157;;;25482.00;2;BETWEEN;
20251110;175050.157;25481.50;;25481.50;5;BID;
20251110;175050.157;;25482.00;25482.00;1;ASK;
20251110;175050.157;;25482.00;25482.00;1;ASK;
20251110;175050.157;;;25481.75;1;BETWEEN;
20251110;175050.157;25481.75;;25481.75;1;BID;
20251110;175050.181;;25482.25;25482.25;5;ASK;
20251110;175050.181;25481.75;;25481.75;2;BID;
20251110;175050.212;;;25482.00;3;BETWEEN;
20251110;175050.212;25481.50;;25481.50;3;BID;
20251110;175050.262;;25482.25;25482.25;3;ASK;
20251110;175050.262;;;25481.75;2;BETWEEN;
20251110;175050.287;;25482.25;25482.25;1;ASK;
20251110;175050.287;;25482.25;25482.25;1;ASK;
20251110;175050.287;;25482.25;25482.25;1;ASK;
20251110;175050.414;;25482.50;25482.50;4;ASK;
20251110;175050.414;;;25482.00;3;BETWEEN;
20251110;175050.441;;25483.00;25483.00;3;ASK;
20251110;175050.441;;;25482.50;2;BETWEEN;
20251110;175050.472;;25483.00;25483.00;1;ASK;
20251110;175050.472;25482.50;;25482.50;3;BID;
20251110;175050.480;;25483.00;25483.00;2;ASK;
20251110;175050.551;;25483.00;25483.00;5;ASK;
20251110;175050.551;25482.25;;25482.25;4;BID;
20251110;175050.569;;;25482.50;3;BETWEEN;
20251110;175050.569;25482.00;;25482.00;2;BID;
20251110;175050.587;25482.00;;25482.00;1;BID;
20251110;175050.612;;25482.50;25482.50;5;ASK;
20251110;175050.612;25481.75;;25481.75;4;BID;
20251110;175050.615;;;25482.25;2;BETWEEN;
20251110;175050.675;;25482.25;25482.25;4;ASK;
20251110;175050.675;25481.75;;25481.75;3;BID;
20251110;175050.695;;25482.50;25482.50;1;ASK;
20251110;175050.695;;;25482.00;4;BETWEEN;
20251110;175050.723;;25482.75;25482.75;3;ASK;
20251110;175050.723;;;25482.25;5;BETWEEN;
20251110;175050.754;25482.25;;25482.25;3;BID;
20251110;175050.776;;;25482.50;2;BETWEEN;
20251110;175050.776;25482.00;;25482.00;3;BID;
20251110;175050.865;;25482.75;25482.75;4;ASK;
20251110;175050.865;;;25482.25;1;BETWEEN;
20251110;175050.873;;;25482.50;1;BETWEEN;
20251110;175050.873;25482.00;;25482.00;3;BID;
20251110;175050.958;;25482.75;25482.75;2;ASK;
20251110;175050.958;;;25482.25;5;BETWEEN;
20251110;175050.988;;25483.00;25483.00;17;ASK;
20251110;175050.988;;;25482.50;4;BETWEEN;
20251110;175051.080;;25483.25;25483.25;3;ASK;
20251110;175051.080;;;25482.75;2;BETWEEN;
20251110;175051.062;;;25483.00;15;BETWEEN;
20251110;175051.062;25482.75;;25482.75;1;BID;
20251110;175051.062;;25483.00;25483.00;1;ASK;
20251110;175051.062;;25483.00;25483.00;14;ASK;
20251110;175051.062;;25483.00;25483.00;2;ASK;
20251110;175051.062;;25483.00;25483.00;2;ASK;
20251110;175051.062;;25483.00;25483.00;10;ASK;
20251110;175051.062;25482.75;;25482.75;3;BID;
20251110;175051.062;;25483.00;25483.00;1;ASK;
20251110;175051.062;;25483.00;25483.00;3;ASK;
20251110;175051.062;;25483.00;25483.00;3;ASK;
20251110;175051.062;;25483.00;25483.00;3;ASK;
20251110;175051.065;;25483.50;25483.50;1;ASK;
20251110;175051.065;;;25483.00;3;BETWEEN;
20251110;175051.065;25483.00;;25483.00;1;BID;
20251110;175051.065;;25483.50;25483.50;3;ASK;
20251110;175051.065;25483.00;;25483.00;1;BID;
20251110;175051.065;25483.00;;25483.00;1;BID;
20251110;175051.066;;25483.50;25483.50;4;ASK;
20251110;175051.066;;;25483.25;1;BETWEEN;
20251110;175051.066;25483.25;;25483.25;1;BID;
20251110;175051.080;25483.25;;25483.25;3;BID;
20251110;175051.080;25482.75;;25482.75;2;BID;
20251110;175051.110;;25483.25;25483.25;4;ASK;
20251110;175051.110;25482.50;;25482.50;5;BID;
20251110;175051.142;;;25482.75;4;BETWEEN;
20251110;175051.167;25482.75;;25482.75;2;BID;
20251110;175051.167;25482.25;;25482.25;3;BID;
20251110;175051.188;;;25482.50;3;BETWEEN;
20251110;175051.188;25482.00;;25482.00;2;BID;
20251110;175051.231;;25482.50;25482.50;4;ASK;
20251110;175051.231;25481.75;;25481.75;4;BID;
20251110;175051.255;;;25482.25;1;BETWEEN;
20251110;175051.295;;25482.50;25482.50;2;ASK;
20251110;175051.295;;;25482.00;2;BETWEEN;
20251110;175051.296;;25482.50;25482.50;1;ASK;
20251110;175051.296;25482.00;;25482.00;4;BID;
20251110;175051.338;;25483.00;25483.00;3;ASK;
20251110;175051.338;;;25482.25;5;BETWEEN;
20251110;175051.350;;;25482.75;2;BETWEEN;
20251110;175051.398;;25483.25;25483.25;2;ASK;
20251110;175051.398;;;25482.75;4;BETWEEN;
20251110;175051.385;;;25483.00;1;BETWEEN;
20251110;175051.385;25482.50;;25482.50;4;BID;
20251110;175051.385;;25483.00;25483.00;1;ASK;
20251110;175051.398;;25483.25;25483.25;2;ASK;
20251110;175051.398;;;25482.75;4;BETWEEN;
20251110;175051.514;;25483.25;25483.25;3;ASK;
20251110;175051.514;25482.75;;25482.75;2;BID;
20251110;175051.526;;25483.25;25483.25;1;ASK;
20251110;175051.526;25482.75;;25482.75;6;BID;
20251110;175051.565;;25483.25;25483.25;3;ASK;
20251110;175051.565;25482.75;;25482.75;3;BID;
20251110;175051.595;;25483.25;25483.25;1;ASK;
20251110;175051.595;25482.75;;25482.75;5;BID;
20251110;175051.650;25482.75;;25482.75;4;BID;
20251110;175051.697;;;25483.00;4;BETWEEN;
20251110;175051.697;25482.50;;25482.50;2;BID;
20251110;175051.695;;;25482.75;2;BETWEEN;
20251110;175051.695;25482.75;;25482.75;1;BID;
20251110;175051.697;25482.50;;25482.50;2;BID;
20251110;175051.748;;25483.00;25483.00;1;ASK;
20251110;175051.748;25482.50;;25482.50;4;BID;
20251110;175051.755;;25483.00;25483.00;3;ASK;
20251110;175051.755;25482.50;;25482.50;2;BID;
20251110;175051.799;;25483.00;25483.00;4;ASK;
20251110;175051.799;25482.25;;25482.25;6;BID;
20251110;175051.850;;;25482.50;3;BETWEEN;
20251110;175051.858;;25483.25;25483.25;4;ASK;
20251110;175051.858;25482.50;;25482.50;5;BID;
20251110;175051.886;;;25483.00;3;BETWEEN;
20251110;175051.886;25482.50;;25482.50;4;BID;
20251110;175052.052;;25483.25;25483.25;2;ASK;
20251110;175052.052;;;25482.75;3;BETWEEN;
20251110;175052.047;;;25483.00;1;BETWEEN;
20251110;175052.047;25482.50;;25482.50;5;BID;
20251110;175052.047;;25483.00;25483.00;1;ASK;
20251110;175052.052;;25483.25;25483.25;2;ASK;
20251110;175052.052;;;25482.75;3;BETWEEN;
20251110;175052.184;;;25483.00;3;BETWEEN;
20251110;175052.184;25482.50;;25482.50;4;BID;
20251110;175052.183;;25483.25;25483.25;2;ASK;
20251110;175052.183;;;25482.75;3;BETWEEN;
20251110;175052.183;25482.75;;25482.75;1;BID;
20251110;175052.183;25482.75;;25482.75;1;BID;
20251110;175052.183;25482.75;;25482.75;1;BID;
20251110;175052.185;;25483.25;25483.25;14;ASK;
20251110;175052.185;25482.50;;25482.50;5;BID;
20251110;175052.185;25482.50;;25482.50;1;BID;
20251110;175052.185;25482.50;;25482.50;1;BID;
20251110;175052.185;25482.50;;25482.50;1;BID;
20251110;175052.185;25482.50;;25482.50;1;BID;
20251110;175052.185;25482.50;;25482.50;1;BID;
20251110;175052.186;;;25482.75;1;BETWEEN;
20251110;175052.186;25482.25;;25482.25;1;BID;
20251110;175052.186;25482.25;;25482.25;1;BID;
20251110;175052.186;;25482.75;25482.75;3;ASK;
20251110;175052.186;25482.25;;25482.25;1;BID;
20251110;175052.192;25481.50;;25481.50;1;BID;
20251110;175052.192;25481.25;;25481.25;2;BID;
20251110;175052.192;;25481.50;25481.50;1;ASK;
20251110;175052.211;;25482.00;25482.00;4;ASK;
20251110;175052.211;;;25481.50;2;BETWEEN;
20251110;175052.245;;25482.00;25482.00;2;ASK;
20251110;175052.273;;;25481.75;1;BETWEEN;
20251110;175052.273;25481.50;;25481.50;1;BID;
20251110;175052.301;;25481.75;25481.75;4;ASK;
20251110;175052.301;25481.25;;25481.25;2;BID;
20251110;175052.320;25481.25;;25481.25;1;BID;
20251110;175052.320;25481.00;;25481.00;1;BID;
20251110;175052.320;;25481.25;25481.25;1;ASK;
20251110;175052.336;;25481.50;25481.50;3;ASK;
20251110;175052.336;25481.00;;25481.00;2;BID;
20251110;175052.422;;25481.50;25481.50;1;ASK;
20251110;175052.452;25481.00;;25481.00;1;BID;
20251110;175052.452;25480.50;;25480.50;4;BID;
20251110;175052.484;;25481.00;25481.00;3;ASK;
20251110;175052.484;25480.50;;25480.50;2;BID;
20251110;175052.483;;;25480.75;1;BETWEEN;
20251110;175052.483;25480.25;;25480.25;5;BID;
20251110;175052.483;;25480.75;25480.75;1;ASK;
20251110;175052.484;;25481.00;25481.00;3;ASK;
20251110;175052.484;;;25480.50;2;BETWEEN;
20251110;175052.545;;;25480.75;4;BETWEEN;
20251110;175052.545;25480.25;;25480.25;2;BID;
20251110;175052.569;;25481.00;25481.00;1;ASK;
20251110;175052.569;;;25480.50;2;BETWEEN;
20251110;175052.544;;;25480.75;1;BETWEEN;
20251110;175052.544;25480.25;;25480.25;6;BID;
20251110;175052.544;25480.25;;25480.25;1;BID;
20251110;175052.544;25480.25;;25480.25;1;BID;
20251110;175052.547;25480.25;;25480.25;4;BID;
20251110;175052.547;;25480.75;25480.75;1;ASK;
20251110;175052.569;;25481.00;25481.00;1;ASK;
20251110;175052.569;;;25480.50;2;BETWEEN;
20251110;175052.592;25480.50;;25480.50;3;BID;
20251110;175052.592;25480.00;;25480.00;3;BID;
20251110;175052.644;;25480.50;25480.50;1;ASK;
20251110;175052.644;25480.00;;25480.00;5;BID;
20251110;175052.756;;25481.00;25481.00;3;ASK;
20251110;175052.756;;;25480.50;1;BETWEEN;
20251110;175052.802;;25481.50;25481.50;2;ASK;
20251110;175052.802;;;25481.00;3;BETWEEN;
20251110;175052.753;25480.75;;25480.75;1;BID;
20251110;175052.753;25480.50;;25480.50;2;BID;
20251110;175052.753;;25480.75;25480.75;1;ASK;
20251110;175052.798;;25481.00;25481.00;1;ASK;
20251110;175052.798;25480.50;;25480.50;4;BID;
20251110;175052.798;;25481.00;25481.00;1;ASK;
20251110;175052.802;;25481.50;25481.50;2;ASK;
20251110;175052.802;;;25481.00;3;BETWEEN;
20251110;175052.832;;;25481.25;3;BETWEEN;
20251110;175052.832;25480.75;;25480.75;3;BID;
20251110;175052.860;25480.75;;25480.75;4;BID;
20251110;175052.822;25480.75;;25480.75;3;BID;
20251110;175052.822;;25481.25;25481.25;1;ASK;
20251110;175052.860;25480.75;;25480.75;4;BID;
20251110;175052.906;;25481.25;25481.25;1;ASK;
20251110;175052.907;;25481.25;25481.25;3;ASK;
20251110;175052.907;25480.75;;25480.75;3;BID;
20251110;175052.941;25480.75;;25480.75;1;BID;
20251110;175053.041;25480.75;;25480.75;2;BID;
20251110;175053.055;25480.75;;25480.75;1;BID;
20251110;175053.165;;25481.75;25481.75;2;ASK;
20251110;175053.165;;;25481.25;3;BETWEEN;
20251110;175053.197;;25482.25;25482.25;3;ASK;
20251110;175053.197;;;25481.75;3;BETWEEN;
20251110;175053.223;;25482.25;25482.25;4;ASK;
20251110;175053.223;25481.50;;25481.50;5;BID;
20251110;175053.254;;25482.25;25482.25;5;ASK;
20251110;175053.286;;25482.25;25482.25;2;ASK;
20251110;175053.286;;;25481.75;4;BETWEEN;
20251110;175053.318;;25482.25;25482.25;3;ASK;
20251110;175053.318;25481.50;;25481.50;6;BID;
20251110;175053.348;25481.50;;25481.50;1;BID;
20251110;175053.355;;;25482.00;2;BETWEEN;
20251110;175053.355;25481.50;;25481.50;2;BID;
20251110;175053.392;;25482.75;25482.75;2;ASK;
20251110;175053.392;;;25482.25;4;BETWEEN;
20251110;175053.410;;25482.75;25482.75;5;ASK;
20251110;175053.410;25482.00;;25482.00;6;BID;
20251110;175053.410;;25482.75;25482.75;1;ASK;
20251110;175053.411;;25482.75;25482.75;1;ASK;
20251110;175053.411;;;25482.25;6;BETWEEN;
20251110;175053.411;;25482.75;25482.75;1;ASK;
20251110;175053.423;;25483.00;25483.00;4;ASK;
20251110;175053.423;;;25482.50;3;BETWEEN;
20251110;175053.443;25482.50;;25482.50;1;BID;
20251110;175053.485;;;25482.75;3;BETWEEN;
20251110;175053.485;25482.25;;25482.25;3;BID;
20251110;175053.485;;25482.75;25482.75;2;ASK;
20251110;175053.485;;;25482.50;1;BETWEEN;
20251110;175053.485;25482.50;;25482.50;1;BID;
20251110;175053.500;;25483.00;25483.00;5;ASK;
20251110;175053.500;25482.25;;25482.25;6;BID;
20251110;175053.544;;25483.00;25483.00;4;ASK;
20251110;175053.544;;;25482.50;4;BETWEEN;
20251110;175053.601;;25483.00;25483.00;5;ASK;
20251110;175053.601;25482.25;;25482.25;7;BID;
20251110;175053.697;;;25482.75;5;BETWEEN;
20251110;175053.705;;25483.00;25483.00;4;ASK;
20251110;175053.705;;;25482.50;3;BETWEEN;
20251110;175053.830;;;25482.75;1;BETWEEN;
20251110;175053.830;25482.25;;25482.25;5;BID;
20251110;175053.855;;25482.75;25482.75;2;ASK;
20251110;175053.855;25482.25;;25482.25;3;BID;
20251110;175053.882;;25483.00;25483.00;5;ASK;
20251110;175053.882;25482.25;;25482.25;6;BID;
20251110;175053.912;;;25482.50;4;BETWEEN;
20251110;175053.941;;25483.00;25483.00;3;ASK;
20251110;175053.941;25482.50;;25482.50;5;BID;
20251110;175053.973;;25483.25;25483.25;12;ASK;
20251110;175053.973;;;25482.75;2;BETWEEN;
20251110;175054.013;;;25483.00;3;BETWEEN;
20251110;175054.013;25482.50;;25482.50;4;BID;
20251110;175054.081;;25483.00;25483.00;4;ASK;
20251110;175054.081;25482.50;;25482.50;1;BID;
20251110;175054.100;25482.25;;25482.25;7;BID;
20251110;175054.170;;25483.00;25483.00;3;ASK;
20251110;175054.170;;;25482.50;1;BETWEEN;
20251110;175054.197;;;25482.75;1;BETWEEN;
20251110;175054.197;25482.25;;25482.25;6;BID;
20251110;175054.226;;25483.00;25483.00;3;ASK;
20251110;175054.226;;;25482.50;3;BETWEEN;
20251110;175054.395;;25483.00;25483.00;4;ASK;
20251110;175054.395;25482.50;;25482.50;4;BID;
20251110;175054.424;;;25482.75;1;BETWEEN;
20251110;175054.424;25482.25;;25482.25;6;BID;
20251110;175054.452;;25483.25;25483.25;12;ASK;
20251110;175054.452;;;25482.75;2;BETWEEN;
20251110;175054.443;25482.75;;25482.75;1;BID;
20251110;175054.443;25482.25;;25482.25;7;BID;
20251110;175054.443;;25482.75;25482.75;1;ASK;
20251110;175054.443;;25483.00;25483.00;1;ASK;
20251110;175054.452;;25483.25;25483.25;12;ASK;
20251110;175054.452;;;25482.75;2;BETWEEN;
20251110;175054.535;;;25483.00;2;BETWEEN;
20251110;175054.535;25482.50;;25482.50;2;BID;
20251110;175054.608;;25483.00;25483.00;1;ASK;
20251110;175054.608;25482.50;;25482.50;4;BID;
20251110;175054.669;;25483.25;25483.25;12;ASK;
20251110;175054.669;;;25482.75;5;BETWEEN;
20251110;175054.822;25482.75;;25482.75;7;BID;
20251110;175054.848;;25483.25;25483.25;2;ASK;
20251110;175054.848;25482.75;;25482.75;4;BID;
20251110;175054.822;;25483.25;25483.25;12;ASK;
20251110;175054.822;25482.75;;25482.75;7;BID;
20251110;175054.822;;25483.25;25483.25;1;ASK;
20251110;175054.822;;25483.25;25483.25;11;ASK;
20251110;175054.822;;;25483.00;3;BETWEEN;
20251110;175054.822;;25483.25;25483.25;4;ASK;
20251110;175054.822;;25483.25;25483.25;7;ASK;
20251110;175054.822;;25483.25;25483.25;1;ASK;
20251110;175054.822;;25483.25;25483.25;6;ASK;
20251110;175054.822;;25483.25;25483.25;1;ASK;
20251110;175054.823;;25483.25;25483.25;5;ASK;
20251110;175054.823;;25483.25;25483.25;1;ASK;
20251110;175054.823;;25483.25;25483.25;4;ASK;
20251110;175054.823;;25483.25;25483.25;3;ASK;
20251110;175054.823;;25483.25;25483.25;1;ASK;
20251110;175054.824;;25483.50;25483.50;3;ASK;
20251110;175054.824;25483.00;;25483.00;5;BID;
20251110;175054.824;25483.00;;25483.00;1;BID;
20251110;175054.824;25483.00;;25483.00;1;BID;
20251110;175054.824;25483.00;;25483.00;1;BID;
20251110;175054.824;;25483.50;25483.50;2;ASK;
20251110;175054.824;;;25483.25;2;BETWEEN;
20251110;175054.824;;25483.50;25483.50;1;ASK;
20251110;175054.825;;25483.50;25483.50;1;ASK;
20251110;175054.825;25483.25;;25483.25;1;BID;
20251110;175054.825;;25483.50;25483.50;1;ASK;
20251110;175054.826;;25483.75;25483.75;1;ASK;
20251110;175054.826;25483.25;;25483.25;1;BID;
20251110;175054.848;25483.25;;25483.25;2;BID;
20251110;175054.848;25482.75;;25482.75;4;BID;
20251110;175054.883;;25483.75;25483.75;3;ASK;
20251110;175054.883;;;25483.25;2;BETWEEN;
20251110;175054.892;25483.25;;25483.25;1;BID;
20251110;175054.876;25483.25;;25483.25;1;BID;
20251110;175054.876;25483.00;;25483.00;1;BID;
20251110;175054.876;;25483.25;25483.25;1;ASK;
20251110;175054.892;;25483.75;25483.75;3;ASK;
20251110;175054.892;;;25483.25;1;BETWEEN;
20251110;175054.968;25483.00;;25483.00;5;BID;
20251110;175054.978;;;25483.50;2;BETWEEN;
20251110;175055.028;25483.00;;25483.00;4;BID;
20251110;175055.043;;25483.75;25483.75;4;ASK;
20251110;175055.043;25483.00;;25483.00;5;BID;
20251110;175055.011;;;25483.50;2;BETWEEN;
20251110;175055.011;;25483.50;25483.50;1;ASK;
20251110;175055.011;;25483.50;25483.50;1;ASK;
20251110;175055.043;;25483.75;25483.75;4;ASK;
20251110;175055.091;;;25483.25;3;BETWEEN;
20251110;175055.091;25482.50;;25482.50;5;BID;
20251110;175055.117;25482.50;;25482.50;3;BID;
20251110;175055.117;25482.00;;25482.00;2;BID;
20251110;175055.076;;25483.50;25483.50;3;ASK;
20251110;175055.076;;;25483.00;2;BETWEEN;
20251110;175055.076;;25483.50;25483.50;1;ASK;
20251110;175055.087;;;25483.25;2;BETWEEN;
20251110;175055.087;25483.00;;25483.00;1;BID;
20251110;175055.087;25483.00;;25483.00;1;BID;
20251110;175055.088;;25483.25;25483.25;3;ASK;
20251110;175055.088;25482.75;;25482.75;1;BID;
20251110;175055.088;25482.75;;25482.75;1;BID;
20251110;175055.089;;;25483.00;3;BETWEEN;
20251110;175055.089;25482.75;;25482.75;1;BID;
20251110;175055.091;;25483.25;25483.25;3;ASK;
20251110;175055.091;25482.75;;25482.75;1;BID;
20251110;175055.117;25482.50;;25482.50;3;BID;
20251110;175055.117;25482.00;;25482.00;2;BID;
20251110;175055.189;;;25482.25;4;BETWEEN;
20251110;175055.189;25481.75;;25481.75;3;BID;
20251110;175055.135;;25482.50;25482.50;4;ASK;
20251110;175055.135;;;25482.00;3;BETWEEN;
20251110;175055.135;;25482.50;25482.50;1;ASK;
20251110;175055.135;;25482.50;25482.50;1;ASK;
20251110;175055.189;;;25482.25;4;BETWEEN;
20251110;175055.189;25481.75;;25481.75;3;BID;
20251110;175055.202;;25482.25;25482.25;2;ASK;
20251110;175055.269;;25482.25;25482.25;3;ASK;
20251110;175055.310;;25482.25;25482.25;4;ASK;
20251110;175055.310;25481.50;;25481.50;3;BID;
20251110;175055.361;;;25482.00;1;BETWEEN;
20251110;175055.361;25481.50;;25481.50;4;BID;
20251110;175055.391;;25482.00;25482.00;3;ASK;
20251110;175055.391;25481.50;;25481.50;2;BID;
20251110;175055.399;;25482.00;25482.00;4;ASK;
20251110;175055.399;25481.25;;25481.25;7;BID;
20251110;175055.442;25481.25;;25481.25;2;BID;
20251110;175055.442;25480.75;;25480.75;4;BID;
20251110;175055.449;;25481.25;25481.25;3;ASK;
20251110;175055.426;;25481.50;25481.50;4;ASK;
20251110;175055.426;;;25481.25;1;BETWEEN;
20251110;175055.426;25481.25;;25481.25;1;BID;
20251110;175055.427;25481.00;;25481.00;1;BID;
20251110;175055.427;25481.00;;25481.00;1;BID;
20251110;175055.449;;;25481.25;3;BETWEEN;
20251110;175055.449;25480.75;;25480.75;4;BID;
20251110;175055.513;;25481.25;25481.25;2;ASK;
20251110;175055.542;;;25481.00;2;BETWEEN;
20251110;175055.542;25480.50;;25480.50;3;BID;
20251110;175055.485;;25481.25;25481.25;3;ASK;
20251110;175055.485;;;25480.75;4;BETWEEN;
20251110;175055.485;25480.75;;25480.75;1;BID;
20251110;175055.485;25480.75;;25480.75;1;BID;
20251110;175055.523;;25481.25;25481.25;4;ASK;
20251110;175055.523;25480.75;;25480.75;2;BID;
20251110;175055.523;25480.75;;25480.75;1;BID;
20251110;175055.523;25480.75;;25480.75;1;BID;
20251110;175055.542;;;25481.00;2;BETWEEN;
20251110;175055.542;25480.50;;25480.50;3;BID;
20251110;175055.611;;25481.25;25481.25;5;ASK;
20251110;175055.615;;;25481.00;3;BETWEEN;
20251110;175055.679;;25481.00;25481.00;1;ASK;
20251110;175055.695;;25481.00;25481.00;1;ASK;
20251110;175055.731;;25481.50;25481.50;2;ASK;
20251110;175055.731;;;25481.00;3;BETWEEN;
20251110;175055.710;25481.00;;25481.00;1;BID;
20251110;175055.710;25480.50;;25480.50;3;BID;
20251110;175055.710;;25481.00;25481.00;1;ASK;
20251110;175055.731;;25481.50;25481.50;2;ASK;
20251110;175055.731;;;25481.00;3;BETWEEN;
20251110;175055.758;;25481.50;25481.50;4;ASK;
20251110;175055.758;25481.00;;25481.00;2;BID;
20251110;175055.932;;25481.50;25481.50;3;ASK;
20251110;175056.011;25481.00;;25481.00;1;BID;
20251110;175056.040;25480.75;;25480.75;2;BID;
20251110;175056.040;25480.25;;25480.25;2;BID;
20251110;175056.067;;25481.00;25481.00;3;ASK;
20251110;175056.067;;;25480.50;1;BETWEEN;
20251110;175056.100;;;25480.75;3;BETWEEN;
20251110;175056.100;25480.25;;25480.25;4;BID;
20251110;175056.125;;25481.00;25481.00;3;ASK;
20251110;175056.125;;;25480.50;1;BETWEEN;
20251110;175056.165;;25481.00;25481.00;4;ASK;
20251110;175056.165;25480.25;;25480.25;4;BID;
20251110;175056.207;25478.50;;25478.50;3;BID;
20251110;175056.207;25478.00;;25478.00;2;BID;
20251110;175056.229;;;25478.25;1;BETWEEN;
20251110;175056.229;25478.00;;25478.00;1;BID;
20251110;175056.186;;25480.75;25480.75;7;ASK;
20251110;175056.186;;;25480.25;5;BETWEEN;
20251110;175056.186;25480.25;;25480.25;1;BID;
20251110;175056.188;;;25480.50;3;BETWEEN;
20251110;175056.188;25480.00;;25480.00;2;BID;
20251110;175056.188;25480.00;;25480.00;1;BID;
20251110;175056.190;;;25480.25;3;BETWEEN;
20251110;175056.190;25479.75;;25479.75;3;BID;
20251110;175056.190;25479.75;;25479.75;1;BID;
20251110;175056.190;25479.75;;25479.75;1;BID;
20251110;175056.190;25479.75;;25479.75;1;BID;
20251110;175056.192;;;25480.00;2;BETWEEN;
20251110;175056.192;25479.50;;25479.50;2;BID;
20251110;175056.192;25479.50;;25479.50;1;BID;
20251110;175056.192;25479.50;;25479.50;1;BID;
20251110;175056.194;25479.50;;25479.50;1;BID;
20251110;175056.194;25479.25;;25479.25;2;BID;
20251110;175056.194;;25479.50;25479.50;1;ASK;
20251110;175056.194;;25479.75;25479.75;3;ASK;
20251110;175056.194;25479.25;;25479.25;1;BID;
20251110;175056.194;25479.25;;25479.25;1;BID;
20251110;175056.196;;;25479.50;2;BETWEEN;
20251110;175056.196;25479.00;;25479.00;5;BID;
20251110;175056.196;25479.00;;25479.00;1;BID;
20251110;175056.196;;;25479.25;1;BETWEEN;
20251110;175056.196;25479.00;;25479.00;4;BID;
20251110;175056.196;25479.00;;25479.00;1;BID;
20251110;175056.196;25479.00;;25479.00;1;BID;
20251110;175056.196;25479.00;;25479.00;1;BID;
20251110;175056.196;25479.00;;25479.00;1;BID;
20251110;175056.198;;25479.25;25479.25;3;ASK;
20251110;175056.198;25478.75;;25478.75;1;BID;
20251110;175056.198;25478.75;;25478.75;1;BID;
20251110;175056.198;25478.50;;25478.50;1;BID;
20251110;175056.198;25478.50;;25478.50;1;BID;
20251110;175056.198;25478.50;;25478.50;1;BID;
20251110;175056.199;;;25479.00;4;BETWEEN;
20251110;175056.199;25478.50;;25478.50;1;BID;
20251110;175056.199;25478.50;;25478.50;1;BID;
20251110;175056.201;25478.50;;25478.50;1;BID;
20251110;175056.201;25478.25;;25478.25;1;BID;
20251110;175056.201;25478.25;;25478.25;1;BID;
20251110;175056.202;;25478.50;25478.50;4;ASK;
20251110;175056.202;25478.00;;25478.00;3;BID;
20251110;175056.202;;25478.50;25478.50;1;ASK;
20251110;175056.203;;;25478.25;1;BETWEEN;
20251110;175056.203;25478.00;;25478.00;1;BID;
20251110;175056.203;25478.00;;25478.00;1;BID;
20251110;175056.203;25478.00;;25478.00;1;BID;
20251110;175056.204;;25478.25;25478.25;2;ASK;
20251110;175056.204;25478.00;;25478.00;1;BID;
20251110;175056.204;25478.00;;25478.00;1;BID;
20251110;175056.204;;25478.25;25478.25;3;ASK;
20251110;175056.204;25477.75;;25477.75;2;BID;
20251110;175056.204;25477.75;;25477.75;1;BID;
20251110;175056.210;;25478.50;25478.50;1;ASK;
20251110;175056.210;;;25478.25;3;BETWEEN;
20251110;175056.210;;25478.50;25478.50;1;ASK;
20251110;175056.229;25478.25;;25478.25;1;BID;
20251110;175056.229;25478.00;;25478.00;1;BID;
20251110;175056.258;;25478.50;25478.50;3;ASK;
20251110;175056.258;25478.00;;25478.00;2;BID;
20251110;175056.292;25475.50;;25475.50;1;BID;
20251110;175056.292;25475.25;;25475.25;4;BID;
20251110;175056.279;;25477.50;25477.50;4;ASK;
20251110;175056.279;;;25477.25;4;BETWEEN;
20251110;175056.279;25477.25;;25477.25;1;BID;
20251110;175056.279;25477.25;;25477.25;1;BID;
20251110;175056.279;25477.25;;25477.25;1;BID;
20251110;175056.279;25477.25;;25477.25;1;BID;
20251110;175056.281;25477.25;;25477.25;1;BID;
20251110;175056.281;25477.00;;25477.00;2;BID;
20251110;175056.281;25477.00;;25477.00;1;BID;
20251110;175056.281;25477.00;;25477.00;1;BID;
20251110;175056.284;25477.00;;25477.00;7;BID;
20251110;175056.284;25476.50;;25476.50;1;BID;
20251110;175056.284;25476.50;;25476.50;1;BID;
20251110;175056.286;;;25476.75;2;BETWEEN;
20251110;175056.286;25476.25;;25476.25;1;BID;
20251110;175056.286;25476.25;;25476.25;1;BID;
20251110;175056.299;25475.50;;25475.50;5;BID;
20251110;175056.299;25475.25;;25475.25;1;BID;
20251110;175056.299;25475.25;;25475.25;1;BID;
20251110;175056.302;25475.25;;25475.25;3;BID;
20251110;175056.302;25475.00;;25475.00;5;BID;
20251110;175056.302;25475.00;;25475.00;1;BID;
20251110;175056.302;25475.00;;25475.00;1;BID;
20251110;175056.302;25475.00;;25475.00;1;BID;
20251110;175056.302;25475.00;;25475.00;1;BID;
20251110;175056.302;25475.00;;25475.00;1;BID;
20251110;175056.302;25475.00;;25475.00;1;BID;
20251110;175056.303;;25475.25;25475.25;4;ASK;
20251110;175056.303;25474.75;;25474.75;2;BID;
20251110;175056.303;25474.75;;25474.75;1;BID;
20251110;175056.303;25474.75;;25474.75;1;BID;
20251110;175056.303;25474.50;;25474.50;1;BID;
20251110;175056.303;25474.50;;25474.50;1;BID;
20251110;175056.310;25474.25;;25474.25;4;BID;
20251110;175056.310;25474.00;;25474.00;1;BID;
20251110;175056.310;;25474.25;25474.25;1;ASK;
20251110;175056.310;;25474.25;25474.25;1;ASK;
20251110;175056.310;;25474.25;25474.25;3;ASK;
20251110;175056.310;;25474.25;25474.25;1;ASK;
20251110;175056.310;;25474.25;25474.25;2;ASK;
20251110;175056.310;;25474.25;25474.25;1;ASK;
20251110;175056.311;;25474.25;25474.25;1;ASK;
20251110;175056.311;25474.00;;25474.00;3;BID;
20251110;175056.311;;25474.25;25474.25;1;ASK;
20251110;175056.322;;25475.50;25475.50;2;ASK;
20251110;175056.322;;;25475.00;3;BETWEEN;
20251110;175056.348;;25475.50;25475.50;1;ASK;
20251110;175056.348;25475.00;;25475.00;2;BID;
20251110;175056.313;25474.75;;25474.75;2;BID;
20251110;175056.313;25474.25;;25474.25;5;BID;
20251110;175056.313;25474.25;;25474.25;1;BID;
20251110;175056.313;;25474.75;25474.75;1;ASK;
20251110;175056.313;;;25474.50;2;BETWEEN;
20251110;175056.313;;25474.75;25474.75;1;ASK;
20251110;175056.314;;25475.00;25475.00;1;ASK;
20251110;175056.314;;;25474.75;2;BETWEEN;
20251110;175056.314;;25475.00;25475.00;1;ASK;
20251110;175056.319;;25475.50;25475.50;1;ASK;
20251110;175056.319;;;25475.25;3;BETWEEN;
20251110;175056.319;;25475.50;25475.50;1;ASK;
20251110;175056.320;;25475.75;25475.75;1;ASK;
20251110;175056.320;;;25475.50;2;BETWEEN;
20251110;175056.320;25475.50;;25475.50;1;BID;
20251110;175056.321;;25475.75;25475.75;3;ASK;
20251110;175056.321;25475.25;;25475.25;2;BID;
20251110;175056.321;25475.25;;25475.25;1;BID;
20251110;175056.325;;;25475.50;2;BETWEEN;
20251110;175056.325;25475.00;;25475.00;2;BID;
20251110;175056.325;25475.00;;25475.00;1;BID;
20251110;175056.325;25475.00;;25475.00;1;BID;
20251110;175056.327;;;25475.25;2;BETWEEN;
20251110;175056.327;;25475.25;25475.25;1;ASK;
20251110;175056.327;;25475.25;25475.25;1;ASK;
20251110;175056.327;;25475.25;25475.25;1;ASK;
20251110;175056.328;;25475.50;25475.50;1;ASK;
20251110;175056.328;;;25475.25;1;BETWEEN;
20251110;175056.328;25475.25;;25475.25;1;BID;
20251110;175056.383;25475.25;;25475.25;3;BID;
20251110;175056.383;25474.75;;25474.75;2;BID;
20251110;175056.414;;25475.25;25475.25;5;ASK;
20251110;175056.414;25474.50;;25474.50;5;BID;
20251110;175056.445;;25475.50;25475.50;1;ASK;
20251110;175056.445;;;25475.00;4;BETWEEN;
20251110;175056.413;;;25475.25;3;BETWEEN;
20251110;175056.413;25474.75;;25474.75;2;BID;
20251110;175056.413;25474.75;;25474.75;1;BID;
20251110;175056.413;25474.75;;25474.75;1;BID;
20251110;175056.423;;;25475.00;1;BETWEEN;
20251110;175056.423;;25475.00;25475.00;1;ASK;
20251110;175056.445;;25475.50;25475.50;1;ASK;
20251110;175056.445;;;25475.00;4;BETWEEN;
20251110;175056.474;;;25475.25;2;BETWEEN;
20251110;175056.474;25474.75;;25474.75;3;BID;
20251110;175056.496;;25475.50;25475.50;4;ASK;
20251110;175056.496;;;25475.00;3;BETWEEN;
20251110;175056.471;;25475.75;25475.75;3;ASK;
20251110;175056.471;;;25475.25;1;BETWEEN;
20251110;175056.471;25475.25;;25475.25;1;BID;
20251110;175056.496;;;25475.50;4;BETWEEN;
20251110;175056.496;25475.00;;25475.00;3;BID;
20251110;175056.535;25474.50;;25474.50;2;BID;
20251110;175056.535;25474.00;;25474.00;3;BID;
20251110;175056.559;;25474.50;25474.50;1;ASK;
20251110;175056.559;25474.00;;25474.00;5;BID;
20251110;175056.517;;25475.25;25475.25;1;ASK;
20251110;175056.517;;;25474.75;5;BETWEEN;
20251110;175056.517;25474.75;;25474.75;1;BID;
20251110;175056.517;25474.75;;25474.75;1;BID;
20251110;175056.517;25474.75;;25474.75;1;BID;
20251110;175056.517;25474.75;;25474.75;1;BID;
20251110;175056.517;25474.75;;25474.75;1;BID;
20251110;175056.531;25474.75;;25474.75;3;BID;
20251110;175056.531;25474.25;;25474.25;1;BID;
20251110;175056.531;25474.25;;25474.25;1;BID;
20251110;175056.531;25474.00;;25474.00;1;BID;
20251110;175056.545;25474.00;;25474.00;1;BID;
20251110;175056.545;25473.75;;25473.75;2;BID;
20251110;175056.545;;25474.00;25474.00;1;ASK;
20251110;175056.559;;25474.50;25474.50;1;ASK;
20251110;175056.559;;;25474.00;5;BETWEEN;
20251110;175056.590;;25474.50;25474.50;3;ASK;
20251110;175056.590;25474.00;;25474.00;3;BID;
20251110;175056.613;;25474.50;25474.50;2;ASK;
20251110;175056.613;25474.00;;25474.00;5;BID;
20251110;175056.658;;25474.50;25474.50;1;ASK;
20251110;175056.685;;25475.75;25475.75;2;ASK;
20251110;175056.685;;;25475.25;2;BETWEEN;
20251110;175056.659;25474.50;;25474.50;1;BID;
20251110;175056.659;25474.25;;25474.25;1;BID;
20251110;175056.659;;25474.50;25474.50;1;ASK;
20251110;175056.660;;25474.75;25474.75;2;ASK;
20251110;175056.660;25474.25;;25474.25;4;BID;
20251110;175056.660;;25474.75;25474.75;1;ASK;
20251110;175056.660;;25474.75;25474.75;1;ASK;
20251110;175056.712;;25476.00;25476.00;4;ASK;
20251110;175056.712;;;25475.50;1;BETWEEN;
20251110;175056.712;25475.50;;25475.50;1;BID;
20251110;175056.712;25475.25;;25475.25;1;BID;
20251110;175056.712;25475.25;;25475.25;1;BID;
20251110;175056.714;;;25475.75;1;BETWEEN;
20251110;175056.714;25475.25;;25475.25;5;BID;
20251110;175056.729;;25475.75;25475.75;2;ASK;
20251110;175056.729;25475.25;;25475.25;2;BID;
20251110;175056.807;;25475.75;25475.75;4;ASK;
20251110;175056.822;;25475.75;25475.75;3;ASK;
20251110;175056.822;25475.25;;25475.25;1;BID;
20251110;175056.848;;25476.00;25476.00;3;ASK;
20251110;175056.848;25475.25;;25475.25;4;BID;
20251110;175056.884;25475.25;;25475.25;5;BID;
20251110;175056.901;;25476.00;25476.00;4;ASK;
20251110;175056.870;;25476.00;25476.00;3;ASK;
20251110;175056.870;25475.25;;25475.25;4;BID;
20251110;175056.870;;25476.00;25476.00;1;ASK;
20251110;175056.889;;;25475.75;3;BETWEEN;
20251110;175056.889;25475.25;;25475.25;3;BID;
20251110;175056.889;;25475.75;25475.75;1;ASK;
20251110;175056.889;;25475.75;25475.75;1;ASK;
20251110;175056.901;;25476.00;25476.00;4;ASK;
20251110;175056.901;25475.25;;25475.25;5;BID;
20251110;175056.944;;;25475.75;4;BETWEEN;
20251110;175056.944;25475.25;;25475.25;4;BID;
20251110;175056.975;;25475.75;25475.75;2;ASK;
20251110;175056.975;25475.25;;25475.25;5;BID;
20251110;175057.005;;25476.00;25476.00;2;ASK;
20251110;175057.005;;;25475.50;3;BETWEEN;
20251110;175057.055;;25476.00;25476.00;1;ASK;
20251110;175057.055;25475.50;;25475.50;5;BID;
20251110;175057.055;;25476.00;25476.00;1;ASK;
20251110;175057.056;;25476.50;25476.50;6;ASK;
20251110;175057.056;;;25475.75;4;BETWEEN;
20251110;175057.056;25475.75;;25475.75;1;BID;
20251110;175057.065;25475.75;;25475.75;1;BID;
20251110;175057.065;25475.25;;25475.25;5;BID;
20251110;175057.089;;25475.75;25475.75;4;ASK;
20251110;175057.089;25475.00;;25475.00;6;BID;
20251110;175057.126;;25475.75;25475.75;3;ASK;
20251110;175057.126;;;25475.25;2;BETWEEN;
20251110;175057.151;;25476.00;25476.00;2;ASK;
20251110;175057.151;;;25475.50;4;BETWEEN;
20251110;175057.182;;25476.25;25476.25;4;ASK;
20251110;175057.182;;;25475.75;2;BETWEEN;
20251110;175057.141;25475.75;;25475.75;1;BID;
20251110;175057.141;25475.50;;25475.50;1;BID;
20251110;175057.141;;25475.75;25475.75;1;ASK;
20251110;175057.194;;25476.50;25476.50;2;ASK;
20251110;175057.194;;;25476.00;1;BETWEEN;
20251110;175057.194;25476.00;;25476.00;1;BID;
20251110;175057.216;;;25476.25;2;BETWEEN;
20251110;175057.216;25475.75;;25475.75;5;BID;
20251110;175057.236;;25476.50;25476.50;4;ASK;
20251110;175057.236;;;25476.00;1;BETWEEN;
20251110;175057.275;25475.75;;25475.75;5;BID;
20251110;175057.341;;;25476.00;2;BETWEEN;
20251110;175057.341;25475.50;;25475.50;2;BID;
20251110;175057.318;;25476.50;25476.50;4;ASK;
20251110;175057.318;;;25475.75;5;BETWEEN;
20251110;175057.318;25475.75;;25475.75;1;BID;
20251110;175057.324;;;25476.25;2;BETWEEN;
20251110;175057.324;25475.75;;25475.75;1;BID;
20251110;175057.324;25475.75;;25475.75;1;BID;
20251110;175057.324;25475.75;;25475.75;1;BID;
20251110;175057.337;25475.75;;25475.75;2;BID;
20251110;175057.337;25475.75;;25475.75;1;BID;
20251110;175057.337;25475.75;;25475.75;1;BID;
20251110;175057.341;;;25476.00;2;BETWEEN;
20251110;175057.341;25475.50;;25475.50;2;BID;
20251110;175057.373;;25477.00;25477.00;4;ASK;
20251110;175057.373;;;25476.25;6;BETWEEN;
20251110;175057.352;25476.00;;25476.00;3;BID;
20251110;175057.352;25475.50;;25475.50;2;BID;
20251110;175057.352;;25476.00;25476.00;1;ASK;
20251110;175057.352;;25476.00;25476.00;1;ASK;
20251110;175057.352;;25476.00;25476.00;1;ASK;
20251110;175057.352;;25476.25;25476.25;1;ASK;
20251110;175057.352;;25476.25;25476.25;1;ASK;
20251110;175057.352;;25476.25;25476.25;1;ASK;
20251110;175057.352;;25476.25;25476.25;1;ASK;
20251110;175057.352;;25476.50;25476.50;1;ASK;
20251110;175057.352;;25476.50;25476.50;4;ASK;
20251110;175057.352;;25476.50;25476.50;1;ASK;
20251110;175057.373;;25477.00;25477.00;4;ASK;
20251110;175057.373;;;25476.25;6;BETWEEN;
20251110;175057.435;;;25476.75;3;BETWEEN;
20251110;175057.435;25476.25;;25476.25;4;BID;
20251110;175057.473;;25476.75;25476.75;2;ASK;
20251110;175057.472;;25476.75;25476.75;3;ASK;
20251110;175057.472;25476.25;;25476.25;1;BID;
20251110;175057.506;;25477.00;25477.00;4;ASK;
20251110;175057.506;;;25476.50;1;BETWEEN;
20251110;175057.531;25476.25;;25476.25;6;BID;
20251110;175057.491;;25477.00;25477.00;1;ASK;
20251110;175057.491;;;25476.50;5;BETWEEN;
20251110;175057.491;;25477.00;25477.00;1;ASK;
20251110;175057.499;;25477.00;25477.00;2;ASK;
20251110;175057.499;;;25476.75;1;BETWEEN;
20251110;175057.499;25476.75;;25476.75;1;BID;
20251110;175057.531;;25477.00;25477.00;4;ASK;
20251110;175057.531;25476.25;;25476.25;6;BID;
20251110;175057.548;;;25476.50;2;BETWEEN;
20251110;175057.598;;25477.00;25477.00;2;ASK;
20251110;175057.598;25476.50;;25476.50;3;BID;
20251110;175057.577;25476.50;;25476.50;5;BID;
20251110;175057.577;;25477.00;25477.00;1;ASK;
20251110;175057.577;;25477.00;25477.00;1;ASK;
20251110;175057.597;;25477.25;25477.25;4;ASK;
20251110;175057.597;;;25476.75;1;BETWEEN;
20251110;175057.597;25476.75;;25476.75;1;BID;
20251110;175057.619;;;25477.00;1;BETWEEN;
20251110;175057.619;25476.50;;25476.50;4;BID;
20251110;175057.685;;25477.25;25477.25;3;ASK;
20251110;175057.685;;;25476.75;2;BETWEEN;
20251110;175057.730;;25477.25;25477.25;4;ASK;
20251110;175057.730;25476.50;;25476.50;5;BID;
20251110;175057.727;;25477.25;25477.25;3;ASK;
20251110;175057.727;;;25476.75;2;BETWEEN;
20251110;175057.727;25476.75;;25476.75;1;BID;
20251110;175057.730;;25477.25;25477.25;4;ASK;
20251110;175057.730;25476.50;;25476.50;5;BID;
20251110;175057.795;;;25476.75;2;BETWEEN;
20251110;175057.796;25476.50;;25476.50;5;BID;
20251110;175057.848;;;25476.75;2;BETWEEN;
20251110;175057.848;25476.25;;25476.25;5;BID;
20251110;175057.869;25476.25;;25476.25;2;BID;
20251110;175057.826;;25477.25;25477.25;4;ASK;
20251110;175057.826;;;25476.50;5;BETWEEN;
20251110;175057.826;25476.50;;25476.50;1;BID;
20251110;175057.826;25476.50;;25476.50;1;BID;
20251110;175057.826;25476.50;;25476.50;1;BID;
20251110;175057.826;25476.50;;25476.50;1;BID;
20251110;175057.826;25476.50;;25476.50;1;BID;
20251110;175057.833;;;25477.00;3;BETWEEN;
20251110;175057.833;25476.50;;25476.50;1;BID;
20251110;175057.833;25476.50;;25476.50;1;BID;
20251110;175057.833;25476.50;;25476.50;3;BID;
20251110;175057.833;25476.50;;25476.50;1;BID;
20251110;175057.833;;;25476.75;2;BETWEEN;
20251110;175057.833;25476.50;;25476.50;1;BID;
20251110;175057.833;25476.50;;25476.50;1;BID;
20251110;175057.836;;25476.75;25476.75;4;ASK;
20251110;175057.836;25476.25;;25476.25;2;BID;
20251110;175057.836;25476.25;;25476.25;1;BID;
20251110;175057.836;25476.25;;25476.25;1;BID;
20251110;175057.868;;25476.75;25476.75;2;ASK;
20251110;175057.868;25476.25;;25476.25;4;BID;
20251110;175057.868;25476.25;;25476.25;1;BID;
20251110;175057.869;25476.25;;25476.25;2;BID;
20251110;175057.917;;25478.25;25478.25;1;ASK;
20251110;175057.917;;;25477.75;5;BETWEEN;
20251110;175057.942;;25478.25;25478.25;3;ASK;
20251110;175057.942;25477.75;;25477.75;3;BID;
20251110;175057.910;25477.25;;25477.25;13;BID;
20251110;175057.910;25476.75;;25476.75;5;BID;
20251110;175057.910;;25477.25;25477.25;1;ASK;
20251110;175057.910;;25477.25;25477.25;1;ASK;
20251110;175057.911;;25477.25;25477.25;10;ASK;
20251110;175057.911;;;25477.00;2;BETWEEN;
20251110;175057.911;;25477.25;25477.25;6;ASK;
20251110;175057.911;;25477.25;25477.25;4;ASK;
20251110;175057.911;25477.00;;25477.00;5;BID;
20251110;175057.911;;25477.25;25477.25;4;ASK;
20251110;175057.913;;25477.50;25477.50;2;ASK;
20251110;175057.913;;;25477.25;1;BETWEEN;
20251110;175057.913;25477.25;;25477.25;1;BID;
20251110;175057.913;;25477.50;25477.50;3;ASK;
20251110;175057.913;25477.00;;25477.00;4;BID;
20251110;175057.913;;25477.50;25477.50;1;ASK;
20251110;175057.913;;25477.50;25477.50;1;ASK;
20251110;175057.913;;25477.50;25477.50;1;ASK;
20251110;175057.913;;25477.75;25477.75;4;ASK;
20251110;175057.913;;25477.75;25477.75;1;ASK;
20251110;175057.914;;;25477.25;1;BETWEEN;
20251110;175057.914;25477.00;;25477.00;3;BID;
20251110;175057.914;;25477.25;25477.25;1;ASK;
20251110;175057.915;;25477.75;25477.75;2;ASK;
20251110;175057.915;;;25477.25;4;BETWEEN;
20251110;175057.915;;25477.75;25477.75;1;ASK;
20251110;175057.915;;25477.75;25477.75;1;ASK;
20251110;175057.916;;25478.00;25478.00;1;ASK;
20251110;175057.916;;;25477.75;1;BETWEEN;
20251110;175057.916;;25478.00;25478.00;1;ASK;
20251110;175057.924;;25478.25;25478.25;1;ASK;
20251110;175057.924;25477.75;;25477.75;5;BID;
20251110;175057.924;;25478.25;25478.25;1;ASK;
20251110;175057.926;;25478.50;25478.50;4;ASK;
20251110;175057.926;;;25478.00;2;BETWEEN;
20251110;175057.926;25478.00;;25478.00;1;BID;
20251110;175057.926;25478.00;;25478.00;1;BID;
20251110;175057.957;;25478.50;25478.50;5;ASK;
20251110;175057.957;25478.00;;25478.00;1;BID;
20251110;175057.957;25478.00;;25478.00;1;BID;
20251110;175057.973;;;25478.25;1;BETWEEN;
20251110;175057.973;25477.75;;25477.75;6;BID;
20251110;175058.002;;25478.50;25478.50;4;ASK;
20251110;175058.002;;;25478.00;4;BETWEEN;
20251110;175057.993;;25478.50;25478.50;5;ASK;
20251110;175057.993;25478.00;;25478.00;3;BID;
20251110;175057.993;25478.00;;25478.00;1;BID;
20251110;175058.021;;25478.75;25478.75;3;ASK;
20251110;175058.021;;;25478.25;1;BETWEEN;
20251110;175058.066;;25479.00;25479.00;5;ASK;
20251110;175058.066;;;25478.50;1;BETWEEN;
20251110;175058.092;;25479.00;25479.00;3;ASK;
20251110;175058.092;25478.50;;25478.50;3;BID;
20251110;175058.110;;25479.00;25479.00;1;ASK;
20251110;175058.110;25478.50;;25478.50;4;BID;
20251110;175058.133;;25479.00;25479.00;3;ASK;
20251110;175058.133;25478.50;;25478.50;1;BID;
20251110;175058.144;;;25478.75;2;BETWEEN;
20251110;175058.144;25478.25;;25478.25;3;BID;
20251110;175058.170;;25478.75;25478.75;3;ASK;
20251110;175058.170;25478.25;;25478.25;4;BID;
20251110;175058.215;;25479.00;25479.00;5;ASK;
20251110;175058.215;25478.25;;25478.25;5;BID;
20251110;175058.236;;;25478.75;2;BETWEEN;
20251110;175058.255;;25478.75;25478.75;3;ASK;
20251110;175058.255;25478.25;;25478.25;2;BID;
20251110;175058.278;25478.25;;25478.25;1;BID;
20251110;175058.295;;25478.75;25478.75;2;ASK;
20251110;175058.295;25478.25;;25478.25;4;BID;
20251110;175058.328;;25479.00;25479.00;4;ASK;
20251110;175058.328;;;25478.50;3;BETWEEN;
20251110;175058.344;;25479.00;25479.00;1;ASK;
20251110;175058.344;;;25478.75;1;BETWEEN;
20251110;175058.420;;25479.00;25479.00;3;ASK;
20251110;175058.420;25478.75;;25478.75;1;BID;
20251110;175058.429;;25479.00;25479.00;1;ASK;
20251110;175058.429;25478.50;;25478.50;6;BID;
20251110;175058.429;25478.50;;25478.50;1;BID;
20251110;175058.431;25478.50;;25478.50;5;BID;
20251110;175058.462;;25479.50;25479.50;3;ASK;
20251110;175058.462;;;25479.00;5;BETWEEN;
20251110;175058.489;;25479.50;25479.50;2;ASK;
20251110;175058.489;25479.00;;25479.00;4;BID;
20251110;175058.443;25479.00;;25479.00;2;BID;
20251110;175058.443;25478.50;;25478.50;6;BID;
20251110;175058.443;;25479.00;25479.00;1;ASK;
20251110;175058.443;;25479.00;25479.00;1;ASK;
20251110;175058.446;;25479.25;25479.25;2;ASK;
20251110;175058.446;;;25478.75;7;BETWEEN;
20251110;175058.446;;25479.25;25479.25;1;ASK;
20251110;175058.446;;25479.25;25479.25;1;ASK;
20251110;175058.446;;25479.25;25479.25;1;ASK;
20251110;175058.460;;25479.50;25479.50;3;ASK;
20251110;175058.460;;;25479.25;1;BETWEEN;
20251110;175058.460;25479.25;;25479.25;1;BID;
20251110;175058.462;25479.25;;25479.25;1;BID;
20251110;175058.462;25479.00;;25479.00;4;BID;
20251110;175058.462;;25479.25;25479.25;1;ASK;
20251110;175058.489;;25479.50;25479.50;2;ASK;
20251110;175058.523;;25480.00;25480.00;2;ASK;
20251110;175058.523;;;25479.50;3;BETWEEN;
20251110;175058.529;;25480.00;25480.00;3;ASK;
20251110;175058.529;25479.50;;25479.50;2;BID;
20251110;175058.511;;25480.00;25480.00;2;ASK;
20251110;175058.511;25479.50;;25479.50;6;BID;
20251110;175058.511;;25480.00;25480.00;2;ASK;
20251110;175058.514;;25480.25;25480.25;3;ASK;
20251110;175058.514;;;25479.75;5;BETWEEN;
20251110;175058.514;;25480.25;25480.25;1;ASK;
20251110;175058.515;;25480.25;25480.25;4;ASK;
20251110;175058.515;;;25480.00;1;BETWEEN;
20251110;175058.515;25480.00;;25480.00;1;BID;
20251110;175058.517;;25480.50;25480.50;2;ASK;
20251110;175058.517;25480.00;;25480.00;1;BID;
20251110;175058.529;25480.00;;25480.00;3;BID;
20251110;175058.529;25479.50;;25479.50;2;BID;
20251110;175058.576;;25480.00;25480.00;5;ASK;
20251110;175058.576;25479.25;;25479.25;5;BID;
20251110;175058.589;;;25479.50;1;BETWEEN;
20251110;175058.573;;25480.25;25480.25;5;ASK;
20251110;175058.573;;;25479.75;1;BETWEEN;
20251110;175058.573;25479.75;;25479.75;1;BID;
20251110;175058.633;25479.75;;25479.75;2;BID;
20251110;175058.633;25479.50;;25479.50;1;BID;
20251110;175058.633;25479.50;;25479.50;1;BID;
20251110;175058.637;25479.50;;25479.50;1;BID;
20251110;175058.637;25479.00;;25479.00;5;BID;
20251110;175058.637;;25479.50;25479.50;1;ASK;
20251110;175058.664;;25480.00;25480.00;4;ASK;
20251110;175058.664;;;25479.25;5;BETWEEN;
20251110;175058.693;;25480.00;25480.00;3;ASK;
20251110;175058.693;;;25479.50;2;BETWEEN;
20251110;175058.664;;25480.00;25480.00;2;ASK;
20251110;175058.664;25479.50;;25479.50;3;BID;
20251110;175058.664;25479.50;;25479.50;1;BID;
20251110;175058.693;;25480.00;25480.00;3;ASK;
20251110;175058.693;25479.50;;25479.50;2;BID;
20251110;175058.726;25479.50;;25479.50;4;BID;
20251110;175058.748;;25480.00;25480.00;4;ASK;
20251110;175058.748;25479.50;;25479.50;3;BID;
20251110;175058.775;25479.50;;25479.50;1;BID;
20251110;175058.821;25479.25;;25479.25;7;BID;
20251110;175058.853;;;25479.75;1;BETWEEN;
20251110;175058.853;25479.25;;25479.25;8;BID;
20251110;175058.890;;25480.00;25480.00;4;ASK;
20251110;175058.890;;;25479.50;1;BETWEEN;
20251110;175058.932;;;25479.75;3;BETWEEN;
20251110;175058.932;25479.00;;25479.00;4;BID;
20251110;175058.938;;;25479.25;3;BETWEEN;
20251110;175058.968;25479.25;;25479.25;4;BID;
20251110;175058.968;;25479.75;25479.75;1;ASK;
20251110;175058.968;;25479.75;25479.75;2;ASK;
20251110;175058.968;;25479.75;25479.75;1;ASK;
20251110;175058.968;;25479.75;25479.75;1;ASK;
20251110;175058.992;;25481.00;25481.00;2;ASK;
20251110;175058.992;;;25480.50;3;BETWEEN;
20251110;175059.015;;25481.25;25481.25;3;ASK;
20251110;175059.015;;;25480.75;3;BETWEEN;
20251110;175059.042;;25481.25;25481.25;2;ASK;
20251110;175059.042;25480.75;;25480.75;4;BID;
20251110;175059.008;;25481.25;25481.25;4;ASK;
20251110;175059.008;25480.50;;25480.50;4;BID;
20251110;175059.008;;25481.25;25481.25;1;ASK;
20251110;175059.168;;25481.75;25481.75;3;ASK;
20251110;175059.168;;;25481.25;3;BETWEEN;
20251110;175059.189;;;25481.50;3;BETWEEN;
20251110;175059.189;25481.00;;25481.00;5;BID;
20251110;175059.209;25481.00;;25481.00;3;BID;
20251110;175059.280;;25481.50;25481.50;1;ASK;
20251110;175059.280;25481.00;;25481.00;4;BID;
20251110;175059.288;;25481.50;25481.50;2;ASK;
20251110;175059.288;25481.00;;25481.00;3;BID;
20251110;175059.338;;;25481.25;3;BETWEEN;
20251110;175059.338;25480.50;;25480.50;4;BID;
20251110;175059.366;;;25481.00;3;BETWEEN;
20251110;175059.366;25480.25;;25480.25;5;BID;
20251110;175059.397;;;25480.75;1;BETWEEN;
20251110;175059.475;;25481.00;25481.00;3;ASK;
20251110;175059.475;;;25480.50;2;BETWEEN;
20251110;175059.487;;25481.00;25481.00;4;ASK;
20251110;175059.487;25480.25;;25480.25;5;BID;
20251110;175059.474;;;25480.75;1;BETWEEN;
20251110;175059.474;;25480.75;25480.75;1;ASK;
20251110;175059.487;;25481.00;25481.00;4;ASK;
20251110;175059.553;;;25480.75;3;BETWEEN;
20251110;175059.553;25480.25;;25480.25;4;BID;
20251110;175059.711;;;25480.50;3;BETWEEN;
20251110;175059.711;25480.00;;25480.00;2;BID;
20251110;175059.727;;;25480.25;2;BETWEEN;
20251110;175059.727;25480.00;;25480.00;1;BID;
20251110;175059.727;25480.00;;25480.00;1;BID;
20251110;175059.741;;25480.50;25480.50;3;ASK;
20251110;175059.741;25480.00;;25480.00;3;BID;
20251110;175059.773;;;25480.25;1;BETWEEN;
20251110;175059.773;25479.75;;25479.75;3;BID;
20251110;175059.797;;25480.25;25480.25;4;ASK;
20251110;175059.797;25479.75;;25479.75;4;BID;
20251110;175059.823;;25480.50;25480.50;4;ASK;
20251110;175059.823;;;25480.00;3;BETWEEN;
20251110;175059.866;;;25480.25;2;BETWEEN;
20251110;175059.866;25479.75;;25479.75;4;BID;
20251110;175059.813;;25480.25;25480.25;1;ASK;
20251110;175059.813;;25480.25;25480.25;1;ASK;
20251110;175059.840;;25480.50;25480.50;4;ASK;
20251110;175059.840;;;25480.00;3;BETWEEN;
20251110;175059.840;25480.00;;25480.00;1;BID;
20251110;175059.882;25480.00;;25480.00;1;BID;
20251110;175059.882;25479.75;;25479.75;3;BID;
20251110;175059.882;;25480.00;25480.00;1;ASK;
20251110;175059.896;;25480.00;25480.00;4;ASK;
20251110;175059.896;25479.50;;25479.50;1;BID;
20251110;175059.913;;25480.50;25480.50;5;ASK;
20251110;175059.913;;;25479.75;4;BETWEEN;
20251110;175059.934;;;25480.25;1;BETWEEN;
20251110;175059.989;;25480.25;25480.25;2;ASK;
20251110;175059.989;25479.75;;25479.75;3;BID;
20251110;175100.000;25479.75;;25479.75;1;BID;
20251110;175100.001;;;25480.00;3;BETWEEN;
20251110;175100.001;25479.75;;25479.75;2;BID;
20251110;175100.001;25479.75;;25479.75;1;BID;
20251110;175100.001;25479.75;;25479.75;1;BID;
20251110;175100.003;;25480.00;25480.00;2;ASK;
20251110;175100.003;25479.50;;25479.50;3;BID;
20251110;175100.003;;25480.00;25480.00;1;ASK;
20251110;175100.018;;25480.75;25480.75;1;ASK;
20251110;175100.018;;;25480.25;5;BETWEEN;
20251110;175100.049;;;25480.50;2;BETWEEN;
20251110;175100.049;25480.00;;25480.00;2;BID;
20251110;175100.080;;25480.50;25480.50;1;ASK;
20251110;175100.080;25480.00;;25480.00;3;BID;
20251110;175100.027;;25480.75;25480.75;1;ASK;
20251110;175100.027;;;25480.25;5;BETWEEN;
20251110;175100.027;25480.25;;25480.25;1;BID;
20251110;175100.080;;;25480.50;1;BETWEEN;
20251110;175100.080;25480.00;;25480.00;3;BID;
20251110;175100.112;;25480.50;25480.50;4;ASK;
20251110;175100.112;25479.75;;25479.75;4;BID;
20251110;175100.139;;;25480.25;2;BETWEEN;
20251110;175100.139;25479.75;;25479.75;3;BID;
20251110;175100.162;;25480.25;25480.25;4;ASK;
20251110;175100.162;25479.50;;25479.50;5;BID;
20251110;175100.204;;;25479.75;2;BETWEEN;
20251110;175100.204;25479.25;;25479.25;3;BID;
20251110;175100.185;;25480.00;25480.00;1;ASK;
20251110;175100.185;;;25479.50;4;BETWEEN;
20251110;175100.185;;25480.00;25480.00;1;ASK;
20251110;175100.199;;25480.50;25480.50;3;ASK;
20251110;175100.199;;;25480.00;1;BETWEEN;
20251110;175100.199;25480.00;;25480.00;1;BID;
20251110;175100.200;25480.00;;25480.00;1;BID;
20251110;175100.200;25479.75;;25479.75;2;BID;
20251110;175100.200;25479.75;;25479.75;1;BID;
20251110;175100.200;25479.75;;25479.75;1;BID;
20251110;175100.201;25479.75;;25479.75;4;BID;
20251110;175100.201;25479.50;;25479.50;1;BID;
20251110;175100.201;25479.50;;25479.50;1;BID;
20251110;175100.204;;25479.75;25479.75;2;ASK;
20251110;175100.204;25479.25;;25479.25;3;BID;
20251110;175100.219;;;25479.50;4;BETWEEN;
20251110;175100.219;25479.00;;25479.00;1;BID;
20251110;175100.219;;25479.50;25479.50;1;ASK;
20251110;175100.345;;25480.00;25480.00;2;ASK;
20251110;175100.345;;;25479.50;3;BETWEEN;
20251110;175100.366;;25480.25;25480.25;1;ASK;
20251110;175100.366;;;25479.75;3;BETWEEN;
20251110;175100.420;;25480.25;25480.25;4;ASK;
20251110;175100.420;25479.50;;25479.50;4;BID;
20251110;175100.455;;25480.25;25480.25;2;ASK;
20251110;175100.455;;;25479.75;4;BETWEEN;
20251110;175100.470;;25480.25;25480.25;3;ASK;
20251110;175100.470;25479.75;;25479.75;3;BID;
20251110;175100.571;;25480.50;25480.50;4;ASK;
20251110;175100.571;25479.75;;25479.75;4;BID;
20251110;175100.647;;;25480.25;1;BETWEEN;
20251110;175100.666;;;25480.00;4;BETWEEN;
20251110;175100.666;25479.25;;25479.25;5;BID;
20251110;175100.654;;25480.25;25480.25;2;ASK;
20251110;175100.654;;;25479.75;1;BETWEEN;
20251110;175100.654;25479.75;;25479.75;1;BID;
20251110;175100.666;;;25480.00;4;BETWEEN;
20251110;175100.666;25479.25;;25479.25;5;BID;
20251110;175100.705;;25480.00;25480.00;3;ASK;
20251110;175100.705;;;25479.50;2;BETWEEN;
20251110;175100.744;;25480.75;25480.75;3;ASK;
20251110;175100.744;;;25480.25;3;BETWEEN;
20251110;175100.764;;25480.75;25480.75;4;ASK;
20251110;175100.764;25480.00;;25480.00;3;BID;
20251110;175100.702;25480.00;;25480.00;4;BID;
20251110;175100.702;25479.25;;25479.25;5;BID;
20251110;175100.702;;25480.00;25480.00;1;ASK;
20251110;175100.734;;25480.00;25480.00;3;ASK;
20251110;175100.734;;;25479.50;2;BETWEEN;
20251110;175100.734;25479.50;;25479.50;1;BID;
20251110;175100.734;25479.50;;25479.50;1;BID;
20251110;175100.735;;;25479.75;2;BETWEEN;
20251110;175100.735;25479.25;;25479.25;4;BID;
20251110;175100.735;;25479.75;25479.75;1;ASK;
20251110;175100.735;;25479.75;25479.75;1;ASK;
20251110;175100.759;;25480.50;25480.50;2;ASK;
20251110;175100.759;;;25480.00;4;BETWEEN;
20251110;175100.759;25480.00;;25480.00;1;BID;
20251110;175100.764;;25480.75;25480.75;4;ASK;
20251110;175100.764;25480.00;;25480.00;3;BID;
20251110;175100.827;;;25480.50;2;BETWEEN;
20251110;175100.827;25480.00;;25480.00;2;BID;
20251110;175100.862;25479.75;;25479.75;2;BID;
20251110;175100.862;25479.25;;25479.25;3;BID;
20251110;175100.852;;25480.25;25480.25;3;ASK;
20251110;175100.852;;;25479.75;1;BETWEEN;
20251110;175100.852;25479.75;;25479.75;1;BID;
20251110;175100.907;25479.50;;25479.50;2;BID;
20251110;175100.907;25479.00;;25479.00;2;BID;
20251110;175100.907;;25479.50;25479.50;1;ASK;
20251110;175100.907;;25479.50;25479.50;1;ASK;
20251110;175100.923;;25480.25;25480.25;2;ASK;
20251110;175100.923;;;25479.75;4;BETWEEN;
20251110;175100.949;25479.75;;25479.75;2;BID;
20251110;175100.999;25479.50;;25479.50;4;BID;
20251110;175101.094;;;25479.75;2;BETWEEN;
20251110;175101.132;25479.75;;25479.75;3;BID;
20251110;175101.153;;25480.50;25480.50;5;ASK;
20251110;175101.153;25479.75;;25479.75;4;BID;
20251110;175101.139;;;25480.00;1;BETWEEN;
20251110;175101.139;25479.75;;25479.75;2;BID;
20251110;175101.139;;25480.00;25480.00;1;ASK;
20251110;175101.153;;25480.50;25480.50;5;ASK;
20251110;175101.153;25479.75;;25479.75;4;BID;
20251110;175101.181;;25480.50;25480.50;2;ASK;
20251110;175101.181;;;25480.00;2;BETWEEN;
20251110;175101.223;;;25480.25;4;BETWEEN;
20251110;175101.223;25479.50;;25479.50;4;BID;
20251110;175101.241;;25480.25;25480.25;3;ASK;
20251110;175101.241;;;25479.75;2;BETWEEN;
20251110;175101.287;;25480.25;25480.25;2;ASK;
20251110;175101.396;;;25480.00;3;BETWEEN;
20251110;175101.396;25479.50;;25479.50;2;BID;
20251110;175101.427;;;25479.75;3;BETWEEN;
20251110;175101.427;25479.25;;25479.25;3;BID;
20251110;175101.451;;25479.75;25479.75;1;ASK;
20251110;175101.507;25478.00;;25478.00;1;BID;
20251110;175101.507;25477.50;;25477.50;4;BID;
20251110;175101.486;;25480.00;25480.00;4;ASK;
20251110;175101.486;;;25479.50;1;BETWEEN;
20251110;175101.486;25479.50;;25479.50;1;BID;
20251110;175101.502;25478.50;;25478.50;1;BID;
20251110;175101.502;25478.25;;25478.25;2;BID;
20251110;175101.502;;25478.50;25478.50;1;ASK;
20251110;175101.503;;25479.00;25479.00;3;ASK;
20251110;175101.503;;;25478.50;2;BETWEEN;
20251110;175101.503;25478.50;;25478.50;1;BID;
20251110;175101.503;25478.50;;25478.50;1;BID;
20251110;175101.504;;;25478.75;3;BETWEEN;
20251110;175101.504;25478.25;;25478.25;1;BID;
20251110;175101.504;25478.25;;25478.25;1;BID;
20251110;175101.507;25478.00;;25478.00;1;BID;
20251110;175101.507;25477.50;;25477.50;4;BID;
20251110;175101.537;25477.50;;25477.50;5;BID;
20251110;175101.546;;25478.00;25478.00;3;ASK;
20251110;175101.546;25477.50;;25477.50;3;BID;
20251110;175101.597;25477.50;;25477.50;2;BID;
20251110;175101.633;;25478.50;25478.50;5;ASK;
20251110;175101.633;;;25477.75;5;BETWEEN;
20251110;175101.646;;;25478.25;3;BETWEEN;
20251110;175101.646;25477.75;;25477.75;2;BID;
20251110;175101.617;25477.75;;25477.75;2;BID;
20251110;175101.617;25477.50;;25477.50;2;BID;
20251110;175101.617;25477.50;;25477.50;1;BID;
20251110;175101.617;25477.50;;25477.50;1;BID;
20251110;175101.617;25477.50;;25477.50;1;BID;
20251110;175101.617;25477.25;;25477.25;4;BID;
20251110;175101.617;25477.25;;25477.25;1;BID;
20251110;175101.619;;25477.75;25477.75;3;ASK;
20251110;175101.619;25477.00;;25477.00;4;BID;
20251110;175101.619;;25477.75;25477.75;1;ASK;
20251110;175101.619;;25477.75;25477.75;1;ASK;
20251110;175101.646;;25478.25;25478.25;3;ASK;
20251110;175101.646;;;25477.75;2;BETWEEN;
20251110;175101.691;;25478.50;25478.50;3;ASK;
20251110;175101.691;;;25478.00;3;BETWEEN;
20251110;175101.718;;25478.75;25478.75;4;ASK;
20251110;175101.744;;;25478.25;4;BETWEEN;
20251110;175101.768;;25478.75;25478.75;3;ASK;
20251110;175101.806;;25478.75;25478.75;1;ASK;
20251110;175101.806;;;25478.50;1;BETWEEN;
20251110;175101.826;;25478.75;25478.75;4;ASK;
20251110;175101.826;25478.25;;25478.25;3;BID;
20251110;175101.862;;25479.50;25479.50;3;ASK;
20251110;175101.862;;;25479.00;2;BETWEEN;
20251110;175101.817;25478.75;;25478.75;1;BID;
20251110;175101.817;25478.50;;25478.50;1;BID;
20251110;175101.817;25478.50;;25478.50;1;BID;
20251110;175101.854;25478.50;;25478.50;2;BID;
20251110;175101.854;;25478.75;25478.75;1;ASK;
20251110;175101.856;;25479.00;25479.00;1;ASK;
20251110;175101.856;;;25478.75;3;BETWEEN;
20251110;175101.856;;25479.00;25479.00;1;ASK;
20251110;175101.862;;25479.50;25479.50;3;ASK;
20251110;175101.862;;;25479.00;2;BETWEEN;
20251110;175101.904;;;25479.25;2;BETWEEN;
20251110;175101.904;25478.75;;25478.75;4;BID;
20251110;175101.945;;25480.00;25480.00;4;ASK;
20251110;175101.945;;;25479.50;2;BETWEEN;
20251110;175101.969;;25480.00;25480.00;3;ASK;
20251110;175102.027;;25480.25;25480.25;4;ASK;
20251110;175102.027;;;25479.75;1;BETWEEN;
20251110;175102.052;25479.75;;25479.75;3;BID;
20251110;175102.052;25479.25;;25479.25;4;BID;
20251110;175102.075;;25480.00;25480.00;3;ASK;
20251110;175102.051;;25480.00;25480.00;1;ASK;
20251110;175102.051;;;25479.50;3;BETWEEN;
20251110;175102.051;25479.50;;25479.50;1;BID;
20251110;175102.075;;25480.00;25480.00;3;ASK;
20251110;175102.075;25479.25;;25479.25;4;BID;
20251110;175102.137;;;25479.50;1;BETWEEN;
20251110;175102.137;25479.00;;25479.00;3;BID;
20251110;175102.135;;25479.75;25479.75;5;ASK;
20251110;175102.135;25479.00;;25479.00;1;BID;
20251110;175102.137;;;25479.50;1;BETWEEN;
20251110;175102.247;25479.00;;25479.00;4;BID;
20251110;175102.276;;25479.50;25479.50;4;ASK;
20251110;175102.276;25479.00;;25479.00;2;BID;
20251110;175102.244;;25479.50;25479.50;1;ASK;
20251110;175102.244;25479.00;;25479.00;3;BID;
20251110;175102.244;25479.00;;25479.00;1;BID;
20251110;175102.276;;25479.50;25479.50;4;ASK;
20251110;175102.276;25479.00;;25479.00;2;BID;
20251110;175102.316;25479.00;;25479.00;3;BID;
20251110;175102.316;25478.25;;25478.25;5;BID;
20251110;175102.341;25478.25;;25478.25;3;BID;
20251110;175102.341;25477.75;;25477.75;2;BID;
20251110;175102.298;;25479.00;25479.00;1;ASK;
20251110;175102.298;;;25478.50;3;BETWEEN;
20251110;175102.298;;25479.00;25479.00;1;ASK;
20251110;175102.300;;25479.50;25479.50;4;ASK;
20251110;175102.300;;;25479.00;1;BETWEEN;
20251110;175102.300;25479.00;;25479.00;1;BID;
20251110;175102.352;25478.00;;25478.00;1;BID;
20251110;175102.352;25477.50;;25477.50;5;BID;
20251110;175102.419;;25478.00;25478.00;6;ASK;
20251110;175102.419;25477.25;;25477.25;5;BID;
20251110;175102.393;;25478.00;25478.00;1;ASK;
20251110;175102.393;;;25477.75;2;BETWEEN;
20251110;175102.393;;25478.00;25478.00;1;ASK;
20251110;175102.407;;25478.25;25478.25;7;ASK;
20251110;175102.407;25477.75;;25477.75;1;BID;
20251110;175102.407;25477.75;;25477.75;1;BID;
20251110;175102.419;;;25478.00;6;BETWEEN;
20251110;175102.419;25477.25;;25477.25;5;BID;
20251110;175102.448;;25478.00;25478.00;4;ASK;
20251110;175102.448;;;25477.50;4;BETWEEN;
20251110;175102.473;;;25477.75;1;BETWEEN;
20251110;175102.473;25477.50;;25477.50;3;BID;
20251110;175102.545;;25477.75;25477.75;3;ASK;
20251110;175102.545;25477.50;;25477.50;2;BID;
20251110;175102.558;;25478.00;25478.00;1;ASK;
20251110;175102.558;25477.50;;25477.50;7;BID;
20251110;175102.558;;25478.00;25478.00;1;ASK;
20251110;175102.576;;;25477.75;2;BETWEEN;
20251110;175102.627;;25478.25;25478.25;3;ASK;
20251110;175102.627;25477.75;;25477.75;4;BID;
20251110;175102.659;;25478.25;25478.25;4;ASK;
20251110;175102.659;25477.75;;25477.75;5;BID;
20251110;175102.688;;25478.25;25478.25;3;ASK;
20251110;175102.688;25477.75;;25477.75;3;BID;
20251110;175102.750;;25478.50;25478.50;6;ASK;
20251110;175102.750;;;25478.25;4;BETWEEN;
20251110;175102.750;;25478.25;25478.25;3;ASK;
20251110;175102.750;;25478.25;25478.25;1;ASK;
20251110;175102.750;;25478.50;25478.50;1;ASK;
20251110;175102.781;;25478.25;25478.25;1;ASK;
20251110;175102.781;25477.75;;25477.75;4;BID;
20251110;175102.809;;;25478.00;2;BETWEEN;
20251110;175102.809;25477.50;;25477.50;3;BID;
20251110;175102.778;;25478.75;25478.75;2;ASK;
20251110;175102.778;;;25478.50;2;BETWEEN;
20251110;175102.778;25478.50;;25478.50;1;BID;
20251110;175102.778;25478.50;;25478.50;1;BID;
20251110;175102.779;25478.50;;25478.50;4;BID;
20251110;175102.779;25478.25;;25478.25;1;BID;
20251110;175102.779;25478.25;;25478.25;1;BID;
20251110;175102.840;;25478.50;25478.50;3;ASK;
20251110;175102.840;25478.00;;25478.00;4;BID;
20251110;175102.871;25478.00;;25478.00;3;BID;
20251110;175102.898;;25478.50;25478.50;1;ASK;
20251110;175102.898;25478.00;;25478.00;4;BID;
20251110;175102.907;;25478.75;25478.75;5;ASK;
20251110;175102.907;25478.00;;25478.00;1;BID;
20251110;175102.924;;;25478.50;1;BETWEEN;
20251110;175102.924;25478.00;;25478.00;5;BID;
20251110;175102.944;;25478.50;25478.50;4;ASK;
20251110;175102.944;25477.75;;25477.75;5;BID;
20251110;175102.992;;;25478.25;1;BETWEEN;
20251110;175102.992;25477.75;;25477.75;4;BID;
20251110;175103.018;;;25478.00;3;BETWEEN;
20251110;175103.018;25477.50;;25477.50;2;BID;
20251110;175103.081;;25478.00;25478.00;2;ASK;
20251110;175103.089;;25478.25;25478.25;2;ASK;
20251110;175103.089;;;25477.75;4;BETWEEN;
20251110;175103.089;;25478.25;25478.25;1;ASK;
20251110;175103.089;;25478.25;25478.25;1;ASK;
20251110;175103.114;;25478.50;25478.50;1;ASK;
20251110;175103.114;;;25478.00;6;BETWEEN;
20251110;175103.146;;;25478.25;4;BETWEEN;
20251110;175103.146;25477.75;;25477.75;2;BID;
20251110;175103.207;;25478.50;25478.50;2;ASK;
20251110;175103.207;;;25478.00;1;BETWEEN;
20251110;175103.241;;;25478.25;3;BETWEEN;
20251110;175103.241;25477.50;;25477.50;3;BID;
20251110;175103.249;;;25478.00;2;BETWEEN;
20251110;175103.249;25477.50;;25477.50;2;BID;
20251110;175103.340;;25478.00;25478.00;4;ASK;
20251110;175103.340;25477.25;;25477.25;8;BID;
20251110;175103.361;;25478.00;25478.00;5;ASK;
20251110;175103.361;;;25477.50;1;BETWEEN;
20251110;175103.378;25477.50;;25477.50;2;BID;
20251110;175103.378;25477.00;;25477.00;4;BID;
20251110;175103.378;;25477.50;25477.50;1;ASK;
20251110;175103.378;;25477.50;25477.50;1;ASK;
20251110;175103.378;;25477.50;25477.50;1;ASK;
20251110;175103.392;;25478.00;25478.00;3;ASK;
20251110;175103.392;;;25477.50;1;BETWEEN;
20251110;175103.416;25477.25;;25477.25;5;BID;
20251110;175103.442;;;25477.50;2;BETWEEN;
20251110;175103.465;;;25477.75;2;BETWEEN;
20251110;175103.465;25477.25;;25477.25;3;BID;
20251110;175103.515;25477.25;;25477.25;1;BID;
20251110;175103.515;25476.75;;25476.75;5;BID;
20251110;175103.490;;25477.50;25477.50;2;ASK;
20251110;175103.490;;;25477.00;3;BETWEEN;
20251110;175103.490;;25477.50;25477.50;1;ASK;
20251110;175103.490;;25477.50;25477.50;1;ASK;
20251110;175103.491;;25477.75;25477.75;1;ASK;
20251110;175103.491;;;25477.50;1;BETWEEN;
20251110;175103.491;;25477.75;25477.75;1;ASK;
20251110;175103.492;;25478.00;25478.00;1;ASK;
20251110;175103.492;25477.50;;25477.50;5;BID;
20251110;175103.492;25477.50;;25477.50;1;BID;
20251110;175103.493;;25478.00;25478.00;2;ASK;
20251110;175103.493;;;25477.75;1;BETWEEN;
20251110;175103.493;25477.75;;25477.75;1;BID;
20251110;175103.494;;25478.00;25478.00;5;ASK;
20251110;175103.494;25477.50;;25477.50;1;BID;
20251110;175103.494;25477.50;;25477.50;1;BID;
20251110;175103.501;25477.50;;25477.50;2;BID;
20251110;175103.501;25477.25;;25477.25;1;BID;
20251110;175103.501;25477.25;;25477.25;1;BID;
20251110;175103.515;25477.25;;25477.25;1;BID;
20251110;175103.515;25476.75;;25476.75;5;BID;
20251110;175103.544;;25477.50;25477.50;4;ASK;
20251110;175103.544;;;25477.00;1;BETWEEN;
20251110;175103.573;;25477.50;25477.50;2;ASK;
20251110;175103.573;25477.00;;25477.00;4;BID;
20251110;175103.633;;25477.50;25477.50;3;ASK;
20251110;175103.633;25477.00;;25477.00;3;BID;
20251110;175103.693;;25478.00;25478.00;3;ASK;
20251110;175103.693;;;25477.50;2;BETWEEN;
20251110;175103.701;;25478.00;25478.00;2;ASK;
20251110;175103.669;;;25477.75;1;BETWEEN;
20251110;175103.669;25477.25;;25477.25;5;BID;
20251110;175103.669;;25477.75;25477.75;1;ASK;
20251110;175103.701;;25478.00;25478.00;2;ASK;
20251110;175103.701;;;25477.50;2;BETWEEN;
20251110;175103.750;;25478.00;25478.00;3;ASK;
20251110;175103.750;25477.25;;25477.25;4;BID;
20251110;175103.817;;;25477.50;3;BETWEEN;
20251110;175103.817;25477.00;;25477.00;3;BID;
20251110;175103.844;;25477.50;25477.50;2;ASK;
20251110;175103.844;25477.00;;25477.00;4;BID;
20251110;175103.816;;25477.75;25477.75;4;ASK;
20251110;175103.816;;;25477.25;2;BETWEEN;
20251110;175103.816;25477.25;;25477.25;1;BID;
20251110;175103.816;25477.25;;25477.25;1;BID;
20251110;175103.816;25477.25;;25477.25;1;BID;
20251110;175103.844;;;25477.50;2;BETWEEN;
20251110;175103.844;25477.00;;25477.00;4;BID;
20251110;175103.873;;25477.50;25477.50;4;ASK;
20251110;175103.873;25477.00;;25477.00;1;BID;
20251110;175103.900;;25477.75;25477.75;2;ASK;
20251110;175103.900;;;25477.25;2;BETWEEN;
20251110;175103.937;;25477.75;25477.75;5;ASK;
20251110;175103.937;25477.00;;25477.00;4;BID;
20251110;175103.987;;;25477.50;2;BETWEEN;
20251110;175103.987;25477.00;;25477.00;3;BID;
20251110;175103.987;;25477.50;25477.50;1;ASK;
20251110;175103.997;;25477.75;25477.75;4;ASK;
20251110;175104.010;;;25477.50;1;BETWEEN;
20251110;175104.060;;;25477.25;2;BETWEEN;
20251110;175104.060;25476.75;;25476.75;4;BID;
20251110;175104.081;;25477.75;25477.75;4;ASK;
20251110;175104.081;;;25477.00;3;BETWEEN;
20251110;175104.112;;;25477.50;3;BETWEEN;
20251110;175104.112;25477.00;;25477.00;2;BID;
20251110;175104.134;25476.75;;25476.75;5;BID;
20251110;175104.181;;25477.50;25477.50;4;ASK;
20251110;175104.180;;25477.50;25477.50;3;ASK;
20251110;175104.180;25476.75;;25476.75;1;BID;
20251110;175104.181;;25477.50;25477.50;4;ASK;
20251110;175104.213;;25477.50;25477.50;2;ASK;
20251110;175104.213;;;25477.00;3;BETWEEN;
20251110;175104.243;25477.00;;25477.00;4;BID;
20251110;175104.275;;25478.00;25478.00;4;ASK;
20251110;175104.275;;;25477.50;4;BETWEEN;
20251110;175104.256;25477.50;;25477.50;1;BID;
20251110;175104.256;25477.00;;25477.00;3;BID;
20251110;175104.256;;25477.50;25477.50;1;ASK;
20251110;175104.275;;25478.00;25478.00;4;ASK;
20251110;175104.275;;;25477.50;4;BETWEEN;
20251110;175104.300;;25478.25;25478.25;4;ASK;
20251110;175104.300;;;25477.75;1;BETWEEN;
20251110;175104.334;;;25478.00;1;BETWEEN;
20251110;175104.334;25477.50;;25477.50;5;BID;
20251110;175104.381;;25478.00;25478.00;3;ASK;
20251110;175104.381;25477.50;;25477.50;4;BID;
20251110;175104.368;;25478.00;25478.00;1;ASK;
20251110;175104.368;25477.50;;25477.50;5;BID;
20251110;175104.368;25477.50;;25477.50;1;BID;
20251110;175104.368;25477.50;;25477.50;1;BID;
20251110;175104.381;;25478.00;25478.00;3;ASK;
20251110;175104.381;25477.50;;25477.50;4;BID;
20251110;175104.421;;;25477.75;2;BETWEEN;
20251110;175104.421;25477.25;;25477.25;4;BID;
20251110;175104.455;;25477.75;25477.75;1;ASK;
20251110;175104.474;;25477.75;25477.75;3;ASK;
20251110;175104.499;;;25477.50;2;BETWEEN;
20251110;175104.499;25477.00;;25477.00;3;BID;
20251110;175104.553;25477.00;;25477.00;6;BID;
20251110;175104.553;25476.25;;25476.25;4;BID;
20251110;175104.590;;;25476.50;2;BETWEEN;
20251110;175104.590;25476.00;;25476.00;3;BID;
20251110;175104.620;;25476.75;25476.75;1;ASK;
20251110;175104.620;;;25476.25;2;BETWEEN;
20251110;175104.611;25476.25;;25476.25;1;BID;
20251110;175104.611;25475.75;;25475.75;3;BID;
20251110;175104.611;;25476.25;25476.25;1;ASK;
20251110;175104.620;;25476.75;25476.75;1;ASK;
20251110;175104.620;;;25476.25;2;BETWEEN;
20251110;175104.648;;25476.75;25476.75;3;ASK;
20251110;175104.648;25476.00;;25476.00;6;BID;
20251110;175104.681;;25476.75;25476.75;4;ASK;
20251110;175104.681;25476.00;;25476.00;5;BID;
20251110;175104.734;;25476.75;25476.75;2;ASK;
20251110;175104.734;;;25476.25;2;BETWEEN;
20251110;175104.785;;;25476.50;2;BETWEEN;
20251110;175104.785;25476.00;;25476.00;3;BID;
20251110;175104.811;;25476.50;25476.50;4;ASK;
20251110;175104.811;25475.75;;25475.75;5;BID;
20251110;175104.845;;25476.75;25476.75;1;ASK;
20251110;175104.845;;;25476.25;2;BETWEEN;
20251110;175104.864;;25476.75;25476.75;5;ASK;
20251110;175104.864;25476.00;;25476.00;4;BID;
20251110;175104.888;;;25476.50;4;BETWEEN;
20251110;175104.935;;25476.50;25476.50;3;ASK;
20251110;175104.964;;25476.50;25476.50;2;ASK;
20251110;175104.999;;;25476.25;1;BETWEEN;
20251110;175104.999;25475.75;;25475.75;4;BID;
20251110;175105.005;;;25476.00;2;BETWEEN;
20251110;175105.005;25475.75;;25475.75;2;BID;
20251110;175105.005;25475.75;;25475.75;1;BID;
20251110;175105.005;25475.75;;25475.75;1;BID;
20251110;175105.005;25475.75;;25475.75;1;BID;
20251110;175105.030;;25476.25;25476.25;1;ASK;
20251110;175105.030;25475.75;;25475.75;3;BID;
20251110;175105.044;;;25476.00;1;BETWEEN;
20251110;175105.123;;25476.75;25476.75;3;ASK;
20251110;175105.123;25476.00;;25476.00;4;BID;
20251110;175105.096;;;25476.25;1;BETWEEN;
20251110;175105.096;25476.00;;25476.00;1;BID;
20251110;175105.096;25476.00;;25476.00;1;BID;
20251110;175105.123;;25476.75;25476.75;3;ASK;
20251110;175105.123;25476.00;;25476.00;4;BID;
20251110;175105.142;;;25476.25;1;BETWEEN;
20251110;175105.142;25475.75;;25475.75;4;BID;
20251110;175105.183;;25476.25;25476.25;3;ASK;
20251110;175105.183;25475.75;;25475.75;2;BID;
20251110;175105.171;;25476.50;25476.50;2;ASK;
20251110;175105.171;;;25476.00;3;BETWEEN;
20251110;175105.171;25476.00;;25476.00;1;BID;
20251110;175105.171;25476.00;;25476.00;1;BID;
20251110;175105.171;25476.00;;25476.00;1;BID;
20251110;175105.171;25475.75;;25475.75;1;BID;
20251110;175105.171;25475.75;;25475.75;1;BID;
20251110;175105.183;;;25476.25;3;BETWEEN;
20251110;175105.183;25475.75;;25475.75;2;BID;
20251110;175105.255;;25476.25;25476.25;2;ASK;
20251110;175105.284;25475.50;;25475.50;1;BID;
20251110;175105.284;25475.00;;25475.00;5;BID;
20251110;175105.278;;25475.75;25475.75;1;ASK;
20251110;175105.278;;;25475.50;3;BETWEEN;
20251110;175105.278;;25475.75;25475.75;1;ASK;
20251110;175105.284;25475.50;;25475.50;1;BID;
20251110;175105.284;25475.00;;25475.00;5;BID;
20251110;175105.312;;25475.75;25475.75;4;ASK;
20251110;175105.312;25475.00;;25475.00;6;BID;
20251110;175105.345;;;25475.50;1;BETWEEN;
20251110;175105.345;25475.00;;25475.00;5;BID;
20251110;175105.360;25475.00;;25475.00;3;BID;
20251110;175105.391;;25475.50;25475.50;3;ASK;
20251110;175105.391;25475.00;;25475.00;4;BID;
20251110;175105.417;25475.00;;25475.00;1;BID;
20251110;175105.420;;25475.50;25475.50;4;ASK;
20251110;175105.420;25475.00;;25475.00;3;BID;
20251110;175105.459;;25475.50;25475.50;1;ASK;
20251110;175105.459;;25475.50;25475.50;1;ASK;
20251110;175105.459;;25475.50;25475.50;1;ASK;
20251110;175105.459;;25475.75;25475.75;7;ASK;
20251110;175105.459;;;25475.25;2;BETWEEN;
20251110;175105.459;;25475.75;25475.75;1;ASK;
20251110;175105.459;;25475.75;25475.75;1;ASK;
20251110;175105.459;;25475.75;25475.75;1;ASK;
20251110;175105.459;;25475.75;25475.75;1;ASK;
20251110;175105.459;;25475.75;25475.75;1;ASK;
20251110;175105.462;;25476.00;25476.00;2;ASK;
20251110;175105.462;;;25475.50;7;BETWEEN;
20251110;175105.462;;25476.00;25476.00;1;ASK;
20251110;175105.462;;25476.00;25476.00;1;ASK;
20251110;175105.462;;25476.25;25476.25;5;ASK;
20251110;175105.462;25475.50;;25475.50;8;BID;
20251110;175105.462;;25476.25;25476.25;1;ASK;
20251110;175105.462;;25476.25;25476.25;1;ASK;
20251110;175105.462;;25476.25;25476.25;1;ASK;
20251110;175105.462;;25476.25;25476.25;1;ASK;
20251110;175105.462;;25476.25;25476.25;1;ASK;
20251110;175105.479;25475.50;;25475.50;1;BID;
20251110;175105.479;25475.25;;25475.25;1;BID;
20251110;175105.479;25475.25;;25475.25;1;BID;
20251110;175105.482;25475.25;;25475.25;3;BID;
20251110;175105.482;25474.75;;25474.75;1;BID;
20251110;175105.482;25474.75;;25474.75;1;BID;
20251110;175105.511;;25476.00;25476.00;2;ASK;
20251110;175105.511;;;25475.50;2;BETWEEN;
20251110;175105.486;25475.00;;25475.00;1;BID;
20251110;175105.486;25474.75;;25474.75;1;BID;
20251110;175105.486;25474.75;;25474.75;1;BID;
20251110;175105.492;;25475.25;25475.25;3;ASK;
20251110;175105.492;25474.50;;25474.50;3;BID;
20251110;175105.492;;25475.25;25475.25;1;ASK;
20251110;175105.492;;;25475.00;2;BETWEEN;
20251110;175105.492;;;25474.75;3;BETWEEN;
20251110;175105.492;;25475.00;25475.00;1;ASK;
20251110;175105.492;;25475.00;25475.00;1;ASK;
20251110;175105.542;;25476.50;25476.50;6;ASK;
20251110;175105.542;;;25475.75;2;BETWEEN;
20251110;175105.568;;;25476.25;1;BETWEEN;
20251110;175105.613;;25477.00;25477.00;1;ASK;
20251110;175105.613;;;25476.50;4;BETWEEN;
20251110;175105.675;;25477.00;25477.00;3;ASK;
20251110;175105.675;25476.50;;25476.50;2;BID;
20251110;175105.718;;25477.00;25477.00;4;ASK;
20251110;175105.741;;;25476.75;1;BETWEEN;
20251110;175105.741;25476.25;;25476.25;3;BID;
20251110;175105.719;;25477.00;25477.00;4;ASK;
20251110;175105.719;;;25476.50;2;BETWEEN;
20251110;175105.719;25476.50;;25476.50;1;BID;
20251110;175105.719;25476.50;;25476.50;1;BID;
20251110;175105.741;;;25476.75;1;BETWEEN;
20251110;175105.741;25476.25;;25476.25;3;BID;
20251110;175105.809;;25476.75;25476.75;4;ASK;
20251110;175105.809;25476.00;;25476.00;5;BID;
20251110;175105.869;;;25476.50;2;BETWEEN;
20251110;175105.869;25476.00;;25476.00;4;BID;
20251110;175105.880;25476.00;;25476.00;1;BID;
20251110;175105.894;;25476.50;25476.50;3;ASK;
20251110;175105.894;25476.00;;25476.00;2;BID;
20251110;175105.932;;25476.50;25476.50;4;ASK;
20251110;175105.932;25476.00;;25476.00;1;BID;
20251110;175105.952;;;25476.25;1;BETWEEN;
20251110;175105.952;25475.75;;25475.75;3;BID;
20251110;175105.988;;;25476.00;2;BETWEEN;
20251110;175105.988;25475.50;;25475.50;3;BID;
20251110;175106.014;;25476.25;25476.25;3;ASK;
20251110;175106.014;25475.50;;25475.50;4;BID;
20251110;175106.089;25475.50;;25475.50;3;BID;
20251110;175106.115;;;25475.75;1;BETWEEN;
20251110;175106.208;;25476.25;25476.25;1;ASK;
20251110;175106.208;25475.75;;25475.75;3;BID;
20251110;175106.238;;25476.50;25476.50;3;ASK;
20251110;175106.238;;;25476.00;3;BETWEEN;
20251110;175106.264;;25476.50;25476.50;2;ASK;
20251110;175106.341;;25476.50;25476.50;4;ASK;
20251110;175106.341;25475.75;;25475.75;4;BID;
20251110;175106.332;;25476.50;25476.50;2;ASK;
20251110;175106.332;;;25476.00;2;BETWEEN;
20251110;175106.332;25476.00;;25476.00;1;BID;
20251110;175106.341;;25476.50;25476.50;4;ASK;
20251110;175106.341;25475.75;;25475.75;4;BID;
20251110;175106.367;;;25476.00;3;BETWEEN;
20251110;175106.403;;;25476.25;1;BETWEEN;
20251110;175106.403;25475.75;;25475.75;3;BID;
20251110;175106.379;25475.75;;25475.75;4;BID;
20251110;175106.379;25475.75;;25475.75;1;BID;
20251110;175106.403;25475.75;;25475.75;3;BID;
20251110;175106.432;;25476.50;25476.50;3;ASK;
20251110;175106.432;;;25476.00;2;BETWEEN;
20251110;175106.460;;25477.25;25477.25;4;ASK;
20251110;175106.460;;;25476.75;1;BETWEEN;
20251110;175106.436;25476.50;;25476.50;3;BID;
20251110;175106.436;25476.00;;25476.00;2;BID;
20251110;175106.436;;25476.50;25476.50;1;ASK;
20251110;175106.436;;25476.50;25476.50;1;ASK;
20251110;175106.436;;25476.50;25476.50;1;ASK;
20251110;175106.460;;25477.25;25477.25;4;ASK;
20251110;175106.460;;;25476.75;1;BETWEEN;
20251110;175106.491;;25477.25;25477.25;2;ASK;
20251110;175106.491;25476.75;;25476.75;2;BID;
20251110;175106.555;;;25477.00;2;BETWEEN;
20251110;175106.555;25476.25;;25476.25;4;BID;
20251110;175106.587;;25477.00;25477.00;3;ASK;
20251110;175106.587;;;25476.50;3;BETWEEN;
20251110;175106.603;;25477.00;25477.00;2;ASK;
20251110;175106.631;;25477.25;25477.25;5;ASK;
20251110;175106.631;;;25476.75;2;BETWEEN;
20251110;175106.674;;25478.25;25478.25;2;ASK;
20251110;175106.674;;;25477.75;2;BETWEEN;
20251110;175106.694;;25478.75;25478.75;1;ASK;
20251110;175106.694;;;25478.25;4;BETWEEN;
20251110;175106.667;25477.25;;25477.25;4;BID;
20251110;175106.667;25476.75;;25476.75;1;BID;
20251110;175106.667;;25477.25;25477.25;1;ASK;
20251110;175106.667;;25477.25;25477.25;1;ASK;
20251110;175106.667;;25477.25;25477.25;1;ASK;
20251110;175106.667;;25477.25;25477.25;1;ASK;
20251110;175106.668;;25477.50;25477.50;9;ASK;
20251110;175106.668;;;25477.25;4;BETWEEN;
20251110;175106.668;;25477.50;25477.50;1;ASK;
20251110;175106.668;;25477.50;25477.50;8;ASK;
20251110;175106.668;;25477.50;25477.50;1;ASK;
20251110;175106.668;;25477.50;25477.50;7;ASK;
20251110;175106.668;;25477.50;25477.50;6;ASK;
20251110;175106.668;;25477.50;25477.50;1;ASK;
20251110;175106.670;;25477.75;25477.75;2;ASK;
20251110;175106.670;;25477.75;25477.75;1;ASK;
20251110;175106.671;;25478.00;25478.00;4;ASK;
20251110;175106.671;;;25477.50;3;BETWEEN;
20251110;175106.671;;25478.00;25478.00;1;ASK;
20251110;175106.671;;25478.00;25478.00;1;ASK;
20251110;175106.671;;25478.00;25478.00;1;ASK;
20251110;175106.671;;25478.00;25478.00;1;ASK;
20251110;175106.674;;25478.25;25478.25;2;ASK;
20251110;175106.674;;;25477.75;2;BETWEEN;
20251110;175106.674;;25478.25;25478.25;1;ASK;
20251110;175106.674;;25478.25;25478.25;1;ASK;
20251110;175106.678;;25478.50;25478.50;2;ASK;
20251110;175106.678;;;25478.25;1;BETWEEN;
20251110;175106.678;25478.25;;25478.25;1;BID;
20251110;175106.678;25478.00;;25478.00;10;BID;
20251110;175106.678;;25478.50;25478.50;1;ASK;
20251110;175106.684;;25479.00;25479.00;2;ASK;
20251110;175106.684;;;25478.75;1;BETWEEN;
20251110;175106.684;25478.75;;25478.75;1;BID;
20251110;175106.694;25478.75;;25478.75;1;BID;
20251110;175106.694;25478.25;;25478.25;4;BID;
20251110;175106.726;;25479.00;25479.00;4;ASK;
20251110;175106.726;;;25478.50;2;BETWEEN;
20251110;175106.744;;25479.00;25479.00;2;ASK;
20251110;175106.744;25478.50;;25478.50;3;BID;
20251110;175106.741;25478.50;;25478.50;5;BID;
20251110;175106.741;25478.50;;25478.50;1;BID;
20251110;175106.744;25478.50;;25478.50;3;BID;
20251110;175106.788;25478.50;;25478.50;5;BID;
20251110;175106.828;;25479.00;25479.00;1;ASK;
20251110;175106.772;;25479.00;25479.00;2;ASK;
20251110;175106.772;25478.50;;25478.50;4;BID;
20251110;175106.772;;25479.00;25479.00;2;ASK;
20251110;175106.772;;25479.25;25479.25;1;ASK;
20251110;175106.772;;25479.25;25479.25;1;ASK;
20251110;175106.828;;25479.00;25479.00;1;ASK;
20251110;175106.828;25478.50;;25478.50;5;BID;
20251110;175106.853;;25479.00;25479.00;2;ASK;
20251110;175106.853;25478.50;;25478.50;4;BID;
20251110;175106.890;25478.50;;25478.50;1;BID;
20251110;175106.890;25478.00;;25478.00;6;BID;
20251110;175106.915;;;25478.25;1;BETWEEN;
20251110;175106.915;25477.75;;25477.75;4;BID;
20251110;175106.951;;25478.50;25478.50;3;ASK;
20251110;175106.951;25477.75;;25477.75;6;BID;
20251110;175106.980;;25478.50;25478.50;2;ASK;
20251110;175106.980;;;25478.00;2;BETWEEN;
20251110;175106.994;;;25478.25;2;BETWEEN;
20251110;175106.994;25477.75;;25477.75;3;BID;
20251110;175107.039;;25479.25;25479.25;1;ASK;
20251110;175107.039;;;25478.75;3;BETWEEN;
20251110;175106.984;25478.50;;25478.50;2;BID;
20251110;175106.984;25478.00;;25478.00;2;BID;
20251110;175106.984;25478.00;;25478.00;1;BID;
20251110;175106.984;25478.00;;25478.00;1;BID;
20251110;175107.039;;25479.25;25479.25;1;ASK;
20251110;175107.039;;;25478.75;3;BETWEEN;
20251110;175107.066;;25479.50;25479.50;5;ASK;
20251110;175107.066;25478.75;;25478.75;5;BID;
20251110;175107.103;;25479.50;25479.50;3;ASK;
20251110;175107.103;;;25479.00;4;BETWEEN;
20251110;175107.102;;;25479.25;2;BETWEEN;
20251110;175107.102;25478.75;;25478.75;4;BID;
20251110;175107.102;;25479.25;25479.25;1;ASK;
20251110;175107.102;;25479.25;25479.25;1;ASK;
20251110;175107.102;;25479.50;25479.50;1;ASK;
20251110;175107.117;;25479.25;25479.25;1;ASK;
20251110;175107.117;;;25479.00;1;BETWEEN;
20251110;175107.117;25479.00;;25479.00;1;BID;
20251110;175107.133;;25479.50;25479.50;5;ASK;
20251110;175107.139;;25479.50;25479.50;4;ASK;
20251110;175107.139;25479.00;;25479.00;2;BID;
20251110;175107.173;;25479.50;25479.50;1;ASK;
20251110;175107.190;;25479.50;25479.50;1;ASK;
20251110;175107.190;25479.00;;25479.00;3;BID;
20251110;175107.224;;25480.00;25480.00;5;ASK;
20251110;175107.224;;;25479.50;2;BETWEEN;
20251110;175107.201;25479.50;;25479.50;1;BID;
20251110;175107.201;25479.25;;25479.25;2;BID;
20251110;175107.201;;25479.50;25479.50;1;ASK;
20251110;175107.212;;25480.00;25480.00;3;ASK;
20251110;175107.212;;;25479.50;1;BETWEEN;
20251110;175107.212;25479.50;;25479.50;1;BID;
20251110;175107.224;;25480.00;25480.00;5;ASK;
20251110;175107.224;25479.50;;25479.50;2;BID;
20251110;175107.257;;25481.00;25481.00;3;ASK;
20251110;175107.257;;;25480.50;3;BETWEEN;
20251110;175107.275;;25481.25;25481.25;3;ASK;
20251110;175107.275;;;25480.75;2;BETWEEN;
20251110;175107.344;;25482.00;25482.00;5;ASK;
20251110;175107.344;;;25481.25;3;BETWEEN;
20251110;175107.371;;25482.00;25482.00;2;ASK;
20251110;175107.371;;;25481.50;3;BETWEEN;
20251110;175107.396;;25482.00;25482.00;3;ASK;
20251110;175107.396;25481.50;;25481.50;1;BID;
20251110;175107.428;;;25481.75;4;BETWEEN;
20251110;175107.428;25481.00;;25481.00;4;BID;
20251110;175107.459;;25482.00;25482.00;2;ASK;
20251110;175107.459;;;25481.50;4;BETWEEN;
20251110;175107.490;;;25481.75;2;BETWEEN;
20251110;175107.490;25481.25;;25481.25;4;BID;
20251110;175107.521;;25481.75;25481.75;4;ASK;
20251110;175107.521;25481.25;;25481.25;2;BID;
20251110;175107.541;25480.75;;25480.75;3;BID;
20251110;175107.541;25480.25;;25480.25;2;BID;
20251110;175107.525;;25481.50;25481.50;2;ASK;
20251110;175107.525;;;25481.00;1;BETWEEN;
20251110;175107.525;25481.00;;25481.00;1;BID;
20251110;175107.527;25481.00;;25481.00;1;BID;
20251110;175107.527;25480.75;;25480.75;1;BID;
20251110;175107.527;25480.75;;25480.75;1;BID;
20251110;175107.528;;25481.00;25481.00;4;ASK;
20251110;175107.528;25480.50;;25480.50;3;BID;
20251110;175107.528;25480.50;;25480.50;1;BID;
20251110;175107.528;25480.50;;25480.50;1;BID;
20251110;175107.528;25480.50;;25480.50;1;BID;
20251110;175107.530;25480.50;;25480.50;1;BID;
20251110;175107.530;25480.00;;25480.00;5;BID;
20251110;175107.530;;25480.50;25480.50;1;ASK;
20251110;175107.541;;25480.75;25480.75;3;ASK;
20251110;175107.541;;;25480.25;2;BETWEEN;
20251110;175107.577;;25481.00;25481.00;2;ASK;
20251110;175107.577;;;25480.50;2;BETWEEN;
20251110;175107.657;;25481.00;25481.00;4;ASK;
20251110;175107.657;25480.50;;25480.50;1;BID;
20251110;175107.676;;25481.00;25481.00;3;ASK;
20251110;175107.749;;25482.50;25482.50;2;ASK;
20251110;175107.749;;;25482.00;2;BETWEEN;
20251110;175107.732;25481.00;;25481.00;3;BID;
20251110;175107.732;25480.50;;25480.50;4;BID;
20251110;175107.732;;25481.00;25481.00;1;ASK;
20251110;175107.732;;25481.00;25481.00;1;ASK;
20251110;175107.732;;25481.00;25481.00;1;ASK;
20251110;175107.732;;25481.25;25481.25;6;ASK;
20251110;175107.732;;;25480.75;5;BETWEEN;
20251110;175107.732;;25481.25;25481.25;1;ASK;
20251110;175107.732;;25481.25;25481.25;1;ASK;
20251110;175107.732;;25481.25;25481.25;1;ASK;
20251110;175107.732;;25481.25;25481.25;1;ASK;
20251110;175107.732;;25481.25;25481.25;1;ASK;
20251110;175107.732;;25481.25;25481.25;1;ASK;
20251110;175107.734;;25481.50;25481.50;1;ASK;
20251110;175107.734;;;25481.25;1;BETWEEN;
20251110;175107.734;;25481.50;25481.50;1;ASK;
20251110;175107.734;;25481.75;25481.75;1;ASK;
20251110;175107.734;;25481.75;25481.75;1;ASK;
20251110;175107.734;;25481.75;25481.75;1;ASK;
20251110;175107.734;;25481.75;25481.75;1;ASK;
20251110;175107.734;;25482.00;25482.00;1;ASK;
20251110;175107.734;;25482.00;25482.00;1;ASK;
20251110;175107.734;;25482.00;25482.00;1;ASK;
20251110;175107.734;;25482.00;25482.00;1;ASK;
20251110;175107.734;;25482.00;25482.00;1;ASK;
20251110;175107.734;;25482.00;25482.00;1;ASK;
20251110;175107.734;;25482.00;25482.00;1;ASK;
20251110;175107.734;;25482.25;25482.25;1;ASK;
20251110;175107.734;;25482.25;25482.25;1;ASK;
20251110;175107.734;;25482.25;25482.25;1;ASK;
20251110;175107.734;;25482.25;25482.25;1;ASK;
20251110;175107.734;;25482.25;25482.25;1;ASK;
20251110;175107.734;;25482.25;25482.25;1;ASK;
20251110;175107.734;;25482.50;25482.50;1;ASK;
20251110;175107.734;;25482.50;25482.50;1;ASK;
20251110;175107.771;;25482.50;25482.50;1;ASK;
20251110;175107.771;;;25482.00;4;BETWEEN;
20251110;175107.771;25482.00;;25482.00;1;BID;
20251110;175107.779;25482.00;;25482.00;2;BID;
20251110;175107.810;;25483.00;25483.00;8;ASK;
20251110;175107.810;;;25482.50;3;BETWEEN;
20251110;175107.801;25482.50;;25482.50;1;BID;
20251110;175107.801;25482.00;;25482.00;3;BID;
20251110;175107.801;;25482.50;25482.50;1;ASK;
20251110;175107.811;;25483.00;25483.00;8;ASK;
20251110;175107.811;;;25482.50;4;BETWEEN;
20251110;175107.811;;25483.00;25483.00;1;ASK;
20251110;175107.811;;25483.00;25483.00;6;ASK;
20251110;175107.811;;;25482.75;3;BETWEEN;
20251110;175107.811;;25483.00;25483.00;5;ASK;
20251110;175107.811;;25483.00;25483.00;1;ASK;
20251110;175107.824;;25484.00;25484.00;5;ASK;
20251110;175107.824;;;25483.50;1;BETWEEN;
20251110;175107.824;25483.50;;25483.50;1;BID;
20251110;175107.831;;;25483.75;7;BETWEEN;
20251110;175107.831;25483.25;;25483.25;2;BID;
20251110;175107.831;25483.25;;25483.25;1;BID;
20251110;175107.831;25483.25;;25483.25;1;BID;
20251110;175107.831;25483.25;;25483.25;1;BID;
20251110;175107.840;;;25483.50;4;BETWEEN;
20251110;175107.840;25483.00;;25483.00;1;BID;
20251110;175107.840;25483.00;;25483.00;1;BID;
20251110;175107.841;;;25483.25;6;BETWEEN;
20251110;175107.841;25482.50;;25482.50;4;BID;
20251110;175107.862;;25483.50;25483.50;3;ASK;
20251110;175107.862;;;25483.00;1;BETWEEN;
20251110;175107.897;;25483.50;25483.50;2;ASK;
20251110;175107.897;25483.00;;25483.00;3;BID;
20251110;175107.931;25483.00;;25483.00;1;BID;
20251110;175107.944;;25483.50;25483.50;4;ASK;
20251110;175107.944;25482.75;;25482.75;5;BID;
20251110;175107.995;;;25483.00;1;BETWEEN;
20251110;175108.013;;25483.50;25483.50;2;ASK;
20251110;175108.013;25483.00;;25483.00;2;BID;
20251110;175108.031;25483.00;;25483.00;1;BID;
20251110;175108.062;;25483.50;25483.50;1;ASK;
20251110;175108.062;25483.00;;25483.00;3;BID;
20251110;175108.161;;;25483.25;2;BETWEEN;
20251110;175108.161;25482.75;;25482.75;3;BID;
20251110;175108.157;;25483.50;25483.50;2;ASK;
20251110;175108.157;;;25483.25;1;BETWEEN;
20251110;175108.157;25483.25;;25483.25;1;BID;
20251110;175108.158;;25483.50;25483.50;4;ASK;
20251110;175108.158;25483.00;;25483.00;1;BID;
20251110;175108.158;25483.00;;25483.00;1;BID;
20251110;175108.161;;;25483.25;2;BETWEEN;
20251110;175108.161;25482.75;;25482.75;3;BID;
20251110;175108.170;;25483.50;25483.50;3;ASK;
20251110;175108.170;25482.75;;25482.75;5;BID;
20251110;175108.228;;25483.50;25483.50;1;ASK;
20251110;175108.228;;;25483.00;4;BETWEEN;
20251110;175108.247;;25483.50;25483.50;2;ASK;
20251110;175108.247;25483.00;;25483.00;2;BID;
20251110;175108.282;;25484.00;25484.00;5;ASK;
20251110;175108.282;;;25483.50;1;BETWEEN;
20251110;175108.304;25483.00;;25483.00;3;BID;
20251110;175108.304;25482.25;;25482.25;7;BID;
20251110;175108.282;;25484.00;25484.00;5;ASK;
20251110;175108.282;;;25483.50;3;BETWEEN;
20251110;175108.282;25483.50;;25483.50;1;BID;
20251110;175108.304;25483.00;;25483.00;3;BID;
20251110;175108.304;25482.25;;25482.25;7;BID;
20251110;175108.335;;;25482.50;2;BETWEEN;
20251110;175108.367;;25483.00;25483.00;2;ASK;
20251110;175108.397;;25483.25;25483.25;4;ASK;
20251110;175108.397;25482.50;;25482.50;5;BID;
20251110;175108.427;25482.50;;25482.50;4;BID;
20251110;175108.464;;;25483.00;2;BETWEEN;
20251110;175108.464;25482.50;;25482.50;2;BID;
20251110;175108.478;;25483.00;25483.00;3;ASK;
20251110;175108.478;25482.25;;25482.25;5;BID;
20251110;175108.463;;;25482.50;3;BETWEEN;
20251110;175108.463;25482.50;;25482.50;1;BID;
20251110;175108.478;25482.25;;25482.25;5;BID;
20251110;175108.570;;25483.25;25483.25;5;ASK;
20251110;175108.570;;;25482.50;5;BETWEEN;
20251110;175108.605;25482.50;;25482.50;4;BID;
20251110;175108.605;25481.75;;25481.75;4;BID;
20251110;175108.636;;25482.75;25482.75;2;ASK;
20251110;175108.636;;;25482.25;3;BETWEEN;
20251110;175108.643;;25482.75;25482.75;1;ASK;
20251110;175108.643;;25482.75;25482.75;1;ASK;
20251110;175108.662;;;25482.50;3;BETWEEN;
20251110;175108.662;25482.00;;25482.00;2;BID;
20251110;175108.681;;25482.50;25482.50;2;ASK;
20251110;175108.681;25482.00;;25482.00;3;BID;
20251110;175108.659;;25482.75;25482.75;5;ASK;
20251110;175108.659;;;25482.25;1;BETWEEN;
20251110;175108.659;25482.25;;25482.25;1;BID;
20251110;175108.668;;;25482.50;3;BETWEEN;
20251110;175108.668;25482.00;;25482.00;2;BID;
20251110;175108.668;;25482.50;25482.50;1;ASK;
20251110;175108.681;;25482.50;25482.50;2;ASK;
20251110;175108.681;25482.00;;25482.00;3;BID;
20251110;175108.738;;25482.50;25482.50;3;ASK;
20251110;175108.769;;25482.50;25482.50;2;ASK;
20251110;175109.005;25481.75;;25481.75;3;BID;
20251110;175109.019;;25482.50;25482.50;1;ASK;
20251110;175109.019;;;25482.00;2;BETWEEN;
20251110;175108.990;;25482.50;25482.50;2;ASK;
20251110;175108.990;25482.00;;25482.00;3;BID;
20251110;175108.990;25482.00;;25482.00;1;BID;
20251110;175108.991;;25482.50;25482.50;4;ASK;
20251110;175108.991;25482.00;;25482.00;1;BID;
20251110;175108.991;25482.00;;25482.00;1;BID;
20251110;175108.998;25482.00;;25482.00;1;BID;
20251110;175108.998;25481.75;;25481.75;2;BID;
20251110;175108.998;;25482.00;25482.00;1;ASK;
20251110;175109.019;;25482.50;25482.50;1;ASK;
20251110;175109.019;;;25482.00;2;BETWEEN;
20251110;175109.061;;;25482.25;5;BETWEEN;
20251110;175109.061;25481.50;;25481.50;6;BID;
20251110;175109.080;25481.50;;25481.50;4;BID;
20251110;175109.141;;;25482.00;1;BETWEEN;
20251110;175109.164;;25482.50;25482.50;4;ASK;
20251110;175109.164;;;25481.75;2;BETWEEN;
20251110;175109.150;;;25482.00;1;BETWEEN;
20251110;175109.150;25481.50;;25481.50;3;BID;
20251110;175109.150;;25482.00;25482.00;1;ASK;
20251110;175109.150;;25482.25;25482.25;1;ASK;
20251110;175109.150;;25482.25;25482.25;1;ASK;
20251110;175109.164;;25482.50;25482.50;4;ASK;
20251110;175109.164;;;25481.75;2;BETWEEN;
20251110;175109.215;;;25482.25;2;BETWEEN;
20251110;175109.249;;;25482.00;1;BETWEEN;
20251110;175109.249;25481.50;;25481.50;4;BID;
20251110;175109.239;;25482.25;25482.25;3;ASK;
20251110;175109.239;;;25481.75;1;BETWEEN;
20251110;175109.239;25481.75;;25481.75;1;BID;
20251110;175109.249;;;25482.00;1;BETWEEN;
20251110;175109.249;25481.50;;25481.50;4;BID;
20251110;175109.269;;25482.25;25482.25;7;ASK;
20251110;175109.302;;25482.25;25482.25;6;ASK;
20251110;175109.302;;;25481.75;2;BETWEEN;
20251110;175109.318;25481.50;;25481.50;5;BID;
20251110;175109.403;;;25482.00;3;BETWEEN;
20251110;175109.422;;25482.25;25482.25;6;ASK;
20251110;175109.517;;25482.25;25482.25;3;ASK;
20251110;175109.517;;;25481.75;3;BETWEEN;
20251110;175109.595;;25482.25;25482.25;5;ASK;
20251110;175109.595;25481.75;;25481.75;1;BID;
20251110;175109.612;;25482.25;25482.25;2;ASK;
20251110;175109.612;25481.75;;25481.75;3;BID;
20251110;175109.598;;25482.25;25482.25;5;ASK;
20251110;175109.598;25481.75;;25481.75;1;BID;
20251110;175109.598;25481.75;;25481.75;1;BID;
20251110;175109.640;;25482.25;25482.25;2;ASK;
20251110;175109.640;25481.75;;25481.75;3;BID;
20251110;175109.640;;25482.25;25482.25;1;ASK;
20251110;175109.669;;25482.50;25482.50;4;ASK;
20251110;175109.669;;;25482.00;3;BETWEEN;
20251110;175109.676;;25482.50;25482.50;3;ASK;
20251110;175109.703;25482.00;;25482.00;4;BID;
20251110;175109.703;;25482.50;25482.50;1;ASK;
20251110;175109.703;;25482.50;25482.50;2;ASK;
20251110;175109.703;;;25482.25;3;BETWEEN;
20251110;175109.703;;25482.50;25482.50;2;ASK;
20251110;175109.712;;25483.00;25483.00;4;ASK;
20251110;175109.712;25482.25;;25482.25;5;BID;
20251110;175109.758;25482.25;;25482.25;3;BID;
20251110;175109.758;25481.75;;25481.75;1;BID;
20251110;175109.768;25481.75;;25481.75;3;BID;
20251110;175109.796;;25482.25;25482.25;1;ASK;
20251110;175109.853;;25482.25;25482.25;2;ASK;
20251110;175109.883;;25482.25;25482.25;3;ASK;
20251110;175110.018;;25482.50;25482.50;5;ASK;
20251110;175110.018;25481.75;;25481.75;5;BID;
20251110;175110.049;;;25482.25;7;BETWEEN;
20251110;175110.049;25481.50;;25481.50;4;BID;
20251110;175110.025;;25482.50;25482.50;4;ASK;
20251110;175110.025;;;25482.00;1;BETWEEN;
20251110;175110.025;;25482.50;25482.50;1;ASK;
20251110;175110.025;;25482.50;25482.50;1;ASK;
20251110;175110.025;;25482.50;25482.50;2;ASK;
20251110;175110.025;;25482.50;25482.50;1;ASK;
20251110;175110.030;;25483.25;25483.25;1;ASK;
20251110;175110.030;;;25482.75;3;BETWEEN;
20251110;175110.030;;25483.25;25483.25;1;ASK;
20251110;175110.040;25482.75;;25482.75;5;BID;
20251110;175110.040;25482.25;;25482.25;2;BID;
20251110;175110.040;25482.25;;25482.25;1;BID;
20251110;175110.040;25482.25;;25482.25;1;BID;
20251110;175110.041;;;25482.50;4;BETWEEN;
20251110;175110.041;25482.00;;25482.00;3;BID;
20251110;175110.041;25482.00;;25482.00;1;BID;
20251110;175110.041;25482.00;;25482.00;1;BID;
20251110;175110.042;25482.00;;25482.00;1;BID;
20251110;175110.042;25482.00;;25482.00;1;BID;
20251110;175110.042;;;25482.25;1;BETWEEN;
20251110;175110.042;25482.00;;25482.00;1;BID;
20251110;175110.042;25482.00;;25482.00;1;BID;
20251110;175110.043;;25482.25;25482.25;7;ASK;
20251110;175110.043;25481.75;;25481.75;1;BID;
20251110;175110.043;25481.75;;25481.75;1;BID;
20251110;175110.056;;;25482.00;2;BETWEEN;
20251110;175110.056;25481.50;;25481.50;3;BID;
20251110;175110.106;;25482.00;25482.00;1;ASK;
20251110;175110.146;;25482.25;25482.25;5;ASK;
20251110;175110.146;;;25481.75;1;BETWEEN;
20251110;175110.174;;;25482.00;4;BETWEEN;
20251110;175110.174;25481.50;;25481.50;2;BID;
20251110;175110.196;;25482.25;25482.25;5;ASK;
20251110;175110.196;25481.50;;25481.50;5;BID;
20251110;175110.252;;;25482.00;1;BETWEEN;
20251110;175110.278;;25482.25;25482.25;6;ASK;
20251110;175110.278;;;25481.75;1;BETWEEN;
20251110;175110.387;;;25482.00;2;BETWEEN;
20251110;175110.387;25481.50;;25481.50;3;BID;
20251110;175110.387;;25482.25;25482.25;6;ASK;
20251110;175110.387;;;25481.75;1;BETWEEN;
20251110;175110.387;25481.75;;25481.75;1;BID;
20251110;175110.410;;25482.75;25482.75;2;ASK;
20251110;175110.410;;;25482.25;1;BETWEEN;
20251110;175110.427;25482.25;;25482.25;4;BID;
20251110;175110.427;25481.50;;25481.50;5;BID;
20251110;175110.458;;;25482.00;3;BETWEEN;
20251110;175110.458;25481.50;;25481.50;2;BID;
20251110;175110.413;;25482.50;25482.50;3;ASK;
20251110;175110.413;;;25482.00;1;BETWEEN;
20251110;175110.413;25482.00;;25482.00;1;BID;
20251110;175110.458;25482.00;;25482.00;3;BID;
20251110;175110.458;25481.50;;25481.50;2;BID;
20251110;175110.497;;;25481.75;1;BETWEEN;
20251110;175110.497;25481.25;;25481.25;4;BID;
20251110;175110.498;;25482.00;25482.00;4;ASK;
20251110;175110.496;;25482.00;25482.00;3;ASK;
20251110;175110.496;;;25481.50;1;BETWEEN;
20251110;175110.496;25481.50;;25481.50;1;BID;
20251110;175110.498;;25482.00;25482.00;4;ASK;
20251110;175110.498;25481.25;;25481.25;4;BID;
20251110;175110.531;;;25481.75;1;BETWEEN;
20251110;175110.587;;;25481.50;2;BETWEEN;
20251110;175110.587;25481.00;;25481.00;3;BID;
20251110;175110.572;;25481.75;25481.75;5;ASK;
20251110;175110.572;;;25481.25;1;BETWEEN;
20251110;175110.572;25481.25;;25481.25;1;BID;
20251110;175110.573;;;25481.50;2;BETWEEN;
20251110;175110.573;25481.25;;25481.25;1;BID;
20251110;175110.587;25481.00;;25481.00;3;BID;
20251110;175110.730;;25481.75;25481.75;3;ASK;
20251110;175110.730;25481.00;;25481.00;4;BID;
20251110;175110.742;;25481.75;25481.75;4;ASK;
20251110;175110.784;;;25481.25;3;BETWEEN;
20251110;175110.784;25480.75;;25480.75;3;BID;
20251110;175110.815;;25481.50;25481.50;5;ASK;
20251110;175110.848;;;25481.25;4;BETWEEN;
20251110;175110.848;25480.75;;25480.75;2;BID;
20251110;175110.851;25480.50;;25480.50;8;BID;
20251110;175110.895;;;25481.00;4;BETWEEN;
20251110;175110.895;25480.50;;25480.50;3;BID;
20251110;175110.947;;25481.00;25481.00;3;ASK;
20251110;175110.947;25480.50;;25480.50;4;BID;
20251110;175110.984;25480.25;;25480.25;1;BID;
20251110;175110.984;25479.75;;25479.75;4;BID;
20251110;175110.958;;25481.00;25481.00;3;ASK;
20251110;175110.958;;;25480.50;4;BETWEEN;
20251110;175110.958;25480.50;;25480.50;3;BID;
20251110;175110.958;25480.50;;25480.50;1;BID;
20251110;175110.958;25480.25;;25480.25;1;BID;
20251110;175110.958;25480.25;;25480.25;1;BID;
20251110;175110.958;25480.25;;25480.25;1;BID;
20251110;175110.958;25480.25;;25480.25;1;BID;
20251110;175110.958;25480.25;;25480.25;1;BID;
20251110;175110.958;25480.25;;25480.25;1;BID;
20251110;175110.975;25480.25;;25480.25;2;BID;
20251110;175110.975;25480.00;;25480.00;1;BID;
20251110;175110.975;;25480.25;25480.25;1;ASK;
20251110;175110.975;;25480.25;25480.25;1;ASK;
20251110;175110.975;;25480.25;25480.25;1;ASK;
20251110;175110.979;;25480.75;25480.75;3;ASK;
20251110;175110.979;;;25480.25;2;BETWEEN;
20251110;175110.979;25480.25;;25480.25;1;BID;
20251110;175110.984;25480.25;;25480.25;1;BID;
20251110;175110.984;25479.75;;25479.75;4;BID;
20251110;175111.008;;25480.50;25480.50;3;ASK;
20251110;175111.008;;;25480.00;3;BETWEEN;
20251110;175111.047;;25480.50;25480.50;1;ASK;
20251110;175111.047;25480.00;;25480.00;4;BID;
20251110;175111.077;;25480.50;25480.50;4;ASK;
20251110;175111.077;25479.75;;25479.75;4;BID;
20251110;175111.091;;25480.50;25480.50;2;ASK;
20251110;175111.091;;;25480.00;3;BETWEEN;
20251110;175111.171;25480.00;;25480.00;1;BID;
20251110;175111.171;25479.50;;25479.50;7;BID;
20251110;175111.173;;;25479.75;1;BETWEEN;
20251110;175111.173;25479.50;;25479.50;1;BID;
20251110;175111.173;25479.50;;25479.50;1;BID;
20251110;175111.198;;25480.00;25480.00;3;ASK;
20251110;175111.198;25479.50;;25479.50;2;BID;
20251110;175111.275;;25480.25;25480.25;4;ASK;
20251110;175111.275;25479.50;;25479.50;3;BID;
20251110;175111.283;;25480.25;25480.25;5;ASK;
20251110;175111.324;;;25480.00;1;BETWEEN;
20251110;175111.367;;;25479.75;4;BETWEEN;
20251110;175111.367;25479.00;;25479.00;4;BID;
20251110;175111.394;;25479.75;25479.75;5;ASK;
20251110;175111.394;25479.00;;25479.00;3;BID;
20251110;175111.352;;25480.00;25480.00;1;ASK;
20251110;175111.352;;;25479.75;2;BETWEEN;
20251110;175111.352;25479.75;;25479.75;1;BID;
20251110;175111.352;25479.75;;25479.75;1;BID;
20251110;175111.353;;25480.00;25480.00;4;ASK;
20251110;175111.353;25479.50;;25479.50;3;BID;
20251110;175111.353;25479.50;;25479.50;1;BID;
20251110;175111.353;25479.50;;25479.50;1;BID;
20251110;175111.353;25479.50;;25479.50;1;BID;
20251110;175111.353;;;25479.75;1;BETWEEN;
20251110;175111.353;25479.75;;25479.75;1;BID;
20251110;175111.394;25479.75;;25479.75;5;BID;
20251110;175111.394;25479.00;;25479.00;3;BID;
20251110;175111.427;;25479.75;25479.75;4;ASK;
20251110;175111.452;;;25479.50;4;BETWEEN;
20251110;175111.452;25479.00;;25479.00;2;BID;
20251110;175111.481;;25480.00;25480.00;2;ASK;
20251110;175111.481;;;25479.50;2;BETWEEN;
20251110;175111.507;;25480.00;25480.00;5;ASK;
20251110;175111.507;25479.25;;25479.25;6;BID;
20251110;175111.570;;25480.50;25480.50;2;ASK;
20251110;175111.570;;;25480.00;2;BETWEEN;
20251110;175111.562;25480.00;;25480.00;1;BID;
20251110;175111.562;25479.75;;25479.75;2;BID;
20251110;175111.562;;25480.00;25480.00;1;ASK;
20251110;175111.570;;25480.50;25480.50;2;ASK;
20251110;175111.570;;;25480.00;2;BETWEEN;
20251110;175111.675;;;25480.25;1;BETWEEN;
20251110;175111.675;25479.75;;25479.75;3;BID;
20251110;175111.684;;25480.50;25480.50;3;ASK;
20251110;175111.684;25479.75;;25479.75;4;BID;
20251110;175111.723;;;25480.25;2;BETWEEN;
20251110;175111.789;;;25480.00;1;BETWEEN;
20251110;175111.789;25479.75;;25479.75;2;BID;
20251110;175111.801;;25480.00;25480.00;2;ASK;
20251110;175111.801;25479.50;;25479.50;2;BID;
20251110;175111.841;;25480.25;25480.25;3;ASK;
20251110;175111.841;;;25479.75;2;BETWEEN;
20251110;175111.860;;25480.50;25480.50;3;ASK;
20251110;175111.860;;;25480.00;1;BETWEEN;
20251110;175112.006;25479.75;;25479.75;3;BID;
20251110;175112.037;;;25480.00;1;BETWEEN;
20251110;175112.037;25479.50;;25479.50;4;BID;
20251110;175112.064;;25480.00;25480.00;3;ASK;
20251110;175112.064;25479.50;;25479.50;2;BID;
20251110;175112.084;;25480.00;25480.00;2;ASK;
20251110;175112.111;;25480.00;25480.00;1;ASK;
20251110;175112.111;25479.50;;25479.50;3;BID;
20251110;175112.157;;;25479.75;4;BETWEEN;
20251110;175112.157;25479.00;;25479.00;4;BID;
20251110;175112.180;;;25479.50;6;BETWEEN;
20251110;175112.180;25478.75;;25478.75;4;BID;
20251110;175112.210;;;25479.25;2;BETWEEN;
20251110;175112.210;25478.75;;25478.75;3;BID;
20251110;175112.243;25478.50;;25478.50;1;BID;
20251110;175112.243;25478.00;;25478.00;3;BID;
20251110;175112.380;;25479.00;25479.00;2;ASK;
20251110;175112.380;;;25478.50;1;BETWEEN;
20251110;175112.409;;;25478.75;2;BETWEEN;
20251110;175112.409;25478.25;;25478.25;3;BID;
20251110;175112.512;25478.25;;25478.25;2;BID;
20251110;175112.534;25477.75;;25477.75;1;BID;
20251110;175112.534;25477.25;;25477.25;5;BID;
20251110;175112.535;;;25477.50;2;BETWEEN;
20251110;175112.535;;25477.75;25477.75;1;ASK;
20251110;175112.536;;25478.00;25478.00;1;ASK;
20251110;175112.536;25477.50;;25477.50;9;BID;
20251110;175112.536;;25478.00;25478.00;1;ASK;
20251110;175112.559;;25478.25;25478.25;2;ASK;
20251110;175112.559;;;25477.75;2;BETWEEN;
20251110;175112.594;;25478.50;25478.50;1;ASK;
20251110;175112.594;;;25478.00;3;BETWEEN;
20251110;175112.617;;;25478.25;2;BETWEEN;
20251110;175112.617;25477.75;;25477.75;3;BID;
20251110;175112.636;25477.75;;25477.75;2;BID;
20251110;175112.684;;25478.25;25478.25;4;ASK;
20251110;175112.684;25477.50;;25477.50;5;BID;
20251110;175112.701;;25478.25;25478.25;3;ASK;
20251110;175112.701;;;25477.75;1;BETWEEN;
20251110;175112.797;;25478.50;25478.50;8;ASK;
20251110;175112.797;25477.75;;25477.75;4;BID;
20251110;175112.827;;25479.00;25479.00;3;ASK;
20251110;175112.827;;;25478.50;2;BETWEEN;
20251110;175112.797;25478.25;;25478.25;3;BID;
20251110;175112.797;25478.00;;25478.00;1;BID;
20251110;175112.797;25478.00;;25478.00;1;BID;
20251110;175112.798;;25478.25;25478.25;4;ASK;
20251110;175112.798;25477.75;;25477.75;1;BID;
20251110;175112.798;25477.75;;25477.75;1;BID;
20251110;175112.799;;;25478.00;2;BETWEEN;
20251110;175112.799;25477.50;;25477.50;1;BID;
20251110;175112.799;25477.50;;25477.50;1;BID;
20251110;175112.801;;;25477.75;2;BETWEEN;
20251110;175112.801;25477.25;;25477.25;1;BID;
20251110;175112.801;25477.25;;25477.25;1;BID;
20251110;175112.801;25477.00;;25477.00;3;BID;
20251110;175112.801;;25477.75;25477.75;1;ASK;
20251110;175112.805;;;25477.50;1;BETWEEN;
20251110;175112.805;25477.00;;25477.00;4;BID;
20251110;175112.805;;25477.50;25477.50;1;ASK;
20251110;175112.806;;25477.75;25477.75;3;ASK;
20251110;175112.806;;;25477.50;1;BETWEEN;
20251110;175112.806;;25477.75;25477.75;1;ASK;
20251110;175112.806;;25477.75;25477.75;1;ASK;
20251110;175112.806;;25477.75;25477.75;1;ASK;
20251110;175112.806;;25478.00;25478.00;1;ASK;
20251110;175112.806;;25478.00;25478.00;1;ASK;
20251110;175112.815;;25478.00;25478.00;1;ASK;
20251110;175112.815;25477.50;;25477.50;7;BID;
20251110;175112.815;;25478.00;25478.00;1;ASK;
20251110;175112.817;;25478.25;25478.25;1;ASK;
20251110;175112.817;;;25477.75;3;BETWEEN;
20251110;175112.817;25477.75;;25477.75;1;BID;
20251110;175112.818;25477.75;;25477.75;1;BID;
20251110;175112.818;;25478.25;25478.25;1;ASK;
20251110;175112.818;;25478.50;25478.50;1;ASK;
20251110;175112.818;;25478.50;25478.50;1;ASK;
20251110;175112.818;;25478.50;25478.50;1;ASK;
20251110;175112.820;;25478.50;25478.50;1;ASK;
20251110;175112.820;;;25478.00;2;BETWEEN;
20251110;175112.820;;25478.50;25478.50;1;ASK;
20251110;175112.827;;25479.00;25479.00;3;ASK;
20251110;175112.827;;;25478.50;2;BETWEEN;
20251110;175112.841;;25479.00;25479.00;2;ASK;
20251110;175112.872;;25479.00;25479.00;1;ASK;
20251110;175112.872;25478.50;;25478.50;3;BID;
20251110;175112.917;;25479.25;25479.25;4;ASK;
20251110;175112.917;;;25478.75;2;BETWEEN;
20251110;175112.974;;25479.50;25479.50;6;ASK;
20251110;175112.974;25478.75;;25478.75;4;BID;
20251110;175113.009;;25479.75;25479.75;1;ASK;
20251110;175113.009;;;25479.25;2;BETWEEN;
20251110;175112.998;25479.25;;25479.25;2;BID;
20251110;175112.998;25478.75;;25478.75;2;BID;
20251110;175112.998;;25479.25;25479.25;1;ASK;
20251110;175112.998;;25479.25;25479.25;1;ASK;
20251110;175113.009;;25479.75;25479.75;1;ASK;
20251110;175113.009;;;25479.25;2;BETWEEN;
20251110;175113.083;;;25479.50;2;BETWEEN;
20251110;175113.083;25479.00;;25479.00;2;BID;
20251110;175113.121;;;25479.25;4;BETWEEN;
20251110;175113.121;25478.50;;25478.50;3;BID;
20251110;175113.154;;25479.25;25479.25;6;ASK;
20251110;175113.186;;;25479.00;1;BETWEEN;
20251110;175113.216;25478.50;;25478.50;4;BID;
20251110;175113.216;25478.00;;25478.00;2;BID;
20251110;175113.204;;25479.00;25479.00;3;ASK;
20251110;175113.204;;;25478.50;2;BETWEEN;
20251110;175113.204;25478.50;;25478.50;1;BID;
20251110;175113.204;25478.50;;25478.50;1;BID;
20251110;175113.249;25478.00;;25478.00;1;BID;
20251110;175113.249;25477.75;;25477.75;3;BID;
20251110;175113.249;;25478.00;25478.00;1;ASK;
20251110;175113.254;;25478.25;25478.25;2;ASK;
20251110;175113.254;25477.75;;25477.75;1;BID;
20251110;175113.280;;25478.25;25478.25;1;ASK;
20251110;175113.280;25477.75;;25477.75;4;BID;
20251110;175113.261;25477.75;;25477.75;3;BID;
20251110;175113.261;;25478.25;25478.25;1;ASK;
20251110;175113.280;25477.75;;25477.75;4;BID;
20251110;175113.361;;25478.25;25478.25;3;ASK;
20251110;175113.361;25477.75;;25477.75;2;BID;
20251110;175113.390;;;25478.00;2;BETWEEN;
20251110;175113.390;25477.50;;25477.50;2;BID;
20251110;175113.373;;25478.00;25478.00;1;ASK;
20251110;175113.373;;;25477.75;2;BETWEEN;
20251110;175113.373;25477.75;;25477.75;1;BID;
20251110;175113.386;25477.50;;25477.50;1;BID;
20251110;175113.386;25477.25;;25477.25;3;BID;
20251110;175113.386;;25477.50;25477.50;1;ASK;
20251110;175113.390;;25478.00;25478.00;2;ASK;
20251110;175113.390;;;25477.50;2;BETWEEN;
20251110;175113.422;;25478.50;25478.50;4;ASK;
20251110;175113.422;;;25477.75;3;BETWEEN;
20251110;175113.467;;25478.75;25478.75;3;ASK;
20251110;175113.467;;;25478.00;4;BETWEEN;
20251110;175113.513;;;25478.50;2;BETWEEN;
20251110;175113.513;25478.00;;25478.00;2;BID;
20251110;175113.545;;25478.75;25478.75;3;ASK;
20251110;175113.545;;;25478.25;3;BETWEEN;
20251110;175113.576;;25478.75;25478.75;2;ASK;
20251110;175113.576;25478.25;;25478.25;1;BID;
20251110;175113.570;;25479.00;25479.00;1;ASK;
20251110;175113.570;;;25478.75;3;BETWEEN;
20251110;175113.570;25478.75;;25478.75;1;BID;
20251110;175113.584;;25479.00;25479.00;3;ASK;
20251110;175113.584;25478.50;;25478.50;2;BID;
20251110;175113.584;25478.50;;25478.50;1;BID;
20251110;175113.584;25478.50;;25478.50;1;BID;
20251110;175113.585;;;25478.75;3;BETWEEN;
20251110;175113.585;25478.25;;25478.25;2;BID;
20251110;175113.585;25478.25;;25478.25;1;BID;
20251110;175113.599;;25479.00;25479.00;4;ASK;
20251110;175113.599;25478.25;;25478.25;4;BID;
20251110;175113.626;25478.25;;25478.25;3;BID;
20251110;175113.649;;25479.00;25479.00;5;ASK;
20251110;175113.690;;;25478.75;2;BETWEEN;
20251110;175113.690;25478.25;;25478.25;2;BID;
20251110;175113.722;;25479.00;25479.00;4;ASK;
20251110;175113.722;;;25478.50;1;BETWEEN;
20251110;175113.740;25478.25;;25478.25;3;BID;
20251110;175113.792;;;25478.75;1;BETWEEN;
20251110;175113.827;;25478.75;25478.75;2;ASK;
20251110;175113.827;25478.25;;25478.25;2;BID;
20251110;175113.856;;25478.75;25478.75;1;ASK;
20251110;175113.856;25478.25;;25478.25;3;BID;
20251110;175113.819;;25479.00;25479.00;4;ASK;
20251110;175113.819;25478.25;;25478.25;1;BID;
20251110;175113.819;25478.25;;25478.25;1;BID;
20251110;175113.876;;25479.00;25479.00;3;ASK;
20251110;175113.876;;;25478.50;2;BETWEEN;
20251110;175113.920;;25480.00;25480.00;3;ASK;
20251110;175113.920;;;25479.50;2;BETWEEN;
20251110;175113.949;;25480.25;25480.25;3;ASK;
20251110;175113.949;25479.50;;25479.50;4;BID;
20251110;175113.981;;25480.50;25480.50;4;ASK;
20251110;175113.981;;;25480.00;1;BETWEEN;
20251110;175113.974;;;25480.25;2;BETWEEN;
20251110;175113.974;25479.75;;25479.75;2;BID;
20251110;175113.974;;25480.25;25480.25;1;ASK;
20251110;175113.988;;25480.25;25480.25;1;ASK;
20251110;175113.988;25479.75;;25479.75;3;BID;
20251110;175113.988;;25480.25;25480.25;1;ASK;
20251110;175113.990;;25480.75;25480.75;3;ASK;
20251110;175113.990;;;25480.25;4;BETWEEN;
20251110;175113.990;25480.25;;25480.25;1;BID;
20251110;175113.990;25480.25;;25480.25;1;BID;
20251110;175113.992;;;25480.50;3;BETWEEN;
20251110;175113.992;25480.00;;25480.00;2;BID;
20251110;175113.992;25480.00;;25480.00;1;BID;
20251110;175113.992;25480.00;;25480.00;1;BID;
20251110;175114.039;;25480.50;25480.50;2;ASK;
20251110;175113.993;;25480.50;25480.50;4;ASK;
20251110;175113.993;25480.00;;25480.00;1;BID;
20251110;175113.993;25480.00;;25480.00;1;BID;
20251110;175113.993;25479.75;;25479.75;1;BID;
20251110;175113.993;25479.75;;25479.75;1;BID;
20251110;175113.993;25479.75;;25479.75;1;BID;
20251110;175114.059;;25480.50;25480.50;2;ASK;
20251110;175114.059;25480.00;;25480.00;2;BID;
20251110;175114.059;;25480.50;25480.50;1;ASK;
20251110;175114.061;;25480.75;25480.75;1;ASK;
20251110;175114.061;;;25480.25;5;BETWEEN;
20251110;175114.061;;25480.75;25480.75;1;ASK;
20251110;175114.074;;25481.50;25481.50;1;ASK;
20251110;175114.074;;;25481.00;3;BETWEEN;
20251110;175114.100;;;25481.25;1;BETWEEN;
20251110;175114.100;25480.75;;25480.75;2;BID;
20251110;175114.086;;25481.75;25481.75;4;ASK;
20251110;175114.086;;;25481.00;4;BETWEEN;
20251110;175114.086;25481.00;;25481.00;1;BID;
20251110;175114.100;;;25481.25;1;BETWEEN;
20251110;175114.100;25480.75;;25480.75;2;BID;
20251110;175114.122;;25481.50;25481.50;5;ASK;
20251110;175114.122;25480.75;;25480.75;3;BID;
20251110;175114.160;;25481.75;25481.75;1;ASK;
20251110;175114.160;;;25481.25;1;BETWEEN;
20251110;175114.172;;25482.00;25482.00;1;ASK;
20251110;175114.172;;;25481.75;1;BETWEEN;
20251110;175114.172;25481.75;;25481.75;1;BID;
20251110;175114.172;25481.75;;25481.75;1;BID;
20251110;175114.172;25481.50;;25481.50;1;BID;
20251110;175114.172;25481.50;;25481.50;1;BID;
20251110;175114.191;;25481.75;25481.75;3;ASK;
20251110;175114.191;25481.25;;25481.25;2;BID;
20251110;175114.223;;;25481.50;4;BETWEEN;
20251110;175114.223;25480.75;;25480.75;3;BID;
20251110;175114.253;;;25481.25;2;BETWEEN;
20251110;175114.253;25480.75;;25480.75;1;BID;
20251110;175114.265;;25481.25;25481.25;3;ASK;
20251110;175114.265;25480.75;;25480.75;2;BID;
20251110;175114.308;;25481.75;25481.75;5;ASK;
20251110;175114.308;;;25481.00;4;BETWEEN;
20251110;175114.364;;;25481.50;2;BETWEEN;
20251110;175114.364;25481.00;;25481.00;3;BID;
20251110;175114.430;;25481.50;25481.50;1;ASK;
20251110;175114.508;;25481.50;25481.50;4;ASK;
20251110;175114.508;25480.75;;25480.75;3;BID;
20251110;175114.516;;;25481.25;2;BETWEEN;
20251110;175114.562;25480.75;;25480.75;2;BID;
20251110;175114.596;;;25481.00;1;BETWEEN;
20251110;175114.596;25480.50;;25480.50;4;BID;
20251110;175114.560;;25481.25;25481.25;2;ASK;
20251110;175114.560;;;25480.75;4;BETWEEN;
20251110;175114.560;25480.75;;25480.75;1;BID;
20251110;175114.596;;;25481.00;1;BETWEEN;
20251110;175114.596;25480.50;;25480.50;4;BID;
20251110;175114.607;;25481.25;25481.25;4;ASK;
20251110;175114.643;;;25481.00;2;BETWEEN;
20251110;175114.643;25480.50;;25480.50;2;BID;
20251110;175114.661;;25481.25;25481.25;4;ASK;
20251110;175114.661;25480.50;;25480.50;3;BID;
20251110;175114.736;25480.50;;25480.50;4;BID;
20251110;175114.736;25480.00;;25480.00;1;BID;
20251110;175114.766;;25481.25;25481.25;3;ASK;
20251110;175114.766;;;25480.75;3;BETWEEN;
20251110;175114.799;25480.75;;25480.75;2;BID;
20251110;175114.825;;25481.25;25481.25;2;ASK;
20251110;175114.825;25480.75;;25480.75;1;BID;
20251110;175114.861;25480.75;;25480.75;1;BID;
20251110;175114.861;25480.25;;25480.25;4;BID;
20251110;175114.873;;25481.00;25481.00;3;ASK;
20251110;175114.873;25480.25;;25480.25;5;BID;
20251110;175114.922;;;25480.50;1;BETWEEN;
20251110;175114.952;;;25480.75;5;BETWEEN;
20251110;175114.952;25480.00;;25480.00;4;BID;
20251110;175114.963;;;25480.50;2;BETWEEN;
20251110;175114.963;25480.00;;25480.00;2;BID;
20251110;175115.015;;25481.00;25481.00;2;ASK;
20251110;175115.015;;;25480.50;2;BETWEEN;
20251110;175115.001;25480.50;;25480.50;2;BID;
20251110;175115.001;25480.00;;25480.00;4;BID;
20251110;175115.001;;25480.50;25480.50;1;ASK;
20251110;175115.001;;25480.50;25480.50;1;ASK;
20251110;175115.001;;25480.50;25480.50;1;ASK;
20251110;175115.015;;25481.00;25481.00;2;ASK;
20251110;175115.015;;;25480.50;2;BETWEEN;
20251110;175115.034;;25481.00;25481.00;1;ASK;
20251110;175115.034;25480.50;;25480.50;3;BID;
20251110;175115.071;;25481.00;25481.00;2;ASK;
20251110;175115.071;25480.25;;25480.25;5;BID;
20251110;175115.104;;;25480.75;3;BETWEEN;
20251110;175115.104;25480.00;;25480.00;4;BID;
20251110;175115.132;;;25480.25;2;BETWEEN;
20251110;175115.132;25479.75;;25479.75;3;BID;
20251110;175115.120;;25480.50;25480.50;2;ASK;
20251110;175115.120;;;25480.00;2;BETWEEN;
20251110;175115.120;25480.00;;25480.00;1;BID;
20251110;175115.120;25480.00;;25480.00;1;BID;
20251110;175115.120;25479.75;;25479.75;1;BID;
20251110;175115.120;25479.75;;25479.75;1;BID;
20251110;175115.150;;;25480.25;5;BETWEEN;
20251110;175115.150;25479.50;;25479.50;4;BID;
20251110;175115.258;;;25480.00;1;BETWEEN;
20251110;175115.282;;25480.00;25480.00;2;ASK;
20251110;175115.282;25479.50;;25479.50;3;BID;
20251110;175115.333;;;25479.75;2;BETWEEN;
20251110;175115.333;25479.25;;25479.25;3;BID;
20251110;175115.352;;25480.00;25480.00;3;ASK;
20251110;175115.352;25479.25;;25479.25;5;BID;
20251110;175115.319;;;25479.75;3;BETWEEN;
20251110;175115.319;;;25479.50;1;BETWEEN;
20251110;175115.319;25479.50;;25479.50;1;BID;
20251110;175115.340;;25479.75;25479.75;1;ASK;
20251110;175115.340;25479.50;;25479.50;2;BID;
20251110;175115.340;;25479.75;25479.75;1;ASK;
20251110;175115.352;;25480.00;25480.00;3;ASK;
20251110;175115.352;25479.25;;25479.25;5;BID;
20251110;175115.392;;25480.00;25480.00;2;ASK;
20251110;175115.392;;;25479.50;4;BETWEEN;
20251110;175115.427;;25480.25;25480.25;5;ASK;
20251110;175115.427;25479.50;;25479.50;5;BID;
20251110;175115.450;;25480.25;25480.25;4;ASK;
20251110;175115.450;25479.50;;25479.50;4;BID;
20251110;175115.578;;;25480.00;4;BETWEEN;
20251110;175115.578;25479.25;;25479.25;3;BID;
20251110;175115.601;;25480.00;25480.00;3;ASK;
20251110;175115.601;25479.25;;25479.25;4;BID;
20251110;175115.619;;25480.00;25480.00;2;ASK;
20251110;175115.619;;;25479.50;3;BETWEEN;
20251110;175115.651;25479.50;;25479.50;2;BID;
20251110;175115.722;;25480.00;25480.00;1;ASK;
20251110;175115.722;25479.50;;25479.50;3;BID;
20251110;175115.777;25479.50;;25479.50;4;BID;
20251110;175115.854;;25480.25;25480.25;4;ASK;
20251110;175115.854;;;25479.75;4;BETWEEN;
20251110;175115.874;;25480.25;25480.25;1;ASK;
20251110;175115.874;25479.75;;25479.75;5;BID;
20251110;175115.925;;25480.25;25480.25;4;ASK;
20251110;175115.925;25479.50;;25479.50;4;BID;
20251110;175115.973;;;25479.75;1;BETWEEN;
20251110;175116.008;;25480.25;25480.25;2;ASK;
20251110;175116.008;25479.75;;25479.75;3;BID;
20251110;175116.042;25479.75;;25479.75;2;BID;
20251110;175116.050;25479.75;;25479.75;3;BID;
20251110;175116.184;;25481.50;25481.50;2;ASK;
20251110;175116.184;;;25481.00;3;BETWEEN;
20251110;175116.208;;;25481.25;3;BETWEEN;
20251110;175116.208;25480.75;;25480.75;2;BID;
20251110;175116.164;25480.25;;25480.25;1;BID;
20251110;175116.164;25480.00;;25480.00;2;BID;
20251110;175116.164;;25480.25;25480.25;1;ASK;
20251110;175116.208;;25481.25;25481.25;3;ASK;
20251110;175116.208;;;25480.75;2;BETWEEN;
20251110;175116.270;25480.75;;25480.75;1;BID;
20251110;175116.295;;;25481.00;4;BETWEEN;
20251110;175116.295;25480.25;;25480.25;5;BID;
20251110;175116.342;;;25480.50;1;BETWEEN;
20251110;175116.393;25479.75;;25479.75;1;BID;
20251110;175116.393;25479.25;;25479.25;3;BID;
20251110;175116.404;;25480.00;25480.00;2;ASK;
20251110;175116.404;;;25479.50;4;BETWEEN;
20251110;175116.453;;;25479.75;5;BETWEEN;
20251110;175116.453;25479.00;;25479.00;5;BID;
20251110;175116.538;;;25479.50;2;BETWEEN;
20251110;175116.538;25479.00;;25479.00;4;BID;
20251110;175116.609;25479.00;;25479.00;3;BID;
20251110;175116.702;;25479.50;25479.50;3;ASK;
20251110;175116.702;25479.00;;25479.00;1;BID;
20251110;175116.724;;25479.50;25479.50;1;ASK;
20251110;175116.724;25479.00;;25479.00;3;BID;
20251110;175116.751;;25479.75;25479.75;2;ASK;
20251110;175116.751;;;25479.25;2;BETWEEN;
20251110;175116.792;;25479.75;25479.75;5;ASK;
20251110;175116.792;25479.25;;25479.25;1;BID;
20251110;175116.803;;25479.75;25479.75;3;ASK;
20251110;175116.845;25479.25;;25479.25;2;BID;
20251110;175116.877;;25479.75;25479.75;5;ASK;
20251110;175116.877;25479.25;;25479.25;1;BID;
20251110;175116.911;;25480.00;25480.00;4;ASK;
20251110;175116.911;;;25479.50;1;BETWEEN;
20251110;175116.937;;;25479.75;3;BETWEEN;
20251110;175116.937;25479.25;;25479.25;1;BID;
20251110;175116.966;;25479.75;25479.75;1;ASK;
20251110;175116.966;;25479.75;25479.75;1;ASK;
20251110;175116.966;;25479.75;25479.75;1;ASK;
20251110;175116.974;;25480.00;25480.00;5;ASK;
20251110;175116.974;25479.25;;25479.25;4;BID;
20251110;175117.008;;;25479.50;4;BETWEEN;
20251110;175117.008;25479.00;;25479.00;2;BID;
20251110;175117.032;;;25479.25;3;BETWEEN;
20251110;175117.032;25478.75;;25478.75;1;BID;
20251110;175117.063;;25479.50;25479.50;3;ASK;
20251110;175117.063;;;25479.00;3;BETWEEN;
20251110;175117.104;;25479.50;25479.50;1;ASK;
20251110;175117.104;;;25479.25;1;BETWEEN;
20251110;175117.104;;25479.50;25479.50;1;ASK;
20251110;175117.131;;25480.00;25480.00;5;ASK;
20251110;175117.131;25479.25;;25479.25;4;BID;
20251110;175117.159;;25480.00;25480.00;4;ASK;
20251110;175117.189;;;25479.75;2;BETWEEN;
20251110;175117.189;25479.25;;25479.25;3;BID;
20251110;175117.250;;;25479.50;1;BETWEEN;
20251110;175117.250;25479.00;;25479.00;3;BID;
20251110;175117.282;;25480.00;25480.00;6;ASK;
20251110;175117.282;;;25479.25;4;BETWEEN;
20251110;175117.323;;25480.00;25480.00;3;ASK;
20251110;175117.323;;;25479.50;4;BETWEEN;
20251110;175117.323;;25480.00;25480.00;2;ASK;
20251110;175117.323;25479.50;;25479.50;3;BID;
20251110;175117.323;;25480.00;25480.00;2;ASK;
20251110;175117.345;;25480.50;25480.50;1;ASK;
20251110;175117.345;;;25480.00;4;BETWEEN;
20251110;175117.375;;25480.75;25480.75;3;ASK;
20251110;175117.375;;;25480.25;1;BETWEEN;
20251110;175117.391;;25481.00;25481.00;4;ASK;
20251110;175117.391;;;25480.50;2;BETWEEN;
20251110;175117.438;25480.50;;25480.50;2;BID;
20251110;175117.438;25480.00;;25480.00;3;BID;
20251110;175117.464;;25480.50;25480.50;4;ASK;
20251110;175117.464;25480.00;;25480.00;1;BID;
20251110;175117.482;;25480.50;25480.50;2;ASK;
20251110;175117.482;25480.00;;25480.00;3;BID;
20251110;175117.525;25480.00;;25480.00;1;BID;
20251110;175117.525;25479.50;;25479.50;3;BID;
20251110;175117.562;;25480.25;25480.25;6;ASK;
20251110;175117.570;;25480.25;25480.25;5;ASK;
20251110;175117.570;25479.50;;25479.50;5;BID;
20251110;175117.624;;25480.25;25480.25;4;ASK;
20251110;175117.652;;25480.50;25480.50;4;ASK;
20251110;175117.652;;;25479.75;5;BETWEEN;
20251110;175117.691;;25480.50;25480.50;2;ASK;
20251110;175117.691;;;25480.00;2;BETWEEN;
20251110;175117.721;;;25480.25;1;BETWEEN;
20251110;175117.721;25479.75;;25479.75;4;BID;
20251110;175117.747;;;25480.00;1;BETWEEN;
20251110;175117.747;25479.50;;25479.50;3;BID;
20251110;175117.789;;25480.25;25480.25;5;ASK;
20251110;175117.805;;25480.25;25480.25;3;ASK;
20251110;175117.805;25479.50;;25479.50;4;BID;
20251110;175117.850;;25480.25;25480.25;5;ASK;
20251110;175117.849;;25480.25;25480.25;3;ASK;
20251110;175117.849;;25480.25;25480.25;1;ASK;
20251110;175117.849;;25480.25;25480.25;1;ASK;
20251110;175117.850;;25480.25;25480.25;5;ASK;
20251110;175117.900;;;25480.00;3;BETWEEN;
20251110;175117.900;25479.50;;25479.50;3;BID;
20251110;175117.894;25479.25;;25479.25;4;BID;
20251110;175117.894;25479.25;;25479.25;1;BID;
20251110;175117.900;;;25479.50;3;BETWEEN;
20251110;175117.931;25479.50;;25479.50;2;BID;
20251110;175117.975;;25480.00;25480.00;1;ASK;
20251110;175117.975;25479.50;;25479.50;3;BID;
20251110;175118.005;;25480.25;25480.25;3;ASK;
20251110;175118.005;;;25479.75;3;BETWEEN;
20251110;175118.028;25479.75;;25479.75;2;BID;
20251110;175118.065;;25480.25;25480.25;1;ASK;
20251110;175118.065;25479.75;;25479.75;3;BID;
20251110;175118.095;;25480.75;25480.75;2;ASK;
20251110;175118.095;;;25480.25;3;BETWEEN;
20251110;175118.127;;25480.75;25480.75;4;ASK;
20251110;175118.127;25480.00;;25480.00;5;BID;
20251110;175118.152;;25480.75;25480.75;1;ASK;
20251110;175118.152;;;25480.25;2;BETWEEN;
20251110;175118.189;;25481.00;25481.00;5;ASK;
20251110;175118.189;25480.25;;25480.25;3;BID;
20251110;175118.215;;;25480.50;5;BETWEEN;
20251110;175118.215;25479.75;;25479.75;3;BID;
20251110;175118.235;;25480.50;25480.50;4;ASK;
20251110;175118.235;;;25480.00;1;BETWEEN;
20251110;175118.208;;25481.00;25481.00;4;ASK;
20251110;175118.208;;;25480.25;3;BETWEEN;
20251110;175118.208;;25481.00;25481.00;1;ASK;
20251110;175118.208;;25481.00;25481.00;1;ASK;
20251110;175118.208;;25481.00;25481.00;1;ASK;
20251110;175118.208;;25481.00;25481.00;1;ASK;
20251110;175118.208;;25481.25;25481.25;1;ASK;
20251110;175118.214;;;25480.75;4;BETWEEN;
20251110;175118.214;25480.25;;25480.25;2;BID;
20251110;175118.214;25480.25;;25480.25;1;BID;
20251110;175118.214;25480.25;;25480.25;1;BID;
20251110;175118.221;25480.25;;25480.25;1;BID;
20251110;175118.221;25479.75;;25479.75;3;BID;
20251110;175118.221;;25480.25;25480.25;1;ASK;
20251110;175118.235;;25480.50;25480.50;4;ASK;
20251110;175118.235;;;25480.00;1;BETWEEN;
20251110;175118.268;;25481.00;25481.00;3;ASK;
20251110;175118.268;;;25480.25;5;BETWEEN;
20251110;175118.298;;25481.25;25481.25;4;ASK;
20251110;175118.298;;;25480.75;2;BETWEEN;
20251110;175118.310;25480.75;;25480.75;1;BID;
20251110;175118.381;25480.75;;25480.75;2;BID;
20251110;175118.399;;25481.50;25481.50;4;ASK;
20251110;175118.399;;;25481.00;1;BETWEEN;
20251110;175118.435;;25481.50;25481.50;5;ASK;
20251110;175118.453;;25481.50;25481.50;2;ASK;
20251110;175118.453;25481.00;;25481.00;3;BID;
20251110;175118.481;;25481.50;25481.50;1;ASK;
20251110;175118.481;25481.00;;25481.00;4;BID;
20251110;175118.524;;25481.50;25481.50;5;ASK;
20251110;175118.524;25480.75;;25480.75;4;BID;
20251110;175118.649;;25481.75;25481.75;6;ASK;
20251110;175118.649;;;25481.00;4;BETWEEN;
20251110;175118.648;;;25481.50;3;BETWEEN;
20251110;175118.648;;25481.50;25481.50;1;ASK;
20251110;175118.648;;25481.50;25481.50;1;ASK;
20251110;175118.648;;25481.50;25481.50;1;ASK;
20251110;175118.649;;25481.75;25481.75;7;ASK;
20251110;175118.649;;25481.75;25481.75;1;ASK;
20251110;175118.650;;25481.75;25481.75;1;ASK;
20251110;175118.650;;;25481.25;6;BETWEEN;
20251110;175118.650;;25481.75;25481.75;1;ASK;
20251110;175118.672;;25482.00;25482.00;1;ASK;
20251110;175118.672;;;25481.50;3;BETWEEN;
20251110;175118.710;;25482.00;25482.00;3;ASK;
20251110;175118.710;25481.50;;25481.50;2;BID;
20251110;175118.770;;25482.25;25482.25;4;ASK;
20251110;175118.770;;;25481.75;1;BETWEEN;
20251110;175118.800;;25482.25;25482.25;5;ASK;
20251110;175118.834;25481.50;;25481.50;3;BID;
20251110;175118.862;;;25482.00;1;BETWEEN;
20251110;175118.862;25481.50;;25481.50;2;BID;
20251110;175118.870;;25482.25;25482.25;5;ASK;
20251110;175118.916;;;25482.00;5;BETWEEN;
20251110;175118.916;25481.50;;25481.50;1;BID;
20251110;175118.977;;;25481.75;4;BETWEEN;
20251110;175118.977;25481.25;;25481.25;4;BID;
20251110;175119.005;;;25481.50;2;BETWEEN;
20251110;175119.005;25481.00;;25481.00;2;BID;
20251110;175118.963;;25482.00;25482.00;6;ASK;
20251110;175118.963;;;25481.50;1;BETWEEN;
20251110;175118.963;25481.50;;25481.50;1;BID;
20251110;175119.005;25481.50;;25481.50;2;BID;
20251110;175119.005;25481.00;;25481.00;2;BID;
20251110;175119.065;;25481.50;25481.50;4;ASK;
20251110;175119.065;25481.00;;25481.00;3;BID;
20251110;175119.096;;;25481.25;3;BETWEEN;
20251110;175119.096;25480.75;;25480.75;2;BID;
20251110;175119.101;;25481.25;25481.25;2;ASK;
20251110;175119.154;;;25481.00;2;BETWEEN;
20251110;175119.154;25480.50;;25480.50;3;BID;
20251110;175119.336;;25481.25;25481.25;5;ASK;
20251110;175119.335;;;25481.00;2;BETWEEN;
20251110;175119.335;;25481.00;25481.00;1;ASK;
20251110;175119.336;;25481.25;25481.25;5;ASK;
20251110;175119.392;;;25481.00;2;BETWEEN;
20251110;175119.414;;25481.00;25481.00;4;ASK;
20251110;175119.414;25480.25;;25480.25;5;BID;
20251110;175119.455;;;25480.75;2;BETWEEN;
20251110;175119.455;25480.25;;25480.25;3;BID;
20251110;175119.481;25480.25;;25480.25;4;BID;
20251110;175119.507;25480.25;;25480.25;2;BID;
20251110;175119.543;25480.25;;25480.25;1;BID;
20251110;175119.563;;25480.75;25480.75;1;ASK;
20251110;175119.576;;25480.75;25480.75;3;ASK;
20251110;175119.576;25480.00;;25480.00;5;BID;
20251110;175119.601;;;25480.50;4;BETWEEN;
20251110;175119.601;25480.00;;25480.00;1;BID;
20251110;175119.627;25480.00;;25480.00;2;BID;
20251110;175119.627;25479.50;;25479.50;3;BID;
20251110;175119.601;;25480.50;25480.50;4;ASK;
20251110;175119.601;;;25480.00;1;BETWEEN;
20251110;175119.601;25480.00;;25480.00;1;BID;
20251110;175119.602;25480.00;;25480.00;2;BID;
20251110;175119.602;25479.75;;25479.75;15;BID;
20251110;175119.602;25479.75;;25479.75;2;BID;
20251110;175119.602;;25480.00;25480.00;3;ASK;
20251110;175119.602;25479.75;;25479.75;13;BID;
20251110;175119.602;25479.75;;25479.75;6;BID;
20251110;175119.603;25479.75;;25479.75;7;BID;
20251110;175119.603;25479.75;;25479.75;1;BID;
20251110;175119.603;25479.75;;25479.75;6;BID;
20251110;175119.603;25479.75;;25479.75;2;BID;
20251110;175119.603;25479.75;;25479.75;4;BID;
20251110;175119.603;25479.75;;25479.75;4;BID;
20251110;175119.612;25479.75;;25479.75;2;BID;
20251110;175119.612;25479.50;;25479.50;1;BID;
20251110;175119.612;25479.50;;25479.50;1;BID;
20251110;175119.627;;25480.00;25480.00;2;ASK;
20251110;175119.627;25479.50;;25479.50;3;BID;
20251110;175119.656;;25480.00;25480.00;4;ASK;
20251110;175119.656;25479.50;;25479.50;1;BID;
20251110;175119.679;;25480.00;25480.00;2;ASK;
20251110;175119.679;25479.50;;25479.50;2;BID;
20251110;175119.712;;;25479.75;1;BETWEEN;
20251110;175119.712;25479.25;;25479.25;5;BID;
20251110;175119.735;;25480.00;25480.00;5;ASK;
20251110;175119.735;25479.25;;25479.25;4;BID;
20251110;175119.781;;;25479.50;2;BETWEEN;
20251110;175119.781;25479.00;;25479.00;2;BID;
20251110;175119.804;;;25479.25;5;BETWEEN;
20251110;175119.804;25478.50;;25478.50;2;BID;
20251110;175119.822;;25479.25;25479.25;2;ASK;
20251110;175119.822;;;25478.75;4;BETWEEN;
20251110;175119.791;;25479.50;25479.50;6;ASK;
20251110;175119.791;;;25479.00;2;BETWEEN;
20251110;175119.791;25479.00;;25479.00;1;BID;
20251110;175119.791;25479.00;;25479.00;1;BID;
20251110;175119.822;;;25479.25;2;BETWEEN;
20251110;175119.822;25478.75;;25478.75;4;BID;
20251110;175119.886;25478.75;;25478.75;2;BID;
20251110;175119.913;25478.75;;25478.75;3;BID;
20251110;175120.174;;25479.50;25479.50;6;ASK;
20251110;175120.174;;;25479.00;1;BETWEEN;
20251110;175120.179;;25479.75;25479.75;4;ASK;
20251110;175120.179;;;25479.25;2;BETWEEN;
20251110;175120.179;25479.25;;25479.25;1;BID;
20251110;175120.179;25479.25;;25479.25;1;BID;
20251110;175120.180;;;25479.50;5;BETWEEN;
20251110;175120.180;25478.75;;25478.75;3;BID;
20251110;175120.180;;25479.50;25479.50;1;ASK;
20251110;175120.181;;;25479.25;1;BETWEEN;
20251110;175120.181;;;25479.00;3;BETWEEN;
20251110;175120.181;;25479.25;25479.25;1;ASK;
20251110;175120.181;;25479.50;25479.50;1;ASK;
20251110;175120.181;;25479.50;25479.50;1;ASK;
20251110;175120.181;;25479.50;25479.50;1;ASK;
20251110;175120.183;;25479.25;25479.25;1;ASK;
20251110;175120.183;;25479.50;25479.50;6;ASK;
20251110;175120.183;25479.00;;25479.00;1;BID;
20251110;175120.194;;25479.50;25479.50;1;ASK;
20251110;175120.194;25479.00;;25479.00;4;BID;
20251110;175120.224;;25479.75;25479.75;4;ASK;
20251110;175120.224;;;25479.25;1;BETWEEN;
20251110;175120.269;25479.25;;25479.25;2;BID;
20251110;175120.300;;25479.75;25479.75;2;ASK;
20251110;175120.300;25479.25;;25479.25;3;BID;
20251110;175120.325;25479.25;;25479.25;4;BID;
20251110;175120.395;;25479.75;25479.75;6;ASK;
20251110;175120.395;25478.75;;25478.75;3;BID;
20251110;175120.421;;;25479.50;3;BETWEEN;
20251110;175120.421;;;25479.00;2;BETWEEN;
20251110;175120.452;;;25479.25;5;BETWEEN;
20251110;175120.452;25478.75;;25478.75;1;BID;
20251110;175120.395;;25479.75;25479.75;2;ASK;
20251110;175120.395;;;25479.25;4;BETWEEN;
20251110;175120.395;25479.25;;25479.25;1;BID;
20251110;175120.395;25479.25;;25479.25;1;BID;
20251110;175120.395;25479.25;;25479.25;1;BID;
20251110;175120.395;25479.25;;25479.25;1;BID;
20251110;175120.395;25479.00;;25479.00;1;BID;
20251110;175120.395;25479.00;;25479.00;1;BID;
20251110;175120.395;25479.00;;25479.00;1;BID;
20251110;175120.395;25479.00;;25479.00;1;BID;
20251110;175120.395;25479.00;;25479.00;1;BID;
20251110;175120.395;25479.00;;25479.00;1;BID;
20251110;175120.395;25479.00;;25479.00;1;BID;
20251110;175120.395;25478.75;;25478.75;1;BID;
20251110;175120.395;25478.75;;25478.75;1;BID;
20251110;175120.395;25478.75;;25478.75;1;BID;
20251110;175120.395;25478.75;;25478.75;1;BID;
20251110;175120.452;25479.25;;25479.25;5;BID;
20251110;175120.452;25478.75;;25478.75;1;BID;
20251110;175120.483;;25479.25;25479.25;4;ASK;
20251110;175120.517;;;25479.00;3;BETWEEN;
20251110;175120.517;25478.50;;25478.50;2;BID;
20251110;175120.490;;25479.00;25479.00;4;ASK;
20251110;175120.490;25478.50;;25478.50;1;BID;
20251110;175120.490;25478.50;;25478.50;1;BID;
20251110;175120.491;;;25478.75;4;BETWEEN;
20251110;175120.491;25478.25;;25478.25;3;BID;
20251110;175120.491;25478.25;;25478.25;1;BID;
20251110;175120.491;25478.25;;25478.25;1;BID;
20251110;175120.491;25478.25;;25478.25;1;BID;
20251110;175120.492;;;25478.50;1;BETWEEN;
20251110;175120.492;;25478.50;25478.50;1;ASK;
20251110;175120.493;;25478.75;25478.75;1;ASK;
20251110;175120.493;;;25478.50;1;BETWEEN;
20251110;175120.493;;25478.75;25478.75;1;ASK;
20251110;175120.517;;25479.00;25479.00;3;ASK;
20251110;175120.517;25478.50;;25478.50;2;BID;
20251110;175120.548;25478.00;;25478.00;3;BID;
20251110;175120.548;25477.50;;25477.50;4;BID;
20251110;175120.579;25477.25;;25477.25;3;BID;
20251110;175120.579;25476.75;;25476.75;5;BID;
20251110;175120.548;;25478.00;25478.00;1;ASK;
20251110;175120.548;;;25477.75;1;BETWEEN;
20251110;175120.548;25477.75;;25477.75;1;BID;
20251110;175120.556;25477.75;;25477.75;3;BID;
20251110;175120.556;25477.50;;25477.50;2;BID;
20251110;175120.556;25477.50;;25477.50;1;BID;
20251110;175120.556;;25477.75;25477.75;2;ASK;
20251110;175120.556;25477.50;;25477.50;1;BID;
20251110;175120.556;25477.50;;25477.50;1;BID;
20251110;175120.574;25477.25;;25477.25;2;BID;
20251110;175120.574;25476.75;;25476.75;6;BID;
20251110;175120.574;;25477.25;25477.25;1;ASK;
20251110;175120.579;;25477.25;25477.25;3;ASK;
20251110;175120.579;25476.75;;25476.75;5;BID;
20251110;175120.601;;25477.25;25477.25;1;ASK;
20251110;175120.639;;25477.50;25477.50;7;ASK;
20251110;175120.639;;;25477.00;2;BETWEEN;
20251110;175120.670;;;25477.25;6;BETWEEN;
20251110;175120.670;25476.75;;25476.75;4;BID;
20251110;175120.686;;25477.25;25477.25;1;ASK;
20251110;175120.686;25476.75;;25476.75;5;BID;
20251110;175120.731;;25477.50;25477.50;5;ASK;
20251110;175120.731;;;25477.00;2;BETWEEN;
20251110;175120.731;;;25477.25;1;BETWEEN;
20251110;175120.731;;25477.25;25477.25;1;ASK;
20251110;175120.739;;25477.50;25477.50;6;ASK;
20251110;175120.739;25477.00;;25477.00;1;BID;
20251110;175120.739;25477.00;;25477.00;1;BID;
20251110;175120.755;;;25477.25;4;BETWEEN;
20251110;175120.755;25476.75;;25476.75;4;BID;
20251110;175120.851;;;25477.00;2;BETWEEN;
20251110;175120.851;25476.50;;25476.50;1;BID;
20251110;175120.851;;25477.25;25477.25;4;ASK;
20251110;175120.851;;;25476.75;4;BETWEEN;
20251110;175120.851;25476.75;;25476.75;1;BID;
20251110;175120.851;25476.75;;25476.75;3;BID;
20251110;175120.851;25476.50;;25476.50;1;BID;
20251110;175120.851;25476.50;;25476.50;1;BID;
20251110;175120.851;25476.50;;25476.50;1;BID;
20251110;175120.851;25476.50;;25476.50;1;BID;
20251110;175120.880;25476.75;;25476.75;5;BID;
20251110;175120.880;25476.25;;25476.25;4;BID;
20251110;175120.907;25475.75;;25475.75;1;BID;
20251110;175120.907;25475.25;;25475.25;4;BID;
20251110;175120.881;;25476.75;25476.75;5;ASK;
20251110;175120.881;;;25476.25;3;BETWEEN;
20251110;175120.881;25476.25;;25476.25;1;BID;
20251110;175120.881;25476.25;;25476.25;2;BID;
20251110;175120.881;25476.25;;25476.25;1;BID;
20251110;175120.881;25476.25;;25476.25;1;BID;
20251110;175120.884;;;25476.50;6;BETWEEN;
20251110;175120.884;25476.00;;25476.00;1;BID;
20251110;175120.884;25476.00;;25476.00;1;BID;
20251110;175120.885;;;25476.25;2;BETWEEN;
20251110;175120.885;25476.00;;25476.00;2;BID;
20251110;175120.885;25476.00;;25476.00;1;BID;
20251110;175120.885;25476.00;;25476.00;1;BID;
20251110;175120.885;25476.00;;25476.00;1;BID;
20251110;175120.889;25475.75;;25475.75;2;BID;
20251110;175120.889;25475.50;;25475.50;1;BID;
20251110;175120.889;25475.50;;25475.50;1;BID;
20251110;175120.889;25475.25;;25475.25;1;BID;
20251110;175120.907;;25475.75;25475.75;1;ASK;
20251110;175120.907;25475.25;;25475.25;4;BID;
20251110;175120.941;;25476.00;25476.00;4;ASK;
20251110;175120.941;;;25475.50;3;BETWEEN;
20251110;175120.972;;25476.50;25476.50;2;ASK;
20251110;175120.972;;;25476.00;4;BETWEEN;
20251110;175121.000;;25476.75;25476.75;1;ASK;
20251110;175121.000;;;25476.25;4;BETWEEN;
20251110;175121.033;;;25476.50;4;BETWEEN;
20251110;175121.033;25475.75;;25475.75;4;BID;
20251110;175121.013;;25477.00;25477.00;3;ASK;
20251110;175121.013;;;25476.25;4;BETWEEN;
20251110;175121.013;25476.25;;25476.25;1;BID;
20251110;175121.025;;;25476.50;2;BETWEEN;
20251110;175121.025;25476.25;;25476.25;1;BID;
20251110;175121.025;25476.25;;25476.25;1;BID;
20251110;175121.033;;25476.50;25476.50;4;ASK;
20251110;175121.033;25475.75;;25475.75;4;BID;
20251110;175121.055;;25476.75;25476.75;3;ASK;
20251110;175121.055;;;25476.00;4;BETWEEN;
20251110;175121.096;;25477.00;25477.00;4;ASK;
20251110;175121.096;;;25476.25;5;BETWEEN;
20251110;175121.127;25476.25;;25476.25;1;BID;
20251110;175121.127;25475.75;;25475.75;5;BID;
20251110;175121.152;;25476.25;25476.25;4;ASK;
20251110;175121.152;25475.75;;25475.75;2;BID;
20251110;175121.196;;25476.25;25476.25;1;ASK;
20251110;175121.196;25475.75;;25475.75;3;BID;
20251110;175121.215;;25476.50;25476.50;4;ASK;
20251110;175121.244;;;25476.25;2;BETWEEN;
20251110;175121.276;;25476.25;25476.25;1;ASK;
20251110;175121.288;;25476.25;25476.25;2;ASK;
20251110;175121.288;25475.75;;25475.75;1;BID;
20251110;175121.372;;;25476.00;3;BETWEEN;
20251110;175121.372;25475.25;;25475.25;4;BID;
20251110;175121.363;;25476.50;25476.50;4;ASK;
20251110;175121.363;;;25476.00;1;BETWEEN;
20251110;175121.363;25476.00;;25476.00;1;BID;
20251110;175121.372;25476.00;;25476.00;3;BID;
20251110;175121.372;25475.25;;25475.25;4;BID;
20251110;175121.400;25475.25;;25475.25;5;BID;
20251110;175121.430;;25476.25;25476.25;3;ASK;
20251110;175121.430;;;25475.75;1;BETWEEN;
20251110;175121.462;;25476.25;25476.25;4;ASK;
20251110;175121.462;25475.50;;25475.50;4;BID;
20251110;175121.460;;25476.25;25476.25;3;ASK;
20251110;175121.460;;;25475.75;1;BETWEEN;
20251110;175121.460;25475.75;;25475.75;1;BID;
20251110;175121.460;25475.50;;25475.50;1;BID;
20251110;175121.460;25475.50;;25475.50;1;BID;
20251110;175121.460;25475.50;;25475.50;1;BID;
20251110;175121.462;;25476.25;25476.25;4;ASK;
20251110;175121.462;25475.50;;25475.50;4;BID;
20251110;175121.480;;25476.25;25476.25;3;ASK;
20251110;175121.480;25475.50;;25475.50;5;BID;
20251110;175121.521;;25476.25;25476.25;4;ASK;
20251110;175121.521;25475.50;;25475.50;4;BID;
20251110;175121.554;;25476.50;25476.50;3;ASK;
20251110;175121.554;;;25476.00;2;BETWEEN;
20251110;175121.600;;25476.50;25476.50;2;ASK;
20251110;175121.600;;;25476.25;1;BETWEEN;
20251110;175121.600;;25476.50;25476.50;1;ASK;
20251110;175121.600;;25476.50;25476.50;1;ASK;
20251110;175121.601;;25476.75;25476.75;3;ASK;
20251110;175121.601;25476.25;;25476.25;5;BID;
20251110;175121.601;;25476.75;25476.75;1;ASK;
20251110;175121.601;;25476.75;25476.75;1;ASK;
20251110;175121.601;;25476.75;25476.75;1;ASK;
20251110;175121.609;;25477.00;25477.00;2;ASK;
20251110;175121.609;;;25476.50;3;BETWEEN;
20251110;175121.625;;25477.00;25477.00;1;ASK;
20251110;175121.664;;;25476.75;2;BETWEEN;
20251110;175121.664;25476.25;;25476.25;2;BID;
20251110;175121.716;;25477.00;25477.00;3;ASK;
20251110;175121.716;25476.25;;25476.25;3;BID;
20251110;175121.746;;;25476.75;2;BETWEEN;
20251110;175121.746;25476.25;;25476.25;2;BID;
20251110;175121.801;;25477.00;25477.00;4;ASK;
20251110;175121.801;25476.25;;25476.25;3;BID;
20251110;175121.843;25476.25;;25476.25;2;BID;
20251110;175121.843;25475.75;;25475.75;1;BID;
20251110;175121.868;;25477.25;25477.25;3;ASK;
20251110;175121.868;;;25476.50;5;BETWEEN;
20251110;175121.840;;;25476.75;4;BETWEEN;
20251110;175121.840;25476.25;;25476.25;1;BID;
20251110;175121.840;25476.25;;25476.25;1;BID;
20251110;175121.843;25476.25;;25476.25;3;BID;
20251110;175121.843;25475.75;;25475.75;3;BID;
20251110;175121.843;;25476.25;25476.25;1;ASK;
20251110;175121.844;;25476.25;25476.25;1;ASK;
20251110;175121.844;25475.75;;25475.75;1;BID;
20251110;175121.844;;25476.25;25476.25;1;ASK;
20251110;175121.846;;25476.75;25476.75;1;ASK;
20251110;175121.846;;;25476.25;5;BETWEEN;
20251110;175121.846;;25476.75;25476.75;1;ASK;
20251110;175121.847;;25477.00;25477.00;2;ASK;
20251110;175121.847;;;25476.50;3;BETWEEN;
20251110;175121.847;;25477.00;25477.00;1;ASK;
20251110;175121.847;;25477.00;25477.00;1;ASK;
20251110;175121.868;;25477.25;25477.25;3;ASK;
20251110;175121.868;25476.50;;25476.50;5;BID;
20251110;175121.902;;;25477.00;1;BETWEEN;
20251110;175121.902;25476.50;;25476.50;4;BID;
20251110;175121.917;;25477.00;25477.00;2;ASK;
20251110;175121.882;;25477.50;25477.50;2;ASK;
20251110;175121.882;;;25477.00;3;BETWEEN;
20251110;175121.882;25477.00;;25477.00;1;BID;
20251110;175121.882;;;25477.25;2;BETWEEN;
20251110;175121.882;25477.00;;25477.00;1;BID;
20251110;175121.882;25477.00;;25477.00;1;BID;
20251110;175121.951;;25477.25;25477.25;4;ASK;
20251110;175121.951;25476.75;;25476.75;1;BID;
20251110;175121.951;;25477.25;25477.25;1;ASK;
20251110;175121.951;;25477.25;25477.25;1;ASK;
20251110;175121.958;;25477.25;25477.25;3;ASK;
20251110;175121.958;25476.50;;25476.50;6;BID;
20251110;175121.989;25476.50;;25476.50;5;BID;
20251110;175122.016;;;25477.00;2;BETWEEN;
20251110;175122.016;25476.50;;25476.50;3;BID;
20251110;175122.009;;25477.25;25477.25;3;ASK;
20251110;175122.009;25476.50;;25476.50;5;BID;
20251110;175122.009;25476.50;;25476.50;1;BID;
20251110;175122.016;;;25477.00;2;BETWEEN;
20251110;175122.016;25476.50;;25476.50;3;BID;
20251110;175122.046;;25477.25;25477.25;3;ASK;
20251110;175122.046;25476.50;;25476.50;4;BID;
20251110;175122.067;;;25476.75;2;BETWEEN;
20251110;175122.060;25476.50;;25476.50;5;BID;
20251110;175122.060;;25477.25;25477.25;1;ASK;
20251110;175122.067;;;25476.75;2;BETWEEN;
20251110;175122.115;;25477.25;25477.25;1;ASK;
20251110;175122.115;25476.75;;25476.75;4;BID;
20251110;175122.137;;25477.25;25477.25;3;ASK;
20251110;175122.137;25476.75;;25476.75;3;BID;
20251110;175122.253;25476.50;;25476.50;7;BID;
20251110;175122.284;;;25476.75;4;BETWEEN;
20251110;175122.309;;25477.50;25477.50;4;ASK;
20251110;175122.309;25476.75;;25476.75;3;BID;
20251110;175122.294;;;25477.25;3;BETWEEN;
20251110;175122.294;25476.75;;25476.75;1;BID;
20251110;175122.294;;25477.25;25477.25;1;ASK;
20251110;175122.326;;25477.50;25477.50;4;ASK;
20251110;175122.326;;;25477.00;2;BETWEEN;
20251110;175122.326;25477.00;;25477.00;1;BID;
20251110;175122.370;25476.75;;25476.75;4;BID;
20251110;175122.381;;25477.50;25477.50;3;ASK;
20251110;175122.412;;;25477.00;2;BETWEEN;
20251110;175122.506;;25477.50;25477.50;4;ASK;
20251110;175122.506;25476.75;;25476.75;4;BID;
20251110;175122.537;;25477.50;25477.50;5;ASK;
20251110;175122.537;25476.75;;25476.75;3;BID;
20251110;175122.560;;;25477.25;3;BETWEEN;
20251110;175122.598;;;25477.00;2;BETWEEN;
20251110;175122.598;25476.50;;25476.50;6;BID;
20251110;175122.603;;25477.00;25477.00;1;ASK;
20251110;175122.603;25476.50;;25476.50;4;BID;
20251110;175122.648;;25477.00;25477.00;4;ASK;
20251110;175122.648;25476.50;;25476.50;2;BID;
20251110;175122.690;;25477.75;25477.75;3;ASK;
20251110;175122.690;;;25477.25;2;BETWEEN;
20251110;175122.682;25477.25;;25477.25;2;BID;
20251110;175122.682;25477.00;;25477.00;2;BID;
20251110;175122.682;;25477.25;25477.25;1;ASK;
20251110;175122.682;;25477.25;25477.25;1;ASK;
20251110;175122.683;;25477.50;25477.50;1;ASK;
20251110;175122.683;25477.00;;25477.00;4;BID;
20251110;175122.683;;25477.50;25477.50;1;ASK;
20251110;175122.690;;25477.75;25477.75;3;ASK;
20251110;175122.690;;;25477.25;2;BETWEEN;
20251110;175122.750;;;25477.50;2;BETWEEN;
20251110;175122.750;25477.00;;25477.00;4;BID;
20251110;175122.782;;25477.50;25477.50;3;ASK;
20251110;175122.782;25477.00;;25477.00;2;BID;
20251110;175122.791;;25477.50;25477.50;2;ASK;
20251110;175122.791;25477.00;;25477.00;3;BID;
20251110;175122.782;25477.00;;25477.00;4;BID;
20251110;175122.782;25477.00;;25477.00;1;BID;
20251110;175122.791;25477.00;;25477.00;3;BID;
20251110;175122.884;;25477.75;25477.75;3;ASK;
20251110;175122.884;25477.00;;25477.00;4;BID;
20251110;175122.969;25477.00;;25477.00;3;BID;
20251110;175122.968;25477.00;;25477.00;4;BID;
20251110;175122.968;25477.00;;25477.00;1;BID;
20251110;175122.987;;;25477.50;1;BETWEEN;
20251110;175122.987;25477.00;;25477.00;3;BID;
20251110;175123.052;;25477.75;25477.75;4;ASK;
20251110;175123.052;25477.00;;25477.00;4;BID;
20251110;175123.113;;25478.00;25478.00;5;ASK;
20251110;175123.113;;;25477.50;1;BETWEEN;
20251110;175123.151;;25478.00;25478.00;3;ASK;
20251110;175123.217;;25478.25;25478.25;7;ASK;
20251110;175123.217;;;25477.75;1;BETWEEN;
20251110;175123.245;;25478.50;25478.50;4;ASK;
20251110;175123.245;;;25478.00;2;BETWEEN;
20251110;175123.220;;;25478.25;1;BETWEEN;
20251110;175123.220;25477.75;;25477.75;9;BID;
20251110;175123.220;;25478.25;25478.25;1;ASK;
20251110;175123.245;;25478.50;25478.50;4;ASK;
20251110;175123.245;;;25478.00;2;BETWEEN;
20251110;175123.276;;25479.00;25479.00;4;ASK;
20251110;175123.276;;;25478.25;4;BETWEEN;
20251110;175123.293;;;25478.50;1;BETWEEN;
20251110;175123.255;25478.50;;25478.50;3;BID;
20251110;175123.255;25478.00;;25478.00;2;BID;
20251110;175123.255;;25478.50;25478.50;1;ASK;
20251110;175123.293;;25479.00;25479.00;4;ASK;
20251110;175123.293;;;25478.50;1;BETWEEN;
20251110;175123.382;25478.25;;25478.25;6;BID;
20251110;175123.412;;25479.50;25479.50;1;ASK;
20251110;175123.412;;;25479.00;3;BETWEEN;
20251110;175123.414;25479.00;;25479.00;2;BID;
20251110;175123.414;25479.00;;25479.00;1;BID;
20251110;175123.432;;;25479.25;1;BETWEEN;
20251110;175123.432;25478.75;;25478.75;3;BID;
20251110;175123.467;25478.75;;25478.75;4;BID;
20251110;175123.518;;25479.25;25479.25;2;ASK;
20251110;175123.518;25478.50;;25478.50;4;BID;
20251110;175123.548;;;25478.75;1;BETWEEN;
20251110;175123.578;25478.25;;25478.25;3;BID;
20251110;175123.578;25477.75;;25477.75;1;BID;
20251110;175123.518;;25479.25;25479.25;1;ASK;
20251110;175123.518;;;25478.75;4;BETWEEN;
20251110;175123.518;25478.75;;25478.75;1;BID;
20251110;175123.518;25478.75;;25478.75;1;BID;
20251110;175123.518;25478.75;;25478.75;1;BID;
20251110;175123.518;25478.75;;25478.75;1;BID;
20251110;175123.518;25478.50;;25478.50;1;BID;
20251110;175123.518;25478.50;;25478.50;1;BID;
20251110;175123.518;25478.50;;25478.50;1;BID;
20251110;175123.578;25478.25;;25478.25;3;BID;
20251110;175123.578;25477.75;;25477.75;1;BID;
20251110;175123.609;;;25478.00;2;BETWEEN;
20251110;175123.609;25477.50;;25477.50;5;BID;
20251110;175123.628;25477.50;;25477.50;3;BID;
20251110;175123.628;25477.00;;25477.00;2;BID;
20251110;175123.612;;25477.75;25477.75;1;ASK;
20251110;175123.612;;;25477.50;1;BETWEEN;
20251110;175123.612;25477.50;;25477.50;1;BID;
20251110;175123.628;25477.50;;25477.50;3;BID;
20251110;175123.628;25477.00;;25477.00;2;BID;
20251110;175123.671;;25477.75;25477.75;4;ASK;
20251110;175123.671;;;25477.25;1;BETWEEN;
20251110;175123.707;;25477.75;25477.75;1;ASK;
20251110;175123.707;25477.25;;25477.25;2;BID;
20251110;175123.735;;;25477.50;1;BETWEEN;
20251110;175123.735;25477.00;;25477.00;4;BID;
20251110;175123.762;;25477.75;25477.75;5;ASK;
20251110;175123.762;25477.00;;25477.00;5;BID;
20251110;175123.713;;25477.75;25477.75;1;ASK;
20251110;175123.713;;;25477.50;1;BETWEEN;
20251110;175123.713;25477.50;;25477.50;1;BID;
20251110;175123.762;;25477.75;25477.75;5;ASK;
20251110;175123.762;25477.00;;25477.00;5;BID;
20251110;175123.782;;25477.75;25477.75;3;ASK;
20251110;175123.782;;;25477.25;1;BETWEEN;
20251110;175123.829;25477.00;;25477.00;7;BID;
20251110;175123.859;;25478.25;25478.25;3;ASK;
20251110;175123.859;;;25477.50;5;BETWEEN;
20251110;175123.877;;;25478.00;1;BETWEEN;
20251110;175123.877;25477.50;;25477.50;4;BID;
20251110;175123.958;;25478.25;25478.25;3;ASK;
20251110;175123.958;;;25477.75;2;BETWEEN;
20251110;175123.987;25477.75;;25477.75;4;BID;
20251110;175124.018;;;25478.00;1;BETWEEN;
20251110;175124.018;25477.50;;25477.50;6;BID;
20251110;175124.026;;;25477.75;3;BETWEEN;
20251110;175124.026;25477.50;;25477.50;1;BID;
20251110;175124.026;25477.50;;25477.50;1;BID;
20251110;175124.047;;25478.00;25478.00;1;ASK;
20251110;175124.047;25477.50;;25477.50;3;BID;
20251110;175124.140;;;25477.75;1;BETWEEN;
20251110;175124.140;25477.25;;25477.25;5;BID;
20251110;175124.169;;25477.75;25477.75;4;ASK;
20251110;175124.169;25477.25;;25477.25;1;BID;
20251110;175124.184;;25477.75;25477.75;3;ASK;
20251110;175124.173;;25477.75;25477.75;4;ASK;
20251110;175124.173;;25477.75;25477.75;1;ASK;
20251110;175124.271;25477.00;;25477.00;5;BID;
20251110;175124.339;;;25477.50;3;BETWEEN;
20251110;175124.339;25477.00;;25477.00;3;BID;
20251110;175124.422;;;25477.25;2;BETWEEN;
20251110;175124.422;25476.75;;25476.75;4;BID;
20251110;175124.422;;;25477.00;1;BETWEEN;
20251110;175124.422;25477.00;;25477.00;1;BID;
20251110;175124.446;;25477.25;25477.25;1;ASK;
20251110;175124.446;25476.75;;25476.75;2;BID;
20251110;175124.476;;25477.50;25477.50;3;ASK;
20251110;175124.476;25476.75;;25476.75;4;BID;
20251110;175124.500;;25477.50;25477.50;4;ASK;
20251110;175124.500;;;25477.00;1;BETWEEN;
20251110;175124.455;;;25477.25;1;BETWEEN;
20251110;175124.455;25476.75;;25476.75;2;BID;
20251110;175124.455;;25477.25;25477.25;1;ASK;
20251110;175124.472;;25477.25;25477.25;1;ASK;
20251110;175124.500;;25477.50;25477.50;4;ASK;
20251110;175124.500;;;25477.00;1;BETWEEN;
20251110;175124.542;;25477.75;25477.75;1;ASK;
20251110;175124.542;;;25477.25;2;BETWEEN;
20251110;175124.550;;25477.75;25477.75;3;ASK;
20251110;175124.550;25477.00;;25477.00;6;BID;
20251110;175124.595;;25477.75;25477.75;4;ASK;
20251110;175124.684;;25478.00;25478.00;5;ASK;
20251110;175124.684;;;25477.25;5;BETWEEN;
20251110;175124.706;;25478.25;25478.25;4;ASK;
20251110;175124.706;;;25477.50;4;BETWEEN;
20251110;175124.775;25477.50;;25477.50;1;BID;
20251110;175124.786;25477.50;;25477.50;5;BID;
20251110;175124.842;25477.50;;25477.50;6;BID;
20251110;175124.899;;;25477.75;2;BETWEEN;
20251110;175124.899;25477.25;;25477.25;2;BID;
20251110;175124.906;25477.25;;25477.25;1;BID;
20251110;175124.947;;25477.75;25477.75;3;ASK;
20251110;175125.005;25477.00;;25477.00;6;BID;
20251110;175125.119;;;25477.25;1;BETWEEN;
20251110;175125.127;25477.00;;25477.00;6;BID;
20251110;175125.171;;25478.50;25478.50;1;ASK;
20251110;175125.171;;;25478.25;2;BETWEEN;
20251110;175125.192;;25478.50;25478.50;4;ASK;
20251110;175125.192;25477.75;;25477.75;4;BID;
20251110;175125.164;25477.50;;25477.50;2;BID;
20251110;175125.164;25477.25;;25477.25;1;BID;
20251110;175125.164;;25477.50;25477.50;1;ASK;
20251110;175125.164;;25477.50;25477.50;1;ASK;
20251110;175125.166;;25477.75;25477.75;2;ASK;
20251110;175125.166;25477.25;;25477.25;3;BID;
20251110;175125.166;;25477.75;25477.75;1;ASK;
20251110;175125.166;;25477.75;25477.75;1;ASK;
20251110;175125.166;;;25477.50;1;BETWEEN;
20251110;175125.166;25477.25;;25477.25;4;BID;
20251110;175125.166;;25477.50;25477.50;1;ASK;
20251110;175125.167;;25478.00;25478.00;1;ASK;
20251110;175125.167;;;25477.50;2;BETWEEN;
20251110;175125.167;;25478.00;25478.00;1;ASK;
20251110;175125.168;;25478.25;25478.25;5;ASK;
20251110;175125.168;;25478.25;25478.25;1;ASK;
20251110;175125.168;;25478.25;25478.25;1;ASK;
20251110;175125.168;;25478.25;25478.25;1;ASK;
20251110;175125.218;;25478.50;25478.50;1;ASK;
20251110;175125.218;;;25478.00;3;BETWEEN;
20251110;175125.228;25478.00;;25478.00;4;BID;
20251110;175125.290;;;25478.25;3;BETWEEN;
20251110;175125.290;25477.75;;25477.75;2;BID;
20251110;175125.305;;25478.25;25478.25;1;ASK;
20251110;175125.305;25477.75;;25477.75;3;BID;
20251110;175125.361;;;25478.00;3;BETWEEN;
20251110;175125.361;25477.50;;25477.50;2;BID;
20251110;175125.463;25477.50;;25477.50;1;BID;
20251110;175125.471;25477.50;;25477.50;1;BID;
20251110;175125.471;25477.25;;25477.25;2;BID;
20251110;175125.471;;25477.50;25477.50;1;ASK;
20251110;175125.472;;25477.50;25477.50;2;ASK;
20251110;175125.472;25477.25;;25477.25;1;BID;
20251110;175125.472;25477.25;;25477.25;1;BID;
20251110;175125.473;;25477.50;25477.50;4;ASK;
20251110;175125.473;25477.25;;25477.25;1;BID;
20251110;175125.473;;25477.50;25477.50;1;ASK;
20251110;175125.486;;25477.50;25477.50;2;ASK;
20251110;175125.486;25477.00;;25477.00;2;BID;
20251110;175125.505;;25477.75;25477.75;1;ASK;
20251110;175125.505;;;25477.25;3;BETWEEN;
20251110;175125.532;;25477.75;25477.75;2;ASK;
20251110;175125.572;25477.25;;25477.25;1;BID;
20251110;175125.658;25477.25;;25477.25;2;BID;
20251110;175125.708;;25478.00;25478.00;3;ASK;
20251110;175125.708;;;25477.50;2;BETWEEN;
20251110;175125.752;;25478.00;25478.00;4;ASK;
20251110;175125.752;25477.50;;25477.50;1;BID;
20251110;175125.783;;25478.50;25478.50;3;ASK;
20251110;175125.783;;;25478.00;3;BETWEEN;
20251110;175125.792;25478.00;;25478.00;1;BID;
20251110;175125.830;25478.00;;25478.00;1;BID;
20251110;175125.830;25477.75;;25477.75;6;BID;
20251110;175125.830;25477.75;;25477.75;1;BID;
20251110;175125.830;25477.75;;25477.75;5;BID;
20251110;175125.830;25477.75;;25477.75;1;BID;
20251110;175125.841;;;25478.00;3;BETWEEN;
20251110;175125.841;25477.50;;25477.50;1;BID;
20251110;175125.860;;25478.25;25478.25;6;ASK;
20251110;175125.860;25477.50;;25477.50;4;BID;
20251110;175125.895;;25478.25;25478.25;5;ASK;
20251110;175125.895;25477.50;;25477.50;5;BID;
20251110;175125.954;;;25477.75;1;BETWEEN;
20251110;175125.978;;;25478.00;1;BETWEEN;
20251110;175125.978;25477.50;;25477.50;4;BID;
20251110;175126.016;25476.75;;25476.75;1;BID;
20251110;175126.016;25475.00;;25475.00;5;BID;
20251110;175126.039;;25476.75;25476.75;4;ASK;
20251110;175126.039;;;25476.25;1;BETWEEN;
20251110;175125.997;;25477.75;25477.75;2;ASK;
20251110;175125.997;;;25477.50;1;BETWEEN;
20251110;175125.997;25477.50;;25477.50;1;BID;
20251110;175125.999;25477.50;;25477.50;1;BID;
20251110;175125.999;25477.25;;25477.25;3;BID;
20251110;175125.999;25477.25;;25477.25;1;BID;
20251110;175125.999;25477.25;;25477.25;1;BID;
20251110;175125.999;25477.25;;25477.25;1;BID;
20251110;175125.999;25477.00;;25477.00;1;BID;
20251110;175125.999;25477.00;;25477.00;1;BID;
20251110;175125.999;25477.00;;25477.00;1;BID;
20251110;175125.999;25477.00;;25477.00;1;BID;
20251110;175125.999;25477.00;;25477.00;1;BID;
20251110;175126.001;;25477.50;25477.50;4;ASK;
20251110;175126.001;25477.00;;25477.00;1;BID;
20251110;175126.001;25477.00;;25477.00;1;BID;
20251110;175126.002;25476.75;;25476.75;3;BID;
20251110;175126.002;25476.75;;25476.75;1;BID;
20251110;175126.002;25476.75;;25476.75;1;BID;
20251110;175126.002;25476.75;;25476.75;1;BID;
20251110;175126.003;25476.50;;25476.50;7;BID;
20251110;175126.003;25476.50;;25476.50;1;BID;
20251110;175126.003;25476.50;;25476.50;1;BID;
20251110;175126.003;25476.50;;25476.50;1;BID;
20251110;175126.003;25476.50;;25476.50;1;BID;
20251110;175126.003;25476.50;;25476.50;1;BID;
20251110;175126.003;25476.50;;25476.50;1;BID;
20251110;175126.003;25476.50;;25476.50;1;BID;
20251110;175126.003;25476.25;;25476.25;1;BID;
20251110;175126.003;25476.25;;25476.25;1;BID;
20251110;175126.003;25476.25;;25476.25;1;BID;
20251110;175126.003;25476.25;;25476.25;1;BID;
20251110;175126.003;25476.25;;25476.25;1;BID;
20251110;175126.003;25476.25;;25476.25;1;BID;
20251110;175126.003;25476.00;;25476.00;1;BID;
20251110;175126.003;25476.00;;25476.00;1;BID;
20251110;175126.003;25476.00;;25476.00;1;BID;
20251110;175126.003;25476.00;;25476.00;1;BID;
20251110;175126.003;25476.00;;25476.00;1;BID;
20251110;175126.003;25476.00;;25476.00;1;BID;
20251110;175126.003;25476.00;;25476.00;1;BID;
20251110;175126.003;25475.75;;25475.75;1;BID;
20251110;175126.003;25475.75;;25475.75;1;BID;
20251110;175126.003;25475.75;;25475.75;1;BID;
20251110;175126.003;25475.75;;25475.75;1;BID;
20251110;175126.003;25475.75;;25475.75;1;BID;
20251110;175126.003;25475.50;;25475.50;1;BID;
20251110;175126.003;25475.50;;25475.50;1;BID;
20251110;175126.003;25475.50;;25475.50;1;BID;
20251110;175126.003;25475.50;;25475.50;1;BID;
20251110;175126.003;25475.50;;25475.50;1;BID;
20251110;175126.003;25475.50;;25475.50;1;BID;
20251110;175126.003;25475.50;;25475.50;1;BID;
20251110;175126.003;25475.50;;25475.50;1;BID;
20251110;175126.006;25475.25;;25475.25;6;BID;
20251110;175126.006;25475.25;;25475.25;1;BID;
20251110;175126.006;25475.25;;25475.25;1;BID;
20251110;175126.006;25475.25;;25475.25;1;BID;
20251110;175126.006;25475.25;;25475.25;1;BID;
20251110;175126.006;25475.25;;25475.25;1;BID;
20251110;175126.006;25475.25;;25475.25;1;BID;
20251110;175126.015;;;25477.00;4;BETWEEN;
20251110;175126.015;;;25475.50;3;BETWEEN;
20251110;175126.015;25475.50;;25475.50;1;BID;
20251110;175126.015;25475.50;;25475.50;1;BID;
20251110;175126.015;25475.50;;25475.50;1;BID;
20251110;175126.015;25475.25;;25475.25;1;BID;
20251110;175126.015;25475.25;;25475.25;1;BID;
20251110;175126.015;25475.00;;25475.00;1;BID;
20251110;175126.015;25475.00;;25475.00;1;BID;
20251110;175126.015;25475.00;;25475.00;1;BID;
20251110;175126.020;;;25476.50;1;BETWEEN;
20251110;175126.020;;;25476.00;2;BETWEEN;
20251110;175126.020;25476.00;;25476.00;1;BID;
20251110;175126.020;25476.00;;25476.00;1;BID;
20251110;175126.021;;;25476.25;1;BETWEEN;
20251110;175126.021;25475.75;;25475.75;3;BID;
20251110;175126.021;25475.75;;25475.75;1;BID;
20251110;175126.022;;25476.25;25476.25;6;ASK;
20251110;175126.022;25475.75;;25475.75;2;BID;
20251110;175126.022;25475.75;;25475.75;1;BID;
20251110;175126.027;;;25476.00;1;BETWEEN;
20251110;175126.027;25475.50;;25475.50;4;BID;
20251110;175126.027;;25476.00;25476.00;1;ASK;
20251110;175126.030;;25476.25;25476.25;1;ASK;
20251110;175126.030;;;25475.75;5;BETWEEN;
20251110;175126.030;;25476.25;25476.25;1;ASK;
20251110;175126.031;;25476.50;25476.50;3;ASK;
20251110;175126.031;25475.75;;25475.75;6;BID;
20251110;175126.031;;25476.50;25476.50;1;ASK;
20251110;175126.032;;;25476.25;1;BETWEEN;
20251110;175126.032;25475.75;;25475.75;3;BID;
20251110;175126.032;;25476.25;25476.25;1;ASK;
20251110;175126.033;;25476.50;25476.50;2;ASK;
20251110;175126.033;;;25476.00;3;BETWEEN;
20251110;175126.033;;25476.50;25476.50;1;ASK;
20251110;175126.033;;25476.50;25476.50;1;ASK;
20251110;175126.039;;25476.75;25476.75;4;ASK;
20251110;175126.039;;;25476.25;1;BETWEEN;
20251110;175126.068;;25476.75;25476.75;3;ASK;
20251110;175126.096;25476.00;;25476.00;6;BID;
20251110;175126.059;;;25476.25;1;BETWEEN;
20251110;175126.059;25475.75;;25475.75;1;BID;
20251110;175126.059;;25476.25;25476.25;1;ASK;
20251110;175126.060;25475.75;;25475.75;4;BID;
20251110;175126.060;;25476.25;25476.25;1;ASK;
20251110;175126.065;;25476.50;25476.50;1;ASK;
20251110;175126.065;;;25476.00;3;BETWEEN;
20251110;175126.065;;25476.50;25476.50;1;ASK;
20251110;175126.128;;25476.50;25476.50;3;ASK;
20251110;175126.159;25475.75;;25475.75;6;BID;
20251110;175126.209;;;25476.25;1;BETWEEN;
20251110;175126.209;25475.75;;25475.75;4;BID;
20251110;175126.237;;;25476.00;1;BETWEEN;
20251110;175126.237;25475.75;;25475.75;1;BID;
20251110;175126.237;25475.75;;25475.75;1;BID;
20251110;175126.237;25475.75;;25475.75;2;BID;
20251110;175126.238;25475.75;;25475.75;2;BID;
20251110;175126.238;25475.50;;25475.50;4;BID;
20251110;175126.238;25475.50;;25475.50;1;BID;
20251110;175126.238;25475.50;;25475.50;3;BID;
20251110;175126.238;25475.50;;25475.50;1;BID;
20251110;175126.238;25475.50;;25475.50;1;BID;
20251110;175126.238;25475.50;;25475.50;1;BID;
20251110;175126.239;;25475.75;25475.75;4;ASK;
20251110;175126.239;25475.50;;25475.50;1;BID;
20251110;175126.239;25475.50;;25475.50;1;BID;
20251110;175126.240;25475.50;;25475.50;1;BID;
20251110;175126.240;25475.25;;25475.25;1;BID;
20251110;175126.240;25475.25;;25475.25;1;BID;
20251110;175126.251;;25475.50;25475.50;4;ASK;
20251110;175126.251;25475.00;;25475.00;4;BID;
20251110;175126.277;;;25475.25;1;BETWEEN;
20251110;175126.312;;25475.25;25475.25;1;ASK;
20251110;175126.318;;25475.25;25475.25;3;ASK;
20251110;175126.318;25475.00;;25475.00;2;BID;
20251110;175126.318;25475.00;;25475.00;1;BID;
20251110;175126.318;25475.00;;25475.00;1;BID;
20251110;175126.319;25475.00;;25475.00;4;BID;
20251110;175126.319;25474.75;;25474.75;8;BID;
20251110;175126.319;25474.75;;25474.75;8;BID;
20251110;175126.321;25474.75;;25474.75;4;BID;
20251110;175126.321;25474.50;;25474.50;1;BID;
20251110;175126.321;25474.50;;25474.50;1;BID;
20251110;175126.346;;25474.75;25474.75;1;ASK;
20251110;175126.346;25474.25;;25474.25;3;BID;
20251110;175126.371;25474.25;;25474.25;1;BID;
20251110;175126.371;25473.75;;25473.75;2;BID;
20251110;175126.326;;25474.50;25474.50;2;ASK;
20251110;175126.326;;;25474.25;1;BETWEEN;
20251110;175126.326;25474.25;;25474.25;1;BID;
20251110;175126.331;25474.00;;25474.00;4;BID;
20251110;175126.331;25473.50;;25473.50;1;BID;
20251110;175126.331;;25474.00;25474.00;1;ASK;
20251110;175126.331;;25474.00;25474.00;1;ASK;
20251110;175126.331;;25474.00;25474.00;1;ASK;
20251110;175126.331;;25474.00;25474.00;1;ASK;
20251110;175126.331;;25474.25;25474.25;1;ASK;
20251110;175126.331;;25474.25;25474.25;1;ASK;
20251110;175126.331;;25474.25;25474.25;1;ASK;
20251110;175126.333;;25474.50;25474.50;1;ASK;
20251110;175126.333;;;25474.00;3;BETWEEN;
20251110;175126.333;;25474.50;25474.50;1;ASK;
20251110;175126.340;;25474.75;25474.75;2;ASK;
20251110;175126.340;;;25474.25;2;BETWEEN;
20251110;175126.340;;25474.75;25474.75;1;ASK;
20251110;175126.371;25474.25;;25474.25;1;BID;
20251110;175126.371;25473.75;;25473.75;2;BID;
20251110;175126.407;;25474.50;25474.50;4;ASK;
20251110;175126.407;25473.75;;25473.75;7;BID;
20251110;175126.438;;;25474.25;3;BETWEEN;
20251110;175126.438;25473.75;;25473.75;2;BID;
20251110;175126.400;;25474.25;25474.25;1;ASK;
20251110;175126.400;25473.75;;25473.75;3;BID;
20251110;175126.400;;25474.25;25474.25;1;ASK;
20251110;175126.438;;25474.25;25474.25;3;ASK;
20251110;175126.438;25473.75;;25473.75;2;BID;
20251110;175126.495;;25474.50;25474.50;4;ASK;
20251110;175126.495;;;25474.00;3;BETWEEN;
20251110;175126.522;;;25474.25;3;BETWEEN;
20251110;175126.522;25473.75;;25473.75;1;BID;
20251110;175126.550;;25474.50;25474.50;4;ASK;
20251110;175126.550;25473.75;;25473.75;5;BID;
20251110;175126.579;;;25474.25;3;BETWEEN;
20251110;175126.579;25473.50;;25473.50;6;BID;
20251110;175126.546;;;25474.00;1;BETWEEN;
20251110;175126.546;25473.50;;25473.50;4;BID;
20251110;175126.546;;25474.00;25474.00;1;ASK;
20251110;175126.548;;25474.25;25474.25;1;ASK;
20251110;175126.548;;;25473.75;4;BETWEEN;
20251110;175126.548;;25474.25;25474.25;1;ASK;
20251110;175126.563;;25474.50;25474.50;4;ASK;
20251110;175126.563;25473.75;;25473.75;5;BID;
20251110;175126.563;25473.75;;25473.75;1;BID;
20251110;175126.564;25473.75;;25473.75;1;BID;
20251110;175126.564;25473.75;;25473.75;1;BID;
20251110;175126.579;;;25474.25;3;BETWEEN;
20251110;175126.579;25473.50;;25473.50;6;BID;
20251110;175126.596;25473.50;;25473.50;5;BID;
20251110;175126.635;;25474.25;25474.25;2;ASK;
20251110;175126.635;;;25473.75;2;BETWEEN;
20251110;175126.742;25473.75;;25473.75;1;BID;
20251110;175126.818;;;25474.00;1;BETWEEN;
20251110;175126.818;25473.50;;25473.50;2;BID;
20251110;175126.852;;25474.25;25474.25;2;ASK;
20251110;175126.852;;;25473.75;1;BETWEEN;
20251110;175126.883;;;25474.00;2;BETWEEN;
20251110;175126.883;25473.50;;25473.50;2;BID;
20251110;175126.904;;25474.00;25474.00;3;ASK;
20251110;175126.904;25473.50;;25473.50;1;BID;
20251110;175126.936;;25474.25;25474.25;3;ASK;
20251110;175126.936;25473.50;;25473.50;5;BID;
20251110;175126.983;;;25473.75;1;BETWEEN;
20251110;175127.008;25472.75;;25472.75;1;BID;
20251110;175127.008;25472.50;;25472.50;4;BID;
20251110;175127.001;;25473.75;25473.75;3;ASK;
20251110;175127.001;;;25473.50;1;BETWEEN;
20251110;175127.001;25473.50;;25473.50;1;BID;
20251110;175127.001;25473.50;;25473.50;1;BID;
20251110;175127.001;25473.25;;25473.25;3;BID;
20251110;175127.001;25473.25;;25473.25;1;BID;
20251110;175127.001;25473.25;;25473.25;1;BID;
20251110;175127.001;25473.25;;25473.25;1;BID;
20251110;175127.008;25472.75;;25472.75;1;BID;
20251110;175127.008;25472.50;;25472.50;3;BID;
20251110;175127.008;25472.50;;25472.50;1;BID;
20251110;175127.008;25472.50;;25472.50;1;BID;
20251110;175127.008;25472.50;;25472.50;1;BID;
20251110;175127.008;25472.25;;25472.25;1;BID;
20251110;175127.008;25472.25;;25472.25;1;BID;
20251110;175127.015;25472.50;;25472.50;2;BID;
20251110;175127.015;25472.00;;25472.00;1;BID;
20251110;175127.015;;25472.50;25472.50;1;ASK;
20251110;175127.015;;25472.50;25472.50;1;ASK;
20251110;175127.018;25472.00;;25472.00;2;BID;
20251110;175127.018;25472.00;;25472.00;1;BID;
20251110;175127.020;;;25472.25;4;BETWEEN;
20251110;175127.020;25471.75;;25471.75;3;BID;
20251110;175127.020;25471.75;;25471.75;1;BID;
20251110;175127.020;25471.75;;25471.75;1;BID;
20251110;175127.020;25471.75;;25471.75;1;BID;
20251110;175127.038;;25472.75;25472.75;1;ASK;
20251110;175127.038;;;25472.25;1;BETWEEN;
20251110;175127.046;;25473.00;25473.00;3;ASK;
20251110;175127.046;25472.25;;25472.25;4;BID;
20251110;175127.023;25472.25;;25472.25;8;BID;
20251110;175127.023;25471.50;;25471.50;1;BID;
20251110;175127.023;;25472.25;25472.25;1;ASK;
20251110;175127.027;;25472.25;25472.25;1;ASK;
20251110;175127.027;;;25472.00;2;BETWEEN;
20251110;175127.027;;25472.25;25472.25;1;ASK;
20251110;175127.030;;25473.00;25473.00;1;ASK;
20251110;175127.030;;;25472.50;2;BETWEEN;
20251110;175127.030;;25473.00;25473.00;1;ASK;
20251110;175127.046;;25473.00;25473.00;3;ASK;
20251110;175127.046;25472.25;;25472.25;4;BID;
20251110;175127.093;25472.25;;25472.25;5;BID;
20251110;175127.122;;25473.25;25473.25;3;ASK;
20251110;175127.122;;;25472.75;2;BETWEEN;
20251110;175127.107;;25473.25;25473.25;1;ASK;
20251110;175127.107;25472.75;;25472.75;1;BID;
20251110;175127.107;;25473.25;25473.25;1;ASK;
20251110;175127.107;;25473.50;25473.50;1;ASK;
20251110;175127.107;;25473.50;25473.50;1;ASK;
20251110;175127.107;;25473.50;25473.50;1;ASK;
20251110;175127.122;;25473.25;25473.25;3;ASK;
20251110;175127.122;25472.75;;25472.75;2;BID;
20251110;175127.157;;25473.25;25473.25;2;ASK;
20251110;175127.157;25472.75;;25472.75;3;BID;
20251110;175127.192;;25473.75;25473.75;1;ASK;
20251110;175127.192;;;25473.25;3;BETWEEN;
20251110;175127.211;;25474.00;25474.00;2;ASK;
20251110;175127.211;;;25473.50;2;BETWEEN;
20251110;175127.182;25473.25;;25473.25;1;BID;
20251110;175127.182;25472.75;;25472.75;3;BID;
20251110;175127.182;;25473.25;25473.25;1;ASK;
20251110;175127.192;;25473.75;25473.75;1;ASK;
20251110;175127.192;;;25473.25;3;BETWEEN;
20251110;175127.192;;25473.75;25473.75;1;ASK;
20251110;175127.193;;25474.00;25474.00;2;ASK;
20251110;175127.193;;;25473.50;3;BETWEEN;
20251110;175127.193;;25474.00;25474.00;1;ASK;
20251110;175127.211;25473.50;;25473.50;2;BID;
20251110;175127.263;;25474.00;25474.00;4;ASK;
20251110;175127.263;25473.25;;25473.25;4;BID;
20251110;175127.229;;25474.00;25474.00;2;ASK;
20251110;175127.229;;;25473.50;2;BETWEEN;
20251110;175127.229;;25474.00;25474.00;1;ASK;
20251110;175127.234;25473.50;;25473.50;1;BID;
20251110;175127.234;25473.00;;25473.00;5;BID;
20251110;175127.234;;25473.50;25473.50;1;ASK;
20251110;175127.235;;;25473.25;1;BETWEEN;
20251110;175127.235;;25473.50;25473.50;1;ASK;
20251110;175127.241;;25474.00;25474.00;4;ASK;
20251110;175127.241;;;25473.50;4;BETWEEN;
20251110;175127.241;25473.50;;25473.50;1;BID;
20251110;175127.241;25473.50;;25473.50;1;BID;
20251110;175127.241;25473.50;;25473.50;1;BID;
20251110;175127.241;25473.50;;25473.50;1;BID;
20251110;175127.242;;;25473.75;2;BETWEEN;
20251110;175127.242;25473.25;;25473.25;2;BID;
20251110;175127.242;;25473.75;25473.75;1;ASK;
20251110;175127.263;;25474.00;25474.00;4;ASK;
20251110;175127.263;25473.25;;25473.25;4;BID;
20251110;175127.278;;;25473.75;1;BETWEEN;
20251110;175127.278;25473.25;;25473.25;5;BID;
20251110;175127.379;;25473.75;25473.75;5;ASK;
20251110;175127.379;25473.25;;25473.25;2;BID;
20251110;175127.417;;25473.75;25473.75;4;ASK;
20251110;175127.417;25473.00;;25473.00;5;BID;
20251110;175127.455;;25473.75;25473.75;1;ASK;
20251110;175127.455;;;25473.25;3;BETWEEN;
20251110;175127.479;;25473.75;25473.75;3;ASK;
20251110;175127.479;25473.00;;25473.00;6;BID;
20251110;175127.511;;;25473.25;3;BETWEEN;
20251110;175127.593;;25473.75;25473.75;4;ASK;
20251110;175127.619;;25473.75;25473.75;2;ASK;
20251110;175127.619;25473.25;;25473.25;6;BID;
20251110;175127.645;;25474.00;25474.00;1;ASK;
20251110;175127.645;;;25473.50;3;BETWEEN;
20251110;175127.679;;25474.00;25474.00;3;ASK;
20251110;175127.679;25473.50;;25473.50;1;BID;
20251110;175127.643;;;25473.75;2;BETWEEN;
20251110;175127.643;;25473.75;25473.75;1;ASK;
20251110;175127.644;;25473.75;25473.75;1;ASK;
20251110;175127.644;25473.50;;25473.50;3;BID;
20251110;175127.644;;25473.75;25473.75;1;ASK;
20251110;175127.679;;25474.00;25474.00;3;ASK;
20251110;175127.679;25473.50;;25473.50;1;BID;
20251110;175127.716;;25474.00;25474.00;1;ASK;
20251110;175127.716;25473.50;;25473.50;6;BID;
20251110;175127.735;;25474.00;25474.00;2;ASK;
20251110;175127.700;25473.50;;25473.50;2;BID;
20251110;175127.700;25473.00;;25473.00;4;BID;
20251110;175127.700;;25473.50;25473.50;1;ASK;
20251110;175127.735;;25474.00;25474.00;2;ASK;
20251110;175127.735;;;25473.50;6;BETWEEN;
20251110;175127.785;;25474.00;25474.00;5;ASK;
20251110;175127.785;25473.25;;25473.25;7;BID;
20251110;175127.812;;;25473.75;2;BETWEEN;
20251110;175127.812;25473.25;;25473.25;3;BID;
20251110;175127.824;;;25473.50;1;BETWEEN;
20251110;175127.824;25473.00;;25473.00;4;BID;
20251110;175127.824;;25473.50;25473.50;1;ASK;
20251110;175127.847;;25474.25;25474.25;3;ASK;
20251110;175127.847;;;25473.50;6;BETWEEN;
20251110;175127.876;;25474.25;25474.25;1;ASK;
20251110;175127.876;;;25473.75;3;BETWEEN;
20251110;175127.845;;;25474.00;1;BETWEEN;
20251110;175127.845;25473.50;;25473.50;6;BID;
20251110;175127.845;;25474.00;25474.00;1;ASK;
20251110;175127.867;;25474.25;25474.25;1;ASK;
20251110;175127.867;;;25473.75;7;BETWEEN;
20251110;175127.867;;25474.25;25474.25;1;ASK;
20251110;175127.876;25473.75;;25473.75;3;BID;
20251110;175127.906;;25474.25;25474.25;2;ASK;
20251110;175127.906;25473.75;;25473.75;2;BID;
20251110;175127.925;;;25474.00;2;BETWEEN;
20251110;175128.042;;25474.25;25474.25;1;ASK;
20251110;175128.040;;;25474.00;2;BETWEEN;
20251110;175128.040;;25474.00;25474.00;1;ASK;
20251110;175128.040;;25474.00;25474.00;1;ASK;
20251110;175128.091;;25474.50;25474.50;3;ASK;
20251110;175128.091;;;25474.00;3;BETWEEN;
20251110;175128.132;;25474.50;25474.50;4;ASK;
20251110;175128.132;25474.00;;25474.00;1;BID;
20251110;175128.157;;;25474.25;3;BETWEEN;
20251110;175128.157;25473.50;;25473.50;5;BID;
20251110;175128.117;;25474.50;25474.50;3;ASK;
20251110;175128.117;;;25474.00;3;BETWEEN;
20251110;175128.117;25474.00;;25474.00;1;BID;
20251110;175128.117;25474.00;;25474.00;1;BID;
20251110;175128.117;25474.00;;25474.00;1;BID;
20251110;175128.117;25473.75;;25473.75;1;BID;
20251110;175128.117;25473.75;;25473.75;1;BID;
20251110;175128.117;25473.75;;25473.75;1;BID;
20251110;175128.117;25473.75;;25473.75;1;BID;
20251110;175128.117;25473.75;;25473.75;1;BID;
20251110;175128.117;25473.75;;25473.75;1;BID;
20251110;175128.117;25473.75;;25473.75;1;BID;
20251110;175128.126;25474.00;;25474.00;1;BID;
20251110;175128.126;25473.50;;25473.50;4;BID;
20251110;175128.126;;25474.00;25474.00;1;ASK;
20251110;175128.136;;25474.50;25474.50;1;ASK;
20251110;175128.136;;;25474.00;5;BETWEEN;
20251110;175128.136;;25474.50;25474.50;1;ASK;
20251110;175128.138;;;25474.25;2;BETWEEN;
20251110;175128.138;25474.00;;25474.00;1;BID;
20251110;175128.138;25474.00;;25474.00;1;BID;
20251110;175128.157;;25474.25;25474.25;3;ASK;
20251110;175128.157;25473.50;;25473.50;5;BID;
20251110;175128.224;;25474.25;25474.25;4;ASK;
20251110;175128.224;25473.50;;25473.50;6;BID;
20251110;175128.201;;25474.25;25474.25;3;ASK;
20251110;175128.201;25473.50;;25473.50;5;BID;
20251110;175128.201;;25474.25;25474.25;1;ASK;
20251110;175128.201;;25474.25;25474.25;1;ASK;
20251110;175128.224;;25474.25;25474.25;4;ASK;
20251110;175128.224;25473.50;;25473.50;6;BID;
20251110;175128.252;;25474.25;25474.25;3;ASK;
20251110;175128.252;;;25473.75;2;BETWEEN;
20251110;175128.275;25473.50;;25473.50;6;BID;
20251110;175128.314;;;25473.75;2;BETWEEN;
20251110;175128.345;;25474.25;25474.25;4;ASK;
20251110;175128.345;25473.50;;25473.50;5;BID;
20251110;175128.378;;;25474.00;4;BETWEEN;
20251110;175128.378;25473.25;;25473.25;6;BID;
20251110;175128.468;25473.25;;25473.25;3;BID;
20251110;175128.468;25472.50;;25472.50;5;BID;
20251110;175128.490;;;25473.00;2;BETWEEN;
20251110;175128.490;25472.50;;25472.50;3;BID;
20251110;175128.477;;25473.25;25473.25;4;ASK;
20251110;175128.477;25472.50;;25472.50;6;BID;
20251110;175128.477;25472.50;;25472.50;1;BID;
20251110;175128.490;;;25473.00;2;BETWEEN;
20251110;175128.490;25472.50;;25472.50;3;BID;
20251110;175128.529;;;25472.75;4;BETWEEN;
20251110;175128.529;25472.00;;25472.00;6;BID;
20251110;175128.551;;;25472.50;1;BETWEEN;
20251110;175128.551;25472.00;;25472.00;2;BID;
20251110;175128.517;;25472.75;25472.75;1;ASK;
20251110;175128.517;;;25472.50;3;BETWEEN;
20251110;175128.517;;25472.75;25472.75;1;ASK;
20251110;175128.566;25472.50;;25472.50;1;BID;
20251110;175128.566;25472.00;;25472.00;2;BID;
20251110;175128.566;;25472.50;25472.50;1;ASK;
20251110;175128.566;;25472.75;25472.75;1;ASK;
20251110;175128.566;;25472.75;25472.75;1;ASK;
20251110;175128.566;;25472.75;25472.75;1;ASK;
20251110;175128.566;;25472.75;25472.75;1;ASK;
20251110;175128.590;;25472.75;25472.75;4;ASK;
20251110;175128.590;25472.00;;25472.00;5;BID;
20251110;175128.622;;;25472.25;2;BETWEEN;
20251110;175128.629;25472.25;;25472.25;1;BID;
20251110;175128.705;;25473.00;25473.00;4;ASK;
20251110;175128.705;;;25472.50;1;BETWEEN;
20251110;175128.732;;;25472.75;2;BETWEEN;
20251110;175128.732;25472.25;;25472.25;2;BID;
20251110;175128.785;;25472.75;25472.75;1;ASK;
20251110;175128.785;;25472.75;25472.75;1;ASK;
20251110;175128.793;;25473.00;25473.00;3;ASK;
20251110;175128.793;;;25472.50;2;BETWEEN;
20251110;175128.809;;25473.00;25473.00;4;ASK;
20251110;175128.809;25472.25;;25472.25;4;BID;
20251110;175128.846;;25473.25;25473.25;4;ASK;
20251110;175128.846;;;25473.00;1;BETWEEN;
20251110;175128.842;25472.75;;25472.75;1;BID;
20251110;175128.842;25472.25;;25472.25;4;BID;
20251110;175128.842;;25472.75;25472.75;1;ASK;
20251110;175128.847;;25473.25;25473.25;2;ASK;
20251110;175128.847;;;25473.00;1;BETWEEN;
20251110;175128.847;25473.00;;25473.00;1;BID;
20251110;175128.848;25472.50;;25472.50;7;BID;
20251110;175128.848;;25473.25;25473.25;1;ASK;
20251110;175128.848;;25473.25;25473.25;1;ASK;
20251110;175128.849;;;25473.00;1;BETWEEN;
20251110;175128.849;25473.00;;25473.00;1;BID;
20251110;175128.849;;25473.25;25473.25;1;ASK;
20251110;175128.849;25472.75;;25472.75;3;BID;
20251110;175128.849;;25473.25;25473.25;1;ASK;
20251110;175128.850;;;25473.00;4;BETWEEN;
20251110;175128.850;;25473.25;25473.25;1;ASK;
20251110;175128.851;;25473.50;25473.50;1;ASK;
20251110;175128.851;25473.00;;25473.00;5;BID;
20251110;175128.851;25473.00;;25473.00;1;BID;
20251110;175128.851;25473.00;;25473.00;1;BID;
20251110;175128.851;25473.00;;25473.00;3;BID;
20251110;175128.851;25473.00;;25473.00;1;BID;
20251110;175128.852;;25473.50;25473.50;6;ASK;
20251110;175128.852;25473.00;;25473.00;2;BID;
20251110;175128.852;25473.00;;25473.00;1;BID;
20251110;175128.852;25473.00;;25473.00;1;BID;
20251110;175128.864;25473.00;;25473.00;2;BID;
20251110;175128.864;25472.50;;25472.50;2;BID;
20251110;175128.885;;25473.00;25473.00;3;ASK;
20251110;175128.955;;25473.25;25473.25;6;ASK;
20251110;175128.955;;;25472.75;1;BETWEEN;
20251110;175128.969;;25473.25;25473.25;2;ASK;
20251110;175128.969;25472.75;;25472.75;2;BID;
20251110;175128.955;;;25473.00;2;BETWEEN;
20251110;175128.955;25472.75;;25472.75;1;BID;
20251110;175128.955;;25473.00;25473.00;1;ASK;
20251110;175128.955;;25473.00;25473.00;1;ASK;
20251110;175128.969;;25473.25;25473.25;2;ASK;
20251110;175128.969;25472.75;;25472.75;2;BID;
20251110;175128.998;;;25473.00;3;BETWEEN;
20251110;175128.998;25472.50;;25472.50;2;BID;
20251110;175129.038;;25473.00;25473.00;6;ASK;
20251110;175129.038;25472.50;;25472.50;1;BID;
20251110;175129.065;;25473.00;25473.00;1;ASK;
20251110;175129.065;25472.50;;25472.50;4;BID;
20251110;175129.027;;25473.00;25473.00;3;ASK;
20251110;175129.027;25472.50;;25472.50;2;BID;
20251110;175129.027;25472.50;;25472.50;1;BID;
20251110;175129.065;;25473.00;25473.00;1;ASK;
20251110;175129.065;25472.50;;25472.50;4;BID;
20251110;175129.134;;25473.75;25473.75;3;ASK;
20251110;175129.134;;;25473.25;2;BETWEEN;
20251110;175129.152;;;25473.50;2;BETWEEN;
20251110;175129.152;25473.00;;25473.00;3;BID;
20251110;175129.209;;25473.50;25473.50;4;ASK;
20251110;175129.209;25473.00;;25473.00;1;BID;
20251110;175129.212;;25473.50;25473.50;3;ASK;
20251110;175129.263;;25473.75;25473.75;5;ASK;
20251110;175129.263;25473.00;;25473.00;3;BID;
20251110;175129.305;25473.00;;25473.00;4;BID;
20251110;175129.333;;25474.25;25474.25;2;ASK;
20251110;175129.333;;;25473.75;4;BETWEEN;
20251110;175129.354;;25474.25;25474.25;3;ASK;
20251110;175129.354;25473.75;;25473.75;3;BID;
20251110;175129.383;;;25474.00;4;BETWEEN;
20251110;175129.383;25473.50;;25473.50;2;BID;
20251110;175129.441;;25474.00;25474.00;2;ASK;
20251110;175129.458;;25474.00;25474.00;1;ASK;
20251110;175129.458;;;25473.75;1;BETWEEN;
20251110;175129.458;;25474.00;25474.00;1;ASK;
20251110;175129.475;;25474.50;25474.50;3;ASK;
20251110;175129.475;;;25474.00;3;BETWEEN;
20251110;175129.481;25474.00;;25474.00;2;BID;
20251110;175129.569;;;25474.25;1;BETWEEN;
20251110;175129.569;25473.75;;25473.75;6;BID;
20251110;175129.595;25473.50;;25473.50;3;BID;
20251110;175129.595;25473.00;;25473.00;2;BID;
20251110;175129.569;;25474.50;25474.50;3;ASK;
20251110;175129.569;;;25474.00;2;BETWEEN;
20251110;175129.569;25474.00;;25474.00;1;BID;
20251110;175129.569;25474.00;;25474.00;1;BID;
20251110;175129.569;25473.75;;25473.75;1;BID;
20251110;175129.593;25473.75;;25473.75;2;BID;
20251110;175129.593;25473.25;;25473.25;1;BID;
20251110;175129.593;25473.25;;25473.25;1;BID;
20251110;175129.595;;;25473.50;3;BETWEEN;
20251110;175129.595;25473.00;;25473.00;2;BID;
20251110;175129.623;;;25473.25;6;BETWEEN;
20251110;175129.623;25472.75;;25472.75;1;BID;
20251110;175129.645;;25473.25;25473.25;4;ASK;
20251110;175129.709;;25473.25;25473.25;1;ASK;
20251110;175129.709;25472.75;;25472.75;2;BID;
20251110;175129.737;;;25473.00;3;BETWEEN;
20251110;175129.737;25472.50;;25472.50;1;BID;
20251110;175129.764;;;25472.75;1;BETWEEN;
20251110;175129.764;25472.25;;25472.25;6;BID;
20251110;175129.792;;25473.00;25473.00;3;ASK;
20251110;175129.792;;;25472.50;1;BETWEEN;
20251110;175129.815;;25473.00;25473.00;4;ASK;
20251110;175129.815;25472.25;;25472.25;6;BID;
20251110;175129.853;;;25472.75;4;BETWEEN;
20251110;175129.853;25472.00;;25472.00;4;BID;
20251110;175129.886;;25473.00;25473.00;3;ASK;
20251110;175129.886;;;25472.50;3;BETWEEN;
20251110;175129.909;;25473.00;25473.00;4;ASK;
20251110;175129.909;25472.25;;25472.25;6;BID;
20251110;175129.947;25472.25;;25472.25;2;BID;
20251110;175129.979;;;25472.50;3;BETWEEN;
20251110;175129.979;25472.00;;25472.00;2;BID;
20251110;175129.998;;25472.75;25472.75;2;ASK;
20251110;175129.998;;;25472.25;2;BETWEEN;
20251110;175130.033;;25472.75;25472.75;1;ASK;
20251110;175130.033;25472.25;;25472.25;3;BID;
20251110;175130.065;;25473.00;25473.00;3;ASK;
20251110;175130.065;;;25472.50;3;BETWEEN;
20251110;175130.093;;25473.00;25473.00;1;ASK;
20251110;175130.093;;;25472.75;1;BETWEEN;
20251110;175130.127;;25474.00;25474.00;6;ASK;
20251110;175130.127;;;25473.25;4;BETWEEN;
20251110;175130.101;25473.25;;25473.25;1;BID;
20251110;175130.101;25472.75;;25472.75;5;BID;
20251110;175130.101;;25473.25;25473.25;1;ASK;
20251110;175130.102;;25473.50;25473.50;2;ASK;
20251110;175130.102;;;25473.25;1;BETWEEN;
20251110;175130.102;;25473.50;25473.50;1;ASK;
20251110;175130.102;;25473.50;25473.50;1;ASK;
20251110;175130.126;;25473.75;25473.75;1;ASK;
20251110;175130.126;25473.25;;25473.25;4;BID;
20251110;175130.126;;25473.75;25473.75;1;ASK;
20251110;175130.127;;25474.00;25474.00;6;ASK;
20251110;175130.153;;;25473.50;3;BETWEEN;
20251110;175130.153;25473.00;;25473.00;2;BID;
20251110;175130.175;;25473.50;25473.50;2;ASK;
20251110;175130.175;25473.00;;25473.00;3;BID;
20251110;175130.158;;25473.50;25473.50;3;ASK;
20251110;175130.158;25473.00;;25473.00;2;BID;
20251110;175130.158;;25473.50;25473.50;1;ASK;
20251110;175130.175;;25473.50;25473.50;2;ASK;
20251110;175130.175;25473.00;;25473.00;3;BID;
20251110;175130.207;;25473.50;25473.50;4;ASK;
20251110;175130.207;25472.75;;25472.75;3;BID;
20251110;175130.233;25472.75;;25472.75;5;BID;
20251110;175130.233;25472.00;;25472.00;6;BID;
20251110;175130.271;;;25472.50;1;BETWEEN;
20251110;175130.271;25472.00;;25472.00;4;BID;
20251110;175130.295;;25472.75;25472.75;4;ASK;
20251110;175130.267;;25472.75;25472.75;6;ASK;
20251110;175130.267;;;25472.25;1;BETWEEN;
20251110;175130.267;25472.25;;25472.25;1;BID;
20251110;175130.295;;25472.75;25472.75;4;ASK;
20251110;175130.295;25472.00;;25472.00;4;BID;
20251110;175130.339;;;25472.50;2;BETWEEN;
20251110;175130.383;;25472.50;25472.50;1;ASK;
20251110;175130.383;25472.00;;25472.00;5;BID;
20251110;175130.491;;25473.00;25473.00;2;ASK;
20251110;175130.491;;;25472.50;3;BETWEEN;
20251110;175130.508;;25473.25;25473.25;3;ASK;
20251110;175130.508;;;25472.75;1;BETWEEN;
20251110;175130.485;25472.50;;25472.50;1;BID;
20251110;175130.485;25472.00;;25472.00;5;BID;
20251110;175130.485;25472.00;;25472.00;1;BID;
20251110;175130.486;25472.00;;25472.00;1;BID;
20251110;175130.508;;25473.25;25473.25;3;ASK;
20251110;175130.508;;;25472.75;1;BETWEEN;
20251110;175130.547;;;25473.00;3;BETWEEN;
20251110;175130.547;25472.50;;25472.50;2;BID;
20251110;175130.578;;25473.50;25473.50;4;ASK;
20251110;175130.578;;;25473.00;1;BETWEEN;
20251110;175130.605;;25473.50;25473.50;5;ASK;
20251110;175130.605;25472.75;;25472.75;4;BID;
20251110;175130.650;;;25473.25;3;BETWEEN;
20251110;175130.650;25472.75;;25472.75;1;BID;
20251110;175130.663;;25473.25;25473.25;1;ASK;
20251110;175130.663;;25473.25;25473.25;1;ASK;
20251110;175130.663;;25473.25;25473.25;1;ASK;
20251110;175130.663;;25473.50;25473.50;1;ASK;
20251110;175130.691;;25473.75;25473.75;5;ASK;
20251110;175130.691;;;25473.00;3;BETWEEN;
20251110;175130.713;;;25473.25;4;BETWEEN;
20251110;175130.713;25472.50;;25472.50;6;BID;
20251110;175130.698;;25473.75;25473.75;5;ASK;
20251110;175130.698;;;25473.00;3;BETWEEN;
20251110;175130.698;25473.00;;25473.00;1;BID;
20251110;175130.698;25473.00;;25473.00;1;BID;
20251110;175130.698;25473.00;;25473.00;1;BID;
20251110;175130.698;25472.75;;25472.75;1;BID;
20251110;175130.698;25472.75;;25472.75;1;BID;
20251110;175130.713;;;25473.25;4;BETWEEN;
20251110;175130.713;25472.50;;25472.50;6;BID;
20251110;175130.807;;25473.25;25473.25;3;ASK;
20251110;175130.838;;25473.75;25473.75;4;ASK;
20251110;175130.838;;;25473.00;3;BETWEEN;
20251110;175130.856;;;25473.50;3;BETWEEN;
20251110;175130.856;25472.75;;25472.75;5;BID;
20251110;175130.952;;25473.50;25473.50;5;ASK;
20251110;175130.952;25472.75;;25472.75;3;BID;
20251110;175130.973;;25473.75;25473.75;4;ASK;
20251110;175130.973;;;25473.00;3;BETWEEN;
20251110;175130.951;;;25473.50;3;BETWEEN;
20251110;175130.951;25472.75;;25472.75;5;BID;
20251110;175130.951;25472.75;;25472.75;1;BID;
20251110;175130.951;25472.75;;25472.75;1;BID;
20251110;175130.990;;25473.50;25473.50;2;ASK;
20251110;175130.990;;;25473.00;3;BETWEEN;
20251110;175131.044;;25474.00;25474.00;3;ASK;
20251110;175131.044;;;25473.50;2;BETWEEN;
20251110;175131.074;;25474.00;25474.00;4;ASK;
20251110;175131.074;25473.25;;25473.25;4;BID;
20251110;175131.027;;;25473.50;2;BETWEEN;
20251110;175131.027;25473.00;;25473.00;3;BID;
20251110;175131.027;;25473.50;25473.50;1;ASK;
20251110;175131.027;;25473.50;25473.50;1;ASK;
20251110;175131.028;;25473.75;25473.75;1;ASK;
20251110;175131.028;;;25473.50;2;BETWEEN;
20251110;175131.028;;25473.75;25473.75;1;ASK;
20251110;175131.074;25473.25;;25473.25;5;BID;
20251110;175131.074;;25473.75;25473.75;1;ASK;
20251110;175131.074;;25474.00;25474.00;4;ASK;
20251110;175131.138;25473.25;;25473.25;2;BID;
20251110;175131.138;25472.75;;25472.75;4;BID;
20251110;175131.161;;;25473.00;3;BETWEEN;
20251110;175131.161;25472.50;;25472.50;2;BID;
20251110;175131.186;;;25472.75;2;BETWEEN;
20251110;175131.186;25472.25;;25472.25;2;BID;
20251110;175131.223;25472.25;;25472.25;1;BID;
20251110;175131.288;;25472.75;25472.75;3;ASK;
20251110;175131.319;;;25472.50;2;BETWEEN;
20251110;175131.319;25472.00;;25472.00;2;BID;
20251110;175131.368;;25472.75;25472.75;2;ASK;
20251110;175131.368;;;25472.25;2;BETWEEN;
20251110;175131.464;;;25472.50;3;BETWEEN;
20251110;175131.464;25472.00;;25472.00;3;BID;
20251110;175131.513;;25472.75;25472.75;3;ASK;
20251110;175131.653;;;25472.50;2;BETWEEN;
20251110;175131.653;25472.00;;25472.00;2;BID;
20251110;175131.684;;25473.25;25473.25;3;ASK;
20251110;175131.684;;;25472.50;5;BETWEEN;
20251110;175131.710;;25473.25;25473.25;2;ASK;
20251110;175131.710;;;25472.75;4;BETWEEN;
20251110;175131.777;;25473.25;25473.25;3;ASK;
20251110;175131.777;25472.50;;25472.50;6;BID;
20251110;175131.811;25472.50;;25472.50;7;BID;
20251110;175131.889;;25473.25;25473.25;2;ASK;
20251110;175131.889;;;25472.75;2;BETWEEN;
20251110;175131.893;;25473.25;25473.25;1;ASK;
20251110;175131.944;;25473.50;25473.50;3;ASK;
20251110;175131.944;;;25473.00;2;BETWEEN;
20251110;175131.951;;25473.50;25473.50;1;ASK;
20251110;175132.010;;25473.75;25473.75;5;ASK;
20251110;175132.010;25473.00;;25473.00;4;BID;
20251110;175131.995;;;25473.50;2;BETWEEN;
20251110;175131.995;25473.00;;25473.00;2;BID;
20251110;175131.995;;25473.50;25473.50;1;ASK;
20251110;175131.995;;25473.50;25473.50;1;ASK;
20251110;175131.995;;25473.75;25473.75;1;ASK;
20251110;175132.041;;25473.75;25473.75;3;ASK;
20251110;175132.041;25473.00;;25473.00;5;BID;
20251110;175132.069;25473.00;;25473.00;2;BID;
20251110;175132.069;25472.50;;25472.50;3;BID;
20251110;175132.078;;25473.00;25473.00;1;ASK;
20251110;175132.141;;25473.25;25473.25;2;ASK;
20251110;175132.141;;;25472.75;2;BETWEEN;
20251110;175132.173;;;25473.00;4;BETWEEN;
20251110;175132.173;25472.25;;25472.25;4;BID;
20251110;175132.191;;;25472.50;2;BETWEEN;
20251110;175132.228;25472.50;;25472.50;1;BID;
20251110;175132.255;;25473.00;25473.00;1;ASK;
20251110;175132.255;25472.50;;25472.50;4;BID;
20251110;175132.277;;;25472.75;1;BETWEEN;
20251110;175132.277;25472.25;;25472.25;3;BID;
20251110;175132.302;;25473.00;25473.00;5;ASK;
20251110;175132.302;25472.25;;25472.25;4;BID;
20251110;175132.335;;;25472.50;3;BETWEEN;
20251110;175132.335;25472.00;;25472.00;1;BID;
20251110;175132.355;;25472.50;25472.50;2;ASK;
20251110;175132.355;25472.00;;25472.00;3;BID;
20251110;175132.418;;25472.75;25472.75;4;ASK;
20251110;175132.418;25472.00;;25472.00;4;BID;
20251110;175132.449;;;25472.50;2;BETWEEN;
20251110;175132.449;25472.00;;25472.00;2;BID;
20251110;175132.461;25472.00;;25472.00;1;BID;
20251110;175132.505;;25472.50;25472.50;3;ASK;
20251110;175132.505;25471.75;;25471.75;4;BID;
20251110;175132.564;;25473.00;25473.00;1;ASK;
20251110;175132.564;;;25472.50;4;BETWEEN;
20251110;175132.535;25472.50;;25472.50;3;BID;
20251110;175132.535;25472.00;;25472.00;3;BID;
20251110;175132.535;25472.00;;25472.00;1;BID;
20251110;175132.535;25472.00;;25472.00;1;BID;
20251110;175132.535;25472.00;;25472.00;1;BID;
20251110;175132.535;25471.75;;25471.75;1;BID;
20251110;175132.535;25471.75;;25471.75;1;BID;
20251110;175132.555;;25472.50;25472.50;1;ASK;
20251110;175132.555;;;25472.25;2;BETWEEN;
20251110;175132.555;;25472.50;25472.50;1;ASK;
20251110;175132.564;;25473.00;25473.00;1;ASK;
20251110;175132.564;;;25472.50;4;BETWEEN;
20251110;175132.593;;;25472.75;2;BETWEEN;
20251110;175132.593;25472.25;;25472.25;3;BID;
20251110;175132.638;;25472.75;25472.75;4;ASK;
20251110;175132.669;;25473.00;25473.00;2;ASK;
20251110;175132.669;;;25472.50;3;BETWEEN;
20251110;175132.698;;25473.50;25473.50;4;ASK;
20251110;175132.698;;;25472.75;4;BETWEEN;
20251110;175132.717;;25473.75;25473.75;4;ASK;
20251110;175132.717;;;25473.25;1;BETWEEN;
20251110;175132.717;25473.25;;25473.25;1;BID;
20251110;175132.718;;;25473.50;4;BETWEEN;
20251110;175132.718;25473.00;;25473.00;1;BID;
20251110;175132.718;25473.00;;25473.00;1;BID;
20251110;175132.719;25473.00;;25473.00;2;BID;
20251110;175132.719;25472.50;;25472.50;3;BID;
20251110;175132.719;25472.50;;25472.50;1;BID;
20251110;175132.719;25472.50;;25472.50;1;BID;
20251110;175132.719;25472.50;;25472.50;1;BID;
20251110;175132.721;25472.50;;25472.50;2;BID;
20251110;175132.721;25472.25;;25472.25;1;BID;
20251110;175132.721;25472.25;;25472.25;1;BID;
20251110;175132.730;;25472.50;25472.50;4;ASK;
20251110;175132.730;25471.75;;25471.75;4;BID;
20251110;175132.756;;25472.50;25472.50;2;ASK;
20251110;175132.756;;;25472.00;3;BETWEEN;
20251110;175132.785;25472.00;;25472.00;2;BID;
20251110;175132.835;25472.00;;25472.00;1;BID;
20251110;175132.835;25471.50;;25471.50;3;BID;
20251110;175132.913;;25472.00;25472.00;2;ASK;
20251110;175132.979;;25472.00;25472.00;3;ASK;
20251110;175132.979;25471.50;;25471.50;2;BID;
20251110;175133.003;;25472.50;25472.50;3;ASK;
20251110;175133.003;;;25472.00;5;BETWEEN;
20251110;175133.023;;25472.50;25472.50;6;ASK;
20251110;175133.023;25471.75;;25471.75;4;BID;
20251110;175133.055;;;25472.25;1;BETWEEN;
20251110;175133.055;25471.75;;25471.75;5;BID;
20251110;175133.014;;25472.50;25472.50;3;ASK;
20251110;175133.014;;;25472.00;5;BETWEEN;
20251110;175133.014;25472.00;;25472.00;1;BID;
20251110;175133.014;25472.00;;25472.00;1;BID;
20251110;175133.014;25472.00;;25472.00;1;BID;
20251110;175133.014;25472.00;;25472.00;1;BID;
20251110;175133.046;;25472.50;25472.50;6;ASK;
20251110;175133.046;25471.75;;25471.75;4;BID;
20251110;175133.046;;25472.50;25472.50;1;ASK;
20251110;175133.055;;;25472.25;1;BETWEEN;
20251110;175133.055;25471.75;;25471.75;5;BID;
20251110;175133.067;;25472.25;25472.25;5;ASK;
20251110;175133.067;25471.50;;25471.50;4;BID;
20251110;175133.139;;;25471.75;2;BETWEEN;
20251110;175133.207;;25472.25;25472.25;2;ASK;
20251110;175133.207;25471.75;;25471.75;1;BID;
20251110;175133.242;;25472.50;25472.50;7;ASK;
20251110;175133.242;25471.75;;25471.75;3;BID;
20251110;175133.261;;25472.50;25472.50;2;ASK;
20251110;175133.261;;;25472.00;5;BETWEEN;
20251110;175133.271;25472.00;;25472.00;4;BID;
20251110;175133.312;;;25472.25;2;BETWEEN;
20251110;175133.312;25472.00;;25472.00;1;BID;
20251110;175133.312;;25472.25;25472.25;1;ASK;
20251110;175133.313;;25472.50;25472.50;2;ASK;
20251110;175133.313;;;25472.25;2;BETWEEN;
20251110;175133.313;;25472.50;25472.50;1;ASK;
20251110;175133.313;;25472.50;25472.50;1;ASK;
20251110;175133.331;;25473.00;25473.00;3;ASK;
20251110;175133.331;25472.25;;25472.25;5;BID;
20251110;175133.362;;25473.25;25473.25;5;ASK;
20251110;175133.362;;;25472.50;6;BETWEEN;
20251110;175133.393;;25473.50;25473.50;1;ASK;
20251110;175133.393;;;25473.00;4;BETWEEN;
20251110;175133.405;;25473.50;25473.50;3;ASK;
20251110;175133.405;25473.00;;25473.00;2;BID;
20251110;175133.452;;25473.50;25473.50;4;ASK;
20251110;175133.452;25472.75;;25472.75;4;BID;
20251110;175133.488;25472.75;;25472.75;5;BID;
20251110;175133.491;;25473.50;25473.50;3;ASK;
20251110;175133.491;;;25473.00;1;BETWEEN;
20251110;175133.550;;25473.75;25473.75;5;ASK;
20251110;175133.550;25473.00;;25473.00;4;BID;
20251110;175133.565;;;25473.50;3;BETWEEN;
20251110;175133.565;25473.00;;25473.00;2;BID;
20251110;175133.583;25472.75;;25472.75;5;BID;
20251110;175133.631;;;25473.00;2;BETWEEN;
20251110;175133.662;;;25473.25;4;BETWEEN;
20251110;175133.662;25472.50;;25472.50;6;BID;
20251110;175133.693;;;25473.00;3;BETWEEN;
20251110;175133.693;25472.50;;25472.50;4;BID;
20251110;175133.722;25472.50;;25472.50;3;BID;
20251110;175133.722;25472.00;;25472.00;4;BID;
20251110;175133.719;;25472.75;25472.75;2;ASK;
20251110;175133.719;;;25472.50;1;BETWEEN;
20251110;175133.719;25472.50;;25472.50;1;BID;
20251110;175133.722;25472.50;;25472.50;3;BID;
20251110;175133.722;25472.00;;25472.00;4;BID;
20251110;175133.741;;;25472.25;2;BETWEEN;
20251110;175133.741;25471.75;;25471.75;2;BID;
20251110;175133.785;;25472.50;25472.50;5;ASK;
20251110;175133.785;;;25472.00;1;BETWEEN;
20251110;175133.814;25471.75;;25471.75;5;BID;
20251110;175133.916;;25472.50;25472.50;3;ASK;
20251110;175133.916;;;25472.00;4;BETWEEN;
20251110;175133.941;;25472.50;25472.50;5;ASK;
20251110;175133.941;25472.00;;25472.00;2;BID;
20251110;175133.967;;;25472.25;3;BETWEEN;
20251110;175133.967;25471.75;;25471.75;3;BID;
20251110;175133.989;25471.75;;25471.75;2;BID;
20251110;175134.024;;25472.50;25472.50;4;ASK;
20251110;175134.024;25471.75;;25471.75;5;BID;
20251110;175134.053;;25472.50;25472.50;3;ASK;
20251110;175134.053;;;25472.00;2;BETWEEN;
20251110;175134.079;;25472.75;25472.75;5;ASK;
20251110;175134.079;25472.00;;25472.00;5;BID;
20251110;175134.102;;;25472.50;3;BETWEEN;
20251110;175134.102;25472.00;;25472.00;3;BID;
20251110;175134.229;25472.00;;25472.00;4;BID;
20251110;175134.229;25471.25;;25471.25;10;BID;
20251110;175134.224;;25472.00;25472.00;1;ASK;
20251110;175134.224;;;25471.75;2;BETWEEN;
20251110;175134.224;25471.75;;25471.75;1;BID;
20251110;175134.224;25471.75;;25471.75;1;BID;
20251110;175134.229;;25472.00;25472.00;4;ASK;
20251110;175134.229;25471.25;;25471.25;10;BID;
20251110;175134.269;;25472.25;25472.25;4;ASK;
20251110;175134.269;;;25471.50;5;BETWEEN;
20251110;175134.345;;25472.25;25472.25;5;ASK;
20251110;175134.345;25471.50;;25471.50;4;BID;
20251110;175134.304;;25472.25;25472.25;4;ASK;
20251110;175134.304;25471.50;;25471.50;5;BID;
20251110;175134.304;25471.50;;25471.50;1;BID;
20251110;175134.328;;25472.50;25472.50;7;ASK;
20251110;175134.328;;;25471.75;4;BETWEEN;
20251110;175134.328;25471.75;;25471.75;1;BID;
20251110;175134.345;;;25472.25;5;BETWEEN;
20251110;175134.345;25471.50;;25471.50;4;BID;
20251110;175134.398;;;25472.00;4;BETWEEN;
20251110;175134.398;25471.50;;25471.50;1;BID;
20251110;175134.426;25471.50;;25471.50;3;BID;
20251110;175134.426;25471.00;;25471.00;5;BID;
20251110;175134.414;;;25471.25;3;BETWEEN;
20251110;175134.414;25471.25;;25471.25;1;BID;
20251110;175134.414;25471.25;;25471.25;1;BID;
20251110;175134.414;25471.25;;25471.25;1;BID;
20251110;175134.414;25471.25;;25471.25;1;BID;
20251110;175134.426;25471.00;;25471.00;5;BID;
20251110;175134.455;;25471.75;25471.75;4;ASK;
20251110;175134.455;25471.00;;25471.00;6;BID;
20251110;175134.484;;25471.75;25471.75;3;ASK;
20251110;175134.484;;;25471.25;3;BETWEEN;
20251110;175134.474;;;25471.50;1;BETWEEN;
20251110;175134.474;25471.00;;25471.00;5;BID;
20251110;175134.474;;25471.50;25471.50;1;ASK;
20251110;175134.484;;25471.75;25471.75;3;ASK;
20251110;175134.484;;;25471.25;3;BETWEEN;
20251110;175134.508;;25471.75;25471.75;4;ASK;
20251110;175134.540;;25472.00;25472.00;2;ASK;
20251110;175134.540;;;25471.50;5;BETWEEN;
20251110;175134.572;;25472.00;25472.00;4;ASK;
20251110;175134.572;25471.50;;25471.50;2;BID;
20251110;175134.601;;25472.25;25472.25;2;ASK;
20251110;175134.601;;;25471.75;3;BETWEEN;
20251110;175134.640;;25472.50;25472.50;4;ASK;
20251110;175134.640;;;25472.00;2;BETWEEN;
20251110;175134.659;;25472.50;25472.50;2;ASK;
20251110;175134.702;;25472.50;25472.50;1;ASK;
20251110;175134.702;25472.00;;25472.00;4;BID;
20251110;175134.716;;25472.50;25472.50;4;ASK;
20251110;175134.716;25471.75;;25471.75;5;BID;
20251110;175134.693;;;25472.25;1;BETWEEN;
20251110;175134.693;25471.75;;25471.75;4;BID;
20251110;175134.693;;25472.25;25472.25;1;ASK;
20251110;175134.716;;25472.50;25472.50;4;ASK;
20251110;175134.716;25471.75;;25471.75;5;BID;
20251110;175134.743;;;25472.25;2;BETWEEN;
20251110;175134.743;25471.75;;25471.75;2;BID;
20251110;175134.807;;;25472.00;5;BETWEEN;
20251110;175134.807;25471.25;;25471.25;5;BID;
20251110;175134.807;;25472.25;25472.25;2;ASK;
20251110;175134.807;;;25471.75;2;BETWEEN;
20251110;175134.807;25471.75;;25471.75;1;BID;
20251110;175134.807;25471.75;;25471.75;1;BID;
20251110;175134.807;25471.50;;25471.50;1;BID;
20251110;175134.807;25471.50;;25471.50;1;BID;
20251110;175134.807;25471.50;;25471.50;1;BID;
20251110;175134.807;25471.50;;25471.50;1;BID;
20251110;175134.807;25471.50;;25471.50;1;BID;
20251110;175134.807;25471.50;;25471.50;1;BID;
20251110;175134.807;25471.50;;25471.50;1;BID;
20251110;175134.807;25471.50;;25471.50;1;BID;
20251110;175134.828;;;25472.00;5;BETWEEN;
20251110;175134.828;25471.25;;25471.25;4;BID;
20251110;175134.866;;;25471.75;1;BETWEEN;
20251110;175134.866;25471.25;;25471.25;1;BID;
20251110;175134.898;;25472.25;25472.25;2;ASK;
20251110;175134.898;;;25471.75;2;BETWEEN;
20251110;175134.930;;;25472.00;2;BETWEEN;
20251110;175134.930;25471.50;;25471.50;4;BID;
20251110;175134.939;;25472.00;25472.00;1;ASK;
20251110;175134.939;;25472.00;25472.00;1;ASK;
20251110;175134.957;;25472.50;25472.50;5;ASK;
20251110;175134.957;;;25471.75;6;BETWEEN;
20251110;175134.986;;25472.50;25472.50;2;ASK;
20251110;175134.986;;;25472.00;5;BETWEEN;
20251110;175135.010;;25472.50;25472.50;3;ASK;
20251110;175135.010;25472.00;;25472.00;3;BID;
20251110;175134.997;;25472.50;25472.50;2;ASK;
20251110;175134.997;25472.00;;25472.00;5;BID;
20251110;175134.997;25472.00;;25472.00;1;BID;
20251110;175135.010;;25472.50;25472.50;3;ASK;
20251110;175135.010;25472.00;;25472.00;3;BID;
20251110;175135.031;;25472.75;25472.75;5;ASK;
20251110;175135.031;25472.00;;25472.00;4;BID;
20251110;175135.065;;;25472.25;3;BETWEEN;
20251110;175135.065;25471.50;;25471.50;5;BID;
20251110;175135.050;;25472.50;25472.50;4;ASK;
20251110;175135.050;;;25472.00;3;BETWEEN;
20251110;175135.050;25472.00;;25472.00;1;BID;
20251110;175135.050;;25472.50;25472.50;5;ASK;
20251110;175135.050;25472.00;;25472.00;2;BID;
20251110;175135.050;25472.00;;25472.00;1;BID;
20251110;175135.050;25472.00;;25472.00;1;BID;
20251110;175135.050;25472.00;;25472.00;1;BID;
20251110;175135.172;;;25472.25;1;BETWEEN;
20251110;175135.172;25471.75;;25471.75;1;BID;
20251110;175135.195;25471.75;;25471.75;5;BID;
20251110;175135.172;;25472.25;25472.25;3;ASK;
20251110;175135.172;25471.50;;25471.50;5;BID;
20251110;175135.172;;25472.25;25472.25;1;ASK;
20251110;175135.172;;25472.25;25472.25;1;ASK;
20251110;175135.172;;25472.25;25472.25;1;ASK;
20251110;175135.172;;;25471.75;3;BETWEEN;
20251110;175135.172;;25472.25;25472.25;1;ASK;
20251110;175135.195;25471.75;;25471.75;5;BID;
20251110;175135.209;;25472.25;25472.25;2;ASK;
20251110;175135.209;25471.75;;25471.75;2;BID;
20251110;175135.256;;25472.50;25472.50;4;ASK;
20251110;175135.256;25471.75;;25471.75;5;BID;
20251110;175135.242;;;25472.25;2;BETWEEN;
20251110;175135.242;25471.75;;25471.75;2;BID;
20251110;175135.242;;25472.25;25472.25;1;ASK;
20251110;175135.242;;25472.25;25472.25;1;ASK;
20251110;175135.242;;25472.50;25472.50;1;ASK;
20251110;175135.242;;25472.50;25472.50;1;ASK;
20251110;175135.256;;25472.50;25472.50;4;ASK;
20251110;175135.256;25471.75;;25471.75;5;BID;
20251110;175135.275;;;25472.25;2;BETWEEN;
20251110;175135.275;25471.75;;25471.75;2;BID;
20251110;175135.322;;25472.50;25472.50;4;ASK;
20251110;175135.322;25471.75;;25471.75;4;BID;
20251110;175135.310;;;25472.25;1;BETWEEN;
20251110;175135.310;25471.75;;25471.75;3;BID;
20251110;175135.310;;25472.25;25472.25;1;ASK;
20251110;175135.325;;25472.50;25472.50;4;ASK;
20251110;175135.325;25471.75;;25471.75;4;BID;
20251110;175135.325;25471.75;;25471.75;1;BID;
20251110;175135.337;;;25472.25;3;BETWEEN;
20251110;175135.337;25471.75;;25471.75;3;BID;
20251110;175135.381;;25472.25;25472.25;4;ASK;
20251110;175135.381;25471.50;;25471.50;4;BID;
20251110;175135.379;;;25471.75;1;BETWEEN;
20251110;175135.379;25471.25;;25471.25;3;BID;
20251110;175135.379;;25471.75;25471.75;1;ASK;
20251110;175135.397;;25472.00;25472.00;3;ASK;
20251110;175135.397;;;25471.50;3;BETWEEN;
20251110;175135.434;;25472.00;25472.00;6;ASK;
20251110;175135.434;25471.25;;25471.25;4;BID;
20251110;175135.432;;25472.00;25472.00;5;ASK;
20251110;175135.432;;;25471.50;1;BETWEEN;
20251110;175135.432;25471.50;;25471.50;1;BID;
20251110;175135.434;;25472.00;25472.00;6;ASK;
20251110;175135.434;25471.25;;25471.25;4;BID;
20251110;175135.546;;25472.00;25472.00;1;ASK;
20251110;175135.546;;;25471.50;5;BETWEEN;
20251110;175135.601;;25472.00;25472.00;3;ASK;
20251110;175135.601;25471.50;;25471.50;3;BID;
20251110;175135.609;;;25471.75;2;BETWEEN;
20251110;175135.609;25471.25;;25471.25;4;BID;
20251110;175135.654;;25471.75;25471.75;1;ASK;
20251110;175135.690;;;25471.50;5;BETWEEN;
20251110;175135.690;25471.00;;25471.00;3;BID;
20251110;175135.733;;25471.50;25471.50;6;ASK;
20251110;175135.733;25471.00;;25471.00;2;BID;
20251110;175135.679;;;25471.25;2;BETWEEN;
20251110;175135.679;25471.00;;25471.00;4;BID;
20251110;175135.679;25471.00;;25471.00;1;BID;
20251110;175135.680;25471.00;;25471.00;3;BID;
20251110;175135.680;25471.00;;25471.00;1;BID;
20251110;175135.733;;25471.50;25471.50;6;ASK;
20251110;175135.733;25471.00;;25471.00;2;BID;
20251110;175135.765;;25471.50;25471.50;5;ASK;
20251110;175135.776;;25471.50;25471.50;4;ASK;
20251110;175135.776;25471.00;;25471.00;3;BID;
20251110;175135.863;;25471.75;25471.75;3;ASK;
20251110;175135.863;;;25471.25;3;BETWEEN;
20251110;175135.864;;25471.75;25471.75;2;ASK;
20251110;175135.864;25471.25;;25471.25;5;BID;
20251110;175135.864;;25471.75;25471.75;1;ASK;
20251110;175135.864;;25471.75;25471.75;1;ASK;
20251110;175135.886;;25472.25;25472.25;3;ASK;
20251110;175135.886;;;25471.75;1;BETWEEN;
20251110;175135.942;;25472.25;25472.25;1;ASK;
20251110;175135.953;;25472.50;25472.50;4;ASK;
20251110;175135.953;;;25472.00;2;BETWEEN;
20251110;175135.981;;;25472.25;2;BETWEEN;
20251110;175135.981;25471.75;;25471.75;3;BID;
20251110;175136.061;;25472.25;25472.25;1;ASK;
20251110;175136.107;;25472.25;25472.25;2;ASK;
20251110;175136.134;;25472.25;25472.25;3;ASK;
20251110;175136.134;25471.75;;25471.75;1;BID;
20251110;175136.173;;;25472.00;1;BETWEEN;
20251110;175136.190;25471.25;;25471.25;2;BID;
20251110;175136.190;25471.00;;25471.00;2;BID;
20251110;175136.174;;25472.00;25472.00;3;ASK;
20251110;175136.174;;;25471.75;1;BETWEEN;
20251110;175136.174;25471.75;;25471.75;1;BID;
20251110;175136.177;25471.75;;25471.75;4;BID;
20251110;175136.177;25471.25;;25471.25;1;BID;
20251110;175136.177;25471.25;;25471.25;1;BID;
20251110;175136.190;25471.25;;25471.25;2;BID;
20251110;175136.190;25471.00;;25471.00;2;BID;
20251110;175136.277;25471.00;;25471.00;2;BID;
20251110;175136.277;25470.50;;25470.50;2;BID;
20251110;175136.256;;25471.25;25471.25;3;ASK;
20251110;175136.256;;;25471.00;2;BETWEEN;
20251110;175136.256;25471.00;;25471.00;2;BID;
20251110;175136.266;25471.00;;25471.00;5;BID;
20251110;175136.266;25470.75;;25470.75;2;BID;
20251110;175136.266;25470.75;;25470.75;1;BID;
20251110;175136.266;25470.75;;25470.75;1;BID;
20251110;175136.277;;25471.00;25471.00;2;ASK;
20251110;175136.277;25470.50;;25470.50;2;BID;
20251110;175136.293;;25471.00;25471.00;4;ASK;
20251110;175136.293;25470.25;;25470.25;6;BID;
20251110;175136.321;;;25470.75;2;BETWEEN;
20251110;175136.351;;25471.00;25471.00;3;ASK;
20251110;175136.351;;;25470.50;1;BETWEEN;
20251110;175136.385;;;25470.75;2;BETWEEN;
20251110;175136.385;25470.25;;25470.25;6;BID;
20251110;175136.449;;25471.00;25471.00;1;ASK;
20251110;175136.449;;;25470.50;3;BETWEEN;
20251110;175136.471;;25471.00;25471.00;2;ASK;
20251110;175136.492;;25471.00;25471.00;3;ASK;
20251110;175136.492;25470.50;;25470.50;1;BID;
20251110;175136.579;;25471.00;25471.00;4;ASK;
20251110;175136.579;25470.25;;25470.25;4;BID;
20251110;175136.603;;25471.00;25471.00;3;ASK;
20251110;175136.603;25470.25;;25470.25;6;BID;
20251110;175136.579;;;25470.50;1;BETWEEN;
20251110;175136.579;25470.50;;25470.50;1;BID;
20251110;175136.603;25470.25;;25470.25;6;BID;
20251110;175136.645;;;25470.50;3;BETWEEN;
20251110;175136.670;25470.50;;25470.50;1;BID;
20251110;175136.684;;;25470.75;1;BETWEEN;
20251110;175136.684;;25470.75;25470.75;1;ASK;
20251110;175136.693;;25471.00;25471.00;3;ASK;
20251110;175136.693;25470.50;;25470.50;2;BID;
20251110;175136.735;25470.25;;25470.25;6;BID;
20251110;175136.750;;25471.00;25471.00;5;ASK;
20251110;175136.750;25470.25;;25470.25;4;BID;
20251110;175136.801;;25471.25;25471.25;5;ASK;
20251110;175136.801;;;25470.75;2;BETWEEN;
20251110;175136.821;;25471.25;25471.25;4;ASK;
20251110;175136.821;25470.50;;25470.50;5;BID;
20251110;175136.817;;25471.25;25471.25;1;ASK;
20251110;175136.817;;;25470.75;4;BETWEEN;
20251110;175136.817;25470.75;;25470.75;1;BID;
20251110;175136.817;25470.75;;25470.75;1;BID;
20251110;175136.817;25470.75;;25470.75;1;BID;
20251110;175136.817;25470.75;;25470.75;1;BID;
20251110;175136.817;25470.50;;25470.50;1;BID;
20251110;175136.817;25470.50;;25470.50;1;BID;
20251110;175136.817;25470.50;;25470.50;1;BID;
20251110;175136.821;;25471.25;25471.25;4;ASK;
20251110;175136.821;25470.50;;25470.50;5;BID;
20251110;175136.855;;25471.25;25471.25;3;ASK;
20251110;175136.855;;;25470.75;1;BETWEEN;
20251110;175136.867;;25471.25;25471.25;4;ASK;
20251110;175136.867;25470.50;;25470.50;5;BID;
20251110;175136.854;;25471.25;25471.25;1;ASK;
20251110;175136.941;;25471.75;25471.75;3;ASK;
20251110;175136.941;;;25471.25;1;BETWEEN;
20251110;175136.968;25471.25;;25471.25;3;BID;
20251110;175136.968;25470.75;;25470.75;2;BID;
20251110;175136.988;;25471.50;25471.50;6;ASK;
20251110;175136.988;25470.75;;25470.75;3;BID;
20251110;175137.033;;25471.75;25471.75;5;ASK;
20251110;175137.033;;;25471.00;5;BETWEEN;
20251110;175137.074;;25472.75;25472.75;4;ASK;
20251110;175137.074;;;25472.00;5;BETWEEN;
20251110;175137.061;25471.75;;25471.75;1;BID;
20251110;175137.061;25471.25;;25471.25;3;BID;
20251110;175137.061;;25471.75;25471.75;1;ASK;
20251110;175137.061;;25472.00;25472.00;4;ASK;
20251110;175137.061;;;25471.75;3;BETWEEN;
20251110;175137.061;;25472.00;25472.00;1;ASK;
20251110;175137.063;;25472.00;25472.00;2;ASK;
20251110;175137.063;25471.50;;25471.50;4;BID;
20251110;175137.063;;25472.00;25472.00;1;ASK;
20251110;175137.064;;25472.25;25472.25;2;ASK;
20251110;175137.064;;;25472.00;1;BETWEEN;
20251110;175137.064;;25472.25;25472.25;1;ASK;
20251110;175137.065;;25472.25;25472.25;1;ASK;
20251110;175137.065;25472.00;;25472.00;2;BID;
20251110;175137.065;;25472.25;25472.25;1;ASK;
20251110;175137.065;;25472.50;25472.50;2;ASK;
20251110;175137.065;;25472.50;25472.50;1;ASK;
20251110;175137.065;;25472.50;25472.50;1;ASK;
20251110;175137.065;25472.00;;25472.00;3;BID;
20251110;175137.065;;25472.50;25472.50;1;ASK;
20251110;175137.090;;;25472.25;2;BETWEEN;
20251110;175137.090;25472.00;;25472.00;1;BID;
20251110;175137.090;25472.00;;25472.00;1;BID;
20251110;175137.099;;25472.50;25472.50;5;ASK;
20251110;175137.099;25471.75;;25471.75;4;BID;
20251110;175137.099;;25472.50;25472.50;1;ASK;
20251110;175137.104;;25472.50;25472.50;2;ASK;
20251110;175137.104;;;25472.00;1;BETWEEN;
20251110;175137.121;;;25472.25;2;BETWEEN;
20251110;175137.121;25471.75;;25471.75;2;BID;
20251110;175137.155;;25472.50;25472.50;5;ASK;
20251110;175137.155;;;25472.00;1;BETWEEN;
20251110;175137.195;;25472.50;25472.50;4;ASK;
20251110;175137.218;;25472.50;25472.50;6;ASK;
20251110;175137.176;;;25472.25;1;BETWEEN;
20251110;175137.176;25471.75;;25471.75;7;BID;
20251110;175137.176;;25472.25;25472.25;1;ASK;
20251110;175137.218;;25472.50;25472.50;6;ASK;
20251110;175137.218;;;25472.00;1;BETWEEN;
20251110;175137.266;25471.75;;25471.75;3;BID;
20251110;175137.266;25471.25;;25471.25;1;BID;
20251110;175137.304;;25472.00;25472.00;2;ASK;
20251110;175137.304;;;25471.50;2;BETWEEN;
20251110;175137.252;;25472.50;25472.50;6;ASK;
20251110;175137.252;;;25472.00;1;BETWEEN;
20251110;175137.252;25472.00;;25472.00;1;BID;
20251110;175137.279;25471.75;;25471.75;1;BID;
20251110;175137.279;25471.25;;25471.25;5;BID;
20251110;175137.279;;25471.75;25471.75;1;ASK;
20251110;175137.304;;25472.00;25472.00;2;ASK;
20251110;175137.304;;;25471.50;2;BETWEEN;
20251110;175137.341;25471.50;;25471.50;1;BID;
20251110;175137.361;;25472.00;25472.00;3;ASK;
20251110;175137.361;25471.50;;25471.50;3;BID;
20251110;175137.343;25471.50;;25471.50;1;BID;
20251110;175137.343;25471.25;;25471.25;1;BID;
20251110;175137.343;;25471.50;25471.50;1;ASK;
20251110;175137.361;;25472.00;25472.00;3;ASK;
20251110;175137.361;;;25471.50;3;BETWEEN;
20251110;175137.398;;;25471.75;4;BETWEEN;
20251110;175137.398;25471.25;;25471.25;1;BID;
20251110;175137.420;;25471.75;25471.75;3;ASK;
20251110;175137.441;;25471.75;25471.75;1;ASK;
20251110;175137.448;;25471.75;25471.75;2;ASK;
20251110;175137.448;25471.25;;25471.25;3;BID;
20251110;175137.490;;25471.75;25471.75;4;ASK;
20251110;175137.490;25471.25;;25471.25;1;BID;
20251110;175137.516;;25472.00;25472.00;3;ASK;
20251110;175137.516;;;25471.50;2;BETWEEN;
20251110;175137.534;;25472.25;25472.25;4;ASK;
20251110;175137.534;25471.50;;25471.50;4;BID;
20251110;175137.562;;25472.25;25472.25;1;ASK;
20251110;175137.562;;;25471.75;3;BETWEEN;
20251110;175137.562;;25472.25;25472.25;1;ASK;
20251110;175137.575;;25472.50;25472.50;2;ASK;
20251110;175137.575;;;25472.00;5;BETWEEN;
20251110;175137.601;25472.00;;25472.00;4;BID;
20251110;175137.635;25472.00;;25472.00;2;BID;
20251110;175137.635;25471.50;;25471.50;4;BID;
20251110;175137.664;;25472.50;25472.50;4;ASK;
20251110;175137.664;;;25472.00;1;BETWEEN;
20251110;175137.714;;25472.50;25472.50;1;ASK;
20251110;175137.714;25472.00;;25472.00;3;BID;
20251110;175137.744;;25472.50;25472.50;2;ASK;
20251110;175137.744;25472.00;;25472.00;5;BID;
20251110;175137.768;25472.00;;25472.00;4;BID;
20251110;175137.816;;25472.50;25472.50;1;ASK;
20251110;175137.816;25472.00;;25472.00;6;BID;
20251110;175137.822;25472.00;;25472.00;7;BID;
20251110;175137.822;;25472.50;25472.50;1;ASK;
20251110;175137.835;;25472.75;25472.75;3;ASK;
20251110;175137.835;;;25472.25;2;BETWEEN;
20251110;175137.881;;25473.00;25473.00;4;ASK;
20251110;175137.881;;;25472.50;1;BETWEEN;
20251110;175137.862;;;25472.75;1;BETWEEN;
20251110;175137.862;;25472.75;25472.75;1;ASK;
20251110;175137.910;;25473.00;25473.00;3;ASK;
20251110;175137.910;25472.50;;25472.50;3;BID;
20251110;175137.932;;25473.25;25473.25;2;ASK;
20251110;175137.932;;;25472.75;1;BETWEEN;
20251110;175137.944;;25473.25;25473.25;1;ASK;
20251110;175137.944;25472.75;;25472.75;4;BID;
20251110;175137.980;25472.75;;25472.75;5;BID;
20251110;175138.046;;;25473.00;3;BETWEEN;
20251110;175138.046;25472.50;;25472.50;2;BID;
20251110;175138.070;;;25472.75;2;BETWEEN;
20251110;175138.070;25472.25;;25472.25;3;BID;
20251110;175138.103;;25473.00;25473.00;5;ASK;
20251110;175138.103;;;25472.50;1;BETWEEN;
20251110;175138.138;25472.25;;25472.25;2;BID;
20251110;175138.138;25471.75;;25471.75;2;BID;
