date;time;bid;ask;price;volume;side;shape;order_type;entry_price;exit_price;exit_tag
20251031;050218.844;;26194.75;26194.75;1;ASK;;;;;
20251031;050220.172;26194.00;;26194.00;4;BID;;;;;
20251031;050220.172;;26195.00;26195.00;10;ASK;;;;;
20251031;050220.172;26194.25;;26194.25;1;BID;;;;;
20251031;050220.172;;26195.00;26195.00;9;ASK;;;;;
20251031;050220.172;;26195.00;26195.00;8;ASK;;;;;
20251031;050220.300;26194.25;;26194.25;2;BID;;;;;
20251031;050222.320;;26195.00;26195.00;1;ASK;;;;;
20251031;050222.320;;26195.00;26195.00;7;ASK;;;;;
20251031;050222.320;26194.50;;26194.50;1;BID;;;;;
20251031;050222.320;26194.25;;26194.25;1;BID;;;;;
20251031;050222.356;26194.00;;26194.00;4;BID;;;;;
20251031;050222.356;26194.00;;26194.00;3;BID;;;;;
20251031;050222.356;;26194.75;26194.75;1;ASK;;;;;
20251031;050222.356;26194.00;;26194.00;2;BID;;;;;
20251031;050222.356;;26195.00;26195.00;7;ASK;;;;;
20251031;050222.360;26194.00;;26194.00;3;BID;;;;;
20251031;050222.360;26194.00;;26194.00;4;BID;;;;;
20251031;050222.360;26194.25;;26194.25;1;BID;;;;;
20251031;050222.880;26194.00;;26194.00;3;BID;;;;;
20251031;050222.880;;26194.75;26194.75;1;ASK;;;;;
20251031;050222.880;26194.00;;26194.00;2;BID;;;;;
20251031;050223.144;;26195.00;26195.00;7;ASK;;;;;
20251031;050223.144;26194.00;;26194.00;3;BID;;;;;
20251031;050223.144;26194.25;;26194.25;1;BID;;;;;
20251031;050223.148;26194.25;;26194.25;2;BID;;;;;
20251031;050223.292;26194.50;;26194.50;1;BID;;;;;
20251031;050223.296;;26195.00;26195.00;1;ASK;;;;;
20251031;050223.296;;26195.00;26195.00;6;ASK;;;;;
20251031;050223.296;26194.50;;26194.50;2;BID;;;;;
20251031;050223.296;26194.50;;26194.50;3;BID;;;;;
20251031;050223.296;26194.50;;26194.50;2;BID;;;;;
20251031;050223.300;26194.50;;26194.50;1;BID;;;;;
20251031;050223.744;26194.50;;26194.50;1;BID;;;;;
20251031;050223.744;26194.25;;26194.25;3;BID;;;;;
20251031;050223.744;26194.25;;26194.25;2;BID;;;;;
20251031;050223.744;26194.25;;26194.25;1;BID;;;;;
20251031;050223.752;26194.25;;26194.25;2;BID;;;;;
20251031;050224.148;26194.50;;26194.50;1;BID;;;;;
20251031;050225.260;26194.25;;26194.25;2;BID;;;;;
20251031;050225.260;26194.25;;26194.25;1;BID;;;;;
20251031;050225.260;26194.00;;26194.00;4;BID;;;;;
20251031;050225.260;;26194.75;26194.75;1;ASK;;;;;
20251031;050225.260;26194.00;;26194.00;3;BID;;;;;
20251031;050225.260;;26195.00;26195.00;6;ASK;;;;;
20251031;050225.260;26194.25;;26194.25;1;BID;;;;;
20251031;050225.260;26194.00;;26194.00;4;BID;;;;;
20251031;050225.264;26194.25;;26194.25;1;BID;;;;;
20251031;050225.272;26194.25;;26194.25;2;BID;;;;;
20251031;050225.364;26194.50;;26194.50;1;BID;;;;;
20251031;050225.364;26194.25;;26194.25;2;BID;;;;;
20251031;050225.368;26194.25;;26194.25;1;BID;;;;;
20251031;050225.368;26194.50;;26194.50;1;BID;;;;;
20251031;050225.368;26194.25;;26194.25;1;BID;;;;;
20251031;050225.372;26194.25;;26194.25;2;BID;;;;;
20251031;050226.604;;26195.00;26195.00;7;ASK;;;;;
20251031;050226.752;26194.25;;26194.25;1;BID;;;;;
20251031;050226.752;26194.00;;26194.00;5;BID;;;;;
20251031;050226.752;26194.00;;26194.00;4;BID;;;;;
20251031;050226.752;26194.00;;26194.00;3;BID;;;;;
20251031;050226.752;26194.00;;26194.00;2;BID;;;;;
20251031;050226.752;;26194.75;26194.75;1;ASK;;;;;
20251031;050226.752;26194.00;;26194.00;3;BID;;;;;
20251031;050226.752;;26195.00;26195.00;7;ASK;;;;;
20251031;050226.752;26194.25;;26194.25;1;BID;;;;;
20251031;050226.800;26194.25;;26194.25;2;BID;;;;;
20251031;050226.800;26194.50;;26194.50;1;BID;;;;;
20251031;050226.804;26194.25;;26194.25;2;BID;;;;;
20251031;050226.804;26194.25;;26194.25;1;BID;;;;;
20251031;050226.804;26194.00;;26194.00;4;BID;;;;;
20251031;050226.804;26194.00;;26194.00;3;BID;;;;;
20251031;050226.804;26194.25;;26194.25;1;BID;;;;;
20251031;050227.168;26194.00;;26194.00;3;BID;;;;;
20251031;050227.168;;26194.75;26194.75;1;ASK;;;;;
20251031;050227.168;26194.00;;26194.00;2;BID;;;;;
20251031;050227.824;26194.00;;26194.00;3;BID;;;;;
20251031;050227.824;;26195.00;26195.00;7;ASK;;;;;
20251031;050227.828;26194.00;;26194.00;4;BID;;;;;
20251031;050227.828;26194.00;;26194.00;3;BID;;;;;
20251031;050227.828;26194.25;;26194.25;1;BID;;;;;
20251031;050229.164;26194.25;;26194.25;2;BID;;;;;
20251031;050229.196;26194.50;;26194.50;1;BID;;;;;
20251031;050229.200;26194.25;;26194.25;3;BID;;;;;
20251031;050229.200;26194.25;;26194.25;2;BID;;;;;
20251031;050229.252;26194.25;;26194.25;3;BID;;;;;
20251031;050230.320;;26195.00;26195.00;1;ASK;;;;;
20251031;050230.320;;26195.00;26195.00;5;ASK;;;;;
20251031;050230.320;;26195.00;26195.00;1;ASK;;;;;
20251031;050230.320;;26195.25;26195.25;1;ASK;;;;;
20251031;050230.320;;26195.50;26195.50;1;ASK;;;;;
20251031;050230.320;;26195.50;26195.50;1;ASK;;;;;
20251031;050230.320;;26195.75;26195.75;1;ASK;;;;;
20251031;050230.320;;26195.75;26195.75;2;ASK;;;;;
20251031;050230.320;26194.50;;26194.50;1;BID;;;;;
20251031;050230.320;26194.50;;26194.50;2;BID;;;;;
20251031;050230.324;;26195.75;26195.75;1;ASK;;;;;
20251031;050230.324;26194.50;;26194.50;3;BID;;;;;
20251031;050230.324;26194.50;;26194.50;4;BID;;;;;
20251031;050230.324;26194.50;;26194.50;5;BID;;;;;
20251031;050230.324;;26195.50;26195.50;1;ASK;;;;;
20251031;050230.324;26194.50;;26194.50;6;BID;;;;;
20251031;050230.324;26194.50;;26194.50;7;BID;;;;;
20251031;050230.324;26194.75;;26194.75;1;BID;;;;;
20251031;050230.324;26194.75;;26194.75;2;BID;;;;;
20251031;050230.324;26194.75;;26194.75;3;BID;;;;;
20251031;050230.324;;26195.75;26195.75;1;ASK;;;;;
20251031;050230.324;;26196.00;26196.00;4;ASK;;;;;
20251031;050230.324;26194.75;;26194.75;4;BID;;;;;
20251031;050230.324;26194.75;;26194.75;5;BID;;;;;
20251031;050230.324;26195.00;;26195.00;1;BID;;;;;
20251031;050230.324;;26196.00;26196.00;5;ASK;;;;;
20251031;050230.324;26194.75;;26194.75;5;BID;;;;;
20251031;050230.324;;26195.50;26195.50;1;ASK;;;;;
20251031;050230.324;;26195.50;26195.50;2;ASK;;;;;
20251031;050230.324;;26195.50;26195.50;1;ASK;;;;;
20251031;050230.324;;26196.00;26196.00;5;ASK;;;;;
20251031;050230.324;;26195.75;26195.75;1;ASK;;;;;
20251031;050230.324;26194.75;;26194.75;4;BID;;;;;
20251031;050230.324;26194.75;;26194.75;3;BID;;;;;
20251031;050230.328;;26195.75;26195.75;2;ASK;;;;;
20251031;050230.328;;26195.50;26195.50;1;ASK;;;;;
20251031;050230.328;;26195.75;26195.75;2;ASK;;;;;
20251031;050230.328;;26195.75;26195.75;3;ASK;;;;;
20251031;050230.328;;26195.50;26195.50;1;ASK;;;;;
20251031;050230.360;26194.75;;26194.75;4;BID;;;;;
20251031;050230.364;;26195.75;26195.75;3;ASK;;;;;
20251031;050230.364;26194.75;;26194.75;3;BID;;;;;
20251031;050230.380;;26195.50;26195.50;1;ASK;;;;;
20251031;050230.512;26194.75;;26194.75;4;BID;;;;;
20251031;050230.512;;26195.75;26195.75;3;ASK;;;;;
20251031;050230.512;26194.75;;26194.75;3;BID;;;;;
20251031;050230.512;;26195.50;26195.50;1;ASK;;;;;
20251031;050230.532;;26195.50;26195.50;2;ASK;;;;;
20251031;050230.532;26194.75;;26194.75;2;BID;;;;;
20251031;050230.532;26194.75;;26194.75;1;BID;;;;;
20251031;050230.532;26194.50;;26194.50;3;BID;;;;;
20251031;050230.536;26194.75;;26194.75;1;BID;;;;;
20251031;050230.536;26194.75;;26194.75;2;BID;;;;;
20251031;050230.612;26194.75;;26194.75;1;BID;;;;;
20251031;050230.700;;26195.25;26195.25;1;ASK;;;;;
20251031;050230.700;26194.75;;26194.75;1;BID;;;;;
20251031;050230.700;26194.50;;26194.50;3;BID;;;;;
20251031;050230.700;;26195.25;26195.25;2;ASK;;;;;
20251031;050230.700;;26195.00;26195.00;1;ASK;;;;;
20251031;050230.700;26194.50;;26194.50;2;BID;;;;;
20251031;050230.700;26194.50;;26194.50;1;BID;;;;;
20251031;050230.700;26194.25;;26194.25;3;BID;;;;;
20251031;050230.700;26194.25;;26194.25;2;BID;;;;;
20251031;050230.700;;26195.00;26195.00;2;ASK;;;;;
20251031;050230.700;26194.25;;26194.25;1;BID;;;;;
20251031;050230.700;;26195.00;26195.00;3;ASK;;;;;
20251031;050230.700;;26195.00;26195.00;4;ASK;;;;;
20251031;050230.700;;26195.00;26195.00;5;ASK;;;;;
20251031;050230.700;;26194.75;26194.75;1;ASK;;;;;
20251031;050230.700;;26195.00;26195.00;6;ASK;;;;;
20251031;050230.700;;26195.00;26195.00;5;ASK;;;;;
20251031;050230.700;;26195.00;26195.00;4;ASK;;;;;
20251031;050230.700;;26195.00;26195.00;3;ASK;;;;;
20251031;050230.704;;26195.00;26195.00;2;ASK;;;;;
20251031;050230.812;;26194.75;26194.75;1;ASK;;;;;
20251031;050230.812;26194.25;;26194.25;1;BID;;;;;
20251031;050230.812;26194.00;;26194.00;4;BID;;;;;
20251031;050230.812;;26194.50;26194.50;1;ASK;;;;;
20251031;050230.812;26194.00;;26194.00;3;BID;;;;;
20251031;050230.812;;26194.50;26194.50;2;ASK;;;;;
20251031;050230.812;26194.00;;26194.00;2;BID;;;;;
20251031;050230.812;;26194.50;26194.50;1;ASK;;;;;
20251031;050230.812;26194.00;;26194.00;1;BID;;;;;
20251031;050230.816;;26194.75;26194.75;4;ASK;;;;;
20251031;050231.040;;26194.75;26194.75;3;ASK;;;;;
20251031;050232.060;;26194.75;26194.75;2;ASK;;;;;
20251031;050232.060;;26194.75;26194.75;1;ASK;;;;;
20251031;050232.060;26194.00;;26194.00;2;BID;;;;;
20251031;050232.064;;26195.00;26195.00;3;ASK;;;;;
20251031;050232.064;;26195.00;26195.00;2;ASK;;;;;
20251031;050232.064;;26194.75;26194.75;1;ASK;;;;;
20251031;050232.072;26194.00;;26194.00;1;BID;;;;;
20251031;050232.072;;26194.75;26194.75;2;ASK;;;;;
20251031;050232.072;;26194.50;26194.50;1;ASK;;;;;
20251031;050232.076;26194.00;;26194.00;1;BID;;;;;
20251031;050232.076;26193.50;;26193.50;3;BID;;;;;
20251031;050232.076;;26194.50;26194.50;2;ASK;;;;;
20251031;050232.076;;26194.50;26194.50;3;ASK;;;;;
20251031;050232.076;26193.50;;26193.50;2;BID;;;;;
20251031;050232.076;26193.50;;26193.50;1;BID;;;;;
20251031;050232.076;26193.25;;26193.25;3;BID;;;;;
20251031;050232.076;;26194.50;26194.50;4;ASK;;;;;
20251031;050232.076;;26194.50;26194.50;5;ASK;;;;;
20251031;050232.076;;26194.50;26194.50;6;ASK;;;;;
20251031;050232.076;;26194.25;26194.25;1;ASK;;;;;
20251031;050232.076;26193.25;;26193.25;2;BID;;;;;
20251031;050232.076;26193.25;;26193.25;1;BID;;;;;
20251031;050232.076;;26194.25;26194.25;2;ASK;;;;;
20251031;050232.076;;26194.25;26194.25;3;ASK;;;;;
20251031;050232.076;;26194.25;26194.25;4;ASK;;;;;
20251031;050232.076;;26194.00;26194.00;1;ASK;;;;;
20251031;050232.080;;26194.00;26194.00;2;ASK;;;;;
20251031;050232.080;26193.00;;26193.00;1;BID;;;;;
20251031;050232.080;26193.00;;26193.00;2;BID;;;;;
20251031;050232.080;26193.25;;26193.25;1;BID;;;;;
20251031;050232.140;;26194.00;26194.00;1;ASK;;;;;
20251031;050232.860;;26194.00;26194.00;1;ASK;;;;;
20251031;050232.860;;26194.25;26194.25;5;ASK;;;;;
20251031;050232.860;26193.50;;26193.50;1;BID;;;;;
20251031;050232.860;;26194.25;26194.25;4;ASK;;;;;
20251031;050232.860;;26194.25;26194.25;3;ASK;;;;;
20251031;050232.860;;26194.25;26194.25;2;ASK;;;;;
20251031;050232.860;;26194.25;26194.25;1;ASK;;;;;
20251031;050233.740;;26194.50;26194.50;5;ASK;;;;;
20251031;050233.740;;26194.50;26194.50;4;ASK;;;;;
20251031;050233.740;;26194.25;26194.25;1;ASK;;;;;
20251031;050233.760;;26194.50;26194.50;5;ASK;;;;;
20251031;050233.760;;26194.50;26194.50;4;ASK;;;;;
20251031;050233.760;26193.75;;26193.75;1;BID;;;;;
20251031;050233.764;;26194.50;26194.50;3;ASK;;;;;
20251031;050233.764;26193.50;;26193.50;1;BID;;;;;
20251031;050233.764;26193.50;;26193.50;2;BID;;;;;
20251031;050234.260;;26194.25;26194.25;1;ASK;;;;;
20251031;050234.260;26193.50;;26193.50;1;BID;;;;;
20251031;050234.456;26193.25;;26193.25;3;BID;;;;;
20251031;050234.512;26193.50;;26193.50;1;BID;;;;;
20251031;050234.512;26193.50;;26193.50;2;BID;;;;;
20251031;050234.512;;26194.50;26194.50;3;ASK;;;;;
20251031;050234.532;;26194.25;26194.25;1;ASK;;;;;
20251031;050235.596;26193.50;;26193.50;1;BID;;;;;
20251031;050235.596;26193.25;;26193.25;3;BID;;;;;
20251031;050236.004;26193.50;;26193.50;1;BID;;;;;
20251031;050237.332;;26194.00;26194.00;3;ASK;;;;;
20251031;050237.332;26193.25;;26193.25;3;BID;;;;;
20251031;050237.332;26193.25;;26193.25;2;BID;;;;;
20251031;050237.332;26193.25;;26193.25;1;BID;;;;;
20251031;050237.332;26193.25;;26193.25;2;BID;;;;;
20251031;050237.348;26193.50;;26193.50;1;BID;;;;;
20251031;050237.352;26193.25;;26193.25;2;BID;;;;;
20251031;050237.352;26193.25;;26193.25;1;BID;;;;;
20251031;050238.028;26193.00;;26193.00;2;BID;;;;;
20251031;050238.028;26193.00;;26193.00;1;BID;;;;;
20251031;050238.032;26193.00;;26193.00;2;BID;;;;;
20251031;050238.032;26193.25;;26193.25;1;BID;;;;;
20251031;050239.008;26193.25;;26193.25;2;BID;;;;;
20251031;050239.832;26193.50;;26193.50;1;BID;;;;;
20251031;050241.236;26193.50;;26193.50;1;BID;;;;;
20251031;050241.236;26193.25;;26193.25;2;BID;;;;;
20251031;050241.236;26193.25;;26193.25;1;BID;;;;;
20251031;050241.568;26193.25;;26193.25;2;BID;;;;;
20251031;050241.572;26193.25;;26193.25;1;BID;;;;;
20251031;050241.748;26193.00;;26193.00;1;BID;;;;;
20251031;050241.748;;26193.75;26193.75;1;ASK;;;;;
20251031;050241.756;;26194.00;26194.00;3;ASK;;;;;
20251031;050241.812;26193.00;;26193.00;2;BID;;;;;
20251031;050241.812;26193.25;;26193.25;1;BID;;;;;
20251031;050241.812;26193.25;;26193.25;2;BID;;;;;
20251031;050242.064;26193.25;;26193.25;1;BID;;;;;
20251031;050242.860;26193.00;;26193.00;1;BID;;;;;
20251031;050242.860;;26193.75;26193.75;1;ASK;;;;;
20251031;050244.396;;26193.75;26193.75;1;ASK;;;;;
20251031;050244.396;;26194.00;26194.00;3;ASK;;;;;
20251031;050244.396;26193.25;;26193.25;1;BID;;;;;
20251031;050244.396;26193.00;;26193.00;1;BID;;;;;
20251031;050245.660;26193.00;;26193.00;2;BID;;;;;
20251031;050245.660;26193.25;;26193.25;1;BID;;;;;
20251031;050245.660;26193.25;;26193.25;2;BID;;;;;
20251031;050246.796;26193.25;;26193.25;1;BID;;;;;
20251031;050246.796;;26193.75;26193.75;1;ASK;;;;;
20251031;050246.796;26193.00;;26193.00;1;BID;;;;;
20251031;050246.796;;26193.75;26193.75;2;ASK;;;;;
20251031;050246.796;26192.75;;26192.75;4;BID;;;;;
20251031;050246.800;;26193.75;26193.75;3;ASK;;;;;
20251031;050246.800;26192.75;;26192.75;3;BID;;;;;
20251031;050246.800;;26193.75;26193.75;2;ASK;;;;;
20251031;050246.800;26193.00;;26193.00;1;BID;;;;;
20251031;050246.800;;26193.75;26193.75;1;ASK;;;;;
20251031;050246.800;26192.75;;26192.75;3;BID;;;;;
20251031;050246.800;;26193.50;26193.50;1;ASK;;;;;
20251031;050246.800;;26193.75;26193.75;1;ASK;;;;;
20251031;050246.800;;26193.75;26193.75;2;ASK;;;;;
20251031;050246.800;26192.75;;26192.75;2;BID;;;;;
20251031;050246.800;;26193.50;26193.50;1;ASK;;;;;
20251031;050246.800;;26193.75;26193.75;2;ASK;;;;;
20251031;050246.804;;26193.50;26193.50;1;ASK;;;;;
20251031;050247.116;26192.75;;26192.75;1;BID;;;;;
20251031;050247.116;;26193.25;26193.25;1;ASK;;;;;
20251031;050247.372;;26193.50;26193.50;1;ASK;;;;;
20251031;050247.544;;26193.75;26193.75;2;ASK;;;;;
20251031;050247.544;26193.00;;26193.00;1;BID;;;;;
20251031;050247.544;;26193.50;26193.50;1;ASK;;;;;
20251031;050247.544;26192.75;;26192.75;1;BID;;;;;
20251031;050248.192;;26193.75;26193.75;2;ASK;;;;;
20251031;050248.196;;26193.50;26193.50;1;ASK;;;;;
20251031;050248.196;26192.75;;26192.75;2;BID;;;;;
20251031;050248.200;26192.75;;26192.75;1;BID;;;;;
20251031;050248.672;;26193.75;26193.75;2;ASK;;;;;
20251031;050248.672;26192.75;;26192.75;2;BID;;;;;
20251031;050248.672;26193.00;;26193.00;1;BID;;;;;
20251031;050248.672;26193.00;;26193.00;2;BID;;;;;
20251031;050248.672;26193.00;;26193.00;1;BID;;;;;
20251031;050248.672;26192.75;;26192.75;2;BID;;;;;
20251031;050248.672;26192.75;;26192.75;1;BID;;;;;
20251031;050248.672;;26193.50;26193.50;1;ASK;;;;;
20251031;050248.888;;26193.75;26193.75;2;ASK;;;;;
20251031;050248.888;26192.75;;26192.75;2;BID;;;;;
20251031;050248.888;26193.00;;26193.00;1;BID;;;;;
20251031;050248.892;;26193.50;26193.50;1;ASK;;;;;
20251031;050248.892;26192.75;;26192.75;1;BID;;;;;
20251031;050248.900;;26193.75;26193.75;2;ASK;;;;;
20251031;050248.900;26193.00;;26193.00;1;BID;;;;;
20251031;050248.928;;26193.75;26193.75;1;ASK;;;;;
20251031;050249.056;26193.00;;26193.00;2;BID;;;;;
20251031;050249.056;26193.25;;26193.25;1;BID;;;;;
20251031;050249.060;26193.25;;26193.25;2;BID;;;;;
20251031;050249.060;;26194.00;26194.00;5;ASK;;;;;
20251031;050249.060;;26194.00;26194.00;4;ASK;;;;;
20251031;050249.060;26193.25;;26193.25;3;BID;;;;;
20251031;050249.060;;26194.00;26194.00;3;ASK;;;;;
20251031;050249.060;26193.25;;26193.25;2;BID;;;;;
20251031;050249.132;26193.25;;26193.25;3;BID;;;;;
20251031;050249.132;26193.50;;26193.50;1;BID;;;;;
20251031;050249.136;26193.25;;26193.25;2;BID;;;;;
20251031;050249.376;26193.50;;26193.50;1;BID;;;;;
20251031;050250.856;26193.25;;26193.25;2;BID;;;;;
20251031;050254.756;26193.25;;26193.25;1;BID;;;;;
20251031;050254.868;;26193.75;26193.75;3;ASK;;;;;
20251031;050254.868;26193.00;;26193.00;1;BID;;;;;
20251031;050254.872;26193.00;;26193.00;2;BID;;;;;
20251031;050255.832;26193.25;;26193.25;1;BID;;;;;
20251031;050255.832;26193.25;;26193.25;2;BID;;;;;
20251031;050255.832;26193.25;;26193.25;1;BID;;;;;
20251031;050256.080;26193.00;;26193.00;2;BID;;;;;
20251031;050256.080;26193.00;;26193.00;1;BID;;;;;
20251031;050256.264;26193.00;;26193.00;2;BID;;;;;
20251031;050258.940;26193.00;;26193.00;3;BID;;;;;
20251031;050258.940;26193.25;;26193.25;1;BID;;;;;
20251031;050258.940;26193.25;;26193.25;2;BID;;;;;
20251031;050300.024;26193.25;;26193.25;1;BID;;;;;
20251031;050300.024;26193.00;;26193.00;3;BID;;;;;
20251031;050300.024;26193.00;;26193.00;2;BID;;;;;
20251031;050300.028;26193.00;;26193.00;3;BID;;;;;
20251031;050300.036;26193.25;;26193.25;1;BID;;;;;
20251031;050300.036;26193.25;;26193.25;2;BID;;;;;
20251031;050300.036;26193.25;;26193.25;3;BID;;;;;
20251031;050300.036;;26193.75;26193.75;1;ASK;;;;;
20251031;050300.036;;26193.75;26193.75;2;ASK;;;;;
20251031;050300.036;;26193.75;26193.75;1;ASK;;;;;
20251031;050300.036;;26193.75;26193.75;1;ASK;;;;;
20251031;050300.036;;26193.75;26193.75;1;ASK;;;;;
20251031;050300.036;;26194.25;26194.25;1;ASK;;;;;
20251031;050300.036;26193.50;;26193.50;1;BID;;;;;
20251031;050300.036;;26194.50;26194.50;4;ASK;;;;;
20251031;050300.036;26193.50;;26193.50;2;BID;;;;;
20251031;050300.036;;26194.50;26194.50;3;ASK;;;;;
20251031;050300.196;26193.75;;26193.75;1;BID;;;;;
20251031;050300.196;;26194.50;26194.50;2;ASK;;;;;
20251031;050300.196;;26194.50;26194.50;1;ASK;;;;;
20251031;050300.384;;26194.75;26194.75;4;ASK;;;;;
20251031;050300.384;;26194.75;26194.75;3;ASK;;;;;
20251031;050300.388;;26194.50;26194.50;1;ASK;;;;;
20251031;050300.392;26193.50;;26193.50;2;BID;;;;;
20251031;050300.396;26193.50;;26193.50;3;BID;;;;;
20251031;050300.396;26193.75;;26193.75;1;BID;;;;;
20251031;050300.508;26193.75;;26193.75;2;BID;;;;;
20251031;050300.508;;26194.75;26194.75;2;ASK;;;;;
20251031;050300.508;26193.75;;26193.75;1;BID;;;;;
20251031;050300.532;26193.75;;26193.75;2;BID;;;;;
20251031;050300.556;26194.00;;26194.00;1;BID;;;;;
20251031;050300.560;;26194.75;26194.75;1;ASK;;;;;
20251031;050300.596;;26194.50;26194.50;1;ASK;;;;;
20251031;050300.596;26193.75;;26193.75;1;BID;;;;;
20251031;050300.900;26193.50;;26193.50;3;BID;;;;;
20251031;050300.900;26193.50;;26193.50;2;BID;;;;;
20251031;050300.900;;26194.25;26194.25;1;ASK;;;;;
20251031;050301.120;26193.50;;26193.50;3;BID;;;;;
20251031;050301.120;;26194.50;26194.50;1;ASK;;;;;
20251031;050301.120;26193.75;;26193.75;1;BID;;;;;
20251031;050301.872;26193.50;;26193.50;3;BID;;;;;
20251031;050301.872;;26194.25;26194.25;1;ASK;;;;;
20251031;050301.872;;26194.25;26194.25;2;ASK;;;;;
20251031;050301.876;26193.50;;26193.50;2;BID;;;;;
20251031;050301.876;26193.50;;26193.50;1;BID;;;;;
20251031;050301.888;26193.50;;26193.50;2;BID;;;;;
20251031;050301.888;;26194.25;26194.25;1;ASK;;;;;
20251031;050301.992;26193.75;;26193.75;1;BID;;;;;
20251031;050301.992;;26194.50;26194.50;3;ASK;;;;;
20251031;050301.992;;26194.50;26194.50;2;ASK;;;;;
20251031;050302.568;;26194.25;26194.25;1;ASK;;;;;
20251031;050302.568;26193.50;;26193.50;1;BID;;;;;
20251031;050302.764;26193.50;;26193.50;2;BID;;;;;
20251031;050302.764;;26194.50;26194.50;2;ASK;;;;;
20251031;050302.764;26193.50;;26193.50;1;BID;;;;;
20251031;050303.032;;26194.25;26194.25;1;ASK;;;;;
20251031;050303.056;26193.50;;26193.50;2;BID;;;;;
20251031;050303.060;;26194.50;26194.50;2;ASK;;;;;
20251031;050303.060;26193.75;;26193.75;1;BID;;;;;
20251031;050303.060;26193.50;;26193.50;1;BID;;;;;
20251031;050303.608;26193.50;;26193.50;2;BID;;;;;
20251031;050303.608;26193.75;;26193.75;1;BID;;;;;
20251031;050303.612;26193.50;;26193.50;1;BID;;;;;
20251031;050303.620;26193.50;;26193.50;2;BID;;;;;
20251031;050303.812;;26194.50;26194.50;1;ASK;;;;;
20251031;050303.812;26193.75;;26193.75;1;BID;;;;;
20251031;050305.356;26193.75;;26193.75;2;BID;;;;;
20251031;050305.356;26193.75;;26193.75;3;BID;;;;;
20251031;050305.356;26194.00;;26194.00;1;BID;;;;;
20251031;050305.356;;26195.00;26195.00;4;ASK;;;;;
20251031;050305.356;;26195.00;26195.00;3;ASK;;;;;
20251031;050305.356;;26194.75;26194.75;1;ASK;;;;;
20251031;050305.356;;26194.75;26194.75;2;ASK;;;;;
20251031;050305.356;;26194.75;26194.75;3;ASK;;;;;
20251031;050305.356;;26194.75;26194.75;4;ASK;;;;;
20251031;050305.356;;26194.75;26194.75;3;ASK;;;;;
20251031;050305.356;;26194.50;26194.50;1;ASK;;;;;
20251031;050305.356;26193.75;;26193.75;3;BID;;;;;
20251031;050305.356;26193.75;;26193.75;2;BID;;;;;
20251031;050305.428;26193.75;;26193.75;1;BID;;;;;
20251031;050305.428;26193.50;;26193.50;3;BID;;;;;
20251031;050305.428;26193.50;;26193.50;2;BID;;;;;
20251031;050305.472;;26194.25;26194.25;1;ASK;;;;;
20251031;050305.628;;26194.25;26194.25;1;ASK;;;;;
20251031;050305.628;;26194.50;26194.50;1;ASK;;;;;
20251031;050305.628;;26194.50;26194.50;1;ASK;;;;;
20251031;050305.628;26193.75;;26193.75;1;BID;;;;;
20251031;050305.628;;26194.75;26194.75;3;ASK;;;;;
20251031;050305.628;;26194.75;26194.75;2;ASK;;;;;
20251031;050305.628;;26194.50;26194.50;1;ASK;;;;;
20251031;050305.628;26193.50;;26193.50;2;BID;;;;;
20251031;050305.628;;26194.50;26194.50;2;ASK;;;;;
20251031;050305.632;;26194.25;26194.25;1;ASK;;;;;
20251031;050305.648;26193.50;;26193.50;3;BID;;;;;
20251031;050305.648;26193.75;;26193.75;1;BID;;;;;
20251031;050305.648;;26194.50;26194.50;2;ASK;;;;;
20251031;050305.704;;26194.25;26194.25;1;ASK;;;;;
20251031;050305.704;26193.50;;26193.50;3;BID;;;;;
20251031;050305.704;26193.50;;26193.50;2;BID;;;;;
20251031;050305.704;26193.50;;26193.50;3;BID;;;;;
20251031;050305.704;;26194.50;26194.50;2;ASK;;;;;
20251031;050305.704;26193.75;;26193.75;1;BID;;;;;
20251031;050305.760;26193.50;;26193.50;2;BID;;;;;
20251031;050305.760;;26194.25;26194.25;1;ASK;;;;;
20251031;050305.932;26193.50;;26193.50;1;BID;;;;;
20251031;050305.932;26193.25;;26193.25;4;BID;;;;;
20251031;050305.932;26193.25;;26193.25;3;BID;;;;;
20251031;050305.936;26193.50;;26193.50;1;BID;;;;;
20251031;050309.336;;26194.50;26194.50;2;ASK;;;;;
20251031;050309.364;;26194.25;26194.25;1;ASK;;;;;
20251031;050309.884;;26194.25;26194.25;1;ASK;;;;;
20251031;050309.884;;26194.50;26194.50;2;ASK;;;;;
20251031;050309.884;26193.75;;26193.75;1;BID;;;;;
20251031;050309.884;;26194.50;26194.50;1;ASK;;;;;
20251031;050310.620;26193.50;;26193.50;4;BID;;;;;
20251031;050310.620;26193.50;;26193.50;3;BID;;;;;
20251031;050310.620;;26194.25;26194.25;1;ASK;;;;;
20251031;050311.152;26193.75;;26193.75;1;BID;;;;;
20251031;050311.152;;26194.50;26194.50;2;ASK;;;;;
20251031;050311.152;26193.75;;26193.75;2;BID;;;;;
20251031;050311.152;;26194.50;26194.50;1;ASK;;;;;
20251031;050311.156;;26194.75;26194.75;3;ASK;;;;;
20251031;050311.156;;26194.75;26194.75;2;ASK;;;;;
20251031;050311.160;;26194.50;26194.50;1;ASK;;;;;
20251031;050311.260;;26194.75;26194.75;2;ASK;;;;;
20251031;050311.260;26194.00;;26194.00;1;BID;;;;;
20251031;050311.260;;26194.75;26194.75;1;ASK;;;;;
20251031;050311.260;26194.00;;26194.00;2;BID;;;;;
20251031;050311.260;26194.25;;26194.25;1;BID;;;;;
20251031;050311.260;;26195.00;26195.00;4;ASK;;;;;
20251031;050311.260;26194.25;;26194.25;2;BID;;;;;
20251031;050311.260;;26195.00;26195.00;3;ASK;;;;;
20251031;050311.260;26194.25;;26194.25;3;BID;;;;;
20251031;050311.260;26194.75;;26194.75;1;BID;;;;;
20251031;050311.260;;26195.00;26195.00;2;ASK;;;;;
20251031;050311.260;26194.25;;26194.25;4;BID;;;;;
20251031;050311.260;26194.25;;26194.25;5;BID;;;;;
20251031;050311.264;;26195.00;26195.00;1;ASK;;;;;
20251031;050311.264;26194.25;;26194.25;4;BID;;;;;
20251031;050311.264;26194.50;;26194.50;1;BID;;;;;
20251031;050311.264;26194.50;;26194.50;2;BID;;;;;
20251031;050311.264;;26195.00;26195.00;1;ASK;;;;;
20251031;050311.264;;26195.25;26195.25;1;ASK;;;;;
20251031;050311.264;26194.50;;26194.50;4;BID;;;;;
20251031;050311.264;26194.75;;26194.75;1;BID;;;;;
20251031;050311.264;;26195.50;26195.50;1;ASK;;;;;
20251031;050311.264;26194.50;;26194.50;4;BID;;;;;
20251031;050311.264;26194.75;;26194.75;1;BID;;;;;
20251031;050311.264;26194.50;;26194.50;4;BID;;;;;
20251031;050311.264;;26195.50;26195.50;2;ASK;;;;;
20251031;050311.268;;26195.25;26195.25;1;ASK;;;;;
20251031;050311.268;;26195.50;26195.50;2;ASK;;;;;
20251031;050311.268;26194.75;;26194.75;1;BID;;;;;
20251031;050311.268;26194.50;;26194.50;4;BID;;;;;
20251031;050311.296;;26195.25;26195.25;1;ASK;;;;;
20251031;050311.296;26194.75;;26194.75;1;BID;;;;;
20251031;050311.296;;26195.50;26195.50;2;ASK;;;;;
20251031;050311.900;;26195.25;26195.25;1;ASK;;;;;
20251031;050311.900;26194.50;;26194.50;5;BID;;;;;
20251031;050311.900;26194.50;;26194.50;4;BID;;;;;
20251031;050312.980;;26195.50;26195.50;2;ASK;;;;;
20251031;050312.980;26194.75;;26194.75;1;BID;;;;;
20251031;050312.980;;26195.50;26195.50;1;ASK;;;;;
20251031;050313.348;;26195.50;26195.50;2;ASK;;;;;
20251031;050313.348;;26195.25;26195.25;1;ASK;;;;;
20251031;050313.348;26194.50;;26194.50;5;BID;;;;;
20251031;050313.348;26194.50;;26194.50;4;BID;;;;;
20251031;050313.420;;26195.50;26195.50;2;ASK;;;;;
20251031;050313.488;26194.50;;26194.50;5;BID;;;;;
20251031;050313.488;;26195.50;26195.50;1;ASK;;;;;
20251031;050313.488;26194.75;;26194.75;1;BID;;;;;
20251031;050313.500;26194.75;;26194.75;2;BID;;;;;
20251031;050314.108;;26195.75;26195.75;3;ASK;;;;;
20251031;050314.108;;26195.75;26195.75;2;ASK;;;;;
20251031;050314.112;;26195.75;26195.75;1;ASK;;;;;
20251031;050314.112;26195.00;;26195.00;1;BID;;;;;
20251031;050314.112;26195.00;;26195.00;2;BID;;;;;
20251031;050314.112;26195.00;;26195.00;3;BID;;;;;
20251031;050314.116;26195.00;;26195.00;2;BID;;;;;
20251031;050314.116;26195.00;;26195.00;1;BID;;;;;
20251031;050314.116;;26195.50;26195.50;1;ASK;;;;;
20251031;050314.116;26194.75;;26194.75;5;BID;;;;;
20251031;050314.116;26194.75;;26194.75;4;BID;;;;;
20251031;050314.116;26194.75;;26194.75;3;BID;;;;;
20251031;050314.116;26194.75;;26194.75;2;BID;;;;;
20251031;050314.116;26194.75;;26194.75;1;BID;;;;;
20251031;050314.116;26194.50;;26194.50;4;BID;;;;;
20251031;050314.116;;26195.25;26195.25;1;ASK;;;;;
20251031;050314.116;;26195.50;26195.50;1;ASK;;;;;
20251031;050314.116;;26195.25;26195.25;1;ASK;;;;;
20251031;050314.116;;26195.50;26195.50;1;ASK;;;;;
20251031;050314.116;26194.75;;26194.75;1;BID;;;;;
20251031;050314.224;26194.50;;26194.50;5;BID;;;;;
20251031;050314.224;;26195.25;26195.25;1;ASK;;;;;
20251031;050314.224;;26195.25;26195.25;2;ASK;;;;;
20251031;050314.224;26194.50;;26194.50;4;BID;;;;;
20251031;050314.224;;26195.25;26195.25;1;ASK;;;;;
20251031;050314.824;;26195.50;26195.50;1;ASK;;;;;
20251031;050315.012;;26195.25;26195.25;1;ASK;;;;;
20251031;050315.152;;26195.50;26195.50;1;ASK;;;;;
20251031;050315.416;;26195.25;26195.25;1;ASK;;;;;
20251031;050315.416;;26195.25;26195.25;2;ASK;;;;;
20251031;050315.492;;26195.25;26195.25;3;ASK;;;;;
20251031;050315.492;26194.50;;26194.50;3;BID;;;;;
20251031;050315.616;26194.50;;26194.50;1;BID;;;;;
20251031;050315.616;26194.50;;26194.50;2;BID;;;;;
20251031;050315.616;;26195.00;26195.00;1;ASK;;;;;
20251031;050315.616;26194.50;;26194.50;1;BID;;;;;
20251031;050315.616;26194.50;;26194.50;1;BID;;;;;
20251031;050315.616;;26195.00;26195.00;2;ASK;;;;;
20251031;050315.616;26194.50;;26194.50;1;BID;;;;;
20251031;050315.616;26194.25;;26194.25;2;BID;;;;;
20251031;050315.616;;26194.75;26194.75;1;ASK;;;;;
20251031;050315.616;26194.25;;26194.25;1;BID;;;;;
20251031;050315.616;26194.00;;26194.00;3;BID;;;;;
20251031;050315.616;26194.00;;26194.00;2;BID;;;;;
20251031;050315.616;26194.00;;26194.00;1;BID;;;;;
20251031;050315.620;;26194.50;26194.50;1;ASK;;;;;
20251031;050315.620;26193.75;;26193.75;1;BID;;;;;
20251031;050315.620;26193.50;;26193.50;2;BID;;;;;
20251031;050315.620;;26194.75;26194.75;1;ASK;;;;;
20251031;050315.620;26193.75;;26193.75;1;BID;;;;;
20251031;050315.620;;26194.75;26194.75;2;ASK;;;;;
20251031;050315.620;26193.75;;26193.75;2;BID;;;;;
20251031;050315.624;;26194.75;26194.75;3;ASK;;;;;
20251031;050315.624;;26194.50;26194.50;1;ASK;;;;;
20251031;050315.624;26193.75;;26193.75;1;BID;;;;;
20251031;050315.624;;26194.25;26194.25;1;ASK;;;;;
20251031;050315.624;26193.50;;26193.50;3;BID;;;;;
20251031;050315.624;26193.50;;26193.50;2;BID;;;;;
20251031;050315.624;26193.50;;26193.50;1;BID;;;;;
20251031;050315.632;26193.50;;26193.50;2;BID;;;;;
20251031;050315.632;26193.75;;26193.75;1;BID;;;;;
20251031;050315.632;;26194.50;26194.50;1;ASK;;;;;
20251031;050315.652;;26194.25;26194.25;1;ASK;;;;;
20251031;050315.652;26193.50;;26193.50;1;BID;;;;;
20251031;050315.656;26193.50;;26193.50;2;BID;;;;;
20251031;050315.656;;26194.50;26194.50;1;ASK;;;;;
20251031;050315.656;26193.75;;26193.75;1;BID;;;;;
20251031;050315.668;;26194.25;26194.25;1;ASK;;;;;
20251031;050315.668;26193.50;;26193.50;1;BID;;;;;
20251031;050315.676;26193.50;;26193.50;2;BID;;;;;
20251031;050315.676;26193.75;;26193.75;1;BID;;;;;
20251031;050315.676;;26194.50;26194.50;1;ASK;;;;;
20251031;050315.692;26193.50;;26193.50;1;BID;;;;;
20251031;050315.692;;26194.25;26194.25;1;ASK;;;;;
20251031;050315.712;26193.50;;26193.50;2;BID;;;;;
20251031;050315.712;26193.75;;26193.75;1;BID;;;;;
20251031;050315.712;;26194.50;26194.50;1;ASK;;;;;
20251031;050315.748;26193.50;;26193.50;1;BID;;;;;
20251031;050315.748;;26194.25;26194.25;1;ASK;;;;;
20251031;050315.788;26193.50;;26193.50;2;BID;;;;;
20251031;050315.788;26193.75;;26193.75;1;BID;;;;;
20251031;050315.788;;26194.50;26194.50;1;ASK;;;;;
20251031;050315.796;26193.50;;26193.50;1;BID;;;;;
20251031;050315.800;;26194.25;26194.25;1;ASK;;;;;
20251031;050315.840;26193.50;;26193.50;2;BID;;;;;
20251031;050315.840;;26194.50;26194.50;1;ASK;;;;;
20251031;050315.840;26193.75;;26193.75;1;BID;;;;;
20251031;050316.196;26193.50;;26193.50;1;BID;;;;;
20251031;050316.196;;26194.25;26194.25;1;ASK;;;;;
20251031;050316.276;26193.75;;26193.75;1;BID;;;;;
20251031;050316.276;;26194.50;26194.50;1;ASK;;;;;
20251031;050317.672;;26194.25;26194.25;1;ASK;;;;;
20251031;050317.672;26193.50;;26193.50;1;BID;;;;;
20251031;050317.904;26193.25;;26193.25;4;BID;;;;;
20251031;050317.904;26193.25;;26193.25;3;BID;;;;;
20251031;050317.908;26193.50;;26193.50;1;BID;;;;;
20251031;050319.116;;26194.25;26194.25;1;ASK;;;;;
20251031;050319.116;;26194.50;26194.50;1;ASK;;;;;
20251031;050319.116;26193.75;;26193.75;1;BID;;;;;
20251031;050319.116;;26194.25;26194.25;1;ASK;;;;;
20251031;050319.116;26193.50;;26193.50;1;BID;;;;;
20251031;050321.992;26194.00;;26194.00;1;BID;;;;;
20251031;050321.992;;26194.50;26194.50;1;ASK;;;;;
20251031;050321.992;;26194.50;26194.50;1;ASK;;;;;
20251031;050321.992;;26194.75;26194.75;3;ASK;;;;;
20251031;050321.992;;26194.75;26194.75;2;ASK;;;;;
20251031;050321.992;;26194.75;26194.75;1;ASK;;;;;
20251031;050321.992;;26195.00;26195.00;2;ASK;;;;;
20251031;050321.992;26194.00;;26194.00;2;BID;;;;;
20251031;050321.992;;26195.00;26195.00;1;ASK;d_shape;LONG;26194.00;;
20251031;050321.992;26194.25;;26194.25;1;BID;;;;;
20251031;050321.996;;26195.25;26195.25;3;ASK;;;;;
20251031;050321.996;26194.50;;26194.50;1;BID;;;;;
20251031;050321.996;;26195.25;26195.25;2;ASK;;;;;
20251031;050321.996;;26195.25;26195.25;1;ASK;;;;;
20251031;050322.000;;26195.25;26195.25;2;ASK;;;;;
20251031;050322.000;;26195.00;26195.00;1;ASK;;;;;
20251031;050322.012;;26195.25;26195.25;1;ASK;;;;;
20251031;050322.012;;26195.25;26195.25;2;ASK;;;;;
20251031;050323.536;;26195.25;26195.25;1;ASK;;;;;
20251031;050323.536;;26195.00;26195.00;1;ASK;;;;;
20251031;050323.776;;26195.00;26195.00;1;ASK;;;;;
20251031;050323.776;;26195.25;26195.25;1;ASK;;;;;
20251031;050323.776;26194.75;;26194.75;1;BID;;;;;
20251031;050323.776;;26195.50;26195.50;1;ASK;;;;;
20251031;050323.820;;26195.25;26195.25;1;ASK;;;;;
20251031;050323.820;26194.50;;26194.50;2;BID;;;;;
20251031;050324.232;26194.50;;26194.50;1;BID;;;;;
20251031;050324.292;26194.50;;26194.50;2;BID;;;;;
20251031;050324.612;26194.50;;26194.50;1;BID;;;;;
20251031;050324.612;;26195.00;26195.00;1;ASK;;;;;
20251031;050325.064;26194.25;;26194.25;3;BID;;;;;
20251031;050325.064;26194.25;;26194.25;2;BID;;;;;
20251031;050325.064;26194.50;;26194.50;1;BID;;;;;
20251031;050325.064;;26195.25;26195.25;1;ASK;;;;;
20251031;050325.068;26194.50;;26194.50;2;BID;;;;;
20251031;050325.188;26194.50;;26194.50;1;BID;;;;;
20251031;050325.188;;26195.00;26195.00;1;ASK;;;;;
20251031;050325.908;26194.25;;26194.25;3;BID;;;;;
20251031;050325.908;26194.25;;26194.25;2;BID;;;;;
20251031;050326.280;;26195.25;26195.25;1;ASK;;;;;
20251031;050326.280;26194.50;;26194.50;1;BID;;;;;
20251031;050326.280;;26195.25;26195.25;2;ASK;;;;;
20251031;050326.280;;26195.00;26195.00;1;ASK;;;;;
20251031;050326.280;26194.25;;26194.25;2;BID;;;;;
20251031;050326.280;26194.50;;26194.50;1;BID;;;;;
20251031;050326.280;;26195.25;26195.25;2;ASK;;;;;
20251031;050326.368;;26195.00;26195.00;1;ASK;;;;;
20251031;050326.368;26194.25;;26194.25;1;BID;;;;;
20251031;050327.000;26194.25;;26194.25;2;BID;;;;;
20251031;050327.000;;26195.25;26195.25;2;ASK;;;;;
20251031;050327.000;26194.25;;26194.25;1;BID;;;;;
20251031;050327.144;;26195.00;26195.00;1;ASK;;;;;
20251031;050327.720;;26194.75;26194.75;1;ASK;;;;;
20251031;050327.720;26194.00;;26194.00;4;BID;;;;;
20251031;050327.720;;26194.75;26194.75;2;ASK;;;;;
20251031;050327.720;26194.00;;26194.00;3;BID;;;;;
20251031;050327.720;26194.00;;26194.00;2;BID;;;;;
20251031;050327.720;26194.00;;26194.00;1;BID;;;;;
20251031;050327.724;26194.25;;26194.25;1;BID;;;;;
20251031;050327.724;;26194.75;26194.75;1;ASK;;;;;
20251031;050327.724;;26195.00;26195.00;2;ASK;;;;;
20251031;050327.808;26194.00;;26194.00;3;BID;;;;;
20251031;050327.808;26194.00;;26194.00;2;BID;;;;;
20251031;050327.808;;26194.75;26194.75;1;ASK;;;;;
20251031;050327.808;;26194.75;26194.75;2;ASK;;;;;
20251031;050327.808;26194.00;;26194.00;1;BID;;;;;
20251031;050328.044;;26194.50;26194.50;1;ASK;;;;;
20251031;050328.868;;26194.75;26194.75;2;ASK;;;;;
20251031;050328.876;;26194.75;26194.75;1;ASK;;;;;
20251031;050329.968;;26194.75;26194.75;2;ASK;;;;;
20251031;050329.972;;26194.50;26194.50;1;ASK;;;;;
20251031;050329.972;;26194.50;26194.50;2;ASK;;;;;
20251031;050329.972;;26194.50;26194.50;1;ASK;;;;;
20251031;050329.976;;26194.75;26194.75;3;ASK;;;;;
20251031;050330.128;;26194.50;26194.50;1;ASK;;;;;
20251031;050330.128;;26194.50;26194.50;2;ASK;;;;;
20251031;050332.428;26194.00;;26194.00;1;BID;;;;;
20251031;050332.428;26193.50;;26193.50;1;BID;;;;;
20251031;050332.428;;26194.25;26194.25;1;ASK;;;;;
20251031;050332.432;26193.50;;26193.50;2;BID;;;;;
20251031;050332.432;26193.75;;26193.75;1;BID;;;;;
20251031;050332.432;;26194.50;26194.50;3;ASK;;;;;
20251031;050332.432;;26194.50;26194.50;2;ASK;;;;;
20251031;050332.432;;26194.50;26194.50;1;ASK;;;;;
20251031;050332.436;;26194.25;26194.25;1;ASK;;;;;
20251031;050332.436;26193.50;;26193.50;2;BID;;;;;
20251031;050332.436;26193.50;;26193.50;1;BID;;;;;
20251031;050332.496;;26194.00;26194.00;1;ASK;;;;;
20251031;050332.496;26193.25;;26193.25;2;BID;;;;;
20251031;050332.500;26193.50;;26193.50;1;BID;;;;;
20251031;050332.500;;26194.25;26194.25;2;ASK;;;;;
20251031;050332.500;;26194.25;26194.25;1;ASK;;;;;
20251031;050332.500;;26194.50;26194.50;1;ASK;;;;;
20251031;050332.500;;26194.50;26194.50;2;ASK;;;;;
20251031;050332.500;;26194.25;26194.25;1;ASK;;;;;
20251031;050332.840;26193.75;;26193.75;1;BID;;;;;
20251031;050332.840;;26194.50;26194.50;2;ASK;;;;;
20251031;050334.256;;26194.25;26194.25;1;ASK;;;;;
20251031;050334.256;26193.50;;26193.50;1;BID;;;;;
20251031;050334.260;26193.25;;26193.25;3;BID;;;;;
20251031;050334.260;26193.25;;26193.25;2;BID;;;;;
20251031;050334.260;;26194.25;26194.25;2;ASK;;;;;
20251031;050334.260;26193.25;;26193.25;3;BID;;;;;
20251031;050334.260;26193.50;;26193.50;1;BID;;;;;
20251031;050334.260;;26194.25;26194.25;1;ASK;;;;;
20251031;050335.528;26193.25;;26193.25;3;BID;;;;;
20251031;050335.528;26193.25;;26193.25;2;BID;;;;;
20251031;050335.528;;26194.25;26194.25;2;ASK;;;;;
20251031;050335.528;;26194.00;26194.00;1;ASK;;;;;
20251031;050335.532;26193.25;;26193.25;1;BID;;;;;
20251031;050336.500;26193.25;;26193.25;2;BID;;;;;
20251031;050336.500;26193.50;;26193.50;1;BID;;;;;
20251031;050336.500;;26194.25;26194.25;2;ASK;;;;;
20251031;050336.500;;26194.25;26194.25;1;ASK;;;;;
20251031;050336.856;;26194.00;26194.00;1;ASK;;;;;
20251031;050336.856;26193.25;;26193.25;1;BID;;;;;
20251031;050336.868;;26193.75;26193.75;1;ASK;;;;;
20251031;050336.868;26193.00;;26193.00;2;BID;;;;;
20251031;050336.868;;26194.00;26194.00;1;ASK;;;;;
20251031;050336.868;26193.25;;26193.25;1;BID;;;;;
20251031;050336.868;;26193.75;26193.75;1;ASK;;;;;
20251031;050336.868;26193.00;;26193.00;2;BID;;;;;
20251031;050337.052;;26193.75;26193.75;2;ASK;;;;;
20251031;050337.052;26193.00;;26193.00;1;BID;;;;;
20251031;050337.268;;26193.50;26193.50;1;ASK;;;;;
20251031;050337.824;;26193.75;26193.75;2;ASK;;;;;
20251031;050338.360;;26193.50;26193.50;1;ASK;;;;;
20251031;050338.956;;26193.75;26193.75;2;ASK;;;;;
20251031;050339.512;;26193.75;26193.75;1;ASK;;;;;
20251031;050339.512;26193.25;;26193.25;1;BID;;;;;
20251031;050339.512;;26194.00;26194.00;4;ASK;;;;;
20251031;050339.516;;26194.00;26194.00;3;ASK;;;;;
20251031;050339.712;;26194.00;26194.00;2;ASK;;;;;
20251031;050339.712;26193.50;;26193.50;1;BID;;;;;
20251031;050339.712;;26194.00;26194.00;1;ASK;;;;;
20251031;050339.712;;26194.25;26194.25;1;ASK;;;;;
20251031;050339.712;;26194.50;26194.50;1;ASK;;;;;
20251031;050339.712;;26194.75;26194.75;3;ASK;;;;;
20251031;050339.712;;26194.25;26194.25;1;ASK;;;;;
20251031;050342.484;;26194.25;26194.25;1;ASK;;;;;
20251031;050342.484;;26194.50;26194.50;1;ASK;;;;;
20251031;050342.484;;26194.50;26194.50;2;ASK;;;;;
20251031;050342.484;26193.75;;26193.75;1;BID;;;;;
20251031;050342.484;;26194.50;26194.50;1;ASK;;;;;
20251031;050342.488;26193.75;;26193.75;2;BID;;;;;
20251031;050342.864;;26194.50;26194.50;2;ASK;;;;;
20251031;050342.864;;26194.25;26194.25;1;ASK;;;;;
20251031;050342.864;26193.75;;26193.75;1;BID;;;;;
20251031;050342.864;26193.75;;26193.75;1;BID;;;;;
20251031;050342.864;26193.50;;26193.50;1;BID;;;;;
20251031;050342.864;;26194.00;26194.00;1;ASK;;;;;
20251031;050342.864;26193.25;;26193.25;2;BID;;;;;
20251031;050342.864;;26194.00;26194.00;2;ASK;;;;;
20251031;050342.864;;26194.00;26194.00;1;ASK;;;;;
20251031;050342.864;26193.25;;26193.25;1;BID;;;;;
20251031;050342.864;;26194.25;26194.25;1;ASK;;;;;
20251031;050342.864;26193.50;;26193.50;1;BID;;;;;
20251031;050342.868;26193.25;;26193.25;1;BID;;;;;
20251031;050342.868;;26194.00;26194.00;1;ASK;;;;;
20251031;050342.912;;26194.25;26194.25;1;ASK;;;;;
20251031;050342.912;26193.50;;26193.50;1;BID;;;;;
20251031;050344.024;26193.25;;26193.25;1;BID;;;;;
20251031;050344.024;;26194.00;26194.00;1;ASK;;;;;
20251031;050344.024;26193.50;;26193.50;1;BID;;;;;
20251031;050344.024;;26194.25;26194.25;1;ASK;;;;;
20251031;050344.024;26193.25;;26193.25;1;BID;;;;;
20251031;050344.024;26193.50;;26193.50;1;BID;;;;;
20251031;050344.248;;26194.25;26194.25;1;ASK;;;;;
20251031;050344.248;;26194.50;26194.50;3;ASK;;;;;
20251031;050344.248;26193.75;;26193.75;1;BID;;;;;
20251031;050344.248;;26194.50;26194.50;2;ASK;;;;;
20251031;050344.252;;26194.50;26194.50;1;ASK;;;;;
20251031;050345.140;26193.75;;26193.75;2;BID;;;;;
20251031;050345.140;26194.00;;26194.00;1;BID;;;;;
20251031;050345.140;;26194.75;26194.75;2;ASK;;;;;
20251031;050345.452;;26194.75;26194.75;1;ASK;;;;;
20251031;050346.584;26194.25;;26194.25;1;BID;;;;;
20251031;050346.584;;26195.00;26195.00;2;ASK;;;;;
20251031;050346.584;;26195.00;26195.00;1;ASK;;;;;
20251031;050346.584;;26195.25;26195.25;1;ASK;;;;;
20251031;050346.584;;26195.75;26195.75;2;ASK;;;;;
20251031;050346.584;26194.50;;26194.50;1;BID;;;;;
20251031;050346.584;;26195.75;26195.75;3;ASK;;;;;
20251031;050346.584;;26195.50;26195.50;1;ASK;;;;;
20251031;050346.584;;26195.50;26195.50;2;ASK;;;;;
20251031;050346.584;;26195.50;26195.50;3;ASK;;;;;
20251031;050346.584;;26195.50;26195.50;4;ASK;;;;;
20251031;050346.584;;26195.50;26195.50;5;ASK;;;;;
20251031;050346.584;;26195.25;26195.25;1;ASK;;;;;
20251031;050346.588;;26195.25;26195.25;2;ASK;;;;;
20251031;050346.588;;26195.25;26195.25;3;ASK;;;;;
20251031;050346.588;;26195.00;26195.00;1;ASK;;;;;
20251031;050347.756;;26195.25;26195.25;4;ASK;;;;;
20251031;050347.756;;26195.25;26195.25;3;ASK;;;;;
20251031;050347.756;;26195.25;26195.25;2;ASK;;;;;
20251031;050347.756;;26195.25;26195.25;1;ASK;;;;;
20251031;050347.760;;26195.50;26195.50;2;ASK;;;;;
20251031;050347.760;26194.75;;26194.75;1;BID;;;;;
20251031;050347.760;;26195.50;26195.50;1;ASK;;;;;
20251031;050347.760;26194.75;;26194.75;2;BID;;;;;
20251031;050347.760;;26195.75;26195.75;2;ASK;;;;;
20251031;050347.760;;26195.50;26195.50;1;ASK;;;;;
20251031;050347.760;;26195.25;26195.25;1;ASK;;;;;
20251031;050347.760;26194.75;;26194.75;1;BID;;;;;
20251031;050347.760;26194.50;;26194.50;3;BID;;;;;
20251031;050347.764;26194.50;;26194.50;2;BID;;;;;
20251031;050347.764;26194.50;;26194.50;1;BID;;;;;
20251031;050347.764;;26195.50;26195.50;2;ASK;;;;;
20251031;050347.764;;26195.25;26195.25;1;ASK;;;;;
20251031;050348.032;26194.50;;26194.50;1;BID;;;;;
20251031;050348.032;26194.25;;26194.25;1;BID;;;;;
20251031;050348.032;;26195.00;26195.00;1;ASK;;;;;
20251031;050348.032;;26195.00;26195.00;2;ASK;;;;;
20251031;050348.036;26194.00;;26194.00;2;BID;;;;;
20251031;050348.036;26194.00;;26194.00;1;BID;;;;;
20251031;050348.036;26194.25;;26194.25;1;BID;;;;;
20251031;050348.036;26194.25;;26194.25;2;BID;;;;;
20251031;050348.048;;26195.00;26195.00;1;ASK;;;;;
20251031;050348.592;26194.25;;26194.25;1;BID;;;;;
20251031;050348.592;26194.00;;26194.00;1;BID;;;;;
20251031;050348.592;;26194.75;26194.75;1;ASK;;;;;
20251031;050348.596;26193.75;;26193.75;1;BID;;;;;
20251031;050348.596;26194.00;;26194.00;1;BID;;;;;
20251031;050349.240;26194.00;;26194.00;2;BID;;;;;
20251031;050349.240;;26195.00;26195.00;2;ASK;;;;;
20251031;050349.240;26194.25;;26194.25;1;BID;;;;;
20251031;050349.252;;26195.00;26195.00;1;ASK;;;;;
20251031;050349.252;;26195.25;26195.25;3;ASK;;;;;
20251031;050349.252;;26195.25;26195.25;2;ASK;;;;;
20251031;050349.252;26194.25;;26194.25;2;BID;;;;;
20251031;050349.252;26194.50;;26194.50;1;BID;;;;;
20251031;050349.252;26194.50;;26194.50;2;BID;;;;;
20251031;050349.252;;26195.25;26195.25;1;ASK;;;;;
20251031;050349.256;26194.50;;26194.50;1;BID;;;;;
20251031;050349.628;;26195.00;26195.00;1;ASK;;;;;
20251031;050349.628;26194.25;;26194.25;4;BID;;;;;
20251031;050349.628;26194.25;;26194.25;3;BID;;;;;
20251031;050349.628;26194.25;;26194.25;2;BID;;;;;
20251031;050349.676;26194.50;;26194.50;1;BID;;;;;
20251031;050349.676;;26195.25;26195.25;1;ASK;;;;;
20251031;050349.812;;26195.00;26195.00;1;ASK;;;;;
20251031;050349.812;26194.25;;26194.25;2;BID;;;;;
20251031;050349.996;26194.25;;26194.25;1;BID;;;;;
20251031;050349.996;26194.00;;26194.00;3;BID;;;;;
20251031;050349.996;26194.00;;26194.00;2;BID;;;;;
20251031;050349.996;;26195.00;26195.00;2;ASK;;;;;
20251031;050349.996;26194.00;;26194.00;1;BID;;;;;
20251031;050350.064;;26194.75;26194.75;1;ASK;;;;;
20251031;050350.208;26194.00;;26194.00;2;BID;;;;;
20251031;050350.208;26194.25;;26194.25;1;BID;;;;;
20251031;050350.208;;26195.00;26195.00;2;ASK;;;;;
20251031;050350.208;;26195.00;26195.00;1;ASK;;;;;
20251031;050350.208;;26195.25;26195.25;1;ASK;;;;;
20251031;050350.208;26194.50;;26194.50;1;BID;;;;;
20251031;050350.208;;26195.25;26195.25;2;ASK;;;;;
20251031;050350.316;;26195.25;26195.25;1;ASK;;;;;
20251031;050350.548;;26195.00;26195.00;1;ASK;;;;;
20251031;050350.548;26194.25;;26194.25;1;BID;;;;;
20251031;050350.624;;26195.25;26195.25;1;ASK;;;;;
20251031;050350.624;26194.50;;26194.50;1;BID;;;;;
20251031;050350.624;26194.50;;26194.50;2;BID;;;;;
20251031;050350.736;;26195.25;26195.25;2;ASK;;;;;
20251031;050350.736;26194.50;;26194.50;1;BID;;;;;
20251031;050350.736;;26195.00;26195.00;1;ASK;;;;;
20251031;050350.984;;26195.25;26195.25;1;ASK;;;;;
20251031;050351.388;26194.50;;26194.50;1;BID;;;;;
20251031;050351.388;26194.25;;26194.25;1;BID;;;;;
20251031;050351.388;26194.00;;26194.00;3;BID;;;;;
20251031;050351.388;;26194.25;26194.25;18;ASK;;;;;
20251031;050351.388;26194.00;;26194.00;2;BID;;;;;
20251031;050351.388;26194.00;;26194.00;1;BID;;;;;
20251031;050351.388;26194.00;;26194.00;1;BID;;;;;
20251031;050351.388;26193.75;;26193.75;1;BID;;;;;
20251031;050351.388;26193.75;;26193.75;1;BID;;;;;
20251031;050351.388;26193.50;;26193.50;2;BID;;;;;
20251031;050351.392;26193.50;;26193.50;1;BID;;;;;
20251031;050351.392;;26194.00;26194.00;1;ASK;;;;;
20251031;050351.392;26193.00;;26193.00;2;BID;;;;;
20251031;050351.392;26193.00;;26193.00;1;BID;;;;;
20251031;050351.392;26193.00;;26193.00;2;BID;;;;;
20251031;050351.392;26193.25;;26193.25;1;BID;;;;;
20251031;050351.392;26193.25;;26193.25;2;BID;;;;;
20251031;050351.392;26193.25;;26193.25;3;BID;;;;;
20251031;050351.392;;26194.25;26194.25;18;ASK;;;;;
20251031;050351.392;;26194.25;26194.25;19;ASK;;;;;
20251031;050351.392;26193.25;;26193.25;2;BID;;;;;
20251031;050351.392;;26194.00;26194.00;1;ASK;;;;;
20251031;050351.464;;26194.25;26194.25;18;ASK;;;;;
20251031;050351.464;26193.25;;26193.25;3;BID;;;;;
20251031;050351.464;26193.50;;26193.50;1;BID;;;;;
20251031;050351.468;26193.25;;26193.25;3;BID;;;;;
20251031;050351.468;;26194.00;26194.00;1;ASK;;;;;
20251031;050351.564;;26194.25;26194.25;18;ASK;;;;;
20251031;050351.564;26193.50;;26193.50;1;BID;;;;;
20251031;050351.804;;26194.00;26194.00;1;ASK;;;;;
20251031;050351.804;26193.25;;26193.25;3;BID;;;;;
20251031;050352.588;26193.50;;26193.50;1;BID;;;;;
20251031;050352.588;;26194.25;26194.25;18;ASK;;;;;
20251031;050352.812;26193.25;;26193.25;3;BID;;;;;
20251031;050352.812;;26194.00;26194.00;1;ASK;;;;;
20251031;050353.100;;26194.25;26194.25;18;ASK;;;;;
20251031;050353.100;26193.50;;26193.50;1;BID;;;;;
20251031;050355.532;26193.25;;26193.25;3;BID;;;;;
20251031;050355.532;;26194.00;26194.00;1;ASK;;;;;
20251031;050355.540;26193.25;;26193.25;2;BID;;;;;
20251031;050355.660;;26194.25;26194.25;19;ASK;;;;;
20251031;050355.660;26193.50;;26193.50;1;BID;;;;;
20251031;050356.328;;26194.00;26194.00;1;ASK;;;;;
20251031;050356.328;26193.25;;26193.25;2;BID;;;;;
20251031;050356.392;;26194.25;26194.25;19;ASK;;;;;
20251031;050356.436;;26194.00;26194.00;1;ASK;;;;;
20251031;050356.512;;26194.25;26194.25;19;ASK;;;;;
20251031;050356.512;26193.50;;26193.50;1;BID;;;;;
20251031;050356.664;26193.50;;26193.50;1;BID;;;;;
20251031;050356.664;26193.25;;26193.25;1;BID;;;;;
20251031;050356.664;26193.25;;26193.25;1;BID;;;;;
20251031;050356.664;26193.00;;26193.00;1;BID;;;;;
20251031;050356.664;26193.00;;26193.00;1;BID;;;;;
20251031;050356.664;26193.00;;26193.00;1;BID;;;;;
20251031;050356.664;26193.00;;26193.00;1;BID;;;;;
20251031;050356.664;;26194.00;26194.00;1;ASK;;;;;
20251031;050356.664;;26194.00;26194.00;2;ASK;;;;;
20251031;050356.664;26192.75;;26192.75;2;BID;;;;;
20251031;050356.668;26192.75;;26192.75;1;BID;;;;;
20251031;050356.668;;26193.75;26193.75;1;ASK;;;;;
20251031;050356.668;;26193.75;26193.75;2;ASK;;;;;
20251031;050356.668;;26193.75;26193.75;3;ASK;;;;;
20251031;050356.668;26193.00;;26193.00;1;BID;;;;;
20251031;050356.668;;26193.75;26193.75;2;ASK;;;;;
20251031;050356.684;26192.75;;26192.75;1;BID;;;;;
20251031;050356.684;;26193.50;26193.50;1;ASK;;;;;
20251031;050356.684;26192.75;;26192.75;2;BID;;;;;
20251031;050356.768;;26193.75;26193.75;2;ASK;;;;;
20251031;050356.768;26193.00;;26193.00;1;BID;;;;;
20251031;050356.772;;26193.75;26193.75;1;ASK;;;;;
20251031;050356.776;26192.75;;26192.75;2;BID;;;;;
20251031;050356.876;26193.00;;26193.00;1;BID;;;;;
20251031;050356.876;;26194.00;26194.00;4;ASK;;;;;
20251031;050356.876;;26194.00;26194.00;3;ASK;;;;;
20251031;050356.876;;26193.75;26193.75;1;ASK;;;;;
20251031;050357.468;26192.75;;26192.75;2;BID;;;;;
20251031;050357.468;;26193.50;26193.50;1;ASK;;;;;
20251031;050358.192;26193.00;;26193.00;1;BID;;;;;
20251031;050358.192;;26193.75;26193.75;1;ASK;;;;;
20251031;050401.392;26192.75;;26192.75;2;BID;;;;;
20251031;050401.392;;26193.50;26193.50;1;ASK;;;;;
20251031;050401.396;26192.75;;26192.75;1;BID;;;;;
20251031;050402.060;;26193.75;26193.75;2;ASK;;;;;
20251031;050403.180;26192.75;;26192.75;2;BID;;;;;
20251031;050403.180;26193.00;;26193.00;1;BID;;;;;
20251031;050403.180;;26193.75;26193.75;1;ASK;;;;;
20251031;050403.188;26193.25;;26193.25;1;BID;;;;;
20251031;050403.188;;26194.00;26194.00;4;ASK;;;;;
20251031;050403.188;;26194.00;26194.00;3;ASK;;;;;
20251031;050403.188;;26194.00;26194.00;2;ASK;;;;;
20251031;050403.188;;26194.00;26194.00;1;ASK;;;;;
20251031;050403.188;26193.00;;26193.00;3;BID;;;;;
20251031;050403.188;26193.00;;26193.00;2;BID;;;;;
20251031;050403.208;26193.00;;26193.00;3;BID;;;;;
20251031;050403.208;26193.25;;26193.25;1;BID;;;;;
20251031;050403.360;;26194.25;26194.25;19;ASK;;;;;
20251031;050403.360;26193.25;;26193.25;2;BID;;;;;
20251031;050403.360;26193.25;;26193.25;3;BID;;;;;
20251031;050403.360;;26194.25;26194.25;18;ASK;;;;;
20251031;050406.108;26193.50;;26193.50;1;BID;;;;;
20251031;050406.108;26193.50;;26193.50;2;BID;;;;;
20251031;050406.108;26193.50;;26193.50;1;BID;;;;;
20251031;050407.700;;26194.00;26194.00;1;ASK;;;;;
20251031;050407.700;26193.25;;26193.25;2;BID;;;;;
20251031;050407.700;26193.25;;26193.25;3;BID;;;;;
20251031;050407.700;26193.50;;26193.50;1;BID;;;;;
20251031;050407.700;;26194.25;26194.25;18;ASK;;;;;
20251031;050407.716;26193.25;;26193.25;3;BID;;;;;
20251031;050407.716;;26194.00;26194.00;1;ASK;;;;;
20251031;050409.444;;26194.25;26194.25;18;ASK;;;;;
20251031;050409.444;26193.50;;26193.50;1;BID;;;;;
20251031;050410.916;26193.50;;26193.50;2;BID;;;;;
20251031;050411.308;26193.50;;26193.50;3;BID;;;;;
20251031;050411.764;26193.75;;26193.75;1;BID;;;;;
20251031;050411.764;26194.00;;26194.00;1;BID;;;;;
20251031;050411.764;;26194.25;26194.25;1;ASK;;;;;
20251031;050411.764;;26194.25;26194.25;17;ASK;;;;;
20251031;050411.764;;26194.25;26194.25;1;ASK;;;;;
20251031;050411.764;;26194.25;26194.25;16;ASK;;;;;
20251031;050411.784;;26194.25;26194.25;2;ASK;;;;;
20251031;050411.784;;26194.25;26194.25;14;ASK;;;;;
20251031;050411.784;;26194.25;26194.25;1;ASK;;;;;
20251031;050411.784;;26194.25;26194.25;13;ASK;;;;;
20251031;050411.784;;26194.25;26194.25;3;ASK;;;;;
20251031;050411.784;;26194.25;26194.25;10;ASK;;;;;
20251031;050411.784;;26194.25;26194.25;2;ASK;;;;;
20251031;050411.784;;26194.25;26194.25;8;ASK;;;;;
20251031;050411.784;;26194.25;26194.25;1;ASK;;;;;
20251031;050411.784;;26194.25;26194.25;7;ASK;;;;;
20251031;050411.784;;26194.25;26194.25;1;ASK;;;;;
20251031;050411.784;;26194.25;26194.25;6;ASK;;;;;
20251031;050411.784;26194.00;;26194.00;2;BID;;;;;
20251031;050411.784;;26194.25;26194.25;1;ASK;;;;;
20251031;050411.784;;26194.25;26194.25;5;ASK;;;;;
20251031;050411.784;26194.00;;26194.00;3;BID;;;;;
20251031;050411.784;;26194.25;26194.25;2;ASK;;;;;
20251031;050411.784;;26194.25;26194.25;3;ASK;;;;;
20251031;050411.784;;26194.25;26194.25;1;ASK;;;;;
20251031;050411.784;;26194.25;26194.25;2;ASK;;;;;
20251031;050411.788;26194.00;;26194.00;2;BID;;;;;
20251031;050411.788;;26194.25;26194.25;2;ASK;;;;;
20251031;050411.788;;26195.00;26195.00;2;ASK;;;;;
20251031;050411.788;26194.00;;26194.00;1;BID;;;;;
20251031;050411.788;26194.25;;26194.25;2;BID;;;;;
20251031;050411.788;26194.25;;26194.25;3;BID;;;;;
20251031;050411.788;26194.25;;26194.25;2;BID;;;;;
20251031;050411.788;26194.25;;26194.25;2;BID;;;;;
20251031;050411.788;26194.00;;26194.00;1;BID;;;;;
20251031;050411.788;;26195.00;26195.00;1;ASK;;;;;
20251031;050411.788;;26194.75;26194.75;1;ASK;;;;;
20251031;050411.788;;26194.25;26194.25;1;ASK;;;;;
20251031;050411.788;26194.00;;26194.00;2;BID;;;;;
20251031;050411.788;26194.00;;26194.00;1;BID;;;;;
20251031;050411.788;26194.00;;26194.00;1;BID;;;;;
20251031;050411.788;26194.00;;26194.00;1;BID;;;;;
20251031;050411.788;26193.50;;26193.50;1;BID;;;;;
20251031;050411.788;;26194.25;26194.25;2;ASK;;;;;
20251031;050412.064;;26194.25;26194.25;1;ASK;;;;;
20251031;050412.064;26193.50;;26193.50;2;BID;;;;;
20251031;050412.112;26193.75;;26193.75;1;BID;;;;;
20251031;050412.112;26193.50;;26193.50;1;BID;;;;;
20251031;050412.404;26193.50;;26193.50;2;BID;;;;;
20251031;050413.004;26193.75;;26193.75;1;BID;;;;;
20251031;050413.004;26193.50;;26193.50;1;BID;;;;;
20251031;050413.020;26193.50;;26193.50;2;BID;;;;;
20251031;050413.604;26193.50;;26193.50;3;BID;;;;;
20251031;050413.604;26193.75;;26193.75;1;BID;;;;;
20251031;050413.604;;26194.25;26194.25;1;ASK;;;;;
20251031;050413.604;;26194.50;26194.50;1;ASK;;;;;
20251031;050413.604;26193.50;;26193.50;2;BID;;;;;
20251031;050413.604;26193.75;;26193.75;1;BID;;;;;
20251031;050413.604;26193.75;;26193.75;2;BID;;;;;
20251031;050413.604;26193.75;;26193.75;1;BID;;;;;
20251031;050413.604;;26194.75;26194.75;3;ASK;;;;;
20251031;050413.604;26194.00;;26194.00;1;BID;;;;;
20251031;050413.604;;26194.75;26194.75;2;ASK;;;;;
20251031;050413.608;26194.00;;26194.00;2;BID;;;;;
20251031;050413.608;;26194.75;26194.75;1;ASK;;;;;
20251031;050413.608;;26195.00;26195.00;4;ASK;;;;;
20251031;050413.608;;26195.00;26195.00;3;ASK;;;;;
20251031;050413.608;;26195.00;26195.00;2;ASK;;;;;
20251031;050413.608;26194.25;;26194.25;1;BID;;;;;
20251031;050413.612;26194.00;;26194.00;2;BID;;;;;
20251031;050413.612;;26194.75;26194.75;1;ASK;;;;;
20251031;050413.624;26194.25;;26194.25;1;BID;;;;;
20251031;050413.624;;26195.00;26195.00;2;ASK;;;;;
20251031;050413.980;26194.00;;26194.00;2;BID;;;;;
20251031;050413.980;;26194.75;26194.75;1;ASK;;;;;
20251031;050414.068;26194.00;;26194.00;1;BID;;;;;
20251031;050414.072;;26194.50;26194.50;1;ASK;;;;;
20251031;050414.072;26193.75;;26193.75;1;BID;;;;;
20251031;050414.088;26193.75;;26193.75;2;BID;;;;;
20251031;050414.088;26194.00;;26194.00;1;BID;;;;;
20251031;050414.088;;26194.75;26194.75;1;ASK;;;;;
20251031;050414.608;;26194.75;26194.75;1;ASK;;;;;
20251031;050414.608;;26195.00;26195.00;2;ASK;;;;;
20251031;050414.608;26194.25;;26194.25;1;BID;;;;;
20251031;050414.744;26194.25;;26194.25;2;BID;;;;;
20251031;050415.488;;26195.00;26195.00;1;ASK;;;;;
20251031;050415.488;;26195.25;26195.25;2;ASK;;;;;
20251031;050415.488;;26195.25;26195.25;1;ASK;;;;;
20251031;050415.488;26194.50;;26194.50;1;BID;;;;;
20251031;050415.488;;26195.25;26195.25;2;ASK;;;;;
20251031;050415.488;26194.25;;26194.25;2;BID;;;;;
20251031;050415.488;;26195.00;26195.00;1;ASK;;;;;
20251031;050415.684;;26195.25;26195.25;2;ASK;;;;;
20251031;050415.684;26194.50;;26194.50;1;BID;;;;;
20251031;050416.380;26194.25;;26194.25;2;BID;;;;;
20251031;050416.380;;26195.00;26195.00;1;ASK;;;;;
20251031;050417.448;26194.25;;26194.25;1;BID;;;;;
20251031;050418.636;;26195.00;26195.00;2;ASK;;;;;
20251031;050418.636;26194.00;;26194.00;4;BID;;;;;
20251031;050418.636;26194.00;;26194.00;3;BID;;;;;
20251031;050418.640;26194.25;;26194.25;1;BID;;;;;
20251031;050418.832;26194.00;;26194.00;3;BID;;;;;
20251031;050418.832;;26194.75;26194.75;1;ASK;;;;;
20251031;050418.832;;26194.75;26194.75;2;ASK;;;;;
20251031;050418.832;26194.00;;26194.00;2;BID;;;;;
20251031;050418.832;26194.00;;26194.00;1;BID;;;;;
20251031;050419.436;;26194.75;26194.75;1;ASK;;;;;
20251031;050419.436;26194.00;;26194.00;2;BID;;;;;
20251031;050419.436;26194.00;;26194.00;3;BID;;;;;
20251031;050419.436;;26195.00;26195.00;2;ASK;;;;;
20251031;050419.436;26194.25;;26194.25;1;BID;;;;;
20251031;050419.476;;26195.00;26195.00;1;ASK;;;;;
20251031;050419.476;26194.25;;26194.25;2;BID;;;;;
20251031;050419.520;26194.50;;26194.50;1;BID;;;;;
20251031;050419.520;;26195.25;26195.25;3;ASK;;;;;
20251031;050419.520;;26195.25;26195.25;2;ASK;;;;;
20251031;050419.520;26194.25;;26194.25;1;BID;;;;;
20251031;050419.520;;26195.00;26195.00;1;ASK;;;;;
20251031;050419.520;26194.25;;26194.25;2;BID;;;;;
20251031;050419.640;26194.25;;26194.25;1;BID;;;;;
20251031;050421.884;;26194.75;26194.75;1;ASK;;;;;
20251031;050421.884;26194.00;;26194.00;3;BID;;;;;
20251031;050421.888;26194.00;;26194.00;2;BID;;;;;
20251031;050421.888;26194.25;;26194.25;1;BID;;;;;
20251031;050421.904;;26195.00;26195.00;1;ASK;;;;;
20251031;050421.980;;26194.75;26194.75;1;ASK;;;;;
20251031;050421.980;;26194.75;26194.75;2;ASK;;;;;
20251031;050421.980;26194.25;;26194.25;1;BID;;;;;
20251031;050421.980;26194.00;;26194.00;2;BID;;;;;
20251031;050421.980;26194.00;;26194.00;1;BID;;;;;
20251031;050421.980;;26194.75;26194.75;3;ASK;;;;;
20251031;050421.980;;26194.75;26194.75;2;ASK;;;;;
20251031;050421.980;;26194.50;26194.50;1;ASK;;;;;
20251031;050421.980;26193.75;;26193.75;3;BID;;;;;
20251031;050421.980;26193.75;;26193.75;2;BID;;;;;
20251031;050421.980;;26194.75;26194.75;2;ASK;;;;;
20251031;050421.980;26193.75;;26193.75;1;BID;;;;;
20251031;050421.980;26193.50;;26193.50;1;BID;;;;;
20251031;050421.980;;26194.50;26194.50;1;ASK;;;;;
20251031;050421.980;26194.00;;26194.00;1;BID;;;;;
20251031;050421.980;26193.50;;26193.50;1;BID;;;;;
20251031;050421.980;;26194.50;26194.50;2;ASK;;;;;
20251031;050421.980;;26194.50;26194.50;3;ASK;;;;;
20251031;050421.980;26193.50;;26193.50;2;BID;;;;;
20251031;050421.980;;26194.25;26194.25;1;ASK;;;;;
20251031;050421.980;;26194.25;26194.25;2;ASK;;;;;
20251031;050421.980;26193.50;;26193.50;1;BID;;;;;
20251031;050421.984;;26194.25;26194.25;3;ASK;;;;;
20251031;050421.984;;26194.25;26194.25;2;ASK;;;;;
20251031;050421.984;;26194.25;26194.25;1;ASK;;;;;
20251031;050421.984;;26194.50;26194.50;3;ASK;;;;;
20251031;050421.984;26193.50;;26193.50;2;BID;;;;;
20251031;050421.984;26193.50;;26193.50;3;BID;;;;;
20251031;050421.984;;26194.25;26194.25;1;ASK;;;;;
20251031;050421.984;26193.50;;26193.50;2;BID;;;;;
20251031;050421.988;;26194.25;26194.25;2;ASK;;;;;
20251031;050422.000;26193.50;;26193.50;1;BID;;;;;
20251031;050422.000;26193.25;;26193.25;1;BID;;;;;
20251031;050422.000;;26194.00;26194.00;1;ASK;;;;;
20251031;050422.000;26193.25;;26193.25;2;BID;;;;;
20251031;050422.000;;26194.25;26194.25;2;ASK;;;;;
20251031;050422.000;26193.50;;26193.50;1;BID;;;;;
20251031;050422.044;;26194.25;26194.25;1;ASK;;;;;
20251031;050422.056;26193.25;;26193.25;2;BID;;;;;
20251031;050422.056;26193.50;;26193.50;1;BID;;;;;
20251031;050422.148;26193.50;;26193.50;2;BID;;;;;
20251031;050422.148;;26194.50;26194.50;4;ASK;;;;;
20251031;050422.148;26193.75;;26193.75;1;BID;;;;;
20251031;050422.148;;26194.50;26194.50;3;ASK;;;;;
20251031;050422.148;;26194.50;26194.50;2;ASK;;;;;
20251031;050422.148;;26194.50;26194.50;1;ASK;;;;;
20251031;050422.624;26193.75;;26193.75;2;BID;;;;;
20251031;050422.624;;26194.75;26194.75;3;ASK;;;;;
20251031;050422.624;;26194.75;26194.75;2;ASK;;;;;
20251031;050422.996;;26194.50;26194.50;1;ASK;;;;;
20251031;050423.632;;26194.50;26194.50;1;ASK;;;;;
20251031;050423.632;;26194.75;26194.75;2;ASK;;;;;
20251031;050423.632;26194.00;;26194.00;1;BID;;;;;
20251031;050423.632;;26194.75;26194.75;1;ASK;;;;;
20251031;050424.052;26193.75;;26193.75;2;BID;;;;;
20251031;050424.052;;26194.50;26194.50;1;ASK;;;;;
20251031;050424.056;26193.75;;26193.75;1;BID;;;;;
20251031;050429.964;26193.50;;26193.50;4;BID;;;;;
20251031;050429.964;;26194.25;26194.25;1;ASK;;;;;
20251031;050429.964;26193.50;;26193.50;3;BID;;;;;
20251031;050429.964;26193.50;;26193.50;2;BID;;;;;
20251031;050429.964;;26194.50;26194.50;3;ASK;;;;;
20251031;050429.964;26193.50;;26193.50;1;BID;;;;;
20251031;050429.964;;26194.25;26194.25;1;ASK;;;;;
20251031;050429.964;26193.25;;26193.25;1;BID;;;;;
20251031;050429.968;;26194.00;26194.00;1;ASK;;;;;
20251031;050429.968;26193.25;;26193.25;2;BID;;;;;
20251031;050429.968;26193.50;;26193.50;1;BID;;;;;
20251031;050429.968;;26194.25;26194.25;1;ASK;;;;;
20251031;050429.968;26193.25;;26193.25;2;BID;;;;;
20251031;050429.968;26193.50;;26193.50;1;BID;;;;;
20251031;050430.560;;26194.50;26194.50;4;ASK;;;;;
20251031;050430.560;;26194.50;26194.50;3;ASK;;;;;
20251031;050430.560;26193.75;;26193.75;1;BID;;;;;
20251031;050430.560;;26194.50;26194.50;2;ASK;;;;;
20251031;050430.560;;26194.50;26194.50;1;ASK;;;;;
20251031;050430.932;;26194.50;26194.50;1;ASK;;;;;
20251031;050430.932;;26194.75;26194.75;1;ASK;;;;;
20251031;050430.932;26194.00;;26194.00;1;BID;;;;;
20251031;050431.124;26194.00;;26194.00;2;BID;;;;;
20251031;050431.124;;26195.00;26195.00;4;ASK;;;;;
20251031;050431.124;;26195.00;26195.00;3;ASK;;;;;
20251031;050431.128;;26195.00;26195.00;2;ASK;;;;;
20251031;050431.128;;26194.75;26194.75;1;ASK;;;;;
20251031;050431.992;;26194.75;26194.75;1;ASK;;;;;
20251031;050431.992;;26195.00;26195.00;2;ASK;;;;;
20251031;050431.992;26194.25;;26194.25;1;BID;;;;;
20251031;050432.216;;26194.75;26194.75;1;ASK;;;;;
20251031;050432.216;;26194.75;26194.75;2;ASK;;;;;
20251031;050432.216;26194.00;;26194.00;2;BID;;;;;
20251031;050432.216;;26194.75;26194.75;1;ASK;;;;;
20251031;050432.484;26194.25;;26194.25;1;BID;;;;;
20251031;050432.484;;26195.00;26195.00;2;ASK;;;;;
20251031;050433.188;26194.00;;26194.00;2;BID;;;;;
20251031;050433.188;;26194.75;26194.75;1;ASK;;;;;
20251031;050433.188;;26194.75;26194.75;2;ASK;;;;;
20251031;050433.188;;26194.75;26194.75;3;ASK;;;;;
20251031;050433.188;;26194.75;26194.75;2;ASK;;;;;
20251031;050433.188;;26194.75;26194.75;1;ASK;;;;;
20251031;050433.440;26194.00;;26194.00;1;BID;;;;;
20251031;050433.716;;26195.00;26195.00;2;ASK;;;;;
20251031;050433.716;26194.25;;26194.25;1;BID;;;;;
20251031;050434.760;;26194.75;26194.75;1;ASK;;;;;
20251031;050434.760;26194.00;;26194.00;1;BID;;;;;
20251031;050435.736;26194.50;;26194.50;20;BID;;;;;
20251031;050435.736;;26194.75;26194.75;1;ASK;;;;;
20251031;050435.736;;26195.00;26195.00;2;ASK;;;;;
20251031;050435.736;;26195.00;26195.00;1;ASK;;;;;
20251031;050435.736;;26195.00;26195.00;1;ASK;;;;;
20251031;050435.736;;26195.00;26195.00;1;ASK;;;;;
20251031;050435.736;;26195.25;26195.25;3;ASK;;;;;
20251031;050435.736;;26195.25;26195.25;2;ASK;;;;;
20251031;050435.736;26194.75;;26194.75;1;BID;;;;;
20251031;050435.740;;26195.25;26195.25;1;ASK;;;;;
20251031;050435.740;;26195.25;26195.25;1;ASK;;;;;
20251031;050435.740;;26195.75;26195.75;4;ASK;;;;;
20251031;050435.740;26194.75;;26194.75;2;BID;;;;;
20251031;050435.740;26194.75;;26194.75;1;BID;;;;;
20251031;050435.740;26194.75;;26194.75;2;BID;;;;;
20251031;050435.740;26195.00;;26195.00;1;BID;;;;;
20251031;050435.740;;26195.50;26195.50;1;ASK;;;;;
20251031;050435.740;;26195.50;26195.50;2;ASK;;;;;
20251031;050435.740;26194.75;;26194.75;2;BID;;;;;
20251031;050435.788;26194.75;;26194.75;3;BID;;;;;
20251031;050435.788;;26195.50;26195.50;1;ASK;;;;;
20251031;050435.788;26195.00;;26195.00;1;BID;;;;;
20251031;050436.476;;26195.75;26195.75;5;ASK;;;;;
20251031;050436.476;;26195.75;26195.75;4;ASK;;;;;
20251031;050436.480;;26195.75;26195.75;3;ASK;;;;;
20251031;050436.540;;26195.50;26195.50;1;ASK;;;;;
20251031;050436.540;26194.75;;26194.75;3;BID;;;;;
20251031;050437.228;26194.75;;26194.75;1;BID;;;;;
20251031;050437.228;26194.75;;26194.75;2;BID;;;;;
20251031;050437.228;;26195.25;26195.25;1;ASK;;;;;
20251031;050437.228;26194.75;;26194.75;1;BID;;;;;
20251031;050437.232;;26195.50;26195.50;1;ASK;;;;;
20251031;050437.280;;26195.50;26195.50;2;ASK;;;;;
20251031;050437.280;;26195.25;26195.25;1;ASK;;;;;
20251031;050437.280;;26195.50;26195.50;2;ASK;;;;;
20251031;050437.392;;26195.50;26195.50;1;ASK;;;;;
20251031;050437.580;26194.75;;26194.75;2;BID;;;;;
20251031;050437.580;;26195.75;26195.75;4;ASK;;;;;
20251031;050437.580;;26195.75;26195.75;3;ASK;;;;;
20251031;050437.580;;26195.50;26195.50;1;ASK;;;;;
20251031;050437.988;26194.75;;26194.75;1;BID;;;;;
20251031;050437.988;26194.75;;26194.75;1;BID;;;;;
20251031;050437.988;26194.50;;26194.50;22;BID;;;;;
20251031;050437.988;26194.50;;26194.50;21;BID;;;;;
20251031;050437.988;;26195.25;26195.25;1;ASK;;;;;
20251031;050437.988;;26195.50;26195.50;1;ASK;;;;;
20251031;050438.000;;26195.50;26195.50;2;ASK;;;;;
20251031;050438.004;;26195.25;26195.25;1;ASK;;;;;
20251031;050438.144;;26195.50;26195.50;2;ASK;;;;;
20251031;050438.144;;26195.50;26195.50;1;ASK;;;;;
20251031;050438.144;26194.75;;26194.75;1;BID;;;;;
20251031;050438.736;;26195.50;26195.50;2;ASK;;;;;
20251031;050438.736;;26195.25;26195.25;1;ASK;;;;;
20251031;050438.736;26194.50;;26194.50;21;BID;;;;;
20251031;050439.940;;26195.25;26195.25;1;ASK;;;;;
20251031;050439.940;;26195.50;26195.50;1;ASK;;;;;
20251031;050439.940;;26195.50;26195.50;1;ASK;;;;;
20251031;050439.940;;26195.75;26195.75;1;ASK;;;;;
20251031;050439.940;;26195.75;26195.75;1;ASK;;;;;
20251031;050439.940;;26195.75;26195.75;2;ASK;;;;;
20251031;050439.940;26194.75;;26194.75;1;BID;;;;;
20251031;050439.940;26194.75;;26194.75;2;BID;;;;;
20251031;050439.940;;26195.75;26195.75;1;ASK;;;;;
20251031;050439.940;26194.75;;26194.75;3;BID;;;;;
20251031;050439.940;;26195.50;26195.50;1;ASK;;;;;
20251031;050439.940;26194.75;;26194.75;4;BID;;;;;
20251031;050439.940;;26195.50;26195.50;2;ASK;;;;;
20251031;050439.940;26194.75;;26194.75;3;BID;;;;;
20251031;050439.940;26194.75;;26194.75;2;BID;;;;;
20251031;050439.940;;26195.50;26195.50;1;ASK;;;;;
20251031;050444.624;;26195.50;26195.50;1;ASK;;;;;
20251031;050444.624;;26195.75;26195.75;1;ASK;;;;;
20251031;050444.624;26195.00;;26195.00;1;BID;p_shape;SHORT;26195.75;;
20251031;050444.624;26195.00;;26195.00;2;BID;;;;;
20251031;050444.628;26195.00;;26195.00;1;BID;;;;;
20251031;050444.628;;26195.50;26195.50;1;ASK;;;;;
20251031;050444.632;26194.75;;26194.75;2;BID;;;;;
20251031;050445.012;26195.00;;26195.00;1;BID;;;;;
20251031;050445.012;;26195.75;26195.75;1;ASK;;;;;
20251031;050445.156;;26195.50;26195.50;1;ASK;;;;;
20251031;050445.156;26194.75;;26194.75;2;BID;;;;;
20251031;050446.000;26195.00;;26195.00;1;BID;;;;;
20251031;050446.000;;26195.75;26195.75;1;ASK;;;;;
20251031;050446.948;;26195.75;26195.75;1;ASK;;;;;
20251031;050446.948;;26195.75;26195.75;4;ASK;;;;;
20251031;050446.948;;26196.00;26196.00;5;ASK;;;;;
20251031;050446.948;26195.75;;26195.75;3;BID;;;;;
20251031;050446.948;26195.75;;26195.75;1;BID;;;;;
20251031;050446.948;26195.75;;26195.75;1;BID;;;;;
20251031;050446.948;26195.00;;26195.00;1;BID;;;;;
20251031;050446.948;;26196.00;26196.00;4;ASK;;;;;
20251031;050446.948;;26196.00;26196.00;3;ASK;;;;;
20251031;050446.948;26195.00;;26195.00;2;BID;;;;;
20251031;050446.948;26195.00;;26195.00;3;BID;;;;;
20251031;050446.948;26195.00;;26195.00;4;BID;;;;;
20251031;050446.948;26195.25;;26195.25;1;BID;;;;;
20251031;050446.948;;26196.00;26196.00;2;ASK;;;;;
20251031;050446.948;26195.25;;26195.25;1;BID;;;;;
20251031;050446.948;26195.00;;26195.00;1;BID;;;;;
20251031;050446.948;26195.00;;26195.00;1;BID;;;;;
20251031;050446.948;26195.00;;26195.00;2;BID;;;;;
20251031;050446.948;26195.00;;26195.00;1;BID;;;;;
20251031;050446.948;26195.00;;26195.00;2;BID;;;;;
20251031;050446.948;26195.25;;26195.25;1;BID;;;;;
20251031;050446.948;;26195.75;26195.75;1;ASK;;;;;
20251031;050446.948;;26195.75;26195.75;2;ASK;;;;;
20251031;050446.948;;26195.75;26195.75;1;ASK;;;;;
20251031;050446.948;;26195.75;26195.75;2;ASK;;;;;
20251031;050446.952;26195.25;;26195.25;1;BID;;;;;
20251031;050446.952;26195.00;;26195.00;1;BID;;;;;
20251031;050446.952;;26195.50;26195.50;1;ASK;;;;;
20251031;050446.952;26194.75;;26194.75;2;BID;;;;;
20251031;050446.952;26195.00;;26195.00;1;BID;;;;;
20251031;050446.952;;26195.75;26195.75;4;ASK;;;;;
20251031;050446.952;;26195.75;26195.75;3;ASK;;;;;
20251031;050446.952;;26195.75;26195.75;2;ASK;;;;;
20251031;050447.008;26195.00;;26195.00;2;BID;;;;;
20251031;050447.008;;26195.50;26195.50;1;ASK;;;;;
20251031;050447.008;;26195.75;26195.75;2;ASK;;;;;
20251031;050447.236;26195.00;;26195.00;1;BID;;;;;
20251031;050447.240;;26195.50;26195.50;1;ASK;;;;;
20251031;050447.676;;26195.75;26195.75;2;ASK;;;;;
20251031;050447.736;26195.00;;26195.00;2;BID;;;;;
20251031;050447.736;;26195.75;26195.75;1;ASK;;;;;
20251031;050447.736;;26196.00;26196.00;4;ASK;;;;;
20251031;050447.736;;26196.00;26196.00;3;ASK;;;;;
20251031;050447.736;;26196.00;26196.00;2;ASK;;;;;
20251031;050447.736;26195.25;;26195.25;1;BID;;;;;
20251031;050447.736;26195.50;;26195.50;1;BID;;;;;
20251031;050449.660;26195.50;;26195.50;2;BID;;;;;
20251031;050449.660;26195.75;;26195.75;1;BID;;;;;
20251031;050449.660;;26196.00;26196.00;1;ASK;;;;;
20251031;050449.660;;26196.00;26196.00;1;ASK;;;;;
20251031;050449.660;26195.50;;26195.50;2;BID;;;;;
20251031;050449.660;26195.50;;26195.50;1;BID;;;;;
20251031;050449.660;;26196.00;26196.00;1;ASK;;;;;
20251031;050449.660;;26196.50;26196.50;1;ASK;;;;;
20251031;050449.664;26195.25;;26195.25;1;BID;;;;;
20251031;050449.664;26195.25;;26195.25;2;BID;;;;;
20251031;050449.664;26195.75;;26195.75;1;BID;;;;;
20251031;050449.664;;26196.75;26196.75;4;ASK;;;;;
20251031;050449.664;26195.25;;26195.25;2;BID;;;;;
20251031;050449.664;26195.50;;26195.50;1;BID;;;;;
20251031;050449.664;;26196.50;26196.50;1;ASK;;;;;
20251031;050449.664;;26196.50;26196.50;2;ASK;;;;;
20251031;050449.664;;26196.50;26196.50;3;ASK;;;;;
20251031;050449.664;;26196.50;26196.50;4;ASK;;;;;
20251031;050449.664;26195.50;;26195.50;2;BID;;;;;
20251031;050449.664;26195.50;;26195.50;3;BID;;;;;
20251031;050449.664;;26196.25;26196.25;1;ASK;;;;;
20251031;050449.664;;26196.25;26196.25;2;ASK;;;;;
20251031;050449.664;26195.50;;26195.50;2;BID;;;;;
20251031;050449.664;;26196.25;26196.25;1;ASK;;;;;
20251031;050449.668;;26196.25;26196.25;2;ASK;;;;;
20251031;050449.716;;26196.25;26196.25;1;ASK;;;;;
20251031;050449.768;;26196.25;26196.25;2;ASK;;;;;
20251031;050449.772;;26196.25;26196.25;1;ASK;;;;;
20251031;050449.912;;26196.25;26196.25;2;ASK;;;;;
20251031;050450.020;;26196.25;26196.25;1;ASK;;;;;
20251031;050450.148;26195.50;;26195.50;3;BID;;;;;
20251031;050450.152;26195.75;;26195.75;1;BID;;;;;
20251031;050450.152;;26196.50;26196.50;3;ASK;;;;;
20251031;050450.152;26195.50;;26195.50;3;BID;;;;;
20251031;050450.152;;26196.25;26196.25;1;ASK;;;;;
20251031;050450.160;;26196.25;26196.25;2;ASK;;;;;
20251031;050450.396;26195.50;;26195.50;2;BID;;;;;
20251031;050450.396;26195.50;;26195.50;1;BID;;;;;
20251031;050450.400;;26196.00;26196.00;1;ASK;;;;;
20251031;050450.400;26195.25;;26195.25;1;BID;;;;;
20251031;050450.524;26195.50;;26195.50;1;BID;;;;;
20251031;050450.524;;26196.25;26196.25;2;ASK;;;;;
20251031;050450.700;;26196.25;26196.25;3;ASK;;;;;
20251031;050450.700;26195.50;;26195.50;1;BID;;;;;
20251031;050450.700;26195.25;;26195.25;1;BID;;;;;
20251031;050450.700;;26196.00;26196.00;1;ASK;;;;;
20251031;050450.700;;26196.00;26196.00;2;ASK;;;;;
20251031;050450.700;;26196.00;26196.00;3;ASK;;;;;
20251031;050450.700;26195.00;;26195.00;2;BID;;;;;
20251031;050450.700;26195.00;;26195.00;1;BID;;;;;
20251031;050450.700;26194.75;;26194.75;1;BID;;;;;
20251031;050450.700;;26195.75;26195.75;1;ASK;;;;;
20251031;050450.700;26195.00;;26195.00;1;BID;;;;;
20251031;050450.700;26195.00;;26195.00;2;BID;;;;;
20251031;050450.700;26195.00;;26195.00;1;BID;;;;;
20251031;050450.704;;26196.00;26196.00;3;ASK;;;;;
20251031;050450.704;26195.00;;26195.00;2;BID;;;;;
20251031;050450.704;26195.25;;26195.25;1;BID;;;;;
20251031;050450.812;26195.00;;26195.00;3;BID;;;;;
20251031;050450.812;;26195.75;26195.75;1;ASK;;;;;
20251031;050450.812;26195.00;;26195.00;2;BID;;;;;
20251031;050450.812;26195.25;;26195.25;1;BID;;;;;
20251031;050450.812;26195.00;;26195.00;2;BID;;;;;
20251031;050451.216;;26196.00;26196.00;3;ASK;;;;;
20251031;050451.964;;26195.75;26195.75;1;ASK;;;;;
20251031;050452.408;;26195.50;26195.50;1;ASK;;;;;
20251031;050452.408;26195.00;;26195.00;1;BID;;;;;
20251031;050452.412;26194.75;;26194.75;3;BID;;;;;
20251031;050452.412;26194.75;;26194.75;2;BID;;;;;
20251031;050452.412;;26195.75;26195.75;1;ASK;;;;;
20251031;050452.412;26195.00;;26195.00;1;BID;;;;;
20251031;050452.464;;26195.75;26195.75;2;ASK;;;;;
20251031;050452.468;26194.75;;26194.75;2;BID;;;;;
20251031;050452.468;;26195.75;26195.75;1;ASK;;;;;
20251031;050452.516;;26195.75;26195.75;2;ASK;;;;;
20251031;050452.516;;26195.50;26195.50;1;ASK;;;;;
20251031;050452.532;;26195.50;26195.50;2;ASK;;;;;
20251031;050452.532;26194.75;;26194.75;1;BID;;;;;
20251031;050452.532;;26195.50;26195.50;1;ASK;;;;;
20251031;050452.548;;26195.75;26195.75;1;ASK;;;;;
20251031;050452.548;26194.75;;26194.75;2;BID;;;;;
20251031;050452.548;26195.00;;26195.00;1;BID;;;;;
20251031;050452.652;;26195.75;26195.75;2;ASK;;;;;
20251031;050452.652;26194.75;;26194.75;2;BID;;;;;
20251031;050452.652;;26195.75;26195.75;1;ASK;;;;;
20251031;050452.652;;26195.50;26195.50;1;ASK;;;;;
20251031;050452.652;26195.00;;26195.00;1;BID;;;;;
20251031;050452.652;;26195.75;26195.75;1;ASK;;;;;
20251031;050452.652;26195.00;;26195.00;2;BID;;;;;
20251031;050452.656;26195.00;;26195.00;1;BID;;;;;
20251031;050453.140;26195.00;;26195.00;2;BID;;;;;
20251031;050453.704;26195.25;;26195.25;1;BID;;;;;
20251031;050453.704;;26196.00;26196.00;5;ASK;;;;;
20251031;050453.704;;26196.00;26196.00;4;ASK;;;;;
20251031;050453.704;;26196.00;26196.00;3;ASK;;;;;
20251031;050453.708;;26196.00;26196.00;2;ASK;;;;;
20251031;050453.708;26195.25;;26195.25;2;BID;;;;;
20251031;050454.072;26195.25;;26195.25;3;BID;;;;;
20251031;050454.072;;26196.00;26196.00;1;ASK;;;;;
20251031;050454.072;26195.50;;26195.50;1;BID;;;;;
20251031;050454.092;26195.50;;26195.50;1;BID;;;;;
20251031;050454.092;26195.25;;26195.25;3;BID;;;;;
20251031;050454.092;;26195.75;26195.75;1;ASK;;;;;
20251031;050454.092;26195.25;;26195.25;2;BID;;;;;
20251031;050454.092;26195.25;;26195.25;1;BID;;;;;
20251031;050454.096;26195.00;;26195.00;3;BID;;;;;
20251031;050454.096;26195.00;;26195.00;2;BID;;;;;
20251031;050456.184;26195.00;;26195.00;1;BID;;;;;
20251031;050456.184;26194.75;;26194.75;3;BID;;;;;
20251031;050456.188;26194.75;;26194.75;2;BID;;;;;
20251031;050456.188;26195.00;;26195.00;1;BID;;;;;
20251031;050456.188;26195.00;;26195.00;2;BID;;;;;
20251031;050456.224;;26196.00;26196.00;1;ASK;;;;;
20251031;050456.352;26195.25;;26195.25;1;BID;;;;;
20251031;050456.504;26195.25;;26195.25;2;BID;;;;;
20251031;050457.364;26195.25;;26195.25;1;BID;;;;;
20251031;050457.364;;26195.75;26195.75;1;ASK;;;;;
20251031;050457.364;26195.00;;26195.00;3;BID;;;;;
20251031;050457.440;26195.00;;26195.00;2;BID;;;;;
20251031;050457.440;26195.00;;26195.00;1;BID;;;;;
20251031;050457.440;;26195.50;26195.50;1;ASK;;;;;
20251031;050457.440;26194.75;;26194.75;4;BID;;;;;
20251031;050457.440;26194.75;;26194.75;3;BID;;;;;
20251031;050457.440;;26195.75;26195.75;5;ASK;;;;;
20251031;050457.440;;26195.50;26195.50;1;ASK;;;;;
20251031;050457.440;26194.75;;26194.75;2;BID;;;;;
20251031;050457.440;;26195.25;26195.25;1;ASK;;;;;
20251031;050457.440;;26195.50;26195.50;1;ASK;;;;;
20251031;050457.440;;26195.75;26195.75;3;ASK;;;;;
20251031;050457.440;;26195.50;26195.50;1;ASK;;;;;
20251031;050457.440;26194.75;;26194.75;1;BID;;;;;
20251031;050457.440;;26195.25;26195.25;1;ASK;;;;;
20251031;050457.440;;26195.25;26195.25;2;ASK;;;;;
20251031;050457.440;;26195.25;26195.25;1;ASK;;;;;
20251031;050457.444;26194.25;;26194.25;1;BID;;;;;
20251031;050457.444;26194.50;;26194.50;1;BID;;;;;
20251031;050457.444;;26195.50;26195.50;1;ASK;;;;;
20251031;050457.444;;26195.50;26195.50;2;ASK;;;;;
20251031;050457.444;;26195.25;26195.25;1;ASK;;;;;
20251031;050457.720;;26195.00;26195.00;1;ASK;;;;;
20251031;050457.724;26194.00;;26194.00;1;BID;;;;;
20251031;050457.724;26193.75;;26193.75;2;BID;;;;;
20251031;050457.724;26194.00;;26194.00;1;BID;;;;;
20251031;050457.724;26194.00;;26194.00;2;BID;;;;;
20251031;050457.724;26194.00;;26194.00;1;BID;;;;;
20251031;050457.724;26194.25;;26194.25;1;BID;;;;;
20251031;050458.248;;26195.00;26195.00;1;ASK;;;;;
20251031;050458.248;;26195.25;26195.25;1;ASK;;;;;
20251031;050458.248;26194.50;;26194.50;1;BID;;;;;
20251031;050458.272;;26195.25;26195.25;1;ASK;;;;;
20251031;050458.272;;26195.50;26195.50;3;ASK;;;;;
20251031;050458.272;26194.75;;26194.75;1;BID;;;;;
20251031;050458.272;;26195.50;26195.50;2;ASK;;;;;
20251031;050458.272;26194.50;;26194.50;2;BID;;;;;
20251031;050458.272;;26195.25;26195.25;1;ASK;;;;;
20251031;050458.520;;26195.50;26195.50;3;ASK;;;;;
20251031;050458.520;26194.75;;26194.75;1;BID;;;;;
20251031;050458.520;;26195.50;26195.50;2;ASK;;;;;
20251031;050458.520;;26195.50;26195.50;1;ASK;;;;;
20251031;050458.780;;26195.75;26195.75;4;ASK;;;;;
20251031;050458.780;26194.75;;26194.75;2;BID;;;;;
20251031;050458.780;;26195.75;26195.75;3;ASK;;;;;
20251031;050458.780;26194.75;;26194.75;3;BID;;;;;
20251031;050458.780;26195.00;;26195.00;1;BID;;;;;
20251031;050458.780;;26195.75;26195.75;2;ASK;;;;;
20251031;050458.784;;26195.75;26195.75;1;ASK;;;;;
20251031;050458.804;26194.75;;26194.75;4;BID;;;;;
20251031;050458.804;26194.75;;26194.75;3;BID;;;;;
20251031;050458.808;26195.00;;26195.00;1;BID;;;;;
20251031;050458.808;;26196.00;26196.00;1;ASK;;;;;
20251031;050458.988;26195.25;;26195.25;1;BID;;;;;
20251031;050458.988;;26195.75;26195.75;1;ASK;;;;;
20251031;050458.988;26195.00;;26195.00;1;BID;;;;;
20251031;050458.992;26195.00;;26195.00;2;BID;;;;;
20251031;050458.992;;26196.00;26196.00;1;ASK;;;;;
20251031;050459.072;;26196.00;26196.00;2;ASK;;;;;
20251031;050459.072;;26195.75;26195.75;1;ASK;;;;;
20251031;050500.660;26195.00;;26195.00;1;BID;;;;;
20251031;050501.228;;26196.00;26196.00;1;ASK;;;;;
20251031;050501.228;26195.25;;26195.25;1;BID;;;;;
20251031;050501.228;;26195.75;26195.75;1;ASK;;;;;
20251031;050501.228;26195.00;;26195.00;1;BID;;;;;
20251031;050502.632;26195.25;;26195.25;1;BID;;;;;
20251031;050502.632;;26196.00;26196.00;1;ASK;;;;;
20251031;050502.736;26195.00;;26195.00;1;BID;;;;;
20251031;050502.736;;26196.00;26196.00;2;ASK;;;;;
20251031;050502.736;;26195.75;26195.75;1;ASK;;;;;
20251031;050502.984;;26195.75;26195.75;2;ASK;;;;;
20251031;050503.040;26194.75;;26194.75;4;BID;;;;;
20251031;050503.040;26194.75;;26194.75;3;BID;;;;;
20251031;050503.040;26195.00;;26195.00;1;BID;;;;;
20251031;050503.124;26195.00;;26195.00;1;BID;;;;;
20251031;050503.124;26194.75;;26194.75;4;BID;;;;;
20251031;050503.124;;26195.00;26195.00;7;ASK;;;;;
20251031;050503.124;26194.75;;26194.75;1;BID;;;;;
20251031;050503.124;26194.75;;26194.75;1;BID;;;;;
20251031;050503.124;26194.75;;26194.75;1;BID;;;;;
20251031;050503.124;26194.75;;26194.75;1;BID;;;;;
20251031;050503.124;26194.50;;26194.50;3;BID;;;;;
20251031;050503.124;26194.50;;26194.50;2;BID;;;;;
20251031;050503.128;26194.50;;26194.50;1;BID;;;;;
20251031;050503.128;26194.00;;26194.00;3;BID;;;;;
20251031;050503.128;;26194.75;26194.75;1;ASK;;;;;
20251031;050503.128;;26195.00;26195.00;7;ASK;;;;;
20251031;050503.128;;26195.00;26195.00;8;ASK;;;;;
20251031;050503.128;;26194.75;26194.75;1;ASK;;;;;
20251031;050503.128;;26194.75;26194.75;2;ASK;;;;;
20251031;050503.128;;26194.75;26194.75;1;ASK;;;;;
20251031;050504.312;;26194.75;26194.75;2;ASK;;;;;
20251031;050504.312;;26194.50;26194.50;1;ASK;;;;;
20251031;050504.312;26194.00;;26194.00;4;BID;;;;;
20251031;050504.312;26194.00;;26194.00;3;BID;;;;;
20251031;050504.312;;26194.75;26194.75;2;ASK;;;;;
20251031;050504.312;26194.00;;26194.00;4;BID;;;;;
20251031;050504.316;26194.25;;26194.25;1;BID;;;;;
20251031;050504.316;;26194.75;26194.75;1;ASK;;;;;
20251031;050504.316;;26195.00;26195.00;8;ASK;;;;;
20251031;050504.316;;26195.00;26195.00;7;ASK;;;;;
20251031;050505.228;26194.25;;26194.25;2;BID;;;;;
20251031;050505.228;26194.50;;26194.50;1;BID;;;;;
20251031;050505.228;26194.25;;26194.25;3;BID;;;;;
20251031;050505.228;26194.25;;26194.25;2;BID;;;;;
20251031;050505.252;26194.50;;26194.50;1;BID;;;;;
20251031;050505.252;;26195.00;26195.00;4;ASK;;;;;
20251031;050505.252;;26195.00;26195.00;3;ASK;;;;;
20251031;050505.252;26194.75;;26194.75;1;BID;;;;;
20251031;050505.252;;26195.00;26195.00;2;ASK;;;;;
20251031;050505.252;;26195.00;26195.00;1;ASK;;;;;
20251031;050505.256;;26195.00;26195.00;1;ASK;;;;;
20251031;050505.256;;26195.50;26195.50;3;ASK;;;;;
20251031;050505.256;;26195.50;26195.50;2;ASK;;;;;
20251031;050505.256;26195.00;;26195.00;1;BID;;;;;
20251031;050505.256;;26195.50;26195.50;1;ASK;;;;;
20251031;050505.256;26194.75;;26194.75;2;BID;;;;;
20251031;050505.256;26194.75;;26194.75;3;BID;;;;;
20251031;050505.256;26194.75;;26194.75;2;BID;;;;;
20251031;050505.256;;26195.50;26195.50;2;ASK;;;;;
20251031;050505.256;;26195.50;26195.50;3;ASK;;;;;
20251031;050505.256;26194.75;;26194.75;1;BID;;;;;
20251031;050505.256;26194.50;;26194.50;3;BID;;;;;
20251031;050505.256;;26195.50;26195.50;2;ASK;;;;;
20251031;050505.256;;26195.25;26195.25;1;ASK;;;;;
20251031;050505.256;;26195.50;26195.50;2;ASK;;;;;
20251031;050505.256;;26195.25;26195.25;1;ASK;;;;;
20251031;050505.256;26194.75;;26194.75;1;BID;;;;;
20251031;050505.260;;26195.50;26195.50;2;ASK;;;;;
20251031;050505.260;26194.50;;26194.50;2;BID;;;;;
20251031;050505.260;;26195.25;26195.25;1;ASK;;;;;
20251031;050505.260;;26195.25;26195.25;2;ASK;;;;;
20251031;050505.260;;26195.25;26195.25;1;ASK;;;;;
20251031;050505.264;26194.50;;26194.50;1;BID;;;;;
20251031;050505.268;;26195.50;26195.50;2;ASK;;;;;
20251031;050505.284;26194.75;;26194.75;1;BID;;;;;
20251031;050505.584;;26195.50;26195.50;1;ASK;;;;;
20251031;050505.584;;26195.50;26195.50;1;ASK;;;;;
20251031;050505.584;;26195.75;26195.75;1;ASK;;;;;
20251031;050505.584;;26195.75;26195.75;2;ASK;;;;;
20251031;050505.584;;26195.50;26195.50;1;ASK;;;;;
20251031;050505.584;;26195.50;26195.50;2;ASK;;;;;
20251031;050505.584;;26195.50;26195.50;3;ASK;;;;;
20251031;050505.584;26194.50;;26194.50;1;BID;;;;;
20251031;050505.584;;26195.50;26195.50;2;ASK;;;;;
20251031;050505.588;26194.50;;26194.50;2;BID;;;;;
20251031;050505.588;26194.75;;26194.75;1;BID;;;;;
20251031;050505.592;26194.75;;26194.75;2;BID;;;;;
20251031;050505.592;;26195.50;26195.50;1;ASK;;;;;
20251031;050505.592;;26195.75;26195.75;2;ASK;;;;;
20251031;050505.592;26195.00;;26195.00;1;BID;;;;;
20251031;050505.596;26194.75;;26194.75;1;BID;;;;;
20251031;050505.596;;26195.75;26195.75;3;ASK;;;;;
20251031;050505.596;;26195.50;26195.50;1;ASK;;;;;
20251031;050505.648;26194.75;;26194.75;2;BID;;;;;
20251031;050505.648;;26195.75;26195.75;2;ASK;;;;;
20251031;050505.700;26194.75;;26194.75;1;BID;;;;;
20251031;050505.700;;26195.50;26195.50;1;ASK;;;;;
20251031;050506.108;26194.75;;26194.75;2;BID;;;;;
20251031;050506.112;;26195.75;26195.75;3;ASK;;;;;
20251031;050506.112;;26195.75;26195.75;2;ASK;;;;;
20251031;050506.112;26195.00;;26195.00;1;BID;;;;;
20251031;050506.112;;26195.75;26195.75;1;ASK;;;;;
20251031;050506.136;;26195.75;26195.75;2;ASK;;;;;
20251031;050506.136;;26195.50;26195.50;1;ASK;;;;;
20251031;050506.136;26194.75;;26194.75;2;BID;;;;;
20251031;050506.136;;26195.50;26195.50;2;ASK;;;;;
20251031;050506.196;;26195.50;26195.50;3;ASK;;;;;
20251031;050506.196;;26195.50;26195.50;4;ASK;;;;;
20251031;050506.196;;26195.25;26195.25;1;ASK;;;;;
20251031;050506.196;26194.75;;26194.75;1;BID;;;;;
20251031;050506.196;;26195.25;26195.25;2;ASK;;;;;
20251031;050506.212;;26195.25;26195.25;1;ASK;;;;;
20251031;050506.212;;26195.50;26195.50;4;ASK;;;;;
20251031;050506.212;;26195.50;26195.50;3;ASK;;;;;
20251031;050506.228;26194.75;;26194.75;2;BID;;;;;
20251031;050506.228;;26195.50;26195.50;2;ASK;;;;;
20251031;050506.464;;26195.50;26195.50;1;ASK;;;;;
20251031;050506.464;;26195.75;26195.75;2;ASK;;;;;
20251031;050506.464;;26195.75;26195.75;1;ASK;;;;;
20251031;050506.464;26195.00;;26195.00;1;BID;;;;;
20251031;050506.468;;26195.75;26195.75;2;ASK;;;;;
20251031;050506.468;26194.75;;26194.75;2;BID;;;;;
20251031;050506.468;;26195.50;26195.50;1;ASK;;;;;
20251031;050506.468;;26195.75;26195.75;1;ASK;;;;;
20251031;050506.468;26195.00;;26195.00;1;BID;;;;;
20251031;050506.476;;26195.75;26195.75;2;ASK;;;;;
20251031;050506.784;;26195.50;26195.50;1;ASK;;;;;
20251031;050506.784;26194.75;;26194.75;2;BID;;;;;
20251031;050506.788;;26195.50;26195.50;2;ASK;;;;;
20251031;050506.856;;26195.25;26195.25;1;ASK;;;;;
20251031;050506.856;;26195.25;26195.25;2;ASK;;;;;
20251031;050506.920;26194.75;;26194.75;1;BID;;;;;
20251031;050506.920;26194.75;;26194.75;1;BID;;;;;
20251031;050506.920;26194.75;;26194.75;1;BID;;;;;
20251031;050506.920;26194.50;;26194.50;1;BID;;;;;
20251031;050506.920;;26195.00;26195.00;1;ASK;;;;;
20251031;050506.920;26194.25;;26194.25;3;BID;;;;;
20251031;050506.920;26194.25;;26194.25;2;BID;;;;;
20251031;050506.920;26194.25;;26194.25;1;BID;;;;;
20251031;050506.920;26194.50;;26194.50;1;BID;;;;;
20251031;050506.924;;26195.25;26195.25;2;ASK;;;;;
20251031;050508.012;;26195.00;26195.00;1;ASK;;;;;
20251031;050508.012;26194.25;;26194.25;1;BID;;;;;
20251031;050508.484;;26195.00;26195.00;1;ASK;;;;;
20251031;050508.484;;26195.25;26195.25;2;ASK;;;;;
20251031;050508.484;26194.50;;26194.50;1;BID;;;;;
20251031;050508.492;;26195.25;26195.25;3;ASK;;;;;
20251031;050509.536;26194.50;;26194.50;2;BID;;;;;
20251031;050509.536;;26195.25;26195.25;2;ASK;;;;;
20251031;050509.828;26194.75;;26194.75;1;BID;;;;;
20251031;050509.828;;26195.25;26195.25;1;ASK;;;;;
20251031;050509.828;26194.50;;26194.50;2;BID;;;;;
20251031;050509.828;;26195.50;26195.50;3;ASK;;;;;
20251031;050509.828;;26195.50;26195.50;2;ASK;;;;;
20251031;050509.828;26194.75;;26194.75;1;BID;;;;;
20251031;050509.856;26194.50;;26194.50;2;BID;;;;;
20251031;050509.856;;26195.25;26195.25;1;ASK;;;;;
20251031;050510.156;;26195.50;26195.50;2;ASK;;;;;
20251031;050510.156;26194.75;;26194.75;1;BID;;;;;
20251031;050510.156;;26195.50;26195.50;1;ASK;;;;;
20251031;050510.712;;26195.75;26195.75;4;ASK;;;;;
20251031;050510.712;26194.75;;26194.75;2;BID;;;;;
20251031;050510.712;;26195.75;26195.75;3;ASK;;;;;
20251031;050510.712;;26195.75;26195.75;2;ASK;;;;;
20251031;050510.712;26195.00;;26195.00;1;BID;;;;;
20251031;050510.712;;26195.75;26195.75;1;ASK;;;;;
20251031;050511.228;26195.00;;26195.00;2;BID;;;;;
20251031;050511.228;26195.25;;26195.25;1;BID;;;;;
20251031;050511.292;26195.00;;26195.00;2;BID;;;;;
20251031;050511.316;26195.25;;26195.25;1;BID;;;;;
20251031;050511.324;26195.00;;26195.00;2;BID;;;;;
20251031;050511.328;26195.00;;26195.00;3;BID;;;;;
20251031;050512.456;26195.25;;26195.25;1;BID;;;;;
20251031;050512.508;26195.00;;26195.00;3;BID;;;;;
20251031;050512.508;26195.00;;26195.00;2;BID;;;;;
20251031;050513.504;26195.00;;26195.00;3;BID;;;;;
20251031;050513.504;26195.25;;26195.25;1;BID;;;;;
20251031;050513.508;26195.25;;26195.25;2;BID;;;;;
20251031;050513.524;26195.50;;26195.50;1;BID;;;;;
20251031;050513.524;;26195.75;26195.75;1;ASK;;;;;
20251031;050513.528;;26196.25;26196.25;3;ASK;;;;;
20251031;050513.528;;26196.25;26196.25;2;ASK;;;;;
20251031;050513.528;;26196.25;26196.25;1;ASK;;;;;
20251031;050514.196;;26196.50;26196.50;4;ASK;;;;;
20251031;050514.196;26195.75;;26195.75;1;BID;;;;;
20251031;050514.196;;26196.50;26196.50;3;ASK;;;;;
20251031;050514.196;26196.00;;26196.00;1;BID;;;;;
20251031;050514.196;;26196.50;26196.50;2;ASK;;;;;
20251031;050514.196;;26196.50;26196.50;1;ASK;;;;;
20251031;050514.200;;26196.75;26196.75;1;ASK;;;;;
20251031;050514.228;;26196.75;26196.75;2;ASK;;;;;
20251031;050514.228;;26196.50;26196.50;1;ASK;;;;;
20251031;050516.856;;26196.75;26196.75;1;ASK;;;;;
20251031;050518.084;26196.00;;26196.00;1;BID;;;;;
20251031;050518.084;26195.75;;26195.75;1;BID;;;;;
20251031;050518.084;26195.50;;26195.50;1;BID;;;;;
20251031;050518.084;26195.50;;26195.50;1;BID;;;;;
20251031;050518.084;26195.25;;26195.25;1;BID;;;;;
20251031;050518.084;26195.25;;26195.25;1;BID;;;;;
20251031;050518.084;;26196.50;26196.50;1;ASK;;;;;
20251031;050518.084;;26196.50;26196.50;2;ASK;;;;;
20251031;050518.084;;26196.50;26196.50;3;ASK;;;;;
20251031;050518.084;26195.50;;26195.50;1;BID;;;;;
20251031;050518.084;;26196.50;26196.50;4;ASK;;;;;
20251031;050518.084;26195.50;;26195.50;2;BID;;;;;
20251031;050518.088;;26196.50;26196.50;3;ASK;;;;;
20251031;050518.088;26195.50;;26195.50;1;BID;;;;;
20251031;050518.088;26195.75;;26195.75;1;BID;;;;;
20251031;050518.092;;26196.50;26196.50;2;ASK;;;;;
20251031;050518.092;26195.75;;26195.75;2;BID;;;;;
20251031;050519.224;;26196.50;26196.50;1;ASK;;;;;
20251031;050519.224;;26196.50;26196.50;1;ASK;;;;;
20251031;050519.224;26196.00;;26196.00;1;BID;;;;;
20251031;050519.224;;26196.50;26196.50;1;ASK;;;;;
20251031;050519.224;;26196.75;26196.75;3;ASK;;;;;
20251031;050519.224;;26196.75;26196.75;2;ASK;;;;;
20251031;050519.224;26196.00;;26196.00;2;BID;;;;;
20251031;050519.224;26196.00;;26196.00;3;BID;;;;;
20251031;050519.224;26196.00;;26196.00;4;BID;;;;;
20251031;050519.224;;26196.75;26196.75;1;ASK;;;;;
20251031;050519.224;26196.25;;26196.25;1;BID;;;;;
20251031;050519.224;26196.00;;26196.00;4;BID;;;;;
20251031;050519.228;26196.00;;26196.00;3;BID;;;;;
20251031;050519.228;;26196.75;26196.75;2;ASK;;;;;
20251031;050519.228;;26196.75;26196.75;3;ASK;;;;;
20251031;050519.228;26196.00;;26196.00;2;BID;;;;;
20251031;050519.228;26196.25;;26196.25;1;BID;;;;;
20251031;050519.228;;26196.75;26196.75;2;ASK;;;;;
20251031;050519.228;26196.00;;26196.00;2;BID;;;;;
20251031;050519.228;26196.00;;26196.00;1;BID;;;;;
20251031;050519.228;26196.00;;26196.00;1;BID;;;;;
20251031;050519.228;26195.75;;26195.75;3;BID;;;;;
20251031;050519.228;;26196.50;26196.50;1;ASK;;;;;
20251031;050519.228;;26196.50;26196.50;2;ASK;;;;;
20251031;050519.228;26195.75;;26195.75;2;BID;;;;;
20251031;050519.228;;26196.50;26196.50;3;ASK;;;;;
20251031;050519.228;;26196.50;26196.50;4;ASK;;;;;
20251031;050519.228;;26196.50;26196.50;5;ASK;;;;;
20251031;050519.228;;26196.50;26196.50;6;ASK;;;;;
20251031;050519.228;;26196.25;26196.25;1;ASK;;;;;
20251031;050519.228;26195.75;;26195.75;1;BID;;;;;
20251031;050519.228;26195.75;;26195.75;1;BID;;;;;
20251031;050519.228;;26196.25;26196.25;2;ASK;;;;;
20251031;050519.228;26195.75;;26195.75;1;BID;;;;;
20251031;050519.228;26195.25;;26195.25;1;BID;;;;;
20251031;050519.228;;26196.00;26196.00;1;ASK;;;;;
20251031;050519.228;26195.25;;26195.25;2;BID;;;;;
20251031;050519.228;;26196.25;26196.25;2;ASK;;;;;
20251031;050519.228;26195.50;;26195.50;1;BID;;;;;
20251031;050519.228;;26196.25;26196.25;1;ASK;;;;;
20251031;050519.228;26195.50;;26195.50;2;BID;;;;;
20251031;050519.236;;26196.25;26196.25;2;ASK;;;;;
20251031;050519.236;26195.50;;26195.50;1;BID;;;;;
20251031;050519.236;26195.25;;26195.25;1;BID;;;;;
20251031;050519.236;26195.25;;26195.25;2;BID;;;;;
20251031;050519.468;26195.50;;26195.50;1;BID;;;;;
20251031;050519.468;26195.50;;26195.50;2;BID;;;;;
20251031;050519.468;26195.50;;26195.50;1;BID;;;;;
20251031;050519.468;;26196.25;26196.25;1;ASK;;;;;
20251031;050520.272;;26196.25;26196.25;1;ASK;;;;;
20251031;050520.272;;26196.50;26196.50;6;ASK;;;;;
20251031;050520.272;;26196.50;26196.50;5;ASK;;;;;
20251031;050520.272;;26196.50;26196.50;4;ASK;;;;;
20251031;050520.272;26195.75;;26195.75;1;BID;;;;;
20251031;050520.272;26195.75;;26195.75;2;BID;;;;;
20251031;050520.272;;26196.50;26196.50;3;ASK;;;;;
20251031;050520.272;;26196.50;26196.50;2;ASK;;;;;
20251031;050520.272;26195.75;;26195.75;1;BID;;;;;
20251031;050520.584;26195.50;;26195.50;2;BID;;;;;
20251031;050520.584;;26196.25;26196.25;1;ASK;;;;;
20251031;050520.584;26195.75;;26195.75;1;BID;;;;;
20251031;050520.584;;26196.50;26196.50;2;ASK;;;;;
20251031;050520.584;26195.75;;26195.75;2;BID;;;;;
20251031;050520.584;26195.75;;26195.75;3;BID;;;;;
20251031;050520.584;;26196.50;26196.50;1;ASK;;;;;
20251031;050520.664;;26196.50;26196.50;2;ASK;;;;;
20251031;050520.664;26195.75;;26195.75;2;BID;;;;;
20251031;050520.756;;26196.50;26196.50;1;ASK;;;;;
20251031;050520.764;;26196.75;26196.75;1;ASK;;;;;
20251031;050520.764;26196.00;;26196.00;1;BID;;;;;
20251031;050521.728;26196.25;;26196.25;1;BID;;;;;
20251031;050521.804;26196.00;;26196.00;1;BID;;;;;
20251031;050522.104;26196.00;;26196.00;2;BID;;;;;
20251031;050522.104;26196.00;;26196.00;3;BID;;;;;
20251031;050522.104;26196.25;;26196.25;1;BID;;;;;
20251031;050522.104;26196.00;;26196.00;3;BID;;;;;
20251031;050522.104;26196.00;;26196.00;2;BID;;;;;
20251031;050523.288;26196.25;;26196.25;1;BID;;;;;
20251031;050523.504;26196.00;;26196.00;2;BID;;;;;
20251031;050523.580;;26196.75;26196.75;1;ASK;;;;;
20251031;050523.580;;26197.25;26197.25;3;ASK;;;;;
20251031;050523.580;26196.25;;26196.25;1;BID;;;;;
20251031;050523.580;26196.25;;26196.25;2;BID;;;;;
20251031;050523.580;;26197.25;26197.25;2;ASK;;;;;
20251031;050523.580;;26197.25;26197.25;1;ASK;;;;;
20251031;050523.584;;26197.00;26197.00;1;ASK;;;;;
20251031;050523.584;26196.25;;26196.25;1;BID;;;;;
20251031;050523.644;26196.25;;26196.25;1;BID;;;;;
20251031;050523.644;26196.00;;26196.00;2;BID;;;;;
20251031;050523.644;;26196.75;26196.75;1;ASK;;;;;
20251031;050523.644;;26196.75;26196.75;2;ASK;;;;;
20251031;050523.644;;26196.75;26196.75;1;ASK;;;;;
20251031;050524.032;26196.50;;26196.50;1;BID;;;;;
20251031;050524.032;;26197.00;26197.00;4;ASK;;;;;
20251031;050524.032;;26197.00;26197.00;3;ASK;;;;;
20251031;050524.032;;26197.00;26197.00;2;ASK;;;;;
20251031;050524.104;;26197.00;26197.00;1;ASK;;;;;
20251031;050524.104;;26197.25;26197.25;2;ASK;;;;;
20251031;050524.104;;26197.25;26197.25;1;ASK;;;;;
20251031;050524.104;;26197.50;26197.50;4;ASK;;;;;
20251031;050524.104;;26197.25;26197.25;1;ASK;;;;;
20251031;050524.260;26196.75;;26196.75;1;BID;;;;;
20251031;050524.260;;26197.50;26197.50;5;ASK;;;;;
20251031;050524.260;;26197.50;26197.50;4;ASK;;;;;
20251031;050524.260;;26197.50;26197.50;3;ASK;;;;;
20251031;050524.264;26196.50;;26196.50;1;BID;;;;;
20251031;050524.264;;26197.25;26197.25;1;ASK;;;;;
20251031;050524.972;;26197.25;26197.25;2;ASK;;;;;
20251031;050524.972;;26197.00;26197.00;1;ASK;;;;;
20251031;050526.912;26196.50;;26196.50;2;BID;;;;;
20251031;050526.912;;26197.25;26197.25;1;ASK;;;;;
20251031;050526.916;26196.50;;26196.50;1;BID;;;;;
20251031;050526.916;;26197.25;26197.25;2;ASK;;;;;
20251031;050526.916;26196.50;;26196.50;2;BID;;;;;
20251031;050527.756;26196.50;;26196.50;3;BID;;;;;
20251031;050527.756;;26197.25;26197.25;1;ASK;;;;;
20251031;050527.756;;26197.50;26197.50;4;ASK;;;;;
20251031;050527.756;;26197.50;26197.50;3;ASK;;;;;
20251031;050527.756;;26197.25;26197.25;1;ASK;;;;;
20251031;050529.004;26196.75;;26196.75;1;BID;;;;;
20251031;050529.004;;26197.50;26197.50;2;ASK;;;;;
20251031;050529.004;26196.75;;26196.75;2;BID;;;;;
20251031;050529.056;26196.75;;26196.75;3;BID;;;;;
20251031;050529.056;26197.00;;26197.00;1;BID;;;;;
20251031;050531.860;26197.00;;26197.00;2;BID;;;;;
20251031;050532.372;;26197.50;26197.50;3;ASK;;;;;
20251031;050532.372;26197.00;;26197.00;1;BID;;;;;
20251031;050532.372;26196.75;;26196.75;2;BID;;;;;
20251031;050532.376;26196.75;;26196.75;1;BID;;;;;
20251031;050532.608;;26197.25;26197.25;1;ASK;;;;;
20251031;050532.868;;26197.50;26197.50;3;ASK;;;;;
20251031;050532.892;26196.75;;26196.75;2;BID;;;;;
20251031;050534.712;26197.00;;26197.00;1;BID;;;;;
20251031;050534.716;26197.00;;26197.00;2;BID;;;;;
20251031;050535.248;26197.00;;26197.00;1;BID;;;;;
20251031;050536.920;26197.00;;26197.00;2;BID;;;;;
20251031;050537.144;26197.00;;26197.00;1;BID;;;;;
20251031;050537.188;26197.00;;26197.00;2;BID;;;;;
20251031;050537.312;;26197.50;26197.50;1;ASK;;;;;
20251031;050537.312;;26197.50;26197.50;1;ASK;;;;;
20251031;050537.312;;26197.50;26197.50;1;ASK;;;;;
20251031;050537.312;;26197.75;26197.75;3;ASK;;;;;
20251031;050537.312;26197.25;;26197.25;1;BID;;;;;
20251031;050537.312;26197.25;;26197.25;2;BID;;;;;
20251031;050537.312;26197.50;;26197.50;1;BID;;;;;
20251031;050537.312;;26197.75;26197.75;2;ASK;;;;;
20251031;050537.312;;26197.75;26197.75;1;ASK;;;;;
20251031;050537.312;;26197.75;26197.75;1;ASK;;;;;
20251031;050537.312;;26198.00;26198.00;2;ASK;;;;;
20251031;050537.312;26197.50;;26197.50;2;BID;;;;;
20251031;050537.316;26197.50;;26197.50;3;BID;;;;;
20251031;050537.316;26197.75;;26197.75;1;BID;;;;;
20251031;050537.316;26197.50;;26197.50;3;BID;;;;;
20251031;050537.316;26197.50;;26197.50;2;BID;;;;;
20251031;050537.316;26197.50;;26197.50;1;BID;;;;;
20251031;050537.316;26197.50;;26197.50;1;BID;;;;;
20251031;050537.316;26197.25;;26197.25;2;BID;;;;;
20251031;050537.320;26197.25;;26197.25;1;BID;;;;;
20251031;050537.320;26197.00;;26197.00;2;BID;;;;;
20251031;050537.320;;26197.75;26197.75;1;ASK;;;;;
20251031;050537.320;;26198.00;26198.00;2;ASK;;;;;
20251031;050537.320;;26197.75;26197.75;1;ASK;;;;;
20251031;050537.320;26197.00;;26197.00;1;BID;;;;;
20251031;050537.320;;26197.50;26197.50;1;ASK;;;;;
20251031;050537.340;26197.00;;26197.00;1;BID;;;;;
20251031;050537.340;26196.75;;26196.75;1;BID;;;;;
20251031;050537.340;;26197.50;26197.50;2;ASK;;;;;
20251031;050537.340;;26197.50;26197.50;3;ASK;;;;;
20251031;050537.344;;26197.25;26197.25;1;ASK;;;;;
20251031;050537.416;;26197.25;26197.25;1;ASK;;;;;
20251031;050537.416;;26197.50;26197.50;3;ASK;;;;;
20251031;050537.416;;26197.50;26197.50;2;ASK;;;;;
20251031;050537.416;;26197.50;26197.50;1;ASK;;;;;
20251031;050537.480;;26197.50;26197.50;1;ASK;;;;;
20251031;050537.480;;26197.75;26197.75;4;ASK;;;;;
20251031;050537.480;;26197.75;26197.75;3;ASK;;;;;
20251031;050537.480;;26197.75;26197.75;2;ASK;;;;;
20251031;050537.480;26197.00;;26197.00;1;BID;;;;;
20251031;050537.832;;26197.75;26197.75;3;ASK;;;;;
20251031;050538.180;;26197.50;26197.50;1;ASK;;;;;
20251031;050538.180;26196.75;;26196.75;1;BID;;;;;
20251031;050539.336;26197.00;;26197.00;1;BID;;;;;
20251031;050539.336;;26197.75;26197.75;3;ASK;;;;;
20251031;050539.336;;26197.75;26197.75;2;ASK;;;;;
20251031;050539.336;;26197.75;26197.75;1;ASK;;;;;
20251031;050539.344;26197.00;;26197.00;1;BID;;;;;
20251031;050539.344;26196.75;;26196.75;1;BID;;;;;
20251031;050539.344;;26197.50;26197.50;1;ASK;;;;;
20251031;050539.344;;26197.50;26197.50;2;ASK;;;;;
20251031;050539.412;;26197.25;26197.25;1;ASK;;;;;
20251031;050539.584;;26197.25;26197.25;1;ASK;;;;;
20251031;050539.584;26196.25;;26196.25;20;BID;;;;;
20251031;050539.584;;26197.50;26197.50;2;ASK;;;;;
20251031;050539.584;;26197.50;26197.50;1;ASK;;;;;
20251031;050539.584;26196.25;;26196.25;21;BID;;;;;
20251031;050539.584;26196.50;;26196.50;1;BID;;;;;
20251031;050539.584;26196.50;;26196.50;2;BID;;;;;
20251031;050539.584;26196.75;;26196.75;1;BID;;;;;
20251031;050543.056;;26197.50;26197.50;1;ASK;;;;;
20251031;050543.056;;26197.75;26197.75;4;ASK;;;;;
20251031;050543.056;26197.00;;26197.00;1;BID;;;;;
20251031;050543.056;26197.00;;26197.00;2;BID;;;;;
20251031;050543.056;;26197.75;26197.75;3;ASK;;;;;
20251031;050543.056;;26197.75;26197.75;2;ASK;;;;;
20251031;050543.056;;26197.75;26197.75;1;ASK;;;;;
20251031;050543.056;26197.00;;26197.00;1;BID;;;;;
20251031;050543.056;;26198.00;26198.00;4;ASK;;;;;
20251031;050543.056;;26197.75;26197.75;1;ASK;;;;;
20251031;050544.340;26197.00;;26197.00;2;BID;;;;;
20251031;050544.340;26197.25;;26197.25;1;BID;;;;;
20251031;050544.340;;26198.00;26198.00;4;ASK;;;;;
20251031;050544.340;;26198.00;26198.00;3;ASK;;;;;
20251031;050544.340;;26197.75;26197.75;1;ASK;;;;;
20251031;050544.340;26197.00;;26197.00;1;BID;;;;;
20251031;050544.436;26196.75;;26196.75;2;BID;;;;;
20251031;050544.436;;26197.50;26197.50;1;ASK;;;;;
20251031;050544.436;;26197.50;26197.50;2;ASK;;;;;
20251031;050544.440;26196.75;;26196.75;1;BID;;;;;
20251031;050550.244;26196.50;;26196.50;3;BID;;;;;
20251031;050550.244;;26197.25;26197.25;1;ASK;d_shape;LONG;26196.50;;
20251031;050550.244;26196.50;;26196.50;2;BID;;;;;
20251031;050550.676;26196.75;;26196.75;1;BID;;;;;
20251031;050550.676;;26197.50;26197.50;2;ASK;;;;;
20251031;050550.680;;26197.25;26197.25;1;ASK;;;;;
20251031;050550.680;26196.50;;26196.50;2;BID;;;;;
20251031;050551.336;26196.75;;26196.75;1;BID;;;;;
20251031;050551.336;;26197.50;26197.50;2;ASK;;;;;
20251031;050551.336;;26197.25;26197.25;1;ASK;;;;;
20251031;050551.336;26196.50;;26196.50;2;BID;;;;;
20251031;050551.756;26196.50;;26196.50;4;BID;;;;;
20251031;050551.756;;26197.50;26197.50;2;ASK;;;;;
20251031;050551.756;26196.75;;26196.75;1;BID;;;;;
20251031;050552.792;;26197.50;26197.50;1;ASK;;;;;
20251031;050553.644;26197.00;;26197.00;1;BID;;;;;
20251031;050553.644;;26197.75;26197.75;2;ASK;;;;;
20251031;050553.644;;26197.75;26197.75;1;ASK;;;;;
20251031;050554.540;;26197.50;26197.50;1;ASK;;;;;
20251031;050554.540;26196.75;;26196.75;1;BID;;;;;
20251031;050555.436;26197.00;;26197.00;1;BID;;;;;
20251031;050555.436;;26197.75;26197.75;1;ASK;;;;;
20251031;050556.964;;26197.75;26197.75;2;ASK;;;;;
20251031;050556.964;;26197.50;26197.50;1;ASK;;;;;
20251031;050556.964;26196.75;;26196.75;1;BID;;;;;
20251031;050556.964;;26197.50;26197.50;2;ASK;;;;;
20251031;050558.008;;26197.25;26197.25;1;ASK;;;;;
20251031;050558.008;26196.50;;26196.50;5;BID;;;;;
20251031;050558.008;26196.50;;26196.50;4;BID;;;;;
20251031;050558.012;26196.75;;26196.75;1;BID;;;;;
20251031;050558.012;;26197.50;26197.50;2;ASK;;;;;
20251031;050559.184;;26197.50;26197.50;1;ASK;;;;;
20251031;050559.184;;26197.50;26197.50;1;ASK;;;;;
20251031;050559.184;;26197.50;26197.50;18;ASK;;;;;
20251031;050559.184;;26197.75;26197.75;2;ASK;;;;;
20251031;050559.184;;26197.75;26197.75;1;ASK;;;;;
20251031;050559.184;;26197.75;26197.75;1;ASK;;;;;
20251031;050559.184;;26198.00;26198.00;3;ASK;;;;;
20251031;050559.184;;26198.00;26198.00;2;ASK;;;;;
20251031;050559.184;26197.75;;26197.75;1;BID;;;;;
20251031;050559.184;;26198.00;26198.00;1;ASK;;;;;
20251031;050559.184;;26198.00;26198.00;1;ASK;;;;;
20251031;050559.184;;26198.00;26198.00;1;ASK;;;;;
20251031;050559.184;;26198.50;26198.50;4;ASK;;;;;
20251031;050559.184;26198.00;;26198.00;2;BID;;;;;
20251031;050559.184;26198.00;;26198.00;1;BID;;;;;
20251031;050559.184;26198.00;;26198.00;1;BID;;;;;
20251031;050559.184;26197.75;;26197.75;1;BID;;;;;
20251031;050559.184;;26198.50;26198.50;3;ASK;;;;;
20251031;050559.184;;26198.25;26198.25;1;ASK;;;;;
20251031;050559.184;;26198.25;26198.25;2;ASK;;;;;
20251031;050559.184;26197.50;;26197.50;18;BID;;;;;
20251031;050559.184;;26198.25;26198.25;3;ASK;;;;;
20251031;050559.184;;26198.25;26198.25;4;ASK;;;;;
20251031;050559.184;;26198.00;26198.00;1;ASK;;;;;
20251031;050559.184;;26198.25;26198.25;4;ASK;;;;;
20251031;050559.184;;26198.25;26198.25;3;ASK;;;;;
20251031;050559.184;;26198.25;26198.25;2;ASK;;;;;
20251031;050559.184;;26198.00;26198.00;1;ASK;;;;;
20251031;050559.188;;26198.25;26198.25;2;ASK;;;;;
20251031;050559.192;;26198.00;26198.00;1;ASK;;;;;
20251031;050559.192;;26198.25;26198.25;2;ASK;;;;;
20251031;050559.200;;26198.25;26198.25;3;ASK;;;;;
20251031;050559.200;;26198.00;26198.00;1;ASK;;;;;
20251031;050559.204;26197.50;;26197.50;2;BID;;;;;
20251031;050559.204;26197.50;;26197.50;16;BID;;;;;
20251031;050559.204;26197.50;;26197.50;1;BID;;;;;
20251031;050559.204;26197.50;;26197.50;15;BID;;;;;
20251031;050559.204;26197.50;;26197.50;5;BID;;;;;
20251031;050559.204;26197.50;;26197.50;10;BID;;;;;
20251031;050559.204;;26198.00;26198.00;2;ASK;;;;;
20251031;050559.204;26197.50;;26197.50;3;BID;;;;;
20251031;050559.204;26197.50;;26197.50;7;BID;;;;;
20251031;050559.204;26197.50;;26197.50;3;BID;;;;;
20251031;050559.204;26197.50;;26197.50;4;BID;;;;;
20251031;050559.204;26197.50;;26197.50;1;BID;;;;;
20251031;050559.204;26197.50;;26197.50;3;BID;;;;;
20251031;050559.204;;26197.75;26197.75;1;ASK;;;;;
20251031;050559.204;26197.50;;26197.50;3;BID;;;;;
20251031;050559.204;26197.00;;26197.00;2;BID;;;;;
20251031;050559.204;;26197.75;26197.75;2;ASK;;;;;
20251031;050600.312;;26197.75;26197.75;1;ASK;;;;;
20251031;050600.320;;26197.75;26197.75;1;ASK;;;;;
20251031;050600.320;;26198.00;26198.00;1;ASK;;;;;
20251031;050600.320;;26198.00;26198.00;1;ASK;;;;;
20251031;050600.320;;26198.00;26198.00;1;ASK;;;;;
20251031;050600.320;;26198.00;26198.00;1;ASK;;;;;
20251031;050600.320;;26198.25;26198.25;1;ASK;;;;;
20251031;050600.320;;26198.25;26198.25;1;ASK;;;;;
20251031;050600.320;;26198.25;26198.25;1;ASK;;;;;
20251031;050600.320;26197.25;;26197.25;1;BID;;;;;
20251031;050600.320;26197.25;;26197.25;2;BID;;;;;
20251031;050600.320;;26198.25;26198.25;1;ASK;;;;;
20251031;050600.320;;26198.50;26198.50;5;ASK;;;;;
20251031;050600.320;26197.25;;26197.25;3;BID;;;;;
20251031;050600.320;;26198.50;26198.50;4;ASK;;;;;
20251031;050600.320;26197.25;;26197.25;4;BID;;;;;
20251031;050600.320;26197.50;;26197.50;1;BID;;;;;
20251031;050600.320;26197.50;;26197.50;2;BID;;;;;
20251031;050600.320;;26198.50;26198.50;3;ASK;;;;;
20251031;050600.320;26197.50;;26197.50;3;BID;;;;;
20251031;050600.320;26197.50;;26197.50;2;BID;;;;;
20251031;050600.320;26197.50;;26197.50;1;BID;;;;;
20251031;050600.320;26197.75;;26197.75;1;BID;;;;;
20251031;050600.320;26197.50;;26197.50;1;BID;;;;;
20251031;050600.524;;26198.25;26198.25;1;ASK;;;;;
20251031;050600.524;;26198.50;26198.50;4;ASK;;;;;
20251031;050600.524;;26198.25;26198.25;1;ASK;;;;;
20251031;050600.524;;26198.25;26198.25;2;ASK;;;;;
20251031;050600.880;;26198.25;26198.25;1;ASK;;;;;
20251031;050600.896;26197.75;;26197.75;1;BID;;;;;
20251031;050600.896;;26198.50;26198.50;5;ASK;;;;;
20251031;050600.896;;26198.50;26198.50;4;ASK;;;;;
20251031;050600.896;26197.50;;26197.50;1;BID;;;;;
20251031;050601.188;26197.75;;26197.75;1;BID;;;;;
20251031;050601.188;;26198.50;26198.50;3;ASK;;;;;
20251031;050601.668;26197.75;;26197.75;2;BID;;;;;
20251031;050601.668;26198.00;;26198.00;1;BID;;;;;
20251031;050601.668;26198.00;;26198.00;2;BID;;;;;
20251031;050602.496;;26198.50;26198.50;1;ASK;;;;;
20251031;050602.496;;26198.50;26198.50;1;ASK;;;;;
20251031;050602.496;;26198.50;26198.50;1;ASK;;;;;
20251031;050602.496;26198.25;;26198.25;1;BID;;;;;
20251031;050602.496;26198.00;;26198.00;2;BID;;;;;
20251031;050602.496;26198.00;;26198.00;3;BID;;;;;
20251031;050602.496;26198.25;;26198.25;1;BID;;;;;
20251031;050602.496;;26198.50;26198.50;1;ASK;;;;;
20251031;050602.496;;26199.00;26199.00;5;ASK;;;;;
20251031;050602.496;26198.00;;26198.00;3;BID;;;;;
20251031;050602.496;;26199.00;26199.00;4;ASK;;;;;
20251031;050602.496;26198.25;;26198.25;1;BID;;;;;
20251031;050602.556;26198.25;;26198.25;2;BID;;;;;
20251031;050602.556;26198.25;;26198.25;3;BID;;;;;
20251031;050602.556;26198.25;;26198.25;2;BID;;;;;
20251031;050602.556;26198.50;;26198.50;1;BID;;;;;
20251031;050602.556;26198.25;;26198.25;2;BID;;;;;
20251031;050602.584;26198.25;;26198.25;3;BID;;;;;
20251031;050602.584;26198.25;;26198.25;2;BID;;;;;
20251031;050602.584;26198.50;;26198.50;1;BID;;;;;
20251031;050602.584;;26199.00;26199.00;3;ASK;;;;;
20251031;050602.584;26198.25;;26198.25;2;BID;;;;;
20251031;050602.792;;26199.00;26199.00;1;ASK;;;;;
20251031;050602.792;;26199.00;26199.00;1;ASK;;;;;
20251031;050602.792;;26199.00;26199.00;1;ASK;;;;;
20251031;050602.792;26198.50;;26198.50;1;BID;;;;;
20251031;050602.792;26198.50;;26198.50;2;BID;;;;;
20251031;050602.792;26198.50;;26198.50;1;BID;;;;;
20251031;050602.912;26198.50;;26198.50;2;BID;;;;;
20251031;050602.912;26198.50;;26198.50;3;BID;;;;;
20251031;050602.912;26198.50;;26198.50;4;BID;;;;;
20251031;050602.912;26198.75;;26198.75;1;BID;;;;;
20251031;050602.912;;26199.00;26199.00;1;ASK;;;;;
20251031;050602.912;;26199.50;26199.50;1;ASK;;;;;
20251031;050602.912;;26199.75;26199.75;4;ASK;;;;;
20251031;050602.912;;26199.75;26199.75;3;ASK;;;;;
20251031;050602.912;;26199.50;26199.50;1;ASK;;;;;
20251031;050602.912;26199.00;;26199.00;1;BID;;;;;
20251031;050602.912;;26199.75;26199.75;3;ASK;;;;;
20251031;050602.912;26198.75;;26198.75;1;BID;;;;;
20251031;050602.912;;26199.75;26199.75;2;ASK;;;;;
20251031;050602.912;;26199.75;26199.75;1;ASK;;;;;
20251031;050602.912;;26199.75;26199.75;2;ASK;;;;;
20251031;050602.920;26199.00;;26199.00;1;BID;;;;;
20251031;050602.960;26198.75;;26198.75;2;BID;;;;;
20251031;050603.076;26199.00;;26199.00;1;BID;;;;;
20251031;050603.560;;26199.75;26199.75;3;ASK;;;;;
20251031;050603.560;26198.75;;26198.75;2;BID;;;;;
20251031;050603.560;26198.75;;26198.75;1;BID;;;;;
20251031;050603.560;26198.75;;26198.75;1;BID;;;;;
20251031;050603.560;26198.50;;26198.50;4;BID;;;;;
20251031;050603.560;;26199.50;26199.50;1;ASK;;;;;
20251031;050603.560;26198.50;;26198.50;3;BID;;;;;
20251031;050603.560;;26199.50;26199.50;2;ASK;;;;;
20251031;050603.560;26198.50;;26198.50;2;BID;;;;;
20251031;050603.560;;26199.50;26199.50;3;ASK;;;;;
20251031;050603.560;;26199.50;26199.50;4;ASK;;;;;
20251031;050603.560;26198.50;;26198.50;1;BID;;;;;
20251031;050603.560;;26199.50;26199.50;5;ASK;;;;;
20251031;050603.560;;26199.25;26199.25;1;ASK;;;;;
20251031;050603.560;26198.25;;26198.25;2;BID;;;;;
20251031;050603.560;;26199.25;26199.25;2;ASK;;;;;
20251031;050603.560;26198.50;;26198.50;1;BID;;;;;
20251031;050603.832;;26199.25;26199.25;1;ASK;;;;;
20251031;050603.852;26198.50;;26198.50;1;BID;;;;;
20251031;050603.852;26198.25;;26198.25;3;BID;;;;;
20251031;050603.852;;26199.25;26199.25;2;ASK;;;;;
20251031;050603.852;;26199.25;26199.25;3;ASK;;;;;
20251031;050603.852;26198.25;;26198.25;2;BID;;;;;
20251031;050603.852;;26199.25;26199.25;4;ASK;;;;;
20251031;050603.852;26198.50;;26198.50;1;BID;;;;;
20251031;050603.860;;26199.00;26199.00;1;ASK;;;;;
20251031;050603.860;26198.25;;26198.25;3;BID;;;;;
20251031;050603.860;26198.25;;26198.25;2;BID;;;;;
20251031;050604.148;;26199.25;26199.25;4;ASK;;;;;
20251031;050604.148;26198.25;;26198.25;3;BID;;;;;
20251031;050604.148;26198.25;;26198.25;2;BID;;;;;
20251031;050604.188;;26199.00;26199.00;1;ASK;;;;;
20251031;050604.220;26198.25;;26198.25;1;BID;;;;;
20251031;050604.220;26198.25;;26198.25;1;BID;;;;;
20251031;050604.220;;26198.75;26198.75;1;ASK;;;;;
20251031;050604.220;26198.00;;26198.00;5;BID;;;;;
20251031;050604.220;26198.00;;26198.00;4;BID;;;;;
20251031;050604.220;26198.00;;26198.00;3;BID;;;;;
20251031;050604.220;26198.25;;26198.25;1;BID;;;;;
20251031;050604.220;;26199.00;26199.00;1;ASK;;;;;
20251031;050604.268;;26199.00;26199.00;1;ASK;;;;;
20251031;050604.268;;26199.25;26199.25;5;ASK;;;;;
20251031;050604.268;26198.50;;26198.50;1;BID;;;;;
20251031;050604.268;;26199.25;26199.25;4;ASK;;;;;
20251031;050604.268;;26199.25;26199.25;3;ASK;;;;;
20251031;050604.268;;26199.25;26199.25;2;ASK;;;;;
20251031;050604.680;;26199.25;26199.25;1;ASK;;;;;
20251031;050604.684;26198.75;;26198.75;1;BID;;;;;
20251031;050604.684;;26199.50;26199.50;7;ASK;;;;;
20251031;050604.684;26198.50;;26198.50;1;BID;;;;;
20251031;050604.684;;26199.50;26199.50;6;ASK;;;;;
20251031;050604.688;;26199.25;26199.25;1;ASK;;;;;
20251031;050604.740;;26199.25;26199.25;1;ASK;;;;;
20251031;050604.740;;26199.50;26199.50;1;ASK;;;;;
20251031;050604.740;;26199.50;26199.50;1;ASK;;;;;
20251031;050604.740;;26199.50;26199.50;1;ASK;;;;;
20251031;050604.740;;26199.50;26199.50;1;ASK;;;;;
20251031;050604.740;;26199.50;26199.50;3;ASK;;;;;
20251031;050604.740;26198.75;;26198.75;1;BID;;;;;
20251031;050604.740;26198.75;;26198.75;2;BID;;;;;
20251031;050604.740;;26199.50;26199.50;2;ASK;;;;;
20251031;050604.740;;26199.50;26199.50;1;ASK;;;;;
20251031;050604.740;;26199.75;26199.75;3;ASK;;;;;
20251031;050604.740;26199.00;;26199.00;1;BID;;;;;
20251031;050604.740;;26199.75;26199.75;2;ASK;;;;;
20251031;050604.740;;26199.75;26199.75;1;ASK;;;;;
20251031;050604.748;;26199.75;26199.75;2;ASK;;;;;
20251031;050604.844;26199.25;;26199.25;1;BID;;;;;
20251031;050604.844;;26199.75;26199.75;1;ASK;;;;;
20251031;050604.844;;26200.00;26200.00;15;ASK;;;;;
20251031;050604.844;;26200.00;26200.00;14;ASK;;;;;
20251031;050604.844;;26200.00;26200.00;13;ASK;;;;;
20251031;050605.064;26199.50;;26199.50;1;BID;;;;;
20251031;050605.772;26199.50;;26199.50;1;BID;;;;;
20251031;050605.772;26199.25;;26199.25;1;BID;;;;;
20251031;050605.772;26199.00;;26199.00;1;BID;;;;;
20251031;050605.812;26199.25;;26199.25;1;BID;;;;;
20251031;050606.060;26199.00;;26199.00;2;BID;;;;;
20251031;050606.212;26199.25;;26199.25;1;BID;;;;;
20251031;050607.704;26199.00;;26199.00;2;BID;;;;;
20251031;050608.036;26199.00;;26199.00;1;BID;;;;;
20251031;050608.068;;26199.75;26199.75;1;ASK;;;;;
20251031;050608.068;;26199.75;26199.75;2;ASK;;;;;
20251031;050608.068;26198.75;;26198.75;3;BID;;;;;
20251031;050608.068;;26199.75;26199.75;3;ASK;;;;;
20251031;050608.068;26198.75;;26198.75;2;BID;;;;;
20251031;050608.068;26198.75;;26198.75;1;BID;;;;;
20251031;050608.248;26199.00;;26199.00;1;BID;;;;;
20251031;050608.248;;26199.75;26199.75;2;ASK;;;;;
20251031;050608.320;;26199.75;26199.75;1;ASK;;;;;
20251031;050608.332;;26199.75;26199.75;1;ASK;;;;;
20251031;050608.332;;26200.00;26200.00;15;ASK;;;;;
20251031;050608.332;26199.00;;26199.00;2;BID;;;;;
20251031;050608.332;26199.25;;26199.25;1;BID;;;;;
20251031;050608.332;;26200.00;26200.00;14;ASK;;;;;
20251031;050608.332;;26200.00;26200.00;13;ASK;;;;;
20251031;050608.620;26199.00;;26199.00;4;BID;;;;;
20251031;050608.620;26199.00;;26199.00;3;BID;;;;;
20251031;050608.620;26199.00;;26199.00;2;BID;;;;;
20251031;050608.620;26199.00;;26199.00;1;BID;;;;;
20251031;050608.732;;26200.00;26200.00;14;ASK;;;;;
20251031;050608.732;26198.75;;26198.75;1;BID;;;;;
20251031;050608.772;26198.75;;26198.75;1;BID;;;;;
20251031;050608.772;26198.50;;26198.50;3;BID;;;;;
20251031;050608.772;;26199.75;26199.75;1;ASK;;;;;
20251031;050608.772;;26199.75;26199.75;2;ASK;;;;;
20251031;050608.772;26198.50;;26198.50;2;BID;;;;;
20251031;050608.776;;26199.75;26199.75;3;ASK;;;;;
20251031;050608.776;;26199.75;26199.75;4;ASK;;;;;
20251031;050608.804;;26199.75;26199.75;5;ASK;;;;;
20251031;050608.804;26198.50;;26198.50;1;BID;;;;;
20251031;050608.804;;26199.75;26199.75;6;ASK;;;;;
20251031;050608.804;;26199.50;26199.50;1;ASK;;;;;
20251031;050608.804;;26199.50;26199.50;2;ASK;;;;;
20251031;050608.804;;26199.25;26199.25;1;ASK;;;;;
20251031;050609.200;26198.50;;26198.50;2;BID;;;;;
20251031;050609.200;26198.50;;26198.50;1;BID;;;;;
20251031;050609.888;26198.75;;26198.75;1;BID;;;;;
20251031;050609.888;;26199.25;26199.25;1;ASK;;;;;
20251031;050609.888;;26199.50;26199.50;3;ASK;;;;;
20251031;050609.888;26199.00;;26199.00;1;BID;;;;;
20251031;050609.888;;26199.50;26199.50;2;ASK;;;;;
20251031;050609.888;;26199.50;26199.50;1;ASK;;;;;
20251031;050609.888;;26199.75;26199.75;3;ASK;;;;;
20251031;050610.088;26198.75;;26198.75;2;BID;;;;;
20251031;050610.092;26199.00;;26199.00;1;BID;;;;;
20251031;050610.600;;26199.75;26199.75;2;ASK;;;;;
20251031;050610.832;26198.75;;26198.75;2;BID;;;;;
20251031;050610.832;;26199.75;26199.75;3;ASK;;;;;
20251031;050610.832;26198.75;;26198.75;1;BID;;;;;
20251031;050612.008;;26199.75;26199.75;4;ASK;;;;;
20251031;050612.008;;26199.50;26199.50;1;ASK;;;;;
20251031;050612.008;;26199.50;26199.50;2;ASK;;;;;
20251031;050612.008;26198.50;;26198.50;2;BID;;;;;
20251031;050612.008;26198.50;;26198.50;1;BID;;;;;
20251031;050612.020;26198.25;;26198.25;5;BID;;;;;
20251031;050612.020;26198.25;;26198.25;4;BID;;;;;
20251031;050612.020;26198.25;;26198.25;3;BID;;;;;
20251031;050612.020;;26199.25;26199.25;1;ASK;;;;;
20251031;050612.020;26198.25;;26198.25;2;BID;;;;;
20251031;050612.020;;26199.25;26199.25;2;ASK;;;;;
20251031;050612.020;26198.25;;26198.25;1;BID;;;;;
20251031;050612.020;26198.00;;26198.00;4;BID;;;;;
20251031;050612.024;26198.00;;26198.00;3;BID;;;;;
20251031;050612.024;;26199.25;26199.25;3;ASK;;;;;
20251031;050612.024;;26199.25;26199.25;4;ASK;;;;;
20251031;050612.024;26198.00;;26198.00;2;BID;;;;;
20251031;050612.024;;26199.25;26199.25;5;ASK;;;;;
20251031;050612.024;;26199.00;26199.00;1;ASK;;;;;
20251031;050612.024;;26199.00;26199.00;2;ASK;;;;;
20251031;050612.024;;26199.00;26199.00;3;ASK;;;;;
20251031;050612.024;;26199.00;26199.00;4;ASK;;;;;
20251031;050612.024;26198.25;;26198.25;1;BID;;;;;
20251031;050612.024;26198.00;;26198.00;2;BID;;;;;
20251031;050612.028;26198.00;;26198.00;3;BID;;;;;
20251031;050612.028;26198.25;;26198.25;1;BID;;;;;
20251031;050612.028;;26199.00;26199.00;3;ASK;;;;;
20251031;050612.028;;26199.00;26199.00;2;ASK;;;;;
20251031;050612.028;;26199.00;26199.00;1;ASK;;;;;
20251031;050612.028;;26199.25;26199.25;5;ASK;;;;;
20251031;050612.028;26198.25;;26198.25;2;BID;;;;;
20251031;050612.028;26198.50;;26198.50;1;BID;;;;;
20251031;050612.028;;26199.25;26199.25;4;ASK;;;;;
20251031;050612.028;;26199.25;26199.25;3;ASK;;;;;
20251031;050612.028;26198.50;;26198.50;2;BID;;;;;
20251031;050612.028;;26199.25;26199.25;2;ASK;;;;;
20251031;050612.028;26198.50;;26198.50;3;BID;;;;;
20251031;050612.028;;26199.25;26199.25;1;ASK;;;;;
20251031;050612.028;26198.50;;26198.50;4;BID;;;;;
20251031;050612.028;26198.50;;26198.50;3;BID;;;;;
20251031;050612.028;26198.50;;26198.50;2;BID;;;;;
20251031;050612.028;;26199.50;26199.50;4;ASK;;;;;
20251031;050612.032;;26199.50;26199.50;3;ASK;;;;;
20251031;050612.032;26198.75;;26198.75;1;BID;;;;;
20251031;050612.032;;26199.50;26199.50;2;ASK;;;;;
20251031;050612.032;26198.50;;26198.50;3;BID;;;;;
20251031;050612.032;26198.50;;26198.50;2;BID;;;;;
20251031;050612.036;26198.75;;26198.75;1;BID;;;;;
20251031;050612.088;;26199.50;26199.50;1;ASK;;;;;
20251031;050612.196;;26199.75;26199.75;4;ASK;;;;;
20251031;050612.196;26199.00;;26199.00;1;BID;;;;;
20251031;050612.196;;26199.75;26199.75;3;ASK;;;;;
20251031;050612.196;;26199.75;26199.75;2;ASK;;;;;
20251031;050612.212;26199.25;;26199.25;1;BID;;;;;
20251031;050612.212;;26199.75;26199.75;1;ASK;;;;;
20251031;050612.212;26199.00;;26199.00;1;BID;;;;;
20251031;050612.252;26199.00;;26199.00;2;BID;;;;;
20251031;050612.252;26199.25;;26199.25;1;BID;;;;;
20251031;050612.268;26199.00;;26199.00;2;BID;;;;;
20251031;050612.268;26199.00;;26199.00;1;BID;;;;;
20251031;050612.316;26199.00;;26199.00;2;BID;;;;;
20251031;050613.136;26199.25;;26199.25;1;BID;;;;;
20251031;050613.136;;26200.00;26200.00;14;ASK;;;;;
20251031;050613.136;;26200.00;26200.00;13;ASK;;;;;
20251031;050613.140;26199.00;;26199.00;1;BID;;;;;
20251031;050613.144;26199.00;;26199.00;2;BID;;;;;
20251031;050613.144;26199.00;;26199.00;3;BID;;;;;
20251031;050613.144;26199.25;;26199.25;1;BID;;;;;
20251031;050613.636;26199.00;;26199.00;2;BID;;;;;
20251031;050614.588;26199.00;;26199.00;1;BID;;;;;
20251031;050614.588;26199.00;;26199.00;1;BID;;;;;
20251031;050614.588;;26199.75;26199.75;1;ASK;;;;;
20251031;050614.588;26198.75;;26198.75;1;BID;;;;;
20251031;050614.588;;26199.75;26199.75;2;ASK;;;;;
20251031;050614.588;26199.00;;26199.00;1;BID;;;;;
20251031;050614.588;26198.75;;26198.75;2;BID;;;;;
20251031;050614.596;26198.75;;26198.75;3;BID;;;;;
20251031;050614.596;26199.00;;26199.00;1;BID;;;;;
20251031;050614.596;;26199.75;26199.75;3;ASK;;;;;
20251031;050614.596;26198.75;;26198.75;2;BID;;;;;
20251031;050614.752;26198.75;;26198.75;1;BID;;;;;
20251031;050615.080;;26199.75;26199.75;1;ASK;;;;;
20251031;050615.080;;26199.75;26199.75;1;ASK;;;;;
20251031;050615.080;;26199.75;26199.75;1;ASK;;;;;
20251031;050615.080;;26200.00;26200.00;14;ASK;;;;;
20251031;050615.080;26198.75;;26198.75;2;BID;;;;;
20251031;050615.080;26199.00;;26199.00;1;BID;;;;;
20251031;050615.080;26199.00;;26199.00;2;BID;;;;;
20251031;050615.080;26199.00;;26199.00;1;BID;;;;;
20251031;050615.080;;26200.00;26200.00;13;ASK;;;;;
20251031;050615.080;26199.00;;26199.00;2;BID;;;;;
20251031;050615.080;26199.00;;26199.00;3;BID;;;;;
20251031;050615.084;26199.25;;26199.25;1;BID;;;;;
20251031;050615.152;26199.00;;26199.00;3;BID;;;;;
20251031;050615.156;26199.00;;26199.00;2;BID;;;;;
20251031;050615.156;26199.00;;26199.00;1;BID;;;;;
20251031;050615.612;26199.00;;26199.00;2;BID;;;;;
20251031;050615.612;26199.25;;26199.25;1;BID;;;;;
20251031;050616.520;26199.25;;26199.25;5;BID;;;;;
20251031;050616.520;26199.50;;26199.50;1;BID;;;;;
20251031;050616.520;26199.50;;26199.50;2;BID;;;;;
20251031;050616.520;26199.50;;26199.50;3;BID;;;;;
20251031;050616.520;;26200.00;26200.00;12;ASK;;;;;
20251031;050616.520;26199.50;;26199.50;2;BID;;;;;
20251031;050616.520;26199.50;;26199.50;1;BID;;;;;
20251031;050616.520;26199.25;;26199.25;5;BID;;;;;
20251031;050617.512;26199.25;;26199.25;4;BID;;;;;
20251031;050618.472;;26200.00;26200.00;1;ASK;;;;;
20251031;050618.472;;26200.00;26200.00;1;ASK;;;;;
20251031;050618.472;;26200.00;26200.00;10;ASK;;;;;
20251031;050618.680;;26200.00;26200.00;1;ASK;;;;;
20251031;050618.680;;26200.00;26200.00;1;ASK;;;;;
20251031;050618.680;;26200.00;26200.00;1;ASK;;;;;
20251031;050618.680;;26200.00;26200.00;7;ASK;;;;;
20251031;050618.680;26199.50;;26199.50;1;BID;;;;;
20251031;050618.708;26199.25;;26199.25;4;BID;;;;;
20251031;050618.932;26199.50;;26199.50;1;BID;;;;;
20251031;050620.100;26199.25;;26199.25;4;BID;;;;;
20251031;050622.236;26199.25;;26199.25;2;BID;;;;;
20251031;050622.236;26199.25;;26199.25;2;BID;;;;;
20251031;050622.236;26199.25;;26199.25;1;BID;;;;;
20251031;050622.236;26199.25;;26199.25;1;BID;;;;;
20251031;050622.236;26199.25;;26199.25;1;BID;;;;;
20251031;050622.236;26199.00;;26199.00;1;BID;;;;;
20251031;050622.236;;26199.75;26199.75;1;ASK;;;;;
20251031;050622.236;;26199.75;26199.75;2;ASK;;;;;
20251031;050622.236;26198.75;;26198.75;4;BID;;;;;
20251031;050622.236;;26199.75;26199.75;3;ASK;;;;;
20251031;050622.236;26198.75;;26198.75;3;BID;;;;;
20251031;050622.236;;26199.75;26199.75;4;ASK;;;;;
20251031;050622.236;;26199.75;26199.75;5;ASK;;;;;
20251031;050622.236;26198.75;;26198.75;2;BID;;;;;
20251031;050622.236;26198.75;;26198.75;1;BID;;;;;
20251031;050622.240;;26199.50;26199.50;1;ASK;;;;;
20251031;050622.240;;26199.50;26199.50;2;ASK;;;;;
20251031;050622.240;26198.50;;26198.50;3;BID;;;;;
20251031;050622.240;26198.50;;26198.50;2;BID;;;;;
20251031;050622.240;26198.50;;26198.50;1;BID;;;;;
20251031;050622.240;26198.50;;26198.50;2;BID;;;;;
20251031;050622.408;;26199.50;26199.50;3;ASK;;;;;
20251031;050622.592;;26199.25;26199.25;1;ASK;;;;;
20251031;050622.592;26198.50;;26198.50;1;BID;;;;;
20251031;050622.592;26198.25;;26198.25;4;BID;;;;;
20251031;050622.592;;26199.25;26199.25;2;ASK;;;;;
20251031;050622.592;;26199.25;26199.25;3;ASK;;;;;
20251031;050622.592;26198.25;;26198.25;3;BID;;;;;
20251031;050622.592;;26199.25;26199.25;2;ASK;;;;;
20251031;050622.592;26198.25;;26198.25;2;BID;;;;;
20251031;050622.592;;26199.25;26199.25;3;ASK;;;;;
20251031;050622.608;;26199.25;26199.25;4;ASK;;;;;
20251031;050622.608;26198.25;;26198.25;1;BID;;;;;
20251031;050622.660;26198.00;;26198.00;4;BID;;;;;
20251031;050622.660;26198.00;;26198.00;3;BID;;;;;
20251031;050622.660;;26199.25;26199.25;5;ASK;;;;;
20251031;050622.660;;26199.00;26199.00;1;ASK;;;;;
20251031;050622.660;;26199.00;26199.00;2;ASK;;;;;
20251031;050622.660;;26199.00;26199.00;3;ASK;;;;;
20251031;050623.004;26198.25;;26198.25;1;BID;;;;;
20251031;050623.004;;26199.00;26199.00;2;ASK;;;;;
20251031;050624.080;26198.00;;26198.00;3;BID;;;;;
20251031;050624.080;26198.00;;26198.00;2;BID;;;;;
20251031;050624.080;;26199.00;26199.00;3;ASK;;;;;
20251031;050624.084;;26198.75;26198.75;1;ASK;;;;;
20251031;050624.084;;26198.75;26198.75;2;ASK;;;;;
20251031;050624.312;;26198.75;26198.75;3;ASK;;;;;
20251031;050626.164;26198.00;;26198.00;1;BID;;;;;
20251031;050626.472;;26198.75;26198.75;2;ASK;;;;;
20251031;050626.472;26198.00;;26198.00;2;BID;;;;;
20251031;050626.472;26198.00;;26198.00;3;BID;;;;;
20251031;050626.472;26198.00;;26198.00;2;BID;;;;;
20251031;050626.472;26198.25;;26198.25;1;BID;;;;;
20251031;050626.472;26198.00;;26198.00;2;BID;;;;;
20251031;050626.472;26198.00;;26198.00;1;BID;;;;;
20251031;050630.792;;26198.75;26198.75;3;ASK;;;;;
20251031;050630.792;;26198.50;26198.50;1;ASK;;;;;
20251031;050630.792;;26198.50;26198.50;2;ASK;;;;;
20251031;050630.792;;26198.50;26198.50;3;ASK;;;;;
20251031;050630.932;26198.00;;26198.00;2;BID;;;;;
20251031;050630.932;;26198.50;26198.50;2;ASK;;;;;
20251031;050630.932;;26198.50;26198.50;1;ASK;;;;;
20251031;050632.296;26198.00;;26198.00;1;BID;;;;;
20251031;050632.296;26198.00;;26198.00;1;BID;;;;;
20251031;050632.296;;26198.50;26198.50;2;ASK;;;;;
20251031;050633.220;26198.00;;26198.00;1;BID;;;;;
20251031;050633.220;26197.50;;26197.50;4;BID;;;;;
20251031;050633.220;26197.50;;26197.50;3;BID;;;;;
20251031;050633.220;26197.50;;26197.50;2;BID;;;;;
20251031;050633.220;;26198.50;26198.50;3;ASK;;;;;
20251031;050633.224;26197.50;;26197.50;1;BID;;;;;
20251031;050633.224;26197.50;;26197.50;2;BID;;;;;
20251031;050633.224;26197.75;;26197.75;1;BID;;;;;
20251031;050633.232;26197.50;;26197.50;3;BID;;;;;
20251031;050633.232;26197.50;;26197.50;2;BID;;;;;
20251031;050633.404;;26198.50;26198.50;1;ASK;;;;;
20251031;050633.404;;26198.50;26198.50;2;ASK;;;;;
20251031;050633.404;26197.75;;26197.75;1;BID;;;;;
20251031;050633.404;;26198.50;26198.50;1;ASK;;;;;
20251031;050635.116;26198.00;;26198.00;1;BID;;;;;
20251031;050635.116;;26198.75;26198.75;4;ASK;;;;;
20251031;050635.116;;26198.75;26198.75;3;ASK;;;;;
20251031;050635.120;26197.75;;26197.75;1;BID;;;;;
20251031;050635.644;;26198.75;26198.75;4;ASK;;;;;
20251031;050635.932;26197.50;;26197.50;4;BID;;;;;
20251031;050635.932;26197.50;;26197.50;3;BID;;;;;
20251031;050635.932;;26198.75;26198.75;3;ASK;;;;;
20251031;050635.936;26197.50;;26197.50;4;BID;;;;;
20251031;050637.240;26197.75;;26197.75;1;BID;;;;;
20251031;050637.240;26197.75;;26197.75;2;BID;;;;;
20251031;050637.240;26198.00;;26198.00;1;BID;;;;;
20251031;050637.240;26197.75;;26197.75;2;BID;;;;;
20251031;050637.256;;26198.50;26198.50;1;ASK;;;;;
20251031;050638.888;26197.75;;26197.75;1;BID;;;;;
20251031;050638.888;;26198.50;26198.50;2;ASK;;;;;
20251031;050638.888;;26198.50;26198.50;3;ASK;;;;;
