date;time;bid;ask;price;volume;side;shape;order_type;entry_price;exit_price;exit_tag
20251107;065045.232;;25316.00;25316.00;1;ASK;;;;;
20251107;065045.232;;25316.25;25316.25;1;ASK;;;;;
20251107;065045.232;25315.50;;25315.50;1;BID;;;;;
20251107;065045.232;;25316.50;25316.50;1;ASK;;;;;
20251107;065045.236;25315.75;;25315.75;1;BID;;;;;
20251107;065045.236;;25316.75;25316.75;1;ASK;;;;;
20251107;065045.236;;25317.00;25317.00;2;ASK;;;;;
20251107;065045.236;;25317.00;25317.00;1;ASK;;;;;
20251107;065045.236;;25317.25;25317.25;1;ASK;;;;;
20251107;065045.236;;25317.25;25317.25;2;ASK;;;;;
20251107;065045.236;;25317.25;25317.25;1;ASK;;;;;
20251107;065045.236;;25316.75;25316.75;1;ASK;;;;;
20251107;065045.236;25316.00;;25316.00;1;BID;;;;;
20251107;065045.236;;25317.50;25317.50;5;ASK;;;;;
20251107;065045.236;;25317.50;25317.50;4;ASK;;;;;
20251107;065045.236;;25317.25;25317.25;1;ASK;;;;;
20251107;065045.240;25315.75;;25315.75;1;BID;;;;;
20251107;065045.240;;25317.25;25317.25;2;ASK;;;;;
20251107;065045.240;;25317.00;25317.00;1;ASK;;;;;
20251107;065045.240;;25317.00;25317.00;2;ASK;;;;;
20251107;065045.240;;25316.75;25316.75;1;ASK;;;;;
20251107;065045.240;25315.75;;25315.75;2;BID;;;;;
20251107;065045.244;;25316.75;25316.75;2;ASK;;;;;
20251107;065045.244;25315.75;;25315.75;1;BID;;;;;
20251107;065045.252;;25316.50;25316.50;1;ASK;;;;;
20251107;065045.344;;25316.75;25316.75;2;ASK;;;;;
20251107;065045.516;25315.50;;25315.50;1;BID;;;;;
20251107;065045.516;;25316.50;25316.50;1;ASK;;;;;
20251107;065045.516;;25316.50;25316.50;1;ASK;;;;;
20251107;065045.516;;25316.75;25316.75;2;ASK;;;;;
20251107;065045.516;25315.75;;25315.75;1;BID;;;;;
20251107;065045.516;;25316.75;25316.75;1;ASK;;;;;
20251107;065045.516;;25317.00;25317.00;3;ASK;;;;;
20251107;065045.516;;25317.00;25317.00;2;ASK;;;;;
20251107;065045.520;;25316.75;25316.75;1;ASK;;;;;
20251107;065045.528;25316.00;;25316.00;1;BID;;;;;
20251107;065045.572;;25317.00;25317.00;2;ASK;;;;;
20251107;065045.632;25315.75;;25315.75;1;BID;;;;;
20251107;065045.632;;25316.75;25316.75;1;ASK;;;;;
20251107;065045.632;25315.50;;25315.50;1;BID;;;;;
20251107;065045.632;;25316.75;25316.75;2;ASK;;;;;
20251107;065045.632;;25316.50;25316.50;1;ASK;;;;;
20251107;065045.660;25315.75;;25315.75;1;BID;;;;;
20251107;065045.660;;25316.75;25316.75;2;ASK;;;;;
20251107;065046.056;25315.50;;25315.50;1;BID;;;;;
20251107;065046.060;;25316.50;25316.50;1;ASK;;;;;
20251107;065046.060;25315.50;;25315.50;2;BID;;;;;
20251107;065046.060;;25316.75;25316.75;2;ASK;;;;;
20251107;065046.060;25315.75;;25315.75;1;BID;;;;;
20251107;065046.084;;25316.75;25316.75;1;ASK;;;;;
20251107;065046.084;;25316.75;25316.75;1;ASK;;;;;
20251107;065046.084;25316.00;;25316.00;1;BID;;;;;
20251107;065046.084;;25317.00;25317.00;3;ASK;;;;;
20251107;065046.084;;25317.00;25317.00;2;ASK;;;;;
20251107;065046.088;;25316.75;25316.75;1;ASK;;;;;
20251107;065046.088;25315.75;;25315.75;1;BID;;;;;
20251107;065046.096;;25316.75;25316.75;2;ASK;;;;;
20251107;065046.096;;25316.50;25316.50;1;ASK;;;;;
20251107;065046.096;25315.50;;25315.50;2;BID;;;;;
20251107;065046.096;25315.75;;25315.75;1;BID;;;;;
20251107;065046.096;;25316.75;25316.75;2;ASK;;;;;
20251107;065046.380;;25316.75;25316.75;1;ASK;;;;;
20251107;065046.380;;25316.75;25316.75;1;ASK;;;;;
20251107;065046.380;25316.00;;25316.00;1;BID;;;;;
20251107;065046.380;;25317.00;25317.00;3;ASK;;;;;
20251107;065046.380;;25317.00;25317.00;2;ASK;;;;;
20251107;065046.380;25316.25;;25316.25;1;BID;;;;;
20251107;065046.380;;25316.75;25316.75;1;ASK;;;;;
20251107;065046.380;25315.75;;25315.75;1;BID;;;;;
20251107;065046.608;;25317.00;25317.00;2;ASK;;;;;
20251107;065046.880;;25317.00;25317.00;1;ASK;;;;;
20251107;065046.880;;25317.00;25317.00;1;ASK;;;;;
20251107;065046.880;25316.00;;25316.00;1;BID;;;;;
20251107;065046.880;;25317.25;25317.25;2;ASK;;;;;
20251107;065046.880;25316.25;;25316.25;1;BID;;;;;
20251107;065046.880;;25317.25;25317.25;1;ASK;;;;;
20251107;065046.880;;25317.25;25317.25;2;ASK;;;;;
20251107;065046.880;;25317.00;25317.00;1;ASK;;;;;
20251107;065046.920;;25317.25;25317.25;3;ASK;;;;;
20251107;065046.920;;25317.25;25317.25;2;ASK;;;;;
20251107;065046.920;;25317.00;25317.00;1;ASK;;;;;
20251107;065046.920;25316.00;;25316.00;1;BID;;;;;
20251107;065046.956;25316.25;;25316.25;1;BID;;;;;
20251107;065046.968;;25317.00;25317.00;2;ASK;;;;;
20251107;065047.016;25316.00;;25316.00;1;BID;;;;;
20251107;065047.068;25316.25;;25316.25;1;BID;;;;;
20251107;065047.096;25316.25;;25316.25;2;BID;;;;;
20251107;065047.096;;25317.00;25317.00;1;ASK;;;;;
20251107;065047.096;;25317.25;25317.25;1;ASK;;;;;
20251107;065047.096;;25317.25;25317.25;2;ASK;;;;;
20251107;065047.224;;25317.25;25317.25;1;ASK;;;;;
20251107;065047.224;;25317.25;25317.25;1;ASK;;;;;
20251107;065047.224;;25317.50;25317.50;4;ASK;;;;;
20251107;065047.224;;25317.50;25317.50;3;ASK;;;;;
20251107;065047.224;25316.50;;25316.50;1;BID;;;;;
20251107;065047.224;25316.50;;25316.50;2;BID;;;;;
20251107;065047.224;;25317.50;25317.50;2;ASK;;;;;
20251107;065047.224;25316.75;;25316.75;1;BID;;;;;
20251107;065047.224;25316.50;;25316.50;2;BID;;;;;
20251107;065047.224;25316.50;;25316.50;1;BID;;;;;
20251107;065047.224;25316.75;;25316.75;1;BID;;;;;
20251107;065047.228;25316.50;;25316.50;1;BID;;;;;
20251107;065047.468;25316.75;;25316.75;1;BID;;;;;
20251107;065047.468;25316.50;;25316.50;1;BID;;;;;
20251107;065047.468;25316.75;;25316.75;1;BID;;;;;
20251107;065047.476;25316.75;;25316.75;1;BID;;;;;
20251107;065047.476;25316.50;;25316.50;1;BID;;;;;
20251107;065047.476;25316.25;;25316.25;1;BID;;;;;
20251107;065047.476;25316.25;;25316.25;1;BID;;;;;
20251107;065047.476;25316.25;;25316.25;1;BID;;;;;
20251107;065047.476;25316.00;;25316.00;1;BID;;;;;
20251107;065047.476;25315.75;;25315.75;1;BID;;;;;
20251107;065047.476;;25317.25;25317.25;1;ASK;;;;;
20251107;065047.476;25315.50;;25315.50;2;BID;;;;;
20251107;065047.476;;25317.25;25317.25;2;ASK;;;;;
20251107;065047.476;25316.00;;25316.00;1;BID;;;;;
20251107;065047.476;;25317.25;25317.25;3;ASK;;;;;
20251107;065047.476;25316.00;;25316.00;2;BID;;;;;
20251107;065047.476;;25317.25;25317.25;2;ASK;;;;;
20251107;065047.476;;25317.25;25317.25;3;ASK;;;;;
20251107;065047.476;;25317.00;25317.00;1;ASK;;;;;
20251107;065047.476;25316.00;;25316.00;3;BID;;;;;
20251107;065047.476;25316.00;;25316.00;4;BID;;;;;
20251107;065047.476;;25317.25;25317.25;2;ASK;;;;;
20251107;065047.476;25316.25;;25316.25;1;BID;;;;;
20251107;065047.476;25316.00;;25316.00;4;BID;;;;;
20251107;065047.476;;25317.00;25317.00;1;ASK;;;;;
20251107;065047.476;;25317.25;25317.25;2;ASK;;;;;
20251107;065047.476;25316.25;;25316.25;1;BID;;;;;
20251107;065047.480;25316.50;;25316.50;1;BID;;;;;
20251107;065047.480;;25317.25;25317.25;1;ASK;;;;;
20251107;065047.480;;25317.25;25317.25;1;ASK;;;;;
20251107;065047.480;;25317.50;25317.50;2;ASK;;;;;
20251107;065047.480;25316.75;;25316.75;1;BID;;;;;
20251107;065047.480;25316.75;;25316.75;2;BID;;;;;
20251107;065047.484;25316.75;;25316.75;1;BID;;;;;
20251107;065047.484;25316.50;;25316.50;1;BID;;;;;
20251107;065047.484;;25317.50;25317.50;1;ASK;;;;;
20251107;065047.484;;25317.50;25317.50;1;ASK;;;;;
20251107;065047.484;25316.75;;25316.75;1;BID;;;;;
20251107;065047.880;;25317.50;25317.50;2;ASK;;;;;
20251107;065047.880;25316.50;;25316.50;1;BID;;;;;
20251107;065047.880;25316.75;;25316.75;1;BID;;;;;
20251107;065047.880;25316.50;;25316.50;1;BID;;;;;
20251107;065047.964;;25317.25;25317.25;1;ASK;;;;;
20251107;065047.992;25316.25;;25316.25;2;BID;;;;;
20251107;065047.992;25316.25;;25316.25;1;BID;;;;;
20251107;065047.996;;25317.25;25317.25;2;ASK;;;;;
20251107;065047.996;;25317.00;25317.00;1;ASK;;;;;
20251107;065047.996;;25316.75;25316.75;1;ASK;;;;;
20251107;065047.996;;25316.75;25316.75;1;ASK;;;;;
20251107;065047.996;;25317.00;25317.00;1;ASK;;;;;
20251107;065047.996;;25317.00;25317.00;2;ASK;;;;;
20251107;065047.996;25316.00;;25316.00;4;BID;;;;;
20251107;065047.996;25316.50;;25316.50;1;BID;;;;;
20251107;065047.996;;25317.00;25317.00;1;ASK;;;;;
20251107;065047.996;25316.25;;25316.25;1;BID;;;;;
20251107;065047.996;25316.25;;25316.25;2;BID;;;;;
20251107;065047.996;25316.25;;25316.25;3;BID;;;;;
20251107;065047.996;25316.50;;25316.50;1;BID;;;;;
20251107;065047.996;25316.25;;25316.25;3;BID;;;;;
20251107;065047.996;;25317.25;25317.25;1;ASK;;;;;
20251107;065047.996;25316.25;;25316.25;2;BID;;;;;
20251107;065047.996;25316.25;;25316.25;1;BID;;;;;
20251107;065047.996;;25316.75;25316.75;1;ASK;;;;;
20251107;065047.996;25316.00;;25316.00;4;BID;;;;;
20251107;065047.996;;25317.00;25317.00;1;ASK;;;;;
20251107;065047.996;25316.25;;25316.25;1;BID;;;;;
20251107;065047.996;;25316.75;25316.75;1;ASK;;;;;
20251107;065047.996;;25317.25;25317.25;1;ASK;;;;;
20251107;065047.996;;25316.75;25316.75;1;ASK;;;;;
20251107;065047.996;;25317.25;25317.25;1;ASK;;;;;
20251107;065047.996;;25316.75;25316.75;1;ASK;;;;;
20251107;065048.000;;25317.00;25317.00;1;ASK;;;;;
20251107;065048.000;25316.00;;25316.00;3;BID;;;;;
20251107;065048.000;;25316.75;25316.75;1;ASK;;;;;
20251107;065048.000;;25317.00;25317.00;1;ASK;;;;;
20251107;065048.004;25316.00;;25316.00;2;BID;;;;;
20251107;065048.096;25316.25;;25316.25;1;BID;;;;;
20251107;065048.184;25316.00;;25316.00;1;BID;;;;;
20251107;065048.276;;25316.75;25316.75;1;ASK;;;;;
20251107;065048.280;;25316.50;25316.50;1;ASK;;;;;
20251107;065048.784;;25316.50;25316.50;1;ASK;;;;;
20251107;065048.784;;25317.25;25317.25;1;ASK;;;;;
20251107;065048.784;25316.25;;25316.25;1;BID;;;;;
20251107;065048.784;;25317.50;25317.50;2;ASK;;;;;
20251107;065048.784;;25317.25;25317.25;1;ASK;;;;;
20251107;065048.784;;25317.50;25317.50;2;ASK;;;;;
20251107;065048.784;25316.50;;25316.50;1;BID;;;;;
20251107;065048.824;;25317.25;25317.25;1;ASK;;;;;
20251107;065048.824;25316.25;;25316.25;1;BID;;;;;
20251107;065049.076;25316.50;;25316.50;1;BID;;;;;
20251107;065049.076;25316.25;;25316.25;1;BID;;;;;
20251107;065049.076;;25317.00;25317.00;1;ASK;;;;;
20251107;065049.076;25316.00;;25316.00;1;BID;;;;;
20251107;065049.076;;25317.25;25317.25;1;ASK;;;;;
20251107;065049.076;25316.25;;25316.25;1;BID;;;;;
20251107;065049.168;25316.00;;25316.00;1;BID;;;;;
20251107;065049.168;;25317.00;25317.00;1;ASK;;;;;
20251107;065049.168;25316.00;;25316.00;2;BID;;;;;
20251107;065049.168;25316.00;;25316.00;3;BID;;;;;
20251107;065049.172;25316.00;;25316.00;4;BID;;;;;
20251107;065049.172;25316.25;;25316.25;1;BID;;;;;
20251107;065049.172;;25317.25;25317.25;1;ASK;;;;;
20251107;065049.236;25316.50;;25316.50;1;BID;;;;;
20251107;065049.236;;25317.50;25317.50;2;ASK;;;;;
20251107;065049.236;25316.75;;25316.75;1;BID;;;;;
20251107;065049.236;25316.50;;25316.50;1;BID;;;;;
20251107;065049.236;;25317.25;25317.25;1;ASK;;;;;
20251107;065049.236;25316.25;;25316.25;1;BID;;;;;
20251107;065049.236;25316.50;;25316.50;1;BID;;;;;
20251107;065049.236;;25317.50;25317.50;2;ASK;;;;;
20251107;065049.312;25316.50;;25316.50;2;BID;;;;;
20251107;065049.312;25316.75;;25316.75;1;BID;;;;;
20251107;065049.408;;25317.50;25317.50;1;ASK;;;;;
20251107;065049.408;;25317.50;25317.50;1;ASK;;;;;
20251107;065049.408;;25317.75;25317.75;1;ASK;;;;;
20251107;065049.408;25317.00;;25317.00;1;BID;;;;;
20251107;065049.408;;25318.00;25318.00;1;ASK;;;;;
20251107;065049.412;25317.25;;25317.25;1;BID;;;;;
20251107;065049.412;25317.00;;25317.00;1;BID;;;;;
20251107;065049.412;;25317.75;25317.75;1;ASK;;;;;
20251107;065049.412;25316.75;;25316.75;1;BID;;;;;
20251107;065049.712;25316.75;;25316.75;2;BID;;;;;
20251107;065049.712;25317.00;;25317.00;1;BID;;;;;
20251107;065049.712;;25318.00;25318.00;1;ASK;;;;;
20251107;065049.772;;25318.00;25318.00;2;ASK;;;;;
20251107;065049.772;25316.75;;25316.75;1;BID;;;;;
20251107;065049.772;;25317.75;25317.75;1;ASK;;;;;
20251107;065049.772;;25318.00;25318.00;2;ASK;;;;;
20251107;065049.772;25317.00;;25317.00;1;BID;;;;;
20251107;065049.772;;25317.75;25317.75;1;ASK;;;;;
20251107;065049.776;;25318.00;25318.00;2;ASK;;;;;
20251107;065049.792;;25317.75;25317.75;1;ASK;;;;;
20251107;065049.792;25316.75;;25316.75;1;BID;;;;;
20251107;065050.360;25317.00;;25317.00;1;BID;;;;;
20251107;065050.360;;25318.00;25318.00;2;ASK;;;;;
20251107;065050.620;;25317.75;25317.75;1;ASK;;;;;
20251107;065050.620;25316.75;;25316.75;1;BID;;;;;
20251107;065050.720;;25317.75;25317.75;1;ASK;;;;;
20251107;065050.720;;25318.00;25318.00;2;ASK;;;;;
20251107;065050.720;25317.00;;25317.00;1;BID;;;;;
20251107;065050.724;25317.25;;25317.25;1;BID;;;;;
20251107;065050.740;25317.00;;25317.00;1;BID;;;;;
20251107;065050.740;;25317.75;25317.75;1;ASK;;;;;
20251107;065050.740;25316.75;;25316.75;1;BID;;;;;
20251107;065050.812;25317.00;;25317.00;1;BID;;;;;
20251107;065050.812;;25318.00;25318.00;2;ASK;;;;;
20251107;065051.648;;25318.00;25318.00;1;ASK;;;;;
20251107;065051.648;;25318.50;25318.50;2;ASK;;;;;
20251107;065051.648;;25318.50;25318.50;3;ASK;;;;;
20251107;065051.648;;25318.50;25318.50;2;ASK;;;;;
20251107;065051.648;25317.25;;25317.25;1;BID;;;;;
20251107;065051.648;;25318.25;25318.25;1;ASK;;;;;
20251107;065051.648;25317.00;;25317.00;1;BID;;;;;
20251107;065051.648;;25318.25;25318.25;2;ASK;;;;;
20251107;065051.648;;25318.00;25318.00;1;ASK;;;;;
20251107;065051.648;25316.75;;25316.75;1;BID;;;;;
20251107;065051.648;25317.25;;25317.25;1;BID;;;;;
20251107;065051.648;25316.75;;25316.75;1;BID;;;;;
20251107;065051.768;25316.75;;25316.75;2;BID;;;;;
20251107;065051.768;25317.00;;25317.00;1;BID;;;;;
20251107;065052.256;;25318.00;25318.00;2;ASK;;;;;
20251107;065052.628;25317.00;;25317.00;2;BID;;;;;
20251107;065052.628;;25318.00;25318.00;1;ASK;;;;;
20251107;065052.628;;25318.25;25318.25;1;ASK;;;;;
20251107;065052.628;25317.25;;25317.25;1;BID;;;;;
20251107;065052.628;;25318.25;25318.25;2;ASK;;;;;
20251107;065052.628;;25318.00;25318.00;1;ASK;;;;;
20251107;065052.628;25317.00;;25317.00;1;BID;;;;;
20251107;065052.780;25317.00;;25317.00;2;BID;;;;;
20251107;065052.780;25317.25;;25317.25;1;BID;;;;;
20251107;065052.780;;25318.25;25318.25;2;ASK;;;;;
20251107;065053.020;;25318.00;25318.00;1;ASK;;;;;
20251107;065053.020;25317.00;;25317.00;1;BID;;;;;
20251107;065053.048;25317.00;;25317.00;2;BID;;;;;
20251107;065053.048;25317.25;;25317.25;1;BID;;;;;
20251107;065053.048;;25318.25;25318.25;2;ASK;;;;;
20251107;065053.048;;25318.25;25318.25;1;ASK;;;;;
20251107;065053.048;25317.50;;25317.50;1;BID;;;;;
20251107;065053.048;;25318.75;25318.75;2;ASK;;;;;
20251107;065053.048;;25318.75;25318.75;1;ASK;;;;;
20251107;065053.048;;25318.50;25318.50;1;ASK;;;;;
20251107;065053.080;;25318.50;25318.50;2;ASK;;;;;
20251107;065053.080;;25318.25;25318.25;1;ASK;;;;;
20251107;065053.080;25317.25;;25317.25;1;BID;;;;;
20251107;065053.084;;25318.50;25318.50;2;ASK;;;;;
20251107;065053.084;25317.50;;25317.50;1;BID;;;;;
20251107;065053.492;;25318.25;25318.25;1;ASK;;;;;
20251107;065053.492;25317.25;;25317.25;1;BID;;;;;
20251107;065053.508;25317.50;;25317.50;1;BID;;;;;
20251107;065053.508;;25318.50;25318.50;2;ASK;;;;;
20251107;065053.792;25317.75;;25317.75;1;BID;;;;;
20251107;065053.792;;25318.50;25318.50;1;ASK;;;;;
20251107;065053.796;;25318.75;25318.75;1;ASK;;;;;
20251107;065053.796;;25318.75;25318.75;2;ASK;;;;;
20251107;065054.328;;25318.75;25318.75;1;ASK;;;;;
20251107;065054.328;;25318.75;25318.75;1;ASK;;;;;
20251107;065054.328;25318.00;;25318.00;1;BID;;;;;
20251107;065054.328;;25319.00;25319.00;2;ASK;;;;;
20251107;065054.328;;25319.00;25319.00;1;ASK;;;;;
20251107;065054.328;;25319.00;25319.00;2;ASK;;;;;
20251107;065054.328;;25318.75;25318.75;1;ASK;;;;;
20251107;065054.328;25317.75;;25317.75;1;BID;;;;;
20251107;065054.364;25318.00;;25318.00;1;BID;;;;;
20251107;065054.364;;25319.00;25319.00;2;ASK;;;;;
20251107;065054.552;25318.00;;25318.00;1;BID;;;;;
20251107;065054.552;25317.75;;25317.75;1;BID;;;;;
20251107;065054.552;25317.50;;25317.50;1;BID;;;;;
20251107;065054.552;25317.25;;25317.25;2;BID;;;;;
20251107;065054.552;;25318.75;25318.75;1;ASK;;;;;
20251107;065054.552;;25318.75;25318.75;2;ASK;;;;;
20251107;065054.552;25317.25;;25317.25;1;BID;;;;;
20251107;065054.552;25317.00;;25317.00;1;BID;;;;;
20251107;065054.552;;25318.75;25318.75;3;ASK;;;;;
20251107;065054.552;;25318.75;25318.75;4;ASK;;;;;
20251107;065054.552;;25318.50;25318.50;1;ASK;;;;;
20251107;065054.556;;25318.50;25318.50;2;ASK;;;;;
20251107;065054.556;25317.25;;25317.25;1;BID;;;;;
20251107;065054.556;;25318.25;25318.25;1;ASK;;;;;
20251107;065054.556;25317.50;;25317.50;1;BID;;;;;
20251107;065054.556;;25318.50;25318.50;2;ASK;;;;;
20251107;065054.912;25317.50;;25317.50;2;BID;;;;;
20251107;065054.912;;25318.50;25318.50;1;ASK;;;;;
20251107;065054.912;25317.75;;25317.75;1;BID;;;;;
20251107;065054.912;;25318.75;25318.75;3;ASK;;;;;
20251107;065054.912;;25318.75;25318.75;2;ASK;;;;;
20251107;065054.912;;25318.50;25318.50;1;ASK;;;;;
20251107;065054.912;25317.50;;25317.50;1;BID;;;;;
20251107;065054.964;;25318.25;25318.25;1;ASK;;;;;
20251107;065055.336;25317.25;;25317.25;1;BID;;;;;
20251107;065055.840;;25318.00;25318.00;1;ASK;;;;;
20251107;065055.840;25317.00;;25317.00;2;BID;;;;;
20251107;065055.840;25317.00;;25317.00;1;BID;;;;;
20251107;065055.840;;25317.75;25317.75;1;ASK;;;;;
20251107;065055.844;25316.75;;25316.75;1;BID;;;;;
20251107;065055.844;25317.00;;25317.00;1;BID;;;;;
20251107;065055.844;25317.25;;25317.25;1;BID;;;;;
20251107;065055.844;25317.00;;25317.00;1;BID;;;;;
20251107;065055.844;25316.75;;25316.75;1;BID;;;;;
20251107;065055.848;25317.00;;25317.00;1;BID;;;;;
20251107;065055.920;25316.75;;25316.75;2;BID;;;;;
20251107;065055.920;25316.75;;25316.75;3;BID;;;;;
20251107;065056.040;25317.00;;25317.00;1;BID;;;;;
20251107;065056.040;25317.25;;25317.25;1;BID;;;;;
20251107;065056.744;25317.00;;25317.00;1;BID;;;;;
20251107;065056.744;;25318.25;25318.25;1;ASK;;;;;
20251107;065056.744;;25318.25;25318.25;2;ASK;;;;;
20251107;065056.744;;25318.00;25318.00;1;ASK;;;;;
20251107;065056.744;;25317.75;25317.75;1;ASK;;;;;
20251107;065056.768;25316.75;;25316.75;3;BID;;;;;
20251107;065056.904;25316.75;;25316.75;4;BID;;;;;
20251107;065056.904;25317.00;;25317.00;1;BID;;;;;
20251107;065056.916;25316.75;;25316.75;3;BID;;;;;
20251107;065057.064;;25317.50;25317.50;1;ASK;;;;;
20251107;065057.064;25316.75;;25316.75;2;BID;;;;;
20251107;065057.064;25316.75;;25316.75;1;BID;;;;;
20251107;065057.064;;25317.25;25317.25;1;ASK;;;;;
20251107;065057.068;25317.00;;25317.00;1;BID;;;;;
20251107;065057.068;25316.75;;25316.75;1;BID;;;;;
20251107;065057.068;25316.25;;25316.25;2;BID;;;;;
20251107;065057.068;;25317.25;25317.25;1;ASK;;;;;
20251107;065057.068;;25318.00;25318.00;1;ASK;;;;;
20251107;065057.068;25316.25;;25316.25;1;BID;;;;;
20251107;065057.068;25316.25;;25316.25;2;BID;;;;;
20251107;065057.068;25316.25;;25316.25;3;BID;;;;;
20251107;065057.068;25316.50;;25316.50;1;BID;;;;;
20251107;065057.068;25316.75;;25316.75;1;BID;;;;;
20251107;065057.068;25317.00;;25317.00;1;BID;;;;;
20251107;065057.076;;25318.00;25318.00;2;ASK;;;;;
20251107;065057.076;;25317.75;25317.75;1;ASK;;;;;
20251107;065057.104;25316.75;;25316.75;1;BID;;;;;
20251107;065057.260;25316.75;;25316.75;2;BID;;;;;
20251107;065057.260;25317.00;;25317.00;1;BID;;;;;
20251107;065057.260;;25318.00;25318.00;1;ASK;;;;;
20251107;065057.552;;25318.00;25318.00;2;ASK;;;;;
20251107;065057.552;;25317.75;25317.75;1;ASK;;;;;
20251107;065057.552;25316.75;;25316.75;2;BID;;;;;
20251107;065057.624;25317.00;;25317.00;1;BID;;;;;
20251107;065057.624;;25318.00;25318.00;3;ASK;;;;;
20251107;065057.708;;25317.75;25317.75;1;ASK;;;;;
20251107;065057.708;25316.75;;25316.75;2;BID;;;;;
20251107;065058.428;25316.75;;25316.75;3;BID;;;;;
20251107;065058.428;25317.00;;25317.00;1;BID;;;;;
20251107;065058.432;;25318.00;25318.00;3;ASK;;;;;
20251107;065058.492;25317.25;;25317.25;1;BID;;;;;
20251107;065058.504;25317.00;;25317.00;1;BID;;;;;
20251107;065058.504;;25317.75;25317.75;1;ASK;;;;;
20251107;065058.504;;25318.00;25318.00;3;ASK;;;;;
20251107;065059.028;25317.00;;25317.00;2;BID;;;;;
20251107;065059.028;25317.25;;25317.25;1;BID;;;;;
20251107;065059.028;;25318.00;25318.00;2;ASK;;;;;
20251107;065059.212;25317.25;;25317.25;2;BID;;;;;
20251107;065059.796;25317.25;;25317.25;1;BID;;;;;
20251107;065059.796;25317.00;;25317.00;5;BID;;;;;
20251107;065059.796;25317.00;;25317.00;4;BID;;;;;
20251107;065059.796;25317.00;;25317.00;3;BID;;;;;
20251107;065059.804;25317.25;;25317.25;1;BID;;;;;
20251107;065059.804;25317.00;;25317.00;3;BID;;;;;
20251107;065059.804;25317.25;;25317.25;1;BID;;;;;
20251107;065100.048;25317.25;;25317.25;2;BID;;;;;
20251107;065100.768;25317.25;;25317.25;3;BID;;;;;
20251107;065100.956;25317.25;;25317.25;2;BID;;;;;
20251107;065101.252;;25318.00;25318.00;3;ASK;;;;;
20251107;065101.304;;25317.75;25317.75;1;ASK;;;;;
20251107;065101.304;;25318.00;25318.00;3;ASK;;;;;
20251107;065101.304;;25318.00;25318.00;2;ASK;;;;;
20251107;065101.568;;25318.00;25318.00;3;ASK;;;;;
20251107;065103.124;25317.25;;25317.25;3;BID;;;;;
20251107;065103.124;;25318.00;25318.00;1;ASK;;;;;
20251107;065103.124;;25318.00;25318.00;1;ASK;;;;;
20251107;065103.124;;25318.00;25318.00;1;ASK;;;;;
20251107;065103.124;;25318.25;25318.25;1;ASK;;;;;
20251107;065103.124;25317.50;;25317.50;1;BID;;;;;
20251107;065103.124;25317.75;;25317.75;1;BID;;;;;
20251107;065103.124;;25318.25;25318.25;1;ASK;;;;;
20251107;065103.124;;25318.75;25318.75;2;ASK;;;;;
20251107;065103.128;;25318.75;25318.75;1;ASK;;;;;
20251107;065103.128;25318.00;;25318.00;1;BID;;;;;
20251107;065103.128;;25319.00;25319.00;2;ASK;;;;;
20251107;065103.128;25317.75;;25317.75;1;BID;;;;;
20251107;065103.128;;25318.75;25318.75;1;ASK;;;;;
20251107;065103.128;;25319.00;25319.00;2;ASK;;;;;
20251107;065103.128;25318.00;;25318.00;1;BID;;;;;
20251107;065103.128;25318.25;;25318.25;1;BID;;;;;
20251107;065103.128;25318.00;;25318.00;1;BID;;;;;
20251107;065103.128;;25318.75;25318.75;1;ASK;;;;;
20251107;065103.128;;25319.00;25319.00;2;ASK;;;;;
20251107;065103.128;25317.75;;25317.75;2;BID;;;;;
20251107;065103.128;;25318.75;25318.75;1;ASK;;;;;
20251107;065103.236;25317.75;;25317.75;3;BID;;;;;
20251107;065103.264;25318.00;;25318.00;1;BID;;;;;
20251107;065103.264;;25319.00;25319.00;2;ASK;;;;;
20251107;065103.340;25318.00;;25318.00;2;BID;;;;;
20251107;065103.380;25318.25;;25318.25;1;BID;;;;;
20251107;065103.492;25318.25;;25318.25;2;BID;;;;;
20251107;065103.792;25318.25;;25318.25;1;BID;;;;;
20251107;065103.792;25318.00;;25318.00;3;BID;;;;;
20251107;065103.792;25318.00;;25318.00;2;BID;;;;;
20251107;065103.796;25318.25;;25318.25;1;BID;;;;;
20251107;065103.904;25318.25;;25318.25;2;BID;;;;;
20251107;065104.400;25318.25;;25318.25;1;BID;;;;;
20251107;065104.400;25318.00;;25318.00;2;BID;;;;;
20251107;065104.480;25318.00;;25318.00;3;BID;;;;;
20251107;065104.480;25318.25;;25318.25;1;BID;;;;;
20251107;065104.612;;25319.00;25319.00;1;ASK;;;;;
20251107;065104.612;;25319.00;25319.00;1;ASK;;;;;
20251107;065104.612;25318.50;;25318.50;1;BID;;;;;
20251107;065104.612;25318.25;;25318.25;2;BID;;;;;
20251107;065105.388;25318.50;;25318.50;1;BID;;;;;
20251107;065105.388;25318.25;;25318.25;3;BID;;;;;
20251107;065105.392;25318.25;;25318.25;2;BID;;;;;
20251107;065105.468;25318.50;;25318.50;1;BID;;;;;
20251107;065105.472;25318.25;;25318.25;2;BID;;;;;
20251107;065105.648;25318.25;;25318.25;3;BID;;;;;
20251107;065105.716;25318.25;;25318.25;1;BID;;;;;
20251107;065105.716;25318.25;;25318.25;1;BID;;;;;
20251107;065105.716;25318.25;;25318.25;1;BID;;;;;
20251107;065105.716;25318.00;;25318.00;4;BID;;;;;
20251107;065105.716;;25318.75;25318.75;1;ASK;;;;;
20251107;065105.716;25318.00;;25318.00;3;BID;;;;;
20251107;065105.716;25318.00;;25318.00;2;BID;;;;;
20251107;065105.716;25318.00;;25318.00;1;BID;;;;;
20251107;065105.716;25318.00;;25318.00;1;BID;;;;;
20251107;065105.716;25317.50;;25317.50;2;BID;;;;;
20251107;065105.716;;25318.75;25318.75;2;ASK;;;;;
20251107;065105.716;25317.50;;25317.50;1;BID;;;;;
20251107;065105.716;25317.25;;25317.25;2;BID;;;;;
20251107;065105.720;25317.25;;25317.25;1;BID;;;;;
20251107;065105.720;;25318.75;25318.75;3;ASK;;;;;
20251107;065105.720;;25318.75;25318.75;4;ASK;;;;;
20251107;065105.720;;25318.75;25318.75;5;ASK;;;;;
20251107;065105.720;;25318.75;25318.75;6;ASK;;;;;
20251107;065105.720;;25318.50;25318.50;1;ASK;;;;;
20251107;065105.720;;25318.25;25318.25;1;ASK;;;;;
20251107;065105.720;25317.50;;25317.50;1;BID;;;;;
20251107;065105.720;;25318.25;25318.25;2;ASK;;;;;
20251107;065105.720;25317.50;;25317.50;1;BID;;;;;
20251107;065105.720;25317.25;;25317.25;1;BID;;;;;
20251107;065105.720;;25318.25;25318.25;3;ASK;;;;;
20251107;065105.720;;25318.00;25318.00;1;ASK;;;;;
20251107;065105.720;;25317.75;25317.75;1;ASK;;;;;
20251107;065105.720;25317.25;;25317.25;1;BID;;;;;
20251107;065105.720;25316.50;;25316.50;1;BID;;;;;
20251107;065105.720;;25318.00;25318.00;3;ASK;;;;;
20251107;065105.720;;25318.00;25318.00;4;ASK;;;;;
20251107;065105.720;;25318.00;25318.00;5;ASK;;;;;
20251107;065105.720;25316.50;;25316.50;2;BID;;;;;
20251107;065105.720;;25317.50;25317.50;1;ASK;;;;;
20251107;065105.720;25316.50;;25316.50;1;BID;;;;;
20251107;065105.720;25316.75;;25316.75;1;BID;;;;;
20251107;065105.720;25316.50;;25316.50;1;BID;;;;;
20251107;065105.720;25316.25;;25316.25;1;BID;;;;;
20251107;065105.720;;25317.75;25317.75;3;ASK;;;;;
20251107;065105.720;25316.25;;25316.25;2;BID;;;;;
20251107;065105.720;25316.50;;25316.50;1;BID;;;;;
20251107;065105.720;;25317.75;25317.75;2;ASK;;;;;
20251107;065105.720;25316.50;;25316.50;2;BID;;;;;
20251107;065105.720;25316.75;;25316.75;1;BID;;;;;
20251107;065105.720;;25317.75;25317.75;1;ASK;;;;;
20251107;065105.720;;25318.00;25318.00;4;ASK;;;;;
20251107;065105.720;;25318.00;25318.00;3;ASK;;;;;
20251107;065105.724;;25318.00;25318.00;2;ASK;;;;;
20251107;065105.724;25316.75;;25316.75;2;BID;;;;;
20251107;065105.724;;25318.00;25318.00;1;ASK;;;;;
20251107;065105.724;25317.00;;25317.00;1;BID;;;;;
20251107;065105.724;;25317.75;25317.75;1;ASK;;;;;
20251107;065105.724;25316.75;;25316.75;2;BID;;;;;
20251107;065105.784;;25317.50;25317.50;1;ASK;;;;;
20251107;065105.784;25316.75;;25316.75;3;BID;;;;;
20251107;065105.784;25316.75;;25316.75;2;BID;;;;;
20251107;065105.784;25316.75;;25316.75;1;BID;;;;;
20251107;065105.784;25317.00;;25317.00;1;BID;;;;;
20251107;065105.784;;25317.75;25317.75;1;ASK;;;;;
20251107;065105.784;25316.75;;25316.75;1;BID;;;;;
20251107;065105.784;25316.50;;25316.50;3;BID;;;;;
20251107;065105.784;;25318.00;25318.00;1;ASK;;;;;
20251107;065105.784;;25317.50;25317.50;1;ASK;;;;;
20251107;065105.784;25316.50;;25316.50;2;BID;;;;;
20251107;065105.784;25316.75;;25316.75;1;BID;;;;;
20251107;065105.784;;25318.00;25318.00;1;ASK;;;;;
20251107;065105.784;;25318.00;25318.00;2;ASK;;;;;
20251107;065105.784;;25318.00;25318.00;3;ASK;;;;;
20251107;065105.784;;25317.75;25317.75;1;ASK;;;;;
20251107;065105.784;;25317.75;25317.75;2;ASK;;;;;
20251107;065105.784;25316.50;;25316.50;2;BID;;;;;
20251107;065105.784;;25317.50;25317.50;1;ASK;;;;;
20251107;065105.796;;25317.25;25317.25;1;ASK;;;;;
20251107;065105.808;;25317.50;25317.50;1;ASK;;;;;
20251107;065105.812;25316.50;;25316.50;1;BID;;;;;
20251107;065105.812;25316.50;;25316.50;1;BID;;;;;
20251107;065105.812;;25317.25;25317.25;1;ASK;;;;;
20251107;065105.812;;25317.00;25317.00;1;ASK;;;;;
20251107;065105.812;25316.25;;25316.25;1;BID;;;;;
20251107;065105.812;25316.00;;25316.00;2;BID;;;;;
20251107;065105.812;25316.00;;25316.00;3;BID;;;;;
20251107;065105.812;25316.00;;25316.00;2;BID;;;;;
20251107;065105.812;25316.00;;25316.00;1;BID;;;;;
20251107;065105.812;25316.25;;25316.25;1;BID;;;;;
20251107;065105.812;;25317.25;25317.25;1;ASK;;;;;
20251107;065105.812;25315.75;;25315.75;2;BID;;;;;
20251107;065105.812;;25317.00;25317.00;1;ASK;;;;;
20251107;065105.812;25316.00;;25316.00;1;BID;;;;;
20251107;065105.812;;25317.25;25317.25;1;ASK;;;;;
20251107;065105.812;25316.25;;25316.25;1;BID;;;;;
20251107;065105.812;25316.00;;25316.00;1;BID;;;;;
20251107;065105.812;;25317.00;25317.00;1;ASK;;;;;
20251107;065105.812;25316.00;;25316.00;2;BID;;;;;
20251107;065105.812;25316.25;;25316.25;1;BID;;;;;
20251107;065105.816;25316.00;;25316.00;2;BID;;;;;
20251107;065105.816;;25316.75;25316.75;1;ASK;;;;;
20251107;065105.832;25316.00;;25316.00;1;BID;;;;;
20251107;065105.832;25315.75;;25315.75;1;BID;;;;;
20251107;065105.832;25315.50;;25315.50;2;BID;;;;;
20251107;065105.832;;25317.00;25317.00;1;ASK;;;;;
20251107;065105.832;25315.50;;25315.50;3;BID;;;;;
20251107;065105.832;25315.75;;25315.75;1;BID;;;;;
20251107;065105.832;25315.75;;25315.75;2;BID;;;;;
20251107;065105.832;25316.00;;25316.00;1;BID;;;;;
20251107;065105.848;25316.00;;25316.00;2;BID;;;;;
20251107;065105.848;;25316.75;25316.75;1;ASK;;;;;
20251107;065105.864;;25317.00;25317.00;1;ASK;;;;;
20251107;065105.984;;25316.75;25316.75;1;ASK;;;;;
20251107;065105.984;25316.00;;25316.00;1;BID;;;;;
20251107;065105.984;25315.75;;25315.75;1;BID;;;;;
20251107;065105.984;25315.75;;25315.75;2;BID;;;;;
20251107;065105.984;25316.00;;25316.00;1;BID;;;;;
20251107;065105.984;;25317.00;25317.00;1;ASK;;;;;
20251107;065106.000;;25316.75;25316.75;1;ASK;;;;;
20251107;065106.160;;25316.75;25316.75;1;ASK;;;;;
20251107;065106.160;;25317.00;25317.00;1;ASK;;;;;
20251107;065106.160;25316.25;;25316.25;1;BID;;;;;
20251107;065106.160;;25317.25;25317.25;1;ASK;;;;;
20251107;065106.160;;25317.50;25317.50;2;ASK;;;;;
20251107;065106.160;25316.25;;25316.25;2;BID;;;;;
20251107;065106.160;;25317.50;25317.50;1;ASK;;;;;
20251107;065106.160;;25317.00;25317.00;1;ASK;;;;;
20251107;065106.160;;25317.50;25317.50;1;ASK;;;;;
20251107;065106.160;25316.25;;25316.25;1;BID;;;;;
20251107;065106.164;;25317.25;25317.25;1;ASK;;;;;
20251107;065106.164;25316.00;;25316.00;1;BID;;;;;
20251107;065106.164;25316.00;;25316.00;2;BID;;;;;
20251107;065106.164;;25317.00;25317.00;1;ASK;;;;;
20251107;065106.224;25316.25;;25316.25;1;BID;;;;;
20251107;065106.224;;25317.25;25317.25;1;ASK;;;;;
20251107;065106.320;;25317.00;25317.00;1;ASK;;;;;
20251107;065106.320;25316.25;;25316.25;2;BID;;;;;
20251107;065106.320;25316.25;;25316.25;1;BID;;;;;
20251107;065106.320;25316.00;;25316.00;3;BID;;;;;
20251107;065106.320;;25317.25;25317.25;1;ASK;;;;;
20251107;065106.320;25316.00;;25316.00;2;BID;;;;;
20251107;065106.320;25316.25;;25316.25;1;BID;;;;;
20251107;065106.436;25316.25;;25316.25;2;BID;;;;;
20251107;065106.632;;25317.00;25317.00;1;ASK;;;;;
20251107;065106.632;25316.25;;25316.25;1;BID;;;;;
20251107;065106.632;25316.00;;25316.00;2;BID;;;;;
20251107;065107.084;25316.25;;25316.25;1;BID;;;;;
20251107;065107.196;25316.25;;25316.25;2;BID;;;;;
20251107;065107.196;;25317.25;25317.25;1;ASK;;;;;
20251107;065107.208;;25317.00;25317.00;1;ASK;;;;;
20251107;065107.252;25316.25;;25316.25;1;BID;;;;;
20251107;065107.252;25316.00;;25316.00;2;BID;;;;;
20251107;065107.256;25316.25;;25316.25;1;BID;;;;;
20251107;065107.364;25316.00;;25316.00;2;BID;;;;;
20251107;065107.364;;25316.75;25316.75;1;ASK;;;;;
20251107;065107.364;25316.25;;25316.25;1;BID;;;;;
20251107;065107.364;;25317.00;25317.00;1;ASK;;;;;
20251107;065107.364;25316.00;;25316.00;2;BID;;;;;
20251107;065107.368;;25317.25;25317.25;1;ASK;;;;;
20251107;065107.368;25316.25;;25316.25;1;BID;;;;;
20251107;065107.472;25316.25;;25316.25;2;BID;;;;;
20251107;065107.472;25316.50;;25316.50;1;BID;;;;;
20251107;065107.492;25316.25;;25316.25;2;BID;;;;;
20251107;065107.784;;25317.00;25317.00;1;ASK;;;;;
20251107;065107.956;;25317.25;25317.25;1;ASK;;;;;
20251107;065107.956;25316.50;;25316.50;1;BID;;;;;
20251107;065107.956;;25317.50;25317.50;2;ASK;;;;;
20251107;065107.956;;25317.50;25317.50;1;ASK;;;;;
20251107;065107.956;25316.75;;25316.75;1;BID;;;;;
20251107;065107.960;25317.00;;25317.00;1;BID;;;;;
20251107;065107.960;;25317.75;25317.75;2;ASK;;;;;
20251107;065107.960;;25317.75;25317.75;1;ASK;;;;;
20251107;065107.960;;25318.00;25318.00;2;ASK;;;;;
20251107;065107.960;;25318.00;25318.00;1;ASK;;;;;
20251107;065107.960;;25318.50;25318.50;2;ASK;;;;;
20251107;065107.960;25317.25;;25317.25;1;BID;;;;;
20251107;065107.960;;25318.50;25318.50;1;ASK;;;;;
20251107;065107.960;;25318.75;25318.75;5;ASK;;;;;
20251107;065107.960;;25318.25;25318.25;1;ASK;;;;;
20251107;065107.960;25317.00;;25317.00;2;BID;;;;;
20251107;065107.960;;25318.00;25318.00;1;ASK;;;;;
20251107;065107.968;;25318.00;25318.00;2;ASK;;;;;
20251107;065107.976;;25318.00;25318.00;1;ASK;;;;;
20251107;065107.976;;25317.75;25317.75;1;ASK;;;;;
20251107;065107.976;25317.00;;25317.00;1;BID;;;;;
20251107;065107.976;;25318.00;25318.00;1;ASK;;;;;
20251107;065107.976;25317.25;;25317.25;1;BID;;;;;
20251107;065107.976;25317.00;;25317.00;1;BID;;;;;
20251107;065107.976;;25317.75;25317.75;1;ASK;;;;;
20251107;065108.076;;25318.00;25318.00;1;ASK;;;;;
20251107;065108.076;25317.25;;25317.25;1;BID;;;;;
20251107;065108.076;25317.00;;25317.00;1;BID;;;;;
20251107;065108.140;25317.00;;25317.00;1;BID;;;;;
20251107;065108.140;25316.75;;25316.75;3;BID;;;;;
20251107;065108.140;;25317.75;25317.75;1;ASK;;;;;
20251107;065108.140;25316.75;;25316.75;2;BID;;;;;
20251107;065108.140;;25317.75;25317.75;2;ASK;;;;;
20251107;065108.140;25316.75;;25316.75;1;BID;;;;;
20251107;065108.152;;25317.50;25317.50;1;ASK;;;;;
20251107;065108.152;25316.75;;25316.75;2;BID;;;;;
20251107;065108.152;;25317.75;25317.75;1;ASK;;;;;
20251107;065108.160;25317.00;;25317.00;1;BID;;;;;
20251107;065108.628;25316.75;;25316.75;2;BID;;;;;
20251107;065108.628;;25317.50;25317.50;1;ASK;;;;;
20251107;065108.628;25316.75;;25316.75;1;BID;;;;;
20251107;065108.628;25316.50;;25316.50;1;BID;;;;;
20251107;065108.668;;25317.25;25317.25;1;ASK;;;;;
20251107;065108.668;25316.25;;25316.25;1;BID;;;;;
20251107;065108.768;25316.25;;25316.25;2;BID;;;;;
20251107;065108.768;25316.50;;25316.50;1;BID;;;;;
20251107;065108.768;;25317.50;25317.50;1;ASK;;;;;
20251107;065108.768;;25317.25;25317.25;1;ASK;;;;;
20251107;065108.768;25316.25;;25316.25;2;BID;;;;;
20251107;065108.780;25316.50;;25316.50;1;BID;;;;;
20251107;065108.780;;25317.50;25317.50;1;ASK;;;;;
20251107;065108.844;;25317.25;25317.25;1;ASK;;;;;
20251107;065108.844;25316.25;;25316.25;2;BID;;;;;
20251107;065109.072;;25317.50;25317.50;1;ASK;;;;;
20251107;065109.072;25316.50;;25316.50;1;BID;;;;;
20251107;065109.928;;25317.25;25317.25;1;ASK;;;;;
20251107;065109.928;25316.25;;25316.25;2;BID;;;;;
20251107;065109.936;25316.50;;25316.50;1;BID;;;;;
20251107;065109.936;;25317.50;25317.50;1;ASK;;;;;
20251107;065110.920;;25317.25;25317.25;1;ASK;;;;;
20251107;065110.920;25316.25;;25316.25;2;BID;;;;;
20251107;065110.920;25316.25;;25316.25;1;BID;;;;;
20251107;065111.060;;25317.00;25317.00;1;ASK;;;;;
20251107;065111.060;;25317.25;25317.25;1;ASK;;;;;
20251107;065111.124;25316.50;;25316.50;1;BID;;;;;
20251107;065111.640;;25317.00;25317.00;1;ASK;;;;;
20251107;065111.640;25316.25;;25316.25;1;BID;;;;;
20251107;065111.640;25316.00;;25316.00;3;BID;;;;;
20251107;065111.640;25316.00;;25316.00;2;BID;;;;;
20251107;065111.644;25316.00;;25316.00;1;BID;;;;;
20251107;065111.760;25315.75;;25315.75;1;BID;;;;;
20251107;065111.760;;25316.75;25316.75;1;ASK;;;;;
20251107;065111.868;25316.00;;25316.00;1;BID;;;;;
20251107;065111.868;;25317.00;25317.00;1;ASK;;;;;
20251107;065111.868;;25317.25;25317.25;1;ASK;;;;;
20251107;065111.868;25316.25;;25316.25;1;BID;;;;;
20251107;065111.868;25316.25;;25316.25;2;BID;;;;;
20251107;065111.868;25316.25;;25316.25;1;BID;;;;;
20251107;065111.920;;25317.00;25317.00;1;ASK;;;;;
20251107;065111.920;25316.00;;25316.00;1;BID;;;;;
20251107;065112.964;;25316.75;25316.75;1;ASK;;;;;
20251107;065112.992;;25317.00;25317.00;1;ASK;;;;;
20251107;065112.992;25316.25;;25316.25;1;BID;;;;;
20251107;065113.052;;25316.75;25316.75;1;ASK;;;;;
20251107;065113.052;25316.00;;25316.00;1;BID;;;;;
20251107;065113.140;;25317.00;25317.00;1;ASK;;;;;
20251107;065113.764;25316.00;;25316.00;2;BID;;;;;
20251107;065113.764;25316.25;;25316.25;1;BID;;;;;
20251107;065114.052;25316.00;;25316.00;2;BID;;;;;
20251107;065114.052;;25316.75;25316.75;1;ASK;;;;;
20251107;065115.012;25316.25;;25316.25;1;BID;;;;;
20251107;065115.012;;25317.00;25317.00;1;ASK;;;;;
20251107;065115.012;;25317.25;25317.25;1;ASK;;;;;
20251107;065115.052;;25317.00;25317.00;1;ASK;;;;;
20251107;065115.052;25316.00;;25316.00;2;BID;;;;;
20251107;065115.052;25316.25;;25316.25;1;BID;;;;;
20251107;065115.052;;25316.75;25316.75;1;ASK;;;;;
20251107;065115.052;25316.00;;25316.00;2;BID;;;;;
20251107;065115.064;;25317.00;25317.00;1;ASK;;;;;
20251107;065115.064;25316.00;;25316.00;1;BID;;;;;
20251107;065115.064;;25316.75;25316.75;1;ASK;;;;;
20251107;065115.064;;25317.00;25317.00;1;ASK;;;;;
20251107;065115.392;;25316.75;25316.75;1;ASK;;;;;
20251107;065115.856;25315.75;;25315.75;2;BID;;;;;
20251107;065115.920;;25317.00;25317.00;1;ASK;;;;;
20251107;065115.920;25316.00;;25316.00;1;BID;;;;;
20251107;065115.920;;25316.75;25316.75;1;ASK;;;;;
20251107;065115.920;;25317.00;25317.00;1;ASK;;;;;
20251107;065116.020;;25317.00;25317.00;1;ASK;;;;;
20251107;065116.020;;25317.00;25317.00;1;ASK;;;;;
20251107;065116.020;;25317.25;25317.25;1;ASK;;;;;
20251107;065116.020;25317.00;;25317.00;1;BID;;;;;
20251107;065116.020;25316.25;;25316.25;1;BID;;;;;
20251107;065116.020;;25317.50;25317.50;3;ASK;;;;;
20251107;065116.020;;25317.50;25317.50;2;ASK;;;;;
20251107;065116.020;;25317.50;25317.50;1;ASK;;;;;
20251107;065116.020;25316.25;;25316.25;2;BID;;;;;
20251107;065116.024;25316.25;;25316.25;3;BID;;;;;
20251107;065116.024;25316.25;;25316.25;2;BID;;;;;
20251107;065116.024;;25317.25;25317.25;1;ASK;;;;;
20251107;065116.024;25316.25;;25316.25;1;BID;;;;;
20251107;065116.024;25316.00;;25316.00;1;BID;;;;;
20251107;065116.024;;25317.00;25317.00;1;ASK;;;;;
20251107;065116.372;;25316.75;25316.75;1;ASK;;;;;
20251107;065116.372;25315.75;;25315.75;2;BID;;;;;
20251107;065116.416;;25316.75;25316.75;2;ASK;;;;;
20251107;065116.416;25315.75;;25315.75;3;BID;;;;;
20251107;065116.536;25315.75;;25315.75;2;BID;;;;;
20251107;065116.536;;25316.50;25316.50;1;ASK;;;;;
20251107;065116.536;;25316.75;25316.75;1;ASK;;;;;
20251107;065116.536;25315.75;;25315.75;1;BID;;;;;
20251107;065116.536;;25316.50;25316.50;1;ASK;;;;;
20251107;065116.556;;25316.75;25316.75;1;ASK;;;;;
20251107;065116.556;;25316.50;25316.50;1;ASK;;;;;
20251107;065116.556;;25316.75;25316.75;1;ASK;;;;;
20251107;065116.560;;25316.75;25316.75;2;ASK;;;;;
20251107;065116.560;;25316.50;25316.50;1;ASK;;;;;
20251107;065116.616;;25316.75;25316.75;2;ASK;;;;;
20251107;065116.616;;25316.75;25316.75;1;ASK;;;;;
20251107;065116.620;;25316.75;25316.75;2;ASK;;;;;
20251107;065116.620;;25316.50;25316.50;1;ASK;;;;;
20251107;065117.032;25315.50;;25315.50;3;BID;;;;;
20251107;065117.036;25315.50;;25315.50;2;BID;;;;;
20251107;065117.072;25315.75;;25315.75;1;BID;;;;;
20251107;065117.124;25315.50;;25315.50;2;BID;;;;;
20251107;065117.532;;25316.00;25316.00;1;ASK;;;;;
20251107;065117.620;25315.50;;25315.50;1;BID;;;;;
20251107;065117.620;25315.50;;25315.50;1;BID;;;;;
20251107;065117.620;25315.25;;25315.25;1;BID;;;;;
20251107;065117.620;;25315.75;25315.75;1;ASK;;;;;
20251107;065117.620;25315.00;;25315.00;2;BID;;;;;
20251107;065117.620;25315.00;;25315.00;1;BID;;;;;
20251107;065117.620;25314.75;;25314.75;1;BID;;;;;
20251107;065117.624;25314.50;;25314.50;1;BID;;;;;
20251107;065117.624;25314.75;;25314.75;1;BID;;;;;
20251107;065117.740;25315.00;;25315.00;1;BID;;;;;
20251107;065117.764;25314.75;;25314.75;1;BID;;;;;
20251107;065117.764;25314.75;;25314.75;2;BID;;;;;
20251107;065117.816;;25315.75;25315.75;2;ASK;;;;;
20251107;065118.792;25315.00;;25315.00;1;BID;;;;;
20251107;065118.792;;25315.75;25315.75;1;ASK;;;;;
20251107;065118.936;25314.75;;25314.75;2;BID;;;;;
20251107;065119.856;;25315.75;25315.75;2;ASK;;;;;
20251107;065119.856;25314.75;;25314.75;1;BID;;;;;
20251107;065119.856;;25315.50;25315.50;1;ASK;;;;;
20251107;065119.856;25314.50;;25314.50;1;BID;;;;;
20251107;065119.856;25314.25;;25314.25;1;BID;;;;;
20251107;065119.856;25314.25;;25314.25;2;BID;;;;;
20251107;065119.856;25314.50;;25314.50;1;BID;;;;;
20251107;065119.856;25314.75;;25314.75;1;BID;;;;;
20251107;065119.860;;25315.75;25315.75;1;ASK;;;;;
20251107;065119.872;;25315.75;25315.75;2;ASK;;;;;
20251107;065119.872;;25315.50;25315.50;1;ASK;;;;;
20251107;065119.872;25314.50;;25314.50;1;BID;;;;;
20251107;065119.876;25314.75;;25314.75;1;BID;;;;;
20251107;065119.876;;25315.75;25315.75;1;ASK;;;;;
20251107;065119.876;25315.00;;25315.00;1;BID;;;;;
20251107;065119.876;25314.75;;25314.75;1;BID;;;;;
20251107;065119.876;25315.00;;25315.00;1;BID;;;;;
20251107;065119.876;;25316.50;25316.50;1;ASK;;;;;
20251107;065119.876;25315.25;;25315.25;1;BID;;;;;
20251107;065119.876;;25316.25;25316.25;1;ASK;;;;;
20251107;065119.876;;25316.00;25316.00;1;ASK;;;;;
20251107;065119.876;;25316.25;25316.25;1;ASK;;;;;
20251107;065119.944;;25316.00;25316.00;1;ASK;;;;;
20251107;065119.944;25315.00;;25315.00;2;BID;;;;;
20251107;065119.952;25315.00;;25315.00;1;BID;;;;;
20251107;065119.952;;25315.75;25315.75;1;ASK;;;;;
20251107;065120.080;;25316.00;25316.00;1;ASK;;;;;
20251107;065120.248;;25315.75;25315.75;1;ASK;;;;;
20251107;065120.248;25314.75;;25314.75;2;BID;;;;;
20251107;065120.248;25314.75;;25314.75;1;BID;;;;;
20251107;065120.252;25315.00;;25315.00;1;BID;;;;;
20251107;065120.252;;25316.00;25316.00;1;ASK;;;;;
20251107;065120.752;;25315.75;25315.75;1;ASK;;;;;
20251107;065120.752;25314.75;;25314.75;1;BID;;;;;
20251107;065120.772;;25315.50;25315.50;1;ASK;;;;;
20251107;065120.812;25315.00;;25315.00;1;BID;;;;;
20251107;065120.812;;25315.75;25315.75;1;ASK;;;;;
20251107;065120.812;;25316.00;25316.00;1;ASK;;;;;
20251107;065121.476;;25315.75;25315.75;1;ASK;;;;;
20251107;065121.476;25314.75;;25314.75;1;BID;;;;;
20251107;065121.476;;25315.50;25315.50;1;ASK;;;;;
20251107;065121.496;25315.00;;25315.00;1;BID;;;;;
20251107;065121.496;;25315.75;25315.75;1;ASK;;;;;
20251107;065121.496;;25316.00;25316.00;1;ASK;;;;;
20251107;065121.524;25315.00;;25315.00;1;BID;;;;;
20251107;065121.524;25314.75;;25314.75;1;BID;;;;;
20251107;065121.524;;25315.75;25315.75;1;ASK;;;;;
20251107;065121.524;;25315.50;25315.50;1;ASK;;;;;
20251107;065121.524;25314.50;;25314.50;1;BID;;;;;
20251107;065121.524;25314.75;;25314.75;1;BID;;;;;
20251107;065121.524;;25315.75;25315.75;1;ASK;;;;;
20251107;065121.564;25314.75;;25314.75;2;BID;;;;;
20251107;065121.564;25315.00;;25315.00;1;BID;;;;;
20251107;065121.628;25314.75;;25314.75;2;BID;;;;;
20251107;065121.936;25315.00;;25315.00;1;BID;;;;;
20251107;065121.936;;25316.00;25316.00;2;ASK;;;;;
20251107;065121.936;;25316.00;25316.00;1;ASK;;;;;
20251107;065121.956;25315.00;;25315.00;1;BID;;;;;
20251107;065121.956;25314.75;;25314.75;2;BID;;;;;
20251107;065121.956;;25315.75;25315.75;1;ASK;;;;;
20251107;065122.384;;25316.00;25316.00;1;ASK;;;;;
20251107;065122.444;25314.75;;25314.75;3;BID;;;;;
20251107;065122.576;25314.75;;25314.75;4;BID;;;;;
20251107;065122.708;25314.75;;25314.75;1;BID;;;;;
20251107;065122.708;25314.75;;25314.75;3;BID;;;;;
20251107;065122.708;;25315.75;25315.75;1;ASK;;;;;
20251107;065122.708;;25315.75;25315.75;2;ASK;;;;;
20251107;065122.708;25314.75;;25314.75;2;BID;;;;;
20251107;065122.708;;25315.75;25315.75;1;ASK;;;;;
20251107;065122.724;;25316.00;25316.00;1;ASK;;;;;
20251107;065122.764;;25315.75;25315.75;1;ASK;;;;;
20251107;065122.864;;25315.50;25315.50;1;ASK;;;;;
20251107;065122.864;25314.75;;25314.75;1;BID;;;;;
20251107;065122.864;;25315.75;25315.75;1;ASK;;;;;
20251107;065123.068;25314.75;;25314.75;2;BID;;;;;
20251107;065123.068;25314.75;;25314.75;3;BID;;;;;
20251107;065123.084;;25316.00;25316.00;1;ASK;;;;;
20251107;065123.084;25314.75;;25314.75;2;BID;;;;;
20251107;065123.136;;25315.75;25315.75;1;ASK;;;;;
20251107;065123.240;;25316.00;25316.00;1;ASK;;;;;
20251107;065123.296;;25315.75;25315.75;1;ASK;;;;;
20251107;065123.348;;25316.00;25316.00;1;ASK;;;;;
20251107;065123.456;;25315.75;25315.75;1;ASK;;;;;
20251107;065123.508;;25316.00;25316.00;1;ASK;;;;;
20251107;065123.560;;25315.75;25315.75;1;ASK;;;;;
20251107;065123.616;;25316.00;25316.00;1;ASK;;;;;
20251107;065123.992;;25315.75;25315.75;1;ASK;;;;;
20251107;065123.992;;25315.50;25315.50;1;ASK;;;;;
20251107;065123.996;25314.75;;25314.75;1;BID;;;;;
20251107;065124.052;25314.75;;25314.75;1;BID;;;;;
20251107;065124.052;25314.50;;25314.50;1;BID;;;;;
20251107;065124.052;;25315.25;25315.25;1;ASK;;;;;
20251107;065124.096;;25315.50;25315.50;1;ASK;;;;;
20251107;065124.096;;25315.75;25315.75;1;ASK;;;;;
20251107;065124.108;;25315.75;25315.75;2;ASK;;;;;
20251107;065124.108;;25315.50;25315.50;1;ASK;;;;;
20251107;065124.228;;25315.75;25315.75;1;ASK;;;;;
20251107;065124.228;;25315.50;25315.50;1;ASK;;;;;
20251107;065124.228;;25315.25;25315.25;1;ASK;;;;;
20251107;065124.252;;25315.50;25315.50;1;ASK;;;;;
20251107;065124.440;25314.50;;25314.50;2;BID;;;;;
20251107;065124.440;;25315.75;25315.75;1;ASK;;;;;
20251107;065124.468;;25315.50;25315.50;1;ASK;;;;;
20251107;065124.520;;25315.75;25315.75;1;ASK;;;;;
20251107;065124.572;;25315.50;25315.50;1;ASK;;;;;
20251107;065124.624;;25315.75;25315.75;1;ASK;;;;;
20251107;065124.676;;25315.50;25315.50;1;ASK;;;;;
20251107;065124.732;;25315.75;25315.75;1;ASK;;;;;
20251107;065124.784;;25315.50;25315.50;1;ASK;;;;;
20251107;065124.836;;25315.75;25315.75;1;ASK;;;;;
20251107;065124.848;25314.50;;25314.50;3;BID;;;;;
20251107;065125.628;;25316.00;25316.00;1;ASK;;;;;
20251107;065125.628;25314.50;;25314.50;2;BID;;;;;
20251107;065125.632;25314.50;;25314.50;3;BID;;;;;
20251107;065125.688;;25316.00;25316.00;2;ASK;;;;;
20251107;065125.704;;25315.75;25315.75;1;ASK;;;;;
20251107;065125.704;25314.50;;25314.50;2;BID;;;;;
20251107;065125.704;;25315.50;25315.50;1;ASK;;;;;
20251107;065125.704;;25315.25;25315.25;1;ASK;;;;;
20251107;065125.768;25314.50;;25314.50;1;BID;;;;;
20251107;065125.768;25314.25;;25314.25;2;BID;;;;;
20251107;065125.768;25314.25;;25314.25;1;BID;;;;;
20251107;065125.768;25314.00;;25314.00;1;BID;;;;;
20251107;065125.768;25314.00;;25314.00;2;BID;;;;;
20251107;065125.768;25314.00;;25314.00;3;BID;;;;;
20251107;065125.772;;25315.50;25315.50;1;ASK;;;;;
20251107;065125.776;25314.00;;25314.00;4;BID;;;;;
20251107;065125.796;25314.25;;25314.25;1;BID;;;;;
20251107;065125.796;25314.25;;25314.25;2;BID;;;;;
20251107;065125.800;25314.25;;25314.25;3;BID;;;;;
20251107;065125.804;;25315.75;25315.75;2;ASK;;;;;
20251107;065125.804;;25315.75;25315.75;1;ASK;;;;;
20251107;065125.808;25314.50;;25314.50;1;BID;;;;;
20251107;065125.808;25314.25;;25314.25;4;BID;;;;;
20251107;065125.808;;25315.50;25315.50;1;ASK;;;;;
20251107;065125.808;25314.25;;25314.25;3;BID;;;;;
20251107;065125.808;25314.25;;25314.25;2;BID;;;;;
20251107;065125.808;25314.25;;25314.25;3;BID;;;;;
20251107;065125.812;;25315.75;25315.75;1;ASK;;;;;
20251107;065125.812;;25316.00;25316.00;2;ASK;;;;;
20251107;065125.848;25314.50;;25314.50;1;BID;;;;;
20251107;065125.848;25314.50;;25314.50;2;BID;;;;;
20251107;065125.852;25314.50;;25314.50;3;BID;;;;;
20251107;065125.916;25314.50;;25314.50;4;BID;;;;;
20251107;065125.956;;25316.00;25316.00;1;ASK;;;;;
20251107;065125.956;25314.50;;25314.50;5;BID;;;;;
20251107;065125.956;;25316.25;25316.25;2;ASK;;;;;
20251107;065125.956;25314.75;;25314.75;1;BID;;;;;
20251107;065125.956;;25316.25;25316.25;1;ASK;;;;;
20251107;065125.956;25314.75;;25314.75;2;BID;;;;;
20251107;065125.956;25314.75;;25314.75;3;BID;;;;;
20251107;065125.956;;25316.50;25316.50;2;ASK;;;;;
20251107;065125.956;25314.75;;25314.75;4;BID;;;;;
20251107;065125.956;25314.75;;25314.75;3;BID;;;;;
20251107;065125.956;25315.00;;25315.00;1;BID;;;;;
20251107;065125.956;25315.00;;25315.00;2;BID;;;;;
20251107;065125.956;25315.00;;25315.00;3;BID;;;;;
20251107;065125.956;;25316.50;25316.50;1;ASK;;;;;
20251107;065125.976;25315.00;;25315.00;4;BID;;;;;
20251107;065126.008;;25316.25;25316.25;1;ASK;;;;;
20251107;065126.008;25315.00;;25315.00;5;BID;;;;;
20251107;065126.032;;25316.50;25316.50;1;ASK;;;;;
20251107;065126.032;25315.25;;25315.25;1;BID;;;;;
20251107;065126.036;25315.00;;25315.00;6;BID;;;;;
20251107;065126.036;25315.00;;25315.00;5;BID;;;;;
20251107;065126.112;;25316.25;25316.25;1;ASK;;;;;
20251107;065126.112;;25316.00;25316.00;1;ASK;;;;;
20251107;065126.120;;25316.25;25316.25;1;ASK;;;;;
20251107;065126.308;;25316.00;25316.00;1;ASK;;;;;
20251107;065126.308;25315.00;;25315.00;4;BID;;;;;
20251107;065126.308;25315.00;;25315.00;3;BID;;;;;
20251107;065126.308;25315.00;;25315.00;2;BID;;;;;
20251107;065126.328;;25316.25;25316.25;1;ASK;;;;;
20251107;065126.336;25315.00;;25315.00;3;BID;;;;;
20251107;065126.336;;25316.25;25316.25;2;ASK;;;;;
20251107;065126.380;;25316.00;25316.00;1;ASK;;;;;
20251107;065126.380;25315.00;;25315.00;2;BID;;;;;
20251107;065126.380;;25316.25;25316.25;1;ASK;;;;;
20251107;065126.432;;25316.00;25316.00;1;ASK;;;;;
20251107;065126.468;;25316.25;25316.25;1;ASK;;;;;
20251107;065126.468;25315.00;;25315.00;3;BID;;;;;
20251107;065126.508;;25316.25;25316.25;1;ASK;;;;;
20251107;065126.508;;25316.50;25316.50;2;ASK;;;;;
20251107;065126.508;;25316.50;25316.50;1;ASK;;;;;
20251107;065126.508;;25316.50;25316.50;2;ASK;;;;;
20251107;065126.508;25315.25;;25315.25;1;BID;;;;;
20251107;065126.508;;25316.50;25316.50;1;ASK;;;;;
20251107;065126.508;25315.25;;25315.25;2;BID;;;;;
20251107;065126.508;25315.25;;25315.25;3;BID;;;;;
20251107;065126.520;25315.50;;25315.50;1;BID;;;;;
20251107;065126.520;;25316.75;25316.75;2;ASK;;;;;
20251107;065126.520;;25316.75;25316.75;1;ASK;;;;;
20251107;065126.524;25315.50;;25315.50;2;BID;;;;;
20251107;065126.536;25315.75;;25315.75;1;BID;;;;;
20251107;065126.536;25315.50;;25315.50;1;BID;;;;;
20251107;065126.544;25315.50;;25315.50;2;BID;;;;;
20251107;065127.432;25315.50;;25315.50;1;BID;;;;;
20251107;065127.432;25315.50;;25315.50;1;BID;;;;;
20251107;065127.432;;25316.50;25316.50;1;ASK;;;;;
20251107;065127.432;25315.25;;25315.25;4;BID;;;;;
20251107;065127.432;25315.25;;25315.25;3;BID;;;;;
20251107;065127.436;;25316.25;25316.25;1;ASK;;;;;
20251107;065127.436;;25316.50;25316.50;1;ASK;;;;;
20251107;065127.444;;25316.50;25316.50;2;ASK;;;;;
20251107;065127.444;;25316.25;25316.25;1;ASK;;;;;
20251107;065127.444;25315.25;;25315.25;4;BID;;;;;
20251107;065127.444;25315.25;;25315.25;3;BID;;;;;
20251107;065127.444;25315.25;;25315.25;2;BID;;;;;
20251107;065127.496;25315.25;;25315.25;3;BID;;;;;
20251107;065127.496;;25316.50;25316.50;1;ASK;;;;;
20251107;065127.496;;25316.50;25316.50;2;ASK;;;;;
20251107;065127.496;25315.25;;25315.25;2;BID;;;;;
20251107;065127.496;25315.25;;25315.25;1;BID;;;;;
20251107;065127.496;;25316.25;25316.25;1;ASK;;;;;
20251107;065127.552;25315.25;;25315.25;2;BID;;;;;
20251107;065127.552;;25316.50;25316.50;1;ASK;;;;;
20251107;065127.604;;25316.25;25316.25;1;ASK;;;;;
20251107;065127.604;25315.25;;25315.25;1;BID;;;;;
20251107;065127.816;25315.25;;25315.25;2;BID;;;;;
20251107;065127.816;;25316.50;25316.50;1;ASK;;;;;
20251107;065128.072;25315.25;;25315.25;3;BID;;;;;
20251107;065128.316;;25316.75;25316.75;1;ASK;;;;;
20251107;065128.320;25315.25;;25315.25;4;BID;;;;;
20251107;065128.444;25315.25;;25315.25;5;BID;;;;;
20251107;065128.444;25315.25;;25315.25;6;BID;;;;;
20251107;065128.444;;25317.00;25317.00;2;ASK;;;;;
20251107;065128.444;;25317.00;25317.00;1;ASK;;;;;
20251107;065128.444;25315.50;;25315.50;1;BID;;;;;
20251107;065128.444;;25317.00;25317.00;2;ASK;;;;;
20251107;065128.444;;25317.00;25317.00;3;ASK;;;;;
20251107;065128.444;25315.50;;25315.50;2;BID;;;;;
20251107;065128.444;25315.50;;25315.50;3;BID;;;;;
20251107;065128.444;;25316.75;25316.75;1;ASK;;;;;
20251107;065128.884;;25316.75;25316.75;2;ASK;;;;;
20251107;065128.884;;25316.50;25316.50;1;ASK;;;;;
20251107;065128.884;25315.50;;25315.50;4;BID;;;;;
20251107;065128.884;;25316.75;25316.75;2;ASK;;;;;
20251107;065128.908;25315.50;;25315.50;1;BID;;;;;
20251107;065128.908;25315.50;;25315.50;3;BID;;;;;
20251107;065128.908;;25316.50;25316.50;1;ASK;;;;;
20251107;065128.908;25315.50;;25315.50;2;BID;;;;;
20251107;065128.908;;25316.50;25316.50;2;ASK;;;;;
20251107;065128.912;25315.50;;25315.50;1;BID;;;;;
20251107;065128.932;;25316.25;25316.25;1;ASK;;;;;
20251107;065128.932;;25316.50;25316.50;1;ASK;;;;;
20251107;065128.988;;25316.25;25316.25;1;ASK;;;;;
20251107;065129.040;;25316.50;25316.50;1;ASK;;;;;
20251107;065129.148;;25316.25;25316.25;1;ASK;;;;;
20251107;065129.200;;25316.50;25316.50;1;ASK;;;;;
20251107;065129.732;25315.50;;25315.50;2;BID;;;;;
20251107;065129.732;;25316.75;25316.75;3;ASK;;;;;
20251107;065129.732;;25316.75;25316.75;2;ASK;;;;;
20251107;065129.936;25315.75;;25315.75;1;BID;;;;;
20251107;065129.940;;25316.75;25316.75;1;ASK;;;;;
20251107;065129.940;;25316.75;25316.75;1;ASK;;;;;
20251107;065129.940;;25316.75;25316.75;1;ASK;;;;;
20251107;065129.940;;25317.00;25317.00;1;ASK;;;;;
20251107;065129.940;;25317.00;25317.00;1;ASK;;;;;
20251107;065129.940;;25317.50;25317.50;2;ASK;;;;;
20251107;065129.940;25315.75;;25315.75;2;BID;;;;;
20251107;065129.940;25316.00;;25316.00;1;BID;;;;;
20251107;065129.940;;25317.50;25317.50;1;ASK;;;;;
20251107;065129.940;25316.00;;25316.00;2;BID;;;;;
20251107;065129.940;25316.00;;25316.00;3;BID;;;;;
20251107;065129.940;25316.00;;25316.00;4;BID;;;;;
20251107;065129.940;25316.25;;25316.25;1;BID;;;;;
20251107;065129.940;25316.25;;25316.25;2;BID;;;;;
20251107;065129.940;25316.25;;25316.25;3;BID;;;;;
20251107;065129.940;25316.50;;25316.50;1;BID;;;;;
20251107;065129.948;;25317.25;25317.25;1;ASK;;;;;
20251107;065129.948;25316.25;;25316.25;3;BID;;;;;
20251107;065129.948;25316.25;;25316.25;2;BID;;;;;
20251107;065129.948;25316.25;;25316.25;1;BID;;;;;
20251107;065129.948;25316.00;;25316.00;2;BID;;;;;
20251107;065129.948;;25317.50;25317.50;1;ASK;;;;;
20251107;065129.948;25316.25;;25316.25;1;BID;;;;;
20251107;065129.948;25316.50;;25316.50;1;BID;;;;;
20251107;065129.948;;25317.25;25317.25;1;ASK;;;;;
20251107;065129.948;25316.25;;25316.25;1;BID;;;;;
20251107;065129.960;25316.25;;25316.25;2;BID;;;;;
20251107;065130.424;25316.25;;25316.25;3;BID;;;;;
20251107;065130.424;25316.50;;25316.50;1;BID;;;;;
20251107;065130.424;;25317.50;25317.50;1;ASK;;;;;
20251107;065130.424;25316.75;;25316.75;1;BID;;;;;
20251107;065130.424;25316.50;;25316.50;1;BID;;;;;
20251107;065130.452;25316.50;;25316.50;2;BID;;;;;
20251107;065130.452;25316.75;;25316.75;1;BID;;;;;
20251107;065130.544;25316.50;;25316.50;2;BID;;;;;
20251107;065130.544;25316.50;;25316.50;1;BID;;;;;
20251107;065130.604;25316.50;;25316.50;2;BID;;;;;
20251107;065131.472;25316.50;;25316.50;3;BID;;;;;
20251107;065131.472;;25317.50;25317.50;1;ASK;;;;;
20251107;065131.472;;25318.00;25318.00;2;ASK;;;;;
20251107;065131.472;25316.75;;25316.75;1;BID;;;;;
20251107;065131.472;25316.75;;25316.75;2;BID;;;;;
20251107;065131.472;;25318.00;25318.00;1;ASK;;;;;
20251107;065131.472;25316.75;;25316.75;3;BID;;;;;
20251107;065131.472;25316.75;;25316.75;2;BID;;;;;
20251107;065131.472;25317.00;;25317.00;1;BID;;;;;
20251107;065131.472;25317.25;;25317.25;1;BID;;;;;
20251107;065131.472;25317.00;;25317.00;1;BID;;;;;
20251107;065131.480;25317.00;;25317.00;2;BID;;;;;
20251107;065131.480;25317.25;;25317.25;1;BID;;;;;
20251107;065131.480;25317.00;;25317.00;1;BID;;;;;
20251107;065131.500;25317.00;;25317.00;2;BID;;;;;
20251107;065132.372;25317.00;;25317.00;3;BID;;;;;
20251107;065132.372;25317.25;;25317.25;1;BID;;;;;
20251107;065132.372;25317.00;;25317.00;2;BID;;;;;
20251107;065133.068;25317.00;;25317.00;3;BID;;;;;
20251107;065133.164;25317.25;;25317.25;1;BID;;;;;
20251107;065133.284;25317.00;;25317.00;3;BID;;;;;
20251107;065134.692;;25317.75;25317.75;1;ASK;;;;;
20251107;065134.692;25317.00;;25317.00;2;BID;;;;;
20251107;065134.692;;25317.75;25317.75;2;ASK;;;;;
20251107;065134.692;;25317.50;25317.50;1;ASK;;;;;
20251107;065134.692;;25317.75;25317.75;2;ASK;;;;;
20251107;065135.284;;25317.75;25317.75;1;ASK;;;;;
20251107;065135.284;;25318.00;25318.00;2;ASK;;;;;
20251107;065135.288;;25317.75;25317.75;1;ASK;;;;;
20251107;065135.440;;25318.00;25318.00;2;ASK;;;;;
20251107;065136.056;;25317.75;25317.75;1;ASK;;;;;
20251107;065136.500;;25318.00;25318.00;2;ASK;;;;;
20251107;065136.968;;25317.75;25317.75;1;ASK;;;;;
20251107;065137.020;;25318.00;25318.00;2;ASK;;;;;
20251107;065137.052;;25317.75;25317.75;1;ASK;;;;;
20251107;065137.476;;25317.75;25317.75;1;ASK;;;;;
20251107;065137.476;;25318.00;25318.00;2;ASK;;;;;
20251107;065137.476;25317.25;;25317.25;1;BID;;;;;
20251107;065137.476;;25318.00;25318.00;1;ASK;;;;;
20251107;065137.476;25317.50;;25317.50;1;BID;;;;;
20251107;065137.480;25317.25;;25317.25;1;BID;;;;;
20251107;065137.488;25317.00;;25317.00;2;BID;;;;;
20251107;065137.984;25317.25;;25317.25;1;BID;;;;;
20251107;065137.984;25317.50;;25317.50;1;BID;;;;;
20251107;065138.036;25317.50;;25317.50;2;BID;;;;;
20251107;065138.036;;25318.00;25318.00;1;ASK;;;;;
20251107;065138.036;;25318.50;25318.50;1;ASK;;;;;
20251107;065138.036;25317.75;;25317.75;1;BID;;;;;
20251107;065138.036;;25318.75;25318.75;2;ASK;;;;;
20251107;065138.036;;25318.75;25318.75;1;ASK;;;;;
20251107;065138.036;;25319.00;25319.00;3;ASK;;;;;
20251107;065138.040;;25318.75;25318.75;1;ASK;;;;;
20251107;065138.116;25318.00;;25318.00;1;BID;;;;;
20251107;065138.116;;25319.00;25319.00;3;ASK;;;;;
20251107;065138.116;25318.25;;25318.25;1;BID;;;;;
20251107;065138.116;;25319.00;25319.00;2;ASK;;;;;
20251107;065138.196;25318.00;;25318.00;1;BID;;;;;
20251107;065138.196;;25318.75;25318.75;1;ASK;;;;;
20251107;065138.196;25317.75;;25317.75;2;BID;;;;;
20251107;065138.196;25317.75;;25317.75;1;BID;;;;;
20251107;065138.196;25317.50;;25317.50;2;BID;;;;;
20251107;065138.196;;25318.50;25318.50;1;ASK;;;;;
20251107;065138.196;25317.75;;25317.75;1;BID;;;;;
20251107;065138.196;25317.50;;25317.50;2;BID;;;;;
20251107;065138.196;;25318.75;25318.75;1;ASK;;;;;
20251107;065138.196;;25318.50;25318.50;1;ASK;;;;;
20251107;065138.220;25317.75;;25317.75;1;BID;;;;;
20251107;065138.220;;25318.75;25318.75;1;ASK;;;;;
20251107;065138.620;;25318.50;25318.50;1;ASK;;;;;
20251107;065138.620;25317.50;;25317.50;2;BID;;;;;
20251107;065138.628;;25318.25;25318.25;1;ASK;;;;;
20251107;065138.628;25317.50;;25317.50;1;BID;;;;;
20251107;065138.764;25317.50;;25317.50;2;BID;;;;;
20251107;065138.764;;25318.50;25318.50;1;ASK;;;;;
20251107;065138.900;25317.75;;25317.75;1;BID;;;;;
20251107;065138.900;;25318.75;25318.75;3;ASK;;;;;
20251107;065138.900;;25318.75;25318.75;2;ASK;;;;;
20251107;065139.000;;25318.50;25318.50;1;ASK;;;;;
20251107;065139.000;25317.50;;25317.50;2;BID;;;;;
20251107;065139.512;25317.75;;25317.75;1;BID;;;;;
20251107;065139.512;;25318.75;25318.75;2;ASK;;;;;
20251107;065139.828;;25318.75;25318.75;1;ASK;;;;;
20251107;065139.828;;25318.75;25318.75;1;ASK;;;;;
20251107;065139.828;;25319.00;25319.00;1;ASK;;;;;
20251107;065139.828;;25319.00;25319.00;1;ASK;;;;;
20251107;065139.828;25318.00;;25318.00;1;BID;;;;;
20251107;065139.832;25318.25;;25318.25;1;BID;;;;;
20251107;065140.056;25318.25;;25318.25;2;BID;;;;;
20251107;065140.056;;25319.00;25319.00;1;ASK;;;;;
20251107;065140.056;;25319.50;25319.50;1;ASK;;;;;
20251107;065140.056;25318.50;;25318.50;1;BID;;;;;
20251107;065140.056;25318.50;;25318.50;2;BID;;;;;
20251107;065140.056;;25319.75;25319.75;1;ASK;;;;;
20251107;065140.056;25318.75;;25318.75;1;BID;;;;;
20251107;065140.056;;25320.00;25320.00;4;ASK;;;;;
20251107;065140.056;;25319.75;25319.75;1;ASK;;;;;
20251107;065140.180;25319.00;;25319.00;1;BID;;;;;
20251107;065140.180;;25320.00;25320.00;5;ASK;;;;;
20251107;065140.180;;25320.00;25320.00;4;ASK;;;;;
20251107;065140.180;;25319.75;25319.75;1;ASK;;;;;
20251107;065140.180;25318.75;;25318.75;1;BID;;;;;
20251107;065140.272;25318.75;;25318.75;2;BID;;;;;
20251107;065140.520;25318.75;;25318.75;3;BID;;;;;
20251107;065141.268;25319.00;;25319.00;1;BID;;;;;
20251107;065141.268;;25320.00;25320.00;4;ASK;;;;;
20251107;065141.268;25319.25;;25319.25;1;BID;;;;;
20251107;065141.372;25319.25;;25319.25;2;BID;;;;;
20251107;065141.372;;25320.00;25320.00;3;ASK;;;;;
20251107;065141.612;25319.25;;25319.25;1;BID;;;;;
20251107;065142.028;25319.25;;25319.25;2;BID;;;;;
20251107;065142.028;25319.25;;25319.25;3;BID;;;;;
20251107;065142.028;;25320.00;25320.00;1;ASK;;;;;
20251107;065142.028;;25320.00;25320.00;1;ASK;;;;;
20251107;065142.028;;25320.00;25320.00;1;ASK;;;;;
20251107;065142.028;;25320.50;25320.50;2;ASK;;;;;
20251107;065142.028;25319.50;;25319.50;1;BID;;;;;
20251107;065142.028;;25320.50;25320.50;1;ASK;;;;;
20251107;065142.028;;25320.50;25320.50;2;ASK;;;;;
20251107;065142.028;25319.50;;25319.50;2;BID;;;;;
20251107;065142.028;25319.75;;25319.75;1;BID;;;;;
20251107;065142.032;;25320.50;25320.50;1;ASK;;;;;
20251107;065142.032;;25320.75;25320.75;1;ASK;;;;;
20251107;065142.032;;25320.25;25320.25;1;ASK;;;;;
20251107;065142.032;25319.50;;25319.50;6;BID;;;;;
20251107;065142.032;;25320.75;25320.75;1;ASK;;;;;
20251107;065142.032;25319.50;;25319.50;5;BID;;;;;
20251107;065142.032;;25320.75;25320.75;2;ASK;;;;;
20251107;065142.032;25319.50;;25319.50;4;BID;;;;;
20251107;065142.032;25319.50;;25319.50;3;BID;;;;;
20251107;065142.032;25319.50;;25319.50;2;BID;;;;;
20251107;065142.032;25319.50;;25319.50;1;BID;;;;;
20251107;065142.032;;25320.75;25320.75;3;ASK;;;;;
20251107;065142.032;;25320.50;25320.50;1;ASK;;;;;
20251107;065142.032;;25320.50;25320.50;2;ASK;;;;;
20251107;065142.032;;25320.50;25320.50;1;ASK;;;;;
20251107;065142.032;;25320.50;25320.50;1;ASK;;;;;
20251107;065142.032;25319.75;;25319.75;1;BID;;;;;
20251107;065142.056;;25320.50;25320.50;2;ASK;;;;;
20251107;065142.056;25319.50;;25319.50;3;BID;;;;;
20251107;065142.056;25319.50;;25319.50;2;BID;;;;;
20251107;065142.056;25319.50;;25319.50;1;BID;;;;;
20251107;065142.056;;25320.25;25320.25;1;ASK;;;;;
20251107;065142.164;25319.75;;25319.75;1;BID;;;;;
20251107;065142.372;25319.50;;25319.50;1;BID;;;;;
20251107;065142.372;25319.25;;25319.25;4;BID;;;;;
20251107;065142.372;25319.25;;25319.25;3;BID;;;;;
20251107;065142.376;25319.50;;25319.50;1;BID;;;;;
20251107;065142.776;25319.25;;25319.25;3;BID;;;;;
20251107;065142.936;25319.50;;25319.50;1;BID;;;;;
20251107;065143.272;25319.50;;25319.50;2;BID;;;;;
20251107;065143.532;25319.50;;25319.50;3;BID;;;;;
20251107;065143.532;;25320.25;25320.25;1;ASK;;;;;
20251107;065143.532;;25320.50;25320.50;1;ASK;;;;;
20251107;065143.532;25319.75;;25319.75;1;BID;;;;;
20251107;065143.532;;25320.75;25320.75;2;ASK;;;;;
20251107;065143.536;25319.75;;25319.75;2;BID;;;;;
20251107;065143.544;;25320.75;25320.75;3;ASK;;;;;
20251107;065143.544;25319.75;;25319.75;3;BID;;;;;
20251107;065143.552;25320.00;;25320.00;1;BID;;;;;
20251107;065143.748;25320.00;;25320.00;2;BID;;;;;
20251107;065143.972;25320.00;;25320.00;1;BID;;;;;
20251107;065144.068;;25320.75;25320.75;1;ASK;;;;;
20251107;065144.068;;25320.75;25320.75;2;ASK;;;;;
20251107;065144.232;25320.00;;25320.00;1;BID;;;;;
20251107;065144.232;25319.75;;25319.75;3;BID;;;;;
20251107;065144.232;;25320.50;25320.50;1;ASK;;;;;
20251107;065144.232;25319.75;;25319.75;2;BID;;;;;
20251107;065144.232;25319.75;;25319.75;1;BID;;;;;
20251107;065144.232;;25320.50;25320.50;2;ASK;;;;;
20251107;065144.236;25319.50;;25319.50;3;BID;;;;;
20251107;065144.404;;25320.25;25320.25;1;ASK;;;;;
20251107;065144.416;;25320.50;25320.50;2;ASK;;;;;
20251107;065144.564;25319.75;;25319.75;1;BID;;;;;
20251107;065144.564;;25320.50;25320.50;1;ASK;;;;;
20251107;065144.976;25319.50;;25319.50;3;BID;;;;;
20251107;065145.272;25319.75;;25319.75;1;BID;;;;;
20251107;065146.272;25319.75;;25319.75;2;BID;;;;;
20251107;065146.340;25319.75;;25319.75;1;BID;;;;;
20251107;065146.544;;25320.75;25320.75;1;ASK;;;;;
20251107;065146.544;;25321.00;25321.00;3;ASK;;;;;
20251107;065146.544;;25321.00;25321.00;2;ASK;;;;;
20251107;065146.544;;25320.75;25320.75;1;ASK;;;;;
20251107;065146.544;;25320.75;25320.75;2;ASK;;;;;
20251107;065146.708;25319.75;;25319.75;2;BID;;;;;
20251107;065147.924;;25320.50;25320.50;1;ASK;;;;;
20251107;065147.924;;25320.50;25320.50;2;ASK;;;;;
20251107;065147.924;;25320.50;25320.50;1;ASK;;;;;
20251107;065148.032;;25320.75;25320.75;1;ASK;;;;;
20251107;065148.032;;25320.75;25320.75;2;ASK;;;;;
20251107;065148.328;;25320.50;25320.50;1;ASK;;;;;
20251107;065148.332;;25320.50;25320.50;1;ASK;;;;;
20251107;065148.332;;25320.75;25320.75;2;ASK;;;;;
20251107;065148.332;25320.00;;25320.00;1;BID;;;;;
20251107;065148.332;;25320.75;25320.75;1;ASK;;;;;
20251107;065148.332;;25320.75;25320.75;1;ASK;;;;;
20251107;065148.332;;25321.00;25321.00;1;ASK;;;;;
20251107;065148.332;25320.25;;25320.25;1;BID;;;;;
20251107;065148.332;;25321.25;25321.25;2;ASK;;;;;
20251107;065148.332;;25321.25;25321.25;1;ASK;;;;;
20251107;065148.332;;25321.50;25321.50;2;ASK;;;;;
20251107;065148.332;;25321.50;25321.50;1;ASK;;;;;
20251107;065148.332;25320.50;;25320.50;1;BID;;;;;
20251107;065148.332;;25321.75;25321.75;1;ASK;;;;;
20251107;065148.332;25320.75;;25320.75;1;BID;;;;;
20251107;065148.332;;25321.75;25321.75;2;ASK;;;;;
20251107;065148.356;25320.75;;25320.75;2;BID;;;;;
20251107;065148.404;;25321.50;25321.50;1;ASK;;;;;
20251107;065148.404;25320.75;;25320.75;1;BID;;;;;
20251107;065148.404;25320.50;;25320.50;2;BID;;;;;
20251107;065148.404;;25321.75;25321.75;2;ASK;;;;;
20251107;065148.404;25320.50;;25320.50;1;BID;;;;;
20251107;065148.404;;25321.50;25321.50;1;ASK;;;;;
20251107;065148.404;25320.75;;25320.75;1;BID;;;;;
20251107;065148.404;;25321.75;25321.75;2;ASK;;;;;
20251107;065148.580;25320.75;;25320.75;2;BID;;;;;
20251107;065148.580;25321.00;;25321.00;1;BID;;;;;
20251107;065148.580;25320.75;;25320.75;2;BID;;;;;
20251107;065148.580;25320.75;;25320.75;1;BID;;;;;
20251107;065148.720;;25321.50;25321.50;1;ASK;;;;;
20251107;065148.720;25320.50;;25320.50;1;BID;;;;;
20251107;065148.720;25320.50;;25320.50;2;BID;;;;;
20251107;065148.720;;25321.50;25321.50;2;ASK;;;;;
20251107;065148.720;25320.50;;25320.50;1;BID;;;;;
20251107;065148.720;;25321.25;25321.25;1;ASK;;;;;
20251107;065148.720;;25321.50;25321.50;2;ASK;;;;;
20251107;065148.740;;25321.25;25321.25;1;ASK;;;;;
20251107;065148.740;25320.25;;25320.25;2;BID;;;;;
20251107;065148.740;25320.25;;25320.25;1;BID;;;;;
20251107;065148.744;25320.50;;25320.50;1;BID;;;;;
20251107;065148.744;;25321.50;25321.50;2;ASK;;;;;
20251107;065148.760;25320.75;;25320.75;1;BID;;;;;
20251107;065148.780;;25321.50;25321.50;1;ASK;;;;;
20251107;065148.780;;25321.75;25321.75;1;ASK;;;;;
20251107;065148.780;;25321.75;25321.75;2;ASK;;;;;
20251107;065149.348;25320.75;;25320.75;2;BID;;;;;
20251107;065149.348;;25321.75;25321.75;1;ASK;;;;;
20251107;065149.348;;25321.75;25321.75;1;ASK;;;;;
20251107;065149.348;25321.00;;25321.00;1;BID;;;;;
20251107;065149.348;;25322.00;25322.00;3;ASK;;;;;
20251107;065149.348;;25322.00;25322.00;2;ASK;;;;;
20251107;065149.348;;25322.00;25322.00;1;ASK;;;;;
20251107;065149.348;25321.25;;25321.25;1;BID;;;;;
20251107;065149.352;;25322.25;25322.25;3;ASK;;;;;
20251107;065149.352;25321.50;;25321.50;1;BID;;;;;
20251107;065149.352;;25322.25;25322.25;2;ASK;;;;;
20251107;065149.352;;25322.25;25322.25;1;ASK;;;;;
20251107;065149.352;;25322.25;25322.25;1;ASK;;;;;
20251107;065149.352;;25322.50;25322.50;1;ASK;;;;;
20251107;065149.352;25321.50;;25321.50;2;BID;;;;;
20251107;065149.352;;25322.75;25322.75;1;ASK;;;;;
20251107;065149.352;;25323.00;25323.00;4;ASK;;;;;
20251107;065149.352;25321.75;;25321.75;1;BID;;;;;
20251107;065149.352;;25323.00;25323.00;3;ASK;;;;;
20251107;065149.352;25322.00;;25322.00;1;BID;;;;;
20251107;065149.352;;25322.75;25322.75;1;ASK;;;;;
20251107;065149.352;25321.75;;25321.75;1;BID;;;;;
20251107;065149.356;;25322.50;25322.50;1;ASK;;;;;
20251107;065149.356;;25322.75;25322.75;1;ASK;;;;;
20251107;065149.356;25321.50;;25321.50;3;BID;;;;;
20251107;065149.356;;25322.75;25322.75;2;ASK;;;;;
20251107;065149.356;25321.50;;25321.50;2;BID;;;;;
20251107;065149.356;;25322.50;25322.50;1;ASK;;;;;
20251107;065149.356;25321.75;;25321.75;1;BID;;;;;
20251107;065149.356;;25322.75;25322.75;2;ASK;;;;;
20251107;065149.360;;25322.50;25322.50;1;ASK;;;;;
20251107;065149.360;;25322.75;25322.75;2;ASK;;;;;
20251107;065149.360;25321.50;;25321.50;2;BID;;;;;
20251107;065149.360;;25322.50;25322.50;1;ASK;;;;;
20251107;065149.360;25321.50;;25321.50;1;BID;;;;;
20251107;065149.424;25321.50;;25321.50;2;BID;;;;;
20251107;065149.424;25321.75;;25321.75;1;BID;;;;;
20251107;065149.424;;25322.75;25322.75;2;ASK;;;;;
20251107;065149.424;;25322.50;25322.50;1;ASK;;;;;
20251107;065149.424;25321.50;;25321.50;1;BID;;;;;
20251107;065149.428;25321.50;;25321.50;2;BID;;;;;
20251107;065149.428;25321.75;;25321.75;1;BID;;;;;
20251107;065149.456;25321.50;;25321.50;2;BID;;;;;
20251107;065149.604;25321.75;;25321.75;1;BID;;;;;
20251107;065149.604;;25322.75;25322.75;2;ASK;;;;;
20251107;065149.604;;25322.50;25322.50;1;ASK;;;;;
20251107;065149.604;25321.50;;25321.50;1;BID;;;;;
20251107;065149.620;25321.75;;25321.75;1;BID;;;;;
20251107;065149.620;;25322.75;25322.75;2;ASK;;;;;
20251107;065149.684;25321.75;;25321.75;2;BID;;;;;
20251107;065149.684;25322.00;;25322.00;1;BID;;;;;
20251107;065149.688;25321.75;;25321.75;2;BID;;;;;
20251107;065149.688;25321.75;;25321.75;1;BID;;;;;
20251107;065150.116;;25322.50;25322.50;1;ASK;;;;;
20251107;065150.116;25321.50;;25321.50;3;BID;;;;;
20251107;065150.116;25321.50;;25321.50;2;BID;;;;;
20251107;065150.116;25321.50;;25321.50;1;BID;;;;;
20251107;065150.116;25321.75;;25321.75;1;BID;;;;;
20251107;065150.120;25321.50;;25321.50;1;BID;;;;;
20251107;065150.196;25321.50;;25321.50;2;BID;;;;;
20251107;065150.196;25321.75;;25321.75;1;BID;;;;;
20251107;065150.196;;25322.75;25322.75;2;ASK;;;;;
20251107;065150.284;;25322.50;25322.50;1;ASK;;;;;
20251107;065150.284;25321.50;;25321.50;2;BID;;;;;
20251107;065150.284;25321.50;;25321.50;1;BID;;;;;
20251107;065150.284;25321.50;;25321.50;2;BID;;;;;
20251107;065150.284;25321.75;;25321.75;1;BID;;;;;
20251107;065150.284;;25322.75;25322.75;2;ASK;;;;;
20251107;065150.304;;25322.50;25322.50;1;ASK;;;;;
20251107;065150.304;25321.50;;25321.50;1;BID;;;;;
20251107;065150.520;25321.50;;25321.50;2;BID;;;;;
20251107;065150.520;25321.75;;25321.75;1;BID;;;;;
20251107;065150.520;;25322.75;25322.75;2;ASK;;;;;
20251107;065150.520;;25322.50;25322.50;1;ASK;;;;;
20251107;065150.588;;25322.75;25322.75;2;ASK;;;;;
20251107;065150.680;;25322.75;25322.75;1;ASK;;;;;
20251107;065150.680;;25322.75;25322.75;1;ASK;;;;;
20251107;065150.680;25322.00;;25322.00;1;BID;;;;;
20251107;065150.680;;25323.00;25323.00;3;ASK;;;;;
20251107;065150.684;;25322.75;25322.75;1;ASK;;;;;
20251107;065150.684;25321.75;;25321.75;1;BID;;;;;
20251107;065150.688;25322.00;;25322.00;1;BID;;;;;
20251107;065150.784;25321.75;;25321.75;1;BID;;;;;
20251107;065150.800;25322.00;;25322.00;1;BID;;;;;
20251107;065150.852;25321.75;;25321.75;1;BID;;;;;
20251107;065151.156;25321.75;;25321.75;2;BID;;;;;
20251107;065151.172;25322.00;;25322.00;1;BID;;;;;
20251107;065151.172;;25323.00;25323.00;3;ASK;;;;;
20251107;065151.172;25322.00;;25322.00;2;BID;;;;;
20251107;065151.172;;25323.00;25323.00;2;ASK;;;;;
20251107;065151.172;25322.25;;25322.25;1;BID;;;;;
20251107;065151.172;;25323.00;25323.00;2;ASK;;;;;
20251107;065151.172;;25323.25;25323.25;1;ASK;;;;;
20251107;065151.172;25322.50;;25322.50;1;BID;;;;;
20251107;065151.172;;25323.75;25323.75;3;ASK;;;;;
20251107;065151.172;25322.75;;25322.75;1;BID;;;;;
20251107;065151.172;;25323.75;25323.75;2;ASK;;;;;
20251107;065151.172;;25323.75;25323.75;1;ASK;;;;;
20251107;065151.176;;25324.00;25324.00;1;ASK;;;;;
20251107;065151.176;25323.00;;25323.00;1;BID;;;;;
20251107;065151.176;;25323.75;25323.75;1;ASK;;;;;
20251107;065151.176;25322.75;;25322.75;1;BID;;;;;
20251107;065151.180;;25323.50;25323.50;1;ASK;;;;;
20251107;065151.180;25322.50;;25322.50;2;BID;;;;;
20251107;065151.180;25322.50;;25322.50;1;BID;;;;;
20251107;065151.180;25322.75;;25322.75;1;BID;;;;;
20251107;065151.180;;25323.75;25323.75;1;ASK;;;;;
20251107;065151.216;;25323.50;25323.50;1;ASK;;;;;
20251107;065151.216;25322.50;;25322.50;1;BID;;;;;
20251107;065151.224;25322.75;;25322.75;1;BID;;;;;
20251107;065151.224;;25323.75;25323.75;1;ASK;;;;;
20251107;065151.224;;25323.75;25323.75;2;ASK;;;;;
20251107;065151.236;25323.00;;25323.00;1;BID;;;;;
20251107;065151.236;;25323.75;25323.75;1;ASK;;;;;
20251107;065151.236;;25324.00;25324.00;1;ASK;;;;;
20251107;065151.236;;25324.00;25324.00;2;ASK;;;;;
20251107;065151.404;25323.25;;25323.25;1;BID;;;;;
20251107;065151.404;25323.00;;25323.00;1;BID;;;;;
20251107;065151.412;25323.00;;25323.00;2;BID;;;;;
20251107;065151.412;25323.25;;25323.25;1;BID;;;;;
20251107;065151.504;;25323.75;25323.75;1;ASK;;;;;
20251107;065151.504;25323.00;;25323.00;1;BID;;;;;
20251107;065151.504;25322.75;;25322.75;1;BID;;;;;
20251107;065151.508;;25323.50;25323.50;1;ASK;;;;;
20251107;065151.508;;25323.75;25323.75;2;ASK;;;;;
20251107;065151.508;25323.00;;25323.00;1;BID;;;;;
20251107;065151.508;;25323.75;25323.75;1;ASK;;;;;
20251107;065151.508;;25324.00;25324.00;1;ASK;;;;;
20251107;065151.508;;25324.00;25324.00;2;ASK;;;;;
20251107;065151.516;25322.75;;25322.75;1;BID;;;;;
20251107;065151.516;;25324.00;25324.00;3;ASK;;;;;
20251107;065151.516;;25323.75;25323.75;1;ASK;;;;;
20251107;065151.516;25323.00;;25323.00;1;BID;;;;;
20251107;065151.524;25323.25;;25323.25;1;BID;;;;;
20251107;065151.524;;25324.00;25324.00;3;ASK;;;;;
20251107;065151.524;;25324.00;25324.00;2;ASK;;;;;
20251107;065151.584;;25324.00;25324.00;3;ASK;;;;;
20251107;065151.584;;25323.75;25323.75;1;ASK;;;;;
20251107;065151.584;;25324.00;25324.00;3;ASK;;;;;
20251107;065151.700;;25323.75;25323.75;1;ASK;;;;;
20251107;065151.804;;25324.00;25324.00;2;ASK;;;;;
20251107;065151.976;;25323.75;25323.75;1;ASK;;;;;
20251107;065151.984;25323.25;;25323.25;1;BID;;;;;
20251107;065151.984;25322.75;;25322.75;1;BID;;;;;
20251107;065151.984;;25323.50;25323.50;1;ASK;;;;;
20251107;065151.984;;25323.50;25323.50;2;ASK;;;;;
20251107;065151.984;;25323.25;25323.25;1;ASK;;;;;
20251107;065152.040;;25323.25;25323.25;1;ASK;;;;;
20251107;065152.040;;25323.50;25323.50;1;ASK;;;;;
20251107;065152.040;;25323.75;25323.75;2;ASK;;;;;
20251107;065152.040;25323.00;;25323.00;1;BID;;;;;
20251107;065152.040;;25323.75;25323.75;1;ASK;;;;;
20251107;065152.040;25322.75;;25322.75;1;BID;;;;;
20251107;065152.040;;25323.50;25323.50;1;ASK;;;;;
20251107;065152.380;25322.75;;25322.75;1;BID;;;;;
20251107;065152.380;25322.50;;25322.50;2;BID;;;;;
20251107;065152.380;;25323.25;25323.25;1;ASK;;;;;
20251107;065152.380;25322.50;;25322.50;1;BID;;;;;
20251107;065152.380;25322.25;;25322.25;2;BID;;;;;
20251107;065152.380;25322.25;;25322.25;1;BID;;;;;
20251107;065152.380;25322.50;;25322.50;1;BID;;;;;
20251107;065152.380;;25323.50;25323.50;1;ASK;;;;;
20251107;065152.380;25322.75;;25322.75;1;BID;;;;;
20251107;065152.380;;25323.75;25323.75;1;ASK;;;;;
20251107;065152.428;25322.75;;25322.75;2;BID;;;;;
20251107;065152.532;;25323.75;25323.75;1;ASK;;;;;
20251107;065152.532;;25324.00;25324.00;4;ASK;;;;;
20251107;065152.532;25323.00;;25323.00;1;BID;p_shape;SHORT;25324.00;;
20251107;065152.532;;25324.00;25324.00;3;ASK;;;;;
20251107;065152.536;25323.00;;25323.00;2;BID;;;;;
20251107;065152.536;;25324.00;25324.00;2;ASK;;;;;
20251107;065152.536;25323.00;;25323.00;1;BID;;;;;
20251107;065152.536;;25323.75;25323.75;1;ASK;;;;;
20251107;065152.536;25322.75;;25322.75;2;BID;;;;;
20251107;065152.536;;25323.75;25323.75;2;ASK;;;;;
20251107;065152.536;;25323.50;25323.50;1;ASK;;;;;
20251107;065152.552;25322.75;;25322.75;3;BID;;;;;
20251107;065152.552;;25323.75;25323.75;1;ASK;;;;;
20251107;065152.552;25323.00;;25323.00;1;BID;;;;;
20251107;065152.552;;25324.00;25324.00;3;ASK;;;;;
20251107;065152.552;;25324.00;25324.00;2;ASK;;;;;
20251107;065152.608;25323.25;;25323.25;1;BID;;;;;
20251107;065152.800;;25324.00;25324.00;1;ASK;;;;;
20251107;065152.800;25323.25;;25323.25;2;BID;;;;;
20251107;065152.800;25323.50;;25323.50;1;BID;;;;;
20251107;065152.800;25323.25;;25323.25;1;BID;;;;;
20251107;065152.852;25323.50;;25323.50;1;BID;;;;;
20251107;065152.852;25323.75;;25323.75;1;BID;;;;;
20251107;065152.856;25323.25;;25323.25;1;BID;;;;;
20251107;065152.872;25323.50;;25323.50;1;BID;;;;;
20251107;065152.888;;25324.00;25324.00;1;ASK;;;;;
20251107;065152.888;;25324.50;25324.50;2;ASK;;;;;
20251107;065152.888;;25324.50;25324.50;1;ASK;;;;;
20251107;065152.888;25323.75;;25323.75;1;BID;;;;;
20251107;065152.888;25323.75;;25323.75;2;BID;;;;;
20251107;065152.888;;25324.75;25324.75;1;ASK;;;;;
20251107;065152.888;;25325.00;25325.00;11;ASK;;;;;
20251107;065152.888;;25324.75;25324.75;1;ASK;;;;;
20251107;065152.888;;25325.00;25325.00;11;ASK;;;;;
20251107;065152.888;25323.75;;25323.75;1;BID;;;;;
20251107;065152.888;;25325.00;25325.00;12;ASK;;;;;
20251107;065152.888;25324.00;;25324.00;1;BID;;;;;
20251107;065152.888;;25324.75;25324.75;1;ASK;;;;;
20251107;065152.888;25323.75;;25323.75;1;BID;;;;;
20251107;065152.888;;25324.50;25324.50;1;ASK;;;;;
20251107;065152.892;;25324.75;25324.75;3;ASK;;;;;
20251107;065152.892;;25324.75;25324.75;2;ASK;;;;;
20251107;065152.900;;25324.50;25324.50;1;ASK;;;;;
20251107;065152.940;;25324.25;25324.25;1;ASK;;;;;
20251107;065152.940;25323.25;;25323.25;2;BID;;;;;
20251107;065152.940;25323.25;;25323.25;1;BID;;;;;
20251107;065152.940;25323.50;;25323.50;1;BID;;;;;
20251107;065152.944;;25324.50;25324.50;1;ASK;;;;;
20251107;065152.944;;25324.50;25324.50;2;ASK;;;;;
20251107;065152.944;;25324.25;25324.25;1;ASK;;;;;
20251107;065152.956;25323.25;;25323.25;1;BID;;;;;
20251107;065152.956;;25324.25;25324.25;2;ASK;;;;;
20251107;065152.956;;25324.00;25324.00;1;ASK;;;;;
20251107;065152.956;25323.00;;25323.00;2;BID;;;;;
20251107;065152.956;25323.00;;25323.00;1;BID;;;;;
20251107;065152.956;;25324.00;25324.00;2;ASK;;;;;
20251107;065152.960;;25323.75;25323.75;1;ASK;;;;;
20251107;065152.968;25323.00;;25323.00;2;BID;;;;;
20251107;065152.968;;25324.00;25324.00;2;ASK;;;;;
20251107;065152.968;25323.25;;25323.25;1;BID;;;;;
20251107;065153.000;25323.00;;25323.00;1;BID;;;;;
20251107;065153.000;25323.25;;25323.25;1;BID;;;;;
20251107;065153.000;25323.00;;25323.00;1;BID;;;;;
20251107;065153.028;25323.25;;25323.25;1;BID;;;;;
20251107;065153.080;;25324.00;25324.00;1;ASK;;;;;
20251107;065153.080;;25324.00;25324.00;1;ASK;;;;;
20251107;065153.080;;25324.25;25324.25;3;ASK;;;;;
20251107;065153.080;;25324.25;25324.25;2;ASK;;;;;
20251107;065153.128;;25324.00;25324.00;1;ASK;;;;;
20251107;065153.204;;25324.25;25324.25;2;ASK;;;;;
20251107;065153.312;;25324.00;25324.00;1;ASK;;;;;
20251107;065153.312;25323.00;;25323.00;1;BID;;;;;
20251107;065153.352;25323.25;;25323.25;1;BID;;;;;
20251107;065153.408;25323.00;;25323.00;1;BID;;;;;
20251107;065153.408;;25323.75;25323.75;1;ASK;;;;;
20251107;065153.408;;25324.00;25324.00;1;ASK;;;;;
20251107;065153.508;25323.25;;25323.25;1;BID;;;;;
20251107;065153.508;25323.25;;25323.25;2;BID;;;;;
20251107;065153.508;;25324.25;25324.25;2;ASK;;;;;
20251107;065153.508;25323.25;;25323.25;1;BID;;;;;
20251107;065153.508;;25324.00;25324.00;1;ASK;;;;;
20251107;065153.508;25323.00;;25323.00;1;BID;;;;;
20251107;065153.556;25323.25;;25323.25;1;BID;;;;;
20251107;065153.556;25323.25;;25323.25;2;BID;;;;;
20251107;065153.556;;25324.25;25324.25;2;ASK;;;;;
20251107;065153.556;25323.25;;25323.25;1;BID;;;;;
20251107;065153.588;;25324.00;25324.00;1;ASK;;;;;
20251107;065153.588;25323.00;;25323.00;1;BID;;;;;
20251107;065153.616;25323.25;;25323.25;1;BID;;;;;
20251107;065153.616;;25324.25;25324.25;2;ASK;;;;;
20251107;065153.624;;25324.00;25324.00;1;ASK;;;;;
20251107;065153.624;25323.00;;25323.00;1;BID;;;;;
20251107;065153.624;;25324.25;25324.25;2;ASK;;;;;
20251107;065153.700;25323.00;;25323.00;2;BID;;;;;
20251107;065153.700;25323.25;;25323.25;1;BID;;;;;
20251107;065153.700;25323.25;;25323.25;2;BID;;;;;
20251107;065153.700;25323.25;;25323.25;1;BID;;;;;
20251107;065153.820;;25324.00;25324.00;1;ASK;;;;;
20251107;065153.820;25323.00;;25323.00;3;BID;;;;;
20251107;065153.820;25323.00;;25323.00;2;BID;;;;;
20251107;065153.884;25323.25;;25323.25;1;BID;;;;;
20251107;065154.284;25323.00;;25323.00;2;BID;;;;;
20251107;065154.520;;25323.75;25323.75;1;ASK;;;;;
20251107;065154.520;25323.00;;25323.00;1;BID;;;;;
20251107;065154.576;;25323.50;25323.50;1;ASK;;;;;
20251107;065154.576;;25323.75;25323.75;1;ASK;;;;;
20251107;065154.604;;25324.00;25324.00;1;ASK;;;;;
20251107;065154.604;25323.25;;25323.25;1;BID;;;;;
20251107;065154.636;25323.25;;25323.25;1;BID;;;;;
20251107;065154.636;25323.00;;25323.00;1;BID;;;;;
20251107;065154.636;;25323.75;25323.75;1;ASK;;;;;
20251107;065154.636;;25323.50;25323.50;1;ASK;;;;;
20251107;065154.636;;25323.75;25323.75;1;ASK;;;;;
20251107;065154.636;;25323.50;25323.50;1;ASK;;;;;
20251107;065154.640;;25323.75;25323.75;1;ASK;;;;;
20251107;065154.680;;25323.75;25323.75;2;ASK;;;;;
20251107;065154.680;;25323.50;25323.50;1;ASK;;;;;
20251107;065154.736;25323.00;;25323.00;1;BID;;;;;
20251107;065154.736;25322.50;;25322.50;2;BID;;;;;
20251107;065154.736;;25323.25;25323.25;1;ASK;;;;;
20251107;065154.736;25322.50;;25322.50;1;BID;;;;;
20251107;065154.736;25322.25;;25322.25;1;BID;;;;;
20251107;065154.748;;25323.00;25323.00;1;ASK;;;;;
20251107;065154.748;25322.00;;25322.00;1;BID;;;;;
20251107;065154.748;25321.75;;25321.75;4;BID;;;;;
20251107;065154.748;25321.75;;25321.75;3;BID;;;;;
20251107;065154.748;25322.00;;25322.00;1;BID;;;;;
20251107;065154.748;;25323.25;25323.25;1;ASK;;;;;
20251107;065154.748;25322.25;;25322.25;1;BID;;;;;
20251107;065154.764;;25323.00;25323.00;1;ASK;;;;;
20251107;065154.772;;25323.00;25323.00;1;ASK;;;;;
20251107;065154.772;;25323.25;25323.25;1;ASK;;;;;
20251107;065154.772;25322.50;;25322.50;1;BID;;;;;
20251107;065154.772;;25323.50;25323.50;1;ASK;;;;;
20251107;065154.788;;25323.50;25323.50;2;ASK;;;;;
20251107;065154.788;;25323.25;25323.25;1;ASK;;;;;
20251107;065154.788;25322.25;;25322.25;1;BID;;;;;
20251107;065154.788;;25323.00;25323.00;1;ASK;;;;;
20251107;065154.788;;25323.25;25323.25;1;ASK;;;;;
20251107;065155.592;25322.25;;25322.25;1;BID;;;;;
20251107;065155.592;25322.00;;25322.00;1;BID;;;;;
20251107;065155.592;25321.75;;25321.75;1;BID;;;;;
20251107;065155.592;25321.75;;25321.75;3;BID;;;;;
20251107;065155.592;;25323.00;25323.00;1;ASK;;;;;
20251107;065155.592;;25323.00;25323.00;2;ASK;;;;;
20251107;065155.592;25321.75;;25321.75;2;BID;;;;;
20251107;065155.592;25321.75;;25321.75;1;BID;;;;;
20251107;065155.592;;25323.00;25323.00;3;ASK;;;;;
20251107;065155.592;;25323.00;25323.00;2;ASK;;;;;
20251107;065155.592;25321.50;;25321.50;2;BID;;;;;
20251107;065155.592;;25322.75;25322.75;1;ASK;;;;;
20251107;065155.592;25322.00;;25322.00;1;BID;;;;;
20251107;065155.592;25321.50;;25321.50;2;BID;;;;;
20251107;065155.592;25321.75;;25321.75;1;BID;;;;;
20251107;065155.592;25322.00;;25322.00;1;BID;;;;;
20251107;065155.592;;25323.00;25323.00;1;ASK;;;;;
20251107;065155.604;;25322.75;25322.75;1;ASK;;;;;
20251107;065155.604;;25322.50;25322.50;1;ASK;;;;;
20251107;065155.604;25321.75;;25321.75;1;BID;;;;;
20251107;065155.664;25322.00;;25322.00;1;BID;;;;;
20251107;065155.664;;25323.00;25323.00;2;ASK;;;;;
20251107;065155.664;;25322.75;25322.75;1;ASK;;;;;
20251107;065155.668;25321.75;;25321.75;1;BID;;;;;
20251107;065155.688;25321.75;;25321.75;2;BID;;;;;
20251107;065155.688;25322.00;;25322.00;1;BID;;;;;
20251107;065155.692;25321.75;;25321.75;2;BID;;;;;
20251107;065155.692;25321.75;;25321.75;1;BID;;;;;
20251107;065155.692;;25322.50;25322.50;1;ASK;;;;;
20251107;065155.692;;25322.25;25322.25;1;ASK;;;;;
20251107;065155.704;;25322.50;25322.50;1;ASK;;;;;
20251107;065155.748;25321.50;;25321.50;2;BID;;;;;
20251107;065155.748;25321.50;;25321.50;1;BID;;;;;
20251107;065155.748;25321.00;;25321.00;1;BID;;;;;
20251107;065155.748;25320.75;;25320.75;1;BID;;;;;
20251107;065155.748;25321.00;;25321.00;1;BID;;;;;
20251107;065155.748;25321.00;;25321.00;2;BID;;;;;
20251107;065155.748;25321.25;;25321.25;1;BID;;;;;
20251107;065155.748;25321.25;;25321.25;2;BID;;;;;
20251107;065155.748;;25322.25;25322.25;1;ASK;;;;;
20251107;065155.748;25321.50;;25321.50;1;BID;;;;;
20251107;065155.748;25321.25;;25321.25;2;BID;;;;;
20251107;065155.752;25321.50;;25321.50;1;BID;;;;;
20251107;065155.760;;25322.50;25322.50;1;ASK;;;;;
20251107;065155.760;;25322.25;25322.25;1;ASK;;;;;
20251107;065155.760;25321.25;;25321.25;2;BID;;;;;
20251107;065155.772;25321.50;;25321.50;1;BID;;;;;
20251107;065155.772;;25322.50;25322.50;1;ASK;;;;;
20251107;065155.772;25321.75;;25321.75;1;BID;;;;;
20251107;065155.772;;25322.25;25322.25;1;ASK;;;;;
20251107;065155.772;25321.50;;25321.50;1;BID;;;;;
20251107;065155.772;;25322.50;25322.50;1;ASK;;;;;
20251107;065155.772;25321.25;;25321.25;2;BID;;;;;
20251107;065155.772;25321.50;;25321.50;1;BID;;;;;
20251107;065155.792;;25322.25;25322.25;1;ASK;;;;;
20251107;065155.792;25321.25;;25321.25;2;BID;;;;;
20251107;065155.792;;25322.00;25322.00;1;ASK;;;;;
20251107;065155.796;25321.50;;25321.50;1;BID;;;;;
20251107;065155.796;;25322.25;25322.25;1;ASK;;;;;
20251107;065156.060;25321.50;;25321.50;2;BID;;;;;
20251107;065156.060;25321.50;;25321.50;3;BID;;;;;
20251107;065156.060;;25322.50;25322.50;1;ASK;;;;;
20251107;065156.060;25321.50;;25321.50;2;BID;;;;;
20251107;065156.104;25321.50;;25321.50;3;BID;;;;;
20251107;065156.104;25321.75;;25321.75;1;BID;;;;;
20251107;065156.104;25321.50;;25321.50;3;BID;;;;;
20251107;065156.104;25321.50;;25321.50;2;BID;;;;;
20251107;065156.128;25321.50;;25321.50;3;BID;;;;;
20251107;065156.128;25321.75;;25321.75;1;BID;;;;;
20251107;065156.168;25321.50;;25321.50;2;BID;;;;;
20251107;065156.740;;25322.50;25322.50;1;ASK;;;;;
20251107;065156.740;;25322.75;25322.75;2;ASK;;;;;
20251107;065156.740;25321.75;;25321.75;1;BID;;;;;
20251107;065156.740;;25322.75;25322.75;1;ASK;;;;;
20251107;065156.744;;25322.50;25322.50;1;ASK;;;;;
20251107;065156.744;25321.50;;25321.50;2;BID;;;;;
20251107;065156.808;25321.75;;25321.75;1;BID;;;;;
20251107;065156.948;;25322.75;25322.75;1;ASK;;;;;
20251107;065156.952;25321.75;;25321.75;2;BID;;;;;
20251107;065156.952;25322.00;;25322.00;1;BID;;;;;
20251107;065156.952;;25323.00;25323.00;3;ASK;;;;;
20251107;065156.952;;25323.00;25323.00;2;ASK;;;;;
20251107;065156.952;25322.00;;25322.00;2;BID;;;;;
20251107;065156.952;;25323.00;25323.00;1;ASK;;;;;
20251107;065156.952;25322.25;;25322.25;1;BID;;;;;
20251107;065156.952;25322.00;;25322.00;2;BID;;;;;
20251107;065156.952;25322.00;;25322.00;1;BID;;;;;
20251107;065156.952;25321.75;;25321.75;1;BID;;;;;
20251107;065156.976;25321.75;;25321.75;2;BID;;;;;
20251107;065156.976;25322.00;;25322.00;1;BID;;;;;
20251107;065157.080;;25322.75;25322.75;1;ASK;;;;;
20251107;065157.180;25322.00;;25322.00;2;BID;;;;;
20251107;065157.180;;25323.00;25323.00;1;ASK;;;;;
20251107;065157.288;25322.25;;25322.25;1;BID;;;;;
20251107;065157.288;25322.00;;25322.00;2;BID;;;;;
20251107;065157.288;;25322.75;25322.75;1;ASK;;;;;
20251107;065157.288;25322.25;;25322.25;1;BID;;;;;
20251107;065157.288;;25322.75;25322.75;1;ASK;;;;;
20251107;065157.288;;25323.00;25323.00;1;ASK;;;;;
20251107;065157.288;;25323.25;25323.25;3;ASK;;;;;
20251107;065157.288;25322.50;;25322.50;1;BID;;;;;
20251107;065157.288;;25323.25;25323.25;2;ASK;;;;;
20251107;065157.288;;25323.25;25323.25;1;ASK;;;;;
20251107;065157.288;;25323.50;25323.50;2;ASK;;;;;
20251107;065157.288;;25323.50;25323.50;1;ASK;;;;;
20251107;065157.288;25322.75;;25322.75;1;BID;;;;;
20251107;065157.288;;25323.75;25323.75;2;ASK;;;;;
20251107;065157.288;;25323.75;25323.75;1;ASK;;;;;
20251107;065157.288;;25323.50;25323.50;1;ASK;;;;;
20251107;065157.288;25322.50;;25322.50;1;BID;;;;;
20251107;065157.596;;25323.25;25323.25;1;ASK;;;;;
20251107;065157.596;25322.25;;25322.25;1;BID;;;;;
20251107;065157.600;25322.50;;25322.50;1;BID;;;;;
20251107;065157.660;25322.25;;25322.25;1;BID;;;;;
20251107;065157.724;;25323.25;25323.25;1;ASK;;;;;
20251107;065157.724;;25323.50;25323.50;2;ASK;;;;;
20251107;065157.724;25322.50;;25322.50;1;BID;;;;;
20251107;065157.724;25322.50;;25322.50;2;BID;;;;;
20251107;065157.768;25322.75;;25322.75;1;BID;;;;;
20251107;065157.768;;25323.50;25323.50;1;ASK;;;;;
20251107;065157.768;25322.75;;25322.75;2;BID;;;;;
20251107;065157.768;;25323.75;25323.75;1;ASK;;;;;
20251107;065157.768;25323.00;;25323.00;1;BID;;;;;
20251107;065157.772;25322.75;;25322.75;2;BID;;;;;
20251107;065157.772;25322.75;;25322.75;1;BID;;;;;
20251107;065157.804;25322.75;;25322.75;2;BID;;;;;
20251107;065157.804;25323.00;;25323.00;1;BID;;;;;
20251107;065157.804;;25324.00;25324.00;2;ASK;;;;;
20251107;065157.804;;25324.00;25324.00;1;ASK;;;;;
20251107;065157.804;25323.25;;25323.25;1;BID;;;;;
20251107;065157.804;;25324.25;25324.25;2;ASK;;;;;
20251107;065157.816;;25324.00;25324.00;1;ASK;;;;;
20251107;065157.816;25323.00;;25323.00;1;BID;;;;;
20251107;065157.816;25323.25;;25323.25;1;BID;;;;;
20251107;065157.836;25323.00;;25323.00;1;BID;;;;;
20251107;065157.836;;25323.75;25323.75;1;ASK;;;;;
20251107;065157.836;25322.75;;25322.75;2;BID;;;;;
20251107;065157.836;;25324.00;25324.00;1;ASK;;;;;
20251107;065157.836;;25324.00;25324.00;2;ASK;;;;;
20251107;065157.836;25323.00;;25323.00;1;BID;;;;;
20251107;065157.836;;25324.00;25324.00;1;ASK;;;;;
20251107;065157.912;;25324.00;25324.00;2;ASK;;;;;
20251107;065157.912;;25323.75;25323.75;1;ASK;;;;;
20251107;065157.912;25322.75;;25322.75;2;BID;;;;;
20251107;065157.916;;25323.50;25323.50;1;ASK;;;;;
20251107;065158.124;;25323.75;25323.75;1;ASK;;;;;
20251107;065158.124;;25324.00;25324.00;2;ASK;;;;;
20251107;065158.124;25323.00;;25323.00;1;BID;;;;;
20251107;065158.124;;25323.75;25323.75;1;ASK;;;;;
20251107;065158.124;25322.75;;25322.75;2;BID;;;;;
20251107;065158.144;25323.00;;25323.00;1;BID;;;;;
20251107;065158.200;25323.00;;25323.00;2;BID;;;;;
20251107;065158.204;;25324.00;25324.00;2;ASK;;;;;
20251107;065158.204;;25324.00;25324.00;1;ASK;;;;;
20251107;065158.404;25323.25;;25323.25;1;BID;;;;;
20251107;065158.460;;25324.25;25324.25;3;ASK;;;;;
20251107;065158.460;;25324.25;25324.25;2;ASK;;;;;
20251107;065158.744;25323.50;;25323.50;1;BID;;;;;
20251107;065158.744;;25324.25;25324.25;1;ASK;;;;;
20251107;065158.748;;25324.50;25324.50;3;ASK;;;;;
20251107;065158.748;;25324.50;25324.50;2;ASK;;;;;
20251107;065158.748;;25324.50;25324.50;1;ASK;;;;;
20251107;065158.748;;25324.75;25324.75;1;ASK;;;;;
20251107;065158.748;;25324.75;25324.75;2;ASK;;;;;
20251107;065158.748;;25324.50;25324.50;1;ASK;;;;;
20251107;065158.748;25323.75;;25323.75;1;BID;;;;;
20251107;065158.748;;25324.50;25324.50;2;ASK;;;;;
20251107;065158.748;25323.50;;25323.50;1;BID;;;;;
20251107;065158.776;;25324.50;25324.50;1;ASK;;;;;
20251107;065158.776;25323.50;;25323.50;2;BID;;;;;
20251107;065158.776;25323.75;;25323.75;1;BID;;;;;
20251107;065158.832;25323.50;;25323.50;1;BID;;;;;
20251107;065158.832;;25324.25;25324.25;1;ASK;;;;;
20251107;065158.848;;25324.50;25324.50;1;ASK;;;;;
20251107;065158.848;;25324.50;25324.50;2;ASK;;;;;
20251107;065158.992;;25324.50;25324.50;1;ASK;;;;;
20251107;065158.992;25323.75;;25323.75;1;BID;;;;;
20251107;065159.052;;25324.75;25324.75;3;ASK;;;;;
20251107;065159.052;;25324.75;25324.75;2;ASK;;;;;
20251107;065159.052;;25324.50;25324.50;1;ASK;;;;;
20251107;065159.052;25323.50;;25323.50;1;BID;;;;;
20251107;065159.052;25323.75;;25323.75;1;BID;;;;;
20251107;065159.128;25323.75;;25323.75;2;BID;;;;;
20251107;065159.128;;25324.75;25324.75;3;ASK;;;;;
20251107;065159.128;;25324.75;25324.75;2;ASK;;;;;
20251107;065159.132;25324.00;;25324.00;1;BID;;;;;
20251107;065159.132;;25324.75;25324.75;1;ASK;;;;;
20251107;065159.156;25323.75;;25323.75;2;BID;;;;;
20251107;065159.216;25323.75;;25323.75;3;BID;;;;;
20251107;065159.216;25324.00;;25324.00;1;BID;;;;;
20251107;065159.220;;25325.00;25325.00;11;ASK;;;;;
20251107;065159.220;;25325.00;25325.00;10;ASK;;;;;
20251107;065159.224;25324.25;;25324.25;1;BID;;;;;
20251107;065159.256;25324.50;;25324.50;1;BID;;;;;
20251107;065159.292;25324.25;;25324.25;1;BID;;;;;
20251107;065159.572;;25325.00;25325.00;1;ASK;;;;;
20251107;065159.572;;25325.00;25325.00;1;ASK;;;;;
20251107;065159.572;;25325.00;25325.00;1;ASK;;;;;
20251107;065159.572;;25325.00;25325.00;7;ASK;;;;;
20251107;065159.572;25324.50;;25324.50;1;BID;;;;;
20251107;065159.576;;25325.00;25325.00;3;ASK;;;;;
20251107;065159.576;;25325.00;25325.00;1;ASK;;;;;
20251107;065159.576;;25325.00;25325.00;1;ASK;;;;;
20251107;065159.576;;25325.00;25325.00;2;ASK;;;;;
20251107;065159.576;;25325.50;25325.50;1;ASK;;;;;
20251107;065159.576;;25325.25;25325.25;1;ASK;;;;;
20251107;065159.576;25324.75;;25324.75;1;BID;;;;;
20251107;065159.576;;25325.25;25325.25;1;ASK;;;;;
20251107;065159.576;;25325.75;25325.75;1;ASK;;;;;
20251107;065159.576;25325.00;;25325.00;1;BID;;;;;
20251107;065159.576;25324.75;;25324.75;1;BID;;;;;
20251107;065159.576;25324.50;;25324.50;1;BID;;;;;
20251107;065159.576;25324.25;;25324.25;1;BID;;;;;
20251107;065159.576;;25325.75;25325.75;2;ASK;;;;;
20251107;065159.576;;25325.75;25325.75;1;ASK;;;;;
20251107;065159.576;;25325.50;25325.50;1;ASK;;;;;
20251107;065159.576;;25325.25;25325.25;1;ASK;;;;;
20251107;065159.584;25324.25;;25324.25;1;BID;;;;;
20251107;065159.584;25323.75;;25323.75;3;BID;;;;;
20251107;065159.584;;25325.00;25325.00;1;ASK;;;;;
20251107;065159.584;25323.75;;25323.75;2;BID;;;;;
20251107;065159.584;25324.00;;25324.00;1;BID;;;;;
20251107;065159.584;25324.00;;25324.00;2;BID;;;;;
20251107;065159.584;25324.25;;25324.25;1;BID;;;;;
20251107;065159.584;;25325.25;25325.25;2;ASK;;;;;
20251107;065159.588;;25325.00;25325.00;1;ASK;;;;;
20251107;065159.588;25324.00;;25324.00;1;BID;;;;;
20251107;065159.588;25324.25;;25324.25;1;BID;;;;;
20251107;065159.588;;25325.25;25325.25;2;ASK;;;;;
20251107;065159.684;25324.50;;25324.50;1;BID;;;;;
20251107;065159.684;;25325.25;25325.25;1;ASK;;;;;
20251107;065159.684;;25325.50;25325.50;2;ASK;;;;;
20251107;065159.692;;25325.50;25325.50;3;ASK;;;;;
20251107;065159.692;;25325.25;25325.25;1;ASK;;;;;
20251107;065159.788;25324.25;;25324.25;1;BID;;;;;
20251107;065159.788;;25325.00;25325.00;1;ASK;;;;;
20251107;065159.788;25324.00;;25324.00;1;BID;;;;;
20251107;065159.840;25324.25;;25324.25;1;BID;;;;;
20251107;065159.896;25324.00;;25324.00;1;BID;;;;;
20251107;065159.896;;25324.75;25324.75;1;ASK;;;;;
20251107;065159.900;;25325.00;25325.00;1;ASK;;;;;
20251107;065159.972;;25325.00;25325.00;2;ASK;;;;;
20251107;065159.972;;25325.00;25325.00;3;ASK;;;;;
20251107;065159.972;;25324.75;25324.75;1;ASK;;;;;
20251107;065159.972;25323.75;;25323.75;3;BID;;;;;
20251107;065159.972;25323.75;;25323.75;2;BID;;;;;
20251107;065159.972;25324.00;;25324.00;1;BID;;;;;
20251107;065159.976;25323.75;;25323.75;2;BID;;;;;
20251107;065200.036;25324.00;;25324.00;1;BID;;;;;
20251107;065200.036;;25325.00;25325.00;2;ASK;;;;;
20251107;065200.164;;25324.75;25324.75;1;ASK;;;;;
20251107;065200.232;;25324.75;25324.75;1;ASK;;;;;
20251107;065200.232;;25325.00;25325.00;2;ASK;;;;;
20251107;065200.232;25324.00;;25324.00;2;BID;;;;;
20251107;065200.232;25324.25;;25324.25;1;BID;;;;;
20251107;065200.232;;25325.00;25325.00;1;ASK;;;;;
20251107;065200.232;;25325.25;25325.25;3;ASK;;;;;
20251107;065200.232;;25325.25;25325.25;2;ASK;;;;;
20251107;065200.236;;25325.00;25325.00;1;ASK;;;;;
20251107;065200.292;;25325.25;25325.25;2;ASK;;;;;
20251107;065200.292;;25325.25;25325.25;1;ASK;;;;;
20251107;065200.292;25324.25;;25324.25;2;BID;;;;;
20251107;065200.292;25324.50;;25324.50;1;BID;;;;;
20251107;065200.292;25324.50;;25324.50;2;BID;;;;;
20251107;065200.292;;25325.50;25325.50;4;ASK;;;;;
20251107;065200.292;;25325.50;25325.50;3;ASK;;;;;
20251107;065200.292;;25325.50;25325.50;2;ASK;;;;;
20251107;065200.292;25324.50;;25324.50;1;BID;;;;;
20251107;065200.332;;25325.25;25325.25;1;ASK;;;;;
20251107;065200.348;;25325.50;25325.50;2;ASK;;;;;
20251107;065200.364;25324.50;;25324.50;1;BID;;;;;
20251107;065200.364;25324.25;;25324.25;2;BID;;;;;
20251107;065200.364;;25325.25;25325.25;1;ASK;;;;;
20251107;065200.364;25324.25;;25324.25;1;BID;;;;;
20251107;065200.364;;25325.25;25325.25;2;ASK;;;;;
20251107;065200.364;;25325.00;25325.00;1;ASK;;;;;
20251107;065200.424;;25325.00;25325.00;2;ASK;;;;;
20251107;065200.448;25324.25;;25324.25;2;BID;;;;;
20251107;065200.448;;25325.00;25325.00;1;ASK;;;;;
20251107;065200.448;;25325.25;25325.25;3;ASK;;;;;
20251107;065200.448;;25325.25;25325.25;2;ASK;;;;;
20251107;065200.448;;25325.25;25325.25;3;ASK;;;;;
20251107;065200.448;;25325.00;25325.00;1;ASK;;;;;
20251107;065200.448;;25325.25;25325.25;3;ASK;;;;;
20251107;065200.448;25324.50;;25324.50;1;BID;;;;;
20251107;065200.452;;25325.25;25325.25;2;ASK;;;;;
20251107;065200.452;25324.25;;25324.25;2;BID;;;;;
20251107;065200.464;;25325.00;25325.00;1;ASK;;;;;
20251107;065200.468;;25325.25;25325.25;2;ASK;;;;;
20251107;065200.468;25324.50;;25324.50;1;BID;;;;;
20251107;065200.468;25324.25;;25324.25;2;BID;;;;;
20251107;065200.468;25324.50;;25324.50;1;BID;;;;;
20251107;065200.468;;25325.25;25325.25;1;ASK;;;;;
20251107;065200.468;;25325.50;25325.50;4;ASK;;;;;
20251107;065200.468;;25325.50;25325.50;3;ASK;;;;;
20251107;065200.568;;25325.25;25325.25;1;ASK;;;;;
20251107;065200.704;25324.75;;25324.75;1;BID;;;;;
20251107;065200.704;;25325.50;25325.50;3;ASK;;;;;
20251107;065200.704;;25325.50;25325.50;2;ASK;;;;;
20251107;065200.704;;25325.50;25325.50;1;ASK;;;;;
20251107;065200.704;;25325.75;25325.75;2;ASK;;;;;
20251107;065200.704;;25325.75;25325.75;1;ASK;;;;;
20251107;065200.704;25325.00;;25325.00;1;BID;;;;;
20251107;065200.704;;25325.50;25325.50;1;ASK;;;;;
20251107;065200.704;25324.75;;25324.75;1;BID;;;;;
20251107;065200.708;;25325.75;25325.75;1;ASK;;;;;
20251107;065200.712;25325.00;;25325.00;1;BID;;;;;
20251107;065200.724;25324.75;;25324.75;1;BID;;;;;
20251107;065200.812;25325.00;;25325.00;1;BID;;;;;
20251107;065200.820;25324.75;;25324.75;1;BID;;;;;
20251107;065200.872;;25325.50;25325.50;1;ASK;;;;;
20251107;065201.008;;25325.75;25325.75;1;ASK;;;;;
20251107;065201.020;25325.00;;25325.00;1;BID;;;;;
20251107;065201.036;25324.75;;25324.75;1;BID;;;;;
20251107;065201.104;;25325.50;25325.50;1;ASK;;;;;
20251107;065201.184;;25325.75;25325.75;1;ASK;;;;;
20251107;065201.200;25325.00;;25325.00;1;BID;;;;;
20251107;065201.204;;25326.00;25326.00;3;ASK;;;;;
20251107;065201.204;;25326.00;25326.00;2;ASK;;;;;
20251107;065201.204;;25325.75;25325.75;1;ASK;;;;;
20251107;065201.204;;25326.00;25326.00;2;ASK;;;;;
20251107;065201.204;25324.75;;25324.75;1;BID;;;;;
20251107;065201.204;;25326.00;25326.00;3;ASK;;;;;
20251107;065201.204;;25325.75;25325.75;1;ASK;;;;;
20251107;065201.212;25325.00;;25325.00;1;BID;;;;;
20251107;065201.212;;25326.00;25326.00;4;ASK;;;;;
20251107;065201.212;;25326.00;25326.00;3;ASK;;;;;
20251107;065201.216;;25325.75;25325.75;1;ASK;;;;;
20251107;065201.288;;25326.00;25326.00;3;ASK;;;;;
20251107;065201.288;;25326.00;25326.00;2;ASK;;;;;
20251107;065201.288;25325.00;;25325.00;2;BID;;;;;
20251107;065201.288;25325.25;;25325.25;1;BID;;;;;
20251107;065201.400;;25326.00;25326.00;1;ASK;;;;;
20251107;065201.468;25325.25;;25325.25;2;BID;;;;;
20251107;065201.468;25325.50;;25325.50;1;BID;;;;;
20251107;065201.468;25325.25;;25325.25;2;BID;;;;;
20251107;065201.468;25325.50;;25325.50;1;BID;;;;;
20251107;065201.552;25325.25;;25325.25;2;BID;;;;;
20251107;065201.552;25325.50;;25325.50;1;BID;;;;;
20251107;065201.592;25325.25;;25325.25;2;BID;;;;;
20251107;065201.592;;25326.00;25326.00;2;ASK;;;;;
20251107;065201.592;25325.25;;25325.25;1;BID;;;;;
20251107;065201.592;;25325.75;25325.75;1;ASK;;;;;
20251107;065201.740;25325.25;;25325.25;2;BID;;;;;
20251107;065201.740;;25326.00;25326.00;3;ASK;;;;;
20251107;065201.744;;25326.00;25326.00;2;ASK;;;;;
20251107;065201.744;;25326.00;25326.00;3;ASK;;;;;
20251107;065201.756;;25326.00;25326.00;2;ASK;;;;;
20251107;065201.904;;25326.00;25326.00;1;ASK;;;;;
20251107;065201.904;25325.50;;25325.50;1;BID;;;;;
20251107;065201.908;25325.25;;25325.25;2;BID;;;;;
20251107;065201.956;;25326.00;25326.00;1;ASK;;;;;
20251107;065201.956;;25326.25;25326.25;2;ASK;;;;;
20251107;065201.956;25325.50;;25325.50;1;BID;;;;;
20251107;065201.960;;25326.25;25326.25;3;ASK;;;;;
20251107;065201.960;25325.25;;25325.25;2;BID;;;;;
20251107;065201.960;;25326.25;25326.25;2;ASK;;;;;
20251107;065201.960;25325.50;;25325.50;1;BID;;;;;
20251107;065202.004;25325.25;;25325.25;2;BID;;;;;
20251107;065202.004;25325.50;;25325.50;1;BID;;;;;
20251107;065202.052;25325.25;;25325.25;2;BID;;;;;
20251107;065202.156;25325.25;;25325.25;1;BID;;;;;
20251107;065202.156;25325.25;;25325.25;1;BID;;;;;
20251107;065202.160;;25326.00;25326.00;1;ASK;;;;;
20251107;065202.160;;25326.00;25326.00;2;ASK;;;;;
20251107;065202.164;;25326.00;25326.00;3;ASK;;;;;
20251107;065202.164;;25325.75;25325.75;1;ASK;;;;;
20251107;065202.516;25325.25;;25325.25;2;BID;;;;;
20251107;065202.516;;25326.00;25326.00;4;ASK;;;;;
20251107;065202.516;;25326.00;25326.00;3;ASK;;;;;
20251107;065202.700;25325.25;;25325.25;3;BID;;;;;
20251107;065202.700;;25326.00;25326.00;2;ASK;;;;;
20251107;065202.700;25325.50;;25325.50;1;BID;;;;;
20251107;065202.704;25325.25;;25325.25;3;BID;;;;;
20251107;065203.236;25325.50;;25325.50;1;BID;;;;;
20251107;065203.236;25325.25;;25325.25;3;BID;;;;;
20251107;065203.416;;25326.00;25326.00;1;ASK;;;;;
20251107;065203.416;;25326.00;25326.00;1;ASK;;;;;
20251107;065203.416;25325.50;;25325.50;1;BID;;;;;
20251107;065203.420;25325.25;;25325.25;3;BID;;;;;
20251107;065203.452;25325.50;;25325.50;1;BID;;;;;
20251107;065203.632;25325.75;;25325.75;1;BID;;;;;
20251107;065203.644;25325.75;;25325.75;1;BID;;;;;
20251107;065203.644;25325.50;;25325.50;1;BID;;;;;
20251107;065203.644;25325.25;;25325.25;3;BID;;;;;
20251107;065203.644;25325.50;;25325.50;1;BID;;;;;
20251107;065203.744;25325.25;;25325.25;3;BID;;;;;
20251107;065203.852;25325.50;;25325.50;1;BID;;;;;
20251107;065203.852;25325.25;;25325.25;3;BID;;;;;
20251107;065204.256;25325.50;;25325.50;1;BID;;;;;
20251107;065204.256;25325.25;;25325.25;3;BID;;;;;
20251107;065204.548;25325.50;;25325.50;1;BID;;;;;
20251107;065204.876;25325.25;;25325.25;3;BID;;;;;
20251107;065205.080;25325.50;;25325.50;1;BID;;;;;
20251107;065205.104;25325.25;;25325.25;3;BID;;;;;
20251107;065205.256;;25325.75;25325.75;1;ASK;;;;;
20251107;065205.256;;25326.00;25326.00;3;ASK;;;;;
20251107;065205.256;25325.25;;25325.25;1;BID;;;;;
20251107;065205.256;25325.25;;25325.25;1;BID;;;;;
20251107;065205.256;25325.25;;25325.25;1;BID;;;;;
20251107;065205.256;25325.00;;25325.00;2;BID;;;;;
20251107;065205.256;;25326.00;25326.00;2;ASK;;;;;
20251107;065205.256;;25325.75;25325.75;1;ASK;;;;;
20251107;065205.256;25325.00;;25325.00;1;BID;;;;;
20251107;065205.256;25325.00;;25325.00;1;BID;;;;;
20251107;065205.256;25324.75;;25324.75;2;BID;;;;;
20251107;065205.256;;25325.75;25325.75;2;ASK;;;;;
20251107;065205.256;25324.75;;25324.75;1;BID;;;;;
20251107;065205.256;25324.50;;25324.50;2;BID;;;;;
20251107;065205.256;;25325.50;25325.50;1;ASK;;;;;
20251107;065205.256;25324.50;;25324.50;1;BID;;;;;
20251107;065205.256;;25325.25;25325.25;1;ASK;;;;;
20251107;065205.260;;25325.50;25325.50;1;ASK;;;;;
20251107;065205.296;;25325.50;25325.50;2;ASK;;;;;
20251107;065205.296;;25325.25;25325.25;1;ASK;;;;;
20251107;065205.296;25324.25;;25324.25;2;BID;;;;;
20251107;065205.528;;25325.00;25325.00;1;ASK;;;;;
20251107;065205.532;;25325.25;25325.25;5;ASK;;;;;
20251107;065205.532;;25325.25;25325.25;4;ASK;;;;;
20251107;065205.532;;25325.25;25325.25;3;ASK;;;;;
20251107;065205.532;;25325.25;25325.25;2;ASK;;;;;
20251107;065205.532;;25325.25;25325.25;1;ASK;;;;;
20251107;065205.532;25324.50;;25324.50;1;BID;;;;;
20251107;065205.728;25324.25;;25324.25;2;BID;;;;;
20251107;065205.728;;25325.00;25325.00;1;ASK;;;;;
20251107;065205.728;25324.50;;25324.50;1;BID;;;;;
20251107;065205.728;;25325.25;25325.25;1;ASK;;;;;
20251107;065205.728;;25325.50;25325.50;3;ASK;;;;;
20251107;065205.732;;25325.50;25325.50;2;ASK;;;;;
20251107;065205.732;;25325.25;25325.25;1;ASK;;;;;
20251107;065206.100;;25325.50;25325.50;2;ASK;;;;;
20251107;065206.100;25324.75;;25324.75;1;BID;;;;;
20251107;065206.100;;25325.50;25325.50;1;ASK;;;;;
20251107;065206.100;;25325.75;25325.75;5;ASK;;;;;
20251107;065206.100;;25325.75;25325.75;4;ASK;;;;;
20251107;065206.104;;25325.50;25325.50;1;ASK;;;;;
20251107;065206.104;25324.50;;25324.50;1;BID;;;;;
20251107;065206.260;;25325.25;25325.25;1;ASK;;;;;
20251107;065206.260;25324.25;;25324.25;2;BID;;;;;
20251107;065206.304;25324.50;;25324.50;1;BID;;;;;
20251107;065206.424;;25325.25;25325.25;1;ASK;;;;;
20251107;065206.424;;25325.50;25325.50;1;ASK;;;;;
20251107;065206.424;;25325.50;25325.50;1;ASK;;;;;
20251107;065206.424;25324.75;;25324.75;1;BID;;;;;
20251107;065206.424;25324.50;;25324.50;1;BID;;;;;
20251107;065206.428;;25325.25;25325.25;1;ASK;;;;;
20251107;065206.428;25324.25;;25324.25;2;BID;;;;;
20251107;065206.452;25324.50;;25324.50;1;BID;;;;;
20251107;065206.452;;25325.50;25325.50;1;ASK;;;;;
20251107;065206.452;25324.75;;25324.75;1;BID;;;;;
20251107;065206.452;;25325.75;25325.75;4;ASK;;;;;
20251107;065206.452;;25325.75;25325.75;3;ASK;;;;;
20251107;065206.456;;25325.50;25325.50;1;ASK;;;;;
20251107;065206.512;25324.75;;25324.75;2;BID;;;;;
20251107;065206.512;;25325.75;25325.75;3;ASK;;;;;
20251107;065206.512;;25325.75;25325.75;2;ASK;;;;;
20251107;065206.512;25325.00;;25325.00;1;BID;;;;;
20251107;065206.512;;25325.75;25325.75;1;ASK;;;;;
20251107;065206.512;;25326.00;25326.00;2;ASK;;;;;
20251107;065206.512;;25326.00;25326.00;1;ASK;;;;;
20251107;065206.516;;25326.00;25326.00;2;ASK;;;;;
20251107;065206.516;;25325.75;25325.75;1;ASK;;;;;
20251107;065206.592;;25326.00;25326.00;2;ASK;;;;;
20251107;065206.592;25325.25;;25325.25;1;BID;;;;;
20251107;065206.592;25325.00;;25325.00;1;BID;;;;;
20251107;065206.592;;25326.00;25326.00;1;ASK;;;;;
20251107;065206.596;;25326.25;25326.25;4;ASK;;;;;
20251107;065206.596;;25326.25;25326.25;3;ASK;;;;;
20251107;065206.596;25325.25;;25325.25;1;BID;;;;;
20251107;065206.596;;25326.25;25326.25;4;ASK;;;;;
20251107;065206.596;;25326.00;25326.00;1;ASK;;;;;
20251107;065206.604;25325.00;;25325.00;1;BID;;;;;
20251107;065206.604;;25326.00;25326.00;2;ASK;;;;;
20251107;065206.740;;25325.75;25325.75;1;ASK;;;;;
20251107;065206.740;25324.75;;25324.75;2;BID;;;;;
20251107;065206.936;25325.00;;25325.00;1;BID;;;;;
20251107;065206.936;;25326.00;25326.00;2;ASK;;;;;
20251107;065206.936;;25326.00;25326.00;3;ASK;;;;;
20251107;065206.952;;25325.75;25325.75;1;ASK;;;;;
20251107;065207.048;;25326.00;25326.00;3;ASK;;;;;
20251107;065207.048;;25325.75;25325.75;1;ASK;;;;;
20251107;065207.300;;25326.00;25326.00;2;ASK;;;;;
20251107;065207.672;;25325.75;25325.75;1;ASK;;;;;
20251107;065207.672;25324.75;;25324.75;2;BID;;;;;
20251107;065207.972;25325.00;;25325.00;1;BID;;;;;
20251107;065207.976;;25326.00;25326.00;2;ASK;;;;;
20251107;065207.976;;25325.75;25325.75;1;ASK;;;;;
20251107;065208.140;25325.00;;25325.00;2;BID;;;;;
20251107;065208.140;;25326.00;25326.00;2;ASK;;;;;
20251107;065208.164;25325.25;;25325.25;1;BID;;;;;
20251107;065208.164;;25326.00;25326.00;1;ASK;;;;;
20251107;065208.164;;25326.25;25326.25;3;ASK;;;;;
20251107;065208.164;;25326.25;25326.25;2;ASK;;;;;
20251107;065208.164;;25326.25;25326.25;1;ASK;;;;;
20251107;065208.168;;25326.00;25326.00;1;ASK;;;;;
20251107;065208.220;;25326.25;25326.25;1;ASK;;;;;
20251107;065208.224;;25326.25;25326.25;2;ASK;;;;;
20251107;065208.224;;25326.00;25326.00;1;ASK;;;;;
20251107;065208.224;25325.00;;25325.00;2;BID;;;;;
20251107;065208.244;25325.25;;25325.25;1;BID;;;;;
20251107;065208.248;25325.00;;25325.00;2;BID;;;;;
20251107;065208.252;;25325.75;25325.75;1;ASK;;;;;
20251107;065208.304;;25326.00;25326.00;1;ASK;;;;;
20251107;065208.304;;25326.00;25326.00;2;ASK;;;;;
20251107;065208.308;;25325.75;25325.75;1;ASK;;;;;
20251107;065208.324;;25326.00;25326.00;2;ASK;;;;;
20251107;065208.324;25325.25;;25325.25;1;BID;;;;;
20251107;065208.324;;25326.00;25326.00;1;ASK;;;;;
20251107;065208.324;;25326.25;25326.25;3;ASK;;;;;
20251107;065208.324;;25326.25;25326.25;2;ASK;;;;;
20251107;065208.328;;25326.00;25326.00;1;ASK;;;;;
20251107;065208.392;;25326.25;25326.25;2;ASK;;;;;
20251107;065208.408;;25326.00;25326.00;1;ASK;;;;;
20251107;065208.572;25325.25;;25325.25;1;BID;;;;;
20251107;065208.572;25325.00;;25325.00;1;BID;;;;;
20251107;065208.572;25325.00;;25325.00;1;BID;;;;;
20251107;065208.572;;25325.75;25325.75;1;ASK;;;;;
20251107;065208.676;;25325.75;25325.75;2;ASK;;;;;
20251107;065208.720;;25325.50;25325.50;1;ASK;;;;;
20251107;065208.764;;25325.75;25325.75;3;ASK;;;;;
20251107;065208.764;;25325.75;25325.75;2;ASK;;;;;
20251107;065209.072;;25325.50;25325.50;1;ASK;;;;;
20251107;065209.356;;25325.75;25325.75;2;ASK;;;;;
20251107;065209.360;;25325.75;25325.75;1;ASK;;;;;
20251107;065209.488;;25326.00;25326.00;4;ASK;;;;;
20251107;065209.488;;25326.00;25326.00;3;ASK;;;;;
20251107;065209.508;;25326.00;25326.00;2;ASK;;;;;
20251107;065209.508;25325.25;;25325.25;1;BID;;;;;
20251107;065209.508;;25326.00;25326.00;1;ASK;;;;;
20251107;065209.592;25325.00;;25325.00;1;BID;;;;;
20251107;065209.592;25325.25;;25325.25;1;BID;;;;;
20251107;065209.592;25325.00;;25325.00;1;BID;;;;;
20251107;065209.684;25324.50;;25324.50;3;BID;;;;;
20251107;065209.684;25324.50;;25324.50;2;BID;;;;;
20251107;065209.684;;25325.75;25325.75;1;ASK;;;;;
20251107;065209.688;25324.75;;25324.75;1;BID;;;;;
20251107;065210.620;25324.75;;25324.75;2;BID;;;;;
20251107;065210.620;25325.00;;25325.00;1;BID;;;;;
20251107;065210.620;25324.75;;25324.75;2;BID;;;;;
20251107;065210.620;25324.75;;25324.75;1;BID;;;;;
20251107;065210.620;;25325.50;25325.50;1;ASK;;;;;
20251107;065210.624;25324.50;;25324.50;2;BID;;;;;
20251107;065210.708;;25325.50;25325.50;1;ASK;;;;;
20251107;065210.708;;25325.75;25325.75;1;ASK;;;;;
20251107;065210.708;;25326.00;25326.00;2;ASK;;;;;
20251107;065210.708;25324.75;;25324.75;1;BID;;;;;
20251107;065210.708;25324.75;;25324.75;2;BID;;;;;
20251107;065210.708;;25326.00;25326.00;1;ASK;;;;;
20251107;065210.708;25325.00;;25325.00;1;BID;;;;;
20251107;065210.712;;25325.75;25325.75;1;ASK;;;;;
20251107;065210.712;25324.75;;25324.75;1;BID;;;;;
20251107;065210.728;;25325.50;25325.50;1;ASK;;;;;
20251107;065210.748;25325.00;;25325.00;1;BID;;;;;
20251107;065210.748;;25325.75;25325.75;1;ASK;;;;;
20251107;065210.832;;25326.00;25326.00;1;ASK;;;;;
20251107;065210.840;25325.00;;25325.00;1;BID;;;;;
20251107;065210.840;25324.75;;25324.75;1;BID;;;;;
20251107;065210.840;;25325.75;25325.75;1;ASK;;;;;
20251107;065210.840;;25325.50;25325.50;1;ASK;;;;;
20251107;065210.840;25324.50;;25324.50;2;BID;;;;;
20251107;065210.852;;25325.50;25325.50;2;ASK;;;;;
20251107;065210.852;;25325.25;25325.25;1;ASK;;;;;
20251107;065210.852;;25325.50;25325.50;2;ASK;;;;;
20251107;065210.852;25324.75;;25324.75;1;BID;;;;;
20251107;065210.952;25324.50;;25324.50;2;BID;;;;;
20251107;065210.952;;25325.25;25325.25;1;ASK;;;;;
20251107;065210.996;;25325.25;25325.25;1;ASK;;;;;
20251107;065210.996;;25325.50;25325.50;1;ASK;;;;;
20251107;065210.996;;25325.50;25325.50;1;ASK;;;;;
20251107;065210.996;25324.75;;25324.75;1;BID;;;;;
20251107;065210.996;25325.00;;25325.00;1;BID;;;;;
20251107;065210.996;;25325.75;25325.75;1;ASK;;;;;
20251107;065210.996;25324.75;;25324.75;1;BID;;;;;
20251107;065210.996;;25325.25;25325.25;1;ASK;;;;;
20251107;065210.996;25324.50;;25324.50;2;BID;;;;;
20251107;065210.996;;25325.75;25325.75;1;ASK;;;;;
20251107;065210.996;;25325.50;25325.50;1;ASK;;;;;
20251107;065210.996;;25325.75;25325.75;1;ASK;;;;;
20251107;065211.000;25324.75;;25324.75;1;BID;;;;;
20251107;065211.000;;25325.75;25325.75;2;ASK;;;;;
20251107;065211.000;;25325.75;25325.75;3;ASK;;;;;
20251107;065211.000;;25325.50;25325.50;1;ASK;;;;;
20251107;065211.000;25324.50;;25324.50;2;BID;;;;;
20251107;065211.000;;25325.50;25325.50;2;ASK;;;;;
20251107;065211.000;;25325.25;25325.25;1;ASK;;;;;
20251107;065211.004;;25325.50;25325.50;2;ASK;;;;;
20251107;065211.004;;25325.50;25325.50;1;ASK;;;;;
20251107;065211.044;;25325.25;25325.25;1;ASK;;;;;
20251107;065211.052;25324.50;;25324.50;1;BID;;;;;
20251107;065211.052;;25325.25;25325.25;2;ASK;;;;;
20251107;065211.052;;25325.25;25325.25;3;ASK;;;;;
20251107;065211.052;;25325.00;25325.00;1;ASK;;;;;
20251107;065211.052;25324.50;;25324.50;1;BID;;;;;
20251107;065211.052;25324.25;;25324.25;3;BID;;;;;
20251107;065211.052;;25324.75;25324.75;1;ASK;;;;;
20251107;065211.052;25324.25;;25324.25;1;BID;;;;;
20251107;065211.052;25324.25;;25324.25;1;BID;;;;;
20251107;065211.052;25324.25;;25324.25;1;BID;;;;;
20251107;065211.056;25323.75;;25323.75;1;BID;;;;;
20251107;065211.056;;25324.50;25324.50;1;ASK;;;;;
20251107;065211.056;25323.50;;25323.50;1;BID;;;;;
20251107;065211.060;;25324.25;25324.25;1;ASK;;;;;
20251107;065211.116;;25324.50;25324.50;1;ASK;;;;;
20251107;065211.116;25323.75;;25323.75;1;BID;;;;;
20251107;065211.116;;25324.75;25324.75;3;ASK;;;;;
20251107;065211.116;;25324.75;25324.75;2;ASK;;;;;
20251107;065211.116;;25324.50;25324.50;1;ASK;;;;;
20251107;065211.132;25323.50;;25323.50;1;BID;;;;;
20251107;065211.132;;25324.25;25324.25;1;ASK;;;;;
20251107;065211.144;;25324.50;25324.50;1;ASK;;;;;
20251107;065211.144;25323.75;;25323.75;1;BID;;;;;
20251107;065211.148;;25324.75;25324.75;3;ASK;;;;;
20251107;065211.148;;25324.75;25324.75;2;ASK;;;;;
20251107;065211.148;;25324.75;25324.75;1;ASK;;;;;
20251107;065211.148;;25324.50;25324.50;1;ASK;;;;;
20251107;065211.148;25323.50;;25323.50;1;BID;;;;;
20251107;065211.156;;25324.25;25324.25;1;ASK;;;;;
20251107;065211.348;;25324.50;25324.50;1;ASK;;;;;
20251107;065211.348;25323.75;;25323.75;1;BID;;;;;
20251107;065211.348;;25324.75;25324.75;3;ASK;;;;;
20251107;065211.348;;25324.75;25324.75;2;ASK;;;;;
20251107;065211.348;;25324.75;25324.75;1;ASK;;;;;
20251107;065211.352;;25324.50;25324.50;1;ASK;;;;;
20251107;065211.728;;25324.50;25324.50;1;ASK;;;;;
20251107;065211.728;;25324.75;25324.75;1;ASK;;;;;
20251107;065211.728;;25324.75;25324.75;2;ASK;;;;;
20251107;065211.728;;25325.00;25325.00;4;ASK;;;;;
20251107;065211.728;;25325.00;25325.00;3;ASK;;;;;
20251107;065211.728;;25325.00;25325.00;2;ASK;;;;;
20251107;065211.728;25324.75;;25324.75;1;BID;;;;;
20251107;065211.728;25324.75;;25324.75;1;BID;;;;;
20251107;065211.728;25324.75;;25324.75;1;BID;;;;;
20251107;065211.728;25324.00;;25324.00;1;BID;;;;;
20251107;065211.728;;25325.00;25325.00;1;ASK;;;;;
20251107;065211.728;;25325.25;25325.25;2;ASK;;;;;
20251107;065211.732;25324.00;;25324.00;2;BID;;;;;
20251107;065211.732;25324.00;;25324.00;3;BID;;;;;
20251107;065211.732;;25324.75;25324.75;1;ASK;;;;;
20251107;065211.732;25324.00;;25324.00;2;BID;;;;;
20251107;065211.732;25324.25;;25324.25;1;BID;;;;;
20251107;065211.732;;25325.25;25325.25;2;ASK;;;;;
20251107;065211.732;;25325.25;25325.25;3;ASK;;;;;
20251107;065211.732;;25325.25;25325.25;2;ASK;;;;;
20251107;065211.732;;25325.25;25325.25;1;ASK;;;;;
20251107;065211.732;;25325.00;25325.00;1;ASK;;;;;
20251107;065211.732;;25325.25;25325.25;1;ASK;;;;;
20251107;065211.732;;25325.50;25325.50;1;ASK;;;;;
20251107;065211.732;25324.50;;25324.50;1;BID;;;;;
20251107;065211.732;25324.25;;25324.25;1;BID;;;;;
20251107;065211.732;;25325.25;25325.25;1;ASK;;;;;
20251107;065211.732;;25325.50;25325.50;1;ASK;;;;;
20251107;065211.732;25324.50;;25324.50;1;BID;;;;;
20251107;065211.736;25324.75;;25324.75;1;BID;;;;;
20251107;065211.736;25324.50;;25324.50;1;BID;;;;;
20251107;065211.736;;25325.25;25325.25;1;ASK;;;;;
20251107;065211.808;25324.75;;25324.75;1;BID;;;;;
20251107;065211.808;;25325.50;25325.50;1;ASK;;;;;
20251107;065211.808;;25325.75;25325.75;2;ASK;;;;;
20251107;065211.808;;25325.75;25325.75;1;ASK;;;;;
20251107;065212.080;;25325.50;25325.50;1;ASK;;;;;
20251107;065212.080;25324.50;;25324.50;1;BID;;;;;
20251107;065212.084;25324.75;;25324.75;1;BID;;;;;
20251107;065212.312;25324.50;;25324.50;1;BID;;;;;
20251107;065212.312;;25325.25;25325.25;1;ASK;;;;;
20251107;065212.312;25324.25;;25324.25;1;BID;;;;;
20251107;065212.512;;25325.00;25325.00;1;ASK;;;;;
20251107;065212.512;25324.00;;25324.00;2;BID;;;;;
20251107;065212.512;;25324.75;25324.75;1;ASK;;;;;
20251107;065212.512;25324.00;;25324.00;1;BID;;;;;
20251107;065212.512;25323.75;;25323.75;1;BID;;;;;
20251107;065212.516;25324.00;;25324.00;1;BID;;;;;
20251107;065212.684;25324.00;;25324.00;2;BID;;;;;
20251107;065212.684;;25325.00;25325.00;1;ASK;;;;;
20251107;065212.684;25324.25;;25324.25;1;BID;;;;;
20251107;065212.692;;25325.25;25325.25;2;ASK;;;;;
20251107;065212.692;;25325.25;25325.25;1;ASK;;;;;
20251107;065212.692;;25325.25;25325.25;2;ASK;;;;;
20251107;065212.692;;25325.25;25325.25;3;ASK;;;;;
20251107;065212.692;;25325.25;25325.25;4;ASK;;;;;
20251107;065212.692;;25325.00;25325.00;1;ASK;;;;;
20251107;065212.692;25324.00;;25324.00;2;BID;;;;;
20251107;065212.872;;25324.75;25324.75;1;ASK;;;;;
20251107;065213.104;;25325.00;25325.00;1;ASK;;;;;
20251107;065213.140;;25325.00;25325.00;2;ASK;;;;;
20251107;065214.472;;25324.75;25324.75;1;ASK;;;;;
20251107;065214.512;25324.00;;25324.00;1;BID;;;;;
20251107;065214.624;;25324.75;25324.75;1;ASK;;;;;
20251107;065214.624;;25325.00;25325.00;2;ASK;;;;;
20251107;065214.624;25324.25;;25324.25;1;BID;;;;;
20251107;065214.624;;25325.00;25325.00;1;ASK;;;;;
20251107;065214.624;;25325.25;25325.25;3;ASK;;;;;
20251107;065214.624;25324.50;;25324.50;1;BID;;;;;
20251107;065214.624;25324.25;;25324.25;1;BID;;;;;
20251107;065214.624;;25325.25;25325.25;2;ASK;;;;;
20251107;065214.624;;25325.25;25325.25;1;ASK;;;;;
20251107;065214.624;25324.25;;25324.25;2;BID;;;;;
20251107;065214.628;25324.50;;25324.50;1;BID;;;;;
20251107;065214.628;25324.75;;25324.75;1;BID;;;;;
20251107;065214.628;;25325.75;25325.75;1;ASK;;;;;
20251107;065214.628;;25325.50;25325.50;1;ASK;;;;;
20251107;065214.628;25324.50;;25324.50;1;BID;;;;;
20251107;065214.636;25324.75;;25324.75;1;BID;;;;;
20251107;065215.384;25324.75;;25324.75;2;BID;;;;;
20251107;065215.384;;25325.75;25325.75;1;ASK;;;;;
20251107;065215.384;25325.00;;25325.00;1;BID;;;;;
20251107;065215.420;;25326.00;25326.00;3;ASK;;;;;
20251107;065215.420;25325.25;;25325.25;1;BID;;;;;
20251107;065215.420;;25326.00;25326.00;2;ASK;;;;;
20251107;065215.420;;25326.00;25326.00;1;ASK;;;;;
20251107;065215.652;25325.00;;25325.00;1;BID;;;;;
20251107;065215.652;;25325.75;25325.75;1;ASK;;;;;
20251107;065215.652;;25325.75;25325.75;2;ASK;;;;;
20251107;065215.652;25324.75;;25324.75;2;BID;;;;;
20251107;065215.652;;25325.75;25325.75;1;ASK;;;;;
20251107;065215.656;25325.00;;25325.00;1;BID;;;;;
20251107;065215.656;;25326.00;25326.00;1;ASK;;;;;
20251107;065215.692;;25325.75;25325.75;1;ASK;;;;;
20251107;065215.960;;25326.00;25326.00;1;ASK;;;;;
20251107;065215.960;25325.25;;25325.25;1;BID;;;;;
20251107;065215.960;;25326.25;25326.25;3;ASK;;;;;
20251107;065215.960;;25326.25;25326.25;2;ASK;;;;;
20251107;065215.960;;25326.25;25326.25;3;ASK;;;;;
20251107;065215.960;;25326.00;25326.00;1;ASK;;;;;
20251107;065215.960;25325.00;;25325.00;1;BID;;;;;
20251107;065216.152;;25325.75;25325.75;1;ASK;;;;;
20251107;065216.152;25324.75;;25324.75;2;BID;;;;;
20251107;065216.352;25325.00;;25325.00;1;BID;;;;;
20251107;065216.352;;25326.00;25326.00;1;ASK;;;;;
20251107;065217.252;25325.00;;25325.00;2;BID;;;;;
20251107;065217.252;25325.25;;25325.25;1;BID;;;;;
20251107;065217.252;;25326.25;25326.25;4;ASK;;;;;
20251107;065217.252;;25326.25;25326.25;3;ASK;;;;;
20251107;065217.252;;25326.00;25326.00;1;ASK;;;;;
20251107;065217.252;;25326.00;25326.00;2;ASK;;;;;
20251107;065217.252;;25326.00;25326.00;1;ASK;;;;;
20251107;065217.552;25325.00;;25325.00;2;BID;;;;;
20251107;065218.080;;25325.75;25325.75;1;ASK;;;;;
20251107;065218.080;25325.00;;25325.00;1;BID;;;;;
20251107;065218.084;;25325.75;25325.75;2;ASK;;;;;
20251107;065218.452;25325.25;;25325.25;1;BID;;;;;
20251107;065218.452;;25325.75;25325.75;1;ASK;;;;;
20251107;065218.460;;25326.25;25326.25;4;ASK;;;;;
20251107;065218.460;;25326.25;25326.25;3;ASK;;;;;
20251107;065218.460;;25326.00;25326.00;1;ASK;;;;;
20251107;065218.460;;25326.00;25326.00;2;ASK;;;;;
20251107;065218.780;25325.25;;25325.25;2;BID;;;;;
20251107;065218.780;;25326.00;25326.00;1;ASK;;;;;
20251107;065219.212;25325.50;;25325.50;1;BID;;;;;
20251107;065219.264;25325.25;;25325.25;2;BID;;;;;
20251107;065219.276;25325.25;;25325.25;3;BID;;;;;
20251107;065219.276;25325.50;;25325.50;1;BID;;;;;
20251107;065219.280;25325.25;;25325.25;3;BID;;;;;
20251107;065219.668;;25326.00;25326.00;1;ASK;;;;;
20251107;065219.668;;25326.25;25326.25;1;ASK;;;;;
20251107;065219.668;;25326.25;25326.25;1;ASK;;;;;
20251107;065219.668;;25326.25;25326.25;1;ASK;;;;;
20251107;065219.668;;25326.50;25326.50;1;ASK;;;;;
20251107;065219.668;;25326.50;25326.50;1;ASK;;;;;
20251107;065219.668;;25326.75;25326.75;1;ASK;;;;;
20251107;065219.668;;25326.75;25326.75;1;ASK;;;;;
20251107;065219.668;;25326.75;25326.75;1;ASK;;;;;
20251107;065219.668;;25327.00;25327.00;1;ASK;;;;;
20251107;065219.668;;25327.00;25327.00;1;ASK;;;;;
20251107;065219.668;;25327.00;25327.00;3;ASK;;;;;
20251107;065219.668;25325.50;;25325.50;1;BID;;;;;
20251107;065219.668;25325.75;;25325.75;1;BID;;;;;
20251107;065219.668;;25327.00;25327.00;2;ASK;;;;;
20251107;065219.668;;25327.00;25327.00;1;ASK;;;;;
20251107;065219.668;;25327.00;25327.00;2;ASK;;;;;
20251107;065219.668;;25326.75;25326.75;1;ASK;;;;;
20251107;065219.668;25326.00;;25326.00;1;BID;;;;;
20251107;065219.672;25326.25;;25326.25;1;BID;;;;;
20251107;065219.672;25326.00;;25326.00;2;BID;;;;;
20251107;065219.672;25326.00;;25326.00;1;BID;;;;;
20251107;065219.672;25326.00;;25326.00;2;BID;;;;;
20251107;065219.700;25326.25;;25326.25;1;BID;;;;;
20251107;065219.700;;25327.00;25327.00;1;ASK;;;;;
20251107;065219.700;;25327.25;25327.25;3;ASK;;;;;
20251107;065219.700;;25327.25;25327.25;2;ASK;;;;;
20251107;065219.700;;25327.25;25327.25;1;ASK;;;;;
20251107;065219.700;;25327.75;25327.75;5;ASK;;;;;
20251107;065219.700;25326.50;;25326.50;1;BID;;;;;
20251107;065219.700;;25327.75;25327.75;4;ASK;;;;;
20251107;065219.700;;25327.50;25327.50;1;ASK;;;;;
20251107;065219.700;;25327.25;25327.25;1;ASK;;;;;
20251107;065219.700;25326.25;;25326.25;1;BID;;;;;
20251107;065219.720;25326.50;;25326.50;1;BID;;;;;
20251107;065219.808;25326.25;;25326.25;1;BID;;;;;
20251107;065219.808;25326.00;;25326.00;1;BID;;;;;
20251107;065219.816;25326.00;;25326.00;2;BID;;;;;
20251107;065219.816;25326.25;;25326.25;1;BID;;;;;
20251107;065219.908;25326.25;;25326.25;1;BID;;;;;
20251107;065219.908;25326.00;;25326.00;2;BID;;;;;
20251107;065219.908;;25327.00;25327.00;1;ASK;;;;;
20251107;065219.908;25326.00;;25326.00;1;BID;;;;;
20251107;065219.908;;25326.75;25326.75;1;ASK;;;;;
20251107;065219.912;25325.75;;25325.75;2;BID;;;;;
20251107;065219.912;25325.75;;25325.75;1;BID;;;;;
20251107;065219.912;25326.00;;25326.00;1;BID;;;;;
20251107;065219.940;;25326.75;25326.75;2;ASK;;;;;
20251107;065219.940;25325.75;;25325.75;1;BID;;;;;
20251107;065219.980;25325.75;;25325.75;2;BID;;;;;
20251107;065219.980;25326.00;;25326.00;1;BID;;;;;
20251107;065219.980;;25326.75;25326.75;1;ASK;;;;;
20251107;065220.204;;25326.75;25326.75;1;ASK;;;;;
20251107;065220.204;;25327.00;25327.00;1;ASK;;;;;
20251107;065220.204;25326.25;;25326.25;1;BID;;;;;
20251107;065220.208;;25327.25;25327.25;4;ASK;;;;;
20251107;065220.208;;25327.25;25327.25;3;ASK;;;;;
20251107;065220.208;;25327.00;25327.00;1;ASK;;;;;
20251107;065220.208;25326.00;;25326.00;1;BID;;;;;
20251107;065220.216;25326.00;;25326.00;2;BID;;;;;
20251107;065220.216;25326.25;;25326.25;1;BID;;;;;
20251107;065220.372;25326.00;;25326.00;1;BID;;;;;
20251107;065220.416;25326.25;;25326.25;1;BID;;;;;
20251107;065220.520;;25327.00;25327.00;1;ASK;;;;;
20251107;065220.520;;25327.25;25327.25;4;ASK;;;;;
20251107;065220.520;25326.50;;25326.50;1;BID;;;;;
20251107;065220.520;;25327.25;25327.25;3;ASK;;;;;
20251107;065220.520;;25327.25;25327.25;2;ASK;;;;;
20251107;065220.524;25326.25;;25326.25;1;BID;;;;;
20251107;065220.536;;25327.00;25327.00;1;ASK;;;;;
20251107;065220.608;;25327.00;25327.00;1;ASK;;;;;
20251107;065220.608;;25327.25;25327.25;2;ASK;;;;;
20251107;065220.608;25326.50;;25326.50;1;BID;;;;;
20251107;065220.608;25326.25;;25326.25;1;BID;;;;;
20251107;065220.816;;25327.00;25327.00;1;ASK;;;;;
20251107;065220.816;25326.00;;25326.00;1;BID;;;;;
20251107;065220.904;;25326.75;25326.75;1;ASK;;;;;
20251107;065220.912;;25327.00;25327.00;1;ASK;;;;;
20251107;065221.152;;25327.00;25327.00;1;ASK;;;;;
20251107;065221.152;;25327.25;25327.25;1;ASK;;;;;
20251107;065221.152;;25327.25;25327.25;1;ASK;;;;;
20251107;065221.152;;25327.50;25327.50;1;ASK;;;;;
20251107;065221.152;;25327.50;25327.50;1;ASK;;;;;
20251107;065221.152;;25327.50;25327.50;1;ASK;;;;;
20251107;065221.152;;25327.50;25327.50;1;ASK;;;;;
20251107;065221.152;;25327.75;25327.75;1;ASK;;;;;
20251107;065221.152;;25327.75;25327.75;1;ASK;;;;;
20251107;065221.152;;25327.75;25327.75;1;ASK;;;;;
20251107;065221.152;;25327.75;25327.75;1;ASK;;;;;
20251107;065221.152;;25327.75;25327.75;1;ASK;;;;;
20251107;065221.152;;25328.00;25328.00;1;ASK;;;;;
20251107;065221.152;;25328.00;25328.00;1;ASK;;;;;
20251107;065221.152;;25328.00;25328.00;3;ASK;;;;;
20251107;065221.152;25326.25;;25326.25;1;BID;;;;;
20251107;065221.152;25326.50;;25326.50;1;BID;;;;;
20251107;065221.152;;25328.00;25328.00;2;ASK;;;;;
20251107;065221.152;;25328.00;25328.00;3;ASK;;;;;
20251107;065221.152;25326.50;;25326.50;2;BID;;;;;
20251107;065221.152;;25328.00;25328.00;4;ASK;;;;;
20251107;065221.152;25326.50;;25326.50;3;BID;;;;;
20251107;065221.152;;25327.75;25327.75;1;ASK;;;;;
20251107;065221.152;;25327.75;25327.75;2;ASK;;;;;
20251107;065221.152;25326.50;;25326.50;2;BID;;;;;
20251107;065221.152;;25327.50;25327.50;1;ASK;;;;;
20251107;065221.156;25326.50;;25326.50;1;BID;;;;;
20251107;065221.156;;25327.50;25327.50;2;ASK;;;;;
20251107;065221.156;;25327.25;25327.25;1;ASK;;;;;
20251107;065221.156;25326.50;;25326.50;1;BID;;;;;
20251107;065221.156;25326.25;;25326.25;4;BID;;;;;
20251107;065221.156;25326.25;;25326.25;3;BID;;;;;
20251107;065221.156;;25327.00;25327.00;1;ASK;;;;;
20251107;065221.156;25326.25;;25326.25;2;BID;;;;;
20251107;065221.156;25326.25;;25326.25;1;BID;;;;;
20251107;065221.212;;25327.00;25327.00;1;ASK;;;;;
20251107;065221.212;;25327.25;25327.25;2;ASK;;;;;
20251107;065221.212;;25327.25;25327.25;1;ASK;;;;;
20251107;065221.212;;25327.25;25327.25;1;ASK;;;;;
20251107;065221.212;;25327.50;25327.50;4;ASK;;;;;
20251107;065221.212;25326.50;;25326.50;1;BID;;;;;
20251107;065221.212;;25327.50;25327.50;3;ASK;;;;;
20251107;065221.212;;25327.50;25327.50;2;ASK;;;;;
20251107;065221.212;;25327.50;25327.50;1;ASK;;;;;
20251107;065221.212;25326.25;;25326.25;1;BID;;;;;
20251107;065221.212;;25327.50;25327.50;1;ASK;;;;;
20251107;065221.212;;25327.75;25327.75;2;ASK;;;;;
20251107;065221.212;;25327.25;25327.25;1;ASK;;;;;
20251107;065221.212;;25327.75;25327.75;2;ASK;;;;;
20251107;065221.212;25326.00;;25326.00;1;BID;;;;;
20251107;065221.212;25326.75;;25326.75;1;BID;;;;;
20251107;065221.212;25326.25;;25326.25;2;BID;;;;;
20251107;065221.212;;25327.50;25327.50;1;ASK;;;;;
20251107;065221.212;25326.50;;25326.50;1;BID;;;;;
20251107;065221.212;;25327.75;25327.75;2;ASK;;;;;
20251107;065221.212;25326.75;;25326.75;1;BID;;;;;
20251107;065221.216;;25327.50;25327.50;1;ASK;;;;;
20251107;065221.216;25326.50;;25326.50;1;BID;;;;;
20251107;065221.216;;25327.25;25327.25;1;ASK;;;;;
20251107;065221.216;;25327.50;25327.50;1;ASK;;;;;
20251107;065221.224;25326.50;;25326.50;2;BID;;;;;
20251107;065221.232;;25327.50;25327.50;1;ASK;;;;;
20251107;065221.232;;25327.75;25327.75;1;ASK;;;;;
20251107;065221.232;;25327.75;25327.75;1;ASK;;;;;
20251107;065221.232;;25327.75;25327.75;1;ASK;;;;;
20251107;065221.232;;25327.75;25327.75;1;ASK;;;;;
20251107;065221.232;;25328.00;25328.00;1;ASK;;;;;
20251107;065221.232;;25328.00;25328.00;1;ASK;;;;;
20251107;065221.232;;25328.00;25328.00;2;ASK;;;;;
20251107;065221.232;25326.75;;25326.75;1;BID;;;;;
20251107;065221.236;25327.00;;25327.00;1;BID;;;;;
20251107;065221.236;;25328.00;25328.00;1;ASK;;;;;
20251107;065221.236;;25328.00;25328.00;1;ASK;;;;;
20251107;065221.236;;25328.25;25328.25;2;ASK;;;;;
20251107;065221.236;25327.25;;25327.25;1;BID;;;;;
20251107;065221.236;25327.50;;25327.50;1;BID;;;;;
20251107;065221.236;;25328.25;25328.25;1;ASK;;;;;
20251107;065221.236;25327.25;;25327.25;1;BID;;;;;
20251107;065221.236;;25328.50;25328.50;2;ASK;;;;;
20251107;065221.236;25327.50;;25327.50;1;BID;;;;;
20251107;065221.236;25327.25;;25327.25;1;BID;;;;;
20251107;065221.236;;25328.25;25328.25;1;ASK;;;;;
20251107;065221.236;;25328.50;25328.50;2;ASK;;;;;
20251107;065221.236;;25328.50;25328.50;3;ASK;;;;;
20251107;065221.236;;25328.25;25328.25;1;ASK;;;;;
20251107;065221.236;;25328.25;25328.25;2;ASK;;;;;
20251107;065221.236;;25328.25;25328.25;1;ASK;;;;;
20251107;065221.240;;25328.00;25328.00;1;ASK;;;;;
20251107;065221.240;;25328.25;25328.25;1;ASK;;;;;
20251107;065221.240;;25328.00;25328.00;1;ASK;;;;;
20251107;065221.248;25327.25;;25327.25;2;BID;;;;;
20251107;065221.248;;25328.25;25328.25;1;ASK;;;;;
20251107;065221.256;;25328.00;25328.00;1;ASK;;;;;
20251107;065221.256;25327.25;;25327.25;1;BID;;;;;
20251107;065221.264;;25328.25;25328.25;1;ASK;;;;;
20251107;065221.276;;25328.00;25328.00;1;ASK;;;;;
20251107;065221.336;;25328.00;25328.00;1;ASK;;;;;
20251107;065221.336;;25328.25;25328.25;1;ASK;;;;;
20251107;065221.336;25327.50;;25327.50;1;BID;;;;;
20251107;065221.336;25327.50;;25327.50;2;BID;;;;;
20251107;065221.336;25327.50;;25327.50;1;BID;;;;;
20251107;065221.336;25327.25;;25327.25;1;BID;;;;;
20251107;065221.360;;25328.25;25328.25;2;ASK;;;;;
20251107;065221.360;25327.00;;25327.00;1;BID;;;;;
20251107;065221.360;;25328.25;25328.25;1;ASK;;;;;
20251107;065221.364;25327.25;;25327.25;1;BID;;;;;
20251107;065221.364;;25328.25;25328.25;2;ASK;;;;;
20251107;065221.364;25327.00;;25327.00;1;BID;;;;;
20251107;065221.364;;25328.25;25328.25;3;ASK;;;;;
20251107;065221.364;;25328.25;25328.25;4;ASK;;;;;
20251107;065221.364;;25328.00;25328.00;1;ASK;;;;;
20251107;065221.364;;25328.00;25328.00;2;ASK;;;;;
20251107;065221.364;;25328.00;25328.00;1;ASK;;;;;
20251107;065221.368;;25328.00;25328.00;1;ASK;;;;;
20251107;065221.368;;25328.25;25328.25;4;ASK;;;;;
20251107;065221.368;25327.25;;25327.25;1;BID;;;;;
20251107;065221.368;25327.25;;25327.25;2;BID;;;;;
20251107;065221.368;;25328.25;25328.25;3;ASK;;;;;
20251107;065221.368;;25328.25;25328.25;4;ASK;;;;;
20251107;065221.368;;25328.25;25328.25;3;ASK;;;;;
20251107;065221.368;25327.25;;25327.25;1;BID;;;;;
20251107;065221.368;25327.50;;25327.50;1;BID;;;;;
20251107;065221.372;25327.25;;25327.25;1;BID;;;;;
20251107;065221.560;25327.00;;25327.00;2;BID;;;;;
20251107;065221.568;;25328.25;25328.25;4;ASK;;;;;
20251107;065221.580;;25328.25;25328.25;1;ASK;;;;;
20251107;065221.580;;25328.25;25328.25;3;ASK;;;;;
20251107;065221.580;25327.25;;25327.25;1;BID;;;;;
20251107;065221.580;;25328.25;25328.25;2;ASK;;;;;
20251107;065221.580;;25328.25;25328.25;3;ASK;;;;;
20251107;065221.580;25327.50;;25327.50;1;BID;;;;;
20251107;065221.580;25327.25;;25327.25;1;BID;;;;;
20251107;065221.580;25327.00;;25327.00;2;BID;;;;;
20251107;065221.596;25327.25;;25327.25;1;BID;;;;;
20251107;065221.796;;25328.25;25328.25;4;ASK;;;;;
20251107;065221.796;25327.00;;25327.00;2;BID;;;;;
20251107;065221.876;;25328.25;25328.25;5;ASK;;;;;
20251107;065221.876;;25328.25;25328.25;6;ASK;;;;;
20251107;065221.888;25327.00;;25327.00;1;BID;;;;;
20251107;065221.888;;25328.00;25328.00;1;ASK;;;;;
20251107;065221.888;;25328.00;25328.00;2;ASK;;;;;
20251107;065221.892;;25328.00;25328.00;3;ASK;;;;;
20251107;065222.044;25327.75;;25327.75;1;BID;;;;;
20251107;065222.044;25327.75;;25327.75;1;BID;;;;;
20251107;065222.044;25327.00;;25327.00;1;BID;;;;;
20251107;065222.300;;25328.00;25328.00;2;ASK;;;;;
20251107;065223.260;;25328.00;25328.00;1;ASK;;;;;
20251107;065223.260;;25328.00;25328.00;1;ASK;;;;;
20251107;065223.260;;25328.25;25328.25;5;ASK;;;;;
20251107;065223.260;25327.25;;25327.25;1;BID;;;;;
20251107;065223.260;;25328.25;25328.25;4;ASK;;;;;
20251107;065223.260;25327.25;;25327.25;2;BID;;;;;
20251107;065223.260;25327.25;;25327.25;1;BID;;;;;
20251107;065223.268;;25328.25;25328.25;3;ASK;;;;;
20251107;065223.268;;25328.25;25328.25;2;ASK;;;;;
20251107;065223.268;25327.50;;25327.50;1;BID;;;;;
20251107;065223.268;;25328.25;25328.25;1;ASK;;;;;
20251107;065223.268;;25328.50;25328.50;5;ASK;;;;;
20251107;065223.268;;25328.50;25328.50;4;ASK;;;;;
20251107;065223.272;;25328.50;25328.50;3;ASK;;;;;
20251107;065223.580;25327.50;;25327.50;2;BID;;;;;
20251107;065223.580;;25328.50;25328.50;4;ASK;;;;;
20251107;065223.580;;25328.50;25328.50;5;ASK;;;;;
20251107;065223.580;25327.50;;25327.50;1;BID;;;;;
20251107;065224.568;;25328.50;25328.50;1;ASK;;;;;
20251107;065224.568;;25328.50;25328.50;4;ASK;;;;;
20251107;065224.568;;25328.50;25328.50;3;ASK;;;;;
20251107;065224.568;;25328.50;25328.50;4;ASK;;;;;
20251107;065224.592;;25328.50;25328.50;5;ASK;;;;;
20251107;065224.592;25327.50;;25327.50;1;BID;;;;;
20251107;065224.592;25327.25;;25327.25;1;BID;;;;;
20251107;065224.592;25327.00;;25327.00;1;BID;;;;;
20251107;065224.592;;25328.25;25328.25;1;ASK;;;;;
20251107;065224.592;;25328.25;25328.25;2;ASK;;;;;
20251107;065224.592;;25328.25;25328.25;3;ASK;;;;;
20251107;065224.592;;25328.25;25328.25;4;ASK;;;;;
20251107;065224.592;;25328.25;25328.25;5;ASK;;;;;
20251107;065224.592;;25328.25;25328.25;6;ASK;;;;;
20251107;065224.592;;25328.25;25328.25;7;ASK;;;;;
20251107;065224.596;;25328.25;25328.25;6;ASK;;;;;
20251107;065224.596;;25328.25;25328.25;5;ASK;;;;;
20251107;065224.612;25327.50;;25327.50;1;BID;;;;;
20251107;065224.612;25327.50;;25327.50;1;BID;;;;;
20251107;065224.612;25327.00;;25327.00;1;BID;;;;;
20251107;065224.612;;25328.25;25328.25;4;ASK;;;;;
20251107;065224.612;;25328.25;25328.25;5;ASK;;;;;
20251107;065224.616;;25328.25;25328.25;6;ASK;;;;;
20251107;065224.616;;25328.00;25328.00;1;ASK;;;;;
20251107;065224.616;;25328.00;25328.00;2;ASK;;;;;
20251107;065224.616;;25328.00;25328.00;3;ASK;;;;;
20251107;065225.032;25327.00;;25327.00;1;BID;;;;;
20251107;065225.032;25326.75;;25326.75;2;BID;;;;;
20251107;065225.032;;25328.00;25328.00;4;ASK;;;;;
20251107;065225.032;25326.75;;25326.75;1;BID;;;;;
20251107;065225.032;;25327.75;25327.75;1;ASK;;;;;
20251107;065225.032;25326.50;;25326.50;2;BID;;;;;
20251107;065225.032;25326.50;;25326.50;1;BID;;;;;
20251107;065225.032;;25327.75;25327.75;2;ASK;;;;;
20251107;065225.032;25326.25;;25326.25;1;BID;;;;;
20251107;065225.032;;25327.75;25327.75;3;ASK;;;;;
20251107;065225.032;;25327.75;25327.75;4;ASK;;;;;
20251107;065225.032;;25327.75;25327.75;5;ASK;;;;;
20251107;065225.032;;25327.75;25327.75;6;ASK;;;;;
20251107;065225.032;;25327.75;25327.75;7;ASK;;;;;
20251107;065225.032;;25327.75;25327.75;8;ASK;;;;;
20251107;065225.032;;25327.75;25327.75;9;ASK;;;;;
20251107;065225.032;;25327.75;25327.75;10;ASK;;;;;
20251107;065225.032;;25327.50;25327.50;1;ASK;;;;;
20251107;065225.032;;25327.50;25327.50;2;ASK;;;;;
20251107;065225.032;;25327.50;25327.50;3;ASK;;;;;
20251107;065225.032;;25327.50;25327.50;4;ASK;;;;;
20251107;065225.032;;25327.50;25327.50;5;ASK;;;;;
20251107;065225.032;;25327.50;25327.50;6;ASK;;;;;
20251107;065225.032;;25327.25;25327.25;1;ASK;;;;;
20251107;065225.032;;25327.25;25327.25;2;ASK;;;;;
20251107;065225.032;;25327.25;25327.25;3;ASK;;;;;
20251107;065225.032;;25327.25;25327.25;4;ASK;;;;;
20251107;065225.052;25327.00;;25327.00;1;BID;;;;;
20251107;065225.052;25327.00;;25327.00;1;BID;;;;;
20251107;065225.052;25326.25;;25326.25;1;BID;;;;;
20251107;065225.052;;25327.00;25327.00;1;ASK;;;;;
20251107;065225.104;;25327.25;25327.25;3;ASK;;;;;
20251107;065225.108;;25327.25;25327.25;2;ASK;;;;;
20251107;065225.284;;25327.25;25327.25;1;ASK;;;;;
20251107;065225.284;25326.50;;25326.50;1;BID;;;;;
20251107;065225.284;;25327.50;25327.50;5;ASK;;;;;
20251107;065225.284;;25327.50;25327.50;4;ASK;;;;;
20251107;065225.284;;25327.50;25327.50;3;ASK;;;;;
20251107;065225.284;;25327.50;25327.50;2;ASK;;;;;
20251107;065225.296;;25327.50;25327.50;1;ASK;;;;;
20251107;065225.296;25326.75;;25326.75;1;BID;;;;;
20251107;065225.300;25326.50;;25326.50;1;BID;;;;;
20251107;065225.300;;25327.75;25327.75;3;ASK;;;;;
20251107;065225.300;;25327.75;25327.75;2;ASK;;;;;
20251107;065225.300;25326.75;;25326.75;1;BID;;;;;
20251107;065225.344;;25327.75;25327.75;1;ASK;;;;;
20251107;065225.344;;25327.75;25327.75;1;ASK;;;;;
20251107;065225.344;25327.00;;25327.00;1;BID;;;;;
20251107;065225.344;25326.75;;25326.75;1;BID;;;;;
20251107;065225.376;25327.00;;25327.00;1;BID;;;;;
20251107;065225.376;;25328.00;25328.00;3;ASK;;;;;
20251107;065225.376;;25328.00;25328.00;2;ASK;;;;;
20251107;065225.376;;25328.00;25328.00;1;ASK;;;;;
20251107;065225.376;25327.25;;25327.25;1;BID;;;;;
20251107;065225.376;25327.00;;25327.00;1;BID;;;;;
20251107;065225.376;;25328.00;25328.00;2;ASK;;;;;
20251107;065225.376;;25328.00;25328.00;3;ASK;;;;;
20251107;065225.640;25326.75;;25326.75;1;BID;;;;;
20251107;065225.692;25327.00;;25327.00;1;BID;;;;;
20251107;065226.040;25327.00;;25327.00;1;BID;;;;;
20251107;065226.040;25326.75;;25326.75;1;BID;;;;;
20251107;065226.040;;25327.75;25327.75;1;ASK;;;;;
20251107;065226.040;;25327.75;25327.75;2;ASK;;;;;
20251107;065226.120;;25327.50;25327.50;1;ASK;;;;;
20251107;065226.120;25326.50;;25326.50;1;BID;;;;;
20251107;065226.352;25326.50;;25326.50;2;BID;;;;;
20251107;065226.352;25326.75;;25326.75;1;BID;;;;;
20251107;065226.352;;25327.75;25327.75;2;ASK;;;;;
20251107;065227.292;;25327.75;25327.75;1;ASK;;;;;
20251107;065227.816;25326.75;;25326.75;1;BID;;;;;
20251107;065227.816;25326.50;;25326.50;2;BID;;;;;
20251107;065227.816;;25327.75;25327.75;2;ASK;;;;;
20251107;065227.816;25326.75;;25326.75;1;BID;;;;;
20251107;065227.824;;25327.50;25327.50;1;ASK;;;;;
20251107;065227.980;;25327.75;25327.75;2;ASK;;;;;
20251107;065228.084;;25327.75;25327.75;3;ASK;;;;;
20251107;065228.084;25326.50;;25326.50;2;BID;;;;;
20251107;065228.084;;25327.50;25327.50;1;ASK;;;;;
20251107;065228.280;;25327.50;25327.50;2;ASK;;;;;
20251107;065229.708;;25327.00;25327.00;3;ASK;;;;;
20251107;065229.708;25326.50;;25326.50;1;BID;;;;;
20251107;065229.708;25326.50;;25326.50;1;BID;;;;;
20251107;065229.708;25326.25;;25326.25;2;BID;;;;;
20251107;065229.708;25326.25;;25326.25;1;BID;;;;;
20251107;065229.708;;25327.00;25327.00;4;ASK;;;;;
20251107;065229.708;;25326.75;25326.75;1;ASK;;;;;
20251107;065229.708;25326.25;;25326.25;1;BID;;;;;
20251107;065229.708;25326.00;;25326.00;1;BID;;;;;
20251107;065229.712;;25327.00;25327.00;3;ASK;;;;;
20251107;065229.712;25326.25;;25326.25;1;BID;;;;;
20251107;065229.712;25326.00;;25326.00;1;BID;;;;;
20251107;065229.712;;25326.75;25326.75;1;ASK;;;;;
20251107;065229.712;;25327.00;25327.00;3;ASK;;;;;
20251107;065229.712;;25326.75;25326.75;1;ASK;;;;;
20251107;065231.440;25326.00;;25326.00;2;BID;;;;;
20251107;065231.440;;25327.00;25327.00;3;ASK;;;;;
20251107;065231.440;25326.25;;25326.25;1;BID;;;;;
20251107;065231.440;25326.00;;25326.00;2;BID;;;;;
20251107;065231.440;25326.25;;25326.25;1;BID;;;;;
20251107;065231.444;25326.50;;25326.50;1;BID;;;;;
20251107;065231.444;;25327.00;25327.00;3;ASK;;;;;
20251107;065231.444;;25327.50;25327.50;2;ASK;;;;;
20251107;065231.444;25326.75;;25326.75;1;BID;;;;;
20251107;065231.444;25327.00;;25327.00;1;BID;;;;;
20251107;065231.444;25326.75;;25326.75;1;BID;;;;;
20251107;065231.444;25327.00;;25327.00;1;BID;;;;;
20251107;065231.444;25326.75;;25326.75;1;BID;;;;;
20251107;065231.444;;25327.50;25327.50;1;ASK;;;;;
20251107;065234.028;25326.50;;25326.50;1;BID;;;;;
20251107;065234.028;;25327.25;25327.25;1;ASK;;;;;
20251107;065234.028;25326.25;;25326.25;3;BID;;;;;
20251107;065234.028;25326.25;;25326.25;2;BID;;;;;
20251107;065234.032;25326.50;;25326.50;1;BID;;;;;
20251107;065234.032;;25327.50;25327.50;1;ASK;;;;;
20251107;065234.048;;25327.25;25327.25;1;ASK;;;;;
20251107;065234.048;25326.25;;25326.25;1;BID;;;;;
20251107;065234.404;25326.50;;25326.50;1;BID;;;;;
20251107;065234.404;25326.25;;25326.25;1;BID;;;;;
20251107;065234.404;;25327.50;25327.50;1;ASK;;;;;
20251107;065234.404;25326.50;;25326.50;1;BID;;;;;
20251107;065234.412;;25327.25;25327.25;1;ASK;;;;;
20251107;065234.620;;25327.00;25327.00;1;ASK;;;;;
20251107;065234.620;25326.25;;25326.25;1;BID;;;;;
20251107;065234.620;;25327.25;25327.25;1;ASK;;;;;
20251107;065234.640;;25327.00;25327.00;1;ASK;;;;;
20251107;065235.096;;25326.75;25326.75;1;ASK;;;;;
20251107;065235.096;25326.00;;25326.00;3;BID;;;;;
20251107;065235.096;25326.00;;25326.00;2;BID;;;;;
20251107;065235.216;;25326.50;25326.50;1;ASK;;;;;
20251107;065235.216;;25326.75;25326.75;1;ASK;;;;;
20251107;065235.672;;25326.50;25326.50;1;ASK;;;;;
20251107;065236.052;;25326.75;25326.75;1;ASK;;;;;
20251107;065237.700;;25326.50;25326.50;1;ASK;;;;;
20251107;065237.700;;25326.75;25326.75;1;ASK;;;;;
20251107;065237.704;;25326.50;25326.50;1;ASK;;;;;
20251107;065237.976;;25326.50;25326.50;1;ASK;;;;;
20251107;065237.976;;25326.75;25326.75;1;ASK;;;;;
20251107;065238.500;25326.00;;25326.00;3;BID;;;;;
20251107;065238.500;25326.25;;25326.25;1;BID;;;;;
20251107;065238.544;25326.00;;25326.00;3;BID;;;;;
20251107;065242.200;25326.00;;25326.00;1;BID;;;;;
20251107;065242.200;25326.00;;25326.00;1;BID;;;;;
20251107;065242.200;25326.00;;25326.00;1;BID;;;;;
20251107;065242.200;;25326.75;25326.75;2;ASK;;;;;
20251107;065242.200;25326.00;;25326.00;1;BID;;;;;
20251107;065242.200;25325.75;;25325.75;2;BID;;;;;
20251107;065242.200;;25326.75;25326.75;3;ASK;;;;;
20251107;065242.200;25325.75;;25325.75;1;BID;;;;;
20251107;065242.200;25325.25;;25325.25;4;BID;;;;;
20251107;065242.200;25325.25;;25325.25;3;BID;;;;;
20251107;065242.200;25325.25;;25325.25;2;BID;;;;;
20251107;065242.200;;25326.75;25326.75;2;ASK;;;;;
20251107;065242.200;;25326.50;25326.50;1;ASK;;;;;
20251107;065242.200;25325.25;;25325.25;1;BID;;;;;
20251107;065242.208;;25326.50;25326.50;2;ASK;;;;;
20251107;065242.220;;25326.25;25326.25;1;ASK;;;;;
20251107;065242.220;;25326.50;25326.50;1;ASK;;;;;
20251107;065242.428;25325.50;;25325.50;1;BID;;;;;
20251107;065242.428;;25326.75;25326.75;4;ASK;;;;;
20251107;065242.428;;25326.75;25326.75;3;ASK;;;;;
20251107;065242.432;25325.75;;25325.75;1;BID;;;;;
20251107;065242.432;25325.50;;25325.50;1;BID;;;;;
20251107;065242.692;;25326.75;25326.75;2;ASK;;;;;
20251107;065242.764;;25326.75;25326.75;3;ASK;;;;;
20251107;065242.764;;25326.50;25326.50;1;ASK;;;;;
20251107;065242.764;25325.25;;25325.25;1;BID;;;;;
20251107;065242.764;;25326.50;25326.50;2;ASK;;;;;
20251107;065242.764;25325.50;;25325.50;1;BID;;;;;
20251107;065243.296;;25326.50;25326.50;1;ASK;;;;;
20251107;065243.296;;25326.75;25326.75;2;ASK;;;;;
20251107;065243.500;25325.75;;25325.75;1;BID;;;;;
20251107;065243.500;;25326.75;25326.75;1;ASK;;;;;
20251107;065243.500;25326.00;;25326.00;1;BID;;;;;
20251107;065243.504;25325.75;;25325.75;1;BID;;;;;
20251107;065244.572;25326.00;;25326.00;1;BID;;;;;
20251107;065244.572;25325.75;;25325.75;1;BID;;;;;
20251107;065244.572;25325.75;;25325.75;2;BID;;;;;
20251107;065244.860;25326.00;;25326.00;1;BID;;;;;
20251107;065245.856;;25327.00;25327.00;1;ASK;;;;;
20251107;065246.780;25325.75;;25325.75;1;BID;;;;;
20251107;065246.780;;25326.75;25326.75;1;ASK;;;;;
20251107;065246.780;25326.00;;25326.00;1;BID;;;;;
20251107;065246.780;25325.75;;25325.75;1;BID;;;;;
20251107;065246.780;;25326.75;25326.75;2;ASK;;;;;
20251107;065246.780;;25326.50;25326.50;1;ASK;;;;;
20251107;065246.780;25325.50;;25325.50;3;BID;;;;;
20251107;065246.780;25325.50;;25325.50;2;BID;;;;;
20251107;065246.960;25325.75;;25325.75;1;BID;;;;;
20251107;065246.960;25325.50;;25325.50;2;BID;;;;;
20251107;065246.960;25325.50;;25325.50;1;BID;;;;;
20251107;065248.648;25325.50;;25325.50;1;BID;;;;;
20251107;065248.648;25325.25;;25325.25;1;BID;;;;;
20251107;065248.648;25325.00;;25325.00;3;BID;;;;;
20251107;065248.648;25325.00;;25325.00;2;BID;;;;;
20251107;065248.648;25325.00;;25325.00;1;BID;;;;;
20251107;065248.648;;25326.50;25326.50;2;ASK;;;;;
20251107;065248.648;;25326.25;25326.25;1;ASK;;;;;
20251107;065248.648;;25326.25;25326.25;2;ASK;;;;;
20251107;065248.648;;25326.25;25326.25;3;ASK;;;;;
20251107;065248.648;;25326.25;25326.25;4;ASK;;;;;
20251107;065248.652;;25326.25;25326.25;3;ASK;;;;;
20251107;065248.656;;25326.25;25326.25;4;ASK;;;;;
20251107;065248.672;;25326.00;25326.00;1;ASK;;;;;
20251107;065248.684;;25326.00;25326.00;2;ASK;;;;;
20251107;065248.684;;25325.75;25325.75;1;ASK;;;;;
20251107;065248.684;25325.00;;25325.00;1;BID;;;;;
20251107;065248.684;25324.75;;25324.75;1;BID;;;;;
20251107;065248.684;;25325.50;25325.50;1;ASK;;;;;
20251107;065248.684;25324.50;;25324.50;2;BID;;;;;
20251107;065248.684;25324.50;;25324.50;1;BID;;;;;
20251107;065248.704;;25325.50;25325.50;2;ASK;;;;;
20251107;065248.704;25324.25;;25324.25;1;BID;;;;;
20251107;065248.704;;25325.25;25325.25;1;ASK;;;;;
20251107;065248.704;;25325.25;25325.25;2;ASK;;;;;
20251107;065248.704;25324.00;;25324.00;2;BID;;;;;
20251107;065248.704;25324.00;;25324.00;1;BID;;;;;
20251107;065248.704;;25325.25;25325.25;1;ASK;;;;;
20251107;065248.704;25323.75;;25323.75;3;BID;;;;;
20251107;065248.704;25323.75;;25323.75;4;BID;;;;;
20251107;065248.704;25324.25;;25324.25;1;BID;;;;;
20251107;065248.704;25324.25;;25324.25;2;BID;;;;;
20251107;065248.708;25324.25;;25324.25;1;BID;;;;;
20251107;065248.708;25324.00;;25324.00;1;BID;;;;;
20251107;065248.716;25324.00;;25324.00;2;BID;;;;;
20251107;065248.716;25324.25;;25324.25;1;BID;;;;;
20251107;065248.724;;25325.25;25325.25;2;ASK;;;;;
20251107;065248.724;25324.00;;25324.00;1;BID;;;;;
20251107;065248.724;;25325.00;25325.00;1;ASK;;;;;
20251107;065248.744;;25325.00;25325.00;2;ASK;;;;;
20251107;065248.744;25323.75;;25323.75;4;BID;;;;;
20251107;065248.744;;25324.75;25324.75;1;ASK;;;;;
20251107;065248.744;25323.75;;25323.75;3;BID;;;;;
20251107;065248.744;25323.75;;25323.75;2;BID;;;;;
20251107;065248.744;;25324.75;25324.75;2;ASK;;;;;
20251107;065248.744;25323.75;;25323.75;1;BID;;;;;
20251107;065248.744;;25324.75;25324.75;1;ASK;;;;;
20251107;065248.744;25323.50;;25323.50;1;BID;;;;;
20251107;065248.744;25323.50;;25323.50;2;BID;;;;;
20251107;065248.744;25323.50;;25323.50;3;BID;;;;;
20251107;065248.744;25323.75;;25323.75;1;BID;;;;;
20251107;065248.744;;25325.25;25325.25;2;ASK;;;;;
20251107;065248.744;;25325.25;25325.25;3;ASK;;;;;
20251107;065248.744;;25325.25;25325.25;4;ASK;;;;;
20251107;065248.744;;25325.00;25325.00;1;ASK;;;;;
20251107;065248.748;;25325.00;25325.00;2;ASK;;;;;
20251107;065248.752;;25325.00;25325.00;3;ASK;;;;;
20251107;065248.796;25323.75;;25323.75;2;BID;;;;;
20251107;065248.796;;25324.75;25324.75;1;ASK;;;;;
20251107;065248.796;25324.00;;25324.00;1;BID;;;;;
20251107;065248.808;25323.75;;25323.75;2;BID;;;;;
20251107;065249.128;25324.00;;25324.00;1;BID;;;;;
20251107;065249.380;25323.75;;25323.75;2;BID;;;;;
20251107;065249.432;25324.00;;25324.00;1;BID;;;;;
20251107;065249.508;25324.00;;25324.00;2;BID;;;;;
20251107;065249.508;25324.25;;25324.25;1;BID;;;;;
20251107;065249.508;25324.00;;25324.00;2;BID;;;;;
20251107;065249.644;25324.25;;25324.25;1;BID;;;;;
20251107;065249.804;25324.00;;25324.00;2;BID;;;;;
20251107;065250.136;25324.00;;25324.00;1;BID;;;;;
20251107;065250.140;25323.75;;25323.75;1;BID;;;;;
20251107;065250.464;25323.50;;25323.50;2;BID;;;;;
20251107;065250.464;25323.50;;25323.50;1;BID;;;;;
20251107;065250.464;;25325.25;25325.25;3;ASK;;;;;
20251107;065250.464;25323.75;;25323.75;1;BID;;;;;
20251107;065250.464;;25325.00;25325.00;1;ASK;;;;;
20251107;065250.464;;25325.00;25325.00;2;ASK;;;;;
20251107;065250.464;;25325.00;25325.00;1;ASK;;;;;
20251107;065250.468;;25325.00;25325.00;2;ASK;;;;;
20251107;065250.516;25324.00;;25324.00;1;BID;;;;;
20251107;065250.516;;25325.00;25325.00;1;ASK;;;;;
20251107;065250.516;;25325.25;25325.25;2;ASK;;;;;
20251107;065250.516;;25325.00;25325.00;1;ASK;;;;;
20251107;065250.520;25324.25;;25324.25;1;BID;;;;;
20251107;065250.792;25324.50;;25324.50;1;BID;;;;;
20251107;065250.792;;25325.00;25325.00;1;ASK;;;;;
20251107;065250.792;;25325.75;25325.75;3;ASK;;;;;
20251107;065250.792;;25325.75;25325.75;2;ASK;;;;;
20251107;065250.792;25324.25;;25324.25;2;BID;;;;;
20251107;065250.792;25324.75;;25324.75;1;BID;;;;;
20251107;065250.792;;25325.75;25325.75;1;ASK;;;;;
20251107;065250.792;25324.50;;25324.50;1;BID;;;;;
20251107;065250.792;25324.25;;25324.25;2;BID;;;;;
20251107;065250.792;25324.75;;25324.75;1;BID;;;;;
20251107;065250.796;25324.25;;25324.25;2;BID;;;;;
20251107;065250.804;25324.25;;25324.25;3;BID;;;;;
20251107;065250.856;25324.50;;25324.50;1;BID;;;;;
20251107;065250.856;;25326.00;25326.00;2;ASK;;;;;
20251107;065250.856;25324.75;;25324.75;1;BID;;;;;
20251107;065250.856;;25326.00;25326.00;1;ASK;;;;;
20251107;065250.908;;25325.75;25325.75;1;ASK;;;;;
20251107;065250.908;25324.75;;25324.75;1;BID;;;;;
20251107;065250.908;25324.50;;25324.50;1;BID;;;;;
20251107;065250.908;25324.25;;25324.25;4;BID;;;;;
20251107;065250.908;;25326.25;25326.25;3;ASK;;;;;
20251107;065250.908;;25325.75;25325.75;1;ASK;;;;;
20251107;065250.908;25324.25;;25324.25;3;BID;;;;;
20251107;065250.908;;25325.75;25325.75;2;ASK;;;;;
20251107;065250.908;25324.25;;25324.25;2;BID;;;;;
20251107;065250.908;;25325.75;25325.75;3;ASK;;;;;
20251107;065250.908;;25325.50;25325.50;1;ASK;;;;;
20251107;065250.908;;25325.25;25325.25;1;ASK;;;;;
20251107;065250.908;;25325.00;25325.00;1;ASK;;;;;
20251107;065250.908;25324.25;;25324.25;1;BID;;;;;
20251107;065250.908;25324.00;;25324.00;1;BID;;;;;
20251107;065250.908;25324.25;;25324.25;1;BID;;;;;
20251107;065250.908;;25325.25;25325.25;1;ASK;;;;;
20251107;065250.912;;25325.50;25325.50;1;ASK;;;;;
20251107;065250.912;25324.25;;25324.25;2;BID;;;;;
20251107;065250.912;25324.50;;25324.50;1;BID;;;;;
20251107;065251.072;25324.75;;25324.75;1;BID;;;;;
20251107;065251.180;;25325.75;25325.75;3;ASK;;;;;
20251107;065251.180;;25325.75;25325.75;2;ASK;;;;;
20251107;065251.180;;25325.75;25325.75;1;ASK;;;;;
20251107;065251.180;;25326.00;25326.00;3;ASK;;;;;
20251107;065251.184;;25326.00;25326.00;2;ASK;;;;;
20251107;065251.184;;25325.75;25325.75;1;ASK;;;;;
20251107;065251.184;;25325.50;25325.50;1;ASK;;;;;
20251107;065251.184;;25325.75;25325.75;1;ASK;;;;;
20251107;065252.324;;25325.50;25325.50;1;ASK;;;;;
20251107;065252.380;;25325.75;25325.75;1;ASK;;;;;
20251107;065252.812;;25325.50;25325.50;1;ASK;;;;;
20251107;065252.888;;25325.75;25325.75;1;ASK;;;;;
20251107;065252.888;25325.00;;25325.00;1;BID;;;;;
20251107;065252.960;25324.75;;25324.75;1;BID;;;;;
20251107;065253.812;25324.75;;25324.75;1;BID;;;;;
20251107;065253.812;25324.50;;25324.50;1;BID;;;;;
20251107;065253.812;;25325.50;25325.50;1;ASK;;;;;
20251107;065253.812;;25325.50;25325.50;2;ASK;;;;;
20251107;065253.812;;25325.50;25325.50;1;ASK;;;;;
20251107;065253.812;;25325.25;25325.25;1;ASK;;;;;
20251107;065253.812;25324.25;;25324.25;4;BID;;;;;
20251107;065253.812;;25325.50;25325.50;1;ASK;;;;;
20251107;065253.812;25324.25;;25324.25;3;BID;;;;;
20251107;065253.812;25324.50;;25324.50;1;BID;;;;;
20251107;065253.840;25324.50;;25324.50;2;BID;;;;;
20251107;065253.840;25324.75;;25324.75;1;BID;;;;;
20251107;065253.840;;25325.75;25325.75;1;ASK;;;;;
20251107;065253.880;;25325.50;25325.50;1;ASK;;;;;
20251107;065253.880;25324.50;;25324.50;1;BID;;;;;
20251107;065254.184;25324.50;;25324.50;2;BID;;;;;
20251107;065254.184;25324.75;;25324.75;1;BID;;;;;
20251107;065254.184;;25325.75;25325.75;1;ASK;;;;;
20251107;065254.260;;25325.50;25325.50;1;ASK;;;;;
20251107;065254.312;;25325.75;25325.75;1;ASK;;;;;
20251107;065254.384;;25325.50;25325.50;1;ASK;;;;;
20251107;065254.420;;25325.75;25325.75;1;ASK;;;;;
20251107;065254.472;;25325.50;25325.50;1;ASK;;;;;
20251107;065254.524;;25325.75;25325.75;1;ASK;;;;;
20251107;065254.852;25324.75;;25324.75;1;BID;;;;;
20251107;065254.852;25324.50;;25324.50;1;BID;;;;;
20251107;065254.852;;25324.75;25324.75;1;ASK;;;;;
20251107;065254.852;;25324.75;25324.75;1;ASK;;;;;
20251107;065254.852;;25325.50;25325.50;1;ASK;;;;;
20251107;065254.852;25324.50;;25324.50;1;BID;;;;;
20251107;065254.852;25324.25;;25324.25;4;BID;;;;;
20251107;065254.852;;25325.50;25325.50;2;ASK;;;;;
20251107;065254.852;;25325.25;25325.25;1;ASK;;;;;
20251107;065254.852;25324.25;;25324.25;3;BID;;;;;
20251107;065254.852;25324.25;;25324.25;2;BID;;;;;
20251107;065254.852;25324.50;;25324.50;1;BID;;;;;
20251107;065254.852;;25325.50;25325.50;2;ASK;;;;;
20251107;065254.852;;25325.50;25325.50;3;ASK;;;;;
20251107;065254.852;25324.25;;25324.25;2;BID;;;;;
20251107;065254.856;;25325.50;25325.50;4;ASK;;;;;
20251107;065254.856;;25325.25;25325.25;1;ASK;;;;;
20251107;065254.856;25324.25;;25324.25;1;BID;;;;;
20251107;065254.856;25324.00;;25324.00;2;BID;;;;;
20251107;065254.856;;25325.00;25325.00;1;ASK;;;;;
20251107;065254.856;25324.25;;25324.25;1;BID;;;;;
20251107;065254.856;;25325.25;25325.25;1;ASK;;;;;
20251107;065254.860;;25325.25;25325.25;2;ASK;;;;;
20251107;065254.860;;25325.00;25325.00;1;ASK;;;;;
20251107;065254.860;25324.00;;25324.00;2;BID;;;;;
20251107;065255.004;25324.25;;25324.25;1;BID;;;;;
20251107;065255.004;;25325.25;25325.25;2;ASK;;;;;
20251107;065255.004;;25325.25;25325.25;1;ASK;;;;;
20251107;065255.008;;25325.25;25325.25;2;ASK;;;;;
20251107;065255.008;;25325.00;25325.00;1;ASK;;;;;
20251107;065255.008;25324.00;;25324.00;2;BID;;;;;
20251107;065255.520;25324.25;;25324.25;1;BID;;;;;
20251107;065255.520;;25325.25;25325.25;2;ASK;;;;;
20251107;065255.520;;25325.25;25325.25;1;ASK;;;;;
20251107;065255.536;25324.50;;25324.50;1;BID;;;;;
20251107;065255.536;;25325.50;25325.50;2;ASK;;;;;
20251107;065255.536;;25325.50;25325.50;1;ASK;;;;;
20251107;065255.592;;25325.25;25325.25;1;ASK;;;;;
20251107;065255.644;;25325.50;25325.50;1;ASK;;;;;
20251107;065256.248;;25325.25;25325.25;1;ASK;;;;;
20251107;065256.248;25324.25;;25324.25;2;BID;;;;;
20251107;065256.248;25324.25;;25324.25;1;BID;;;;;
20251107;065256.248;;25325.00;25325.00;1;ASK;;;;;
20251107;065256.248;25324.00;;25324.00;3;BID;;;;;
20251107;065256.248;25324.00;;25324.00;2;BID;;;;;
20251107;065256.252;;25324.75;25324.75;1;ASK;;;;;
20251107;065256.268;;25325.00;25325.00;1;ASK;;;;;
20251107;065256.268;25324.25;;25324.25;1;BID;;;;;
20251107;065256.480;25324.25;;25324.25;2;BID;;;;;
20251107;065256.480;;25325.25;25325.25;2;ASK;;;;;
20251107;065256.480;;25325.25;25325.25;1;ASK;;;;;
20251107;065256.620;;25325.00;25325.00;1;ASK;;;;;
20251107;065256.620;;25325.25;25325.25;1;ASK;;;;;
20251107;065257.612;;25325.00;25325.00;1;ASK;;;;;
20251107;065257.616;25324.25;;25324.25;1;BID;;;;;
20251107;065257.848;25324.00;;25324.00;4;BID;;;;;
20251107;065257.848;25324.00;;25324.00;3;BID;;;;;
20251107;065257.848;25324.25;;25324.25;1;BID;;;;;
20251107;065257.848;;25325.25;25325.25;1;ASK;;;;;
20251107;065257.860;;25325.00;25325.00;1;ASK;;;;;
20251107;065257.876;25324.00;;25324.00;3;BID;;;;;
20251107;065257.876;25324.25;;25324.25;1;BID;;;;;
20251107;065257.876;;25325.25;25325.25;1;ASK;;;;;
20251107;065257.908;;25325.25;25325.25;2;ASK;;;;;
20251107;065257.908;;25325.00;25325.00;1;ASK;;;;;
20251107;065257.908;25324.00;;25324.00;3;BID;;;;;
20251107;065257.924;25324.00;;25324.00;1;BID;;;;;
20251107;065257.924;25324.00;;25324.00;2;BID;;;;;
20251107;065257.924;;25324.75;25324.75;1;ASK;;;;;
20251107;065257.924;25324.00;;25324.00;1;BID;;;;;
20251107;065257.948;25324.00;;25324.00;1;BID;;;;;
20251107;065257.948;25323.75;;25323.75;1;BID;;;;;
20251107;065257.948;25323.75;;25323.75;1;BID;;;;;
20251107;065257.948;;25324.50;25324.50;1;ASK;;;;;
20251107;065257.948;25323.50;;25323.50;1;BID;;;;;
20251107;065257.948;;25324.50;25324.50;2;ASK;;;;;
20251107;065257.948;;25324.50;25324.50;1;ASK;;;;;
20251107;065257.952;25323.75;;25323.75;1;BID;;;;;
20251107;065257.952;;25324.75;25324.75;1;ASK;;;;;
20251107;065257.972;;25324.75;25324.75;2;ASK;;;;;
20251107;065257.972;;25324.50;25324.50;1;ASK;;;;;
20251107;065257.972;25323.50;;25323.50;1;BID;;;;;
20251107;065257.984;25323.75;;25323.75;1;BID;;;;;
20251107;065257.984;;25324.75;25324.75;1;ASK;;;;;
20251107;065258.036;;25324.50;25324.50;1;ASK;;;;;
20251107;065258.052;25323.50;;25323.50;1;BID;;;;;
20251107;065258.144;;25324.75;25324.75;1;ASK;;;;;
20251107;065258.196;;25324.50;25324.50;1;ASK;;;;;
20251107;065258.248;;25324.75;25324.75;1;ASK;;;;;
20251107;065258.304;;25324.50;25324.50;1;ASK;;;;;
20251107;065258.356;;25324.75;25324.75;1;ASK;;;;;
20251107;065258.400;25323.50;;25323.50;2;BID;;;;;
20251107;065258.400;25323.75;;25323.75;1;BID;;;;;
20251107;065258.400;25323.75;;25323.75;2;BID;;;;;
20251107;065258.400;25324.00;;25324.00;1;BID;;;;;
20251107;065258.404;;25325.00;25325.00;1;ASK;;;;;
20251107;065258.464;;25324.75;25324.75;1;ASK;;;;;
20251107;065258.464;25323.75;;25323.75;2;BID;;;;;
20251107;065258.516;;25325.00;25325.00;1;ASK;;;;;
20251107;065258.516;25324.00;;25324.00;1;BID;;;;;
20251107;065258.568;;25324.75;25324.75;1;ASK;;;;;
20251107;065258.624;;25325.00;25325.00;1;ASK;;;;;
20251107;065258.676;;25324.75;25324.75;1;ASK;;;;;
20251107;065258.728;;25325.00;25325.00;1;ASK;;;;;
20251107;065258.784;;25324.75;25324.75;1;ASK;;;;;
20251107;065258.836;;25325.00;25325.00;1;ASK;;;;;
20251107;065258.888;;25324.75;25324.75;1;ASK;;;;;
20251107;065258.944;;25325.00;25325.00;1;ASK;;;;;
20251107;065258.996;;25324.75;25324.75;1;ASK;;;;;
20251107;065259.048;;25325.00;25325.00;1;ASK;;;;;
20251107;065259.052;25324.75;;25324.75;1;BID;;;;;
20251107;065259.052;25324.75;;25324.75;1;BID;;;;;
20251107;065259.052;25324.00;;25324.00;1;BID;;;;;
20251107;065259.052;;25325.25;25325.25;2;ASK;;;;;
20251107;065259.052;;25325.00;25325.00;1;ASK;;;;;
20251107;065259.052;25324.25;;25324.25;1;BID;;;;;
20251107;065259.052;25324.00;;25324.00;1;BID;;;;;
20251107;065259.104;25324.25;;25324.25;1;BID;;;;;
20251107;065259.104;;25325.25;25325.25;1;ASK;;;;;
20251107;065259.104;25324.25;;25324.25;2;BID;;;;;
20251107;065259.212;25324.25;;25324.25;1;BID;;;;;
20251107;065259.212;25324.25;;25324.25;1;BID;;;;;
20251107;065259.212;;25325.00;25325.00;1;ASK;;;;;
20251107;065259.212;25324.00;;25324.00;1;BID;;;;;
20251107;065259.212;;25325.00;25325.00;2;ASK;;;;;
20251107;065259.212;;25325.00;25325.00;1;ASK;;;;;
20251107;065259.868;25324.25;;25324.25;1;BID;;;;;
20251107;065259.868;;25325.25;25325.25;1;ASK;;;;;
20251107;065259.900;;25325.00;25325.00;1;ASK;;;;;
20251107;065259.900;25324.00;;25324.00;1;BID;;;;;
20251107;065259.900;;25324.75;25324.75;1;ASK;;;;;
20251107;065259.900;25323.75;;25323.75;3;BID;;;;;
20251107;065259.900;25323.75;;25323.75;2;BID;;;;;
20251107;065259.904;25324.00;;25324.00;1;BID;;;;;
20251107;065259.904;;25325.00;25325.00;1;ASK;;;;;
20251107;065300.040;;25325.25;25325.25;1;ASK;;;;;
20251107;065300.040;25324.25;;25324.25;1;BID;;;;;
20251107;065300.120;;25325.00;25325.00;1;ASK;;;;;
20251107;065300.120;25324.00;;25324.00;1;BID;;;;;
20251107;065300.156;25324.25;;25324.25;1;BID;;;;;
20251107;065300.156;;25325.25;25325.25;1;ASK;;;;;
20251107;065300.260;;25325.00;25325.00;1;ASK;;;;;
20251107;065300.260;25324.00;;25324.00;1;BID;;;;;
20251107;065301.020;25324.00;;25324.00;2;BID;;;;;
20251107;065301.020;25324.25;;25324.25;1;BID;;;;;
20251107;065301.020;;25325.25;25325.25;1;ASK;;;;;
20251107;065301.020;25324.50;;25324.50;1;BID;;;;;
20251107;065301.020;;25325.50;25325.50;2;ASK;;;;;
20251107;065301.020;25324.25;;25324.25;1;BID;;;;;
20251107;065301.020;25324.25;;25324.25;2;BID;;;;;
20251107;065301.020;;25325.50;25325.50;1;ASK;;;;;
20251107;065301.020;;25325.75;25325.75;1;ASK;;;;;
20251107;065301.020;25324.75;;25324.75;1;BID;;;;;
20251107;065301.020;25324.25;;25324.25;2;BID;;;;;
20251107;065301.020;25324.25;;25324.25;3;BID;;;;;
20251107;065301.020;25324.25;;25324.25;4;BID;;;;;
20251107;065301.020;25324.50;;25324.50;1;BID;;;;;
20251107;065301.020;25324.50;;25324.50;2;BID;;;;;
20251107;065301.020;25324.50;;25324.50;3;BID;;;;;
20251107;065301.020;25324.75;;25324.75;1;BID;;;;;
20251107;065301.020;;25326.00;25326.00;2;ASK;;;;;
20251107;065301.020;25325.00;;25325.00;1;BID;;;;;
20251107;065301.020;;25325.75;25325.75;1;ASK;;;;;
20251107;065301.020;25324.75;;25324.75;1;BID;;;;;
20251107;065301.024;25325.00;;25325.00;1;BID;;;;;
20251107;065301.024;;25326.00;25326.00;2;ASK;;;;;
20251107;065301.024;25325.00;;25325.00;1;BID;;;;;
20251107;065301.024;25324.75;;25324.75;1;BID;;;;;
20251107;065301.024;;25325.00;25325.00;1;ASK;;;;;
20251107;065301.024;;25325.00;25325.00;1;ASK;;;;;
20251107;065301.024;;25325.75;25325.75;1;ASK;;;;;
20251107;065301.024;25324.75;;25324.75;1;BID;;;;;
20251107;065301.024;25324.50;;25324.50;3;BID;;;;;
20251107;065301.024;25324.50;;25324.50;2;BID;;;;;
20251107;065301.024;;25325.75;25325.75;2;ASK;;;;;
20251107;065301.024;;25325.50;25325.50;1;ASK;;;;;
20251107;065301.024;25324.50;;25324.50;1;BID;;;;;
20251107;065301.024;25324.25;;25324.25;1;BID;;;;;
20251107;065301.028;;25325.25;25325.25;1;ASK;;;;;
20251107;065301.028;;25325.00;25325.00;1;ASK;;;;;
20251107;065301.028;25324.00;;25324.00;2;BID;;;;;
20251107;065301.028;25324.00;;25324.00;1;BID;;;;;
20251107;065301.028;;25325.25;25325.25;1;ASK;;;;;
20251107;065301.028;25324.25;;25324.25;1;BID;;;;;
20251107;065301.304;25324.00;;25324.00;1;BID;;;;;
20251107;065301.304;;25325.00;25325.00;1;ASK;;;;;
20251107;065301.304;;25325.00;25325.00;2;ASK;;;;;
20251107;065301.304;;25325.00;25325.00;1;ASK;;;;;
20251107;065301.312;;25325.00;25325.00;2;ASK;;;;;
20251107;065301.416;;25325.00;25325.00;1;ASK;;;;;
20251107;065301.416;;25325.00;25325.00;1;ASK;;;;;
20251107;065301.416;;25325.25;25325.25;1;ASK;;;;;
20251107;065301.416;25324.25;;25324.25;1;BID;;;;;
20251107;065301.440;25324.50;;25324.50;1;BID;;;;;
20251107;065301.440;;25325.50;25325.50;2;ASK;;;;;
20251107;065301.440;;25325.50;25325.50;1;ASK;;;;;
20251107;065301.544;;25325.50;25325.50;2;ASK;;;;;
20251107;065301.544;;25325.25;25325.25;1;ASK;;;;;
20251107;065301.544;25324.25;;25324.25;1;BID;;;;;
20251107;065301.760;25324.00;;25324.00;2;BID;;;;;
20251107;065301.760;;25325.00;25325.00;1;ASK;;;;;
20251107;065301.760;25324.00;;25324.00;1;BID;;;;;
20251107;065301.760;;25325.25;25325.25;1;ASK;;;;;
20251107;065301.760;25324.25;;25324.25;1;BID;;;;;
20251107;065301.760;25324.00;;25324.00;1;BID;;;;;
20251107;065301.760;;25325.00;25325.00;1;ASK;;;;;
20251107;065302.084;;25325.00;25325.00;2;ASK;;;;;
20251107;065302.088;;25324.75;25324.75;1;ASK;;;;;
20251107;065302.088;25323.75;;25323.75;2;BID;;;;;
20251107;065302.088;25323.75;;25323.75;1;BID;;;;;
20251107;065302.088;;25325.00;25325.00;1;ASK;;;;;
20251107;065302.088;25324.00;;25324.00;1;BID;;;;;
20251107;065302.092;;25325.00;25325.00;2;ASK;;;;;
20251107;065302.092;;25324.75;25324.75;1;ASK;;;;;
20251107;065302.092;25323.75;;25323.75;1;BID;;;;;
20251107;065302.100;;25324.50;25324.50;1;ASK;;;;;
20251107;065302.100;25323.50;;25323.50;2;BID;;;;;
20251107;065302.100;25323.50;;25323.50;1;BID;;;;;
20251107;065302.220;;25324.50;25324.50;2;ASK;;;;;
20251107;065302.292;25323.75;;25323.75;1;BID;;;;;
20251107;065302.292;;25324.50;25324.50;1;ASK;;;;;
20251107;065302.292;;25324.75;25324.75;1;ASK;;;;;
20251107;065302.296;;25324.50;25324.50;1;ASK;;;;;
20251107;065302.348;25323.50;;25323.50;1;BID;;;;;
20251107;065302.400;25323.75;;25323.75;1;BID;;;;;
20251107;065302.400;;25324.75;25324.75;1;ASK;;;;;
20251107;065302.408;;25324.75;25324.75;2;ASK;;;;;
20251107;065302.408;;25324.50;25324.50;1;ASK;;;;;
20251107;065302.408;25323.50;;25323.50;1;BID;;;;;
20251107;065302.452;25323.75;;25323.75;1;BID;;;;;
20251107;065302.452;;25324.75;25324.75;1;ASK;;;;;
20251107;065302.460;;25324.75;25324.75;2;ASK;;;;;
20251107;065302.460;;25324.50;25324.50;1;ASK;;;;;
20251107;065302.464;25323.50;;25323.50;1;BID;;;;;
20251107;065302.468;25323.75;;25323.75;1;BID;;;;;
20251107;065302.468;;25324.75;25324.75;2;ASK;;;;;
20251107;065302.468;;25324.75;25324.75;1;ASK;;;;;
20251107;065302.468;25324.00;;25324.00;1;BID;;;;;
20251107;065302.468;;25325.00;25325.00;3;ASK;;;;;
20251107;065302.468;;25325.00;25325.00;2;ASK;;;;;
20251107;065302.472;;25324.75;25324.75;1;ASK;;;;;
20251107;065302.472;25323.75;;25323.75;1;BID;;;;;
20251107;065302.480;;25324.75;25324.75;2;ASK;;;;;
20251107;065302.548;25323.75;;25323.75;2;BID;;;;;
20251107;065302.556;25324.00;;25324.00;1;BID;;;;;
20251107;065302.560;;25324.75;25324.75;1;ASK;;;;;
20251107;065302.560;;25325.00;25325.00;2;ASK;;;;;
20251107;065302.560;;25325.00;25325.00;1;ASK;;;;;
20251107;065302.564;;25325.00;25325.00;2;ASK;;;;;
20251107;065302.612;25323.75;;25323.75;2;BID;;;;;
20251107;065302.612;;25324.75;25324.75;1;ASK;;;;;
20251107;065302.612;25324.00;;25324.00;1;BID;;;;;
20251107;065302.612;;25325.00;25325.00;1;ASK;;;;;
20251107;065302.612;;25325.25;25325.25;1;ASK;;;;;
20251107;065302.612;25324.25;;25324.25;1;BID;;;;;
20251107;065302.620;;25325.25;25325.25;2;ASK;;;;;
20251107;065302.620;;25325.00;25325.00;1;ASK;;;;;
20251107;065302.620;25324.00;;25324.00;1;BID;;;;;
20251107;065302.788;;25325.00;25325.00;2;ASK;;;;;
20251107;065302.788;;25324.75;25324.75;1;ASK;;;;;
20251107;065302.788;25323.75;;25323.75;3;BID;;;;;
20251107;065302.788;25323.75;;25323.75;2;BID;;;;;
20251107;065303.400;;25324.75;25324.75;2;ASK;;;;;
20251107;065303.452;;25324.50;25324.50;1;ASK;;;;;
20251107;065303.452;25323.75;;25323.75;1;BID;;;;;
20251107;065303.452;;25324.75;25324.75;1;ASK;;;;;
20251107;065303.604;;25325.00;25325.00;3;ASK;;;;;
20251107;065303.604;;25325.00;25325.00;2;ASK;;;;;
20251107;065303.604;25324.00;;25324.00;1;BID;;;;;
20251107;065303.608;25324.00;;25324.00;2;BID;;;;;
20251107;065303.608;25324.00;;25324.00;1;BID;;;;;
20251107;065303.608;;25324.75;25324.75;1;ASK;;;;;
20251107;065303.608;25323.75;;25323.75;1;BID;;;;;
20251107;065303.676;25324.00;;25324.00;1;BID;;;;;
20251107;065303.728;25323.75;;25323.75;1;BID;;;;;
20251107;065303.788;25323.50;;25323.50;2;BID;;;;;
20251107;065303.808;25323.75;;25323.75;1;BID;;;;;
20251107;065304.084;;25324.75;25324.75;2;ASK;;;;;
20251107;065304.084;;25324.50;25324.50;1;ASK;;;;;
20251107;065304.084;25323.50;;25323.50;2;BID;;;;;
20251107;065304.208;25323.75;;25323.75;1;BID;;;;;
20251107;065304.208;;25324.75;25324.75;1;ASK;;;;;
20251107;065304.212;;25324.75;25324.75;2;ASK;;;;;
20251107;065304.244;;25324.50;25324.50;1;ASK;;;;;
20251107;065304.244;25323.50;;25323.50;2;BID;;;;;
20251107;065304.244;;25324.75;25324.75;1;ASK;;;;;
20251107;065304.244;25323.75;;25323.75;1;BID;;;;;
20251107;065304.244;;25324.50;25324.50;1;ASK;;;;;
20251107;065304.356;25323.50;;25323.50;2;BID;;;;;
20251107;065304.396;;25324.50;25324.50;2;ASK;;;;;
20251107;065304.788;;25324.25;25324.25;1;ASK;;;;;
20251107;065304.788;25323.50;;25323.50;1;BID;;;;;
20251107;065304.808;;25324.50;25324.50;2;ASK;;;;;
20251107;065304.808;;25324.50;25324.50;1;ASK;;;;;
20251107;065304.808;;25324.50;25324.50;2;ASK;;;;;
20251107;065304.808;;25324.25;25324.25;1;ASK;;;;;
20251107;065304.852;;25324.25;25324.25;2;ASK;;;;;
20251107;065304.852;;25324.00;25324.00;1;ASK;;;;;
20251107;065304.852;;25324.25;25324.25;1;ASK;;;;;
20251107;065304.868;;25324.25;25324.25;2;ASK;;;;;
20251107;065305.092;;25324.25;25324.25;1;ASK;;;;;
20251107;065305.112;25323.75;;25323.75;1;BID;;;;;
20251107;065305.112;;25324.50;25324.50;3;ASK;;;;;
20251107;065305.112;;25324.50;25324.50;2;ASK;;;;;
20251107;065305.112;;25324.50;25324.50;1;ASK;;;;;
20251107;065305.112;;25324.75;25324.75;1;ASK;;;;;
20251107;065305.116;;25324.50;25324.50;1;ASK;;;;;
20251107;065305.116;;25324.75;25324.75;2;ASK;;;;;
20251107;065305.116;;25324.75;25324.75;1;ASK;;;;;
20251107;065305.124;;25324.75;25324.75;2;ASK;;;;;
20251107;065305.124;;25324.50;25324.50;1;ASK;;;;;
20251107;065305.124;25323.50;;25323.50;1;BID;;;;;
20251107;065305.164;25323.75;;25323.75;1;BID;;;;;
20251107;065305.164;;25324.75;25324.75;1;ASK;;;;;
20251107;065305.164;25324.00;;25324.00;1;BID;;;;;
20251107;065305.164;;25325.00;25325.00;3;ASK;;;;;
20251107;065305.164;;25325.00;25325.00;2;ASK;;;;;
20251107;065305.168;;25325.00;25325.00;3;ASK;;;;;
20251107;065305.168;;25324.75;25324.75;1;ASK;;;;;
20251107;065305.176;25323.50;;25323.50;1;BID;;;;;
20251107;065305.176;25323.50;;25323.50;2;BID;;;;;
20251107;065305.176;25323.75;;25323.75;1;BID;;;;;
20251107;065305.176;25324.00;;25324.00;1;BID;;;;;
20251107;065305.176;;25325.00;25325.00;3;ASK;;;;;
20251107;065305.176;;25325.00;25325.00;2;ASK;;;;;
20251107;065305.184;;25325.00;25325.00;3;ASK;;;;;
20251107;065305.184;;25324.75;25324.75;1;ASK;;;;;
20251107;065305.184;25323.75;;25323.75;1;BID;;;;;
20251107;065305.356;25324.00;;25324.00;1;BID;;;;;
20251107;065305.356;;25325.00;25325.00;3;ASK;;;;;
20251107;065305.356;;25325.00;25325.00;2;ASK;;;;;
20251107;065305.396;;25324.75;25324.75;1;ASK;;;;;
20251107;065305.468;;25325.00;25325.00;2;ASK;;;;;
20251107;065305.468;25324.25;;25324.25;1;BID;;;;;
20251107;065305.556;25324.00;;25324.00;1;BID;;;;;
20251107;065305.556;;25325.00;25325.00;3;ASK;;;;;
20251107;065305.576;;25324.75;25324.75;1;ASK;;;;;
20251107;065305.576;25323.75;;25323.75;2;BID;;;;;
20251107;065305.576;25323.75;;25323.75;1;BID;;;;;
20251107;065305.576;;25325.00;25325.00;2;ASK;;;;;
20251107;065305.576;25324.00;;25324.00;1;BID;;;;;
20251107;065305.576;25323.75;;25323.75;1;BID;;;;;
20251107;065305.576;;25324.75;25324.75;1;ASK;;;;;
20251107;065305.632;;25324.50;25324.50;1;ASK;;;;;
20251107;065305.760;25323.75;;25323.75;1;BID;;;;;
20251107;065305.760;25323.50;;25323.50;2;BID;;;;;
20251107;065305.760;25323.50;;25323.50;1;BID;;;;;
20251107;065305.760;;25324.25;25324.25;1;ASK;;;;;
20251107;065305.760;;25324.50;25324.50;1;ASK;;;;;
20251107;065305.796;;25324.50;25324.50;2;ASK;;;;;
20251107;065305.796;;25324.25;25324.25;1;ASK;;;;;
20251107;065305.796;;25324.25;25324.25;2;ASK;;;;;
20251107;065305.796;;25324.25;25324.25;1;ASK;;;;;
20251107;065305.872;25323.25;;25323.25;3;BID;;;;;
20251107;065305.872;25323.25;;25323.25;2;BID;;;;;
20251107;065305.972;;25324.25;25324.25;2;ASK;;;;;
20251107;065305.972;25323.25;;25323.25;1;BID;;;;;
20251107;065306.276;25323.50;;25323.50;1;BID;;;;;
20251107;065306.276;;25324.25;25324.25;1;ASK;;;;;
20251107;065306.276;;25324.50;25324.50;3;ASK;;;;;
20251107;065306.280;;25324.50;25324.50;2;ASK;;;;;
20251107;065306.280;;25324.50;25324.50;1;ASK;;;;;
20251107;065306.288;;25324.50;25324.50;2;ASK;;;;;
20251107;065306.848;;25324.25;25324.25;1;ASK;;;;;
20251107;065306.848;25323.25;;25323.25;1;BID;;;;;
20251107;065306.848;;25324.50;25324.50;1;ASK;;;;;
20251107;065306.860;;25324.50;25324.50;2;ASK;;;;;
20251107;065306.860;;25324.25;25324.25;1;ASK;;;;;
20251107;065307.180;25323.00;;25323.00;2;BID;;;;;
20251107;065307.268;25323.25;;25323.25;1;BID;;;;;
20251107;065307.268;25323.50;;25323.50;1;BID;;;;;
20251107;065307.268;;25324.50;25324.50;1;ASK;;;;;
20251107;065307.272;;25324.50;25324.50;2;ASK;;;;;
20251107;065307.272;;25324.25;25324.25;1;ASK;;;;;
20251107;065307.272;25323.25;;25323.25;1;BID;;;;;
20251107;065307.316;25323.50;;25323.50;1;BID;;;;;
20251107;065307.316;;25324.50;25324.50;1;ASK;;;;;
20251107;065307.340;;25324.50;25324.50;2;ASK;;;;;
20251107;065307.348;;25324.25;25324.25;1;ASK;;;;;
20251107;065307.348;25323.25;;25323.25;1;BID;;;;;
20251107;065307.352;25323.25;;25323.25;1;BID;;;;;
20251107;065307.352;25323.00;;25323.00;1;BID;;;;;
20251107;065307.352;25323.00;;25323.00;1;BID;;;;;
20251107;065307.352;25322.75;;25322.75;1;BID;;;;;
20251107;065307.352;25322.75;;25322.75;1;BID;;;;;
20251107;065307.352;;25324.00;25324.00;1;ASK;;;;;
20251107;065307.352;25322.50;;25322.50;3;BID;;;;;
20251107;065307.352;25322.50;;25322.50;2;BID;;;;;
20251107;065307.352;;25324.00;25324.00;2;ASK;;;;;
20251107;065307.352;25322.50;;25322.50;1;BID;;;;;
20251107;065307.352;25322.75;;25322.75;1;BID;;;;;
20251107;065307.352;;25324.00;25324.00;1;ASK;;;;;
20251107;065307.356;25323.00;;25323.00;1;BID;;;;;
20251107;065307.356;;25323.75;25323.75;1;ASK;;;;;
20251107;065307.396;25322.75;;25322.75;1;BID;;;;;
20251107;065307.400;;25323.50;25323.50;1;ASK;;;;;
20251107;065307.400;25322.50;;25322.50;1;BID;;;;;
20251107;065307.400;25322.25;;25322.25;3;BID;;;;;
20251107;065307.400;25322.25;;25322.25;4;BID;;;;;
20251107;065307.400;25322.25;;25322.25;3;BID;;;;;
20251107;065307.400;25322.25;;25322.25;2;BID;;;;;
20251107;065307.400;25322.75;;25322.75;1;BID;;;;;
20251107;065307.404;25322.25;;25322.25;1;BID;;;;;
20251107;065307.404;25322.50;;25322.50;1;BID;;;;;
20251107;065307.404;;25323.75;25323.75;1;ASK;;;;;
20251107;065307.404;25322.75;;25322.75;1;BID;;;;;
20251107;065307.428;;25323.50;25323.50;1;ASK;;;;;
20251107;065307.428;25322.50;;25322.50;2;BID;;;;;
20251107;065307.604;25322.75;;25322.75;1;BID;;;;;
20251107;065307.604;;25323.75;25323.75;1;ASK;;;;;
20251107;065307.604;25323.00;;25323.00;1;BID;;;;;
20251107;065307.604;;25324.00;25324.00;1;ASK;;;;;
20251107;065307.612;;25324.00;25324.00;2;ASK;;;;;
20251107;065307.612;;25323.75;25323.75;1;ASK;;;;;
20251107;065307.612;25322.75;;25322.75;1;BID;;;;;
20251107;065307.704;25323.00;;25323.00;1;BID;;;;;
20251107;065307.704;;25324.00;25324.00;1;ASK;;;;;
20251107;065307.740;;25323.75;25323.75;1;ASK;;;;;
20251107;065307.772;;25324.00;25324.00;1;ASK;;;;;
20251107;065307.824;;25323.75;25323.75;1;ASK;;;;;
20251107;065307.824;25322.75;;25322.75;2;BID;;;;;
20251107;065307.988;25322.75;;25322.75;1;BID;;;;;
20251107;065307.988;25322.75;;25322.75;1;BID;;;;;
20251107;065307.988;;25323.50;25323.50;1;ASK;;;;;
20251107;065307.988;25322.25;;25322.25;1;BID;;;;;
20251107;065307.992;25322.25;;25322.25;2;BID;;;;;
20251107;065307.992;25322.25;;25322.25;1;BID;;;;;
20251107;065307.992;;25323.25;25323.25;1;ASK;;;;;
20251107;065307.992;25322.50;;25322.50;1;BID;;;;;
20251107;065307.992;;25323.50;25323.50;1;ASK;;;;;
20251107;065307.992;;25323.25;25323.25;1;ASK;;;;;
20251107;065307.992;25322.00;;25322.00;5;BID;;;;;
20251107;065307.992;;25323.50;25323.50;1;ASK;;;;;
20251107;065307.992;25322.00;;25322.00;4;BID;;;;;
20251107;065307.992;25322.25;;25322.25;1;BID;;;;;
20251107;065307.992;25322.25;;25322.25;2;BID;;;;;
20251107;065307.992;;25323.25;25323.25;1;ASK;;;;;
20251107;065308.000;;25323.00;25323.00;1;ASK;;;;;
20251107;065308.144;;25323.25;25323.25;1;ASK;;;;;
20251107;065308.144;;25323.50;25323.50;1;ASK;;;;;
20251107;065308.144;25322.50;;25322.50;1;BID;;;;;
20251107;065308.144;25322.50;;25322.50;2;BID;;;;;
20251107;065308.156;;25323.50;25323.50;2;ASK;;;;;
20251107;065308.156;;25323.25;25323.25;1;ASK;;;;;
20251107;065308.156;25322.50;;25322.50;1;BID;;;;;
20251107;065308.156;25322.25;;25322.25;1;BID;;;;;
20251107;065308.156;;25323.50;25323.50;1;ASK;;;;;
20251107;065308.156;25322.25;;25322.25;2;BID;;;;;
20251107;065308.156;25322.50;;25322.50;1;BID;;;;;
20251107;065308.224;;25323.00;25323.00;1;ASK;;;;;
20251107;065308.224;25322.25;;25322.25;2;BID;;;;;
20251107;065308.476;25322.25;;25322.25;1;BID;;;;;
20251107;065308.476;25322.00;;25322.00;5;BID;;;;;
20251107;065308.476;25322.00;;25322.00;4;BID;;;;;
20251107;065308.476;25322.25;;25322.25;1;BID;;;;;
20251107;065308.724;25322.25;;25322.25;1;BID;;;;;
20251107;065308.724;25322.00;;25322.00;1;BID;;;;;
20251107;065308.724;25322.00;;25322.00;3;BID;;;;;
20251107;065308.724;;25322.75;25322.75;1;ASK;;;;;
20251107;065308.724;25322.00;;25322.00;2;BID;;;;;
20251107;065308.724;;25323.00;25323.00;1;ASK;;;;;
20251107;065308.784;;25322.75;25322.75;1;ASK;;;;;
20251107;065308.888;;25323.00;25323.00;1;ASK;;;;;
20251107;065309.564;25322.00;;25322.00;1;BID;;;;;
20251107;065309.564;25322.00;;25322.00;1;BID;;;;;
20251107;065309.564;;25322.75;25322.75;1;ASK;;;;;
20251107;065309.564;;25322.75;25322.75;2;ASK;;;;;
20251107;065309.568;;25322.75;25322.75;1;ASK;;;;;
20251107;065309.568;;25323.00;25323.00;1;ASK;;;;;
20251107;065309.632;;25322.75;25322.75;1;ASK;;;;;
20251107;065309.820;25322.00;;25322.00;2;BID;;;;;
20251107;065309.820;;25323.00;25323.00;1;ASK;;;;;
20251107;065309.820;25322.25;;25322.25;1;BID;;;;;
20251107;065310.060;25322.00;;25322.00;2;BID;;;;;
20251107;065310.060;;25323.00;25323.00;2;ASK;;;;;
20251107;065310.060;;25323.00;25323.00;3;ASK;;;;;
20251107;065310.060;;25322.75;25322.75;1;ASK;;;;;
20251107;065310.060;;25323.00;25323.00;3;ASK;;;;;
20251107;065310.060;;25322.75;25322.75;1;ASK;;;;;
20251107;065310.080;;25322.50;25322.50;1;ASK;;;;;
20251107;065310.080;;25323.00;25323.00;2;ASK;;;;;
20251107;065310.088;;25323.00;25323.00;3;ASK;;;;;
20251107;065310.088;;25322.75;25322.75;1;ASK;;;;;
20251107;065310.108;;25322.75;25322.75;2;ASK;;;;;
20251107;065310.112;;25322.75;25322.75;1;ASK;;;;;
20251107;065310.368;25322.25;;25322.25;1;BID;;;;;
20251107;065310.368;;25323.00;25323.00;4;ASK;;;;;
20251107;065310.368;;25323.00;25323.00;3;ASK;;;;;
20251107;065310.368;;25323.00;25323.00;2;ASK;;;;;
20251107;065311.004;25322.25;;25322.25;2;BID;;;;;
20251107;065312.236;25322.25;;25322.25;1;BID;;;;;
20251107;065312.444;25322.00;;25322.00;3;BID;;;;;
20251107;065312.444;25322.00;;25322.00;2;BID;;;;;
20251107;065312.892;;25323.00;25323.00;3;ASK;;;;;
20251107;065312.892;;25322.75;25322.75;1;ASK;;;;;
20251107;065312.892;;25323.00;25323.00;2;ASK;;;;;
20251107;065313.064;;25323.00;25323.00;3;ASK;;;;;
20251107;065313.064;;25322.75;25322.75;1;ASK;;;;;
20251107;065313.064;;25323.00;25323.00;3;ASK;;;;;
20251107;065315.208;;25323.00;25323.00;2;ASK;;;;;
20251107;065316.232;25322.00;;25322.00;1;BID;;;;;
20251107;065316.232;25322.00;;25322.00;1;BID;;;;;
20251107;065316.232;;25322.75;25322.75;1;ASK;;;;;
20251107;065316.232;;25322.75;25322.75;2;ASK;;;;;
20251107;065316.232;;25322.75;25322.75;1;ASK;;;;;
20251107;065316.232;;25322.75;25322.75;2;ASK;;;;;
20251107;065316.232;25322.00;;25322.00;1;BID;;;;;
20251107;065316.232;25321.75;;25321.75;1;BID;;;;;
20251107;065316.232;;25322.50;25322.50;1;ASK;;;;;
20251107;065316.236;25321.75;;25321.75;1;BID;;;;;
20251107;065316.236;25321.50;;25321.50;2;BID;;;;;
20251107;065316.236;;25322.50;25322.50;2;ASK;;;;;
20251107;065316.236;;25322.25;25322.25;1;ASK;;;;;
20251107;065316.236;25321.50;;25321.50;1;BID;;;;;
20251107;065316.236;25321.50;;25321.50;1;BID;;;;;
20251107;065316.236;25321.00;;25321.00;2;BID;;;;;
20251107;065316.236;;25322.25;25322.25;2;ASK;;;;;
20251107;065316.236;25321.00;;25321.00;1;BID;;;;;
20251107;065316.236;;25322.00;25322.00;1;ASK;;;;;
20251107;065316.236;25321.00;;25321.00;1;BID;;;;;
20251107;065316.236;25320.50;;25320.50;1;BID;;;;;
20251107;065316.236;;25322.00;25322.00;2;ASK;;;;;
20251107;065316.236;;25321.75;25321.75;1;ASK;;;;;
20251107;065316.236;25320.50;;25320.50;2;BID;;;;;
20251107;065316.236;;25321.75;25321.75;2;ASK;;;;;
20251107;065316.236;;25321.50;25321.50;1;ASK;;;;;
20251107;065316.236;25320.50;;25320.50;1;BID;;;;;
20251107;065316.236;;25321.50;25321.50;2;ASK;;;;;
20251107;065316.240;25320.25;;25320.25;1;BID;;;;;
20251107;065316.240;;25321.25;25321.25;1;ASK;;;;;
20251107;065316.240;25320.25;;25320.25;1;BID;;;;;
20251107;065316.240;25320.00;;25320.00;2;BID;;;;;
20251107;065316.240;;25321.25;25321.25;2;ASK;;;;;
20251107;065316.240;25320.00;;25320.00;1;BID;;;;;
20251107;065316.240;;25321.25;25321.25;3;ASK;;;;;
20251107;065316.240;;25321.00;25321.00;1;ASK;;;;;
20251107;065316.240;25319.50;;25319.50;1;BID;;;;;
20251107;065316.240;;25320.75;25320.75;1;ASK;;;;;
20251107;065316.240;25319.50;;25319.50;2;BID;;;;;
20251107;065316.240;25319.50;;25319.50;3;BID;;;;;
20251107;065316.240;25319.50;;25319.50;4;BID;;;;;
20251107;065316.240;25319.75;;25319.75;1;BID;;;;;
20251107;065316.240;;25321.00;25321.00;2;ASK;;;;;
20251107;065316.244;25320.00;;25320.00;1;BID;;;;;
20251107;065316.244;;25320.75;25320.75;1;ASK;;;;;
20251107;065316.244;25319.75;;25319.75;1;BID;;;;;
20251107;065316.244;;25321.00;25321.00;2;ASK;;;;;
20251107;065316.244;25320.00;;25320.00;1;BID;;;;;
20251107;065316.244;;25321.00;25321.00;3;ASK;;;;;
20251107;065316.244;;25320.75;25320.75;1;ASK;;;;;
20251107;065316.244;25319.75;;25319.75;1;BID;;;;;
20251107;065316.244;;25320.50;25320.50;1;ASK;;;;;
20251107;065316.244;25319.50;;25319.50;3;BID;;;;;
20251107;065316.244;25319.50;;25319.50;2;BID;;;;;
20251107;065316.248;25319.50;;25319.50;1;BID;;;;;
20251107;065316.248;25319.25;;25319.25;2;BID;;;;;
20251107;065316.248;25319.25;;25319.25;1;BID;;;;;
20251107;065316.248;;25320.25;25320.25;1;ASK;;;;;
20251107;065316.248;25319.25;;25319.25;2;BID;;;;;
20251107;065316.248;25319.50;;25319.50;1;BID;;;;;
20251107;065316.248;;25320.50;25320.50;1;ASK;;;;;
20251107;065316.248;25319.50;;25319.50;2;BID;;;;;
20251107;065316.248;;25320.75;25320.75;1;ASK;;;;;
20251107;065316.248;;25320.50;25320.50;1;ASK;;;;;
20251107;065316.256;;25320.50;25320.50;2;ASK;;;;;
20251107;065316.260;;25320.25;25320.25;1;ASK;;;;;
20251107;065316.260;25319.50;;25319.50;1;BID;;;;;
20251107;065316.260;25319.25;;25319.25;1;BID;;;;;
20251107;065316.260;25319.25;;25319.25;2;BID;;;;;
20251107;065316.260;25319.50;;25319.50;1;BID;;;;;
20251107;065316.260;;25320.50;25320.50;2;ASK;;;;;
20251107;065316.260;;25320.50;25320.50;1;ASK;;;;;
20251107;065316.260;25319.50;;25319.50;2;BID;;;;;
20251107;065316.268;;25320.50;25320.50;2;ASK;;;;;
20251107;065316.660;25319.75;;25319.75;1;BID;;;;;
20251107;065316.660;;25320.50;25320.50;1;ASK;;;;;
20251107;065316.660;;25320.75;25320.75;1;ASK;;;;;
20251107;065316.688;;25320.75;25320.75;2;ASK;;;;;
20251107;065316.688;;25320.50;25320.50;1;ASK;;;;;
20251107;065316.688;25319.50;;25319.50;2;BID;;;;;
20251107;065316.688;25319.75;;25319.75;1;BID;;;;;
20251107;065316.688;;25320.75;25320.75;1;ASK;;;;;
20251107;065316.688;25319.75;;25319.75;2;BID;;;;;
20251107;065316.688;25320.00;;25320.00;1;BID;;;;;
20251107;065316.688;;25321.00;25321.00;3;ASK;;;;;
20251107;065316.688;;25321.00;25321.00;2;ASK;;;;;
20251107;065316.688;;25321.00;25321.00;1;ASK;;;;;
20251107;065316.688;;25320.75;25320.75;1;ASK;;;;;
20251107;065316.688;25319.75;;25319.75;2;BID;;;;;
20251107;065316.688;25320.00;;25320.00;1;BID;;;;;
20251107;065316.688;25319.75;;25319.75;2;BID;;;;;
20251107;065316.756;25320.00;;25320.00;1;BID;;;;;
20251107;065316.756;;25321.00;25321.00;1;ASK;;;;;
20251107;065316.756;25320.25;;25320.25;1;BID;;;;;
20251107;065316.756;;25321.25;25321.25;3;ASK;;;;;
20251107;065316.756;;25321.25;25321.25;2;ASK;;;;;
20251107;065316.756;;25321.25;25321.25;1;ASK;;;;;
20251107;065316.756;;25321.50;25321.50;2;ASK;;;;;
20251107;065316.756;;25321.50;25321.50;1;ASK;;;;;
20251107;065316.756;25320.25;;25320.25;2;BID;;;;;
20251107;065316.756;25320.50;;25320.50;1;BID;;;;;
20251107;065316.760;25320.50;;25320.50;2;BID;;;;;
20251107;065316.840;;25321.25;25321.25;1;ASK;;;;;
20251107;065316.840;25320.50;;25320.50;1;BID;;;;;
20251107;065316.840;25320.25;;25320.25;2;BID;;;;;
20251107;065316.840;;25321.00;25321.00;1;ASK;;;;;
20251107;065316.840;25320.25;;25320.25;1;BID;;;;;
20251107;065316.840;25320.00;;25320.00;3;BID;;;;;
20251107;065316.844;25320.00;;25320.00;2;BID;;;;;
20251107;065316.868;;25321.25;25321.25;1;ASK;;;;;
20251107;065316.868;25320.25;;25320.25;1;BID;;;;;
20251107;065316.956;25320.50;;25320.50;1;BID;;;;;
20251107;065316.956;25320.25;;25320.25;1;BID;;;;;
20251107;065317.104;;25321.50;25321.50;1;ASK;;;;;
20251107;065317.104;25320.50;;25320.50;1;BID;;;;;
20251107;065317.104;;25321.25;25321.25;1;ASK;;;;;
20251107;065317.104;;25321.50;25321.50;1;ASK;;;;;
20251107;065317.104;25320.25;;25320.25;1;BID;;;;;
20251107;065317.104;;25321.25;25321.25;1;ASK;;;;;
20251107;065317.104;25320.00;;25320.00;2;BID;;;;;
20251107;065317.104;;25321.00;25321.00;1;ASK;;;;;
20251107;065317.104;;25321.00;25321.00;2;ASK;;;;;
20251107;065317.104;25320.25;;25320.25;1;BID;;;;;
20251107;065317.104;;25321.00;25321.00;1;ASK;;;;;
20251107;065317.104;;25321.25;25321.25;1;ASK;;;;;
20251107;065317.136;;25321.00;25321.00;1;ASK;;;;;
20251107;065317.136;25320.00;;25320.00;2;BID;;;;;
20251107;065317.188;;25321.25;25321.25;1;ASK;;;;;
20251107;065317.188;25320.25;;25320.25;1;BID;;;;;
20251107;065317.220;;25321.00;25321.00;1;ASK;;;;;
20251107;065317.244;;25321.25;25321.25;1;ASK;;;;;
20251107;065317.320;;25321.25;25321.25;2;ASK;;;;;
20251107;065317.372;25320.00;;25320.00;2;BID;;;;;
20251107;065317.372;;25321.00;25321.00;1;ASK;;;;;
20251107;065317.372;;25321.00;25321.00;2;ASK;;;;;
20251107;065317.376;;25321.00;25321.00;1;ASK;;;;;
20251107;065317.876;25320.00;;25320.00;1;BID;;;;;
20251107;065317.876;25320.00;;25320.00;1;BID;;;;;
20251107;065317.876;25319.75;;25319.75;3;BID;;;;;
20251107;065317.876;;25320.75;25320.75;1;ASK;;;;;
20251107;065317.880;25319.75;;25319.75;2;BID;;;;;
20251107;065317.880;25320.00;;25320.00;1;BID;;;;;
20251107;065317.896;25320.00;;25320.00;2;BID;;;;;
20251107;065317.932;;25321.00;25321.00;1;ASK;;;;;
20251107;065317.932;25320.00;;25320.00;1;BID;;;;;
20251107;065317.984;;25320.75;25320.75;1;ASK;;;;;
20251107;065318.056;25319.75;;25319.75;3;BID;;;;;
20251107;065318.056;25319.75;;25319.75;2;BID;;;;;
20251107;065318.200;25320.00;;25320.00;1;BID;;;;;
20251107;065318.200;;25321.00;25321.00;1;ASK;;;;;
20251107;065318.692;;25320.75;25320.75;1;ASK;;;;;
20251107;065318.692;25319.75;;25319.75;2;BID;;;;;
20251107;065318.692;;25320.75;25320.75;2;ASK;;;;;
20251107;065318.692;;25320.75;25320.75;1;ASK;;;;;
20251107;065319.056;25320.00;;25320.00;1;BID;;;;;
20251107;065319.056;;25321.00;25321.00;3;ASK;;;;;
20251107;065319.056;;25321.00;25321.00;2;ASK;;;;;
20251107;065319.056;;25321.00;25321.00;1;ASK;;;;;
20251107;065319.060;;25321.00;25321.00;2;ASK;;;;;
20251107;065319.076;;25321.00;25321.00;3;ASK;;;;;
20251107;065319.076;;25320.75;25320.75;1;ASK;;;;;
20251107;065319.076;25319.75;;25319.75;2;BID;;;;;
20251107;065319.580;;25320.75;25320.75;1;ASK;;;;;
20251107;065319.580;;25321.00;25321.00;3;ASK;;;;;
20251107;065319.580;25320.00;;25320.00;1;BID;;;;;
20251107;065319.580;;25321.00;25321.00;2;ASK;;;;;
20251107;065319.580;25320.00;;25320.00;2;BID;;;;;
20251107;065319.580;;25321.00;25321.00;1;ASK;;;;;
20251107;065319.580;25320.25;;25320.25;1;BID;;;;;
20251107;065319.580;25320.00;;25320.00;2;BID;;;;;
20251107;065319.584;25320.25;;25320.25;1;BID;;;;;
20251107;065319.588;25320.50;;25320.50;1;BID;;;;;
20251107;065319.588;25320.00;;25320.00;2;BID;;;;;
20251107;065319.636;25320.25;;25320.25;1;BID;;;;;
20251107;065319.688;25320.00;;25320.00;2;BID;;;;;
20251107;065319.692;25320.25;;25320.25;1;BID;;;;;
20251107;065320.280;25320.00;;25320.00;2;BID;;;;;
20251107;065320.628;25320.25;;25320.25;1;BID;;;;;
20251107;065321.004;25320.50;;25320.50;1;BID;;;;;
20251107;065321.008;25320.25;;25320.25;1;BID;;;;;
20251107;065321.008;25320.50;;25320.50;1;BID;;;;;
20251107;065321.008;25320.25;;25320.25;1;BID;;;;;
20251107;065321.040;25320.00;;25320.00;3;BID;;;;;
20251107;065321.040;25320.00;;25320.00;2;BID;;;;;
20251107;065321.040;25320.25;;25320.25;1;BID;;;;;
20251107;065321.188;25320.00;;25320.00;2;BID;;;;;
20251107;065321.188;;25321.00;25321.00;2;ASK;;;;;
20251107;065321.188;25320.00;;25320.00;1;BID;;;;;
20251107;065321.188;;25320.75;25320.75;1;ASK;;;;;
20251107;065321.188;25319.75;;25319.75;4;BID;;;;;
20251107;065321.188;25319.75;;25319.75;3;BID;;;;;
20251107;065321.188;25319.75;;25319.75;2;BID;;;;;
20251107;065321.188;;25320.50;25320.50;1;ASK;;;;;
20251107;065321.188;25319.75;;25319.75;1;BID;;;;;
20251107;065321.192;25319.50;;25319.50;4;BID;;;;;
20251107;065321.192;25319.50;;25319.50;3;BID;;;;;
20251107;065321.192;25319.75;;25319.75;1;BID;;;;;
20251107;065321.192;;25320.75;25320.75;1;ASK;;;;;
20251107;065321.192;25319.50;;25319.50;2;BID;;;;;
20251107;065321.192;;25320.50;25320.50;1;ASK;;;;;
20251107;065321.204;;25319.75;25319.75;2;ASK;;;;;
20251107;065321.204;;25319.75;25319.75;1;ASK;;;;;
20251107;065321.204;25319.50;;25319.50;1;BID;;;;;
20251107;065321.204;25319.50;;25319.50;1;BID;;;;;
20251107;065321.204;25319.25;;25319.25;3;BID;;;;;
20251107;065321.204;;25319.75;25319.75;1;ASK;;;;;
20251107;065321.204;;25319.75;25319.75;1;ASK;;;;;
20251107;065321.204;;25320.50;25320.50;1;ASK;;;;;
20251107;065321.204;25319.25;;25319.25;2;BID;;;;;
20251107;065321.204;25319.25;;25319.25;1;BID;;;;;
20251107;065321.204;25319.50;;25319.50;1;BID;;;;;
20251107;065321.204;;25320.50;25320.50;2;ASK;;;;;
20251107;065321.204;;25320.25;25320.25;1;ASK;;;;;
20251107;065321.204;25319.25;;25319.25;1;BID;;;;;
20251107;065321.204;;25320.00;25320.00;1;ASK;;;;;
20251107;065321.204;;25320.25;25320.25;1;ASK;;;;;
20251107;065321.204;25319.00;;25319.00;2;BID;;;;;
20251107;065321.204;25319.25;;25319.25;1;BID;;;;;
20251107;065321.212;;25320.25;25320.25;2;ASK;;;;;
20251107;065321.212;;25320.00;25320.00;1;ASK;;;;;
20251107;065321.212;25319.00;;25319.00;1;BID;;;;;
20251107;065321.212;;25320.00;25320.00;2;ASK;;;;;
20251107;065321.212;25318.75;;25318.75;4;BID;;;;;
20251107;065321.212;25318.75;;25318.75;3;BID;;;;;
20251107;065321.212;25318.75;;25318.75;2;BID;;;;;
20251107;065321.212;25318.75;;25318.75;1;BID;;;;;
20251107;065321.216;25319.00;;25319.00;1;BID;;;;;
20251107;065321.228;;25319.75;25319.75;1;ASK;;;;;
20251107;065321.228;;25320.00;25320.00;1;ASK;;;;;
20251107;065321.244;;25320.00;25320.00;2;ASK;;;;;
20251107;065321.284;25319.00;;25319.00;2;BID;;;;;
20251107;065321.484;25319.25;;25319.25;1;BID;;;;;
20251107;065321.484;;25320.00;25320.00;1;ASK;;;;;
20251107;065321.484;;25320.25;25320.25;3;ASK;;;;;
20251107;065321.484;;25320.25;25320.25;2;ASK;;;;;
20251107;065321.484;;25320.25;25320.25;1;ASK;;;;;
20251107;065321.488;;25320.25;25320.25;2;ASK;;;;;
20251107;065321.532;;25320.00;25320.00;1;ASK;;;;;
20251107;065321.532;25319.00;;25319.00;2;BID;;;;;
20251107;065321.688;25319.25;;25319.25;1;BID;;;;;
20251107;065321.688;;25320.25;25320.25;2;ASK;;;;;
20251107;065321.688;;25320.25;25320.25;1;ASK;;;;;
20251107;065321.692;;25320.25;25320.25;2;ASK;;;;;
20251107;065321.692;;25320.00;25320.00;1;ASK;;;;;
20251107;065321.692;25319.00;;25319.00;2;BID;;;;;
20251107;065321.692;25319.25;;25319.25;1;BID;;;;;
20251107;065321.692;;25320.25;25320.25;2;ASK;;;;;
20251107;065321.692;;25320.25;25320.25;1;ASK;;;;;
20251107;065321.704;;25320.25;25320.25;2;ASK;;;;;
20251107;065321.704;;25320.00;25320.00;1;ASK;;;;;
20251107;065321.704;25319.00;;25319.00;2;BID;;;;;
20251107;065321.772;25319.00;;25319.00;3;BID;;;;;
20251107;065321.772;25319.25;;25319.25;1;BID;;;;;
20251107;065321.772;;25320.25;25320.25;2;ASK;;;;;
20251107;065321.772;;25320.25;25320.25;1;ASK;;;;;
20251107;065322.460;;25320.25;25320.25;2;ASK;;;;;
20251107;065323.004;25319.25;;25319.25;2;BID;;;;;
20251107;065323.004;25319.50;;25319.50;1;BID;;;;;
20251107;065323.004;;25320.25;25320.25;1;ASK;;;;;
20251107;065323.004;;25320.50;25320.50;3;ASK;;;;;
20251107;065323.004;;25320.50;25320.50;2;ASK;;;;;
20251107;065323.004;;25320.50;25320.50;1;ASK;;;;;
20251107;065323.004;25319.75;;25319.75;1;BID;;;;;
20251107;065323.004;;25320.75;25320.75;1;ASK;;;;;
20251107;065323.004;25320.00;;25320.00;1;BID;;;;;
20251107;065323.008;;25321.00;25321.00;1;ASK;;;;;
20251107;065323.028;25319.75;;25319.75;1;BID;;;;;
20251107;065323.028;;25320.75;25320.75;1;ASK;;;;;
20251107;065323.084;25320.00;;25320.00;1;BID;;;;;
20251107;065323.084;;25321.00;25321.00;1;ASK;;;;;
20251107;065323.104;;25321.00;25321.00;2;ASK;;;;;
20251107;065323.104;;25320.75;25320.75;1;ASK;;;;;
20251107;065323.104;25319.75;;25319.75;1;BID;;;;;
20251107;065323.104;;25320.75;25320.75;2;ASK;;;;;
20251107;065323.104;;25320.75;25320.75;1;ASK;;;;;
20251107;065323.104;;25320.50;25320.50;1;ASK;;;;;
20251107;065323.104;25319.50;;25319.50;1;BID;;;;;
20251107;065323.276;25319.75;;25319.75;1;BID;;;;;
20251107;065323.276;;25320.75;25320.75;1;ASK;;;;;
20251107;065323.276;25319.50;;25319.50;1;BID;;;;;
20251107;065323.276;;25320.50;25320.50;1;ASK;;;;;
20251107;065323.276;25319.50;;25319.50;2;BID;;;;;
20251107;065323.276;;25320.50;25320.50;2;ASK;;;;;
20251107;065323.988;;25320.25;25320.25;1;ASK;;;;;
20251107;065323.988;25319.50;;25319.50;1;BID;;;;;
20251107;065323.988;25319.25;;25319.25;4;BID;;;;;
20251107;065323.988;25319.25;;25319.25;3;BID;;;;;
20251107;065323.988;25319.50;;25319.50;1;BID;;;;;
20251107;065323.988;25319.25;;25319.25;3;BID;;;;;
20251107;065323.988;;25320.50;25320.50;2;ASK;;;;;
20251107;065323.988;25319.50;;25319.50;1;BID;;;;;
20251107;065324.004;;25320.25;25320.25;1;ASK;;;;;
20251107;065324.004;25319.25;;25319.25;4;BID;;;;;
20251107;065324.004;25319.25;;25319.25;3;BID;;;;;
20251107;065324.004;25319.25;;25319.25;2;BID;;;;;
20251107;065324.004;25319.50;;25319.50;1;BID;;;;;
20251107;065324.004;25319.25;;25319.25;2;BID;;;;;
20251107;065324.272;25319.50;;25319.50;1;BID;;;;;
20251107;065324.272;;25320.50;25320.50;2;ASK;;;;;
20251107;065324.296;;25320.50;25320.50;3;ASK;;;;;
20251107;065324.296;;25320.25;25320.25;1;ASK;;;;;
20251107;065324.296;25319.25;;25319.25;2;BID;;;;;
20251107;065325.064;25319.50;;25319.50;1;BID;;;;;
20251107;065325.064;;25320.50;25320.50;2;ASK;;;;;
20251107;065325.104;25319.75;;25319.75;1;BID;;;;;
20251107;065325.104;25319.50;;25319.50;1;BID;;;;;
20251107;065325.148;25319.50;;25319.50;2;BID;;;;;
20251107;065325.148;25319.75;;25319.75;1;BID;;;;;
20251107;065325.148;;25320.50;25320.50;1;ASK;;;;;
20251107;065325.180;25319.50;;25319.50;2;BID;;;;;
20251107;065325.352;25319.75;;25319.75;1;BID;;;;;
20251107;065325.384;25319.50;;25319.50;2;BID;;;;;
20251107;065325.400;;25320.50;25320.50;1;ASK;;;;;
20251107;065325.400;;25320.75;25320.75;1;ASK;;;;;
20251107;065325.400;25319.75;;25319.75;1;BID;;;;;
20251107;065325.400;;25321.00;25321.00;2;ASK;;;;;
20251107;065325.400;25319.75;;25319.75;2;BID;;;;;
20251107;065325.400;;25321.00;25321.00;1;ASK;;;;;
20251107;065325.400;25320.00;;25320.00;1;BID;;;;;
20251107;065325.432;;25320.75;25320.75;1;ASK;;;;;
20251107;065325.432;25319.75;;25319.75;3;BID;;;;;
20251107;065325.432;25320.00;;25320.00;1;BID;;;;;
20251107;065325.432;25319.75;;25319.75;2;BID;;;;;
20251107;065325.432;;25321.00;25321.00;1;ASK;;;;;
20251107;065325.432;25319.75;;25319.75;1;BID;;;;;
20251107;065325.432;25319.50;;25319.50;3;BID;;;;;
20251107;065325.432;;25320.75;25320.75;1;ASK;;;;;
20251107;065325.432;25319.50;;25319.50;2;BID;;;;;
20251107;065325.432;;25320.75;25320.75;2;ASK;;;;;
20251107;065325.432;;25320.50;25320.50;1;ASK;;;;;
20251107;065325.432;;25320.75;25320.75;2;ASK;;;;;
20251107;065325.432;25319.50;;25319.50;3;BID;;;;;
20251107;065325.432;25319.75;;25319.75;1;BID;;;;;
20251107;065325.432;;25320.75;25320.75;1;ASK;;;;;
20251107;065325.440;25320.00;;25320.00;1;BID;;;;;
20251107;065325.440;;25321.00;25321.00;1;ASK;;;;;
20251107;065325.440;;25320.75;25320.75;1;ASK;;;;;
20251107;065325.440;25319.75;;25319.75;1;BID;;;;;
20251107;065325.692;25319.75;;25319.75;2;BID;;;;;
20251107;065325.692;25320.00;;25320.00;1;BID;;;;;
20251107;065325.692;;25321.00;25321.00;1;ASK;;;;;
20251107;065325.692;;25321.50;25321.50;1;ASK;;;;;
20251107;065325.692;;25321.50;25321.50;2;ASK;;;;;
20251107;065325.692;25320.25;;25320.25;1;BID;;;;;
20251107;065325.692;;25321.50;25321.50;3;ASK;;;;;
20251107;065325.692;;25321.25;25321.25;1;ASK;;;;;
20251107;065325.696;25320.00;;25320.00;1;BID;;;;;
20251107;065325.696;;25321.00;25321.00;1;ASK;;;;;
20251107;065325.796;25320.25;;25320.25;1;BID;;;;;
20251107;065325.796;;25321.25;25321.25;1;ASK;;;;;
20251107;065325.796;;25321.00;25321.00;1;ASK;;;;;
20251107;065325.796;25320.00;;25320.00;1;BID;;;;;
20251107;065325.824;25320.25;;25320.25;1;BID;;;;;
20251107;065325.900;25320.25;;25320.25;1;BID;;;;;
20251107;065325.900;25320.00;;25320.00;1;BID;;;;;
20251107;065325.900;;25320.75;25320.75;1;ASK;;;;;
20251107;065325.900;25320.00;;25320.00;2;BID;;;;;
20251107;065325.900;25320.00;;25320.00;1;BID;;;;;
20251107;065325.900;;25321.00;25321.00;1;ASK;;;;;
20251107;065325.900;25319.75;;25319.75;2;BID;;;;;
20251107;065325.916;25320.00;;25320.00;1;BID;;;;;
20251107;065325.924;25320.25;;25320.25;1;BID;;;;;
20251107;065325.924;25320.00;;25320.00;1;BID;;;;;
20251107;065325.924;25320.25;;25320.25;1;BID;;;;;
20251107;065325.928;;25321.25;25321.25;1;ASK;;;;;
20251107;065325.936;;25321.25;25321.25;2;ASK;;;;;
20251107;065325.936;;25321.00;25321.00;1;ASK;;;;;
20251107;065325.936;25320.00;;25320.00;1;BID;;;;;
20251107;065325.940;25320.25;;25320.25;1;BID;;;;;
20251107;065325.940;;25321.25;25321.25;1;ASK;;;;;
20251107;065326.084;;25321.25;25321.25;2;ASK;;;;;
20251107;065326.084;;25321.00;25321.00;1;ASK;;;;;
20251107;065326.084;25320.00;;25320.00;1;BID;;;;;
20251107;065326.084;25320.00;;25320.00;2;BID;;;;;
20251107;065326.084;25320.25;;25320.25;1;BID;;;;;
20251107;065326.084;;25321.25;25321.25;1;ASK;;;;;
20251107;065326.348;25320.50;;25320.50;1;BID;;;;;
20251107;065326.352;25320.25;;25320.25;1;BID;;;;;
20251107;065326.400;25320.25;;25320.25;2;BID;;;;;
20251107;065326.400;;25321.50;25321.50;3;ASK;;;;;
20251107;065326.400;25320.50;;25320.50;1;BID;;;;;
20251107;065326.400;;25321.50;25321.50;2;ASK;;;;;
20251107;065326.608;;25321.50;25321.50;1;ASK;;;;;
20251107;065326.820;25320.50;;25320.50;2;BID;;;;;
20251107;065326.820;25320.75;;25320.75;1;BID;;;;;
20251107;065326.820;;25321.75;25321.75;1;ASK;;;;;
20251107;065326.820;25320.50;;25320.50;1;BID;;;;;
20251107;065326.820;;25321.50;25321.50;1;ASK;;;;;
20251107;065327.464;25320.50;;25320.50;2;BID;;;;;
20251107;065327.464;;25321.75;25321.75;1;ASK;;;;;
20251107;065327.464;25320.75;;25320.75;1;BID;;;;;
20251107;065327.464;25321.00;;25321.00;1;BID;;;;;
20251107;065327.464;;25322.00;25322.00;3;ASK;;;;;
20251107;065327.464;;25322.00;25322.00;2;ASK;;;;;
20251107;065327.464;;25322.00;25322.00;1;ASK;;;;;
20251107;065327.468;;25322.25;25322.25;1;ASK;;;;;
20251107;065327.468;;25322.25;25322.25;2;ASK;;;;;
20251107;065327.468;;25322.00;25322.00;1;ASK;;;;;
20251107;065327.468;;25321.75;25321.75;1;ASK;;;;;
20251107;065327.576;;25322.00;25322.00;1;ASK;;;;;
20251107;065327.576;25321.25;;25321.25;1;BID;;;;;
20251107;065327.576;;25322.25;25322.25;1;ASK;;;;;
20251107;065327.576;;25322.50;25322.50;2;ASK;;;;;
20251107;065327.576;;25322.50;25322.50;1;ASK;;;;;
20251107;065327.576;;25322.75;25322.75;2;ASK;;;;;
20251107;065327.576;;25322.75;25322.75;3;ASK;;;;;
20251107;065327.576;;25322.50;25322.50;1;ASK;;;;;
20251107;065327.580;;25322.25;25322.25;1;ASK;;;;;
20251107;065327.588;;25322.25;25322.25;2;ASK;;;;;
20251107;065327.596;;25322.25;25322.25;1;ASK;;;;;
20251107;065327.612;;25322.00;25322.00;1;ASK;;;;;
20251107;065327.612;25321.00;;25321.00;1;BID;;;;;
20251107;065327.628;25321.00;;25321.00;2;BID;;;;;
20251107;065327.628;25321.25;;25321.25;1;BID;;;;;
20251107;065327.628;;25322.25;25322.25;1;ASK;;;;;
20251107;065327.660;25321.50;;25321.50;1;BID;;;;;
20251107;065327.660;;25322.50;25322.50;1;ASK;;;;;
20251107;065327.668;;25322.50;25322.50;2;ASK;;;;;
20251107;065327.668;;25322.25;25322.25;1;ASK;;;;;
20251107;065327.668;25321.25;;25321.25;1;BID;;;;;
20251107;065327.720;;25322.00;25322.00;1;ASK;;;;;
20251107;065327.720;25321.00;;25321.00;1;BID;;;;;
20251107;065327.736;25321.00;;25321.00;2;BID;;;;;
20251107;065327.736;25321.25;;25321.25;1;BID;;;;;
20251107;065327.896;25321.00;;25321.00;1;BID;;;;;
20251107;065327.896;25320.75;;25320.75;2;BID;;;;;
20251107;065327.896;25320.75;;25320.75;1;BID;;;;;
20251107;065327.896;25321.00;;25321.00;1;BID;;;;;
20251107;065327.976;25321.25;;25321.25;1;BID;;;;;
20251107;065327.988;;25322.25;25322.25;1;ASK;;;;;
20251107;065328.040;;25322.00;25322.00;1;ASK;;;;;
20251107;065328.040;25321.00;;25321.00;1;BID;;;;;
20251107;065328.040;25321.25;;25321.25;1;BID;;;;;
20251107;065328.040;25321.25;;25321.25;2;BID;;;;;
20251107;065328.040;;25322.00;25322.00;1;ASK;;;;;
20251107;065328.040;;25322.25;25322.25;1;ASK;;;;;
20251107;065328.040;;25322.50;25322.50;1;ASK;;;;;
20251107;065328.040;25321.50;;25321.50;1;BID;;;;;
20251107;065328.040;25321.25;;25321.25;2;BID;;;;;
20251107;065328.040;;25322.25;25322.25;1;ASK;;;;;
20251107;065328.040;;25322.50;25322.50;1;ASK;;;;;
20251107;065328.040;25321.50;;25321.50;1;BID;;;;;
20251107;065328.060;25321.75;;25321.75;1;BID;;;;;
20251107;065328.060;;25322.75;25322.75;3;ASK;;;;;
20251107;065328.060;;25322.75;25322.75;2;ASK;;;;;
20251107;065328.060;;25322.75;25322.75;1;ASK;;;;;
20251107;065328.060;;25323.00;25323.00;2;ASK;;;;;
20251107;065328.064;;25322.75;25322.75;1;ASK;;;;;
20251107;065328.440;;25322.50;25322.50;1;ASK;;;;;
20251107;065328.440;25321.50;;25321.50;1;BID;;;;;
20251107;065328.500;25321.25;;25321.25;1;BID;;;;;
20251107;065328.500;;25322.25;25322.25;1;ASK;;;;;
20251107;065328.500;25321.00;;25321.00;2;BID;;;;;
20251107;065328.500;25321.00;;25321.00;1;BID;;;;;
20251107;065328.500;;25322.00;25322.00;1;ASK;;;;;
20251107;065328.500;;25321.75;25321.75;1;ASK;;;;;
20251107;065328.500;25320.75;;25320.75;1;BID;;;;;
20251107;065328.520;25321.50;;25321.50;1;BID;;;;;
20251107;065328.520;25321.50;;25321.50;1;BID;;;;;
20251107;065328.520;25320.75;;25320.75;1;BID;;;;;
20251107;065328.520;;25321.50;25321.50;1;ASK;;;;;
20251107;065328.520;25321.00;;25321.00;1;BID;;;;;
20251107;065328.520;25320.75;;25320.75;1;BID;;;;;
20251107;065329.104;25320.50;;25320.50;3;BID;;;;;
20251107;065329.104;25320.50;;25320.50;2;BID;;;;;
20251107;065329.108;25320.75;;25320.75;1;BID;;;;;
20251107;065329.108;25321.00;;25321.00;1;BID;;;;;
20251107;065329.180;25320.75;;25320.75;1;BID;;;;;
20251107;065329.180;25320.50;;25320.50;2;BID;;;;;
20251107;065329.212;25320.75;;25320.75;1;BID;;;;;
20251107;065329.212;25321.00;;25321.00;1;BID;;;;;
20251107;065329.368;25320.50;;25320.50;2;BID;;;;;
20251107;065329.448;25320.50;;25320.50;3;BID;;;;;
20251107;065329.448;25320.75;;25320.75;1;BID;;;;;
20251107;065329.448;25320.75;;25320.75;2;BID;;;;;
20251107;065329.448;25320.75;;25320.75;1;BID;;;;;
20251107;065329.448;25320.50;;25320.50;2;BID;;;;;
20251107;065329.476;25320.75;;25320.75;1;BID;;;;;
20251107;065329.600;;25321.50;25321.50;1;ASK;;;;;
20251107;065329.600;;25322.25;25322.25;3;ASK;;;;;
20251107;065329.600;25321.00;;25321.00;1;BID;;;;;
20251107;065329.600;;25322.25;25322.25;2;ASK;;;;;
20251107;065329.600;25321.25;;25321.25;1;BID;;;;;
20251107;065329.600;25321.25;;25321.25;2;BID;;;;;
20251107;065329.600;;25322.00;25322.00;1;ASK;;;;;
20251107;065329.604;;25322.25;25322.25;2;ASK;;;;;
20251107;065329.604;;25322.25;25322.25;1;ASK;;;;;
20251107;065329.604;25321.25;;25321.25;1;BID;;;;;
20251107;065329.636;25321.00;;25321.00;1;BID;;;;;
20251107;065329.636;;25322.00;25322.00;1;ASK;;;;;
20251107;065329.636;25321.00;;25321.00;2;BID;;;;;
20251107;065329.636;;25322.25;25322.25;1;ASK;;;;;
20251107;065329.636;25321.25;;25321.25;1;BID;;;;;
20251107;065329.636;;25322.75;25322.75;2;ASK;;;;;
20251107;065329.636;25321.50;;25321.50;1;BID;;;;;
20251107;065329.636;;25322.75;25322.75;1;ASK;;;;;
20251107;065329.636;;25322.75;25322.75;2;ASK;;;;;
20251107;065329.636;;25322.50;25322.50;1;ASK;;;;;
20251107;065329.636;25321.25;;25321.25;1;BID;;;;;
20251107;065329.636;;25322.25;25322.25;1;ASK;;;;;
20251107;065329.936;25321.50;;25321.50;1;BID;;;;;
20251107;065329.936;;25322.50;25322.50;1;ASK;;;;;
20251107;065329.948;;25322.25;25322.25;1;ASK;;;;;
20251107;065329.948;25321.25;;25321.25;1;BID;;;;;
20251107;065330.904;25321.50;;25321.50;1;BID;;;;;
20251107;065330.904;;25322.50;25322.50;1;ASK;;;;;
20251107;065330.904;;25322.25;25322.25;1;ASK;;;;;
20251107;065330.904;25321.25;;25321.25;1;BID;;;;;
20251107;065332.976;25321.00;;25321.00;1;BID;;;;;
20251107;065332.976;;25322.00;25322.00;1;ASK;;;;;
20251107;065333.532;25321.25;;25321.25;1;BID;;;;;
20251107;065333.532;;25322.25;25322.25;1;ASK;;;;;
20251107;065333.532;;25322.00;25322.00;1;ASK;;;;;
20251107;065333.532;25321.00;;25321.00;1;BID;;;;;
20251107;065333.532;;25322.25;25322.25;1;ASK;;;;;
20251107;065333.532;;25322.00;25322.00;1;ASK;;;;;
20251107;065333.680;25321.25;;25321.25;1;BID;;;;;
20251107;065333.680;;25322.25;25322.25;1;ASK;;;;;
20251107;065334.304;25321.50;;25321.50;1;BID;;;;;
20251107;065334.384;25321.25;;25321.25;1;BID;;;;;
20251107;065334.984;;25322.00;25322.00;1;ASK;;;;;
20251107;065334.984;25321.00;;25321.00;1;BID;;;;;
20251107;065334.988;25321.00;;25321.00;2;BID;;;;;
20251107;065334.988;;25322.25;25322.25;1;ASK;;;;;
20251107;065334.988;25321.25;;25321.25;1;BID;;;;;
20251107;065335.232;25321.50;;25321.50;1;BID;;;;;
20251107;065335.232;;25322.50;25322.50;1;ASK;;;;;
20251107;065335.232;25321.25;;25321.25;1;BID;;;;;
20251107;065335.232;;25322.25;25322.25;1;ASK;;;;;
20251107;065335.232;25321.00;;25321.00;1;BID;;;;;
20251107;065335.340;25321.25;;25321.25;1;BID;;;;;
20251107;065335.344;;25322.25;25322.25;1;ASK;;;;;
20251107;065335.344;;25322.50;25322.50;1;ASK;;;;;
20251107;065335.344;25321.50;;25321.50;1;BID;;;;;
20251107;065335.348;;25322.25;25322.25;1;ASK;;;;;
20251107;065335.348;25321.25;;25321.25;2;BID;;;;;
20251107;065335.348;25321.25;;25321.25;1;BID;;;;;
20251107;065335.348;25321.00;;25321.00;1;BID;;;;;
20251107;065335.348;;25322.00;25322.00;1;ASK;;;;;
20251107;065335.380;25321.25;;25321.25;1;BID;;;;;
20251107;065335.476;;25322.25;25322.25;1;ASK;;;;;
20251107;065335.540;25321.00;;25321.00;1;BID;;;;;
20251107;065335.540;;25322.00;25322.00;1;ASK;;;;;
20251107;065335.576;25321.25;;25321.25;1;BID;;;;;
20251107;065335.644;25321.00;;25321.00;1;BID;;;;;
20251107;065335.700;25321.25;;25321.25;1;BID;;;;;
20251107;065335.752;25321.00;;25321.00;1;BID;;;;;
20251107;065335.792;25321.25;;25321.25;1;BID;;;;;
20251107;065335.792;;25322.25;25322.25;1;ASK;;;;;
20251107;065335.912;25321.00;;25321.00;1;BID;;;;;
20251107;065335.912;;25322.00;25322.00;1;ASK;;;;;
20251107;065335.968;25321.25;;25321.25;1;BID;;;;;
20251107;065335.968;;25322.25;25322.25;1;ASK;;;;;
20251107;065336.180;;25321.50;25321.50;2;ASK;;;;;
20251107;065336.180;25321.00;;25321.00;1;BID;;;;;
20251107;065336.180;25320.75;;25320.75;2;BID;;;;;
20251107;065336.184;25320.75;;25320.75;1;BID;;;;;
20251107;065336.200;25320.75;;25320.75;2;BID;;;;;
20251107;065336.200;25321.00;;25321.00;1;BID;;;;;
20251107;065336.648;25320.75;;25320.75;2;BID;;;;;
20251107;065336.648;25320.75;;25320.75;1;BID;;;;;
20251107;065336.992;;25321.25;25321.25;1;ASK;;;;;
20251107;065336.992;25320.75;;25320.75;1;BID;;;;;
20251107;065336.992;25320.50;;25320.50;1;BID;;;;;
20251107;065336.996;;25321.00;25321.00;1;ASK;;;;;
20251107;065337.012;;25321.25;25321.25;1;ASK;;;;;
20251107;065337.100;;25321.50;25321.50;3;ASK;;;;;
20251107;065337.104;;25321.50;25321.50;2;ASK;;;;;
20251107;065337.104;;25321.25;25321.25;1;ASK;;;;;
20251107;065337.136;25320.50;;25320.50;1;BID;;;;;
20251107;065337.136;25320.00;;25320.00;1;BID;;;;;
20251107;065337.136;;25321.00;25321.00;1;ASK;;;;;
20251107;065337.136;;25321.00;25321.00;2;ASK;;;;;
20251107;065337.136;25319.75;;25319.75;2;BID;;;;;
20251107;065337.136;25319.75;;25319.75;1;BID;;;;;
20251107;065337.136;;25320.75;25320.75;1;ASK;;;;;
20251107;065337.136;25319.50;;25319.50;1;BID;;;;;
20251107;065337.140;25319.75;;25319.75;1;BID;;;;;
20251107;065337.140;;25321.00;25321.00;1;ASK;;;;;
20251107;065337.140;25319.50;;25319.50;2;BID;;;;;
20251107;065337.140;25319.50;;25319.50;3;BID;;;;;
20251107;065337.140;25320.00;;25320.00;1;BID;;;;;
20251107;065337.140;;25320.75;25320.75;1;ASK;;;;;
20251107;065337.140;25319.50;;25319.50;4;BID;;;;;
20251107;065337.140;25319.50;;25319.50;3;BID;;;;;
20251107;065337.140;25319.50;;25319.50;2;BID;;;;;
20251107;065337.140;;25320.50;25320.50;1;ASK;;;;;
20251107;065337.140;25319.50;;25319.50;1;BID;;;;;
20251107;065337.140;25319.25;;25319.25;2;BID;;;;;
20251107;065337.140;25319.50;;25319.50;1;BID;;;;;
20251107;065337.140;;25320.75;25320.75;1;ASK;;;;;
20251107;065337.144;25319.75;;25319.75;1;BID;;;;;
20251107;065337.392;25319.75;;25319.75;2;BID;;;;;
20251107;065337.392;25319.75;;25319.75;3;BID;;;;;
20251107;065337.392;;25321.00;25321.00;1;ASK;;;;;
20251107;065337.392;25320.00;;25320.00;1;BID;;;;;
20251107;065337.396;25320.00;;25320.00;2;BID;;;;;
20251107;065337.396;25320.00;;25320.00;3;BID;;;;;
20251107;065337.396;;25320.75;25320.75;1;ASK;;;;;
20251107;065337.396;;25321.00;25321.00;1;ASK;;;;;
20251107;065337.396;25320.25;;25320.25;1;BID;;;;;
20251107;065337.396;25320.00;;25320.00;3;BID;;;;;
20251107;065337.564;;25321.25;25321.25;1;ASK;;;;;
20251107;065337.564;25320.25;;25320.25;1;BID;;;;;
20251107;065337.564;;25321.50;25321.50;2;ASK;;;;;
20251107;065337.564;25320.50;;25320.50;1;BID;;;;;
20251107;065337.564;25320.75;;25320.75;1;BID;;;;;
20251107;065337.564;25320.50;;25320.50;1;BID;;;;;
20251107;065337.568;;25321.25;25321.25;1;ASK;;;;;
20251107;065337.568;25320.25;;25320.25;1;BID;;;;;
20251107;065337.996;25320.25;;25320.25;1;BID;;;;;
20251107;065337.996;25320.00;;25320.00;2;BID;;;;;
20251107;065337.996;;25321.00;25321.00;1;ASK;;;;;
20251107;065338.000;25320.25;;25320.25;1;BID;;;;;
20251107;065338.000;;25321.25;25321.25;1;ASK;;;;;
20251107;065338.040;;25321.00;25321.00;1;ASK;;;;;
20251107;065338.148;;25321.25;25321.25;1;ASK;;;;;
20251107;065338.200;;25321.00;25321.00;1;ASK;;;;;
20251107;065338.200;25320.00;;25320.00;2;BID;;;;;
20251107;065338.252;;25321.25;25321.25;1;ASK;;;;;
20251107;065338.764;25320.00;;25320.00;3;BID;;;;;
20251107;065338.764;25320.25;;25320.25;1;BID;;;;;
20251107;065340.048;;25321.00;25321.00;1;ASK;;;;;
20251107;065340.048;25320.00;;25320.00;2;BID;;;;;
20251107;065341.488;;25320.75;25320.75;1;ASK;;;;;
20251107;065341.488;25320.00;;25320.00;1;BID;;;;;
20251107;065341.488;25319.75;;25319.75;1;BID;;;;;
20251107;065341.492;25319.50;;25319.50;2;BID;;;;;
20251107;065341.492;25319.50;;25319.50;1;BID;;;;;
20251107;065341.492;;25321.00;25321.00;1;ASK;;;;;
20251107;065341.492;25320.00;;25320.00;1;BID;;;;;
20251107;065341.492;;25321.25;25321.25;1;ASK;;;;;
20251107;065341.492;;25321.00;25321.00;1;ASK;;;;;
20251107;065341.492;25319.75;;25319.75;1;BID;;;;;
20251107;065341.492;;25320.75;25320.75;1;ASK;;;;;
20251107;065341.492;;25321.00;25321.00;1;ASK;;;;;
20251107;065341.492;25320.00;;25320.00;1;BID;;;;;
20251107;065341.500;;25320.75;25320.75;1;ASK;;;;;
20251107;065341.500;25319.75;;25319.75;1;BID;;;;;
20251107;065341.500;;25320.50;25320.50;1;ASK;;;;;
20251107;065341.500;25319.50;;25319.50;3;BID;;;;;
20251107;065341.500;25319.50;;25319.50;2;BID;;;;;
20251107;065341.500;25319.50;;25319.50;1;BID;;;;;
20251107;065341.504;25319.75;;25319.75;1;BID;;;;;
20251107;065341.508;25319.00;;25319.00;3;BID;;;;;
20251107;065341.508;;25320.25;25320.25;1;ASK;;;;;
20251107;065341.508;25319.00;;25319.00;2;BID;;;;;
20251107;065341.512;25319.25;;25319.25;1;BID;;;;;
20251107;065341.512;;25320.50;25320.50;1;ASK;;;;;
20251107;065341.512;25319.50;;25319.50;1;BID;;;;;
20251107;065341.900;25319.75;;25319.75;1;BID;;;;;
20251107;065341.900;;25320.75;25320.75;1;ASK;;;;;
20251107;065341.904;25319.50;;25319.50;1;BID;;;;;
20251107;065341.904;25319.50;;25319.50;2;BID;;;;;
20251107;065341.904;25319.75;;25319.75;1;BID;;;;;
20251107;065343.148;25319.50;;25319.50;2;BID;;;;;
20251107;065343.148;;25320.50;25320.50;1;ASK;;;;;
20251107;065343.148;25319.50;;25319.50;1;BID;;;;;
20251107;065343.152;;25320.25;25320.25;1;ASK;;;;;
20251107;065343.152;25319.25;;25319.25;2;BID;;;;;
20251107;065343.152;25319.25;;25319.25;1;BID;;;;;
20251107;065343.152;;25320.50;25320.50;1;ASK;;;;;
20251107;065343.152;25319.50;;25319.50;1;BID;;;;;
20251107;065343.152;;25320.25;25320.25;1;ASK;;;;;
20251107;065343.152;;25320.50;25320.50;1;ASK;;;;;
20251107;065343.376;;25320.75;25320.75;1;ASK;;;;;
20251107;065343.376;25319.75;;25319.75;1;BID;;;;;
20251107;065344.044;25320.00;;25320.00;1;BID;;;;;
20251107;065344.044;;25321.00;25321.00;2;ASK;;;;;
20251107;065344.044;;25321.00;25321.00;1;ASK;;;;;
20251107;065344.188;25320.00;;25320.00;2;BID;;;;;
20251107;065344.188;25320.25;;25320.25;1;BID;;;;;
20251107;065344.188;;25321.25;25321.25;1;ASK;;;;;
20251107;065344.204;;25321.00;25321.00;1;ASK;;;;;
20251107;065344.204;25320.00;;25320.00;2;BID;;;;;
20251107;065344.204;;25320.75;25320.75;1;ASK;;;;;
20251107;065344.204;25320.00;;25320.00;1;BID;;;;;
20251107;065344.204;25319.75;;25319.75;2;BID;;;;;
20251107;065344.204;25319.75;;25319.75;1;BID;;;;;
20251107;065344.204;;25320.50;25320.50;1;ASK;;;;;
20251107;065344.204;25319.50;;25319.50;2;BID;;;;;
20251107;065344.208;;25320.50;25320.50;2;ASK;;;;;
20251107;065344.208;;25320.50;25320.50;1;ASK;;;;;
20251107;065344.208;25319.50;;25319.50;1;BID;;;;;
20251107;065344.208;;25320.75;25320.75;1;ASK;;;;;
20251107;065344.208;25319.25;;25319.25;1;BID;;;;;
20251107;065344.208;;25320.25;25320.25;1;ASK;;;;;
20251107;065344.208;25319.50;;25319.50;1;BID;;;;;
20251107;065344.208;;25320.75;25320.75;1;ASK;;;;;
20251107;065344.208;;25320.50;25320.50;1;ASK;;;;;
20251107;065344.244;;25320.25;25320.25;1;ASK;;;;;
20251107;065344.244;25319.25;;25319.25;1;BID;;;;;
20251107;065344.244;25319.50;;25319.50;1;BID;;;;;
20251107;065344.244;;25320.50;25320.50;1;ASK;;;;;
20251107;065344.244;25319.25;;25319.25;1;BID;;;;;
20251107;065344.244;;25320.25;25320.25;1;ASK;;;;;
20251107;065344.244;;25320.50;25320.50;1;ASK;;;;;
20251107;065344.244;25319.50;;25319.50;1;BID;;;;;
20251107;065344.244;25319.25;;25319.25;1;BID;;;;;
20251107;065344.244;25319.25;;25319.25;2;BID;;;;;
20251107;065344.244;25319.50;;25319.50;1;BID;;;;;
20251107;065344.244;;25320.25;25320.25;1;ASK;;;;;
20251107;065344.244;25319.25;;25319.25;2;BID;;;;;
20251107;065344.852;;25320.50;25320.50;1;ASK;;;;;
20251107;065344.852;25319.50;;25319.50;1;BID;;;;;
20251107;065345.912;25319.50;;25319.50;2;BID;;;;;
20251107;065348.852;25319.75;;25319.75;1;BID;;;;;
20251107;065348.852;;25320.75;25320.75;1;ASK;;;;;
20251107;065348.856;;25320.75;25320.75;2;ASK;;;;;
20251107;065348.856;25319.50;;25319.50;2;BID;;;;;
20251107;065348.856;;25320.50;25320.50;1;ASK;;;;;
20251107;065348.856;25319.50;;25319.50;3;BID;;;;;
20251107;065348.856;;25320.25;25320.25;1;ASK;;;;;
20251107;065348.856;25319.50;;25319.50;2;BID;;;;;
20251107;065348.856;;25320.50;25320.50;1;ASK;;;;;
20251107;065348.856;25319.50;;25319.50;1;BID;;;;;
20251107;065349.032;;25320.50;25320.50;2;ASK;;;;;
20251107;065349.488;;25320.25;25320.25;1;ASK;;;;;
20251107;065349.488;;25320.50;25320.50;2;ASK;;;;;
20251107;065349.488;;25320.50;25320.50;1;ASK;;;;;
20251107;065349.588;25319.50;;25319.50;1;BID;;;;;
20251107;065349.588;25319.25;;25319.25;3;BID;;;;;
20251107;065349.588;;25320.25;25320.25;1;ASK;;;;;
20251107;065349.588;25319.25;;25319.25;2;BID;;;;;
20251107;065349.588;25319.25;;25319.25;1;BID;;;;;
20251107;065349.588;25319.00;;25319.00;1;BID;;;;;
20251107;065349.588;;25320.00;25320.00;1;ASK;;;;;
20251107;065349.588;25318.75;;25318.75;2;BID;;;;;
20251107;065349.592;25319.00;;25319.00;1;BID;;;;;
20251107;065349.592;;25320.25;25320.25;1;ASK;;;;;
20251107;065349.592;;25320.50;25320.50;1;ASK;;;;;
20251107;065349.592;;25320.50;25320.50;2;ASK;;;;;
20251107;065349.592;;25320.25;25320.25;1;ASK;;;;;
20251107;065349.592;;25320.00;25320.00;1;ASK;;;;;
20251107;065349.592;25319.25;;25319.25;1;BID;;;;;
20251107;065349.592;;25320.25;25320.25;1;ASK;;;;;
20251107;065349.596;25319.00;;25319.00;1;BID;;;;;
20251107;065349.596;;25320.00;25320.00;1;ASK;;;;;
20251107;065349.596;;25320.25;25320.25;1;ASK;;;;;
20251107;065349.596;25319.25;;25319.25;1;BID;;;;;
20251107;065349.616;;25320.00;25320.00;1;ASK;;;;;
20251107;065349.616;25319.00;;25319.00;1;BID;;;;;
20251107;065349.624;;25319.75;25319.75;1;ASK;;;;;
20251107;065349.624;25318.75;;25318.75;2;BID;;;;;
20251107;065349.624;25318.75;;25318.75;1;BID;;;;;
20251107;065349.624;25319.00;;25319.00;1;BID;;;;;
20251107;065349.624;;25320.25;25320.25;1;ASK;;;;;
20251107;065349.624;25319.25;;25319.25;1;BID;;;;;
20251107;065349.624;;25320.00;25320.00;1;ASK;;;;;
20251107;065349.624;25319.00;;25319.00;1;BID;;;;;
20251107;065350.548;25319.00;;25319.00;1;BID;;;;;
20251107;065350.548;25318.75;;25318.75;1;BID;;;;;
20251107;065350.548;25318.50;;25318.50;1;BID;;;;;
20251107;065350.548;25318.50;;25318.50;3;BID;;;;;
20251107;065350.548;;25319.75;25319.75;1;ASK;;;;;
20251107;065350.548;25318.50;;25318.50;2;BID;;;;;
20251107;065350.548;;25319.75;25319.75;2;ASK;;;;;
20251107;065350.548;;25319.50;25319.50;1;ASK;;;;;
20251107;065350.548;25318.50;;25318.50;1;BID;;;;;
20251107;065350.548;25318.75;;25318.75;1;BID;;;;;
20251107;065350.548;;25319.75;25319.75;1;ASK;;;;;
20251107;065350.548;;25320.00;25320.00;2;ASK;;;;;
20251107;065350.548;25318.50;;25318.50;1;BID;;;;;
20251107;065350.548;;25320.00;25320.00;1;ASK;;;;;
20251107;065350.548;25318.75;;25318.75;1;BID;;;;;
20251107;065350.556;;25319.75;25319.75;1;ASK;;;;;
20251107;065350.556;;25320.00;25320.00;1;ASK;;;;;
20251107;065350.568;;25319.75;25319.75;1;ASK;;;;;
20251107;065350.568;;25319.75;25319.75;2;ASK;;;;;
20251107;065350.584;;25319.50;25319.50;1;ASK;;;;;
20251107;065350.584;25318.50;;25318.50;1;BID;;;;;
20251107;065350.584;;25320.00;25320.00;2;ASK;;;;;
20251107;065350.584;25318.50;;25318.50;2;BID;;;;;
20251107;065350.584;25318.75;;25318.75;1;BID;;;;;
20251107;065350.584;;25320.00;25320.00;1;ASK;;;;;
20251107;065350.584;;25319.75;25319.75;1;ASK;;;;;
20251107;065350.584;;25320.00;25320.00;1;ASK;;;;;
20251107;065350.584;25319.00;;25319.00;1;BID;;;;;
20251107;065350.648;;25319.75;25319.75;1;ASK;;;;;
20251107;065350.648;25318.75;;25318.75;2;BID;;;;;
20251107;065350.860;;25320.00;25320.00;1;ASK;;;;;
20251107;065350.860;25319.00;;25319.00;1;BID;;;;;
20251107;065350.872;;25320.25;25320.25;1;ASK;;;;;
20251107;065350.872;;25320.00;25320.00;1;ASK;;;;;
20251107;065350.872;25319.25;;25319.25;1;BID;;;;;
20251107;065350.888;25319.00;;25319.00;1;BID;;;;;
20251107;065351.576;25318.75;;25318.75;2;BID;;;;;
20251107;065351.576;;25319.75;25319.75;1;ASK;;;;;
20251107;065351.588;25319.00;;25319.00;1;BID;;;;;
20251107;065351.588;;25320.00;25320.00;1;ASK;;;;;
20251107;065351.588;;25320.25;25320.25;1;ASK;;;;;
20251107;065351.592;;25320.00;25320.00;1;ASK;;;;;
20251107;065351.660;;25319.75;25319.75;1;ASK;;;;;
20251107;065351.660;25318.75;;25318.75;2;BID;;;;;
20251107;065351.712;;25320.00;25320.00;1;ASK;;;;;
20251107;065351.712;25319.00;;25319.00;1;BID;;;;;
20251107;065351.760;;25319.75;25319.75;1;ASK;;;;;
20251107;065351.760;25318.75;;25318.75;2;BID;;;;;
20251107;065351.764;25319.00;;25319.00;1;BID;;;;;
20251107;065351.764;;25320.00;25320.00;1;ASK;;;;;
20251107;065351.820;;25319.75;25319.75;1;ASK;;;;;
20251107;065351.820;25318.75;;25318.75;2;BID;;;;;
20251107;065351.872;;25320.00;25320.00;1;ASK;;;;;
20251107;065351.924;;25319.75;25319.75;1;ASK;;;;;
20251107;065351.936;;25320.00;25320.00;1;ASK;;;;;
20251107;065351.936;25319.00;;25319.00;1;BID;;;;;
20251107;065351.948;;25320.00;25320.00;2;ASK;;;;;
20251107;065351.948;;25319.75;25319.75;1;ASK;;;;;
20251107;065351.948;25318.75;;25318.75;2;BID;;;;;
20251107;065351.948;;25320.00;25320.00;2;ASK;;;;;
20251107;065351.956;25319.00;;25319.00;1;BID;;;;;
20251107;065351.956;;25320.00;25320.00;1;ASK;;;;;
20251107;065351.976;;25319.75;25319.75;1;ASK;;;;;
20251107;065351.976;25318.75;;25318.75;2;BID;;;;;
20251107;065352.032;;25320.00;25320.00;1;ASK;;;;;
20251107;065352.032;25319.00;;25319.00;1;BID;;;;;
20251107;065352.084;;25319.75;25319.75;1;ASK;;;;;
20251107;065352.084;25318.75;;25318.75;2;BID;;;;;
20251107;065352.136;;25320.00;25320.00;1;ASK;;;;;
20251107;065352.136;25319.00;;25319.00;1;BID;;;;;
20251107;065352.188;;25319.75;25319.75;1;ASK;;;;;
20251107;065352.188;25318.75;;25318.75;2;BID;;;;;
20251107;065352.220;;25320.00;25320.00;1;ASK;;;;;
20251107;065352.220;;25319.75;25319.75;1;ASK;;;;;
20251107;065352.220;25318.75;;25318.75;1;BID;;;;;
20251107;065352.220;25318.50;;25318.50;3;BID;;;;;
20251107;065352.220;25318.50;;25318.50;2;BID;;;;;
20251107;065352.220;25318.75;;25318.75;1;BID;;;;;
20251107;065352.220;;25320.00;25320.00;1;ASK;;;;;
20251107;065352.220;25319.00;;25319.00;1;BID;;;;;
20251107;065352.224;;25319.75;25319.75;1;ASK;;;;;
20251107;065352.224;25318.75;;25318.75;1;BID;;;;;
20251107;065352.224;;25319.50;25319.50;1;ASK;;;;;
20251107;065352.224;25318.50;;25318.50;3;BID;;;;;
20251107;065352.224;25318.50;;25318.50;2;BID;;;;;
20251107;065352.228;25318.50;;25318.50;1;BID;;;;;
20251107;065352.272;25319.25;;25319.25;1;BID;;;;;
20251107;065352.276;25319.25;;25319.25;1;BID;;;;;
20251107;065352.276;25318.50;;25318.50;1;BID;;;;;
20251107;065352.276;;25319.75;25319.75;1;ASK;;;;;
20251107;065352.276;;25320.00;25320.00;2;ASK;;;;;
20251107;065352.276;25318.75;;25318.75;1;BID;;;;;
20251107;065352.276;;25320.00;25320.00;1;ASK;;;;;
20251107;065352.276;;25320.00;25320.00;2;ASK;;;;;
20251107;065352.276;;25319.75;25319.75;1;ASK;;;;;
20251107;065352.276;25318.50;;25318.50;1;BID;;;;;
20251107;065352.276;;25319.50;25319.50;1;ASK;;;;;
20251107;065352.280;;25319.25;25319.25;1;ASK;;;;;
20251107;065352.704;;25319.50;25319.50;1;ASK;;;;;
20251107;065352.704;;25319.75;25319.75;1;ASK;;;;;
20251107;065352.776;;25319.50;25319.50;1;ASK;;;;;
20251107;065352.776;;25319.25;25319.25;1;ASK;;;;;
20251107;065352.828;;25319.75;25319.75;1;ASK;;;;;
20251107;065352.828;;25319.50;25319.50;1;ASK;;;;;
20251107;065353.032;;25319.25;25319.25;1;ASK;;;;;
20251107;065353.032;;25319.00;25319.00;1;ASK;;;;;
20251107;065353.036;;25319.25;25319.25;1;ASK;;;;;
20251107;065353.036;;25319.50;25319.50;2;ASK;;;;;
20251107;065353.036;;25319.50;25319.50;1;ASK;;;;;
20251107;065353.036;;25319.25;25319.25;1;ASK;;;;;
20251107;065355.152;;25319.50;25319.50;1;ASK;;;;;
20251107;065355.152;25318.75;;25318.75;1;BID;;;;;
20251107;065355.152;;25319.75;25319.75;1;ASK;;;;;
20251107;065355.156;25318.50;;25318.50;1;BID;;;;;
20251107;065355.156;;25319.50;25319.50;1;ASK;;;;;
20251107;065355.156;25318.50;;25318.50;2;BID;;;;;
20251107;065355.156;;25319.75;25319.75;1;ASK;;;;;
20251107;065355.156;25318.75;;25318.75;1;BID;;;;;
20251107;065355.172;;25320.00;25320.00;2;ASK;;;;;
20251107;065355.172;25319.00;;25319.00;1;BID;;;;;
20251107;065355.172;;25320.00;25320.00;1;ASK;;;;;
20251107;065355.396;25318.75;;25318.75;1;BID;;;;;
20251107;065355.396;;25319.75;25319.75;1;ASK;;;;;
20251107;065356.024;;25319.75;25319.75;1;ASK;;;;;
20251107;065356.024;;25320.00;25320.00;1;ASK;;;;;
20251107;065356.024;25319.00;;25319.00;1;BID;;;;;
20251107;065356.196;25319.25;;25319.25;1;BID;;;;;
20251107;065356.196;;25320.25;25320.25;2;ASK;;;;;
20251107;065356.196;;25320.25;25320.25;1;ASK;;;;;
20251107;065356.196;;25320.00;25320.00;1;ASK;;;;;
20251107;065356.196;25319.00;;25319.00;1;BID;;;;;
20251107;065356.304;;25320.25;25320.25;2;ASK;;;;;
20251107;065356.304;;25320.25;25320.25;1;ASK;;;;;
20251107;065356.304;25319.25;;25319.25;1;BID;;;;;
20251107;065356.308;25319.00;;25319.00;1;BID;;;;;
20251107;065356.308;;25320.00;25320.00;1;ASK;;;;;
20251107;065356.308;25319.25;;25319.25;1;BID;;;;;
20251107;065356.308;;25320.25;25320.25;1;ASK;;;;;
20251107;065356.320;;25320.00;25320.00;1;ASK;;;;;
20251107;065356.320;25319.00;;25319.00;1;BID;;;;;
20251107;065356.344;25318.75;;25318.75;1;BID;;;;;
20251107;065356.344;25319.00;;25319.00;1;BID;;;;;
20251107;065356.344;;25320.25;25320.25;1;ASK;;;;;
20251107;065356.344;25319.25;;25319.25;1;BID;;;;;
20251107;065356.360;;25320.00;25320.00;1;ASK;;;;;
20251107;065356.360;25319.00;;25319.00;1;BID;;;;;
20251107;065356.372;;25320.25;25320.25;1;ASK;;;;;
20251107;065356.372;25319.25;;25319.25;1;BID;;;;;
20251107;065356.616;25319.00;;25319.00;2;BID;;;;;
20251107;065356.616;;25320.00;25320.00;1;ASK;;;;;
20251107;065356.616;;25320.25;25320.25;1;ASK;;;;;
20251107;065356.616;25319.25;;25319.25;1;BID;;;;;
20251107;065356.616;25319.00;;25319.00;2;BID;;;;;
20251107;065356.616;;25320.00;25320.00;1;ASK;;;;;
20251107;065356.616;25319.25;;25319.25;1;BID;;;;;
20251107;065356.616;25319.00;;25319.00;2;BID;;;;;
20251107;065356.616;;25320.25;25320.25;1;ASK;;;;;
20251107;065356.616;25319.25;;25319.25;1;BID;;;;;
20251107;065357.020;25319.00;;25319.00;2;BID;;;;;
20251107;065357.020;;25320.00;25320.00;1;ASK;;;;;
20251107;065357.024;;25320.25;25320.25;1;ASK;;;;;
20251107;065357.024;25319.25;;25319.25;1;BID;;;;;
20251107;065357.196;;25320.00;25320.00;1;ASK;;;;;
20251107;065357.196;25319.00;;25319.00;2;BID;;;;;
20251107;065357.196;25319.00;;25319.00;1;BID;;;;;
20251107;065357.196;;25319.75;25319.75;1;ASK;;;;;
20251107;065357.196;;25320.00;25320.00;1;ASK;;;;;
20251107;065357.220;;25320.25;25320.25;1;ASK;;;;;
20251107;065357.220;25319.25;;25319.25;1;BID;;;;;
20251107;065357.220;;25320.50;25320.50;3;ASK;;;;;
20251107;065357.220;25319.50;;25319.50;1;BID;;;;;
20251107;065357.220;;25320.50;25320.50;2;ASK;;;;;
20251107;065357.220;;25320.25;25320.25;1;ASK;;;;;
20251107;065357.220;25319.25;;25319.25;1;BID;;;;;
20251107;065357.232;25319.00;;25319.00;1;BID;;;;;
20251107;065357.232;;25320.00;25320.00;1;ASK;;;;;
20251107;065357.704;25319.25;;25319.25;1;BID;;;;;
20251107;065357.704;;25320.25;25320.25;1;ASK;;;;;
20251107;065357.704;;25320.50;25320.50;2;ASK;;;;;
20251107;065357.704;25319.50;;25319.50;1;BID;;;;;
20251107;065357.788;25319.50;;25319.50;1;BID;;;;;
20251107;065357.788;25319.25;;25319.25;1;BID;;;;;
20251107;065357.788;25319.00;;25319.00;1;BID;;;;;
20251107;065357.788;25319.00;;25319.00;1;BID;;;;;
20251107;065357.788;;25320.25;25320.25;1;ASK;;;;;
20251107;065357.788;25318.75;;25318.75;2;BID;;;;;
20251107;065357.788;;25320.25;25320.25;2;ASK;;;;;
20251107;065357.788;;25320.25;25320.25;3;ASK;;;;;
20251107;065357.788;;25320.00;25320.00;1;ASK;;;;;
20251107;065357.788;25319.25;;25319.25;1;BID;;;;;
20251107;065357.792;25318.75;;25318.75;2;BID;;;;;
20251107;065357.792;25319.00;;25319.00;1;BID;;;;;
20251107;065357.832;;25319.75;25319.75;1;ASK;;;;;
20251107;065357.832;25318.75;;25318.75;2;BID;;;;;
20251107;065357.832;25319.00;;25319.00;1;BID;;;;;
20251107;065357.872;25318.75;;25318.75;2;BID;;;;;
20251107;065357.872;25319.00;;25319.00;1;BID;;;;;
20251107;065357.872;25318.75;;25318.75;2;BID;;;;;
20251107;065357.936;;25320.00;25320.00;1;ASK;;;;;
20251107;065357.936;25319.00;;25319.00;1;BID;;;;;
20251107;065357.936;25319.25;;25319.25;1;BID;;;;;
20251107;065357.936;;25320.25;25320.25;3;ASK;;;;;
20251107;065357.936;;25320.25;25320.25;2;ASK;;;;;
20251107;065357.956;;25320.00;25320.00;1;ASK;;;;;
20251107;065357.956;25319.00;;25319.00;1;BID;;;;;
20251107;065357.956;;25320.00;25320.00;2;ASK;;;;;
20251107;065357.956;25318.75;;25318.75;2;BID;;;;;
20251107;065357.956;;25319.75;25319.75;1;ASK;;;;;
20251107;065357.960;;25320.00;25320.00;2;ASK;;;;;
20251107;065357.960;25319.00;;25319.00;1;BID;;;;;
20251107;065357.976;;25320.00;25320.00;1;ASK;;;;;
20251107;065357.988;;25319.75;25319.75;1;ASK;;;;;
20251107;065357.988;25318.75;;25318.75;2;BID;;;;;
20251107;065357.996;;25320.00;25320.00;1;ASK;;;;;
20251107;065357.996;25319.00;;25319.00;1;BID;;;;;
20251107;065357.996;;25320.25;25320.25;3;ASK;;;;;
20251107;065357.996;;25320.25;25320.25;2;ASK;;;;;
20251107;065357.996;;25320.00;25320.00;1;ASK;;;;;
20251107;065358.008;25318.75;;25318.75;2;BID;;;;;
20251107;065358.184;25318.75;;25318.75;3;BID;d_shape;LONG;25318.75;;
20251107;065358.184;25319.00;;25319.00;1;BID;;;;;
20251107;065358.184;;25320.25;25320.25;2;ASK;;;;;
20251107;065358.200;;25320.25;25320.25;3;ASK;;;;;
20251107;065358.256;;25320.00;25320.00;1;ASK;;;;;
20251107;065358.256;25318.75;;25318.75;2;BID;;;;;
20251107;065358.308;;25320.25;25320.25;2;ASK;;;;;
20251107;065358.308;25319.00;;25319.00;1;BID;;;;;
20251107;065358.360;;25320.00;25320.00;1;ASK;;;;;
20251107;065358.416;;25320.25;25320.25;2;ASK;;;;;
20251107;065358.468;;25320.00;25320.00;1;ASK;;;;;
20251107;065358.468;;25319.75;25319.75;1;ASK;;;;;
20251107;065358.468;25318.75;;25318.75;2;BID;;;;;
20251107;065358.496;;25319.75;25319.75;2;ASK;;;;;
20251107;065358.500;25319.00;;25319.00;1;BID;;;;;
20251107;065358.500;;25319.75;25319.75;1;ASK;;;;;
20251107;065358.688;25318.75;;25318.75;2;BID;;;;;
20251107;065358.688;25318.75;;25318.75;1;BID;;;;;
20251107;065358.688;;25319.50;25319.50;1;ASK;;;;;
20251107;065358.688;25318.50;;25318.50;3;BID;;;;;
20251107;065358.688;;25319.50;25319.50;2;ASK;;;;;
20251107;065358.688;25318.50;;25318.50;2;BID;;;;;
20251107;065358.688;;25319.25;25319.25;1;ASK;;;;;
20251107;065358.688;;25319.25;25319.25;2;ASK;;;;;
20251107;065358.688;;25319.25;25319.25;1;ASK;;;;;
20251107;065359.740;25318.50;;25318.50;3;BID;;;;;
20251107;065359.740;25318.75;;25318.75;1;BID;;;;;
20251107;065359.740;;25319.25;25319.25;1;ASK;;;;;
20251107;065359.740;;25320.25;25320.25;2;ASK;;;;;
20251107;065359.740;25319.00;;25319.00;1;BID;;;;;
20251107;065359.744;25319.25;;25319.25;1;BID;;;;;
20251107;065359.744;;25320.25;25320.25;1;ASK;;;;;
20251107;065359.796;;25320.00;25320.00;1;ASK;;;;;
20251107;065359.844;;25320.00;25320.00;1;ASK;;;;;
20251107;065359.844;;25320.25;25320.25;1;ASK;;;;;
20251107;065359.844;25319.50;;25319.50;1;BID;;;;;
20251107;065359.844;;25320.50;25320.50;2;ASK;;;;;
20251107;065359.844;;25320.50;25320.50;1;ASK;;;;;
20251107;065359.844;;25320.25;25320.25;1;ASK;;;;;
20251107;065359.844;25319.25;;25319.25;1;BID;;;;;
20251107;065359.844;25319.00;;25319.00;1;BID;;;;;
20251107;065359.844;;25320.00;25320.00;1;ASK;;;;;
20251107;065359.848;25319.00;;25319.00;2;BID;;;;;
20251107;065359.848;25319.25;;25319.25;1;BID;;;;;
20251107;065359.848;;25320.25;25320.25;1;ASK;;;;;
20251107;065359.956;25319.50;;25319.50;1;BID;;;;;
20251107;065359.956;;25320.50;25320.50;1;ASK;;;;;
20251107;065359.960;;25320.25;25320.25;1;ASK;;;;;
20251107;065359.988;25319.25;;25319.25;1;BID;;;;;
20251107;065400.088;;25320.50;25320.50;1;ASK;;;;;
20251107;065400.088;25319.25;;25319.25;2;BID;;;;;
20251107;065400.088;25319.50;;25319.50;1;BID;;;;;
20251107;065400.088;25319.50;;25319.50;2;BID;;;;;
20251107;065400.116;25319.50;;25319.50;1;BID;;;;;
20251107;065400.116;;25320.25;25320.25;1;ASK;;;;;
20251107;065400.116;25319.25;;25319.25;2;BID;;;;;
20251107;065400.116;25319.25;;25319.25;1;BID;;;;;
20251107;065400.116;25319.50;;25319.50;1;BID;;;;;
20251107;065400.116;;25320.50;25320.50;1;ASK;;;;;
20251107;065400.116;;25321.00;25321.00;3;ASK;;;;;
20251107;065400.116;25319.75;;25319.75;1;BID;;;;;
20251107;065400.116;;25321.00;25321.00;2;ASK;;;;;
20251107;065400.116;;25321.00;25321.00;3;ASK;;;;;
20251107;065400.116;;25320.75;25320.75;1;ASK;;;;;
20251107;065400.116;25319.50;;25319.50;1;BID;;;;;
20251107;065400.116;25319.25;;25319.25;1;BID;;;;;
20251107;065400.120;;25320.50;25320.50;1;ASK;;;;;
20251107;065400.120;;25320.25;25320.25;1;ASK;;;;;
20251107;065400.124;25319.25;;25319.25;2;BID;;;;;
20251107;065400.124;25319.50;;25319.50;1;BID;;;;;
20251107;065400.124;;25320.50;25320.50;1;ASK;;;;;
20251107;065400.552;25319.50;;25319.50;1;BID;;;;;
20251107;065400.552;25319.25;;25319.25;2;BID;;;;;
20251107;065400.552;;25320.25;25320.25;1;ASK;;;;;
20251107;065400.552;25319.25;;25319.25;1;BID;;;;;
20251107;065400.552;;25320.50;25320.50;1;ASK;;;;;
20251107;065400.564;25319.25;;25319.25;2;BID;;;;;
20251107;065400.564;25319.50;;25319.50;1;BID;;;;;
20251107;065400.588;;25320.25;25320.25;1;ASK;;;;;
20251107;065400.588;25319.25;;25319.25;2;BID;;;;;
20251107;065400.588;25319.25;;25319.25;1;BID;;;;;
20251107;065400.604;25319.25;;25319.25;2;BID;;;;;
20251107;065400.604;;25320.50;25320.50;1;ASK;;;;;
20251107;065400.604;25319.25;;25319.25;1;BID;;;;;
20251107;065400.604;25319.50;;25319.50;1;BID;;;;;
20251107;065400.604;;25320.25;25320.25;1;ASK;;;;;
20251107;065400.604;25319.25;;25319.25;1;BID;;;;;
20251107;065400.928;25319.00;;25319.00;3;BID;;;;;
20251107;065400.928;25319.00;;25319.00;2;BID;;;;;
20251107;065400.928;25319.00;;25319.00;1;BID;;;;;
20251107;065400.932;25319.25;;25319.25;1;BID;;;;;
20251107;065401.276;;25320.00;25320.00;1;ASK;;;;;
20251107;065401.276;25319.00;;25319.00;1;BID;;;;;
20251107;065401.728;25319.00;;25319.00;2;BID;;;;;
20251107;065401.728;25319.25;;25319.25;1;BID;;;;;
20251107;065401.728;;25320.25;25320.25;1;ASK;;;;;
20251107;065401.728;;25320.00;25320.00;1;ASK;;;;;
20251107;065401.728;25319.00;;25319.00;1;BID;;;;;
20251107;065401.728;;25320.25;25320.25;1;ASK;;;;;
20251107;065401.736;25319.00;;25319.00;1;BID;;;;;
20251107;065401.736;25318.75;;25318.75;3;BID;;;;;
20251107;065401.736;;25320.00;25320.00;1;ASK;;;;;
20251107;065401.736;25318.75;;25318.75;2;BID;;;;;
20251107;065401.736;;25320.00;25320.00;2;ASK;;;;;
20251107;065401.736;25318.75;;25318.75;1;BID;;;;;
20251107;065401.736;;25319.75;25319.75;1;ASK;;;;;
20251107;065401.736;25318.50;;25318.50;2;BID;;;;;
20251107;065401.736;;25319.50;25319.50;1;ASK;;;;;
20251107;065401.736;;25319.75;25319.75;1;ASK;;;;;
20251107;065401.736;;25319.75;25319.75;2;ASK;;;;;
20251107;065401.736;;25319.50;25319.50;1;ASK;;;;;
20251107;065401.740;;25319.25;25319.25;1;ASK;;;;;
20251107;065401.740;;25319.50;25319.50;1;ASK;;;;;
20251107;065401.740;;25319.25;25319.25;1;ASK;;;;;
20251107;065401.748;;25319.00;25319.00;1;ASK;;;;;
20251107;065401.748;25318.50;;25318.50;1;BID;;;;;
20251107;065401.748;25318.50;;25318.50;1;BID;;;;;
20251107;065401.748;25318.25;;25318.25;1;BID;;;;;
20251107;065401.748;;25319.25;25319.25;1;ASK;;;;;
20251107;065401.748;;25318.75;25318.75;1;ASK;;;;;
20251107;065401.748;25318.00;;25318.00;1;BID;;;;;
20251107;065401.748;;25319.25;25319.25;1;ASK;;;;;
20251107;065401.748;25317.75;;25317.75;3;BID;;;;;
20251107;065401.748;25317.75;;25317.75;2;BID;;;;;
20251107;065401.748;;25319.00;25319.00;1;ASK;;;;;
20251107;065401.752;25318.00;;25318.00;1;BID;;;;;
20251107;065401.752;25318.25;;25318.25;1;BID;;;;;
20251107;065401.752;;25319.25;25319.25;1;ASK;;;;;
20251107;065401.896;;25319.00;25319.00;1;ASK;;;;;
20251107;065401.896;25318.00;;25318.00;1;BID;;;;;
20251107;065401.896;25317.75;;25317.75;1;BID;;;;;
20251107;065401.896;25317.50;;25317.50;3;BID;;;;;
20251107;065401.896;25317.50;;25317.50;4;BID;;;;;
20251107;065401.896;25317.50;;25317.50;3;BID;;;;;
20251107;065401.896;25318.00;;25318.00;1;BID;;;;;
20251107;065401.896;;25318.75;25318.75;1;ASK;;;;;
20251107;065401.896;;25319.25;25319.25;1;ASK;;;;;
20251107;065401.896;;25319.00;25319.00;1;ASK;;;;;
20251107;065401.896;25317.50;;25317.50;3;BID;;;;;
20251107;065401.896;;25318.75;25318.75;1;ASK;;;;;
20251107;065401.896;25317.50;;25317.50;2;BID;;;;;
20251107;065401.896;25317.75;;25317.75;1;BID;;;;;
20251107;065401.896;;25319.00;25319.00;1;ASK;;;;;
20251107;065401.916;25318.00;;25318.00;1;BID;;;;;
20251107;065401.936;;25318.75;25318.75;1;ASK;;;;;
20251107;065401.936;25317.75;;25317.75;1;BID;;;;;
20251107;065402.036;25318.00;;25318.00;1;BID;;;;;
20251107;065402.036;;25319.00;25319.00;1;ASK;;;;;
20251107;065402.036;25317.75;;25317.75;1;BID;;;;;
20251107;065402.036;;25318.75;25318.75;1;ASK;;;;;
20251107;065402.036;25318.00;;25318.00;1;BID;;;;;
20251107;065402.036;;25319.00;25319.00;1;ASK;;;;;
20251107;065402.036;25317.75;;25317.75;1;BID;;;;;
20251107;065402.040;;25318.75;25318.75;1;ASK;;;;;
20251107;065402.192;;25319.00;25319.00;1;ASK;;;;;
20251107;065402.192;25318.00;;25318.00;1;BID;;;;;
20251107;065402.536;25317.75;;25317.75;1;BID;;;;;
20251107;065402.536;;25318.75;25318.75;1;ASK;;;;;
20251107;065402.544;;25319.00;25319.00;1;ASK;;;;;
20251107;065402.544;25318.00;;25318.00;1;BID;;;;;
20251107;065402.552;25317.75;;25317.75;1;BID;;;;;
20251107;065402.580;;25318.75;25318.75;1;ASK;;;;;
20251107;065402.972;25317.50;;25317.50;3;BID;;;;;
20251107;065402.972;;25318.50;25318.50;1;ASK;;;;;
20251107;065402.972;25317.50;;25317.50;2;BID;;;;;
20251107;065402.972;25317.50;;25317.50;1;BID;;;;;
20251107;065402.972;25317.25;;25317.25;2;BID;;;;;
20251107;065402.972;25317.25;;25317.25;1;BID;;;;;
20251107;065402.972;25317.25;;25317.25;2;BID;;;;;
20251107;065402.972;25317.50;;25317.50;1;BID;;;;;
20251107;065402.972;;25318.75;25318.75;1;ASK;;;;;
20251107;065402.972;25317.75;;25317.75;1;BID;;;;;
