date;time;bid;ask;price;volume;side;shape;order_type;entry_price;exit_price;exit_tag
20251107;063459.580;;25304.25;25304.25;1;ASK;;;;;
20251107;063459.580;;25305.25;25305.25;1;ASK;;;;;
20251107;063459.580;25304.25;;25304.25;1;BID;;;;;
20251107;063459.580;;25305.25;25305.25;2;ASK;;;;;
20251107;063459.580;;25305.25;25305.25;1;ASK;;;;;
20251107;063459.580;;25305.00;25305.00;1;ASK;;;;;
20251107;063459.580;25304.00;;25304.00;2;BID;;;;;
20251107;063459.604;;25305.25;25305.25;1;ASK;;;;;
20251107;063459.656;25304.25;;25304.25;1;BID;;;;;
20251107;063459.656;;25305.50;25305.50;3;ASK;;;;;
20251107;063459.656;;25305.50;25305.50;2;ASK;;;;;
20251107;063459.660;;25305.25;25305.25;1;ASK;;;;;
20251107;063459.660;25304.00;;25304.00;2;BID;;;;;
20251107;063500.708;;25305.00;25305.00;1;ASK;;;;;
20251107;063500.708;25304.00;;25304.00;1;BID;;;;;
20251107;063501.004;;25305.25;25305.25;1;ASK;;;;;
20251107;063501.684;25304.25;;25304.25;1;BID;;;;;
20251107;063501.684;;25305.50;25305.50;3;ASK;;;;;
20251107;063501.688;;25305.50;25305.50;2;ASK;;;;;
20251107;063501.688;;25305.25;25305.25;1;ASK;;;;;
20251107;063501.688;;25305.50;25305.50;1;ASK;;;;;
20251107;063501.688;;25305.75;25305.75;1;ASK;;;;;
20251107;063501.688;25304.50;;25304.50;1;BID;;;;;
20251107;063501.688;;25305.50;25305.50;1;ASK;;;;;
20251107;063501.688;25304.25;;25304.25;1;BID;;;;;
20251107;063501.716;;25305.25;25305.25;1;ASK;;;;;
20251107;063501.736;25304.50;;25304.50;1;BID;;;;;
20251107;063501.736;;25305.50;25305.50;1;ASK;;;;;
20251107;063501.764;;25305.50;25305.50;2;ASK;;;;;
20251107;063501.764;;25305.25;25305.25;1;ASK;;;;;
20251107;063501.764;25304.25;;25304.25;1;BID;;;;;
20251107;063501.792;;25305.50;25305.50;1;ASK;;;;;
20251107;063501.792;;25305.50;25305.50;2;ASK;;;;;
20251107;063501.836;;25305.50;25305.50;3;ASK;;;;;
20251107;063501.836;;25305.25;25305.25;1;ASK;;;;;
20251107;063501.836;25304.00;;25304.00;1;BID;;;;;
20251107;063501.836;;25305.25;25305.25;2;ASK;;;;;
20251107;063501.836;;25305.25;25305.25;1;ASK;;;;;
20251107;063501.836;25304.25;;25304.25;1;BID;;;;;
20251107;063501.840;25304.00;;25304.00;1;BID;;;;;
20251107;063501.840;;25305.00;25305.00;1;ASK;;;;;
20251107;063502.120;;25305.00;25305.00;1;ASK;;;;;
20251107;063502.120;;25305.25;25305.25;1;ASK;;;;;
20251107;063502.120;25304.25;;25304.25;1;BID;;;;;
20251107;063502.120;;25305.50;25305.50;3;ASK;;;;;
20251107;063502.120;;25305.50;25305.50;2;ASK;;;;;
20251107;063502.124;;25305.25;25305.25;1;ASK;;;;;
20251107;063502.460;25304.00;;25304.00;1;BID;;;;;
20251107;063502.460;;25305.00;25305.00;1;ASK;;;;;
20251107;063502.784;;25305.25;25305.25;1;ASK;;;;;
20251107;063502.784;25304.25;;25304.25;1;BID;;;;;
20251107;063502.784;25304.25;;25304.25;2;BID;;;;;
20251107;063502.784;25304.50;;25304.50;1;BID;;;;;
20251107;063502.784;;25305.50;25305.50;3;ASK;;;;;
20251107;063502.784;;25305.50;25305.50;2;ASK;;;;;
20251107;063502.788;25304.25;;25304.25;1;BID;;;;;
20251107;063502.816;25304.25;;25304.25;1;BID;;;;;
20251107;063502.816;25304.00;;25304.00;1;BID;;;;;
20251107;063502.816;;25305.25;25305.25;1;ASK;;;;;
20251107;063502.868;25304.25;;25304.25;1;BID;;;;;
20251107;063502.868;;25305.50;25305.50;2;ASK;;;;;
20251107;063502.896;;25305.25;25305.25;1;ASK;;;;;
20251107;063502.952;;25305.50;25305.50;2;ASK;;;;;
20251107;063503.384;25304.50;;25304.50;1;BID;;;;;
20251107;063503.600;25304.25;;25304.25;1;BID;;;;;
20251107;063503.600;;25305.25;25305.25;1;ASK;;;;;
20251107;063503.600;;25305.25;25305.25;2;ASK;;;;;
20251107;063503.972;25304.00;;25304.00;1;BID;;;;;
20251107;063503.972;;25305.25;25305.25;1;ASK;;;;;
20251107;063503.972;;25305.50;25305.50;3;ASK;;;;;
20251107;063503.972;25304.25;;25304.25;1;BID;;;;;
20251107;063503.972;;25305.50;25305.50;2;ASK;;;;;
20251107;063503.976;;25305.25;25305.25;1;ASK;;;;;
20251107;063504.772;;25305.50;25305.50;2;ASK;;;;;
20251107;063504.772;25304.50;;25304.50;1;BID;;;;;
20251107;063504.772;;25305.25;25305.25;1;ASK;;;;;
20251107;063504.772;25304.25;;25304.25;1;BID;;;;;
20251107;063504.880;;25305.50;25305.50;2;ASK;;;;;
20251107;063504.888;25304.50;;25304.50;1;BID;;;;;
20251107;063505.096;25304.25;;25304.25;1;BID;;;;;
20251107;063505.096;;25305.25;25305.25;1;ASK;;;;;
20251107;063505.164;25304.00;;25304.00;1;BID;;;;;
20251107;063505.164;25304.25;;25304.25;1;BID;;;;;
20251107;063505.164;;25305.50;25305.50;2;ASK;;;;;
20251107;063505.164;25304.50;;25304.50;1;BID;;;;;
20251107;063505.180;;25305.50;25305.50;1;ASK;;;;;
20251107;063505.180;;25305.75;25305.75;1;ASK;;;;;
20251107;063505.268;;25305.50;25305.50;1;ASK;;;;;
20251107;063505.268;25304.25;;25304.25;1;BID;;;;;
20251107;063505.316;;25305.25;25305.25;1;ASK;;;;;
20251107;063505.320;;25305.50;25305.50;1;ASK;;;;;
20251107;063505.676;;25305.50;25305.50;1;ASK;;;;;
20251107;063505.676;;25305.75;25305.75;1;ASK;;;;;
20251107;063505.676;25304.50;;25304.50;1;BID;;;;;
20251107;063505.688;;25305.75;25305.75;2;ASK;;;;;
20251107;063505.688;;25305.50;25305.50;1;ASK;;;;;
20251107;063505.688;25304.75;;25304.75;1;BID;;;;;
20251107;063505.688;;25305.50;25305.50;1;ASK;;;;;
20251107;063505.688;;25305.75;25305.75;2;ASK;;;;;
20251107;063505.688;;25305.75;25305.75;1;ASK;;;;;
20251107;063505.688;25305.00;;25305.00;1;BID;;;;;
20251107;063505.688;;25306.00;25306.00;3;ASK;;;;;
20251107;063505.688;;25306.00;25306.00;2;ASK;;;;;
20251107;063505.688;25305.25;;25305.25;1;BID;;;;;
20251107;063505.692;25305.00;;25305.00;1;BID;;;;;
20251107;063505.692;;25306.00;25306.00;1;ASK;;;;;
20251107;063505.792;25305.25;;25305.25;1;BID;;;;;
20251107;063506.556;25305.00;;25305.00;1;BID;;;;;
20251107;063506.652;25305.25;;25305.25;1;BID;;;;;
20251107;063506.652;25305.00;;25305.00;1;BID;;;;;
20251107;063506.704;25305.25;;25305.25;1;BID;;;;;
20251107;063506.984;;25305.75;25305.75;1;ASK;;;;;
20251107;063506.984;25305.00;;25305.00;1;BID;;;;;
20251107;063506.984;25304.50;;25304.50;3;BID;;;;;
20251107;063506.984;25304.50;;25304.50;2;BID;;;;;
20251107;063506.984;;25306.00;25306.00;1;ASK;;;;;
20251107;063506.984;25304.75;;25304.75;1;BID;;;;;
20251107;063506.984;25305.00;;25305.00;1;BID;;;;;
20251107;063507.260;25304.75;;25304.75;1;BID;;;;;
20251107;063507.260;;25305.75;25305.75;1;ASK;;;;;
20251107;063507.260;;25306.00;25306.00;1;ASK;;;;;
20251107;063507.320;;25305.75;25305.75;1;ASK;;;;;
20251107;063507.324;;25306.00;25306.00;1;ASK;;;;;
20251107;063507.324;25305.00;;25305.00;1;BID;;;;;
20251107;063507.608;25304.75;;25304.75;1;BID;;;;;
20251107;063507.652;25305.00;;25305.00;1;BID;;;;;
20251107;063508.752;25304.75;;25304.75;1;BID;;;;;
20251107;063508.752;;25305.75;25305.75;1;ASK;;;;;
20251107;063508.752;;25306.00;25306.00;1;ASK;;;;;
20251107;063508.752;25305.00;;25305.00;1;BID;;;;;
20251107;063508.776;;25305.75;25305.75;1;ASK;;;;;
20251107;063508.776;25304.75;;25304.75;1;BID;;;;;
20251107;063508.804;25305.00;;25305.00;1;BID;;;;;
20251107;063508.804;;25306.00;25306.00;1;ASK;;;;;
20251107;063509.284;25304.75;;25304.75;1;BID;;;;;
20251107;063509.284;;25306.00;25306.00;2;ASK;;;;;
20251107;063509.284;;25305.75;25305.75;1;ASK;;;;;
20251107;063509.284;;25306.00;25306.00;2;ASK;;;;;
20251107;063509.284;25305.00;;25305.00;1;BID;;;;;
20251107;063509.284;25304.75;;25304.75;1;BID;;;;;
20251107;063509.324;25305.00;;25305.00;1;BID;;;;;
20251107;063509.748;;25305.75;25305.75;1;ASK;;;;;
20251107;063509.748;25304.75;;25304.75;1;BID;;;;;
20251107;063509.756;25304.50;;25304.50;1;BID;;;;;
20251107;063509.756;;25305.75;25305.75;2;ASK;;;;;
20251107;063509.756;;25305.50;25305.50;1;ASK;;;;;
20251107;063509.756;25304.75;;25304.75;1;BID;;;;;
20251107;063509.756;;25305.75;25305.75;2;ASK;;;;;
20251107;063509.756;;25305.75;25305.75;1;ASK;;;;;
20251107;063509.756;25304.50;;25304.50;1;BID;;;;;
20251107;063509.756;25305.00;;25305.00;1;BID;;;;;
20251107;063509.756;;25306.00;25306.00;2;ASK;;;;;
20251107;063509.756;25304.50;;25304.50;1;BID;;;;;
20251107;063509.760;25304.75;;25304.75;1;BID;;;;;
20251107;063509.760;;25305.75;25305.75;1;ASK;;;;;
20251107;063509.760;25305.00;;25305.00;1;BID;;;;;
20251107;063509.760;;25306.00;25306.00;2;ASK;;;;;
20251107;063509.860;25304.75;;25304.75;1;BID;;;;;
20251107;063509.860;;25305.75;25305.75;1;ASK;;;;;
20251107;063510.172;;25306.00;25306.00;2;ASK;;;;;
20251107;063510.172;25305.00;;25305.00;1;BID;;;;;
20251107;063510.248;25304.75;;25304.75;1;BID;;;;;
20251107;063510.284;;25305.75;25305.75;1;ASK;;;;;
20251107;063510.288;;25306.00;25306.00;2;ASK;;;;;
20251107;063510.548;;25305.75;25305.75;1;ASK;;;;;
20251107;063510.548;25304.50;;25304.50;1;BID;;;;;
20251107;063510.568;;25305.75;25305.75;2;ASK;;;;;
20251107;063510.568;;25305.50;25305.50;1;ASK;;;;;
20251107;063510.568;;25305.25;25305.25;1;ASK;;;;;
20251107;063510.568;25304.25;;25304.25;2;BID;;;;;
20251107;063510.568;25304.25;;25304.25;1;BID;;;;;
20251107;063510.572;25304.00;;25304.00;1;BID;;;;;
20251107;063510.572;;25305.00;25305.00;1;ASK;;;;;
20251107;063510.572;;25305.25;25305.25;1;ASK;;;;;
20251107;063510.612;25304.25;;25304.25;1;BID;;;;;
20251107;063510.612;;25305.50;25305.50;3;ASK;;;;;
20251107;063510.612;;25305.50;25305.50;2;ASK;;;;;
20251107;063510.616;;25305.25;25305.25;1;ASK;;;;;
20251107;063510.992;;25305.50;25305.50;2;ASK;;;;;
20251107;063510.992;25304.50;;25304.50;1;BID;;;;;
20251107;063510.992;25304.50;;25304.50;2;BID;;;;;
20251107;063510.992;;25305.50;25305.50;1;ASK;;;;;
20251107;063510.992;;25305.75;25305.75;3;ASK;;;;;
20251107;063510.992;;25305.75;25305.75;2;ASK;;;;;
20251107;063510.996;25304.50;;25304.50;1;BID;;;;;
20251107;063510.996;;25305.50;25305.50;1;ASK;;;;;
20251107;063511.264;25304.75;;25304.75;1;BID;;;;;
20251107;063511.264;;25305.75;25305.75;2;ASK;;;;;
20251107;063511.264;;25305.75;25305.75;1;ASK;;;;;
20251107;063511.264;;25306.00;25306.00;3;ASK;;;;;
20251107;063511.264;;25306.00;25306.00;2;ASK;;;;;
20251107;063511.268;25305.00;;25305.00;1;BID;;;;;
20251107;063511.272;25304.75;;25304.75;1;BID;;;;;
20251107;063511.328;;25306.00;25306.00;1;ASK;;;;;
20251107;063511.328;25305.00;;25305.00;1;BID;;;;;
20251107;063511.468;25305.00;;25305.00;1;BID;;;;;
20251107;063511.468;25304.75;;25304.75;1;BID;;;;;
20251107;063511.468;;25305.75;25305.75;1;ASK;;;;;
20251107;063511.468;25304.25;;25304.25;1;BID;;;;;
20251107;063511.468;;25305.50;25305.50;1;ASK;;;;;
20251107;063511.468;25304.25;;25304.25;2;BID;;;;;
20251107;063511.468;25304.25;;25304.25;3;BID;;;;;
20251107;063511.468;25304.50;;25304.50;1;BID;;;;;
20251107;063511.468;;25305.75;25305.75;1;ASK;;;;;
20251107;063511.468;25304.75;;25304.75;1;BID;;;;;
20251107;063511.468;;25306.00;25306.00;1;ASK;;;;;
20251107;063511.472;25305.00;;25305.00;1;BID;;;;;
20251107;063511.504;25304.75;;25304.75;1;BID;;;;;
20251107;063511.504;;25305.75;25305.75;1;ASK;;;;;
20251107;063511.524;25304.50;;25304.50;2;BID;;;;;
20251107;063511.524;25304.50;;25304.50;1;BID;;;;;
20251107;063511.524;25304.75;;25304.75;1;BID;;;;;
20251107;063511.524;;25306.00;25306.00;1;ASK;;;;;
20251107;063511.548;25305.00;;25305.00;1;BID;;;;;
20251107;063511.952;25304.75;;25304.75;1;BID;;;;;
20251107;063512.264;25305.00;;25305.00;1;BID;;;;;
20251107;063512.648;25304.75;;25304.75;1;BID;;;;;
20251107;063512.668;25305.00;;25305.00;1;BID;;;;;
20251107;063512.828;25304.75;;25304.75;1;BID;;;;;
20251107;063512.828;;25305.75;25305.75;1;ASK;;;;;
20251107;063512.828;;25306.00;25306.00;1;ASK;;;;;
20251107;063512.992;;25305.75;25305.75;1;ASK;;;;;
20251107;063512.996;25304.50;;25304.50;1;BID;;;;;
20251107;063513.004;25304.75;;25304.75;1;BID;;;;;
20251107;063513.004;;25306.00;25306.00;1;ASK;;;;;
20251107;063513.008;;25305.75;25305.75;1;ASK;;;;;
20251107;063513.108;;25305.75;25305.75;2;ASK;;;;;
20251107;063513.108;25304.50;;25304.50;1;BID;;;;;
20251107;063513.604;25304.75;;25304.75;1;BID;;;;;
20251107;063513.864;;25305.75;25305.75;1;ASK;;;;;
20251107;063513.864;25304.75;;25304.75;2;BID;;;;;
20251107;063513.864;25305.00;;25305.00;1;BID;;;;;
20251107;063513.868;25304.75;;25304.75;1;BID;;;;;
20251107;063513.904;25305.00;;25305.00;1;BID;;;;;
20251107;063513.916;25305.25;;25305.25;1;BID;;;;;
20251107;063513.916;25305.00;;25305.00;1;BID;;;;;
20251107;063513.916;25304.75;;25304.75;1;BID;;;;;
20251107;063513.920;25304.75;;25304.75;2;BID;;;;;
20251107;063513.920;25305.00;;25305.00;1;BID;;;;;
20251107;063513.936;;25305.75;25305.75;1;ASK;;;;;
20251107;063513.936;;25306.00;25306.00;1;ASK;;;;;
20251107;063513.940;25305.25;;25305.25;1;BID;;;;;
20251107;063513.940;25305.00;;25305.00;2;BID;;;;;
20251107;063513.964;25305.00;;25305.00;3;BID;;;;;
20251107;063513.964;25305.25;;25305.25;1;BID;;;;;
20251107;063513.964;25305.50;;25305.50;1;BID;;;;;
20251107;063513.964;;25306.00;25306.00;1;ASK;;;;;
20251107;063513.964;;25306.25;25306.25;6;ASK;;;;;
20251107;063513.964;25305.25;;25305.25;1;BID;;;;;
20251107;063513.964;25305.75;;25305.75;1;BID;;;;;
20251107;063513.964;25305.25;;25305.25;1;BID;;;;;
20251107;063513.964;25305.25;;25305.25;2;BID;;;;;
20251107;063513.964;25305.50;;25305.50;1;BID;;;;;
20251107;063513.964;;25306.25;25306.25;2;ASK;;;;;
20251107;063513.964;;25306.25;25306.25;4;ASK;;;;;
20251107;063513.964;25305.75;;25305.75;1;BID;;;;;
20251107;063513.964;25305.50;;25305.50;1;BID;;;;;
20251107;063513.964;25305.25;;25305.25;2;BID;;;;;
20251107;063513.968;25305.50;;25305.50;1;BID;;;;;
20251107;063513.976;25305.50;;25305.50;2;BID;;;;;
20251107;063513.976;25305.75;;25305.75;1;BID;;;;;
20251107;063513.980;25305.50;;25305.50;1;BID;;;;;
20251107;063513.980;25305.25;;25305.25;3;BID;;;;;
20251107;063513.980;25305.25;;25305.25;2;BID;;;;;
20251107;063513.984;25305.50;;25305.50;1;BID;;;;;
20251107;063513.984;25305.75;;25305.75;1;BID;;;;;
20251107;063513.984;25305.50;;25305.50;2;BID;;;;;
20251107;063513.988;25305.50;;25305.50;1;BID;;;;;
20251107;063514.024;25305.50;;25305.50;1;BID;;;;;
20251107;063514.024;25305.25;;25305.25;3;BID;;;;;
20251107;063514.024;25305.25;;25305.25;1;BID;;;;;
20251107;063514.024;25305.25;;25305.25;2;BID;;;;;
20251107;063514.024;;25306.00;25306.00;1;ASK;;;;;
20251107;063514.024;25305.25;;25305.25;1;BID;;;;;
20251107;063514.024;25305.00;;25305.00;1;BID;;;;;
20251107;063514.024;25304.75;;25304.75;4;BID;;;;;
20251107;063514.024;25304.75;;25304.75;3;BID;;;;;
20251107;063514.024;25304.75;;25304.75;2;BID;;;;;
20251107;063514.024;;25305.75;25305.75;1;ASK;;;;;
20251107;063514.024;25304.75;;25304.75;1;BID;;;;;
20251107;063514.024;25304.50;;25304.50;3;BID;;;;;
20251107;063514.024;;25306.00;25306.00;2;ASK;;;;;
20251107;063514.024;25304.75;;25304.75;1;BID;;;;;
20251107;063514.024;;25306.00;25306.00;1;ASK;;;;;
20251107;063514.024;25305.00;;25305.00;1;BID;;;;;
20251107;063514.024;;25306.25;25306.25;4;ASK;;;;;
20251107;063514.028;;25306.00;25306.00;1;ASK;;;;;
20251107;063514.044;;25306.25;25306.25;4;ASK;;;;;
20251107;063514.044;25305.25;;25305.25;1;BID;;;;;
20251107;063514.072;;25306.00;25306.00;1;ASK;;;;;
20251107;063514.072;25305.00;;25305.00;1;BID;;;;;
20251107;063515.540;25304.75;;25304.75;2;BID;;;;;
20251107;063515.540;25304.75;;25304.75;1;BID;;;;;
20251107;063515.540;;25305.75;25305.75;1;ASK;;;;;
20251107;063515.540;25304.50;;25304.50;3;BID;;;;;
20251107;063515.540;;25305.50;25305.50;1;ASK;;;;;
20251107;063515.540;25304.50;;25304.50;2;BID;;;;;
20251107;063515.540;25304.75;;25304.75;1;BID;;;;;
20251107;063515.540;;25306.00;25306.00;1;ASK;;;;;
20251107;063515.540;;25305.75;25305.75;1;ASK;;;;;
20251107;063515.540;;25306.00;25306.00;2;ASK;;;;;
20251107;063515.540;25304.50;;25304.50;1;BID;;;;;
20251107;063515.540;25304.50;;25304.50;2;BID;;;;;
20251107;063515.540;;25306.00;25306.00;1;ASK;;;;;
20251107;063515.540;;25305.75;25305.75;1;ASK;;;;;
20251107;063515.540;25304.50;;25304.50;3;BID;;;;;
20251107;063515.540;25304.75;;25304.75;1;BID;;;;;
20251107;063515.540;;25306.00;25306.00;1;ASK;;;;;
20251107;063515.732;;25305.75;25305.75;1;ASK;;;;;
20251107;063515.732;25304.50;;25304.50;3;BID;;;;;
20251107;063515.732;25304.50;;25304.50;2;BID;;;;;
20251107;063515.732;;25305.50;25305.50;1;ASK;;;;;
20251107;063515.732;25304.50;;25304.50;1;BID;;;;;
20251107;063515.736;;25305.75;25305.75;1;ASK;;;;;
20251107;063515.792;25304.50;;25304.50;2;BID;;;;;
20251107;063515.792;25304.50;;25304.50;3;BID;;;;;
20251107;063515.792;25304.75;;25304.75;1;BID;;;;;
20251107;063515.792;;25306.00;25306.00;1;ASK;;;;;
20251107;063515.792;;25305.75;25305.75;1;ASK;;;;;
20251107;063515.792;25304.50;;25304.50;2;BID;;;;;
20251107;063515.804;25304.75;;25304.75;1;BID;;;;;
20251107;063515.868;;25306.00;25306.00;2;ASK;;;;;
20251107;063515.868;25305.00;;25305.00;1;BID;;;;;
20251107;063516.832;25304.75;;25304.75;1;BID;;;;;
20251107;063516.832;;25305.75;25305.75;1;ASK;;;;;
20251107;063516.868;;25306.00;25306.00;2;ASK;;;;;
20251107;063516.868;25305.00;;25305.00;1;BID;;;;;
20251107;063517.004;;25306.00;25306.00;1;ASK;;;;;
20251107;063517.004;;25306.25;25306.25;4;ASK;;;;;
20251107;063517.004;;25306.00;25306.00;1;ASK;;;;;
20251107;063517.100;25304.75;;25304.75;1;BID;;;;;
20251107;063517.116;25304.75;;25304.75;2;BID;;;;;
20251107;063517.116;25305.00;;25305.00;1;BID;;;;;
20251107;063517.796;;25306.25;25306.25;4;ASK;;;;;
20251107;063518.108;;25306.00;25306.00;1;ASK;;;;;
20251107;063518.108;25304.75;;25304.75;2;BID;;;;;
20251107;063518.108;25304.75;;25304.75;1;BID;;;;;
20251107;063518.108;;25305.75;25305.75;1;ASK;;;;;
20251107;063518.444;25304.50;;25304.50;3;BID;;;;;
20251107;063518.444;25304.50;;25304.50;2;BID;;;;;
20251107;063518.444;;25305.50;25305.50;1;ASK;;;;;
20251107;063518.444;25304.50;;25304.50;1;BID;;;;;
20251107;063518.448;25304.75;;25304.75;1;BID;;;;;
20251107;063518.448;;25305.75;25305.75;1;ASK;;;;;
20251107;063518.448;;25306.00;25306.00;1;ASK;;;;;
20251107;063518.448;;25306.00;25306.00;2;ASK;;;;;
20251107;063518.448;;25305.75;25305.75;1;ASK;;;;;
20251107;063518.524;;25305.75;25305.75;2;ASK;;;;;
20251107;063518.524;25304.50;;25304.50;1;BID;;;;;
20251107;063518.524;;25305.50;25305.50;1;ASK;;;;;
20251107;063518.604;;25305.50;25305.50;2;ASK;;;;;
20251107;063518.716;;25305.50;25305.50;1;ASK;;;;;
20251107;063518.716;;25305.75;25305.75;1;ASK;;;;;
20251107;063518.716;25304.75;;25304.75;1;BID;;;;;
20251107;063518.748;25304.50;;25304.50;1;BID;;;;;
20251107;063518.748;;25305.50;25305.50;1;ASK;;;;;
20251107;063518.936;25304.75;;25304.75;1;BID;;;;;
20251107;063518.936;;25305.75;25305.75;1;ASK;;;;;
20251107;063519.100;;25306.00;25306.00;3;ASK;;;;;
20251107;063519.100;;25306.00;25306.00;2;ASK;;;;;
20251107;063519.100;25305.00;;25305.00;1;BID;;;;;
20251107;063519.100;;25305.75;25305.75;1;ASK;;;;;
20251107;063519.100;25304.75;;25304.75;1;BID;;;;;
20251107;063519.208;;25306.00;25306.00;1;ASK;;;;;
20251107;063519.208;25305.00;;25305.00;1;BID;;;;;
20251107;063519.640;;25306.25;25306.25;4;ASK;;;;;
20251107;063519.640;;25306.00;25306.00;1;ASK;;;;;
20251107;063519.640;25304.75;;25304.75;1;BID;;;;;
20251107;063519.644;25304.75;;25304.75;2;BID;;;;;
20251107;063519.648;25305.00;;25305.00;1;BID;;;;;
20251107;063519.648;;25306.25;25306.25;4;ASK;;;;;
20251107;063520.720;;25306.00;25306.00;1;ASK;;;;;
20251107;063521.120;;25306.25;25306.25;4;ASK;;;;;
20251107;063521.124;;25306.00;25306.00;1;ASK;;;;;
20251107;063521.188;;25306.25;25306.25;4;ASK;;;;;
20251107;063521.188;25305.00;;25305.00;2;BID;;;;;
20251107;063521.188;25305.25;;25305.25;1;BID;;;;;
20251107;063521.192;25305.50;;25305.50;1;BID;;;;;
20251107;063521.220;25305.25;;25305.25;1;BID;;;;;
20251107;063521.356;25305.00;;25305.00;4;BID;;;;;
20251107;063521.356;25305.00;;25305.00;3;BID;;;;;
20251107;063521.360;25305.25;;25305.25;1;BID;;;;;
20251107;063522.432;25305.00;;25305.00;3;BID;;;;;
20251107;063523.840;25305.00;;25305.00;2;BID;;;;;
20251107;063523.840;;25306.00;25306.00;1;ASK;;;;;
20251107;063523.840;25305.00;;25305.00;1;BID;;;;;
20251107;063524.224;;25306.25;25306.25;4;ASK;;;;;
20251107;063524.224;25305.25;;25305.25;1;BID;;;;;
20251107;063524.700;25305.25;;25305.25;2;BID;;;;;
20251107;063525.596;25305.50;;25305.50;1;BID;;;;;
20251107;063525.596;25305.25;;25305.25;1;BID;;;;;
20251107;063525.600;25305.00;;25305.00;2;BID;;;;;
20251107;063525.600;25305.00;;25305.00;1;BID;;;;;
20251107;063525.600;25305.00;;25305.00;2;BID;;;;;
20251107;063525.600;25305.25;;25305.25;1;BID;;;;;
20251107;063525.600;25305.25;;25305.25;2;BID;;;;;
20251107;063526.596;25305.25;;25305.25;1;BID;;;;;
20251107;063526.596;25305.00;;25305.00;3;BID;;;;;
20251107;063526.596;;25306.00;25306.00;1;ASK;;;;;
20251107;063526.596;25305.00;;25305.00;2;BID;;;;;
20251107;063526.672;25305.00;;25305.00;1;BID;;;;;
20251107;063526.672;25304.75;;25304.75;4;BID;;;;;
20251107;063526.672;;25305.75;25305.75;1;ASK;;;;;
20251107;063526.672;25304.75;;25304.75;3;BID;;;;;
20251107;063526.676;25304.75;;25304.75;2;BID;;;;;
20251107;063526.676;;25306.00;25306.00;1;ASK;;;;;
20251107;063526.676;25305.00;;25305.00;1;BID;;;;;
20251107;063528.028;;25306.25;25306.25;4;ASK;;;;;
20251107;063528.072;25305.00;;25305.00;2;BID;;;;;
20251107;063528.104;25305.25;;25305.25;1;BID;;;;;
20251107;063528.268;25305.25;;25305.25;2;BID;;;;;
20251107;063528.268;25305.50;;25305.50;1;BID;;;;;
20251107;063528.268;25305.25;;25305.25;1;BID;;;;;
20251107;063528.268;25305.75;;25305.75;1;BID;;;;;
20251107;063528.268;25305.25;;25305.25;1;BID;;;;;
20251107;063528.268;;25306.25;25306.25;2;ASK;;;;;
20251107;063528.268;;25306.25;25306.25;2;ASK;;;;;
20251107;063528.268;25305.75;;25305.75;1;BID;;;;;
20251107;063528.268;;25306.25;25306.25;2;ASK;;;;;
20251107;063528.268;;25306.75;25306.75;1;ASK;;;;;
20251107;063528.268;25306.00;;25306.00;1;BID;;;;;
20251107;063528.276;;25307.00;25307.00;1;ASK;;;;;
20251107;063528.316;25306.25;;25306.25;1;BID;;;;;
20251107;063528.332;25306.00;;25306.00;1;BID;;;;;
20251107;063529.204;25305.75;;25305.75;1;BID;;;;;
20251107;063529.204;;25306.75;25306.75;1;ASK;;;;;
20251107;063529.348;25305.50;;25305.50;2;BID;;;;;
20251107;063529.348;;25306.50;25306.50;1;ASK;;;;;
20251107;063529.348;;25306.75;25306.75;1;ASK;;;;;
20251107;063529.348;25305.50;;25305.50;1;BID;;;;;
20251107;063529.348;25305.25;;25305.25;2;BID;;;;;
20251107;063529.348;;25306.50;25306.50;1;ASK;;;;;
20251107;063529.352;25305.50;;25305.50;1;BID;;;;;
20251107;063529.396;25305.25;;25305.25;2;BID;;;;;
20251107;063529.396;;25306.25;25306.25;1;ASK;;;;;
20251107;063529.396;25305.25;;25305.25;1;BID;;;;;
20251107;063529.396;25305.50;;25305.50;1;BID;;;;;
20251107;063529.396;;25306.50;25306.50;1;ASK;;;;;
20251107;063529.468;25305.25;;25305.25;1;BID;;;;;
20251107;063529.468;;25306.25;25306.25;1;ASK;;;;;
20251107;063529.556;25305.50;;25305.50;1;BID;;;;;
20251107;063529.556;;25306.50;25306.50;1;ASK;;;;;
20251107;063530.044;25305.75;;25305.75;1;BID;;;;;
20251107;063530.044;;25306.75;25306.75;1;ASK;;;;;
20251107;063530.044;25305.50;;25305.50;1;BID;;;;;
20251107;063530.044;;25306.50;25306.50;1;ASK;;;;;
20251107;063530.044;25305.75;;25305.75;1;BID;;;;;
20251107;063530.044;;25306.75;25306.75;1;ASK;;;;;
20251107;063531.076;;25306.75;25306.75;1;ASK;;;;;
20251107;063531.076;;25307.00;25307.00;2;ASK;;;;;
20251107;063531.076;25306.00;;25306.00;1;BID;;;;;
20251107;063531.076;;25307.00;25307.00;1;ASK;;;;;
20251107;063531.076;25306.00;;25306.00;2;BID;;;;;
20251107;063531.076;25306.00;;25306.00;1;BID;;;;;
20251107;063531.084;;25306.75;25306.75;1;ASK;;;;;
20251107;063531.084;25305.75;;25305.75;1;BID;;;;;
20251107;063531.092;25305.75;;25305.75;2;BID;;;;;
20251107;063531.144;25306.00;;25306.00;1;BID;;;;;
20251107;063531.144;;25307.00;25307.00;1;ASK;;;;;
20251107;063531.144;25306.25;;25306.25;1;BID;;;;;
20251107;063531.168;25306.50;;25306.50;1;BID;;;;;
20251107;063531.168;25306.25;;25306.25;1;BID;;;;;
20251107;063531.204;25306.50;;25306.50;1;BID;;;;;
20251107;063531.204;25306.25;;25306.25;1;BID;;;;;
20251107;063531.252;25306.50;;25306.50;1;BID;;;;;
20251107;063531.260;25306.25;;25306.25;1;BID;;;;;
20251107;063531.304;25306.50;;25306.50;1;BID;;;;;
20251107;063531.304;25306.25;;25306.25;1;BID;;;;;
20251107;063531.360;25306.50;;25306.50;1;BID;;;;;
20251107;063531.360;25306.25;;25306.25;1;BID;;;;;
20251107;063531.412;25306.50;;25306.50;1;BID;;;;;
20251107;063531.412;25306.25;;25306.25;1;BID;;;;;
20251107;063531.464;25306.50;;25306.50;1;BID;;;;;
20251107;063531.464;25306.25;;25306.25;1;BID;;;;;
20251107;063531.516;25306.50;;25306.50;1;BID;;;;;
20251107;063531.516;25306.25;;25306.25;1;BID;;;;;
20251107;063531.572;25306.50;;25306.50;1;BID;;;;;
20251107;063531.584;25306.25;;25306.25;1;BID;;;;;
20251107;063531.624;25306.50;;25306.50;1;BID;;;;;
20251107;063531.624;25306.25;;25306.25;1;BID;;;;;
20251107;063532.048;25306.25;;25306.25;2;BID;;;;;
20251107;063532.088;25306.50;;25306.50;1;BID;;;;;
20251107;063532.088;25306.50;;25306.50;1;BID;;;;;
20251107;063532.088;25306.25;;25306.25;2;BID;;;;;
20251107;063532.088;25306.25;;25306.25;1;BID;;;;;
20251107;063532.088;25306.00;;25306.00;4;BID;;;;;
20251107;063532.088;25306.25;;25306.25;1;BID;;;;;
20251107;063532.092;25306.00;;25306.00;1;BID;;;;;
20251107;063532.452;25306.25;;25306.25;1;BID;;;;;
20251107;063532.676;25306.00;;25306.00;1;BID;;;;;
20251107;063532.676;25306.00;;25306.00;2;BID;;;;;
20251107;063532.676;25306.25;;25306.25;1;BID;;;;;
20251107;063532.752;25306.25;;25306.25;1;BID;;;;;
20251107;063532.752;25306.00;;25306.00;2;BID;;;;;
20251107;063532.752;;25306.75;25306.75;1;ASK;;;;;
20251107;063532.752;25306.00;;25306.00;1;BID;;;;;
20251107;063532.752;25306.00;;25306.00;1;BID;;;;;
20251107;063532.752;25305.75;;25305.75;2;BID;;;;;
20251107;063532.752;;25306.75;25306.75;2;ASK;;;;;
20251107;063532.752;;25306.50;25306.50;1;ASK;;;;;
20251107;063532.752;25305.75;;25305.75;1;BID;;;;;
20251107;063532.752;25305.50;;25305.50;1;BID;;;;;
20251107;063532.752;;25306.25;25306.25;1;ASK;;;;;
20251107;063532.752;25305.25;;25305.25;1;BID;;;;;
20251107;063532.752;25305.50;;25305.50;1;BID;;;;;
20251107;063532.752;;25306.50;25306.50;1;ASK;;;;;
20251107;063532.752;25305.25;;25305.25;1;BID;;;;;
20251107;063532.752;;25306.25;25306.25;1;ASK;;;;;
20251107;063532.764;25305.50;;25305.50;1;BID;;;;;
20251107;063532.764;;25306.50;25306.50;1;ASK;;;;;
20251107;063533.092;;25306.25;25306.25;1;ASK;;;;;
20251107;063533.092;25305.25;;25305.25;1;BID;;;;;
20251107;063533.092;;25306.50;25306.50;1;ASK;;;;;
20251107;063533.096;25305.50;;25305.50;1;BID;;;;;
20251107;063533.852;;25306.25;25306.25;1;ASK;;;;;
20251107;063533.852;25305.25;;25305.25;1;BID;;;;;
20251107;063534.416;25305.50;;25305.50;1;BID;;;;;
20251107;063534.416;;25306.50;25306.50;1;ASK;;;;;
20251107;063534.424;25305.50;;25305.50;2;BID;;;;;
20251107;063534.424;25305.75;;25305.75;1;BID;;;;;
20251107;063534.424;;25306.75;25306.75;3;ASK;;;;;
20251107;063534.424;;25306.75;25306.75;2;ASK;;;;;
20251107;063534.424;;25306.75;25306.75;1;ASK;;;;;
20251107;063534.424;;25307.00;25307.00;2;ASK;;;;;
20251107;063534.424;25306.00;;25306.00;1;BID;;;;;
20251107;063534.424;25305.75;;25305.75;1;BID;;;;;
20251107;063534.424;;25306.75;25306.75;1;ASK;;;;;
20251107;063534.428;;25306.75;25306.75;1;ASK;;;;;
20251107;063534.428;;25307.00;25307.00;2;ASK;;;;;
20251107;063534.428;25306.00;;25306.00;1;BID;;;;;
20251107;063534.428;;25307.00;25307.00;1;ASK;;;;;
20251107;063534.428;25306.25;;25306.25;1;BID;;;;;
20251107;063534.428;25306.25;;25306.25;2;BID;;;;;
20251107;063534.428;25306.50;;25306.50;1;BID;;;;;
20251107;063534.448;25306.50;;25306.50;2;BID;;;;;
20251107;063534.452;25306.75;;25306.75;1;BID;;;;;
20251107;063534.452;25306.50;;25306.50;1;BID;;;;;
20251107;063534.452;25306.25;;25306.25;3;BID;;;;;
20251107;063534.452;25306.25;;25306.25;2;BID;;;;;
20251107;063534.452;25306.25;;25306.25;1;BID;;;;;
20251107;063534.456;25306.25;;25306.25;2;BID;;;;;
20251107;063534.456;25306.50;;25306.50;1;BID;;;;;
20251107;063534.472;25306.25;;25306.25;2;BID;;;;;
20251107;063534.472;25306.25;;25306.25;1;BID;;;;;
20251107;063534.472;25306.00;;25306.00;4;BID;;;;;
20251107;063534.472;25306.00;;25306.00;3;BID;;;;;
20251107;063534.472;25306.00;;25306.00;2;BID;;;;;
20251107;063534.472;25306.25;;25306.25;1;BID;;;;;
20251107;063534.496;25306.25;;25306.25;2;BID;;;;;
20251107;063534.792;25306.25;;25306.25;1;BID;;;;;
20251107;063536.140;25306.50;;25306.50;1;BID;;;;;
20251107;063536.140;25306.00;;25306.00;2;BID;;;;;
20251107;063536.144;25306.00;;25306.00;1;BID;;;;;
20251107;063536.144;25306.00;;25306.00;2;BID;;;;;
20251107;063536.144;25306.00;;25306.00;3;BID;;;;;
20251107;063536.144;25306.25;;25306.25;1;BID;;;;;
20251107;063536.172;25306.25;;25306.25;2;BID;;;;;
20251107;063536.172;25306.50;;25306.50;1;BID;;;;;
20251107;063536.172;25306.25;;25306.25;1;BID;;;;;
20251107;063536.176;25306.25;;25306.25;2;BID;;;;;
20251107;063536.988;25306.25;;25306.25;1;BID;;;;;
20251107;063537.108;25306.50;;25306.50;1;BID;;;;;
20251107;063537.108;25306.25;;25306.25;1;BID;;;;;
20251107;063537.108;25306.00;;25306.00;4;BID;;;;;
20251107;063537.108;25306.00;;25306.00;3;BID;;;;;
20251107;063537.108;25306.25;;25306.25;1;BID;;;;;
20251107;063537.248;25306.25;;25306.25;2;BID;;;;;
20251107;063537.472;;25307.00;25307.00;1;ASK;;;;;
20251107;063537.472;;25307.25;25307.25;1;ASK;;;;;
20251107;063537.472;;25307.25;25307.25;1;ASK;;;;;
20251107;063537.472;;25307.25;25307.25;8;ASK;;;;;
20251107;063537.472;25306.50;;25306.50;1;BID;;;;;
20251107;063537.472;25306.50;;25306.50;2;BID;;;;;
20251107;063537.472;25306.50;;25306.50;1;BID;;;;;
20251107;063537.472;;25307.00;25307.00;1;ASK;;;;;
20251107;063537.472;25306.25;;25306.25;1;BID;;;;;
20251107;063537.476;;25307.25;25307.25;8;ASK;;;;;
20251107;063537.528;25306.50;;25306.50;1;BID;;;;;
20251107;063537.580;25306.25;;25306.25;1;BID;;;;;
20251107;063537.580;25306.25;;25306.25;2;BID;;;;;
20251107;063537.580;;25307.00;25307.00;1;ASK;;;;;
20251107;063537.580;;25307.25;25307.25;8;ASK;;;;;
20251107;063537.580;25306.25;;25306.25;1;BID;;;;;
20251107;063537.620;;25307.00;25307.00;1;ASK;;;;;
20251107;063537.620;25306.00;;25306.00;3;BID;;;;;
20251107;063537.620;25306.00;;25306.00;2;BID;;;;;
20251107;063537.624;25306.25;;25306.25;1;BID;;;;;
20251107;063537.636;25306.50;;25306.50;1;BID;;;;;
20251107;063537.636;;25307.25;25307.25;8;ASK;;;;;
20251107;063537.640;;25307.25;25307.25;2;ASK;;;;;
20251107;063537.640;;25307.25;25307.25;6;ASK;;;;;
20251107;063537.640;25306.50;;25306.50;2;BID;;;;;
20251107;063537.640;25306.50;;25306.50;3;BID;;;;;
20251107;063537.640;25306.50;;25306.50;2;BID;;;;;
20251107;063537.668;25306.75;;25306.75;1;BID;;;;;
20251107;063537.668;25306.50;;25306.50;1;BID;;;;;
20251107;063537.672;25306.50;;25306.50;2;BID;;;;;
20251107;063537.740;25306.75;;25306.75;1;BID;;;;;
20251107;063537.740;25306.50;;25306.50;2;BID;;;;;
20251107;063538.160;25306.75;;25306.75;1;BID;;;;;
20251107;063538.160;25306.75;;25306.75;1;BID;;;;;
20251107;063538.160;25306.50;;25306.50;2;BID;;;;;
20251107;063538.164;;25307.00;25307.00;1;ASK;;;;;
20251107;063538.164;25306.50;;25306.50;1;BID;;;;;
20251107;063538.164;25306.25;;25306.25;1;BID;;;;;
20251107;063538.164;25306.00;;25306.00;3;BID;;;;;
20251107;063538.164;25306.00;;25306.00;2;BID;;;;;
20251107;063538.180;25306.00;;25306.00;1;BID;;;;;
20251107;063538.228;;25306.75;25306.75;1;ASK;;;;;
20251107;063538.228;25305.75;;25305.75;3;BID;;;;;
20251107;063538.228;25305.75;;25305.75;2;BID;;;;;
20251107;063538.232;25306.00;;25306.00;1;BID;;;;;
20251107;063538.232;;25307.00;25307.00;1;ASK;;;;;
20251107;063538.312;25306.25;;25306.25;1;BID;;;;;
20251107;063538.720;25306.00;;25306.00;1;BID;;;;;
20251107;063538.720;;25306.75;25306.75;1;ASK;;;;;
20251107;063538.720;25305.75;;25305.75;2;BID;;;;;
20251107;063538.720;25305.75;;25305.75;1;BID;;;;;
20251107;063538.724;;25307.00;25307.00;1;ASK;;;;;
20251107;063538.724;25306.00;;25306.00;1;BID;;;;;
20251107;063539.288;;25307.00;25307.00;1;ASK;;;;;
20251107;063539.288;;25307.25;25307.25;6;ASK;;;;;
20251107;063539.288;25306.25;;25306.25;1;BID;;;;;
20251107;063539.288;25306.25;;25306.25;2;BID;;;;;
20251107;063539.288;;25307.00;25307.00;1;ASK;;;;;
20251107;063539.288;25306.25;;25306.25;1;BID;;;;;
20251107;063539.288;25306.00;;25306.00;1;BID;;;;;
20251107;063539.328;25306.25;;25306.25;1;BID;;;;;
20251107;063539.328;25306.25;;25306.25;2;BID;;;;;
20251107;063539.328;25306.25;;25306.25;1;BID;;;;;
20251107;063539.460;25306.00;;25306.00;1;BID;;;;;
20251107;063539.496;25306.25;;25306.25;1;BID;;;;;
20251107;063539.548;25306.00;;25306.00;1;BID;;;;;
20251107;063539.604;25306.25;;25306.25;1;BID;;;;;
20251107;063539.656;25306.00;;25306.00;1;BID;;;;;
20251107;063539.708;;25306.75;25306.75;1;ASK;;;;;
20251107;063539.736;25306.25;;25306.25;1;BID;;;;;
20251107;063539.736;;25307.00;25307.00;1;ASK;;;;;
20251107;063539.736;25306.25;;25306.25;1;BID;;;;;
20251107;063539.736;25306.00;;25306.00;1;BID;;;;;
20251107;063539.736;25305.75;;25305.75;1;BID;;;;;
20251107;063539.736;;25306.75;25306.75;1;ASK;;;;;
20251107;063539.736;25305.50;;25305.50;2;BID;;;;;
20251107;063539.736;;25306.50;25306.50;1;ASK;;;;;
20251107;063539.736;25305.50;;25305.50;1;BID;;;;;
20251107;063539.736;;25306.25;25306.25;1;ASK;;;;;
20251107;063539.736;25305.25;;25305.25;1;BID;;;;;
20251107;063539.740;;25306.00;25306.00;1;ASK;;;;;
20251107;063539.740;;25306.25;25306.25;1;ASK;;;;;
20251107;063539.916;;25306.00;25306.00;1;ASK;;;;;
20251107;063539.916;25305.00;;25305.00;1;BID;;;;;
20251107;063539.916;;25305.75;25305.75;1;ASK;;;;;
20251107;063539.916;25304.75;;25304.75;1;BID;;;;;
20251107;063539.916;25304.50;;25304.50;1;BID;;;;;
20251107;063539.916;;25306.00;25306.00;1;ASK;;;;;
20251107;063539.916;25304.75;;25304.75;1;BID;;;;;
20251107;063539.916;25305.00;;25305.00;1;BID;;;;;
20251107;063539.916;;25305.75;25305.75;1;ASK;;;;;
20251107;063539.968;25305.00;;25305.00;1;BID;;;;;
20251107;063539.968;25304.75;;25304.75;1;BID;;;;;
20251107;063539.968;;25305.50;25305.50;1;ASK;;;;;
20251107;063539.968;;25305.75;25305.75;1;ASK;;;;;
20251107;063539.968;25305.00;;25305.00;1;BID;;;;;
20251107;063539.968;25305.25;;25305.25;1;BID;;;;;
20251107;063539.968;;25306.00;25306.00;1;ASK;;;;;
20251107;063539.968;;25306.00;25306.00;2;ASK;;;;;
20251107;063539.968;;25305.75;25305.75;1;ASK;;;;;
20251107;063539.968;;25306.00;25306.00;2;ASK;;;;;
20251107;063539.968;;25306.00;25306.00;1;ASK;;;;;
20251107;063539.976;25305.00;;25305.00;1;BID;;;;;
20251107;063539.976;;25306.00;25306.00;2;ASK;;;;;
20251107;063539.976;;25305.75;25305.75;1;ASK;;;;;
20251107;063539.976;25304.75;;25304.75;2;BID;;;;;
20251107;063539.976;25304.75;;25304.75;1;BID;;;;;
20251107;063539.992;;25305.50;25305.50;1;ASK;;;;;
20251107;063540.032;;25305.75;25305.75;1;ASK;;;;;
20251107;063540.032;25305.00;;25305.00;1;BID;;;;;
20251107;063540.032;;25305.50;25305.50;1;ASK;;;;;
20251107;063540.032;25304.75;;25304.75;1;BID;;;;;
20251107;063540.032;25304.25;;25304.25;3;BID;;;;;
20251107;063540.032;25304.25;;25304.25;2;BID;;;;;
20251107;063540.032;25304.25;;25304.25;1;BID;;;;;
20251107;063540.032;25304.00;;25304.00;2;BID;;;;;
20251107;063540.032;25304.00;;25304.00;3;BID;;;;;
20251107;063540.036;25304.25;;25304.25;1;BID;;;;;
20251107;063540.036;25304.50;;25304.50;1;BID;;;;;
20251107;063540.048;;25305.25;25305.25;1;ASK;;;;;
20251107;063540.048;25304.25;;25304.25;1;BID;;;;;
20251107;063540.064;25304.50;;25304.50;1;BID;;;;;
20251107;063540.064;;25305.50;25305.50;1;ASK;;;;;
20251107;063540.064;25304.25;;25304.25;1;BID;;;;;
20251107;063540.064;;25305.50;25305.50;2;ASK;;;;;
20251107;063540.064;;25305.25;25305.25;1;ASK;;;;;
20251107;063540.064;;25305.25;25305.25;2;ASK;;;;;
20251107;063540.068;;25305.25;25305.25;1;ASK;;;;;
20251107;063540.092;;25305.00;25305.00;1;ASK;;;;;
20251107;063540.092;25304.00;;25304.00;3;BID;;;;;
20251107;063540.092;25304.00;;25304.00;2;BID;;;;;
20251107;063540.092;25304.00;;25304.00;1;BID;;;;;
20251107;063540.112;;25304.75;25304.75;1;ASK;;;;;
20251107;063540.256;;25304.75;25304.75;1;ASK;;;;;
20251107;063540.256;;25305.00;25305.00;1;ASK;;;;;
20251107;063540.256;25304.25;;25304.25;1;BID;;;;;
20251107;063540.256;;25305.25;25305.25;1;ASK;;;;;
20251107;063540.256;25304.50;;25304.50;1;BID;;;;;
20251107;063540.296;25304.25;;25304.25;1;BID;;;;;
20251107;063540.296;;25305.00;25305.00;1;ASK;;;;;
20251107;063540.296;25304.00;;25304.00;1;BID;;;;;
20251107;063540.328;25304.25;;25304.25;1;BID;;;;;
20251107;063540.328;;25305.25;25305.25;1;ASK;;;;;
20251107;063540.472;25304.50;;25304.50;1;BID;;;;;
20251107;063540.480;25304.25;;25304.25;1;BID;;;;;
20251107;063541.852;;25305.00;25305.00;1;ASK;;;;;
20251107;063541.852;25304.00;;25304.00;1;BID;;;;;
20251107;063541.856;25304.25;;25304.25;1;BID;;;;;
20251107;063541.856;;25305.25;25305.25;1;ASK;;;;;
20251107;063541.856;25304.50;;25304.50;1;BID;;;;;
20251107;063541.928;25304.25;;25304.25;1;BID;;;;;
20251107;063541.928;;25305.00;25305.00;1;ASK;;;;;
20251107;063542.052;;25305.25;25305.25;1;ASK;;;;;
20251107;063542.052;25304.50;;25304.50;1;BID;;;;;
20251107;063542.188;;25305.50;25305.50;3;ASK;;;;;
20251107;063542.188;;25305.50;25305.50;2;ASK;;;;;
20251107;063542.188;;25305.50;25305.50;1;ASK;;;;;
20251107;063542.188;;25305.25;25305.25;1;ASK;;;;;
20251107;063542.192;;25305.50;25305.50;1;ASK;;;;;
20251107;063542.192;25304.25;;25304.25;1;BID;;;;;
20251107;063542.192;;25305.00;25305.00;1;ASK;;;;;
20251107;063542.192;;25305.25;25305.25;1;ASK;;;;;
20251107;063542.192;25304.50;;25304.50;1;BID;;;;;
20251107;063542.196;;25305.50;25305.50;1;ASK;;;;;
20251107;063542.200;;25305.25;25305.25;1;ASK;;;;;
20251107;063542.200;25304.25;;25304.25;1;BID;;;;;
20251107;063542.252;;25305.00;25305.00;1;ASK;;;;;
20251107;063542.268;25304.50;;25304.50;1;BID;;;;;
20251107;063542.268;;25305.25;25305.25;1;ASK;;;;;
20251107;063542.268;;25305.50;25305.50;1;ASK;;;;;
20251107;063542.304;;25305.25;25305.25;1;ASK;;;;;
20251107;063542.304;25304.25;;25304.25;1;BID;;;;;
20251107;063542.304;25304.50;;25304.50;1;BID;;;;;
20251107;063542.304;;25305.50;25305.50;1;ASK;;;;;
20251107;063543.268;25304.50;;25304.50;2;BID;;;;;
20251107;063543.268;25304.50;;25304.50;3;BID;;;;;
20251107;063543.272;25304.75;;25304.75;1;BID;;;;;
20251107;063543.272;;25305.75;25305.75;1;ASK;;;;;
20251107;063543.272;;25305.50;25305.50;1;ASK;;;;;
20251107;063543.272;25304.50;;25304.50;2;BID;;;;;
20251107;063543.276;25304.75;;25304.75;1;BID;;;;;
20251107;063543.332;25304.50;;25304.50;2;BID;;;;;
20251107;063543.336;25304.50;;25304.50;1;BID;;;;;
20251107;063543.524;25304.50;;25304.50;1;BID;;;;;
20251107;063543.524;25304.25;;25304.25;2;BID;;;;;
20251107;063543.524;;25305.25;25305.25;1;ASK;;;;;
20251107;063543.524;25304.25;;25304.25;1;BID;;;;;
20251107;063543.524;;25305.25;25305.25;2;ASK;;;;;
20251107;063543.524;;25305.00;25305.00;1;ASK;;;;;
20251107;063543.524;25304.00;;25304.00;1;BID;;;;;
20251107;063543.524;25304.25;;25304.25;1;BID;;;;;
20251107;063543.524;;25305.50;25305.50;1;ASK;;;;;
20251107;063543.524;;25305.50;25305.50;2;ASK;;;;;
20251107;063543.528;;25305.25;25305.25;1;ASK;;;;;
20251107;063543.740;;25305.00;25305.00;1;ASK;;;;;
20251107;063543.740;25304.00;;25304.00;1;BID;;;;;
20251107;063543.740;;25305.25;25305.25;1;ASK;;;;;
20251107;063543.740;25304.25;;25304.25;1;BID;;;;;
20251107;063543.756;25304.50;;25304.50;1;BID;;;;;
20251107;063543.800;25304.25;;25304.25;1;BID;;;;;
20251107;063543.800;;25305.00;25305.00;1;ASK;;;;;
20251107;063543.852;;25305.25;25305.25;1;ASK;;;;;
20251107;063544.052;;25305.00;25305.00;1;ASK;;;;;
20251107;063544.052;25304.00;;25304.00;2;BID;;;;;
20251107;063544.052;;25304.75;25304.75;1;ASK;;;;;
20251107;063544.408;;25304.75;25304.75;1;ASK;;;;;
20251107;063544.408;;25305.00;25305.00;2;ASK;;;;;
20251107;063544.408;;25304.75;25304.75;1;ASK;;;;;
20251107;063544.408;;25305.00;25305.00;2;ASK;;;;;
20251107;063544.408;25304.25;;25304.25;1;BID;;;;;
20251107;063544.408;;25305.00;25305.00;1;ASK;;;;;
20251107;063544.408;25304.00;;25304.00;2;BID;;;;;
20251107;063544.408;;25305.25;25305.25;1;ASK;;;;;
20251107;063544.452;25304.25;;25304.25;1;BID;;;;;
20251107;063544.456;;25305.00;25305.00;1;ASK;;;;;
20251107;063544.456;25304.00;;25304.00;2;BID;;;;;
20251107;063544.472;25304.25;;25304.25;1;BID;;;;;
20251107;063544.472;;25305.25;25305.25;1;ASK;;;;;
20251107;063544.504;;25305.00;25305.00;1;ASK;;;;;
20251107;063544.520;25304.25;;25304.25;1;BID;;;;;
20251107;063544.520;25304.00;;25304.00;2;BID;;;;;
20251107;063544.520;;25304.25;25304.25;1;ASK;;;;;
20251107;063544.520;25304.00;;25304.00;1;BID;;;;;
20251107;063544.520;25304.00;;25304.00;1;BID;;;;;
20251107;063544.520;25304.00;;25304.00;1;BID;;;;;
20251107;063544.520;25303.50;;25303.50;1;BID;;;;;
20251107;063544.520;25303.25;;25303.25;2;BID;;;;;
20251107;063544.520;25303.25;;25303.25;1;BID;;;;;
20251107;063544.520;;25304.00;25304.00;1;ASK;;;;;
20251107;063544.532;25303.25;;25303.25;2;BID;;;;;
20251107;063544.532;;25304.25;25304.25;1;ASK;;;;;
20251107;063544.532;25303.50;;25303.50;1;BID;;;;;
20251107;063544.588;25303.25;;25303.25;2;BID;;;;;
20251107;063544.600;;25304.00;25304.00;1;ASK;;;;;
20251107;063545.004;;25304.25;25304.25;1;ASK;;;;;
20251107;063545.096;;25304.00;25304.00;1;ASK;;;;;
20251107;063545.344;;25304.25;25304.25;1;ASK;;;;;
20251107;063545.388;;25304.25;25304.25;1;ASK;;;;;
20251107;063545.388;;25304.50;25304.50;1;ASK;;;;;
20251107;063545.388;25303.50;;25303.50;1;BID;;;;;
20251107;063545.392;25303.50;;25303.50;2;BID;;;;;
20251107;063545.392;;25304.75;25304.75;2;ASK;;;;;
20251107;063545.392;25303.75;;25303.75;1;BID;;;;;
20251107;063545.392;;25304.75;25304.75;1;ASK;;;;;
20251107;063545.392;;25304.50;25304.50;1;ASK;;;;;
20251107;063545.392;25303.50;;25303.50;2;BID;;;;;
20251107;063545.392;;25304.25;25304.25;1;ASK;;;;;
20251107;063545.392;25303.50;;25303.50;1;BID;;;;;
20251107;063545.396;;25304.00;25304.00;1;ASK;;;;;
20251107;063545.540;;25304.25;25304.25;1;ASK;;;;;
20251107;063545.540;;25304.50;25304.50;2;ASK;;;;;
20251107;063545.764;;25304.50;25304.50;3;ASK;;;;;
20251107;063545.764;;25304.25;25304.25;1;ASK;;;;;
20251107;063545.764;;25304.25;25304.25;2;ASK;;;;;
20251107;063545.764;;25304.00;25304.00;1;ASK;;;;;
20251107;063545.768;25303.50;;25303.50;1;BID;;;;;
20251107;063545.768;25303.25;;25303.25;1;BID;;;;;
20251107;063545.768;;25304.25;25304.25;2;ASK;;;;;
20251107;063545.768;;25303.75;25303.75;1;ASK;;;;;
20251107;063545.768;;25304.00;25304.00;1;ASK;;;;;
20251107;063545.768;;25304.00;25304.00;2;ASK;;;;;
20251107;063545.768;;25304.00;25304.00;1;ASK;;;;;
20251107;063545.772;;25304.00;25304.00;2;ASK;;;;;
20251107;063545.936;;25304.00;25304.00;1;ASK;;;;;
20251107;063546.648;25303.50;;25303.50;1;BID;;;;;
20251107;063546.648;;25304.25;25304.25;2;ASK;;;;;
20251107;063546.668;25303.25;;25303.25;1;BID;;;;;
20251107;063546.668;;25304.25;25304.25;3;ASK;;;;;
20251107;063546.668;;25304.00;25304.00;1;ASK;;;;;
20251107;063546.668;;25304.25;25304.25;2;ASK;;;;;
20251107;063546.668;25303.50;;25303.50;1;BID;;;;;
20251107;063546.668;25303.25;;25303.25;1;BID;;;;;
20251107;063546.668;;25304.00;25304.00;1;ASK;;;;;
20251107;063546.756;;25304.25;25304.25;2;ASK;;;;;
20251107;063546.832;;25304.00;25304.00;1;ASK;;;;;
20251107;063546.940;;25304.25;25304.25;2;ASK;;;;;
20251107;063546.940;;25304.00;25304.00;1;ASK;;;;;
20251107;063546.972;;25304.25;25304.25;2;ASK;;;;;
20251107;063546.972;25303.50;;25303.50;1;BID;;;;;
20251107;063546.972;;25304.25;25304.25;1;ASK;;;;;
20251107;063546.972;;25304.50;25304.50;3;ASK;;;;;
20251107;063546.972;;25304.50;25304.50;2;ASK;;;;;
20251107;063546.972;;25304.50;25304.50;1;ASK;;;;;
20251107;063547.328;;25304.25;25304.25;1;ASK;;;;;
20251107;063547.608;;25304.50;25304.50;1;ASK;;;;;
20251107;063547.608;25303.75;;25303.75;1;BID;;;;;
20251107;063547.612;;25304.75;25304.75;1;ASK;;;;;
20251107;063547.612;25304.00;;25304.00;1;BID;;;;;
20251107;063547.612;;25305.00;25305.00;3;ASK;;;;;
20251107;063547.612;;25305.00;25305.00;2;ASK;;;;;
20251107;063547.612;;25305.00;25305.00;1;ASK;;;;;
20251107;063547.616;25304.25;;25304.25;1;BID;;;;;
20251107;063547.616;;25305.25;25305.25;2;ASK;;;;;
20251107;063547.616;;25305.25;25305.25;1;ASK;;;;;
20251107;063547.616;25304.00;;25304.00;1;BID;;;;;
20251107;063547.616;;25305.00;25305.00;1;ASK;;;;;
20251107;063547.616;25304.25;;25304.25;1;BID;;;;;
20251107;063547.740;;25304.75;25304.75;1;ASK;;;;;
20251107;063547.740;25304.00;;25304.00;1;BID;;;;;
20251107;063547.740;25303.75;;25303.75;1;BID;;;;;
20251107;063547.756;;25305.00;25305.00;1;ASK;;;;;
20251107;063547.756;25304.00;;25304.00;1;BID;;;;;
20251107;063548.008;;25304.75;25304.75;1;ASK;;;;;
20251107;063548.060;;25305.00;25305.00;1;ASK;;;;;
20251107;063548.116;;25304.75;25304.75;1;ASK;;;;;
20251107;063548.168;;25305.00;25305.00;1;ASK;;;;;
20251107;063548.220;;25304.75;25304.75;1;ASK;;;;;
20251107;063548.272;;25305.00;25305.00;1;ASK;;;;;
20251107;063548.328;;25304.75;25304.75;1;ASK;;;;;
20251107;063548.356;25303.75;;25303.75;1;BID;;;;;
20251107;063548.356;;25305.00;25305.00;1;ASK;;;;;
20251107;063548.356;25304.00;;25304.00;1;BID;;;;;
20251107;063548.356;;25304.75;25304.75;1;ASK;;;;;
20251107;063548.360;;25304.75;25304.75;1;ASK;;;;;
20251107;063548.360;;25305.00;25305.00;1;ASK;;;;;
20251107;063548.360;;25305.25;25305.25;1;ASK;;;;;
20251107;063548.360;25304.25;;25304.25;1;BID;;;;;
20251107;063548.360;;25305.50;25305.50;1;ASK;;;;;
20251107;063548.360;;25305.75;25305.75;1;ASK;;;;;
20251107;063548.360;;25305.25;25305.25;1;ASK;;;;;
20251107;063548.360;25304.00;;25304.00;1;BID;;;;;
20251107;063548.360;25304.00;;25304.00;2;BID;;;;;
20251107;063548.360;25304.25;;25304.25;1;BID;;;;;
20251107;063548.360;25304.50;;25304.50;1;BID;;;;;
20251107;063548.360;;25305.75;25305.75;3;ASK;;;;;
20251107;063548.360;;25305.50;25305.50;1;ASK;;;;;
20251107;063548.360;25304.75;;25304.75;1;BID;;;;;
20251107;063548.364;25304.50;;25304.50;1;BID;;;;;
20251107;063548.364;25304.75;;25304.75;1;BID;;;;;
20251107;063548.364;25304.50;;25304.50;1;BID;;;;;
20251107;063548.364;25304.75;;25304.75;1;BID;;;;;
20251107;063548.424;25304.50;;25304.50;1;BID;;;;;
20251107;063548.424;;25305.25;25305.25;1;ASK;;;;;
20251107;063548.468;;25305.50;25305.50;1;ASK;;;;;
20251107;063548.468;25304.75;;25304.75;1;BID;;;;;
20251107;063548.524;;25305.25;25305.25;1;ASK;;;;;
20251107;063548.524;25304.50;;25304.50;1;BID;;;;;
20251107;063548.524;;25305.50;25305.50;1;ASK;;;;;
20251107;063548.524;25304.75;;25304.75;1;BID;;;;;
20251107;063548.552;;25305.75;25305.75;2;ASK;;;;;
20251107;063548.552;;25305.50;25305.50;1;ASK;;;;;
20251107;063548.552;25304.50;;25304.50;1;BID;;;;;
20251107;063548.632;;25305.25;25305.25;1;ASK;;;;;
20251107;063548.636;;25305.50;25305.50;1;ASK;;;;;
20251107;063548.804;25304.75;;25304.75;1;BID;;;;;
20251107;063548.804;;25305.75;25305.75;2;ASK;;;;;
20251107;063548.880;;25305.75;25305.75;1;ASK;;;;;
20251107;063548.960;;25305.50;25305.50;1;ASK;;;;;
20251107;063548.960;25304.50;;25304.50;1;BID;;;;;
20251107;063548.960;;25305.25;25305.25;1;ASK;;;;;
20251107;063549.124;;25305.50;25305.50;1;ASK;;;;;
20251107;063549.124;25304.75;;25304.75;1;BID;;;;;
20251107;063549.176;25304.50;;25304.50;1;BID;;;;;
20251107;063549.176;;25305.25;25305.25;1;ASK;;;;;
20251107;063549.288;;25305.50;25305.50;1;ASK;;;;;
20251107;063549.288;25304.75;;25304.75;1;BID;;;;;
20251107;063549.368;25304.50;;25304.50;1;BID;;;;;
20251107;063549.368;;25305.25;25305.25;1;ASK;;;;;
20251107;063549.368;;25305.25;25305.25;1;ASK;;;;;
20251107;063549.368;;25305.50;25305.50;1;ASK;;;;;
20251107;063549.368;25304.75;;25304.75;1;BID;;;;;
20251107;063549.368;;25306.00;25306.00;2;ASK;;;;;
20251107;063549.368;;25306.00;25306.00;1;ASK;;;;;
20251107;063549.372;;25306.25;25306.25;1;ASK;;;;;
20251107;063549.372;;25306.50;25306.50;3;ASK;;;;;
20251107;063549.372;;25306.25;25306.25;1;ASK;;;;;
20251107;063549.372;25305.00;;25305.00;1;BID;;;;;
20251107;063549.372;;25306.25;25306.25;2;ASK;;;;;
20251107;063549.372;;25306.00;25306.00;1;ASK;;;;;
20251107;063549.392;;25305.75;25305.75;1;ASK;;;;;
20251107;063549.488;;25306.00;25306.00;1;ASK;;;;;
20251107;063549.488;25305.25;;25305.25;1;BID;;;;;
20251107;063549.568;;25306.00;25306.00;1;ASK;;;;;
20251107;063549.568;;25306.25;25306.25;3;ASK;;;;;
20251107;063549.568;;25306.25;25306.25;2;ASK;;;;;
20251107;063549.568;;25306.25;25306.25;1;ASK;;;;;
20251107;063549.568;25305.50;;25305.50;1;BID;;;;;
20251107;063549.568;;25306.50;25306.50;1;ASK;;;;;
20251107;063549.568;;25306.75;25306.75;3;ASK;;;;;
20251107;063549.568;;25306.75;25306.75;2;ASK;;;;;
20251107;063549.568;;25306.75;25306.75;1;ASK;;;;;
20251107;063549.568;;25307.00;25307.00;3;ASK;;;;;
20251107;063549.568;;25306.50;25306.50;1;ASK;;;;;
20251107;063549.572;25305.75;;25305.75;1;BID;;;;;
20251107;063549.572;;25306.75;25306.75;1;ASK;;;;;
20251107;063549.572;;25306.50;25306.50;1;ASK;;;;;
20251107;063549.572;25305.50;;25305.50;1;BID;;;;;
20251107;063549.640;25305.75;;25305.75;1;BID;;;;;
20251107;063549.640;;25306.75;25306.75;1;ASK;;;;;
20251107;063549.756;;25306.50;25306.50;1;ASK;;;;;
20251107;063549.756;25305.50;;25305.50;1;BID;;;;;
20251107;063549.796;25305.75;;25305.75;1;BID;;;;;
20251107;063549.796;;25306.75;25306.75;1;ASK;;;;;
20251107;063549.796;25306.00;;25306.00;1;BID;;;;;
20251107;063549.796;25305.75;;25305.75;1;BID;;;;;
20251107;063549.796;25306.00;;25306.00;1;BID;;;;;
20251107;063549.796;;25306.50;25306.50;1;ASK;;;;;
20251107;063549.796;;25306.75;25306.75;1;ASK;;;;;
20251107;063549.796;;25307.00;25307.00;2;ASK;;;;;
20251107;063549.796;;25307.00;25307.00;1;ASK;;;;;
20251107;063549.796;25305.75;;25305.75;1;BID;;;;;
20251107;063549.796;;25307.25;25307.25;7;ASK;;;;;
20251107;063549.796;;25307.25;25307.25;6;ASK;;;;;
20251107;063549.800;25306.00;;25306.00;1;BID;;;;;
20251107;063549.800;;25307.00;25307.00;1;ASK;;;;;
20251107;063549.872;25306.25;;25306.25;1;BID;;;;;
20251107;063549.872;;25307.25;25307.25;6;ASK;;;;;
20251107;063549.952;25306.25;;25306.25;1;BID;;;;;
20251107;063549.952;25306.00;;25306.00;1;BID;;;;;
20251107;063549.952;;25307.00;25307.00;1;ASK;;;;;
20251107;063549.952;;25306.75;25306.75;1;ASK;;;;;
20251107;063549.952;25305.75;;25305.75;1;BID;;;;;
20251107;063549.952;25306.00;;25306.00;1;BID;;;;;
20251107;063549.952;25305.75;;25305.75;1;BID;;;;;
20251107;063549.952;;25306.50;25306.50;1;ASK;;;;;
20251107;063549.952;25305.50;;25305.50;1;BID;;;;;
20251107;063549.952;;25306.25;25306.25;1;ASK;;;;;
20251107;063549.952;25305.75;;25305.75;1;BID;;;;;
20251107;063549.952;;25306.50;25306.50;1;ASK;;;;;
20251107;063549.952;;25306.75;25306.75;1;ASK;;;;;
20251107;063549.952;25306.00;;25306.00;1;BID;;;;;
20251107;063549.956;25305.75;;25305.75;1;BID;;;;;
20251107;063550.340;;25306.50;25306.50;1;ASK;;;;;
20251107;063550.340;25305.50;;25305.50;2;BID;;;;;
20251107;063550.340;25305.50;;25305.50;1;BID;;;;;
20251107;063550.340;;25306.75;25306.75;1;ASK;;;;;
20251107;063550.340;25305.75;;25305.75;1;BID;;;;;
20251107;063550.340;;25306.75;25306.75;2;ASK;;;;;
20251107;063550.340;;25306.75;25306.75;1;ASK;;;;;
20251107;063550.340;;25307.00;25307.00;2;ASK;;;;;
20251107;063550.340;25306.00;;25306.00;1;BID;;;;;
20251107;063550.340;;25306.50;25306.50;1;ASK;;;;;
20251107;063550.340;25305.50;;25305.50;1;BID;;;;;
20251107;063550.344;;25307.00;25307.00;2;ASK;;;;;
20251107;063550.344;25305.50;;25305.50;2;BID;;;;;
20251107;063550.344;25305.50;;25305.50;3;BID;;;;;
20251107;063550.344;;25306.75;25306.75;1;ASK;;;;;
20251107;063550.344;25305.75;;25305.75;1;BID;;;;;
20251107;063550.344;25306.00;;25306.00;1;BID;;;;;
20251107;063550.344;;25307.00;25307.00;2;ASK;;;;;
20251107;063550.344;;25306.75;25306.75;1;ASK;;;;;
20251107;063550.452;;25307.00;25307.00;1;ASK;;;;;
20251107;063550.452;25306.25;;25306.25;1;BID;;;;;
20251107;063550.452;;25307.25;25307.25;8;ASK;;;;;
20251107;063550.452;;25307.25;25307.25;7;ASK;;;;;
20251107;063550.456;;25307.00;25307.00;1;ASK;;;;;
20251107;063550.456;25306.00;;25306.00;1;BID;;;;;
20251107;063550.540;25306.00;;25306.00;1;BID;;;;;
20251107;063550.540;25305.75;;25305.75;1;BID;;;;;
20251107;063550.540;25305.50;;25305.50;4;BID;;;;;
20251107;063550.540;;25306.75;25306.75;1;ASK;;;;;
20251107;063550.540;25305.50;;25305.50;3;BID;;;;;
20251107;063550.544;;25306.75;25306.75;2;ASK;;;;;
20251107;063550.544;25305.50;;25305.50;2;BID;;;;;
20251107;063550.544;25305.50;;25305.50;1;BID;;;;;
20251107;063550.544;;25306.75;25306.75;3;ASK;;;;;
20251107;063550.544;;25306.50;25306.50;1;ASK;;;;;
20251107;063550.544;25305.75;;25305.75;1;BID;;;;;
20251107;063550.544;;25306.75;25306.75;3;ASK;;;;;
20251107;063550.556;;25306.50;25306.50;1;ASK;;;;;
20251107;063550.556;25305.50;;25305.50;1;BID;;;;;
20251107;063550.556;;25306.50;25306.50;2;ASK;;;;;
20251107;063550.556;25305.50;;25305.50;2;BID;;;;;
20251107;063550.556;25305.75;;25305.75;1;BID;;;;;
20251107;063550.668;25305.50;;25305.50;2;BID;;;;;
20251107;063550.668;25305.50;;25305.50;1;BID;;;;;
20251107;063550.668;;25306.25;25306.25;1;ASK;;;;;
20251107;063550.668;25305.25;;25305.25;3;BID;;;;;
20251107;063550.668;25305.25;;25305.25;2;BID;;;;;
20251107;063550.668;25305.25;;25305.25;1;BID;;;;;
20251107;063550.668;25305.50;;25305.50;1;BID;;;;;
20251107;063550.668;;25306.50;25306.50;3;ASK;;;;;
20251107;063550.668;;25306.50;25306.50;2;ASK;;;;;
20251107;063550.932;;25306.25;25306.25;1;ASK;;;;;
20251107;063550.932;25305.25;;25305.25;1;BID;;;;;
20251107;063550.952;25305.50;;25305.50;1;BID;;;;;
20251107;063550.952;;25306.50;25306.50;2;ASK;;;;;
20251107;063550.952;;25306.25;25306.25;1;ASK;;;;;
20251107;063550.988;;25306.50;25306.50;1;ASK;;;;;
20251107;063551.020;25305.75;;25305.75;1;BID;;;;;
20251107;063551.020;25306.00;;25306.00;1;BID;;;;;
20251107;063551.020;;25306.75;25306.75;4;ASK;;;;;
20251107;063551.020;;25306.50;25306.50;1;ASK;;;;;
20251107;063551.020;;25306.75;25306.75;3;ASK;;;;;
20251107;063551.020;;25306.75;25306.75;2;ASK;;;;;
20251107;063551.020;25305.75;;25305.75;1;BID;;;;;
20251107;063551.020;;25306.50;25306.50;1;ASK;;;;;
20251107;063551.020;25305.50;;25305.50;1;BID;;;;;
20251107;063551.040;25305.50;;25305.50;2;BID;;;;;
20251107;063551.040;25305.75;;25305.75;1;BID;;;;;
20251107;063551.040;;25306.75;25306.75;3;ASK;;;;;
20251107;063551.040;;25306.75;25306.75;2;ASK;;;;;
20251107;063551.040;;25306.50;25306.50;1;ASK;;;;;
20251107;063551.040;25305.50;;25305.50;1;BID;;;;;
20251107;063551.324;25305.50;;25305.50;2;BID;;;;;
20251107;063551.324;25305.75;;25305.75;1;BID;;;;;
20251107;063551.324;;25306.75;25306.75;2;ASK;;;;;
20251107;063551.352;;25306.50;25306.50;1;ASK;;;;;
20251107;063551.352;25305.50;;25305.50;2;BID;;;;;
20251107;063551.352;25305.50;;25305.50;1;BID;;;;;
20251107;063551.352;;25306.25;25306.25;1;ASK;;;;;
20251107;063551.360;;25306.50;25306.50;1;ASK;;;;;
20251107;063551.824;;25306.25;25306.25;1;ASK;;;;;
20251107;063551.824;25305.25;;25305.25;1;BID;;;;;
20251107;063551.828;25305.50;;25305.50;1;BID;;;;;
20251107;063551.828;;25306.50;25306.50;1;ASK;;;;;
20251107;063551.840;;25306.50;25306.50;2;ASK;;;;;
20251107;063551.840;;25306.25;25306.25;1;ASK;;;;;
20251107;063551.844;;25306.50;25306.50;1;ASK;;;;;
20251107;063551.892;;25306.25;25306.25;1;ASK;;;;;
20251107;063551.996;;25306.50;25306.50;1;ASK;;;;;
20251107;063552.052;;25306.50;25306.50;2;ASK;;;;;
20251107;063552.052;;25306.25;25306.25;1;ASK;;;;;
20251107;063552.052;25305.25;;25305.25;1;BID;;;;;
20251107;063552.072;25305.50;;25305.50;1;BID;;;;;
20251107;063552.072;;25306.50;25306.50;1;ASK;;;;;
20251107;063552.156;;25306.25;25306.25;1;ASK;;;;;
20251107;063552.156;25305.25;;25305.25;1;BID;;;;;
20251107;063552.348;25305.50;;25305.50;1;BID;;;;;
20251107;063552.348;;25306.50;25306.50;1;ASK;;;;;
20251107;063552.668;;25306.25;25306.25;1;ASK;;;;;
20251107;063552.668;25305.25;;25305.25;1;BID;;;;;
20251107;063552.668;;25306.25;25306.25;2;ASK;;;;;
20251107;063552.668;;25306.25;25306.25;1;ASK;;;;;
20251107;063552.668;25305.50;;25305.50;1;BID;;;;;
20251107;063552.668;;25306.50;25306.50;1;ASK;;;;;
20251107;063552.668;25305.25;;25305.25;1;BID;;;;;
20251107;063552.668;25305.50;;25305.50;1;BID;;;;;
20251107;063552.688;;25306.25;25306.25;1;ASK;;;;;
20251107;063552.740;;25306.50;25306.50;1;ASK;;;;;
20251107;063552.796;;25306.50;25306.50;2;ASK;;;;;
20251107;063552.796;;25306.25;25306.25;1;ASK;;;;;
20251107;063552.796;25305.25;;25305.25;1;BID;;;;;
20251107;063552.848;25305.50;;25305.50;1;BID;;;;;
20251107;063553.616;;25306.50;25306.50;1;ASK;;;;;
20251107;063553.752;;25306.25;25306.25;1;ASK;;;;;
20251107;063553.792;25305.75;;25305.75;1;BID;;;;;
20251107;063553.792;;25306.50;25306.50;1;ASK;;;;;
20251107;063553.792;;25306.75;25306.75;3;ASK;;;;;
20251107;063553.792;;25306.75;25306.75;2;ASK;;;;;
20251107;063553.792;;25306.75;25306.75;1;ASK;;;;;
20251107;063553.796;;25306.50;25306.50;1;ASK;;;;;
20251107;063553.796;25305.50;;25305.50;1;BID;;;;;
20251107;063553.856;25305.75;;25305.75;1;BID;;;;;
20251107;063553.856;;25306.75;25306.75;1;ASK;;;;;
20251107;063554.396;;25306.50;25306.50;1;ASK;;;;;
20251107;063554.396;25305.50;;25305.50;1;BID;;;;;
20251107;063554.396;25305.75;;25305.75;1;BID;;;;;
20251107;063554.396;;25306.75;25306.75;1;ASK;;;;;
20251107;063554.396;25306.00;;25306.00;1;BID;;;;;
20251107;063554.396;;25307.00;25307.00;2;ASK;;;;;
20251107;063554.412;;25307.00;25307.00;3;ASK;;;;;
20251107;063554.412;;25306.75;25306.75;1;ASK;;;;;
20251107;063554.412;25305.75;;25305.75;1;BID;;;;;
20251107;063554.444;25306.00;;25306.00;1;BID;;;;;
20251107;063554.444;;25307.00;25307.00;2;ASK;;;;;
20251107;063554.488;;25306.75;25306.75;1;ASK;;;;;
20251107;063554.488;25305.75;;25305.75;1;BID;;;;;
20251107;063554.724;25305.75;;25305.75;2;BID;;;;;
20251107;063554.724;25306.00;;25306.00;1;BID;;;;;
20251107;063554.728;25305.75;;25305.75;2;BID;;;;;
20251107;063554.728;25305.75;;25305.75;1;BID;;;;;
20251107;063555.288;25305.75;;25305.75;2;BID;;;;;
20251107;063555.288;25306.00;;25306.00;1;BID;;;;;
20251107;063555.292;;25307.00;25307.00;2;ASK;;;;;
20251107;063555.292;;25306.75;25306.75;1;ASK;;;;;
20251107;063555.292;25305.75;;25305.75;1;BID;;;;;
20251107;063555.292;25306.00;;25306.00;1;BID;;;;;
20251107;063555.292;;25307.00;25307.00;2;ASK;;;;;
20251107;063555.304;;25307.00;25307.00;1;ASK;;;;;
20251107;063555.384;25306.25;;25306.25;1;BID;;;;;
20251107;063555.384;;25307.25;25307.25;7;ASK;;;;;
20251107;063555.384;;25307.25;25307.25;6;ASK;;;;;
20251107;063555.384;25306.50;;25306.50;1;BID;;;;;
20251107;063555.384;;25307.00;25307.00;1;ASK;;;;;
20251107;063555.384;25306.25;;25306.25;1;BID;;;;;
20251107;063555.384;25306.00;;25306.00;1;BID;;;;;
20251107;063555.384;25306.00;;25306.00;2;BID;;;;;
20251107;063555.384;;25307.25;25307.25;6;ASK;;;;;
20251107;063555.384;25306.25;;25306.25;1;BID;;;;;
20251107;063555.384;25306.00;;25306.00;1;BID;;;;;
20251107;063555.388;;25307.00;25307.00;1;ASK;;;;;
20251107;063555.404;25306.00;;25306.00;2;BID;;;;;
20251107;063555.404;25306.25;;25306.25;1;BID;;;;;
20251107;063555.404;;25307.25;25307.25;6;ASK;;;;;
20251107;063555.456;;25307.00;25307.00;1;ASK;;;;;
20251107;063555.456;25306.00;;25306.00;2;BID;;;;;
20251107;063555.456;25306.00;;25306.00;1;BID;;;;;
20251107;063555.456;25306.00;;25306.00;2;BID;;;;;
20251107;063555.456;25306.25;;25306.25;1;BID;;;;;
20251107;063555.544;25306.25;;25306.25;2;BID;;;;;
20251107;063555.544;25306.50;;25306.50;1;BID;;;;;
20251107;063555.544;;25307.25;25307.25;6;ASK;;;;;
20251107;063555.544;25306.25;;25306.25;1;BID;;;;;
20251107;063555.548;25306.50;;25306.50;1;BID;;;;;
20251107;063556.388;25306.50;;25306.50;2;BID;;;;;
20251107;063556.640;25306.75;;25306.75;1;BID;;;;;
20251107;063556.640;25306.50;;25306.50;1;BID;;;;;
20251107;063557.288;25306.50;;25306.50;2;BID;;;;;
20251107;063558.896;25306.50;;25306.50;1;BID;;;;;
20251107;063559.952;25306.75;;25306.75;1;BID;;;;;
20251107;063559.952;25306.50;;25306.50;1;BID;p_shape;SHORT;25306.75;;
20251107;063559.956;25306.25;;25306.25;2;BID;;;;;
20251107;063559.956;25306.25;;25306.25;1;BID;;;;;
20251107;063559.956;25306.50;;25306.50;1;BID;;;;;
20251107;063600.112;25306.50;;25306.50;2;BID;;;;;
20251107;063600.512;25306.50;;25306.50;1;BID;;;;;
20251107;063600.512;25306.50;;25306.50;1;BID;;;;;
20251107;063600.512;25306.25;;25306.25;1;BID;;;;;
20251107;063600.512;25306.00;;25306.00;1;BID;;;;;
20251107;063600.512;25306.00;;25306.00;1;BID;;;;;
20251107;063600.512;25305.75;;25305.75;1;BID;;;;;
20251107;063600.512;;25307.00;25307.00;1;ASK;;;;;
20251107;063600.512;25305.75;;25305.75;2;BID;;;;;
20251107;063600.512;;25307.00;25307.00;2;ASK;;;;;
20251107;063600.512;;25306.75;25306.75;1;ASK;;;;;
20251107;063600.512;25306.00;;25306.00;1;BID;;;;;
20251107;063600.512;;25307.00;25307.00;2;ASK;;;;;
20251107;063600.512;25305.75;;25305.75;1;BID;;;;;
20251107;063600.512;25306.00;;25306.00;1;BID;;;;;
20251107;063600.512;;25307.00;25307.00;1;ASK;;;;;
20251107;063600.528;;25307.00;25307.00;2;ASK;;;;;
20251107;063600.528;;25306.75;25306.75;1;ASK;;;;;
20251107;063600.528;25305.75;;25305.75;1;BID;;;;;
20251107;063600.532;;25306.50;25306.50;1;ASK;;;;;
20251107;063600.532;;25306.75;25306.75;1;ASK;;;;;
20251107;063600.536;25306.00;;25306.00;1;BID;;;;;
20251107;063600.556;25305.75;;25305.75;1;BID;;;;;
20251107;063600.556;;25306.50;25306.50;1;ASK;;;;;
20251107;063600.572;;25306.75;25306.75;1;ASK;;;;;
20251107;063600.620;;25306.50;25306.50;1;ASK;;;;;
20251107;063600.704;;25306.75;25306.75;1;ASK;;;;;
20251107;063600.712;25306.00;;25306.00;1;BID;;;;;
20251107;063600.712;;25307.00;25307.00;3;ASK;;;;;
20251107;063600.712;;25307.00;25307.00;2;ASK;;;;;
20251107;063600.712;;25306.75;25306.75;1;ASK;;;;;
20251107;063600.712;25305.75;;25305.75;1;BID;;;;;
20251107;063601.096;25305.75;;25305.75;2;BID;;;;;
20251107;063601.096;25306.00;;25306.00;1;BID;;;;;
20251107;063601.096;;25307.00;25307.00;2;ASK;;;;;
20251107;063601.096;;25307.00;25307.00;1;ASK;;;;;
20251107;063601.100;;25306.75;25306.75;1;ASK;;;;;
20251107;063601.100;25305.75;;25305.75;1;BID;;;;;
20251107;063601.144;25306.00;;25306.00;1;BID;;;;;
20251107;063601.144;;25307.00;25307.00;1;ASK;;;;;
20251107;063601.164;25306.25;;25306.25;1;BID;;;;;
20251107;063601.200;25306.00;;25306.00;1;BID;;;;;
20251107;063601.200;25306.00;;25306.00;2;BID;;;;;
20251107;063601.200;25306.25;;25306.25;1;BID;;;;;
20251107;063601.328;;25307.25;25307.25;7;ASK;;;;;
20251107;063601.328;;25307.25;25307.25;6;ASK;;;;;
20251107;063601.332;;25307.00;25307.00;1;ASK;;;;;
20251107;063601.332;25306.00;;25306.00;1;BID;;;;;
20251107;063601.332;25306.00;;25306.00;2;BID;;;;;
20251107;063601.348;25306.25;;25306.25;1;BID;;;;;
20251107;063601.348;;25307.25;25307.25;6;ASK;;;;;
20251107;063601.548;25306.50;;25306.50;1;BID;;;;;
20251107;063601.548;25306.25;;25306.25;1;BID;;;;;
20251107;063601.548;;25307.00;25307.00;1;ASK;;;;;
20251107;063601.548;;25307.00;25307.00;2;ASK;;;;;
20251107;063601.548;25306.00;;25306.00;1;BID;;;;;
20251107;063602.228;;25306.75;25306.75;1;ASK;;;;;
20251107;063602.228;25305.75;;25305.75;3;BID;;;;;
20251107;063602.232;25305.75;;25305.75;2;BID;;;;;
20251107;063602.232;;25306.75;25306.75;2;ASK;;;;;
20251107;063602.232;25305.75;;25305.75;1;BID;;;;;
20251107;063602.484;;25306.50;25306.50;1;ASK;;;;;
20251107;063602.484;25305.50;;25305.50;1;BID;;;;;
20251107;063602.484;25305.75;;25305.75;1;BID;;;;;
20251107;063602.484;;25306.75;25306.75;2;ASK;;;;;
20251107;063602.548;;25306.50;25306.50;1;ASK;;;;;
20251107;063602.548;25305.50;;25305.50;1;BID;;;;;
20251107;063602.548;;25306.50;25306.50;2;ASK;;;;;
20251107;063603.072;;25306.25;25306.25;1;ASK;;;;;
20251107;063603.072;25305.00;;25305.00;3;BID;;;;;
20251107;063603.072;;25306.00;25306.00;1;ASK;;;;;
20251107;063603.072;25305.00;;25305.00;2;BID;;;;;
20251107;063603.072;25305.25;;25305.25;1;BID;;;;;
20251107;063603.072;;25306.25;25306.25;1;ASK;;;;;
20251107;063603.072;25305.50;;25305.50;1;BID;;;;;
20251107;063603.076;25305.50;;25305.50;1;BID;;;;;
20251107;063603.076;25305.25;;25305.25;1;BID;;;;;
20251107;063603.076;;25306.00;25306.00;1;ASK;;;;;
20251107;063603.076;25304.50;;25304.50;3;BID;;;;;
20251107;063603.076;25304.50;;25304.50;2;BID;;;;;
20251107;063603.076;25304.50;;25304.50;1;BID;;;;;
20251107;063603.076;25304.50;;25304.50;2;BID;;;;;
20251107;063603.076;25304.75;;25304.75;1;BID;;;;;
20251107;063603.076;;25305.75;25305.75;1;ASK;;;;;
20251107;063603.076;25305.00;;25305.00;1;BID;;;;;
20251107;063603.076;25304.75;;25304.75;1;BID;;;;;
20251107;063603.076;;25306.00;25306.00;1;ASK;;;;;
20251107;063603.076;25305.00;;25305.00;1;BID;;;;;
20251107;063603.124;;25306.00;25306.00;2;ASK;;;;;
20251107;063603.124;;25305.75;25305.75;1;ASK;;;;;
20251107;063603.124;25304.75;;25304.75;2;BID;;;;;
20251107;063603.124;25305.00;;25305.00;1;BID;;;;;
20251107;063603.124;;25306.00;25306.00;2;ASK;;;;;
20251107;063603.184;;25305.75;25305.75;1;ASK;;;;;
20251107;063603.184;25304.75;;25304.75;2;BID;;;;;
20251107;063603.184;;25305.50;25305.50;1;ASK;;;;;
20251107;063603.184;25304.75;;25304.75;1;BID;;;;;
20251107;063603.184;25304.50;;25304.50;2;BID;;;;;
20251107;063603.184;25304.50;;25304.50;1;BID;;;;;
20251107;063603.184;;25305.25;25305.25;1;ASK;;;;;
20251107;063603.184;25304.00;;25304.00;2;BID;;;;;
20251107;063603.184;;25305.50;25305.50;1;ASK;;;;;
20251107;063603.184;;25305.75;25305.75;1;ASK;;;;;
20251107;063603.184;25304.00;;25304.00;1;BID;;;;;
20251107;063603.184;25304.25;;25304.25;1;BID;;;;;
20251107;063603.188;;25305.75;25305.75;2;ASK;;;;;
20251107;063603.208;25304.50;;25304.50;1;BID;;;;;
20251107;063603.208;;25305.75;25305.75;1;ASK;;;;;
20251107;063603.208;25304.75;;25304.75;1;BID;;;;;
20251107;063603.208;25305.00;;25305.00;1;BID;;;;;
20251107;063603.220;25304.75;;25304.75;1;BID;;;;;
20251107;063603.220;;25305.50;25305.50;1;ASK;;;;;
20251107;063603.220;25304.25;;25304.25;2;BID;;;;;
20251107;063603.224;25304.25;;25304.25;1;BID;;;;;
20251107;063603.224;25304.25;;25304.25;2;BID;;;;;
20251107;063603.224;25304.50;;25304.50;1;BID;;;;;
20251107;063603.224;;25305.75;25305.75;1;ASK;;;;;
20251107;063603.224;;25305.50;25305.50;1;ASK;;;;;
20251107;063603.252;25304.75;;25304.75;1;BID;;;;;
20251107;063603.252;;25305.75;25305.75;1;ASK;;;;;
20251107;063603.252;;25306.25;25306.25;1;ASK;;;;;
20251107;063603.252;;25306.25;25306.25;2;ASK;;;;;
20251107;063603.252;;25306.25;25306.25;3;ASK;;;;;
20251107;063603.252;25305.00;;25305.00;1;BID;;;;;
20251107;063603.252;;25306.25;25306.25;4;ASK;;;;;
20251107;063603.252;;25306.00;25306.00;1;ASK;;;;;
20251107;063603.252;;25306.00;25306.00;2;ASK;;;;;
20251107;063603.252;;25305.75;25305.75;1;ASK;;;;;
20251107;063603.296;25304.75;;25304.75;1;BID;;;;;
20251107;063603.472;;25305.75;25305.75;2;ASK;;;;;
20251107;063603.472;;25305.50;25305.50;1;ASK;;;;;
20251107;063603.472;25304.50;;25304.50;2;BID;;;;;
20251107;063603.472;25304.50;;25304.50;1;BID;;;;;
20251107;063603.472;;25305.25;25305.25;1;ASK;;;;;
20251107;063603.472;;25305.50;25305.50;1;ASK;;;;;
20251107;063603.676;25304.25;;25304.25;2;BID;;;;;
20251107;063603.676;;25305.25;25305.25;1;ASK;;;;;
20251107;063603.676;25304.25;;25304.25;1;BID;;;;;
20251107;063603.676;25304.00;;25304.00;2;BID;;;;;
20251107;063603.680;;25305.00;25305.00;1;ASK;;;;;
20251107;063603.680;25304.00;;25304.00;1;BID;;;;;
20251107;063603.680;25303.75;;25303.75;1;BID;;;;;
20251107;063603.680;25304.25;;25304.25;1;BID;;;;;
20251107;063603.680;25303.75;;25303.75;2;BID;;;;;
20251107;063603.680;25304.00;;25304.00;1;BID;;;;;
20251107;063603.680;25304.25;;25304.25;1;BID;;;;;
20251107;063603.780;25304.00;;25304.00;1;BID;;;;;
20251107;063603.780;;25304.75;25304.75;1;ASK;;;;;
20251107;063603.780;25304.25;;25304.25;1;BID;;;;;
20251107;063603.780;;25305.00;25305.00;1;ASK;;;;;
20251107;063603.784;;25305.25;25305.25;1;ASK;;;;;
20251107;063603.832;;25305.25;25305.25;2;ASK;;;;;
20251107;063603.832;;25305.00;25305.00;1;ASK;;;;;
20251107;063603.832;25304.00;;25304.00;1;BID;;;;;
20251107;063603.860;25304.25;;25304.25;1;BID;;;;;
20251107;063603.860;;25305.25;25305.25;2;ASK;;;;;
20251107;063603.860;25304.50;;25304.50;1;BID;;;;;
20251107;063603.860;;25305.25;25305.25;1;ASK;;;;;
20251107;063603.964;25304.75;;25304.75;1;BID;;;;;
20251107;063603.976;25304.50;;25304.50;1;BID;;;;;
20251107;063604.192;25304.25;;25304.25;2;BID;;;;;
20251107;063604.192;;25305.00;25305.00;1;ASK;;;;;
20251107;063604.192;25304.25;;25304.25;1;BID;;;;;
20251107;063604.192;;25305.25;25305.25;1;ASK;;;;;
20251107;063604.192;25304.00;;25304.00;1;BID;;;;;
20251107;063604.196;;25305.00;25305.00;1;ASK;;;;;
20251107;063604.340;25304.25;;25304.25;1;BID;;;;;
20251107;063604.344;25304.00;;25304.00;1;BID;;;;;
20251107;063604.344;;25304.75;25304.75;1;ASK;;;;;
20251107;063604.344;25303.75;;25303.75;1;BID;;;;;
20251107;063604.344;;25305.00;25305.00;1;ASK;;;;;
20251107;063604.348;25303.75;;25303.75;2;BID;;;;;
20251107;063604.348;25304.00;;25304.00;1;BID;;;;;
20251107;063604.388;;25304.75;25304.75;1;ASK;;;;;
20251107;063604.388;25303.75;;25303.75;2;BID;;;;;
20251107;063604.392;25304.00;;25304.00;1;BID;;;;;
20251107;063604.392;;25305.00;25305.00;1;ASK;;;;;
20251107;063604.404;;25305.00;25305.00;2;ASK;;;;;
20251107;063604.404;;25304.75;25304.75;1;ASK;;;;;
20251107;063604.404;25303.75;;25303.75;2;BID;;;;;
20251107;063604.404;;25304.75;25304.75;2;ASK;;;;;
20251107;063604.404;;25304.50;25304.50;1;ASK;;;;;
20251107;063604.404;;25304.75;25304.75;2;ASK;;;;;
20251107;063604.404;25304.00;;25304.00;1;BID;;;;;
20251107;063604.404;25303.75;;25303.75;2;BID;;;;;
20251107;063604.408;25304.00;;25304.00;1;BID;;;;;
20251107;063604.408;25303.75;;25303.75;2;BID;;;;;
20251107;063604.448;25304.00;;25304.00;1;BID;;;;;
20251107;063604.472;25303.75;;25303.75;2;BID;;;;;
20251107;063604.500;25304.00;;25304.00;1;BID;;;;;
20251107;063604.508;25303.75;;25303.75;2;BID;;;;;
20251107;063604.532;25304.00;;25304.00;1;BID;;;;;
20251107;063604.552;25303.75;;25303.75;2;BID;;;;;
20251107;063604.604;25304.00;;25304.00;1;BID;;;;;
20251107;063604.604;;25304.75;25304.75;1;ASK;;;;;
20251107;063604.656;25303.75;;25303.75;2;BID;;;;;
20251107;063604.712;25304.00;;25304.00;1;BID;;;;;
20251107;063604.768;25303.75;;25303.75;2;BID;;;;;
20251107;063604.820;25304.00;;25304.00;1;BID;;;;;
20251107;063604.872;25303.75;;25303.75;2;BID;;;;;
20251107;063604.924;25304.00;;25304.00;1;BID;;;;;
20251107;063604.976;25303.75;;25303.75;2;BID;;;;;
20251107;063605.084;25304.00;;25304.00;1;BID;;;;;
20251107;063605.136;25303.75;;25303.75;2;BID;;;;;
20251107;063605.192;25304.00;;25304.00;1;BID;;;;;
20251107;063605.244;25303.75;;25303.75;2;BID;;;;;
20251107;063605.300;25304.00;;25304.00;1;BID;;;;;
20251107;063605.348;25303.75;;25303.75;2;BID;;;;;
20251107;063605.456;25304.00;;25304.00;1;BID;;;;;
20251107;063605.508;25303.75;;25303.75;2;BID;;;;;
20251107;063605.564;25304.00;;25304.00;1;BID;;;;;
20251107;063605.596;25303.75;;25303.75;2;BID;;;;;
20251107;063605.640;;25304.50;25304.50;1;ASK;;;;;
20251107;063605.640;25303.75;;25303.75;1;BID;;;;;
20251107;063605.640;;25304.75;25304.75;1;ASK;;;;;
20251107;063605.644;;25304.50;25304.50;1;ASK;;;;;
20251107;063605.644;;25304.75;25304.75;1;ASK;;;;;
20251107;063605.648;;25304.75;25304.75;2;ASK;;;;;
20251107;063605.648;;25304.50;25304.50;1;ASK;;;;;
20251107;063605.648;25303.50;;25303.50;2;BID;;;;;
20251107;063605.648;25303.50;;25303.50;1;BID;;;;;
20251107;063605.648;25303.25;;25303.25;1;BID;;;;;
20251107;063605.648;25303.00;;25303.00;2;BID;;;;;
20251107;063605.648;25303.25;;25303.25;1;BID;;;;;
20251107;063605.648;25303.25;;25303.25;2;BID;;;;;
20251107;063605.648;;25304.25;25304.25;1;ASK;;;;;
20251107;063605.648;;25304.50;25304.50;1;ASK;;;;;
20251107;063605.648;25303.50;;25303.50;1;BID;;;;;
20251107;063605.648;;25304.25;25304.25;1;ASK;;;;;
20251107;063605.648;25303.25;;25303.25;2;BID;;;;;
20251107;063605.648;;25304.50;25304.50;1;ASK;;;;;
20251107;063605.648;25303.50;;25303.50;1;BID;;;;;
20251107;063605.648;25303.75;;25303.75;1;BID;;;;;
20251107;063605.656;25303.50;;25303.50;1;BID;;;;;
20251107;063605.668;25303.50;;25303.50;2;BID;;;;;
20251107;063605.668;25303.75;;25303.75;1;BID;;;;;
20251107;063605.668;;25304.75;25304.75;2;ASK;;;;;
20251107;063605.668;;25304.75;25304.75;1;ASK;;;;;
20251107;063605.668;;25304.75;25304.75;1;ASK;;;;;
20251107;063605.668;;25305.00;25305.00;1;ASK;;;;;
20251107;063605.668;;25305.50;25305.50;2;ASK;;;;;
20251107;063605.668;25304.00;;25304.00;1;BID;;;;;
20251107;063605.668;25304.25;;25304.25;1;BID;;;;;
20251107;063605.668;25303.75;;25303.75;2;BID;;;;;
20251107;063605.672;;25305.50;25305.50;1;ASK;;;;;
20251107;063605.672;25303.75;;25303.75;3;BID;;;;;
20251107;063605.672;25303.75;;25303.75;4;BID;;;;;
20251107;063605.672;25304.00;;25304.00;1;BID;;;;;
20251107;063605.672;;25305.25;25305.25;1;ASK;;;;;
20251107;063605.672;25303.75;;25303.75;3;BID;;;;;
20251107;063605.672;25303.75;;25303.75;4;BID;;;;;
20251107;063605.672;25303.75;;25303.75;3;BID;;;;;
20251107;063605.672;25304.25;;25304.25;1;BID;;;;;
20251107;063605.696;;25305.00;25305.00;1;ASK;;;;;
20251107;063605.696;25303.75;;25303.75;4;BID;;;;;
20251107;063605.696;25303.75;;25303.75;3;BID;;;;;
20251107;063605.700;25304.00;;25304.00;1;BID;;;;;
20251107;063605.700;;25305.25;25305.25;1;ASK;;;;;
20251107;063605.700;25304.00;;25304.00;2;BID;;;;;
20251107;063605.700;25304.25;;25304.25;1;BID;;;;;
20251107;063605.752;;25305.00;25305.00;1;ASK;;;;;
20251107;063605.752;25304.00;;25304.00;3;BID;;;;;
20251107;063605.752;25304.00;;25304.00;2;BID;;;;;
20251107;063605.756;25304.25;;25304.25;1;BID;;;;;
20251107;063605.756;;25305.25;25305.25;1;ASK;;;;;
20251107;063605.884;;25305.25;25305.25;2;ASK;;;;;
20251107;063605.884;;25305.00;25305.00;1;ASK;;;;;
20251107;063605.884;25304.00;;25304.00;1;BID;;;;;
20251107;063606.200;25304.25;;25304.25;1;BID;;;;;
20251107;063606.200;;25305.25;25305.25;1;ASK;;;;;
20251107;063606.224;;25305.25;25305.25;2;ASK;;;;;
20251107;063606.224;;25305.00;25305.00;1;ASK;;;;;
20251107;063606.224;25304.00;;25304.00;1;BID;;;;;
20251107;063606.420;;25305.00;25305.00;2;ASK;;;;;
20251107;063606.420;;25304.75;25304.75;1;ASK;;;;;
20251107;063606.420;;25305.00;25305.00;2;ASK;;;;;
20251107;063607.328;25304.00;;25304.00;2;BID;;;;;
20251107;063607.328;;25305.00;25305.00;1;ASK;;;;;
20251107;063607.328;;25305.00;25305.00;1;ASK;;;;;
20251107;063607.328;25304.25;;25304.25;1;BID;;;;;
20251107;063607.332;25304.50;;25304.50;1;BID;;;;;
20251107;063607.332;;25305.00;25305.00;1;ASK;;;;;
20251107;063607.332;;25305.75;25305.75;1;ASK;;;;;
20251107;063607.332;25304.50;;25304.50;2;BID;;;;;
20251107;063607.332;25304.75;;25304.75;1;BID;;;;;
20251107;063607.332;;25306.00;25306.00;7;ASK;;;;;
20251107;063607.332;25304.50;;25304.50;2;BID;;;;;
20251107;063607.332;;25305.50;25305.50;1;ASK;;;;;
20251107;063607.332;25304.50;;25304.50;1;BID;;;;;
20251107;063607.332;;25305.50;25305.50;2;ASK;;;;;
20251107;063607.332;25304.25;;25304.25;2;BID;;;;;
20251107;063607.332;;25305.25;25305.25;1;ASK;;;;;
20251107;063607.332;25304.25;;25304.25;1;BID;;;;;
20251107;063607.336;;25305.00;25305.00;1;ASK;;;;;
20251107;063607.336;25304.00;;25304.00;1;BID;;;;;
20251107;063607.372;25304.00;;25304.00;2;BID;;;;;
20251107;063607.372;25304.25;;25304.25;1;BID;;;;;
20251107;063607.372;;25305.25;25305.25;1;ASK;;;;;
20251107;063607.372;;25305.50;25305.50;4;ASK;;;;;
20251107;063607.372;25304.25;;25304.25;2;BID;;;;;
20251107;063607.372;;25305.50;25305.50;3;ASK;;;;;
20251107;063607.372;25304.50;;25304.50;1;BID;;;;;
20251107;063607.372;;25305.50;25305.50;2;ASK;;;;;
20251107;063607.376;;25305.25;25305.25;1;ASK;;;;;
20251107;063607.376;25304.25;;25304.25;1;BID;;;;;
20251107;063607.744;25304.50;;25304.50;1;BID;;;;;
20251107;063607.744;;25305.50;25305.50;2;ASK;;;;;
20251107;063607.744;;25305.50;25305.50;1;ASK;;;;;
20251107;063607.748;25304.75;;25304.75;1;BID;;;;;
20251107;063607.748;25304.25;;25304.25;1;BID;;;;;
20251107;063607.748;;25305.25;25305.25;1;ASK;;;;;
20251107;063607.748;;25305.50;25305.50;1;ASK;;;;;
20251107;063607.748;25304.50;;25304.50;1;BID;;;;;
20251107;063607.752;;25305.25;25305.25;1;ASK;;;;;
20251107;063607.752;25304.25;;25304.25;1;BID;;;;;
20251107;063608.100;25304.50;;25304.50;1;BID;;;;;
20251107;063608.100;;25305.50;25305.50;1;ASK;;;;;
20251107;063608.100;25304.75;;25304.75;1;BID;;;;;
20251107;063608.100;;25305.75;25305.75;3;ASK;;;;;
20251107;063608.100;;25305.75;25305.75;2;ASK;;;;;
20251107;063608.100;;25305.75;25305.75;1;ASK;;;;;
20251107;063608.100;;25305.50;25305.50;1;ASK;;;;;
20251107;063608.100;25304.50;;25304.50;1;BID;;;;;
20251107;063608.100;;25305.25;25305.25;1;ASK;;;;;
20251107;063608.100;25304.25;;25304.25;1;BID;;;;;
20251107;063608.408;25304.50;;25304.50;1;BID;;;;;
20251107;063608.408;;25305.50;25305.50;1;ASK;;;;;
20251107;063608.408;25304.75;;25304.75;1;BID;;;;;
20251107;063608.408;;25306.00;25306.00;8;ASK;;;;;
20251107;063608.408;;25306.00;25306.00;7;ASK;;;;;
20251107;063608.408;;25305.75;25305.75;1;ASK;;;;;
20251107;063608.408;25304.50;;25304.50;1;BID;;;;;
20251107;063608.408;25304.50;;25304.50;2;BID;;;;;
20251107;063608.408;25304.75;;25304.75;1;BID;;;;;
20251107;063608.468;;25305.50;25305.50;1;ASK;;;;;
20251107;063608.468;25304.50;;25304.50;2;BID;;;;;
20251107;063608.472;;25305.75;25305.75;1;ASK;;;;;
20251107;063608.472;25304.75;;25304.75;1;BID;;;;;
20251107;063608.592;25304.75;;25304.75;2;BID;;;;;
20251107;063608.592;25305.00;;25305.00;1;BID;;;;;
20251107;063608.592;;25306.00;25306.00;8;ASK;;;;;
20251107;063608.592;;25306.00;25306.00;7;ASK;;;;;
20251107;063608.596;;25305.75;25305.75;1;ASK;;;;;
20251107;063608.596;25304.75;;25304.75;2;BID;;;;;
20251107;063608.636;;25305.75;25305.75;1;ASK;;;;;
20251107;063608.636;;25306.00;25306.00;7;ASK;;;;;
20251107;063608.636;25305.00;;25305.00;1;BID;;;;;
20251107;063608.636;;25306.00;25306.00;6;ASK;;;;;
20251107;063608.636;25305.25;;25305.25;1;BID;;;;;
20251107;063608.636;;25306.00;25306.00;5;ASK;;;;;
20251107;063608.640;25305.50;;25305.50;1;BID;;;;;
20251107;063608.660;25305.25;;25305.25;1;BID;;;;;
20251107;063608.696;25305.50;;25305.50;1;BID;;;;;
20251107;063608.700;25305.25;;25305.25;1;BID;;;;;
20251107;063608.728;25305.50;;25305.50;1;BID;;;;;
20251107;063608.784;25305.25;;25305.25;1;BID;;;;;
20251107;063608.788;25305.50;;25305.50;1;BID;;;;;
20251107;063609.932;;25306.00;25306.00;5;ASK;;;;;
20251107;063609.932;;25306.50;25306.50;1;ASK;;;;;
20251107;063609.932;;25306.75;25306.75;5;ASK;;;;;
20251107;063609.932;25305.75;;25305.75;1;BID;;;;;
20251107;063609.932;;25306.75;25306.75;4;ASK;;;;;
20251107;063609.932;;25306.75;25306.75;3;ASK;;;;;
20251107;063609.932;25306.00;;25306.00;1;BID;;;;;
20251107;063610.136;25305.75;;25305.75;1;BID;;;;;
20251107;063610.136;;25306.75;25306.75;1;ASK;;;;;
20251107;063610.136;;25306.75;25306.75;2;ASK;;;;;
20251107;063610.136;;25306.75;25306.75;20;ASK;;;;;
20251107;063610.136;;25307.00;25307.00;1;ASK;;;;;
20251107;063610.140;;25307.00;25307.00;1;ASK;;;;;
20251107;063610.140;;25307.25;25307.25;1;ASK;;;;;
20251107;063610.140;;25307.25;25307.25;6;ASK;;;;;
20251107;063610.140;;25307.25;25307.25;2;ASK;;;;;
20251107;063610.140;;25307.25;25307.25;4;ASK;;;;;
20251107;063610.140;;25307.25;25307.25;3;ASK;;;;;
20251107;063610.140;25307.00;;25307.00;1;BID;;;;;
20251107;063610.140;;25307.25;25307.25;2;ASK;;;;;
20251107;063610.140;;25307.25;25307.25;1;ASK;;;;;
20251107;063610.140;;25307.25;25307.25;1;ASK;;;;;
20251107;063610.140;;25307.75;25307.75;2;ASK;;;;;
20251107;063610.144;25306.75;;25306.75;20;BID;;;;;
20251107;063610.144;25306.75;;25306.75;21;BID;;;;;
20251107;063610.144;25306.75;;25306.75;22;BID;;;;;
20251107;063610.144;25307.25;;25307.25;1;BID;;;;;
20251107;063610.144;25306.75;;25306.75;22;BID;;;;;
20251107;063610.144;25306.75;;25306.75;21;BID;;;;;
20251107;063610.144;;25307.50;25307.50;1;ASK;;;;;
20251107;063610.144;;25307.75;25307.75;2;ASK;;;;;
20251107;063610.144;25306.75;;25306.75;20;BID;;;;;
20251107;063610.144;25307.00;;25307.00;1;BID;;;;;
20251107;063610.144;25306.75;;25306.75;20;BID;;;;;
20251107;063610.144;;25307.75;25307.75;3;ASK;;;;;
20251107;063610.144;;25307.50;25307.50;1;ASK;;;;;
20251107;063610.144;;25307.75;25307.75;2;ASK;;;;;
20251107;063610.144;25307.00;;25307.00;1;BID;;;;;
20251107;063610.144;25306.75;;25306.75;20;BID;;;;;
20251107;063610.148;;25307.50;25307.50;1;ASK;;;;;
20251107;063610.148;;25307.75;25307.75;2;ASK;;;;;
20251107;063610.148;;25307.50;25307.50;1;ASK;;;;;
20251107;063610.148;;25307.75;25307.75;2;ASK;;;;;
20251107;063610.148;25307.00;;25307.00;1;BID;;;;;
20251107;063610.148;25307.00;;25307.00;2;BID;;;;;
20251107;063610.152;25307.00;;25307.00;1;BID;;;;;
20251107;063610.152;25306.75;;25306.75;20;BID;;;;;
20251107;063610.152;25307.00;;25307.00;1;BID;;;;;
20251107;063610.152;25307.25;;25307.25;1;BID;;;;;
20251107;063610.152;25307.00;;25307.00;1;BID;;;;;
20251107;063610.152;25307.00;;25307.00;2;BID;;;;;
20251107;063610.156;25307.25;;25307.25;1;BID;;;;;
20251107;063610.156;25307.00;;25307.00;1;BID;;;;;
20251107;063610.156;25307.00;;25307.00;2;BID;;;;;
20251107;063610.156;25307.00;;25307.00;1;BID;;;;;
20251107;063610.156;25306.75;;25306.75;21;BID;;;;;
20251107;063610.156;25306.75;;25306.75;20;BID;;;;;
20251107;063610.156;;25307.50;25307.50;1;ASK;;;;;
20251107;063610.160;;25307.75;25307.75;2;ASK;;;;;
20251107;063610.208;25307.00;;25307.00;1;BID;;;;;
20251107;063610.212;25306.75;;25306.75;20;BID;;;;;
20251107;063610.248;25307.00;;25307.00;1;BID;;;;;
20251107;063610.340;25307.00;;25307.00;2;BID;;;;;
20251107;063610.340;25307.25;;25307.25;1;BID;;;;;
20251107;063610.340;25307.00;;25307.00;1;BID;;;;;
20251107;063610.396;25306.75;;25306.75;21;BID;;;;;
20251107;063610.396;25306.75;;25306.75;20;BID;;;;;
20251107;063610.400;25307.00;;25307.00;1;BID;;;;;
20251107;063610.544;25307.25;;25307.25;1;BID;;;;;
20251107;063610.544;25307.00;;25307.00;1;BID;;;;;
20251107;063610.544;25307.00;;25307.00;2;BID;;;;;
20251107;063610.696;25307.25;;25307.25;1;BID;;;;;
20251107;063610.696;25307.00;;25307.00;2;BID;;;;;
20251107;063610.696;25307.00;;25307.00;1;BID;;;;;
20251107;063610.696;25307.00;;25307.00;2;BID;;;;;
20251107;063611.524;25307.00;;25307.00;1;BID;;;;;
20251107;063611.524;25306.75;;25306.75;21;BID;;;;;
20251107;063611.528;25306.75;;25306.75;20;BID;;;;;
20251107;063611.640;25306.75;;25306.75;21;BID;;;;;
20251107;063611.640;25307.00;;25307.00;1;BID;;;;;
20251107;063611.724;25306.75;;25306.75;21;BID;;;;;
20251107;063611.752;25307.00;;25307.00;1;BID;;;;;
20251107;063612.404;25307.00;;25307.00;2;BID;;;;;
20251107;063612.408;25307.25;;25307.25;1;BID;;;;;
20251107;063612.408;25307.00;;25307.00;2;BID;;;;;
20251107;063612.408;25307.00;;25307.00;1;BID;;;;;
20251107;063612.408;25307.00;;25307.00;2;BID;;;;;
20251107;063612.624;25307.00;;25307.00;1;BID;;;;;
20251107;063612.624;25307.00;;25307.00;1;BID;;;;;
20251107;063612.624;;25307.50;25307.50;1;ASK;;;;;
20251107;063612.624;25306.75;;25306.75;21;BID;;;;;
20251107;063612.624;;25307.75;25307.75;2;ASK;;;;;
20251107;063612.788;25307.00;;25307.00;1;BID;;;;;
20251107;063613.128;;25307.75;25307.75;3;ASK;;;;;
20251107;063613.128;25306.75;;25306.75;21;BID;;;;;
20251107;063613.128;;25307.75;25307.75;4;ASK;;;;;
20251107;063613.128;;25307.50;25307.50;1;ASK;;;;;
20251107;063613.128;;25307.75;25307.75;3;ASK;;;;;
20251107;063613.156;25307.00;;25307.00;1;BID;;;;;
20251107;063613.376;25306.75;;25306.75;21;BID;;;;;
20251107;063613.460;;25307.75;25307.75;2;ASK;;;;;
20251107;063613.460;;25307.75;25307.75;1;ASK;;;;;
20251107;063613.460;;25308.00;25308.00;1;ASK;;;;;
20251107;063613.460;25307.00;;25307.00;1;BID;;;;;
20251107;063613.460;25307.00;;25307.00;2;BID;;;;;
20251107;063613.460;25307.00;;25307.00;1;BID;;;;;
20251107;063613.460;25307.25;;25307.25;1;BID;;;;;
20251107;063613.480;25307.00;;25307.00;1;BID;;;;;
20251107;063613.480;25307.00;;25307.00;2;BID;;;;;
20251107;063613.480;25307.25;;25307.25;1;BID;;;;;
20251107;063613.604;25307.25;;25307.25;2;BID;;;;;
20251107;063613.628;25307.50;;25307.50;1;BID;;;;;
20251107;063613.652;25307.25;;25307.25;2;BID;;;;;
20251107;063613.960;25307.50;;25307.50;1;BID;;;;;
20251107;063614.036;25307.25;;25307.25;2;BID;;;;;
20251107;063614.036;25307.25;;25307.25;1;BID;;;;;
20251107;063614.036;25307.00;;25307.00;2;BID;;;;;
20251107;063614.036;25307.00;;25307.00;1;BID;;;;;
20251107;063614.036;25307.00;;25307.00;2;BID;;;;;
20251107;063614.036;25307.25;;25307.25;1;BID;;;;;
20251107;063614.036;25307.25;;25307.25;2;BID;;;;;
20251107;063614.072;25307.25;;25307.25;1;BID;;;;;
20251107;063614.072;25307.25;;25307.25;2;BID;;;;;
20251107;063614.112;25307.50;;25307.50;1;BID;;;;;
20251107;063614.608;;25308.00;25308.00;1;ASK;;;;;
20251107;063614.608;;25308.25;25308.25;1;ASK;;;;;
20251107;063614.608;;25308.00;25308.00;1;ASK;;;;;
20251107;063614.608;;25308.25;25308.25;11;ASK;;;;;
20251107;063614.608;;25308.25;25308.25;10;ASK;;;;;
20251107;063614.612;;25308.25;25308.25;1;ASK;;;;;
20251107;063614.612;;25308.25;25308.25;9;ASK;;;;;
20251107;063614.612;25308.00;;25308.00;1;BID;;;;;
20251107;063614.612;25307.50;;25307.50;2;BID;;;;;
20251107;063614.612;;25308.25;25308.25;3;ASK;;;;;
20251107;063614.612;;25308.25;25308.25;6;ASK;;;;;
20251107;063614.612;25307.75;;25307.75;1;BID;;;;;
20251107;063614.612;25307.75;;25307.75;2;BID;;;;;
20251107;063614.680;;25308.25;25308.25;1;ASK;;;;;
20251107;063614.680;;25308.25;25308.25;5;ASK;;;;;
20251107;063614.680;;25308.25;25308.25;1;ASK;;;;;
20251107;063614.680;;25308.25;25308.25;4;ASK;;;;;
20251107;063614.680;25308.00;;25308.00;1;BID;;;;;
20251107;063614.680;;25308.25;25308.25;1;ASK;;;;;
20251107;063614.680;;25308.25;25308.25;3;ASK;;;;;
20251107;063614.680;;25308.25;25308.25;2;ASK;;;;;
20251107;063614.680;;25308.25;25308.25;1;ASK;;;;;
20251107;063614.680;;25308.75;25308.75;2;ASK;;;;;
20251107;063614.680;25308.00;;25308.00;2;BID;;;;;
20251107;063614.680;;25308.75;25308.75;1;ASK;;;;;
20251107;063614.680;;25309.00;25309.00;2;ASK;;;;;
20251107;063614.680;25308.25;;25308.25;1;BID;;;;;
20251107;063614.680;;25309.00;25309.00;1;ASK;;;;;
20251107;063614.684;25308.00;;25308.00;1;BID;;;;;
20251107;063614.684;25308.00;;25308.00;2;BID;;;;;
20251107;063614.684;25308.00;;25308.00;3;BID;;;;;
20251107;063614.684;25308.25;;25308.25;1;BID;;;;;
20251107;063614.688;25308.50;;25308.50;1;BID;;;;;
20251107;063614.688;25308.25;;25308.25;1;BID;;;;;
20251107;063614.688;25308.50;;25308.50;1;BID;;;;;
20251107;063614.688;25308.25;;25308.25;1;BID;;;;;
20251107;063614.692;25308.50;;25308.50;1;BID;;;;;
20251107;063614.804;25308.25;;25308.25;1;BID;;;;;
20251107;063614.820;25308.25;;25308.25;2;BID;;;;;
20251107;063614.820;25308.50;;25308.50;1;BID;;;;;
20251107;063614.820;25308.25;;25308.25;2;BID;;;;;
20251107;063614.844;25308.50;;25308.50;1;BID;;;;;
20251107;063614.848;25308.75;;25308.75;1;BID;;;;;
20251107;063614.848;;25309.00;25309.00;1;ASK;;;;;
20251107;063614.848;;25309.50;25309.50;2;ASK;;;;;
20251107;063614.848;;25309.50;25309.50;1;ASK;;;;;
20251107;063614.848;25309.00;;25309.00;1;BID;;;;;
20251107;063614.848;;25309.75;25309.75;3;ASK;;;;;
20251107;063614.848;;25309.75;25309.75;2;ASK;;;;;
20251107;063614.848;25308.75;;25308.75;1;BID;;;;;
20251107;063614.848;;25309.50;25309.50;1;ASK;;;;;
20251107;063614.848;25308.75;;25308.75;2;BID;;;;;
20251107;063614.848;25308.75;;25308.75;3;BID;;;;;
20251107;063614.848;;25309.75;25309.75;2;ASK;;;;;
20251107;063614.848;;25309.75;25309.75;1;ASK;;;;;
20251107;063614.848;25309.00;;25309.00;1;BID;;;;;
20251107;063614.860;;25309.75;25309.75;2;ASK;;;;;
20251107;063614.860;25309.00;;25309.00;2;BID;;;;;
20251107;063614.876;25309.25;;25309.25;1;BID;;;;;
20251107;063614.876;25309.25;;25309.25;2;BID;;;;;
20251107;063614.876;25309.50;;25309.50;1;BID;;;;;
20251107;063614.876;;25309.75;25309.75;1;ASK;;;;;
20251107;063614.876;;25309.75;25309.75;1;ASK;;;;;
20251107;063614.876;;25310.00;25310.00;1;ASK;;;;;
20251107;063614.876;;25310.00;25310.00;5;ASK;;;;;
20251107;063614.876;25309.75;;25309.75;1;BID;;;;;
20251107;063614.876;;25310.00;25310.00;3;ASK;;;;;
20251107;063614.876;;25310.00;25310.00;1;ASK;;;;;
20251107;063614.876;;25310.00;25310.00;1;ASK;;;;;
20251107;063614.876;;25310.50;25310.50;1;ASK;;;;;
20251107;063614.876;25309.50;;25309.50;3;BID;;;;;
20251107;063614.876;;25310.75;25310.75;3;ASK;;;;;
20251107;063614.876;25309.50;;25309.50;4;BID;;;;;
20251107;063614.876;25309.75;;25309.75;1;BID;;;;;
20251107;063614.876;;25310.75;25310.75;2;ASK;;;;;
20251107;063614.876;25310.00;;25310.00;1;BID;;;;;
20251107;063614.876;;25310.75;25310.75;1;ASK;;;;;
20251107;063614.876;;25311.00;25311.00;5;ASK;;;;;
20251107;063614.880;;25311.00;25311.00;4;ASK;;;;;
20251107;063614.880;25309.75;;25309.75;1;BID;;;;;
20251107;063614.880;25309.75;;25309.75;2;BID;;;;;
20251107;063614.880;;25311.00;25311.00;3;ASK;;;;;
20251107;063614.880;;25310.75;25310.75;1;ASK;;;;;
20251107;063614.884;;25311.00;25311.00;3;ASK;;;;;
20251107;063614.884;25309.75;;25309.75;3;BID;;;;;
20251107;063614.884;25310.00;;25310.00;1;BID;;;;;
20251107;063614.884;;25310.75;25310.75;1;ASK;;;;;
20251107;063614.888;;25310.75;25310.75;2;ASK;;;;;
20251107;063614.888;25309.75;;25309.75;4;BID;;;;;
20251107;063614.888;25309.75;;25309.75;3;BID;;;;;
20251107;063614.888;25309.75;;25309.75;2;BID;;;;;
20251107;063614.888;;25310.50;25310.50;1;ASK;;;;;
20251107;063614.888;25309.75;;25309.75;1;BID;;;;;
20251107;063614.888;;25310.75;25310.75;2;ASK;;;;;
20251107;063614.888;25310.00;;25310.00;1;BID;;;;;
20251107;063614.888;;25310.75;25310.75;1;ASK;;;;;
20251107;063614.896;;25310.75;25310.75;2;ASK;;;;;
20251107;063614.896;25309.75;;25309.75;1;BID;;;;;
20251107;063614.900;;25310.75;25310.75;1;ASK;;;;;
20251107;063614.900;;25310.75;25310.75;1;ASK;;;;;
20251107;063614.900;;25311.00;25311.00;4;ASK;;;;;
20251107;063614.900;25310.00;;25310.00;1;BID;;;;;
20251107;063614.900;;25311.00;25311.00;3;ASK;;;;;
20251107;063614.900;;25311.00;25311.00;2;ASK;;;;;
20251107;063614.900;;25311.00;25311.00;3;ASK;;;;;
20251107;063614.900;25310.25;;25310.25;1;BID;;;;;
20251107;063614.900;;25311.00;25311.00;2;ASK;;;;;
20251107;063614.900;;25311.00;25311.00;1;ASK;;;;;
20251107;063614.904;25310.50;;25310.50;1;BID;;;;;
20251107;063614.936;25310.25;;25310.25;1;BID;;;;;
20251107;063614.960;25310.50;;25310.50;1;BID;;;;;
20251107;063615.000;25310.25;;25310.25;1;BID;;;;;
20251107;063615.000;25310.00;;25310.00;3;BID;;;;;
20251107;063615.000;25310.00;;25310.00;2;BID;;;;;
20251107;063615.004;25310.00;;25310.00;1;BID;;;;;
20251107;063615.004;;25311.00;25311.00;2;ASK;;;;;
20251107;063615.004;;25310.75;25310.75;1;ASK;;;;;
20251107;063615.036;;25310.75;25310.75;1;ASK;;;;;
20251107;063615.036;;25311.00;25311.00;2;ASK;;;;;
20251107;063615.036;25310.25;;25310.25;1;BID;;;;;
20251107;063615.036;25310.25;;25310.25;2;BID;;;;;
20251107;063615.036;25310.25;;25310.25;1;BID;;;;;
20251107;063615.036;25310.00;;25310.00;1;BID;;;;;
20251107;063615.036;;25311.00;25311.00;1;ASK;;;;;
20251107;063615.036;25310.25;;25310.25;1;BID;;;;;
20251107;063615.036;25310.00;;25310.00;1;BID;;;;;
20251107;063615.036;;25311.00;25311.00;2;ASK;;;;;
20251107;063615.208;25310.00;;25310.00;1;BID;;;;;
20251107;063615.208;25309.75;;25309.75;3;BID;;;;;
20251107;063615.208;;25310.75;25310.75;1;ASK;;;;;
20251107;063615.208;25309.75;;25309.75;2;BID;;;;;
20251107;063615.208;25309.75;;25309.75;1;BID;;;;;
20251107;063615.208;25309.50;;25309.50;3;BID;;;;;
20251107;063615.208;;25310.50;25310.50;1;ASK;;;;;
20251107;063615.208;25309.50;;25309.50;2;BID;;;;;
20251107;063615.212;25309.50;;25309.50;1;BID;;;;;
20251107;063615.212;25309.75;;25309.75;1;BID;;;;;
20251107;063615.212;;25310.75;25310.75;1;ASK;;;;;
20251107;063615.212;25309.75;;25309.75;2;BID;;;;;
20251107;063615.216;25310.00;;25310.00;1;BID;;;;;
20251107;063615.216;25309.75;;25309.75;1;BID;;;;;
20251107;063615.244;25310.00;;25310.00;1;BID;;;;;
20251107;063615.312;25309.75;;25309.75;1;BID;;;;;
20251107;063615.332;25310.00;;25310.00;1;BID;;;;;
20251107;063615.348;25309.75;;25309.75;1;BID;;;;;
20251107;063615.348;;25310.50;25310.50;1;ASK;;;;;
20251107;063615.404;25309.75;;25309.75;2;BID;;;;;
20251107;063615.404;;25310.75;25310.75;1;ASK;;;;;
20251107;063615.404;25310.00;;25310.00;1;BID;;;;;
20251107;063615.404;25310.00;;25310.00;2;BID;;;;;
20251107;063615.404;25310.00;;25310.00;1;BID;;;;;
20251107;063615.468;25309.75;;25309.75;2;BID;;;;;
20251107;063615.468;25310.00;;25310.00;1;BID;;;;;
20251107;063615.472;25309.75;;25309.75;2;BID;;;;;
20251107;063615.476;25310.00;;25310.00;1;BID;;;;;
20251107;063615.804;;25310.75;25310.75;2;ASK;;;;;
20251107;063615.804;;25310.75;25310.75;3;ASK;;;;;
20251107;063615.804;;25310.50;25310.50;1;ASK;;;;;
20251107;063615.808;;25310.75;25310.75;2;ASK;;;;;
20251107;063615.808;25309.75;;25309.75;2;BID;;;;;
20251107;063615.808;;25310.50;25310.50;1;ASK;;;;;
20251107;063615.916;25309.75;;25309.75;1;BID;;;;;
20251107;063615.916;;25310.50;25310.50;2;ASK;;;;;
20251107;063615.916;25309.50;;25309.50;1;BID;;;;;
20251107;063615.916;;25310.50;25310.50;1;ASK;;;;;
20251107;063615.916;25309.75;;25309.75;1;BID;;;;;
20251107;063615.920;;25310.50;25310.50;2;ASK;;;;;
20251107;063615.920;;25310.50;25310.50;1;ASK;;;;;
20251107;063615.920;;25310.75;25310.75;2;ASK;;;;;
20251107;063615.988;25310.00;;25310.00;1;BID;;;;;
20251107;063615.992;;25310.50;25310.50;1;ASK;;;;;
20251107;063615.992;25309.75;;25309.75;1;BID;;;;;
20251107;063616.096;25309.75;;25309.75;2;BID;;;;;
20251107;063616.096;;25310.75;25310.75;2;ASK;;;;;
20251107;063616.096;25310.00;;25310.00;1;BID;;;;;
20251107;063616.152;;25310.75;25310.75;1;ASK;;;;;
20251107;063616.236;25309.75;;25309.75;2;BID;;;;;
20251107;063616.236;;25310.50;25310.50;1;ASK;;;;;
20251107;063616.252;;25310.50;25310.50;1;ASK;;;;;
20251107;063616.252;;25310.75;25310.75;1;ASK;;;;;
20251107;063616.252;25310.00;;25310.00;1;BID;;;;;
20251107;063616.268;25310.00;;25310.00;1;BID;;;;;
20251107;063616.268;25309.75;;25309.75;2;BID;;;;;
20251107;063616.268;;25310.50;25310.50;1;ASK;;;;;
20251107;063616.268;;25310.50;25310.50;2;ASK;;;;;
20251107;063616.268;25309.75;;25309.75;1;BID;;;;;
20251107;063616.268;25309.50;;25309.50;1;BID;;;;;
20251107;063616.268;;25310.25;25310.25;1;ASK;;;;;
20251107;063616.268;25309.25;;25309.25;3;BID;;;;;
20251107;063616.268;25309.25;;25309.25;2;BID;;;;;
20251107;063616.268;25309.25;;25309.25;1;BID;;;;;
20251107;063616.272;25309.50;;25309.50;1;BID;;;;;
20251107;063616.312;25309.25;;25309.25;1;BID;;;;;
20251107;063616.312;;25310.00;25310.00;1;ASK;;;;;
20251107;063616.312;;25310.25;25310.25;2;ASK;;;;;
20251107;063616.312;;25310.00;25310.00;1;ASK;;;;;
20251107;063616.312;25309.00;;25309.00;2;BID;;;;;
20251107;063616.316;25309.00;;25309.00;1;BID;;;;;
20251107;063616.316;25309.25;;25309.25;1;BID;;;;;
20251107;063616.416;25309.25;;25309.25;2;BID;;;;;
20251107;063616.416;25309.50;;25309.50;1;BID;;;;;
20251107;063616.416;;25310.25;25310.25;2;ASK;;;;;
20251107;063616.632;25309.25;;25309.25;2;BID;;;;;
20251107;063616.632;;25310.00;25310.00;1;ASK;;;;;
20251107;063616.632;25309.25;;25309.25;1;BID;;;;;
20251107;063616.632;25309.00;;25309.00;1;BID;;;;;
20251107;063616.636;;25309.75;25309.75;1;ASK;;;;;
20251107;063616.672;25308.75;;25308.75;2;BID;;;;;
20251107;063616.672;;25309.75;25309.75;2;ASK;;;;;
20251107;063616.672;25308.75;;25308.75;1;BID;;;;;
20251107;063616.672;;25309.50;25309.50;1;ASK;;;;;
20251107;063616.676;25308.75;;25308.75;2;BID;;;;;
20251107;063616.676;;25309.75;25309.75;2;ASK;;;;;
20251107;063616.676;25309.00;;25309.00;1;BID;;;;;
20251107;063616.716;25309.00;;25309.00;1;BID;;;;;
20251107;063616.716;25308.75;;25308.75;2;BID;;;;;
20251107;063616.716;;25309.50;25309.50;1;ASK;;;;;
20251107;063616.716;25308.75;;25308.75;1;BID;;;;;
20251107;063616.716;;25309.50;25309.50;2;ASK;;;;;
20251107;063616.716;25308.50;;25308.50;3;BID;;;;;
20251107;063616.716;25308.50;;25308.50;2;BID;;;;;
20251107;063616.716;;25309.50;25309.50;1;ASK;;;;;
20251107;063616.716;25308.75;;25308.75;1;BID;;;;;
20251107;063616.736;;25309.75;25309.75;3;ASK;;;;;
20251107;063616.736;25308.75;;25308.75;2;BID;;;;;
20251107;063616.744;;25309.75;25309.75;1;ASK;;;;;
20251107;063616.744;;25309.75;25309.75;1;ASK;;;;;
20251107;063616.744;;25309.75;25309.75;1;ASK;;;;;
20251107;063616.744;25309.00;;25309.00;1;BID;;;;;
20251107;063616.744;;25310.00;25310.00;2;ASK;;;;;
20251107;063616.744;;25310.00;25310.00;1;ASK;;;;;
20251107;063616.752;25309.25;;25309.25;1;BID;;;;;
20251107;063616.752;;25310.25;25310.25;1;ASK;;;;;
20251107;063616.752;25309.50;;25309.50;1;BID;;;;;
20251107;063616.760;25309.25;;25309.25;1;BID;;;;;
20251107;063616.760;;25310.00;25310.00;1;ASK;;;;;
20251107;063616.872;25309.25;;25309.25;2;BID;;;;;
20251107;063616.872;;25310.25;25310.25;1;ASK;;;;;
20251107;063616.872;25309.50;;25309.50;1;BID;;;;;
20251107;063617.012;25310.00;;25310.00;1;BID;;;;;
20251107;063617.012;25310.00;;25310.00;1;BID;;;;;
20251107;063617.012;25309.50;;25309.50;1;BID;;;;;
20251107;063617.016;;25310.50;25310.50;3;ASK;;;;;
20251107;063617.016;;25310.50;25310.50;2;ASK;;;;;
20251107;063617.016;;25310.50;25310.50;1;ASK;;;;;
20251107;063617.016;25309.75;;25309.75;1;BID;;;;;
20251107;063617.016;;25310.75;25310.75;2;ASK;;;;;
20251107;063617.016;;25310.75;25310.75;1;ASK;;;;;
20251107;063617.016;;25310.50;25310.50;1;ASK;;;;;
20251107;063617.016;25310.00;;25310.00;1;BID;;;;;
20251107;063617.020;;25310.75;25310.75;1;ASK;;;;;
20251107;063617.020;25309.75;;25309.75;1;BID;;;;;
20251107;063617.024;;25310.50;25310.50;1;ASK;;;;;
20251107;063617.052;25309.75;;25309.75;2;BID;;;;;
20251107;063617.052;;25310.75;25310.75;2;ASK;;;;;
20251107;063617.052;;25310.75;25310.75;1;ASK;;;;;
20251107;063617.052;25310.00;;25310.00;1;BID;;;;;
20251107;063617.200;;25310.75;25310.75;1;ASK;;;;;
20251107;063617.200;;25311.00;25311.00;3;ASK;;;;;
20251107;063617.200;25310.25;;25310.25;1;BID;;;;;
20251107;063617.200;;25311.00;25311.00;2;ASK;;;;;
20251107;063617.204;;25311.00;25311.00;1;ASK;;;;;
20251107;063617.212;;25311.00;25311.00;2;ASK;;;;;
20251107;063617.212;25310.25;;25310.25;2;BID;;;;;
20251107;063617.212;25310.25;;25310.25;1;BID;;;;;
20251107;063617.212;25310.00;;25310.00;1;BID;;;;;
20251107;063617.256;25310.25;;25310.25;1;BID;;;;;
20251107;063617.368;25310.25;;25310.25;2;BID;;;;;
20251107;063617.516;25310.50;;25310.50;1;BID;;;;;
20251107;063617.520;25310.25;;25310.25;2;BID;;;;;
20251107;063617.524;;25311.00;25311.00;1;ASK;;;;;
20251107;063617.532;25310.25;;25310.25;1;BID;;;;;
20251107;063617.532;25310.25;;25310.25;1;BID;;;;;
20251107;063617.532;25310.00;;25310.00;1;BID;;;;;
20251107;063617.532;;25310.75;25310.75;1;ASK;;;;;
20251107;063617.532;;25311.00;25311.00;1;ASK;;;;;
20251107;063617.532;;25311.00;25311.00;2;ASK;;;;;
20251107;063617.532;25310.25;;25310.25;1;BID;;;;;
20251107;063617.532;;25311.00;25311.00;1;ASK;;;;;
20251107;063617.536;;25310.75;25310.75;1;ASK;;;;;
20251107;063617.536;25310.00;;25310.00;1;BID;;;;;
20251107;063617.876;;25311.00;25311.00;2;ASK;;;;;
20251107;063618.000;25310.25;;25310.25;1;BID;;;;;
20251107;063618.000;;25311.00;25311.00;1;ASK;;;;;
20251107;063618.000;25310.00;;25310.00;1;BID;;;;;
20251107;063618.000;;25310.75;25310.75;1;ASK;;;;;
20251107;063618.188;;25311.00;25311.00;2;ASK;;;;;
20251107;063618.204;25310.25;;25310.25;1;BID;;;;;
20251107;063618.224;;25311.00;25311.00;1;ASK;;;;;
20251107;063618.224;25310.25;;25310.25;2;BID;;;;;
20251107;063618.268;;25311.00;25311.00;1;ASK;;;;;
20251107;063618.268;;25311.25;25311.25;3;ASK;;;;;
20251107;063618.268;25310.50;;25310.50;1;BID;;;;;
20251107;063618.268;;25311.25;25311.25;2;ASK;;;;;
20251107;063618.268;25310.50;;25310.50;2;BID;;;;;
20251107;063618.268;;25311.25;25311.25;1;ASK;;;;;
20251107;063618.268;25310.75;;25310.75;1;BID;;;;;
20251107;063618.272;;25311.25;25311.25;2;ASK;;;;;
20251107;063618.272;25310.50;;25310.50;3;BID;;;;;
20251107;063618.272;25310.50;;25310.50;2;BID;;;;;
20251107;063618.316;25310.75;;25310.75;1;BID;;;;;
20251107;063618.328;25310.50;;25310.50;2;BID;;;;;
20251107;063618.336;25310.75;;25310.75;1;BID;;;;;
20251107;063618.396;;25311.25;25311.25;1;ASK;;;;;
20251107;063618.396;;25311.25;25311.25;1;ASK;;;;;
20251107;063618.396;;25311.75;25311.75;2;ASK;;;;;
20251107;063618.396;25311.00;;25311.00;1;BID;;;;;
20251107;063618.396;;25311.75;25311.75;1;ASK;;;;;
20251107;063618.396;;25312.00;25312.00;2;ASK;;;;;
20251107;063618.396;;25312.00;25312.00;1;ASK;;;;;
20251107;063618.396;;25311.75;25311.75;1;ASK;;;;;
20251107;063618.396;;25311.75;25311.75;2;ASK;;;;;
20251107;063618.500;;25311.75;25311.75;1;ASK;;;;;
20251107;063618.500;;25311.75;25311.75;1;ASK;;;;;
20251107;063618.500;;25312.00;25312.00;2;ASK;;;;;
20251107;063618.500;25311.25;;25311.25;1;BID;;;;;
20251107;063618.500;;25312.00;25312.00;1;ASK;;;;;
20251107;063618.500;;25312.00;25312.00;2;ASK;;;;;
20251107;063618.500;;25312.00;25312.00;1;ASK;;;;;
20251107;063618.504;25311.00;;25311.00;1;BID;;;;;
20251107;063618.504;;25312.00;25312.00;2;ASK;;;;;
20251107;063618.540;;25312.00;25312.00;1;ASK;;;;;
20251107;063618.548;25311.25;;25311.25;1;BID;;;;;
20251107;063618.680;25311.25;;25311.25;2;BID;;;;;
20251107;063618.740;;25312.00;25312.00;2;ASK;;;;;
20251107;063618.740;25311.25;;25311.25;1;BID;;;;;
20251107;063618.740;25311.25;;25311.25;1;BID;;;;;
20251107;063618.740;25311.00;;25311.00;1;BID;;;;;
20251107;063618.744;;25311.75;25311.75;1;ASK;;;;;
20251107;063618.744;25310.75;;25310.75;1;BID;;;;;
20251107;063618.744;;25311.75;25311.75;2;ASK;;;;;
20251107;063618.744;;25311.50;25311.50;1;ASK;;;;;
20251107;063618.744;25310.50;;25310.50;3;BID;;;;;
20251107;063618.744;25310.50;;25310.50;2;BID;;;;;
20251107;063618.744;;25311.50;25311.50;2;ASK;;;;;
20251107;063618.744;25310.75;;25310.75;1;BID;;;;;
20251107;063618.744;;25311.50;25311.50;1;ASK;;;;;
20251107;063618.744;25311.00;;25311.00;1;BID;;;;;
20251107;063618.744;;25311.75;25311.75;2;ASK;;;;;
20251107;063618.748;25310.75;;25310.75;1;BID;;;;;
20251107;063618.748;;25311.75;25311.75;1;ASK;;;;;
20251107;063618.784;25311.00;;25311.00;1;BID;;;;;
20251107;063619.316;;25312.00;25312.00;3;ASK;;;;;
20251107;063619.316;;25312.00;25312.00;2;ASK;;;;;
20251107;063619.316;;25312.00;25312.00;3;ASK;;;;;
20251107;063619.316;;25311.75;25311.75;1;ASK;;;;;
20251107;063619.316;25310.75;;25310.75;1;BID;;;;;
20251107;063619.484;25311.00;;25311.00;1;BID;;;;;
20251107;063619.484;;25312.00;25312.00;1;ASK;;;;;
20251107;063619.484;25311.25;;25311.25;1;BID;;;;;
20251107;063620.000;;25311.75;25311.75;1;ASK;;;;;
20251107;063620.000;25311.00;;25311.00;1;BID;;;;;
20251107;063620.000;;25312.00;25312.00;1;ASK;;;;;
20251107;063620.000;25311.25;;25311.25;1;BID;;;;;
20251107;063620.000;;25312.00;25312.00;2;ASK;;;;;
20251107;063620.232;25311.00;;25311.00;1;BID;;;;;
20251107;063620.268;25311.00;;25311.00;2;BID;;;;;
20251107;063620.316;25311.25;;25311.25;1;BID;;;;;
20251107;063620.348;25311.00;;25311.00;2;BID;;;;;
20251107;063621.268;;25311.75;25311.75;1;ASK;;;;;
20251107;063621.268;25311.00;;25311.00;1;BID;;;;;
20251107;063621.324;25310.75;;25310.75;3;BID;;;;;
20251107;063621.324;25310.75;;25310.75;2;BID;;;;;
20251107;063621.324;25310.75;;25310.75;1;BID;;;;;
20251107;063621.324;;25311.50;25311.50;1;ASK;;;;;
20251107;063621.328;;25311.75;25311.75;1;ASK;;;;;
20251107;063621.352;;25311.50;25311.50;1;ASK;;;;;
20251107;063621.604;;25311.75;25311.75;1;ASK;;;;;
20251107;063621.848;;25311.50;25311.50;1;ASK;;;;;
20251107;063622.044;25310.50;;25310.50;2;BID;;;;;
20251107;063622.092;25310.75;;25310.75;1;BID;;;;;
20251107;063622.480;;25311.75;25311.75;1;ASK;;;;;
20251107;063622.480;25311.00;;25311.00;1;BID;;;;;
20251107;063623.672;25310.75;;25310.75;1;BID;;;;;
20251107;063623.672;;25311.50;25311.50;1;ASK;;;;;
20251107;063623.956;25310.75;;25310.75;1;BID;;;;;
20251107;063623.956;25310.50;;25310.50;2;BID;;;;;
20251107;063623.956;;25311.25;25311.25;1;ASK;;;;;
20251107;063623.956;25310.50;;25310.50;1;BID;;;;;
20251107;063623.960;;25311.50;25311.50;1;ASK;;;;;
20251107;063623.960;25310.75;;25310.75;1;BID;;;;;
20251107;063624.040;;25311.75;25311.75;3;ASK;;;;;
20251107;063624.040;;25311.50;25311.50;1;ASK;;;;;
20251107;063624.084;25310.50;;25310.50;1;BID;;;;;
20251107;063624.340;25310.50;;25310.50;1;BID;;;;;
20251107;063624.340;25310.25;;25310.25;1;BID;;;;;
20251107;063624.340;25310.25;;25310.25;2;BID;;;;;
20251107;063624.340;;25311.25;25311.25;1;ASK;;;;;
20251107;063624.340;25310.25;;25310.25;1;BID;;;;;
20251107;063624.340;;25311.25;25311.25;2;ASK;;;;;
20251107;063624.344;25310.50;;25310.50;1;BID;;;;;
20251107;063624.344;;25311.25;25311.25;1;ASK;;;;;
20251107;063624.392;;25311.25;25311.25;2;ASK;;;;;
20251107;063624.392;25310.00;;25310.00;3;BID;;;;;
20251107;063624.392;25310.00;;25310.00;2;BID;;;;;
20251107;063624.396;25310.25;;25310.25;1;BID;;;;;
20251107;063624.448;;25311.00;25311.00;1;ASK;;;;;
20251107;063624.564;25310.00;;25310.00;2;BID;;;;;
20251107;063624.564;25310.00;;25310.00;1;BID;;;;;
20251107;063624.564;;25310.75;25310.75;1;ASK;;;;;
20251107;063624.564;25309.75;;25309.75;2;BID;;;;;
20251107;063624.564;25309.75;;25309.75;1;BID;;;;;
20251107;063624.564;;25310.50;25310.50;1;ASK;;;;;
20251107;063624.564;25309.50;;25309.50;3;BID;;;;;
20251107;063624.564;25309.50;;25309.50;2;BID;;;;;
20251107;063624.564;25309.50;;25309.50;1;BID;;;;;
20251107;063624.564;;25310.50;25310.50;2;ASK;;;;;
20251107;063624.564;25309.75;;25309.75;1;BID;;;;;
20251107;063624.564;25309.50;;25309.50;1;BID;;;;;
20251107;063624.604;;25310.25;25310.25;1;ASK;;;;;
20251107;063624.604;;25310.50;25310.50;1;ASK;;;;;
20251107;063624.604;25309.75;;25309.75;1;BID;;;;;
20251107;063624.604;;25310.50;25310.50;2;ASK;;;;;
20251107;063624.696;25309.50;;25309.50;1;BID;;;;;
20251107;063624.968;;25310.25;25310.25;1;ASK;;;;;
20251107;063624.968;;25310.25;25310.25;2;ASK;;;;;
20251107;063624.968;25309.25;;25309.25;2;BID;;;;;
20251107;063624.968;25309.25;;25309.25;1;BID;;;;;
20251107;063624.968;;25310.00;25310.00;1;ASK;;;;;
20251107;063624.968;25309.00;;25309.00;1;BID;;;;;
20251107;063624.968;25308.75;;25308.75;2;BID;;;;;
20251107;063624.968;;25310.00;25310.00;2;ASK;;;;;
20251107;063624.968;25308.75;;25308.75;1;BID;;;;;
20251107;063624.968;;25310.00;25310.00;3;ASK;;;;;
20251107;063624.968;;25309.75;25309.75;1;ASK;;;;;
20251107;063624.968;25308.50;;25308.50;1;BID;;;;;
20251107;063624.968;25308.00;;25308.00;12;BID;;;;;
20251107;063624.972;25308.00;;25308.00;11;BID;;;;;
20251107;063624.972;25308.00;;25308.00;10;BID;;;;;
20251107;063624.972;25308.00;;25308.00;11;BID;;;;;
20251107;063624.972;25308.25;;25308.25;1;BID;;;;;
20251107;063624.972;;25310.00;25310.00;1;ASK;;;;;
20251107;063624.972;25308.25;;25308.25;2;BID;;;;;
20251107;063624.972;25308.25;;25308.25;3;BID;;;;;
20251107;063624.972;25308.50;;25308.50;1;BID;;;;;
20251107;063624.972;;25310.00;25310.00;2;ASK;;;;;
20251107;063624.972;25308.50;;25308.50;2;BID;;;;;
20251107;063624.972;25308.75;;25308.75;1;BID;;;;;
20251107;063624.972;25309.00;;25309.00;1;BID;;;;;
20251107;063624.972;;25309.75;25309.75;1;ASK;;;;;
20251107;063624.972;25308.75;;25308.75;1;BID;;;;;
20251107;063624.976;;25309.75;25309.75;2;ASK;;;;;
20251107;063624.976;;25309.50;25309.50;1;ASK;;;;;
20251107;063624.976;;25309.75;25309.75;1;ASK;;;;;
20251107;063624.976;;25309.75;25309.75;2;ASK;;;;;
20251107;063624.976;;25309.50;25309.50;1;ASK;;;;;
20251107;063625.208;25308.50;;25308.50;2;BID;;;;;
20251107;063625.208;25308.50;;25308.50;1;BID;;;;;
20251107;063625.208;;25309.25;25309.25;1;ASK;;;;;
20251107;063625.256;;25309.50;25309.50;2;ASK;;;;;
20251107;063625.264;;25309.25;25309.25;1;ASK;;;;;
20251107;063625.412;;25309.50;25309.50;1;ASK;;;;;
20251107;063625.412;25308.75;;25308.75;1;BID;;;;;
20251107;063625.412;25308.75;;25308.75;2;BID;;;;;
20251107;063625.416;25308.75;;25308.75;1;BID;;;;;
20251107;063625.416;25308.50;;25308.50;1;BID;;;;;
20251107;063625.460;25308.75;;25308.75;1;BID;;;;;
20251107;063625.540;;25309.75;25309.75;3;ASK;;;;;
20251107;063625.540;;25309.75;25309.75;2;ASK;;;;;
20251107;063625.540;25309.00;;25309.00;1;BID;;;;;
20251107;063625.540;25309.25;;25309.25;1;BID;;;;;
20251107;063625.540;25309.25;;25309.25;1;BID;;;;;
20251107;063625.540;25308.75;;25308.75;1;BID;;;;;
20251107;063625.540;;25309.75;25309.75;1;ASK;;;;;
20251107;063625.540;;25309.50;25309.50;1;ASK;;;;;
20251107;063625.540;;25309.25;25309.25;1;ASK;;;;;
20251107;063625.544;25308.25;;25308.25;3;BID;;;;;
20251107;063625.544;;25309.50;25309.50;1;ASK;;;;;
20251107;063625.544;25308.25;;25308.25;2;BID;;;;;
20251107;063625.544;25308.50;;25308.50;1;BID;;;;;
20251107;063625.544;;25309.25;25309.25;1;ASK;;;;;
20251107;063625.752;;25309.50;25309.50;1;ASK;;;;;
20251107;063625.752;;25309.50;25309.50;2;ASK;;;;;
20251107;063625.756;;25309.25;25309.25;1;ASK;;;;;
20251107;063625.816;25308.25;;25308.25;3;BID;;;;;
20251107;063625.816;;25309.25;25309.25;2;ASK;;;;;
20251107;063625.816;;25309.00;25309.00;1;ASK;;;;;
20251107;063625.816;25308.25;;25308.25;2;BID;;;;;
20251107;063625.816;25308.25;;25308.25;1;BID;;;;;
20251107;063625.816;25308.00;;25308.00;9;BID;;;;;
20251107;063625.816;;25309.00;25309.00;2;ASK;;;;;
20251107;063625.816;25308.00;;25308.00;8;BID;;;;;
20251107;063625.816;;25308.75;25308.75;1;ASK;;;;;
20251107;063625.816;25308.00;;25308.00;7;BID;;;;;
20251107;063625.816;;25309.00;25309.00;2;ASK;;;;;
20251107;063625.816;;25309.00;25309.00;3;ASK;;;;;
20251107;063625.820;;25309.00;25309.00;4;ASK;;;;;
20251107;063625.820;;25309.00;25309.00;3;ASK;;;;;
20251107;063625.832;;25308.75;25308.75;1;ASK;;;;;
20251107;063625.916;;25309.00;25309.00;2;ASK;;;;;
20251107;063625.916;;25309.00;25309.00;1;ASK;;;;;
20251107;063625.916;;25308.75;25308.75;1;ASK;;;;;
20251107;063625.920;;25309.00;25309.00;2;ASK;;;;;
20251107;063625.920;;25309.00;25309.00;1;ASK;;;;;
20251107;063625.920;;25309.00;25309.00;2;ASK;;;;;
20251107;063626.516;;25308.75;25308.75;1;ASK;;;;;
20251107;063626.664;25308.00;;25308.00;8;BID;;;;;
20251107;063626.664;;25309.00;25309.00;1;ASK;;;;;
20251107;063626.664;25308.25;;25308.25;1;BID;;;;;
20251107;063626.664;;25309.00;25309.00;2;ASK;;;;;
20251107;063626.664;;25309.00;25309.00;3;ASK;;;;;
20251107;063626.664;25308.00;;25308.00;8;BID;;;;;
20251107;063626.664;;25308.75;25308.75;1;ASK;;;;;
20251107;063626.724;;25309.00;25309.00;2;ASK;;;;;
20251107;063626.724;25308.25;;25308.25;1;BID;;;;;
20251107;063626.724;25308.25;;25308.25;2;BID;;;;;
20251107;063626.908;;25309.00;25309.00;1;ASK;;;;;
20251107;063626.972;25308.25;;25308.25;1;BID;;;;;
20251107;063627.000;25308.00;;25308.00;8;BID;;;;;
20251107;063627.000;25308.25;;25308.25;1;BID;;;;;
20251107;063627.132;25308.00;;25308.00;8;BID;;;;;
20251107;063627.132;;25308.75;25308.75;1;ASK;;;;;
20251107;063627.132;;25309.00;25309.00;1;ASK;;;;;
20251107;063627.744;;25308.75;25308.75;1;ASK;;;;;
20251107;063627.744;;25308.50;25308.50;1;ASK;;;;;
20251107;063628.404;;25308.75;25308.75;1;ASK;;;;;
20251107;063628.604;;25309.00;25309.00;2;ASK;;;;;
20251107;063628.604;25308.25;;25308.25;1;BID;;;;;
20251107;063628.616;;25309.00;25309.00;1;ASK;;;;;
20251107;063628.856;;25309.00;25309.00;2;ASK;;;;;
20251107;063628.856;;25308.75;25308.75;1;ASK;;;;;
20251107;063628.856;25308.00;;25308.00;8;BID;;;;;
20251107;063628.880;;25308.50;25308.50;1;ASK;;;;;
20251107;063628.956;;25308.75;25308.75;1;ASK;;;;;
20251107;063629.268;;25308.75;25308.75;2;ASK;;;;;
20251107;063629.480;;25308.75;25308.75;1;ASK;;;;;
20251107;063629.652;;25308.75;25308.75;1;ASK;;;;;
20251107;063629.652;;25309.00;25309.00;1;ASK;;;;;
20251107;063629.652;25308.25;;25308.25;1;BID;;;;;
20251107;063629.652;;25309.00;25309.00;2;ASK;;;;;
20251107;063629.652;25308.00;;25308.00;8;BID;;;;;
20251107;063629.652;;25308.75;25308.75;1;ASK;;;;;
20251107;063630.544;;25309.00;25309.00;1;ASK;;;;;
20251107;063630.544;25308.25;;25308.25;1;BID;;;;;
20251107;063630.544;25308.00;;25308.00;8;BID;;;;;
20251107;063630.548;25308.25;;25308.25;1;BID;;;;;
20251107;063630.896;25308.00;;25308.00;8;BID;;;;;
20251107;063630.896;;25308.75;25308.75;1;ASK;;;;;
20251107;063630.904;;25309.00;25309.00;1;ASK;;;;;
20251107;063631.012;;25309.00;25309.00;2;ASK;;;;;
20251107;063631.012;;25308.75;25308.75;1;ASK;;;;;
20251107;063631.228;25308.00;;25308.00;5;BID;;;;;
20251107;063631.228;25308.00;;25308.00;3;BID;;;;;
20251107;063631.228;25308.00;;25308.00;2;BID;;;;;
20251107;063631.228;25308.00;;25308.00;1;BID;;;;;
20251107;063631.228;;25308.50;25308.50;1;ASK;;;;;
20251107;063631.228;25308.00;;25308.00;1;BID;;;;;
20251107;063631.228;25307.50;;25307.50;1;BID;;;;;
20251107;063631.228;;25308.25;25308.25;1;ASK;;;;;
20251107;063631.228;25307.25;;25307.25;2;BID;;;;;
20251107;063631.228;25307.25;;25307.25;1;BID;;;;;
20251107;063631.228;25307.00;;25307.00;4;BID;;;;;
20251107;063631.228;;25308.00;25308.00;1;ASK;;;;;
20251107;063631.228;25307.00;;25307.00;3;BID;;;;;
20251107;063631.228;25307.25;;25307.25;1;BID;;;;;
20251107;063631.228;;25308.25;25308.25;1;ASK;;;;;
20251107;063631.228;;25308.50;25308.50;1;ASK;;;;;
20251107;063631.228;25307.50;;25307.50;1;BID;;;;;
20251107;063631.228;;25308.25;25308.25;1;ASK;;;;;
20251107;063631.532;;25308.50;25308.50;1;ASK;;;;;
20251107;063631.532;25307.75;;25307.75;1;BID;;;;;
20251107;063631.560;;25308.50;25308.50;2;ASK;;;;;
20251107;063631.560;25307.50;;25307.50;1;BID;;;;;
20251107;063631.560;;25308.25;25308.25;1;ASK;;;;;
20251107;063631.560;;25308.50;25308.50;1;ASK;;;;;
20251107;063631.608;;25308.50;25308.50;2;ASK;;;;;
20251107;063631.608;;25308.25;25308.25;1;ASK;;;;;
20251107;063631.608;25307.25;;25307.25;3;BID;;;;;
20251107;063631.608;25307.25;;25307.25;2;BID;;;;;
20251107;063631.608;25307.50;;25307.50;1;BID;;;;;
20251107;063631.712;;25308.25;25308.25;2;ASK;;;;;
20251107;063631.712;25307.25;;25307.25;2;BID;;;;;
20251107;063631.712;;25308.00;25308.00;1;ASK;;;;;
20251107;063631.712;;25308.25;25308.25;1;ASK;;;;;
20251107;063631.716;25307.50;;25307.50;1;BID;;;;;
20251107;063631.716;;25308.50;25308.50;1;ASK;;;;;
20251107;063631.720;25307.75;;25307.75;1;BID;;;;;
20251107;063631.720;;25308.50;25308.50;2;ASK;;;;;
20251107;063631.720;25307.50;;25307.50;1;BID;;;;;
20251107;063631.720;;25308.25;25308.25;1;ASK;;;;;
20251107;063631.748;;25308.25;25308.25;1;ASK;;;;;
20251107;063631.748;;25308.50;25308.50;3;ASK;;;;;
20251107;063631.748;25307.75;;25307.75;1;BID;;;;;
20251107;063631.748;;25308.50;25308.50;2;ASK;;;;;
20251107;063631.748;;25308.50;25308.50;1;ASK;;;;;
20251107;063631.748;25307.50;;25307.50;1;BID;;;;;
20251107;063631.748;25307.75;;25307.75;1;BID;;;;;
20251107;063632.792;25308.00;;25308.00;1;BID;;;;;
20251107;063632.792;25308.00;;25308.00;1;BID;;;;;
20251107;063632.792;25307.75;;25307.75;1;BID;;;;;
20251107;063632.792;;25308.25;25308.25;1;ASK;;;;;
20251107;063632.792;25307.50;;25307.50;1;BID;;;;;
20251107;063632.792;;25308.50;25308.50;2;ASK;;;;;
20251107;063632.792;25307.75;;25307.75;1;BID;;;;;
20251107;063632.792;25307.50;;25307.50;1;BID;;;;;
20251107;063632.792;;25308.25;25308.25;1;ASK;;;;;
20251107;063632.792;;25308.50;25308.50;2;ASK;;;;;
20251107;063632.864;25307.75;;25307.75;1;BID;;;;;
20251107;063632.904;25307.50;;25307.50;1;BID;;;;;
20251107;063632.904;;25308.25;25308.25;1;ASK;;;;;
20251107;063633.192;;25308.50;25308.50;2;ASK;;;;;
20251107;063633.192;25307.75;;25307.75;1;BID;;;;;
20251107;063633.192;;25308.50;25308.50;1;ASK;;;;;
20251107;063633.192;25307.50;;25307.50;1;BID;;;;;
20251107;063633.212;;25308.50;25308.50;2;ASK;;;;;
20251107;063633.212;;25308.25;25308.25;1;ASK;;;;;
20251107;063633.212;;25308.50;25308.50;2;ASK;;;;;
20251107;063633.212;25307.75;;25307.75;1;BID;;;;;
20251107;063633.212;;25308.50;25308.50;1;ASK;;;;;
20251107;063633.232;;25308.50;25308.50;2;ASK;;;;;
20251107;063633.232;25307.50;;25307.50;1;BID;;;;;
20251107;063633.232;;25308.25;25308.25;1;ASK;;;;;
20251107;063633.232;;25308.50;25308.50;2;ASK;;;;;
20251107;063633.232;;25308.25;25308.25;1;ASK;;;;;
20251107;063633.236;;25308.50;25308.50;2;ASK;;;;;
20251107;063633.436;;25308.25;25308.25;1;ASK;;;;;
20251107;063633.456;;25308.25;25308.25;2;ASK;;;;;
20251107;063633.456;25307.25;;25307.25;3;BID;;;;;
20251107;063633.456;25307.25;;25307.25;2;BID;;;;;
20251107;063633.456;;25308.00;25308.00;1;ASK;;;;;
20251107;063633.456;25307.25;;25307.25;1;BID;;;;;
20251107;063633.460;;25308.25;25308.25;2;ASK;;;;;
20251107;063633.460;;25308.25;25308.25;1;ASK;;;;;
20251107;063633.472;;25308.25;25308.25;2;ASK;;;;;
20251107;063633.472;;25308.00;25308.00;1;ASK;;;;;
20251107;063633.536;;25308.25;25308.25;2;ASK;;;;;
20251107;063633.536;;25308.25;25308.25;1;ASK;;;;;
20251107;063633.536;25307.50;;25307.50;1;BID;;;;;
20251107;063633.808;;25308.50;25308.50;1;ASK;;;;;
20251107;063633.808;25307.75;;25307.75;1;BID;;;;;
20251107;063633.812;25307.50;;25307.50;1;BID;;;;;
20251107;063633.812;25307.75;;25307.75;1;BID;;;;;
20251107;063633.812;25308.00;;25308.00;1;BID;;;;;
20251107;063633.812;25308.25;;25308.25;1;BID;;;;;
20251107;063633.812;25308.00;;25308.00;1;BID;;;;;
20251107;063633.812;;25308.50;25308.50;1;ASK;;;;;
20251107;063633.812;;25308.75;25308.75;1;ASK;;;;;
20251107;063633.812;;25309.00;25309.00;1;ASK;;;;;
20251107;063633.812;25308.25;;25308.25;1;BID;;;;;
20251107;063633.812;25308.00;;25308.00;2;BID;;;;;
20251107;063633.812;;25309.25;25309.25;2;ASK;;;;;
20251107;063633.812;25308.00;;25308.00;1;BID;;;;;
20251107;063633.812;;25309.25;25309.25;1;ASK;;;;;
20251107;063633.812;25308.25;;25308.25;1;BID;;;;;
20251107;063633.812;;25309.00;25309.00;1;ASK;;;;;
20251107;063633.816;;25309.25;25309.25;1;ASK;;;;;
20251107;063633.816;;25309.25;25309.25;2;ASK;;;;;
20251107;063633.816;;25309.00;25309.00;1;ASK;;;;;
20251107;063633.824;25308.50;;25308.50;1;BID;;;;;
20251107;063633.824;;25309.25;25309.25;2;ASK;;;;;
20251107;063633.824;;25309.25;25309.25;1;ASK;;;;;
20251107;063633.824;;25309.50;25309.50;3;ASK;;;;;
20251107;063633.824;;25309.50;25309.50;2;ASK;;;;;
20251107;063633.828;;25309.25;25309.25;1;ASK;;;;;
20251107;063633.828;25308.25;;25308.25;1;BID;;;;;
20251107;063633.828;25308.50;;25308.50;1;BID;;;;;
20251107;063633.828;;25309.50;25309.50;2;ASK;;;;;
20251107;063633.832;;25309.50;25309.50;3;ASK;;;;;
20251107;063633.832;;25309.25;25309.25;1;ASK;;;;;
20251107;063633.832;25308.25;;25308.25;1;BID;;;;;
20251107;063633.844;25308.50;;25308.50;1;BID;;;;;
20251107;063633.872;25308.25;;25308.25;1;BID;;;;;
20251107;063633.872;;25309.25;25309.25;2;ASK;;;;;
20251107;063633.872;;25309.00;25309.00;1;ASK;;;;;
20251107;063633.888;;25309.25;25309.25;2;ASK;;;;;
20251107;063633.888;25308.50;;25308.50;1;BID;;;;;
20251107;063633.888;;25309.25;25309.25;1;ASK;;;;;
20251107;063633.888;;25309.00;25309.00;1;ASK;;;;;
20251107;063633.888;25308.25;;25308.25;1;BID;;;;;
20251107;063633.896;;25309.25;25309.25;1;ASK;;;;;
20251107;063633.896;25308.50;;25308.50;1;BID;;;;;
20251107;063633.896;;25309.50;25309.50;3;ASK;;;;;
20251107;063633.896;;25309.50;25309.50;2;ASK;;;;;
20251107;063633.896;;25309.25;25309.25;1;ASK;;;;;
20251107;063633.896;25308.25;;25308.25;1;BID;;;;;
20251107;063633.928;25308.50;;25308.50;1;BID;;;;;
20251107;063633.928;;25309.50;25309.50;2;ASK;;;;;
20251107;063633.936;;25309.50;25309.50;3;ASK;;;;;
20251107;063633.936;;25309.25;25309.25;1;ASK;;;;;
20251107;063633.936;25308.25;;25308.25;1;BID;;;;;
20251107;063633.936;25308.50;;25308.50;1;BID;;;;;
20251107;063633.956;;25309.50;25309.50;2;ASK;;;;;
20251107;063633.960;;25309.50;25309.50;3;ASK;;;;;
20251107;063633.960;;25309.25;25309.25;1;ASK;;;;;
20251107;063633.960;25308.25;;25308.25;1;BID;;;;;
20251107;063633.964;25308.50;;25308.50;1;BID;;;;;
20251107;063634.008;;25309.50;25309.50;2;ASK;;;;;
20251107;063634.012;;25309.50;25309.50;3;ASK;;;;;
20251107;063634.012;;25309.25;25309.25;1;ASK;;;;;
20251107;063634.012;25308.25;;25308.25;1;BID;;;;;
20251107;063634.012;25308.50;;25308.50;1;BID;;;;;
20251107;063634.092;;25309.50;25309.50;2;ASK;;;;;
20251107;063634.092;25308.75;;25308.75;1;BID;;;;;
20251107;063634.156;25308.50;;25308.50;1;BID;;;;;
20251107;063634.156;;25309.25;25309.25;1;ASK;;;;;
20251107;063634.156;;25309.50;25309.50;2;ASK;;;;;
20251107;063634.156;25308.75;;25308.75;1;BID;;;;;
20251107;063634.156;25308.50;;25308.50;1;BID;;;;;
20251107;063634.588;;25309.25;25309.25;1;ASK;;;;;
20251107;063634.588;25308.25;;25308.25;1;BID;;;;;
20251107;063634.588;25308.50;;25308.50;1;BID;;;;;
20251107;063634.588;;25309.50;25309.50;2;ASK;;;;;
20251107;063634.592;;25309.25;25309.25;1;ASK;;;;;
20251107;063634.672;25308.25;;25308.25;1;BID;;;;;
20251107;063634.700;25308.50;;25308.50;1;BID;;;;;
20251107;063634.776;;25309.50;25309.50;2;ASK;;;;;
20251107;063634.780;25308.75;;25308.75;1;BID;;;;;
20251107;063635.256;25308.50;;25308.50;1;BID;;;;;
20251107;063635.256;;25309.25;25309.25;1;ASK;;;;;
20251107;063635.256;25308.25;;25308.25;1;BID;;;;;
20251107;063635.376;;25309.00;25309.00;1;ASK;;;;;
20251107;063635.384;25308.50;;25308.50;1;BID;;;;;
20251107;063635.384;;25309.25;25309.25;1;ASK;;;;;
20251107;063635.384;;25309.50;25309.50;3;ASK;;;;;
20251107;063635.384;;25309.50;25309.50;2;ASK;;;;;
20251107;063635.388;;25309.25;25309.25;1;ASK;;;;;
20251107;063635.388;25308.25;;25308.25;1;BID;;;;;
20251107;063635.504;;25309.00;25309.00;1;ASK;;;;;
20251107;063635.504;;25309.25;25309.25;1;ASK;;;;;
20251107;063635.648;25308.50;;25308.50;1;BID;;;;;
20251107;063635.648;;25309.50;25309.50;2;ASK;;;;;
20251107;063635.660;;25309.50;25309.50;3;ASK;;;;;
20251107;063635.660;;25309.25;25309.25;1;ASK;;;;;
20251107;063635.660;25308.25;;25308.25;1;BID;;;;;
20251107;063635.660;;25309.00;25309.00;1;ASK;;;;;
20251107;063635.976;;25309.25;25309.25;1;ASK;;;;;
20251107;063636.300;;25309.25;25309.25;1;ASK;;;;;
20251107;063636.300;;25309.50;25309.50;2;ASK;;;;;
20251107;063636.300;25308.50;;25308.50;1;BID;;;;;
20251107;063636.300;;25309.50;25309.50;1;ASK;;;;;
20251107;063636.300;25308.75;;25308.75;1;BID;;;;;
20251107;063636.964;;25309.50;25309.50;2;ASK;;;;;
20251107;063636.964;25308.50;;25308.50;1;BID;;;;;
20251107;063636.964;;25309.50;25309.50;1;ASK;;;;;
20251107;063636.964;25308.75;;25308.75;1;BID;;;;;
20251107;063637.172;;25309.50;25309.50;2;ASK;;;;;
20251107;063637.172;25308.50;;25308.50;1;BID;;;;;
20251107;063637.172;;25309.50;25309.50;1;ASK;;;;;
20251107;063637.176;;25309.25;25309.25;1;ASK;;;;;
20251107;063637.176;25308.25;;25308.25;2;BID;;;;;
20251107;063637.212;25308.50;;25308.50;1;BID;;;;;
20251107;063637.268;25308.25;;25308.25;2;BID;;;;;
20251107;063637.552;25308.50;;25308.50;1;BID;;;;;
20251107;063637.552;;25309.50;25309.50;1;ASK;;;;;
20251107;063637.552;25308.75;;25308.75;1;BID;;;;;
20251107;063637.572;;25309.50;25309.50;2;ASK;;;;;
20251107;063637.572;25308.50;;25308.50;1;BID;;;;;
20251107;063637.572;;25309.25;25309.25;1;ASK;;;;;
20251107;063637.572;25308.25;;25308.25;2;BID;;;;;
20251107;063637.576;25308.25;;25308.25;1;BID;;;;;
20251107;063638.428;25308.25;;25308.25;2;BID;;;;;
20251107;063638.428;25308.50;;25308.50;1;BID;;;;;
20251107;063638.432;;25309.50;25309.50;1;ASK;;;;;
20251107;063638.432;25308.75;;25308.75;1;BID;;;;;
20251107;063638.432;25308.50;;25308.50;1;BID;;;;;
20251107;063638.436;;25309.50;25309.50;2;ASK;;;;;
20251107;063638.436;25308.50;;25308.50;2;BID;;;;;
20251107;063638.440;25308.50;;25308.50;1;BID;;;;;
20251107;063638.840;;25309.25;25309.25;1;ASK;;;;;
20251107;063638.840;25308.25;;25308.25;2;BID;;;;;
20251107;063638.840;25308.25;;25308.25;1;BID;;;;;
20251107;063638.840;;25309.25;25309.25;2;ASK;;;;;
20251107;063638.840;25308.00;;25308.00;2;BID;;;;;
20251107;063638.840;;25309.00;25309.00;1;ASK;;;;;
20251107;063638.840;25308.00;;25308.00;1;BID;;;;;
20251107;063638.844;25307.50;;25307.50;3;BID;;;;;
20251107;063638.844;25307.50;;25307.50;2;BID;;;;;
20251107;063638.844;;25309.00;25309.00;2;ASK;;;;;
20251107;063638.844;;25309.00;25309.00;3;ASK;;;;;
20251107;063638.844;;25308.75;25308.75;1;ASK;;;;;
20251107;063638.844;25307.50;;25307.50;1;BID;;;;;
20251107;063638.844;;25308.75;25308.75;2;ASK;;;;;
20251107;063638.844;;25308.50;25308.50;1;ASK;;;;;
20251107;063638.844;25307.75;;25307.75;1;BID;;;;;
20251107;063638.844;25307.50;;25307.50;1;BID;;;;;
20251107;063638.848;;25308.50;25308.50;2;ASK;;;;;
20251107;063638.848;25307.50;;25307.50;2;BID;;;;;
20251107;063638.852;25307.75;;25307.75;1;BID;;;;;
20251107;063638.852;;25308.50;25308.50;1;ASK;;;;;
20251107;063638.948;;25308.50;25308.50;2;ASK;;;;;
20251107;063638.948;25307.50;;25307.50;1;BID;;;;;
20251107;063638.948;;25308.50;25308.50;1;ASK;;;;;
20251107;063638.952;;25308.50;25308.50;2;ASK;;;;;
20251107;063638.972;25307.50;;25307.50;2;BID;;;;;
20251107;063638.972;25307.75;;25307.75;1;BID;;;;;
20251107;063638.972;;25308.50;25308.50;1;ASK;;;;;
20251107;063638.972;;25308.75;25308.75;2;ASK;;;;;
20251107;063638.972;;25308.75;25308.75;1;ASK;;;;;
20251107;063638.972;;25308.50;25308.50;1;ASK;;;;;
20251107;063639.020;25308.00;;25308.00;1;BID;;;;;
20251107;063639.020;;25308.75;25308.75;1;ASK;;;;;
20251107;063639.076;25307.75;;25307.75;1;BID;;;;;
20251107;063639.080;;25308.75;25308.75;2;ASK;;;;;
20251107;063639.080;;25308.50;25308.50;1;ASK;;;;;
20251107;063639.128;25308.00;;25308.00;1;BID;;;;;
20251107;063639.128;;25308.75;25308.75;1;ASK;;;;;
20251107;063639.180;25307.75;;25307.75;1;BID;;;;;
20251107;063639.184;;25308.75;25308.75;2;ASK;;;;;
20251107;063639.184;;25308.50;25308.50;1;ASK;;;;;
20251107;063639.212;25308.00;;25308.00;1;BID;;;;;
20251107;063639.212;;25308.75;25308.75;1;ASK;;;;;
20251107;063639.236;25307.75;;25307.75;1;BID;;;;;
20251107;063639.236;;25308.50;25308.50;1;ASK;;;;;
20251107;063639.288;25308.00;;25308.00;1;BID;;;;;
20251107;063639.288;;25308.75;25308.75;1;ASK;;;;;
20251107;063639.340;;25308.75;25308.75;2;ASK;;;;;
20251107;063639.340;25307.75;;25307.75;1;BID;;;;;
20251107;063639.340;;25308.50;25308.50;1;ASK;;;;;
20251107;063639.340;25307.50;;25307.50;1;BID;;;;;
20251107;063639.344;25307.50;;25307.50;2;BID;;;;;
20251107;063639.344;25307.75;;25307.75;1;BID;;;;;
20251107;063639.396;25308.00;;25308.00;1;BID;;;;;
20251107;063639.396;;25308.75;25308.75;2;ASK;;;;;
20251107;063639.396;;25308.75;25308.75;1;ASK;;;;;
20251107;063639.444;;25308.75;25308.75;2;ASK;;;;;
20251107;063639.444;25307.75;;25307.75;1;BID;;;;;
20251107;063639.444;;25308.50;25308.50;1;ASK;;;;;
20251107;063639.444;25307.50;;25307.50;1;BID;;;;;
20251107;063639.452;25307.75;;25307.75;1;BID;;;;;
20251107;063639.452;25307.75;;25307.75;2;BID;;;;;
20251107;063639.500;25308.00;;25308.00;1;BID;;;;;
20251107;063639.500;;25308.75;25308.75;1;ASK;;;;;
20251107;063639.500;25307.75;;25307.75;1;BID;;;;;
20251107;063639.520;;25308.75;25308.75;2;ASK;;;;;
20251107;063639.520;;25308.50;25308.50;1;ASK;;;;;
20251107;063639.520;25307.50;;25307.50;1;BID;;;;;
20251107;063639.556;25307.75;;25307.75;1;BID;;;;;
20251107;063639.708;;25308.50;25308.50;2;ASK;;;;;
20251107;063639.712;25307.50;;25307.50;1;BID;;;;;
20251107;063639.712;;25308.50;25308.50;1;ASK;;;;;
20251107;063639.712;25307.75;;25307.75;1;BID;;;;;
20251107;063639.720;;25308.50;25308.50;2;ASK;;;;;
20251107;063639.720;25308.00;;25308.00;1;BID;;;;;
20251107;063639.720;25308.00;;25308.00;1;BID;;;;;
20251107;063639.720;25307.75;;25307.75;1;BID;;;;;
20251107;063639.720;;25308.25;25308.25;1;ASK;;;;;
20251107;063639.720;25307.50;;25307.50;1;BID;;;;;
20251107;063639.720;25307.25;;25307.25;2;BID;;;;;
20251107;063639.720;;25308.00;25308.00;1;ASK;;;;;
20251107;063639.720;25307.25;;25307.25;1;BID;;;;;
20251107;063639.720;;25308.25;25308.25;1;ASK;;;;;
20251107;063639.720;25307.50;;25307.50;1;BID;;;;;
20251107;063640.036;25307.25;;25307.25;1;BID;;;;;
20251107;063640.496;;25308.25;25308.25;2;ASK;;;;;
20251107;063640.748;25307.50;;25307.50;1;BID;;;;;
20251107;063640.748;;25308.25;25308.25;1;ASK;;;;;
20251107;063641.016;25307.25;;25307.25;1;BID;;;;;
20251107;063641.016;;25308.25;25308.25;2;ASK;;;;;
20251107;063641.016;;25308.00;25308.00;1;ASK;;;;;
20251107;063641.016;;25308.25;25308.25;2;ASK;;;;;
20251107;063641.016;;25308.25;25308.25;1;ASK;;;;;
20251107;063641.016;;25308.00;25308.00;1;ASK;;;;;
20251107;063641.136;;25308.25;25308.25;1;ASK;;;;;
20251107;063641.136;25307.50;;25307.50;1;BID;;;;;
20251107;063641.136;;25308.50;25308.50;1;ASK;;;;;
20251107;063641.172;;25308.50;25308.50;2;ASK;;;;;
20251107;063641.172;;25308.25;25308.25;1;ASK;;;;;
20251107;063641.172;25307.25;;25307.25;1;BID;;;;;
20251107;063641.180;;25308.25;25308.25;2;ASK;;;;;
20251107;063641.180;;25308.00;25308.00;1;ASK;;;;;
20251107;063641.368;25307.50;;25307.50;1;BID;;;;;
20251107;063641.368;;25308.25;25308.25;2;ASK;;;;;
20251107;063641.368;;25308.25;25308.25;1;ASK;;;;;
20251107;063641.384;;25308.50;25308.50;2;ASK;;;;;
20251107;063641.384;;25308.50;25308.50;1;ASK;;;;;
20251107;063641.388;;25308.50;25308.50;2;ASK;;;;;
20251107;063641.388;;25308.25;25308.25;1;ASK;;;;;
20251107;063641.388;25307.25;;25307.25;1;BID;;;;;
20251107;063641.508;25307.50;;25307.50;1;BID;;;;;
20251107;063641.508;;25308.50;25308.50;1;ASK;;;;;
20251107;063641.512;25307.75;;25307.75;1;BID;;;;;
20251107;063642.672;;25308.50;25308.50;2;ASK;;;;;
20251107;063642.672;;25308.25;25308.25;1;ASK;;;;;
20251107;063642.672;25307.50;;25307.50;1;BID;;;;;
20251107;063642.672;;25308.50;25308.50;1;ASK;;;;;
20251107;063642.672;25307.75;;25307.75;1;BID;;;;;
20251107;063642.672;;25308.75;25308.75;2;ASK;;;;;
20251107;063642.672;25308.00;;25308.00;1;BID;;;;;
20251107;063642.672;;25308.75;25308.75;1;ASK;;;;;
20251107;063642.672;25307.75;;25307.75;1;BID;;;;;
20251107;063642.676;25308.00;;25308.00;1;BID;;;;;
20251107;063642.676;;25309.00;25309.00;1;ASK;;;;;
20251107;063642.676;;25308.75;25308.75;1;ASK;;;;;
20251107;063642.684;;25309.00;25309.00;1;ASK;;;;;
20251107;063642.940;;25308.75;25308.75;1;ASK;;;;;
20251107;063642.940;25307.75;;25307.75;1;BID;;;;;
20251107;063643.076;25308.00;;25308.00;1;BID;;;;;
20251107;063643.076;;25309.00;25309.00;1;ASK;;;;;
20251107;063643.104;;25308.75;25308.75;1;ASK;;;;;
20251107;063643.364;25307.75;;25307.75;1;BID;;;;;
20251107;063643.476;25308.00;;25308.00;1;BID;;;;;
20251107;063644.412;25308.25;;25308.25;1;BID;;;;;
20251107;063644.412;;25309.00;25309.00;1;ASK;;;;;
20251107;063644.892;;25309.25;25309.25;2;ASK;;;;;
20251107;063644.896;;25309.25;25309.25;1;ASK;;;;;
20251107;063644.896;;25309.25;25309.25;2;ASK;;;;;
20251107;063644.908;;25309.00;25309.00;1;ASK;;;;;
20251107;063645.096;;25309.25;25309.25;1;ASK;;;;;
20251107;063645.096;;25309.25;25309.25;2;ASK;;;;;
20251107;063645.096;;25309.00;25309.00;1;ASK;;;;;
20251107;063645.632;;25309.25;25309.25;1;ASK;;;;;
20251107;063645.632;;25309.25;25309.25;2;ASK;;;;;
20251107;063645.632;;25309.00;25309.00;1;ASK;;;;;
20251107;063645.632;;25309.25;25309.25;1;ASK;;;;;
20251107;063645.632;;25309.25;25309.25;2;ASK;;;;;
20251107;063646.048;25308.50;;25308.50;1;BID;;;;;
20251107;063646.052;;25309.25;25309.25;3;ASK;;;;;
20251107;063646.052;;25309.25;25309.25;2;ASK;;;;;
20251107;063646.052;;25309.25;25309.25;1;ASK;;;;;
20251107;063646.052;;25309.25;25309.25;1;ASK;;;;;
20251107;063646.052;;25309.50;25309.50;1;ASK;;;;;
20251107;063646.052;25308.75;;25308.75;1;BID;;;;;
20251107;063646.052;25308.50;;25308.50;1;BID;;;;;
20251107;063646.052;25308.50;;25308.50;2;BID;;;;;
20251107;063646.052;25309.00;;25309.00;1;BID;;;;;
20251107;063646.052;25308.75;;25308.75;1;BID;;;;;
20251107;063646.052;25308.50;;25308.50;2;BID;;;;;
20251107;063646.056;25308.75;;25308.75;1;BID;;;;;
20251107;063646.096;25308.50;;25308.50;2;BID;;;;;
20251107;063646.100;25308.50;;25308.50;1;BID;;;;;
20251107;063646.100;;25309.50;25309.50;2;ASK;;;;;
20251107;063646.152;25308.75;;25308.75;1;BID;;;;;
20251107;063646.152;;25309.50;25309.50;1;ASK;;;;;
20251107;063646.912;25309.00;;25309.00;1;BID;;;;;
20251107;063647.180;25308.75;;25308.75;1;BID;;;;;
20251107;063647.348;25308.75;;25308.75;3;BID;;;;;
20251107;063647.348;25309.00;;25309.00;1;BID;;;;;
20251107;063647.508;25308.75;;25308.75;3;BID;;;;;
20251107;063648.216;25309.00;;25309.00;1;BID;;;;;
20251107;063648.684;;25309.50;25309.50;1;ASK;;;;;
20251107;063648.684;;25310.25;25310.25;1;ASK;;;;;
20251107;063648.684;25309.25;;25309.25;1;BID;;;;;
20251107;063648.684;25309.00;;25309.00;1;BID;;;;;
20251107;063648.684;25309.00;;25309.00;2;BID;;;;;
20251107;063648.684;25309.00;;25309.00;3;BID;;;;;
20251107;063648.684;;25310.50;25310.50;2;ASK;;;;;
20251107;063648.684;25309.00;;25309.00;4;BID;;;;;
20251107;063648.684;;25310.50;25310.50;1;ASK;;;;;
20251107;063648.684;25309.25;;25309.25;1;BID;;;;;
20251107;063648.684;;25310.75;25310.75;2;ASK;;;;;
20251107;063648.684;;25310.25;25310.25;1;ASK;;;;;
20251107;063648.684;25309.25;;25309.25;2;BID;;;;;
20251107;063648.684;25309.25;;25309.25;1;BID;;;;;
20251107;063648.692;;25310.25;25310.25;2;ASK;;;;;
20251107;063648.692;;25310.00;25310.00;1;ASK;;;;;
20251107;063648.692;25309.00;;25309.00;3;BID;;;;;
20251107;063648.696;25309.25;;25309.25;1;BID;;;;;
20251107;063648.696;25309.00;;25309.00;2;BID;;;;;
20251107;063648.696;25309.25;;25309.25;1;BID;;;;;
20251107;063648.696;;25310.25;25310.25;2;ASK;;;;;
20251107;063648.760;;25310.00;25310.00;1;ASK;;;;;
20251107;063648.760;25309.00;;25309.00;2;BID;;;;;
20251107;063648.804;25309.25;;25309.25;1;BID;;;;;
20251107;063648.804;;25310.25;25310.25;2;ASK;;;;;
20251107;063648.804;25309.50;;25309.50;1;BID;;;;;
20251107;063648.804;;25310.25;25310.25;1;ASK;;;;;
20251107;063648.804;25309.25;;25309.25;1;BID;;;;;
20251107;063648.804;;25310.25;25310.25;2;ASK;;;;;
20251107;063649.724;25309.50;;25309.50;1;BID;;;;;
20251107;063649.724;;25310.25;25310.25;1;ASK;;;;;
20251107;063649.724;25309.25;;25309.25;1;BID;;;;;
20251107;063649.724;;25310.00;25310.00;1;ASK;;;;;
20251107;063649.736;25309.50;;25309.50;1;BID;;;;;
20251107;063649.736;;25310.75;25310.75;3;ASK;;;;;
20251107;063649.736;;25310.75;25310.75;2;ASK;;;;;
20251107;063649.740;;25310.75;25310.75;3;ASK;;;;;
20251107;063649.740;;25310.50;25310.50;1;ASK;;;;;
20251107;063649.740;;25310.50;25310.50;2;ASK;;;;;
20251107;063649.740;;25310.25;25310.25;1;ASK;;;;;
20251107;063649.756;;25310.50;25310.50;2;ASK;;;;;
20251107;063649.800;;25310.25;25310.25;1;ASK;;;;;
20251107;063649.800;25309.25;;25309.25;1;BID;;;;;
20251107;063649.800;25309.25;;25309.25;2;BID;;;;;
20251107;063649.800;;25310.25;25310.25;2;ASK;;;;;
20251107;063649.804;25309.25;;25309.25;1;BID;;;;;
20251107;063650.352;25309.25;;25309.25;2;BID;;;;;
20251107;063650.352;25309.25;;25309.25;3;BID;;;;;
20251107;063650.352;25309.50;;25309.50;1;BID;;;;;
20251107;063650.352;;25310.25;25310.25;1;ASK;;;;;
20251107;063650.352;25309.50;;25309.50;2;BID;;;;;
20251107;063650.352;25309.75;;25309.75;1;BID;;;;;
20251107;063650.352;;25310.75;25310.75;1;ASK;;;;;
20251107;063650.352;25310.00;;25310.00;1;BID;;;;;
20251107;063650.352;;25311.00;25311.00;2;ASK;;;;;
20251107;063650.352;25309.75;;25309.75;1;BID;;;;;
20251107;063650.352;;25311.00;25311.00;1;ASK;;;;;
20251107;063650.352;;25310.75;25310.75;1;ASK;;;;;
20251107;063650.352;25309.75;;25309.75;2;BID;;;;;
20251107;063650.352;25309.75;;25309.75;3;BID;;;;;
20251107;063650.352;25310.00;;25310.00;1;BID;;;;;
20251107;063650.352;;25311.00;25311.00;1;ASK;;;;;
20251107;063650.352;25310.25;;25310.25;1;BID;;;;;
20251107;063650.352;25310.00;;25310.00;1;BID;;;;;
20251107;063650.352;25310.00;;25310.00;2;BID;;;;;
20251107;063650.352;;25311.00;25311.00;2;ASK;;;;;
20251107;063650.352;25310.25;;25310.25;1;BID;;;;;
20251107;063650.356;;25311.00;25311.00;1;ASK;;;;;
20251107;063650.356;25310.50;;25310.50;1;BID;;;;;
20251107;063650.356;25310.25;;25310.25;1;BID;;;;;
20251107;063650.400;25310.50;;25310.50;1;BID;;;;;
20251107;063651.472;;25311.00;25311.00;1;ASK;;;;;
20251107;063651.472;;25311.75;25311.75;3;ASK;;;;;
20251107;063651.472;25310.75;;25310.75;1;BID;;;;;
20251107;063651.472;;25311.75;25311.75;2;ASK;;;;;
20251107;063651.472;;25311.75;25311.75;1;ASK;;;;;
20251107;063651.472;;25311.50;25311.50;1;ASK;;;;;
20251107;063651.472;25310.50;;25310.50;1;BID;;;;;
20251107;063651.540;25310.75;;25310.75;1;BID;;;;;
20251107;063651.540;;25311.75;25311.75;2;ASK;;;;;
20251107;063651.540;;25311.50;25311.50;1;ASK;;;;;
20251107;063651.540;25310.50;;25310.50;1;BID;;;;;
20251107;063651.776;;25311.25;25311.25;1;ASK;;;;;
20251107;063651.780;;25311.50;25311.50;1;ASK;;;;;
20251107;063651.780;25310.75;;25310.75;1;BID;;;;;
20251107;063651.784;;25311.25;25311.25;1;ASK;;;;;
20251107;063651.784;25310.50;;25310.50;1;BID;;;;;
20251107;063651.952;25310.75;;25310.75;1;BID;;;;;
20251107;063652.160;25310.50;;25310.50;1;BID;;;;;
20251107;063652.388;25310.25;;25310.25;2;BID;;;;;
20251107;063652.596;25310.25;;25310.25;1;BID;;;;;
20251107;063652.596;25310.25;;25310.25;1;BID;;;;;
20251107;063652.596;25310.00;;25310.00;3;BID;;;;;
20251107;063652.596;;25311.00;25311.00;1;ASK;;;;;
20251107;063652.596;25310.00;;25310.00;2;BID;;;;;
20251107;063652.596;25310.00;;25310.00;1;BID;;;;;
20251107;063652.596;;25311.00;25311.00;2;ASK;;;;;
20251107;063652.596;;25310.75;25310.75;1;ASK;;;;;
20251107;063652.596;25309.75;;25309.75;2;BID;;;;;
20251107;063652.596;25309.75;;25309.75;1;BID;;;;;
20251107;063652.600;25309.25;;25309.25;3;BID;;;;;
20251107;063652.600;25310.00;;25310.00;1;BID;;;;;
20251107;063652.600;;25311.00;25311.00;4;ASK;;;;;
20251107;063652.600;;25311.00;25311.00;3;ASK;;;;;
20251107;063652.600;;25311.00;25311.00;2;ASK;;;;;
20251107;063652.600;;25311.00;25311.00;1;ASK;;;;;
20251107;063652.600;;25311.25;25311.25;2;ASK;;;;;
20251107;063652.600;;25311.25;25311.25;1;ASK;;;;;
20251107;063652.600;;25310.75;25310.75;1;ASK;;;;;
20251107;063652.600;25309.50;;25309.50;1;BID;;;;;
20251107;063652.600;;25311.25;25311.25;1;ASK;;;;;
20251107;063652.600;25309.50;;25309.50;2;BID;;;;;
20251107;063652.600;25309.50;;25309.50;3;BID;;;;;
20251107;063652.600;25309.50;;25309.50;4;BID;;;;;
20251107;063652.600;25309.50;;25309.50;5;BID;;;;;
20251107;063652.600;25309.75;;25309.75;1;BID;;;;;
20251107;063652.600;25309.75;;25309.75;2;BID;;;;;
20251107;063652.600;25310.00;;25310.00;1;BID;;;;;
20251107;063652.600;;25311.00;25311.00;1;ASK;;;;;
20251107;063652.604;25310.25;;25310.25;1;BID;;;;;
20251107;063652.604;;25311.25;25311.25;1;ASK;;;;;
20251107;063652.604;;25311.25;25311.25;2;ASK;;;;;
20251107;063652.604;;25311.00;25311.00;1;ASK;;;;;
20251107;063652.604;25310.00;;25310.00;1;BID;;;;;
20251107;063652.604;25310.25;;25310.25;1;BID;;;;;
20251107;063652.604;;25311.25;25311.25;2;ASK;;;;;
20251107;063652.640;;25311.00;25311.00;1;ASK;;;;;
20251107;063652.640;25310.00;;25310.00;1;BID;;;;;
20251107;063652.640;;25311.00;25311.00;2;ASK;;;;;
20251107;063652.752;25310.25;;25310.25;1;BID;;;;;
20251107;063652.904;25310.25;;25310.25;1;BID;;;;;
20251107;063652.904;25310.00;;25310.00;1;BID;;;;;
20251107;063652.904;;25310.75;25310.75;1;ASK;;;;;
20251107;063652.904;25309.75;;25309.75;3;BID;;;;;
20251107;063652.904;25309.75;;25309.75;2;BID;;;;;
20251107;063652.904;25309.75;;25309.75;1;BID;;;;;
20251107;063652.904;25309.50;;25309.50;4;BID;;;;;
20251107;063652.904;25309.50;;25309.50;3;BID;;;;;
20251107;063652.904;;25310.75;25310.75;2;ASK;;;;;
20251107;063652.904;25309.50;;25309.50;2;BID;;;;;
20251107;063652.904;;25310.50;25310.50;1;ASK;;;;;
20251107;063652.904;;25310.75;25310.75;2;ASK;;;;;
20251107;063652.904;25309.50;;25309.50;1;BID;;;;;
20251107;063652.904;25309.75;;25309.75;1;BID;;;;;
20251107;063652.904;;25310.75;25310.75;1;ASK;;;;;
20251107;063652.904;25309.50;;25309.50;1;BID;;;;;
20251107;063652.904;;25310.50;25310.50;1;ASK;;;;;
20251107;063652.908;25309.75;;25309.75;1;BID;;;;;
20251107;063652.912;;25310.50;25310.50;2;ASK;;;;;
20251107;063652.912;25309.50;;25309.50;1;BID;;;;;
20251107;063652.912;;25310.25;25310.25;1;ASK;;;;;
20251107;063652.912;;25310.50;25310.50;2;ASK;;;;;
20251107;063652.916;;25310.25;25310.25;1;ASK;;;;;
20251107;063653.172;25309.25;;25309.25;2;BID;;;;;
20251107;063653.172;25309.25;;25309.25;1;BID;;;;;
20251107;063653.176;25309.50;;25309.50;1;BID;;;;;
20251107;063653.180;;25310.50;25310.50;1;ASK;;;;;
20251107;063655.280;;25310.50;25310.50;2;ASK;;;;;
20251107;063655.304;;25310.25;25310.25;1;ASK;;;;;
20251107;063655.304;25309.25;;25309.25;1;BID;;;;;
20251107;063655.304;;25310.50;25310.50;1;ASK;;;;;
20251107;063655.304;;25310.25;25310.25;1;ASK;;;;;
20251107;063655.304;25309.50;;25309.50;1;BID;;;;;
20251107;063655.304;;25310.50;25310.50;1;ASK;;;;;
20251107;063655.304;;25310.50;25310.50;2;ASK;;;;;
20251107;063655.312;;25310.50;25310.50;3;ASK;;;;;
20251107;063655.312;;25310.25;25310.25;1;ASK;;;;;
20251107;063655.312;25309.25;;25309.25;1;BID;;;;;
20251107;063655.312;25309.25;;25309.25;2;BID;;;;;
20251107;063655.312;;25310.50;25310.50;3;ASK;;;;;
20251107;063655.312;25309.50;;25309.50;1;BID;;;;;
20251107;063655.312;;25310.50;25310.50;2;ASK;;;;;
20251107;063655.316;;25310.50;25310.50;3;ASK;;;;;
20251107;063655.316;;25310.25;25310.25;1;ASK;;;;;
20251107;063655.316;25309.25;;25309.25;1;BID;;;;;
20251107;063655.388;;25310.25;25310.25;2;ASK;;;;;
20251107;063655.388;;25310.00;25310.00;1;ASK;;;;;
20251107;063655.392;;25310.25;25310.25;1;ASK;;;;;
20251107;063656.272;25309.50;;25309.50;1;BID;;;;;
20251107;063656.272;;25310.50;25310.50;4;ASK;;;;;
20251107;063656.272;;25310.50;25310.50;3;ASK;;;;;
20251107;063656.272;;25310.50;25310.50;2;ASK;;;;;
20251107;063656.380;;25310.25;25310.25;1;ASK;;;;;
20251107;063656.604;25309.25;;25309.25;1;BID;;;;;
20251107;063656.740;25309.50;;25309.50;1;BID;;;;;
20251107;063656.740;;25310.50;25310.50;2;ASK;;;;;
20251107;063657.036;;25310.50;25310.50;3;ASK;;;;;
20251107;063657.036;;25310.25;25310.25;1;ASK;;;;;
20251107;063657.036;25309.25;;25309.25;1;BID;;;;;
20251107;063657.352;25309.50;;25309.50;1;BID;;;;;
20251107;063657.352;;25310.50;25310.50;3;ASK;;;;;
20251107;063657.352;;25310.50;25310.50;2;ASK;;;;;
20251107;063657.352;;25310.50;25310.50;1;ASK;;;;;
20251107;063657.400;25309.75;;25309.75;1;BID;;;;;
20251107;063657.400;;25310.75;25310.75;1;ASK;;;;;
20251107;063657.400;25310.00;;25310.00;1;BID;;;;;
20251107;063657.404;;25311.00;25311.00;1;ASK;;;;;
20251107;063657.404;;25310.50;25310.50;1;ASK;;;;;
20251107;063657.404;25309.75;;25309.75;1;BID;;;;;
20251107;063657.404;25309.50;;25309.50;1;BID;;;;;
20251107;063657.404;;25311.00;25311.00;1;ASK;;;;;
20251107;063657.404;;25311.50;25311.50;1;ASK;;;;;
20251107;063657.404;25309.50;;25309.50;2;BID;;;;;
20251107;063657.404;;25311.50;25311.50;2;ASK;;;;;
20251107;063657.404;;25311.50;25311.50;3;ASK;;;;;
20251107;063657.404;;25311.25;25311.25;1;ASK;;;;;
20251107;063657.404;25309.50;;25309.50;3;BID;;;;;
20251107;063657.404;;25311.25;25311.25;2;ASK;;;;;
20251107;063657.404;;25311.25;25311.25;3;ASK;;;;;
20251107;063657.404;;25311.25;25311.25;4;ASK;;;;;
20251107;063657.404;;25311.00;25311.00;1;ASK;;;;;
20251107;063657.404;;25311.00;25311.00;2;ASK;;;;;
20251107;063657.404;25309.50;;25309.50;2;BID;;;;;
20251107;063657.404;;25311.00;25311.00;3;ASK;;;;;
20251107;063657.408;;25310.75;25310.75;1;ASK;;;;;
20251107;063657.408;;25310.50;25310.50;1;ASK;;;;;
20251107;063657.480;25309.75;;25309.75;1;BID;;;;;
20251107;063657.480;;25310.75;25310.75;2;ASK;;;;;
20251107;063657.484;25310.00;;25310.00;1;BID;;;;;
20251107;063657.484;;25310.75;25310.75;1;ASK;;;;;
20251107;063657.484;;25311.00;25311.00;3;ASK;;;;;
20251107;063657.484;;25311.00;25311.00;2;ASK;;;;;
20251107;063657.484;;25311.00;25311.00;1;ASK;;;;;
20251107;063657.684;25309.75;;25309.75;1;BID;;;;;
20251107;063657.684;;25311.00;25311.00;2;ASK;;;;;
20251107;063657.684;;25310.75;25310.75;1;ASK;;;;;
20251107;063657.684;25310.00;;25310.00;1;BID;;;;;
20251107;063657.684;25309.75;;25309.75;1;BID;;;;;
20251107;063657.684;;25311.00;25311.00;1;ASK;;;;;
20251107;063657.684;25310.00;;25310.00;1;BID;;;;;
20251107;063657.692;;25311.00;25311.00;2;ASK;;;;;
20251107;063657.692;;25310.75;25310.75;1;ASK;;;;;
20251107;063657.692;25309.75;;25309.75;1;BID;;;;;
20251107;063657.716;25310.00;;25310.00;1;BID;;;;;
20251107;063657.716;;25311.00;25311.00;2;ASK;;;;;
20251107;063657.716;;25311.00;25311.00;1;ASK;;;;;
20251107;063657.748;;25311.00;25311.00;2;ASK;;;;;
20251107;063657.748;;25310.75;25310.75;1;ASK;;;;;
20251107;063657.748;25309.75;;25309.75;1;BID;;;;;
20251107;063658.540;25310.00;;25310.00;1;BID;;;;;
20251107;063658.540;25309.75;;25309.75;1;BID;;;;;
20251107;063658.540;;25311.00;25311.00;2;ASK;;;;;
20251107;063658.540;;25311.00;25311.00;1;ASK;;;;;
20251107;063658.540;;25310.75;25310.75;1;ASK;;;;;
20251107;063658.584;;25310.50;25310.50;1;ASK;;;;;
20251107;063658.584;25309.50;;25309.50;2;BID;;;;;
20251107;063658.588;25309.50;;25309.50;1;BID;;;;;
20251107;063658.664;25309.75;;25309.75;1;BID;;;;;
20251107;063658.664;;25310.75;25310.75;4;ASK;;;;;
20251107;063658.664;;25310.75;25310.75;3;ASK;;;;;
20251107;063658.664;;25310.75;25310.75;2;ASK;;;;;
20251107;063658.668;25310.00;;25310.00;1;BID;;;;;
20251107;063658.668;;25310.75;25310.75;1;ASK;;;;;
20251107;063658.668;;25310.75;25310.75;1;ASK;;;;;
20251107;063658.668;;25311.00;25311.00;1;ASK;;;;;
20251107;063658.668;25310.25;;25310.25;1;BID;;;;;
20251107;063658.668;;25311.25;25311.25;4;ASK;;;;;
20251107;063658.668;;25311.25;25311.25;3;ASK;;;;;
20251107;063658.668;25310.00;;25310.00;2;BID;;;;;
20251107;063658.668;25310.00;;25310.00;1;BID;;;;;
20251107;063658.668;;25311.25;25311.25;2;ASK;;;;;
20251107;063658.668;;25311.25;25311.25;1;ASK;;;;;
20251107;063658.668;25310.25;;25310.25;1;BID;;;;;
20251107;063658.860;25310.00;;25310.00;1;BID;;;;;
20251107;063658.860;;25311.00;25311.00;1;ASK;;;;;
20251107;063658.860;25309.75;;25309.75;2;BID;;;;;
20251107;063658.900;25309.75;;25309.75;3;BID;;;;;
20251107;063658.900;25310.00;;25310.00;1;BID;;;;;
20251107;063658.900;;25311.25;25311.25;2;ASK;;;;;
20251107;063658.900;25310.00;;25310.00;2;BID;;;;;
20251107;063658.900;;25311.25;25311.25;1;ASK;;;;;
20251107;063658.900;25310.00;;25310.00;3;BID;;;;;
20251107;063658.900;25310.25;;25310.25;1;BID;;;;;
20251107;063659.416;;25311.00;25311.00;1;ASK;;;;;
20251107;063659.416;25310.00;;25310.00;2;BID;;;;;
20251107;063659.420;25310.00;;25310.00;1;BID;;;;;
20251107;063659.420;;25310.75;25310.75;1;ASK;;;;;
20251107;063659.420;25309.75;;25309.75;2;BID;;;;;
20251107;063659.420;25309.75;;25309.75;1;BID;;;;;
20251107;063659.448;25310.00;;25310.00;1;BID;;;;;
20251107;063659.448;;25311.00;25311.00;1;ASK;;;;;
20251107;063659.460;25309.75;;25309.75;1;BID;;;;;
20251107;063659.460;;25310.75;25310.75;1;ASK;;;;;
20251107;063659.460;;25310.50;25310.50;1;ASK;;;;;
20251107;063659.460;25309.50;;25309.50;2;BID;;;;;
20251107;063659.488;25309.50;;25309.50;1;BID;;;;;
20251107;063659.488;25309.75;;25309.75;1;BID;;;;;
20251107;063659.488;;25310.75;25310.75;1;ASK;;;;;
20251107;063659.504;25309.50;;25309.50;1;BID;;;;;
20251107;063659.504;;25310.50;25310.50;1;ASK;;;;;
20251107;063659.532;25309.75;;25309.75;1;BID;;;;;
20251107;063659.532;;25310.75;25310.75;1;ASK;;;;;
20251107;063659.556;25309.50;;25309.50;1;BID;;;;;
20251107;063659.556;25309.75;;25309.75;1;BID;;;;;
20251107;063659.592;;25310.75;25310.75;2;ASK;;;;;
20251107;063659.592;;25310.50;25310.50;1;ASK;;;;;
20251107;063659.592;25309.50;;25309.50;1;BID;;;;;
20251107;063659.592;;25310.75;25310.75;1;ASK;;;;;
20251107;063659.592;25309.75;;25309.75;1;BID;;;;;
20251107;063700.024;25309.75;;25309.75;1;BID;;;;;
20251107;063700.024;25309.50;;25309.50;1;BID;;;;;
20251107;063700.024;;25310.50;25310.50;1;ASK;;;;;
20251107;063700.024;;25310.75;25310.75;1;ASK;;;;;
20251107;063700.024;25309.75;;25309.75;1;BID;;;;;
20251107;063700.024;;25310.50;25310.50;1;ASK;;;;;
20251107;063700.024;25309.50;;25309.50;2;BID;;;;;
20251107;063700.024;25309.50;;25309.50;1;BID;;;;;
20251107;063700.028;;25310.50;25310.50;2;ASK;;;;;
20251107;063700.112;;25310.50;25310.50;1;ASK;;;;;
20251107;063700.112;;25310.75;25310.75;1;ASK;;;;;
20251107;063700.112;25309.75;;25309.75;1;BID;;;;;
20251107;063700.112;;25310.75;25310.75;2;ASK;;;;;
20251107;063700.112;25309.50;;25309.50;1;BID;;;;;
20251107;063700.112;;25310.50;25310.50;1;ASK;;;;;
20251107;063700.248;;25310.75;25310.75;2;ASK;;;;;
20251107;063700.248;25309.75;;25309.75;1;BID;;;;;
20251107;063700.300;;25310.75;25310.75;1;ASK;;;;;
20251107;063700.360;;25310.75;25310.75;2;ASK;;;;;
20251107;063700.360;;25310.50;25310.50;1;ASK;;;;;
20251107;063700.360;25309.50;;25309.50;1;BID;;;;;
20251107;063700.404;;25310.75;25310.75;1;ASK;;;;;
20251107;063700.404;25309.75;;25309.75;1;BID;;;;;
20251107;063700.424;;25310.75;25310.75;2;ASK;;;;;
20251107;063700.424;;25310.50;25310.50;1;ASK;;;;;
20251107;063700.424;25309.50;;25309.50;1;BID;;;;;
20251107;063700.572;;25310.75;25310.75;1;ASK;;;;;
20251107;063700.580;;25310.75;25310.75;2;ASK;;;;;
20251107;063700.580;;25310.50;25310.50;1;ASK;;;;;
20251107;063700.632;;25310.75;25310.75;1;ASK;;;;;
20251107;063700.672;;25310.50;25310.50;1;ASK;;;;;
20251107;063700.688;25310.25;;25310.25;1;BID;;;;;
20251107;063700.688;25310.25;;25310.25;1;BID;;;;;
20251107;063700.688;25309.50;;25309.50;1;BID;;;;;
20251107;063700.688;;25310.50;25310.50;1;ASK;;;;;
20251107;063700.688;;25310.75;25310.75;1;ASK;;;;;
20251107;063700.688;;25310.25;25310.25;2;ASK;;;;;
20251107;063700.688;;25310.25;25310.25;3;ASK;;;;;
20251107;063700.688;25309.50;;25309.50;2;BID;;;;;
20251107;063700.688;25309.50;;25309.50;3;BID;;;;;
20251107;063700.688;25309.50;;25309.50;4;BID;;;;;
20251107;063700.688;25309.50;;25309.50;5;BID;;;;;
20251107;063700.688;25309.75;;25309.75;1;BID;;;;;
20251107;063700.688;;25310.25;25310.25;1;ASK;;;;;
20251107;063700.688;;25310.25;25310.25;2;ASK;;;;;
20251107;063700.688;25310.00;;25310.00;1;BID;;;;;
20251107;063700.688;;25310.25;25310.25;1;ASK;;;;;
20251107;063700.688;25309.75;;25309.75;1;BID;;;;;
20251107;063700.688;25309.50;;25309.50;3;BID;;;;;
20251107;063700.688;25309.50;;25309.50;2;BID;;;;;
20251107;063700.688;25309.75;;25309.75;1;BID;;;;;
20251107;063700.688;25309.50;;25309.50;2;BID;;;;;
20251107;063700.704;;25311.00;25311.00;1;ASK;;;;;
20251107;063700.704;;25311.00;25311.00;2;ASK;;;;;
20251107;063700.704;;25311.00;25311.00;3;ASK;;;;;
20251107;063700.704;;25311.00;25311.00;4;ASK;;;;;
20251107;063700.704;;25310.75;25310.75;1;ASK;;;;;
20251107;063700.704;25309.50;;25309.50;3;BID;;;;;
20251107;063700.704;25309.75;;25309.75;1;BID;;;;;
20251107;063700.780;;25310.75;25310.75;2;ASK;;;;;
20251107;063700.780;;25310.50;25310.50;1;ASK;;;;;
20251107;063700.780;25309.50;;25309.50;2;BID;;;;;
20251107;063700.780;25309.75;;25309.75;1;BID;;;;;
20251107;063700.780;;25310.75;25310.75;1;ASK;;;;;
20251107;063700.780;25310.00;;25310.00;1;BID;;;;;
20251107;063700.780;;25311.00;25311.00;4;ASK;;;;;
20251107;063700.780;;25311.00;25311.00;3;ASK;;;;;
20251107;063700.780;;25311.00;25311.00;2;ASK;;;;;
20251107;063700.780;;25311.00;25311.00;1;ASK;;;;;
20251107;063700.780;;25311.25;25311.25;1;ASK;;;;;
20251107;063700.784;25310.25;;25310.25;1;BID;;;;;
20251107;063700.784;;25311.00;25311.00;1;ASK;;;;;
20251107;063700.784;25310.00;;25310.00;1;BID;;;;;
20251107;063700.784;;25310.75;25310.75;1;ASK;;;;;
20251107;063700.784;25309.75;;25309.75;2;BID;;;;;
20251107;063700.784;25309.75;;25309.75;1;BID;;;;;
20251107;063700.860;;25311.00;25311.00;1;ASK;;;;;
20251107;063700.860;25310.00;;25310.00;1;BID;;;;;
20251107;063700.876;25309.75;;25309.75;1;BID;;;;;
20251107;063700.876;;25310.75;25310.75;1;ASK;;;;;
20251107;063700.888;25310.00;;25310.00;1;BID;;;;;
20251107;063700.888;;25311.00;25311.00;1;ASK;;;;;
20251107;063701.056;;25311.00;25311.00;2;ASK;;;;;
20251107;063701.056;;25310.75;25310.75;1;ASK;;;;;
20251107;063701.056;25309.75;;25309.75;1;BID;;;;;
20251107;063701.060;;25311.00;25311.00;2;ASK;;;;;
20251107;063701.060;25310.00;;25310.00;1;BID;;;;;
20251107;063701.132;;25310.75;25310.75;1;ASK;;;;;
20251107;063701.132;25309.75;;25309.75;1;BID;;;;;
20251107;063701.272;;25310.75;25310.75;1;ASK;;;;;
20251107;063701.272;;25311.00;25311.00;2;ASK;;;;;
20251107;063701.272;25310.00;;25310.00;1;BID;;;;;
20251107;063701.276;;25310.75;25310.75;1;ASK;;;;;
20251107;063701.276;25309.75;;25309.75;1;BID;;;;;
20251107;063701.276;25310.25;;25310.25;1;BID;;;;;
20251107;063701.276;25309.75;;25309.75;1;BID;;;;;
20251107;063701.276;;25311.00;25311.00;2;ASK;;;;;
20251107;063701.276;25310.00;;25310.00;1;BID;;;;;
20251107;063701.276;25309.75;;25309.75;1;BID;;;;;
20251107;063701.276;;25310.75;25310.75;1;ASK;;;;;
20251107;063701.312;25310.00;;25310.00;1;BID;;;;;
20251107;063701.312;;25311.00;25311.00;2;ASK;;;;;
20251107;063701.684;25309.75;;25309.75;1;BID;;;;;
20251107;063701.712;;25310.75;25310.75;1;ASK;;;;;
20251107;063701.736;25310.00;;25310.00;1;BID;;;;;
20251107;063701.736;;25311.00;25311.00;2;ASK;;;;;
20251107;063702.056;25309.75;;25309.75;1;BID;;;;;
20251107;063702.056;25310.00;;25310.00;1;BID;;;;;
20251107;063702.512;25310.25;;25310.25;1;BID;;;;;
20251107;063702.512;;25311.00;25311.00;1;ASK;;;;;
20251107;063703.376;;25310.75;25310.75;1;ASK;;;;;
20251107;063703.376;25310.25;;25310.25;1;BID;;;;;
20251107;063703.376;25309.75;;25309.75;3;BID;;;;;
20251107;063703.376;;25310.50;25310.50;1;ASK;;;;;
20251107;063703.376;25309.75;;25309.75;2;BID;;;;;
20251107;063703.376;25309.75;;25309.75;1;BID;;;;;
20251107;063703.376;25310.00;;25310.00;1;BID;;;;;
20251107;063703.376;;25310.75;25310.75;1;ASK;;;;;
20251107;063703.376;25309.75;;25309.75;1;BID;;;;;
20251107;063703.376;25309.50;;25309.50;3;BID;;;;;
20251107;063703.376;;25311.00;25311.00;1;ASK;;;;;
20251107;063703.380;25309.50;;25309.50;2;BID;;;;;
20251107;063703.380;25309.50;;25309.50;1;BID;;;;;
20251107;063703.380;25309.50;;25309.50;2;BID;;;;;
20251107;063703.384;25309.75;;25309.75;1;BID;;;;;
20251107;063703.388;25310.00;;25310.00;1;BID;;;;;
20251107;063703.404;;25310.75;25310.75;1;ASK;;;;;
20251107;063703.404;25309.75;;25309.75;1;BID;;;;;
20251107;063703.416;25310.00;;25310.00;1;BID;;;;;
20251107;063703.416;;25311.00;25311.00;1;ASK;;;;;
20251107;063703.416;25309.75;;25309.75;1;BID;;;;;
20251107;063703.416;;25310.75;25310.75;1;ASK;;;;;
20251107;063704.220;25310.00;;25310.00;1;BID;;;;;
20251107;063704.220;;25311.00;25311.00;1;ASK;;;;;
20251107;063704.220;25309.75;;25309.75;1;BID;;;;;
20251107;063704.220;;25310.75;25310.75;1;ASK;;;;;
20251107;063704.260;;25310.50;25310.50;1;ASK;;;;;
20251107;063704.260;25309.50;;25309.50;1;BID;;;;;
20251107;063704.260;25309.75;;25309.75;1;BID;;;;;
20251107;063704.260;;25310.75;25310.75;1;ASK;;;;;
20251107;063704.260;;25310.75;25310.75;2;ASK;;;;;
20251107;063704.260;;25310.75;25310.75;1;ASK;;;;;
20251107;063704.260;;25310.50;25310.50;1;ASK;;;;;
20251107;063704.260;25309.50;;25309.50;1;BID;;;;;
20251107;063704.276;;25310.25;25310.25;1;ASK;;;;;
20251107;063704.276;25309.25;;25309.25;3;BID;;;;;
20251107;063704.276;25309.25;;25309.25;2;BID;;;;;
20251107;063704.276;25309.25;;25309.25;1;BID;;;;;
20251107;063704.688;25309.50;;25309.50;1;BID;;;;;
20251107;063704.688;;25310.50;25310.50;1;ASK;;;;;
20251107;063704.692;25309.75;;25309.75;1;BID;;;;;
20251107;063704.692;;25310.75;25310.75;1;ASK;;;;;
20251107;063704.692;25309.50;;25309.50;1;BID;;;;;
20251107;063704.692;25309.25;;25309.25;1;BID;;;;;
20251107;063704.692;;25311.00;25311.00;2;ASK;;;;;
20251107;063704.692;;25310.50;25310.50;1;ASK;;;;;
20251107;063704.692;25309.25;;25309.25;2;BID;;;;;
20251107;063704.692;25309.25;;25309.25;3;BID;;;;;
20251107;063704.692;25309.25;;25309.25;4;BID;;;;;
20251107;063704.692;25309.25;;25309.25;3;BID;;;;;
20251107;063704.692;25309.50;;25309.50;1;BID;;;;;
20251107;063704.780;;25310.25;25310.25;1;ASK;;;;;
20251107;063704.780;25309.25;;25309.25;2;BID;;;;;
20251107;063704.968;25309.50;;25309.50;1;BID;;;;;
20251107;063704.968;;25310.50;25310.50;1;ASK;;;;;
20251107;063704.968;;25311.00;25311.00;1;ASK;;;;;
20251107;063704.968;;25311.00;25311.00;2;ASK;;;;;
20251107;063704.968;25309.75;;25309.75;1;BID;;;;;
20251107;063704.968;;25311.00;25311.00;3;ASK;;;;;
20251107;063704.968;;25310.75;25310.75;1;ASK;;;;;
20251107;063704.984;25309.50;;25309.50;1;BID;;;;;
20251107;063704.984;;25310.50;25310.50;1;ASK;;;;;
20251107;063705.104;;25310.75;25310.75;1;ASK;;;;;
20251107;063705.176;;25310.50;25310.50;1;ASK;;;;;
20251107;063705.176;25309.25;;25309.25;3;BID;;;;;
20251107;063705.176;;25310.25;25310.25;1;ASK;;;;;
20251107;063705.180;25309.25;;25309.25;2;BID;;;;;
20251107;063705.180;;25310.50;25310.50;1;ASK;;;;;
20251107;063705.180;25309.50;;25309.50;1;BID;;;;;
20251107;063705.432;;25310.75;25310.75;1;ASK;;;;;
20251107;063705.432;25309.75;;25309.75;1;BID;;;;;
20251107;063705.432;;25311.00;25311.00;2;ASK;;;;;
20251107;063705.432;25310.00;;25310.00;1;BID;;;;;
20251107;063705.432;;25310.75;25310.75;1;ASK;;;;;
20251107;063705.432;;25311.00;25311.00;2;ASK;;;;;
20251107;063705.432;25309.75;;25309.75;1;BID;;;;;
20251107;063705.440;25310.00;;25310.00;1;BID;;;;;
20251107;063705.460;;25310.75;25310.75;1;ASK;;;;;
20251107;063705.460;25309.75;;25309.75;1;BID;;;;;
20251107;063705.484;25310.00;;25310.00;1;BID;;;;;
20251107;063705.484;;25311.00;25311.00;2;ASK;;;;;
20251107;063705.720;;25311.00;25311.00;1;ASK;;;;;
20251107;063705.828;25310.25;;25310.25;1;BID;;;;;
20251107;063705.828;;25311.00;25311.00;1;ASK;;;;;
20251107;063705.828;;25311.25;25311.25;2;ASK;;;;;
20251107;063705.828;;25311.25;25311.25;1;ASK;;;;;
20251107;063705.828;;25311.50;25311.50;2;ASK;;;;;
20251107;063705.828;25310.00;;25310.00;1;BID;;;;;
20251107;063705.828;;25311.50;25311.50;1;ASK;;;;;
20251107;063705.828;25310.25;;25310.25;1;BID;;;;;
20251107;063705.828;;25311.75;25311.75;1;ASK;;;;;
20251107;063705.828;25310.25;;25310.25;2;BID;;;;;
20251107;063705.828;;25311.50;25311.50;1;ASK;;;;;
20251107;063705.828;;25311.75;25311.75;1;ASK;;;;;
20251107;063705.828;25310.50;;25310.50;1;BID;;;;;
20251107;063705.832;;25311.50;25311.50;1;ASK;;;;;
20251107;063706.084;25310.50;;25310.50;1;BID;;;;;
20251107;063706.084;25310.25;;25310.25;3;BID;;;;;
20251107;063706.084;;25311.25;25311.25;1;ASK;;;;;
20251107;063706.084;25310.25;;25310.25;2;BID;;;;;
20251107;063706.084;25310.25;;25310.25;1;BID;;;;;
20251107;063706.084;25310.00;;25310.00;3;BID;;;;;
20251107;063706.084;25310.25;;25310.25;1;BID;;;;;
20251107;063706.084;;25311.50;25311.50;1;ASK;;;;;
20251107;063706.088;25310.50;;25310.50;1;BID;;;;;
20251107;063706.152;;25311.25;25311.25;1;ASK;;;;;
20251107;063706.152;25310.25;;25310.25;1;BID;;;;;
20251107;063706.152;;25311.25;25311.25;2;ASK;;;;;
20251107;063706.152;25310.00;;25310.00;4;BID;;;;;
20251107;063706.152;25310.00;;25310.00;3;BID;;;;;
20251107;063706.152;;25311.00;25311.00;1;ASK;;;;;
20251107;063706.156;25310.00;;25310.00;2;BID;;;;;
20251107;063706.420;25310.25;;25310.25;1;BID;;;;;
20251107;063706.420;;25311.25;25311.25;2;ASK;;;;;
20251107;063706.672;;25310.75;25310.75;1;ASK;;;;;
20251107;063706.672;25310.00;;25310.00;2;BID;;;;;
20251107;063706.672;25310.00;;25310.00;1;BID;;;;;
20251107;063706.672;25309.75;;25309.75;3;BID;;;;;
20251107;063706.672;25309.75;;25309.75;2;BID;;;;;
20251107;063706.672;25309.75;;25309.75;1;BID;;;;;
20251107;063707.468;25310.00;;25310.00;1;BID;;;;;
20251107;063708.148;25310.00;;25310.00;2;BID;;;;;
20251107;063708.148;;25310.75;25310.75;1;ASK;;;;;
20251107;063708.148;;25311.25;25311.25;1;ASK;;;;;
20251107;063708.148;25310.25;;25310.25;1;BID;;;;;
20251107;063708.148;25310.25;;25310.25;2;BID;;;;;
20251107;063708.148;;25311.50;25311.50;2;ASK;;;;;
20251107;063708.148;25310.50;;25310.50;1;BID;;;;;
20251107;063708.148;;25311.50;25311.50;1;ASK;;;;;
20251107;063708.148;;25311.75;25311.75;1;ASK;;;;;
20251107;063708.148;;25312.00;25312.00;3;ASK;;;;;
20251107;063708.148;;25311.25;25311.25;1;ASK;;;;;
20251107;063708.148;25310.25;;25310.25;1;BID;;;;;
20251107;063708.152;25310.25;;25310.25;2;BID;;;;;
20251107;063708.152;25310.50;;25310.50;1;BID;;;;;
20251107;063708.152;25310.50;;25310.50;2;BID;;;;;
20251107;063708.172;25310.75;;25310.75;1;BID;;;;;
20251107;063708.172;25310.50;;25310.50;2;BID;;;;;
20251107;063708.172;25310.50;;25310.50;1;BID;;;;;
20251107;063708.360;25310.50;;25310.50;2;BID;;;;;
20251107;063708.360;25310.75;;25310.75;1;BID;;;;;
20251107;063708.364;25310.75;;25310.75;1;BID;;;;;
20251107;063708.364;25310.50;;25310.50;2;BID;;;;;
20251107;063708.364;25310.50;;25310.50;1;BID;;;;;
20251107;063708.364;25310.25;;25310.25;3;BID;;;;;
20251107;063708.364;25310.25;;25310.25;2;BID;;;;;
20251107;063708.368;25310.50;;25310.50;1;BID;;;;;
20251107;063708.368;25310.25;;25310.25;2;BID;;;;;
20251107;063708.400;25310.50;;25310.50;1;BID;;;;;
20251107;063708.440;25310.25;;25310.25;2;BID;;;;;
20251107;063708.760;25310.25;;25310.25;1;BID;;;;;
20251107;063709.364;25310.50;;25310.50;1;BID;;;;;
20251107;063709.504;25310.25;;25310.25;2;BID;;;;;
20251107;063709.504;25310.25;;25310.25;1;BID;;;;;
20251107;063709.720;25310.25;;25310.25;2;BID;;;;;
20251107;063709.720;25310.50;;25310.50;1;BID;;;;;
20251107;063709.720;25310.25;;25310.25;1;BID;;;;;
20251107;063709.728;25310.50;;25310.50;1;BID;;;;;
20251107;063709.824;25310.25;;25310.25;1;BID;;;;;
20251107;063710.836;;25311.00;25311.00;1;ASK;;;;;
20251107;063710.836;25310.00;;25310.00;4;BID;;;;;
20251107;063710.836;25310.00;;25310.00;3;BID;d_shape;LONG;25310.00;;
20251107;063710.836;25310.00;;25310.00;2;BID;;;;;
20251107;063710.836;25310.00;;25310.00;1;BID;;;;;
20251107;063710.836;25309.75;;25309.75;2;BID;;;;;
20251107;063710.836;;25310.75;25310.75;1;ASK;;;;;
20251107;063710.840;25309.75;;25309.75;1;BID;;;;;
20251107;063710.840;25310.00;;25310.00;1;BID;;;;;
20251107;063710.840;;25311.00;25311.00;1;ASK;;;;;
20251107;063710.864;25309.75;;25309.75;1;BID;;;;;
20251107;063710.864;;25310.75;25310.75;1;ASK;;;;;
20251107;063710.888;;25310.75;25310.75;2;ASK;;;;;
20251107;063711.152;;25310.75;25310.75;1;ASK;;;;;
20251107;063711.152;;25310.75;25310.75;1;ASK;;;;;
20251107;063711.152;25310.00;;25310.00;1;BID;;;;;
20251107;063711.152;25310.00;;25310.00;2;BID;;;;;
20251107;063711.152;25310.00;;25310.00;1;BID;;;;;
20251107;063711.164;25309.75;;25309.75;1;BID;;;;;
20251107;063711.316;25310.00;;25310.00;1;BID;;;;;
20251107;063711.380;25309.75;;25309.75;1;BID;;;;;
20251107;063712.160;25310.00;;25310.00;1;BID;;;;;
20251107;063712.160;25309.75;;25309.75;1;BID;;;;;
20251107;063712.216;25310.00;;25310.00;1;BID;;;;;
20251107;063712.272;25309.75;;25309.75;1;BID;;;;;
20251107;063713.128;;25310.50;25310.50;1;ASK;;;;;
20251107;063713.128;25309.50;;25309.50;2;BID;;;;;
20251107;063713.132;25309.75;;25309.75;1;BID;;;;;
20251107;063713.132;;25311.00;25311.00;1;ASK;;;;;
20251107;063713.132;;25310.75;25310.75;1;ASK;;;;;
20251107;063713.180;;25310.75;25310.75;2;ASK;;;;;
20251107;063713.180;;25310.50;25310.50;1;ASK;;;;;
20251107;063713.180;25309.50;;25309.50;2;BID;;;;;
20251107;063713.184;25309.50;;25309.50;1;BID;;;;;
20251107;063713.232;25309.75;;25309.75;1;BID;;;;;
20251107;063713.232;;25310.75;25310.75;1;ASK;;;;;
20251107;063713.304;;25310.75;25310.75;2;ASK;;;;;
20251107;063713.304;;25310.50;25310.50;1;ASK;;;;;
20251107;063713.304;25309.50;;25309.50;1;BID;;;;;
20251107;063713.332;25309.75;;25309.75;1;BID;;;;;
20251107;063713.332;;25310.75;25310.75;2;ASK;;;;;
20251107;063713.364;;25310.50;25310.50;1;ASK;;;;;
20251107;063713.364;25309.50;;25309.50;1;BID;;;;;
20251107;063713.368;25309.75;;25309.75;1;BID;;;;;
20251107;063713.368;;25310.75;25310.75;2;ASK;;;;;
20251107;063714.308;;25310.75;25310.75;1;ASK;;;;;
20251107;063714.308;;25310.75;25310.75;1;ASK;;;;;
20251107;063714.308;25310.00;;25310.00;1;BID;;;;;
20251107;063714.308;25310.00;;25310.00;2;BID;;;;;
20251107;063714.312;25310.00;;25310.00;1;BID;;;;;
20251107;063714.312;25309.75;;25309.75;1;BID;;;;;
20251107;063714.320;;25310.50;25310.50;1;ASK;;;;;
20251107;063714.320;25309.50;;25309.50;1;BID;;;;;
20251107;063714.320;25309.75;;25309.75;1;BID;;;;;
20251107;063714.320;;25311.00;25311.00;1;ASK;;;;;
20251107;063714.324;25309.75;;25309.75;2;BID;;;;;
20251107;063714.324;25310.00;;25310.00;1;BID;;;;;
20251107;063714.372;;25311.00;25311.00;2;ASK;;;;;
20251107;063714.372;;25310.75;25310.75;1;ASK;;;;;
20251107;063714.372;25309.75;;25309.75;1;BID;;;;;
20251107;063714.400;25310.00;;25310.00;1;BID;;;;;
20251107;063714.424;;25311.00;25311.00;1;ASK;;;;;
20251107;063714.424;25309.75;;25309.75;1;BID;;;;;
20251107;063714.468;;25311.00;25311.00;2;ASK;;;;;
20251107;063714.468;;25310.75;25310.75;1;ASK;;;;;
20251107;063714.536;;25310.75;25310.75;2;ASK;;;;;
20251107;063715.016;;25310.50;25310.50;1;ASK;;;;;
20251107;063715.016;25309.50;;25309.50;1;BID;;;;;
20251107;063715.016;;25310.75;25310.75;2;ASK;;;;;
20251107;063715.016;;25310.75;25310.75;1;ASK;;;;;
20251107;063715.020;25309.75;;25309.75;1;BID;;;;;
20251107;063715.020;25310.00;;25310.00;1;BID;;;;;
20251107;063715.032;;25310.50;25310.50;1;ASK;;;;;
20251107;063715.032;25309.75;;25309.75;1;BID;;;;;
20251107;063715.032;;25310.75;25310.75;1;ASK;;;;;
20251107;063715.068;;25310.75;25310.75;2;ASK;;;;;
20251107;063715.068;;25310.50;25310.50;1;ASK;;;;;
20251107;063715.068;25309.50;;25309.50;1;BID;;;;;
20251107;063715.092;25309.75;;25309.75;1;BID;;;;;
20251107;063715.092;;25310.75;25310.75;2;ASK;;;;;
20251107;063715.144;25309.50;;25309.50;1;BID;;;;;
20251107;063715.164;;25310.50;25310.50;1;ASK;;;;;
20251107;063715.164;25309.75;;25309.75;1;BID;;;;;
20251107;063715.168;;25310.75;25310.75;2;ASK;;;;;
20251107;063715.168;;25310.75;25310.75;1;ASK;;;;;
20251107;063715.196;25309.50;;25309.50;1;BID;;;;;
20251107;063715.220;25309.50;;25309.50;2;BID;;;;;
20251107;063715.220;25309.75;;25309.75;1;BID;;;;;
20251107;063715.220;25309.75;;25309.75;2;BID;;;;;
20251107;063715.220;;25311.00;25311.00;1;ASK;;;;;
20251107;063715.220;25310.00;;25310.00;1;BID;;;;;
20251107;063715.224;25310.25;;25310.25;1;BID;;;;;
20251107;063715.224;;25311.25;25311.25;1;ASK;;;;;
20251107;063715.224;;25311.50;25311.50;1;ASK;;;;;
20251107;063715.224;;25311.75;25311.75;1;ASK;;;;;
20251107;063715.224;;25311.25;25311.25;1;ASK;;;;;
20251107;063715.228;;25311.50;25311.50;2;ASK;;;;;
20251107;063715.228;;25311.25;25311.25;1;ASK;;;;;
20251107;063715.376;25310.50;;25310.50;1;BID;;;;;
20251107;063715.428;;25311.25;25311.25;2;ASK;;;;;
20251107;063715.428;25310.25;;25310.25;1;BID;;;;;
20251107;063715.688;;25311.00;25311.00;1;ASK;;;;;
20251107;063715.688;25310.00;;25310.00;2;BID;;;;;
20251107;063715.688;25310.00;;25310.00;1;BID;;;;;
20251107;063715.688;25310.25;;25310.25;1;BID;;;;;
20251107;063715.688;;25311.25;25311.25;1;ASK;;;;;
20251107;063715.740;;25311.25;25311.25;2;ASK;;;;;
20251107;063715.740;;25311.00;25311.00;1;ASK;;;;;
20251107;063715.740;25310.00;;25310.00;1;BID;;;;;
20251107;063715.760;25310.25;;25310.25;1;BID;;;;;
20251107;063715.760;;25311.25;25311.25;2;ASK;;;;;
20251107;063716.252;;25311.00;25311.00;1;ASK;;;;;
20251107;063716.252;25310.00;;25310.00;1;BID;;;;;
20251107;063716.252;25310.25;;25310.25;1;BID;;;;;
20251107;063716.252;;25311.25;25311.25;1;ASK;;;;;
20251107;063716.280;;25311.25;25311.25;2;ASK;;;;;
20251107;063716.280;25310.00;;25310.00;1;BID;;;;;
20251107;063716.280;;25311.00;25311.00;1;ASK;;;;;
20251107;063716.300;;25311.00;25311.00;2;ASK;;;;;
20251107;063716.520;25309.75;;25309.75;3;BID;;;;;
20251107;063716.520;;25310.75;25310.75;1;ASK;;;;;
20251107;063716.524;25309.75;;25309.75;2;BID;;;;;
20251107;063716.524;25309.75;;25309.75;1;BID;;;;;
20251107;063716.524;25309.50;;25309.50;1;BID;;;;;
20251107;063716.524;25309.75;;25309.75;1;BID;;;;;
20251107;063716.564;25310.00;;25310.00;1;BID;;;;;
20251107;063716.564;;25311.00;25311.00;1;ASK;;;;;
20251107;063716.564;;25310.75;25310.75;1;ASK;;;;;
20251107;063716.564;25309.75;;25309.75;1;BID;;;;;
20251107;063716.720;;25310.75;25310.75;2;ASK;;;;;
20251107;063716.720;;25310.50;25310.50;1;ASK;;;;;
20251107;063716.720;;25310.50;25310.50;2;ASK;;;;;
20251107;063716.720;25309.50;;25309.50;1;BID;;;;;
20251107;063716.720;;25310.50;25310.50;1;ASK;;;;;
20251107;063716.720;;25310.50;25310.50;1;ASK;;;;;
20251107;063716.720;;25310.75;25310.75;1;ASK;;;;;
20251107;063716.720;;25311.00;25311.00;1;ASK;;;;;
20251107;063716.720;25309.75;;25309.75;1;BID;;;;;
20251107;063716.720;25310.00;;25310.00;1;BID;;;;;
20251107;063716.720;;25311.25;25311.25;1;ASK;;;;;
20251107;063716.720;;25311.50;25311.50;1;ASK;;;;;
20251107;063716.724;;25311.25;25311.25;1;ASK;;;;;
20251107;063716.724;;25311.00;25311.00;1;ASK;;;;;
20251107;063716.724;;25311.25;25311.25;1;ASK;;;;;
20251107;063716.724;25310.25;;25310.25;1;BID;;;;;
20251107;063716.740;25310.00;;25310.00;1;BID;;;;;
20251107;063716.740;;25311.00;25311.00;1;ASK;;;;;
20251107;063716.760;25310.25;;25310.25;1;BID;;;;;
20251107;063716.760;;25311.25;25311.25;1;ASK;;;;;
20251107;063716.760;25310.50;;25310.50;1;BID;;;;;
20251107;063716.792;25310.25;;25310.25;1;BID;;;;;
20251107;063717.516;25310.25;;25310.25;2;BID;;;;;
20251107;063717.516;;25311.50;25311.50;2;ASK;;;;;
20251107;063717.520;25310.25;;25310.25;1;BID;;;;;
20251107;063717.520;;25311.25;25311.25;1;ASK;;;;;
20251107;063717.564;;25311.50;25311.50;1;ASK;;;;;
20251107;063717.564;25310.50;;25310.50;1;BID;;;;;
20251107;063717.564;;25311.75;25311.75;3;ASK;;;;;
20251107;063717.564;;25311.75;25311.75;2;ASK;;;;;
20251107;063717.564;25310.25;;25310.25;1;BID;;;;;
20251107;063717.564;;25311.50;25311.50;1;ASK;;;;;
20251107;063717.620;25310.25;;25310.25;2;BID;;;;;
20251107;063717.620;25310.50;;25310.50;1;BID;;;;;
20251107;063717.620;25310.75;;25310.75;1;BID;;;;;
20251107;063717.620;;25311.75;25311.75;2;ASK;;;;;
20251107;063717.620;;25311.50;25311.50;1;ASK;;;;;
20251107;063717.620;25310.50;;25310.50;1;BID;;;;;
20251107;063718.488;25310.75;;25310.75;1;BID;;;;;
20251107;063718.488;;25311.75;25311.75;2;ASK;;;;;
20251107;063718.492;25310.50;;25310.50;1;BID;;;;;
20251107;063718.492;;25311.50;25311.50;1;ASK;;;;;
20251107;063718.492;25310.25;;25310.25;2;BID;;;;;
20251107;063718.492;25310.25;;25310.25;1;BID;;;;;
20251107;063718.492;;25311.75;25311.75;2;ASK;;;;;
20251107;063718.492;25310.50;;25310.50;1;BID;;;;;
20251107;063718.492;25310.75;;25310.75;1;BID;;;;;
20251107;063718.492;;25311.75;25311.75;1;ASK;;;;;
20251107;063718.492;;25312.00;25312.00;1;ASK;;;;;
20251107;063718.492;;25312.25;25312.25;2;ASK;;;;;
20251107;063718.492;25310.75;;25310.75;2;BID;;;;;
20251107;063718.492;25310.75;;25310.75;3;BID;;;;;
20251107;063718.492;25310.75;;25310.75;4;BID;;;;;
20251107;063718.492;;25312.25;25312.25;1;ASK;;;;;
20251107;063718.492;25311.00;;25311.00;1;BID;;;;;
20251107;063718.496;;25312.50;25312.50;4;ASK;;;;;
20251107;063718.496;;25312.50;25312.50;3;ASK;;;;;
20251107;063718.496;;25312.50;25312.50;2;ASK;;;;;
20251107;063718.496;;25312.50;25312.50;1;ASK;;;;;
20251107;063718.496;25311.25;;25311.25;1;BID;;;;;
20251107;063718.496;;25312.50;25312.50;2;ASK;;;;;
20251107;063718.496;;25312.25;25312.25;1;ASK;;;;;
20251107;063718.496;25311.00;;25311.00;2;BID;;;;;
20251107;063718.496;;25312.00;25312.00;1;ASK;;;;;
20251107;063718.500;25311.25;;25311.25;1;BID;;;;;
20251107;063718.500;;25312.25;25312.25;1;ASK;;;;;
20251107;063718.608;25311.00;;25311.00;2;BID;;;;;
20251107;063718.608;;25312.00;25312.00;1;ASK;;;;;
20251107;063718.656;;25312.00;25312.00;1;ASK;;;;;
20251107;063718.656;;25312.25;25312.25;1;ASK;;;;;
20251107;063718.656;;25312.50;25312.50;2;ASK;;;;;
20251107;063718.656;25311.25;;25311.25;1;BID;;;;;
20251107;063718.656;25311.50;;25311.50;1;BID;;;;;
20251107;063718.656;;25312.50;25312.50;1;ASK;;;;;
20251107;063718.660;25311.50;;25311.50;2;BID;;;;;
20251107;063718.660;25311.75;;25311.75;1;BID;;;;;
20251107;063718.660;25311.75;;25311.75;2;BID;;;;;
20251107;063718.660;25312.00;;25312.00;1;BID;;;;;
20251107;063718.660;25311.75;;25311.75;2;BID;;;;;
20251107;063718.660;25311.75;;25311.75;1;BID;;;;;
20251107;063718.660;25311.50;;25311.50;3;BID;;;;;
20251107;063718.660;;25312.50;25312.50;2;ASK;;;;;
20251107;063718.664;25311.50;;25311.50;2;BID;;;;;
20251107;063718.664;25311.50;;25311.50;1;BID;;;;;
20251107;063718.664;25311.75;;25311.75;1;BID;;;;;
20251107;063718.664;25311.50;;25311.50;1;BID;;;;;
20251107;063718.664;;25312.50;25312.50;1;ASK;;;;;
20251107;063718.664;25311.75;;25311.75;1;BID;;;;;
20251107;063718.664;25311.50;;25311.50;1;BID;;;;;
20251107;063718.668;25311.75;;25311.75;1;BID;;;;;
20251107;063718.668;25311.75;;25311.75;2;BID;;;;;
20251107;063718.668;25311.75;;25311.75;1;BID;;;;;
20251107;063718.672;25311.50;;25311.50;1;BID;;;;;
20251107;063718.672;25311.50;;25311.50;2;BID;;;;;
20251107;063718.672;25311.75;;25311.75;1;BID;;;;;
20251107;063718.672;25311.50;;25311.50;2;BID;;;;;
20251107;063718.672;25311.50;;25311.50;1;BID;;;;;
20251107;063718.672;25311.25;;25311.25;3;BID;;;;;
20251107;063718.672;25311.25;;25311.25;2;BID;;;;;
20251107;063718.672;;25312.25;25312.25;1;ASK;;;;;
20251107;063718.672;;25312.50;25312.50;2;ASK;;;;;
20251107;063718.672;25311.25;;25311.25;1;BID;;;;;
20251107;063718.672;25311.00;;25311.00;1;BID;;;;;
20251107;063718.672;;25312.00;25312.00;1;ASK;;;;;
20251107;063718.672;25310.75;;25310.75;3;BID;;;;;
20251107;063718.672;25310.75;;25310.75;2;BID;;;;;
20251107;063718.672;25311.00;;25311.00;1;BID;;;;;
20251107;063718.672;;25312.25;25312.25;1;ASK;;;;;
20251107;063718.672;25311.25;;25311.25;1;BID;;;;;
20251107;063718.680;25311.25;;25311.25;2;BID;;;;;
20251107;063718.708;25311.50;;25311.50;1;BID;;;;;
20251107;063718.708;;25312.50;25312.50;2;ASK;;;;;
20251107;063718.740;;25312.25;25312.25;1;ASK;;;;;
20251107;063718.740;25311.25;;25311.25;1;BID;;;;;
20251107;063718.760;25311.25;;25311.25;2;BID;;;;;
20251107;063718.760;;25312.50;25312.50;2;ASK;;;;;
20251107;063718.760;25311.50;;25311.50;1;BID;;;;;
20251107;063718.812;25311.25;;25311.25;1;BID;;;;;
20251107;063718.812;;25312.25;25312.25;1;ASK;;;;;
20251107;063718.816;25311.00;;25311.00;1;BID;;;;;
20251107;063718.816;;25312.00;25312.00;1;ASK;;;;;
20251107;063718.816;25311.00;;25311.00;2;BID;;;;;
20251107;063718.816;25311.00;;25311.00;3;BID;;;;;
20251107;063718.820;;25312.25;25312.25;1;ASK;;;;;
20251107;063718.820;25311.25;;25311.25;1;BID;;;;;
20251107;063718.904;25311.00;;25311.00;2;BID;;;;;
20251107;063718.924;;25312.00;25312.00;1;ASK;;;;;
20251107;063718.924;25311.25;;25311.25;1;BID;;;;;
20251107;063718.924;;25312.25;25312.25;1;ASK;;;;;
20251107;063718.924;25311.25;;25311.25;2;BID;;;;;
20251107;063718.944;25311.25;;25311.25;1;BID;;;;;
20251107;063718.996;;25312.00;25312.00;1;ASK;;;;;
20251107;063719.032;;25311.75;25311.75;1;ASK;;;;;
20251107;063719.032;25311.00;;25311.00;2;BID;;;;;
20251107;063719.032;25311.00;;25311.00;1;BID;;;;;
20251107;063719.032;;25312.00;25312.00;1;ASK;;;;;
20251107;063719.032;;25312.25;25312.25;1;ASK;;;;;
20251107;063719.032;25311.25;;25311.25;1;BID;;;;;
20251107;063719.032;;25312.25;25312.25;2;ASK;;;;;
20251107;063719.032;25311.00;;25311.00;1;BID;;;;;
20251107;063719.036;;25312.00;25312.00;1;ASK;;;;;
20251107;063719.076;25311.25;;25311.25;1;BID;;;;;
20251107;063719.076;;25312.25;25312.25;2;ASK;;;;;
20251107;063719.108;25311.00;;25311.00;1;BID;;;;;
20251107;063719.108;;25312.00;25312.00;1;ASK;;;;;
20251107;063719.108;;25312.00;25312.00;2;ASK;;;;;
20251107;063719.124;25310.75;;25310.75;3;BID;;;;;
20251107;063719.124;;25311.75;25311.75;1;ASK;;;;;
20251107;063719.124;25310.75;;25310.75;2;BID;;;;;
20251107;063719.124;25310.75;;25310.75;1;BID;;;;;
20251107;063719.124;25310.50;;25310.50;1;BID;;;;;
20251107;063719.124;25310.25;;25310.25;1;BID;;;;;
20251107;063719.124;25310.25;;25310.25;2;BID;;;;;
20251107;063719.124;;25311.50;25311.50;1;ASK;;;;;
20251107;063719.124;25310.50;;25310.50;1;BID;;;;;
20251107;063719.124;;25311.75;25311.75;1;ASK;;;;;
20251107;063719.124;25310.75;;25310.75;1;BID;;;;;
20251107;063719.128;25310.50;;25310.50;1;BID;;;;;
20251107;063719.128;;25311.50;25311.50;1;ASK;;;;;
20251107;063719.144;25310.50;;25310.50;2;BID;;;;;
20251107;063719.144;;25311.75;25311.75;1;ASK;;;;;
20251107;063719.144;25310.75;;25310.75;1;BID;;;;;
20251107;063719.184;25311.00;;25311.00;1;BID;;;;;
20251107;063719.240;25310.75;;25310.75;1;BID;;;;;
20251107;063719.292;25311.00;;25311.00;1;BID;;;;;
20251107;063719.368;25310.75;;25310.75;1;BID;;;;;
20251107;063719.396;25311.00;;25311.00;1;BID;;;;;
20251107;063719.396;;25312.00;25312.00;2;ASK;;;;;
20251107;063719.440;25311.00;;25311.00;1;BID;;;;;
20251107;063719.440;25310.75;;25310.75;1;BID;;;;;
20251107;063719.440;25310.50;;25310.50;3;BID;;;;;
20251107;063719.440;;25311.75;25311.75;1;ASK;;;;;
20251107;063719.440;;25311.50;25311.50;1;ASK;;;;;
20251107;063719.440;25310.50;;25310.50;2;BID;;;;;
20251107;063719.444;25310.50;;25310.50;1;BID;;;;;
20251107;063719.444;;25311.75;25311.75;2;ASK;;;;;
20251107;063719.444;;25311.75;25311.75;1;ASK;;;;;
20251107;063719.444;25310.75;;25310.75;1;BID;;;;;
20251107;063719.444;;25311.50;25311.50;1;ASK;;;;;
20251107;063719.444;25310.50;;25310.50;1;BID;;;;;
20251107;063719.448;25310.25;;25310.25;1;BID;;;;;
20251107;063719.448;;25311.25;25311.25;1;ASK;;;;;
20251107;063719.448;25310.00;;25310.00;2;BID;;;;;
20251107;063719.448;25310.00;;25310.00;3;BID;;;;;
20251107;063719.448;25310.00;;25310.00;2;BID;;;;;
20251107;063719.452;25310.25;;25310.25;1;BID;;;;;
20251107;063719.452;25310.50;;25310.50;1;BID;;;;;
20251107;063719.504;25310.25;;25310.25;1;BID;;;;;
20251107;063719.504;25310.25;;25310.25;2;BID;;;;;
20251107;063719.504;25310.50;;25310.50;1;BID;;;;;
20251107;063719.508;25310.25;;25310.25;2;BID;;;;;
20251107;063719.528;;25311.50;25311.50;1;ASK;;;;;
20251107;063719.528;25310.50;;25310.50;1;BID;;;;;
20251107;063719.528;;25311.75;25311.75;2;ASK;;;;;
20251107;063719.528;;25311.75;25311.75;1;ASK;;;;;
20251107;063719.528;;25311.75;25311.75;2;ASK;;;;;
20251107;063719.528;;25311.50;25311.50;1;ASK;;;;;
20251107;063719.720;25310.25;;25310.25;2;BID;;;;;
20251107;063719.720;;25311.25;25311.25;1;ASK;;;;;
20251107;063719.824;;25311.50;25311.50;1;ASK;;;;;
20251107;063719.824;25310.50;;25310.50;1;BID;;;;;
20251107;063719.932;;25311.50;25311.50;2;ASK;;;;;
20251107;063719.932;25310.25;;25310.25;2;BID;;;;;
20251107;063719.932;;25311.25;25311.25;1;ASK;;;;;
20251107;063719.932;;25311.50;25311.50;1;ASK;;;;;
20251107;063719.940;25310.50;;25310.50;1;BID;;;;;
20251107;063720.248;;25311.25;25311.25;1;ASK;;;;;
20251107;063720.248;25310.25;;25310.25;2;BID;;;;;
20251107;063720.248;25310.50;;25310.50;1;BID;;;;;
20251107;063720.248;;25311.50;25311.50;1;ASK;;;;;
20251107;063720.248;25310.25;;25310.25;2;BID;;;;;
20251107;063720.248;;25311.75;25311.75;3;ASK;;;;;
20251107;063720.252;;25311.25;25311.25;1;ASK;;;;;
20251107;063720.252;25310.25;;25310.25;1;BID;;;;;
20251107;063720.252;25310.00;;25310.00;3;BID;;;;;
20251107;063720.252;;25311.75;25311.75;3;ASK;;;;;
20251107;063720.252;25310.00;;25310.00;2;BID;;;;;
20251107;063720.252;25310.25;;25310.25;1;BID;;;;;
20251107;063720.252;;25311.50;25311.50;1;ASK;;;;;
20251107;063720.252;25310.00;;25310.00;2;BID;;;;;
20251107;063720.252;;25311.50;25311.50;2;ASK;;;;;
20251107;063720.252;;25311.50;25311.50;3;ASK;;;;;
20251107;063720.252;;25311.25;25311.25;1;ASK;;;;;
20251107;063720.252;25310.25;;25310.25;1;BID;;;;;
20251107;063720.252;;25311.00;25311.00;1;ASK;;;;;
20251107;063720.252;25310.00;;25310.00;2;BID;;;;;
20251107;063720.252;;25311.25;25311.25;1;ASK;;;;;
20251107;063720.252;25310.00;;25310.00;1;BID;;;;;
20251107;063720.252;25309.75;;25309.75;1;BID;;;;;
20251107;063720.252;;25311.00;25311.00;1;ASK;;;;;
20251107;063720.252;25309.75;;25309.75;2;BID;;;;;
20251107;063720.252;25310.00;;25310.00;1;BID;;;;;
20251107;063720.276;;25311.25;25311.25;1;ASK;;;;;
20251107;063720.276;25310.00;;25310.00;2;BID;;;;;
20251107;063720.276;25310.25;;25310.25;1;BID;;;;;
20251107;063720.284;25310.00;;25310.00;2;BID;;;;;
20251107;063720.284;;25311.25;25311.25;2;ASK;;;;;
20251107;063720.284;;25311.00;25311.00;1;ASK;;;;;
20251107;063720.288;;25311.25;25311.25;1;ASK;;;;;
20251107;063720.300;;25311.25;25311.25;2;ASK;;;;;
20251107;063720.300;;25311.00;25311.00;1;ASK;;;;;
20251107;063720.324;25310.00;;25310.00;1;BID;;;;;
20251107;063720.324;;25310.75;25310.75;1;ASK;;;;;
20251107;063720.324;;25311.00;25311.00;1;ASK;;;;;
20251107;063720.324;25309.75;;25309.75;3;BID;;;;;
20251107;063720.324;25309.75;;25309.75;2;BID;;;;;
20251107;063720.324;25310.00;;25310.00;1;BID;;;;;
20251107;063720.524;;25311.25;25311.25;1;ASK;;;;;
20251107;063720.620;;25311.25;25311.25;2;ASK;;;;;
20251107;063720.620;;25311.00;25311.00;1;ASK;;;;;
20251107;063720.620;25310.00;;25310.00;2;BID;;;;;
20251107;063720.620;25310.25;;25310.25;1;BID;;;;;
20251107;063720.620;;25311.25;25311.25;1;ASK;;;;;
20251107;063720.624;25310.00;;25310.00;2;BID;;;;;
20251107;063720.648;;25311.00;25311.00;1;ASK;;;;;
20251107;063720.648;;25311.25;25311.25;1;ASK;;;;;
20251107;063720.648;;25311.00;25311.00;1;ASK;;;;;
20251107;063720.700;;25311.25;25311.25;1;ASK;;;;;
20251107;063720.700;25310.25;;25310.25;1;BID;;;;;
20251107;063720.704;25310.00;;25310.00;2;BID;;;;;
20251107;063720.708;;25311.25;25311.25;2;ASK;;;;;
20251107;063720.708;;25311.00;25311.00;1;ASK;;;;;
20251107;063720.736;25310.25;;25310.25;1;BID;;;;;
20251107;063720.736;;25311.25;25311.25;1;ASK;;;;;
20251107;063720.736;;25311.50;25311.50;3;ASK;;;;;
20251107;063720.736;;25311.50;25311.50;2;ASK;;;;;
20251107;063720.736;25310.50;;25310.50;1;BID;;;;;
20251107;063720.736;;25311.50;25311.50;1;ASK;;;;;
20251107;063720.736;25310.25;;25310.25;2;BID;;;;;
20251107;063720.736;25310.50;;25310.50;1;BID;;;;;
20251107;063720.736;;25311.75;25311.75;2;ASK;;;;;
20251107;063720.740;25310.75;;25310.75;1;BID;;;;;
20251107;063720.740;;25311.75;25311.75;1;ASK;;;;;
20251107;063720.764;25310.50;;25310.50;1;BID;;;;;
20251107;063720.764;;25311.50;25311.50;1;ASK;;;;;
20251107;063720.836;25310.25;;25310.25;2;BID;;;;;
20251107;063720.956;25310.50;;25310.50;1;BID;;;;;
20251107;063720.956;;25311.75;25311.75;2;ASK;;;;;
20251107;063720.960;;25311.50;25311.50;1;ASK;;;;;
20251107;063721.008;;25311.75;25311.75;2;ASK;;;;;
20251107;063721.008;25310.75;;25310.75;1;BID;;;;;
20251107;063721.008;;25311.75;25311.75;1;ASK;;;;;
20251107;063721.008;;25312.00;25312.00;3;ASK;;;;;
20251107;063721.008;;25312.00;25312.00;2;ASK;;;;;
20251107;063721.008;;25312.00;25312.00;1;ASK;;;;;
20251107;063721.012;;25311.75;25311.75;1;ASK;;;;;
20251107;063721.156;;25312.00;25312.00;1;ASK;;;;;
20251107;063721.168;;25312.00;25312.00;2;ASK;;;;;
20251107;063721.168;;25311.75;25311.75;1;ASK;;;;;
20251107;063721.320;25310.75;;25310.75;1;BID;;;;;
20251107;063721.320;25310.50;;25310.50;1;BID;;;;;
20251107;063721.320;;25311.50;25311.50;1;ASK;;;;;
20251107;063721.320;25310.25;;25310.25;2;BID;;;;;
20251107;063721.320;25310.25;;25310.25;1;BID;;;;;
20251107;063721.320;;25311.50;25311.50;2;ASK;;;;;
20251107;063721.320;;25311.50;25311.50;3;ASK;;;;;
20251107;063721.320;25310.00;;25310.00;2;BID;;;;;
20251107;063721.320;25310.00;;25310.00;1;BID;;;;;
20251107;063721.324;25309.75;;25309.75;3;BID;;;;;
20251107;063721.324;;25311.50;25311.50;4;ASK;;;;;
20251107;063721.324;25309.75;;25309.75;2;BID;;;;;
20251107;063721.324;;25311.50;25311.50;5;ASK;;;;;
20251107;063721.324;;25311.50;25311.50;6;ASK;;;;;
20251107;063721.324;;25311.25;25311.25;1;ASK;;;;;
20251107;063721.324;;25311.00;25311.00;1;ASK;;;;;
20251107;063721.324;;25310.75;25310.75;1;ASK;;;;;
20251107;063721.368;25310.00;;25310.00;1;BID;;;;;
20251107;063721.368;;25311.00;25311.00;1;ASK;;;;;
20251107;063721.368;;25311.25;25311.25;2;ASK;;;;;
20251107;063721.368;25309.75;;25309.75;2;BID;;;;;
20251107;063721.368;;25311.25;25311.25;1;ASK;;;;;
20251107;063721.368;;25311.00;25311.00;1;ASK;;;;;
20251107;063721.368;25310.00;;25310.00;1;BID;;;;;
20251107;063721.372;;25311.25;25311.25;1;ASK;;;;;
20251107;063721.372;;25311.00;25311.00;1;ASK;;;;;
20251107;063721.396;;25311.25;25311.25;1;ASK;;;;;
20251107;063721.848;;25311.00;25311.00;1;ASK;;;;;
20251107;063721.848;25309.75;;25309.75;2;BID;;;;;
20251107;063721.904;25310.00;;25310.00;1;BID;;;;;
20251107;063721.904;;25311.25;25311.25;1;ASK;;;;;
20251107;063722.060;;25311.25;25311.25;2;ASK;;;;;
20251107;063722.060;;25311.00;25311.00;1;ASK;;;;;
20251107;063722.060;25309.75;;25309.75;2;BID;;;;;
20251107;063722.060;;25310.75;25310.75;1;ASK;;;;;
20251107;063722.608;;25311.00;25311.00;1;ASK;;;;;
20251107;063722.608;25310.00;;25310.00;1;BID;;;;;
20251107;063722.640;25310.00;;25310.00;1;BID;;;;;
20251107;063722.640;25309.75;;25309.75;2;BID;;;;;
20251107;063722.640;;25310.75;25310.75;1;ASK;;;;;
20251107;063722.640;25309.75;;25309.75;1;BID;;;;;
20251107;063722.640;;25310.50;25310.50;1;ASK;;;;;
20251107;063722.640;25309.50;;25309.50;1;BID;;;;;
20251107;063722.640;25309.25;;25309.25;2;BID;;;;;
20251107;063722.640;25309.50;;25309.50;1;BID;;;;;
20251107;063722.640;;25310.75;25310.75;1;ASK;;;;;
20251107;063722.640;25309.75;;25309.75;1;BID;;;;;
20251107;063722.644;;25311.00;25311.00;2;ASK;;;;;
20251107;063722.644;;25311.00;25311.00;1;ASK;;;;;
20251107;063722.644;;25311.00;25311.00;2;ASK;;;;;
20251107;063722.696;;25310.75;25310.75;1;ASK;;;;;
20251107;063722.712;;25310.75;25310.75;1;ASK;;;;;
20251107;063722.712;;25311.00;25311.00;2;ASK;;;;;
20251107;063722.712;25310.00;;25310.00;1;BID;;;;;
20251107;063722.712;;25311.00;25311.00;1;ASK;;;;;
20251107;063722.712;;25311.25;25311.25;3;ASK;;;;;
20251107;063722.712;25309.75;;25309.75;2;BID;;;;;
20251107;063722.712;;25311.25;25311.25;2;ASK;;;;;
20251107;063722.712;;25311.00;25311.00;1;ASK;;;;;
20251107;063722.748;25310.00;;25310.00;1;BID;;;;;
20251107;063722.748;25310.00;;25310.00;2;BID;;;;;
20251107;063722.748;;25311.25;25311.25;1;ASK;;;;;
20251107;063722.748;25310.25;;25310.25;1;BID;;;;;
20251107;063722.756;25310.00;;25310.00;1;BID;;;;;
20251107;063722.804;25310.25;;25310.25;1;BID;;;;;
20251107;063723.004;;25311.50;25311.50;4;ASK;;;;;
20251107;063723.004;;25311.50;25311.50;3;ASK;;;;;
20251107;063723.004;25310.50;;25310.50;1;BID;;;;;
20251107;063723.004;;25311.50;25311.50;2;ASK;;;;;
20251107;063723.004;;25311.50;25311.50;1;ASK;;;;;
20251107;063723.008;;25311.75;25311.75;1;ASK;;;;;
20251107;063723.008;25310.75;;25310.75;1;BID;;;;;
20251107;063723.008;25310.50;;25310.50;1;BID;;;;;
20251107;063723.008;25310.75;;25310.75;1;BID;;;;;
20251107;063723.008;;25312.00;25312.00;1;ASK;;;;;
20251107;063723.016;;25312.00;25312.00;2;ASK;;;;;
20251107;063723.016;;25311.75;25311.75;1;ASK;;;;;
20251107;063723.016;25310.50;;25310.50;1;BID;;;;;
20251107;063723.016;;25311.75;25311.75;2;ASK;;;;;
20251107;063723.016;25310.75;;25310.75;1;BID;;;;;
20251107;063723.016;;25311.75;25311.75;1;ASK;;;;;
20251107;063723.228;25310.50;;25310.50;1;BID;;;;;
20251107;063723.228;;25311.50;25311.50;1;ASK;;;;;
20251107;063723.232;;25311.75;25311.75;1;ASK;;;;;
20251107;063723.236;25310.75;;25310.75;1;BID;;;;;
20251107;063723.236;25310.50;;25310.50;1;BID;;;;;
20251107;063723.316;25310.75;;25310.75;1;BID;;;;;
20251107;063723.336;;25311.50;25311.50;1;ASK;;;;;
20251107;063723.336;25310.50;;25310.50;1;BID;;;;;
20251107;063723.336;;25311.75;25311.75;1;ASK;;;;;
20251107;063723.336;25310.75;;25310.75;1;BID;;;;;
20251107;063723.368;25310.50;;25310.50;1;BID;;;;;
20251107;063723.452;;25311.50;25311.50;1;ASK;;;;;
20251107;063723.508;25310.50;;25310.50;1;BID;;;;;
20251107;063723.508;25310.25;;25310.25;2;BID;;;;;
20251107;063723.508;;25311.25;25311.25;1;ASK;;;;;
20251107;063723.508;25310.25;;25310.25;1;BID;;;;;
20251107;063723.512;;25311.25;25311.25;2;ASK;;;;;
20251107;063723.512;;25311.25;25311.25;1;ASK;;;;;
20251107;063723.512;25310.00;;25310.00;1;BID;;;;;
20251107;063723.512;;25311.75;25311.75;1;ASK;;;;;
20251107;063723.512;25310.00;;25310.00;2;BID;;;;;
20251107;063723.512;25310.25;;25310.25;1;BID;;;;;
20251107;063723.512;;25311.75;25311.75;2;ASK;;;;;
20251107;063723.516;;25311.50;25311.50;1;ASK;;;;;
20251107;063723.548;;25311.25;25311.25;1;ASK;;;;;
20251107;063723.616;25310.00;;25310.00;2;BID;;;;;
20251107;063724.060;;25311.00;25311.00;1;ASK;;;;;
20251107;063724.080;;25311.25;25311.25;1;ASK;;;;;
20251107;063724.184;;25311.00;25311.00;1;ASK;;;;;
20251107;063724.268;25310.00;;25310.00;1;BID;;;;;
20251107;063724.268;25309.75;;25309.75;3;BID;;;;;
20251107;063724.272;25309.75;;25309.75;2;BID;;;;;
20251107;063724.272;;25310.75;25310.75;1;ASK;;;;;
20251107;063724.272;;25311.00;25311.00;1;ASK;;;;;
20251107;063724.548;25310.00;;25310.00;1;BID;;;;;
20251107;063724.548;;25311.25;25311.25;2;ASK;;;;;
20251107;063724.548;25310.00;;25310.00;2;BID;;;;;
20251107;063724.548;;25311.25;25311.25;1;ASK;;;;;
20251107;063724.548;;25311.00;25311.00;1;ASK;;;;;
20251107;063724.548;25310.00;;25310.00;1;BID;;;;;
20251107;063724.548;25309.75;;25309.75;2;BID;;;;;
20251107;063724.552;25310.00;;25310.00;1;BID;;;;;
20251107;063724.552;;25311.50;25311.50;1;ASK;;;;;
20251107;063724.560;;25311.50;25311.50;2;ASK;;;;;
20251107;063724.560;;25311.25;25311.25;1;ASK;;;;;
20251107;063724.840;25310.00;;25310.00;2;BID;;;;;
20251107;063724.840;25310.25;;25310.25;1;BID;;;;;
20251107;063724.840;;25311.50;25311.50;1;ASK;;;;;
20251107;063724.876;;25311.25;25311.25;1;ASK;;;;;
20251107;063724.876;25310.00;;25310.00;2;BID;;;;;
20251107;063724.968;25310.25;;25310.25;1;BID;;;;;
20251107;063724.968;;25311.50;25311.50;1;ASK;;;;;
20251107;063724.968;25310.50;;25310.50;1;BID;;;;;
20251107;063724.968;;25311.75;25311.75;4;ASK;;;;;
20251107;063724.968;;25311.75;25311.75;3;ASK;;;;;
20251107;063724.968;;25311.75;25311.75;2;ASK;;;;;
20251107;063725.008;;25311.50;25311.50;1;ASK;;;;;
20251107;063725.008;;25311.25;25311.25;1;ASK;;;;;
20251107;063725.008;25310.25;;25310.25;1;BID;;;;;
20251107;063725.008;25310.00;;25310.00;4;BID;;;;;
20251107;063725.008;25310.00;;25310.00;3;BID;;;;;
20251107;063725.008;25310.00;;25310.00;2;BID;;;;;
20251107;063725.008;25310.00;;25310.00;1;BID;;;;;
20251107;063725.012;;25311.00;25311.00;1;ASK;;;;;
20251107;063725.012;25309.75;;25309.75;2;BID;;;;;
20251107;063725.012;25310.00;;25310.00;1;BID;;;;;
20251107;063725.020;25309.75;;25309.75;2;BID;;;;;
20251107;063725.020;;25310.75;25310.75;1;ASK;;;;;
20251107;063725.140;25310.00;;25310.00;1;BID;;;;;
20251107;063725.140;;25311.00;25311.00;1;ASK;;;;;
20251107;063725.140;;25311.25;25311.25;1;ASK;;;;;
20251107;063725.172;25310.25;;25310.25;1;BID;;;;;
20251107;063725.336;25310.00;;25310.00;1;BID;;;;;
20251107;063725.336;25310.00;;25310.00;2;BID;;;;;
20251107;063725.616;;25311.00;25311.00;1;ASK;;;;;
20251107;063726.808;25310.00;;25310.00;1;BID;;;;;
20251107;063726.808;25309.75;;25309.75;2;BID;;;;;
20251107;063727.048;25309.75;;25309.75;3;BID;;;;;
20251107;063727.048;25310.00;;25310.00;1;BID;;;;;
20251107;063727.048;;25311.25;25311.25;1;ASK;;;;;
20251107;063727.048;;25311.00;25311.00;1;ASK;;;;;
20251107;063727.048;25309.75;;25309.75;2;BID;;;;;
20251107;063727.936;25310.00;;25310.00;1;BID;;;;;
20251107;063727.936;;25311.25;25311.25;1;ASK;;;;;
20251107;063727.936;25310.00;;25310.00;2;BID;;;;;
20251107;063727.936;25310.00;;25310.00;3;BID;;;;;
20251107;063727.936;25310.25;;25310.25;1;BID;;;;;
20251107;063727.936;;25311.50;25311.50;2;ASK;;;;;
20251107;063727.936;;25311.50;25311.50;1;ASK;;;;;
20251107;063727.940;;25311.75;25311.75;2;ASK;;;;;
20251107;063727.940;25310.50;;25310.50;1;BID;;;;;
20251107;063727.940;;25311.50;25311.50;1;ASK;;;;;
20251107;063727.940;25310.25;;25310.25;1;BID;;;;;
20251107;063727.940;25310.25;;25310.25;2;BID;;;;;
20251107;063727.940;25310.50;;25310.50;1;BID;;;;;
20251107;063727.940;;25311.75;25311.75;2;ASK;;;;;
20251107;063727.944;;25311.75;25311.75;3;ASK;;;;;
20251107;063727.944;;25311.50;25311.50;1;ASK;;;;;
20251107;063727.944;25310.25;;25310.25;2;BID;;;;;
20251107;063727.944;25310.25;;25310.25;1;BID;;;;;
20251107;063727.948;25310.25;;25310.25;2;BID;;;;;
20251107;063727.948;25310.50;;25310.50;1;BID;;;;;
20251107;063727.948;;25311.75;25311.75;3;ASK;;;;;
20251107;063727.948;;25311.75;25311.75;2;ASK;;;;;
20251107;063727.952;25310.75;;25310.75;1;BID;;;;;
20251107;063727.952;;25311.75;25311.75;1;ASK;;;;;
20251107;063727.952;;25312.00;25312.00;1;ASK;;;;;
20251107;063727.952;25311.00;;25311.00;1;BID;;;;;
20251107;063727.952;25310.75;;25310.75;1;BID;;;;;
20251107;063727.952;;25311.75;25311.75;1;ASK;;;;;
20251107;063727.952;;25312.00;25312.00;1;ASK;;;;;
20251107;063727.964;;25312.00;25312.00;2;ASK;;;;;
20251107;063727.964;;25311.75;25311.75;1;ASK;;;;;
20251107;063727.964;;25312.00;25312.00;2;ASK;;;;;
20251107;063728.016;;25311.75;25311.75;1;ASK;;;;;
20251107;063728.032;;25312.00;25312.00;2;ASK;;;;;
20251107;063728.072;;25311.75;25311.75;1;ASK;;;;;
20251107;063728.120;;25312.00;25312.00;2;ASK;;;;;
20251107;063728.120;;25312.00;25312.00;1;ASK;;;;;
20251107;063728.176;;25311.75;25311.75;1;ASK;;;;;
20251107;063728.220;25310.50;;25310.50;1;BID;;;;;
20251107;063728.220;;25311.50;25311.50;1;ASK;;;;;
20251107;063728.224;25310.25;;25310.25;3;BID;;;;;
20251107;063728.224;;25311.75;25311.75;1;ASK;;;;;
20251107;063728.224;25310.25;;25310.25;2;BID;;;;;
20251107;063728.224;;25311.25;25311.25;1;ASK;;;;;
20251107;063728.224;;25311.75;25311.75;1;ASK;;;;;
20251107;063728.224;25310.50;;25310.50;1;BID;;;;;
20251107;063728.224;25310.75;;25310.75;1;BID;;;;;
20251107;063728.372;25310.75;;25310.75;2;BID;;;;;
20251107;063728.372;;25312.00;25312.00;1;ASK;;;;;
20251107;063728.372;25310.75;;25310.75;1;BID;;;;;
20251107;063728.388;;25311.75;25311.75;1;ASK;;;;;
20251107;063728.412;25310.50;;25310.50;1;BID;;;;;
20251107;063728.416;25310.50;;25310.50;2;BID;;;;;
20251107;063728.416;25310.75;;25310.75;1;BID;;;;;
20251107;063728.416;;25312.00;25312.00;1;ASK;;;;;
20251107;063728.444;;25311.75;25311.75;1;ASK;;;;;
20251107;063728.444;25310.50;;25310.50;2;BID;;;;;
20251107;063728.448;25310.50;;25310.50;3;BID;;;;;
20251107;063728.448;25310.75;;25310.75;1;BID;;;;;
20251107;063728.448;25311.00;;25311.00;1;BID;;;;;
20251107;063728.448;;25312.00;25312.00;1;ASK;;;;;
20251107;063728.460;25310.75;;25310.75;1;BID;;;;;
20251107;063728.460;;25312.00;25312.00;2;ASK;;;;;
20251107;063728.480;25310.75;;25310.75;2;BID;;;;;
20251107;063728.480;25311.00;;25311.00;1;BID;;;;;
20251107;063728.480;;25312.00;25312.00;1;ASK;;;;;
20251107;063728.480;;25312.25;25312.25;2;ASK;;;;;
20251107;063728.480;;25312.25;25312.25;1;ASK;;;;;
20251107;063728.548;;25312.00;25312.00;1;ASK;;;;;
20251107;063728.604;;25312.25;25312.25;1;ASK;;;;;
20251107;063728.704;;25312.00;25312.00;1;ASK;;;;;
20251107;063728.704;;25311.75;25311.75;1;ASK;;;;;
20251107;063728.704;25310.75;;25310.75;1;BID;;;;;
20251107;063728.704;25311.00;;25311.00;1;BID;;;;;
20251107;063728.752;;25312.00;25312.00;1;ASK;;;;;
20251107;063728.752;25310.75;;25310.75;1;BID;;;;;
20251107;063728.752;;25312.25;25312.25;1;ASK;;;;;
20251107;063728.752;25310.75;;25310.75;2;BID;;;;;
20251107;063728.752;25311.00;;25311.00;1;BID;;;;;
20251107;063728.772;25311.25;;25311.25;1;BID;;;;;
20251107;063728.796;25311.00;;25311.00;1;BID;;;;;
20251107;063728.796;;25312.00;25312.00;1;ASK;;;;;
20251107;063728.796;;25311.75;25311.75;1;ASK;;;;;
20251107;063728.796;25310.75;;25310.75;2;BID;;;;;
20251107;063728.796;25311.00;;25311.00;1;BID;;;;;
20251107;063728.796;25310.75;;25310.75;2;BID;;;;;
20251107;063728.796;25311.00;;25311.00;1;BID;;;;;
20251107;063728.808;;25312.00;25312.00;1;ASK;;;;;
20251107;063728.888;;25312.25;25312.25;1;ASK;;;;;
20251107;063728.888;25310.75;;25310.75;2;BID;;;;;
20251107;063728.888;;25312.00;25312.00;1;ASK;;;;;
20251107;063728.888;;25311.75;25311.75;1;ASK;;;;;
20251107;063728.888;;25311.75;25311.75;2;ASK;;;;;
20251107;063728.888;;25311.75;25311.75;1;ASK;;;;;
20251107;063728.912;;25312.00;25312.00;1;ASK;;;;;
20251107;063728.912;25311.00;;25311.00;1;BID;;;;;
20251107;063728.920;;25312.00;25312.00;2;ASK;;;;;
20251107;063728.920;25310.75;;25310.75;2;BID;;;;;
20251107;063728.920;;25311.75;25311.75;1;ASK;;;;;
20251107;063728.948;;25312.00;25312.00;1;ASK;;;;;
20251107;063728.948;25311.00;;25311.00;1;BID;;;;;
20251107;063728.956;25310.75;;25310.75;2;BID;;;;;
20251107;063728.956;;25312.00;25312.00;2;ASK;;;;;
20251107;063728.972;;25311.75;25311.75;1;ASK;;;;;
20251107;063728.972;25310.75;;25310.75;1;BID;;;;;
20251107;063728.972;25310.50;;25310.50;3;BID;;;;;
20251107;063728.976;25310.50;;25310.50;2;BID;;;;;
20251107;063728.976;25310.75;;25310.75;1;BID;;;;;
20251107;063729.024;;25312.00;25312.00;2;ASK;;;;;
20251107;063729.064;25310.75;;25310.75;2;BID;;;;;
20251107;063729.064;;25311.75;25311.75;1;ASK;;;;;
20251107;063729.064;25310.75;;25310.75;1;BID;;;;;
20251107;063729.080;;25312.00;25312.00;2;ASK;;;;;
20251107;063729.080;;25312.00;25312.00;1;ASK;;;;;
20251107;063729.104;25310.75;;25310.75;2;BID;;;;;
20251107;063729.104;25311.00;;25311.00;1;BID;;;;;
20251107;063729.104;;25312.00;25312.00;2;ASK;;;;;
20251107;063729.104;25310.75;;25310.75;1;BID;;;;;
20251107;063729.112;25310.75;;25310.75;2;BID;;;;;
20251107;063729.112;25311.00;;25311.00;1;BID;;;;;
20251107;063729.112;25310.75;;25310.75;1;BID;;;;;
20251107;063729.112;;25312.00;25312.00;1;ASK;;;;;
20251107;063729.112;;25311.75;25311.75;1;ASK;;;;;
20251107;063729.112;25310.50;;25310.50;2;BID;;;;;
20251107;063729.112;25310.50;;25310.50;1;BID;;;;;
20251107;063729.112;;25311.50;25311.50;1;ASK;;;;;
20251107;063729.112;25310.25;;25310.25;2;BID;;;;;
20251107;063729.116;25310.50;;25310.50;1;BID;;;;;
20251107;063729.132;;25311.75;25311.75;1;ASK;;;;;
20251107;063729.184;;25311.50;25311.50;1;ASK;;;;;
20251107;063729.240;;25311.75;25311.75;1;ASK;;;;;
20251107;063729.292;;25311.50;25311.50;1;ASK;;;;;
20251107;063729.372;;25311.75;25311.75;1;ASK;;;;;
20251107;063729.372;25310.50;;25310.50;2;BID;;;;;
20251107;063729.372;;25311.75;25311.75;2;ASK;;;;;
20251107;063729.372;;25311.75;25311.75;1;ASK;;;;;
20251107;063729.380;25310.75;;25310.75;1;BID;;;;;
20251107;063729.380;;25312.00;25312.00;1;ASK;;;;;
20251107;063729.392;;25312.00;25312.00;2;ASK;;;;;
20251107;063729.428;;25311.75;25311.75;1;ASK;;;;;
20251107;063729.428;;25311.50;25311.50;1;ASK;;;;;
20251107;063729.428;25310.50;;25310.50;1;BID;;;;;
20251107;063729.456;;25311.75;25311.75;1;ASK;;;;;
20251107;063729.456;25310.75;;25310.75;1;BID;;;;;
20251107;063729.456;;25312.00;25312.00;1;ASK;;;;;
20251107;063729.488;;25311.75;25311.75;1;ASK;;;;;
20251107;063729.488;;25311.50;25311.50;1;ASK;;;;;
20251107;063729.488;25310.50;;25310.50;2;BID;;;;;
20251107;063729.496;25310.50;;25310.50;3;BID;;;;;
20251107;063729.496;25310.75;;25310.75;1;BID;;;;;
20251107;063729.496;;25311.75;25311.75;1;ASK;;;;;
20251107;063729.512;;25312.00;25312.00;1;ASK;;;;;
20251107;063729.560;;25311.75;25311.75;1;ASK;;;;;
20251107;063729.612;;25312.00;25312.00;1;ASK;;;;;
20251107;063729.644;;25311.75;25311.75;1;ASK;;;;;
20251107;063729.652;25310.50;;25310.50;2;BID;;;;;
20251107;063729.656;25310.50;;25310.50;3;BID;;;;;
20251107;063729.656;25310.75;;25310.75;1;BID;;;;;
20251107;063729.656;;25312.00;25312.00;1;ASK;;;;;
20251107;063729.664;;25312.00;25312.00;2;ASK;;;;;
20251107;063729.664;;25311.75;25311.75;1;ASK;;;;;
20251107;063729.664;25310.50;;25310.50;3;BID;;;;;
20251107;063729.664;25310.50;;25310.50;2;BID;;;;;
20251107;063729.668;25310.50;;25310.50;3;BID;;;;;
20251107;063729.668;25310.75;;25310.75;1;BID;;;;;
20251107;063729.668;;25312.00;25312.00;2;ASK;;;;;
20251107;063729.716;;25311.75;25311.75;1;ASK;;;;;
20251107;063729.716;25310.50;;25310.50;2;BID;;;;;
20251107;063729.744;25310.50;;25310.50;3;BID;;;;;
20251107;063729.744;25310.75;;25310.75;1;BID;;;;;
20251107;063729.744;;25312.00;25312.00;2;ASK;;;;;
20251107;063729.744;;25312.00;25312.00;1;ASK;;;;;
20251107;063729.772;;25311.75;25311.75;1;ASK;;;;;
20251107;063729.824;;25312.00;25312.00;1;ASK;;;;;
20251107;063729.876;;25311.75;25311.75;1;ASK;;;;;
20251107;063729.932;;25312.00;25312.00;1;ASK;;;;;
20251107;063729.984;;25311.75;25311.75;1;ASK;;;;;
20251107;063730.016;25310.50;;25310.50;2;BID;;;;;
20251107;063730.036;;25312.00;25312.00;1;ASK;;;;;
20251107;063730.052;25310.50;;25310.50;3;BID;;;;;
20251107;063730.052;25310.75;;25310.75;1;BID;;;;;
20251107;063730.052;;25312.00;25312.00;2;ASK;;;;;
20251107;063730.060;;25311.75;25311.75;1;ASK;;;;;
20251107;063730.064;;25311.50;25311.50;1;ASK;;;;;
20251107;063730.064;25310.50;;25310.50;2;BID;;;;;
20251107;063730.092;;25311.75;25311.75;1;ASK;;;;;
20251107;063730.092;25310.75;;25310.75;1;BID;;;;;
20251107;063730.104;;25312.00;25312.00;1;ASK;;;;;
20251107;063730.104;;25312.00;25312.00;2;ASK;;;;;
20251107;063730.104;;25311.75;25311.75;1;ASK;;;;;
20251107;063730.192;;25312.00;25312.00;1;ASK;;;;;
20251107;063730.192;;25312.00;25312.00;2;ASK;;;;;
20251107;063730.204;;25311.75;25311.75;1;ASK;;;;;
20251107;063730.204;;25311.50;25311.50;1;ASK;;;;;
20251107;063730.204;25310.50;;25310.50;2;BID;;;;;
20251107;063730.252;;25311.75;25311.75;1;ASK;;;;;
20251107;063730.252;25310.75;;25310.75;1;BID;;;;;
20251107;063730.252;;25312.00;25312.00;1;ASK;;;;;
20251107;063730.268;;25312.00;25312.00;2;ASK;;;;;
20251107;063730.268;;25311.75;25311.75;1;ASK;;;;;
20251107;063730.268;25310.50;;25310.50;2;BID;;;;;
20251107;063730.304;25310.75;;25310.75;1;BID;;;;;
20251107;063730.304;;25312.00;25312.00;1;ASK;;;;;
20251107;063730.324;;25312.00;25312.00;2;ASK;;;;;
20251107;063730.324;;25311.75;25311.75;1;ASK;;;;;
20251107;063730.324;25310.50;;25310.50;2;BID;;;;;
20251107;063730.324;25310.75;;25310.75;1;BID;;;;;
20251107;063730.324;;25312.00;25312.00;2;ASK;;;;;
20251107;063730.372;;25311.75;25311.75;1;ASK;;;;;
20251107;063730.372;25310.50;;25310.50;2;BID;;;;;
20251107;063730.372;25310.75;;25310.75;1;BID;;;;;
20251107;063730.372;;25312.00;25312.00;1;ASK;;;;;
20251107;063730.404;;25311.75;25311.75;1;ASK;;;;;
20251107;063730.404;;25311.50;25311.50;1;ASK;;;;;
20251107;063730.404;25310.50;;25310.50;2;BID;;;;;
20251107;063730.404;25310.50;;25310.50;1;BID;;;;;
20251107;063730.404;25310.25;;25310.25;3;BID;;;;;
20251107;063730.404;25310.25;;25310.25;2;BID;;;;;
20251107;063730.404;25310.25;;25310.25;1;BID;;;;;
20251107;063730.408;25310.50;;25310.50;1;BID;;;;;
20251107;063730.408;;25311.75;25311.75;1;ASK;;;;;
20251107;063730.464;;25311.50;25311.50;1;ASK;;;;;
20251107;063730.516;;25311.75;25311.75;1;ASK;;;;;
20251107;063730.568;;25311.50;25311.50;1;ASK;;;;;
20251107;063730.568;25310.25;;25310.25;1;BID;;;;;
20251107;063730.568;25310.25;;25310.25;2;BID;;;;;
20251107;063730.568;25310.50;;25310.50;1;BID;;;;;
20251107;063730.624;;25311.75;25311.75;1;ASK;;;;;
20251107;063730.624;25310.75;;25310.75;1;BID;;;;;
20251107;063730.652;25310.50;;25310.50;1;BID;;;;;
20251107;063730.652;;25311.50;25311.50;1;ASK;;;;;
20251107;063730.676;;25311.75;25311.75;1;ASK;;;;;
20251107;063730.820;25310.75;;25310.75;1;BID;;;;;
20251107;063730.820;;25312.00;25312.00;1;ASK;;;;;
20251107;063730.820;;25312.00;25312.00;2;ASK;;;;;
20251107;063730.820;;25311.75;25311.75;1;ASK;;;;;
20251107;063730.820;25310.50;;25310.50;1;BID;;;;;
20251107;063730.820;25310.50;;25310.50;2;BID;;;;;
20251107;063730.828;25310.75;;25310.75;1;BID;;;;;
20251107;063730.828;;25312.00;25312.00;2;ASK;;;;;
20251107;063730.828;;25312.00;25312.00;1;ASK;;;;;
20251107;063730.836;;25312.00;25312.00;2;ASK;;;;;
20251107;063730.836;;25311.75;25311.75;1;ASK;;;;;
20251107;063730.836;25310.50;;25310.50;2;BID;;;;;
20251107;063730.852;;25312.00;25312.00;2;ASK;;;;;
20251107;063730.852;25310.75;;25310.75;1;BID;;;;;
20251107;063730.852;;25312.00;25312.00;1;ASK;;;;;
20251107;063730.888;;25311.75;25311.75;1;ASK;;;;;
20251107;063730.944;;25312.00;25312.00;1;ASK;;;;;
20251107;063730.996;;25311.75;25311.75;1;ASK;;;;;
20251107;063730.996;25310.50;;25310.50;2;BID;;;;;
20251107;063731.044;;25312.00;25312.00;1;ASK;;;;;
20251107;063731.044;25310.75;;25310.75;1;BID;;;;;
20251107;063731.048;;25312.00;25312.00;2;ASK;;;;;
20251107;063731.048;;25311.75;25311.75;1;ASK;;;;;
20251107;063731.048;25310.50;;25310.50;2;BID;;;;;
20251107;063731.100;25310.75;;25310.75;1;BID;;;;;
20251107;063731.100;;25312.00;25312.00;1;ASK;;;;;
20251107;063731.100;;25312.00;25312.00;2;ASK;;;;;
20251107;063731.100;;25311.75;25311.75;1;ASK;;;;;
20251107;063731.100;25310.50;;25310.50;2;BID;;;;;
20251107;063731.612;25310.75;;25310.75;1;BID;;;;;
20251107;063731.612;;25312.00;25312.00;2;ASK;;;;;
20251107;063731.628;;25311.75;25311.75;1;ASK;;;;;
20251107;063731.628;;25311.50;25311.50;1;ASK;;;;;
20251107;063731.628;25310.50;;25310.50;2;BID;;;;;
20251107;063731.636;;25311.75;25311.75;1;ASK;;;;;
20251107;063731.728;;25311.75;25311.75;1;ASK;;;;;
20251107;063731.728;;25312.00;25312.00;3;ASK;;;;;
20251107;063731.728;25310.75;;25310.75;1;BID;;;;;
20251107;063731.728;;25312.00;25312.00;2;ASK;;;;;
20251107;063731.728;;25312.00;25312.00;1;ASK;;;;;
20251107;063731.728;25311.00;;25311.00;1;BID;;;;;
20251107;063731.728;;25312.25;25312.25;1;ASK;;;;;
20251107;063731.728;25310.75;;25310.75;1;BID;;;;;
20251107;063731.732;;25312.00;25312.00;1;ASK;;;;;
20251107;063731.740;;25312.00;25312.00;1;ASK;;;;;
20251107;063731.740;;25312.25;25312.25;1;ASK;;;;;
20251107;063731.740;25311.00;;25311.00;1;BID;;;;;
20251107;063731.740;;25312.50;25312.50;1;ASK;;;;;
20251107;063731.740;;25312.00;25312.00;1;ASK;;;;;
20251107;063731.740;25311.25;;25311.25;1;BID;;;;;
20251107;063731.740;;25312.50;25312.50;1;ASK;;;;;
20251107;063731.740;25311.00;;25311.00;1;BID;;;;;
20251107;063731.740;;25312.25;25312.25;1;ASK;;;;;
20251107;063731.740;25311.25;;25311.25;1;BID;;;;;
20251107;063731.740;;25312.50;25312.50;1;ASK;;;;;
20251107;063731.740;;25312.50;25312.50;2;ASK;;;;;
20251107;063731.740;;25312.50;25312.50;1;ASK;;;;;
20251107;063731.740;25311.00;;25311.00;1;BID;;;;;
20251107;063731.740;;25312.25;25312.25;1;ASK;;;;;
20251107;063731.744;25311.25;;25311.25;1;BID;;;;;
20251107;063731.744;;25312.50;25312.50;1;ASK;;;;;
20251107;063731.796;25311.50;;25311.50;1;BID;;;;;
20251107;063731.804;;25312.25;25312.25;1;ASK;;;;;
20251107;063731.804;25311.50;;25311.50;1;BID;;;;;
20251107;063731.804;25311.25;;25311.25;1;BID;;;;;
20251107;063731.804;;25312.00;25312.00;1;ASK;;;;;
20251107;063731.804;25310.75;;25310.75;4;BID;;;;;
20251107;063731.804;25310.75;;25310.75;3;BID;;;;;
20251107;063731.804;25310.75;;25310.75;2;BID;;;;;
20251107;063731.804;;25312.00;25312.00;2;ASK;;;;;
20251107;063731.804;25310.75;;25310.75;1;BID;;;;;
20251107;063731.804;;25311.75;25311.75;1;ASK;;;;;
20251107;063731.804;25310.50;;25310.50;2;BID;;;;;
20251107;063731.804;25310.75;;25310.75;1;BID;;;;;
20251107;063731.804;;25312.00;25312.00;2;ASK;;;;;
20251107;063731.828;;25312.00;25312.00;1;ASK;;;;;
20251107;063731.828;;25312.00;25312.00;1;ASK;;;;;
20251107;063731.828;;25312.25;25312.25;4;ASK;;;;;
20251107;063731.828;25311.00;;25311.00;1;BID;;;;;
20251107;063731.832;;25312.25;25312.25;3;ASK;;;;;
20251107;063731.832;25311.00;;25311.00;2;BID;;;;;
20251107;063731.832;;25312.25;25312.25;2;ASK;;;;;
20251107;063731.832;25311.25;;25311.25;1;BID;;;;;
20251107;063731.832;;25312.25;25312.25;1;ASK;;;;;
20251107;063731.832;;25312.50;25312.50;1;ASK;;;;;
20251107;063731.832;;25312.25;25312.25;1;ASK;;;;;
20251107;063731.832;25311.00;;25311.00;1;BID;;;;;
20251107;063731.844;25311.00;;25311.00;2;BID;;;;;
20251107;063731.844;25311.25;;25311.25;1;BID;;;;;
20251107;063731.844;;25312.50;25312.50;1;ASK;;;;;
20251107;063731.844;;25312.25;25312.25;1;ASK;;;;;
20251107;063731.844;25311.00;;25311.00;3;BID;;;;;
20251107;063731.844;25311.00;;25311.00;2;BID;;;;;
20251107;063731.844;25311.00;;25311.00;1;BID;;;;;
20251107;063731.844;25311.25;;25311.25;1;BID;;;;;
20251107;063731.844;;25312.50;25312.50;1;ASK;;;;;
20251107;063731.900;25311.50;;25311.50;1;BID;;;;;
20251107;063731.920;25311.25;;25311.25;1;BID;;;;;
20251107;063732.112;25311.25;;25311.25;2;BID;;;;;
20251107;063732.112;25311.50;;25311.50;1;BID;;;;;
20251107;063732.112;25311.25;;25311.25;1;BID;;;;;
20251107;063732.136;;25312.25;25312.25;1;ASK;;;;;
20251107;063732.136;;25312.50;25312.50;1;ASK;;;;;
20251107;063732.224;;25312.25;25312.25;1;ASK;;;;;
20251107;063732.224;25311.00;;25311.00;2;BID;;;;;
20251107;063732.224;25311.00;;25311.00;1;BID;;;;;
20251107;063732.228;25311.25;;25311.25;1;BID;;;;;
20251107;063732.228;;25312.50;25312.50;1;ASK;;;;;
20251107;063732.252;;25312.25;25312.25;1;ASK;;;;;
20251107;063732.680;;25312.50;25312.50;1;ASK;;;;;
20251107;063732.680;;25312.50;25312.50;2;ASK;;;;;
20251107;063732.684;;25312.50;25312.50;1;ASK;;;;;
20251107;063732.684;25311.25;;25311.25;2;BID;;;;;
20251107;063732.684;25311.50;;25311.50;1;BID;;;;;
20251107;063732.684;25311.25;;25311.25;1;BID;;;;;
20251107;063732.688;25311.50;;25311.50;1;BID;;;;;
20251107;063732.732;25311.25;;25311.25;1;BID;;;;;
20251107;063732.736;;25312.25;25312.25;1;ASK;;;;;
20251107;063732.736;25311.00;;25311.00;2;BID;;;;;
20251107;063732.736;25311.00;;25311.00;1;BID;;;;;
20251107;063732.736;25311.25;;25311.25;1;BID;;;;;
20251107;063732.736;;25312.50;25312.50;1;ASK;;;;;
20251107;063732.784;;25312.50;25312.50;2;ASK;;;;;
20251107;063732.784;;25312.25;25312.25;1;ASK;;;;;
20251107;063732.784;25311.00;;25311.00;1;BID;;;;;
20251107;063732.784;25311.00;;25311.00;2;BID;;;;;
20251107;063732.784;25311.25;;25311.25;1;BID;;;;;
20251107;063732.784;;25312.50;25312.50;2;ASK;;;;;
20251107;063732.796;;25312.25;25312.25;1;ASK;;;;;
20251107;063732.796;25311.00;;25311.00;1;BID;;;;;
20251107;063732.796;25311.00;;25311.00;2;BID;;;;;
20251107;063732.824;;25312.00;25312.00;1;ASK;;;;;
20251107;063732.824;25311.00;;25311.00;1;BID;;;;;
20251107;063732.824;25310.75;;25310.75;4;BID;;;;;
20251107;063732.824;25310.75;;25310.75;3;BID;;;;;
20251107;063732.824;25310.75;;25310.75;2;BID;;;;;
20251107;063732.828;25311.00;;25311.00;1;BID;;;;;
20251107;063732.828;;25312.25;25312.25;1;ASK;;;;;
20251107;063733.148;25311.00;;25311.00;2;BID;;;;;
20251107;063733.148;25311.25;;25311.25;1;BID;;;;;
20251107;063733.148;25311.00;;25311.00;1;BID;;;;;
20251107;063733.260;25311.00;;25311.00;2;BID;;;;;
20251107;063733.260;25311.25;;25311.25;1;BID;;;;;
20251107;063733.260;;25312.50;25312.50;3;ASK;;;;;
20251107;063733.260;;25312.50;25312.50;2;ASK;;;;;
20251107;063733.260;;25312.25;25312.25;1;ASK;;;;;
20251107;063733.264;25311.00;;25311.00;1;BID;;;;;
20251107;063733.304;25311.00;;25311.00;2;BID;;;;;
20251107;063733.304;25311.25;;25311.25;1;BID;;;;;
20251107;063733.304;;25312.50;25312.50;2;ASK;;;;;
20251107;063733.304;25311.00;;25311.00;1;BID;;;;;
20251107;063733.304;;25312.25;25312.25;1;ASK;;;;;
20251107;063733.380;25311.00;;25311.00;2;BID;;;;;
20251107;063733.380;25311.25;;25311.25;1;BID;;;;;
20251107;063733.380;25311.00;;25311.00;1;BID;;;;;
20251107;063733.616;25311.00;;25311.00;2;BID;;;;;
20251107;063733.616;25311.25;;25311.25;1;BID;;;;;
20251107;063733.616;;25312.50;25312.50;2;ASK;;;;;
20251107;063733.724;;25312.25;25312.25;1;ASK;;;;;
20251107;063733.724;25311.00;;25311.00;2;BID;;;;;
20251107;063733.764;25311.25;;25311.25;1;BID;;;;;
20251107;063733.764;;25312.50;25312.50;2;ASK;;;;;
20251107;063733.812;25311.00;;25311.00;2;BID;;;;;
20251107;063733.812;;25312.25;25312.25;1;ASK;;;;;
20251107;063734.064;25311.00;;25311.00;3;BID;;;;;
20251107;063734.064;25311.25;;25311.25;1;BID;;;;;
20251107;063734.064;;25312.50;25312.50;2;ASK;;;;;
20251107;063734.144;25311.25;;25311.25;1;BID;;;;;
20251107;063734.144;25311.00;;25311.00;2;BID;;;;;
20251107;063734.144;;25312.25;25312.25;1;ASK;;;;;
20251107;063734.144;;25312.25;25312.25;2;ASK;;;;;
20251107;063734.148;25311.00;;25311.00;1;BID;;;;;
20251107;063734.148;25311.25;;25311.25;1;BID;;;;;
20251107;063734.148;;25312.25;25312.25;1;ASK;;;;;
20251107;063734.188;;25312.00;25312.00;1;ASK;;;;;
20251107;063734.188;25311.00;;25311.00;1;BID;;;;;
20251107;063734.188;25311.00;;25311.00;2;BID;;;;;
20251107;063734.444;;25312.25;25312.25;2;ASK;;;;;
20251107;063734.444;;25312.25;25312.25;1;ASK;;;;;
20251107;063734.444;25311.25;;25311.25;1;BID;;;;;
20251107;063734.444;;25312.50;25312.50;2;ASK;;;;;
20251107;063734.468;;25312.25;25312.25;1;ASK;;;;;
20251107;063734.468;25311.00;;25311.00;1;BID;;;;;
20251107;063734.844;25311.00;;25311.00;2;BID;;;;;
20251107;063734.844;25311.25;;25311.25;1;BID;;;;;
20251107;063735.680;25311.00;;25311.00;2;BID;;;;;
20251107;063735.680;25311.00;;25311.00;1;BID;;;;;
20251107;063735.748;25311.00;;25311.00;2;BID;;;;;
20251107;063735.748;25311.25;;25311.25;1;BID;;;;;
20251107;063735.748;25311.00;;25311.00;1;BID;;;;;
20251107;063735.956;;25312.00;25312.00;1;ASK;;;;;
20251107;063736.512;25311.00;;25311.00;2;BID;;;;;
20251107;063736.512;;25312.25;25312.25;1;ASK;;;;;
20251107;063736.512;25311.00;;25311.00;1;BID;;;;;
20251107;063736.512;25311.00;;25311.00;2;BID;;;;;
20251107;063737.136;25311.25;;25311.25;1;BID;;;;;
20251107;063737.136;25311.00;;25311.00;2;BID;;;;;
20251107;063737.676;25311.00;;25311.00;3;BID;;;;;
20251107;063737.676;25311.25;;25311.25;1;BID;;;;;
20251107;063738.380;25311.00;;25311.00;3;BID;;;;;
20251107;063738.380;25311.00;;25311.00;2;BID;;;;;
20251107;063739.188;;25312.00;25312.00;1;ASK;;;;;
20251107;063739.188;25311.00;;25311.00;1;BID;;;;;
20251107;063739.284;25311.00;;25311.00;2;BID;;;;;
20251107;063739.284;;25312.25;25312.25;1;ASK;;;;;
20251107;063739.284;25311.00;;25311.00;1;BID;;;;;
20251107;063739.288;;25312.00;25312.00;1;ASK;;;;;
20251107;063739.288;25310.75;;25310.75;3;BID;;;;;
20251107;063739.288;25310.75;;25310.75;2;BID;;;;;
20251107;063739.292;25311.00;;25311.00;1;BID;;;;;
20251107;063739.416;;25312.25;25312.25;1;ASK;;;;;
20251107;063739.420;25311.00;;25311.00;2;BID;;;;;
20251107;063739.460;;25312.00;25312.00;1;ASK;;;;;
20251107;063739.460;25311.00;;25311.00;1;BID;;;;;
20251107;063739.460;25310.75;;25310.75;2;BID;;;;;
20251107;063740.092;;25311.75;25311.75;1;ASK;;;;;
20251107;063740.092;25310.75;;25310.75;1;BID;;;;;
20251107;063740.092;25310.50;;25310.50;3;BID;;;;;
20251107;063740.092;25310.50;;25310.50;2;BID;;;;;
20251107;063740.092;25310.50;;25310.50;1;BID;;;;;
20251107;063740.092;;25311.50;25311.50;1;ASK;;;;;
20251107;063740.092;;25311.75;25311.75;1;ASK;;;;;
20251107;063740.092;25310.75;;25310.75;1;BID;;;;;
20251107;063740.092;;25311.50;25311.50;1;ASK;;;;;
20251107;063740.092;25310.50;;25310.50;1;BID;;;;;
20251107;063740.092;25310.25;;25310.25;2;BID;;;;;
20251107;063740.092;;25311.75;25311.75;1;ASK;;;;;
20251107;063740.092;25310.25;;25310.25;1;BID;;;;;
20251107;063740.096;25310.25;;25310.25;2;BID;;;;;
20251107;063740.096;25310.50;;25310.50;1;BID;;;;;
20251107;063740.104;;25311.50;25311.50;1;ASK;;;;;
20251107;063740.224;25310.75;;25310.75;1;BID;;;;;
20251107;063740.224;;25311.75;25311.75;1;ASK;;;;;
20251107;063740.228;;25312.00;25312.00;1;ASK;;;;;
20251107;063740.296;;25312.00;25312.00;2;ASK;;;;;
20251107;063740.296;;25312.00;25312.00;3;ASK;;;;;
20251107;063740.296;;25311.75;25311.75;1;ASK;;;;;
20251107;063740.296;25310.50;;25310.50;1;BID;;;;;
20251107;063740.296;;25311.50;25311.50;1;ASK;;;;;
20251107;063740.340;;25311.75;25311.75;1;ASK;;;;;
20251107;063740.340;25310.50;;25310.50;2;BID;;;;;
20251107;063740.340;25310.75;;25310.75;1;BID;;;;;
20251107;063740.440;;25312.00;25312.00;2;ASK;;;;;
20251107;063740.440;;25311.75;25311.75;1;ASK;;;;;
20251107;063740.440;;25312.00;25312.00;2;ASK;;;;;
20251107;063740.464;25310.75;;25310.75;2;BID;;;;;
20251107;063740.464;25311.00;;25311.00;1;BID;;;;;
20251107;063740.464;;25312.00;25312.00;1;ASK;;;;;
20251107;063740.468;;25312.25;25312.25;2;ASK;;;;;
20251107;063740.468;;25312.25;25312.25;1;ASK;;;;;
20251107;063740.876;25310.75;;25310.75;1;BID;;;;;
20251107;063740.876;;25312.00;25312.00;1;ASK;;;;;
20251107;063740.876;;25311.75;25311.75;1;ASK;;;;;
20251107;063740.880;;25312.00;25312.00;1;ASK;;;;;
20251107;063741.608;;25311.75;25311.75;1;ASK;;;;;
20251107;063742.584;25311.25;;25311.25;1;BID;;;;;
20251107;063742.584;25311.25;;25311.25;1;BID;;;;;
20251107;063742.584;25310.75;;25310.75;1;BID;;;;;
20251107;063742.584;;25311.75;25311.75;1;ASK;;;;;
20251107;063742.584;;25312.00;25312.00;1;ASK;;;;;
20251107;063742.584;25310.50;;25310.50;2;BID;;;;;
20251107;063742.584;;25312.25;25312.25;2;ASK;;;;;
20251107;063742.584;25310.75;;25310.75;1;BID;;;;;
20251107;063742.588;;25312.00;25312.00;1;ASK;;;;;
20251107;063742.588;25310.75;;25310.75;2;BID;;;;;
20251107;063742.588;;25312.00;25312.00;2;ASK;;;;;
20251107;063742.588;25310.75;;25310.75;1;BID;;;;;
20251107;063742.588;25311.00;;25311.00;1;BID;;;;;
20251107;063742.588;;25312.00;25312.00;1;ASK;;;;;
20251107;063742.588;;25312.25;25312.25;1;ASK;;;;;
20251107;063742.588;25311.00;;25311.00;2;BID;;;;;
20251107;063742.588;25311.25;;25311.25;1;BID;;;;;
20251107;063742.696;25311.25;;25311.25;2;BID;;;;;
20251107;063742.776;25312.00;;25312.00;2;BID;;;;;
20251107;063742.776;;25312.25;25312.25;1;ASK;;;;;
20251107;063742.776;;25312.50;25312.50;2;ASK;;;;;
20251107;063742.776;25312.00;;25312.00;2;BID;;;;;
20251107;063742.776;25311.25;;25311.25;2;BID;;;;;
20251107;063742.776;;25312.50;25312.50;1;ASK;;;;;
20251107;063742.776;;25312.50;25312.50;1;ASK;;;;;
20251107;063742.776;;25312.75;25312.75;3;ASK;;;;;
20251107;063742.780;25311.50;;25311.50;1;BID;;;;;
20251107;063742.780;;25312.75;25312.75;2;ASK;;;;;
20251107;063742.780;25311.25;;25311.25;2;BID;;;;;
20251107;063742.780;25311.25;;25311.25;3;BID;;;;;
20251107;063742.780;;25312.75;25312.75;1;ASK;;;;;
20251107;063742.780;;25312.50;25312.50;1;ASK;;;;;
20251107;063742.780;25311.25;;25311.25;2;BID;;;;;
20251107;063742.780;25311.50;;25311.50;1;BID;;;;;
20251107;063742.780;;25312.75;25312.75;3;ASK;;;;;
20251107;063742.780;;25312.75;25312.75;2;ASK;;;;;
20251107;063742.780;;25312.50;25312.50;1;ASK;;;;;
20251107;063742.804;25311.25;;25311.25;1;BID;;;;;
20251107;063742.804;25311.25;;25311.25;2;BID;;;;;
20251107;063742.804;;25312.75;25312.75;2;ASK;;;;;
20251107;063742.804;25311.50;;25311.50;1;BID;;;;;
20251107;063742.812;;25312.50;25312.50;1;ASK;;;;;
20251107;063742.812;25311.25;;25311.25;2;BID;;;;;
20251107;063742.860;25311.50;;25311.50;1;BID;;;;;
20251107;063742.860;;25312.75;25312.75;2;ASK;;;;;
20251107;063742.928;25311.75;;25311.75;1;BID;;;;;
20251107;063742.928;25311.50;;25311.50;1;BID;;;;;
20251107;063743.128;25311.75;;25311.75;1;BID;;;;;
20251107;063743.144;25311.50;;25311.50;1;BID;;;;;
20251107;063743.148;25311.50;;25311.50;2;BID;;;;;
20251107;063743.148;25311.75;;25311.75;1;BID;;;;;
20251107;063743.156;25311.50;;25311.50;1;BID;;;;;
20251107;063743.200;25311.50;;25311.50;2;BID;;;;;
20251107;063743.200;25311.75;;25311.75;1;BID;;;;;
20251107;063743.200;25311.75;;25311.75;2;BID;;;;;
20251107;063743.200;25312.00;;25312.00;1;BID;;;;;
20251107;063743.200;;25312.75;25312.75;1;ASK;;;;;
20251107;063743.200;25311.75;;25311.75;1;BID;;;;;
20251107;063743.228;25312.00;;25312.00;1;BID;;;;;
20251107;063743.272;25311.75;;25311.75;2;BID;;;;;
20251107;063743.272;25311.75;;25311.75;1;BID;;;;;
20251107;063743.308;25312.00;;25312.00;1;BID;;;;;
20251107;063743.392;25311.75;;25311.75;1;BID;;;;;
20251107;063743.812;25311.50;;25311.50;2;BID;;;;;
20251107;063743.812;;25312.50;25312.50;1;ASK;;;;;
20251107;063743.812;25311.50;;25311.50;1;BID;;;;;
20251107;063743.812;25311.25;;25311.25;2;BID;;;;;
20251107;063743.812;;25312.75;25312.75;1;ASK;;;;;
20251107;063743.812;25311.25;;25311.25;1;BID;;;;;
20251107;063743.812;;25312.50;25312.50;1;ASK;;;;;
20251107;063743.812;;25312.25;25312.25;1;ASK;;;;;
20251107;063743.816;;25312.50;25312.50;1;ASK;;;;;
20251107;063743.868;25311.50;;25311.50;1;BID;;;;;
20251107;063743.880;;25312.75;25312.75;1;ASK;;;;;
20251107;063743.880;25311.75;;25311.75;1;BID;;;;;
20251107;063743.880;25311.50;;25311.50;1;BID;;;;;
20251107;063743.924;;25312.50;25312.50;1;ASK;;;;;
20251107;063743.924;25311.25;;25311.25;1;BID;;;;;
20251107;063743.976;25311.50;;25311.50;1;BID;;;;;
20251107;063743.996;25311.25;;25311.25;1;BID;;;;;
20251107;063744.028;25311.50;;25311.50;1;BID;;;;;
20251107;063744.028;;25312.75;25312.75;1;ASK;;;;;
20251107;063744.316;25311.75;;25311.75;1;BID;;;;;
20251107;063744.316;25311.50;;25311.50;1;BID;;;;;
20251107;063744.320;25311.25;;25311.25;1;BID;;;;;
20251107;063744.320;;25312.50;25312.50;1;ASK;;;;;
20251107;063744.348;25311.50;;25311.50;1;BID;;;;;
20251107;063744.384;;25312.75;25312.75;1;ASK;;;;;
20251107;063744.400;25311.25;;25311.25;1;BID;;;;;
20251107;063744.400;25311.25;;25311.25;2;BID;;;;;
20251107;063744.400;25311.50;;25311.50;1;BID;;;;;
20251107;063745.120;;25312.75;25312.75;2;ASK;;;;;
20251107;063745.120;;25312.50;25312.50;1;ASK;;;;;
20251107;063745.120;25311.25;;25311.25;2;BID;;;;;
20251107;063745.120;;25312.75;25312.75;2;ASK;;;;;
20251107;063745.120;25311.50;;25311.50;1;BID;;;;;
20251107;063745.168;;25312.50;25312.50;1;ASK;;;;;
20251107;063745.168;25311.25;;25311.25;2;BID;;;;;
20251107;063745.168;25311.50;;25311.50;1;BID;;;;;
20251107;063745.168;;25312.75;25312.75;2;ASK;;;;;
20251107;063745.168;25311.75;;25311.75;1;BID;;;;;
20251107;063745.408;;25312.75;25312.75;1;ASK;;;;;
20251107;063745.660;25312.25;;25312.25;2;BID;;;;;
20251107;063745.660;25312.25;;25312.25;2;BID;;;;;
20251107;063745.660;25311.75;;25311.75;1;BID;;;;;
20251107;063745.660;25312.00;;25312.00;1;BID;;;;;
20251107;063745.660;25311.75;;25311.75;1;BID;;;;;
20251107;063745.660;25311.50;;25311.50;2;BID;;;;;
20251107;063745.660;;25312.50;25312.50;1;ASK;;;;;
20251107;063745.660;25311.50;;25311.50;1;BID;;;;;
20251107;063745.664;;25312.75;25312.75;1;ASK;;;;;
20251107;063745.880;25311.50;;25311.50;1;BID;;;;;
20251107;063745.880;25311.25;;25311.25;3;BID;;;;;
20251107;063745.880;;25312.50;25312.50;1;ASK;;;;;
20251107;063745.880;25311.25;;25311.25;2;BID;;;;;
20251107;063745.880;;25312.50;25312.50;2;ASK;;;;;
20251107;063745.880;25311.25;;25311.25;1;BID;;;;;
20251107;063745.884;;25312.50;25312.50;1;ASK;;;;;
20251107;063745.944;;25312.25;25312.25;1;ASK;;;;;
20251107;063746.768;;25312.50;25312.50;1;ASK;;;;;
20251107;063746.768;;25312.50;25312.50;2;ASK;;;;;
20251107;063746.792;;25312.25;25312.25;1;ASK;;;;;
20251107;063746.848;;25312.50;25312.50;1;ASK;;;;;
20251107;063746.848;;25312.50;25312.50;2;ASK;;;;;
20251107;063746.900;;25312.25;25312.25;1;ASK;;;;;
20251107;063746.900;25311.00;;25311.00;1;BID;;;;;
20251107;063746.900;;25312.00;25312.00;1;ASK;;;;;
20251107;063746.900;25310.75;;25310.75;3;BID;;;;;
20251107;063746.900;25310.75;;25310.75;2;BID;;;;;
20251107;063746.900;25311.00;;25311.00;1;BID;;;;;
20251107;063746.900;25310.75;;25310.75;2;BID;;;;;
20251107;063746.900;;25312.25;25312.25;1;ASK;;;;;
20251107;063746.904;25311.00;;25311.00;1;BID;;;;;
20251107;063746.964;25311.00;;25311.00;2;BID;;;;;
20251107;063746.964;25311.00;;25311.00;3;BID;;;;;
20251107;063746.964;;25312.50;25312.50;1;ASK;;;;;
20251107;063746.964;25311.25;;25311.25;1;BID;;;;;
20251107;063746.964;25311.25;;25311.25;2;BID;;;;;
20251107;063746.964;25311.25;;25311.25;1;BID;;;;;
20251107;063746.964;;25312.25;25312.25;1;ASK;;;;;
20251107;063746.968;25311.00;;25311.00;3;BID;;;;;
20251107;063746.968;25311.00;;25311.00;2;BID;;;;;
20251107;063746.968;25311.25;;25311.25;1;BID;;;;;
20251107;063746.968;;25312.50;25312.50;1;ASK;;;;;
20251107;063746.972;;25312.25;25312.25;1;ASK;;;;;
20251107;063746.972;25311.00;;25311.00;2;BID;;;;;
20251107;063746.992;;25312.00;25312.00;1;ASK;;;;;
20251107;063747.000;25311.25;;25311.25;1;BID;;;;;
20251107;063747.000;;25312.25;25312.25;1;ASK;;;;;
20251107;063747.000;;25312.50;25312.50;1;ASK;;;;;
20251107;063747.004;;25312.50;25312.50;2;ASK;;;;;
20251107;063747.004;;25312.25;25312.25;1;ASK;;;;;
20251107;063747.004;25311.00;;25311.00;2;BID;;;;;
20251107;063747.296;;25312.00;25312.00;1;ASK;;;;;
20251107;063747.304;;25312.25;25312.25;1;ASK;;;;;
20251107;063747.700;;25312.00;25312.00;1;ASK;;;;;
20251107;063747.700;25311.00;;25311.00;1;BID;;;;;
20251107;063747.700;25310.75;;25310.75;3;BID;;;;;
20251107;063747.700;25310.75;;25310.75;2;BID;;;;;
20251107;063747.704;25311.00;;25311.00;1;BID;;;;;
20251107;063747.704;;25312.25;25312.25;1;ASK;;;;;
20251107;063748.128;;25312.25;25312.25;2;ASK;;;;;
20251107;063748.128;;25312.00;25312.00;1;ASK;;;;;
20251107;063748.128;25310.75;;25310.75;2;BID;;;;;
20251107;063748.132;;25312.00;25312.00;2;ASK;;;;;
20251107;063748.132;;25311.75;25311.75;1;ASK;;;;;
20251107;063748.132;25310.75;;25310.75;1;BID;;;;;
20251107;063748.132;25310.50;;25310.50;3;BID;;;;;
20251107;063748.132;25310.50;;25310.50;2;BID;;;;;
20251107;063748.132;25310.50;;25310.50;1;BID;;;;;
20251107;063748.132;;25312.00;25312.00;1;ASK;;;;;
20251107;063748.132;25310.75;;25310.75;1;BID;;;;;
20251107;063748.192;;25312.00;25312.00;2;ASK;;;;;
20251107;063748.192;;25311.75;25311.75;1;ASK;;;;;
20251107;063748.192;25310.50;;25310.50;2;BID;;;;;
20251107;063748.192;25310.75;;25310.75;1;BID;;;;;
20251107;063748.192;;25312.00;25312.00;1;ASK;;;;;
20251107;063748.192;25310.50;;25310.50;2;BID;;;;;
20251107;063748.192;;25311.75;25311.75;1;ASK;;;;;
20251107;063748.196;;25311.50;25311.50;1;ASK;;;;;
20251107;063748.196;25310.50;;25310.50;1;BID;;;;;
20251107;063748.196;25310.25;;25310.25;2;BID;;;;;
20251107;063748.196;25310.25;;25310.25;1;BID;;;;;
20251107;063748.196;;25311.25;25311.25;1;ASK;;;;;
20251107;063748.196;25310.00;;25310.00;4;BID;;;;;
20251107;063748.196;25310.00;;25310.00;3;BID;;;;;
20251107;063748.196;25310.00;;25310.00;2;BID;;;;;
20251107;063748.196;;25311.50;25311.50;1;ASK;;;;;
20251107;063748.196;25310.25;;25310.25;1;BID;;;;;
20251107;063748.196;;25311.25;25311.25;1;ASK;;;;;
20251107;063748.196;;25311.50;25311.50;1;ASK;;;;;
20251107;063748.204;;25311.25;25311.25;1;ASK;;;;;
20251107;063748.204;;25311.50;25311.50;2;ASK;;;;;
20251107;063748.208;;25311.50;25311.50;1;ASK;;;;;
20251107;063748.208;25310.25;;25310.25;2;BID;;;;;
20251107;063748.208;25310.50;;25310.50;1;BID;;;;;
20251107;063748.208;;25311.75;25311.75;2;ASK;;;;;
20251107;063748.208;25310.25;;25310.25;1;BID;;;;;
20251107;063748.208;;25311.50;25311.50;1;ASK;;;;;
20251107;063748.224;25310.25;;25310.25;2;BID;;;;;
20251107;063748.224;25310.50;;25310.50;1;BID;;;;;
20251107;063748.224;;25311.75;25311.75;2;ASK;;;;;
20251107;063748.232;;25311.75;25311.75;1;ASK;;;;;
20251107;063748.232;;25311.50;25311.50;1;ASK;;;;;
20251107;063748.232;25310.25;;25310.25;1;BID;;;;;
20251107;063748.232;25310.25;;25310.25;2;BID;;;;;
20251107;063748.232;;25311.75;25311.75;1;ASK;;;;;
20251107;063748.232;25310.50;;25310.50;1;BID;;;;;
20251107;063748.240;;25311.50;25311.50;1;ASK;;;;;
20251107;063748.240;25310.25;;25310.25;2;BID;;;;;
20251107;063748.284;25310.50;;25310.50;1;BID;;;;;
20251107;063748.284;;25311.75;25311.75;1;ASK;;;;;
20251107;063748.292;;25311.75;25311.75;2;ASK;;;;;
20251107;063748.292;;25311.50;25311.50;1;ASK;;;;;
20251107;063748.292;;25311.75;25311.75;2;ASK;;;;;
20251107;063748.292;;25311.75;25311.75;1;ASK;;;;;
20251107;063748.296;25310.75;;25310.75;1;BID;;;;;
20251107;063748.300;;25312.00;25312.00;2;ASK;;;;;
20251107;063748.300;;25312.00;25312.00;1;ASK;;;;;
20251107;063748.308;;25311.75;25311.75;1;ASK;;;;;
20251107;063748.308;25310.50;;25310.50;1;BID;;;;;
20251107;063748.308;25310.25;;25310.25;2;BID;;;;;
20251107;063748.308;25310.50;;25310.50;1;BID;;;;;
20251107;063748.308;25310.25;;25310.25;1;BID;;;;;
20251107;063748.308;25310.25;;25310.25;2;BID;;;;;
20251107;063748.308;25310.50;;25310.50;1;BID;;;;;
20251107;063748.340;25310.75;;25310.75;1;BID;;;;;
20251107;063748.340;;25312.00;25312.00;1;ASK;;;;;
20251107;063748.384;;25311.75;25311.75;1;ASK;;;;;
20251107;063748.384;25310.50;;25310.50;1;BID;;;;;
20251107;063748.384;25310.75;;25310.75;1;BID;;;;;
20251107;063748.384;;25312.00;25312.00;1;ASK;;;;;
20251107;063748.692;25311.00;;25311.00;1;BID;;;;;
20251107;063748.692;;25312.25;25312.25;1;ASK;;;;;
20251107;063748.692;25310.75;;25310.75;1;BID;;;;;
20251107;063748.692;;25312.00;25312.00;1;ASK;;;;;
20251107;063748.696;25310.75;;25310.75;2;BID;;;;;
20251107;063748.760;25311.00;;25311.00;1;BID;;;;;
20251107;063748.760;;25312.25;25312.25;1;ASK;;;;;
20251107;063748.784;25310.75;;25310.75;2;BID;;;;;
20251107;063748.784;;25312.00;25312.00;1;ASK;;;;;
20251107;063749.072;;25312.00;25312.00;1;ASK;;;;;
20251107;063749.072;;25312.25;25312.25;1;ASK;;;;;
20251107;063749.072;;25312.50;25312.50;1;ASK;;;;;
20251107;063749.072;;25312.50;25312.50;1;ASK;;;;;
20251107;063749.072;;25312.50;25312.50;1;ASK;;;;;
20251107;063749.072;;25312.75;25312.75;1;ASK;;;;;
20251107;063749.072;25311.00;;25311.00;1;BID;;;;;
20251107;063749.072;25311.25;;25311.25;1;BID;;;;;
20251107;063749.072;25311.25;;25311.25;2;BID;;;;;
20251107;063749.072;25311.25;;25311.25;3;BID;;;;;
20251107;063749.072;25311.25;;25311.25;4;BID;;;;;
20251107;063749.072;25311.50;;25311.50;1;BID;;;;;
20251107;063749.072;25311.75;;25311.75;1;BID;;;;;
20251107;063749.072;25311.50;;25311.50;1;BID;;;;;
20251107;063749.080;25311.50;;25311.50;2;BID;;;;;
20251107;063749.096;25311.75;;25311.75;1;BID;;;;;
20251107;063749.108;25311.50;;25311.50;1;BID;;;;;
20251107;063749.120;25311.50;;25311.50;2;BID;;;;;
20251107;063749.120;25311.75;;25311.75;1;BID;;;;;
20251107;063749.120;25312.00;;25312.00;1;BID;;;;;
20251107;063749.120;25311.50;;25311.50;2;BID;;;;;
20251107;063749.120;25311.50;;25311.50;1;BID;;;;;
20251107;063749.120;25311.75;;25311.75;1;BID;;;;;
20251107;063749.120;25311.50;;25311.50;1;BID;;;;;
20251107;063749.120;25311.75;;25311.75;1;BID;;;;;
20251107;063749.120;25312.00;;25312.00;1;BID;;;;;
20251107;063749.120;25311.75;;25311.75;1;BID;;;;;
20251107;063749.120;25311.50;;25311.50;2;BID;;;;;
20251107;063749.120;25311.50;;25311.50;1;BID;;;;;
20251107;063749.120;;25312.75;25312.75;2;ASK;;;;;
20251107;063749.120;;25312.50;25312.50;1;ASK;;;;;
20251107;063749.124;25311.25;;25311.25;5;BID;;;;;
20251107;063749.124;25311.25;;25311.25;4;BID;;;;;
20251107;063749.128;25311.50;;25311.50;1;BID;;;;;
20251107;063749.128;;25312.75;25312.75;2;ASK;;;;;
20251107;063749.128;;25312.50;25312.50;1;ASK;;;;;
20251107;063749.128;25311.25;;25311.25;5;BID;;;;;
20251107;063749.128;25311.25;;25311.25;4;BID;;;;;
20251107;063749.128;25311.50;;25311.50;1;BID;;;;;
20251107;063749.128;;25312.75;25312.75;2;ASK;;;;;
20251107;063749.132;25311.50;;25311.50;2;BID;;;;;
20251107;063749.188;25311.75;;25311.75;1;BID;;;;;
20251107;063749.312;25311.50;;25311.50;1;BID;;;;;
20251107;063749.312;25311.50;;25311.50;2;BID;;;;;
20251107;063749.348;25311.75;;25311.75;1;BID;;;;;
20251107;063749.348;25311.50;;25311.50;1;BID;;;;;
20251107;063749.348;;25312.50;25312.50;1;ASK;;;;;
20251107;063749.348;25311.25;;25311.25;5;BID;;;;;
20251107;063749.348;25311.25;;25311.25;4;BID;;;;;
20251107;063749.348;25311.25;;25311.25;3;BID;;;;;
20251107;063749.348;25311.25;;25311.25;2;BID;;;;;
20251107;063749.404;25311.50;;25311.50;1;BID;;;;;
20251107;063749.404;;25312.75;25312.75;2;ASK;;;;;
20251107;063750.008;;25312.75;25312.75;3;ASK;;;;;
20251107;063750.008;;25312.50;25312.50;1;ASK;;;;;
20251107;063750.024;;25312.75;25312.75;3;ASK;;;;;
20251107;063750.136;;25312.50;25312.50;1;ASK;;;;;
20251107;063750.388;25311.25;;25311.25;3;BID;;;;;
20251107;063750.388;25311.25;;25311.25;2;BID;;;;;
20251107;063750.388;25311.50;;25311.50;1;BID;;;;;
20251107;063750.388;;25312.75;25312.75;3;ASK;;;;;
20251107;063750.388;25311.75;;25311.75;1;BID;;;;;
20251107;063750.388;;25312.75;25312.75;2;ASK;;;;;
20251107;063750.388;;25312.75;25312.75;1;ASK;;;;;
20251107;063750.388;25312.00;;25312.00;1;BID;;;;;
20251107;063750.400;25311.75;;25311.75;1;BID;;;;;
20251107;063750.416;25312.00;;25312.00;1;BID;;;;;
20251107;063750.532;25311.75;;25311.75;1;BID;;;;;
20251107;063750.532;25311.50;;25311.50;2;BID;;;;;
20251107;063750.532;25311.50;;25311.50;1;BID;;;;;
20251107;063750.532;25311.75;;25311.75;1;BID;;;;;
20251107;063750.824;25312.00;;25312.00;1;BID;;;;;
20251107;063750.824;25311.75;;25311.75;1;BID;;;;;
20251107;063750.952;25311.50;;25311.50;1;BID;;;;;
20251107;063750.956;25311.50;;25311.50;2;BID;;;;;
20251107;063750.964;25311.75;;25311.75;1;BID;;;;;
20251107;063750.964;25312.00;;25312.00;1;BID;;;;;
20251107;063750.964;25311.75;;25311.75;1;BID;;;;;
20251107;063751.056;25311.50;;25311.50;1;BID;;;;;
20251107;063751.068;25311.50;;25311.50;2;BID;;;;;
20251107;063751.068;25311.50;;25311.50;3;BID;;;;;
20251107;063751.068;25311.75;;25311.75;1;BID;;;;;
20251107;063751.072;25312.00;;25312.00;1;BID;;;;;
20251107;063751.152;25311.75;;25311.75;1;BID;;;;;
20251107;063751.724;25311.75;;25311.75;2;BID;;;;;
20251107;063751.724;25312.00;;25312.00;1;BID;;;;;
20251107;063751.724;25311.75;;25311.75;1;BID;;;;;
20251107;063752.416;25311.75;;25311.75;2;BID;;;;;
20251107;063752.416;25312.00;;25312.00;1;BID;;;;;
20251107;063752.416;25311.75;;25311.75;1;BID;;;;;
20251107;063752.556;25311.75;;25311.75;2;BID;;;;;
20251107;063752.556;25312.00;;25312.00;1;BID;;;;;
20251107;063752.556;25311.75;;25311.75;1;BID;;;;;
20251107;063753.528;25311.50;;25311.50;4;BID;;;;;
20251107;063753.528;25311.50;;25311.50;3;BID;;;;;
20251107;063753.528;25311.50;;25311.50;2;BID;;;;;
20251107;063753.928;25311.75;;25311.75;1;BID;;;;;
20251107;063753.928;25311.75;;25311.75;2;BID;;;;;
20251107;063753.928;25312.00;;25312.00;1;BID;;;;;
20251107;063753.928;25311.75;;25311.75;1;BID;;;;;
20251107;063753.936;25311.75;;25311.75;2;BID;;;;;
20251107;063753.936;25312.00;;25312.00;1;BID;;;;;
20251107;063753.960;25312.25;;25312.25;1;BID;;;;;
20251107;063754.080;25312.00;;25312.00;2;BID;;;;;
20251107;063754.080;25312.00;;25312.00;1;BID;;;;;
20251107;063754.080;25311.75;;25311.75;3;BID;;;;;
20251107;063754.080;25311.75;;25311.75;2;BID;;;;;
20251107;063754.080;25311.75;;25311.75;1;BID;;;;;
20251107;063754.080;25311.75;;25311.75;2;BID;;;;;
20251107;063754.080;25312.00;;25312.00;1;BID;;;;;
20251107;063754.168;25311.75;;25311.75;3;BID;;;;;
20251107;063754.168;25311.75;;25311.75;2;BID;;;;;
20251107;063754.168;25311.75;;25311.75;1;BID;;;;;
20251107;063754.168;;25312.75;25312.75;1;ASK;;;;;
20251107;063754.168;;25312.75;25312.75;1;ASK;;;;;
20251107;063754.168;;25313.00;25313.00;6;ASK;;;;;
20251107;063754.168;25312.75;;25312.75;1;BID;;;;;
20251107;063754.168;25312.00;;25312.00;1;BID;;;;;
20251107;063754.172;;25313.00;25313.00;5;ASK;;;;;
20251107;063754.172;25312.00;;25312.00;2;BID;;;;;
20251107;063754.172;25312.00;;25312.00;1;BID;;;;;
20251107;063754.172;25312.00;;25312.00;2;BID;;;;;
20251107;063754.172;25312.00;;25312.00;3;BID;;;;;
20251107;063754.172;25312.25;;25312.25;1;BID;;;;;
20251107;063754.172;25312.00;;25312.00;3;BID;;;;;
20251107;063754.208;25312.25;;25312.25;1;BID;;;;;
20251107;063754.208;25312.25;;25312.25;2;BID;;;;;
20251107;063754.240;25312.50;;25312.50;1;BID;;;;;
20251107;063754.296;25312.25;;25312.25;2;BID;;;;;
20251107;063754.296;25312.25;;25312.25;1;BID;;;;;
20251107;063754.304;25312.25;;25312.25;2;BID;;;;;
20251107;063754.492;25312.50;;25312.50;1;BID;;;;;
20251107;063754.496;25312.50;;25312.50;2;BID;;;;;
20251107;063754.496;;25313.00;25313.00;1;ASK;;;;;
20251107;063754.496;;25313.00;25313.00;4;ASK;;;;;
20251107;063754.496;;25313.00;25313.00;1;ASK;;;;;
20251107;063754.496;;25313.00;25313.00;3;ASK;;;;;
20251107;063754.496;;25313.00;25313.00;1;ASK;;;;;
20251107;063754.496;;25313.00;25313.00;2;ASK;;;;;
20251107;063754.496;;25313.00;25313.00;1;ASK;;;;;
20251107;063754.496;;25313.00;25313.00;1;ASK;;;;;
20251107;063754.496;;25313.00;25313.00;1;ASK;;;;;
20251107;063754.496;;25313.50;25313.50;3;ASK;;;;;
20251107;063754.496;;25313.50;25313.50;2;ASK;;;;;
20251107;063754.496;25312.50;;25312.50;1;BID;;;;;
20251107;063754.496;25312.75;;25312.75;1;BID;;;;;
20251107;063754.496;;25313.50;25313.50;1;ASK;;;;;
20251107;063754.496;25312.50;;25312.50;2;BID;;;;;
20251107;063754.496;;25314.00;25314.00;2;ASK;;;;;
20251107;063754.496;25312.50;;25312.50;1;BID;;;;;
20251107;063754.496;;25314.00;25314.00;1;ASK;;;;;
20251107;063754.496;25312.75;;25312.75;1;BID;;;;;
20251107;063754.496;;25313.75;25313.75;1;ASK;;;;;
20251107;063754.496;25313.00;;25313.00;1;BID;;;;;
20251107;063754.496;;25314.00;25314.00;1;ASK;;;;;
20251107;063754.496;;25314.25;25314.25;3;ASK;;;;;
20251107;063754.496;25312.50;;25312.50;3;BID;;;;;
20251107;063754.496;;25314.25;25314.25;4;ASK;;;;;
20251107;063754.496;;25314.00;25314.00;1;ASK;;;;;
20251107;063754.496;;25314.00;25314.00;2;ASK;;;;;
20251107;063754.496;25312.75;;25312.75;1;BID;;;;;
20251107;063754.496;;25313.75;25313.75;1;ASK;;;;;
20251107;063754.500;;25314.00;25314.00;3;ASK;;;;;
20251107;063754.500;;25314.00;25314.00;2;ASK;;;;;
20251107;063754.500;;25313.75;25313.75;1;ASK;;;;;
20251107;063754.508;;25313.75;25313.75;2;ASK;;;;;
20251107;063754.508;25312.50;;25312.50;4;BID;;;;;
20251107;063754.508;25312.50;;25312.50;3;BID;;;;;
20251107;063754.508;25312.75;;25312.75;1;BID;;;;;
20251107;063754.564;;25313.50;25313.50;1;ASK;;;;;
20251107;063754.564;25312.50;;25312.50;2;BID;;;;;
20251107;063754.660;25312.50;;25312.50;1;BID;;;;;
20251107;063754.660;25312.25;;25312.25;3;BID;;;;;
20251107;063754.660;25312.25;;25312.25;2;BID;;;;;
20251107;063754.660;25312.25;;25312.25;1;BID;;;;;
20251107;063754.692;;25313.25;25313.25;1;ASK;;;;;
20251107;063754.704;;25313.50;25313.50;1;ASK;;;;;
20251107;063754.720;;25313.50;25313.50;2;ASK;;;;;
20251107;063754.720;;25313.25;25313.25;1;ASK;;;;;
20251107;063754.720;25312.00;;25312.00;1;BID;;;;;
20251107;063754.720;25312.25;;25312.25;1;BID;;;;;
20251107;063754.740;25312.00;;25312.00;1;BID;;;;;
20251107;063754.852;25312.25;;25312.25;1;BID;;;;;
20251107;063754.932;25312.00;;25312.00;1;BID;;;;;
20251107;063754.956;25312.25;;25312.25;1;BID;;;;;
20251107;063754.996;25312.25;;25312.25;1;BID;;;;;
20251107;063754.996;25312.00;;25312.00;1;BID;;;;;
20251107;063754.996;25312.00;;25312.00;1;BID;;;;;
20251107;063754.996;25311.75;;25311.75;3;BID;;;;;
20251107;063754.996;;25313.00;25313.00;1;ASK;;;;;
20251107;063754.996;25311.75;;25311.75;2;BID;;;;;
20251107;063754.996;25311.75;;25311.75;1;BID;;;;;
20251107;063754.996;25311.50;;25311.50;1;BID;;;;;
20251107;063755.000;;25313.00;25313.00;2;ASK;;;;;
20251107;063755.000;;25312.75;25312.75;1;ASK;;;;;
20251107;063755.000;25311.25;;25311.25;4;BID;;;;;
20251107;063755.000;25311.25;;25311.25;3;BID;;;;;
20251107;063755.000;;25312.75;25312.75;2;ASK;;;;;
20251107;063755.000;25311.25;;25311.25;2;BID;;;;;
20251107;063755.000;;25312.50;25312.50;1;ASK;;;;;
20251107;063755.000;25311.25;;25311.25;1;BID;;;;;
20251107;063755.000;25311.50;;25311.50;1;BID;;;;;
20251107;063755.000;25311.25;;25311.25;1;BID;;;;;
20251107;063755.000;25311.00;;25311.00;3;BID;;;;;
20251107;063755.000;25311.00;;25311.00;2;BID;;;;;
20251107;063755.000;;25312.75;25312.75;4;ASK;;;;;
20251107;063755.000;25311.00;;25311.00;3;BID;;;;;
20251107;063755.000;25311.00;;25311.00;2;BID;;;;;
20251107;063755.000;25311.25;;25311.25;1;BID;;;;;
20251107;063755.000;;25312.75;25312.75;3;ASK;;;;;
20251107;063755.000;25311.25;;25311.25;2;BID;;;;;
20251107;063755.000;25311.50;;25311.50;1;BID;;;;;
20251107;063755.000;25311.50;;25311.50;2;BID;;;;;
20251107;063755.000;;25312.75;25312.75;2;ASK;;;;;
20251107;063755.004;;25312.75;25312.75;1;ASK;;;;;
20251107;063755.012;;25312.75;25312.75;2;ASK;;;;;
20251107;063755.012;;25312.50;25312.50;1;ASK;;;;;
20251107;063755.012;;25312.75;25312.75;2;ASK;;;;;
20251107;063755.012;;25312.50;25312.50;1;ASK;;;;;
20251107;063755.040;25311.50;;25311.50;1;BID;;;;;
20251107;063755.040;25311.25;;25311.25;3;BID;;;;;
20251107;063755.040;25311.25;;25311.25;2;BID;;;;;
20251107;063755.040;25311.50;;25311.50;1;BID;;;;;
20251107;063755.108;25311.25;;25311.25;2;BID;;;;;
20251107;063755.108;;25312.25;25312.25;1;ASK;;;;;
20251107;063755.124;;25312.50;25312.50;1;ASK;;;;;
20251107;063755.148;;25312.25;25312.25;1;ASK;;;;;
20251107;063755.200;;25312.50;25312.50;1;ASK;;;;;
20251107;063755.252;;25312.25;25312.25;1;ASK;;;;;
20251107;063755.288;25311.50;;25311.50;1;BID;;;;;
20251107;063755.288;;25312.50;25312.50;1;ASK;;;;;
20251107;063755.388;25311.25;;25311.25;2;BID;;;;;
20251107;063755.388;;25312.25;25312.25;1;ASK;;;;;
20251107;063755.404;;25312.50;25312.50;1;ASK;;;;;
20251107;063755.404;25311.50;;25311.50;1;BID;;;;;
20251107;063755.464;25311.25;;25311.25;2;BID;;;;;
20251107;063756.104;;25312.50;25312.50;2;ASK;;;;;
20251107;063756.104;;25312.25;25312.25;1;ASK;;;;;
20251107;063756.104;;25312.50;25312.50;1;ASK;;;;;
20251107;063756.228;25311.50;;25311.50;1;BID;;;;;
20251107;063756.228;25311.75;;25311.75;1;BID;;;;;
20251107;063756.228;;25312.75;25312.75;3;ASK;;;;;
20251107;063756.228;;25312.75;25312.75;2;ASK;;;;;
20251107;063756.232;;25312.75;25312.75;1;ASK;;;;;
20251107;063756.232;25312.00;;25312.00;1;BID;;;;;
20251107;063756.232;25311.75;;25311.75;1;BID;;;;;
20251107;063756.232;;25313.00;25313.00;3;ASK;;;;;
20251107;063756.232;;25313.00;25313.00;2;ASK;;;;;
20251107;063756.232;25312.00;;25312.00;1;BID;;;;;
20251107;063756.232;;25313.00;25313.00;1;ASK;;;;;
20251107;063756.232;;25313.25;25313.25;3;ASK;;;;;
20251107;063756.232;25311.75;;25311.75;1;BID;;;;;
20251107;063756.232;;25313.25;25313.25;2;ASK;;;;;
20251107;063756.232;25312.00;;25312.00;1;BID;;;;;
20251107;063756.236;;25313.00;25313.00;1;ASK;;;;;
20251107;063756.236;25311.75;;25311.75;1;BID;;;;;
20251107;063756.236;;25313.00;25313.00;2;ASK;;;;;
20251107;063756.248;25311.75;;25311.75;2;BID;;;;;
20251107;063756.248;25312.00;;25312.00;1;BID;;;;;
20251107;063756.248;;25313.00;25313.00;1;ASK;;;;;
20251107;063756.252;25311.75;;25311.75;2;BID;;;;;
20251107;063756.252;25311.75;;25311.75;1;BID;;;;;
20251107;063756.480;25312.00;;25312.00;1;BID;;;;;
20251107;063757.524;;25312.75;25312.75;1;ASK;;;;;
20251107;063757.524;25311.75;;25311.75;1;BID;;;;;
20251107;063757.524;25311.50;;25311.50;1;BID;;;;;
20251107;063757.524;25311.50;;25311.50;2;BID;;;;;
20251107;063757.524;25311.75;;25311.75;1;BID;;;;;
20251107;063757.524;;25313.00;25313.00;1;ASK;;;;;
20251107;063757.752;25311.75;;25311.75;2;BID;;;;;
20251107;063757.752;25312.00;;25312.00;1;BID;;;;;
20251107;063757.796;25311.75;;25311.75;2;BID;;;;;
20251107;063757.800;25312.00;;25312.00;1;BID;;;;;
20251107;063758.924;25312.00;;25312.00;2;BID;;;;;
20251107;063758.924;;25313.25;25313.25;1;ASK;;;;;
20251107;063758.948;;25313.00;25313.00;1;ASK;;;;;
20251107;063758.948;;25313.00;25313.00;2;ASK;;;;;
20251107;063758.948;;25313.00;25313.00;1;ASK;;;;;
20251107;063759.016;25312.00;;25312.00;3;BID;;;;;
20251107;063759.016;25312.25;;25312.25;1;BID;;;;;
20251107;063759.016;;25313.25;25313.25;1;ASK;;;;;
20251107;063759.016;;25313.50;25313.50;2;ASK;;;;;
20251107;063759.016;;25313.50;25313.50;1;ASK;;;;;
20251107;063759.016;25312.50;;25312.50;1;BID;;;;;
20251107;063759.084;25312.25;;25312.25;1;BID;;;;;
20251107;063759.092;25312.25;;25312.25;2;BID;;;;;
20251107;063759.092;25312.50;;25312.50;1;BID;;;;;
20251107;063759.096;;25313.75;25313.75;3;ASK;;;;;
20251107;063759.096;;25313.75;25313.75;2;ASK;;;;;
20251107;063759.096;;25313.50;25313.50;1;ASK;;;;;
20251107;063759.096;25312.25;;25312.25;2;BID;;;;;
20251107;063759.096;;25313.25;25313.25;1;ASK;;;;;
20251107;063759.096;25312.25;;25312.25;1;BID;;;;;
20251107;063759.112;25312.25;;25312.25;2;BID;;;;;
20251107;063759.112;;25313.50;25313.50;1;ASK;;;;;
20251107;063759.112;25312.25;;25312.25;1;BID;;;;;
20251107;063759.124;25312.25;;25312.25;2;BID;;;;;
20251107;063759.124;25312.50;;25312.50;1;BID;;;;;
20251107;063759.128;;25313.75;25313.75;3;ASK;;;;;
20251107;063759.128;;25313.75;25313.75;2;ASK;;;;;
20251107;063759.128;25312.50;;25312.50;2;BID;;;;;
20251107;063759.128;;25313.50;25313.50;1;ASK;;;;;
20251107;063759.148;;25313.75;25313.75;1;ASK;;;;;
20251107;063759.148;;25313.75;25313.75;2;ASK;;;;;
20251107;063759.148;25312.75;;25312.75;1;BID;;;;;
20251107;063759.148;;25313.75;25313.75;1;ASK;;;;;
20251107;063759.148;;25314.00;25314.00;4;ASK;;;;;
20251107;063759.148;;25314.00;25314.00;3;ASK;;;;;
20251107;063759.148;;25313.75;25313.75;1;ASK;;;;;
20251107;063759.256;25312.50;;25312.50;2;BID;;;;;
20251107;063759.468;25312.50;;25312.50;1;BID;;;;;
20251107;063759.468;;25313.75;25313.75;2;ASK;;;;;
20251107;063759.468;;25313.50;25313.50;1;ASK;;;;;
20251107;063759.856;;25313.75;25313.75;2;ASK;;;;;
20251107;063759.856;25312.50;;25312.50;2;BID;;;;;
20251107;063759.880;;25313.50;25313.50;1;ASK;;;;;
20251107;063759.880;25312.50;;25312.50;1;BID;;;;;
20251107;063759.932;;25313.75;25313.75;2;ASK;;;;;
20251107;063759.988;;25313.50;25313.50;1;ASK;;;;;
20251107;063800.024;;25313.50;25313.50;2;ASK;;;;;
20251107;063800.024;25312.25;;25312.25;2;BID;;;;;
20251107;063800.024;25312.25;;25312.25;1;BID;;;;;
20251107;063800.024;;25313.25;25313.25;1;ASK;;;;;
20251107;063800.024;;25313.25;25313.25;2;ASK;;;;;
20251107;063800.024;25312.00;;25312.00;1;BID;;;;;
20251107;063800.024;;25313.00;25313.00;1;ASK;;;;;
20251107;063800.032;25312.00;;25312.00;2;BID;;;;;
20251107;063800.032;25312.25;;25312.25;1;BID;;;;;
20251107;063800.032;;25313.25;25313.25;1;ASK;;;;;
20251107;063800.032;;25313.50;25313.50;3;ASK;;;;;
20251107;063800.032;25312.00;;25312.00;2;BID;;;;;
20251107;063800.032;;25313.50;25313.50;2;ASK;;;;;
20251107;063800.036;;25313.25;25313.25;1;ASK;;;;;
20251107;063800.036;25312.00;;25312.00;1;BID;;;;;
20251107;063800.040;25312.00;;25312.00;2;BID;;;;;
20251107;063800.040;25312.25;;25312.25;1;BID;;;;;
20251107;063800.132;25312.00;;25312.00;2;BID;;;;;
20251107;063800.132;25312.00;;25312.00;1;BID;;;;;
20251107;063800.228;;25313.00;25313.00;1;ASK;;;;;
20251107;063800.228;25311.75;;25311.75;1;BID;;;;;
20251107;063800.228;25312.00;;25312.00;1;BID;;;;;
20251107;063800.232;;25313.25;25313.25;1;ASK;;;;;
20251107;063800.236;25312.00;;25312.00;2;BID;;;;;
20251107;063800.308;;25313.00;25313.00;1;ASK;;;;;
20251107;063800.312;25312.00;;25312.00;1;BID;;;;;
20251107;063800.392;25311.75;;25311.75;2;BID;;;;;
20251107;063800.608;;25312.75;25312.75;1;ASK;;;;;
20251107;063800.608;25311.75;;25311.75;1;BID;;;;;
20251107;063800.608;25311.50;;25311.50;1;BID;;;;;
20251107;063800.608;;25312.75;25312.75;2;ASK;;;;;
20251107;063800.608;;25312.50;25312.50;1;ASK;;;;;
20251107;063800.608;;25312.75;25312.75;2;ASK;;;;;
20251107;063800.608;25311.25;;25311.25;1;BID;;;;;
20251107;063800.608;;25312.75;25312.75;1;ASK;;;;;
20251107;063800.608;25311.75;;25311.75;1;BID;;;;;
20251107;063800.608;;25313.00;25313.00;2;ASK;;;;;
20251107;063800.608;;25313.00;25313.00;3;ASK;;;;;
20251107;063800.608;;25313.00;25313.00;2;ASK;;;;;
20251107;063800.608;;25312.75;25312.75;1;ASK;;;;;
20251107;063800.608;25311.50;;25311.50;1;BID;;;;;
20251107;063800.612;;25312.50;25312.50;1;ASK;;;;;
20251107;063800.612;;25312.75;25312.75;1;ASK;;;;;
20251107;063800.632;;25312.50;25312.50;1;ASK;;;;;
20251107;063801.000;25311.00;;25311.00;3;BID;;;;;
20251107;063801.000;25311.00;;25311.00;2;BID;;;;;
20251107;063801.004;25311.25;;25311.25;1;BID;;;;;
20251107;063801.004;;25312.75;25312.75;1;ASK;;;;;
20251107;063801.004;25311.25;;25311.25;2;BID;;;;;
20251107;063801.004;25311.50;;25311.50;1;BID;;;;;
20251107;063801.024;25311.75;;25311.75;1;BID;;;;;
20251107;063801.024;;25313.00;25313.00;2;ASK;;;;;
20251107;063801.024;;25312.75;25312.75;1;ASK;;;;;
20251107;063801.024;25311.50;;25311.50;1;BID;;;;;
20251107;063801.024;;25312.75;25312.75;2;ASK;;;;;
20251107;063801.028;;25312.50;25312.50;1;ASK;;;;;
20251107;063801.028;25311.25;;25311.25;2;BID;;;;;
20251107;063801.028;25311.50;;25311.50;1;BID;;;;;
20251107;063801.028;;25312.75;25312.75;2;ASK;;;;;
20251107;063801.032;;25312.75;25312.75;1;ASK;;;;;
20251107;063801.032;25311.75;;25311.75;1;BID;;;;;
20251107;063801.600;;25313.00;25313.00;2;ASK;;;;;
20251107;063801.656;25312.00;;25312.00;1;BID;;;;;
20251107;063801.656;;25313.00;25313.00;1;ASK;;;;;
20251107;063801.656;;25313.25;25313.25;2;ASK;;;;;
20251107;063801.656;;25313.25;25313.25;1;ASK;;;;;
20251107;063801.656;;25313.25;25313.25;2;ASK;;;;;
20251107;063801.660;;25313.00;25313.00;1;ASK;;;;;
20251107;063801.660;25311.75;;25311.75;1;BID;;;;;
20251107;063801.660;25312.00;;25312.00;1;BID;;;;;
20251107;063801.804;;25313.25;25313.25;1;ASK;;;;;
20251107;063801.848;;25313.00;25313.00;1;ASK;;;;;
20251107;063801.848;25311.75;;25311.75;1;BID;;;;;
20251107;063801.848;;25312.75;25312.75;1;ASK;;;;;
20251107;063801.848;25311.50;;25311.50;2;BID;;;;;
20251107;063801.848;;25313.00;25313.00;1;ASK;;;;;
20251107;063801.848;25311.50;;25311.50;1;BID;;;;;
20251107;063801.848;25311.75;;25311.75;1;BID;;;;;
20251107;063802.072;25311.75;;25311.75;2;BID;;;;;
20251107;063802.072;25312.00;;25312.00;1;BID;;;;;
20251107;063802.072;;25313.25;25313.25;1;ASK;;;;;
20251107;063802.080;;25313.25;25313.25;2;ASK;;;;;
20251107;063802.080;;25313.00;25313.00;1;ASK;;;;;
20251107;063802.232;25312.00;;25312.00;2;BID;;;;;
20251107;063802.232;;25313.25;25313.25;1;ASK;;;;;
20251107;063802.592;;25313.00;25313.00;1;ASK;;;;;
20251107;063802.592;;25313.25;25313.25;1;ASK;;;;;
20251107;063802.592;;25313.00;25313.00;1;ASK;;;;;
20251107;063802.596;;25313.25;25313.25;1;ASK;;;;;
20251107;063802.800;25312.25;;25312.25;1;BID;;;;;
20251107;063802.800;;25313.50;25313.50;3;ASK;;;;;
20251107;063802.800;;25313.50;25313.50;2;ASK;;;;;
20251107;063802.804;;25313.25;25313.25;1;ASK;;;;;
20251107;063802.804;25312.00;;25312.00;1;BID;;;;;
20251107;063802.804;25312.00;;25312.00;2;BID;;;;;
20251107;063802.804;25312.25;;25312.25;1;BID;;;;;
20251107;063802.804;;25313.50;25313.50;2;ASK;;;;;
20251107;063802.804;25312.00;;25312.00;1;BID;;;;;
20251107;063802.804;;25313.25;25313.25;1;ASK;;;;;
20251107;063802.812;25312.00;;25312.00;2;BID;;;;;
20251107;063802.812;25312.25;;25312.25;1;BID;;;;;
20251107;063802.812;25312.00;;25312.00;1;BID;;;;;
20251107;063802.848;25312.00;;25312.00;2;BID;;;;;
20251107;063803.000;;25313.00;25313.00;1;ASK;;;;;
20251107;063803.000;25312.00;;25312.00;1;BID;;;;;
20251107;063803.000;25311.75;;25311.75;1;BID;;;;;
20251107;063803.004;25312.00;;25312.00;1;BID;;;;;
20251107;063803.004;;25313.25;25313.25;1;ASK;;;;;
20251107;063803.008;;25313.00;25313.00;1;ASK;;;;;
20251107;063803.160;;25313.25;25313.25;1;ASK;;;;;
20251107;063803.176;25312.00;;25312.00;2;BID;;;;;
20251107;063803.176;25312.25;;25312.25;1;BID;;;;;
20251107;063803.176;;25313.50;25313.50;2;ASK;;;;;
20251107;063803.304;;25313.25;25313.25;1;ASK;;;;;
20251107;063803.304;25312.00;;25312.00;1;BID;;;;;
20251107;063803.304;25312.25;;25312.25;1;BID;;;;;
20251107;063803.304;;25313.50;25313.50;2;ASK;;;;;
20251107;063803.336;25312.25;;25312.25;2;BID;;;;;
20251107;063803.396;;25313.25;25313.25;1;ASK;;;;;
20251107;063803.444;;25313.50;25313.50;2;ASK;;;;;
20251107;063803.496;;25313.25;25313.25;1;ASK;;;;;
20251107;063803.552;;25313.50;25313.50;2;ASK;;;;;
20251107;063803.604;;25313.25;25313.25;1;ASK;;;;;
20251107;063803.656;;25313.50;25313.50;2;ASK;;;;;
20251107;063803.708;;25313.25;25313.25;1;ASK;;;;;
20251107;063803.764;;25313.50;25313.50;2;ASK;;;;;
20251107;063803.816;;25313.25;25313.25;1;ASK;;;;;
20251107;063803.872;;25313.50;25313.50;2;ASK;;;;;
20251107;063803.924;;25313.25;25313.25;1;ASK;;;;;
20251107;063803.976;;25313.50;25313.50;2;ASK;;;;;
20251107;063804.012;25312.50;;25312.50;1;BID;;;;;
20251107;063804.012;25312.25;;25312.25;1;BID;;;;;
20251107;063804.012;;25313.25;25313.25;1;ASK;;;;;
20251107;063804.028;;25313.50;25313.50;2;ASK;;;;;
20251107;063804.032;25312.25;;25312.25;2;BID;;;;;
20251107;063804.060;25312.25;;25312.25;3;BID;;;;;
20251107;063804.060;25312.50;;25312.50;1;BID;;;;;
20251107;063804.080;;25313.25;25313.25;1;ASK;;;;;
20251107;063804.080;25312.25;;25312.25;3;BID;;;;;
20251107;063804.080;25312.25;;25312.25;2;BID;;;;;
20251107;063804.104;;25313.50;25313.50;2;ASK;;;;;
20251107;063804.104;25312.50;;25312.50;1;BID;;;;;
20251107;063804.112;25312.25;;25312.25;1;BID;;;;;
20251107;063804.120;25312.25;;25312.25;2;BID;;;;;
20251107;063804.136;;25313.25;25313.25;1;ASK;;;;;
20251107;063804.136;25312.25;;25312.25;1;BID;;;;;
20251107;063804.136;25312.00;;25312.00;2;BID;;;;;
20251107;063804.136;25312.00;;25312.00;1;BID;;;;;
20251107;063804.244;;25313.00;25313.00;1;ASK;;;;;
20251107;063804.244;25311.75;;25311.75;1;BID;;;;;
20251107;063804.244;25311.75;;25311.75;2;BID;;;;;
20251107;063804.244;;25313.50;25313.50;2;ASK;;;;;
20251107;063804.244;25312.00;;25312.00;1;BID;;;;;
20251107;063804.248;25312.00;;25312.00;2;BID;;;;;
20251107;063804.292;25312.25;;25312.25;1;BID;;;;;
20251107;063804.292;;25313.25;25313.25;1;ASK;;;;;
20251107;063804.292;25312.00;;25312.00;1;BID;;;;;
20251107;063804.348;;25313.50;25313.50;2;ASK;;;;;
20251107;063804.348;25312.25;;25312.25;1;BID;;;;;
20251107;063804.404;;25313.25;25313.25;1;ASK;;;;;
20251107;063804.404;25312.00;;25312.00;1;BID;;;;;
20251107;063804.416;25312.00;;25312.00;2;BID;;;;;
20251107;063804.416;;25313.50;25313.50;2;ASK;;;;;
20251107;063804.416;25312.25;;25312.25;1;BID;;;;;
20251107;063804.544;25312.25;;25312.25;2;BID;;;;;
20251107;063804.804;25313.00;;25313.00;1;BID;;;;;
20251107;063804.856;25313.00;;25313.00;2;BID;;;;;
20251107;063804.880;;25313.50;25313.50;1;ASK;;;;;
20251107;063804.880;;25313.50;25313.50;1;ASK;;;;;
20251107;063804.880;;25313.75;25313.75;2;ASK;;;;;
20251107;063804.880;;25313.75;25313.75;1;ASK;;;;;
20251107;063804.880;;25314.00;25314.00;1;ASK;;;;;
20251107;063804.884;;25314.00;25314.00;2;ASK;;;;;
20251107;063804.884;;25313.75;25313.75;1;ASK;;;;;
20251107;063804.892;;25314.00;25314.00;3;ASK;;;;;
20251107;063804.892;;25314.00;25314.00;2;ASK;;;;;
20251107;063804.892;;25313.75;25313.75;1;ASK;;;;;
20251107;063805.148;;25314.00;25314.00;2;ASK;;;;;
20251107;063805.200;;25313.75;25313.75;1;ASK;;;;;
20251107;063806.648;;25314.00;25314.00;2;ASK;;;;;
20251107;063806.832;25313.50;;25313.50;1;BID;;;;;
20251107;063806.832;25313.50;;25313.50;1;BID;;;;;
20251107;063806.832;25313.00;;25313.00;2;BID;;;;;
20251107;063806.832;25313.00;;25313.00;1;BID;;;;;
20251107;063806.832;;25313.75;25313.75;1;ASK;;;;;
20251107;063806.832;25313.00;;25313.00;1;BID;;;;;
20251107;063806.832;25312.50;;25312.50;2;BID;;;;;
20251107;063806.832;;25313.50;25313.50;1;ASK;;;;;
20251107;063806.832;25312.50;;25312.50;1;BID;;;;;
20251107;063806.832;;25313.25;25313.25;1;ASK;;;;;
20251107;063806.836;25312.25;;25312.25;1;BID;;;;;
20251107;063806.836;;25313.50;25313.50;1;ASK;;;;;
20251107;063806.852;;25313.25;25313.25;1;ASK;;;;;
20251107;063806.852;25312.00;;25312.00;1;BID;;;;;
20251107;063806.856;25312.00;;25312.00;2;BID;;;;;
20251107;063806.856;25312.25;;25312.25;1;BID;;;;;
20251107;063806.884;25312.25;;25312.25;2;BID;;;;;
20251107;063806.884;;25313.50;25313.50;1;ASK;;;;;
20251107;063807.396;;25313.25;25313.25;1;ASK;;;;;
20251107;063807.520;;25313.50;25313.50;1;ASK;;;;;
20251107;063807.520;25312.50;;25312.50;1;BID;;;;;
20251107;063807.524;25312.25;;25312.25;2;BID;;;;;
20251107;063807.524;25312.25;;25312.25;1;BID;;;;;
20251107;063807.524;25312.50;;25312.50;1;BID;;;;;
20251107;063807.524;;25313.75;25313.75;3;ASK;;;;;
20251107;063807.524;;25313.75;25313.75;2;ASK;;;;;
20251107;063807.524;;25313.50;25313.50;1;ASK;;;;;
20251107;063807.524;25312.25;;25312.25;1;BID;;;;;
20251107;063807.556;25312.50;;25312.50;1;BID;;;;;
20251107;063807.572;25312.50;;25312.50;2;BID;;;;;
20251107;063807.580;;25313.75;25313.75;2;ASK;;;;;
20251107;063807.604;;25313.50;25313.50;1;ASK;;;;;
20251107;063807.608;25312.50;;25312.50;1;BID;;;;;
20251107;063808.340;;25313.75;25313.75;2;ASK;;;;;
20251107;063808.340;;25313.75;25313.75;1;ASK;;;;;
20251107;063808.340;25312.75;;25312.75;1;BID;;;;;
20251107;063808.344;25312.25;;25312.25;2;BID;;;;;
20251107;063808.344;25312.25;;25312.25;1;BID;;;;;
20251107;063808.344;25312.25;;25312.25;2;BID;;;;;
20251107;063808.344;;25313.75;25313.75;2;ASK;;;;;
20251107;063808.344;;25313.50;25313.50;1;ASK;;;;;
20251107;063808.344;;25313.75;25313.75;2;ASK;;;;;
20251107;063808.344;25312.50;;25312.50;1;BID;;;;;
20251107;063808.348;;25313.75;25313.75;1;ASK;;;;;
20251107;063808.348;25312.75;;25312.75;1;BID;;;;;
20251107;063808.396;25312.75;;25312.75;2;BID;;;;;
20251107;063808.396;;25314.00;25314.00;4;ASK;;;;;
20251107;063808.396;;25314.00;25314.00;3;ASK;;;;;
20251107;063808.396;;25314.00;25314.00;2;ASK;;;;;
20251107;063808.396;25312.75;;25312.75;1;BID;;;;;
20251107;063808.400;;25313.75;25313.75;1;ASK;;;;;
20251107;063808.400;;25314.00;25314.00;3;ASK;;;;;
20251107;063808.400;25312.75;;25312.75;2;BID;;;;;
20251107;063808.400;;25314.00;25314.00;2;ASK;;;;;
20251107;063808.400;25313.00;;25313.00;1;BID;;;;;
20251107;063808.400;25312.75;;25312.75;2;BID;;;;;
20251107;063808.400;25312.75;;25312.75;1;BID;;;;;
20251107;063808.404;25313.00;;25313.00;1;BID;;;;;
20251107;063808.408;;25314.00;25314.00;1;ASK;;;;;
20251107;063808.408;;25314.25;25314.25;3;ASK;;;;;
20251107;063808.408;;25314.25;25314.25;2;ASK;;;;;
20251107;063808.452;25313.00;;25313.00;2;BID;;;;;
20251107;063808.452;25313.25;;25313.25;1;BID;;;;;
20251107;063808.452;;25314.25;25314.25;1;ASK;;;;;
20251107;063808.456;25313.00;;25313.00;2;BID;;;;;
20251107;063808.456;25313.25;;25313.25;1;BID;;;;;
20251107;063808.456;25313.00;;25313.00;2;BID;;;;;
20251107;063808.456;;25314.00;25314.00;1;ASK;;;;;
20251107;063808.468;25313.00;;25313.00;1;BID;;;;;
20251107;063808.468;25313.00;;25313.00;1;BID;;;;;
20251107;063808.468;;25313.75;25313.75;1;ASK;;;;;
20251107;063808.468;25312.50;;25312.50;1;BID;;;;;
20251107;063808.468;25312.50;;25312.50;2;BID;;;;;
20251107;063808.468;;25314.00;25314.00;2;ASK;;;;;
20251107;063808.468;25312.75;;25312.75;1;BID;;;;;
20251107;063808.656;;25313.75;25313.75;1;ASK;;;;;
20251107;063808.656;25312.50;;25312.50;2;BID;;;;;
20251107;063808.956;25312.75;;25312.75;1;BID;;;;;
20251107;063808.956;;25314.00;25314.00;2;ASK;;;;;
20251107;063808.956;;25314.00;25314.00;1;ASK;;;;;
20251107;063808.956;;25314.00;25314.00;2;ASK;;;;;
20251107;063808.956;;25313.75;25313.75;1;ASK;;;;;
20251107;063808.956;25312.75;;25312.75;2;BID;;;;;
20251107;063808.956;;25314.00;25314.00;2;ASK;;;;;
20251107;063809.144;;25313.75;25313.75;1;ASK;;;;;
20251107;063809.144;;25314.00;25314.00;2;ASK;;;;;
20251107;063809.300;;25314.00;25314.00;1;ASK;;;;;
20251107;063809.300;;25314.00;25314.00;1;ASK;;;;;
20251107;063809.300;;25314.25;25314.25;3;ASK;;;;;
20251107;063809.300;25313.00;;25313.00;1;BID;;;;;
20251107;063809.300;;25314.25;25314.25;2;ASK;;;;;
20251107;063809.300;25313.00;;25313.00;2;BID;;;;;
20251107;063809.300;;25314.25;25314.25;1;ASK;;;;;
20251107;063809.300;25313.00;;25313.00;3;BID;;;;;
20251107;063809.300;25313.25;;25313.25;1;BID;;;;;
20251107;063809.304;25313.00;;25313.00;2;BID;;;;;
20251107;063809.312;25313.25;;25313.25;1;BID;;;;;
20251107;063809.316;25313.50;;25313.50;1;BID;;;;;
20251107;063809.352;25313.50;;25313.50;2;BID;;;;;
20251107;063809.560;25313.75;;25313.75;1;BID;;;;;
20251107;063809.560;25313.50;;25313.50;1;BID;;;;;
20251107;063809.580;;25314.25;25314.25;1;ASK;;;;;
20251107;063809.580;;25314.50;25314.50;3;ASK;;;;;
20251107;063809.580;;25314.75;25314.75;6;ASK;;;;;
20251107;063809.580;25314.50;;25314.50;3;BID;;;;;
20251107;063809.580;25313.75;;25313.75;1;BID;;;;;
20251107;063809.580;;25314.75;25314.75;5;ASK;;;;;
20251107;063809.580;;25314.75;25314.75;4;ASK;;;;;
20251107;063809.580;25313.50;;25313.50;1;BID;;;;;
20251107;063809.584;25313.50;;25313.50;2;BID;;;;;
20251107;063809.584;25313.50;;25313.50;3;BID;;;;;
20251107;063809.584;25313.75;;25313.75;1;BID;;;;;
20251107;063809.584;25313.75;;25313.75;2;BID;;;;;
20251107;063809.584;25313.75;;25313.75;1;BID;;;;;
20251107;063809.816;25313.75;;25313.75;2;BID;;;;;
20251107;063809.816;25314.00;;25314.00;1;BID;;;;;
20251107;063809.828;25313.75;;25313.75;3;BID;;;;;
20251107;063809.828;25313.75;;25313.75;2;BID;;;;;
20251107;063810.396;25313.75;;25313.75;3;BID;;;;;
20251107;063810.396;25314.00;;25314.00;1;BID;;;;;
20251107;063810.400;25313.75;;25313.75;1;BID;;;;;
20251107;063810.440;25313.75;;25313.75;2;BID;;;;;
20251107;063810.440;25314.00;;25314.00;1;BID;;;;;
20251107;063810.440;25314.00;;25314.00;2;BID;;;;;
20251107;063810.440;25314.00;;25314.00;1;BID;;;;;
20251107;063810.492;25313.75;;25313.75;1;BID;;;;;
20251107;063810.560;25313.75;;25313.75;2;BID;;;;;
20251107;063810.560;25314.00;;25314.00;1;BID;;;;;
20251107;063810.568;25314.00;;25314.00;2;BID;;;;;
20251107;063810.584;25314.25;;25314.25;1;BID;;;;;
20251107;063810.616;25314.00;;25314.00;1;BID;;;;;
20251107;063810.676;25314.00;;25314.00;2;BID;;;;;
20251107;063810.676;25314.25;;25314.25;1;BID;;;;;
20251107;063810.676;;25314.75;25314.75;1;ASK;;;;;
20251107;063810.676;;25314.75;25314.75;3;ASK;;;;;
20251107;063810.676;;25315.00;25315.00;6;ASK;;;;;
20251107;063810.676;25314.50;;25314.50;1;BID;;;;;
20251107;063810.676;;25315.00;25315.00;5;ASK;;;;;
20251107;063810.676;25314.25;;25314.25;1;BID;;;;;
20251107;063810.724;25314.00;;25314.00;1;BID;;;;;
20251107;063810.740;;25315.00;25315.00;6;ASK;;;;;
20251107;063810.980;25314.00;;25314.00;2;BID;;;;;
20251107;063811.000;25314.25;;25314.25;1;BID;;;;;
20251107;063811.000;25314.00;;25314.00;2;BID;;;;;
20251107;063811.128;25314.25;;25314.25;1;BID;;;;;
20251107;063811.128;25314.00;;25314.00;1;BID;;;;;
20251107;063811.128;;25314.75;25314.75;1;ASK;;;;;
20251107;063811.128;;25315.00;25315.00;6;ASK;;;;;
20251107;063811.132;;25314.75;25314.75;1;ASK;;;;;
20251107;063811.132;25313.75;;25313.75;2;BID;;;;;
20251107;063811.132;25313.75;;25313.75;1;BID;;;;;
20251107;063811.132;;25314.50;25314.50;1;ASK;;;;;
20251107;063811.132;25313.50;;25313.50;2;BID;;;;;
20251107;063811.160;25313.75;;25313.75;1;BID;;;;;
20251107;063811.160;;25314.75;25314.75;2;ASK;;;;;
20251107;063811.160;;25314.75;25314.75;1;ASK;;;;;
20251107;063811.184;25313.75;;25313.75;2;BID;;;;;
20251107;063811.184;25314.00;;25314.00;1;BID;;;;;
20251107;063811.232;25313.75;;25313.75;1;BID;;;;;
20251107;063811.264;;25314.50;25314.50;1;ASK;;;;;
20251107;063811.268;;25314.75;25314.75;2;ASK;;;;;
20251107;063811.268;;25314.75;25314.75;1;ASK;;;;;
20251107;063811.488;25313.75;;25313.75;2;BID;;;;;
20251107;063811.488;;25315.00;25315.00;7;ASK;;;;;
20251107;063811.488;;25315.00;25315.00;6;ASK;;;;;
20251107;063811.488;25314.00;;25314.00;1;BID;;;;;
20251107;063811.488;;25314.75;25314.75;1;ASK;;;;;
20251107;063811.536;25313.75;;25313.75;1;BID;;;;;
20251107;063811.856;;25314.50;25314.50;1;ASK;;;;;
20251107;063811.856;25313.75;;25313.75;1;BID;;;;;
20251107;063811.856;25313.50;;25313.50;1;BID;;;;;
20251107;063811.856;;25314.50;25314.50;2;ASK;;;;;
20251107;063811.856;;25314.25;25314.25;1;ASK;;;;;
20251107;063811.856;;25314.50;25314.50;2;ASK;;;;;
20251107;063811.856;;25314.50;25314.50;3;ASK;;;;;
20251107;063811.856;25313.00;;25313.00;3;BID;;;;;
20251107;063811.856;;25314.00;25314.00;1;ASK;;;;;
20251107;063811.860;25313.00;;25313.00;2;BID;;;;;
20251107;063811.860;;25314.25;25314.25;1;ASK;;;;;
20251107;063811.860;25313.25;;25313.25;1;BID;;;;;
20251107;063811.860;25313.00;;25313.00;2;BID;;;;;
20251107;063812.068;;25314.00;25314.00;1;ASK;;;;;
20251107;063813.056;;25314.25;25314.25;1;ASK;;;;;
20251107;063813.056;25313.25;;25313.25;1;BID;;;;;
20251107;063813.056;25313.25;;25313.25;2;BID;;;;;
20251107;063813.180;;25314.50;25314.50;4;ASK;;;;;
20251107;063813.180;25313.50;;25313.50;1;BID;;;;;
20251107;063813.180;;25314.50;25314.50;3;ASK;;;;;
20251107;063813.180;;25314.50;25314.50;2;ASK;;;;;
20251107;063813.180;;25314.50;25314.50;1;ASK;;;;;
20251107;063813.180;;25314.75;25314.75;2;ASK;;;;;
20251107;063813.180;;25314.75;25314.75;1;ASK;;;;;
20251107;063813.180;25313.75;;25313.75;1;BID;;;;;
20251107;063813.184;;25314.50;25314.50;1;ASK;;;;;
20251107;063813.184;25313.50;;25313.50;1;BID;;;;;
20251107;063813.188;25313.25;;25313.25;2;BID;;;;;
20251107;063813.188;25313.25;;25313.25;1;BID;;;;;
20251107;063813.188;25313.25;;25313.25;2;BID;;;;;
20251107;063813.188;25313.50;;25313.50;1;BID;;;;;
20251107;063813.200;;25314.75;25314.75;1;ASK;;;;;
20251107;063813.200;;25314.75;25314.75;2;ASK;;;;;
20251107;063813.232;;25314.50;25314.50;1;ASK;;;;;
20251107;063813.232;25313.25;;25313.25;2;BID;;;;;
20251107;063813.232;25313.50;;25313.50;1;BID;;;;;
20251107;063813.932;;25314.25;25314.25;1;ASK;;;;;
20251107;063813.932;;25314.50;25314.50;1;ASK;;;;;
20251107;063813.936;;25314.25;25314.25;1;ASK;;;;;
20251107;063813.992;;25314.50;25314.50;1;ASK;;;;;
20251107;063814.696;25313.50;;25313.50;2;BID;;;;;
20251107;063814.760;;25314.25;25314.25;1;ASK;;;;;
20251107;063814.760;25313.50;;25313.50;1;BID;;;;;
20251107;063815.140;;25314.50;25314.50;1;ASK;;;;;
20251107;063815.404;;25314.50;25314.50;2;ASK;;;;;
20251107;063815.404;;25314.25;25314.25;1;ASK;;;;;
20251107;063815.924;;25314.50;25314.50;2;ASK;;;;;
20251107;063816.240;;25314.50;25314.50;1;ASK;;;;;
20251107;063816.240;;25314.50;25314.50;1;ASK;;;;;
20251107;063816.240;;25314.75;25314.75;3;ASK;;;;;
20251107;063816.240;25313.75;;25313.75;1;BID;;;;;
20251107;063816.240;;25314.75;25314.75;2;ASK;;;;;
20251107;063816.240;;25314.75;25314.75;1;ASK;;;;;
20251107;063816.240;;25315.00;25315.00;4;ASK;;;;;
20251107;063816.244;;25314.75;25314.75;1;ASK;;;;;
20251107;063816.244;25313.75;;25313.75;2;BID;;;;;
20251107;063816.248;25314.00;;25314.00;1;BID;;;;;
20251107;063816.248;;25315.00;25315.00;5;ASK;;;;;
20251107;063816.248;;25315.00;25315.00;4;ASK;;;;;
20251107;063816.292;25314.00;;25314.00;2;BID;;;;;
20251107;063816.452;;25314.75;25314.75;1;ASK;;;;;
20251107;063816.452;;25315.00;25315.00;5;ASK;;;;;
20251107;063816.468;;25314.75;25314.75;1;ASK;;;;;
20251107;063818.332;25314.00;;25314.00;1;BID;;;;;
20251107;063818.332;25314.00;;25314.00;1;BID;;;;;
20251107;063818.332;25313.75;;25313.75;3;BID;;;;;
20251107;063818.332;;25314.50;25314.50;1;ASK;;;;;
20251107;063818.332;25313.75;;25313.75;2;BID;;;;;
20251107;063818.332;25313.75;;25313.75;1;BID;;;;;
20251107;063818.332;25313.75;;25313.75;1;BID;;;;;
20251107;063818.332;25313.50;;25313.50;1;BID;;;;;
20251107;063818.332;;25314.25;25314.25;1;ASK;;;;;
20251107;063818.332;25313.00;;25313.00;2;BID;;;;;
20251107;063818.332;25313.00;;25313.00;1;BID;;;;;
20251107;063818.332;;25314.00;25314.00;1;ASK;;;;;
20251107;063818.332;25312.75;;25312.75;1;BID;;;;;
20251107;063818.332;;25313.75;25313.75;1;ASK;;;;;
20251107;063818.332;25312.50;;25312.50;1;BID;;;;;
20251107;063818.332;25313.00;;25313.00;1;BID;;;;;
20251107;063818.332;25312.50;;25312.50;1;BID;;;;;
20251107;063818.336;;25314.00;25314.00;1;ASK;;;;;
20251107;063818.336;25312.75;;25312.75;1;BID;;;;;
20251107;063818.336;25313.00;;25313.00;1;BID;;;;;
20251107;063818.336;;25313.75;25313.75;1;ASK;;;;;
20251107;063818.336;;25314.00;25314.00;1;ASK;;;;;
20251107;063818.336;25312.75;;25312.75;1;BID;;;;;
20251107;063818.336;;25313.75;25313.75;1;ASK;;;;;
20251107;063818.340;;25314.00;25314.00;1;ASK;;;;;
20251107;063818.340;25313.00;;25313.00;1;BID;;;;;
20251107;063818.352;25312.75;;25312.75;1;BID;;;;;
20251107;063818.352;;25313.75;25313.75;1;ASK;;;;;
20251107;063818.352;25312.75;;25312.75;2;BID;;;;;
20251107;063818.352;;25314.00;25314.00;1;ASK;;;;;
20251107;063818.352;25313.00;;25313.00;1;BID;;;;;
20251107;063818.544;;25313.75;25313.75;1;ASK;;;;;
20251107;063818.544;25312.75;;25312.75;2;BID;;;;;
20251107;063818.544;;25314.00;25314.00;1;ASK;;;;;
20251107;063818.544;25313.00;;25313.00;1;BID;;;;;
20251107;063818.544;25312.75;;25312.75;2;BID;;;;;
20251107;063818.544;;25313.75;25313.75;1;ASK;;;;;
20251107;063818.548;;25314.00;25314.00;1;ASK;;;;;
20251107;063818.548;25313.00;;25313.00;1;BID;;;;;
20251107;063818.552;25313.25;;25313.25;1;BID;;;;;
20251107;063818.552;25313.00;;25313.00;1;BID;;;;;
20251107;063818.552;;25314.25;25314.25;1;ASK;;;;;
20251107;063818.552;;25314.00;25314.00;1;ASK;;;;;
20251107;063818.552;25312.75;;25312.75;2;BID;;;;;
20251107;063818.564;;25313.75;25313.75;1;ASK;;;;;
20251107;063818.580;25313.00;;25313.00;1;BID;;;;;
20251107;063818.580;;25314.00;25314.00;1;ASK;;;;;
20251107;063818.608;25312.75;;25312.75;2;BID;;;;;
20251107;063818.608;;25313.75;25313.75;1;ASK;;;;;
20251107;063818.856;;25314.00;25314.00;1;ASK;;;;;
20251107;063818.856;25313.00;;25313.00;1;BID;;;;;
20251107;063818.856;25313.00;;25313.00;2;BID;;;;;
20251107;063818.860;;25314.25;25314.25;1;ASK;;;;;
20251107;063818.860;25313.00;;25313.00;1;BID;;;;;
20251107;063819.076;;25314.00;25314.00;1;ASK;;;;;
20251107;063819.184;25312.75;;25312.75;2;BID;;;;;
20251107;063819.244;25313.00;;25313.00;1;BID;;;;;
20251107;063819.260;25313.00;;25313.00;1;BID;;;;;
20251107;063819.260;25312.75;;25312.75;1;BID;;;;;
20251107;063819.260;25312.75;;25312.75;1;BID;;;;;
20251107;063819.260;25312.50;;25312.50;2;BID;;;;;
20251107;063819.260;;25313.75;25313.75;1;ASK;;;;;
20251107;063819.260;25312.50;;25312.50;1;BID;;;;;
20251107;063819.260;;25313.75;25313.75;2;ASK;;;;;
20251107;063819.260;;25313.50;25313.50;1;ASK;;;;;
20251107;063819.260;;25313.75;25313.75;2;ASK;;;;;
20251107;063819.260;;25313.75;25313.75;1;ASK;;;;;
20251107;063819.260;25312.25;;25312.25;2;BID;;;;;
20251107;063819.260;;25313.50;25313.50;1;ASK;;;;;
20251107;063819.260;25312.50;;25312.50;1;BID;;;;;
20251107;063819.272;25312.50;;25312.50;1;BID;;;;;
20251107;063819.272;25312.25;;25312.25;1;BID;;;;;
20251107;063819.272;25312.25;;25312.25;1;BID;;;;;
20251107;063819.272;25312.00;;25312.00;2;BID;;;;;
20251107;063819.272;;25313.25;25313.25;1;ASK;;;;;
20251107;063819.272;;25313.00;25313.00;1;ASK;;;;;
20251107;063819.272;25312.00;;25312.00;1;BID;;;;;
20251107;063819.272;25311.75;;25311.75;1;BID;;;;;
20251107;063819.272;;25312.75;25312.75;1;ASK;;;;;
20251107;063819.272;25312.25;;25312.25;1;BID;;;;;
20251107;063819.272;;25313.00;25313.00;1;ASK;;;;;
20251107;063819.272;25311.75;;25311.75;1;BID;;;;;
20251107;063819.272;25311.50;;25311.50;2;BID;;;;;
20251107;063819.272;25312.00;;25312.00;1;BID;;;;;
20251107;063819.272;25311.50;;25311.50;2;BID;;;;;
20251107;063819.272;25311.50;;25311.50;1;BID;;;;;
20251107;063819.272;25311.75;;25311.75;1;BID;;;;;
20251107;063819.272;;25312.75;25312.75;1;ASK;;;;;
20251107;063819.300;;25312.50;25312.50;1;ASK;;;;;
20251107;063819.300;25311.25;;25311.25;1;BID;;;;;
20251107;063819.300;25311.25;;25311.25;2;BID;;;;;
20251107;063819.300;25311.25;;25311.25;1;BID;;;;;
20251107;063819.300;25311.25;;25311.25;2;BID;;;;;
20251107;063819.300;25311.50;;25311.50;1;BID;;;;;
20251107;063819.300;25311.50;;25311.50;2;BID;;;;;
20251107;063819.300;25311.75;;25311.75;1;BID;;;;;
20251107;063819.300;25311.50;;25311.50;2;BID;;;;;
20251107;063819.304;25311.75;;25311.75;1;BID;;;;;
20251107;063819.304;25311.50;;25311.50;2;BID;;;;;
20251107;063819.304;25311.50;;25311.50;3;BID;;;;;
20251107;063819.304;;25312.75;25312.75;1;ASK;;;;;
20251107;063819.304;25311.75;;25311.75;1;BID;;;;;
20251107;063819.304;25311.50;;25311.50;3;BID;;;;;
20251107;063819.304;25311.50;;25311.50;2;BID;;;;;
20251107;063819.304;25311.75;;25311.75;1;BID;;;;;
20251107;063819.304;25311.50;;25311.50;3;BID;;;;;
20251107;063819.304;25311.50;;25311.50;2;BID;;;;;
20251107;063819.304;25311.75;;25311.75;1;BID;;;;;
20251107;063819.324;25311.75;;25311.75;2;BID;;;;;
20251107;063819.328;;25313.00;25313.00;1;ASK;;;;;
20251107;063819.332;;25312.75;25312.75;1;ASK;;;;;
20251107;063819.332;25311.75;;25311.75;1;BID;;;;;
20251107;063819.332;25311.50;;25311.50;2;BID;;;;;
20251107;063819.332;25311.50;;25311.50;1;BID;;;;;
20251107;063819.332;25311.50;;25311.50;2;BID;;;;;
20251107;063819.332;25311.75;;25311.75;1;BID;;;;;
20251107;063819.340;;25312.50;25312.50;1;ASK;;;;;
20251107;063819.340;25311.50;;25311.50;3;BID;;;;;
20251107;063819.340;25311.50;;25311.50;2;BID;;;;;
20251107;063819.408;;25312.75;25312.75;1;ASK;;;;;
20251107;063819.408;25311.75;;25311.75;1;BID;;;;;
20251107;063819.472;25311.50;;25311.50;2;BID;;;;;
20251107;063819.472;;25312.50;25312.50;1;ASK;;;;;
20251107;063819.472;;25312.50;25312.50;2;ASK;;;;;
20251107;063819.472;;25312.50;25312.50;1;ASK;;;;;
20251107;063819.472;;25312.75;25312.75;1;ASK;;;;;
20251107;063819.472;25311.75;;25311.75;1;BID;;;;;
20251107;063819.472;25311.50;;25311.50;2;BID;;;;;
20251107;063819.912;25311.50;;25311.50;1;BID;;;;;
20251107;063819.912;25311.50;;25311.50;1;BID;;;;;
20251107;063819.912;25311.25;;25311.25;1;BID;;;;;
20251107;063819.912;25311.25;;25311.25;3;BID;;;;;
20251107;063819.912;;25312.50;25312.50;1;ASK;;;;;
20251107;063819.912;;25312.50;25312.50;2;ASK;;;;;
20251107;063819.912;25311.25;;25311.25;2;BID;;;;;
20251107;063819.912;25311.25;;25311.25;1;BID;;;;;
20251107;063819.912;;25312.50;25312.50;3;ASK;;;;;
20251107;063819.912;;25312.50;25312.50;2;ASK;;;;;
20251107;063819.912;25311.00;;25311.00;3;BID;;;;;
20251107;063819.912;25311.50;;25311.50;1;BID;;;;;
20251107;063819.912;;25312.50;25312.50;1;ASK;;;;;
20251107;063819.912;25311.00;;25311.00;3;BID;;;;;
20251107;063819.912;25311.00;;25311.00;4;BID;;;;;
20251107;063819.912;25311.25;;25311.25;1;BID;;;;;
20251107;063819.912;25311.25;;25311.25;2;BID;;;;;
20251107;063819.912;25311.50;;25311.50;1;BID;;;;;
20251107;063819.912;;25312.75;25312.75;2;ASK;;;;;
20251107;063819.924;;25312.50;25312.50;1;ASK;;;;;
20251107;063819.924;;25312.25;25312.25;1;ASK;;;;;
20251107;063819.924;25311.25;;25311.25;3;BID;;;;;
20251107;063819.924;25311.25;;25311.25;2;BID;;;;;
20251107;063819.924;25311.25;;25311.25;1;BID;;;;;
20251107;063819.932;25311.25;;25311.25;2;BID;;;;;
20251107;063819.932;25311.25;;25311.25;3;BID;;;;;
20251107;063819.932;25311.50;;25311.50;1;BID;;;;;
20251107;063819.932;25311.50;;25311.50;2;BID;;;;;
20251107;063819.936;25311.50;;25311.50;1;BID;;;;;
20251107;063819.936;25311.25;;25311.25;2;BID;;;;;
20251107;063820.000;25311.25;;25311.25;1;BID;;;;;
20251107;063820.264;25311.00;;25311.00;3;BID;;;;;
20251107;063820.264;25311.00;;25311.00;2;BID;;;;;
20251107;063820.264;25311.25;;25311.25;1;BID;;;;;
20251107;063820.320;25311.00;;25311.00;2;BID;;;;;
20251107;063820.320;;25312.00;25312.00;1;ASK;;;;;
20251107;063820.320;25311.00;;25311.00;1;BID;;;;;
20251107;063820.320;25310.75;;25310.75;4;BID;;;;;
20251107;063820.320;25310.75;;25310.75;3;BID;;;;;
20251107;063820.320;;25311.75;25311.75;1;ASK;;;;;
20251107;063820.324;25310.75;;25310.75;2;BID;;;;;
20251107;063820.324;25310.75;;25310.75;1;BID;;;;;
20251107;063820.324;25310.25;;25310.25;3;BID;;;;;
20251107;063820.324;25310.25;;25310.25;4;BID;;;;;
20251107;063820.324;25310.25;;25310.25;3;BID;;;;;
20251107;063820.324;25310.50;;25310.50;1;BID;;;;;
20251107;063820.324;25310.50;;25310.50;2;BID;;;;;
20251107;063820.324;25310.75;;25310.75;1;BID;;;;;
20251107;063820.332;;25312.00;25312.00;1;ASK;;;;;
20251107;063820.332;25311.00;;25311.00;1;BID;;;;;
20251107;063820.408;;25311.75;25311.75;1;ASK;;;;;
20251107;063820.408;25310.75;;25310.75;1;BID;;;;;
20251107;063820.412;;25312.00;25312.00;1;ASK;;;;;
20251107;063820.500;;25311.75;25311.75;1;ASK;;;;;
20251107;063820.520;;25312.00;25312.00;1;ASK;;;;;
20251107;063820.572;;25311.75;25311.75;1;ASK;;;;;
20251107;063820.576;;25312.00;25312.00;1;ASK;;;;;
20251107;063820.576;25310.75;;25310.75;2;BID;;;;;
20251107;063820.576;25311.00;;25311.00;1;BID;;;;;
20251107;063820.936;25310.75;;25310.75;2;BID;;;;;
20251107;063820.936;;25311.75;25311.75;1;ASK;;;;;
20251107;063821.024;;25312.00;25312.00;1;ASK;;;;;
20251107;063821.028;25311.00;;25311.00;1;BID;;;;;
20251107;063821.084;25310.75;;25310.75;2;BID;;;;;
20251107;063821.084;25311.00;;25311.00;1;BID;;;;;
20251107;063821.332;25310.75;;25310.75;2;BID;;;;;
20251107;063821.332;;25311.75;25311.75;1;ASK;;;;;
20251107;063821.560;;25312.00;25312.00;1;ASK;;;;;
20251107;063821.560;25311.00;;25311.00;1;BID;;;;;
20251107;063821.560;25310.75;;25310.75;2;BID;;;;;
20251107;063821.592;25311.00;;25311.00;1;BID;;;;;
20251107;063822.100;;25312.25;25312.25;2;ASK;;;;;
20251107;063822.100;;25312.25;25312.25;1;ASK;;;;;
20251107;063822.160;;25312.00;25312.00;1;ASK;;;;;
20251107;063822.176;25310.75;;25310.75;2;BID;;;;;
20251107;063822.368;25310.75;;25310.75;3;BID;;;;;
20251107;063822.368;25311.00;;25311.00;1;BID;;;;;
20251107;063822.368;;25312.25;25312.25;1;ASK;;;;;
20251107;063822.368;;25312.25;25312.25;2;ASK;;;;;
20251107;063822.368;;25312.00;25312.00;1;ASK;;;;;
20251107;063822.368;25310.75;;25310.75;2;BID;;;;;
20251107;063822.568;25311.00;;25311.00;1;BID;;;;;
20251107;063822.568;;25312.25;25312.25;2;ASK;;;;;
20251107;063822.932;;25312.00;25312.00;1;ASK;;;;;
20251107;063822.932;25311.00;;25311.00;2;BID;;;;;
20251107;063823.368;;25312.25;25312.25;2;ASK;;;;;
20251107;063823.368;25311.00;;25311.00;1;BID;;;;;
20251107;063823.372;25311.00;;25311.00;2;BID;;;;;
20251107;063823.372;;25312.25;25312.25;1;ASK;;;;;
20251107;063823.408;25311.25;;25311.25;1;BID;;;;;
20251107;063823.408;;25312.50;25312.50;1;ASK;;;;;
20251107;063823.408;;25312.25;25312.25;1;ASK;;;;;
20251107;063823.408;25311.00;;25311.00;1;BID;;;;;
20251107;063823.408;;25312.00;25312.00;1;ASK;;;;;
20251107;063823.408;25311.00;;25311.00;2;BID;;;;;
20251107;063823.408;;25312.25;25312.25;1;ASK;;;;;
20251107;063823.408;25311.25;;25311.25;1;BID;;;;;
20251107;063823.408;25311.00;;25311.00;1;BID;;;;;
20251107;063823.904;25311.00;;25311.00;2;BID;;;;;
20251107;063823.904;25311.00;;25311.00;3;BID;;;;;
20251107;063823.904;25311.25;;25311.25;1;BID;;;;;
20251107;063823.904;;25312.50;25312.50;1;ASK;;;;;
20251107;063823.908;;25312.50;25312.50;2;ASK;;;;;
20251107;063823.908;;25312.25;25312.25;1;ASK;;;;;
20251107;063823.924;25311.00;;25311.00;2;BID;;;;;
20251107;063824.140;25311.25;;25311.25;1;BID;;;;;
20251107;063824.272;25311.00;;25311.00;2;BID;;;;;
20251107;063824.420;25311.25;;25311.25;1;BID;;;;;
20251107;063825.140;25311.00;;25311.00;1;BID;;;;;
20251107;063825.140;;25312.00;25312.00;1;ASK;;;;;
20251107;063825.140;25311.00;;25311.00;2;BID;;;;;
20251107;063825.148;;25311.75;25311.75;1;ASK;;;;;
20251107;063825.148;;25312.00;25312.00;1;ASK;;;;;
20251107;063825.308;;25311.25;25311.25;1;ASK;;;;;
20251107;063825.308;25311.00;;25311.00;1;BID;;;;;
20251107;063825.308;25311.00;;25311.00;1;BID;;;;;
20251107;063825.308;25310.75;;25310.75;3;BID;;;;;
20251107;063825.308;25310.75;;25310.75;2;BID;;;;;
20251107;063825.308;25310.75;;25310.75;1;BID;;;;;
20251107;063825.308;25310.75;;25310.75;1;BID;;;;;
20251107;063825.308;25310.50;;25310.50;2;BID;;;;;
20251107;063825.308;25310.50;;25310.50;1;BID;;;;;
20251107;063825.308;;25311.00;25311.00;1;ASK;;;;;
20251107;063825.308;25310.25;;25310.25;1;BID;;;;;
20251107;063825.308;25310.00;;25310.00;4;BID;;;;;
20251107;063825.308;25310.00;;25310.00;3;BID;;;;;
20251107;063825.312;25310.00;;25310.00;2;BID;;;;;
20251107;063825.312;;25310.75;25310.75;1;ASK;;;;;
20251107;063825.312;25310.00;;25310.00;1;BID;;;;;
20251107;063825.312;;25311.00;25311.00;1;ASK;;;;;
20251107;063825.324;;25311.25;25311.25;1;ASK;;;;;
20251107;063825.324;;25311.25;25311.25;2;ASK;;;;;
20251107;063825.324;;25311.25;25311.25;3;ASK;;;;;
20251107;063825.324;;25311.25;25311.25;2;ASK;;;;;
20251107;063825.324;;25311.00;25311.00;1;ASK;;;;;
20251107;063825.336;25310.00;;25310.00;2;BID;;;;;
20251107;063825.336;25310.00;;25310.00;1;BID;;;;;
20251107;063825.336;;25310.75;25310.75;1;ASK;;;;;
20251107;063825.336;;25310.75;25310.75;2;ASK;;;;;
20251107;063825.336;;25310.75;25310.75;1;ASK;;;;;
20251107;063825.336;;25311.25;25311.25;2;ASK;;;;;
20251107;063825.336;25310.25;;25310.25;1;BID;;;;;
20251107;063825.352;25310.00;;25310.00;1;BID;;;;;
20251107;063825.352;;25311.25;25311.25;1;ASK;;;;;
20251107;063825.360;;25311.00;25311.00;1;ASK;;;;;
20251107;063825.856;;25311.00;25311.00;1;ASK;;;;;
20251107;063825.856;;25311.25;25311.25;1;ASK;;;;;
20251107;063825.856;25310.25;;25310.25;1;BID;;;;;
20251107;063825.856;25310.00;;25310.00;2;BID;;;;;
20251107;063825.856;25310.00;;25310.00;1;BID;;;;;
20251107;063825.856;;25311.00;25311.00;1;ASK;;;;;
20251107;063825.892;25310.25;;25310.25;1;BID;;;;;
20251107;063825.892;;25311.25;25311.25;1;ASK;;;;;
20251107;063826.364;;25311.25;25311.25;1;ASK;;;;;
20251107;063826.364;;25311.50;25311.50;5;ASK;;;;;
20251107;063826.364;;25312.00;25312.00;1;ASK;;;;;
20251107;063826.364;25311.50;;25311.50;2;BID;;;;;
20251107;063826.364;25311.50;;25311.50;3;BID;;;;;
20251107;063826.364;25311.50;;25311.50;3;BID;;;;;
20251107;063826.364;25310.50;;25310.50;1;BID;;;;;
20251107;063826.368;;25312.00;25312.00;2;ASK;;;;;
20251107;063826.368;;25312.00;25312.00;1;ASK;;;;;
20251107;063826.368;;25312.00;25312.00;2;ASK;;;;;
20251107;063826.368;25310.50;;25310.50;2;BID;;;;;
20251107;063826.368;25310.75;;25310.75;1;BID;;;;;
20251107;063826.368;;25311.75;25311.75;1;ASK;;;;;
20251107;063826.368;25310.50;;25310.50;2;BID;;;;;
20251107;063826.368;;25311.75;25311.75;2;ASK;;;;;
20251107;063826.368;25310.50;;25310.50;1;BID;;;;;
20251107;063826.368;25310.25;;25310.25;2;BID;;;;;
20251107;063826.368;;25311.75;25311.75;3;ASK;;;;;
20251107;063826.368;;25311.50;25311.50;1;ASK;;;;;
20251107;063826.368;25310.25;;25310.25;1;BID;;;;;
20251107;063826.372;25310.50;;25310.50;1;BID;;;;;
20251107;063826.424;25310.75;;25310.75;1;BID;;;;;
20251107;063826.424;;25311.75;25311.75;3;ASK;;;;;
20251107;063826.428;;25311.75;25311.75;2;ASK;;;;;
20251107;063826.440;;25311.75;25311.75;1;ASK;;;;;
20251107;063826.440;;25312.25;25312.25;2;ASK;;;;;
20251107;063826.440;;25312.00;25312.00;1;ASK;;;;;
20251107;063826.440;;25312.25;25312.25;2;ASK;;;;;
20251107;063826.440;25311.00;;25311.00;1;BID;;;;;
20251107;063826.440;;25312.00;25312.00;1;ASK;;;;;
20251107;063826.448;;25312.25;25312.25;2;ASK;;;;;
20251107;063826.448;25311.25;;25311.25;1;BID;;;;;
20251107;063826.448;;25312.25;25312.25;1;ASK;;;;;
20251107;063826.448;;25312.50;25312.50;3;ASK;;;;;
20251107;063826.448;;25312.50;25312.50;2;ASK;;;;;
20251107;063826.448;;25312.25;25312.25;1;ASK;;;;;
20251107;063826.476;;25312.50;25312.50;2;ASK;;;;;
20251107;063826.476;25311.50;;25311.50;1;BID;;;;;
20251107;063826.496;;25312.25;25312.25;1;ASK;;;;;
20251107;063826.496;25311.25;;25311.25;1;BID;;;;;
20251107;063826.516;;25312.50;25312.50;2;ASK;;;;;
20251107;063826.520;25311.50;;25311.50;1;BID;;;;;
20251107;063826.560;;25312.50;25312.50;1;ASK;;;;;
20251107;063826.560;;25312.75;25312.75;2;ASK;;;;;
20251107;063826.560;;25312.75;25312.75;3;ASK;;;;;
20251107;063826.560;;25312.75;25312.75;2;ASK;;;;;
20251107;063826.560;;25312.50;25312.50;1;ASK;;;;;
20251107;063826.600;;25312.75;25312.75;2;ASK;;;;;
20251107;063826.600;25311.75;;25311.75;1;BID;;;;;
20251107;063826.600;;25312.75;25312.75;1;ASK;;;;;
20251107;063826.604;;25313.00;25313.00;2;ASK;;;;;
20251107;063826.604;;25313.00;25313.00;3;ASK;;;;;
20251107;063826.604;25311.50;;25311.50;1;BID;;;;;
20251107;063826.604;;25313.00;25313.00;2;ASK;;;;;
20251107;063826.604;;25312.75;25312.75;1;ASK;;;;;
20251107;063826.604;25311.75;;25311.75;1;BID;;;;;
20251107;063826.604;25311.50;;25311.50;1;BID;;;;;
20251107;063827.476;25311.50;;25311.50;1;BID;;;;;
20251107;063827.476;25311.25;;25311.25;1;BID;;;;;
20251107;063827.476;;25312.50;25312.50;1;ASK;;;;;
20251107;063827.476;;25312.50;25312.50;2;ASK;;;;;
20251107;063827.476;;25312.50;25312.50;3;ASK;;;;;
20251107;063827.476;25311.50;;25311.50;1;BID;;;;;
20251107;063827.476;25311.25;;25311.25;1;BID;;;;;
20251107;063827.476;;25312.25;25312.25;1;ASK;;;;;
20251107;063827.476;;25312.50;25312.50;3;ASK;;;;;
20251107;063827.488;;25312.25;25312.25;1;ASK;;;;;
20251107;063827.488;25311.00;;25311.00;1;BID;;;;;
20251107;063827.504;25311.25;;25311.25;1;BID;;;;;
20251107;063827.504;;25312.50;25312.50;3;ASK;;;;;
20251107;063827.544;;25312.25;25312.25;1;ASK;;;;;
20251107;063827.544;25311.00;;25311.00;1;BID;;;;;
20251107;063827.576;25311.25;;25311.25;1;BID;;;;;
20251107;063827.576;;25312.50;25312.50;3;ASK;;;;;
20251107;063827.576;;25312.25;25312.25;1;ASK;;;;;
20251107;063827.580;25311.00;;25311.00;1;BID;;;;;
20251107;063827.596;25311.25;;25311.25;1;BID;;;;;
20251107;063827.596;;25312.50;25312.50;3;ASK;;;;;
20251107;063827.648;;25312.25;25312.25;1;ASK;;;;;
20251107;063827.856;25311.00;;25311.00;1;BID;;;;;
20251107;063827.856;;25312.00;25312.00;1;ASK;;;;;
20251107;063827.856;25310.50;;25310.50;3;BID;;;;;
20251107;063827.856;25310.50;;25310.50;2;BID;;;;;
20251107;063827.856;;25311.75;25311.75;1;ASK;;;;;
20251107;063827.856;;25311.75;25311.75;2;ASK;;;;;
20251107;063827.856;;25311.75;25311.75;1;ASK;;;;;
20251107;063827.856;25310.50;;25310.50;1;BID;;;;;
20251107;063827.856;25310.75;;25310.75;1;BID;;;;;
20251107;063827.860;25311.00;;25311.00;1;BID;;;;;
20251107;063827.860;;25312.00;25312.00;2;ASK;;;;;
20251107;063827.860;25310.75;;25310.75;1;BID;;;;;
20251107;063827.860;25310.50;;25310.50;1;BID;;;;;
20251107;063827.860;;25311.75;25311.75;1;ASK;;;;;
20251107;063827.860;25310.50;;25310.50;2;BID;;;;;
20251107;063827.860;25310.75;;25310.75;1;BID;;;;;
20251107;063827.860;;25312.00;25312.00;2;ASK;;;;;
20251107;063827.864;25310.75;;25310.75;2;BID;;;;;
20251107;063827.864;25311.00;;25311.00;1;BID;;;;;
20251107;063827.864;25310.75;;25310.75;2;BID;;;;;
20251107;063827.876;25311.00;;25311.00;1;BID;;;;;
20251107;063827.876;25310.75;;25310.75;1;BID;;;;;
20251107;063827.916;25311.00;;25311.00;1;BID;;;;;
20251107;063827.932;25310.75;;25310.75;1;BID;;;;;
20251107;063827.932;;25311.75;25311.75;1;ASK;;;;;
20251107;063827.936;;25312.00;25312.00;2;ASK;;;;;
20251107;063827.936;25311.00;;25311.00;1;BID;;;;;
20251107;063827.936;25310.75;;25310.75;1;BID;;;;;
20251107;063828.276;25311.00;;25311.00;1;BID;;;;;
20251107;063828.276;;25312.00;25312.00;1;ASK;;;;;
20251107;063828.276;;25312.25;25312.25;3;ASK;;;;;
20251107;063828.276;;25312.25;25312.25;2;ASK;;;;;
20251107;063828.276;;25312.00;25312.00;1;ASK;;;;;
20251107;063828.852;25310.75;;25310.75;1;BID;;;;;
20251107;063828.852;25311.00;;25311.00;1;BID;;;;;
20251107;063829.016;25310.75;;25310.75;1;BID;;;;;
20251107;063829.016;;25312.00;25312.00;2;ASK;;;;;
20251107;063829.108;;25312.00;25312.00;1;ASK;;;;;
20251107;063829.108;25311.00;;25311.00;1;BID;;;;;
20251107;063829.108;;25312.25;25312.25;2;ASK;;;;;
20251107;063829.108;25310.75;;25310.75;2;BID;;;;;
20251107;063829.136;25311.00;;25311.00;1;BID;;;;;
20251107;063829.136;;25312.00;25312.00;1;ASK;;;;;
20251107;063829.136;;25312.25;25312.25;2;ASK;;;;;
20251107;063829.628;25310.75;;25310.75;2;BID;;;;;
20251107;063829.628;;25312.00;25312.00;1;ASK;;;;;
20251107;063829.720;25311.00;;25311.00;1;BID;;;;;
20251107;063829.720;;25312.25;25312.25;2;ASK;;;;;
20251107;063830.032;;25312.00;25312.00;1;ASK;;;;;
20251107;063830.032;25310.75;;25310.75;2;BID;;;;;
20251107;063830.416;;25312.00;25312.00;2;ASK;;;;;
20251107;063830.416;25310.75;;25310.75;1;BID;;;;;
20251107;063830.416;;25311.75;25311.75;1;ASK;;;;;
20251107;063830.416;25310.50;;25310.50;3;BID;;;;;
20251107;063830.416;;25311.75;25311.75;2;ASK;;;;;
20251107;063830.416;25310.50;;25310.50;2;BID;;;;;
20251107;063830.416;25310.50;;25310.50;1;BID;;;;;
20251107;063830.468;25310.75;;25310.75;1;BID;;;;;
20251107;063830.468;;25311.75;25311.75;1;ASK;;;;;
20251107;063830.468;;25312.00;25312.00;1;ASK;;;;;
20251107;063830.468;;25312.00;25312.00;2;ASK;;;;;
20251107;063830.468;25310.50;;25310.50;1;BID;;;;;
20251107;063830.468;;25311.75;25311.75;1;ASK;;;;;
20251107;063830.652;;25312.00;25312.00;2;ASK;;;;;
20251107;063830.652;25310.75;;25310.75;1;BID;;;;;
20251107;063830.896;;25311.75;25311.75;1;ASK;;;;;
20251107;063830.896;25310.50;;25310.50;1;BID;;;;;
20251107;063831.000;25310.75;;25310.75;1;BID;;;;;
20251107;063831.000;;25312.00;25312.00;2;ASK;;;;;
20251107;063831.104;;25311.75;25311.75;1;ASK;;;;;
20251107;063831.104;25310.50;;25310.50;1;BID;;;;;
20251107;063831.132;25310.75;;25310.75;1;BID;;;;;
20251107;063831.204;;25312.00;25312.00;2;ASK;;;;;
20251107;063831.336;25310.50;;25310.50;1;BID;;;;;
20251107;063831.336;;25311.75;25311.75;1;ASK;;;;;
20251107;063831.412;25310.75;;25310.75;1;BID;;;;;
20251107;063831.412;;25312.00;25312.00;2;ASK;;;;;
20251107;063831.556;25310.50;;25310.50;1;BID;;;;;
20251107;063831.556;;25311.75;25311.75;1;ASK;;;;;
20251107;063831.556;;25311.75;25311.75;2;ASK;;;;;
20251107;063831.584;;25311.75;25311.75;1;ASK;;;;;
20251107;063831.584;25310.75;;25310.75;1;BID;;;;;
20251107;063831.584;;25312.00;25312.00;2;ASK;;;;;
20251107;063831.712;25310.50;;25310.50;1;BID;;;;;
20251107;063831.712;;25311.75;25311.75;1;ASK;;;;;
20251107;063831.712;;25311.75;25311.75;2;ASK;;;;;
20251107;063831.728;25310.75;;25310.75;1;BID;;;;;
20251107;063831.728;;25311.75;25311.75;1;ASK;;;;;
20251107;063831.868;;25312.00;25312.00;2;ASK;;;;;
20251107;063831.892;25311.00;;25311.00;1;BID;;;;;
20251107;063831.892;25310.75;;25310.75;1;BID;;;;;
20251107;063831.892;;25311.75;25311.75;1;ASK;;;;;
20251107;063831.892;25310.50;;25310.50;1;BID;;;;;
20251107;063831.952;25310.75;;25310.75;1;BID;;;;;
20251107;063831.952;;25312.00;25312.00;2;ASK;;;;;
20251107;063831.952;25311.00;;25311.00;1;BID;;;;;
20251107;063831.964;25310.75;;25310.75;1;BID;;;;;
20251107;063831.964;25310.50;;25310.50;1;BID;;;;;
20251107;063831.964;;25311.75;25311.75;1;ASK;;;;;
20251107;063832.064;25310.75;;25310.75;1;BID;;;;;
20251107;063832.064;;25312.00;25312.00;2;ASK;;;;;
20251107;063832.288;;25311.75;25311.75;1;ASK;;;;;
20251107;063832.304;;25312.00;25312.00;2;ASK;;;;;
20251107;063832.328;25311.00;;25311.00;1;BID;;;;;
20251107;063832.364;25310.75;;25310.75;1;BID;;;;;
20251107;063832.432;;25311.75;25311.75;1;ASK;;;;;
20251107;063832.432;25310.50;;25310.50;2;BID;;;;;
20251107;063832.432;25310.50;;25310.50;1;BID;;;;;
20251107;063832.432;25310.75;;25310.75;1;BID;;;;;
20251107;063832.432;;25312.00;25312.00;2;ASK;;;;;
20251107;063832.720;;25311.75;25311.75;1;ASK;;;;;
20251107;063832.720;25310.50;;25310.50;1;BID;;;;;
20251107;063832.720;;25311.75;25311.75;2;ASK;;;;;
20251107;063832.720;;25311.50;25311.50;1;ASK;;;;;
20251107;063832.856;25310.00;;25310.00;3;BID;;;;;
20251107;063832.856;25310.00;;25310.00;2;BID;;;;;
20251107;063832.860;25310.25;;25310.25;1;BID;;;;;
20251107;063832.860;;25311.75;25311.75;2;ASK;;;;;
20251107;063832.860;25310.50;;25310.50;1;BID;;;;;
20251107;063832.860;25310.75;;25310.75;1;BID;;;;;
20251107;063832.872;25310.50;;25310.50;1;BID;;;;;
20251107;063832.872;;25311.50;25311.50;1;ASK;;;;;
20251107;063832.872;25310.25;;25310.25;1;BID;;;;;
20251107;063832.880;;25311.50;25311.50;2;ASK;;;;;
20251107;063832.880;;25311.25;25311.25;1;ASK;;;;;
20251107;063832.884;25310.00;;25310.00;2;BID;;;;;
20251107;063832.884;;25311.25;25311.25;2;ASK;;;;;
20251107;063832.884;25310.00;;25310.00;1;BID;;;;;
20251107;063832.884;;25311.25;25311.25;3;ASK;;;;;
20251107;063832.884;25310.25;;25310.25;1;BID;;;;;
20251107;063832.884;25310.00;;25310.00;1;BID;;;;;
20251107;063832.884;;25311.25;25311.25;2;ASK;;;;;
20251107;063832.992;;25311.00;25311.00;1;ASK;;;;;
20251107;063833.020;25310.25;;25310.25;1;BID;;;;;
20251107;063833.020;;25311.25;25311.25;2;ASK;;;;;
20251107;063833.024;25310.00;;25310.00;1;BID;;;;;
20251107;063833.056;25310.25;;25310.25;1;BID;;;;;
20251107;063833.056;;25311.25;25311.25;1;ASK;;;;;
20251107;063833.056;;25311.50;25311.50;3;ASK;;;;;
20251107;063833.056;25310.25;;25310.25;2;BID;;;;;
20251107;063833.056;;25311.50;25311.50;2;ASK;;;;;
20251107;063833.056;25310.25;;25310.25;1;BID;;;;;
20251107;063833.056;;25311.25;25311.25;1;ASK;;;;;
20251107;063833.056;25310.00;;25310.00;1;BID;;;;;
20251107;063833.076;25310.00;;25310.00;2;BID;;;;;
20251107;063833.076;25310.25;;25310.25;1;BID;;;;;
20251107;063833.076;;25311.50;25311.50;2;ASK;;;;;
20251107;063833.076;25310.50;;25310.50;1;BID;;;;;
20251107;063833.232;25310.25;;25310.25;1;BID;;;;;
20251107;063833.728;;25311.25;25311.25;1;ASK;;;;;
20251107;063833.728;25310.00;;25310.00;1;BID;;;;;
20251107;063833.728;;25311.25;25311.25;2;ASK;;;;;
20251107;063833.728;25310.25;;25310.25;1;BID;;;;;
20251107;063833.764;25310.00;;25310.00;1;BID;;;;;
20251107;063833.828;25310.25;;25310.25;1;BID;;;;;
20251107;063833.828;;25311.25;25311.25;1;ASK;;;;;
20251107;063833.872;25310.00;;25310.00;1;BID;;;;;
20251107;063833.928;25310.25;;25310.25;1;BID;;;;;
20251107;063833.980;25310.00;;25310.00;1;BID;;;;;
20251107;063834.012;25310.25;;25310.25;1;BID;;;;;
20251107;063834.012;25310.50;;25310.50;1;BID;;;;;
20251107;063834.032;25310.25;;25310.25;1;BID;;;;;
20251107;063834.304;;25311.50;25311.50;2;ASK;;;;;
20251107;063834.304;25310.50;;25310.50;1;BID;;;;;
20251107;063834.304;25310.50;;25310.50;2;BID;;;;;
20251107;063834.304;;25311.50;25311.50;1;ASK;;;;;
20251107;063834.304;;25311.75;25311.75;1;ASK;;;;;
20251107;063834.304;;25311.75;25311.75;2;ASK;;;;;
20251107;063834.304;25310.50;;25310.50;1;BID;;;;;
20251107;063834.304;;25311.50;25311.50;1;ASK;;;;;
20251107;063834.376;;25311.50;25311.50;2;ASK;;;;;
20251107;063834.416;;25311.50;25311.50;1;ASK;;;;;
20251107;063834.416;25310.25;;25310.25;1;BID;;;;;
20251107;063834.416;;25311.75;25311.75;1;ASK;;;;;
20251107;063834.416;;25311.75;25311.75;2;ASK;;;;;
20251107;063834.416;25310.50;;25310.50;1;BID;;;;;
20251107;063834.416;;25311.50;25311.50;1;ASK;;;;;
20251107;063834.568;;25311.75;25311.75;2;ASK;;;;;
20251107;063834.568;25310.75;;25310.75;1;BID;;;;;
20251107;063834.568;;25311.75;25311.75;1;ASK;;;;;
20251107;063834.568;;25312.00;25312.00;2;ASK;;;;;
20251107;063834.568;;25312.00;25312.00;1;ASK;;;;;
20251107;063834.568;;25312.00;25312.00;2;ASK;;;;;
20251107;063834.568;;25311.75;25311.75;1;ASK;;;;;
20251107;063834.568;25310.50;;25310.50;1;BID;;;;;
20251107;063834.568;;25311.50;25311.50;1;ASK;;;;;
20251107;063834.568;25310.25;;25310.25;1;BID;;;;;
20251107;063834.616;25310.50;;25310.50;1;BID;;;;;
20251107;063834.668;25310.25;;25310.25;1;BID;;;;;
20251107;063834.724;25310.50;;25310.50;1;BID;;;;;
20251107;063834.776;25310.25;;25310.25;1;BID;;;;;
20251107;063834.828;25310.50;;25310.50;1;BID;;;;;
20251107;063834.884;;25311.75;25311.75;2;ASK;;;;;
20251107;063835.032;;25311.50;25311.50;1;ASK;;;;;
20251107;063835.032;25310.25;;25310.25;1;BID;;;;;
20251107;063835.036;25310.50;;25310.50;1;BID;;;;;
20251107;063835.036;;25311.75;25311.75;2;ASK;;;;;
20251107;063835.424;;25311.50;25311.50;1;ASK;;;;;
20251107;063835.424;25310.25;;25310.25;1;BID;;;;;
20251107;063835.468;25310.50;;25310.50;1;BID;;;;;
20251107;063835.468;;25311.75;25311.75;2;ASK;;;;;
20251107;063835.488;;25311.75;25311.75;3;ASK;;;;;
20251107;063835.488;;25311.50;25311.50;1;ASK;;;;;
20251107;063835.488;25310.25;;25310.25;1;BID;;;;;
20251107;063835.520;25310.50;;25310.50;1;BID;;;;;
20251107;063835.520;;25311.75;25311.75;2;ASK;;;;;
20251107;063835.532;;25311.50;25311.50;1;ASK;;;;;
20251107;063835.532;25310.25;;25310.25;1;BID;;;;;
20251107;063835.532;25310.50;;25310.50;1;BID;;;;;
20251107;063835.532;;25311.75;25311.75;2;ASK;;;;;
20251107;063835.536;25310.25;;25310.25;1;BID;;;;;
20251107;063835.536;;25311.50;25311.50;1;ASK;;;;;
20251107;063835.536;;25311.75;25311.75;2;ASK;;;;;
20251107;063835.536;25310.50;;25310.50;1;BID;;;;;
20251107;063835.608;;25311.50;25311.50;1;ASK;;;;;
20251107;063835.608;25310.25;;25310.25;1;BID;;;;;
20251107;063835.680;25310.50;;25310.50;1;BID;;;;;
20251107;063835.680;;25311.75;25311.75;2;ASK;;;;;
20251107;063835.732;25310.25;;25310.25;1;BID;;;;;
20251107;063835.804;;25311.75;25311.75;3;ASK;;;;;
20251107;063835.804;;25311.50;25311.50;1;ASK;;;;;
20251107;063835.844;25310.50;;25310.50;1;BID;;;;;
20251107;063835.844;;25311.75;25311.75;2;ASK;;;;;
20251107;063835.996;25310.75;;25310.75;1;BID;;;;;
20251107;063835.996;;25311.75;25311.75;1;ASK;;;;;
20251107;063835.996;;25312.00;25312.00;2;ASK;;;;;
20251107;063835.996;;25312.00;25312.00;3;ASK;;;;;
20251107;063835.996;;25312.00;25312.00;2;ASK;;;;;
20251107;063836.000;25310.50;;25310.50;1;BID;;;;;
20251107;063836.000;;25311.75;25311.75;1;ASK;;;;;
20251107;063836.000;;25311.75;25311.75;2;ASK;;;;;
20251107;063836.052;25310.25;;25310.25;1;BID;;;;;
20251107;063836.052;;25311.50;25311.50;1;ASK;;;;;
20251107;063836.108;25310.50;;25310.50;1;BID;;;;;
20251107;063836.108;;25311.75;25311.75;2;ASK;;;;;
20251107;063836.160;25310.25;;25310.25;1;BID;;;;;
20251107;063836.220;25310.50;;25310.50;1;BID;;;;;
20251107;063836.420;25310.75;;25310.75;1;BID;;;;;
20251107;063836.420;;25311.75;25311.75;1;ASK;;;;;
20251107;063836.420;;25312.00;25312.00;1;ASK;;;;;
20251107;063836.420;;25312.00;25312.00;2;ASK;;;;;
20251107;063836.420;;25311.75;25311.75;1;ASK;;;;;
20251107;063836.420;25310.50;;25310.50;1;BID;;;;;
20251107;063836.956;;25311.75;25311.75;2;ASK;;;;;
20251107;063836.956;25310.75;;25310.75;1;BID;;;;;
20251107;063836.956;25310.50;;25310.50;1;BID;;;;;
20251107;063836.956;;25311.50;25311.50;1;ASK;;;;;
20251107;063836.956;25310.25;;25310.25;1;BID;;;;;
20251107;063836.960;;25311.75;25311.75;2;ASK;;;;;
20251107;063836.960;25310.50;;25310.50;1;BID;;;;;
20251107;063836.960;;25311.75;25311.75;1;ASK;;;;;
20251107;063836.960;25310.75;;25310.75;1;BID;;;;;
20251107;063836.960;;25312.00;25312.00;1;ASK;;;;;
20251107;063836.960;25310.50;;25310.50;1;BID;;;;;
20251107;063836.960;;25312.00;25312.00;2;ASK;;;;;
20251107;063836.960;25310.75;;25310.75;1;BID;;;;;
20251107;063836.964;;25312.00;25312.00;3;ASK;;;;;
20251107;063836.964;;25311.75;25311.75;1;ASK;;;;;
20251107;063836.964;25310.50;;25310.50;1;BID;;;;;
20251107;063836.964;25310.25;;25310.25;1;BID;;;;;
20251107;063836.964;;25311.75;25311.75;2;ASK;;;;;
20251107;063836.968;25310.50;;25310.50;1;BID;;;;;
20251107;063837.424;;25311.50;25311.50;1;ASK;;;;;
20251107;063837.744;;25311.75;25311.75;2;ASK;;;;;
20251107;063837.836;;25311.50;25311.50;1;ASK;;;;;
20251107;063837.836;25310.25;;25310.25;1;BID;;;;;
20251107;063837.840;;25311.25;25311.25;1;ASK;;;;;
20251107;063837.840;25310.00;;25310.00;2;BID;;;;;
20251107;063837.840;25310.00;;25310.00;1;BID;;;;;
20251107;063837.844;25310.25;;25310.25;1;BID;;;;;
20251107;063837.844;;25311.50;25311.50;2;ASK;;;;;
20251107;063837.844;25310.00;;25310.00;1;BID;;;;;
20251107;063837.844;;25311.25;25311.25;1;ASK;;;;;
20251107;063837.900;25310.25;;25310.25;1;BID;;;;;
20251107;063837.900;;25311.50;25311.50;2;ASK;;;;;
20251107;063837.904;;25311.50;25311.50;3;ASK;;;;;
20251107;063837.904;;25311.25;25311.25;1;ASK;;;;;
20251107;063837.904;25310.00;;25310.00;1;BID;;;;;
20251107;063837.912;25310.25;;25310.25;1;BID;;;;;
20251107;063837.912;;25311.50;25311.50;2;ASK;;;;;
20251107;063837.936;;25311.50;25311.50;3;ASK;;;;;
20251107;063837.936;;25311.25;25311.25;1;ASK;;;;;
20251107;063837.936;25310.00;;25310.00;1;BID;;;;;
20251107;063837.976;25310.25;;25310.25;1;BID;;;;;
20251107;063837.976;;25311.50;25311.50;2;ASK;;;;;
20251107;063837.976;25310.50;;25310.50;1;BID;;;;;
20251107;063837.980;25310.25;;25310.25;1;BID;;;;;
20251107;063838.472;25310.50;;25310.50;1;BID;;;;;
20251107;063838.576;25310.25;;25310.25;1;BID;;;;;
20251107;063838.576;;25311.25;25311.25;1;ASK;;;;;
20251107;063838.576;25310.00;;25310.00;1;BID;;;;;
20251107;063838.576;25310.25;;25310.25;1;BID;;;;;
20251107;063838.576;;25311.50;25311.50;2;ASK;;;;;
20251107;063838.816;;25311.25;25311.25;1;ASK;;;;;
20251107;063838.816;25310.00;;25310.00;1;BID;;;;;
20251107;063838.872;25310.25;;25310.25;1;BID;;;;;
20251107;063838.872;;25311.50;25311.50;2;ASK;;;;;
20251107;063838.884;;25311.50;25311.50;3;ASK;;;;;
20251107;063838.884;;25311.25;25311.25;1;ASK;;;;;
20251107;063838.884;25310.00;;25310.00;1;BID;;;;;
20251107;063838.888;25310.25;;25310.25;1;BID;;;;;
20251107;063839.772;25310.00;;25310.00;1;BID;;;;;
20251107;063839.772;;25311.25;25311.25;2;ASK;;;;;
20251107;063839.876;;25311.00;25311.00;1;ASK;;;;;
20251107;063839.876;;25311.25;25311.25;2;ASK;;;;;
20251107;063839.876;;25311.00;25311.00;1;ASK;;;;;
20251107;063840.068;;25311.00;25311.00;2;ASK;;;;;
20251107;063840.068;;25310.75;25310.75;1;ASK;;;;;
20251107;063840.068;;25311.00;25311.00;1;ASK;;;;;
20251107;063840.068;;25310.75;25310.75;1;ASK;;;;;
20251107;063840.068;;25310.75;25310.75;2;ASK;;;;;
20251107;063840.068;25310.00;;25310.00;1;BID;;;;;
20251107;063840.068;25310.00;;25310.00;1;BID;;;;;
20251107;063840.068;;25310.75;25310.75;3;ASK;;;;;
20251107;063840.068;;25310.75;25310.75;4;ASK;;;;;
20251107;063840.072;;25310.50;25310.50;1;ASK;;;;;
20251107;063840.072;;25310.50;25310.50;2;ASK;;;;;
20251107;063840.072;25310.00;;25310.00;1;BID;;;;;
20251107;063840.072;25310.00;;25310.00;1;BID;;;;;
20251107;063840.072;25310.00;;25310.00;6;BID;;;;;
20251107;063840.072;25309.75;;25309.75;1;BID;;;;;
20251107;063840.072;;25310.50;25310.50;1;ASK;;;;;
20251107;063840.072;;25310.75;25310.75;4;ASK;;;;;
20251107;063840.072;25309.75;;25309.75;1;BID;;;;;
20251107;063840.072;25309.25;;25309.25;1;BID;;;;;
20251107;063840.072;;25310.50;25310.50;1;ASK;;;;;
20251107;063840.072;25309.75;;25309.75;1;BID;;;;;
20251107;063840.072;;25310.25;25310.25;1;ASK;;;;;
20251107;063840.072;25309.75;;25309.75;1;BID;;;;;
20251107;063840.072;25309.00;;25309.00;1;BID;;;;;
20251107;063840.072;;25310.00;25310.00;1;ASK;;;;;
20251107;063840.072;25309.00;;25309.00;1;BID;;;;;
20251107;063840.072;25308.50;;25308.50;3;BID;;;;;
20251107;063840.072;;25309.75;25309.75;1;ASK;;;;;
20251107;063840.072;25308.50;;25308.50;2;BID;;;;;
20251107;063840.072;25308.50;;25308.50;1;BID;;;;;
20251107;063840.072;;25309.50;25309.50;1;ASK;;;;;
20251107;063840.076;25308.00;;25308.00;1;BID;;;;;
20251107;063840.076;;25309.25;25309.25;1;ASK;;;;;
20251107;063840.076;25307.75;;25307.75;2;BID;;;;;
20251107;063840.076;25307.75;;25307.75;1;BID;;;;;
20251107;063840.076;25307.50;;25307.50;3;BID;;;;;
20251107;063840.076;25307.50;;25307.50;2;BID;;;;;
20251107;063840.076;;25309.25;25309.25;2;ASK;;;;;
20251107;063840.076;;25309.25;25309.25;3;ASK;;;;;
20251107;063840.076;;25309.00;25309.00;1;ASK;;;;;
20251107;063840.076;;25309.00;25309.00;2;ASK;;;;;
20251107;063840.076;25307.50;;25307.50;1;BID;;;;;
20251107;063840.080;;25308.75;25308.75;1;ASK;;;;;
20251107;063840.080;25307.25;;25307.25;2;BID;;;;;
20251107;063840.080;25307.25;;25307.25;1;BID;;;;;
20251107;063840.080;25307.00;;25307.00;2;BID;;;;;
20251107;063840.080;;25308.50;25308.50;1;ASK;;;;;
20251107;063840.080;;25308.25;25308.25;1;ASK;;;;;
20251107;063840.080;;25308.00;25308.00;1;ASK;;;;;
20251107;063840.080;25307.25;;25307.25;1;BID;;;;;
20251107;063840.080;;25308.25;25308.25;1;ASK;;;;;
20251107;063840.080;;25308.50;25308.50;2;ASK;;;;;
20251107;063840.080;;25308.50;25308.50;1;ASK;;;;;
20251107;063840.080;25307.25;;25307.25;2;BID;;;;;
20251107;063840.084;;25308.25;25308.25;1;ASK;;;;;
20251107;063840.084;25307.25;;25307.25;1;BID;;;;;
20251107;063840.084;;25308.50;25308.50;1;ASK;;;;;
20251107;063840.084;25307.50;;25307.50;1;BID;;;;;
20251107;063840.084;;25308.75;25308.75;1;ASK;;;;;
20251107;063840.084;;25308.75;25308.75;2;ASK;;;;;
20251107;063840.088;25307.25;;25307.25;1;BID;;;;;
20251107;063840.088;;25308.50;25308.50;1;ASK;;;;;
20251107;063840.116;25307.50;;25307.50;1;BID;;;;;
20251107;063840.116;;25308.75;25308.75;2;ASK;;;;;
20251107;063840.116;25307.75;;25307.75;1;BID;;;;;
20251107;063840.120;;25308.75;25308.75;1;ASK;;;;;
20251107;063840.120;25308.00;;25308.00;1;BID;;;;;
20251107;063840.120;25307.75;;25307.75;3;BID;;;;;
20251107;063840.120;;25309.00;25309.00;2;ASK;;;;;
20251107;063840.120;;25309.00;25309.00;1;ASK;;;;;
20251107;063840.120;25307.75;;25307.75;2;BID;;;;;
20251107;063840.120;25308.00;;25308.00;1;BID;;;;;
20251107;063840.120;;25309.25;25309.25;2;ASK;;;;;
20251107;063840.120;25307.75;;25307.75;2;BID;;;;;
20251107;063840.120;;25309.00;25309.00;1;ASK;;;;;
20251107;063840.132;25308.00;;25308.00;1;BID;;;;;
20251107;063840.132;;25309.25;25309.25;3;ASK;;;;;
20251107;063840.132;;25309.25;25309.25;2;ASK;;;;;
20251107;063840.132;;25309.25;25309.25;1;ASK;;;;;
20251107;063840.132;25308.25;;25308.25;1;BID;;;;;
20251107;063840.144;25308.00;;25308.00;1;BID;;;;;
20251107;063840.144;;25309.25;25309.25;2;ASK;;;;;
20251107;063840.148;;25309.00;25309.00;1;ASK;;;;;
20251107;063840.148;25307.75;;25307.75;3;BID;;;;;
20251107;063840.148;25307.75;;25307.75;2;BID;;;;;
20251107;063840.148;25308.00;;25308.00;1;BID;;;;;
20251107;063840.148;;25309.25;25309.25;2;ASK;;;;;
20251107;063840.188;;25309.00;25309.00;1;ASK;;;;;
20251107;063840.188;25307.75;;25307.75;2;BID;;;;;
20251107;063840.212;25308.00;;25308.00;1;BID;;;;;
20251107;063840.212;;25309.25;25309.25;2;ASK;;;;;
20251107;063840.372;;25309.00;25309.00;1;ASK;;;;;
20251107;063840.472;;25309.25;25309.25;2;ASK;;;;;
20251107;063840.596;25308.25;;25308.25;1;BID;;;;;
20251107;063840.596;;25309.25;25309.25;1;ASK;;;;;
20251107;063840.596;;25309.50;25309.50;3;ASK;;;;;
20251107;063840.596;;25309.50;25309.50;2;ASK;;;;;
20251107;063840.600;;25309.25;25309.25;1;ASK;;;;;
20251107;063840.600;25308.00;;25308.00;1;BID;;;;;
20251107;063840.600;25308.25;;25308.25;1;BID;;;;;
20251107;063840.600;;25309.50;25309.50;2;ASK;;;;;
20251107;063840.796;25308.50;;25308.50;1;BID;;;;;
20251107;063840.796;;25309.50;25309.50;1;ASK;;;;;
20251107;063840.848;;25309.75;25309.75;2;ASK;;;;;
20251107;063840.848;;25309.75;25309.75;1;ASK;;;;;
20251107;063840.852;;25309.50;25309.50;1;ASK;;;;;
20251107;063840.852;;25309.75;25309.75;1;ASK;;;;;
20251107;063840.852;;25309.50;25309.50;1;ASK;;;;;
20251107;063840.852;25308.25;;25308.25;1;BID;;;;;
20251107;063840.852;25308.25;;25308.25;2;BID;;;;;
20251107;063840.852;;25309.75;25309.75;1;ASK;;;;;
20251107;063840.852;25308.50;;25308.50;1;BID;;;;;
20251107;063840.872;25308.75;;25308.75;1;BID;;;;;
20251107;063840.872;;25309.75;25309.75;2;ASK;;;;;
20251107;063840.872;25308.50;;25308.50;1;BID;;;;;
20251107;063840.872;;25309.50;25309.50;1;ASK;;;;;
20251107;063840.872;;25309.75;25309.75;2;ASK;;;;;
20251107;063840.928;25308.50;;25308.50;2;BID;;;;;
20251107;063840.928;25308.75;;25308.75;1;BID;;;;;
20251107;063840.928;25308.50;;25308.50;1;BID;;;;;
20251107;063840.928;;25309.75;25309.75;1;ASK;;;;;
20251107;063840.928;;25310.00;25310.00;2;ASK;;;;;
20251107;063840.928;25308.75;;25308.75;1;BID;;;;;
20251107;063840.928;;25310.00;25310.00;1;ASK;;;;;
20251107;063840.928;;25310.25;25310.25;2;ASK;;;;;
20251107;063840.932;;25310.00;25310.00;1;ASK;;;;;
20251107;063841.132;25308.75;;25308.75;2;BID;;;;;
20251107;063841.220;25308.75;;25308.75;1;BID;;;;;
20251107;063841.220;;25310.00;25310.00;2;ASK;;;;;
20251107;063841.220;;25309.75;25309.75;1;ASK;;;;;
20251107;063841.220;25308.50;;25308.50;1;BID;;;;;
20251107;063841.220;25308.75;;25308.75;1;BID;;;;;
20251107;063841.220;25308.50;;25308.50;1;BID;;;;;
20251107;063841.284;25308.75;;25308.75;1;BID;;;;;
20251107;063841.284;;25310.00;25310.00;2;ASK;;;;;
20251107;063841.284;;25309.75;25309.75;1;ASK;;;;;
20251107;063841.284;25308.50;;25308.50;1;BID;;;;;
20251107;063841.284;;25310.00;25310.00;2;ASK;;;;;
20251107;063841.320;;25309.75;25309.75;1;ASK;;;;;
20251107;063841.328;25308.50;;25308.50;2;BID;;;;;
20251107;063841.328;25308.75;;25308.75;1;BID;;;;;
20251107;063841.328;;25309.75;25309.75;2;ASK;;;;;
20251107;063841.328;;25309.75;25309.75;1;ASK;;;;;
20251107;063841.328;;25310.00;25310.00;2;ASK;;;;;
20251107;063841.328;;25309.75;25309.75;1;ASK;;;;;
20251107;063841.352;25308.50;;25308.50;1;BID;;;;;
20251107;063841.668;;25309.50;25309.50;1;ASK;;;;;
20251107;063841.684;;25309.75;25309.75;1;ASK;;;;;
20251107;063841.684;25308.75;;25308.75;1;BID;;;;;
20251107;063841.804;25308.50;;25308.50;1;BID;;;;;
20251107;063841.804;;25309.75;25309.75;2;ASK;;;;;
20251107;063841.808;;25309.50;25309.50;1;ASK;;;;;
20251107;063842.548;;25309.75;25309.75;2;ASK;;;;;
20251107;063842.580;25308.50;;25308.50;1;BID;;;;;
20251107;063842.580;25308.25;;25308.25;2;BID;;;;;
20251107;063842.580;;25309.50;25309.50;1;ASK;;;;;
20251107;063842.580;;25309.50;25309.50;2;ASK;;;;;
20251107;063842.580;25308.25;;25308.25;1;BID;;;;;
20251107;063842.580;;25309.50;25309.50;1;ASK;;;;;
20251107;063842.596;;25309.25;25309.25;1;ASK;;;;;
20251107;063842.596;25307.75;;25307.75;3;BID;;;;;
20251107;063842.596;25307.75;;25307.75;2;BID;;;;;
20251107;063842.596;;25309.00;25309.00;1;ASK;;;;;
20251107;063842.600;25307.75;;25307.75;3;BID;;;;;
20251107;063842.600;25308.00;;25308.00;1;BID;;;;;
20251107;063842.600;;25309.25;25309.25;1;ASK;;;;;
20251107;063842.632;25308.00;;25308.00;2;BID;;;;;
20251107;063842.632;25308.25;;25308.25;1;BID;;;;;
20251107;063842.632;;25309.25;25309.25;2;ASK;;;;;
20251107;063842.632;;25309.00;25309.00;1;ASK;;;;;
20251107;063842.632;25308.00;;25308.00;3;BID;;;;;
20251107;063842.632;25308.00;;25308.00;2;BID;;;;;
20251107;063842.632;25308.00;;25308.00;1;BID;;;;;
20251107;063842.632;25308.00;;25308.00;2;BID;;;;;
20251107;063842.704;;25309.25;25309.25;2;ASK;;;;;
20251107;063842.704;25308.00;;25308.00;1;BID;;;;;
20251107;063842.704;25308.00;;25308.00;2;BID;;;;;
20251107;063842.704;25308.25;;25308.25;1;BID;;;;;
20251107;063842.704;25308.00;;25308.00;1;BID;;;;;
20251107;063842.916;25308.00;;25308.00;2;BID;;;;;
20251107;063842.916;25308.25;;25308.25;1;BID;;;;;
20251107;063842.916;25308.00;;25308.00;1;BID;;;;;
20251107;063842.948;25308.00;;25308.00;2;BID;;;;;
20251107;063842.948;25308.25;;25308.25;1;BID;;;;;
20251107;063842.952;25308.25;;25308.25;2;BID;;;;;
20251107;063842.952;25308.25;;25308.25;3;BID;;;;;
20251107;063842.956;;25309.25;25309.25;1;ASK;;;;;
20251107;063842.956;25308.50;;25308.50;1;BID;;;;;
20251107;063842.956;;25309.50;25309.50;1;ASK;;;;;
20251107;063843.324;25308.50;;25308.50;1;BID;;;;;
20251107;063843.324;25308.25;;25308.25;4;BID;;;;;
20251107;063843.324;;25309.25;25309.25;1;ASK;;;;;
20251107;063843.324;25308.25;;25308.25;3;BID;;;;;
20251107;063843.324;25308.25;;25308.25;2;BID;;;;;
20251107;063843.324;;25309.25;25309.25;2;ASK;;;;;
20251107;063843.324;25308.25;;25308.25;1;BID;;;;;
20251107;063843.324;;25309.25;25309.25;1;ASK;;;;;
20251107;063843.324;;25309.50;25309.50;2;ASK;;;;;
20251107;063843.392;;25309.25;25309.25;1;ASK;;;;;
20251107;063843.428;25308.00;;25308.00;1;BID;;;;;
20251107;063843.428;;25309.00;25309.00;1;ASK;;;;;
20251107;063843.428;;25309.25;25309.25;1;ASK;;;;;
20251107;063843.428;;25309.50;25309.50;2;ASK;;;;;
20251107;063843.428;25308.25;;25308.25;1;BID;;;;;
20251107;063843.500;;25309.25;25309.25;1;ASK;;;;;
20251107;063843.500;25308.00;;25308.00;1;BID;;;;;
20251107;063843.512;25308.00;;25308.00;2;BID;;;;;
20251107;063843.512;25308.25;;25308.25;1;BID;;;;;
20251107;063843.512;;25309.25;25309.25;2;ASK;;;;;
20251107;063843.512;25308.00;;25308.00;2;BID;;;;;
20251107;063843.512;25308.00;;25308.00;1;BID;;;;;
20251107;063843.512;;25309.00;25309.00;1;ASK;;;;;
20251107;063843.512;;25309.00;25309.00;2;ASK;;;;;
20251107;063843.512;25307.75;;25307.75;3;BID;;;;;
20251107;063843.512;25307.75;;25307.75;2;BID;;;;;
20251107;063843.516;25308.00;;25308.00;1;BID;;;;;
20251107;063843.516;;25309.00;25309.00;1;ASK;;;;;
20251107;063843.608;;25309.25;25309.25;3;ASK;;;;;
20251107;063843.608;;25309.25;25309.25;2;ASK;;;;;
20251107;063843.608;;25309.00;25309.00;1;ASK;;;;;
20251107;063843.920;;25309.25;25309.25;2;ASK;;;;;
20251107;063843.920;25308.00;;25308.00;2;BID;;;;;
20251107;063843.920;25308.25;;25308.25;1;BID;;;;;
20251107;063843.928;;25309.25;25309.25;1;ASK;;;;;
20251107;063843.928;;25309.50;25309.50;3;ASK;;;;;
20251107;063843.928;;25309.50;25309.50;2;ASK;;;;;
20251107;063844.212;25308.50;;25308.50;1;BID;;;;;
20251107;063844.212;;25309.50;25309.50;1;ASK;;;;;
20251107;063844.212;;25309.75;25309.75;1;ASK;;;;;
20251107;063844.212;25308.75;;25308.75;1;BID;;;;;
20251107;063844.212;25308.50;;25308.50;1;BID;;;;;
20251107;063844.212;;25309.50;25309.50;1;ASK;;;;;
20251107;063844.212;25308.25;;25308.25;2;BID;;;;;
20251107;063844.212;;25309.75;25309.75;1;ASK;;;;;
20251107;063844.244;25308.50;;25308.50;1;BID;;;;;
20251107;063844.244;;25309.75;25309.75;2;ASK;;;;;
20251107;063844.244;;25309.50;25309.50;1;ASK;;;;;
20251107;063844.244;;25309.75;25309.75;2;ASK;;;;;
20251107;063844.244;25308.25;;25308.25;2;BID;;;;;
20251107;063844.244;;25309.50;25309.50;1;ASK;;;;;
20251107;063844.428;;25309.25;25309.25;1;ASK;;;;;
20251107;063844.428;25308.25;;25308.25;1;BID;;;;;
20251107;063844.428;25308.00;;25308.00;3;BID;;;;;
20251107;063844.428;25308.00;;25308.00;2;BID;;;;;
20251107;063844.428;25308.00;;25308.00;1;BID;;;;;
20251107;063844.428;;25309.50;25309.50;1;ASK;;;;;
20251107;063844.428;25308.25;;25308.25;1;BID;;;;;
20251107;063844.428;;25309.50;25309.50;2;ASK;;;;;
20251107;063844.428;;25309.25;25309.25;1;ASK;;;;;
20251107;063844.428;25308.00;;25308.00;1;BID;;;;;
20251107;063844.428;25308.25;;25308.25;1;BID;;;;;
20251107;063844.428;;25309.50;25309.50;2;ASK;;;;;
20251107;063844.456;;25309.25;25309.25;1;ASK;;;;;
20251107;063844.456;25308.00;;25308.00;1;BID;;;;;
20251107;063844.504;25308.00;;25308.00;2;BID;;;;;
20251107;063844.504;25308.25;;25308.25;1;BID;;;;;
20251107;063844.504;;25309.25;25309.25;2;ASK;;;;;
20251107;063844.504;25308.00;;25308.00;2;BID;;;;;
20251107;063844.504;25308.00;;25308.00;1;BID;;;;;
20251107;063844.504;;25309.00;25309.00;1;ASK;;;;;
20251107;063844.504;25307.75;;25307.75;3;BID;;;;;
20251107;063844.504;25307.75;;25307.75;2;BID;;;;;
20251107;063844.504;;25308.75;25308.75;1;ASK;;;;;
20251107;063844.504;;25309.00;25309.00;1;ASK;;;;;
20251107;063844.504;25308.00;;25308.00;1;BID;;;;;
20251107;063844.504;;25309.25;25309.25;3;ASK;;;;;
20251107;063844.504;;25309.25;25309.25;2;ASK;;;;;
20251107;063844.512;;25309.00;25309.00;1;ASK;;;;;
20251107;063844.512;25307.75;;25307.75;2;BID;;;;;
20251107;063844.600;25307.75;;25307.75;3;BID;;;;;
20251107;063844.600;25308.00;;25308.00;1;BID;;;;;
20251107;063844.600;;25309.25;25309.25;2;ASK;;;;;
20251107;063844.680;25308.00;;25308.00;2;BID;;;;;
20251107;063844.852;25308.25;;25308.25;1;BID;;;;;
20251107;063844.852;;25309.25;25309.25;1;ASK;;;;;
20251107;063844.852;25308.00;;25308.00;2;BID;;;;;
20251107;063844.852;;25309.50;25309.50;3;ASK;;;;;
20251107;063844.852;25308.00;;25308.00;1;BID;;;;;
20251107;063844.852;;25309.50;25309.50;2;ASK;;;;;
20251107;063844.852;25308.25;;25308.25;1;BID;;;;;
20251107;063845.008;;25309.50;25309.50;1;ASK;;;;;
20251107;063845.008;25308.25;;25308.25;2;BID;;;;;
20251107;063845.008;25308.50;;25308.50;1;BID;;;;;
20251107;063845.008;;25309.75;25309.75;1;ASK;;;;;
20251107;063845.008;;25310.00;25310.00;3;ASK;;;;;
20251107;063845.012;25308.50;;25308.50;2;BID;;;;;
20251107;063845.012;25308.50;;25308.50;3;BID;;;;;
20251107;063845.012;;25310.00;25310.00;2;ASK;;;;;
20251107;063845.012;25308.75;;25308.75;1;BID;;;;;
20251107;063845.012;25309.00;;25309.00;1;BID;;;;;
20251107;063845.012;;25310.00;25310.00;1;ASK;;;;;
20251107;063845.012;;25310.25;25310.25;1;ASK;;;;;
20251107;063845.012;;25310.50;25310.50;2;ASK;;;;;
20251107;063845.012;;25310.50;25310.50;3;ASK;;;;;
20251107;063845.012;25308.75;;25308.75;1;BID;;;;;
20251107;063845.012;;25310.25;25310.25;1;ASK;;;;;
20251107;063845.012;;25310.25;25310.25;2;ASK;;;;;
20251107;063845.016;;25310.00;25310.00;1;ASK;;;;;
20251107;063845.020;;25310.00;25310.00;2;ASK;;;;;
20251107;063845.028;;25310.00;25310.00;1;ASK;;;;;
20251107;063845.028;25309.00;;25309.00;1;BID;;;;;
20251107;063845.032;;25310.25;25310.25;2;ASK;;;;;
20251107;063845.044;;25310.25;25310.25;3;ASK;;;;;
20251107;063845.044;;25310.00;25310.00;1;ASK;;;;;
20251107;063845.044;25308.75;;25308.75;1;BID;;;;;
20251107;063845.096;;25309.75;25309.75;1;ASK;;;;;
20251107;063845.100;;25310.00;25310.00;1;ASK;;;;;
20251107;063845.148;;25309.75;25309.75;1;ASK;;;;;
20251107;063845.204;;25310.00;25310.00;1;ASK;;;;;
20251107;063845.236;25308.75;;25308.75;2;BID;;;;;
20251107;063845.236;25309.00;;25309.00;1;BID;;;;;
20251107;063845.236;;25309.75;25309.75;1;ASK;;;;;
20251107;063845.236;;25310.25;25310.25;4;ASK;;;;;
20251107;063845.236;;25310.25;25310.25;3;ASK;;;;;
20251107;063845.236;25308.75;;25308.75;1;BID;;;;;
20251107;063845.236;;25310.00;25310.00;1;ASK;;;;;
20251107;063845.256;;25309.75;25309.75;1;ASK;;;;;
20251107;063845.280;25308.75;;25308.75;2;BID;;;;;
20251107;063845.280;;25310.00;25310.00;1;ASK;;;;;
20251107;063845.280;25309.00;;25309.00;1;BID;;;;;
20251107;063845.280;;25309.75;25309.75;1;ASK;;;;;
20251107;063845.280;;25310.25;25310.25;3;ASK;;;;;
20251107;063845.280;;25310.25;25310.25;2;ASK;;;;;
20251107;063845.284;;25310.00;25310.00;1;ASK;;;;;
20251107;063845.284;25308.75;;25308.75;2;BID;;;;;
20251107;063845.524;;25309.75;25309.75;1;ASK;;;;;
20251107;063845.576;;25310.00;25310.00;1;ASK;;;;;
20251107;063845.628;;25309.75;25309.75;1;ASK;;;;;
20251107;063845.680;;25310.00;25310.00;1;ASK;;;;;
20251107;063845.680;25309.00;;25309.00;1;BID;;;;;
20251107;063845.680;;25310.25;25310.25;2;ASK;;;;;
20251107;063845.704;;25310.00;25310.00;1;ASK;;;;;
20251107;063845.704;25308.75;;25308.75;2;BID;;;;;
20251107;063845.704;;25310.00;25310.00;2;ASK;;;;;
20251107;063845.736;;25310.00;25310.00;1;ASK;;;;;
20251107;063845.736;25309.00;;25309.00;1;BID;;;;;
20251107;063845.736;;25310.25;25310.25;2;ASK;;;;;
20251107;063845.752;;25310.00;25310.00;1;ASK;;;;;
20251107;063845.752;25308.75;;25308.75;3;BID;;;;;
20251107;063845.752;25308.75;;25308.75;2;BID;;;;;
20251107;063845.752;;25309.75;25309.75;1;ASK;;;;;
20251107;063845.788;;25310.00;25310.00;1;ASK;;;;;
20251107;063845.788;25309.00;;25309.00;1;BID;;;;;
20251107;063845.788;;25310.25;25310.25;2;ASK;;;;;
20251107;063845.844;;25310.00;25310.00;1;ASK;;;;;
20251107;063845.844;25308.75;;25308.75;2;BID;;;;;
20251107;063846.212;;25309.75;25309.75;1;ASK;;;;;
20251107;063846.212;25308.75;;25308.75;1;BID;;;;;
20251107;063846.212;25308.50;;25308.50;3;BID;;;;;
20251107;063846.212;25308.50;;25308.50;2;BID;;;;;
20251107;063846.212;;25309.50;25309.50;1;ASK;;;;;
20251107;063846.212;25308.50;;25308.50;1;BID;;;;;
20251107;063846.216;25308.25;;25308.25;2;BID;;;;;
20251107;063846.216;25308.25;;25308.25;3;BID;;;;;
20251107;063846.216;25308.50;;25308.50;1;BID;;;;;
20251107;063846.224;;25309.75;25309.75;1;ASK;;;;;
20251107;063846.236;;25309.50;25309.50;1;ASK;;;;;
20251107;063846.236;25308.25;;25308.25;3;BID;;;;;
20251107;063846.236;25308.25;;25308.25;2;BID;;;;;
20251107;063846.236;25308.25;;25308.25;1;BID;;;;;
20251107;063846.240;25308.25;;25308.25;2;BID;;;;;
20251107;063846.240;25308.50;;25308.50;1;BID;;;;;
20251107;063846.240;;25309.75;25309.75;2;ASK;;;;;
20251107;063846.268;;25309.50;25309.50;1;ASK;;;;;
20251107;063846.268;25308.25;;25308.25;2;BID;;;;;
20251107;063846.268;25308.25;;25308.25;1;BID;;;;;
20251107;063846.268;25308.25;;25308.25;2;BID;;;;;
20251107;063846.268;25308.50;;25308.50;1;BID;;;;;
20251107;063846.272;25308.25;;25308.25;2;BID;;;;;
20251107;063846.272;25308.25;;25308.25;1;BID;;;;;
20251107;063846.296;25308.25;;25308.25;2;BID;;;;;
20251107;063846.296;25308.50;;25308.50;1;BID;;;;;
20251107;063846.296;;25309.75;25309.75;2;ASK;;;;;
20251107;063846.296;;25309.50;25309.50;1;ASK;;;;;
20251107;063846.896;;25309.75;25309.75;2;ASK;;;;;
20251107;063847.084;;25309.75;25309.75;3;ASK;;;;;
20251107;063847.084;;25309.50;25309.50;1;ASK;;;;;
20251107;063847.084;25308.25;;25308.25;1;BID;;;;;
20251107;063847.188;25308.25;;25308.25;2;BID;;;;;
20251107;063847.188;25308.50;;25308.50;1;BID;;;;;
20251107;063847.188;;25309.75;25309.75;3;ASK;;;;;
20251107;063847.188;;25309.50;25309.50;1;ASK;;;;;
20251107;063847.192;25308.25;;25308.25;2;BID;;;;;
20251107;063847.192;25308.25;;25308.25;1;BID;;;;;
20251107;063847.192;25308.50;;25308.50;1;BID;;;;;
20251107;063847.192;;25309.75;25309.75;3;ASK;;;;;
20251107;063847.224;;25309.50;25309.50;1;ASK;;;;;
20251107;063847.224;25308.25;;25308.25;1;BID;;;;;
20251107;063847.232;25308.25;;25308.25;2;BID;;;;;
20251107;063847.232;25308.50;;25308.50;1;BID;;;;;
20251107;063847.232;;25309.75;25309.75;3;ASK;;;;;
20251107;063847.436;;25309.50;25309.50;1;ASK;;;;;
20251107;063847.436;25308.25;;25308.25;3;BID;;;;;
20251107;063847.436;25308.25;;25308.25;2;BID;;;;;
20251107;063847.436;25308.25;;25308.25;1;BID;;;;;
20251107;063847.436;;25309.25;25309.25;1;ASK;;;;;
20251107;063847.440;;25309.50;25309.50;1;ASK;;;;;
20251107;063847.544;;25309.75;25309.75;3;ASK;;;;;
20251107;063847.584;25308.25;;25308.25;2;BID;;;;;
20251107;063847.584;25308.50;;25308.50;1;BID;;;;;
20251107;063847.584;;25309.50;25309.50;1;ASK;;;;;
20251107;063847.584;25308.25;;25308.25;2;BID;;;;;
20251107;063847.584;25308.25;;25308.25;1;BID;;;;;
20251107;063847.584;25308.50;;25308.50;1;BID;;;;;
20251107;063847.584;;25309.75;25309.75;3;ASK;;;;;
20251107;063847.636;;25309.50;25309.50;1;ASK;;;;;
20251107;063847.636;25308.25;;25308.25;2;BID;;;;;
20251107;063847.636;25308.25;;25308.25;1;BID;;;;;
20251107;063847.652;;25309.75;25309.75;3;ASK;;;;;
20251107;063847.692;;25309.50;25309.50;1;ASK;;;;;
20251107;063847.692;;25309.25;25309.25;1;ASK;;;;;
20251107;063847.808;;25309.25;25309.25;2;ASK;;;;;
20251107;063847.808;25308.00;;25308.00;5;BID;;;;;
20251107;063847.808;25308.00;;25308.00;4;BID;;;;;
20251107;063847.812;25308.00;;25308.00;3;BID;;;;;
20251107;063847.812;;25309.00;25309.00;1;ASK;;;;;
20251107;063847.812;25308.00;;25308.00;2;BID;;;;;
20251107;063848.048;;25309.25;25309.25;2;ASK;;;;;
20251107;063848.200;;25309.00;25309.00;1;ASK;;;;;
20251107;063848.204;;25309.25;25309.25;2;ASK;;;;;
20251107;063848.556;;25309.00;25309.00;1;ASK;;;;;
20251107;063848.748;;25309.00;25309.00;2;ASK;;;;;
20251107;063849.076;;25309.00;25309.00;1;ASK;;;;;
20251107;063849.076;;25309.25;25309.25;2;ASK;;;;;
20251107;063849.076;;25309.25;25309.25;3;ASK;;;;;
20251107;063849.240;;25309.00;25309.00;1;ASK;;;;;
20251107;063849.312;;25309.25;25309.25;3;ASK;;;;;
20251107;063849.312;25308.25;;25308.25;1;BID;;;;;
20251107;063849.320;25308.00;;25308.00;2;BID;;;;;
20251107;063849.320;;25309.00;25309.00;1;ASK;;;;;
20251107;063849.352;;25309.25;25309.25;3;ASK;;;;;
20251107;063849.444;25308.25;;25308.25;1;BID;;;;;
20251107;063849.444;;25309.25;25309.25;2;ASK;;;;;
20251107;063849.444;25308.50;;25308.50;1;BID;;;;;
20251107;063849.444;;25309.25;25309.25;1;ASK;;;;;
20251107;063849.444;25308.25;;25308.25;1;BID;;;;;
20251107;063849.444;;25309.50;25309.50;2;ASK;;;;;
20251107;063849.444;25308.50;;25308.50;1;BID;;;;;
20251107;063849.444;;25309.50;25309.50;1;ASK;;;;;
20251107;063849.444;;25309.75;25309.75;1;ASK;;;;;
20251107;063849.444;;25309.75;25309.75;2;ASK;;;;;
20251107;063849.444;;25309.50;25309.50;1;ASK;;;;;
20251107;063849.448;25308.25;;25308.25;1;BID;;;;;
20251107;063849.460;;25309.50;25309.50;2;ASK;;;;;
20251107;063849.460;;25309.25;25309.25;1;ASK;;;;;
20251107;063849.472;;25309.50;25309.50;2;ASK;;;;;
20251107;063850.448;25308.50;;25308.50;1;BID;;;;;
20251107;063850.448;;25309.50;25309.50;1;ASK;;;;;
20251107;063850.448;;25309.75;25309.75;1;ASK;;;;;
20251107;063850.448;25308.25;;25308.25;2;BID;;;;;
20251107;063850.448;25308.25;;25308.25;1;BID;;;;;
20251107;063850.448;;25309.75;25309.75;2;ASK;;;;;
20251107;063850.448;;25309.50;25309.50;1;ASK;;;;;
20251107;063850.448;;25309.50;25309.50;2;ASK;;;;;
20251107;063850.452;;25309.25;25309.25;1;ASK;;;;;
20251107;063850.472;;25309.50;25309.50;2;ASK;;;;;
20251107;063850.472;25308.50;;25308.50;1;BID;;;;;
20251107;063850.472;25308.25;;25308.25;1;BID;;;;;
20251107;063850.472;;25309.50;25309.50;1;ASK;;;;;
20251107;063850.472;;25309.25;25309.25;1;ASK;;;;;
20251107;063850.472;25308.00;;25308.00;2;BID;;;;;
20251107;063850.476;;25309.75;25309.75;2;ASK;;;;;
20251107;063850.476;25308.25;;25308.25;1;BID;;;;;
20251107;063850.476;;25309.50;25309.50;1;ASK;;;;;
20251107;063850.476;;25309.50;25309.50;2;ASK;;;;;
20251107;063850.500;;25309.25;25309.25;1;ASK;;;;;
20251107;063850.500;25308.00;;25308.00;2;BID;;;;;
20251107;063850.592;25308.25;;25308.25;1;BID;;;;;
20251107;063850.592;;25309.50;25309.50;2;ASK;;;;;
20251107;063850.592;;25309.25;25309.25;1;ASK;;;;;
20251107;063850.592;;25309.50;25309.50;2;ASK;;;;;
20251107;063850.760;25308.50;;25308.50;1;BID;;;;;
20251107;063850.760;25308.25;;25308.25;1;BID;;;;;
20251107;063850.764;;25309.25;25309.25;1;ASK;;;;;
20251107;063850.852;;25309.50;25309.50;2;ASK;;;;;
20251107;063850.852;;25309.50;25309.50;1;ASK;;;;;
20251107;063850.852;;25309.75;25309.75;1;ASK;;;;;
20251107;063850.852;;25309.75;25309.75;2;ASK;;;;;
20251107;063850.852;25308.50;;25308.50;1;BID;;;;;
20251107;063850.852;;25309.50;25309.50;1;ASK;;;;;
20251107;063850.856;25308.25;;25308.25;1;BID;;;;;
20251107;063850.884;25308.25;;25308.25;2;BID;;;;;
20251107;063850.884;25308.50;;25308.50;1;BID;;;;;
20251107;063850.884;;25309.75;25309.75;2;ASK;;;;;
20251107;063850.936;25308.75;;25308.75;1;BID;;;;;
20251107;063850.936;;25309.75;25309.75;3;ASK;;;;;
20251107;063850.936;25308.50;;25308.50;1;BID;;;;;
20251107;063850.936;;25309.75;25309.75;2;ASK;;;;;
20251107;063850.940;25308.75;;25308.75;1;BID;;;;;
20251107;063850.980;25308.50;;25308.50;1;BID;;;;;
20251107;063850.980;;25309.50;25309.50;1;ASK;;;;;
20251107;063851.052;;25309.75;25309.75;2;ASK;;;;;
20251107;063851.512;25308.50;;25308.50;2;BID;;;;;
20251107;063851.512;25308.75;;25308.75;1;BID;;;;;
20251107;063851.512;;25309.75;25309.75;1;ASK;;;;;
20251107;063851.512;;25310.25;25310.25;2;ASK;;;;;
20251107;063851.516;25309.00;;25309.00;1;BID;;;;;
20251107;063851.516;;25310.25;25310.25;1;ASK;;;;;
20251107;063851.516;25309.25;;25309.25;1;BID;;;;;
20251107;063851.516;;25310.50;25310.50;2;ASK;;;;;
20251107;063851.516;;25310.00;25310.00;1;ASK;;;;;
20251107;063851.516;25308.75;;25308.75;1;BID;;;;;
20251107;063851.516;;25310.50;25310.50;1;ASK;;;;;
20251107;063851.516;25309.50;;25309.50;1;BID;;;;;
20251107;063851.516;;25310.75;25310.75;3;ASK;;;;;
20251107;063851.516;;25310.75;25310.75;2;ASK;;;;;
20251107;063851.516;;25310.50;25310.50;1;ASK;;;;;
20251107;063851.520;25309.00;;25309.00;1;BID;;;;;
20251107;063851.520;;25310.75;25310.75;1;ASK;;;;;
20251107;063851.520;;25310.75;25310.75;2;ASK;;;;;
20251107;063851.520;25309.00;;25309.00;2;BID;;;;;
20251107;063851.520;25309.00;;25309.00;3;BID;;;;;
20251107;063851.520;25309.00;;25309.00;4;BID;;;;;
20251107;063851.520;25309.25;;25309.25;1;BID;;;;;
20251107;063851.520;25309.50;;25309.50;1;BID;;;;;
20251107;063851.520;25309.50;;25309.50;2;BID;;;;;
20251107;063851.520;25309.50;;25309.50;1;BID;;;;;
20251107;063851.520;25309.75;;25309.75;1;BID;;;;;
20251107;063851.520;25309.50;;25309.50;1;BID;;;;;
20251107;063851.520;25309.75;;25309.75;1;BID;;;;;
20251107;063851.524;25309.50;;25309.50;1;BID;;;;;
20251107;063851.532;;25310.75;25310.75;3;ASK;;;;;
20251107;063851.532;;25310.50;25310.50;1;ASK;;;;;
20251107;063851.532;25309.25;;25309.25;2;BID;;;;;
20251107;063851.532;25309.25;;25309.25;1;BID;;;;;
20251107;063851.532;;25310.50;25310.50;2;ASK;;;;;
20251107;063851.532;25309.25;;25309.25;2;BID;;;;;
20251107;063851.536;25309.50;;25309.50;1;BID;;;;;
20251107;063851.536;25309.25;;25309.25;1;BID;;;;;
20251107;063851.536;;25310.50;25310.50;1;ASK;;;;;
20251107;063851.536;25309.25;;25309.25;2;BID;;;;;
20251107;063851.536;;25310.75;25310.75;3;ASK;;;;;
20251107;063851.536;;25310.75;25310.75;4;ASK;;;;;
20251107;063851.536;25309.50;;25309.50;1;BID;;;;;
20251107;063851.536;;25310.75;25310.75;3;ASK;;;;;
20251107;063851.536;;25310.50;25310.50;1;ASK;;;;;
20251107;063851.544;;25310.25;25310.25;1;ASK;;;;;
20251107;063851.544;25309.25;;25309.25;3;BID;;;;;
20251107;063851.544;25309.25;;25309.25;2;BID;;;;;
20251107;063851.548;25309.50;;25309.50;1;BID;;;;;
20251107;063851.548;;25310.75;25310.75;3;ASK;;;;;
20251107;063851.584;;25310.50;25310.50;1;ASK;;;;;
20251107;063851.584;25309.25;;25309.25;2;BID;;;;;
20251107;063851.632;25309.25;;25309.25;1;BID;;;;;
20251107;063851.632;;25310.50;25310.50;2;ASK;;;;;
20251107;063851.632;;25310.25;25310.25;1;ASK;;;;;
20251107;063851.632;25309.25;;25309.25;2;BID;;;;;
20251107;063851.632;;25310.25;25310.25;2;ASK;;;;;
20251107;063851.632;;25310.25;25310.25;1;ASK;;;;;
20251107;063851.632;25309.25;;25309.25;3;BID;;;;;
20251107;063851.632;;25310.50;25310.50;3;ASK;;;;;
20251107;063851.632;25309.50;;25309.50;1;BID;;;;;
20251107;063851.636;;25310.50;25310.50;2;ASK;;;;;
20251107;063851.684;;25310.25;25310.25;1;ASK;;;;;
20251107;063851.684;25309.25;;25309.25;1;BID;;;;;
20251107;063851.684;25309.00;;25309.00;4;BID;;;;;
20251107;063851.684;;25310.50;25310.50;2;ASK;;;;;
20251107;063851.684;25309.00;;25309.00;3;BID;;;;;
20251107;063851.684;25309.00;;25309.00;2;BID;;;;;
20251107;063851.684;25309.25;;25309.25;1;BID;;;;;
20251107;063851.692;25309.25;;25309.25;2;BID;;;;;
20251107;063851.692;25309.25;;25309.25;3;BID;;;;;
20251107;063852.064;;25310.50;25310.50;1;ASK;;;;;
20251107;063852.064;25309.50;;25309.50;1;BID;;;;;
20251107;063852.064;;25310.75;25310.75;3;ASK;;;;;
20251107;063852.064;;25310.75;25310.75;2;ASK;;;;;
20251107;063852.100;;25310.50;25310.50;1;ASK;;;;;
20251107;063852.100;25309.25;;25309.25;3;BID;;;;;
20251107;063852.100;25309.25;;25309.25;2;BID;;;;;
20251107;063852.176;25309.25;;25309.25;3;BID;;;;;
20251107;063852.176;25309.50;;25309.50;1;BID;;;;;
20251107;063852.176;;25310.75;25310.75;2;ASK;;;;;
20251107;063852.176;;25310.50;25310.50;1;ASK;;;;;
20251107;063852.440;;25310.75;25310.75;2;ASK;;;;;
20251107;063852.440;25309.50;;25309.50;2;BID;;;;;
20251107;063852.484;;25310.50;25310.50;1;ASK;;;;;
20251107;063852.484;25309.50;;25309.50;1;BID;;;;;
20251107;063852.492;;25310.25;25310.25;1;ASK;;;;;
20251107;063852.544;;25310.50;25310.50;1;ASK;;;;;
20251107;063852.544;;25310.75;25310.75;3;ASK;;;;;
20251107;063852.544;;25310.75;25310.75;2;ASK;;;;;
20251107;063852.548;;25310.50;25310.50;1;ASK;;;;;
20251107;063852.556;;25310.25;25310.25;1;ASK;;;;;
20251107;063852.556;;25310.50;25310.50;1;ASK;;;;;
20251107;063852.560;;25310.75;25310.75;2;ASK;;;;;
20251107;063852.560;;25310.75;25310.75;3;ASK;;;;;
20251107;063852.560;;25310.50;25310.50;1;ASK;;;;;
20251107;063852.676;;25310.25;25310.25;1;ASK;;;;;
20251107;063852.676;;25310.50;25310.50;2;ASK;;;;;
20251107;063852.724;;25310.25;25310.25;1;ASK;;;;;
20251107;063852.724;;25310.50;25310.50;2;ASK;;;;;
20251107;063852.728;;25310.50;25310.50;1;ASK;;;;;
20251107;063852.728;;25310.75;25310.75;3;ASK;;;;;
20251107;063852.728;;25310.75;25310.75;2;ASK;;;;;
20251107;063852.756;;25310.50;25310.50;1;ASK;;;;;
20251107;063852.808;;25310.75;25310.75;2;ASK;;;;;
20251107;063852.808;;25310.75;25310.75;3;ASK;;;;;
20251107;063852.808;;25310.50;25310.50;1;ASK;;;;;
20251107;063853.232;;25310.50;25310.50;2;ASK;;;;;
20251107;063853.236;;25310.25;25310.25;1;ASK;;;;;
20251107;063853.288;;25310.50;25310.50;2;ASK;;;;;
20251107;063853.340;;25310.25;25310.25;1;ASK;;;;;
20251107;063853.392;;25310.50;25310.50;2;ASK;;;;;
20251107;063853.448;;25310.25;25310.25;1;ASK;;;;;
20251107;063853.500;;25310.50;25310.50;2;ASK;;;;;
20251107;063853.556;;25310.25;25310.25;1;ASK;;;;;
20251107;063853.564;;25310.50;25310.50;2;ASK;;;;;
20251107;063853.608;;25310.25;25310.25;1;ASK;;;;;
20251107;063853.664;;25310.50;25310.50;2;ASK;;;;;
20251107;063853.712;;25310.25;25310.25;1;ASK;;;;;
20251107;063853.720;;25310.50;25310.50;2;ASK;;;;;
20251107;063853.720;;25310.50;25310.50;1;ASK;;;;;
20251107;063853.720;;25310.75;25310.75;3;ASK;;;;;
20251107;063853.720;;25310.75;25310.75;2;ASK;;;;;
20251107;063853.724;;25310.50;25310.50;1;ASK;;;;;
20251107;063853.724;25309.75;;25309.75;1;BID;;;;;
20251107;063853.724;;25310.50;25310.50;1;ASK;;;;;
20251107;063853.724;;25310.75;25310.75;2;ASK;;;;;
20251107;063853.724;25309.75;;25309.75;2;BID;;;;;
20251107;063853.728;;25310.75;25310.75;1;ASK;;;;;
20251107;063853.728;;25310.75;25310.75;1;ASK;;;;;
20251107;063853.728;;25311.00;25311.00;1;ASK;;;;;
20251107;063853.728;;25311.25;25311.25;2;ASK;;;;;
20251107;063853.728;25310.00;;25310.00;1;BID;;;;;
20251107;063853.728;;25311.25;25311.25;1;ASK;;;;;
20251107;063853.728;;25311.25;25311.25;1;ASK;;;;;
20251107;063853.728;;25311.50;25311.50;2;ASK;;;;;
20251107;063853.728;;25311.50;25311.50;1;ASK;;;;;
20251107;063853.728;;25311.50;25311.50;1;ASK;;;;;
20251107;063853.728;;25311.75;25311.75;1;ASK;;;;;
20251107;063853.728;;25311.75;25311.75;1;ASK;;;;;
20251107;063853.728;;25311.75;25311.75;1;ASK;;;;;
20251107;063853.728;;25312.00;25312.00;1;ASK;;;;;
20251107;063853.728;;25312.00;25312.00;1;ASK;;;;;
20251107;063853.728;;25312.00;25312.00;1;ASK;;;;;
20251107;063853.728;;25312.25;25312.25;1;ASK;;;;;
20251107;063853.728;;25312.25;25312.25;1;ASK;;;;;
20251107;063853.728;;25312.25;25312.25;1;ASK;;;;;
20251107;063853.728;;25312.50;25312.50;3;ASK;;;;;
20251107;063853.732;;25312.50;25312.50;1;ASK;;;;;
20251107;063853.732;;25312.50;25312.50;1;ASK;;;;;
20251107;063853.732;;25312.50;25312.50;1;ASK;;;;;
20251107;063853.732;;25312.75;25312.75;1;ASK;;;;;
20251107;063853.732;;25312.75;25312.75;1;ASK;;;;;
20251107;063853.732;;25313.00;25313.00;3;ASK;;;;;
20251107;063853.732;;25313.00;25313.00;2;ASK;;;;;
20251107;063853.732;25310.00;;25310.00;2;BID;;;;;
20251107;063853.732;25310.00;;25310.00;3;BID;;;;;
20251107;063853.732;25310.25;;25310.25;1;BID;;;;;
20251107;063853.732;25310.25;;25310.25;2;BID;;;;;
20251107;063853.732;;25313.00;25313.00;1;ASK;;;;;
20251107;063853.732;25310.50;;25310.50;1;BID;;;;;
20251107;063853.732;25310.50;;25310.50;2;BID;;;;;
20251107;063853.732;25312.00;;25312.00;1;BID;;;;;
20251107;063853.732;;25313.00;25313.00;1;ASK;;;;;
20251107;063853.732;;25313.50;25313.50;1;ASK;;;;;
20251107;063853.736;25312.00;;25312.00;2;BID;;;;;
20251107;063853.736;25312.00;;25312.00;3;BID;;;;;
20251107;063853.736;25312.00;;25312.00;4;BID;;;;;
20251107;063853.736;25312.25;;25312.25;1;BID;;;;;
20251107;063853.736;25312.25;;25312.25;2;BID;;;;;
20251107;063853.736;;25314.00;25314.00;1;ASK;;;;;
20251107;063853.736;;25313.25;25313.25;1;ASK;;;;;
20251107;063853.736;25312.25;;25312.25;1;BID;;;;;
20251107;063853.736;;25313.75;25313.75;1;ASK;;;;;
20251107;063853.744;;25313.50;25313.50;1;ASK;;;;;
20251107;063853.744;25312.25;;25312.25;2;BID;;;;;
20251107;063853.744;;25313.50;25313.50;2;ASK;;;;;
20251107;063853.744;;25313.50;25313.50;3;ASK;;;;;
20251107;063853.744;;25313.25;25313.25;1;ASK;;;;;
20251107;063853.744;;25313.25;25313.25;2;ASK;;;;;
20251107;063853.744;;25313.00;25313.00;1;ASK;;;;;
20251107;063853.744;;25313.00;25313.00;2;ASK;;;;;
20251107;063853.748;25312.25;;25312.25;1;BID;;;;;
20251107;063853.808;;25313.00;25313.00;1;ASK;;;;;
20251107;063853.808;;25313.25;25313.25;2;ASK;;;;;
20251107;063853.808;25312.00;;25312.00;2;BID;;;;;
20251107;063853.808;25312.25;;25312.25;1;BID;;;;;
20251107;063853.808;;25313.25;25313.25;1;ASK;;;;;
20251107;063853.808;;25313.50;25313.50;4;ASK;;;;;
20251107;063853.808;;25313.50;25313.50;3;ASK;;;;;
20251107;063853.808;;25313.25;25313.25;1;ASK;;;;;
20251107;063853.808;;25313.50;25313.50;4;ASK;;;;;
20251107;063853.808;;25313.50;25313.50;3;ASK;;;;;
20251107;063853.808;;25313.25;25313.25;1;ASK;;;;;
20251107;063853.808;;25313.25;25313.25;2;ASK;;;;;
20251107;063853.824;;25313.25;25313.25;1;ASK;;;;;
20251107;063853.824;;25313.50;25313.50;4;ASK;;;;;
20251107;063853.824;;25313.50;25313.50;3;ASK;;;;;
20251107;063853.824;25312.50;;25312.50;1;BID;;;;;
20251107;063853.824;;25313.50;25313.50;2;ASK;;;;;
20251107;063853.824;;25313.50;25313.50;1;ASK;;;;;
20251107;063853.824;;25313.75;25313.75;3;ASK;;;;;
20251107;063853.824;;25313.50;25313.50;1;ASK;;;;;
20251107;063853.824;;25313.50;25313.50;2;ASK;;;;;
20251107;063853.824;;25313.50;25313.50;3;ASK;;;;;
20251107;063853.828;;25313.50;25313.50;2;ASK;;;;;
20251107;063853.848;;25313.50;25313.50;1;ASK;;;;;
20251107;063853.848;;25313.75;25313.75;3;ASK;;;;;
20251107;063853.848;25312.75;;25312.75;1;BID;;;;;
20251107;063853.848;;25313.75;25313.75;2;ASK;;;;;
20251107;063853.848;25313.00;;25313.00;1;BID;;;;;
20251107;063853.848;;25313.75;25313.75;1;ASK;;;;;
20251107;063853.848;25313.00;;25313.00;2;BID;;;;;
20251107;063853.848;;25313.75;25313.75;1;ASK;;;;;
20251107;063853.848;;25314.00;25314.00;2;ASK;;;;;
20251107;063853.852;25313.25;;25313.25;1;BID;;;;;
20251107;063853.852;;25314.00;25314.00;1;ASK;;;;;
20251107;063853.852;;25314.25;25314.25;1;ASK;;;;;
20251107;063853.852;25313.25;;25313.25;2;BID;;;;;
20251107;063853.852;;25314.50;25314.50;2;ASK;;;;;
20251107;063853.852;;25314.50;25314.50;1;ASK;;;;;
20251107;063853.852;25313.50;;25313.50;1;BID;;;;;
20251107;063853.852;25313.25;;25313.25;3;BID;;;;;
20251107;063853.852;25313.25;;25313.25;2;BID;;;;;
20251107;063853.852;;25314.75;25314.75;1;ASK;;;;;
20251107;063853.852;;25315.00;25315.00;4;ASK;;;;;
20251107;063853.852;25313.50;;25313.50;1;BID;;;;;
20251107;063853.852;25313.50;;25313.50;2;BID;;;;;
20251107;063853.852;;25314.75;25314.75;1;ASK;;;;;
20251107;063853.852;;25314.75;25314.75;2;ASK;;;;;
20251107;063853.852;25313.50;;25313.50;3;BID;;;;;
20251107;063853.904;25313.75;;25313.75;1;BID;;;;;
20251107;063853.904;;25314.75;25314.75;1;ASK;;;;;
20251107;063853.904;;25315.00;25315.00;5;ASK;;;;;
20251107;063853.904;;25315.00;25315.00;6;ASK;;;;;
20251107;063853.904;;25315.00;25315.00;5;ASK;;;;;
20251107;063853.908;;25314.75;25314.75;1;ASK;;;;;
20251107;063853.920;25313.75;;25313.75;2;BID;;;;;
20251107;063853.920;;25315.00;25315.00;6;ASK;;;;;
20251107;063853.920;;25315.00;25315.00;5;ASK;;;;;
20251107;063853.924;;25314.75;25314.75;1;ASK;;;;;
20251107;063853.924;25313.75;;25313.75;1;BID;;;;;
20251107;063853.924;;25314.75;25314.75;2;ASK;;;;;
20251107;063853.924;25313.50;;25313.50;3;BID;;;;;
20251107;063853.936;;25314.50;25314.50;1;ASK;;;;;
20251107;063853.936;25313.50;;25313.50;2;BID;;;;;
20251107;063853.936;;25314.50;25314.50;2;ASK;;;;;
20251107;063853.944;;25314.50;25314.50;1;ASK;;;;;
20251107;063853.944;;25314.75;25314.75;2;ASK;;;;;
20251107;063853.944;25313.50;;25313.50;1;BID;;;;;
20251107;063853.944;;25314.50;25314.50;1;ASK;;;;;
20251107;063853.944;;25314.50;25314.50;2;ASK;;;;;
20251107;063853.948;;25314.50;25314.50;1;ASK;;;;;
20251107;063853.948;;25314.75;25314.75;3;ASK;;;;;
20251107;063853.948;;25314.75;25314.75;2;ASK;;;;;
20251107;063853.952;;25314.50;25314.50;1;ASK;;;;;
20251107;063854.012;;25314.75;25314.75;2;ASK;;;;;
20251107;063854.060;;25314.75;25314.75;1;ASK;;;;;
20251107;063854.060;25313.75;;25313.75;1;BID;;;;;
20251107;063854.060;;25315.00;25315.00;5;ASK;;;;;
20251107;063854.060;;25315.00;25315.00;6;ASK;;;;;
20251107;063854.060;;25315.00;25315.00;5;ASK;;;;;
20251107;063854.060;25313.50;;25313.50;1;BID;;;;;
20251107;063854.060;;25314.75;25314.75;1;ASK;;;;;
20251107;063854.060;;25314.75;25314.75;2;ASK;;;;;
20251107;063854.060;;25314.75;25314.75;1;ASK;;;;;
20251107;063854.060;25313.75;;25313.75;1;BID;;;;;
20251107;063854.060;;25315.00;25315.00;4;ASK;;;;;
20251107;063854.060;;25315.00;25315.00;5;ASK;;;;;
20251107;063854.060;25313.50;;25313.50;1;BID;;;;;
20251107;063854.060;;25314.75;25314.75;1;ASK;;;;;
20251107;063854.060;;25314.75;25314.75;2;ASK;;;;;
20251107;063854.064;25313.50;;25313.50;2;BID;;;;;
20251107;063854.080;25313.50;;25313.50;1;BID;;;;;
20251107;063854.196;;25314.50;25314.50;1;ASK;;;;;
20251107;063854.460;25313.75;;25313.75;1;BID;;;;;
20251107;063854.460;;25314.75;25314.75;2;ASK;;;;;
20251107;063854.460;;25314.75;25314.75;1;ASK;;;;;
20251107;063854.460;;25315.00;25315.00;5;ASK;;;;;
20251107;063854.460;;25315.00;25315.00;6;ASK;;;;;
20251107;063854.460;;25315.00;25315.00;5;ASK;;;;;
20251107;063854.460;25313.50;;25313.50;1;BID;;;;;
20251107;063854.460;;25314.75;25314.75;1;ASK;;;;;
20251107;063854.460;;25315.00;25315.00;5;ASK;;;;;
20251107;063854.468;;25314.75;25314.75;1;ASK;;;;;
20251107;063854.468;;25314.75;25314.75;2;ASK;;;;;
20251107;063854.468;25313.75;;25313.75;1;BID;;;;;
20251107;063854.468;;25314.75;25314.75;1;ASK;;;;;
20251107;063854.468;;25315.00;25315.00;4;ASK;;;;;
20251107;063854.468;;25315.00;25315.00;5;ASK;;;;;
20251107;063854.468;25313.50;;25313.50;1;BID;;;;;
20251107;063854.468;;25314.75;25314.75;1;ASK;;;;;
20251107;063854.468;25313.50;;25313.50;2;BID;;;;;
20251107;063854.468;25313.50;;25313.50;3;BID;;;;;
20251107;063854.468;25313.75;;25313.75;1;BID;;;;;
20251107;063854.468;;25315.00;25315.00;5;ASK;;;;;
20251107;063854.468;25313.75;;25313.75;2;BID;p_shape;SHORT;25315.00;;
20251107;063854.516;25314.00;;25314.00;1;BID;;;;;
20251107;063854.580;25313.75;;25313.75;2;BID;;;;;
20251107;063854.668;25313.75;;25313.75;1;BID;;;;;
20251107;063854.668;25313.75;;25313.75;1;BID;;;;;
20251107;063854.668;;25314.75;25314.75;1;ASK;;;;;
20251107;063854.668;;25314.75;25314.75;2;ASK;;;;;
20251107;063854.668;;25314.75;25314.75;3;ASK;;;;;
20251107;063854.668;;25314.75;25314.75;2;ASK;;;;;
20251107;063854.668;;25314.75;25314.75;3;ASK;;;;;
20251107;063854.672;;25314.75;25314.75;2;ASK;;;;;
20251107;063854.672;;25314.75;25314.75;1;ASK;;;;;
20251107;063854.672;;25315.00;25315.00;4;ASK;;;;;
20251107;063854.672;;25315.00;25315.00;5;ASK;;;;;
20251107;063854.724;;25314.75;25314.75;1;ASK;;;;;
20251107;063854.724;;25314.75;25314.75;2;ASK;;;;;
20251107;063854.724;;25314.75;25314.75;1;ASK;;;;;
20251107;063854.780;;25315.00;25315.00;6;ASK;;;;;
20251107;063854.780;;25315.00;25315.00;5;ASK;;;;;
20251107;063854.780;;25314.75;25314.75;1;ASK;;;;;
20251107;063854.888;;25315.00;25315.00;6;ASK;;;;;
20251107;063854.888;;25315.00;25315.00;5;ASK;;;;;
20251107;063854.888;;25314.75;25314.75;1;ASK;;;;;
20251107;063854.988;25314.00;;25314.00;1;BID;;;;;
20251107;063854.988;;25315.00;25315.00;5;ASK;;;;;
20251107;063854.988;;25315.00;25315.00;4;ASK;;;;;
20251107;063854.988;25314.00;;25314.00;2;BID;;;;;
20251107;063854.988;25314.75;;25314.75;1;BID;;;;;
20251107;063854.988;;25315.00;25315.00;1;ASK;;;;;
20251107;063854.988;;25315.00;25315.00;1;ASK;;;;;
20251107;063854.988;;25315.00;25315.00;1;ASK;;;;;
20251107;063854.988;;25315.00;25315.00;1;ASK;;;;;
20251107;063854.992;;25315.00;25315.00;1;ASK;;;;;
20251107;063854.992;;25315.25;25315.25;1;ASK;;;;;
20251107;063854.992;25314.75;;25314.75;1;BID;;;;;
20251107;063854.992;25314.25;;25314.25;1;BID;;;;;
20251107;063854.992;;25315.25;25315.25;1;ASK;;;;;
20251107;063854.992;;25315.50;25315.50;1;ASK;;;;;
20251107;063854.992;;25315.50;25315.50;5;ASK;;;;;
20251107;063854.992;25314.25;;25314.25;2;BID;;;;;
20251107;063854.992;25314.25;;25314.25;3;BID;;;;;
20251107;063854.996;25314.25;;25314.25;4;BID;;;;;
20251107;063854.996;25314.25;;25314.25;3;BID;;;;;
20251107;063854.996;25314.50;;25314.50;1;BID;;;;;
20251107;063854.996;;25315.50;25315.50;6;ASK;;;;;
20251107;063854.996;25314.25;;25314.25;4;BID;;;;;
20251107;063854.996;25314.25;;25314.25;3;BID;;;;;
20251107;063854.996;;25315.25;25315.25;1;ASK;;;;;
20251107;063854.996;;25315.50;25315.50;6;ASK;;;;;
20251107;063854.996;25314.25;;25314.25;2;BID;;;;;
20251107;063854.996;;25315.25;25315.25;1;ASK;;;;;
20251107;063854.996;;25315.25;25315.25;2;ASK;;;;;
20251107;063854.996;;25315.25;25315.25;1;ASK;;;;;
20251107;063855.028;25314.50;;25314.50;1;BID;;;;;
20251107;063855.028;25314.25;;25314.25;1;BID;;;;;
20251107;063855.028;;25315.00;25315.00;1;ASK;;;;;
20251107;063855.044;;25315.25;25315.25;3;ASK;;;;;
20251107;063855.044;;25315.25;25315.25;2;ASK;;;;;
20251107;063855.332;25314.50;;25314.50;1;BID;;;;;
20251107;063855.332;;25315.25;25315.25;1;ASK;;;;;
20251107;063855.332;;25315.50;25315.50;7;ASK;;;;;
20251107;063855.332;25314.75;;25314.75;1;BID;;;;;
20251107;063855.332;;25315.50;25315.50;6;ASK;;;;;
20251107;063855.336;;25315.50;25315.50;5;ASK;;;;;
20251107;063855.456;25314.50;;25314.50;1;BID;;;;;
20251107;063855.512;25314.75;;25314.75;1;BID;;;;;
20251107;063855.516;25315.00;;25315.00;1;BID;;;;;
20251107;063855.516;25314.50;;25314.50;1;BID;;;;;
20251107;063855.516;25314.50;;25314.50;2;BID;;;;;
20251107;063855.516;25314.75;;25314.75;1;BID;;;;;
20251107;063855.516;25314.50;;25314.50;2;BID;;;;;
20251107;063855.560;25314.50;;25314.50;1;BID;;;;;
20251107;063855.560;25314.50;;25314.50;1;BID;;;;;
20251107;063855.560;25314.25;;25314.25;2;BID;;;;;
20251107;063855.560;25314.25;;25314.25;1;BID;;;;;
20251107;063855.560;25314.25;;25314.25;2;BID;;;;;
20251107;063855.560;25314.50;;25314.50;1;BID;;;;;
20251107;063855.576;;25315.25;25315.25;1;ASK;;;;;
20251107;063855.576;25314.25;;25314.25;2;BID;;;;;
20251107;063855.576;25314.25;;25314.25;3;BID;;;;;
20251107;063855.816;25314.50;;25314.50;1;BID;;;;;
20251107;063855.816;25314.25;;25314.25;2;BID;;;;;
20251107;063856.188;;25315.00;25315.00;1;ASK;;;;;
20251107;063856.188;25314.25;;25314.25;1;BID;;;;;
20251107;063856.188;25314.00;;25314.00;2;BID;;;;;
20251107;063856.188;25314.00;;25314.00;1;BID;;;;;
20251107;063856.188;;25315.25;25315.25;1;ASK;;;;;
20251107;063856.208;25314.00;;25314.00;2;BID;;;;;
20251107;063856.208;25314.25;;25314.25;1;BID;;;;;
20251107;063856.216;25314.00;;25314.00;2;BID;;;;;
20251107;063856.232;25314.25;;25314.25;1;BID;;;;;
20251107;063856.324;25314.00;;25314.00;2;BID;;;;;
20251107;063856.324;;25315.00;25315.00;1;ASK;;;;;
20251107;063856.440;;25315.25;25315.25;1;ASK;;;;;
20251107;063856.480;25314.25;;25314.25;1;BID;;;;;
20251107;063856.892;25314.00;;25314.00;2;BID;;;;;
20251107;063856.892;;25315.00;25315.00;1;ASK;;;;;
20251107;063856.896;;25315.25;25315.25;1;ASK;;;;;
20251107;063856.956;25314.25;;25314.25;1;BID;;;;;
20251107;063857.336;25314.00;;25314.00;2;BID;;;;;
20251107;063857.340;;25315.00;25315.00;1;ASK;;;;;
20251107;063857.356;;25315.25;25315.25;1;ASK;;;;;
20251107;063857.460;25314.25;;25314.25;1;BID;;;;;
20251107;063857.568;25314.00;;25314.00;2;BID;;;;;
20251107;063857.684;;25315.25;25315.25;1;ASK;;;;;
20251107;063857.684;;25315.50;25315.50;6;ASK;;;;;
20251107;063857.684;25314.25;;25314.25;1;BID;;;;;
20251107;063857.684;;25315.50;25315.50;5;ASK;;;;;
20251107;063857.684;25314.25;;25314.25;2;BID;;;;;
20251107;063857.684;;25315.50;25315.50;4;ASK;;;;;
20251107;063857.684;25314.25;;25314.25;1;BID;;;;;
20251107;063857.684;25314.50;;25314.50;1;BID;;;;;
20251107;063857.684;25314.75;;25314.75;1;BID;;;;;
20251107;063857.684;25314.50;;25314.50;1;BID;;;;;
20251107;063857.692;25314.75;;25314.75;1;BID;;;;;
20251107;063857.696;25315.00;;25315.00;1;BID;;;;;
20251107;063857.696;;25315.50;25315.50;1;ASK;;;;;
20251107;063857.696;;25315.50;25315.50;1;ASK;;;;;
20251107;063857.696;;25315.50;25315.50;2;ASK;;;;;
20251107;063857.696;;25315.75;25315.75;3;ASK;;;;;
20251107;063857.696;25315.25;;25315.25;1;BID;;;;;
20251107;063857.696;;25315.75;25315.75;1;ASK;;;;;
20251107;063857.696;;25315.75;25315.75;1;ASK;;;;;
20251107;063857.696;;25315.75;25315.75;1;ASK;;;;;
20251107;063857.696;;25316.00;25316.00;1;ASK;;;;;
20251107;063857.696;25315.25;;25315.25;2;BID;;;;;
20251107;063857.696;25315.25;;25315.25;3;BID;;;;;
20251107;063857.696;25315.50;;25315.50;1;BID;;;;;
20251107;063857.700;;25316.25;25316.25;1;ASK;;;;;
20251107;063857.700;;25316.50;25316.50;1;ASK;;;;;
20251107;063857.700;25315.50;;25315.50;2;BID;;;;;
20251107;063857.700;25315.75;;25315.75;1;BID;;;;;
20251107;063857.700;;25317.00;25317.00;2;ASK;;;;;
20251107;063857.700;;25316.75;25316.75;1;ASK;;;;;
20251107;063857.700;;25317.00;25317.00;2;ASK;;;;;
20251107;063857.700;;25317.00;25317.00;3;ASK;;;;;
20251107;063857.700;;25317.00;25317.00;2;ASK;;;;;
20251107;063857.700;25315.50;;25315.50;1;BID;;;;;
20251107;063857.700;;25317.00;25317.00;3;ASK;;;;;
20251107;063857.700;;25316.75;25316.75;1;ASK;;;;;
20251107;063857.708;25315.75;;25315.75;1;BID;;;;;
20251107;063857.708;25315.50;;25315.50;2;BID;;;;;
20251107;063857.708;25315.75;;25315.75;1;BID;;;;;
20251107;063857.708;;25316.50;25316.50;1;ASK;;;;;
20251107;063857.708;;25316.75;25316.75;1;ASK;;;;;
20251107;063857.716;25315.50;;25315.50;2;BID;;;;;
20251107;063857.716;25315.75;;25315.75;1;BID;;;;;
20251107;063857.724;;25316.75;25316.75;2;ASK;;;;;
20251107;063857.724;;25316.50;25316.50;1;ASK;;;;;
20251107;063857.724;25315.50;;25315.50;2;BID;;;;;
20251107;063857.724;25316.00;;25316.00;1;BID;;;;;
20251107;063857.724;25315.50;;25315.50;2;BID;;;;;
20251107;063857.724;;25316.75;25316.75;2;ASK;;;;;
20251107;063857.724;;25316.75;25316.75;1;ASK;;;;;
20251107;063857.724;25315.75;;25315.75;1;BID;;;;;
20251107;063857.736;25315.75;;25315.75;2;BID;;;;;
20251107;063857.736;;25317.00;25317.00;4;ASK;;;;;
20251107;063857.736;;25317.00;25317.00;3;ASK;;;;;
20251107;063857.736;;25317.00;25317.00;2;ASK;;;;;
20251107;063857.736;25316.00;;25316.00;1;BID;;;;;
20251107;063857.740;;25316.75;25316.75;1;ASK;;;;;
20251107;063857.740;25315.75;;25315.75;2;BID;;;;;
20251107;063857.772;25315.75;;25315.75;1;BID;;;;;
20251107;063857.772;25315.50;;25315.50;4;BID;;;;;
20251107;063857.772;25315.50;;25315.50;3;BID;;;;;
20251107;063857.772;25315.50;;25315.50;4;BID;;;;;
20251107;063857.772;25315.75;;25315.75;1;BID;;;;;
20251107;063857.772;;25317.00;25317.00;2;ASK;;;;;
20251107;063857.772;25316.00;;25316.00;1;BID;;;;;
20251107;063857.796;25316.25;;25316.25;1;BID;;;;;
20251107;063857.796;;25317.00;25317.00;1;ASK;;;;;
20251107;063857.800;;25317.25;25317.25;2;ASK;;;;;
20251107;063857.800;;25317.25;25317.25;1;ASK;;;;;
20251107;063857.800;;25317.75;25317.75;3;ASK;;;;;
20251107;063857.800;;25317.50;25317.50;1;ASK;;;;;
20251107;063857.800;;25317.75;25317.75;4;ASK;;;;;
20251107;063857.800;;25317.50;25317.50;1;ASK;;;;;
20251107;063857.800;;25317.50;25317.50;2;ASK;;;;;
20251107;063857.800;;25317.50;25317.50;1;ASK;;;;;
20251107;063857.800;;25317.50;25317.50;2;ASK;;;;;
20251107;063857.800;;25317.25;25317.25;1;ASK;;;;;
20251107;063857.800;25316.00;;25316.00;1;BID;;;;;
20251107;063857.800;;25317.25;25317.25;2;ASK;;;;;
20251107;063857.800;;25317.25;25317.25;3;ASK;;;;;
20251107;063857.800;25316.25;;25316.25;1;BID;;;;;
20251107;063857.800;25316.00;;25316.00;1;BID;;;;;
20251107;063857.800;25316.00;;25316.00;1;BID;;;;;
20251107;063857.800;25315.75;;25315.75;1;BID;;;;;
20251107;063857.800;;25317.00;25317.00;1;ASK;;;;;
20251107;063857.800;;25317.00;25317.00;2;ASK;;;;;
20251107;063857.800;25316.00;;25316.00;1;BID;;;;;
20251107;063857.800;;25317.00;25317.00;3;ASK;;;;;
20251107;063857.800;25315.75;;25315.75;1;BID;;;;;
20251107;063857.800;;25317.00;25317.00;4;ASK;;;;;
20251107;063857.800;;25316.75;25316.75;1;ASK;;;;;
20251107;063857.800;25315.75;;25315.75;2;BID;;;;;
20251107;063857.800;;25317.00;25317.00;4;ASK;;;;;
20251107;063857.800;;25316.75;25316.75;1;ASK;;;;;
20251107;063857.800;;25317.00;25317.00;4;ASK;;;;;
20251107;063857.800;25316.00;;25316.00;1;BID;;;;;
20251107;063857.804;;25316.75;25316.75;1;ASK;;;;;
20251107;063857.804;25315.75;;25315.75;2;BID;;;;;
20251107;063857.804;25315.75;;25315.75;1;BID;;;;;
20251107;063857.816;;25317.00;25317.00;5;ASK;;;;;
20251107;063857.816;;25317.00;25317.00;4;ASK;;;;;
20251107;063857.816;;25316.75;25316.75;1;ASK;;;;;
20251107;063857.896;25315.50;;25315.50;4;BID;;;;;
20251107;063857.896;;25316.50;25316.50;1;ASK;;;;;
20251107;063857.896;25315.50;;25315.50;3;BID;;;;;
20251107;063857.896;25315.50;;25315.50;2;BID;;;;;
20251107;063857.900;;25316.75;25316.75;1;ASK;;;;;
20251107;063857.900;25315.75;;25315.75;1;BID;;;;;
20251107;063857.952;;25316.50;25316.50;1;ASK;;;;;
20251107;063857.952;25315.50;;25315.50;2;BID;;;;;
20251107;063857.976;;25316.50;25316.50;2;ASK;;;;;
20251107;063857.976;25315.50;;25315.50;1;BID;;;;;
20251107;063857.976;;25316.25;25316.25;1;ASK;;;;;
20251107;063857.976;25315.50;;25315.50;1;BID;;;;;
20251107;063857.976;25315.25;;25315.25;3;BID;;;;;
20251107;063857.980;;25316.25;25316.25;2;ASK;;;;;
20251107;063857.980;25315.25;;25315.25;2;BID;;;;;
20251107;063857.980;25315.25;;25315.25;1;BID;;;;;
20251107;063857.980;25315.00;;25315.00;1;BID;;;;;
20251107;063857.980;;25316.25;25316.25;3;ASK;;;;;
20251107;063857.980;;25316.25;25316.25;4;ASK;;;;;
20251107;063857.980;;25316.00;25316.00;1;ASK;;;;;
20251107;063857.980;;25315.75;25315.75;1;ASK;;;;;
20251107;063857.980;25314.75;;25314.75;2;BID;;;;;
20251107;063857.980;25314.75;;25314.75;1;BID;;;;;
20251107;063857.980;25314.25;;25314.25;3;BID;;;;;
20251107;063857.980;25314.25;;25314.25;2;BID;;;;;
20251107;063857.980;;25315.50;25315.50;1;ASK;;;;;
20251107;063857.984;25314.50;;25314.50;1;BID;;;;;
20251107;063857.984;;25315.75;25315.75;2;ASK;;;;;
20251107;063857.984;25314.25;;25314.25;1;BID;;;;;
20251107;063857.984;;25315.50;25315.50;1;ASK;;;;;
20251107;063857.984;25314.00;;25314.00;2;BID;;;;;
20251107;063857.984;25314.25;;25314.25;1;BID;;;;;
20251107;063857.984;;25315.75;25315.75;2;ASK;;;;;
20251107;063857.984;25314.50;;25314.50;1;BID;;;;;
20251107;063857.996;;25315.50;25315.50;1;ASK;;;;;
20251107;063857.996;25314.25;;25314.25;3;BID;;;;;
20251107;063857.996;25314.25;;25314.25;2;BID;;;;;
20251107;063857.996;;25315.75;25315.75;2;ASK;;;;;
20251107;063857.996;25314.50;;25314.50;1;BID;;;;;
20251107;063858.016;25314.50;;25314.50;1;BID;;;;;
20251107;063858.016;25314.25;;25314.25;2;BID;;;;;
20251107;063858.016;;25315.50;25315.50;1;ASK;;;;;
20251107;063858.016;;25315.50;25315.50;2;ASK;;;;;
20251107;063858.016;25314.25;;25314.25;1;BID;;;;;
20251107;063858.016;;25315.25;25315.25;1;ASK;;;;;
20251107;063858.016;25314.25;;25314.25;2;BID;;;;;
20251107;063858.016;;25315.50;25315.50;2;ASK;;;;;
20251107;063858.016;25314.50;;25314.50;1;BID;;;;;
20251107;063858.016;;25315.50;25315.50;1;ASK;;;;;
20251107;063858.020;25314.25;;25314.25;2;BID;;;;;
20251107;063858.024;25314.25;;25314.25;1;BID;;;;;
20251107;063858.024;;25315.50;25315.50;2;ASK;;;;;
20251107;063858.024;;25315.25;25315.25;1;ASK;;;;;
20251107;063858.072;;25315.25;25315.25;2;ASK;;;;;
20251107;063858.072;;25315.00;25315.00;1;ASK;;;;;
20251107;063858.072;25314.00;;25314.00;3;BID;;;;;
20251107;063858.076;25314.00;;25314.00;2;BID;;;;;
20251107;063858.076;;25315.25;25315.25;2;ASK;;;;;
20251107;063858.076;25314.25;;25314.25;1;BID;;;;;
20251107;063858.080;;25315.25;25315.25;1;ASK;;;;;
20251107;063858.104;25314.00;;25314.00;2;BID;;;;;
20251107;063858.104;;25315.00;25315.00;1;ASK;;;;;
20251107;063858.104;;25315.00;25315.00;2;ASK;;;;;
20251107;063858.132;;25315.00;25315.00;1;ASK;;;;;
20251107;063858.132;25314.25;;25314.25;1;BID;;;;;
20251107;063858.152;25314.00;;25314.00;2;BID;;;;;
20251107;063858.580;;25315.00;25315.00;1;ASK;;;;;
20251107;063858.580;;25315.25;25315.25;2;ASK;;;;;
20251107;063858.580;25314.25;;25314.25;1;BID;;;;;
20251107;063858.580;;25315.25;25315.25;1;ASK;;;;;
20251107;063858.580;;25315.50;25315.50;2;ASK;;;;;
20251107;063858.580;25314.50;;25314.50;1;BID;;;;;
20251107;063858.580;;25315.50;25315.50;1;ASK;;;;;
20251107;063858.580;25314.25;;25314.25;2;BID;;;;;
20251107;063858.580;25314.25;;25314.25;3;BID;;;;;
20251107;063858.580;;25315.75;25315.75;1;ASK;;;;;
20251107;063858.580;25314.50;;25314.50;1;BID;;;;;
20251107;063858.580;25314.75;;25314.75;1;BID;;;;;
20251107;063858.664;;25316.00;25316.00;1;ASK;;;;;
20251107;063858.696;25315.00;;25315.00;1;BID;;;;;
20251107;063858.696;;25316.25;25316.25;3;ASK;;;;;
20251107;063858.696;;25316.25;25316.25;2;ASK;;;;;
20251107;063858.696;25315.25;;25315.25;1;BID;;;;;
20251107;063858.696;;25316.25;25316.25;1;ASK;;;;;
20251107;063858.696;;25316.50;25316.50;3;ASK;;;;;
20251107;063858.696;;25316.50;25316.50;2;ASK;;;;;
20251107;063858.696;;25316.25;25316.25;1;ASK;;;;;
20251107;063858.696;25315.00;;25315.00;2;BID;;;;;
20251107;063858.696;25315.00;;25315.00;1;BID;;;;;
20251107;063858.696;;25316.25;25316.25;2;ASK;;;;;
20251107;063858.696;25314.75;;25314.75;1;BID;;;;;
20251107;063858.696;;25316.00;25316.00;1;ASK;;;;;
20251107;063858.700;25315.00;;25315.00;1;BID;;;;;
20251107;063858.700;;25316.25;25316.25;1;ASK;;;;;
20251107;063858.700;25315.25;;25315.25;1;BID;;;;;
20251107;063858.700;25315.00;;25315.00;1;BID;;;;;
20251107;063858.700;;25316.00;25316.00;1;ASK;;;;;
20251107;063858.704;;25316.25;25316.25;1;ASK;;;;;
20251107;063858.704;25315.25;;25315.25;1;BID;;;;;
20251107;063858.704;25315.00;;25315.00;1;BID;;;;;
20251107;063858.704;;25316.00;25316.00;1;ASK;;;;;
20251107;063858.732;;25316.25;25316.25;1;ASK;;;;;
20251107;063858.732;25315.25;;25315.25;1;BID;;;;;
20251107;063858.736;25315.00;;25315.00;1;BID;;;;;
20251107;063858.736;;25316.00;25316.00;1;ASK;;;;;
20251107;063858.736;;25316.25;25316.25;1;ASK;;;;;
20251107;063858.736;25315.25;;25315.25;1;BID;;;;;
20251107;063858.736;25315.00;;25315.00;1;BID;;;;;
20251107;063858.740;;25316.00;25316.00;1;ASK;;;;;
20251107;063858.740;;25316.25;25316.25;1;ASK;;;;;
20251107;063858.740;25315.25;;25315.25;1;BID;;;;;
20251107;063858.740;;25316.50;25316.50;3;ASK;;;;;
20251107;063858.740;;25316.50;25316.50;2;ASK;;;;;
20251107;063858.744;;25316.25;25316.25;1;ASK;;;;;
20251107;063858.744;25315.00;;25315.00;1;BID;;;;;
20251107;063858.768;;25316.00;25316.00;1;ASK;;;;;
20251107;063858.768;;25316.25;25316.25;1;ASK;;;;;
20251107;063858.768;25315.25;;25315.25;1;BID;;;;;
20251107;063858.768;25315.00;;25315.00;1;BID;;;;;
20251107;063858.800;25315.25;;25315.25;1;BID;;;;;
20251107;063858.876;25315.00;;25315.00;1;BID;;;;;
20251107;063858.876;;25316.00;25316.00;1;ASK;;;;;
20251107;063858.876;;25316.25;25316.25;1;ASK;;;;;
20251107;063858.876;25315.25;;25315.25;1;BID;;;;;
20251107;063858.980;;25316.00;25316.00;1;ASK;;;;;
20251107;063858.980;25315.00;;25315.00;1;BID;;;;;
20251107;063858.992;;25316.25;25316.25;1;ASK;;;;;
20251107;063859.000;25315.25;;25315.25;1;BID;;;;;
20251107;063859.004;25315.00;;25315.00;1;BID;;;;;
20251107;063859.004;;25316.00;25316.00;1;ASK;;;;;
20251107;063859.076;25314.75;;25314.75;2;BID;;;;;
20251107;063859.092;;25316.25;25316.25;1;ASK;;;;;
20251107;063859.092;25315.00;;25315.00;1;BID;;;;;
20251107;063859.092;25315.25;;25315.25;1;BID;;;;;
20251107;063859.092;25315.00;;25315.00;1;BID;;;;;
20251107;063859.148;;25316.25;25316.25;2;ASK;;;;;
20251107;063859.148;;25316.00;25316.00;1;ASK;;;;;
20251107;063859.148;;25316.25;25316.25;1;ASK;;;;;
20251107;063859.148;;25316.25;25316.25;2;ASK;;;;;
20251107;063859.148;25314.75;;25314.75;2;BID;;;;;
20251107;063859.148;;25316.25;25316.25;1;ASK;;;;;
20251107;063859.148;;25316.00;25316.00;1;ASK;;;;;
20251107;063859.192;;25316.25;25316.25;1;ASK;;;;;
20251107;063859.192;25315.00;;25315.00;1;BID;;;;;
20251107;063859.192;25315.00;;25315.00;2;BID;;;;;
20251107;063859.192;25315.25;;25315.25;1;BID;;;;;
20251107;063859.196;25315.00;;25315.00;1;BID;;;;;
20251107;063859.208;25315.25;;25315.25;1;BID;;;;;
20251107;063859.240;25315.00;;25315.00;1;BID;;;;;
20251107;063859.300;25315.00;;25315.00;2;BID;;;;;
20251107;063859.300;25315.25;;25315.25;1;BID;;;;;
20251107;063859.300;;25316.50;25316.50;4;ASK;;;;;
20251107;063859.300;;25316.50;25316.50;3;ASK;;;;;
20251107;063859.300;;25316.25;25316.25;1;ASK;;;;;
20251107;063859.464;;25316.50;25316.50;3;ASK;;;;;
20251107;063859.464;;25316.50;25316.50;2;ASK;;;;;
20251107;063859.468;;25316.25;25316.25;1;ASK;;;;;
20251107;063859.924;25315.00;;25315.00;3;BID;;;;;
20251107;063859.924;25315.00;;25315.00;2;BID;;;;;
20251107;063859.924;25315.25;;25315.25;1;BID;;;;;
20251107;063859.928;25315.00;;25315.00;2;BID;;;;;
20251107;063859.928;25315.25;;25315.25;1;BID;;;;;
20251107;063859.928;25315.00;;25315.00;2;BID;;;;;
20251107;063859.928;25315.25;;25315.25;1;BID;;;;;
20251107;063859.928;25315.00;;25315.00;2;BID;;;;;
20251107;063859.940;;25316.00;25316.00;1;ASK;;;;;
20251107;063859.980;;25316.00;25316.00;1;ASK;;;;;
20251107;063859.980;;25316.25;25316.25;1;ASK;;;;;
20251107;063859.980;25315.25;;25315.25;1;BID;;;;;
20251107;063859.980;;25316.25;25316.25;2;ASK;;;;;
20251107;063859.980;;25316.25;25316.25;1;ASK;;;;;
20251107;063859.980;25315.00;;25315.00;2;BID;;;;;
20251107;063859.980;25315.00;;25315.00;3;BID;;;;;
20251107;063859.992;25315.00;;25315.00;4;BID;;;;;
20251107;063859.992;;25316.50;25316.50;4;ASK;;;;;
20251107;063859.992;25315.25;;25315.25;1;BID;;;;;
20251107;063859.992;;25316.50;25316.50;3;ASK;;;;;
20251107;063859.992;;25316.50;25316.50;2;ASK;;;;;
20251107;063859.992;25315.50;;25315.50;1;BID;;;;;
20251107;063900.012;25315.25;;25315.25;2;BID;;;;;
20251107;063900.012;25315.25;;25315.25;1;BID;;;;;
20251107;063900.016;25315.50;;25315.50;1;BID;;;;;
20251107;063900.024;25315.50;;25315.50;1;BID;;;;;
20251107;063900.024;25315.25;;25315.25;1;BID;;;;;
20251107;063900.024;;25316.25;25316.25;1;ASK;;;;;
20251107;063900.024;25315.00;;25315.00;4;BID;;;;;
20251107;063900.024;25315.00;;25315.00;3;BID;;;;;
20251107;063900.024;25315.00;;25315.00;2;BID;;;;;
20251107;063900.024;;25316.25;25316.25;2;ASK;;;;;
20251107;063900.028;;25316.00;25316.00;1;ASK;;;;;
20251107;063900.028;;25316.25;25316.25;3;ASK;;;;;
20251107;063900.028;;25316.25;25316.25;2;ASK;;;;;
20251107;063900.032;;25316.00;25316.00;1;ASK;;;;;
20251107;063900.032;25315.00;;25315.00;1;BID;;;;;
20251107;063900.104;;25316.25;25316.25;2;ASK;;;;;
20251107;063900.104;25315.25;;25315.25;1;BID;;;;;
20251107;063900.168;25315.00;;25315.00;1;BID;;;;;
20251107;063900.168;;25316.00;25316.00;1;ASK;;;;;
20251107;063900.336;;25316.25;25316.25;2;ASK;;;;;
20251107;063900.404;;25316.00;25316.00;1;ASK;;;;;
20251107;063900.440;;25316.25;25316.25;2;ASK;;;;;
20251107;063900.440;25315.25;;25315.25;1;BID;;;;;
20251107;063900.440;;25316.25;25316.25;1;ASK;;;;;
20251107;063900.440;25315.25;;25315.25;2;BID;;;;;
20251107;063900.440;;25316.00;25316.00;1;ASK;;;;;
20251107;063900.440;25315.25;;25315.25;1;BID;;;;;
20251107;063900.440;25315.00;;25315.00;1;BID;;;;;
20251107;063900.440;25314.75;;25314.75;1;BID;;;;;
20251107;063900.440;;25315.75;25315.75;1;ASK;;;;;
20251107;063900.440;25314.50;;25314.50;3;BID;;;;;
20251107;063900.440;25315.00;;25315.00;1;BID;;;;;
20251107;063900.440;;25315.50;25315.50;1;ASK;;;;;
20251107;063900.440;;25315.75;25315.75;1;ASK;;;;;
20251107;063900.488;;25316.00;25316.00;5;ASK;;;;;
20251107;063900.488;25314.50;;25314.50;2;BID;;;;;
20251107;063900.488;;25316.00;25316.00;4;ASK;;;;;
20251107;063900.488;;25316.00;25316.00;3;ASK;;;;;
20251107;063900.488;25314.50;;25314.50;1;BID;;;;;
20251107;063900.488;25314.50;;25314.50;2;BID;;;;;
20251107;063900.488;25314.75;;25314.75;1;BID;;;;;
20251107;063900.488;;25316.00;25316.00;2;ASK;;;;;
20251107;063900.488;25315.00;;25315.00;1;BID;;;;;
20251107;063900.488;;25316.00;25316.00;1;ASK;;;;;
20251107;063900.488;;25316.25;25316.25;2;ASK;;;;;
20251107;063900.488;;25316.25;25316.25;1;ASK;;;;;
20251107;063900.488;;25316.25;25316.25;2;ASK;;;;;
20251107;063900.488;;25316.00;25316.00;1;ASK;;;;;
20251107;063900.492;;25316.25;25316.25;3;ASK;;;;;
20251107;063900.492;;25316.25;25316.25;2;ASK;;;;;
20251107;063900.492;;25316.00;25316.00;1;ASK;;;;;
20251107;063900.532;;25316.25;25316.25;1;ASK;;;;;
20251107;063900.532;25315.25;;25315.25;1;BID;;;;;
20251107;063900.536;25315.50;;25315.50;1;BID;;;;;
20251107;063900.536;;25316.50;25316.50;4;ASK;;;;;
20251107;063900.536;;25316.50;25316.50;3;ASK;;;;;
20251107;063900.536;;25316.50;25316.50;2;ASK;;;;;
20251107;063900.536;;25316.50;25316.50;1;ASK;;;;;
20251107;063900.536;;25316.75;25316.75;2;ASK;;;;;
20251107;063900.536;25315.75;;25315.75;1;BID;;;;;
20251107;063900.536;;25316.75;25316.75;1;ASK;;;;;
20251107;063900.536;25315.50;;25315.50;1;BID;;;;;
20251107;063900.536;25315.25;;25315.25;1;BID;;;;;
20251107;063900.536;25315.00;;25315.00;1;BID;;;;;
20251107;063900.536;;25316.50;25316.50;1;ASK;;;;;
20251107;063900.536;25315.25;;25315.25;1;BID;;;;;
20251107;063900.536;25315.00;;25315.00;3;BID;;;;;
20251107;063900.536;25315.50;;25315.50;1;BID;;;;;
20251107;063900.544;25315.00;;25315.00;3;BID;;;;;
20251107;063900.544;25315.00;;25315.00;2;BID;;;;;
20251107;063900.544;25315.00;;25315.00;3;BID;;;;;
20251107;063900.544;;25316.25;25316.25;1;ASK;;;;;
20251107;063900.544;;25316.50;25316.50;1;ASK;;;;;
20251107;063900.544;;25316.25;25316.25;1;ASK;;;;;
20251107;063900.544;25315.25;;25315.25;1;BID;;;;;
20251107;063900.544;;25316.50;25316.50;1;ASK;;;;;
20251107;063900.552;;25316.25;25316.25;1;ASK;;;;;
20251107;063900.636;;25316.50;25316.50;1;ASK;;;;;
20251107;063900.692;;25316.25;25316.25;1;ASK;;;;;
20251107;063900.692;25315.00;;25315.00;4;BID;;;;;
20251107;063900.692;;25316.50;25316.50;2;ASK;;;;;
20251107;063900.692;25315.00;;25315.00;3;BID;;;;;
20251107;063900.692;25315.00;;25315.00;2;BID;;;;;
20251107;063900.692;25315.00;;25315.00;1;BID;;;;;
20251107;063900.692;;25316.50;25316.50;1;ASK;;;;;
20251107;063900.692;25315.25;;25315.25;1;BID;;;;;
20251107;063900.692;;25316.50;25316.50;2;ASK;;;;;
20251107;063900.692;;25316.25;25316.25;1;ASK;;;;;
20251107;063900.692;25315.00;;25315.00;2;BID;;;;;
20251107;063900.692;25315.00;;25315.00;1;BID;;;;;
20251107;063900.692;;25316.00;25316.00;1;ASK;;;;;
20251107;063900.692;25314.75;;25314.75;1;BID;;;;;
20251107;063900.692;;25315.75;25315.75;1;ASK;;;;;
20251107;063900.692;25315.00;;25315.00;1;BID;;;;;
20251107;063900.692;;25316.00;25316.00;1;ASK;;;;;
20251107;063900.788;25314.75;;25314.75;1;BID;;;;;
20251107;063900.788;;25315.75;25315.75;1;ASK;;;;;
20251107;063900.808;25314.50;;25314.50;3;BID;;;;;
20251107;063900.808;25314.50;;25314.50;2;BID;;;;;
20251107;063900.808;25314.75;;25314.75;1;BID;;;;;
20251107;063900.808;;25316.00;25316.00;1;ASK;;;;;
20251107;063901.124;;25316.00;25316.00;1;ASK;;;;;
20251107;063901.124;;25316.25;25316.25;2;ASK;;;;;
20251107;063901.124;25315.00;;25315.00;1;BID;;;;;
20251107;063901.124;;25316.25;25316.25;1;ASK;;;;;
20251107;063901.124;25315.00;;25315.00;2;BID;;;;;
20251107;063901.124;25315.25;;25315.25;1;BID;;;;;
20251107;063901.124;25315.00;;25315.00;2;BID;;;;;
20251107;063901.124;25315.00;;25315.00;1;BID;;;;;
20251107;063901.124;;25316.25;25316.25;2;ASK;;;;;
20251107;063901.124;;25316.00;25316.00;1;ASK;;;;;
20251107;063901.128;25314.75;;25314.75;2;BID;;;;;
20251107;063901.156;25315.00;;25315.00;1;BID;;;;;
20251107;063901.156;;25316.25;25316.25;2;ASK;;;;;
20251107;063901.156;25315.25;;25315.25;1;BID;;;;;
20251107;063901.232;25315.00;;25315.00;1;BID;;;;;
20251107;063901.232;25315.00;;25315.00;2;BID;;;;;
20251107;063901.232;;25316.00;25316.00;1;ASK;;;;;
20251107;063901.232;;25316.25;25316.25;2;ASK;;;;;
20251107;063901.232;25315.00;;25315.00;1;BID;;;;;
20251107;063901.268;25315.25;;25315.25;1;BID;;;;;
20251107;063901.320;25315.25;;25315.25;2;BID;;;;;
20251107;063901.320;;25316.25;25316.25;1;ASK;;;;;
20251107;063901.320;25315.50;;25315.50;1;BID;;;;;
20251107;063901.320;25315.75;;25315.75;1;BID;;;;;
20251107;063901.320;25315.50;;25315.50;1;BID;;;;;
20251107;063901.368;25315.25;;25315.25;2;BID;;;;;
20251107;063901.368;25315.75;;25315.75;1;BID;;;;;
20251107;063901.368;25315.25;;25315.25;2;BID;;;;;
20251107;063901.368;25315.50;;25315.50;1;BID;;;;;
20251107;063901.440;25315.25;;25315.25;2;BID;;;;;
20251107;063901.444;25315.50;;25315.50;1;BID;;;;;
20251107;063901.548;25315.25;;25315.25;2;BID;;;;;
20251107;063901.580;;25316.25;25316.25;1;ASK;;;;;
20251107;063901.580;;25316.75;25316.75;3;ASK;;;;;
20251107;063901.580;25315.50;;25315.50;1;BID;;;;;
20251107;063901.580;;25316.75;25316.75;2;ASK;;;;;
20251107;063901.580;25315.50;;25315.50;2;BID;;;;;
20251107;063901.580;;25316.75;25316.75;1;ASK;;;;;
20251107;063901.584;25315.75;;25315.75;1;BID;;;;;
20251107;063901.584;25315.50;;25315.50;1;BID;;;;;
20251107;063901.584;25315.75;;25315.75;1;BID;;;;;
20251107;063901.584;;25316.75;25316.75;2;ASK;;;;;
20251107;063901.584;25315.50;;25315.50;1;BID;;;;;
20251107;063901.692;25315.75;;25315.75;1;BID;;;;;
20251107;063901.748;;25316.75;25316.75;3;ASK;;;;;
20251107;063901.748;;25316.50;25316.50;1;ASK;;;;;
20251107;063901.748;25315.50;;25315.50;1;BID;;;;;
20251107;063901.752;;25316.75;25316.75;2;ASK;;;;;
20251107;063901.756;;25316.50;25316.50;1;ASK;;;;;
20251107;063901.776;;25316.75;25316.75;2;ASK;;;;;
20251107;063901.776;25315.75;;25315.75;1;BID;;;;;
20251107;063901.776;25315.75;;25315.75;2;BID;;;;;
20251107;063901.776;25315.75;;25315.75;1;BID;;;;;
20251107;063901.860;25315.50;;25315.50;1;BID;;;;;
20251107;063901.860;;25316.50;25316.50;1;ASK;;;;;
20251107;063901.860;;25316.75;25316.75;2;ASK;;;;;
20251107;063901.860;25315.75;;25315.75;1;BID;;;;;
20251107;063901.860;;25316.75;25316.75;1;ASK;;;;;
20251107;063901.860;;25317.00;25317.00;3;ASK;;;;;
20251107;063901.860;;25317.00;25317.00;2;ASK;;;;;
20251107;063901.888;;25316.75;25316.75;1;ASK;;;;;
20251107;063901.892;;25316.75;25316.75;1;ASK;;;;;
20251107;063901.892;;25317.00;25317.00;1;ASK;;;;;
20251107;063901.892;;25317.00;25317.00;1;ASK;;;;;
20251107;063901.892;;25317.25;25317.25;1;ASK;;;;;
20251107;063901.892;;25317.25;25317.25;1;ASK;;;;;
20251107;063901.892;;25317.25;25317.25;1;ASK;;;;;
20251107;063901.892;;25317.25;25317.25;1;ASK;;;;;
20251107;063901.892;;25317.50;25317.50;1;ASK;;;;;
20251107;063901.892;;25317.50;25317.50;1;ASK;;;;;
20251107;063901.892;;25317.50;25317.50;1;ASK;;;;;
20251107;063901.892;;25317.75;25317.75;1;ASK;;;;;
20251107;063901.892;;25317.75;25317.75;1;ASK;;;;;
20251107;063901.892;;25317.75;25317.75;3;ASK;;;;;
20251107;063901.892;25316.00;;25316.00;1;BID;;;;;
20251107;063901.892;25316.00;;25316.00;2;BID;;;;;
20251107;063901.892;25316.25;;25316.25;1;BID;;;;;
20251107;063901.892;;25317.75;25317.75;2;ASK;;;;;
20251107;063901.892;25316.25;;25316.25;2;BID;;;;;
20251107;063901.892;;25317.75;25317.75;1;ASK;;;;;
20251107;063901.896;25316.50;;25316.50;1;BID;;;;;
20251107;063901.896;;25317.75;25317.75;2;ASK;;;;;
20251107;063901.896;;25317.75;25317.75;1;ASK;;;;;
20251107;063901.896;;25317.50;25317.50;1;ASK;;;;;
20251107;063901.896;;25317.75;25317.75;1;ASK;;;;;
20251107;063901.896;;25318.25;25318.25;2;ASK;;;;;
20251107;063901.896;25316.25;;25316.25;2;BID;;;;;
20251107;063901.896;;25318.25;25318.25;3;ASK;;;;;
20251107;063901.896;;25318.00;25318.00;1;ASK;;;;;
20251107;063901.896;;25318.00;25318.00;2;ASK;;;;;
20251107;063901.896;;25317.75;25317.75;1;ASK;;;;;
20251107;063901.896;;25317.75;25317.75;2;ASK;;;;;
20251107;063901.896;;25317.50;25317.50;1;ASK;;;;;
20251107;063901.896;25316.50;;25316.50;1;BID;;;;;
20251107;063901.896;;25317.75;25317.75;2;ASK;;;;;
20251107;063901.896;;25317.75;25317.75;1;ASK;;;;;
20251107;063901.900;25316.50;;25316.50;2;BID;;;;;
20251107;063901.900;25316.75;;25316.75;1;BID;;;;;
20251107;063901.900;25316.50;;25316.50;2;BID;;;;;
20251107;063901.900;;25317.50;25317.50;1;ASK;;;;;
20251107;063901.900;25316.50;;25316.50;1;BID;;;;;
20251107;063901.900;25316.25;;25316.25;3;BID;;;;;
20251107;063901.900;25316.25;;25316.25;2;BID;;;;;
20251107;063901.900;25316.25;;25316.25;1;BID;;;;;
20251107;063901.904;25316.50;;25316.50;1;BID;;;;;
20251107;063901.904;;25317.75;25317.75;1;ASK;;;;;
20251107;063901.904;;25317.50;25317.50;1;ASK;;;;;
20251107;063901.904;25316.25;;25316.25;1;BID;;;;;
20251107;063901.904;25316.50;;25316.50;1;BID;;;;;
20251107;063901.904;;25317.75;25317.75;1;ASK;;;;;
20251107;063901.908;;25317.50;25317.50;1;ASK;;;;;
20251107;063901.916;;25317.50;25317.50;2;ASK;;;;;
20251107;063901.920;;25317.50;25317.50;1;ASK;;;;;
20251107;063901.920;;25317.50;25317.50;1;ASK;;;;;
20251107;063901.920;25316.75;;25316.75;1;BID;;;;;
20251107;063901.920;;25317.75;25317.75;1;ASK;;;;;
20251107;063901.920;25317.00;;25317.00;1;BID;;;;;
20251107;063901.924;;25318.00;25318.00;4;ASK;;;;;
20251107;063901.924;;25318.00;25318.00;3;ASK;;;;;
20251107;063901.924;;25318.00;25318.00;2;ASK;;;;;
20251107;063901.924;;25318.00;25318.00;3;ASK;;;;;
20251107;063901.924;;25318.00;25318.00;2;ASK;;;;;
20251107;063901.928;;25317.75;25317.75;1;ASK;;;;;
20251107;063901.928;25316.50;;25316.50;3;BID;;;;;
20251107;063901.928;25316.50;;25316.50;2;BID;;;;;
20251107;063901.928;25316.50;;25316.50;1;BID;;;;;
20251107;063901.932;25316.50;;25316.50;2;BID;;;;;
20251107;063901.932;25316.75;;25316.75;1;BID;;;;;
20251107;063901.932;;25318.00;25318.00;2;ASK;;;;;
20251107;063901.932;25316.50;;25316.50;1;BID;;;;;
20251107;063901.932;;25317.75;25317.75;1;ASK;;;;;
20251107;063901.932;25316.50;;25316.50;2;BID;;;;;
20251107;063901.968;25316.75;;25316.75;1;BID;;;;;
20251107;063901.968;;25318.00;25318.00;2;ASK;;;;;
20251107;063901.968;25316.50;;25316.50;1;BID;;;;;
20251107;063901.980;25316.50;;25316.50;2;BID;;;;;
20251107;063901.980;;25318.00;25318.00;3;ASK;;;;;
20251107;063901.980;25316.50;;25316.50;1;BID;;;;;
20251107;063901.980;;25317.75;25317.75;1;ASK;;;;;
20251107;063901.980;;25317.50;25317.50;1;ASK;;;;;
20251107;063902.000;;25317.75;25317.75;1;ASK;;;;;
20251107;063902.000;;25317.50;25317.50;1;ASK;;;;;
20251107;063902.172;25316.50;;25316.50;1;BID;;;;;
20251107;063902.172;25316.25;;25316.25;1;BID;;;;;
20251107;063902.172;25316.25;;25316.25;1;BID;;;;;
20251107;063902.172;25316.00;;25316.00;1;BID;;;;;
20251107;063902.172;25316.00;;25316.00;1;BID;;;;;
20251107;063902.172;25315.75;;25315.75;4;BID;;;;;
20251107;063902.172;;25316.00;25316.00;5;ASK;;;;;
20251107;063902.172;25315.75;;25315.75;3;BID;;;;;
20251107;063902.176;25315.75;;25315.75;2;BID;;;;;
20251107;063902.176;25315.75;;25315.75;1;BID;;;;;
20251107;063902.176;25315.50;;25315.50;2;BID;;;;;
20251107;063902.176;25315.50;;25315.50;1;BID;;;;;
20251107;063902.176;;25316.00;25316.00;1;ASK;;;;;
20251107;063902.176;;25316.00;25316.00;4;ASK;;;;;
20251107;063902.176;;25316.00;25316.00;4;ASK;;;;;
20251107;063902.176;;25317.25;25317.25;1;ASK;;;;;
20251107;063902.176;25315.25;;25315.25;3;BID;;;;;
20251107;063902.176;25315.25;;25315.25;2;BID;;;;;
20251107;063902.176;;25315.75;25315.75;1;ASK;;;;;
20251107;063902.176;25315.25;;25315.25;1;BID;;;;;
20251107;063902.176;;25315.75;25315.75;1;ASK;;;;;
20251107;063902.176;;25317.25;25317.25;1;ASK;;;;;
20251107;063902.176;;25317.25;25317.25;2;ASK;;;;;
20251107;063902.176;;25317.00;25317.00;1;ASK;;;;;
20251107;063902.176;25315.50;;25315.50;1;BID;;;;;
20251107;063902.180;;25317.00;25317.00;2;ASK;;;;;
20251107;063902.180;;25317.00;25317.00;3;ASK;;;;;
20251107;063902.180;;25317.00;25317.00;4;ASK;;;;;
20251107;063902.180;;25317.00;25317.00;5;ASK;;;;;
20251107;063902.180;;25316.75;25316.75;1;ASK;;;;;
20251107;063902.180;;25316.75;25316.75;2;ASK;;;;;
20251107;063902.180;25315.75;;25315.75;1;BID;;;;;
20251107;063902.180;25315.50;;25315.50;1;BID;;;;;
20251107;063902.240;25315.50;;25315.50;2;BID;;;;;
20251107;063902.240;25315.75;;25315.75;1;BID;;;;;
20251107;063902.240;;25316.75;25316.75;1;ASK;;;;;
20251107;063902.240;;25317.00;25317.00;5;ASK;;;;;
20251107;063902.240;;25317.00;25317.00;4;ASK;;;;;
20251107;063902.244;;25316.75;25316.75;1;ASK;;;;;
20251107;063902.244;25315.50;;25315.50;2;BID;;;;;
20251107;063902.260;25315.75;;25315.75;1;BID;;;;;
20251107;063902.260;;25317.00;25317.00;5;ASK;;;;;
20251107;063902.260;;25317.00;25317.00;4;ASK;;;;;
20251107;063902.260;;25316.75;25316.75;1;ASK;;;;;
20251107;063902.260;25315.50;;25315.50;2;BID;;;;;
20251107;063902.308;25315.75;;25315.75;1;BID;;;;;
20251107;063902.308;;25317.00;25317.00;4;ASK;;;;;
20251107;063902.312;25315.50;;25315.50;1;BID;;;;;
20251107;063902.312;;25316.75;25316.75;1;ASK;;;;;
20251107;063902.320;25315.50;;25315.50;2;BID;;;;;
20251107;063902.320;25315.75;;25315.75;1;BID;;;;;
20251107;063902.320;;25317.00;25317.00;5;ASK;;;;;
20251107;063902.320;;25317.00;25317.00;4;ASK;;;;;
20251107;063902.320;;25317.00;25317.00;3;ASK;;;;;
20251107;063902.320;;25316.75;25316.75;1;ASK;;;;;
20251107;063902.320;25315.50;;25315.50;2;BID;;;;;
20251107;063902.384;;25316.75;25316.75;2;ASK;;;;;
20251107;063902.384;25315.75;;25315.75;1;BID;;;;;
20251107;063902.384;;25316.75;25316.75;1;ASK;;;;;
20251107;063902.444;25315.50;;25315.50;2;BID;;;;;
20251107;063902.464;25315.75;;25315.75;1;BID;;;;;
20251107;063902.464;25315.50;;25315.50;2;BID;;;;;
20251107;063902.464;;25316.50;25316.50;1;ASK;;;;;
20251107;063902.464;;25316.75;25316.75;1;ASK;;;;;
20251107;063902.464;;25316.50;25316.50;1;ASK;;;;;
20251107;063902.472;25315.50;;25315.50;1;BID;;;;;
20251107;063902.516;;25316.75;25316.75;1;ASK;;;;;
20251107;063902.516;;25316.75;25316.75;2;ASK;;;;;
20251107;063902.516;;25316.50;25316.50;1;ASK;;;;;
20251107;063902.540;25315.50;;25315.50;2;BID;;;;;
20251107;063902.540;;25316.75;25316.75;2;ASK;;;;;
20251107;063902.540;25315.75;;25315.75;1;BID;;;;;
20251107;063902.560;25315.50;;25315.50;2;BID;;;;;
20251107;063902.560;;25316.50;25316.50;1;ASK;;;;;
20251107;063902.560;;25316.75;25316.75;2;ASK;;;;;
20251107;063902.664;;25316.50;25316.50;1;ASK;;;;;
20251107;063902.664;;25316.25;25316.25;1;ASK;;;;;
20251107;063902.668;;25316.50;25316.50;1;ASK;;;;;
20251107;063902.748;;25316.50;25316.50;2;ASK;;;;;
20251107;063902.748;;25316.25;25316.25;1;ASK;;;;;
20251107;063902.752;;25316.50;25316.50;2;ASK;;;;;
20251107;063902.752;;25316.50;25316.50;1;ASK;;;;;
20251107;063903.128;;25316.50;25316.50;2;ASK;;;;;
20251107;063903.128;;25316.25;25316.25;1;ASK;;;;;
20251107;063903.132;;25316.50;25316.50;1;ASK;;;;;
20251107;063903.132;;25316.50;25316.50;2;ASK;;;;;
20251107;063903.644;25315.75;;25315.75;1;BID;;;;;
20251107;063903.644;;25316.50;25316.50;1;ASK;;;;;
20251107;063903.644;;25316.75;25316.75;3;ASK;;;;;
20251107;063903.644;;25316.75;25316.75;2;ASK;;;;;
20251107;063903.644;25315.50;;25315.50;2;BID;;;;;
20251107;063903.644;;25316.50;25316.50;1;ASK;;;;;
20251107;063903.644;25315.50;;25315.50;1;BID;;;;;
20251107;063903.644;;25316.25;25316.25;1;ASK;;;;;
20251107;063903.656;;25316.50;25316.50;2;ASK;;;;;
20251107;063903.656;;25316.50;25316.50;1;ASK;;;;;
20251107;063903.656;;25316.75;25316.75;3;ASK;;;;;
20251107;063903.656;;25316.75;25316.75;2;ASK;;;;;
20251107;063903.656;;25316.50;25316.50;1;ASK;;;;;
20251107;063903.696;25315.50;;25315.50;2;BID;;;;;
20251107;063903.696;;25316.75;25316.75;3;ASK;;;;;
20251107;063903.696;;25316.75;25316.75;2;ASK;;;;;
20251107;063903.696;;25316.50;25316.50;1;ASK;;;;;
20251107;063903.908;;25316.25;25316.25;1;ASK;;;;;
20251107;063903.920;;25316.50;25316.50;1;ASK;;;;;
20251107;063903.952;;25316.75;25316.75;3;ASK;;;;;
20251107;063903.952;;25316.75;25316.75;2;ASK;;;;;
20251107;063903.952;;25316.50;25316.50;1;ASK;;;;;
20251107;063903.992;;25316.75;25316.75;2;ASK;;;;;
20251107;063904.028;;25316.75;25316.75;3;ASK;;;;;
20251107;063904.028;;25316.50;25316.50;1;ASK;;;;;
20251107;063904.028;;25316.25;25316.25;1;ASK;;;;;
20251107;063904.028;;25316.50;25316.50;1;ASK;;;;;
20251107;063904.028;;25316.50;25316.50;2;ASK;;;;;
20251107;063904.028;;25316.50;25316.50;3;ASK;;;;;
20251107;063904.028;;25316.25;25316.25;1;ASK;;;;;
20251107;063904.060;;25316.50;25316.50;4;ASK;;;;;
20251107;063904.060;;25316.50;25316.50;3;ASK;;;;;
20251107;063904.060;;25316.50;25316.50;2;ASK;;;;;
20251107;063904.060;;25316.50;25316.50;3;ASK;;;;;
20251107;063904.060;25315.50;;25315.50;1;BID;;;;;
20251107;063904.060;25315.50;;25315.50;1;BID;;;;;
20251107;063904.060;25314.75;;25314.75;1;BID;;;;;
20251107;063904.060;;25316.25;25316.25;1;ASK;;;;;
20251107;063904.060;;25316.25;25316.25;2;ASK;;;;;
20251107;063904.060;25314.75;;25314.75;2;BID;;;;;
20251107;063904.060;25314.75;;25314.75;1;BID;;;;;
20251107;063904.060;;25316.00;25316.00;1;ASK;;;;;
20251107;063904.060;25315.00;;25315.00;1;BID;;;;;
20251107;063904.060;25314.75;;25314.75;1;BID;;;;;
20251107;063904.060;25314.50;;25314.50;2;BID;;;;;
20251107;063904.060;;25315.75;25315.75;1;ASK;;;;;
20251107;063904.060;25314.50;;25314.50;1;BID;;;;;
20251107;063904.060;25314.25;;25314.25;1;BID;;;;;
20251107;063904.060;25314.00;;25314.00;1;BID;;;;;
20251107;063904.060;25313.75;;25313.75;3;BID;;;;;
20251107;063904.060;;25316.00;25316.00;1;ASK;;;;;
20251107;063904.060;25313.75;;25313.75;4;BID;;;;;
20251107;063904.060;25313.75;;25313.75;3;BID;;;;;
20251107;063904.060;25314.00;;25314.00;1;BID;;;;;
20251107;063904.060;25314.00;;25314.00;2;BID;;;;;
20251107;063904.060;25314.00;;25314.00;3;BID;;;;;
20251107;063904.064;25314.25;;25314.25;1;BID;;;;;
20251107;063904.064;25314.25;;25314.25;2;BID;;;;;
20251107;063904.064;25314.50;;25314.50;1;BID;;;;;
20251107;063904.064;25314.50;;25314.50;2;BID;;;;;
20251107;063904.064;25314.75;;25314.75;1;BID;;;;;
20251107;063904.072;;25315.75;25315.75;1;ASK;;;;;
20251107;063904.072;25314.50;;25314.50;2;BID;;;;;
20251107;063904.128;25314.75;;25314.75;1;BID;;;;;
20251107;063904.128;;25316.00;25316.00;1;ASK;;;;;
20251107;063904.128;25315.00;;25315.00;1;BID;;;;;
20251107;063904.132;25314.75;;25314.75;1;BID;;;;;
20251107;063904.132;;25316.25;25316.25;3;ASK;;;;;
20251107;063904.132;25314.75;;25314.75;2;BID;;;;;
20251107;063904.132;25315.00;;25315.00;1;BID;;;;;
20251107;063904.132;;25316.25;25316.25;2;ASK;;;;;
20251107;063904.132;25314.75;;25314.75;2;BID;;;;;
20251107;063904.136;;25316.00;25316.00;1;ASK;;;;;
20251107;063904.160;;25315.75;25315.75;1;ASK;;;;;
20251107;063904.164;;25316.00;25316.00;1;ASK;;;;;
20251107;063904.204;;25316.00;25316.00;2;ASK;;;;;
20251107;063904.204;;25315.75;25315.75;1;ASK;;;;;
20251107;063904.204;25314.75;;25314.75;1;BID;;;;;
20251107;063904.204;25314.50;;25314.50;2;BID;;;;;
20251107;063904.204;25314.75;;25314.75;1;BID;;;;;
20251107;063904.204;;25316.00;25316.00;1;ASK;;;;;
20251107;063904.204;25314.50;;25314.50;2;BID;;;;;
20251107;063904.204;25314.75;;25314.75;1;BID;;;;;
20251107;063904.252;;25315.75;25315.75;1;ASK;;;;;
20251107;063904.252;25314.50;;25314.50;2;BID;;;;;
20251107;063904.252;;25315.50;25315.50;1;ASK;;;;;
20251107;063904.300;25314.75;;25314.75;1;BID;;;;;
20251107;063904.300;;25316.00;25316.00;1;ASK;;;;;
20251107;063904.300;;25316.00;25316.00;2;ASK;;;;;
20251107;063904.300;;25315.75;25315.75;1;ASK;;;;;
20251107;063904.316;;25316.00;25316.00;2;ASK;;;;;
20251107;063904.336;25314.50;;25314.50;2;BID;;;;;
20251107;063904.336;;25315.75;25315.75;1;ASK;;;;;
20251107;063904.336;25314.50;;25314.50;3;BID;;;;;
20251107;063904.336;25314.75;;25314.75;1;BID;;;;;
20251107;063904.336;;25316.00;25316.00;2;ASK;;;;;
20251107;063904.820;;25316.00;25316.00;1;ASK;;;;;
20251107;063904.820;;25316.25;25316.25;3;ASK;;;;;
20251107;063904.820;25315.00;;25315.00;1;BID;;;;;
20251107;063904.820;;25316.25;25316.25;2;ASK;;;;;
20251107;063904.820;;25316.00;25316.00;1;ASK;;;;;
20251107;063904.820;25314.75;;25314.75;1;BID;;;;;
20251107;063904.820;25314.75;;25314.75;2;BID;;;;;
20251107;063904.836;25315.00;;25315.00;1;BID;;;;;
20251107;063904.852;25314.75;;25314.75;2;BID;;;;;
20251107;063904.856;25315.00;;25315.00;1;BID;;;;;
20251107;063905.052;25314.75;;25314.75;2;BID;;;;;
20251107;063905.368;25314.75;;25314.75;1;BID;;;;;
20251107;063905.368;25314.75;;25314.75;1;BID;;;;;
20251107;063905.368;;25315.75;25315.75;1;ASK;;;;;
20251107;063905.368;25314.50;;25314.50;4;BID;;;;;
20251107;063905.368;25314.50;;25314.50;3;BID;;;;;
20251107;063905.372;25314.75;;25314.75;1;BID;;;;;
20251107;063905.372;25314.50;;25314.50;3;BID;;;;;
20251107;063905.444;;25315.75;25315.75;2;ASK;;;;;
20251107;063905.444;;25315.50;25315.50;1;ASK;;;;;
20251107;063905.444;25314.50;;25314.50;2;BID;;;;;
20251107;063905.444;;25315.50;25315.50;2;ASK;;;;;
20251107;063905.548;;25315.25;25315.25;1;ASK;;;;;
20251107;063905.548;;25315.25;25315.25;2;ASK;;;;;
20251107;063905.548;25314.50;;25314.50;1;BID;;;;;
20251107;063905.548;25314.25;;25314.25;3;BID;;;;;
20251107;063905.548;25314.25;;25314.25;2;BID;;;;;
20251107;063905.548;25314.25;;25314.25;1;BID;;;;;
20251107;063905.548;25314.00;;25314.00;2;BID;;;;;
20251107;063905.548;25314.00;;25314.00;1;BID;;;;;
20251107;063905.548;25313.75;;25313.75;1;BID;;;;;
20251107;063905.548;25313.75;;25313.75;2;BID;;;;;
20251107;063905.552;;25315.00;25315.00;1;ASK;;;;;
20251107;063905.552;;25315.25;25315.25;2;ASK;;;;;
20251107;063905.552;25314.25;;25314.25;1;BID;;;;;
20251107;063905.552;;25315.25;25315.25;1;ASK;;;;;
20251107;063905.584;;25315.50;25315.50;2;ASK;;;;;
20251107;063905.584;25314.25;;25314.25;2;BID;;;;;
20251107;063905.584;;25315.50;25315.50;1;ASK;;;;;
20251107;063905.584;25314.25;;25314.25;3;BID;;;;;
20251107;063905.584;25314.50;;25314.50;1;BID;;;;;
20251107;063905.584;25314.50;;25314.50;2;BID;;;;;
20251107;063905.584;;25315.75;25315.75;2;ASK;;;;;
20251107;063905.584;;25315.50;25315.50;1;ASK;;;;;
20251107;063905.592;;25315.75;25315.75;2;ASK;;;;;
20251107;063905.700;;25315.75;25315.75;1;ASK;;;;;
20251107;063905.700;;25315.75;25315.75;1;ASK;;;;;
20251107;063905.700;25314.75;;25314.75;1;BID;;;;;
20251107;063905.700;;25316.25;25316.25;3;ASK;;;;;
20251107;063905.700;;25316.00;25316.00;1;ASK;;;;;
20251107;063905.700;25314.50;;25314.50;2;BID;;;;;
20251107;063905.700;;25316.00;25316.00;2;ASK;;;;;
20251107;063905.700;25314.75;;25314.75;1;BID;;;;;
20251107;063905.700;;25315.75;25315.75;1;ASK;;;;;
20251107;063905.700;25314.75;;25314.75;2;BID;;;;;
20251107;063905.700;25314.75;;25314.75;1;BID;;;;;
20251107;063905.700;25314.50;;25314.50;2;BID;;;;;
20251107;063905.708;;25316.00;25316.00;2;ASK;;;;;
20251107;063905.708;25314.50;;25314.50;3;BID;;;;;
20251107;063905.708;25314.75;;25314.75;1;BID;;;;;
20251107;063905.708;;25316.00;25316.00;1;ASK;;;;;
20251107;063905.736;25315.00;;25315.00;1;BID;;;;;
20251107;063905.784;;25316.25;25316.25;3;ASK;;;;;
20251107;063905.784;25315.25;;25315.25;1;BID;;;;;
20251107;063905.784;;25316.25;25316.25;2;ASK;;;;;
20251107;063905.784;;25316.25;25316.25;1;ASK;;;;;
20251107;063905.784;;25316.50;25316.50;3;ASK;;;;;
20251107;063905.784;;25316.50;25316.50;2;ASK;;;;;
20251107;063905.784;25315.50;;25315.50;1;BID;;;;;
20251107;063905.784;;25316.50;25316.50;1;ASK;;;;;
20251107;063905.784;25315.50;;25315.50;2;BID;;;;;
20251107;063905.784;25315.50;;25315.50;1;BID;;;;;
20251107;063905.784;;25317.00;25317.00;3;ASK;;;;;
20251107;063905.784;;25316.75;25316.75;1;ASK;;;;;
20251107;063905.784;;25316.75;25316.75;2;ASK;;;;;
20251107;063905.784;;25316.75;25316.75;1;ASK;;;;;
20251107;063905.784;;25316.50;25316.50;1;ASK;;;;;
20251107;063905.784;;25316.75;25316.75;1;ASK;;;;;
20251107;063905.784;;25316.75;25316.75;2;ASK;;;;;
20251107;063905.792;25315.75;;25315.75;1;BID;;;;;
20251107;063905.792;25315.50;;25315.50;1;BID;;;;;
20251107;063905.792;;25316.75;25316.75;3;ASK;;;;;
20251107;063905.792;25315.25;;25315.25;1;BID;;;;;
20251107;063905.792;25315.25;;25315.25;2;BID;;;;;
20251107;063905.792;25315.50;;25315.50;1;BID;;;;;
20251107;063905.888;;25316.50;25316.50;1;ASK;;;;;
20251107;063905.888;25315.25;;25315.25;2;BID;;;;;
20251107;063905.904;25315.50;;25315.50;1;BID;;;;;
20251107;063905.904;;25316.75;25316.75;3;ASK;;;;;
20251107;063905.904;;25316.50;25316.50;1;ASK;;;;;
20251107;063905.916;25315.25;;25315.25;2;BID;;;;;
20251107;063905.916;;25316.25;25316.25;1;ASK;;;;;
20251107;063905.916;25315.25;;25315.25;1;BID;;;;;
20251107;063905.916;25315.00;;25315.00;2;BID;;;;;
20251107;063905.916;25315.00;;25315.00;1;BID;;;;;
20251107;063905.920;25315.25;;25315.25;1;BID;;;;;
20251107;063905.920;;25316.50;25316.50;1;ASK;;;;;
20251107;063905.928;;25316.25;25316.25;1;ASK;;;;;
20251107;063905.928;25314.75;;25314.75;1;BID;;;;;
20251107;063905.928;25314.75;;25314.75;2;BID;;;;;
20251107;063905.928;25314.75;;25314.75;3;BID;;;;;
20251107;063905.928;25315.00;;25315.00;1;BID;;;;;
20251107;063905.928;;25316.50;25316.50;1;ASK;;;;;
20251107;063905.928;25315.00;;25315.00;2;BID;;;;;
20251107;063905.928;25315.25;;25315.25;1;BID;;;;;
20251107;063905.928;;25316.25;25316.25;1;ASK;;;;;
20251107;063905.928;;25316.50;25316.50;1;ASK;;;;;
20251107;063906.364;;25316.50;25316.50;1;ASK;;;;;
20251107;063906.364;;25316.75;25316.75;4;ASK;;;;;
20251107;063906.364;25315.50;;25315.50;1;BID;;;;;
20251107;063906.364;;25316.75;25316.75;3;ASK;;;;;
20251107;063906.364;25315.50;;25315.50;2;BID;;;;;
20251107;063906.364;;25316.50;25316.50;1;ASK;;;;;
20251107;063906.364;25315.50;;25315.50;1;BID;;;;;
20251107;063906.364;25315.25;;25315.25;2;BID;;;;;
20251107;063906.364;25315.50;;25315.50;1;BID;;;;;
20251107;063906.368;25315.25;;25315.25;2;BID;;;;;
20251107;063906.376;25315.25;;25315.25;3;BID;;;;;
20251107;063906.376;25315.50;;25315.50;1;BID;;;;;
20251107;063906.376;;25316.75;25316.75;4;ASK;;;;;
20251107;063906.376;;25316.75;25316.75;3;ASK;;;;;
20251107;063906.404;25315.75;;25315.75;1;BID;;;;;
20251107;063906.404;;25316.50;25316.50;1;ASK;;;;;
20251107;063906.404;;25316.75;25316.75;3;ASK;;;;;
20251107;063906.476;;25316.75;25316.75;2;ASK;;;;;
20251107;063906.476;;25316.75;25316.75;1;ASK;;;;;
20251107;063906.476;;25317.00;25317.00;3;ASK;;;;;
20251107;063906.476;;25317.00;25317.00;2;ASK;;;;;
20251107;063906.528;;25317.00;25317.00;1;ASK;;;;;
20251107;063906.528;;25317.00;25317.00;1;ASK;;;;;
20251107;063906.528;25316.00;;25316.00;1;BID;;;;;
20251107;063906.528;;25317.25;25317.25;3;ASK;;;;;
20251107;063906.528;;25317.25;25317.25;2;ASK;;;;;
20251107;063906.528;;25317.00;25317.00;1;ASK;;;;;
20251107;063906.528;;25317.25;25317.25;2;ASK;;;;;
20251107;063906.536;25316.25;;25316.25;1;BID;;;;;
20251107;063906.536;;25317.25;25317.25;1;ASK;;;;;
20251107;063906.536;;25317.50;25317.50;3;ASK;;;;;
20251107;063906.536;;25317.50;25317.50;2;ASK;;;;;
20251107;063906.536;;25317.50;25317.50;1;ASK;;;;;
20251107;063906.564;25316.50;;25316.50;1;BID;;;;;
20251107;063906.564;;25317.75;25317.75;2;ASK;;;;;
20251107;063906.568;;25317.50;25317.50;1;ASK;;;;;
20251107;063906.584;25316.25;;25316.25;1;BID;;;;;
20251107;063906.828;;25317.25;25317.25;1;ASK;;;;;
20251107;063906.828;25316.00;;25316.00;2;BID;;;;;
20251107;063906.828;25316.00;;25316.00;1;BID;;;;;
20251107;063906.832;25316.25;;25316.25;1;BID;;;;;
20251107;063906.832;;25317.50;25317.50;1;ASK;;;;;
20251107;063907.496;;25317.50;25317.50;1;ASK;;;;;
20251107;063907.496;;25317.75;25317.75;2;ASK;;;;;
20251107;063907.496;25316.50;;25316.50;1;BID;;;;;
20251107;063907.496;25316.50;;25316.50;2;BID;;;;;
20251107;063907.496;;25317.75;25317.75;1;ASK;;;;;
20251107;063907.496;;25318.00;25318.00;3;ASK;;;;;
20251107;063907.496;25316.75;;25316.75;1;BID;;;;;
20251107;063907.496;;25318.00;25318.00;2;ASK;;;;;
20251107;063907.500;;25317.75;25317.75;1;ASK;;;;;
20251107;063907.500;25316.50;;25316.50;2;BID;;;;;
20251107;063907.500;25316.50;;25316.50;1;BID;;;;;
20251107;063907.500;25316.50;;25316.50;2;BID;;;;;
20251107;063907.528;25316.75;;25316.75;1;BID;;;;;
20251107;063907.528;;25318.00;25318.00;2;ASK;;;;;
20251107;063907.528;25316.75;;25316.75;2;BID;;;;;
20251107;063907.528;;25317.75;25317.75;1;ASK;;;;;
20251107;063907.528;25316.75;;25316.75;1;BID;;;;;
20251107;063907.528;25316.50;;25316.50;2;BID;;;;;
20251107;063907.528;25316.50;;25316.50;1;BID;;;;;
20251107;063907.528;;25318.00;25318.00;2;ASK;;;;;
20251107;063907.528;25316.75;;25316.75;1;BID;;;;;
20251107;063907.528;;25317.75;25317.75;1;ASK;;;;;
20251107;063907.528;25316.50;;25316.50;1;BID;;;;;
20251107;063907.544;25316.50;;25316.50;2;BID;;;;;
20251107;063907.544;25316.75;;25316.75;1;BID;;;;;
20251107;063907.544;;25318.00;25318.00;1;ASK;;;;;
20251107;063907.544;;25318.25;25318.25;3;ASK;;;;;
20251107;063907.544;;25318.25;25318.25;4;ASK;;;;;
20251107;063907.544;;25318.25;25318.25;3;ASK;;;;;
20251107;063907.544;;25317.75;25317.75;1;ASK;;;;;
20251107;063907.576;25316.50;;25316.50;1;BID;;;;;
20251107;063907.576;;25317.75;25317.75;2;ASK;;;;;
20251107;063907.576;25316.50;;25316.50;2;BID;;;;;
20251107;063907.576;25316.75;;25316.75;1;BID;;;;;
20251107;063907.576;25316.50;;25316.50;2;BID;;;;;
20251107;063907.576;;25317.75;25317.75;1;ASK;;;;;
20251107;063907.576;25316.75;;25316.75;1;BID;;;;;
20251107;063907.576;;25318.25;25318.25;4;ASK;;;;;
20251107;063907.576;;25318.25;25318.25;3;ASK;;;;;
20251107;063907.580;;25318.00;25318.00;1;ASK;;;;;
20251107;063907.580;;25318.00;25318.00;2;ASK;;;;;
20251107;063907.580;;25317.75;25317.75;1;ASK;;;;;
20251107;063907.580;25316.50;;25316.50;2;BID;;;;;
20251107;063907.652;25316.75;;25316.75;1;BID;;;;;
20251107;063907.652;;25318.00;25318.00;3;ASK;;;;;
20251107;063907.652;;25317.75;25317.75;1;ASK;;;;;
20251107;063907.652;;25318.00;25318.00;2;ASK;;;;;
20251107;063907.704;;25317.75;25317.75;1;ASK;;;;;
20251107;063907.704;25316.50;;25316.50;1;BID;;;;;
20251107;063907.756;25316.75;;25316.75;1;BID;;;;;
20251107;063907.756;;25317.75;25317.75;2;ASK;;;;;
20251107;063907.784;;25317.75;25317.75;1;ASK;;;;;
20251107;063907.784;;25318.00;25318.00;2;ASK;;;;;
20251107;063907.852;25317.00;;25317.00;1;BID;;;;;
20251107;063907.852;;25318.00;25318.00;1;ASK;;;;;
20251107;063907.852;;25318.25;25318.25;4;ASK;;;;;
20251107;063907.852;25317.25;;25317.25;1;BID;;;;;
20251107;063907.852;;25318.25;25318.25;3;ASK;;;;;
20251107;063907.864;25317.00;;25317.00;1;BID;;;;;
20251107;063907.864;;25318.25;25318.25;4;ASK;;;;;
20251107;063907.864;;25318.00;25318.00;1;ASK;;;;;
20251107;063907.864;25316.75;;25316.75;2;BID;;;;;
20251107;063907.864;25316.75;;25316.75;1;BID;;;;;
20251107;063907.864;25316.50;;25316.50;1;BID;;;;;
20251107;063907.864;25316.50;;25316.50;2;BID;;;;;
20251107;063907.864;25316.75;;25316.75;1;BID;;;;;
20251107;063907.864;25316.75;;25316.75;2;BID;;;;;
20251107;063907.868;;25317.75;25317.75;1;ASK;;;;;
20251107;063907.868;25316.75;;25316.75;1;BID;;;;;
20251107;063907.868;25316.50;;25316.50;2;BID;;;;;
20251107;063907.868;25316.75;;25316.75;1;BID;;;;;
20251107;063907.916;25316.50;;25316.50;2;BID;;;;;
20251107;063907.916;;25317.75;25317.75;2;ASK;;;;;
20251107;063907.972;25316.75;;25316.75;1;BID;;;;;
20251107;063908.036;;25317.75;25317.75;1;ASK;;;;;
20251107;063908.036;;25318.00;25318.00;1;ASK;;;;;
20251107;063908.036;;25317.75;25317.75;1;ASK;;;;;
20251107;063908.160;;25317.75;25317.75;2;ASK;;;;;
20251107;063908.160;;25317.75;25317.75;3;ASK;;;;;
20251107;063908.164;;25317.50;25317.50;1;ASK;;;;;
20251107;063908.164;25316.50;;25316.50;2;BID;;;;;
20251107;063908.164;25316.50;;25316.50;3;BID;;;;;
20251107;063908.164;;25317.75;25317.75;4;ASK;;;;;
20251107;063908.164;;25317.75;25317.75;3;ASK;;;;;
20251107;063908.164;25316.50;;25316.50;2;BID;;;;;
20251107;063908.164;;25317.50;25317.50;1;ASK;;;;;
20251107;063908.164;25316.50;;25316.50;1;BID;;;;;
20251107;063908.164;25316.50;;25316.50;2;BID;;;;;
20251107;063908.164;25316.50;;25316.50;1;BID;;;;;
20251107;063908.164;;25317.75;25317.75;3;ASK;;;;;
20251107;063908.164;25316.50;;25316.50;2;BID;;;;;
20251107;063908.164;25316.50;;25316.50;1;BID;;;;;
20251107;063908.596;25316.50;;25316.50;2;BID;;;;;
20251107;063908.596;25316.75;;25316.75;1;BID;;;;;
20251107;063908.596;;25317.75;25317.75;2;ASK;;;;;
20251107;063908.600;25316.50;;25316.50;2;BID;;;;;
20251107;063908.660;25316.75;;25316.75;1;BID;;;;;
20251107;063909.140;25316.50;;25316.50;2;BID;;;;;
20251107;063909.140;;25317.50;25317.50;1;ASK;;;;;
20251107;063909.268;25316.50;;25316.50;1;BID;;;;;
20251107;063909.304;25316.25;;25316.25;3;BID;;;;;
20251107;063909.304;25316.25;;25316.25;2;BID;;;;;
20251107;063909.304;25316.50;;25316.50;1;BID;;;;;
20251107;063909.380;25316.25;;25316.25;2;BID;;;;;
20251107;063909.564;;25317.50;25317.50;2;ASK;;;;;
20251107;063909.564;;25317.25;25317.25;1;ASK;;;;;
20251107;063909.564;25316.25;;25316.25;1;BID;;;;;
20251107;063909.564;25316.00;;25316.00;1;BID;;;;;
20251107;063909.564;;25317.25;25317.25;2;ASK;;;;;
20251107;063909.564;;25317.00;25317.00;1;ASK;;;;;
20251107;063909.564;25315.75;;25315.75;3;BID;;;;;
20251107;063909.564;25315.75;;25315.75;2;BID;;;;;
20251107;063909.564;25315.75;;25315.75;1;BID;;;;;
20251107;063909.564;;25316.75;25316.75;1;ASK;;;;;
20251107;063909.564;;25317.00;25317.00;2;ASK;;;;;
20251107;063909.568;25316.00;;25316.00;1;BID;;;;;
20251107;063909.568;25315.75;;25315.75;1;BID;;;;;
20251107;063909.620;25316.00;;25316.00;1;BID;;;;;
20251107;063909.620;25315.75;;25315.75;1;BID;;;;;
20251107;063909.888;25315.75;;25315.75;2;BID;;;;;
20251107;063909.888;25316.00;;25316.00;1;BID;;;;;
20251107;063909.888;25316.00;;25316.00;2;BID;;;;;
20251107;063909.892;25316.00;;25316.00;1;BID;;;;;
20251107;063909.892;25315.75;;25315.75;3;BID;;;;;
20251107;063909.892;25315.75;;25315.75;2;BID;;;;;
20251107;063909.896;25316.00;;25316.00;1;BID;;;;;
20251107;063910.044;25315.75;;25315.75;2;BID;;;;;
20251107;063910.076;25316.00;;25316.00;1;BID;;;;;
20251107;063910.076;25316.00;;25316.00;2;BID;;;;;
20251107;063910.100;25316.00;;25316.00;1;BID;;;;;
20251107;063910.100;25315.75;;25315.75;2;BID;;;;;
20251107;063910.152;25316.00;;25316.00;1;BID;;;;;
20251107;063910.180;;25317.00;25317.00;1;ASK;;;;;
20251107;063910.248;;25317.00;25317.00;1;ASK;;;;;
20251107;063910.248;;25317.25;25317.25;3;ASK;;;;;
20251107;063910.248;25316.25;;25316.25;1;BID;;;;;
20251107;063910.248;;25317.25;25317.25;2;ASK;;;;;
20251107;063910.248;;25317.25;25317.25;1;ASK;;;;;
20251107;063910.248;;25317.50;25317.50;1;ASK;;;;;
20251107;063910.248;25316.50;;25316.50;1;BID;;;;;
20251107;063910.248;;25317.25;25317.25;1;ASK;;;;;
20251107;063910.248;;25317.25;25317.25;2;ASK;;;;;
20251107;063910.248;;25317.25;25317.25;1;ASK;;;;;
20251107;063910.248;25316.50;;25316.50;1;BID;;;;;
20251107;063910.248;25316.00;;25316.00;2;BID;;;;;
20251107;063910.248;;25317.00;25317.00;1;ASK;;;;;
20251107;063910.248;25316.00;;25316.00;1;BID;;;;;
20251107;063910.248;;25317.00;25317.00;2;ASK;;;;;
20251107;063910.248;;25316.75;25316.75;1;ASK;;;;;
20251107;063910.248;25315.75;;25315.75;1;BID;;;;;
20251107;063910.248;;25317.00;25317.00;2;ASK;;;;;
20251107;063910.248;;25317.00;25317.00;3;ASK;;;;;
20251107;063910.252;;25317.00;25317.00;4;ASK;;;;;
20251107;063910.252;;25316.75;25316.75;1;ASK;;;;;
20251107;063910.252;25315.25;;25315.25;4;BID;;;;;
20251107;063910.252;25315.25;;25315.25;3;BID;;;;;
20251107;063910.252;25315.25;;25315.25;2;BID;;;;;
20251107;063910.252;25315.25;;25315.25;3;BID;;;;;
20251107;063910.252;;25316.50;25316.50;1;ASK;;;;;
20251107;063910.252;25315.25;;25315.25;2;BID;;;;;
20251107;063910.252;25315.50;;25315.50;1;BID;;;;;
20251107;063910.252;;25316.75;25316.75;1;ASK;;;;;
20251107;063910.252;;25316.50;25316.50;1;ASK;;;;;
20251107;063910.252;25315.25;;25315.25;2;BID;;;;;
20251107;063910.256;25315.50;;25315.50;1;BID;;;;;
20251107;063910.256;;25316.75;25316.75;1;ASK;;;;;
20251107;063910.256;;25316.75;25316.75;2;ASK;;;;;
20251107;063910.256;;25316.50;25316.50;1;ASK;;;;;
20251107;063910.256;25315.25;;25315.25;2;BID;;;;;
20251107;063910.296;25315.50;;25315.50;1;BID;;;;;
20251107;063910.296;;25316.75;25316.75;1;ASK;;;;;
20251107;063910.308;25315.50;;25315.50;2;BID;;;;;
20251107;063910.308;;25316.75;25316.75;2;ASK;;;;;
20251107;063910.308;25315.75;;25315.75;1;BID;;;;;
20251107;063910.308;25315.75;;25315.75;2;BID;;;;;
20251107;063910.308;25315.75;;25315.75;1;BID;;;;;
20251107;063910.360;25315.75;;25315.75;1;BID;;;;;
20251107;063910.360;25315.50;;25315.50;2;BID;;;;;
20251107;063910.360;;25316.50;25316.50;1;ASK;;;;;
20251107;063910.360;;25316.25;25316.25;1;ASK;;;;;
20251107;063910.360;25315.50;;25315.50;1;BID;;;;;
20251107;063910.360;25315.50;;25315.50;1;BID;;;;;
20251107;063910.360;25315.25;;25315.25;2;BID;;;;;
20251107;063910.360;25315.25;;25315.25;1;BID;;;;;
20251107;063910.364;25315.25;;25315.25;1;BID;;;;;
20251107;063910.364;25314.75;;25314.75;1;BID;;;;;
20251107;063910.364;;25316.25;25316.25;2;ASK;;;;;
20251107;063910.364;;25316.25;25316.25;3;ASK;;;;;
20251107;063910.364;;25316.00;25316.00;1;ASK;;;;;
20251107;063910.364;;25315.75;25315.75;1;ASK;;;;;
20251107;063910.364;25314.50;;25314.50;2;BID;;;;;
20251107;063910.364;25314.50;;25314.50;1;BID;;;;;
20251107;063910.364;25314.25;;25314.25;2;BID;;;;;
20251107;063910.364;25314.75;;25314.75;1;BID;;;;;
20251107;063910.364;25314.25;;25314.25;2;BID;;;;;
20251107;063910.364;;25315.50;25315.50;1;ASK;;;;;
20251107;063910.364;;25315.75;25315.75;1;ASK;;;;;
20251107;063910.364;25314.50;;25314.50;1;BID;;;;;
20251107;063910.364;25314.75;;25314.75;1;BID;;;;;
20251107;063910.372;;25315.75;25315.75;2;ASK;;;;;
20251107;063910.372;25314.50;;25314.50;1;BID;;;;;
20251107;063910.372;;25315.75;25315.75;3;ASK;;;;;
20251107;063910.372;;25315.50;25315.50;1;ASK;;;;;
20251107;063910.372;25314.25;;25314.25;2;BID;;;;;
20251107;063910.372;25314.50;;25314.50;1;BID;;;;;
20251107;063910.372;;25315.75;25315.75;3;ASK;;;;;
20251107;063910.372;;25315.75;25315.75;2;ASK;;;;;
20251107;063910.372;25314.50;;25314.50;2;BID;;;;;
20251107;063910.392;;25315.75;25315.75;3;ASK;;;;;
20251107;063910.392;;25315.50;25315.50;1;ASK;;;;;
20251107;063910.396;;25315.75;25315.75;3;ASK;;;;;
20251107;063910.396;;25315.75;25315.75;2;ASK;;;;;
20251107;063910.400;;25315.50;25315.50;1;ASK;;;;;
20251107;063910.460;;25315.50;25315.50;2;ASK;;;;;
20251107;063910.460;25314.50;;25314.50;1;BID;;;;;
20251107;063910.464;;25315.50;25315.50;1;ASK;;;;;
20251107;063910.532;25314.50;;25314.50;2;BID;;;;;
20251107;063910.624;25314.50;;25314.50;1;BID;;;;;
20251107;063910.624;;25315.25;25315.25;1;ASK;;;;;
20251107;063910.624;25314.25;;25314.25;1;BID;;;;;
20251107;063910.624;25314.00;;25314.00;1;BID;;;;;
20251107;063910.624;25314.00;;25314.00;2;BID;;;;;
20251107;063910.624;;25315.75;25315.75;2;ASK;;;;;
20251107;063910.624;25314.50;;25314.50;1;BID;;;;;
20251107;063910.624;25314.00;;25314.00;1;BID;;;;;
20251107;063910.624;25314.25;;25314.25;1;BID;;;;;
20251107;063910.624;25314.25;;25314.25;2;BID;;;;;
20251107;063910.624;25314.50;;25314.50;1;BID;;;;;
20251107;063910.628;;25315.50;25315.50;1;ASK;;;;;
20251107;063910.628;;25315.75;25315.75;2;ASK;;;;;
20251107;063910.684;;25315.50;25315.50;1;ASK;;;;;
20251107;063910.684;25314.25;;25314.25;2;BID;;;;;
20251107;063910.712;;25315.75;25315.75;2;ASK;;;;;
20251107;063910.712;25314.50;;25314.50;1;BID;;;;;
20251107;063910.716;25314.50;;25314.50;2;BID;;;;;
20251107;063910.716;25314.75;;25314.75;1;BID;;;;;
20251107;063910.728;25314.50;;25314.50;2;BID;;;;;
20251107;063910.728;;25315.50;25315.50;1;ASK;;;;;
20251107;063910.728;;25315.75;25315.75;2;ASK;;;;;
20251107;063910.728;25314.50;;25314.50;1;BID;;;;;
20251107;063910.728;25314.25;;25314.25;2;BID;;;;;
20251107;063910.768;25314.50;;25314.50;1;BID;;;;;
20251107;063910.768;25314.50;;25314.50;2;BID;;;;;
20251107;063910.768;25314.75;;25314.75;1;BID;;;;;
20251107;063910.768;;25315.75;25315.75;1;ASK;;;;;
20251107;063910.772;;25316.00;25316.00;1;ASK;;;;;
20251107;063910.776;;25315.75;25315.75;1;ASK;;;;;
20251107;063910.864;25314.50;;25314.50;2;BID;;;;;
20251107;063910.864;;25315.75;25315.75;2;ASK;;;;;
20251107;063911.256;;25315.00;25315.00;1;ASK;;;;;
20251107;063911.256;25314.50;;25314.50;1;BID;;;;;
20251107;063911.256;25314.25;;25314.25;2;BID;;;;;
20251107;063911.256;25314.25;;25314.25;1;BID;;;;;
20251107;063911.256;25314.00;;25314.00;2;BID;;;;;
20251107;063911.256;25314.00;;25314.00;1;BID;;;;;
20251107;063911.256;25314.25;;25314.25;1;BID;;;;;
20251107;063911.256;;25315.75;25315.75;2;ASK;;;;;
20251107;063911.256;25313.50;;25313.50;3;BID;;;;;
20251107;063911.256;;25315.50;25315.50;1;ASK;;;;;
20251107;063911.256;25313.75;;25313.75;1;BID;;;;;
20251107;063911.256;25313.75;;25313.75;2;BID;;;;;
20251107;063911.256;25313.75;;25313.75;3;BID;;;;;
20251107;063911.256;25314.00;;25314.00;1;BID;;;;;
20251107;063911.256;25314.00;;25314.00;2;BID;;;;;
20251107;063911.260;25314.25;;25314.25;1;BID;;;;;
20251107;063911.288;25314.50;;25314.50;1;BID;;;;;
20251107;063911.288;;25315.75;25315.75;2;ASK;;;;;
20251107;063911.308;25314.50;;25314.50;2;BID;;;;;
20251107;063911.412;25314.75;;25314.75;1;BID;;;;;
20251107;063911.412;;25315.75;25315.75;1;ASK;;;;;
20251107;063911.412;;25316.00;25316.00;2;ASK;;;;;
20251107;063911.412;;25316.00;25316.00;1;ASK;;;;;
20251107;063911.416;;25315.75;25315.75;1;ASK;;;;;
20251107;063911.416;25314.50;;25314.50;2;BID;;;;;
20251107;063911.416;25314.75;;25314.75;1;BID;;;;;
20251107;063911.416;;25316.00;25316.00;1;ASK;;;;;
20251107;063911.448;;25316.00;25316.00;2;ASK;;;;;
20251107;063911.448;;25316.00;25316.00;3;ASK;;;;;
20251107;063911.448;;25315.75;25315.75;1;ASK;;;;;
20251107;063911.448;25314.50;;25314.50;2;BID;;;;;
20251107;063911.448;25314.75;;25314.75;1;BID;;;;;
20251107;063911.448;;25316.00;25316.00;2;ASK;;;;;
20251107;063911.448;;25316.00;25316.00;1;ASK;;;;;
20251107;063911.480;;25315.75;25315.75;1;ASK;;;;;
20251107;063911.520;;25316.00;25316.00;1;ASK;;;;;
20251107;063911.520;25315.00;;25315.00;1;BID;;;;;
20251107;063911.520;;25316.25;25316.25;4;ASK;;;;;
20251107;063911.520;;25316.25;25316.25;3;ASK;;;;;
20251107;063911.520;;25316.25;25316.25;2;ASK;;;;;
20251107;063911.524;;25316.25;25316.25;1;ASK;;;;;
20251107;063911.524;25315.00;;25315.00;2;BID;;;;;
20251107;063911.524;25315.25;;25315.25;1;BID;;;;;
20251107;063911.524;;25316.50;25316.50;3;ASK;;;;;
20251107;063911.524;;25316.50;25316.50;2;ASK;;;;;
20251107;063911.524;;25316.25;25316.25;1;ASK;;;;;
20251107;063911.528;;25316.25;25316.25;2;ASK;;;;;
20251107;063911.528;25315.00;;25315.00;2;BID;;;;;
20251107;063911.544;;25316.25;25316.25;1;ASK;;;;;
20251107;063911.544;;25316.25;25316.25;2;ASK;;;;;
20251107;063911.544;25315.25;;25315.25;1;BID;;;;;
20251107;063911.544;;25316.25;25316.25;1;ASK;;;;;
20251107;063911.544;;25316.50;25316.50;3;ASK;;;;;
20251107;063911.544;25315.00;;25315.00;2;BID;;;;;
20251107;063911.544;;25316.50;25316.50;2;ASK;;;;;
20251107;063911.544;;25316.25;25316.25;1;ASK;;;;;
20251107;063911.552;;25316.00;25316.00;1;ASK;;;;;
20251107;063911.576;;25316.25;25316.25;1;ASK;;;;;
20251107;063911.668;;25316.00;25316.00;1;ASK;;;;;
20251107;063911.668;25315.00;;25315.00;1;BID;;;;;
20251107;063911.668;25314.75;;25314.75;2;BID;;;;;
20251107;063911.668;25314.75;;25314.75;1;BID;;;;;
20251107;063911.668;25315.00;;25315.00;1;BID;;;;;
20251107;063911.668;;25316.25;25316.25;1;ASK;;;;;
20251107;063911.696;;25316.00;25316.00;1;ASK;;;;;
20251107;063911.784;;25316.00;25316.00;1;ASK;;;;;
20251107;063911.784;;25316.00;25316.00;1;ASK;;;;;
20251107;063911.784;;25316.25;25316.25;1;ASK;;;;;
20251107;063911.784;;25316.50;25316.50;3;ASK;;;;;
20251107;063911.784;25316.00;;25316.00;1;BID;;;;;
20251107;063911.784;25315.25;;25315.25;1;BID;;;;;
20251107;063911.784;;25316.50;25316.50;2;ASK;;;;;
20251107;063911.784;;25316.50;25316.50;1;ASK;;;;;
20251107;063911.784;;25316.75;25316.75;3;ASK;;;;;
20251107;063911.784;;25316.25;25316.25;1;ASK;;;;;
20251107;063911.784;25315.25;;25315.25;2;BID;;;;;
20251107;063911.784;;25316.50;25316.50;1;ASK;;;;;
20251107;063911.784;25315.25;;25315.25;1;BID;;;;;
20251107;063911.784;;25316.25;25316.25;1;ASK;;;;;
20251107;063911.784;25315.00;;25315.00;1;BID;;;;;
20251107;063911.800;25315.00;;25315.00;2;BID;;;;;
20251107;063911.800;25315.25;;25315.25;1;BID;;;;;
20251107;063911.800;;25316.25;25316.25;2;ASK;;;;;
20251107;063911.800;25315.00;;25315.00;2;BID;;;;;
20251107;063911.800;;25316.25;25316.25;1;ASK;;;;;
20251107;063911.800;;25316.50;25316.50;3;ASK;;;;;
20251107;063911.804;25315.25;;25315.25;1;BID;;;;;
20251107;063911.804;;25316.50;25316.50;2;ASK;;;;;
20251107;063911.900;;25316.50;25316.50;1;ASK;;;;;
20251107;063911.904;25315.50;;25315.50;1;BID;;;;;
20251107;063911.908;25315.25;;25315.25;1;BID;;;;;
20251107;063912.000;25315.25;;25315.25;1;BID;;;;;
20251107;063912.000;25315.00;;25315.00;1;BID;;;;;
20251107;063912.000;25314.75;;25314.75;1;BID;;;;;
20251107;063912.000;25314.75;;25314.75;1;BID;;;;;
20251107;063912.000;;25316.25;25316.25;1;ASK;;;;;
20251107;063912.000;;25316.25;25316.25;2;ASK;;;;;
20251107;063912.000;25314.50;;25314.50;2;BID;;;;;
20251107;063912.000;25314.75;;25314.75;1;BID;;;;;
20251107;063912.000;25314.75;;25314.75;2;BID;;;;;
20251107;063912.000;;25316.25;25316.25;3;ASK;;;;;
20251107;063912.000;25314.75;;25314.75;3;BID;;;;;
20251107;063912.000;25314.75;;25314.75;2;BID;;;;;
20251107;063912.000;;25316.00;25316.00;1;ASK;;;;;
20251107;063912.000;;25316.25;25316.25;3;ASK;;;;;
20251107;063912.000;25315.00;;25315.00;1;BID;;;;;
20251107;063912.000;;25316.25;25316.25;2;ASK;;;;;
20251107;063912.008;;25316.25;25316.25;3;ASK;;;;;
20251107;063912.008;;25316.25;25316.25;4;ASK;;;;;
20251107;063912.008;;25316.00;25316.00;1;ASK;;;;;
20251107;063912.008;25314.75;;25314.75;2;BID;;;;;
20251107;063912.008;25314.75;;25314.75;1;BID;;;;;
20251107;063912.008;25314.75;;25314.75;2;BID;;;;;
20251107;063912.008;;25315.75;25315.75;1;ASK;;;;;
20251107;063912.008;;25316.00;25316.00;1;ASK;;;;;
20251107;063912.036;;25316.00;25316.00;2;ASK;;;;;
20251107;063912.036;;25315.75;25315.75;1;ASK;;;;;
20251107;063912.132;;25315.75;25315.75;2;ASK;;;;;
20251107;063912.216;25314.75;;25314.75;1;BID;;;;;
20251107;063912.216;25314.50;;25314.50;3;BID;;;;;
20251107;063912.216;25314.50;;25314.50;2;BID;;;;;
20251107;063913.408;25314.75;;25314.75;1;BID;;;;;
20251107;063913.408;;25315.75;25315.75;1;ASK;;;;;
20251107;063913.408;;25316.00;25316.00;1;ASK;;;;;
20251107;063913.408;25315.00;;25315.00;1;BID;;;;;
20251107;063913.408;;25316.25;25316.25;3;ASK;;;;;
20251107;063913.408;25314.75;;25314.75;2;BID;;;;;
20251107;063913.408;;25316.25;25316.25;2;ASK;;;;;
20251107;063913.408;;25316.00;25316.00;1;ASK;;;;;
20251107;063913.412;25315.00;;25315.00;1;BID;;;;;
20251107;063913.412;;25316.25;25316.25;2;ASK;;;;;
20251107;063913.448;;25316.00;25316.00;1;ASK;;;;;
20251107;063913.448;25314.75;;25314.75;2;BID;;;;;
20251107;063913.468;25315.00;;25315.00;1;BID;;;;;
20251107;063913.468;25314.75;;25314.75;2;BID;;;;;
20251107;063913.548;25315.00;;25315.00;1;BID;;;;;
20251107;063913.548;;25316.25;25316.25;1;ASK;;;;;
20251107;063913.552;25315.25;;25315.25;1;BID;;;;;
20251107;063913.552;;25316.25;25316.25;2;ASK;;;;;
20251107;063913.552;25315.00;;25315.00;1;BID;;;;;
20251107;063913.552;25315.00;;25315.00;2;BID;;;;;
20251107;063913.552;25315.25;;25315.25;1;BID;;;;;
20251107;063913.648;25315.00;;25315.00;2;BID;;;;;
20251107;063913.648;;25316.00;25316.00;1;ASK;;;;;
20251107;063913.648;;25316.00;25316.00;2;ASK;;;;;
20251107;063913.660;25315.00;;25315.00;1;BID;;;;;
20251107;063913.660;25314.75;;25314.75;1;BID;;;;;
20251107;063913.660;;25315.75;25315.75;1;ASK;;;;;
20251107;063913.660;;25315.75;25315.75;2;ASK;;;;;
20251107;063913.660;25314.75;;25314.75;2;BID;;;;;
20251107;063913.660;25314.75;;25314.75;1;BID;;;;;
20251107;063913.660;25314.50;;25314.50;3;BID;;;;;
20251107;063913.664;;25315.75;25315.75;1;ASK;;;;;
20251107;063913.664;25314.50;;25314.50;2;BID;;;;;
20251107;063913.776;;25315.75;25315.75;2;ASK;;;;;
20251107;063913.904;25314.50;;25314.50;3;BID;;;;;
20251107;063913.952;25314.75;;25314.75;1;BID;;;;;
20251107;063914.216;25314.75;;25314.75;2;BID;;;;;
20251107;063915.104;25314.75;;25314.75;1;BID;;;;;
20251107;063915.104;25314.50;;25314.50;3;BID;;;;;
20251107;063915.128;;25315.50;25315.50;1;ASK;;;;;
20251107;063915.128;;25315.50;25315.50;2;ASK;;;;;
20251107;063915.128;25314.50;;25314.50;2;BID;;;;;
20251107;063915.128;25314.50;;25314.50;1;BID;;;;;
20251107;063915.128;25314.25;;25314.25;3;BID;;;;;
20251107;063915.128;25314.25;;25314.25;2;BID;;;;;
20251107;063915.128;;25315.25;25315.25;1;ASK;;;;;
20251107;063915.128;25314.25;;25314.25;1;BID;;;;;
20251107;063915.128;;25315.25;25315.25;2;ASK;;;;;
20251107;063915.128;25314.25;;25314.25;2;BID;;;;;
20251107;063915.128;25314.25;;25314.25;1;BID;;;;;
20251107;063915.128;;25315.25;25315.25;1;ASK;;;;;
20251107;063915.268;;25315.25;25315.25;2;ASK;;;;;
20251107;063915.996;;25315.25;25315.25;1;ASK;;;;;
20251107;063915.996;25314.50;;25314.50;1;BID;;;;;
20251107;063915.996;;25315.25;25315.25;1;ASK;;;;;
20251107;063915.996;;25315.50;25315.50;1;ASK;;;;;
20251107;063915.996;25314.75;;25314.75;1;BID;;;;;
20251107;063915.996;;25315.75;25315.75;1;ASK;;;;;
20251107;063916.000;;25316.00;25316.00;2;ASK;;;;;
20251107;063916.024;;25315.75;25315.75;1;ASK;;;;;
20251107;063916.024;25314.50;;25314.50;1;BID;;;;;
20251107;063916.024;25314.50;;25314.50;2;BID;;;;;
20251107;063916.024;25314.75;;25314.75;1;BID;;;;;
20251107;063916.024;;25316.00;25316.00;2;ASK;;;;;
20251107;063916.256;;25315.75;25315.75;1;ASK;;;;;
20251107;063916.256;25314.50;;25314.50;2;BID;;;;;
20251107;063916.256;25314.75;;25314.75;1;BID;;;;;
20251107;063916.452;;25316.00;25316.00;2;ASK;;;;;
20251107;063917.104;;25316.00;25316.00;3;ASK;;;;;
20251107;063917.104;;25315.75;25315.75;1;ASK;;;;;
20251107;063917.160;;25315.75;25315.75;2;ASK;;;;;
20251107;063917.160;25314.50;;25314.50;2;BID;;;;;
20251107;063917.160;25314.50;;25314.50;3;BID;;;;;
20251107;063917.200;25314.75;;25314.75;1;BID;;;;;
20251107;063917.200;;25315.75;25315.75;1;ASK;;;;;
20251107;063917.452;25314.75;;25314.75;2;BID;;;;;
20251107;063917.868;25315.00;;25315.00;1;BID;;;;;
20251107;063918.132;;25315.75;25315.75;2;ASK;;;;;
20251107;063918.132;25314.75;;25314.75;2;BID;;;;;
20251107;063918.132;25314.75;;25314.75;1;BID;;;;;
20251107;063918.132;25314.50;;25314.50;3;BID;;;;;
20251107;063918.396;;25315.50;25315.50;1;ASK;;;;;
20251107;063918.396;25314.50;;25314.50;2;BID;;;;;
20251107;063918.396;25314.50;;25314.50;1;BID;;;;;
20251107;063918.396;25314.25;;25314.25;1;BID;;;;;
20251107;063918.396;25314.00;;25314.00;3;BID;;;;;
20251107;063918.396;25314.25;;25314.25;1;BID;;;;;
20251107;063918.400;;25315.75;25315.75;2;ASK;;;;;
20251107;063918.400;25314.00;;25314.00;2;BID;;;;;
20251107;063918.400;25314.50;;25314.50;1;BID;;;;;
20251107;063918.452;25314.50;;25314.50;2;BID;;;;;
20251107;063918.452;25314.75;;25314.75;1;BID;;;;;
20251107;063918.560;25314.50;;25314.50;2;BID;;;;;
20251107;063918.708;;25315.50;25315.50;1;ASK;;;;;
20251107;063918.724;25314.50;;25314.50;1;BID;;;;;
20251107;063918.896;;25315.75;25315.75;2;ASK;;;;;
20251107;063918.896;25314.75;;25314.75;1;BID;;;;;
20251107;063919.188;25314.50;;25314.50;2;BID;;;;;
20251107;063919.576;25314.75;;25314.75;1;BID;;;;;
20251107;063919.584;25314.75;;25314.75;2;BID;;;;;
20251107;063919.584;25315.00;;25315.00;1;BID;;;;;
20251107;063919.788;25314.75;;25314.75;2;BID;;;;;
20251107;063920.340;25314.75;;25314.75;1;BID;;;;;
20251107;063921.456;25315.25;;25315.25;1;BID;;;;;
20251107;063921.456;25315.25;;25315.25;1;BID;;;;;
20251107;063921.456;25314.75;;25314.75;1;BID;;;;;
20251107;063921.456;;25315.50;25315.50;1;ASK;;;;;
20251107;063921.520;25314.25;;25314.25;3;BID;;;;;
20251107;063921.520;25314.25;;25314.25;2;BID;;;;;
20251107;063921.520;25314.50;;25314.50;1;BID;;;;;
20251107;063921.520;;25315.75;25315.75;2;ASK;;;;;
20251107;063921.660;;25315.75;25315.75;1;ASK;;;;;
20251107;063921.660;;25315.75;25315.75;1;ASK;;;;;
20251107;063921.660;25314.75;;25314.75;1;BID;;;;;
20251107;063921.660;;25316.00;25316.00;1;ASK;;;;;
20251107;063921.660;25314.75;;25314.75;2;BID;;;;;
20251107;063921.660;25315.00;;25315.00;1;BID;;;;;
20251107;063921.724;25315.25;;25315.25;1;BID;;;;;
20251107;063921.776;25314.75;;25314.75;1;BID;;;;;
20251107;063921.776;;25315.75;25315.75;1;ASK;;;;;
20251107;063921.776;25315.00;;25315.00;1;BID;;;;;
20251107;063921.776;25314.75;;25314.75;1;BID;;;;;
20251107;063921.780;;25316.00;25316.00;1;ASK;;;;;
20251107;063921.780;25315.00;;25315.00;1;BID;;;;;
20251107;063921.788;25314.75;;25314.75;1;BID;;;;;
20251107;063921.788;25314.75;;25314.75;2;BID;;;;;
20251107;063921.788;;25315.75;25315.75;1;ASK;;;;;
20251107;063921.788;;25316.00;25316.00;1;ASK;;;;;
20251107;063921.804;;25316.00;25316.00;2;ASK;;;;;
20251107;063921.804;;25315.75;25315.75;1;ASK;;;;;
20251107;063921.804;;25316.00;25316.00;1;ASK;;;;;
20251107;063921.804;25314.75;;25314.75;1;BID;;;;;
20251107;063921.804;;25315.75;25315.75;1;ASK;;;;;
20251107;063921.868;25314.50;;25314.50;3;BID;;;;;
20251107;063921.868;25314.50;;25314.50;2;BID;;;;;
20251107;063921.868;;25315.75;25315.75;2;ASK;;;;;
20251107;063921.868;25314.75;;25314.75;1;BID;;;;;
20251107;063921.868;;25315.75;25315.75;1;ASK;;;;;
20251107;063921.868;;25316.00;25316.00;1;ASK;;;;;
20251107;063921.868;25315.00;;25315.00;1;BID;;;;;
20251107;063921.888;;25316.00;25316.00;2;ASK;;;;;
20251107;063921.908;25314.75;;25314.75;1;BID;;;;;
20251107;063921.908;;25316.00;25316.00;1;ASK;;;;;
20251107;063921.908;;25315.75;25315.75;1;ASK;;;;;
20251107;063921.908;;25316.00;25316.00;1;ASK;;;;;
20251107;063921.936;;25316.00;25316.00;2;ASK;;;;;
20251107;063921.936;;25315.75;25315.75;1;ASK;;;;;
20251107;063922.044;;25315.75;25315.75;2;ASK;;;;;
20251107;063922.044;25314.50;;25314.50;3;BID;;;;;
20251107;063922.044;25314.50;;25314.50;2;BID;;;;;
20251107;063922.044;25314.50;;25314.50;3;BID;;;;;
20251107;063922.048;25314.75;;25314.75;1;BID;;;;;
20251107;063922.048;;25315.75;25315.75;1;ASK;;;;;
20251107;063922.048;;25316.00;25316.00;1;ASK;;;;;
20251107;063922.048;25315.00;;25315.00;1;BID;;;;;
20251107;063922.052;;25316.00;25316.00;2;ASK;;;;;
20251107;063922.172;25314.75;;25314.75;1;BID;;;;;
20251107;063922.172;;25316.00;25316.00;1;ASK;;;;;
20251107;063922.172;25314.75;;25314.75;2;BID;;;;;
20251107;063922.172;25315.00;;25315.00;1;BID;;;;;
20251107;063922.172;25314.75;;25314.75;2;BID;;;;;
20251107;063922.228;25315.00;;25315.00;1;BID;;;;;
20251107;063922.280;25314.75;;25314.75;2;BID;;;;;
20251107;063922.332;25315.00;;25315.00;1;BID;;;;;
20251107;063922.388;25314.75;;25314.75;2;BID;;;;;
20251107;063922.456;;25316.00;25316.00;2;ASK;;;;;
20251107;063922.456;25315.00;;25315.00;1;BID;;;;;
20251107;063922.456;;25315.75;25315.75;1;ASK;;;;;
20251107;063922.456;;25316.00;25316.00;2;ASK;;;;;
20251107;063922.456;;25316.00;25316.00;1;ASK;;;;;
20251107;063922.492;25314.75;;25314.75;2;BID;;;;;
20251107;063922.504;;25316.00;25316.00;2;ASK;;;;;
20251107;063922.504;;25315.75;25315.75;1;ASK;;;;;
20251107;063922.548;25315.00;;25315.00;1;BID;;;;;
20251107;063922.548;;25316.00;25316.00;1;ASK;;;;;
20251107;063922.548;;25315.75;25315.75;1;ASK;;;;;
20251107;063922.548;;25316.00;25316.00;1;ASK;;;;;
20251107;063922.564;;25316.00;25316.00;2;ASK;;;;;
20251107;063922.564;25314.75;;25314.75;2;BID;;;;;
20251107;063922.564;;25316.00;25316.00;1;ASK;;;;;
20251107;063922.600;;25316.00;25316.00;2;ASK;;;;;
20251107;063922.664;;25315.75;25315.75;1;ASK;;;;;
20251107;063923.456;;25315.75;25315.75;2;ASK;;;;;
20251107;063923.456;;25315.75;25315.75;1;ASK;;;;;
20251107;063923.456;;25316.00;25316.00;3;ASK;;;;;
20251107;063923.456;;25316.00;25316.00;2;ASK;;;;;
20251107;063923.456;;25316.00;25316.00;1;ASK;;;;;
20251107;063923.460;25315.00;;25315.00;1;BID;;;;;
20251107;063923.460;25315.00;;25315.00;2;BID;;;;;
20251107;063923.460;25315.00;;25315.00;1;BID;;;;;
20251107;063923.504;25314.75;;25314.75;2;BID;;;;;
20251107;063923.540;;25316.00;25316.00;2;ASK;;;;;
20251107;063923.856;25314.75;;25314.75;3;BID;;;;;
20251107;063924.008;25315.00;;25315.00;1;BID;;;;;
20251107;063924.012;;25316.00;25316.00;1;ASK;;;;;
20251107;063924.036;25314.75;;25314.75;3;BID;;;;;
20251107;063924.460;;25316.00;25316.00;2;ASK;;;;;
20251107;063924.772;25314.75;;25314.75;2;BID;;;;;
20251107;063924.804;;25315.75;25315.75;1;ASK;;;;;
20251107;063924.804;25314.75;;25314.75;1;BID;;;;;
20251107;063924.944;;25315.75;25315.75;2;ASK;;;;;
20251107;063924.944;25314.50;;25314.50;3;BID;;;;;
20251107;063924.944;25314.50;;25314.50;2;BID;;;;;
20251107;063924.944;;25315.50;25315.50;1;ASK;;;;;
20251107;063924.952;;25315.75;25315.75;2;ASK;;;;;
20251107;063924.952;25314.50;;25314.50;3;BID;;;;;
20251107;063924.952;25314.50;;25314.50;4;BID;;;;;
20251107;063924.952;25314.75;;25314.75;1;BID;;;;;
20251107;063925.204;;25315.75;25315.75;1;ASK;;;;;
20251107;063925.204;;25316.00;25316.00;2;ASK;;;;;
20251107;063925.204;;25316.00;25316.00;1;ASK;;;;;
20251107;063925.212;;25316.00;25316.00;2;ASK;;;;;
20251107;063925.212;25315.00;;25315.00;1;BID;;;;;
20251107;063925.212;;25316.00;25316.00;1;ASK;;;;;
20251107;063925.224;;25316.00;25316.00;2;ASK;;;;;
20251107;063925.224;25314.75;;25314.75;1;BID;;;;;
20251107;063925.224;;25315.75;25315.75;1;ASK;;;;;
20251107;063925.224;25314.75;;25314.75;2;BID;;;;;
20251107;063925.224;;25316.00;25316.00;1;ASK;;;;;
20251107;063925.264;;25316.00;25316.00;2;ASK;;;;;
20251107;063925.264;;25315.75;25315.75;1;ASK;;;;;
20251107;063925.264;;25316.00;25316.00;2;ASK;;;;;
20251107;063925.264;;25316.00;25316.00;1;ASK;;;;;
20251107;063925.264;25314.75;;25314.75;1;BID;;;;;
20251107;063925.264;25314.75;;25314.75;2;BID;;;;;
20251107;063925.284;25314.75;;25314.75;3;BID;;;;;
20251107;063925.284;25315.00;;25315.00;1;BID;;;;;
20251107;063925.536;;25316.00;25316.00;2;ASK;;;;;
20251107;063925.536;25314.75;;25314.75;3;BID;;;;;
20251107;063925.536;;25316.00;25316.00;1;ASK;;;;;
20251107;063925.536;25315.00;;25315.00;1;BID;;;;;
20251107;063925.580;;25316.00;25316.00;2;ASK;;;;;
20251107;063926.456;25314.75;;25314.75;3;BID;;;;;
20251107;063926.456;;25316.00;25316.00;1;ASK;;;;;
20251107;063926.692;;25316.00;25316.00;2;ASK;;;;;
20251107;063927.888;25315.00;;25315.00;1;BID;;;;;
20251107;063927.888;;25316.00;25316.00;1;ASK;;;;;
20251107;063928.512;;25316.00;25316.00;2;ASK;;;;;
20251107;063928.512;25314.75;;25314.75;3;BID;;;;;
20251107;063928.512;;25316.00;25316.00;1;ASK;;;;;
20251107;063928.512;25315.00;;25315.00;1;BID;;;;;
20251107;063928.524;;25316.00;25316.00;2;ASK;;;;;
20251107;063928.524;25314.75;;25314.75;4;BID;;;;;
20251107;063928.524;25314.75;;25314.75;3;BID;;;;;
20251107;063929.028;25315.00;;25315.00;1;BID;;;;;
20251107;063929.028;;25316.00;25316.00;1;ASK;;;;;
20251107;063929.176;;25316.00;25316.00;2;ASK;;;;;
20251107;063929.176;25314.75;;25314.75;3;BID;;;;;
20251107;063929.176;;25316.00;25316.00;1;ASK;;;;;
20251107;063929.176;25315.00;;25315.00;1;BID;;;;;
20251107;063929.356;;25316.00;25316.00;2;ASK;;;;;
20251107;063929.356;25314.75;;25314.75;3;BID;;;;;
20251107;063929.356;;25316.00;25316.00;1;ASK;;;;;
20251107;063929.364;;25316.00;25316.00;2;ASK;;;;;
20251107;063929.692;;25315.75;25315.75;1;ASK;;;;;
20251107;063929.696;25314.75;;25314.75;2;BID;;;;;
20251107;063929.696;25314.75;;25314.75;1;BID;;;;;
20251107;063929.804;;25315.75;25315.75;2;ASK;;;;;
20251107;063929.940;;25315.75;25315.75;3;ASK;;;;;
20251107;063930.128;;25315.50;25315.50;1;ASK;;;;;
20251107;063930.128;;25315.75;25315.75;2;ASK;;;;;
20251107;063930.132;;25315.75;25315.75;3;ASK;;;;;
20251107;063930.144;;25315.50;25315.50;1;ASK;;;;;
20251107;063930.144;25314.50;;25314.50;2;BID;;;;;
20251107;063930.144;;25315.75;25315.75;2;ASK;;;;;
20251107;063930.148;;25315.75;25315.75;3;ASK;;;;;
20251107;063930.148;;25315.50;25315.50;1;ASK;;;;;
20251107;063930.204;;25315.75;25315.75;3;ASK;;;;;
20251107;063930.204;;25315.75;25315.75;2;ASK;;;;;
20251107;063930.204;25314.75;;25314.75;1;BID;;;;;
20251107;063930.208;25314.50;;25314.50;3;BID;;;;;
20251107;063930.212;;25315.75;25315.75;3;ASK;;;;;
20251107;063930.212;25314.75;;25314.75;1;BID;;;;;
20251107;063930.212;;25315.75;25315.75;2;ASK;;;;;
20251107;063930.296;;25315.75;25315.75;3;ASK;;;;;
20251107;063930.296;25314.50;;25314.50;3;BID;;;;;
20251107;063930.296;;25315.75;25315.75;2;ASK;;;;;
20251107;063930.296;;25315.50;25315.50;1;ASK;;;;;
20251107;063930.296;;25315.75;25315.75;2;ASK;;;;;
20251107;063930.312;;25315.75;25315.75;3;ASK;;;;;
20251107;063930.324;25314.75;;25314.75;1;BID;;;;;
20251107;063930.324;;25315.75;25315.75;2;ASK;;;;;
20251107;063930.352;25314.75;;25314.75;1;BID;;;;;
20251107;063930.352;25314.50;;25314.50;3;BID;;;;;
20251107;063930.352;;25315.50;25315.50;1;ASK;;;;;
20251107;063930.352;25314.50;;25314.50;2;BID;;;;;
20251107;063930.352;25314.50;;25314.50;1;BID;;;;;
20251107;063930.356;;25315.75;25315.75;2;ASK;;;;;
20251107;063930.368;;25315.75;25315.75;3;ASK;;;;;
20251107;063930.368;;25315.50;25315.50;1;ASK;;;;;
20251107;063930.504;;25315.50;25315.50;2;ASK;;;;;
20251107;063930.504;;25315.25;25315.25;1;ASK;;;;;
20251107;063930.508;25314.50;;25314.50;1;BID;;;;;
20251107;063930.508;25314.25;;25314.25;1;BID;;;;;
20251107;063930.508;;25315.00;25315.00;1;ASK;;;;;
20251107;063930.508;;25315.00;25315.00;2;ASK;;;;;
20251107;063930.508;;25314.75;25314.75;1;ASK;;;;;
20251107;063930.508;25313.50;;25313.50;2;BID;;;;;
20251107;063930.508;25313.75;;25313.75;1;BID;;;;;
20251107;063930.508;;25315.00;25315.00;3;ASK;;;;;
20251107;063930.508;;25315.00;25315.00;2;ASK;;;;;
20251107;063930.512;;25314.75;25314.75;1;ASK;;;;;
20251107;063930.512;25313.50;;25313.50;2;BID;;;;;
20251107;063930.516;25313.75;;25313.75;1;BID;;;;;
20251107;063930.524;25313.50;;25313.50;2;BID;;;;;
20251107;063930.524;;25314.75;25314.75;2;ASK;;;;;
20251107;063930.524;;25314.50;25314.50;1;ASK;;;;;
20251107;063930.524;;25314.75;25314.75;2;ASK;;;;;
20251107;063930.604;;25314.50;25314.50;1;ASK;;;;;
20251107;063930.620;25313.50;;25313.50;1;BID;;;;;
20251107;063930.620;25313.25;;25313.25;1;BID;;;;;
20251107;063930.620;25313.25;;25313.25;2;BID;;;;;
20251107;063930.620;25313.50;;25313.50;1;BID;;;;;
20251107;063930.620;;25314.75;25314.75;2;ASK;;;;;
20251107;063930.620;;25314.50;25314.50;1;ASK;;;;;
20251107;063930.684;25313.25;;25313.25;2;BID;;;;;
20251107;063930.684;;25314.50;25314.50;2;ASK;;;;;
20251107;063930.684;;25314.25;25314.25;1;ASK;;;;;
20251107;063930.704;;25314.50;25314.50;2;ASK;;;;;
20251107;063930.704;;25314.50;25314.50;1;ASK;;;;;
20251107;063930.724;;25314.50;25314.50;2;ASK;;;;;
20251107;063930.724;;25314.25;25314.25;1;ASK;;;;;
20251107;063930.760;;25314.50;25314.50;2;ASK;;;;;
20251107;063930.760;25313.50;;25313.50;1;BID;;;;;
20251107;063930.760;;25314.50;25314.50;1;ASK;;;;;
20251107;063930.872;;25314.50;25314.50;2;ASK;;;;;
20251107;063930.872;;25314.25;25314.25;1;ASK;;;;;
20251107;063930.872;25313.25;;25313.25;2;BID;;;;;
20251107;063930.936;;25314.50;25314.50;1;ASK;;;;;
20251107;063930.936;25313.50;;25313.50;1;BID;;;;;
20251107;063931.152;25313.25;;25313.25;2;BID;;;;;
20251107;063931.152;;25314.25;25314.25;1;ASK;;;;;
20251107;063931.220;25313.50;;25313.50;1;BID;;;;;
20251107;063931.220;;25314.50;25314.50;1;ASK;;;;;
20251107;063931.220;;25314.25;25314.25;1;ASK;;;;;
20251107;063931.220;;25314.50;25314.50;1;ASK;;;;;
20251107;063931.272;25313.25;;25313.25;2;BID;;;;;
20251107;063931.348;;25314.50;25314.50;2;ASK;;;;;
20251107;063931.348;;25314.25;25314.25;1;ASK;;;;;
20251107;063931.376;25313.50;;25313.50;1;BID;;;;;
20251107;063931.376;;25314.50;25314.50;2;ASK;;;;;
20251107;063931.376;;25314.50;25314.50;1;ASK;;;;;
20251107;063931.376;;25314.25;25314.25;1;ASK;;;;;
20251107;063931.376;;25314.50;25314.50;1;ASK;;;;;
20251107;063931.416;;25314.50;25314.50;2;ASK;;;;;
20251107;063931.416;25313.25;;25313.25;2;BID;;;;;
20251107;063931.660;25313.50;;25313.50;1;BID;;;;;
20251107;063931.660;;25314.50;25314.50;1;ASK;;;;;
20251107;063931.664;25313.50;;25313.50;2;BID;;;;;
20251107;063931.664;;25314.75;25314.75;2;ASK;;;;;
20251107;063931.664;;25314.75;25314.75;1;ASK;;;;;
20251107;063931.732;;25314.75;25314.75;2;ASK;;;;;
20251107;063931.732;;25314.50;25314.50;1;ASK;;;;;
20251107;063932.576;25313.50;;25313.50;1;BID;;;;;
20251107;063932.576;25313.25;;25313.25;2;BID;;;;;
20251107;063932.580;;25314.50;25314.50;2;ASK;;;;;
20251107;063932.580;;25314.25;25314.25;1;ASK;;;;;
20251107;063932.580;25313.50;;25313.50;1;BID;;;;;
20251107;063932.580;;25314.50;25314.50;1;ASK;;;;;
20251107;063932.580;25313.25;;25313.25;2;BID;;;;;
20251107;063932.584;;25314.25;25314.25;1;ASK;;;;;
20251107;063932.696;;25314.25;25314.25;2;ASK;;;;;
20251107;063932.740;;25314.25;25314.25;1;ASK;;;;;
20251107;063932.740;;25314.50;25314.50;2;ASK;;;;;
20251107;063932.740;;25314.50;25314.50;1;ASK;;;;;
20251107;063932.740;25313.25;;25313.25;1;BID;;;;;
20251107;063932.740;25313.50;;25313.50;1;BID;;;;;
20251107;063932.760;;25314.50;25314.50;2;ASK;;;;;
20251107;063932.760;;25314.25;25314.25;1;ASK;;;;;
20251107;063932.760;25313.00;;25313.00;1;BID;;;;;
20251107;063932.760;25313.00;;25313.00;2;BID;;;;;
20251107;063932.760;25313.00;;25313.00;3;BID;;;;;
20251107;063932.760;25313.25;;25313.25;1;BID;;;;;
20251107;063932.760;;25314.50;25314.50;2;ASK;;;;;
20251107;063932.760;;25314.50;25314.50;1;ASK;;;;;
20251107;063932.764;;25314.50;25314.50;2;ASK;;;;;
20251107;063932.764;;25314.25;25314.25;1;ASK;;;;;
20251107;063932.908;;25314.50;25314.50;2;ASK;;;;;
20251107;063932.908;;25314.50;25314.50;1;ASK;;;;;
20251107;063932.908;25313.50;;25313.50;1;BID;;;;;
20251107;063933.632;;25314.50;25314.50;2;ASK;;;;;
20251107;063933.632;25313.25;;25313.25;1;BID;;;;;
20251107;063933.632;;25314.50;25314.50;1;ASK;;;;;
20251107;063933.632;;25314.25;25314.25;1;ASK;;;;;
20251107;063933.632;25313.00;;25313.00;3;BID;;;;;
20251107;063933.632;;25314.00;25314.00;1;ASK;;;;;
20251107;063933.632;25313.00;;25313.00;2;BID;;;;;
20251107;063933.632;;25313.75;25313.75;1;ASK;;;;;
20251107;063933.632;25313.00;;25313.00;1;BID;;;;;
20251107;063933.632;;25314.00;25314.00;1;ASK;;;;;
20251107;063933.636;;25313.75;25313.75;1;ASK;;;;;
20251107;063933.636;25313.00;;25313.00;1;BID;;;;;
20251107;063933.636;25312.75;;25312.75;1;BID;;;;;
20251107;063933.636;25312.25;;25312.25;1;BID;;;;;
20251107;063933.636;25312.25;;25312.25;1;BID;;;;;
20251107;063933.636;;25313.75;25313.75;2;ASK;;;;;
20251107;063933.636;;25313.50;25313.50;1;ASK;;;;;
20251107;063933.636;25312.00;;25312.00;3;BID;;;;;
20251107;063933.636;;25313.50;25313.50;2;ASK;;;;;
20251107;063933.640;25312.00;;25312.00;2;BID;;;;;
20251107;063933.640;25312.00;;25312.00;1;BID;;;;;
20251107;063933.640;25311.75;;25311.75;2;BID;;;;;
20251107;063933.640;;25313.25;25313.25;1;ASK;;;;;
20251107;063933.640;25312.00;;25312.00;1;BID;;;;;
20251107;063933.640;25312.00;;25312.00;2;BID;;;;;
20251107;063933.640;25312.00;;25312.00;1;BID;;;;;
20251107;063933.640;25312.25;;25312.25;1;BID;;;;;
20251107;063933.640;25312.00;;25312.00;2;BID;;;;;
20251107;063933.640;;25313.25;25313.25;2;ASK;;;;;
20251107;063933.640;;25313.25;25313.25;3;ASK;;;;;
20251107;063933.648;;25313.00;25313.00;1;ASK;;;;;
20251107;063933.648;;25313.25;25313.25;2;ASK;;;;;
20251107;063933.652;;25313.00;25313.00;1;ASK;;;;;
20251107;063933.660;25312.00;;25312.00;1;BID;;;;;
20251107;063933.660;25312.00;;25312.00;1;BID;;;;;
20251107;063933.660;25311.75;;25311.75;1;BID;;;;;
20251107;063933.660;;25312.75;25312.75;1;ASK;;;;;
20251107;063933.660;25311.50;;25311.50;2;BID;;;;;
20251107;063933.660;;25312.75;25312.75;2;ASK;;;;;
20251107;063933.660;;25312.75;25312.75;1;ASK;;;;;
20251107;063933.660;25312.00;;25312.00;1;BID;;;;;
20251107;063933.660;25311.50;;25311.50;2;BID;;;;;
20251107;063933.660;25311.75;;25311.75;1;BID;;;;;
20251107;063933.680;25311.75;;25311.75;2;BID;;;;;
20251107;063933.680;25312.00;;25312.00;1;BID;;;;;
20251107;063933.680;;25312.75;25312.75;2;ASK;;;;;
20251107;063933.680;25311.75;;25311.75;2;BID;;;;;
20251107;063933.692;25312.00;;25312.00;1;BID;;;;;
20251107;063933.712;25311.75;;25311.75;2;BID;;;;;
20251107;063933.804;25312.00;;25312.00;1;BID;;;;;
20251107;063933.804;25312.00;;25312.00;2;BID;;;;;
20251107;063934.080;;25312.75;25312.75;1;ASK;;;;;
20251107;063934.080;;25312.75;25312.75;1;ASK;;;;;
20251107;063934.080;25312.25;;25312.25;1;BID;;;;;
20251107;063934.080;;25313.25;25313.25;1;ASK;;;;;
20251107;063934.096;25312.00;;25312.00;2;BID;;;;;
20251107;063934.096;;25313.25;25313.25;2;ASK;;;;;
20251107;063934.096;;25313.25;25313.25;3;ASK;;;;;
20251107;063934.096;;25313.00;25313.00;1;ASK;;;;;
20251107;063934.096;;25313.25;25313.25;2;ASK;;;;;
20251107;063934.100;25312.25;;25312.25;1;BID;;;;;
20251107;063934.272;;25313.00;25313.00;1;ASK;;;;;
20251107;063934.272;25312.00;;25312.00;2;BID;;;;;
20251107;063934.272;;25313.25;25313.25;2;ASK;;;;;
20251107;063934.272;25312.25;;25312.25;1;BID;;;;;
20251107;063934.496;25312.00;;25312.00;2;BID;;;;;
20251107;063934.496;25312.00;;25312.00;3;BID;;;;;
20251107;063934.496;25312.25;;25312.25;1;BID;;;;;
20251107;063934.744;25312.00;;25312.00;3;BID;;;;;
20251107;063934.744;25312.00;;25312.00;2;BID;;;;;
20251107;063934.744;;25313.00;25313.00;1;ASK;;;;;
20251107;063934.784;25312.00;;25312.00;1;BID;;;;;
20251107;063934.788;25311.75;;25311.75;2;BID;;;;;
20251107;063934.788;25311.75;;25311.75;1;BID;;;;;
20251107;063934.788;;25312.75;25312.75;1;ASK;;;;;
20251107;063934.788;;25313.00;25313.00;1;ASK;;;;;
20251107;063934.792;25311.75;;25311.75;2;BID;;;;;
20251107;063934.792;25312.00;;25312.00;1;BID;;;;;
20251107;063934.792;;25313.25;25313.25;2;ASK;;;;;
20251107;063934.796;25312.25;;25312.25;1;BID;;;;;
20251107;063934.888;25312.00;;25312.00;1;BID;;;;;
20251107;063934.888;;25313.00;25313.00;1;ASK;;;;;
20251107;063935.016;25312.00;;25312.00;1;BID;;;;;
20251107;063935.016;25311.75;;25311.75;2;BID;;;;;
20251107;063935.016;;25312.75;25312.75;1;ASK;;;;;
20251107;063935.016;25311.75;;25311.75;1;BID;;;;;
20251107;063935.016;25311.75;;25311.75;2;BID;;;;;
20251107;063935.016;25311.75;;25311.75;1;BID;;;;;
20251107;063935.020;;25313.00;25313.00;1;ASK;;;;;
20251107;063935.028;25311.50;;25311.50;2;BID;;;;;
20251107;063935.028;;25312.75;25312.75;1;ASK;;;;;
20251107;063935.028;25311.50;;25311.50;1;BID;;;;;
20251107;063935.028;25311.50;;25311.50;2;BID;;;;;
20251107;063935.028;;25313.00;25313.00;2;ASK;;;;;
20251107;063935.032;25311.75;;25311.75;1;BID;;;;;
20251107;063935.100;;25312.75;25312.75;1;ASK;;;;;
20251107;063935.100;;25313.00;25313.00;1;ASK;;;;;
20251107;063935.676;;25313.00;25313.00;2;ASK;;;;;
20251107;063935.676;;25312.75;25312.75;1;ASK;;;;;
20251107;063935.676;25311.50;;25311.50;2;BID;;;;;
20251107;063935.676;;25312.75;25312.75;2;ASK;;;;;
20251107;063935.676;;25312.50;25312.50;1;ASK;;;;;
20251107;063935.680;;25312.75;25312.75;1;ASK;;;;;
20251107;063935.680;25311.75;;25311.75;1;BID;;;;;
20251107;063935.692;25311.50;;25311.50;2;BID;;;;;
20251107;063935.692;;25312.75;25312.75;2;ASK;;;;;
20251107;063935.692;;25312.50;25312.50;1;ASK;;;;;
20251107;063935.768;;25312.25;25312.25;1;ASK;;;;;
20251107;063935.772;25311.50;;25311.50;1;BID;;;;;
20251107;063935.772;25311.25;;25311.25;1;BID;;;;;
20251107;063935.772;25311.00;;25311.00;1;BID;;;;;
20251107;063935.772;25311.00;;25311.00;2;BID;;;;;
20251107;063935.772;25311.25;;25311.25;1;BID;;;;;
20251107;063935.876;;25312.25;25312.25;2;ASK;;;;;
20251107;063935.876;25311.00;;25311.00;1;BID;;;;;
20251107;063935.876;25310.75;;25310.75;2;BID;;;;;
20251107;063935.876;25310.75;;25310.75;3;BID;;;;;
20251107;063935.876;25311.00;;25311.00;1;BID;;;;;
20251107;063935.876;25311.25;;25311.25;1;BID;;;;;
20251107;063935.876;;25312.00;25312.00;1;ASK;;;;;
20251107;063935.876;;25312.25;25312.25;2;ASK;;;;;
20251107;063936.268;25311.25;;25311.25;1;BID;;;;;
20251107;063936.268;25311.00;;25311.00;1;BID;;;;;
20251107;063936.268;25310.75;;25310.75;3;BID;;;;;
20251107;063936.268;;25312.00;25312.00;1;ASK;;;;;
20251107;063936.268;25310.75;;25310.75;2;BID;;;;;
20251107;063936.268;;25312.00;25312.00;2;ASK;;;;;
20251107;063936.268;25310.75;;25310.75;3;BID;;;;;
20251107;063936.268;25311.00;;25311.00;1;BID;;;;;
20251107;063936.268;;25312.00;25312.00;1;ASK;;;;;
20251107;063936.268;;25312.25;25312.25;2;ASK;;;;;
20251107;063936.268;25311.00;;25311.00;2;BID;;;;;
20251107;063936.268;25311.25;;25311.25;1;BID;;;;;
20251107;063936.324;;25312.00;25312.00;1;ASK;;;;;
20251107;063936.324;25311.00;;25311.00;3;BID;;;;;
20251107;063936.324;25311.00;;25311.00;2;BID;;;;;
20251107;063936.332;25311.00;;25311.00;1;BID;;;;;
20251107;063936.332;25310.75;;25310.75;4;BID;;;;;
20251107;063936.332;25310.75;;25310.75;3;BID;;;;;
20251107;063936.332;25310.75;;25310.75;2;BID;;;;;
20251107;063936.344;25311.00;;25311.00;1;BID;;;;;
20251107;063936.424;25310.75;;25310.75;2;BID;;;;;
20251107;063936.424;;25311.75;25311.75;1;ASK;;;;;
20251107;063936.460;;25311.75;25311.75;2;ASK;;;;;
20251107;063936.460;25310.75;;25310.75;1;BID;;;;;
20251107;063936.460;25310.50;;25310.50;2;BID;;;;;
20251107;063936.460;25310.50;;25310.50;1;BID;;;;;
20251107;063936.460;25310.50;;25310.50;2;BID;;;;;
20251107;063936.460;25310.50;;25310.50;3;BID;;;;;
20251107;063936.460;25310.75;;25310.75;1;BID;;;;;
20251107;063936.576;25310.50;;25310.50;4;BID;;;;;
20251107;063936.576;25310.50;;25310.50;3;BID;;;;;
20251107;063936.576;25310.50;;25310.50;2;BID;;;;;
20251107;063936.576;;25311.50;25311.50;1;ASK;;;;;
20251107;063936.576;;25311.25;25311.25;1;ASK;;;;;
20251107;063936.576;25310.50;;25310.50;1;BID;;;;;
20251107;063936.576;25310.25;;25310.25;1;BID;;;;;
20251107;063936.580;25310.00;;25310.00;7;BID;;;;;
20251107;063936.580;25310.00;;25310.00;6;BID;;;;;
20251107;063936.580;25310.25;;25310.25;1;BID;;;;;
20251107;063936.580;;25311.50;25311.50;1;ASK;;;;;
20251107;063936.580;25310.25;;25310.25;2;BID;;;;;
20251107;063936.580;25310.50;;25310.50;1;BID;;;;;
20251107;063936.580;25310.50;;25310.50;2;BID;;;;;
20251107;063936.580;25310.50;;25310.50;1;BID;;;;;
20251107;063936.580;25310.25;;25310.25;1;BID;;;;;
20251107;063936.580;25310.25;;25310.25;2;BID;;;;;
20251107;063936.580;;25311.25;25311.25;1;ASK;;;;;
20251107;063936.580;;25311.50;25311.50;1;ASK;;;;;
20251107;063936.652;;25311.25;25311.25;1;ASK;;;;;
20251107;063936.652;;25311.50;25311.50;1;ASK;;;;;
20251107;063936.680;25310.50;;25310.50;1;BID;;;;;
20251107;063936.680;25310.25;;25310.25;3;BID;;;;;
20251107;063936.680;25310.25;;25310.25;2;BID;;;;;
20251107;063936.684;25310.50;;25310.50;1;BID;;;;;
20251107;063936.728;;25311.50;25311.50;2;ASK;;;;;
20251107;063936.728;;25311.50;25311.50;1;ASK;;;;;
20251107;063936.728;25310.25;;25310.25;3;BID;;;;;
20251107;063936.728;25310.75;;25310.75;1;BID;;;;;
20251107;063936.728;25310.25;;25310.25;3;BID;;;;;
20251107;063936.728;25310.25;;25310.25;2;BID;;;;;
20251107;063936.728;;25311.75;25311.75;2;ASK;;;;;
20251107;063936.728;25310.25;;25310.25;3;BID;;;;;
20251107;063936.728;;25311.50;25311.50;1;ASK;;;;;
20251107;063936.728;25310.50;;25310.50;1;BID;;;;;
20251107;063936.728;25310.25;;25310.25;2;BID;;;;;
20251107;063936.728;;25311.25;25311.25;1;ASK;;;;;
20251107;063936.728;;25311.50;25311.50;1;ASK;;;;;
20251107;063936.748;;25311.25;25311.25;1;ASK;;;;;
20251107;063936.828;;25311.50;25311.50;2;ASK;;;;;
20251107;063936.828;25310.50;;25310.50;1;BID;;;;;
20251107;063936.828;;25311.50;25311.50;1;ASK;;;;;
20251107;063936.828;25310.25;;25310.25;2;BID;;;;;
20251107;063936.832;25310.25;;25310.25;3;BID;;;;;
20251107;063936.832;25310.25;;25310.25;2;BID;;;;;
20251107;063936.832;25310.50;;25310.50;1;BID;;;;;
20251107;063936.884;;25311.25;25311.25;1;ASK;;;;;
20251107;063936.884;25310.25;;25310.25;3;BID;;;;;
20251107;063936.884;25310.25;;25310.25;2;BID;;;;;
20251107;063936.884;;25311.50;25311.50;1;ASK;;;;;
20251107;063937.104;25310.50;;25310.50;1;BID;;;;;
20251107;063937.104;25310.75;;25310.75;1;BID;;;;;
20251107;063937.104;;25311.75;25311.75;3;ASK;;;;;
20251107;063937.104;;25311.75;25311.75;2;ASK;;;;;
20251107;063937.104;;25311.75;25311.75;1;ASK;;;;;
20251107;063937.104;25311.00;;25311.00;1;BID;;;;;
20251107;063937.104;;25312.25;25312.25;1;ASK;;;;;
20251107;063937.104;25311.25;;25311.25;1;BID;;;;;
20251107;063937.104;25311.50;;25311.50;1;BID;;;;;
20251107;063937.104;;25312.50;25312.50;1;ASK;;;;;
20251107;063937.112;;25312.25;25312.25;1;ASK;;;;;
20251107;063937.112;25311.25;;25311.25;1;BID;;;;;
20251107;063937.112;;25312.25;25312.25;2;ASK;;;;;
20251107;063937.120;;25312.25;25312.25;1;ASK;;;;;
20251107;063937.120;;25312.25;25312.25;2;ASK;;;;;
20251107;063937.240;25311.00;;25311.00;1;BID;;;;;
20251107;063937.240;;25312.00;25312.00;1;ASK;;;;;
20251107;063937.244;25311.00;;25311.00;2;BID;;;;;
20251107;063937.248;;25312.25;25312.25;2;ASK;;;;;
20251107;063937.248;25311.00;;25311.00;1;BID;;;;;
20251107;063937.248;;25312.00;25312.00;1;ASK;;;;;
20251107;063937.248;25311.00;;25311.00;2;BID;;;;;
20251107;063937.324;25311.00;;25311.00;1;BID;;;;;
20251107;063937.324;25310.75;;25310.75;2;BID;;;;;
20251107;063937.324;25310.75;;25310.75;1;BID;;;;;
20251107;063937.328;;25311.75;25311.75;1;ASK;;;;;
20251107;063937.460;;25311.75;25311.75;2;ASK;;;;;
20251107;063937.460;25310.50;;25310.50;1;BID;;;;;
20251107;063937.460;25310.50;;25310.50;2;BID;;;;;
20251107;063937.460;25310.75;;25310.75;1;BID;;;;;
20251107;063937.580;;25311.75;25311.75;1;ASK;;;;;
20251107;063937.580;25311.00;;25311.00;1;BID;;;;;
20251107;063937.580;;25312.00;25312.00;1;ASK;;;;;
20251107;063937.580;;25312.25;25312.25;2;ASK;;;;;
20251107;063937.580;;25312.25;25312.25;1;ASK;;;;;
20251107;063937.584;25311.25;;25311.25;1;BID;;;;;
20251107;063937.584;;25312.50;25312.50;1;ASK;;;;;
20251107;063937.584;;25312.50;25312.50;2;ASK;;;;;
20251107;063937.584;;25312.25;25312.25;1;ASK;;;;;
20251107;063937.632;;25312.50;25312.50;2;ASK;;;;;
20251107;063937.632;;25312.50;25312.50;1;ASK;;;;;
20251107;063937.640;;25312.50;25312.50;2;ASK;;;;;
20251107;063937.640;;25312.25;25312.25;1;ASK;;;;;
20251107;063937.640;25311.00;;25311.00;1;BID;;;;;
20251107;063937.644;25311.25;;25311.25;1;BID;;;;;
20251107;063937.780;;25312.50;25312.50;1;ASK;;;;;
20251107;063937.804;;25312.50;25312.50;2;ASK;;;;;
20251107;063937.804;;25312.25;25312.25;1;ASK;;;;;
20251107;063937.804;;25312.25;25312.25;2;ASK;;;;;
20251107;063937.804;25311.00;;25311.00;1;BID;;;;;
20251107;063937.804;;25312.00;25312.00;1;ASK;;;;;
20251107;063937.804;;25312.25;25312.25;1;ASK;;;;;
20251107;063937.852;25311.25;;25311.25;1;BID;;;;;
20251107;063937.852;;25312.25;25312.25;2;ASK;;;;;
20251107;063937.852;25311.00;;25311.00;1;BID;;;;;
20251107;063937.852;;25312.00;25312.00;1;ASK;;;;;
20251107;063937.852;25311.00;;25311.00;2;BID;;;;;
20251107;063937.852;;25312.25;25312.25;2;ASK;;;;;
20251107;063937.924;25311.25;;25311.25;1;BID;;;;;
20251107;063938.244;25311.00;;25311.00;2;BID;;;;;
20251107;063938.244;;25312.00;25312.00;1;ASK;;;;;
20251107;063938.244;25311.00;;25311.00;1;BID;;;;;
20251107;063938.248;25310.75;;25310.75;1;BID;;;;;
20251107;063938.248;;25312.00;25312.00;2;ASK;;;;;
20251107;063938.248;25310.50;;25310.50;3;BID;;;;;
20251107;063938.248;25310.50;;25310.50;2;BID;;;;;
20251107;063938.248;;25312.00;25312.00;3;ASK;;;;;
20251107;063938.248;;25311.75;25311.75;1;ASK;;;;;
20251107;063938.248;25310.50;;25310.50;1;BID;;;;;
20251107;063938.248;25310.25;;25310.25;2;BID;;;;;
20251107;063938.248;25310.25;;25310.25;1;BID;;;;;
20251107;063938.248;;25311.75;25311.75;2;ASK;;;;;
20251107;063938.248;;25311.50;25311.50;1;ASK;;;;;
20251107;063938.252;;25311.25;25311.25;1;ASK;;;;;
20251107;063938.260;;25311.50;25311.50;1;ASK;;;;;
20251107;063938.268;;25311.50;25311.50;2;ASK;;;;;
20251107;063938.268;;25311.25;25311.25;1;ASK;;;;;
20251107;063938.380;;25311.25;25311.25;2;ASK;;;;;
20251107;063938.480;25310.50;;25310.50;1;BID;;;;;
20251107;063938.480;;25311.25;25311.25;1;ASK;;;;;
20251107;063938.480;25310.25;;25310.25;2;BID;;;;;
20251107;063938.480;;25311.50;25311.50;1;ASK;;;;;
20251107;063938.480;;25311.25;25311.25;1;ASK;;;;;
20251107;063939.032;;25311.25;25311.25;2;ASK;;;;;
20251107;063939.040;25310.25;;25310.25;1;BID;;;;;
20251107;063939.040;25310.00;;25310.00;12;BID;;;;;
20251107;063939.040;;25311.00;25311.00;1;ASK;;;;;
20251107;063939.040;25310.00;;25310.00;11;BID;;;;;
20251107;063939.044;25310.00;;25310.00;10;BID;;;;;
20251107;063939.064;;25311.25;25311.25;2;ASK;;;;;
20251107;063939.676;25310.25;;25310.25;1;BID;;;;;
20251107;063939.788;25310.25;;25310.25;1;BID;;;;;
20251107;063939.788;25310.00;;25310.00;11;BID;;;;;
20251107;063939.788;;25311.00;25311.00;1;ASK;;;;;
20251107;063939.788;25310.00;;25310.00;10;BID;;;;;
20251107;063939.788;;25311.25;25311.25;2;ASK;;;;;
20251107;063939.788;25310.25;;25310.25;1;BID;;;;;
20251107;063939.868;;25311.25;25311.25;3;ASK;;;;;
20251107;063939.868;25310.00;;25310.00;11;BID;;;;;
20251107;063939.868;;25311.00;25311.00;1;ASK;;;;;
20251107;063939.868;25310.00;;25310.00;10;BID;;;;;
20251107;063939.868;;25311.00;25311.00;2;ASK;;;;;
20251107;063939.868;25310.00;;25310.00;9;BID;;;;;
20251107;063939.868;;25310.75;25310.75;1;ASK;;;;;
20251107;063939.868;;25311.00;25311.00;2;ASK;;;;;
20251107;063939.868;;25311.00;25311.00;1;ASK;;;;;
20251107;063939.868;25310.00;;25310.00;1;BID;;;;;
20251107;063939.868;25310.00;;25310.00;1;BID;;;;;
20251107;063939.868;25310.00;;25310.00;1;BID;;;;;
20251107;063939.868;25310.00;;25310.00;5;BID;;;;;
20251107;063939.868;25310.00;;25310.00;1;BID;;;;;
20251107;063939.868;25309.75;;25309.75;2;BID;;;;;
20251107;063939.868;;25310.75;25310.75;1;ASK;;;;;
20251107;063939.868;;25310.50;25310.50;1;ASK;;;;;
20251107;063939.868;25309.75;;25309.75;1;BID;;;;;
20251107;063939.872;25309.75;;25309.75;1;BID;;;;;
20251107;063939.872;25309.25;;25309.25;2;BID;;;;;
20251107;063939.872;25309.25;;25309.25;1;BID;;;;;
20251107;063939.872;;25310.50;25310.50;2;ASK;;;;;
20251107;063939.872;;25310.25;25310.25;1;ASK;;;;;
20251107;063939.876;;25310.00;25310.00;1;ASK;;;;;
20251107;063939.876;;25310.50;25310.50;3;ASK;;;;;
20251107;063939.876;25309.50;;25309.50;1;BID;;;;;
20251107;063939.876;25308.75;;25308.75;2;BID;;;;;
20251107;063939.876;;25310.50;25310.50;2;ASK;;;;;
20251107;063939.876;25309.25;;25309.25;1;BID;;;;;
20251107;063939.876;;25310.50;25310.50;1;ASK;;;;;
20251107;063939.876;25309.50;;25309.50;1;BID;;;;;
20251107;063939.876;;25310.25;25310.25;1;ASK;;;;;
20251107;063939.876;25309.25;;25309.25;1;BID;;;;;
20251107;063939.880;;25310.50;25310.50;1;ASK;;;;;
20251107;063939.880;25309.50;;25309.50;1;BID;;;;;
20251107;063939.880;;25310.50;25310.50;2;ASK;;;;;
20251107;063939.880;25309.25;;25309.25;1;BID;;;;;
20251107;063939.884;25309.25;;25309.25;2;BID;;;;;
20251107;063939.884;25309.50;;25309.50;1;BID;;;;;
20251107;063939.884;25309.25;;25309.25;2;BID;;;;;
20251107;063939.884;;25310.25;25310.25;1;ASK;;;;;
20251107;063939.884;;25310.50;25310.50;2;ASK;;;;;
20251107;063939.888;;25310.50;25310.50;3;ASK;;;;;
20251107;063939.888;;25310.25;25310.25;1;ASK;;;;;
20251107;063939.888;;25310.00;25310.00;1;ASK;;;;;
20251107;063939.888;;25310.25;25310.25;1;ASK;;;;;
20251107;063939.888;;25310.50;25310.50;2;ASK;;;;;
20251107;063939.888;25309.50;;25309.50;1;BID;;;;;
20251107;063939.896;25309.25;;25309.25;2;BID;;;;;
20251107;063939.896;;25310.25;25310.25;1;ASK;;;;;
20251107;063939.896;;25310.25;25310.25;2;ASK;;;;;
20251107;063939.904;;25310.25;25310.25;1;ASK;;;;;
20251107;063939.904;25309.50;;25309.50;1;BID;;;;;
20251107;063939.904;;25310.50;25310.50;1;ASK;;;;;
20251107;063939.904;;25310.25;25310.25;1;ASK;;;;;
20251107;063939.904;25309.25;;25309.25;2;BID;;;;;
20251107;063939.904;;25310.50;25310.50;1;ASK;;;;;
20251107;063939.904;;25310.50;25310.50;2;ASK;;;;;
20251107;063939.904;;25310.25;25310.25;1;ASK;;;;;
20251107;063939.928;25309.50;;25309.50;1;BID;;;;;
20251107;063939.928;;25310.50;25310.50;1;ASK;;;;;
20251107;063939.940;;25310.50;25310.50;2;ASK;;;;;
20251107;063939.940;25309.25;;25309.25;2;BID;;;;;
20251107;063939.940;;25310.50;25310.50;3;ASK;;;;;
20251107;063939.940;;25310.25;25310.25;1;ASK;;;;;
20251107;063939.940;;25310.50;25310.50;1;ASK;;;;;
20251107;063939.940;25309.50;;25309.50;1;BID;;;;;
20251107;063939.960;;25310.50;25310.50;2;ASK;;;;;
20251107;063939.960;25309.25;;25309.25;2;BID;;;;;
20251107;063939.960;;25310.50;25310.50;3;ASK;;;;;
20251107;063939.988;;25310.50;25310.50;2;ASK;;;;;
20251107;063939.988;25309.50;;25309.50;1;BID;;;;;
20251107;063939.988;;25310.25;25310.25;1;ASK;;;;;
20251107;063939.988;25309.25;;25309.25;2;BID;;;;;
20251107;063940.048;;25310.50;25310.50;1;ASK;;;;;
20251107;063940.048;25309.50;;25309.50;1;BID;;;;;
20251107;063940.088;25309.25;;25309.25;2;BID;;;;;
20251107;063940.088;;25310.25;25310.25;1;ASK;;;;;
20251107;063940.204;;25310.25;25310.25;2;ASK;;;;;
20251107;063940.228;25309.50;;25309.50;1;BID;;;;;
20251107;063940.300;;25310.25;25310.25;1;ASK;;;;;
20251107;063940.300;;25310.75;25310.75;2;ASK;;;;;
20251107;063940.300;;25310.75;25310.75;1;ASK;;;;;
20251107;063940.300;25309.50;;25309.50;2;BID;;;;;
20251107;063940.300;;25310.50;25310.50;1;ASK;;;;;
20251107;063940.300;;25310.75;25310.75;1;ASK;;;;;
20251107;063940.300;25309.75;;25309.75;1;BID;;;;;
20251107;063940.300;;25310.75;25310.75;1;ASK;;;;;
20251107;063940.300;;25311.00;25311.00;1;ASK;;;;;
20251107;063940.300;25309.75;;25309.75;2;BID;;;;;
20251107;063940.300;25310.00;;25310.00;1;BID;;;;;
20251107;063940.300;;25311.25;25311.25;1;ASK;;;;;
20251107;063940.300;;25311.75;25311.75;2;ASK;;;;;
20251107;063940.300;25309.75;;25309.75;3;BID;;;;;
20251107;063940.300;25309.75;;25309.75;4;BID;;;;;
20251107;063940.300;25310.00;;25310.00;1;BID;;;;;
20251107;063940.300;25310.00;;25310.00;2;BID;;;;;
20251107;063940.300;;25311.50;25311.50;1;ASK;;;;;
20251107;063940.300;25310.25;;25310.25;1;BID;;;;;
20251107;063940.304;25310.50;;25310.50;1;BID;;;;;
20251107;063940.304;25310.25;;25310.25;1;BID;;;;;
20251107;063940.304;;25311.25;25311.25;1;ASK;;;;;
20251107;063940.304;;25311.25;25311.25;2;ASK;;;;;
20251107;063940.304;;25311.25;25311.25;1;ASK;;;;;
20251107;063940.308;;25311.50;25311.50;1;ASK;;;;;
20251107;063940.332;;25311.50;25311.50;2;ASK;;;;;
20251107;063940.332;;25311.25;25311.25;1;ASK;;;;;
20251107;063940.332;;25311.50;25311.50;2;ASK;;;;;
20251107;063940.368;25310.25;;25310.25;2;BID;;;;;
20251107;063940.368;;25311.50;25311.50;1;ASK;;;;;
20251107;063940.368;25310.50;;25310.50;1;BID;;;;;
20251107;063940.368;;25311.75;25311.75;2;ASK;;;;;
20251107;063940.368;;25311.75;25311.75;1;ASK;;;;;
20251107;063940.368;25310.25;;25310.25;2;BID;;;;;
20251107;063940.368;;25311.50;25311.50;1;ASK;;;;;
20251107;063940.368;;25311.75;25311.75;2;ASK;;;;;
20251107;063940.368;25310.50;;25310.50;1;BID;;;;;
20251107;063940.368;;25311.50;25311.50;1;ASK;;;;;
20251107;063940.372;;25311.75;25311.75;2;ASK;;;;;
20251107;063940.372;;25311.50;25311.50;1;ASK;;;;;
20251107;063940.372;;25311.75;25311.75;2;ASK;;;;;
20251107;063940.476;;25311.75;25311.75;3;ASK;;;;;
20251107;063940.480;;25311.50;25311.50;1;ASK;;;;;
20251107;063940.480;25310.25;;25310.25;3;BID;;;;;
20251107;063940.548;25310.50;;25310.50;1;BID;;;;;
20251107;063940.548;;25311.75;25311.75;3;ASK;;;;;
20251107;063940.548;25310.75;;25310.75;1;BID;;;;;
20251107;063940.548;;25311.75;25311.75;2;ASK;;;;;
20251107;063940.812;25310.50;;25310.50;1;BID;;;;;
20251107;063940.812;;25311.50;25311.50;1;ASK;;;;;
20251107;063940.812;;25311.50;25311.50;2;ASK;;;;;
20251107;063940.812;;25311.50;25311.50;1;ASK;;;;;
20251107;063941.144;25310.50;;25310.50;2;BID;;;;;
20251107;063941.144;25310.75;;25310.75;1;BID;;;;;
20251107;063941.144;;25311.75;25311.75;2;ASK;;;;;
20251107;063941.144;;25311.75;25311.75;1;ASK;;;;;
20251107;063941.144;;25312.00;25312.00;6;ASK;;;;;
20251107;063941.144;;25312.00;25312.00;5;ASK;;;;;
20251107;063941.144;25310.75;;25310.75;2;BID;;;;;
20251107;063941.144;25311.00;;25311.00;1;BID;;;;;
20251107;063941.144;;25312.00;25312.00;4;ASK;;;;;
20251107;063941.144;25311.00;;25311.00;2;BID;;;;;
20251107;063941.272;25311.25;;25311.25;1;BID;;;;;
20251107;063941.272;25311.00;;25311.00;2;BID;;;;;
20251107;063941.272;25311.25;;25311.25;1;BID;;;;;
20251107;063941.272;25311.00;;25311.00;2;BID;;;;;
20251107;063941.272;25311.00;;25311.00;1;BID;;;;;
20251107;063941.324;25310.75;;25310.75;3;BID;;;;;
20251107;063941.324;25310.75;;25310.75;2;BID;;;;;
20251107;063941.328;25311.00;;25311.00;1;BID;;;;;
20251107;063941.380;;25311.75;25311.75;1;ASK;;;;;
20251107;063941.380;25311.00;;25311.00;2;BID;;;;;
20251107;063941.380;25311.00;;25311.00;1;BID;;;;;
20251107;063941.380;25310.75;;25310.75;3;BID;;;;;
20251107;063941.380;25310.75;;25310.75;2;BID;;;;;
20251107;063941.432;;25312.00;25312.00;4;ASK;;;;;
20251107;063941.484;;25311.75;25311.75;1;ASK;;;;;
20251107;063941.592;;25312.00;25312.00;4;ASK;;;;;
20251107;063941.644;;25311.75;25311.75;1;ASK;;;;;
20251107;063941.668;;25312.00;25312.00;4;ASK;;;;;
20251107;063941.696;;25311.75;25311.75;1;ASK;;;;;
20251107;063941.704;;25312.00;25312.00;4;ASK;;;;;
20251107;063941.752;;25311.75;25311.75;1;ASK;;;;;
20251107;063941.776;;25312.00;25312.00;4;ASK;;;;;
20251107;063941.792;;25311.75;25311.75;1;ASK;;;;;
20251107;063941.792;25310.75;;25310.75;1;BID;;;;;
20251107;063941.792;;25311.75;25311.75;2;ASK;;;;;
20251107;063941.804;;25311.75;25311.75;1;ASK;;;;;
20251107;063941.804;;25311.75;25311.75;2;ASK;;;;;
20251107;063941.856;25310.50;;25310.50;1;BID;;;;;
20251107;063941.856;;25311.50;25311.50;1;ASK;;;;;
20251107;063941.856;;25311.50;25311.50;2;ASK;;;;;
20251107;063941.856;;25311.50;25311.50;1;ASK;;;;;
20251107;063942.304;;25311.50;25311.50;1;ASK;;;;;
20251107;063942.304;;25311.75;25311.75;2;ASK;;;;;
20251107;063942.304;25310.75;;25310.75;1;BID;;;;;
20251107;063942.336;25311.00;;25311.00;1;BID;;;;;
20251107;063942.336;;25311.75;25311.75;1;ASK;;;;;
20251107;063942.336;;25312.00;25312.00;5;ASK;;;;;
20251107;063942.336;;25312.00;25312.00;4;ASK;;;;;
20251107;063942.388;25310.75;;25310.75;1;BID;;;;;
20251107;063942.388;;25311.75;25311.75;1;ASK;;;;;
20251107;063942.388;25310.50;;25310.50;2;BID;;;;;
20251107;063942.388;25310.50;;25310.50;1;BID;;;;;
20251107;063942.388;;25311.50;25311.50;1;ASK;;;;;
20251107;063942.468;25310.75;;25310.75;1;BID;;;;;
20251107;063942.468;;25311.75;25311.75;1;ASK;;;;;
20251107;063942.496;25310.50;;25310.50;1;BID;;;;;
20251107;063942.496;;25311.75;25311.75;2;ASK;;;;;
20251107;063942.496;;25311.50;25311.50;1;ASK;;;;;
20251107;063942.504;;25311.75;25311.75;2;ASK;;;;;
20251107;063942.504;25310.50;;25310.50;2;BID;;;;;
20251107;063942.504;25310.75;;25310.75;1;BID;;;;;
20251107;063942.548;25310.50;;25310.50;1;BID;;;;;
20251107;063942.768;25310.75;;25310.75;1;BID;;;;;
20251107;063942.768;25310.75;;25310.75;2;BID;;;;;
20251107;063942.768;25310.75;;25310.75;1;BID;;;;;
20251107;063942.768;;25311.75;25311.75;1;ASK;;;;;
20251107;063942.768;;25312.00;25312.00;5;ASK;;;;;
20251107;063942.768;;25312.00;25312.00;4;ASK;;;;;
20251107;063942.812;25311.00;;25311.00;1;BID;;;;;
20251107;063942.864;25311.00;;25311.00;1;BID;;;;;
20251107;063942.864;25310.75;;25310.75;1;BID;;;;;
20251107;063942.864;;25311.75;25311.75;1;ASK;;;;;
20251107;063942.864;25310.50;;25310.50;2;BID;;;;;
20251107;063942.868;25310.50;;25310.50;1;BID;;;;;
20251107;063942.868;25310.75;;25310.75;1;BID;;;;;
20251107;063942.920;25310.50;;25310.50;1;BID;;;;;
20251107;063942.920;;25311.75;25311.75;2;ASK;;;;;
20251107;063942.920;;25311.50;25311.50;1;ASK;;;;;
20251107;063943.188;;25311.75;25311.75;2;ASK;;;;;
20251107;063943.188;25310.75;;25310.75;1;BID;;;;;
20251107;063943.344;25310.50;;25310.50;1;BID;;;;;
20251107;063943.980;;25311.50;25311.50;1;ASK;;;;;
20251107;063943.984;25310.25;;25310.25;4;BID;;;;;
20251107;063943.984;25310.25;;25310.25;3;BID;;;;;
20251107;063943.984;25310.50;;25310.50;1;BID;;;;;
20251107;063944.096;;25311.75;25311.75;2;ASK;;;;;
20251107;063944.096;25310.75;;25310.75;1;BID;;;;;
20251107;063944.184;;25311.50;25311.50;1;ASK;;;;;
20251107;063944.184;25310.50;;25310.50;1;BID;;;;;
20251107;063944.188;25310.25;;25310.25;4;BID;;;;;
20251107;063944.188;;25311.25;25311.25;1;ASK;;;;;
20251107;063944.188;25310.25;;25310.25;3;BID;;;;;
20251107;063944.188;25310.25;;25310.25;2;BID;;;;;
20251107;063944.192;25310.25;;25310.25;1;BID;;;;;
20251107;063944.296;;25311.25;25311.25;2;ASK;;;;;
20251107;063944.296;;25311.00;25311.00;1;ASK;;;;;
20251107;063944.296;;25310.75;25310.75;1;ASK;;;;;
20251107;063944.296;25310.25;;25310.25;1;BID;;;;;
20251107;063944.296;25310.00;;25310.00;1;BID;;;;;
20251107;063944.296;;25311.00;25311.00;1;ASK;;;;;
20251107;063944.296;25309.75;;25309.75;2;BID;;;;;
20251107;063944.296;;25310.75;25310.75;1;ASK;;;;;
20251107;063944.300;25309.75;;25309.75;1;BID;;;;;
20251107;063944.300;25309.50;;25309.50;2;BID;;;;;
20251107;063944.300;25309.50;;25309.50;1;BID;;;;;
20251107;063944.300;;25310.50;25310.50;1;ASK;;;;;
20251107;063944.300;25309.25;;25309.25;2;BID;;;;;
20251107;063944.300;25309.50;;25309.50;1;BID;;;;;
20251107;063944.304;25309.50;;25309.50;2;BID;;;;;
20251107;063944.304;;25310.75;25310.75;1;ASK;;;;;
20251107;063944.304;25309.75;;25309.75;1;BID;;;;;
20251107;063944.304;25309.50;;25309.50;2;BID;;;;;
20251107;063944.304;;25310.50;25310.50;1;ASK;;;;;
20251107;063944.304;25309.50;;25309.50;1;BID;;;;;
20251107;063944.308;25309.50;;25309.50;1;BID;;;;;
20251107;063944.308;25309.00;;25309.00;1;BID;;;;;
20251107;063944.308;25309.00;;25309.00;2;BID;;;;;
20251107;063944.308;;25310.25;25310.25;1;ASK;;;;;
20251107;063944.308;25309.00;;25309.00;1;BID;;;;;
20251107;063944.308;25309.00;;25309.00;2;BID;;;;;
20251107;063944.308;;25310.00;25310.00;1;ASK;;;;;
20251107;063944.308;25309.25;;25309.25;1;BID;;;;;
20251107;063944.308;;25310.25;25310.25;1;ASK;;;;;
20251107;063944.324;;25310.25;25310.25;2;ASK;;;;;
20251107;063944.328;25309.00;;25309.00;3;BID;;;;;
20251107;063944.328;;25310.25;25310.25;3;ASK;;;;;
20251107;063944.328;25309.00;;25309.00;2;BID;;;;;
20251107;063944.328;;25310.00;25310.00;1;ASK;;;;;
20251107;063944.328;;25310.25;25310.25;3;ASK;;;;;
20251107;063944.360;;25310.00;25310.00;1;ASK;;;;;
20251107;063944.468;25309.25;;25309.25;1;BID;;;;;
20251107;063944.468;25309.25;;25309.25;2;BID;;;;;
20251107;063944.468;;25310.25;25310.25;3;ASK;;;;;
20251107;063944.468;;25310.25;25310.25;2;ASK;;;;;
20251107;063944.468;25309.25;;25309.25;1;BID;;;;;
20251107;063944.900;25309.25;;25309.25;2;BID;;;;;
20251107;063944.900;;25310.25;25310.25;1;ASK;;;;;
20251107;063944.900;25309.50;;25309.50;1;BID;;;;;
20251107;063944.900;;25310.50;25310.50;3;ASK;;;;;
20251107;063944.900;;25310.50;25310.50;2;ASK;;;;;
20251107;063944.900;;25310.50;25310.50;1;ASK;;;;;
20251107;063944.900;;25310.75;25310.75;1;ASK;;;;;
20251107;063944.900;25309.75;;25309.75;1;BID;;;;;
20251107;063944.904;25309.50;;25309.50;1;BID;;;;;
20251107;063944.940;;25310.50;25310.50;1;ASK;;;;;
20251107;063944.944;25309.75;;25309.75;1;BID;;;;;
20251107;063945.036;25309.50;;25309.50;1;BID;;;;;
20251107;063945.208;;25310.50;25310.50;2;ASK;;;;;
20251107;063945.528;;25310.25;25310.25;1;ASK;;;;;
20251107;063945.528;25309.25;;25309.25;3;BID;;;;;
20251107;063945.528;;25310.50;25310.50;1;ASK;;;;;
20251107;063945.528;25309.25;;25309.25;2;BID;;;;;
20251107;063945.528;25309.50;;25309.50;1;BID;;;;;
20251107;063945.700;;25310.50;25310.50;2;ASK;;;;;
20251107;063945.700;;25310.25;25310.25;1;ASK;;;;;
20251107;063945.700;25309.25;;25309.25;2;BID;;;;;
20251107;063945.704;;25310.00;25310.00;1;ASK;;;;;
20251107;063945.704;;25310.25;25310.25;1;ASK;;;;;
20251107;063945.744;;25310.25;25310.25;2;ASK;;;;;
20251107;063945.928;;25310.25;25310.25;3;ASK;;;;;
20251107;063945.928;;25310.00;25310.00;1;ASK;;;;;
20251107;063945.928;;25310.25;25310.25;3;ASK;;;;;
20251107;063945.928;;25310.25;25310.25;2;ASK;;;;;
20251107;063945.936;25309.25;;25309.25;1;BID;;;;;
20251107;063945.936;;25310.00;25310.00;1;ASK;;;;;
20251107;063945.936;25309.25;;25309.25;2;BID;;;;;
20251107;063945.936;;25310.25;25310.25;2;ASK;;;;;
20251107;063946.380;;25310.25;25310.25;3;ASK;;;;;
20251107;063946.380;;25310.25;25310.25;2;ASK;;;;;
20251107;063946.380;25309.50;;25309.50;1;BID;;;;;
20251107;063946.380;25309.25;;25309.25;2;BID;;;;;
20251107;063946.380;;25310.25;25310.25;1;ASK;;;;;
20251107;063946.380;;25310.50;25310.50;2;ASK;;;;;
20251107;063946.380;25309.50;;25309.50;1;BID;;;;;
20251107;063946.644;;25310.25;25310.25;1;ASK;;;;;
20251107;063946.644;;25310.25;25310.25;2;ASK;;;;;
20251107;063946.644;25309.25;;25309.25;2;BID;;;;;
20251107;063946.664;;25310.25;25310.25;1;ASK;;;;;
20251107;063946.664;;25310.25;25310.25;2;ASK;;;;;
20251107;063946.664;;25310.25;25310.25;1;ASK;;;;;
20251107;063946.664;;25310.50;25310.50;4;ASK;;;;;
20251107;063946.664;;25310.50;25310.50;3;ASK;;;;;
20251107;063946.664;;25310.50;25310.50;2;ASK;;;;;
20251107;063946.664;25309.25;;25309.25;3;BID;;;;;
20251107;063946.664;25309.50;;25309.50;1;BID;;;;;
20251107;063946.696;;25310.25;25310.25;1;ASK;;;;;
20251107;063946.696;25309.25;;25309.25;3;BID;;;;;
20251107;063946.752;;25310.50;25310.50;2;ASK;;;;;
20251107;063946.860;;25310.50;25310.50;3;ASK;;;;;
20251107;063946.860;;25310.25;25310.25;1;ASK;;;;;
20251107;063946.860;25309.25;;25309.25;2;BID;;;;;
20251107;063947.156;;25310.50;25310.50;2;ASK;;;;;
20251107;063947.156;25309.25;;25309.25;3;BID;;;;;
20251107;063947.156;25309.50;;25309.50;1;BID;;;;;
20251107;063947.232;;25310.25;25310.25;1;ASK;;;;;
20251107;063947.260;25309.25;;25309.25;3;BID;;;;;
20251107;063947.260;;25310.25;25310.25;2;ASK;;;;;
20251107;063947.260;;25310.25;25310.25;1;ASK;;;;;
20251107;063947.260;25309.25;;25309.25;2;BID;;;;;
20251107;063947.260;;25310.50;25310.50;3;ASK;;;;;
20251107;063947.260;;25310.50;25310.50;2;ASK;;;;;
20251107;063947.740;;25310.50;25310.50;3;ASK;;;;;
20251107;063947.740;;25310.25;25310.25;1;ASK;;;;;
20251107;063947.844;;25310.25;25310.25;2;ASK;;;;;
20251107;063948.560;;25310.25;25310.25;1;ASK;;;;;
20251107;063948.560;;25310.50;25310.50;4;ASK;;;;;
20251107;063948.560;;25310.50;25310.50;3;ASK;;;;;
20251107;063948.560;;25310.50;25310.50;2;ASK;;;;;
20251107;063948.560;25309.25;;25309.25;3;BID;;;;;
20251107;063948.560;25309.50;;25309.50;1;BID;;;;;
20251107;063948.696;25309.50;;25309.50;1;BID;;;;;
20251107;063948.696;25309.25;;25309.25;3;BID;;;;;
20251107;063948.696;;25310.25;25310.25;1;ASK;;;;;
20251107;063948.696;;25310.25;25310.25;2;ASK;;;;;
20251107;063948.720;;25310.25;25310.25;1;ASK;;;;;
20251107;063948.720;;25310.50;25310.50;3;ASK;;;;;
20251107;063948.720;;25310.50;25310.50;2;ASK;;;;;
20251107;063948.720;25309.50;;25309.50;1;BID;;;;;
20251107;063949.644;25309.75;;25309.75;1;BID;;;;;
20251107;063949.644;;25310.50;25310.50;1;ASK;;;;;
20251107;063949.644;;25310.50;25310.50;1;ASK;;;;;
20251107;063949.644;;25310.75;25310.75;1;ASK;;;;;
20251107;063949.644;25310.00;;25310.00;1;BID;;;;;
20251107;063949.644;;25311.00;25311.00;2;ASK;;;;;
20251107;063949.644;25310.00;;25310.00;2;BID;;;;;
20251107;063949.644;;25311.00;25311.00;1;ASK;;;;;
20251107;063949.644;;25311.25;25311.25;3;ASK;;;;;
20251107;063949.644;;25311.25;25311.25;2;ASK;;;;;
20251107;063949.644;25310.25;;25310.25;1;BID;;;;;
20251107;063949.644;;25311.25;25311.25;1;ASK;;;;;
20251107;063949.648;25310.25;;25310.25;2;BID;;;;;
20251107;063949.752;;25311.25;25311.25;2;ASK;;;;;
20251107;063949.796;25310.25;;25310.25;1;BID;;;;;
20251107;063949.796;;25311.00;25311.00;1;ASK;;;;;
20251107;063949.796;25310.00;;25310.00;3;BID;;;;;
20251107;063949.796;25310.00;;25310.00;2;BID;;;;;
20251107;063949.888;25310.25;;25310.25;1;BID;;;;;
20251107;063949.888;;25311.25;25311.25;2;ASK;;;;;
20251107;063950.076;;25311.00;25311.00;1;ASK;;;;;
20251107;063950.076;25310.00;;25310.00;3;BID;;;;;
20251107;063950.076;25310.00;;25310.00;4;BID;;;;;
20251107;063950.076;25310.25;;25310.25;1;BID;;;;;
20251107;063950.076;;25311.25;25311.25;2;ASK;;;;;
20251107;063950.400;25310.50;;25310.50;1;BID;;;;;
20251107;063950.404;25310.25;;25310.25;1;BID;;;;;
20251107;063950.404;25310.25;;25310.25;2;BID;;;;;
20251107;063950.808;25310.50;;25310.50;1;BID;;;;;
20251107;063951.352;25310.25;;25310.25;3;BID;;;;;
20251107;063951.476;25310.50;;25310.50;1;BID;;;;;
20251107;063951.476;25310.25;;25310.25;3;BID;;;;;
20251107;063951.808;25310.50;;25310.50;1;BID;;;;;
20251107;063952.276;25310.50;;25310.50;2;BID;;;;;
20251107;063952.276;;25311.25;25311.25;1;ASK;;;;;
20251107;063952.276;;25311.25;25311.25;1;ASK;;;;;
20251107;063952.276;;25311.50;25311.50;2;ASK;;;;;
20251107;063952.276;25310.75;;25310.75;1;BID;;;;;
20251107;063952.276;;25311.50;25311.50;1;ASK;;;;;
20251107;063952.276;;25312.00;25312.00;4;ASK;;;;;
20251107;063952.276;25310.75;;25310.75;2;BID;;;;;
20251107;063952.276;25310.75;;25310.75;3;BID;;;;;
20251107;063952.276;25310.75;;25310.75;4;BID;;;;;
20251107;063952.276;25310.75;;25310.75;5;BID;;;;;
20251107;063952.276;25310.75;;25310.75;6;BID;;;;;
20251107;063952.280;25311.00;;25311.00;1;BID;;;;;
20251107;063952.280;25310.75;;25310.75;6;BID;;;;;
20251107;063952.280;;25311.75;25311.75;1;ASK;;;;;
20251107;063952.280;25310.75;;25310.75;5;BID;;;;;
20251107;063952.280;25310.75;;25310.75;4;BID;;;;;
20251107;063952.280;25310.75;;25310.75;3;BID;;;;;
20251107;063952.280;25310.75;;25310.75;2;BID;;;;;
20251107;063952.280;25310.75;;25310.75;1;BID;;;;;
20251107;063952.280;25310.25;;25310.25;3;BID;;;;;
20251107;063952.280;;25311.75;25311.75;2;ASK;;;;;
20251107;063952.280;;25311.50;25311.50;1;ASK;;;;;
20251107;063952.284;25310.50;;25310.50;1;BID;;;;;
20251107;063952.284;25310.50;;25310.50;2;BID;;;;;
20251107;063952.412;25310.50;;25310.50;3;BID;;;;;
20251107;063952.412;;25311.75;25311.75;2;ASK;;;;;
20251107;063952.412;25310.75;;25310.75;1;BID;;;;;
20251107;063952.412;25310.75;;25310.75;2;BID;;;;;
20251107;063952.412;25310.75;;25310.75;1;BID;;;;;
20251107;063953.060;;25311.75;25311.75;1;ASK;;;;;
20251107;063953.060;;25312.00;25312.00;5;ASK;;;;;
20251107;063953.060;25311.00;;25311.00;1;BID;;;;;
20251107;063953.060;;25312.00;25312.00;4;ASK;;;;;
20251107;063953.280;25311.25;;25311.25;1;BID;;;;;
20251107;063953.280;25311.25;;25311.25;2;BID;;;;;
20251107;063953.280;;25312.00;25312.00;1;ASK;;;;;
20251107;063953.280;;25312.00;25312.00;3;ASK;;;;;
20251107;063953.280;;25312.00;25312.00;2;ASK;;;;;
20251107;063953.280;;25312.00;25312.00;1;ASK;;;;;
20251107;063953.280;25311.50;;25311.50;1;BID;;;;;
20251107;063953.280;25311.25;;25311.25;2;BID;;;;;
20251107;063953.280;25311.25;;25311.25;1;BID;;;;;
20251107;063953.280;25311.25;;25311.25;2;BID;;;;;
20251107;063953.280;25311.25;;25311.25;1;BID;;;;;
20251107;063953.280;;25311.75;25311.75;1;ASK;;;;;
20251107;063953.284;;25312.00;25312.00;2;ASK;;;;;
20251107;063953.284;;25312.00;25312.00;1;ASK;;;;;
20251107;063953.304;;25312.00;25312.00;2;ASK;;;;;
20251107;063953.304;;25311.75;25311.75;1;ASK;;;;;
20251107;063953.304;25310.75;;25310.75;1;BID;;;;;
20251107;063953.316;;25312.00;25312.00;1;ASK;;;;;
20251107;063953.316;25310.75;;25310.75;2;BID;;;;;
20251107;063953.316;25310.75;;25310.75;3;BID;;;;;
20251107;063953.348;25311.00;;25311.00;1;BID;;;;;
20251107;063953.472;;25312.00;25312.00;2;ASK;;;;;
20251107;063953.616;25310.75;;25310.75;3;BID;;;;;
20251107;063953.616;25310.75;;25310.75;2;BID;;;;;
20251107;063953.616;;25312.00;25312.00;1;ASK;;;;;
20251107;063953.648;;25312.00;25312.00;2;ASK;;;;;
20251107;063953.648;;25311.75;25311.75;1;ASK;;;;;
20251107;063953.648;25311.00;;25311.00;1;BID;;;;;
20251107;063953.648;;25312.00;25312.00;2;ASK;;;;;
20251107;063953.648;;25312.00;25312.00;1;ASK;;;;;
20251107;063954.412;25310.75;;25310.75;2;BID;;;;;
20251107;063954.412;25310.75;;25310.75;3;BID;;;;;
20251107;063954.416;25310.75;;25310.75;1;BID;;;;;
20251107;063954.416;25310.75;;25310.75;2;BID;;;;;
20251107;063954.416;;25311.75;25311.75;1;ASK;;;;;
20251107;063954.472;;25311.50;25311.50;1;ASK;;;;;
20251107;063954.472;25310.75;;25310.75;1;BID;;;;;
20251107;063954.564;25310.50;;25310.50;3;BID;;;;;
20251107;063954.564;25310.50;;25310.50;2;BID;;;;;
20251107;063954.564;25310.50;;25310.50;3;BID;;;;;
20251107;063954.568;;25311.50;25311.50;2;ASK;;;;;
20251107;063954.720;25310.50;;25310.50;4;BID;;;;;
20251107;063954.720;;25311.50;25311.50;1;ASK;;;;;
20251107;063955.200;;25311.75;25311.75;1;ASK;;;;;
20251107;063955.200;25310.50;;25310.50;5;BID;;;;;
20251107;063955.200;;25312.00;25312.00;2;ASK;;;;;
20251107;063955.200;;25312.00;25312.00;1;ASK;;;;;
20251107;063955.212;25311.00;;25311.00;1;BID;;;;;
20251107;063955.288;25311.00;;25311.00;2;BID;;;;;
20251107;063956.284;25311.00;;25311.00;3;BID;;;;;
20251107;063956.284;;25312.00;25312.00;1;ASK;;;;;
20251107;063956.284;;25312.25;25312.25;1;ASK;;;;;
20251107;063956.284;25311.00;;25311.00;4;BID;;;;;
20251107;063956.284;25311.00;;25311.00;3;BID;;;;;
20251107;063956.284;;25312.50;25312.50;1;ASK;;;;;
20251107;063956.284;25311.00;;25311.00;4;BID;;;;;
20251107;063956.284;25311.00;;25311.00;5;BID;;;;;
20251107;063956.284;25311.00;;25311.00;6;BID;;;;;
20251107;063956.284;25311.00;;25311.00;7;BID;;;;;
20251107;063956.284;25311.00;;25311.00;6;BID;;;;;
20251107;063956.284;25311.00;;25311.00;7;BID;;;;;
20251107;063956.284;25311.25;;25311.25;1;BID;;;;;
20251107;063956.284;;25313.00;25313.00;1;ASK;;;;;
20251107;063956.284;;25313.25;25313.25;2;ASK;;;;;
20251107;063956.288;25311.25;;25311.25;2;BID;;;;;
20251107;063956.288;25311.25;;25311.25;3;BID;;;;;
20251107;063956.288;25311.25;;25311.25;4;BID;;;;;
20251107;063956.288;;25313.00;25313.00;1;ASK;;;;;
20251107;063956.288;25311.25;;25311.25;5;BID;;;;;
20251107;063956.288;;25313.00;25313.00;2;ASK;;;;;
20251107;063956.288;25311.25;;25311.25;6;BID;;;;;
20251107;063956.288;25311.25;;25311.25;7;BID;;;;;
20251107;063956.288;25311.50;;25311.50;1;BID;;;;;
20251107;063956.288;;25313.00;25313.00;1;ASK;;;;;
20251107;063956.288;25311.50;;25311.50;2;BID;;;;;
20251107;063956.288;25311.50;;25311.50;3;BID;;;;;
20251107;063956.288;;25313.75;25313.75;2;ASK;;;;;
20251107;063956.288;;25313.75;25313.75;3;ASK;;;;;
20251107;063956.288;;25313.50;25313.50;1;ASK;;;;;
20251107;063956.288;;25313.50;25313.50;2;ASK;;;;;
20251107;063956.288;;25313.50;25313.50;3;ASK;;;;;
20251107;063956.288;25311.50;;25311.50;4;BID;;;;;
20251107;063956.288;25311.50;;25311.50;5;BID;;;;;
20251107;063956.288;25311.50;;25311.50;6;BID;;;;;
20251107;063956.288;25311.75;;25311.75;1;BID;;;;;
20251107;063956.292;25311.75;;25311.75;2;BID;;;;;
20251107;063956.292;25311.75;;25311.75;3;BID;;;;;
20251107;063956.296;;25313.50;25313.50;4;ASK;;;;;
20251107;063956.296;;25313.25;25313.25;1;ASK;;;;;
20251107;063956.296;25311.75;;25311.75;2;BID;;;;;
20251107;063956.296;;25313.25;25313.25;2;ASK;;;;;
20251107;063956.296;;25313.00;25313.00;1;ASK;;;;;
20251107;063956.296;25312.25;;25312.25;1;BID;;;;;
20251107;063956.296;25312.25;;25312.25;1;BID;;;;;
20251107;063956.296;25312.00;;25312.00;1;BID;;;;;
20251107;063956.296;;25312.75;25312.75;1;ASK;;;;;
20251107;063956.300;;25312.75;25312.75;2;ASK;;;;;
20251107;063956.300;;25312.50;25312.50;1;ASK;;;;;
20251107;063956.304;;25312.75;25312.75;2;ASK;;;;;
20251107;063956.304;25311.50;;25311.50;4;BID;;;;;
20251107;063956.304;25311.50;;25311.50;3;BID;;;;;
20251107;063956.304;25311.50;;25311.50;4;BID;;;;;
20251107;063956.328;25311.75;;25311.75;1;BID;;;;;
20251107;063956.488;;25312.75;25312.75;1;ASK;;;;;
20251107;063956.488;;25313.00;25313.00;2;ASK;;;;;
20251107;063956.488;;25313.00;25313.00;1;ASK;;;;;
20251107;063956.488;;25312.75;25312.75;1;ASK;;;;;
20251107;063956.520;;25313.00;25313.00;1;ASK;;;;;
20251107;063956.520;;25313.00;25313.00;2;ASK;;;;;
20251107;063956.520;;25312.75;25312.75;1;ASK;;;;;
20251107;063956.544;;25313.00;25313.00;2;ASK;;;;;
20251107;063956.780;25311.75;;25311.75;2;BID;;;;;
20251107;063956.852;25311.75;;25311.75;3;BID;;;;;
20251107;063956.852;;25313.00;25313.00;1;ASK;;;;;
20251107;063956.852;25312.00;;25312.00;1;BID;;;;;
20251107;063957.040;25311.75;;25311.75;2;BID;;;;;
20251107;063957.040;25311.75;;25311.75;3;BID;;;;;
20251107;063957.580;;25313.00;25313.00;1;ASK;;;;;
20251107;063957.580;;25313.25;25313.25;3;ASK;;;;;
20251107;063957.580;;25313.25;25313.25;2;ASK;;;;;
20251107;063957.580;25312.00;;25312.00;1;BID;;;;;
20251107;063957.580;;25313.25;25313.25;1;ASK;;;;;
20251107;063957.580;;25313.50;25313.50;3;ASK;;;;;
20251107;063957.580;25312.00;;25312.00;2;BID;;;;;
20251107;063957.580;;25313.50;25313.50;2;ASK;;;;;
20251107;063957.584;;25313.25;25313.25;1;ASK;;;;;
20251107;063957.588;;25313.25;25313.25;1;ASK;;;;;
20251107;063957.588;;25313.50;25313.50;2;ASK;;;;;
20251107;063957.588;;25313.50;25313.50;1;ASK;;;;;
20251107;063957.588;25312.00;;25312.00;3;BID;;;;;
20251107;063957.588;25312.25;;25312.25;1;BID;;;;;
20251107;063957.588;;25313.75;25313.75;2;ASK;;;;;
20251107;063957.588;;25313.75;25313.75;1;ASK;;;;;
20251107;063957.588;25312.50;;25312.50;1;BID;;;;;
20251107;063957.588;;25314.00;25314.00;2;ASK;;;;;
20251107;063957.588;;25314.00;25314.00;3;ASK;;;;;
20251107;063957.588;;25313.50;25313.50;1;ASK;;;;;
20251107;063957.588;25312.75;;25312.75;1;BID;;;;;
20251107;063957.588;;25314.00;25314.00;3;ASK;;;;;
20251107;063957.588;25312.50;;25312.50;1;BID;;;;;
20251107;063957.588;;25314.00;25314.00;2;ASK;;;;;
20251107;063957.588;;25313.75;25313.75;1;ASK;;;;;
20251107;063957.592;25312.75;;25312.75;1;BID;;;;;
20251107;063957.592;;25314.00;25314.00;2;ASK;;;;;
20251107;063957.596;25313.00;;25313.00;1;BID;;;;;
20251107;063957.596;25312.75;;25312.75;1;BID;;;;;
20251107;063957.596;;25313.75;25313.75;1;ASK;;;;;
20251107;063957.668;25312.75;;25312.75;2;BID;;;;;
20251107;063957.668;;25314.00;25314.00;2;ASK;;;;;
20251107;063957.668;25312.75;;25312.75;1;BID;;;;;
20251107;063957.668;25313.00;;25313.00;1;BID;;;;;
20251107;063957.668;25312.75;;25312.75;1;BID;;;;;
20251107;063957.672;;25313.75;25313.75;1;ASK;;;;;
20251107;063957.792;;25313.75;25313.75;1;ASK;;;;;
20251107;063957.792;;25314.00;25314.00;2;ASK;;;;;
20251107;063957.792;25313.00;;25313.00;1;BID;;;;;
20251107;063957.792;25313.00;;25313.00;2;BID;;;;;
20251107;063957.792;;25314.00;25314.00;1;ASK;;;;;
20251107;063957.792;;25314.25;25314.25;2;ASK;;;;;
20251107;063957.792;;25314.25;25314.25;1;ASK;;;;;
20251107;063957.792;25313.00;;25313.00;1;BID;;;;;
20251107;063957.792;25313.25;;25313.25;1;BID;;;;;
20251107;063957.792;;25314.25;25314.25;2;ASK;;;;;
20251107;063957.792;;25314.25;25314.25;1;ASK;;;;;
20251107;063957.792;;25314.00;25314.00;1;ASK;;;;;
20251107;063957.792;25312.75;;25312.75;1;BID;;;;;
20251107;063957.792;25313.00;;25313.00;1;BID;;;;;
20251107;063957.792;;25314.25;25314.25;1;ASK;;;;;
20251107;063957.792;;25314.75;25314.75;3;ASK;;;;;
20251107;063957.792;;25314.25;25314.25;1;ASK;;;;;
20251107;063957.792;;25314.00;25314.00;1;ASK;;;;;
20251107;063957.804;;25314.75;25314.75;4;ASK;;;;;
20251107;063957.804;;25314.75;25314.75;3;ASK;;;;;
20251107;063957.804;25313.00;;25313.00;2;BID;;;;;
20251107;063957.804;25313.00;;25313.00;3;BID;;;;;
20251107;063957.804;;25314.50;25314.50;1;ASK;;;;;
20251107;063957.804;;25314.50;25314.50;2;ASK;;;;;
20251107;063957.804;;25314.50;25314.50;3;ASK;;;;;
20251107;063957.804;;25314.25;25314.25;1;ASK;;;;;
20251107;063957.804;;25314.25;25314.25;2;ASK;;;;;
20251107;063957.804;;25314.00;25314.00;1;ASK;;;;;
20251107;063958.580;;25314.00;25314.00;2;ASK;;;;;
20251107;063958.580;25313.00;;25313.00;2;BID;;;;;
20251107;063959.252;25313.00;;25313.00;1;BID;;;;;
20251107;063959.252;25313.00;;25313.00;1;BID;;;;;
20251107;063959.252;25312.50;;25312.50;1;BID;;;;;
20251107;063959.252;25312.50;;25312.50;1;BID;;;;;
20251107;063959.252;25312.25;;25312.25;2;BID;;;;;
20251107;063959.252;;25312.50;25312.50;6;ASK;;;;;
20251107;063959.252;25312.25;;25312.25;3;BID;;;;;
20251107;063959.252;25312.25;;25312.25;2;BID;;;;;
20251107;063959.252;;25312.50;25312.50;1;ASK;;;;;
20251107;063959.252;;25312.50;25312.50;5;ASK;;;;;
20251107;063959.252;25312.25;;25312.25;3;BID;;;;;
20251107;063959.252;25312.25;;25312.25;2;BID;;;;;
20251107;063959.252;25312.25;;25312.25;1;BID;;;;;
20251107;063959.252;25312.25;;25312.25;1;BID;;;;;
20251107;063959.252;25312.00;;25312.00;3;BID;;;;;
20251107;063959.252;25312.00;;25312.00;2;BID;;;;;
20251107;063959.252;;25312.50;25312.50;1;ASK;;;;;
20251107;063959.252;;25312.50;25312.50;4;ASK;;;;;
20251107;063959.252;25312.00;;25312.00;1;BID;;;;;
20251107;063959.252;25311.75;;25311.75;1;BID;;;;;
20251107;063959.276;;25312.50;25312.50;3;ASK;;;;;
20251107;063959.276;;25312.50;25312.50;1;ASK;;;;;
20251107;063959.276;25312.00;;25312.00;1;BID;;;;;
20251107;063959.276;25311.75;;25311.75;3;BID;;;;;
20251107;063959.276;25311.75;;25311.75;2;BID;;;;;
20251107;063959.280;25311.75;;25311.75;1;BID;;;;;
20251107;063959.280;;25312.50;25312.50;2;ASK;;;;;
20251107;063959.280;;25312.50;25312.50;1;ASK;;;;;
20251107;063959.280;;25312.50;25312.50;1;ASK;;;;;
20251107;063959.280;;25312.25;25312.25;1;ASK;;;;;
20251107;063959.280;;25312.50;25312.50;1;ASK;;;;;
20251107;063959.280;;25313.50;25313.50;1;ASK;;;;;
20251107;063959.280;;25313.50;25313.50;2;ASK;;;;;
20251107;063959.280;;25313.25;25313.25;1;ASK;;;;;
20251107;063959.280;25311.75;;25311.75;2;BID;;;;;
20251107;063959.280;;25313.25;25313.25;2;ASK;;;;;
20251107;063959.280;;25313.00;25313.00;1;ASK;;;;;
20251107;063959.284;;25313.00;25313.00;2;ASK;;;;;
20251107;063959.284;;25312.75;25312.75;1;ASK;;;;;
20251107;063959.284;25311.75;;25311.75;1;BID;;;;;
20251107;063959.840;25311.75;;25311.75;2;BID;;;;;
20251107;064000.024;;25312.75;25312.75;2;ASK;;;;;
20251107;064000.152;;25312.50;25312.50;1;ASK;;;;;
20251107;064000.476;;25312.50;25312.50;2;ASK;;;;;
20251107;064000.736;;25312.50;25312.50;1;ASK;;;;;
20251107;064000.776;;25312.75;25312.75;2;ASK;;;;;
20251107;064000.780;;25312.75;25312.75;1;ASK;;;;;
20251107;064000.780;;25312.75;25312.75;1;ASK;;;;;
20251107;064000.780;;25313.00;25313.00;3;ASK;;;;;
20251107;064000.780;25312.00;;25312.00;1;BID;;;;;
20251107;064000.780;;25313.00;25313.00;2;ASK;;;;;
20251107;064000.780;;25313.00;25313.00;1;ASK;;;;;
20251107;064000.780;;25313.25;25313.25;2;ASK;;;;;
20251107;064000.780;25312.25;;25312.25;1;BID;;;;;
20251107;064000.780;;25313.25;25313.25;1;ASK;;;;;
20251107;064000.780;25312.00;;25312.00;1;BID;;;;;
20251107;064000.784;;25313.00;25313.00;1;ASK;;;;;
20251107;064000.784;;25313.25;25313.25;1;ASK;;;;;
20251107;064000.784;25312.25;;25312.25;1;BID;;;;;
20251107;064000.788;25312.00;;25312.00;1;BID;;;;;
20251107;064000.788;;25313.00;25313.00;1;ASK;;;;;
20251107;064000.856;25312.25;;25312.25;1;BID;;;;;
20251107;064000.856;;25313.25;25313.25;1;ASK;;;;;
20251107;064001.028;;25313.50;25313.50;2;ASK;;;;;
20251107;064001.028;;25313.25;25313.25;1;ASK;;;;;
20251107;064001.620;25312.00;;25312.00;1;BID;;;;;
20251107;064001.620;;25313.00;25313.00;1;ASK;;;;;
20251107;064001.684;;25313.25;25313.25;1;ASK;;;;;
20251107;064001.684;25312.25;;25312.25;1;BID;;;;;
20251107;064001.724;25312.00;;25312.00;1;BID;;;;;
20251107;064001.724;;25313.00;25313.00;1;ASK;;;;;
20251107;064001.728;25311.75;;25311.75;2;BID;;;;;
20251107;064001.828;;25312.75;25312.75;1;ASK;;;;;
20251107;064001.872;;25312.75;25312.75;1;ASK;;;;;
20251107;064001.872;;25313.00;25313.00;2;ASK;;;;;
20251107;064001.872;25312.75;;25312.75;1;BID;;;;;
20251107;064001.872;25312.75;;25312.75;1;BID;;;;;
20251107;064001.872;25312.00;;25312.00;1;BID;;;;;
20251107;064001.872;;25313.00;25313.00;1;ASK;;;;;
20251107;064001.872;;25313.25;25313.25;1;ASK;;;;;
20251107;064001.872;;25313.50;25313.50;2;ASK;;;;;
20251107;064001.872;;25313.25;25313.25;1;ASK;;;;;
20251107;064001.872;;25313.25;25313.25;2;ASK;;;;;
20251107;064001.876;25311.75;;25311.75;2;BID;;;;;
20251107;064001.876;;25313.00;25313.00;1;ASK;;;;;
20251107;064001.876;25312.00;;25312.00;1;BID;;;;;
20251107;064002.036;25312.00;;25312.00;1;BID;;;;;
20251107;064002.036;25311.75;;25311.75;2;BID;;;;;
20251107;064002.036;;25312.75;25312.75;1;ASK;;;;;
20251107;064002.036;;25312.75;25312.75;2;ASK;;;;;
20251107;064002.036;;25312.50;25312.50;1;ASK;;;;;
20251107;064002.036;;25312.75;25312.75;2;ASK;;;;;
20251107;064002.056;;25312.75;25312.75;1;ASK;;;;;
20251107;064002.056;;25312.75;25312.75;1;ASK;;;;;
20251107;064002.056;25312.00;;25312.00;1;BID;;;;;
20251107;064002.056;;25313.00;25313.00;3;ASK;;;;;
20251107;064002.056;;25312.75;25312.75;1;ASK;;;;;
20251107;064002.056;25311.75;;25311.75;2;BID;;;;;
20251107;064002.056;;25313.00;25313.00;1;ASK;;;;;
20251107;064002.056;;25313.25;25313.25;1;ASK;;;;;
20251107;064002.056;25312.00;;25312.00;1;BID;;;;;
20251107;064002.056;;25313.00;25313.00;1;ASK;;;;;
20251107;064002.192;;25312.75;25312.75;6;ASK;;;;;
20251107;064002.192;25311.75;;25311.75;2;BID;;;;;
20251107;064002.192;;25312.50;25312.50;1;ASK;;;;;
20251107;064002.196;;25312.75;25312.75;6;ASK;;;;;
20251107;064002.256;25312.00;;25312.00;1;BID;;;;;
20251107;064002.532;25312.00;;25312.00;2;BID;;;;;
20251107;064002.932;25312.25;;25312.25;1;BID;;;;;
20251107;064002.932;25312.00;;25312.00;2;BID;;;;;
20251107;064002.932;25312.00;;25312.00;1;BID;;;;;
20251107;064003.860;25312.50;;25312.50;1;BID;;;;;
20251107;064003.860;25312.50;;25312.50;1;BID;;;;;
20251107;064003.860;25312.00;;25312.00;1;BID;;;;;
20251107;064003.860;;25312.75;25312.75;1;ASK;;;;;
20251107;064003.860;;25312.75;25312.75;5;ASK;;;;;
20251107;064003.860;;25312.75;25312.75;1;ASK;;;;;
20251107;064003.860;;25312.75;25312.75;4;ASK;;;;;
20251107;064003.860;25312.25;;25312.25;1;BID;;;;;
20251107;064003.860;25312.00;;25312.00;1;BID;;;;;
20251107;064003.860;25312.25;;25312.25;1;BID;;;;;
20251107;064003.860;;25312.75;25312.75;1;ASK;;;;;
20251107;064003.860;;25312.75;25312.75;3;ASK;;;;;
20251107;064003.860;25312.50;;25312.50;1;BID;;;;;
20251107;064003.860;;25312.75;25312.75;3;ASK;;;;;
20251107;064003.860;;25313.25;25313.25;1;ASK;;;;;
20251107;064003.860;25312.25;;25312.25;1;BID;;;;;
20251107;064003.864;25312.25;;25312.25;1;BID;;;;;
20251107;064003.864;25312.00;;25312.00;1;BID;;;;;
20251107;064003.864;;25313.50;25313.50;2;ASK;;;;;
20251107;064003.864;;25313.25;25313.25;1;ASK;;;;;
20251107;064003.864;25312.50;;25312.50;1;BID;;;;;
20251107;064003.864;25312.25;;25312.25;1;BID;;;;;
20251107;064003.864;;25313.25;25313.25;2;ASK;;;;;
20251107;064003.864;;25313.25;25313.25;1;ASK;;;;;
20251107;064003.864;;25313.50;25313.50;1;ASK;;;;;
20251107;064003.864;;25313.75;25313.75;1;ASK;;;;;
20251107;064003.864;;25313.75;25313.75;2;ASK;;;;;
20251107;064003.864;25312.50;;25312.50;1;BID;;;;;
20251107;064003.864;;25313.25;25313.25;1;ASK;;;;;
20251107;064003.864;25312.25;;25312.25;2;BID;;;;;
20251107;064003.864;;25313.75;25313.75;2;ASK;;;;;
20251107;064003.864;;25313.50;25313.50;1;ASK;;;;;
20251107;064003.864;25312.50;;25312.50;1;BID;;;;;
20251107;064003.864;;25313.25;25313.25;1;ASK;;;;;
20251107;064003.864;25312.25;;25312.25;3;BID;;;;;
20251107;064003.864;25312.25;;25312.25;2;BID;;;;;
20251107;064003.868;25312.50;;25312.50;1;BID;;;;;
20251107;064003.868;;25313.50;25313.50;1;ASK;;;;;
20251107;064003.880;;25313.50;25313.50;2;ASK;;;;;
20251107;064003.880;;25313.25;25313.25;1;ASK;;;;;
20251107;064003.880;25312.25;;25312.25;2;BID;;;;;
20251107;064003.912;;25313.25;25313.25;2;ASK;;;;;
20251107;064003.912;;25313.00;25313.00;1;ASK;;;;;
20251107;064003.912;25312.25;;25312.25;1;BID;;;;;
20251107;064003.912;25312.00;;25312.00;1;BID;;;;;
20251107;064003.912;;25312.75;25312.75;1;ASK;;;;;
20251107;064003.912;;25313.00;25313.00;1;ASK;;;;;
20251107;064003.932;;25313.00;25313.00;2;ASK;;;;;
20251107;064003.932;;25312.75;25312.75;1;ASK;;;;;
20251107;064003.964;;25313.00;25313.00;2;ASK;;;;;
20251107;064003.984;;25312.75;25312.75;1;ASK;;;;;
20251107;064004.120;;25312.75;25312.75;2;ASK;;;;;
20251107;064004.304;;25312.75;25312.75;1;ASK;;;;;
20251107;064005.616;25311.75;;25311.75;2;BID;;;;;
20251107;064005.616;25311.75;;25311.75;3;BID;;;;;
20251107;064005.616;;25312.50;25312.50;1;ASK;;;;;
20251107;064005.616;;25312.50;25312.50;1;ASK;;;;;
20251107;064005.616;;25312.75;25312.75;1;ASK;;;;;
20251107;064005.616;25311.75;;25311.75;2;BID;;;;;
20251107;064005.616;25312.00;;25312.00;1;BID;;;;;
20251107;064005.616;25311.75;;25311.75;2;BID;;;;;
20251107;064005.616;25312.00;;25312.00;1;BID;;;;;
20251107;064005.644;25312.25;;25312.25;1;BID;;;;;
20251107;064005.644;25312.00;;25312.00;1;BID;;;;;
20251107;064005.732;25311.75;;25311.75;2;BID;;;;;
20251107;064005.984;25312.00;;25312.00;1;BID;;;;;
20251107;064006.092;;25312.75;25312.75;1;ASK;;;;;
20251107;064006.092;;25313.25;25313.25;2;ASK;;;;;
20251107;064006.092;;25313.25;25313.25;1;ASK;;;;;
20251107;064006.092;25312.25;;25312.25;1;BID;;;;;
20251107;064006.092;25312.25;;25312.25;2;BID;;;;;
20251107;064006.092;;25313.25;25313.25;2;ASK;;;;;
20251107;064006.092;25312.50;;25312.50;1;BID;;;;;
20251107;064006.092;;25313.25;25313.25;1;ASK;;;;;
20251107;064006.092;;25313.50;25313.50;1;ASK;;;;;
20251107;064006.356;;25313.50;25313.50;2;ASK;;;;;
20251107;064006.356;;25313.25;25313.25;1;ASK;;;;;
20251107;064006.356;25312.25;;25312.25;2;BID;;;;;
20251107;064006.360;25312.25;;25312.25;3;BID;;;;;
20251107;064008.252;;25313.25;25313.25;2;ASK;;;;;
20251107;064008.252;;25313.00;25313.00;1;ASK;;;;;
20251107;064008.252;25312.25;;25312.25;2;BID;;;;;
20251107;064008.256;25312.25;;25312.25;1;BID;;;;;
20251107;064008.256;;25313.00;25313.00;2;ASK;;;;;
20251107;064008.256;25312.25;;25312.25;1;BID;;;;;
20251107;064008.256;25312.00;;25312.00;1;BID;;;;;
20251107;064008.256;;25313.00;25313.00;3;ASK;;;;;
20251107;064008.256;;25312.75;25312.75;1;ASK;;;;;
20251107;064008.256;25311.75;;25311.75;2;BID;;;;;
20251107;064008.256;;25312.75;25312.75;2;ASK;;;;;
20251107;064008.256;;25312.75;25312.75;3;ASK;;;;;
20251107;064008.256;;25312.50;25312.50;1;ASK;;;;;
20251107;064008.284;;25312.50;25312.50;2;ASK;;;;;
20251107;064008.304;;25312.50;25312.50;3;ASK;;;;;
20251107;064008.304;25311.75;;25311.75;1;BID;;;;;
20251107;064008.304;25311.75;;25311.75;1;BID;;;;;
20251107;064008.304;25311.50;;25311.50;2;BID;;;;;
20251107;064008.304;;25312.25;25312.25;1;ASK;;;;;
20251107;064008.304;25311.50;;25311.50;1;BID;;;;;
20251107;064008.304;25311.50;;25311.50;1;BID;;;;;
20251107;064008.304;25311.25;;25311.25;1;BID;;;;;
20251107;064008.304;;25312.25;25312.25;2;ASK;;;;;
20251107;064008.304;;25312.25;25312.25;3;ASK;;;;;
20251107;064008.304;;25312.00;25312.00;1;ASK;;;;;
20251107;064008.304;;25312.00;25312.00;2;ASK;;;;;
20251107;064008.308;25311.25;;25311.25;1;BID;;;;;
20251107;064008.308;25311.00;;25311.00;1;BID;;;;;
20251107;064008.308;25310.75;;25310.75;2;BID;;;;;
20251107;064008.308;25311.25;;25311.25;1;BID;;;;;
20251107;064008.308;;25311.75;25311.75;1;ASK;;;;;
20251107;064008.308;25311.00;;25311.00;1;BID;;;;;
20251107;064008.308;;25312.00;25312.00;2;ASK;;;;;
20251107;064008.308;;25312.00;25312.00;1;ASK;;;;;
20251107;064008.308;;25311.75;25311.75;1;ASK;;;;;
20251107;064008.308;;25312.00;25312.00;1;ASK;;;;;
20251107;064008.320;;25312.00;25312.00;2;ASK;;;;;
20251107;064008.320;;25311.75;25311.75;1;ASK;;;;;
20251107;064008.340;;25312.00;25312.00;1;ASK;;;;;
20251107;064008.348;;25312.00;25312.00;2;ASK;;;;;
20251107;064008.348;;25311.75;25311.75;1;ASK;;;;;
20251107;064008.480;;25312.00;25312.00;1;ASK;;;;;
20251107;064008.480;;25312.00;25312.00;2;ASK;;;;;
20251107;064008.480;;25311.75;25311.75;1;ASK;;;;;
20251107;064008.556;;25312.00;25312.00;1;ASK;;;;;
20251107;064008.556;25311.25;;25311.25;1;BID;;;;;
20251107;064008.560;;25312.25;25312.25;3;ASK;;;;;
20251107;064008.560;25311.25;;25311.25;2;BID;;;;;
20251107;064008.560;;25312.25;25312.25;2;ASK;;;;;
20251107;064008.560;;25312.25;25312.25;1;ASK;;;;;
20251107;064008.616;;25312.00;25312.00;1;ASK;;;;;
20251107;064008.748;;25312.00;25312.00;2;ASK;;;;;
20251107;064008.748;25311.25;;25311.25;1;BID;;;;;
20251107;064009.200;;25312.00;25312.00;3;ASK;;;;;
20251107;064009.276;;25311.75;25311.75;1;ASK;;;;;
20251107;064009.276;;25312.00;25312.00;2;ASK;;;;;
20251107;064010.244;;25311.75;25311.75;1;ASK;;;;;
20251107;064010.244;25311.25;;25311.25;1;BID;;;;;
20251107;064010.244;25310.75;;25310.75;1;BID;;;;;
20251107;064010.244;;25311.50;25311.50;1;ASK;;;;;
20251107;064010.244;25310.75;;25310.75;2;BID;;;;;
20251107;064010.244;;25311.50;25311.50;2;ASK;;;;;
20251107;064010.244;25310.75;;25310.75;1;BID;;;;;
20251107;064010.244;;25311.50;25311.50;1;ASK;;;;;
20251107;064010.244;;25311.75;25311.75;1;ASK;;;;;
20251107;064010.244;25310.50;;25310.50;2;BID;;;;;
20251107;064010.244;25310.50;;25310.50;1;BID;;;;;
20251107;064010.244;25310.75;;25310.75;1;BID;;;;;
20251107;064010.244;;25311.75;25311.75;2;ASK;;;;;
20251107;064010.248;;25311.50;25311.50;1;ASK;;;;;
20251107;064010.248;25310.50;;25310.50;1;BID;;;;;
20251107;064010.276;25310.50;;25310.50;2;BID;;;;;
20251107;064010.276;25310.50;;25310.50;3;BID;;;;;
20251107;064010.276;25310.75;;25310.75;1;BID;;;;;
20251107;064010.276;;25311.75;25311.75;2;ASK;;;;;
20251107;064010.292;25311.00;;25311.00;1;BID;;;;;
20251107;064010.292;;25311.75;25311.75;3;ASK;;;;;
20251107;064010.292;25310.75;;25310.75;3;BID;;;;;
20251107;064010.344;25311.00;;25311.00;1;BID;;;;;
20251107;064010.352;25310.75;;25310.75;3;BID;;;;;
20251107;064010.420;25311.00;;25311.00;1;BID;;;;;
20251107;064010.420;;25311.75;25311.75;2;ASK;;;;;
20251107;064010.800;;25311.75;25311.75;1;ASK;;;;;
20251107;064010.800;;25311.75;25311.75;1;ASK;;;;;
20251107;064010.800;25311.25;;25311.25;1;BID;;;;;
20251107;064010.800;;25312.00;25312.00;2;ASK;;;;;
20251107;064010.800;25311.25;;25311.25;2;BID;;;;;
20251107;064010.804;;25312.00;25312.00;1;ASK;;;;;
20251107;064011.436;;25312.00;25312.00;2;ASK;;;;;
20251107;064011.436;25311.25;;25311.25;1;BID;;;;;
20251107;064011.440;25311.25;;25311.25;1;BID;;;;;
20251107;064011.440;25311.00;;25311.00;1;BID;;;;;
20251107;064011.440;;25312.00;25312.00;1;ASK;;;;;
20251107;064011.440;;25311.75;25311.75;1;ASK;;;;;
20251107;064011.440;25310.75;;25310.75;3;BID;;;;;
20251107;064011.440;25310.75;;25310.75;2;BID;;;;;
20251107;064011.440;25310.75;;25310.75;1;BID;;;;;
20251107;064011.440;25310.75;;25310.75;2;BID;;;;;
20251107;064011.480;;25311.50;25311.50;1;ASK;;;;;
20251107;064011.480;25310.75;;25310.75;1;BID;;;;;
20251107;064011.480;25310.50;;25310.50;3;BID;;;;;
20251107;064011.480;25310.50;;25310.50;2;BID;;;;;
20251107;064011.480;25310.75;;25310.75;1;BID;;;;;
20251107;064011.480;;25311.75;25311.75;1;ASK;;;;;
20251107;064011.508;25311.00;;25311.00;1;BID;;;;;
20251107;064011.576;25310.75;;25310.75;3;BID;;;;;
20251107;064011.948;;25311.00;25311.00;1;ASK;;;;;
20251107;064011.948;;25311.00;25311.00;1;ASK;;;;;
20251107;064011.948;;25311.75;25311.75;1;ASK;;;;;
20251107;064011.948;25310.75;;25310.75;2;BID;;;;;
20251107;064011.948;25310.75;;25310.75;1;BID;;;;;
20251107;064011.948;25310.50;;25310.50;3;BID;;;;;
20251107;064011.948;25310.50;;25310.50;2;BID;;;;;
20251107;064011.948;25310.75;;25310.75;1;BID;;;;;
20251107;064011.948;25310.75;;25310.75;2;BID;;;;;
20251107;064011.948;25310.75;;25310.75;3;BID;;;;;
20251107;064011.952;25311.00;;25311.00;1;BID;;;;;
20251107;064011.952;;25312.00;25312.00;1;ASK;;;;;
20251107;064011.968;;25312.00;25312.00;2;ASK;;;;;
20251107;064011.968;;25311.75;25311.75;1;ASK;;;;;
20251107;064011.968;25310.75;;25310.75;4;BID;;;;;
20251107;064011.968;25310.75;;25310.75;3;BID;;;;;
20251107;064012.264;25311.00;;25311.00;1;BID;;;;;
20251107;064012.264;;25312.00;25312.00;1;ASK;;;;;
20251107;064012.264;25311.25;;25311.25;1;BID;;;;;
20251107;064012.264;25311.00;;25311.00;1;BID;;;;;
20251107;064012.276;;25312.00;25312.00;2;ASK;;;;;
20251107;064012.336;;25311.75;25311.75;1;ASK;;;;;
20251107;064012.336;25310.75;;25310.75;3;BID;d_shape;LONG;25311.75;;
20251107;064012.336;25310.75;;25310.75;2;BID;;;;;
20251107;064012.336;25310.75;;25310.75;3;BID;;;;;
20251107;064012.336;25311.00;;25311.00;1;BID;;;;;
20251107;064012.336;25310.75;;25310.75;4;BID;;;;;
20251107;064012.364;25310.75;;25310.75;5;BID;;;;;
20251107;064012.364;25311.00;;25311.00;1;BID;;;;;
20251107;064012.364;;25312.00;25312.00;2;ASK;;;;;
20251107;064012.364;;25312.00;25312.00;1;ASK;;;;;
20251107;064012.364;25311.25;;25311.25;1;BID;;;;;
20251107;064012.984;25311.00;;25311.00;2;BID;;;;;
20251107;064012.984;25311.00;;25311.00;1;BID;;;;;
20251107;064013.084;25311.00;;25311.00;1;BID;;;;;
20251107;064013.084;25310.75;;25310.75;1;BID;;;;;
20251107;064013.084;25310.75;;25310.75;4;BID;;;;;
20251107;064013.084;;25311.75;25311.75;1;ASK;;;;;
20251107;064013.084;25310.75;;25310.75;3;BID;;;;;
20251107;064013.084;25310.75;;25310.75;4;BID;;;;;
20251107;064013.084;;25311.75;25311.75;2;ASK;;;;;
20251107;064013.084;25310.75;;25310.75;5;BID;;;;;
20251107;064013.084;25311.00;;25311.00;1;BID;;;;;
20251107;064013.088;;25311.75;25311.75;1;ASK;;;;;
20251107;064013.088;;25312.00;25312.00;1;ASK;;;;;
20251107;064013.092;25311.25;;25311.25;1;BID;;;;;
20251107;064013.092;25311.00;;25311.00;1;BID;;;;;
20251107;064013.256;25311.25;;25311.25;1;BID;;;;;
20251107;064013.452;25311.25;;25311.25;2;BID;;;;;
20251107;064013.452;25311.50;;25311.50;1;BID;;;;;
20251107;064013.484;25311.25;;25311.25;1;BID;;;;;
20251107;064013.508;25311.25;;25311.25;1;BID;;;;;
20251107;064013.508;25311.00;;25311.00;2;BID;;;;;
20251107;064013.508;;25311.75;25311.75;1;ASK;;;;;
20251107;064013.508;25311.00;;25311.00;1;BID;;;;;
20251107;064013.508;;25311.75;25311.75;2;ASK;;;;;
20251107;064013.508;25311.00;;25311.00;2;BID;;;;;
20251107;064013.508;25311.00;;25311.00;1;BID;;;;;
20251107;064013.508;;25311.75;25311.75;1;ASK;;;;;
20251107;064013.508;;25312.00;25312.00;1;ASK;;;;;
20251107;064013.508;25310.75;;25310.75;6;BID;;;;;
20251107;064013.508;25310.75;;25310.75;7;BID;;;;;
20251107;064013.508;25310.75;;25310.75;6;BID;;;;;
20251107;064014.256;25310.75;;25310.75;7;BID;;;;;
20251107;064014.256;25310.75;;25310.75;8;BID;;;;;
20251107;064014.256;25311.00;;25311.00;1;BID;;;;;
20251107;064014.256;25311.00;;25311.00;2;BID;;;;;
20251107;064014.260;25311.00;;25311.00;3;BID;;;;;
20251107;064014.260;25311.00;;25311.00;4;BID;;;;;
20251107;064014.272;25311.00;;25311.00;5;BID;;;;;
20251107;064014.272;;25312.00;25312.00;1;ASK;;;;;
20251107;064014.272;;25312.50;25312.50;2;ASK;;;;;
20251107;064014.272;;25312.50;25312.50;1;ASK;;;;;
20251107;064014.272;25311.25;;25311.25;1;BID;;;;;
20251107;064014.272;;25312.75;25312.75;2;ASK;;;;;
20251107;064014.272;;25312.75;25312.75;1;ASK;;;;;
20251107;064014.272;;25313.00;25313.00;1;ASK;;;;;
20251107;064014.272;25311.25;;25311.25;2;BID;;;;;
20251107;064014.272;25311.25;;25311.25;3;BID;;;;;
20251107;064014.272;;25313.25;25313.25;2;ASK;;;;;
20251107;064014.272;25311.25;;25311.25;4;BID;;;;;
20251107;064014.272;25311.25;;25311.25;5;BID;;;;;
20251107;064014.272;25311.25;;25311.25;6;BID;;;;;
20251107;064014.272;25311.25;;25311.25;7;BID;;;;;
20251107;064014.272;25311.25;;25311.25;8;BID;;;;;
20251107;064014.272;25311.25;;25311.25;9;BID;;;;;
20251107;064014.276;25311.50;;25311.50;1;BID;;;;;
20251107;064014.276;25311.50;;25311.50;2;BID;;;;;
20251107;064014.276;25311.50;;25311.50;3;BID;;;;;
20251107;064014.276;25311.50;;25311.50;4;BID;;;;;
20251107;064014.276;25311.50;;25311.50;5;BID;;;;;
20251107;064014.276;25311.50;;25311.50;6;BID;;;;;
20251107;064014.276;25311.50;;25311.50;7;BID;;;;;
20251107;064014.276;25311.50;;25311.50;8;BID;;;;;
20251107;064014.276;25311.50;;25311.50;9;BID;;;;;
20251107;064014.276;25311.75;;25311.75;1;BID;;;;;
20251107;064014.276;25311.75;;25311.75;2;BID;;;;;
20251107;064014.276;25311.75;;25311.75;3;BID;;;;;
20251107;064014.276;25311.75;;25311.75;4;BID;;;;;
20251107;064014.276;25311.75;;25311.75;5;BID;;;;;
20251107;064014.276;;25313.00;25313.00;1;ASK;;;;;
20251107;064014.276;25312.00;;25312.00;1;BID;;;;;
20251107;064014.276;25312.00;;25312.00;2;BID;;;;;
20251107;064014.328;25312.25;;25312.25;1;BID;;;;;
20251107;064014.332;25312.00;;25312.00;4;BID;;;;;
20251107;064014.344;;25313.25;25313.25;2;ASK;;;;;
20251107;064014.344;25312.00;;25312.00;5;BID;;;;;
20251107;064014.352;;25313.25;25313.25;1;ASK;;;;;
20251107;064014.352;;25313.50;25313.50;2;ASK;;;;;
20251107;064014.352;;25313.50;25313.50;1;ASK;;;;;
20251107;064014.352;25312.00;;25312.00;6;BID;;;;;
20251107;064014.492;25312.25;;25312.25;1;BID;;;;;
20251107;064014.492;;25313.50;25313.50;2;ASK;;;;;
20251107;064014.492;;25313.25;25313.25;1;ASK;;;;;
20251107;064014.676;;25313.00;25313.00;1;ASK;;;;;
20251107;064014.732;;25313.25;25313.25;1;ASK;;;;;
20251107;064014.852;;25313.00;25313.00;1;ASK;;;;;
20251107;064014.852;;25312.75;25312.75;1;ASK;;;;;
20251107;064014.860;;25313.00;25313.00;1;ASK;;;;;
20251107;064014.864;;25313.25;25313.25;2;ASK;;;;;
20251107;064014.864;;25313.25;25313.25;1;ASK;;;;;
20251107;064014.888;;25313.00;25313.00;1;ASK;;;;;
20251107;064014.944;;25313.25;25313.25;1;ASK;;;;;
20251107;064015.000;;25313.00;25313.00;1;ASK;;;;;
20251107;064015.052;;25313.25;25313.25;1;ASK;;;;;
20251107;064015.104;;25313.00;25313.00;1;ASK;;;;;
20251107;064015.156;;25313.25;25313.25;1;ASK;;;;;
20251107;064015.212;;25313.00;25313.00;1;ASK;;;;;
20251107;064015.264;;25313.25;25313.25;1;ASK;;;;;
20251107;064015.316;;25313.00;25313.00;1;ASK;;;;;
20251107;064015.364;;25313.25;25313.25;1;ASK;;;;;
20251107;064015.424;;25313.00;25313.00;1;ASK;;;;;
20251107;064015.488;;25313.25;25313.25;1;ASK;;;;;
20251107;064015.504;;25313.00;25313.00;1;ASK;;;;;
20251107;064015.528;;25313.25;25313.25;1;ASK;;;;;
20251107;064015.584;;25313.00;25313.00;1;ASK;;;;;
20251107;064015.608;;25313.25;25313.25;1;ASK;;;;;
20251107;064015.636;;25313.00;25313.00;1;ASK;;;;;
20251107;064015.648;;25312.75;25312.75;1;ASK;;;;;
20251107;064015.648;;25312.50;25312.50;1;ASK;;;;;
20251107;064015.656;;25312.75;25312.75;1;ASK;;;;;
20251107;064015.656;;25313.25;25313.25;2;ASK;;;;;
20251107;064015.660;;25313.25;25313.25;1;ASK;;;;;
20251107;064015.660;;25313.25;25313.25;2;ASK;;;;;
20251107;064015.660;;25313.00;25313.00;1;ASK;;;;;
20251107;064015.664;;25313.25;25313.25;2;ASK;;;;;
20251107;064015.688;;25313.00;25313.00;1;ASK;;;;;
20251107;064015.956;;25313.25;25313.25;2;ASK;;;;;
20251107;064016.008;;25313.00;25313.00;1;ASK;;;;;
20251107;064016.060;;25313.25;25313.25;2;ASK;;;;;
20251107;064016.164;;25313.00;25313.00;1;ASK;;;;;
20251107;064016.164;;25313.00;25313.00;2;ASK;;;;;
20251107;064016.200;;25313.00;25313.00;1;ASK;;;;;
20251107;064016.220;;25313.25;25313.25;2;ASK;;;;;
20251107;064016.272;;25313.00;25313.00;1;ASK;;;;;
20251107;064016.328;;25313.25;25313.25;2;ASK;;;;;
20251107;064016.352;;25313.25;25313.25;1;ASK;;;;;
20251107;064016.648;;25313.50;25313.50;3;ASK;;;;;
20251107;064016.648;;25313.50;25313.50;2;ASK;;;;;
20251107;064016.648;25312.25;;25312.25;1;BID;;;;;
20251107;064016.648;25312.00;;25312.00;1;BID;;;;;
20251107;064016.648;25311.75;;25311.75;1;BID;;;;;
20251107;064016.648;;25313.25;25313.25;1;ASK;;;;;
20251107;064016.648;;25313.25;25313.25;2;ASK;;;;;
20251107;064016.648;25312.00;;25312.00;1;BID;;;;;
20251107;064016.648;;25313.00;25313.00;1;ASK;;;;;
20251107;064016.648;;25312.75;25312.75;1;ASK;;;;;
20251107;064016.648;;25313.00;25313.00;1;ASK;;;;;
20251107;064016.648;;25312.75;25312.75;1;ASK;;;;;
20251107;064016.648;25311.75;;25311.75;2;BID;;;;;
20251107;064016.652;25311.75;;25311.75;1;BID;;;;;
20251107;064016.660;;25312.50;25312.50;1;ASK;;;;;
20251107;064016.804;;25312.50;25312.50;2;ASK;;;;;
20251107;064017.944;;25312.50;25312.50;1;ASK;;;;;
20251107;064017.944;;25312.50;25312.50;1;ASK;;;;;
20251107;064017.944;;25312.75;25312.75;1;ASK;;;;;
20251107;064017.944;;25313.00;25313.00;1;ASK;;;;;
20251107;064017.944;;25313.00;25313.00;1;ASK;;;;;
20251107;064017.944;;25313.00;25313.00;1;ASK;;;;;
20251107;064017.944;;25313.00;25313.00;5;ASK;;;;;
20251107;064017.944;;25313.25;25313.25;3;ASK;;;;;
20251107;064017.944;;25313.25;25313.25;2;ASK;;;;;
20251107;064017.944;;25313.25;25313.25;1;ASK;;;;;
20251107;064017.944;;25313.50;25313.50;2;ASK;;;;;
20251107;064017.944;;25313.50;25313.50;1;ASK;;;;;
20251107;064017.944;25313.25;;25313.25;2;BID;;;;;
20251107;064017.944;;25313.75;25313.75;2;ASK;;;;;
20251107;064017.944;;25313.75;25313.75;1;ASK;;;;;
20251107;064017.944;;25314.00;25314.00;2;ASK;;;;;
20251107;064017.948;;25314.00;25314.00;1;ASK;;;;;
20251107;064017.968;;25314.25;25314.25;2;ASK;;;;;
20251107;064017.976;25313.00;;25313.00;5;BID;;;;;
20251107;064017.976;;25314.00;25314.00;1;ASK;;;;;
20251107;064018.032;25313.25;;25313.25;1;BID;;;;;
20251107;064018.032;;25314.25;25314.25;2;ASK;;;;;
20251107;064018.500;25313.50;;25313.50;1;BID;;;;;
20251107;064018.500;;25314.25;25314.25;1;ASK;;;;;
20251107;064018.500;;25314.50;25314.50;3;ASK;;;;;
20251107;064018.500;;25314.50;25314.50;2;ASK;;;;;
20251107;064018.500;25313.75;;25313.75;1;BID;;;;;
20251107;064018.500;;25314.50;25314.50;1;ASK;;;;;
20251107;064018.500;;25314.75;25314.75;2;ASK;;;;;
20251107;064018.500;25313.50;;25313.50;1;BID;;;;;
20251107;064018.500;;25314.75;25314.75;1;ASK;;;;;
20251107;064018.500;;25314.50;25314.50;1;ASK;;;;;
20251107;064018.592;;25314.25;25314.25;1;ASK;;;;;
20251107;064018.592;25313.25;;25313.25;1;BID;;;;;
20251107;064018.592;25313.50;;25313.50;1;BID;;;;;
20251107;064018.616;;25314.50;25314.50;1;ASK;;;;;
20251107;064018.668;;25314.25;25314.25;1;ASK;;;;;
20251107;064018.720;;25314.50;25314.50;1;ASK;;;;;
20251107;064018.772;;25314.25;25314.25;1;ASK;;;;;
20251107;064018.828;;25314.50;25314.50;1;ASK;;;;;
20251107;064018.856;25313.75;;25313.75;1;BID;;;;;
20251107;064018.856;;25314.25;25314.25;1;ASK;;;;;
20251107;064018.856;;25314.50;25314.50;1;ASK;;;;;
20251107;064018.856;25313.50;;25313.50;1;BID;;;;;
20251107;064018.920;;25314.25;25314.25;1;ASK;;;;;
20251107;064019.188;25313.25;;25313.25;1;BID;;;;;
20251107;064019.188;;25314.25;25314.25;2;ASK;;;;;
20251107;064019.188;;25314.00;25314.00;1;ASK;;;;;
20251107;064019.192;;25314.25;25314.25;2;ASK;;;;;
20251107;064019.248;;25314.00;25314.00;1;ASK;;;;;
20251107;064019.252;;25314.25;25314.25;2;ASK;;;;;
20251107;064019.348;25313.50;;25313.50;1;BID;;;;;
20251107;064019.348;;25314.25;25314.25;1;ASK;;;;;
20251107;064019.348;;25314.50;25314.50;2;ASK;;;;;
20251107;064019.352;;25314.50;25314.50;1;ASK;;;;;
20251107;064019.352;;25314.75;25314.75;2;ASK;;;;;
20251107;064019.352;25313.75;;25313.75;1;BID;;;;;
20251107;064019.352;;25314.75;25314.75;1;ASK;;;;;
20251107;064019.352;25314.00;;25314.00;1;BID;;;;;
20251107;064019.352;25313.75;;25313.75;1;BID;;;;;
20251107;064019.352;;25314.50;25314.50;1;ASK;;;;;
20251107;064019.352;25313.50;;25313.50;1;BID;;;;;
20251107;064019.356;25313.75;;25313.75;1;BID;;;;;
20251107;064019.356;;25314.75;25314.75;1;ASK;;;;;
20251107;064019.356;25314.00;;25314.00;1;BID;;;;;
20251107;064019.356;25313.75;;25313.75;1;BID;;;;;
20251107;064019.360;;25315.00;25315.00;3;ASK;;;;;
20251107;064019.360;;25315.00;25315.00;2;ASK;;;;;
20251107;064019.360;25314.00;;25314.00;1;BID;;;;;
20251107;064019.360;25314.25;;25314.25;1;BID;;;;;
20251107;064019.360;25314.00;;25314.00;1;BID;;;;;
20251107;064019.400;;25314.75;25314.75;1;ASK;;;;;
20251107;064019.420;25313.75;;25313.75;1;BID;;;;;
20251107;064019.484;25314.00;;25314.00;1;BID;;;;;
20251107;064019.484;;25315.00;25315.00;2;ASK;;;;;
20251107;064019.484;;25314.75;25314.75;1;ASK;;;;;
20251107;064019.484;25313.75;;25313.75;1;BID;;;;;
20251107;064019.484;;25314.50;25314.50;1;ASK;;;;;
20251107;064019.484;;25314.75;25314.75;1;ASK;;;;;
20251107;064019.520;;25314.50;25314.50;1;ASK;;;;;
20251107;064019.520;25313.50;;25313.50;2;BID;;;;;
20251107;064019.520;25313.50;;25313.50;1;BID;;;;;
20251107;064019.624;;25314.50;25314.50;2;ASK;;;;;
20251107;064019.624;;25314.25;25314.25;1;ASK;;;;;
20251107;064019.624;25313.25;;25313.25;1;BID;;;;;
20251107;064019.644;;25314.00;25314.00;1;ASK;;;;;
20251107;064019.648;;25314.25;25314.25;1;ASK;;;;;
20251107;064019.648;25313.50;;25313.50;1;BID;;;;;
20251107;064019.688;25313.25;;25313.25;1;BID;;;;;
20251107;064019.688;;25314.00;25314.00;1;ASK;;;;;
20251107;064019.696;;25314.25;25314.25;1;ASK;;;;;
20251107;064019.732;;25314.25;25314.25;2;ASK;;;;;
20251107;064019.732;;25314.00;25314.00;1;ASK;;;;;
20251107;064019.732;25313.00;;25313.00;6;BID;;;;;
20251107;064019.732;25313.00;;25313.00;5;BID;;;;;
20251107;064019.732;25313.25;;25313.25;1;BID;;;;;
20251107;064020.060;;25314.25;25314.25;1;ASK;;;;;
20251107;064020.060;;25314.00;25314.00;1;ASK;;;;;
20251107;064020.248;;25314.25;25314.25;1;ASK;;;;;
20251107;064020.352;;25314.25;25314.25;2;ASK;;;;;
20251107;064020.352;;25314.00;25314.00;1;ASK;;;;;
20251107;064020.840;;25314.25;25314.25;1;ASK;;;;;
20251107;064021.120;;25314.25;25314.25;1;ASK;;;;;
20251107;064021.120;;25314.50;25314.50;1;ASK;;;;;
20251107;064021.120;;25314.50;25314.50;1;ASK;;;;;
20251107;064021.120;;25314.75;25314.75;1;ASK;;;;;
20251107;064021.120;;25314.75;25314.75;7;ASK;;;;;
20251107;064021.120;;25315.00;25315.00;2;ASK;;;;;
20251107;064021.124;25314.75;;25314.75;5;BID;;;;;
20251107;064021.124;25314.75;;25314.75;2;BID;;;;;
20251107;064021.124;25314.75;;25314.75;2;BID;;;;;
20251107;064021.124;25313.50;;25313.50;1;BID;;;;;
20251107;064021.124;;25315.00;25315.00;1;ASK;;;;;
20251107;064021.124;;25315.50;25315.50;2;ASK;;;;;
20251107;064021.124;25313.50;;25313.50;2;BID;;;;;
20251107;064021.124;;25315.00;25315.00;1;ASK;;;;;
20251107;064021.124;25313.50;;25313.50;3;BID;;;;;
20251107;064021.124;25313.50;;25313.50;4;BID;;;;;
20251107;064021.124;25313.50;;25313.50;5;BID;;;;;
20251107;064021.124;25313.75;;25313.75;1;BID;;;;;
20251107;064021.124;25313.75;;25313.75;2;BID;;;;;
20251107;064021.124;25314.00;;25314.00;1;BID;;;;;
20251107;064021.124;25314.25;;25314.25;1;BID;;;;;
20251107;064021.128;25314.25;;25314.25;2;BID;;;;;
20251107;064021.144;25314.25;;25314.25;1;BID;;;;;
20251107;064021.148;25314.00;;25314.00;1;BID;;;;;
20251107;064021.148;25314.00;;25314.00;2;BID;;;;;
20251107;064021.196;25314.25;;25314.25;1;BID;;;;;
20251107;064021.236;;25315.00;25315.00;2;ASK;;;;;
20251107;064021.240;25314.00;;25314.00;1;BID;;;;;
20251107;064021.240;;25315.00;25315.00;1;ASK;;;;;
20251107;064021.276;25314.25;;25314.25;1;BID;;;;;
20251107;064021.552;25314.25;;25314.25;1;BID;;;;;
20251107;064021.552;25314.00;;25314.00;1;BID;;;;;
20251107;064021.556;;25314.75;25314.75;1;ASK;;;;;
20251107;064021.556;25313.75;;25313.75;3;BID;;;;;
20251107;064021.556;25313.75;;25313.75;2;BID;;;;;
20251107;064021.556;25314.00;;25314.00;1;BID;;;;;
20251107;064021.556;;25315.00;25315.00;1;ASK;;;;;
20251107;064021.556;25314.25;;25314.25;1;BID;;;;;
20251107;064021.648;25314.00;;25314.00;1;BID;;;;;
20251107;064021.684;;25315.00;25315.00;2;ASK;;;;;
20251107;064021.684;;25314.75;25314.75;1;ASK;;;;;
20251107;064021.684;25313.75;;25313.75;3;BID;;;;;
20251107;064021.684;25313.75;;25313.75;2;BID;;;;;
20251107;064021.684;25313.75;;25313.75;1;BID;;;;;
20251107;064021.688;25314.00;;25314.00;1;BID;;;;;
20251107;064021.688;;25315.00;25315.00;2;ASK;;;;;
20251107;064021.688;;25315.00;25315.00;1;ASK;;;;;
20251107;064021.700;;25315.00;25315.00;2;ASK;;;;;
20251107;064021.700;;25314.75;25314.75;1;ASK;;;;;
20251107;064021.832;;25315.00;25315.00;2;ASK;;;;;
20251107;064021.832;;25315.00;25315.00;1;ASK;;;;;
20251107;064021.968;25314.25;;25314.25;1;BID;;;;;
20251107;064022.072;25314.00;;25314.00;1;BID;;;;;
20251107;064022.104;;25315.00;25315.00;2;ASK;;;;;
20251107;064022.104;;25314.75;25314.75;1;ASK;;;;;
20251107;064022.104;25313.75;;25313.75;2;BID;;;;;
20251107;064022.104;25313.75;;25313.75;1;BID;;;;;
20251107;064022.104;25314.00;;25314.00;1;BID;;;;;
20251107;064022.104;;25315.00;25315.00;1;ASK;;;;;
20251107;064022.276;25314.25;;25314.25;1;BID;;;;;
20251107;064022.488;25314.50;;25314.50;11;BID;;;;;
20251107;064022.488;;25315.00;25315.00;1;ASK;;;;;
20251107;064022.488;;25315.25;25315.25;1;ASK;;;;;
20251107;064022.488;;25315.25;25315.25;1;ASK;;;;;
20251107;064022.488;;25315.50;25315.50;3;ASK;;;;;
20251107;064022.488;;25315.50;25315.50;2;ASK;;;;;
20251107;064022.488;25314.75;;25314.75;1;BID;;;;;
20251107;064022.488;;25315.50;25315.50;1;ASK;;;;;
20251107;064022.488;;25315.75;25315.75;1;ASK;;;;;
20251107;064022.488;;25316.00;25316.00;3;ASK;;;;;
20251107;064022.488;25314.75;;25314.75;2;BID;;;;;
20251107;064022.488;25314.75;;25314.75;3;BID;;;;;
20251107;064022.488;25315.00;;25315.00;1;BID;;;;;
20251107;064022.488;;25315.75;25315.75;1;ASK;;;;;
20251107;064022.488;;25316.00;25316.00;3;ASK;;;;;
20251107;064022.488;25314.75;;25314.75;2;BID;;;;;
20251107;064022.488;;25315.75;25315.75;1;ASK;;;;;
20251107;064022.488;25315.00;;25315.00;1;BID;;;;;
20251107;064022.488;25314.75;;25314.75;2;BID;;;;;
20251107;064022.488;;25315.50;25315.50;1;ASK;;;;;
20251107;064022.488;25314.75;;25314.75;1;BID;;;;;
20251107;064022.488;25314.50;;25314.50;11;BID;;;;;
20251107;064022.492;25314.75;;25314.75;1;BID;;;;;
20251107;064022.492;;25315.75;25315.75;2;ASK;;;;;
20251107;064022.492;25314.75;;25314.75;2;BID;;;;;
20251107;064022.492;25315.00;;25315.00;1;BID;;;;;
20251107;064022.492;;25315.75;25315.75;1;ASK;;;;;
20251107;064022.492;;25316.00;25316.00;4;ASK;;;;;
20251107;064022.492;;25316.00;25316.00;3;ASK;;;;;
20251107;064022.496;;25315.75;25315.75;1;ASK;;;;;
20251107;064022.496;25314.75;;25314.75;2;BID;;;;;
20251107;064022.496;25314.75;;25314.75;1;BID;;;;;
20251107;064022.524;25315.00;;25315.00;1;BID;;;;;
20251107;064022.552;25314.75;;25314.75;1;BID;;;;;
20251107;064022.568;;25315.50;25315.50;1;ASK;;;;;
20251107;064022.568;;25315.75;25315.75;2;ASK;;;;;
20251107;064022.568;;25315.75;25315.75;1;ASK;;;;;
20251107;064022.604;;25315.75;25315.75;2;ASK;;;;;
20251107;064022.604;;25315.50;25315.50;1;ASK;;;;;
20251107;064022.620;;25315.50;25315.50;2;ASK;;;;;
20251107;064022.704;25314.50;;25314.50;11;BID;;;;;
20251107;064022.704;;25315.25;25315.25;1;ASK;;;;;
20251107;064022.764;25314.75;;25314.75;1;BID;;;;;
20251107;064022.764;;25315.50;25315.50;2;ASK;;;;;
20251107;064022.820;25314.50;;25314.50;11;BID;;;;;
20251107;064022.820;;25315.25;25315.25;1;ASK;;;;;
20251107;064023.140;;25315.50;25315.50;2;ASK;;;;;
20251107;064023.256;25314.75;;25314.75;1;BID;;;;;
20251107;064023.424;25314.75;;25314.75;1;BID;;;;;
20251107;064023.424;25314.50;;25314.50;11;BID;;;;;
20251107;064023.424;;25315.25;25315.25;1;ASK;;;;;
20251107;064023.788;;25315.50;25315.50;2;ASK;;;;;
20251107;064023.880;;25315.50;25315.50;3;ASK;;;;;
20251107;064023.880;;25315.25;25315.25;1;ASK;;;;;
20251107;064024.068;;25315.25;25315.25;2;ASK;;;;;
20251107;064024.236;;25315.25;25315.25;1;ASK;;;;;
20251107;064024.236;;25315.25;25315.25;1;ASK;;;;;
20251107;064024.236;;25315.50;25315.50;1;ASK;;;;;
20251107;064024.236;;25315.50;25315.50;1;ASK;;;;;
20251107;064024.236;;25315.50;25315.50;1;ASK;;;;;
20251107;064024.236;;25315.50;25315.50;6;ASK;;;;;
20251107;064024.236;;25315.75;25315.75;2;ASK;;;;;
20251107;064024.236;;25315.75;25315.75;1;ASK;;;;;
20251107;064024.236;;25316.00;25316.00;4;ASK;;;;;
20251107;064024.236;25315.50;;25315.50;1;BID;;;;;
20251107;064024.236;25315.50;;25315.50;5;BID;;;;;
20251107;064024.236;;25316.00;25316.00;3;ASK;;;;;
20251107;064024.236;25315.75;;25315.75;1;BID;;;;;
20251107;064024.236;25315.50;;25315.50;5;BID;;;;;
20251107;064024.236;;25316.00;25316.00;1;ASK;;;;;
20251107;064024.236;;25316.00;25316.00;2;ASK;;;;;
20251107;064024.236;;25316.25;25316.25;1;ASK;;;;;
20251107;064024.236;25315.50;;25315.50;1;BID;;;;;
20251107;064024.236;25315.50;;25315.50;4;BID;;;;;
20251107;064024.236;;25316.50;25316.50;2;ASK;;;;;
20251107;064024.236;25315.50;;25315.50;4;BID;;;;;
20251107;064024.236;25314.75;;25314.75;1;BID;;;;;
20251107;064024.236;;25315.00;25315.00;6;ASK;;;;;
20251107;064024.240;;25315.00;25315.00;1;ASK;;;;;
20251107;064024.240;;25315.00;25315.00;5;ASK;;;;;
20251107;064024.240;25314.75;;25314.75;2;BID;;;;;
20251107;064024.240;25314.75;;25314.75;3;BID;;;;;
20251107;064024.240;25314.75;;25314.75;4;BID;;;;;
20251107;064024.240;;25315.00;25315.00;2;ASK;;;;;
20251107;064024.240;;25315.00;25315.00;3;ASK;;;;;
20251107;064024.240;;25315.00;25315.00;2;ASK;;;;;
20251107;064024.240;;25315.00;25315.00;1;ASK;;;;;
20251107;064024.240;;25315.00;25315.00;1;ASK;;;;;
20251107;064024.240;;25316.25;25316.25;1;ASK;;;;;
20251107;064024.240;25314.75;;25314.75;3;BID;;;;;
20251107;064024.240;25314.75;;25314.75;2;BID;;;;;
20251107;064024.240;25314.75;;25314.75;1;BID;;;;;
20251107;064024.240;25315.25;;25315.25;1;BID;;;;;
20251107;064024.240;;25316.25;25316.25;2;ASK;;;;;
20251107;064024.240;;25316.25;25316.25;3;ASK;;;;;
20251107;064024.240;;25316.25;25316.25;4;ASK;;;;;
20251107;064024.240;;25316.25;25316.25;5;ASK;;;;;
20251107;064024.240;;25316.00;25316.00;1;ASK;;;;;
20251107;064024.240;;25316.00;25316.00;2;ASK;;;;;
20251107;064024.240;25315.25;;25315.25;1;BID;;;;;
20251107;064024.240;25314.75;;25314.75;1;BID;;;;;
20251107;064024.240;;25316.00;25316.00;3;ASK;;;;;
20251107;064024.244;;25315.75;25315.75;1;ASK;;;;;
20251107;064024.244;;25315.50;25315.50;1;ASK;;;;;
20251107;064024.244;;25315.75;25315.75;1;ASK;;;;;
20251107;064024.244;25315.00;;25315.00;1;BID;;;;;
20251107;064024.244;25315.00;;25315.00;1;BID;;;;;
20251107;064024.244;25314.75;;25314.75;1;BID;;;;;
20251107;064024.244;;25315.50;25315.50;1;ASK;;;;;
20251107;064024.244;25314.75;;25314.75;1;BID;;;;;
20251107;064024.244;25314.50;;25314.50;12;BID;;;;;
20251107;064024.244;;25315.25;25315.25;1;ASK;;;;;
20251107;064024.244;25314.50;;25314.50;11;BID;;;;;
20251107;064024.244;;25315.50;25315.50;2;ASK;;;;;
20251107;064024.244;25314.75;;25314.75;1;BID;;;;;
20251107;064024.244;25314.75;;25314.75;1;BID;;;;;
20251107;064024.244;25314.50;;25314.50;11;BID;;;;;
20251107;064024.248;;25315.25;25315.25;1;ASK;;;;;
20251107;064024.248;;25315.50;25315.50;2;ASK;;;;;
20251107;064024.248;25314.75;;25314.75;1;BID;;;;;
20251107;064024.248;;25315.50;25315.50;3;ASK;;;;;
20251107;064024.248;25314.50;;25314.50;11;BID;;;;;
20251107;064024.248;;25315.25;25315.25;1;ASK;;;;;
20251107;064024.252;;25315.50;25315.50;3;ASK;;;;;
20251107;064024.292;25314.75;;25314.75;1;BID;;;;;
20251107;064024.292;;25315.50;25315.50;2;ASK;;;;;
20251107;064024.292;;25315.50;25315.50;1;ASK;;;;;
20251107;064024.292;;25315.75;25315.75;3;ASK;;;;;
20251107;064024.296;;25315.75;25315.75;2;ASK;;;;;
20251107;064024.296;;25315.50;25315.50;1;ASK;;;;;
20251107;064024.296;25314.50;;25314.50;11;BID;;;;;
20251107;064024.364;;25315.50;25315.50;2;ASK;;;;;
20251107;064024.364;;25315.50;25315.50;3;ASK;;;;;
20251107;064024.428;25314.75;;25314.75;1;BID;;;;;
20251107;064024.428;;25315.50;25315.50;2;ASK;;;;;
20251107;064024.432;25314.75;;25314.75;2;BID;;;;;
20251107;064024.432;25314.75;;25314.75;1;BID;;;;;
20251107;064024.440;;25315.50;25315.50;3;ASK;;;;;
20251107;064024.488;;25315.25;25315.25;1;ASK;;;;;
20251107;064024.488;25314.75;;25314.75;1;BID;;;;;
20251107;064024.488;25314.50;;25314.50;11;BID;;;;;
20251107;064024.488;;25315.50;25315.50;3;ASK;;;;;
20251107;064024.488;;25315.00;25315.00;1;ASK;;;;;
20251107;064024.488;25314.50;;25314.50;11;BID;;;;;
20251107;064024.488;25314.25;;25314.25;2;BID;;;;;
20251107;064024.488;;25315.50;25315.50;2;ASK;;;;;
20251107;064024.488;;25315.25;25315.25;1;ASK;;;;;
20251107;064024.488;;25314.75;25314.75;1;ASK;;;;;
20251107;064024.488;25314.25;;25314.25;1;BID;;;;;
20251107;064024.488;25314.25;;25314.25;1;BID;;;;;
20251107;064024.488;25314.00;;25314.00;1;BID;;;;;
20251107;064024.488;;25315.00;25315.00;2;ASK;;;;;
20251107;064024.488;25313.50;;25313.50;4;BID;;;;;
20251107;064024.488;;25315.00;25315.00;3;ASK;;;;;
20251107;064024.488;25313.50;;25313.50;3;BID;;;;;
20251107;064024.488;;25314.50;25314.50;1;ASK;;;;;
20251107;064024.488;;25315.00;25315.00;2;ASK;;;;;
20251107;064024.488;25313.75;;25313.75;1;BID;;;;;
20251107;064024.488;;25315.00;25315.00;3;ASK;;;;;
20251107;064024.488;;25314.75;25314.75;1;ASK;;;;;
20251107;064024.488;;25314.75;25314.75;2;ASK;;;;;
20251107;064024.488;;25314.50;25314.50;1;ASK;;;;;
20251107;064024.488;;25314.75;25314.75;1;ASK;;;;;
20251107;064024.504;;25314.75;25314.75;2;ASK;;;;;
20251107;064024.504;;25314.50;25314.50;1;ASK;;;;;
20251107;064024.536;;25314.75;25314.75;1;ASK;;;;;
20251107;064024.536;25314.00;;25314.00;1;BID;;;;;
20251107;064024.560;25313.75;;25313.75;1;BID;;;;;
20251107;064024.636;;25314.75;25314.75;2;ASK;;;;;
20251107;064024.636;;25314.50;25314.50;1;ASK;;;;;
20251107;064024.652;25313.50;;25313.50;4;BID;;;;;
20251107;064024.652;25313.50;;25313.50;3;BID;;;;;
20251107;064024.652;;25314.50;25314.50;2;ASK;;;;;
20251107;064024.776;25313.75;;25313.75;1;BID;;;;;
20251107;064024.776;;25314.50;25314.50;1;ASK;;;;;
20251107;064025.096;25314.00;;25314.00;1;BID;;;;;
20251107;064025.096;25314.00;;25314.00;2;BID;;;;;
20251107;064025.096;25314.00;;25314.00;1;BID;;;;;
20251107;064025.096;25314.25;;25314.25;1;BID;;;;;
20251107;064025.096;25314.00;;25314.00;1;BID;;;;;
20251107;064025.280;;25314.50;25314.50;1;ASK;;;;;
20251107;064025.280;;25315.00;25315.00;1;ASK;;;;;
20251107;064025.280;25314.25;;25314.25;1;BID;;;;;
20251107;064025.280;;25315.25;25315.25;4;ASK;;;;;
20251107;064025.280;;25315.25;25315.25;3;ASK;;;;;
20251107;064025.280;;25315.25;25315.25;2;ASK;;;;;
20251107;064025.280;;25315.25;25315.25;1;ASK;;;;;
20251107;064025.284;25314.50;;25314.50;1;BID;;;;;
20251107;064025.348;;25315.50;25315.50;3;ASK;;;;;
20251107;064025.348;;25315.50;25315.50;2;ASK;;;;;
20251107;064025.348;;25315.50;25315.50;1;ASK;;;;;
20251107;064025.348;;25315.75;25315.75;3;ASK;;;;;
20251107;064025.348;;25315.75;25315.75;2;ASK;;;;;
20251107;064025.348;;25315.75;25315.75;1;ASK;;;;;
20251107;064025.348;;25315.75;25315.75;2;ASK;;;;;
20251107;064025.348;25314.75;;25314.75;1;BID;;;;;
20251107;064025.348;;25315.50;25315.50;1;ASK;;;;;
20251107;064025.348;25314.50;;25314.50;1;BID;;;;;
20251107;064025.424;25314.75;;25314.75;1;BID;;;;;
20251107;064025.488;;25315.50;25315.50;2;ASK;;;;;
20251107;064025.488;;25315.25;25315.25;1;ASK;;;;;
20251107;064025.488;25314.50;;25314.50;1;BID;;;;;
20251107;064025.488;25314.25;;25314.25;1;BID;;;;;
20251107;064025.488;25314.25;;25314.25;2;BID;;;;;
20251107;064025.488;25314.50;;25314.50;1;BID;;;;;
20251107;064025.492;;25315.50;25315.50;2;ASK;;;;;
20251107;064025.660;;25315.50;25315.50;1;ASK;;;;;
20251107;064025.660;;25315.50;25315.50;1;ASK;;;;;
20251107;064025.660;;25315.50;25315.50;9;ASK;;;;;
20251107;064025.660;;25315.75;25315.75;2;ASK;;;;;
20251107;064025.660;;25315.75;25315.75;1;ASK;;;;;
20251107;064025.660;;25316.00;25316.00;1;ASK;;;;;
20251107;064025.660;;25316.25;25316.25;1;ASK;;;;;
20251107;064025.660;25315.75;;25315.75;1;BID;;;;;
20251107;064025.660;;25316.50;25316.50;1;ASK;;;;;
20251107;064025.660;25315.75;;25315.75;2;BID;;;;;
20251107;064025.660;;25316.75;25316.75;4;ASK;;;;;
20251107;064025.660;25315.75;;25315.75;1;BID;;;;;
20251107;064025.660;;25316.25;25316.25;1;ASK;;;;;
20251107;064025.660;;25316.75;25316.75;5;ASK;;;;;
20251107;064025.660;;25316.50;25316.50;1;ASK;;;;;
20251107;064025.664;25315.50;;25315.50;9;BID;;;;;
20251107;064025.704;25315.75;;25315.75;1;BID;;;;;
20251107;064025.840;;25316.75;25316.75;5;ASK;;;;;
20251107;064025.840;;25316.75;25316.75;4;ASK;;;;;
20251107;064025.844;;25316.50;25316.50;1;ASK;;;;;
20251107;064025.964;;25316.50;25316.50;2;ASK;;;;;
20251107;064025.964;25315.50;;25315.50;9;BID;;;;;
20251107;064025.964;;25316.50;25316.50;3;ASK;;;;;
20251107;064025.964;;25316.25;25316.25;1;ASK;;;;;
20251107;064026.392;;25316.00;25316.00;1;ASK;;;;;
20251107;064026.392;;25316.25;25316.25;1;ASK;;;;;
20251107;064026.392;;25316.50;25316.50;4;ASK;;;;;
20251107;064026.392;;25316.50;25316.50;3;ASK;;;;;
20251107;064026.392;;25316.50;25316.50;2;ASK;;;;;
20251107;064026.392;25315.75;;25315.75;1;BID;;;;;
20251107;064026.396;25315.50;;25315.50;9;BID;;;;;
20251107;064026.400;25315.75;;25315.75;1;BID;;;;;
20251107;064026.548;25315.50;;25315.50;9;BID;;;;;
20251107;064026.548;;25316.25;25316.25;1;ASK;;;;;
20251107;064026.548;;25316.50;25316.50;2;ASK;;;;;
20251107;064026.548;;25316.50;25316.50;3;ASK;;;;;
20251107;064026.596;25315.75;;25315.75;1;BID;;;;;
20251107;064026.596;25315.50;;25315.50;9;BID;;;;;
20251107;064026.700;25315.75;;25315.75;1;BID;;;;;
20251107;064026.868;;25316.50;25316.50;2;ASK;;;;;
20251107;064027.004;;25316.50;25316.50;1;ASK;;;;;
20251107;064027.004;;25316.50;25316.50;1;ASK;;;;;
20251107;064027.004;;25316.75;25316.75;1;ASK;;;;;
20251107;064027.004;;25316.75;25316.75;1;ASK;;;;;
20251107;064027.004;;25316.75;25316.75;1;ASK;;;;;
20251107;064027.004;;25316.75;25316.75;1;ASK;;;;;
20251107;064027.004;;25316.75;25316.75;5;ASK;;;;;
20251107;064027.004;;25317.00;25317.00;11;ASK;;;;;
20251107;064027.004;;25317.00;25317.00;10;ASK;;;;;
20251107;064027.004;25316.75;;25316.75;2;BID;;;;;
20251107;064027.008;25316.75;;25316.75;3;BID;;;;;
20251107;064027.008;;25317.00;25317.00;1;ASK;;;;;
20251107;064027.008;;25317.00;25317.00;9;ASK;;;;;
20251107;064027.008;;25317.00;25317.00;5;ASK;;;;;
20251107;064027.008;;25317.00;25317.00;4;ASK;;;;;
20251107;064027.008;;25317.00;25317.00;4;ASK;;;;;
20251107;064027.008;;25318.00;25318.00;4;ASK;;;;;
20251107;064027.012;;25317.75;25317.75;1;ASK;;;;;
20251107;064027.012;25317.00;;25317.00;1;BID;;;;;
20251107;064027.012;;25318.00;25318.00;4;ASK;;;;;
20251107;064027.012;;25318.00;25318.00;3;ASK;;;;;
20251107;064027.012;;25318.00;25318.00;2;ASK;;;;;
20251107;064027.012;;25318.00;25318.00;1;ASK;;;;;
20251107;064027.012;;25317.75;25317.75;1;ASK;;;;;
20251107;064027.012;;25318.00;25318.00;1;ASK;;;;;
20251107;064027.016;25317.25;;25317.25;1;BID;;;;;
20251107;064027.016;25317.25;;25317.25;1;BID;;;;;
20251107;064027.016;25317.00;;25317.00;2;BID;;;;;
20251107;064027.016;;25318.00;25318.00;2;ASK;;;;;
20251107;064027.016;;25317.75;25317.75;1;ASK;;;;;
20251107;064027.016;25317.00;;25317.00;1;BID;;;;;
20251107;064027.016;;25318.00;25318.00;3;ASK;;;;;
20251107;064027.020;;25317.75;25317.75;1;ASK;;;;;
20251107;064027.020;;25318.00;25318.00;2;ASK;;;;;
20251107;064027.020;25317.25;;25317.25;1;BID;;;;;
20251107;064027.020;25317.25;;25317.25;1;BID;;;;;
20251107;064027.020;25317.00;;25317.00;1;BID;;;;;
20251107;064027.020;;25317.75;25317.75;1;ASK;;;;;
20251107;064027.020;25317.00;;25317.00;1;BID;;;;;
20251107;064027.020;25316.75;;25316.75;3;BID;;;;;
20251107;064027.020;;25317.75;25317.75;2;ASK;;;;;
20251107;064027.020;;25317.50;25317.50;1;ASK;;;;;
20251107;064027.020;25316.75;;25316.75;3;BID;;;;;
20251107;064027.020;25316.50;;25316.50;1;BID;;;;;
20251107;064027.020;;25317.50;25317.50;2;ASK;;;;;
20251107;064027.020;;25317.25;25317.25;1;ASK;;;;;
20251107;064027.020;;25317.25;25317.25;2;ASK;;;;;
20251107;064027.020;25316.25;;25316.25;1;BID;;;;;
20251107;064027.020;25316.00;;25316.00;2;BID;;;;;
20251107;064027.020;25316.00;;25316.00;1;BID;;;;;
20251107;064027.020;25316.00;;25316.00;2;BID;;;;;
20251107;064027.020;25316.50;;25316.50;1;BID;;;;;
20251107;064027.024;;25317.25;25317.25;1;ASK;;;;;
20251107;064027.024;;25317.25;25317.25;2;ASK;;;;;
20251107;064027.024;25316.25;;25316.25;1;BID;;;;;
20251107;064027.024;;25317.00;25317.00;1;ASK;;;;;
20251107;064027.028;;25317.25;25317.25;2;ASK;;;;;
20251107;064027.028;25316.25;;25316.25;2;BID;;;;;
20251107;064027.028;;25317.25;25317.25;1;ASK;;;;;
20251107;064027.028;25316.50;;25316.50;1;BID;;;;;
20251107;064027.044;25316.50;;25316.50;2;BID;;;;;
20251107;064027.044;;25317.50;25317.50;4;ASK;;;;;
20251107;064027.044;;25317.50;25317.50;3;ASK;;;;;
20251107;064027.044;;25317.50;25317.50;2;ASK;;;;;
20251107;064027.044;25316.75;;25316.75;1;BID;;;;;
20251107;064027.044;;25317.50;25317.50;1;ASK;;;;;
20251107;064027.044;;25317.75;25317.75;3;ASK;;;;;
20251107;064027.044;;25317.75;25317.75;2;ASK;;;;;
20251107;064027.044;25317.00;;25317.00;1;BID;;;;;
20251107;064027.044;25316.75;;25316.75;1;BID;;;;;
20251107;064027.044;;25317.50;25317.50;1;ASK;;;;;
20251107;064027.044;;25317.75;25317.75;2;ASK;;;;;
20251107;064027.056;;25317.75;25317.75;1;ASK;;;;;
20251107;064027.056;;25317.75;25317.75;1;ASK;;;;;
20251107;064027.056;;25318.00;25318.00;4;ASK;;;;;
20251107;064027.056;25316.75;;25316.75;2;BID;;;;;
20251107;064027.056;25317.00;;25317.00;1;BID;;;;;
20251107;064027.056;;25318.00;25318.00;3;ASK;;;;;
20251107;064027.056;;25318.00;25318.00;2;ASK;;;;;
20251107;064027.056;;25318.00;25318.00;1;ASK;;;;;
20251107;064027.056;25317.00;;25317.00;2;BID;;;;;
20251107;064027.056;25317.25;;25317.25;1;BID;;;;;
20251107;064027.060;25317.25;;25317.25;1;BID;;;;;
20251107;064027.060;25317.00;;25317.00;1;BID;;;;;
20251107;064027.060;25317.00;;25317.00;2;BID;;;;;
20251107;064027.060;;25318.00;25318.00;2;ASK;;;;;
20251107;064027.060;;25317.75;25317.75;1;ASK;;;;;
20251107;064027.060;25317.00;;25317.00;1;BID;;;;;
20251107;064027.060;25316.75;;25316.75;2;BID;;;;;
20251107;064027.060;25316.75;;25316.75;1;BID;;;;;
20251107;064027.060;;25317.50;25317.50;1;ASK;;;;;
20251107;064027.060;;25317.75;25317.75;1;ASK;;;;;
20251107;064027.064;25316.75;;25316.75;2;BID;;;;;
20251107;064027.072;25316.75;;25316.75;3;BID;;;;;
20251107;064027.076;25316.75;;25316.75;2;BID;;;;;
20251107;064027.076;;25317.75;25317.75;2;ASK;;;;;
20251107;064027.076;25316.75;;25316.75;1;BID;;;;;
20251107;064027.076;;25317.50;25317.50;1;ASK;;;;;
20251107;064027.080;;25317.75;25317.75;1;ASK;;;;;
20251107;064027.092;;25317.75;25317.75;2;ASK;;;;;
20251107;064027.092;;25317.50;25317.50;1;ASK;;;;;
20251107;064027.100;;25317.50;25317.50;2;ASK;;;;;
20251107;064027.172;;25317.50;25317.50;1;ASK;;;;;
20251107;064027.284;;25317.50;25317.50;2;ASK;;;;;
20251107;064027.284;;25317.25;25317.25;1;ASK;;;;;
20251107;064027.284;25316.50;;25316.50;2;BID;;;;;
20251107;064027.284;25316.50;;25316.50;1;BID;;;;;
20251107;064027.284;;25317.50;25317.50;1;ASK;;;;;
20251107;064027.284;;25317.25;25317.25;1;ASK;;;;;
20251107;064027.284;;25317.50;25317.50;1;ASK;;;;;
20251107;064027.284;25316.50;;25316.50;2;BID;;;;;
20251107;064027.296;;25317.25;25317.25;1;ASK;;;;;
20251107;064027.296;25316.50;;25316.50;1;BID;;;;;
20251107;064027.972;25316.25;;25316.25;1;BID;;;;;
20251107;064027.972;;25317.25;25317.25;2;ASK;;;;;
20251107;064027.972;;25317.00;25317.00;1;ASK;;;;;
20251107;064028.020;;25317.00;25317.00;2;ASK;;;;;
20251107;064028.020;25316.00;;25316.00;2;BID;;;;;
20251107;064028.020;25316.00;;25316.00;1;BID;;;;;
20251107;064028.024;;25316.75;25316.75;1;ASK;;;;;
20251107;064028.356;;25316.75;25316.75;1;ASK;;;;;
20251107;064028.356;;25316.75;25316.75;10;ASK;;;;;
20251107;064028.356;;25317.00;25317.00;2;ASK;;;;;
20251107;064028.356;;25317.00;25317.00;1;ASK;;;;;
20251107;064028.356;;25317.00;25317.00;1;ASK;;;;;
20251107;064028.356;;25317.00;25317.00;1;ASK;;;;;
20251107;064028.356;;25317.25;25317.25;2;ASK;;;;;
20251107;064028.360;;25317.25;25317.25;1;ASK;;;;;
20251107;064028.360;;25317.25;25317.25;1;ASK;;;;;
20251107;064028.360;;25317.50;25317.50;1;ASK;;;;;
20251107;064028.360;25317.00;;25317.00;1;BID;;;;;
20251107;064028.360;;25317.75;25317.75;1;ASK;;;;;
20251107;064028.360;25317.00;;25317.00;2;BID;;;;;
20251107;064028.360;;25318.00;25318.00;1;ASK;;;;;
20251107;064028.360;25317.25;;25317.25;1;BID;;;;;
20251107;064028.548;;25318.00;25318.00;2;ASK;;;;;
20251107;064028.548;25317.00;;25317.00;2;BID;;;;;
20251107;064028.548;;25317.75;25317.75;1;ASK;;;;;
20251107;064028.548;25317.00;;25317.00;1;BID;;;;;
20251107;064028.568;;25318.00;25318.00;2;ASK;;;;;
20251107;064028.576;25317.00;;25317.00;2;BID;;;;;
20251107;064028.576;25317.25;;25317.25;1;BID;;;;;
20251107;064028.776;;25317.75;25317.75;1;ASK;;;;;
20251107;064028.776;25317.00;;25317.00;2;BID;;;;;
20251107;064028.776;25317.00;;25317.00;1;BID;;;;;
20251107;064028.776;25317.00;;25317.00;2;BID;;;;;
20251107;064028.780;;25318.00;25318.00;2;ASK;;;;;
20251107;064028.780;25317.00;;25317.00;1;BID;;;;;
20251107;064028.788;;25317.75;25317.75;1;ASK;;;;;
20251107;064028.968;;25317.50;25317.50;1;ASK;;;;;
20251107;064028.968;25316.75;;25316.75;11;BID;;;;;
20251107;064028.968;25316.75;;25316.75;10;BID;;;;;
20251107;064028.968;;25317.50;25317.50;2;ASK;;;;;
20251107;064028.968;;25317.50;25317.50;1;ASK;;;;;
20251107;064029.016;;25317.50;25317.50;2;ASK;;;;;
20251107;064029.016;;25317.25;25317.25;1;ASK;;;;;
20251107;064029.020;;25317.25;25317.25;2;ASK;;;;;
20251107;064029.044;25316.75;;25316.75;1;BID;;;;;
20251107;064029.044;25316.75;;25316.75;9;BID;;;;;
20251107;064029.044;25316.75;;25316.75;6;BID;;;;;
20251107;064029.044;25316.75;;25316.75;3;BID;;;;;
20251107;064029.044;25316.75;;25316.75;1;BID;;;;;
20251107;064029.044;25316.75;;25316.75;2;BID;;;;;
20251107;064029.044;25316.75;;25316.75;2;BID;;;;;
20251107;064029.044;25316.50;;25316.50;1;BID;;;;;
20251107;064029.044;;25317.00;25317.00;1;ASK;;;;;
20251107;064029.044;;25317.00;25317.00;2;ASK;;;;;
20251107;064029.044;25316.50;;25316.50;1;BID;;;;;
20251107;064029.044;25316.25;;25316.25;2;BID;;;;;
20251107;064029.044;;25317.00;25317.00;3;ASK;;;;;
20251107;064029.044;;25317.00;25317.00;4;ASK;;;;;
20251107;064029.044;25316.25;;25316.25;1;BID;;;;;
20251107;064029.044;;25316.75;25316.75;1;ASK;;;;;
20251107;064029.044;25316.00;;25316.00;2;BID;;;;;
20251107;064029.044;;25316.75;25316.75;2;ASK;;;;;
20251107;064029.068;25316.00;;25316.00;1;BID;;;;;
20251107;064029.068;;25316.50;25316.50;1;ASK;;;;;
20251107;064029.068;;25316.50;25316.50;2;ASK;;;;;
20251107;064029.068;;25316.50;25316.50;1;ASK;;;;;
20251107;064029.068;;25316.50;25316.50;1;ASK;;;;;
20251107;064029.068;;25316.75;25316.75;2;ASK;;;;;
20251107;064029.068;25316.25;;25316.25;1;BID;;;;;
20251107;064029.068;;25316.75;25316.75;1;ASK;;;;;
20251107;064029.072;25316.00;;25316.00;2;BID;;;;;
20251107;064029.104;25316.25;;25316.25;1;BID;;;;;
20251107;064029.200;25316.00;;25316.00;2;BID;;;;;
20251107;064029.216;;25316.75;25316.75;2;ASK;;;;;
20251107;064029.216;25316.00;;25316.00;1;BID;;;;;
20251107;064029.216;;25316.75;25316.75;3;ASK;;;;;
20251107;064029.248;;25316.50;25316.50;1;ASK;;;;;
20251107;064029.252;25316.00;;25316.00;1;BID;;;;;
20251107;064029.252;25315.75;;25315.75;2;BID;;;;;
20251107;064029.252;;25316.50;25316.50;2;ASK;;;;;
20251107;064029.252;;25316.50;25316.50;3;ASK;;;;;
20251107;064029.252;;25316.25;25316.25;1;ASK;;;;;
20251107;064029.252;25315.75;;25315.75;1;BID;;;;;
20251107;064029.252;25315.50;;25315.50;9;BID;;;;;
20251107;064029.252;;25316.50;25316.50;4;ASK;;;;;
20251107;064029.252;;25316.25;25316.25;1;ASK;;;;;
20251107;064029.252;;25316.25;25316.25;2;ASK;;;;;
20251107;064029.252;;25316.25;25316.25;3;ASK;;;;;
20251107;064029.252;;25316.25;25316.25;2;ASK;;;;;
20251107;064029.428;;25316.25;25316.25;3;ASK;;;;;
20251107;064029.428;25315.50;;25315.50;4;BID;;;;;
20251107;064029.428;25315.50;;25315.50;5;BID;;;;;
20251107;064029.428;25315.50;;25315.50;3;BID;;;;;
20251107;064029.428;25315.50;;25315.50;2;BID;;;;;
20251107;064029.428;25315.50;;25315.50;2;BID;;;;;
20251107;064029.428;25315.25;;25315.25;1;BID;;;;;
20251107;064029.428;;25316.00;25316.00;1;ASK;;;;;
20251107;064029.428;;25316.00;25316.00;2;ASK;;;;;
20251107;064029.428;25315.25;;25315.25;1;BID;;;;;
20251107;064029.428;25314.75;;25314.75;3;BID;;;;;
20251107;064029.428;;25316.00;25316.00;3;ASK;;;;;
20251107;064029.428;;25315.75;25315.75;1;ASK;;;;;
20251107;064029.428;;25315.75;25315.75;2;ASK;;;;;
20251107;064029.428;;25315.75;25315.75;3;ASK;;;;;
20251107;064029.428;25314.75;;25314.75;2;BID;;;;;
20251107;064029.428;25314.75;;25314.75;1;BID;;;;;
20251107;064029.428;;25315.75;25315.75;4;ASK;;;;;
20251107;064029.428;;25315.50;25315.50;1;ASK;;;;;
20251107;064029.432;;25315.25;25315.25;1;ASK;;;;;
20251107;064029.432;;25315.25;25315.25;1;ASK;;;;;
20251107;064029.432;;25315.75;25315.75;4;ASK;;;;;
20251107;064029.432;25314.75;;25314.75;2;BID;;;;;
20251107;064029.432;25315.00;;25315.00;1;BID;;;;;
20251107;064029.432;;25315.75;25315.75;3;ASK;;;;;
20251107;064029.432;;25315.75;25315.75;2;ASK;;;;;
20251107;064029.436;;25315.75;25315.75;1;ASK;;;;;
20251107;064029.436;25314.75;;25314.75;2;BID;;;;;
20251107;064029.436;;25315.50;25315.50;1;ASK;;;;;
20251107;064029.436;;25315.75;25315.75;1;ASK;;;;;
20251107;064029.436;25315.00;;25315.00;1;BID;;;;;
20251107;064029.444;25314.75;;25314.75;2;BID;;;;;
20251107;064029.488;;25315.75;25315.75;2;ASK;;;;;
20251107;064029.520;25315.00;;25315.00;1;BID;;;;;
20251107;064029.520;;25315.75;25315.75;1;ASK;;;;;
20251107;064029.520;;25316.00;25316.00;3;ASK;;;;;
20251107;064029.520;25315.25;;25315.25;1;BID;;;;;
20251107;064029.520;;25316.00;25316.00;2;ASK;;;;;
20251107;064029.520;;25316.00;25316.00;1;ASK;;;;;
20251107;064029.520;;25316.25;25316.25;1;ASK;;;;;
20251107;064029.520;;25316.50;25316.50;2;ASK;;;;;
20251107;064029.520;;25316.50;25316.50;1;ASK;;;;;
20251107;064029.524;;25316.50;25316.50;2;ASK;;;;;
20251107;064029.524;;25316.50;25316.50;3;ASK;;;;;
20251107;064029.524;;25316.25;25316.25;1;ASK;;;;;
20251107;064029.524;;25316.25;25316.25;2;ASK;;;;;
20251107;064029.524;;25316.00;25316.00;1;ASK;;;;;
20251107;064029.528;;25316.25;25316.25;2;ASK;;;;;
20251107;064029.528;25315.50;;25315.50;1;BID;;;;;
20251107;064029.528;;25316.25;25316.25;1;ASK;;;;;
20251107;064029.528;25315.75;;25315.75;1;BID;;;;;
20251107;064029.528;;25316.50;25316.50;2;ASK;;;;;
20251107;064029.528;;25316.50;25316.50;1;ASK;;;;;
20251107;064029.532;;25316.25;25316.25;1;ASK;;;;;
20251107;064029.532;25315.50;;25315.50;1;BID;;;;;
20251107;064029.536;;25316.25;25316.25;2;ASK;;;;;
20251107;064029.576;25315.25;;25315.25;1;BID;;;;;
20251107;064029.576;;25316.00;25316.00;1;ASK;;;;;
20251107;064029.620;;25316.25;25316.25;2;ASK;;;;;
20251107;064029.620;25315.50;;25315.50;1;BID;;;;;
20251107;064029.632;25315.25;;25315.25;1;BID;;;;;
20251107;064029.632;;25316.00;25316.00;1;ASK;;;;;
20251107;064029.684;;25316.00;25316.00;1;ASK;;;;;
20251107;064029.684;;25316.25;25316.25;1;ASK;;;;;
20251107;064029.684;;25316.25;25316.25;1;ASK;;;;;
20251107;064029.684;;25316.50;25316.50;1;ASK;;;;;
20251107;064029.684;;25316.75;25316.75;1;ASK;;;;;
20251107;064029.684;;25316.75;25316.75;1;ASK;;;;;
20251107;064029.684;;25317.00;25317.00;1;ASK;;;;;
20251107;064029.684;;25317.00;25317.00;1;ASK;;;;;
20251107;064029.684;;25317.00;25317.00;1;ASK;;;;;
20251107;064029.684;;25317.25;25317.25;1;ASK;;;;;
20251107;064029.684;;25317.25;25317.25;1;ASK;;;;;
20251107;064029.684;;25317.25;25317.25;1;ASK;;;;;
20251107;064029.684;25315.50;;25315.50;1;BID;;;;;
20251107;064029.684;25315.50;;25315.50;2;BID;;;;;
20251107;064029.684;25315.50;;25315.50;3;BID;;;;;
20251107;064029.684;;25317.25;25317.25;2;ASK;;;;;
20251107;064029.684;;25317.25;25317.25;3;ASK;;;;;
20251107;064029.684;25315.50;;25315.50;4;BID;;;;;
20251107;064029.684;25315.50;;25315.50;5;BID;;;;;
20251107;064029.684;25315.75;;25315.75;1;BID;;;;;
20251107;064029.684;;25317.00;25317.00;1;ASK;;;;;
20251107;064029.684;;25317.00;25317.00;2;ASK;;;;;
20251107;064029.684;25315.50;;25315.50;4;BID;;;;;
20251107;064029.684;25315.75;;25315.75;1;BID;;;;;
20251107;064029.684;25315.75;;25315.75;2;BID;;;;;
20251107;064029.684;;25317.00;25317.00;3;ASK;;;;;
20251107;064029.684;;25317.00;25317.00;4;ASK;;;;;
20251107;064029.684;;25316.75;25316.75;1;ASK;;;;;
20251107;064029.684;25316.00;;25316.00;1;BID;;;;;
20251107;064029.684;25315.75;;25315.75;2;BID;;;;;
20251107;064029.684;;25316.50;25316.50;1;ASK;;;;;
20251107;064029.684;;25316.75;25316.75;2;ASK;;;;;
20251107;064029.684;25315.75;;25315.75;1;BID;;;;;
20251107;064029.692;;25316.75;25316.75;1;ASK;;;;;
20251107;064029.692;25316.00;;25316.00;1;BID;;;;;
20251107;064029.700;25316.00;;25316.00;2;BID;;;;;
20251107;064029.700;;25317.00;25317.00;5;ASK;;;;;
20251107;064029.700;;25317.00;25317.00;4;ASK;;;;;
20251107;064029.704;;25317.00;25317.00;3;ASK;;;;;
20251107;064029.704;25316.25;;25316.25;1;BID;;;;;
20251107;064029.704;;25317.00;25317.00;2;ASK;;;;;
20251107;064029.708;;25317.00;25317.00;1;ASK;;;;;
20251107;064029.708;;25317.25;25317.25;2;ASK;;;;;
20251107;064029.708;;25317.00;25317.00;1;ASK;;;;;
20251107;064029.712;25316.50;;25316.50;1;BID;;;;;
20251107;064029.712;;25317.50;25317.50;3;ASK;;;;;
20251107;064029.712;;25317.50;25317.50;2;ASK;;;;;
20251107;064029.712;;25317.50;25317.50;3;ASK;;;;;
20251107;064029.712;;25317.50;25317.50;2;ASK;;;;;
20251107;064029.712;;25317.25;25317.25;1;ASK;;;;;
20251107;064029.892;25316.25;;25316.25;1;BID;;;;;
20251107;064029.892;25316.25;;25316.25;2;BID;;;;;
20251107;064029.892;25316.50;;25316.50;1;BID;;;;;
20251107;064029.952;25316.50;;25316.50;1;BID;;;;;
20251107;064029.952;25316.25;;25316.25;2;BID;;;;;
20251107;064029.952;;25317.25;25317.25;2;ASK;;;;;
20251107;064029.952;;25317.00;25317.00;1;ASK;;;;;
20251107;064029.952;25316.25;;25316.25;1;BID;;;;;
20251107;064029.956;25316.00;;25316.00;1;BID;;;;;
20251107;064030.000;25316.25;;25316.25;1;BID;;;;;
20251107;064030.000;;25317.25;25317.25;2;ASK;;;;;
20251107;064030.000;;25317.25;25317.25;1;ASK;;;;;
20251107;064030.004;;25317.25;25317.25;2;ASK;;;;;
20251107;064030.068;;25317.00;25317.00;1;ASK;;;;;
20251107;064030.112;;25317.00;25317.00;2;ASK;;;;;
20251107;064030.160;25316.25;;25316.25;1;BID;;;;;
20251107;064030.160;25316.00;;25316.00;2;BID;;;;;
20251107;064030.160;;25316.75;25316.75;1;ASK;;;;;
20251107;064030.160;;25317.00;25317.00;2;ASK;;;;;
20251107;064030.160;25316.25;;25316.25;1;BID;;;;;
20251107;064030.212;25316.25;;25316.25;2;BID;;;;;
20251107;064030.288;25316.25;;25316.25;1;BID;;;;;
20251107;064030.288;;25317.00;25317.00;3;ASK;;;;;
20251107;064030.288;25316.00;;25316.00;2;BID;;;;;
20251107;064030.288;25316.00;;25316.00;1;BID;;;;;
20251107;064030.288;;25316.75;25316.75;1;ASK;;;;;
20251107;064030.288;;25317.00;25317.00;3;ASK;;;;;
20251107;064030.288;;25317.00;25317.00;2;ASK;;;;;
20251107;064030.292;;25317.00;25317.00;3;ASK;;;;;
20251107;064030.292;;25316.75;25316.75;1;ASK;;;;;
20251107;064030.292;25315.75;;25315.75;2;BID;;;;;
20251107;064030.292;25315.75;;25315.75;1;BID;;;;;
20251107;064030.296;25315.75;;25315.75;2;BID;;;;;
20251107;064030.296;25316.00;;25316.00;1;BID;;;;;
20251107;064030.296;25316.00;;25316.00;2;BID;;;;;
20251107;064030.320;25316.25;;25316.25;1;BID;;;;;
20251107;064030.320;;25316.75;25316.75;2;ASK;;;;;
20251107;064030.320;;25316.75;25316.75;1;ASK;;;;;
20251107;064030.320;25316.00;;25316.00;1;BID;;;;;
20251107;064030.320;;25317.00;25317.00;4;ASK;;;;;
20251107;064030.320;;25317.00;25317.00;3;ASK;;;;;
20251107;064030.320;;25317.00;25317.00;2;ASK;;;;;
20251107;064030.320;;25316.75;25316.75;1;ASK;;;;;
20251107;064030.532;;25316.75;25316.75;2;ASK;;;;;
20251107;064030.532;;25316.75;25316.75;3;ASK;;;;;
20251107;064030.532;;25316.50;25316.50;1;ASK;;;;;
20251107;064030.532;;25316.50;25316.50;2;ASK;;;;;
20251107;064030.536;;25316.50;25316.50;1;ASK;;;;;
20251107;064030.536;;25316.75;25316.75;3;ASK;;;;;
20251107;064030.536;;25316.75;25316.75;4;ASK;;;;;
20251107;064030.536;;25316.75;25316.75;3;ASK;;;;;
20251107;064030.536;25315.75;;25315.75;1;BID;;;;;
20251107;064030.536;;25316.75;25316.75;2;ASK;;;;;
20251107;064030.536;;25316.50;25316.50;1;ASK;;;;;
20251107;064030.536;;25316.75;25316.75;2;ASK;;;;;
20251107;064030.540;;25316.75;25316.75;3;ASK;;;;;
20251107;064030.540;;25316.50;25316.50;1;ASK;;;;;
20251107;064030.540;;25316.75;25316.75;3;ASK;;;;;
20251107;064030.540;25315.50;;25315.50;3;BID;;;;;
20251107;064030.540;;25316.75;25316.75;2;ASK;;;;;
20251107;064030.540;;25316.50;25316.50;1;ASK;;;;;
20251107;064030.540;25315.50;;25315.50;2;BID;;;;;
20251107;064030.540;25315.75;;25315.75;1;BID;;;;;
20251107;064030.540;25315.50;;25315.50;2;BID;;;;;
20251107;064030.540;25315.50;;25315.50;1;BID;;;;;
20251107;064030.540;;25316.25;25316.25;1;ASK;;;;;
20251107;064030.540;;25316.50;25316.50;1;ASK;;;;;
20251107;064030.540;25315.75;;25315.75;1;BID;;;;;
20251107;064030.544;;25316.50;25316.50;2;ASK;;;;;
20251107;064030.544;25315.50;;25315.50;1;BID;;;;;
20251107;064030.584;25315.75;;25315.75;1;BID;;;;;
20251107;064030.584;;25316.50;25316.50;1;ASK;;;;;
20251107;064030.584;;25316.50;25316.50;2;ASK;;;;;
20251107;064030.600;25315.50;;25315.50;1;BID;;;;;
20251107;064030.616;;25316.50;25316.50;3;ASK;;;;;
20251107;064030.616;;25316.25;25316.25;1;ASK;;;;;
20251107;064030.732;;25316.50;25316.50;3;ASK;;;;;
20251107;064030.732;;25316.50;25316.50;2;ASK;;;;;
20251107;064030.732;25315.75;;25315.75;1;BID;;;;;
20251107;064030.772;;25316.50;25316.50;3;ASK;;;;;
20251107;064030.772;25315.50;;25315.50;1;BID;;;;;
20251107;064030.772;;25316.25;25316.25;1;ASK;;;;;
20251107;064030.784;;25316.50;25316.50;3;ASK;;;;;
20251107;064030.784;;25316.50;25316.50;2;ASK;;;;;
20251107;064030.792;;25316.50;25316.50;3;ASK;;;;;
20251107;064030.816;25315.75;;25315.75;1;BID;;;;;
20251107;064030.816;;25316.50;25316.50;2;ASK;;;;;
20251107;064030.832;25316.00;;25316.00;1;BID;;;;;
20251107;064030.832;;25316.50;25316.50;1;ASK;;;;;
20251107;064030.836;25315.75;;25315.75;1;BID;;;;;
20251107;064030.948;;25316.50;25316.50;2;ASK;;;;;
20251107;064030.948;;25316.25;25316.25;1;ASK;;;;;
20251107;064030.948;25315.50;;25315.50;1;BID;;;;;
20251107;064030.948;;25316.50;25316.50;3;ASK;;;;;
20251107;064030.948;;25316.50;25316.50;2;ASK;;;;;
20251107;064030.948;;25316.50;25316.50;1;ASK;;;;;
20251107;064030.948;25315.75;;25315.75;1;BID;;;;;
20251107;064030.948;25315.50;;25315.50;2;BID;;;;;
20251107;064030.948;;25316.25;25316.25;1;ASK;;;;;
20251107;064030.948;25315.50;;25315.50;1;BID;;;;;
20251107;064031.344;;25316.25;25316.25;2;ASK;;;;;
20251107;064031.344;25315.25;;25315.25;2;BID;;;;;
20251107;064031.344;25315.25;;25315.25;1;BID;;;;;
20251107;064031.344;;25316.25;25316.25;3;ASK;;;;;
20251107;064031.344;;25316.00;25316.00;1;ASK;;;;;
20251107;064031.344;25315.25;;25315.25;1;BID;;;;;
20251107;064031.344;25315.00;;25315.00;2;BID;;;;;
20251107;064031.344;;25316.25;25316.25;4;ASK;;;;;
20251107;064031.344;;25316.00;25316.00;1;ASK;;;;;
20251107;064031.344;;25315.75;25315.75;1;ASK;;;;;
20251107;064031.344;25315.00;;25315.00;1;BID;;;;;
20251107;064031.344;;25316.00;25316.00;1;ASK;;;;;
20251107;064031.344;;25316.00;25316.00;2;ASK;;;;;
20251107;064031.344;;25316.00;25316.00;3;ASK;;;;;
20251107;064031.344;25314.75;;25314.75;2;BID;;;;;
20251107;064031.344;;25315.75;25315.75;1;ASK;;;;;
20251107;064031.348;;25315.75;25315.75;2;ASK;;;;;
20251107;064031.348;;25315.50;25315.50;1;ASK;;;;;
20251107;064031.348;25314.75;;25314.75;1;BID;;;;;
20251107;064031.396;;25315.50;25315.50;2;ASK;;;;;
20251107;064031.716;;25315.50;25315.50;1;ASK;;;;;
20251107;064031.796;25315.00;;25315.00;1;BID;;;;;
20251107;064031.832;25314.75;;25314.75;1;BID;;;;;
20251107;064032.020;25315.00;;25315.00;1;BID;;;;;
20251107;064032.252;25314.75;;25314.75;1;BID;;;;;
20251107;064032.252;25314.75;;25314.75;2;BID;;;;;
20251107;064032.564;25315.00;;25315.00;1;BID;;;;;
20251107;064032.564;25315.00;;25315.00;2;BID;;;;;
20251107;064032.568;25315.00;;25315.00;1;BID;;;;;
20251107;064032.800;25314.75;;25314.75;2;BID;;;;;
20251107;064032.860;25314.75;;25314.75;1;BID;;;;;
20251107;064033.448;;25315.50;25315.50;1;ASK;;;;;
20251107;064033.448;;25316.00;25316.00;4;ASK;;;;;
20251107;064033.448;25315.00;;25315.00;1;BID;;;;;
20251107;064033.448;;25316.00;25316.00;3;ASK;;;;;
20251107;064033.448;25315.00;;25315.00;2;BID;;;;;
20251107;064033.448;;25316.00;25316.00;2;ASK;;;;;
20251107;064033.448;25315.00;;25315.00;1;BID;;;;;
20251107;064033.448;25315.00;;25315.00;1;BID;;;;;
20251107;064033.448;25314.75;;25314.75;1;BID;;;;;
20251107;064033.448;25314.75;;25314.75;2;BID;;;;;
20251107;064033.448;;25315.75;25315.75;1;ASK;;;;;
20251107;064033.448;25314.75;;25314.75;1;BID;;;;;
20251107;064033.448;;25315.75;25315.75;2;ASK;;;;;
20251107;064033.452;;25315.50;25315.50;1;ASK;;;;;
20251107;064033.452;25314.50;;25314.50;1;BID;;;;;
20251107;064033.452;25314.75;;25314.75;1;BID;;;;;
20251107;064033.452;;25315.50;25315.50;2;ASK;;;;;
20251107;064033.452;;25315.25;25315.25;1;ASK;;;;;
20251107;064033.452;;25315.50;25315.50;2;ASK;;;;;
20251107;064033.452;;25315.50;25315.50;1;ASK;;;;;
20251107;064033.456;;25315.50;25315.50;2;ASK;;;;;
20251107;064033.856;25314.75;;25314.75;1;BID;;;;;
20251107;064033.856;25314.50;;25314.50;1;BID;;;;;
20251107;064033.856;;25315.25;25315.25;1;ASK;;;;;
20251107;064033.856;25314.25;;25314.25;2;BID;;;;;
20251107;064033.856;25314.25;;25314.25;1;BID;;;;;
20251107;064033.856;;25315.25;25315.25;2;ASK;;;;;
20251107;064033.856;25314.00;;25314.00;2;BID;;;;;
20251107;064033.856;25314.00;;25314.00;1;BID;;;;;
20251107;064033.856;;25315.00;25315.00;1;ASK;;;;;
20251107;064033.856;;25314.75;25314.75;1;ASK;;;;;
20251107;064033.856;;25315.00;25315.00;1;ASK;;;;;
20251107;064033.856;;25314.75;25314.75;1;ASK;;;;;
20251107;064033.868;;25314.75;25314.75;2;ASK;;;;;
20251107;064033.868;25314.00;;25314.00;1;BID;;;;;
20251107;064033.868;25313.75;;25313.75;2;BID;;;;;
20251107;064033.868;;25314.50;25314.50;1;ASK;;;;;
20251107;064033.868;25313.75;;25313.75;1;BID;;;;;
20251107;064033.868;25313.75;;25313.75;1;BID;;;;;
20251107;064033.868;25313.50;;25313.50;4;BID;;;;;
20251107;064033.868;25313.50;;25313.50;3;BID;;;;;
20251107;064033.868;25313.50;;25313.50;2;BID;;;;;
20251107;064033.868;;25314.25;25314.25;1;ASK;;;;;
20251107;064033.868;25313.50;;25313.50;1;BID;;;;;
20251107;064033.868;;25314.25;25314.25;2;ASK;;;;;
20251107;064033.868;;25314.00;25314.00;1;ASK;;;;;
20251107;064033.880;;25314.25;25314.25;2;ASK;;;;;
20251107;064033.880;;25314.25;25314.25;1;ASK;;;;;
20251107;064033.880;;25314.00;25314.00;1;ASK;;;;;
20251107;064033.880;25313.50;;25313.50;1;BID;;;;;
20251107;064033.880;25312.50;;25312.50;4;BID;;;;;
20251107;064033.880;;25313.75;25313.75;1;ASK;;;;;
20251107;064033.880;25312.50;;25312.50;3;BID;;;;;
20251107;064033.880;25312.50;;25312.50;2;BID;;;;;
20251107;064033.880;25312.50;;25312.50;3;BID;;;;;
20251107;064033.880;25312.50;;25312.50;2;BID;;;;;
20251107;064033.880;25312.75;;25312.75;1;BID;;;;;
20251107;064033.880;;25314.00;25314.00;1;ASK;;;;;
20251107;064033.880;25312.75;;25312.75;2;BID;;;;;
20251107;064033.880;25312.75;;25312.75;3;BID;;;;;
20251107;064033.880;25312.75;;25312.75;4;BID;;;;;
20251107;064033.880;25313.00;;25313.00;1;BID;;;;;
20251107;064033.880;;25313.75;25313.75;1;ASK;;;;;
20251107;064033.880;;25314.00;25314.00;1;ASK;;;;;
20251107;064033.880;25313.25;;25313.25;1;BID;;;;;
20251107;064033.884;;25314.25;25314.25;1;ASK;;;;;
20251107;064033.888;;25314.25;25314.25;2;ASK;;;;;
20251107;064033.888;;25314.00;25314.00;1;ASK;;;;;
20251107;064033.960;;25314.00;25314.00;2;ASK;;;;;
20251107;064033.960;25313.00;;25313.00;3;BID;;;;;
20251107;064033.960;;25313.75;25313.75;1;ASK;;;;;
20251107;064033.960;25313.00;;25313.00;2;BID;;;;;
20251107;064033.960;;25314.00;25314.00;2;ASK;;;;;
20251107;064033.960;25313.00;;25313.00;1;BID;;;;;
20251107;064033.960;25313.00;;25313.00;1;BID;;;;;
20251107;064033.960;25312.75;;25312.75;2;BID;;;;;
20251107;064033.960;25312.75;;25312.75;1;BID;;;;;
20251107;064033.960;;25313.75;25313.75;1;ASK;;;;;
20251107;064033.960;;25313.50;25313.50;1;ASK;;;;;
20251107;064033.960;25312.50;;25312.50;3;BID;;;;;
20251107;064033.964;25312.50;;25312.50;2;BID;;;;;
20251107;064033.964;;25313.25;25313.25;1;ASK;;;;;
20251107;064033.964;;25313.00;25313.00;1;ASK;;;;;
20251107;064033.964;;25313.50;25313.50;3;ASK;;;;;
20251107;064033.964;25312.75;;25312.75;1;BID;;;;;
20251107;064033.964;;25313.50;25313.50;2;ASK;;;;;
20251107;064033.964;;25313.50;25313.50;1;ASK;;;;;
20251107;064033.964;;25313.75;25313.75;2;ASK;;;;;
20251107;064033.964;;25313.75;25313.75;1;ASK;;;;;
20251107;064033.964;;25314.00;25314.00;2;ASK;;;;;
20251107;064033.968;25312.75;;25312.75;2;BID;;;;;
20251107;064033.968;25313.00;;25313.00;1;BID;;;;;
20251107;064033.968;;25313.75;25313.75;1;ASK;;;;;
20251107;064033.968;25313.00;;25313.00;2;BID;;;;;
20251107;064033.968;25313.00;;25313.00;3;BID;;;;;
20251107;064033.968;;25314.00;25314.00;2;ASK;;;;;
20251107;064033.968;25313.25;;25313.25;1;BID;;;;;
20251107;064033.968;25313.00;;25313.00;4;BID;;;;;
20251107;064033.968;25313.00;;25313.00;3;BID;;;;;
20251107;064033.968;25313.00;;25313.00;2;BID;;;;;
20251107;064033.972;25313.25;;25313.25;1;BID;;;;;
20251107;064033.988;;25313.75;25313.75;1;ASK;;;;;
20251107;064033.988;25313.00;;25313.00;2;BID;;;;;
20251107;064034.104;25313.00;;25313.00;1;BID;;;;;
20251107;064034.428;25313.00;;25313.00;2;BID;;;;;
20251107;064034.428;25313.25;;25313.25;1;BID;;;;;
20251107;064034.428;;25314.00;25314.00;2;ASK;;;;;
20251107;064034.756;25313.50;;25313.50;1;BID;;;;;
20251107;064034.756;;25314.00;25314.00;1;ASK;;;;;
20251107;064034.948;25313.50;;25313.50;2;BID;;;;;
20251107;064034.948;;25314.00;25314.00;1;ASK;;;;;
20251107;064034.948;;25314.25;25314.25;1;ASK;;;;;
20251107;064034.948;25313.50;;25313.50;1;BID;;;;;
20251107;064034.948;25313.75;;25313.75;1;BID;;;;;
20251107;064034.948;;25314.50;25314.50;2;ASK;;;;;
20251107;064034.948;25313.50;;25313.50;1;BID;;;;;
20251107;064034.948;;25314.50;25314.50;1;ASK;;;;;
20251107;064034.948;;25314.50;25314.50;2;ASK;;;;;
20251107;064034.948;;25314.25;25314.25;1;ASK;;;;;
20251107;064034.948;;25314.50;25314.50;2;ASK;;;;;
20251107;064034.948;25313.75;;25313.75;1;BID;;;;;
20251107;064034.992;;25314.25;25314.25;1;ASK;;;;;
20251107;064034.992;25313.50;;25313.50;1;BID;;;;;
20251107;064035.072;;25314.50;25314.50;2;ASK;;;;;
20251107;064035.072;25313.75;;25313.75;1;BID;;;;;
20251107;064035.156;;25314.25;25314.25;1;ASK;;;;;
20251107;064035.156;25313.50;;25313.50;1;BID;;;;;
20251107;064035.156;25313.50;;25313.50;2;BID;;;;;
20251107;064035.156;25313.50;;25313.50;1;BID;;;;;
20251107;064035.156;25313.50;;25313.50;1;BID;;;;;
20251107;064035.156;;25314.25;25314.25;2;ASK;;;;;
20251107;064035.156;;25314.00;25314.00;1;ASK;;;;;
20251107;064035.156;25313.50;;25313.50;1;BID;;;;;
20251107;064035.156;25313.25;;25313.25;1;BID;;;;;
20251107;064035.156;25313.00;;25313.00;3;BID;;;;;
20251107;064035.156;;25313.75;25313.75;1;ASK;;;;;
20251107;064035.156;25313.00;;25313.00;2;BID;;;;;
20251107;064035.156;25313.00;;25313.00;1;BID;;;;;
20251107;064035.160;25313.25;;25313.25;1;BID;;;;;
20251107;064035.160;;25314.00;25314.00;1;ASK;;;;;
20251107;064035.160;25313.00;;25313.00;1;BID;;;;;
20251107;064035.160;;25313.75;25313.75;1;ASK;;;;;
20251107;064035.268;;25313.75;25313.75;2;ASK;;;;;
20251107;064035.268;25312.75;;25312.75;3;BID;;;;;
20251107;064035.268;25312.75;;25312.75;2;BID;;;;;
20251107;064035.268;;25313.50;25313.50;1;ASK;;;;;
20251107;064035.268;25312.75;;25312.75;1;BID;;;;;
20251107;064035.272;;25313.75;25313.75;2;ASK;;;;;
20251107;064035.272;;25313.50;25313.50;1;ASK;;;;;
20251107;064035.272;;25313.75;25313.75;2;ASK;;;;;
20251107;064035.408;25313.00;;25313.00;1;BID;;;;;
20251107;064035.408;;25313.75;25313.75;1;ASK;;;;;
20251107;064035.632;25313.25;;25313.25;1;BID;;;;;
20251107;064035.632;25313.00;;25313.00;1;BID;;;;;
20251107;064035.632;25313.25;;25313.25;1;BID;;;;;
20251107;064035.664;25313.00;;25313.00;1;BID;;;;;
20251107;064036.808;25313.00;;25313.00;1;BID;;;;;
20251107;064036.808;25312.75;;25312.75;1;BID;;;;;
20251107;064036.808;;25313.50;25313.50;1;ASK;;;;;
20251107;064036.808;25312.50;;25312.50;2;BID;;;;;
20251107;064036.808;;25313.25;25313.25;1;ASK;;;;;
20251107;064036.812;25312.50;;25312.50;1;BID;;;;;
20251107;064036.812;;25313.00;25313.00;1;ASK;;;;;
20251107;064036.812;;25313.25;25313.25;1;ASK;;;;;
20251107;064036.812;;25313.50;25313.50;3;ASK;;;;;
20251107;064036.812;;25313.50;25313.50;2;ASK;;;;;
20251107;064036.812;;25313.50;25313.50;1;ASK;;;;;
20251107;064036.812;25312.75;;25312.75;1;BID;;;;;
20251107;064036.812;;25314.00;25314.00;1;ASK;;;;;
20251107;064036.812;;25313.75;25313.75;1;ASK;;;;;
20251107;064036.812;25313.00;;25313.00;1;BID;;;;;
20251107;064036.816;;25314.00;25314.00;1;ASK;;;;;
20251107;064036.816;;25313.75;25313.75;1;ASK;;;;;
20251107;064036.860;;25313.50;25313.50;1;ASK;;;;;
20251107;064036.860;25312.75;;25312.75;2;BID;;;;;
20251107;064036.860;;25313.75;25313.75;1;ASK;;;;;
20251107;064036.860;;25313.50;25313.50;1;ASK;;;;;
20251107;064036.860;;25313.50;25313.50;2;ASK;;;;;
20251107;064036.860;25312.75;;25312.75;1;BID;;;;;
20251107;064036.860;;25313.25;25313.25;1;ASK;;;;;
20251107;064036.860;25312.50;;25312.50;2;BID;;;;;
20251107;064036.860;25312.50;;25312.50;1;BID;;;;;
20251107;064036.860;;25313.50;25313.50;2;ASK;;;;;
20251107;064036.860;;25313.25;25313.25;1;ASK;;;;;
20251107;064036.864;;25313.50;25313.50;2;ASK;;;;;
20251107;064036.864;25312.75;;25312.75;1;BID;;;;;
20251107;064036.964;;25313.25;25313.25;1;ASK;;;;;
20251107;064036.964;25312.50;;25312.50;1;BID;;;;;
20251107;064036.968;;25313.50;25313.50;2;ASK;;;;;
20251107;064036.968;25312.75;;25312.75;1;BID;;;;;
20251107;064037.216;25312.50;;25312.50;1;BID;;;;;
20251107;064037.216;;25313.25;25313.25;1;ASK;;;;;
20251107;064037.508;25312.50;;25312.50;2;BID;;;;;
20251107;064037.508;;25313.50;25313.50;2;ASK;;;;;
20251107;064037.508;25312.75;;25312.75;1;BID;;;;;
20251107;064037.508;;25313.50;25313.50;1;ASK;;;;;
20251107;064037.840;25313.25;;25313.25;1;BID;;;;;
20251107;064037.840;25313.25;;25313.25;1;BID;;;;;
20251107;064037.840;25312.75;;25312.75;1;BID;;;;;
20251107;064037.840;;25313.50;25313.50;1;ASK;;;;;
20251107;064037.840;;25313.75;25313.75;1;ASK;;;;;
20251107;064037.840;;25314.00;25314.00;1;ASK;;;;;
20251107;064037.840;25312.75;;25312.75;2;BID;;;;;
20251107;064037.840;25312.75;;25312.75;3;BID;;;;;
20251107;064037.840;;25313.75;25313.75;1;ASK;;;;;
20251107;064037.840;25312.75;;25312.75;2;BID;;;;;
20251107;064037.840;;25313.50;25313.50;1;ASK;;;;;
20251107;064037.840;;25313.75;25313.75;1;ASK;;;;;
20251107;064037.844;25313.00;;25313.00;1;BID;;;;;
20251107;064037.964;25313.00;;25313.00;1;BID;;;;;
20251107;064037.964;25312.75;;25312.75;2;BID;;;;;
20251107;064037.964;;25313.50;25313.50;1;ASK;;;;;
20251107;064037.964;25312.75;;25312.75;1;BID;;;;;
20251107;064037.968;;25313.75;25313.75;1;ASK;;;;;
20251107;064037.992;;25313.50;25313.50;1;ASK;;;;;
20251107;064038.528;;25313.50;25313.50;1;ASK;;;;;
20251107;064038.528;;25313.75;25313.75;1;ASK;;;;;
20251107;064038.528;;25314.00;25314.00;1;ASK;;;;;
20251107;064038.528;;25314.00;25314.00;1;ASK;;;;;
20251107;064038.528;;25314.25;25314.25;3;ASK;;;;;
20251107;064038.528;;25314.25;25314.25;2;ASK;;;;;
20251107;064038.532;25314.00;;25314.00;1;BID;;;;;
20251107;064038.532;25312.75;;25312.75;1;BID;;;;;
20251107;064038.532;;25314.00;25314.00;1;ASK;;;;;
20251107;064038.532;25312.75;;25312.75;2;BID;;;;;
20251107;064038.532;25312.75;;25312.75;3;BID;;;;;
20251107;064038.532;25312.75;;25312.75;4;BID;;;;;
20251107;064038.532;25313.00;;25313.00;1;BID;;;;;
20251107;064038.532;25313.00;;25313.00;2;BID;;;;;
20251107;064038.532;;25314.00;25314.00;2;ASK;;;;;
20251107;064038.532;;25313.75;25313.75;1;ASK;;;;;
20251107;064038.532;25313.00;;25313.00;1;BID;;;;;
20251107;064038.532;25312.75;;25312.75;3;BID;;;;;
20251107;064038.536;25312.75;;25312.75;2;BID;;;;;
20251107;064038.536;25312.75;;25312.75;3;BID;;;;;
20251107;064038.536;25313.00;;25313.00;1;BID;;;;;
20251107;064038.536;25312.75;;25312.75;3;BID;;;;;
20251107;064038.536;25312.75;;25312.75;4;BID;;;;;
20251107;064038.540;25312.75;;25312.75;3;BID;;;;;
20251107;064038.544;25313.00;;25313.00;1;BID;;;;;
20251107;064038.564;25313.25;;25313.25;1;BID;;;;;
20251107;064038.564;;25314.00;25314.00;3;ASK;;;;;
20251107;064038.564;;25314.00;25314.00;2;ASK;;;;;
20251107;064038.656;25313.50;;25313.50;1;BID;;;;;
20251107;064038.656;;25314.00;25314.00;1;ASK;;;;;
20251107;064038.656;;25314.00;25314.00;1;ASK;;;;;
20251107;064038.656;;25314.00;25314.00;1;ASK;;;;;
20251107;064038.656;;25314.25;25314.25;1;ASK;;;;;
20251107;064038.656;25313.25;;25313.25;4;BID;;;;;
20251107;064038.656;25313.25;;25313.25;3;BID;;;;;
20251107;064038.656;;25314.00;25314.00;1;ASK;;;;;
20251107;064038.656;25313.75;;25313.75;1;BID;;;;;
20251107;064038.656;25313.25;;25313.25;1;BID;;;;;
20251107;064038.656;;25314.25;25314.25;2;ASK;;;;;
20251107;064038.656;25313.50;;25313.50;1;BID;;;;;
20251107;064038.660;25313.25;;25313.25;1;BID;;;;;
20251107;064038.660;;25314.00;25314.00;1;ASK;;;;;
20251107;064038.660;;25314.25;25314.25;2;ASK;;;;;
20251107;064038.680;25313.50;;25313.50;1;BID;;;;;
20251107;064038.680;;25314.25;25314.25;1;ASK;;;;;
20251107;064038.680;;25314.50;25314.50;1;ASK;;;;;
20251107;064038.840;25313.75;;25313.75;1;BID;;;;;
20251107;064038.988;25313.50;;25313.50;1;BID;;;;;
20251107;064038.988;;25314.25;25314.25;1;ASK;;;;;
20251107;064038.988;;25314.00;25314.00;1;ASK;;;;;
20251107;064038.988;25313.00;;25313.00;2;BID;;;;;
20251107;064038.988;25313.00;;25313.00;1;BID;;;;;
20251107;064038.992;25313.25;;25313.25;1;BID;;;;;
20251107;064039.552;;25314.25;25314.25;1;ASK;;;;;
20251107;064039.552;25313.50;;25313.50;1;BID;;;;;
20251107;064039.656;;25314.25;25314.25;2;ASK;;;;;
20251107;064039.656;25313.50;;25313.50;1;BID;;;;;
20251107;064039.656;25313.25;;25313.25;1;BID;;;;;
20251107;064039.656;;25314.00;25314.00;1;ASK;;;;;
20251107;064039.656;25313.00;;25313.00;2;BID;;;;;
20251107;064039.656;;25314.00;25314.00;2;ASK;;;;;
20251107;064039.656;25313.00;;25313.00;1;BID;;;;;
20251107;064039.656;;25314.00;25314.00;3;ASK;;;;;
20251107;064039.656;;25314.00;25314.00;4;ASK;;;;;
20251107;064039.656;;25314.00;25314.00;5;ASK;;;;;
20251107;064039.656;25312.75;;25312.75;2;BID;;;;;
20251107;064039.656;25312.75;;25312.75;1;BID;;;;;
20251107;064039.656;;25314.00;25314.00;6;ASK;;;;;
20251107;064039.656;25312.50;;25312.50;1;BID;;;;;
20251107;064039.656;25312.50;;25312.50;2;BID;;;;;
20251107;064039.656;;25313.75;25313.75;1;ASK;;;;;
20251107;064039.656;25312.50;;25312.50;1;BID;;;;;
20251107;064039.656;;25313.75;25313.75;2;ASK;;;;;
20251107;064039.656;;25313.50;25313.50;1;ASK;;;;;
20251107;064039.656;;25313.25;25313.25;1;ASK;;;;;
20251107;064039.748;;25313.50;25313.50;1;ASK;;;;;
20251107;064039.748;25312.75;;25312.75;1;BID;;;;;
20251107;064039.812;25312.75;;25312.75;2;BID;;;;;
20251107;064039.812;;25313.75;25313.75;3;ASK;;;;;
20251107;064039.812;;25313.75;25313.75;2;ASK;;;;;
20251107;064039.812;25313.00;;25313.00;1;BID;;;;;
20251107;064039.812;;25313.75;25313.75;1;ASK;;;;;
20251107;064039.924;;25313.75;25313.75;2;ASK;;;;;
20251107;064040.236;25312.75;;25312.75;2;BID;;;;;
20251107;064040.236;;25313.50;25313.50;1;ASK;;;;;
20251107;064040.340;;25313.75;25313.75;2;ASK;;;;;
20251107;064040.340;25313.00;;25313.00;1;BID;;;;;
20251107;064040.372;25312.75;;25312.75;2;BID;;;;;
20251107;064040.380;25312.75;;25312.75;1;BID;;;;;
20251107;064040.380;;25313.50;25313.50;1;ASK;;;;;
20251107;064040.868;25312.50;;25312.50;1;BID;;;;;
20251107;064040.868;;25313.25;25313.25;1;ASK;;;;;
20251107;064040.972;;25313.25;25313.25;2;ASK;;;;;
20251107;064041.096;;25313.00;25313.00;1;ASK;;;;;
20251107;064041.216;;25313.25;25313.25;2;ASK;;;;;
20251107;064041.216;;25313.25;25313.25;1;ASK;;;;;
20251107;064041.336;;25313.50;25313.50;2;ASK;;;;;
20251107;064041.336;;25313.50;25313.50;1;ASK;;;;;
20251107;064041.336;25312.75;;25312.75;1;BID;;;;;
20251107;064041.368;25312.50;;25312.50;1;BID;;;;;
20251107;064041.368;;25313.25;25313.25;1;ASK;;;;;
20251107;064041.380;;25313.50;25313.50;1;ASK;;;;;
20251107;064041.496;25312.75;;25312.75;1;BID;;;;;
20251107;064041.520;;25313.75;25313.75;1;ASK;;;;;
20251107;064041.520;25313.00;;25313.00;1;BID;;;;;
20251107;064041.952;;25313.75;25313.75;2;ASK;;;;;
20251107;064041.952;;25313.50;25313.50;1;ASK;;;;;
20251107;064041.952;25312.75;;25312.75;1;BID;;;;;
20251107;064042.128;25312.50;;25312.50;1;BID;;;;;
20251107;064042.128;;25313.25;25313.25;1;ASK;;;;;
20251107;064042.368;25312.75;;25312.75;1;BID;;;;;
20251107;064042.368;;25313.50;25313.50;1;ASK;;;;;
20251107;064042.460;;25313.75;25313.75;1;ASK;;;;;
20251107;064042.460;25313.00;;25313.00;1;BID;;;;;
20251107;064042.796;25312.75;;25312.75;1;BID;;;;;
20251107;064042.796;;25313.75;25313.75;2;ASK;;;;;
20251107;064042.796;;25313.50;25313.50;1;ASK;;;;;
20251107;064043.152;;25313.50;25313.50;1;ASK;;;;;
20251107;064043.152;;25313.75;25313.75;1;ASK;;;;;
20251107;064043.152;;25314.00;25314.00;1;ASK;;;;;
20251107;064043.152;;25314.00;25314.00;1;ASK;;;;;
20251107;064043.152;;25314.00;25314.00;1;ASK;;;;;
20251107;064043.152;;25314.25;25314.25;3;ASK;;;;;
20251107;064043.152;25314.00;;25314.00;1;BID;;;;;
20251107;064043.152;25313.00;;25313.00;1;BID;;;;;
20251107;064043.152;;25314.25;25314.25;2;ASK;;;;;
20251107;064043.152;;25314.25;25314.25;1;ASK;;;;;
20251107;064043.152;;25314.25;25314.25;1;ASK;;;;;
20251107;064043.152;;25314.50;25314.50;1;ASK;;;;;
20251107;064043.152;25313.00;;25313.00;2;BID;;;;;
20251107;064043.152;;25314.00;25314.00;1;ASK;;;;;
20251107;064043.152;25313.00;;25313.00;3;BID;;;;;
20251107;064043.152;25313.00;;25313.00;4;BID;;;;;
20251107;064043.152;;25314.50;25314.50;1;ASK;;;;;
20251107;064043.152;25313.00;;25313.00;3;BID;;;;;
20251107;064043.152;25313.25;;25313.25;1;BID;;;;;
20251107;064043.152;25313.25;;25313.25;2;BID;;;;;
20251107;064043.152;;25314.50;25314.50;2;ASK;;;;;
20251107;064043.156;;25314.50;25314.50;1;ASK;;;;;
20251107;064043.156;25313.50;;25313.50;1;BID;;;;;
20251107;064043.156;;25314.25;25314.25;1;ASK;;;;;
20251107;064043.156;25313.75;;25313.75;1;BID;;;;;
20251107;064043.156;;25314.50;25314.50;1;ASK;;;;;
20251107;064043.156;25313.50;;25313.50;1;BID;;;;;
20251107;064043.156;25313.50;;25313.50;2;BID;;;;;
20251107;064043.156;;25314.25;25314.25;1;ASK;;;;;
20251107;064043.160;25313.50;;25313.50;1;BID;;;;;
20251107;064043.168;25313.50;;25313.50;2;BID;;;;;
20251107;064043.168;;25314.25;25314.25;2;ASK;;;;;
20251107;064043.192;25313.50;;25313.50;1;BID;;;;;
20251107;064043.192;25313.25;;25313.25;3;BID;;;;;
20251107;064043.192;25313.25;;25313.25;2;BID;;;;;
20251107;064043.192;25313.25;;25313.25;1;BID;;;;;
20251107;064043.192;;25314.00;25314.00;1;ASK;;;;;
20251107;064043.192;25313.25;;25313.25;2;BID;;;;;
20251107;064043.196;;25314.25;25314.25;2;ASK;;;;;
20251107;064043.220;25313.50;;25313.50;1;BID;;;;;
20251107;064043.300;25313.25;;25313.25;1;BID;;;;;
20251107;064043.352;25313.50;;25313.50;1;BID;;;;;
20251107;064044.000;;25314.00;25314.00;1;ASK;;;;;
20251107;064044.000;25313.25;;25313.25;1;BID;;;;;
20251107;064044.052;;25314.00;25314.00;2;ASK;;;;;
20251107;064044.052;25313.00;;25313.00;4;BID;;;;;
20251107;064044.052;25313.00;;25313.00;3;BID;;;;;
20251107;064044.052;;25313.75;25313.75;1;ASK;;;;;
20251107;064044.052;25313.00;;25313.00;2;BID;;;;;
20251107;064044.056;25313.00;;25313.00;1;BID;;;;;
20251107;064044.096;25313.25;;25313.25;1;BID;;;;;
20251107;064044.096;;25314.00;25314.00;2;ASK;;;;;
20251107;064044.096;;25313.75;25313.75;1;ASK;;;;;
20251107;064044.096;;25314.00;25314.00;2;ASK;;;;;
20251107;064044.360;;25313.75;25313.75;1;ASK;;;;;
20251107;064044.360;25313.00;;25313.00;1;BID;;;;;
20251107;064044.416;25313.25;;25313.25;1;BID;;;;;
20251107;064044.416;;25313.75;25313.75;2;ASK;;;;;
20251107;064044.416;;25313.75;25313.75;1;ASK;;;;;
20251107;064044.416;;25314.00;25314.00;2;ASK;;;;;
20251107;064045.300;;25313.75;25313.75;1;ASK;;;;;
20251107;064045.300;25313.00;;25313.00;1;BID;;;;;
20251107;064045.304;25313.25;;25313.25;1;BID;;;;;
20251107;064045.592;;25314.00;25314.00;2;ASK;;;;;
20251107;064045.632;;25313.75;25313.75;1;ASK;;;;;
20251107;064045.648;;25314.00;25314.00;2;ASK;;;;;
20251107;064045.896;;25314.00;25314.00;1;ASK;;;;;
20251107;064045.896;;25314.00;25314.00;1;ASK;;;;;
20251107;064045.896;;25314.25;25314.25;2;ASK;;;;;
20251107;064045.896;25313.50;;25313.50;1;BID;;;;;
20251107;064045.896;;25314.25;25314.25;1;ASK;;;;;
20251107;064045.896;25313.50;;25313.50;2;BID;;;;;
20251107;064045.896;;25314.75;25314.75;1;ASK;;;;;
20251107;064045.900;25313.75;;25313.75;1;BID;;;;;
20251107;064045.900;;25314.50;25314.50;1;ASK;;;;;
20251107;064045.900;25313.50;;25313.50;1;BID;;;;;
20251107;064045.920;;25314.50;25314.50;2;ASK;;;;;
20251107;064045.920;;25314.25;25314.25;1;ASK;;;;;
20251107;064045.920;25313.25;;25313.25;1;BID;;;;;
20251107;064045.956;25313.50;;25313.50;1;BID;;;;;
20251107;064045.956;;25314.25;25314.25;2;ASK;;;;;
20251107;064046.008;25313.25;;25313.25;1;BID;;;;;
20251107;064046.008;;25314.00;25314.00;1;ASK;;;;;
20251107;064046.612;;25314.25;25314.25;2;ASK;;;;;
20251107;064046.612;25313.50;;25313.50;1;BID;;;;;
20251107;064048.104;25313.25;;25313.25;1;BID;;;;;
20251107;064048.104;;25314.00;25314.00;1;ASK;;;;;
20251107;064048.172;;25314.25;25314.25;2;ASK;;;;;
20251107;064048.172;;25314.25;25314.25;1;ASK;;;;;
20251107;064048.172;25313.50;;25313.50;1;BID;;;;;
20251107;064048.172;25313.50;;25313.50;2;BID;;;;;
20251107;064048.172;;25314.50;25314.50;3;ASK;;;;;
20251107;064048.172;;25314.50;25314.50;2;ASK;;;;;
20251107;064048.172;;25314.50;25314.50;1;ASK;;;;;
20251107;064048.172;25313.75;;25313.75;1;BID;;;;;
20251107;064048.172;;25314.75;25314.75;1;ASK;;;;;
20251107;064048.176;;25314.75;25314.75;2;ASK;;;;;
20251107;064048.176;;25314.50;25314.50;1;ASK;;;;;
20251107;064048.192;;25314.75;25314.75;2;ASK;;;;;
20251107;064048.192;;25314.75;25314.75;1;ASK;;;;;
20251107;064048.296;;25314.75;25314.75;2;ASK;;;;;
20251107;064048.296;;25314.50;25314.50;1;ASK;;;;;
20251107;064048.460;25313.75;;25313.75;1;BID;;;;;
20251107;064048.460;25313.50;;25313.50;2;BID;;;;;
20251107;064048.460;25313.50;;25313.50;1;BID;;;;;
20251107;064048.460;25313.50;;25313.50;1;BID;;;;;
20251107;064048.460;25313.00;;25313.00;3;BID;;;;;
20251107;064048.460;;25314.25;25314.25;1;ASK;;;;;
20251107;064048.460;;25314.50;25314.50;1;ASK;;;;;
20251107;064048.460;25313.00;;25313.00;2;BID;;;;;
20251107;064048.460;;25314.50;25314.50;2;ASK;;;;;
20251107;064048.464;;25314.50;25314.50;3;ASK;;;;;
20251107;064048.464;25313.00;;25313.00;1;BID;;;;;
20251107;064048.464;25313.25;;25313.25;1;BID;;;;;
20251107;064048.464;25313.50;;25313.50;1;BID;;;;;
20251107;064048.464;;25314.50;25314.50;2;ASK;;;;;
20251107;064048.464;25313.75;;25313.75;1;BID;;;;;
20251107;064048.496;;25314.50;25314.50;1;ASK;;;;;
20251107;064049.124;25314.00;;25314.00;1;BID;;;;;
20251107;064049.124;;25314.50;25314.50;1;ASK;;;;;
20251107;064049.124;;25314.75;25314.75;1;ASK;;;;;
20251107;064049.124;25313.75;;25313.75;1;BID;;;;;
20251107;064049.124;;25315.00;25315.00;1;ASK;;;;;
20251107;064049.124;25314.25;;25314.25;1;BID;;;;;
20251107;064049.128;;25315.25;25315.25;3;ASK;;;;;
20251107;064049.128;;25315.25;25315.25;2;ASK;;;;;
20251107;064049.128;;25315.25;25315.25;1;ASK;;;;;
20251107;064049.128;25314.50;;25314.50;1;BID;;;;;
20251107;064049.128;;25315.00;25315.00;1;ASK;;;;;
20251107;064049.128;;25315.25;25315.25;1;ASK;;;;;
20251107;064049.128;;25315.00;25315.00;1;ASK;;;;;
20251107;064049.128;25314.25;;25314.25;1;BID;;;;;
20251107;064049.128;25314.25;;25314.25;2;BID;;;;;
20251107;064049.128;;25315.25;25315.25;1;ASK;;;;;
20251107;064049.128;25314.50;;25314.50;1;BID;;;;;
20251107;064049.128;25314.25;;25314.25;1;BID;;;;;
20251107;064049.136;25314.50;;25314.50;1;BID;;;;;
20251107;064049.236;;25315.25;25315.25;2;ASK;;;;;
20251107;064049.236;25314.25;;25314.25;1;BID;;;;;
20251107;064049.276;25314.50;;25314.50;1;BID;;;;;
20251107;064049.832;25314.25;;25314.25;1;BID;;;;;
20251107;064049.832;;25315.00;25315.00;1;ASK;;;;;
20251107;064049.832;25314.25;;25314.25;2;BID;;;;;
20251107;064049.832;25314.25;;25314.25;1;BID;;;;;
20251107;064049.832;25314.00;;25314.00;3;BID;;;;;
20251107;064049.832;25314.00;;25314.00;2;BID;;;;;
20251107;064049.836;25314.25;;25314.25;1;BID;;;;;
20251107;064050.004;;25314.75;25314.75;1;ASK;;;;;
20251107;064050.004;25313.75;;25313.75;4;BID;;;;;
20251107;064050.004;25313.75;;25313.75;3;BID;;;;;
20251107;064050.004;;25315.00;25315.00;1;ASK;;;;;
20251107;064050.004;25313.75;;25313.75;2;BID;;;;;
20251107;064050.004;25313.75;;25313.75;1;BID;;;;;
20251107;064050.004;25314.00;;25314.00;1;BID;;;;;
20251107;064050.004;;25314.75;25314.75;1;ASK;;;;;
20251107;064050.004;25313.75;;25313.75;1;BID;;;;;
20251107;064050.004;25314.00;;25314.00;1;BID;;;;;
20251107;064050.004;;25315.00;25315.00;1;ASK;;;;;
20251107;064050.292;;25315.00;25315.00;1;ASK;;;;;
20251107;064050.292;;25315.25;25315.25;2;ASK;;;;;
20251107;064050.292;25314.25;;25314.25;1;BID;;;;;
20251107;064050.292;;25315.25;25315.25;1;ASK;;;;;
20251107;064050.292;25314.00;;25314.00;1;BID;;;;;
20251107;064050.292;;25315.00;25315.00;1;ASK;;;;;
20251107;064050.320;25314.25;;25314.25;1;BID;;;;;
20251107;064050.584;25314.00;;25314.00;1;BID;;;;;
20251107;064050.640;25314.25;;25314.25;1;BID;;;;;
20251107;064051.036;;25315.25;25315.25;1;ASK;;;;;
20251107;064051.044;25314.50;;25314.50;1;BID;;;;;
20251107;064051.832;;25315.25;25315.25;2;ASK;;;;;
20251107;064051.832;25314.25;;25314.25;1;BID;;;;;
20251107;064051.832;25314.00;;25314.00;1;BID;;;;;
20251107;064051.832;;25315.00;25315.00;1;ASK;;;;;
20251107;064051.832;;25314.75;25314.75;1;ASK;;;;;
20251107;064051.924;25313.75;;25313.75;2;BID;;;;;
20251107;064051.924;25313.75;;25313.75;1;BID;;;;;
20251107;064051.968;25314.00;;25314.00;1;BID;;;;;
20251107;064052.020;25313.75;;25313.75;1;BID;;;;;
20251107;064052.076;25314.00;;25314.00;1;BID;;;;;
20251107;064052.076;;25315.00;25315.00;1;ASK;;;;;
20251107;064052.100;;25314.75;25314.75;1;ASK;;;;;
20251107;064052.100;25313.75;;25313.75;1;BID;;;;;
20251107;064052.128;25314.00;;25314.00;1;BID;;;;;
20251107;064052.180;25313.75;;25313.75;1;BID;;;;;
20251107;064052.232;25314.00;;25314.00;1;BID;;;;;
20251107;064052.232;;25315.00;25315.00;1;ASK;;;;;
20251107;064052.464;;25315.00;25315.00;2;ASK;;;;;
20251107;064052.464;;25314.75;25314.75;1;ASK;;;;;
20251107;064052.464;25313.75;;25313.75;1;BID;;;;;
20251107;064052.504;25314.00;;25314.00;1;BID;;;;;
20251107;064052.660;25313.75;;25313.75;1;BID;;;;;
20251107;064052.712;25314.00;;25314.00;1;BID;;;;;
20251107;064052.976;25313.75;;25313.75;1;BID;;;;;
20251107;064052.976;;25314.50;25314.50;1;ASK;;;;;
20251107;064052.976;25313.50;;25313.50;1;BID;;;;;
20251107;064052.976;25313.75;;25313.75;1;BID;;;;;
20251107;064052.976;;25314.75;25314.75;1;ASK;;;;;
20251107;064052.980;;25314.75;25314.75;2;ASK;;;;;
20251107;064052.980;;25314.50;25314.50;1;ASK;;;;;
20251107;064053.036;25314.00;;25314.00;1;BID;;;;;
20251107;064053.036;;25314.75;25314.75;1;ASK;;;;;
20251107;064053.052;25313.75;;25313.75;1;BID;;;;;
20251107;064053.068;;25314.50;25314.50;1;ASK;;;;;
20251107;064053.084;25314.00;;25314.00;1;BID;;;;;
20251107;064053.088;;25314.75;25314.75;1;ASK;;;;;
20251107;064053.092;;25314.75;25314.75;2;ASK;;;;;
20251107;064053.092;25313.75;;25313.75;1;BID;;;;;
20251107;064053.092;;25314.50;25314.50;1;ASK;;;;;
20251107;064053.464;25313.50;;25313.50;1;BID;;;;;
20251107;064053.504;25313.75;;25313.75;1;BID;;;;;
20251107;064053.504;25314.00;;25314.00;1;BID;;;;;
20251107;064053.512;25313.75;;25313.75;1;BID;;;;;
20251107;064053.516;;25314.50;25314.50;2;ASK;;;;;
20251107;064053.516;25313.50;;25313.50;1;BID;;;;;
20251107;064053.516;;25314.50;25314.50;1;ASK;;;;;
20251107;064053.516;;25314.25;25314.25;1;ASK;;;;;
20251107;064053.656;;25314.50;25314.50;1;ASK;;;;;
20251107;064053.720;;25314.50;25314.50;2;ASK;;;;;
20251107;064053.720;;25314.25;25314.25;1;ASK;;;;;
20251107;064053.720;25313.25;;25313.25;2;BID;;;;;
20251107;064053.720;25313.25;;25313.25;1;BID;;;;;
20251107;064053.720;;25314.00;25314.00;1;ASK;;;;;
20251107;064053.740;25313.25;;25313.25;2;BID;;;;;
20251107;064053.740;;25314.25;25314.25;1;ASK;;;;;
20251107;064053.740;25313.50;;25313.50;1;BID;;;;;
20251107;064053.828;25313.75;;25313.75;1;BID;;;;;
20251107;064053.828;;25314.50;25314.50;2;ASK;;;;;
20251107;064053.828;;25314.50;25314.50;1;ASK;;;;;
20251107;064053.832;;25314.75;25314.75;1;ASK;;;;;
20251107;064053.832;;25314.75;25314.75;2;ASK;;;;;
20251107;064053.832;;25314.50;25314.50;1;ASK;;;;;
20251107;064053.884;25313.50;;25313.50;1;BID;;;;;
20251107;064053.936;25313.75;;25313.75;1;BID;;;;;
20251107;064054.240;25313.50;;25313.50;1;BID;;;;;
20251107;064054.280;25313.75;;25313.75;1;BID;;;;;
20251107;064054.308;25313.50;;25313.50;1;BID;;;;;
20251107;064054.360;25313.75;;25313.75;1;BID;;;;;
20251107;064054.416;25313.50;;25313.50;1;BID;;;;;
20251107;064054.444;25313.75;;25313.75;1;BID;;;;;
20251107;064054.444;25314.00;;25314.00;1;BID;;;;;
20251107;064054.468;25313.75;;25313.75;1;BID;;;;;
20251107;064054.520;25314.00;;25314.00;1;BID;;;;;
20251107;064054.520;;25314.75;25314.75;1;ASK;;;;;
20251107;064054.552;;25314.75;25314.75;2;ASK;;;;;
20251107;064054.552;25313.75;;25313.75;1;BID;;;;;
20251107;064054.552;;25314.50;25314.50;1;ASK;;;;;
20251107;064054.908;;25314.50;25314.50;2;ASK;;;;;
20251107;064054.908;25313.50;;25313.50;1;BID;;;;;
20251107;064054.908;;25314.25;25314.25;1;ASK;;;;;
20251107;064054.908;25313.25;;25313.25;2;BID;;;;;
20251107;064054.908;25313.25;;25313.25;1;BID;;;;;
20251107;064054.920;25313.50;;25313.50;1;BID;;;;;
20251107;064054.920;25313.50;;25313.50;2;BID;;;;;
20251107;064054.948;25313.75;;25313.75;1;BID;;;;;
20251107;064054.948;25313.50;;25313.50;1;BID;;;;;
20251107;064054.948;;25314.50;25314.50;1;ASK;;;;;
20251107;064054.948;;25314.25;25314.25;1;ASK;;;;;
20251107;064055.000;25313.75;;25313.75;1;BID;;;;;
20251107;064055.000;;25314.50;25314.50;1;ASK;;;;;
20251107;064055.024;;25314.75;25314.75;3;ASK;;;;;
20251107;064055.024;;25314.75;25314.75;2;ASK;;;;;
20251107;064055.024;;25314.75;25314.75;1;ASK;;;;;
20251107;064055.024;25313.50;;25313.50;1;BID;;;;;
20251107;064055.024;;25314.50;25314.50;1;ASK;;;;;
20251107;064055.024;25313.75;;25313.75;1;BID;;;;;
20251107;064055.348;;25314.75;25314.75;1;ASK;;;;;
20251107;064055.368;;25314.75;25314.75;2;ASK;;;;;
20251107;064055.404;;25314.50;25314.50;1;ASK;;;;;
20251107;064055.404;25313.50;;25313.50;1;BID;;;;;
20251107;064055.420;25313.75;;25313.75;1;BID;;;;;
20251107;064055.420;25314.00;;25314.00;1;BID;;;;;
20251107;064055.420;;25314.75;25314.75;1;ASK;;;;;
20251107;064055.420;;25315.00;25315.00;3;ASK;;;;;
20251107;064055.420;25314.25;;25314.25;1;BID;;;;;
20251107;064055.420;;25315.00;25315.00;2;ASK;;;;;
20251107;064055.420;;25315.00;25315.00;1;ASK;;;;;
20251107;064055.420;25314.50;;25314.50;1;BID;;;;;
20251107;064055.420;;25315.00;25315.00;1;ASK;;;;;
20251107;064055.420;;25315.25;25315.25;1;ASK;;;;;
20251107;064055.420;25314.75;;25314.75;1;BID;;;;;
20251107;064055.420;25314.50;;25314.50;1;BID;;;;;
20251107;064055.424;25314.75;;25314.75;1;BID;;;;;
20251107;064055.468;25314.50;;25314.50;1;BID;;;;;
20251107;064055.468;;25315.25;25315.25;2;ASK;;;;;
20251107;064055.504;25314.75;;25314.75;1;BID;;;;;
20251107;064055.508;25314.50;;25314.50;1;BID;;;;;
20251107;064055.992;;25315.25;25315.25;1;ASK;;;;;
20251107;064056.120;25314.75;;25314.75;2;BID;;;;;
20251107;064056.120;;25315.25;25315.25;1;ASK;;;;;
20251107;064056.120;;25315.75;25315.75;1;ASK;;;;;
20251107;064056.120;25315.00;;25315.00;1;BID;;;;;
20251107;064056.120;;25316.00;25316.00;2;ASK;;;;;
20251107;064056.120;;25316.00;25316.00;1;ASK;;;;;
20251107;064056.120;25315.25;;25315.25;1;BID;;;;;
20251107;064056.120;;25315.75;25315.75;1;ASK;;;;;
20251107;064056.120;25315.00;;25315.00;1;BID;;;;;
20251107;064056.120;25315.25;;25315.25;1;BID;;;;;
20251107;064056.120;;25316.00;25316.00;1;ASK;;;;;
20251107;064056.124;25315.00;;25315.00;1;BID;;;;;
20251107;064056.128;;25316.25;25316.25;2;ASK;;;;;
20251107;064056.128;25315.25;;25315.25;1;BID;;;;;
20251107;064056.128;;25316.25;25316.25;1;ASK;;;;;
20251107;064056.128;25315.50;;25315.50;1;BID;;;;;
20251107;064056.128;25315.25;;25315.25;1;BID;;;;;
20251107;064056.128;25315.50;;25315.50;1;BID;;;;;
20251107;064056.128;;25316.00;25316.00;1;ASK;;;;;
20251107;064056.128;25315.25;;25315.25;1;BID;;;;;
20251107;064056.440;;25316.00;25316.00;1;ASK;;;;;
20251107;064056.440;;25316.25;25316.25;1;ASK;;;;;
20251107;064056.440;25315.50;;25315.50;1;BID;;;;;
20251107;064056.440;;25316.50;25316.50;1;ASK;;;;;
20251107;064056.440;25315.75;;25315.75;1;BID;;;;;
20251107;064056.444;25316.00;;25316.00;1;BID;;;;;
20251107;064056.444;25315.75;;25315.75;1;BID;;;;;
20251107;064056.616;25315.50;;25315.50;2;BID;;;;;
20251107;064056.616;25315.50;;25315.50;1;BID;;;;;
20251107;064056.620;25315.75;;25315.75;1;BID;;;;;
20251107;064056.696;25316.00;;25316.00;1;BID;;;;;
20251107;064056.760;25315.75;;25315.75;1;BID;;;;;
20251107;064057.432;25315.50;;25315.50;2;BID;;;;;
20251107;064057.432;25315.50;;25315.50;1;BID;;;;;
20251107;064057.432;;25316.25;25316.25;1;ASK;;;;;
20251107;064057.436;25315.25;;25315.25;1;BID;;;;;
20251107;064057.436;;25316.00;25316.00;1;ASK;;;;;
20251107;064057.436;;25316.25;25316.25;1;ASK;;;;;
20251107;064057.436;25315.50;;25315.50;1;BID;;;;;
20251107;064057.436;;25316.50;25316.50;1;ASK;;;;;
20251107;064057.460;;25316.25;25316.25;1;ASK;;;;;
20251107;064057.460;25315.25;;25315.25;1;BID;;;;;
20251107;064057.460;;25316.00;25316.00;1;ASK;;;;;
20251107;064058.532;25315.50;;25315.50;1;BID;;;;;
20251107;064058.532;;25316.25;25316.25;1;ASK;;;;;
20251107;064058.792;25315.25;;25315.25;1;BID;;;;;
20251107;064058.792;;25316.00;25316.00;1;ASK;;;;;
20251107;064059.124;25315.25;;25315.25;1;BID;;;;;
20251107;064059.124;25315.00;;25315.00;1;BID;;;;;
20251107;064059.124;;25315.75;25315.75;1;ASK;;;;;
20251107;064059.128;;25316.00;25316.00;1;ASK;;;;;
20251107;064059.128;25315.25;;25315.25;1;BID;;;;;
20251107;064059.132;25315.00;;25315.00;1;BID;;;;;
20251107;064059.148;25315.25;;25315.25;1;BID;;;;;
20251107;064059.156;;25316.25;25316.25;1;ASK;;;;;
20251107;064059.172;25315.50;;25315.50;1;BID;;;;;
20251107;064059.192;25315.25;;25315.25;1;BID;;;;;
20251107;064059.192;;25316.00;25316.00;1;ASK;;;;;
20251107;064059.204;;25316.25;25316.25;1;ASK;;;;;
20251107;064059.268;;25316.00;25316.00;1;ASK;;;;;
20251107;064059.680;;25316.00;25316.00;1;ASK;;;;;
20251107;064059.680;;25316.25;25316.25;1;ASK;;;;;
20251107;064059.680;;25316.25;25316.25;1;ASK;;;;;
20251107;064059.680;;25316.50;25316.50;1;ASK;;;;;
20251107;064059.680;25315.50;;25315.50;1;BID;;;;;
20251107;064059.680;25315.50;;25315.50;2;BID;;;;;
20251107;064059.680;25315.50;;25315.50;3;BID;;;;;
20251107;064059.680;;25316.25;25316.25;1;ASK;;;;;
20251107;064059.680;;25316.50;25316.50;1;ASK;;;;;
20251107;064059.680;25315.75;;25315.75;1;BID;;;;;
20251107;064059.832;25316.00;;25316.00;1;BID;;;;;
20251107;064059.892;25315.75;;25315.75;1;BID;;;;;
20251107;064059.948;25316.00;;25316.00;1;BID;;;;;
20251107;064100.024;25316.00;;25316.00;1;BID;;;;;
20251107;064100.024;25315.75;;25315.75;1;BID;;;;;
20251107;064100.024;25315.50;;25315.50;1;BID;;;;;
20251107;064100.024;25315.50;;25315.50;3;BID;;;;;
20251107;064100.024;25315.50;;25315.50;2;BID;;;;;
20251107;064100.024;25315.50;;25315.50;1;BID;;;;;
20251107;064100.024;25315.75;;25315.75;1;BID;;;;;
20251107;064100.024;25315.50;;25315.50;1;BID;;;;;
20251107;064100.024;;25316.25;25316.25;1;ASK;;;;;
20251107;064100.024;;25316.50;25316.50;1;ASK;;;;;
20251107;064100.024;;25316.50;25316.50;2;ASK;;;;;
20251107;064100.024;;25316.25;25316.25;1;ASK;;;;;
20251107;064100.024;;25316.50;25316.50;2;ASK;;;;;
20251107;064100.024;25315.25;;25315.25;2;BID;;;;;
20251107;064100.108;;25316.25;25316.25;1;ASK;;;;;
20251107;064100.108;;25316.00;25316.00;1;ASK;;;;;
20251107;064100.120;;25316.25;25316.25;1;ASK;;;;;
20251107;064100.164;;25316.00;25316.00;1;ASK;;;;;
20251107;064100.168;;25316.25;25316.25;1;ASK;;;;;
20251107;064100.324;;25316.25;25316.25;1;ASK;;;;;
20251107;064100.324;;25316.50;25316.50;1;ASK;;;;;
20251107;064100.324;25315.50;;25315.50;1;BID;;;;;
20251107;064100.324;;25316.25;25316.25;1;ASK;;;;;
20251107;064100.352;25315.25;;25315.25;2;BID;;;;;
20251107;064100.352;25315.25;;25315.25;1;BID;;;;;
20251107;064100.352;;25316.00;25316.00;1;ASK;;;;;
20251107;064100.352;25315.00;;25315.00;1;BID;;;;;
20251107;064100.352;;25316.25;25316.25;1;ASK;;;;;
20251107;064100.352;25315.25;;25315.25;1;BID;;;;;
20251107;064100.448;25315.50;;25315.50;1;BID;;;;;
20251107;064100.448;;25316.50;25316.50;1;ASK;;;;;
20251107;064100.452;;25316.25;25316.25;1;ASK;;;;;
20251107;064100.452;25315.25;;25315.25;1;BID;;;;;
20251107;064100.464;;25316.25;25316.25;2;ASK;;;;;
20251107;064101.056;;25316.00;25316.00;1;ASK;;;;;
20251107;064101.056;;25316.00;25316.00;2;ASK;;;;;
20251107;064101.132;;25316.00;25316.00;1;ASK;;;;;
20251107;064101.148;25315.00;;25315.00;1;BID;;;;;
20251107;064101.148;25315.00;;25315.00;2;BID;;;;;
20251107;064101.148;25315.25;;25315.25;1;BID;;;;;
20251107;064101.168;25315.00;;25315.00;2;BID;;;;;
20251107;064101.284;;25315.75;25315.75;1;ASK;;;;;
20251107;064101.336;;25315.75;25315.75;2;ASK;;;;;
20251107;064101.336;25315.00;;25315.00;1;BID;;;;;
20251107;064101.336;25314.75;;25314.75;3;BID;;;;;
20251107;064101.336;25314.75;;25314.75;2;BID;;;;;
20251107;064101.508;25315.00;;25315.00;1;BID;;;;;
20251107;064101.508;;25315.75;25315.75;1;ASK;;;;;
20251107;064101.512;25314.75;;25314.75;2;BID;;;;;
20251107;064101.544;25315.00;;25315.00;1;BID;;;;;
20251107;064101.572;25314.75;;25314.75;2;BID;;;;;
20251107;064101.596;25315.00;;25315.00;1;BID;;;;;
20251107;064101.648;25314.75;;25314.75;2;BID;;;;;
20251107;064101.704;25315.00;;25315.00;1;BID;;;;;
20251107;064101.732;;25315.75;25315.75;1;ASK;;;;;
20251107;064101.732;;25316.00;25316.00;1;ASK;;;;;
20251107;064101.732;25315.25;;25315.25;1;BID;;;;;
20251107;064101.732;;25316.00;25316.00;1;ASK;;;;;
20251107;064101.732;;25316.25;25316.25;1;ASK;;;;;
20251107;064101.732;;25316.50;25316.50;1;ASK;;;;;
20251107;064101.732;25315.25;;25315.25;2;BID;;;;;
20251107;064101.732;25315.25;;25315.25;3;BID;;;;;
20251107;064101.732;25315.50;;25315.50;1;BID;;;;;
20251107;064101.732;25315.50;;25315.50;2;BID;;;;;
20251107;064101.736;25315.75;;25315.75;1;BID;;;;;
20251107;064101.736;25315.75;;25315.75;2;BID;;;;;
20251107;064101.736;25316.00;;25316.00;1;BID;;;;;
20251107;064101.736;;25316.50;25316.50;1;ASK;;;;;
20251107;064101.736;;25317.00;25317.00;1;ASK;;;;;
20251107;064101.736;25316.25;;25316.25;1;BID;;;;;
20251107;064101.736;;25317.25;25317.25;2;ASK;;;;;
20251107;064101.736;25316.50;;25316.50;1;BID;;;;;
20251107;064101.736;;25317.25;25317.25;1;ASK;;;;;
20251107;064101.736;;25317.50;25317.50;1;ASK;;;;;
20251107;064101.736;;25317.75;25317.75;2;ASK;;;;;
20251107;064101.736;;25317.75;25317.75;3;ASK;;;;;
20251107;064101.736;;25317.75;25317.75;2;ASK;;;;;
20251107;064101.736;;25317.25;25317.25;1;ASK;;;;;
20251107;064101.736;;25317.75;25317.75;2;ASK;;;;;
20251107;064101.736;;25317.50;25317.50;1;ASK;;;;;
20251107;064101.748;25316.75;;25316.75;1;BID;;;;;
20251107;064101.748;;25317.75;25317.75;2;ASK;;;;;
20251107;064101.748;25316.50;;25316.50;1;BID;;;;;
20251107;064101.748;;25317.50;25317.50;1;ASK;;;;;
20251107;064101.748;25316.75;;25316.75;1;BID;;;;;
20251107;064101.748;;25317.75;25317.75;2;ASK;;;;;
20251107;064101.796;;25317.50;25317.50;1;ASK;;;;;
20251107;064101.796;25316.50;;25316.50;1;BID;;;;;
20251107;064101.828;25316.75;;25316.75;1;BID;;;;;
20251107;064101.980;;25317.50;25317.50;1;ASK;;;;;
20251107;064101.980;;25317.75;25317.75;2;ASK;;;;;
20251107;064101.980;;25317.75;25317.75;1;ASK;;;;;
20251107;064101.980;;25317.50;25317.50;1;ASK;;;;;
20251107;064101.980;;25317.75;25317.75;1;ASK;;;;;
20251107;064101.984;25316.50;;25316.50;1;BID;;;;;
20251107;064101.984;;25317.50;25317.50;1;ASK;;;;;
20251107;064101.988;25316.50;;25316.50;2;BID;;;;;
20251107;064101.988;25316.75;;25316.75;1;BID;;;;;
20251107;064101.988;;25317.75;25317.75;1;ASK;;;;;
20251107;064101.988;25317.00;;25317.00;1;BID;;;;;
20251107;064101.996;25316.75;;25316.75;1;BID;;;;;
20251107;064102.024;25317.00;;25317.00;1;BID;;;;;
20251107;064102.024;;25318.00;25318.00;4;ASK;;;;;
20251107;064102.024;;25318.00;25318.00;3;ASK;;;;;
20251107;064102.024;;25317.75;25317.75;1;ASK;;;;;
20251107;064102.072;;25317.75;25317.75;1;ASK;;;;;
20251107;064102.072;;25318.00;25318.00;3;ASK;;;;;
20251107;064102.072;25317.25;;25317.25;1;BID;;;;;
20251107;064102.076;25317.00;;25317.00;1;BID;;;;;
20251107;064102.216;25317.25;;25317.25;1;BID;;;;;
20251107;064102.236;25317.00;;25317.00;1;BID;;;;;
20251107;064102.400;25317.25;;25317.25;1;BID;;;;;
20251107;064102.736;25317.25;;25317.25;1;BID;;;;;
20251107;064102.736;25317.00;;25317.00;1;BID;;;;;
20251107;064102.736;25316.75;;25316.75;1;BID;;;;;
20251107;064102.736;;25317.75;25317.75;1;ASK;;;;;
20251107;064102.736;25317.00;;25317.00;1;BID;;;;;
20251107;064102.736;;25317.75;25317.75;2;ASK;;;;;
20251107;064102.820;25316.75;;25316.75;1;BID;;;;;
20251107;064102.928;25316.50;;25316.50;2;BID;;;;;
20251107;064102.928;;25317.50;25317.50;1;ASK;;;;;
20251107;064102.928;25316.50;;25316.50;1;BID;;;;;
20251107;064102.928;25316.25;;25316.25;1;BID;;;;;
20251107;064102.928;;25317.25;25317.25;1;ASK;;;;;
20251107;064102.928;25316.50;;25316.50;1;BID;;;;;
20251107;064102.928;;25317.50;25317.50;1;ASK;;;;;
20251107;064103.032;;25317.25;25317.25;1;ASK;;;;;
20251107;064103.032;25316.25;;25316.25;1;BID;;;;;
20251107;064103.124;;25317.25;25317.25;2;ASK;;;;;
20251107;064103.124;25316.25;;25316.25;2;BID;;;;;
20251107;064103.124;25316.50;;25316.50;1;BID;;;;;
20251107;064103.124;;25317.25;25317.25;1;ASK;;;;;
20251107;064103.296;25316.75;;25316.75;1;BID;;;;;
20251107;064103.340;25316.50;;25316.50;1;BID;;;;;
20251107;064103.556;;25317.25;25317.25;1;ASK;;;;;
20251107;064103.556;;25317.50;25317.50;1;ASK;;;;;
20251107;064103.556;25316.50;;25316.50;2;BID;;;;;
20251107;064103.556;25316.50;;25316.50;3;BID;;;;;
20251107;064103.556;25316.75;;25316.75;1;BID;;;;;
20251107;064103.556;;25317.75;25317.75;2;ASK;;;;;
20251107;064103.556;25316.75;;25316.75;2;BID;;;;;
20251107;064103.556;25316.75;;25316.75;1;BID;;;;;
20251107;064103.556;;25317.75;25317.75;1;ASK;;;;;
20251107;064103.556;25317.00;;25317.00;1;BID;;;;;
20251107;064103.556;25316.75;;25316.75;1;BID;;;;;
20251107;064103.560;25317.00;;25317.00;1;BID;;;;;
20251107;064103.560;;25318.00;25318.00;3;ASK;;;;;
20251107;064103.564;25317.25;;25317.25;1;BID;;;;;
20251107;064103.564;25317.00;;25317.00;1;BID;;;;;
20251107;064103.564;;25317.75;25317.75;1;ASK;;;;;
20251107;064103.564;;25318.00;25318.00;3;ASK;;;;;
20251107;064103.564;25317.25;;25317.25;1;BID;;;;;
20251107;064103.740;;25318.00;25318.00;1;ASK;;;;;
20251107;064103.740;;25318.00;25318.00;2;ASK;;;;;
20251107;064103.740;;25318.50;25318.50;2;ASK;;;;;
20251107;064103.740;25317.50;;25317.50;1;BID;;;;;
20251107;064103.744;25317.75;;25317.75;1;BID;;;;;
20251107;064103.748;25317.50;;25317.50;1;BID;;;;;
20251107;064103.748;25317.50;;25317.50;2;BID;;;;;
20251107;064103.748;;25318.50;25318.50;1;ASK;;;;;
20251107;064103.748;25317.50;;25317.50;3;BID;;;;;
20251107;064103.748;25317.50;;25317.50;4;BID;;;;;
20251107;064103.748;25318.00;;25318.00;1;BID;;;;;
20251107;064103.748;25317.50;;25317.50;4;BID;;;;;
20251107;064103.748;25317.75;;25317.75;1;BID;;;;;
20251107;064103.752;25317.50;;25317.50;2;BID;;;;;
20251107;064103.752;25317.50;;25317.50;1;BID;;;;;
20251107;064103.752;25318.00;;25318.00;1;BID;;;;;
20251107;064103.752;;25318.50;25318.50;1;ASK;;;;;
20251107;064103.752;;25318.75;25318.75;1;ASK;;;;;
20251107;064103.752;25317.50;;25317.50;1;BID;;;;;
20251107;064103.756;25317.75;;25317.75;1;BID;;;;;
20251107;064103.756;25318.25;;25318.25;1;BID;;;;;
20251107;064103.756;25317.75;;25317.75;1;BID;;;;;
20251107;064103.756;25318.00;;25318.00;1;BID;;;;;
20251107;064103.756;25317.75;;25317.75;1;BID;;;;;
20251107;064103.756;25318.25;;25318.25;1;BID;;;;;
20251107;064103.760;25317.75;;25317.75;1;BID;;;;;
20251107;064103.760;25318.00;;25318.00;1;BID;;;;;
20251107;064103.760;25317.75;;25317.75;1;BID;;;;;
20251107;064103.768;;25318.75;25318.75;1;ASK;;;;;
20251107;064103.768;;25319.00;25319.00;1;ASK;;;;;
20251107;064103.768;;25319.00;25319.00;1;ASK;;;;;
20251107;064103.768;;25319.00;25319.00;3;ASK;;;;;
20251107;064103.768;25318.00;;25318.00;1;BID;;;;;
20251107;064103.768;;25319.00;25319.00;2;ASK;;;;;
20251107;064103.768;25318.25;;25318.25;1;BID;;;;;
20251107;064103.780;;25319.00;25319.00;1;ASK;;;;;
20251107;064103.780;;25319.00;25319.00;1;ASK;;;;;
20251107;064103.780;25318.50;;25318.50;1;BID;;;;;
20251107;064103.780;25318.50;;25318.50;2;BID;;;;;
20251107;064103.784;25318.50;;25318.50;1;BID;;;;;
20251107;064103.784;25318.25;;25318.25;3;BID;;;;;
20251107;064103.784;;25319.00;25319.00;2;ASK;;;;;
20251107;064103.784;25318.25;;25318.25;2;BID;;;;;
20251107;064103.872;25318.50;;25318.50;1;BID;;;;;
20251107;064104.080;;25319.00;25319.00;1;ASK;;;;;
20251107;064104.080;;25319.00;25319.00;1;ASK;;;;;
20251107;064104.080;25318.75;;25318.75;1;BID;;;;;
20251107;064104.080;;25319.00;25319.00;1;ASK;;;;;
20251107;064104.080;;25319.50;25319.50;4;ASK;;;;;
20251107;064104.080;;25319.50;25319.50;3;ASK;;;;;
20251107;064104.080;25319.00;;25319.00;1;BID;;;;;
20251107;064104.080;25318.75;;25318.75;1;BID;;;;;
20251107;064104.080;;25319.50;25319.50;1;ASK;;;;;
20251107;064104.080;;25319.50;25319.50;1;ASK;;;;;
20251107;064104.080;;25319.50;25319.50;1;ASK;;;;;
20251107;064104.080;;25319.75;25319.75;1;ASK;;;;;
20251107;064104.080;;25320.00;25320.00;1;ASK;;;;;
20251107;064104.080;;25320.00;25320.00;1;ASK;;;;;
20251107;064104.080;;25320.00;25320.00;1;ASK;;;;;
20251107;064104.080;;25320.00;25320.00;2;ASK;;;;;
20251107;064104.080;25319.25;;25319.25;1;BID;;;;;
20251107;064104.080;25318.75;;25318.75;1;BID;;;;;
20251107;064104.080;25319.00;;25319.00;1;BID;;;;;
20251107;064104.084;25319.00;;25319.00;2;BID;;;;;
20251107;064104.084;25319.25;;25319.25;1;BID;;;;;
20251107;064104.084;25319.00;;25319.00;3;BID;;;;;
20251107;064104.084;25319.00;;25319.00;2;BID;;;;;
20251107;064104.084;25319.00;;25319.00;1;BID;;;;;
20251107;064104.084;;25319.75;25319.75;1;ASK;;;;;
20251107;064104.084;25318.75;;25318.75;1;BID;;;;;
20251107;064104.084;;25319.50;25319.50;1;ASK;;;;;
20251107;064104.084;;25319.75;25319.75;1;ASK;;;;;
20251107;064104.084;25319.00;;25319.00;1;BID;;;;;
20251107;064104.096;;25320.00;25320.00;3;ASK;;;;;
20251107;064104.096;;25319.75;25319.75;1;ASK;;;;;
20251107;064104.096;25318.75;;25318.75;1;BID;;;;;
20251107;064104.096;;25319.50;25319.50;1;ASK;;;;;
20251107;064104.096;25318.75;;25318.75;2;BID;;;;;
20251107;064104.096;25319.00;;25319.00;1;BID;;;;;
20251107;064104.096;;25319.75;25319.75;1;ASK;;;;;
20251107;064104.096;25318.75;;25318.75;2;BID;;;;;
20251107;064104.100;;25319.50;25319.50;1;ASK;;;;;
20251107;064104.100;25318.75;;25318.75;1;BID;;;;;
20251107;064104.100;25318.75;;25318.75;1;BID;;;;;
20251107;064104.100;25318.50;;25318.50;1;BID;;;;;
20251107;064104.100;25318.25;;25318.25;2;BID;;;;;
20251107;064104.100;;25319.25;25319.25;1;ASK;;;;;
20251107;064104.100;;25319.50;25319.50;2;ASK;;;;;
20251107;064104.100;;25319.00;25319.00;1;ASK;;;;;
20251107;064104.100;25318.50;;25318.50;1;BID;;;;;
20251107;064104.100;;25319.50;25319.50;2;ASK;;;;;
20251107;064104.100;25318.25;;25318.25;2;BID;;;;;
20251107;064104.100;;25319.25;25319.25;1;ASK;;;;;
20251107;064104.100;25318.50;;25318.50;1;BID;;;;;
20251107;064104.100;25318.25;;25318.25;2;BID;;;;;
20251107;064104.108;25318.50;;25318.50;1;BID;;;;;
20251107;064104.112;;25319.50;25319.50;2;ASK;;;;;
20251107;064104.112;25318.75;;25318.75;1;BID;;;;;
20251107;064104.112;;25319.50;25319.50;1;ASK;;;;;
20251107;064104.112;;25319.75;25319.75;1;ASK;;;;;
20251107;064104.112;;25319.25;25319.25;1;ASK;;;;;
20251107;064104.112;25318.50;;25318.50;1;BID;;;;;
20251107;064104.112;;25319.75;25319.75;1;ASK;;;;;
20251107;064104.112;;25319.75;25319.75;2;ASK;;;;;
20251107;064104.112;;25319.75;25319.75;3;ASK;;;;;
20251107;064104.112;25318.75;;25318.75;1;BID;;;;;
20251107;064104.116;;25319.50;25319.50;1;ASK;;;;;
20251107;064104.116;25318.50;;25318.50;1;BID;;;;;
20251107;064104.116;;25319.25;25319.25;1;ASK;;;;;
20251107;064104.116;;25319.50;25319.50;1;ASK;;;;;
20251107;064104.116;25318.75;;25318.75;1;BID;;;;;
20251107;064104.120;25318.50;;25318.50;1;BID;;;;;
20251107;064104.120;;25319.25;25319.25;1;ASK;;;;;
20251107;064104.120;25318.25;;25318.25;2;BID;;;;;
20251107;064104.148;;25319.50;25319.50;1;ASK;;;;;
20251107;064104.148;25318.50;;25318.50;1;BID;;;;;
20251107;064104.148;25318.50;;25318.50;2;BID;;;;;
20251107;064104.148;25318.75;;25318.75;1;BID;;;;;
20251107;064104.148;25318.50;;25318.50;1;BID;;;;;
20251107;064104.148;;25319.75;25319.75;3;ASK;;;;;
20251107;064104.152;;25319.75;25319.75;2;ASK;;;;;
20251107;064104.152;;25319.75;25319.75;1;ASK;;;;;
20251107;064104.152;;25319.50;25319.50;1;ASK;;;;;
20251107;064104.152;;25319.25;25319.25;1;ASK;;;;;
20251107;064104.156;;25319.50;25319.50;1;ASK;;;;;
20251107;064104.156;;25319.25;25319.25;1;ASK;;;;;
20251107;064104.160;25318.25;;25318.25;2;BID;;;;;
20251107;064104.160;25318.50;;25318.50;1;BID;;;;;
20251107;064104.164;25318.25;;25318.25;2;BID;;;;;
20251107;064104.172;;25319.00;25319.00;1;ASK;;;;;
20251107;064104.224;;25319.25;25319.25;1;ASK;;;;;
20251107;064104.224;;25319.00;25319.00;1;ASK;;;;;
20251107;064104.224;25318.25;;25318.25;1;BID;;;;;
20251107;064104.292;25318.25;;25318.25;1;BID;;;;;
20251107;064104.292;25318.00;;25318.00;1;BID;;;;;
20251107;064104.292;25318.00;;25318.00;1;BID;;;;;
20251107;064104.292;25317.75;;25317.75;1;BID;;;;;
20251107;064104.292;25317.75;;25317.75;1;BID;;;;;
20251107;064104.292;25317.50;;25317.50;1;BID;;;;;
20251107;064104.292;25317.50;;25317.50;1;BID;;;;;
20251107;064104.292;25317.25;;25317.25;1;BID;;;;;
20251107;064104.292;25317.25;;25317.25;1;BID;;;;;
20251107;064104.292;25317.25;;25317.25;1;BID;;;;;
20251107;064104.292;25317.00;;25317.00;3;BID;;;;;
20251107;064104.292;;25318.75;25318.75;1;ASK;;;;;
20251107;064104.296;25317.00;;25317.00;2;BID;;;;;
20251107;064104.296;25317.00;;25317.00;1;BID;;;;;
20251107;064104.296;;25318.75;25318.75;2;ASK;;;;;
20251107;064104.296;;25318.75;25318.75;3;ASK;;;;;
20251107;064104.296;25317.25;;25317.25;1;BID;;;;;
20251107;064104.296;25317.75;;25317.75;1;BID;;;;;
20251107;064104.296;;25318.75;25318.75;4;ASK;;;;;
20251107;064104.296;;25318.75;25318.75;5;ASK;;;;;
20251107;064104.296;;25318.75;25318.75;6;ASK;;;;;
20251107;064104.296;;25318.75;25318.75;7;ASK;;;;;
20251107;064104.296;;25318.50;25318.50;1;ASK;;;;;
20251107;064104.296;;25318.50;25318.50;2;ASK;;;;;
20251107;064104.296;25317.75;;25317.75;1;BID;;;;;
20251107;064104.296;25317.25;;25317.25;1;BID;;;;;
20251107;064104.296;;25318.50;25318.50;3;ASK;;;;;
20251107;064104.296;;25318.50;25318.50;4;ASK;;;;;
20251107;064104.296;;25318.50;25318.50;5;ASK;;;;;
20251107;064104.296;;25318.50;25318.50;6;ASK;;;;;
20251107;064104.296;;25318.25;25318.25;1;ASK;;;;;
20251107;064104.296;;25318.25;25318.25;2;ASK;;;;;
20251107;064104.296;;25318.00;25318.00;1;ASK;;;;;
20251107;064104.296;;25317.75;25317.75;1;ASK;;;;;
20251107;064104.296;;25318.00;25318.00;1;ASK;;;;;
20251107;064104.296;;25318.25;25318.25;3;ASK;;;;;
20251107;064104.296;;25318.25;25318.25;2;ASK;;;;;
20251107;064104.300;25317.50;;25317.50;1;BID;;;;;
20251107;064104.300;;25318.25;25318.25;1;ASK;;;;;
20251107;064104.300;;25318.50;25318.50;2;ASK;;;;;
20251107;064104.300;;25318.25;25318.25;1;ASK;;;;;
20251107;064104.300;25317.25;;25317.25;1;BID;;;;;
20251107;064104.300;;25318.00;25318.00;1;ASK;;;;;
20251107;064104.300;;25318.25;25318.25;1;ASK;;;;;
20251107;064104.300;25316.75;;25316.75;1;BID;;;;;
20251107;064104.300;25316.75;;25316.75;2;BID;;;;;
20251107;064104.300;25316.75;;25316.75;1;BID;;;;;
20251107;064104.300;25316.75;;25316.75;2;BID;;;;;
20251107;064104.300;25317.00;;25317.00;1;BID;;;;;
20251107;064104.304;25317.25;;25317.25;1;BID;;;;;
20251107;064104.312;;25318.00;25318.00;1;ASK;;;;;
20251107;064104.312;25317.00;;25317.00;1;BID;;;;;
20251107;064104.312;25317.25;;25317.25;1;BID;;;;;
20251107;064104.312;;25318.25;25318.25;1;ASK;;;;;
20251107;064104.312;;25318.00;25318.00;1;ASK;;;;;
20251107;064104.320;25317.00;;25317.00;1;BID;;;;;
20251107;064104.368;25317.25;;25317.25;1;BID;;;;;
20251107;064104.396;25317.00;;25317.00;1;BID;;;;;
20251107;064104.416;;25317.75;25317.75;1;ASK;;;;;
20251107;064104.452;25317.25;;25317.25;1;BID;;;;;
20251107;064104.452;;25318.00;25318.00;1;ASK;;;;;
20251107;064104.512;;25318.00;25318.00;2;ASK;;;;;
20251107;064104.512;25317.00;;25317.00;1;BID;;;;;
20251107;064104.512;;25317.75;25317.75;1;ASK;;;;;
20251107;064104.512;25316.50;;25316.50;3;BID;;;;;
20251107;064104.512;25316.50;;25316.50;2;BID;;;;;
20251107;064104.512;;25317.50;25317.50;1;ASK;;;;;
20251107;064104.512;25316.50;;25316.50;1;BID;;;;;
20251107;064104.512;25316.00;;25316.00;3;BID;;;;;
20251107;064104.512;25316.00;;25316.00;2;BID;;;;;
20251107;064104.512;25316.25;;25316.25;1;BID;;;;;
20251107;064104.512;25316.50;;25316.50;1;BID;;;;;
20251107;064104.512;;25317.25;25317.25;1;ASK;;;;;
20251107;064104.512;;25317.50;25317.50;1;ASK;;;;;
20251107;064104.536;;25317.50;25317.50;2;ASK;;;;;
20251107;064104.536;;25317.25;25317.25;1;ASK;;;;;
20251107;064104.536;25316.25;;25316.25;1;BID;;;;;
20251107;064104.536;;25317.00;25317.00;1;ASK;;;;;
20251107;064104.536;;25317.25;25317.25;1;ASK;;;;;
20251107;064104.536;;25317.00;25317.00;1;ASK;;;;;
20251107;064104.536;;25317.25;25317.25;1;ASK;;;;;
20251107;064104.560;25316.50;;25316.50;1;BID;;;;;
20251107;064104.560;25316.25;;25316.25;2;BID;;;;;
20251107;064104.560;25316.25;;25316.25;1;BID;;;;;
20251107;064104.568;25316.50;;25316.50;1;BID;;;;;
20251107;064104.612;25316.25;;25316.25;1;BID;;;;;
20251107;064104.612;;25317.50;25317.50;3;ASK;;;;;
20251107;064104.612;25316.50;;25316.50;1;BID;;;;;
20251107;064104.612;;25317.50;25317.50;2;ASK;;;;;
20251107;064104.612;;25317.25;25317.25;1;ASK;;;;;
20251107;064104.612;25316.25;;25316.25;1;BID;;;;;
20251107;064104.756;25316.50;;25316.50;1;BID;;;;;
20251107;064104.756;;25317.50;25317.50;2;ASK;;;;;
20251107;064104.756;;25317.25;25317.25;1;ASK;;;;;
20251107;064104.756;25316.25;;25316.25;1;BID;;;;;
20251107;064104.756;25316.00;;25316.00;2;BID;;;;;
20251107;064104.756;;25317.00;25317.00;1;ASK;;;;;
20251107;064104.756;25316.00;;25316.00;1;BID;;;;;
20251107;064104.756;25315.75;;25315.75;1;BID;;;;;
20251107;064104.756;25315.75;;25315.75;2;BID;;;;;
20251107;064104.756;25316.00;;25316.00;1;BID;;;;;
20251107;064104.756;;25317.25;25317.25;1;ASK;;;;;
20251107;064104.756;25316.25;;25316.25;1;BID;;;;;
20251107;064104.796;;25317.25;25317.25;2;ASK;;;;;
20251107;064104.796;;25317.00;25317.00;1;ASK;;;;;
20251107;064104.796;25316.00;;25316.00;1;BID;;;;;
20251107;064104.800;25316.00;;25316.00;2;BID;;;;;
20251107;064104.800;25316.25;;25316.25;1;BID;;;;;
20251107;064104.800;;25317.25;25317.25;2;ASK;;;;;
20251107;064104.900;25316.50;;25316.50;1;BID;;;;;
20251107;064104.964;;25317.25;25317.25;1;ASK;;;;;
20251107;064104.964;;25317.25;25317.25;1;ASK;;;;;
20251107;064104.964;;25317.50;25317.50;1;ASK;;;;;
20251107;064104.964;;25317.75;25317.75;1;ASK;;;;;
20251107;064104.964;;25317.75;25317.75;1;ASK;;;;;
20251107;064104.964;25316.75;;25316.75;1;BID;;;;;
20251107;064104.964;;25318.00;25318.00;1;ASK;;;;;
20251107;064104.964;25317.00;;25317.00;1;BID;;;;;
20251107;064104.964;;25317.75;25317.75;1;ASK;;;;;
20251107;064104.964;25317.00;;25317.00;2;BID;;;;;
20251107;064104.964;25317.00;;25317.00;1;BID;;;;;
20251107;064104.968;25317.00;;25317.00;2;BID;;;;;
20251107;064104.968;25317.25;;25317.25;1;BID;;;;;
20251107;064104.968;25317.00;;25317.00;2;BID;;;;;
20251107;064104.968;25317.00;;25317.00;1;BID;;;;;
20251107;064104.968;25317.25;;25317.25;1;BID;;;;;
20251107;064104.968;25317.00;;25317.00;1;BID;;;;;
20251107;064105.192;;25317.50;25317.50;1;ASK;;;;;
20251107;064105.192;25316.75;;25316.75;3;BID;;;;;
20251107;064105.192;25316.75;;25316.75;2;BID;;;;;
20251107;064105.192;25316.75;;25316.75;1;BID;;;;;
20251107;064105.192;;25317.25;25317.25;1;ASK;;;;;
20251107;064105.192;25316.50;;25316.50;2;BID;;;;;
20251107;064105.192;25316.50;;25316.50;1;BID;;;;;
20251107;064105.196;25316.25;;25316.25;2;BID;;;;;
20251107;064105.196;25316.50;;25316.50;1;BID;;;;;
20251107;064105.196;;25317.50;25317.50;1;ASK;;;;;
20251107;064105.200;25316.50;;25316.50;2;BID;;;;;
20251107;064105.204;;25317.25;25317.25;1;ASK;;;;;
20251107;064105.212;25316.50;;25316.50;1;BID;;;;;
20251107;064105.248;25316.25;;25316.25;1;BID;;;;;
20251107;064105.248;;25317.00;25317.00;1;ASK;;;;;
20251107;064105.248;25316.25;;25316.25;2;BID;;;;;
20251107;064105.248;;25317.25;25317.25;1;ASK;;;;;
20251107;064105.248;;25317.50;25317.50;1;ASK;;;;;
20251107;064105.248;25316.50;;25316.50;1;BID;;;;;
20251107;064105.268;;25317.25;25317.25;1;ASK;;;;;
20251107;064105.328;;25317.25;25317.25;2;ASK;;;;;
20251107;064105.328;25316.25;;25316.25;1;BID;;;;;
20251107;064105.328;25316.25;;25316.25;2;BID;;;;;
20251107;064105.328;25316.50;;25316.50;1;BID;;;;;
20251107;064105.328;25316.25;;25316.25;2;BID;;;;;
20251107;064105.372;25316.25;;25316.25;1;BID;;;;;
20251107;064105.372;;25317.00;25317.00;1;ASK;;;;;
20251107;064105.372;25316.00;;25316.00;2;BID;;;;;
20251107;064105.372;25316.00;;25316.00;1;BID;;;;;
20251107;064105.380;25316.00;;25316.00;2;BID;;;;;
20251107;064105.380;25316.25;;25316.25;1;BID;;;;;
20251107;064105.408;25316.50;;25316.50;1;BID;;;;;
20251107;064105.408;;25317.25;25317.25;2;ASK;;;;;
20251107;064105.576;25316.25;;25316.25;1;BID;;;;;
20251107;064105.580;;25317.00;25317.00;1;ASK;;;;;
20251107;064105.588;25316.25;;25316.25;2;BID;;;;;
20251107;064105.640;25316.50;;25316.50;1;BID;;;;;
20251107;064105.640;;25317.25;25317.25;2;ASK;;;;;
20251107;064105.640;;25317.25;25317.25;1;ASK;;;;;
20251107;064105.936;25316.50;;25316.50;1;BID;;;;;
20251107;064105.936;25316.25;;25316.25;3;BID;;;;;
20251107;064105.936;;25317.00;25317.00;1;ASK;;;;;
20251107;064105.936;25316.25;;25316.25;2;BID;;;;;
20251107;064105.936;25316.25;;25316.25;1;BID;;;;;
20251107;064105.936;;25317.25;25317.25;1;ASK;;;;;
20251107;064106.012;;25317.00;25317.00;1;ASK;;;;;
20251107;064106.012;25316.00;;25316.00;2;BID;;;;;
20251107;064106.120;25316.25;;25316.25;1;BID;;;;;
20251107;064106.384;25316.00;;25316.00;2;BID;;;;;
20251107;064106.384;;25316.75;25316.75;1;ASK;;;;;
20251107;064106.384;25316.00;;25316.00;1;BID;;;;;
20251107;064106.384;;25317.00;25317.00;1;ASK;;;;;
20251107;064106.396;25315.50;;25315.50;4;BID;;;;;
20251107;064106.396;25315.50;;25315.50;3;BID;;;;;
20251107;064106.400;25315.50;;25315.50;2;BID;;;;;
20251107;064106.400;25315.75;;25315.75;1;BID;;;;;
20251107;064106.400;25316.00;;25316.00;1;BID;;;;;
20251107;064106.416;;25316.75;25316.75;1;ASK;;;;;
20251107;064106.416;;25316.50;25316.50;1;ASK;;;;;
20251107;064106.416;25315.75;;25315.75;1;BID;;;;;
20251107;064106.416;25315.50;;25315.50;2;BID;;;;;
20251107;064106.416;25315.50;;25315.50;1;BID;;;;;
20251107;064106.416;;25316.75;25316.75;1;ASK;;;;;
20251107;064106.416;25315.75;;25315.75;1;BID;;;;;
20251107;064106.428;;25316.50;25316.50;1;ASK;;;;;
20251107;064106.432;;25316.50;25316.50;2;ASK;;;;;
20251107;064106.456;25315.25;;25315.25;1;BID;;;;;
20251107;064106.456;25315.25;;25315.25;2;BID;;;;;
20251107;064106.456;25315.25;;25315.25;3;BID;;;;;
20251107;064106.456;25315.25;;25315.25;4;BID;;;;;
20251107;064106.456;25315.50;;25315.50;1;BID;;;;;
20251107;064106.512;;25316.25;25316.25;1;ASK;;;;;
20251107;064106.512;25315.25;;25315.25;3;BID;;;;;
20251107;064106.512;25315.25;;25315.25;2;BID;;;;;
20251107;064106.512;25315.25;;25315.25;1;BID;;;;;
20251107;064106.512;25315.00;;25315.00;2;BID;;;;;
20251107;064106.512;25315.00;;25315.00;1;BID;;;;;
20251107;064106.512;25315.00;;25315.00;2;BID;;;;;
20251107;064106.512;25315.25;;25315.25;1;BID;;;;;
20251107;064106.512;25315.50;;25315.50;1;BID;;;;;
20251107;064106.520;25315.25;;25315.25;1;BID;;;;;
20251107;064106.520;;25316.25;25316.25;2;ASK;;;;;
20251107;064106.520;;25316.00;25316.00;1;ASK;;;;;
20251107;064106.520;25315.00;;25315.00;1;BID;;;;;
20251107;064106.520;25314.75;;25314.75;2;BID;;;;;
20251107;064106.520;;25316.25;25316.25;1;ASK;;;;;
20251107;064106.520;25314.75;;25314.75;3;BID;;;;;
20251107;064106.520;25314.75;;25314.75;4;BID;;;;;
20251107;064106.520;25315.00;;25315.00;1;BID;;;;;
20251107;064106.520;25315.25;;25315.25;1;BID;;;;;
20251107;064106.520;25315.50;;25315.50;1;BID;;;;;
20251107;064106.520;;25316.50;25316.50;1;ASK;;;;;
20251107;064106.524;25315.75;;25315.75;1;BID;;;;;
20251107;064106.524;;25316.75;25316.75;1;ASK;;;;;
20251107;064106.524;25315.50;;25315.50;3;BID;;;;;
20251107;064106.524;25315.50;;25315.50;2;BID;;;;;
20251107;064106.524;25316.00;;25316.00;1;BID;;;;;
20251107;064106.524;;25317.00;25317.00;1;ASK;;;;;
20251107;064106.544;;25316.75;25316.75;1;ASK;;;;;
20251107;064106.544;25315.50;;25315.50;2;BID;;;;;
20251107;064106.544;;25316.50;25316.50;1;ASK;;;;;
20251107;064106.564;25315.75;;25315.75;1;BID;;;;;
20251107;064106.564;;25316.75;25316.75;1;ASK;;;;;
20251107;064106.564;25316.00;;25316.00;1;BID;;;;;
20251107;064106.564;;25317.00;25317.00;2;ASK;;;;;
20251107;064106.564;;25317.00;25317.00;1;ASK;;;;;
20251107;064106.564;25316.25;;25316.25;1;BID;;;;;
20251107;064106.564;;25317.50;25317.50;1;ASK;;;;;
20251107;064106.564;;25317.50;25317.50;2;ASK;;;;;
20251107;064106.564;;25317.25;25317.25;1;ASK;;;;;
20251107;064106.564;;25317.25;25317.25;2;ASK;;;;;
20251107;064106.564;25316.00;;25316.00;1;BID;;;;;
20251107;064106.564;;25317.00;25317.00;1;ASK;;;;;
20251107;064106.564;;25316.75;25316.75;1;ASK;;;;;
20251107;064106.588;25316.00;;25316.00;2;BID;;;;;
20251107;064106.588;;25317.00;25317.00;1;ASK;;;;;
20251107;064106.664;;25317.00;25317.00;1;ASK;;;;;
20251107;064106.664;;25317.25;25317.25;1;ASK;;;;;
20251107;064106.664;;25317.25;25317.25;2;ASK;;;;;
20251107;064106.664;25316.25;;25316.25;1;BID;;;;;
20251107;064106.664;;25317.25;25317.25;1;ASK;;;;;
20251107;064106.664;;25317.50;25317.50;2;ASK;;;;;
20251107;064106.664;25316.50;;25316.50;1;BID;;;;;
20251107;064106.668;;25317.25;25317.25;1;ASK;;;;;
20251107;064106.668;25316.25;;25316.25;1;BID;;;;;
20251107;064106.760;;25317.25;25317.25;2;ASK;;;;;
20251107;064106.760;;25317.00;25317.00;1;ASK;;;;;
20251107;064106.760;25316.00;;25316.00;2;BID;;;;;
20251107;064106.804;25316.25;;25316.25;1;BID;;;;;
20251107;064106.804;;25317.25;25317.25;2;ASK;;;;;
20251107;064106.836;;25317.25;25317.25;1;ASK;;;;;
20251107;064106.836;;25317.25;25317.25;1;ASK;;;;;
20251107;064106.836;25316.50;;25316.50;1;BID;;;;;
20251107;064106.840;25316.25;;25316.25;1;BID;;;;;
20251107;064106.864;25316.50;;25316.50;1;BID;;;;;
20251107;064107.324;25316.50;;25316.50;1;BID;;;;;
20251107;064107.324;25316.25;;25316.25;1;BID;;;;;
20251107;064107.324;;25317.00;25317.00;1;ASK;;;;;
20251107;064107.324;25316.00;;25316.00;2;BID;;;;;
20251107;064107.324;;25317.25;25317.25;2;ASK;;;;;
20251107;064107.324;;25316.75;25316.75;1;ASK;;;;;
20251107;064107.328;25316.00;;25316.00;1;BID;;;;;
20251107;064107.328;;25317.00;25317.00;1;ASK;;;;;
20251107;064107.344;;25316.75;25316.75;1;ASK;;;;;
20251107;064107.348;;25316.50;25316.50;1;ASK;;;;;
20251107;064107.348;;25316.75;25316.75;1;ASK;;;;;
20251107;064107.348;;25317.00;25317.00;1;ASK;;;;;
20251107;064107.348;;25317.00;25317.00;2;ASK;;;;;
20251107;064107.348;;25316.75;25316.75;1;ASK;;;;;
20251107;064107.376;;25316.75;25316.75;2;ASK;;;;;
20251107;064107.376;25315.75;;25315.75;1;BID;;;;;
20251107;064107.376;;25316.50;25316.50;1;ASK;;;;;
20251107;064107.376;25315.50;;25315.50;3;BID;;;;;
20251107;064107.376;25315.50;;25315.50;2;BID;;;;;
20251107;064107.376;;25316.25;25316.25;1;ASK;;;;;
20251107;064107.376;;25316.50;25316.50;1;ASK;;;;;
20251107;064107.428;25315.75;;25315.75;1;BID;;;;;
20251107;064107.428;;25316.75;25316.75;2;ASK;;;;;
20251107;064107.576;;25316.50;25316.50;1;ASK;;;;;
20251107;064107.576;25315.50;;25315.50;1;BID;;;;;
20251107;064107.576;25315.25;;25315.25;1;BID;;;;;
20251107;064107.576;;25316.25;25316.25;1;ASK;;;;;
20251107;064107.580;25315.50;;25315.50;1;BID;;;;;
20251107;064107.580;;25316.50;25316.50;1;ASK;;;;;
20251107;064107.588;;25316.25;25316.25;1;ASK;;;;;
20251107;064107.588;25315.25;;25315.25;1;BID;;;;;
20251107;064107.592;25315.50;;25315.50;1;BID;;;;;
20251107;064107.592;;25316.50;25316.50;1;ASK;;;;;
20251107;064107.628;;25316.50;25316.50;2;ASK;;;;;
20251107;064107.628;;25316.25;25316.25;1;ASK;;;;;
20251107;064107.628;25315.25;;25315.25;1;BID;;;;;
20251107;064107.628;;25316.00;25316.00;1;ASK;;;;;
20251107;064107.844;;25316.00;25316.00;1;ASK;;;;;
20251107;064107.844;;25316.25;25316.25;1;ASK;;;;;
20251107;064107.844;25315.50;;25315.50;1;BID;;;;;
20251107;064107.844;;25316.50;25316.50;2;ASK;;;;;
20251107;064107.844;;25316.50;25316.50;1;ASK;;;;;
20251107;064107.844;;25316.25;25316.25;1;ASK;;;;;
20251107;064107.844;25315.25;;25315.25;1;BID;;;;;
20251107;064108.100;;25316.25;25316.25;1;ASK;;;;;
20251107;064108.100;;25316.50;25316.50;1;ASK;;;;;
20251107;064108.100;25315.50;;25315.50;1;BID;;;;;
20251107;064108.100;;25316.75;25316.75;1;ASK;;;;;
20251107;064108.100;25315.75;;25315.75;1;BID;;;;;
20251107;064108.100;;25317.00;25317.00;2;ASK;;;;;
20251107;064108.100;;25317.00;25317.00;1;ASK;;;;;
20251107;064108.100;;25316.75;25316.75;1;ASK;;;;;
20251107;064108.124;;25316.75;25316.75;2;ASK;;;;;
20251107;064108.124;;25316.50;25316.50;1;ASK;;;;;
20251107;064108.124;25315.50;;25315.50;1;BID;;;;;
20251107;064108.176;25315.75;;25315.75;1;BID;;;;;
20251107;064108.176;25315.50;;25315.50;1;BID;;;;;
20251107;064108.176;;25316.25;25316.25;1;ASK;;;;;
20251107;064108.352;;25316.25;25316.25;2;ASK;;;;;
20251107;064108.352;25315.25;;25315.25;4;BID;;;;;
20251107;064108.352;25315.25;;25315.25;3;BID;;;;;
20251107;064108.352;25315.25;;25315.25;2;BID;;;;;
20251107;064108.372;25315.50;;25315.50;1;BID;;;;;
20251107;064108.372;;25316.25;25316.25;1;ASK;;;;;
20251107;064108.424;25315.50;;25315.50;1;BID;;;;;
20251107;064108.424;25315.25;;25315.25;1;BID;;;;;
20251107;064108.424;;25316.00;25316.00;1;ASK;;;;;
20251107;064108.428;25315.00;;25315.00;2;BID;;;;;
20251107;064108.428;25315.00;;25315.00;1;BID;;;;;
20251107;064108.428;25315.25;;25315.25;1;BID;;;;;
20251107;064108.428;;25316.25;25316.25;1;ASK;;;;;
20251107;064108.460;;25316.00;25316.00;1;ASK;;;;;
20251107;064108.460;25315.00;;25315.00;1;BID;;;;;
20251107;064108.464;25315.25;;25315.25;1;BID;;;;;
20251107;064108.464;25315.00;;25315.00;1;BID;;;;;
20251107;064108.616;25315.25;;25315.25;1;BID;;;;;
20251107;064108.616;;25316.25;25316.25;1;ASK;;;;;
20251107;064108.672;;25316.00;25316.00;1;ASK;;;;;
20251107;064108.672;25315.00;;25315.00;1;BID;;;;;
20251107;064108.692;25315.00;;25315.00;1;BID;;;;;
20251107;064108.692;25314.75;;25314.75;5;BID;;;;;
20251107;064108.692;;25315.75;25315.75;1;ASK;;;;;
20251107;064108.692;25314.75;;25314.75;4;BID;;;;;
20251107;064108.692;25315.00;;25315.00;1;BID;;;;;
20251107;064108.692;;25316.00;25316.00;1;ASK;;;;;
20251107;064108.696;25315.25;;25315.25;1;BID;;;;;
20251107;064108.696;;25316.25;25316.25;1;ASK;;;;;
20251107;064108.724;25315.25;;25315.25;2;BID;;;;;
20251107;064108.724;25315.50;;25315.50;1;BID;;;;;
20251107;064108.728;25315.25;;25315.25;1;BID;;;;;
20251107;064108.756;;25316.25;25316.25;2;ASK;;;;;
20251107;064108.756;;25316.00;25316.00;1;ASK;;;;;
20251107;064108.756;25315.00;;25315.00;1;BID;;;;;
20251107;064108.756;25315.25;;25315.25;1;BID;;;;;
20251107;064108.900;;25316.25;25316.25;2;ASK;;;;;
20251107;064108.900;25315.50;;25315.50;1;BID;;;;;
20251107;064108.900;25315.25;;25315.25;1;BID;;;;;
20251107;064108.960;;25316.25;25316.25;1;ASK;;;;;
20251107;064108.960;;25316.25;25316.25;1;ASK;;;;;
20251107;064108.960;;25316.50;25316.50;1;ASK;;;;;
20251107;064108.960;25315.50;;25315.50;1;BID;;;;;
20251107;064108.960;;25316.75;25316.75;2;ASK;;;;;
20251107;064108.960;25315.75;;25315.75;1;BID;;;;;
20251107;064108.964;;25316.75;25316.75;1;ASK;;;;;
20251107;064108.984;;25316.50;25316.50;1;ASK;;;;;
20251107;064108.984;25315.50;;25315.50;1;BID;;;;;
20251107;064108.992;25315.75;;25315.75;1;BID;;;;;
20251107;064108.992;;25316.75;25316.75;1;ASK;;;;;
20251107;064109.048;25316.00;;25316.00;1;BID;;;;;
20251107;064109.076;25315.75;;25315.75;1;BID;;;;;
20251107;064109.292;;25316.75;25316.75;2;ASK;;;;;
20251107;064109.456;25315.75;;25315.75;2;BID;;;;;
20251107;064109.456;25316.00;;25316.00;1;BID;;;;;
20251107;064109.456;;25316.75;25316.75;1;ASK;;;;;
20251107;064109.664;;25316.50;25316.50;1;ASK;;;;;
20251107;064109.664;25315.75;;25315.75;2;BID;;;;;
20251107;064109.768;25315.75;;25315.75;1;BID;;;;;
20251107;064110.396;;25316.50;25316.50;1;ASK;;;;;
20251107;064110.396;;25316.75;25316.75;1;ASK;;;;;
20251107;064110.396;;25317.00;25317.00;1;ASK;;;;;
20251107;064110.396;;25317.25;25317.25;2;ASK;;;;;
20251107;064110.396;25316.00;;25316.00;1;BID;;;;;
20251107;064110.396;;25317.25;25317.25;1;ASK;;;;;
20251107;064110.396;25316.00;;25316.00;2;BID;;;;;
20251107;064110.396;25316.25;;25316.25;1;BID;;;;;
20251107;064110.396;;25317.50;25317.50;2;ASK;;;;;
20251107;064110.396;;25317.25;25317.25;1;ASK;;;;;
20251107;064110.396;25316.50;;25316.50;1;BID;;;;;
20251107;064110.396;25316.25;;25316.25;1;BID;;;;;
20251107;064110.400;;25317.00;25317.00;1;ASK;;;;;
20251107;064110.400;25316.00;;25316.00;2;BID;;;;;
20251107;064110.404;25316.25;;25316.25;1;BID;;;;;
20251107;064110.404;;25317.25;25317.25;1;ASK;;;;;
20251107;064110.592;25316.25;;25316.25;1;BID;;;;;
20251107;064110.592;25316.00;;25316.00;2;BID;;;;;
20251107;064110.592;;25317.00;25317.00;1;ASK;;;;;
20251107;064110.600;;25316.75;25316.75;1;ASK;;;;;
20251107;064110.600;25316.00;;25316.00;1;BID;;;;;
20251107;064110.600;;25317.00;25317.00;1;ASK;;;;;
20251107;064110.828;;25317.00;25317.00;2;ASK;;;;;
20251107;064110.828;;25316.75;25316.75;1;ASK;;;;;
20251107;064110.828;25315.75;;25315.75;1;BID;;;;;
20251107;064110.832;;25316.50;25316.50;1;ASK;;;;;
20251107;064110.832;;25316.75;25316.75;1;ASK;;;;;
20251107;064110.952;;25316.75;25316.75;2;ASK;;;;;
20251107;064110.952;;25316.50;25316.50;1;ASK;;;;;
20251107;064110.952;;25316.75;25316.75;1;ASK;;;;;
20251107;064111.080;25315.75;;25315.75;2;BID;;;;;
20251107;064111.080;25316.00;;25316.00;1;BID;;;;;
20251107;064111.080;;25317.00;25317.00;3;ASK;;;;;
20251107;064111.080;;25317.00;25317.00;2;ASK;;;;;
20251107;064111.080;;25317.00;25317.00;1;ASK;;;;;
20251107;064111.196;25316.25;;25316.25;1;BID;;;;;
20251107;064111.196;;25317.25;25317.25;1;ASK;;;;;
20251107;064111.196;;25317.50;25317.50;3;ASK;;;;;
20251107;064111.196;;25317.50;25317.50;2;ASK;;;;;
20251107;064111.196;;25317.50;25317.50;1;ASK;;;;;
20251107;064111.200;;25317.25;25317.25;1;ASK;;;;;
20251107;064111.200;;25317.00;25317.00;1;ASK;;;;;
20251107;064111.200;;25317.25;25317.25;1;ASK;;;;;
20251107;064111.200;;25317.00;25317.00;1;ASK;;;;;
20251107;064111.232;;25317.00;25317.00;2;ASK;;;;;
20251107;064111.232;25316.00;;25316.00;1;BID;;;;;
20251107;064111.428;;25317.00;25317.00;3;ASK;;;;;
20251107;064111.428;;25316.75;25316.75;1;ASK;;;;;
20251107;064111.428;25315.75;;25315.75;2;BID;;;;;
20251107;064111.428;;25316.75;25316.75;2;ASK;;;;;
20251107;064112.520;;25316.50;25316.50;1;ASK;;;;;
20251107;064112.524;;25316.75;25316.75;2;ASK;;;;;
20251107;064112.572;;25316.75;25316.75;3;ASK;;;;;
20251107;064112.644;25315.75;;25315.75;1;BID;;;;;
20251107;064112.644;25315.75;;25315.75;1;BID;;;;;
20251107;064112.644;;25316.50;25316.50;1;ASK;;;;;
20251107;064113.376;;25316.75;25316.75;3;ASK;;;;;
20251107;064114.012;;25316.75;25316.75;4;ASK;;;;;
20251107;064114.012;;25316.50;25316.50;1;ASK;;;;;
20251107;064114.076;;25316.50;25316.50;2;ASK;;;;;
20251107;064114.464;;25316.50;25316.50;1;ASK;;;;;
20251107;064114.856;;25316.25;25316.25;1;ASK;;;;;
20251107;064114.856;25315.75;;25315.75;1;BID;;;;;
20251107;064114.856;25315.25;;25315.25;3;BID;;;;;
20251107;064114.856;;25316.25;25316.25;2;ASK;;;;;
20251107;064114.856;;25316.25;25316.25;3;ASK;;;;;
20251107;064114.856;25315.25;;25315.25;2;BID;;;;;
20251107;064114.856;;25316.25;25316.25;2;ASK;;;;;
20251107;064114.856;;25316.00;25316.00;1;ASK;;;;;
20251107;064114.856;25315.25;;25315.25;1;BID;;;;;
20251107;064114.856;;25316.25;25316.25;1;ASK;;;;;
20251107;064114.856;;25316.00;25316.00;1;ASK;;;;;
20251107;064114.856;25314.75;;25314.75;4;BID;;;;;
20251107;064114.860;25315.00;;25315.00;1;BID;;;;;
20251107;064114.868;;25316.00;25316.00;2;ASK;;;;;
20251107;064114.868;25315.00;;25315.00;2;BID;;;;;
20251107;064114.868;25315.25;;25315.25;1;BID;;;;;
20251107;064114.868;;25316.00;25316.00;1;ASK;;;;;
20251107;064114.908;;25316.00;25316.00;2;ASK;;;;;
20251107;064114.908;25315.00;;25315.00;3;BID;;;;;
20251107;064114.908;25315.00;;25315.00;2;BID;;;;;
20251107;064115.192;25315.00;;25315.00;1;BID;;;;;
20251107;064115.192;25314.75;;25314.75;5;BID;;;;;
20251107;064115.192;25314.75;;25314.75;4;BID;;;;;
20251107;064115.192;;25315.75;25315.75;1;ASK;;;;;
20251107;064115.192;25314.75;;25314.75;3;BID;;;;;
20251107;064115.192;25314.75;;25314.75;2;BID;;;;;
20251107;064115.192;;25315.50;25315.50;1;ASK;;;;;
20251107;064115.192;;25315.25;25315.25;1;ASK;;;;;
20251107;064115.192;;25315.50;25315.50;1;ASK;;;;;
20251107;064115.192;25314.75;;25314.75;2;BID;;;;;
20251107;064115.192;25314.50;;25314.50;5;BID;;;;;
20251107;064115.192;;25315.50;25315.50;2;ASK;;;;;
20251107;064115.192;;25315.50;25315.50;3;ASK;;;;;
20251107;064115.192;;25315.25;25315.25;1;ASK;;;;;
20251107;064115.192;25314.50;;25314.50;2;BID;;;;;
20251107;064115.192;25314.50;;25314.50;3;BID;;;;;
20251107;064115.192;25314.50;;25314.50;1;BID;;;;;
20251107;064115.192;25314.50;;25314.50;2;BID;;;;;
20251107;064115.192;25314.50;;25314.50;1;BID;;;;;
20251107;064115.192;25314.50;;25314.50;1;BID;;;;;
20251107;064115.192;;25315.25;25315.25;2;ASK;;;;;
20251107;064115.196;25314.50;;25314.50;1;BID;;;;;
20251107;064115.196;25314.25;;25314.25;1;BID;;;;;
20251107;064115.196;;25315.00;25315.00;1;ASK;;;;;
20251107;064115.196;;25315.00;25315.00;2;ASK;;;;;
20251107;064115.196;25314.00;;25314.00;1;BID;;;;;
20251107;064115.196;25313.50;;25313.50;2;BID;;;;;
20251107;064115.196;;25314.75;25314.75;1;ASK;;;;;
20251107;064115.196;;25314.50;25314.50;1;ASK;;;;;
20251107;064115.196;25313.50;;25313.50;1;BID;;;;;
20251107;064115.196;25313.75;;25313.75;1;BID;;;;;
20251107;064115.196;;25314.75;25314.75;1;ASK;;;;;
20251107;064115.196;25314.00;;25314.00;1;BID;;;;;
20251107;064115.196;;25315.00;25315.00;2;ASK;;;;;
20251107;064115.196;25313.75;;25313.75;1;BID;;;;;
20251107;064115.196;;25315.00;25315.00;1;ASK;;;;;
20251107;064115.196;25314.00;;25314.00;1;BID;;;;;
20251107;064115.196;25314.25;;25314.25;1;BID;;;;;
20251107;064115.196;25314.00;;25314.00;1;BID;;;;;
20251107;064115.348;;25315.00;25315.00;2;ASK;;;;;
20251107;064115.348;;25314.75;25314.75;1;ASK;;;;;
20251107;064115.348;;25315.00;25315.00;2;ASK;;;;;
20251107;064115.384;;25314.75;25314.75;1;ASK;;;;;
20251107;064115.384;25313.75;;25313.75;2;BID;;;;;
20251107;064115.412;;25314.75;25314.75;2;ASK;;;;;
20251107;064115.516;25313.75;;25313.75;1;BID;;;;;
20251107;064115.516;25313.75;;25313.75;1;BID;;;;;
20251107;064115.516;;25314.50;25314.50;1;ASK;;;;;
20251107;064115.516;25313.50;;25313.50;2;BID;;;;;
20251107;064115.516;25313.50;;25313.50;1;BID;;;;;
20251107;064115.516;;25314.25;25314.25;1;ASK;;;;;
20251107;064115.516;;25314.50;25314.50;1;ASK;;;;;
20251107;064115.516;25313.25;;25313.25;1;BID;;;;;
20251107;064115.516;25313.75;;25313.75;1;BID;;;;;
20251107;064115.516;;25314.75;25314.75;1;ASK;;;;;
20251107;064115.520;;25315.00;25315.00;1;ASK;;;;;
20251107;064115.520;25314.00;;25314.00;1;BID;;;;;
20251107;064115.520;25314.00;;25314.00;2;BID;;;;;
20251107;064115.520;25314.25;;25314.25;1;BID;;;;;
20251107;064115.520;;25315.25;25315.25;2;ASK;;;;;
20251107;064115.520;;25315.25;25315.25;1;ASK;;;;;
20251107;064115.520;25314.50;;25314.50;1;BID;;;;;
20251107;064115.520;;25315.50;25315.50;1;ASK;;;;;
20251107;064115.520;25314.25;;25314.25;1;BID;;;;;
20251107;064115.520;;25315.25;25315.25;1;ASK;;;;;
20251107;064115.520;;25315.25;25315.25;2;ASK;;;;;
20251107;064115.532;;25315.00;25315.00;1;ASK;;;;;
20251107;064115.532;25314.25;;25314.25;2;BID;;;;;
20251107;064115.544;;25315.25;25315.25;2;ASK;;;;;
20251107;064115.544;;25315.25;25315.25;1;ASK;;;;;
20251107;064115.544;25314.50;;25314.50;1;BID;;;;;
20251107;064115.556;;25315.25;25315.25;2;ASK;;;;;
20251107;064115.556;25314.25;;25314.25;1;BID;;;;;
20251107;064115.556;;25315.25;25315.25;3;ASK;;;;;
20251107;064115.588;;25315.00;25315.00;1;ASK;;;;;
20251107;064115.588;25314.00;;25314.00;3;BID;;;;;
20251107;064115.588;25314.25;;25314.25;1;BID;;;;;
20251107;064115.588;25314.00;;25314.00;2;BID;;;;;
20251107;064115.588;25314.00;;25314.00;1;BID;;;;;
20251107;064115.588;25313.75;;25313.75;3;BID;;;;;
20251107;064115.588;25314.00;;25314.00;1;BID;;;;;
20251107;064115.640;25314.25;;25314.25;1;BID;;;;;
20251107;064115.764;25314.00;;25314.00;1;BID;;;;;
20251107;064115.848;;25314.75;25314.75;1;ASK;;;;;
20251107;064115.848;25313.75;;25313.75;4;BID;;;;;
20251107;064115.848;25313.75;;25313.75;3;BID;;;;;
20251107;064115.848;25313.75;;25313.75;2;BID;;;;;
20251107;064115.848;;25314.50;25314.50;1;ASK;;;;;
20251107;064115.852;;25314.50;25314.50;1;ASK;;;;;
20251107;064115.852;;25314.75;25314.75;1;ASK;;;;;
20251107;064115.852;25314.00;;25314.00;1;BID;;;;;
20251107;064115.852;;25315.00;25315.00;1;ASK;;;;;
20251107;064115.852;;25315.25;25315.25;2;ASK;;;;;
20251107;064115.852;25314.00;;25314.00;2;BID;;;;;
20251107;064115.852;25314.25;;25314.25;1;BID;;;;;
20251107;064115.852;;25315.25;25315.25;1;ASK;;;;;
20251107;064115.852;;25315.50;25315.50;1;ASK;;;;;
20251107;064115.852;25314.50;;25314.50;1;BID;;;;;
20251107;064115.852;25314.50;;25314.50;1;BID;;;;;
20251107;064115.852;25314.25;;25314.25;1;BID;;;;;
20251107;064115.852;25314.00;;25314.00;3;BID;;;;;
20251107;064115.852;;25315.25;25315.25;1;ASK;;;;;
20251107;064115.852;25314.00;;25314.00;2;BID;;;;;
20251107;064115.852;;25315.25;25315.25;2;ASK;;;;;
20251107;064115.852;;25315.00;25315.00;1;ASK;;;;;
20251107;064115.852;25314.00;;25314.00;1;BID;;;;;
20251107;064115.852;25313.75;;25313.75;1;BID;;;;;
20251107;064115.852;;25314.75;25314.75;1;ASK;;;;;
20251107;064115.896;;25314.75;25314.75;2;ASK;;;;;
20251107;064115.896;25313.75;;25313.75;2;BID;;;;;
20251107;064115.896;25314.00;;25314.00;1;BID;;;;;
20251107;064115.900;;25314.75;25314.75;1;ASK;;;;;
20251107;064116.020;25314.25;;25314.25;1;BID;;;;;
20251107;064116.020;25314.00;;25314.00;1;BID;;;;;
20251107;064116.728;25314.25;;25314.25;1;BID;;;;;
20251107;064116.728;;25314.75;25314.75;1;ASK;;;;;
20251107;064116.728;;25315.25;25315.25;3;ASK;;;;;
20251107;064116.728;25314.50;;25314.50;1;BID;;;;;
20251107;064116.728;;25315.25;25315.25;2;ASK;;;;;
20251107;064116.728;;25315.25;25315.25;1;ASK;;;;;
20251107;064116.728;;25315.50;25315.50;2;ASK;;;;;
20251107;064116.728;;25315.50;25315.50;1;ASK;;;;;
20251107;064116.728;;25315.75;25315.75;1;ASK;;;;;
20251107;064116.728;25314.75;;25314.75;1;BID;;;;;
20251107;064116.728;;25316.00;25316.00;2;ASK;;;;;
20251107;064116.728;;25316.00;25316.00;1;ASK;;;;;
20251107;064116.728;;25315.75;25315.75;1;ASK;;;;;
20251107;064116.728;;25315.50;25315.50;1;ASK;;;;;
20251107;064116.732;;25315.75;25315.75;1;ASK;;;;;
20251107;064116.736;25315.00;;25315.00;1;BID;;;;;
20251107;064116.736;;25316.00;25316.00;2;ASK;;;;;
20251107;064116.736;25314.75;;25314.75;1;BID;;;;;
20251107;064116.736;;25316.00;25316.00;1;ASK;;;;;
20251107;064116.740;;25315.75;25315.75;1;ASK;;;;;
20251107;064116.764;25315.00;;25315.00;1;BID;;;;;
20251107;064116.764;;25316.00;25316.00;1;ASK;;;;;
20251107;064116.772;;25316.00;25316.00;2;ASK;;;;;
20251107;064116.772;;25315.75;25315.75;1;ASK;;;;;
20251107;064116.772;25314.75;;25314.75;1;BID;;;;;
20251107;064116.800;;25315.50;25315.50;1;ASK;;;;;
20251107;064116.848;;25315.75;25315.75;1;ASK;;;;;
20251107;064116.848;25315.00;;25315.00;1;BID;;;;;
20251107;064116.848;;25316.00;25316.00;2;ASK;;;;;
20251107;064116.848;;25316.00;25316.00;1;ASK;;;;;
20251107;064116.848;;25315.75;25315.75;1;ASK;;;;;
20251107;064116.848;25314.75;;25314.75;1;BID;;;;;
20251107;064116.872;25315.00;;25315.00;1;BID;;;;;
20251107;064116.876;25314.75;;25314.75;1;BID;;;;;
20251107;064116.944;25315.00;;25315.00;1;BID;;;;;
20251107;064116.944;;25316.00;25316.00;1;ASK;;;;;
20251107;064116.944;;25315.75;25315.75;1;ASK;;;;;
20251107;064116.944;25314.75;;25314.75;1;BID;;;;;
20251107;064116.984;;25315.75;25315.75;2;ASK;;;;;
20251107;064116.984;;25315.50;25315.50;1;ASK;;;;;
20251107;064116.984;25314.50;;25314.50;2;BID;;;;;
20251107;064116.984;25314.75;;25314.75;1;BID;;;;;
20251107;064117.060;25314.50;;25314.50;2;BID;;;;;
20251107;064117.112;25314.50;;25314.50;1;BID;;;;;
20251107;064117.152;25314.75;;25314.75;1;BID;;;;;
20251107;064117.152;;25315.75;25315.75;2;ASK;;;;;
20251107;064117.520;25314.75;;25314.75;1;BID;;;;;
20251107;064117.520;25314.50;;25314.50;1;BID;;;;;
20251107;064117.520;;25315.50;25315.50;1;ASK;;;;;
20251107;064117.520;;25315.50;25315.50;2;ASK;;;;;
20251107;064117.520;;25315.25;25315.25;1;ASK;;;;;
20251107;064117.520;;25315.50;25315.50;1;ASK;;;;;
20251107;064117.520;25314.75;;25314.75;1;BID;;;;;
20251107;064117.520;;25315.75;25315.75;1;ASK;;;;;
20251107;064117.540;;25315.75;25315.75;2;ASK;;;;;
20251107;064117.540;;25315.50;25315.50;1;ASK;;;;;
20251107;064117.540;;25315.50;25315.50;2;ASK;;;;;
20251107;064117.540;25314.50;;25314.50;1;BID;;;;;
20251107;064117.544;;25315.50;25315.50;1;ASK;;;;;
20251107;064117.544;;25315.25;25315.25;1;ASK;;;;;
20251107;064117.552;;25315.50;25315.50;1;ASK;;;;;
20251107;064117.576;25314.75;;25314.75;1;BID;;;;;
20251107;064117.580;;25315.75;25315.75;3;ASK;;;;;
20251107;064117.580;;25315.75;25315.75;2;ASK;;;;;
20251107;064117.580;;25315.50;25315.50;1;ASK;;;;;
20251107;064117.580;25314.50;;25314.50;1;BID;;;;;
20251107;064117.624;;25315.25;25315.25;1;ASK;;;;;
20251107;064117.624;25314.25;;25314.25;2;BID;;;;;
20251107;064117.624;25314.25;;25314.25;1;BID;;;;;
20251107;064117.624;25314.50;;25314.50;1;BID;;;;;
20251107;064117.624;;25315.50;25315.50;1;ASK;;;;;
20251107;064117.624;;25315.75;25315.75;1;ASK;;;;;
20251107;064117.624;25314.75;;25314.75;1;BID;;;;;
20251107;064117.640;;25315.75;25315.75;2;ASK;;;;;
20251107;064117.640;;25315.50;25315.50;1;ASK;;;;;
20251107;064117.640;25314.50;;25314.50;1;BID;;;;;
20251107;064117.668;25314.75;;25314.75;1;BID;;;;;
20251107;064117.668;;25315.75;25315.75;1;ASK;;;;;
20251107;064117.952;;25315.75;25315.75;2;ASK;;;;;
20251107;064118.084;;25315.50;25315.50;1;ASK;;;;;
20251107;064118.084;25314.50;;25314.50;1;BID;;;;;
20251107;064118.184;;25315.50;25315.50;1;ASK;;;;;
20251107;064118.184;;25315.75;25315.75;2;ASK;;;;;
20251107;064118.184;25314.75;;25314.75;1;BID;;;;;
20251107;064118.184;;25315.75;25315.75;1;ASK;;;;;
20251107;064118.184;25314.75;;25314.75;2;BID;;;;;
20251107;064118.188;25315.00;;25315.00;1;BID;;;;;
20251107;064118.200;25314.75;;25314.75;1;BID;;;;;
20251107;064118.200;25314.75;;25314.75;2;BID;;;;;
20251107;064118.200;25315.00;;25315.00;1;BID;;;;;
20251107;064118.200;25314.75;;25314.75;2;BID;;;;;
20251107;064118.248;25315.00;;25315.00;1;BID;;;;;
20251107;064118.276;25314.75;;25314.75;1;BID;;;;;
20251107;064118.300;25315.00;;25315.00;1;BID;;;;;
20251107;064118.460;25314.75;;25314.75;1;BID;;;;;
20251107;064118.460;;25315.50;25315.50;1;ASK;;;;;
20251107;064118.460;25314.50;;25314.50;1;BID;;;;;
20251107;064118.460;25314.75;;25314.75;1;BID;;;;;
20251107;064118.520;25314.50;;25314.50;1;BID;;;;;
20251107;064118.520;25314.50;;25314.50;2;BID;;;;;
20251107;064118.568;25314.75;;25314.75;1;BID;;;;;
20251107;064118.568;;25315.75;25315.75;1;ASK;;;;;
20251107;064118.568;25315.00;;25315.00;1;BID;;;;;
20251107;064118.592;25314.75;;25314.75;1;BID;;;;;
20251107;064118.592;25314.50;;25314.50;1;BID;;;;;
20251107;064118.592;;25315.50;25315.50;1;ASK;;;;;
20251107;064118.620;25314.75;;25314.75;1;BID;;;;;
20251107;064118.620;;25315.75;25315.75;1;ASK;;;;;
20251107;064119.256;25314.50;;25314.50;1;BID;;;;;
20251107;064119.256;;25315.50;25315.50;1;ASK;;;;;
20251107;064119.256;;25315.25;25315.25;1;ASK;;;;;
20251107;064119.256;25314.25;;25314.25;2;BID;;;;;
20251107;064119.256;;25315.00;25315.00;1;ASK;;;;;
20251107;064119.256;25314.25;;25314.25;1;BID;;;;;
20251107;064119.260;25314.00;;25314.00;1;BID;;;;;
20251107;064119.260;;25315.25;25315.25;1;ASK;;;;;
20251107;064119.260;25314.25;;25314.25;1;BID;;;;;
20251107;064119.260;;25315.50;25315.50;1;ASK;;;;;
20251107;064119.260;;25315.50;25315.50;2;ASK;;;;;
20251107;064119.260;25314.50;;25314.50;1;BID;;;;;
20251107;064119.604;;25315.50;25315.50;3;ASK;;;;;
20251107;064119.604;;25315.25;25315.25;1;ASK;;;;;
20251107;064119.604;25314.25;;25314.25;1;BID;;;;;
20251107;064119.604;;25315.00;25315.00;1;ASK;;;;;
20251107;064119.608;;25315.25;25315.25;1;ASK;;;;;
20251107;064119.608;;25315.25;25315.25;2;ASK;;;;;
20251107;064119.608;;25315.00;25315.00;1;ASK;;;;;
20251107;064119.628;25314.50;;25314.50;1;BID;;;;;
20251107;064119.628;;25315.25;25315.25;2;ASK;;;;;
20251107;064119.788;25314.25;;25314.25;1;BID;;;;;
20251107;064119.788;;25315.00;25315.00;1;ASK;;;;;
20251107;064119.788;25314.00;;25314.00;2;BID;;;;;
20251107;064119.788;25314.00;;25314.00;1;BID;;;;;
20251107;064119.792;25314.25;;25314.25;1;BID;;;;;
20251107;064119.792;;25315.25;25315.25;2;ASK;;;;;
20251107;064119.804;;25315.00;25315.00;1;ASK;;;;;
20251107;064119.804;25314.00;;25314.00;1;BID;;;;;
20251107;064119.804;;25314.75;25314.75;1;ASK;;;;;
20251107;064119.804;;25315.00;25315.00;1;ASK;;;;;
20251107;064119.804;25314.25;;25314.25;1;BID;;;;;
20251107;064119.804;;25315.25;25315.25;2;ASK;;;;;
20251107;064119.804;;25315.25;25315.25;1;ASK;;;;;
20251107;064119.808;25314.50;;25314.50;1;BID;;;;;
20251107;064119.808;;25315.50;25315.50;3;ASK;;;;;
20251107;064119.808;;25315.50;25315.50;2;ASK;;;;;
20251107;064119.808;;25315.50;25315.50;1;ASK;;;;;
20251107;064119.808;25314.75;;25314.75;1;BID;;;;;
20251107;064119.808;;25316.00;25316.00;1;ASK;;;;;
20251107;064119.808;;25316.00;25316.00;2;ASK;;;;;
20251107;064119.808;;25316.00;25316.00;3;ASK;;;;;
20251107;064119.808;;25315.75;25315.75;1;ASK;;;;;
20251107;064119.808;25314.50;;25314.50;1;BID;;;;;
20251107;064119.808;;25315.75;25315.75;2;ASK;;;;;
20251107;064119.808;25314.25;;25314.25;1;BID;;;;;
20251107;064119.808;;25315.50;25315.50;1;ASK;;;;;
20251107;064119.808;25314.25;;25314.25;2;BID;;;;;
20251107;064119.808;25314.25;;25314.25;1;BID;;;;;
20251107;064119.808;25314.50;;25314.50;1;BID;;;;;
20251107;064119.808;;25315.25;25315.25;1;ASK;;;;;
20251107;064119.808;25314.25;;25314.25;1;BID;;;;;
20251107;064119.844;25314.50;;25314.50;1;BID;;;;;
20251107;064119.844;;25315.50;25315.50;1;ASK;;;;;
20251107;064119.960;;25315.50;25315.50;2;ASK;;;;;
20251107;064119.960;25314.25;;25314.25;1;BID;;;;;
20251107;064119.960;;25315.25;25315.25;1;ASK;;;;;
20251107;064120.072;;25315.25;25315.25;2;ASK;;;;;
20251107;064120.072;;25315.25;25315.25;3;ASK;;;;;
20251107;064120.072;;25315.00;25315.00;1;ASK;;;;;
20251107;064120.072;25314.00;;25314.00;1;BID;;;;;
20251107;064120.104;;25314.75;25314.75;1;ASK;;;;;
20251107;064120.104;25313.75;;25313.75;2;BID;;;;;
20251107;064120.108;25313.75;;25313.75;1;BID;;;;;
20251107;064120.108;25314.00;;25314.00;1;BID;;;;;
20251107;064120.108;;25315.00;25315.00;2;ASK;;;;;
20251107;064120.108;;25315.00;25315.00;1;ASK;;;;;
20251107;064120.108;25314.25;;25314.25;1;BID;;;;;
20251107;064120.108;;25315.25;25315.25;3;ASK;;;;;
20251107;064120.108;;25315.25;25315.25;2;ASK;;;;;
20251107;064120.116;;25315.25;25315.25;3;ASK;;;;;
20251107;064120.116;;25315.00;25315.00;1;ASK;;;;;
20251107;064120.116;25314.00;;25314.00;1;BID;;;;;
20251107;064120.116;25314.25;;25314.25;1;BID;;;;;
20251107;064120.288;;25315.25;25315.25;2;ASK;;;;;
20251107;064120.428;25314.50;;25314.50;1;BID;;;;;
20251107;064120.580;25314.50;;25314.50;1;BID;;;;;
20251107;064120.580;25314.25;;25314.25;1;BID;;;;;
20251107;064120.580;;25315.00;25315.00;1;ASK;;;;;
20251107;064120.580;25314.00;;25314.00;1;BID;;;;;
20251107;064120.580;25314.25;;25314.25;1;BID;;;;;
20251107;064120.580;;25315.25;25315.25;2;ASK;;;;;
20251107;064120.600;;25315.00;25315.00;1;ASK;;;;;
20251107;064121.488;25314.00;;25314.00;1;BID;;;;;
20251107;064121.692;25314.25;;25314.25;1;BID;;;;;
20251107;064121.692;;25315.25;25315.25;2;ASK;;;;;
20251107;064121.764;25314.50;;25314.50;1;BID;;;;;
20251107;064121.908;;25315.00;25315.00;1;ASK;;;;;
20251107;064121.908;25314.25;;25314.25;1;BID;;;;;
20251107;064121.908;25314.00;;25314.00;1;BID;;;;;
20251107;064121.908;25314.25;;25314.25;1;BID;;;;;
20251107;064121.912;;25315.25;25315.25;2;ASK;;;;;
20251107;064121.912;25314.00;;25314.00;1;BID;;;;;
20251107;064122.432;;25315.00;25315.00;1;ASK;;;;;
20251107;064122.640;;25314.75;25314.75;1;ASK;;;;;
20251107;064122.640;;25315.00;25315.00;1;ASK;;;;;
20251107;064122.644;25314.25;;25314.25;1;BID;;;;;
20251107;064122.644;;25315.25;25315.25;2;ASK;;;;;
20251107;064122.644;;25315.25;25315.25;1;ASK;;;;;
20251107;064122.648;;25315.25;25315.25;2;ASK;;;;;
20251107;064122.648;;25315.00;25315.00;1;ASK;;;;;
20251107;064122.692;;25315.00;25315.00;2;ASK;;;;;
20251107;064122.692;25314.00;;25314.00;1;BID;;;;;
20251107;064123.116;25313.75;;25313.75;2;BID;;;;;
20251107;064123.120;;25314.75;25314.75;1;ASK;;;;;
20251107;064123.120;25313.75;;25313.75;1;BID;;;;;
20251107;064123.120;25314.00;;25314.00;1;BID;;;;;
20251107;064123.120;;25315.00;25315.00;2;ASK;;;;;
20251107;064123.120;25314.25;;25314.25;1;BID;;;;;
20251107;064123.120;;25315.00;25315.00;1;ASK;;;;;
20251107;064123.124;25314.00;;25314.00;1;BID;;;;;
20251107;064123.168;;25314.75;25314.75;1;ASK;;;;;
20251107;064123.168;25313.75;;25313.75;2;BID;;;;;
20251107;064123.168;25313.75;;25313.75;1;BID;;;;;
20251107;064123.172;25314.00;;25314.00;1;BID;;;;;
20251107;064123.216;25313.75;;25313.75;1;BID;;;;;
20251107;064123.248;25314.00;;25314.00;1;BID;;;;;
20251107;064123.252;;25315.00;25315.00;1;ASK;;;;;
20251107;064123.264;;25315.00;25315.00;1;ASK;;;;;
20251107;064123.264;;25315.25;25315.25;2;ASK;;;;;
20251107;064123.264;25314.25;;25314.25;1;BID;;;;;
20251107;064123.264;25314.25;;25314.25;2;BID;;;;;
20251107;064123.264;;25315.25;25315.25;1;ASK;;;;;
20251107;064123.264;25314.25;;25314.25;3;BID;;;;;
20251107;064123.264;;25315.50;25315.50;2;ASK;;;;;
20251107;064123.264;25314.50;;25314.50;1;BID;;;;;
20251107;064123.264;;25315.50;25315.50;1;ASK;;;;;
20251107;064123.264;25314.75;;25314.75;1;BID;;;;;
20251107;064123.264;;25315.75;25315.75;2;ASK;;;;;
20251107;064123.268;;25315.50;25315.50;1;ASK;;;;;
20251107;064123.268;25314.50;;25314.50;1;BID;;;;;
20251107;064123.304;25314.75;;25314.75;1;BID;;;;;
20251107;064123.304;;25315.75;25315.75;2;ASK;;;;;
20251107;064123.308;;25315.50;25315.50;1;ASK;;;;;
20251107;064123.308;25314.50;;25314.50;1;BID;;;;;
20251107;064123.316;25314.75;;25314.75;1;BID;;;;;
20251107;064123.328;25314.50;;25314.50;1;BID;;;;;
20251107;064123.348;25314.75;;25314.75;1;BID;;;;;
20251107;064123.376;;25315.50;25315.50;2;ASK;;;;;
20251107;064123.376;25314.50;;25314.50;1;BID;;;;;
20251107;064123.456;25314.75;;25314.75;1;BID;;;;;
20251107;064123.456;25314.50;;25314.50;1;BID;;;;;
20251107;064124.116;;25315.50;25315.50;3;ASK;;;;;
20251107;064124.116;;25315.25;25315.25;1;ASK;;;;;
20251107;064124.116;25314.25;;25314.25;3;BID;;;;;
20251107;064124.120;25314.25;;25314.25;2;BID;;;;;
20251107;064124.228;;25315.25;25315.25;1;ASK;;;;;
20251107;064124.228;;25315.50;25315.50;4;ASK;;;;;
20251107;064124.228;25314.50;;25314.50;1;BID;;;;;
20251107;064124.228;;25315.50;25315.50;3;ASK;;;;;
20251107;064124.228;;25315.50;25315.50;2;ASK;;;;;
20251107;064124.228;25314.50;;25314.50;2;BID;;;;;
20251107;064124.228;;25315.25;25315.25;1;ASK;;;;;
20251107;064124.228;25314.50;;25314.50;1;BID;;;;;
20251107;064124.228;25314.25;;25314.25;2;BID;;;;;
20251107;064124.248;25314.25;;25314.25;1;BID;;;;;
20251107;064124.248;25314.25;;25314.25;1;BID;;;;;
20251107;064124.248;;25315.00;25315.00;1;ASK;;;;;
20251107;064124.248;25314.25;;25314.25;2;BID;;;;;
20251107;064124.248;25314.25;;25314.25;1;BID;;;;;
20251107;064124.248;;25315.25;25315.25;2;ASK;;;;;
20251107;064124.248;;25315.25;25315.25;1;ASK;;;;;
20251107;064124.252;25314.50;;25314.50;1;BID;;;;;
20251107;064124.252;;25315.50;25315.50;2;ASK;;;;;
20251107;064124.260;;25315.25;25315.25;1;ASK;;;;;
20251107;064124.260;25314.00;;25314.00;1;BID;;;;;
20251107;064124.260;;25315.25;25315.25;2;ASK;;;;;
20251107;064124.312;;25315.00;25315.00;1;ASK;;;;;
20251107;064124.312;25314.25;;25314.25;1;BID;;;;;
20251107;064124.312;;25315.25;25315.25;1;ASK;;;;;
20251107;064124.312;;25315.00;25315.00;1;ASK;;;;;
20251107;064124.928;25314.00;;25314.00;1;BID;;;;;
20251107;064124.932;25314.25;;25314.25;1;BID;;;;;
20251107;064125.176;;25315.00;25315.00;1;ASK;;;;;
20251107;064125.176;;25315.25;25315.25;1;ASK;;;;;
20251107;064125.176;;25315.50;25315.50;1;ASK;;;;;
20251107;064125.176;;25315.50;25315.50;1;ASK;;;;;
20251107;064125.176;;25315.50;25315.50;1;ASK;;;;;
20251107;064125.176;25314.50;;25314.50;1;BID;;;;;
20251107;064125.176;25314.75;;25314.75;1;BID;;;;;
20251107;064125.176;;25315.75;25315.75;2;ASK;;;;;
20251107;064125.180;;25315.75;25315.75;1;ASK;;;;;
20251107;064125.180;;25315.50;25315.50;1;ASK;;;;;
20251107;064125.180;25314.50;;25314.50;2;BID;;;;;
20251107;064125.216;25314.75;;25314.75;1;BID;;;;;
20251107;064125.280;;25315.75;25315.75;1;ASK;;;;;
20251107;064125.284;25315.00;;25315.00;1;BID;;;;;
20251107;064125.284;25314.75;;25314.75;1;BID;;;;;
20251107;064125.288;25315.00;;25315.00;1;BID;;;;;
20251107;064125.308;;25316.00;25316.00;3;ASK;;;;;
20251107;064125.308;;25316.00;25316.00;2;ASK;;;;;
20251107;064125.308;;25315.75;25315.75;1;ASK;;;;;
20251107;064125.308;25314.75;;25314.75;1;BID;;;;;
20251107;064125.308;25314.50;;25314.50;2;BID;;;;;
20251107;064125.332;25314.75;;25314.75;1;BID;;;;;
20251107;064125.460;;25315.75;25315.75;2;ASK;;;;;
20251107;064125.460;;25315.50;25315.50;1;ASK;;;;;
20251107;064125.480;25314.50;;25314.50;2;BID;;;;;
20251107;064125.524;25314.75;;25314.75;1;BID;;;;;
20251107;064125.524;;25315.75;25315.75;2;ASK;;;;;
20251107;064125.696;25314.50;;25314.50;2;BID;;;;;
20251107;064126.064;25314.75;;25314.75;1;BID;;;;;
20251107;064126.116;25314.50;;25314.50;2;BID;;;;;
20251107;064126.172;25314.75;;25314.75;1;BID;;;;;
20251107;064126.228;25314.50;;25314.50;2;BID;;;;;
20251107;064126.228;;25315.50;25315.50;1;ASK;;;;;
20251107;064126.408;25314.50;;25314.50;1;BID;;;;;
20251107;064126.408;25314.50;;25314.50;1;BID;;;;;
20251107;064126.408;;25315.25;25315.25;1;ASK;;;;;
20251107;064126.408;25314.25;;25314.25;3;BID;;;;;
20251107;064126.408;25314.25;;25314.25;2;BID;;;;;
20251107;064126.408;25314.50;;25314.50;1;BID;;;;;
20251107;064126.408;;25315.50;25315.50;1;ASK;;;;;
20251107;064126.408;25314.75;;25314.75;1;BID;;;;;
20251107;064126.408;25314.75;;25314.75;2;BID;;;;;
20251107;064126.408;25314.75;;25314.75;1;BID;;;;;
20251107;064126.408;25314.25;;25314.25;2;BID;;;;;
20251107;064126.412;25314.50;;25314.50;1;BID;;;;;
20251107;064126.428;;25315.25;25315.25;1;ASK;;;;;
20251107;064126.428;25314.25;;25314.25;2;BID;;;;;
20251107;064126.428;25314.25;;25314.25;1;BID;;;;;
20251107;064126.432;;25315.00;25315.00;1;ASK;;;;;
20251107;064126.440;;25315.25;25315.25;1;ASK;;;;;
20251107;064126.460;;25315.25;25315.25;2;ASK;;;;;
20251107;064126.788;;25315.00;25315.00;1;ASK;;;;;
20251107;064126.788;;25315.25;25315.25;2;ASK;;;;;
20251107;064126.804;25314.25;;25314.25;1;BID;;;;;
20251107;064126.804;25314.00;;25314.00;1;BID;;;;;
20251107;064126.804;;25315.00;25315.00;1;ASK;;;;;
20251107;064126.804;25314.25;;25314.25;1;BID;;;;;
20251107;064126.804;;25315.25;25315.25;2;ASK;;;;;
20251107;064126.864;;25315.00;25315.00;1;ASK;;;;;
20251107;064126.864;25314.00;;25314.00;1;BID;;;;;
20251107;064126.916;;25315.25;25315.25;2;ASK;;;;;
20251107;064126.972;;25315.00;25315.00;1;ASK;;;;;
20251107;064127.024;;25315.25;25315.25;2;ASK;;;;;
20251107;064127.080;;25315.00;25315.00;1;ASK;;;;;
20251107;064127.132;;25315.25;25315.25;2;ASK;;;;;
20251107;064127.184;;25315.00;25315.00;1;ASK;;;;;
20251107;064127.208;25314.00;;25314.00;2;BID;;;;;
20251107;064127.208;25314.25;;25314.25;1;BID;;;;;
20251107;064127.208;;25315.25;25315.25;2;ASK;;;;;
20251107;064127.224;;25315.00;25315.00;1;ASK;;;;;
20251107;064127.556;;25315.25;25315.25;2;ASK;;;;;
20251107;064127.556;25314.50;;25314.50;1;BID;;;;;
20251107;064127.560;;25315.25;25315.25;1;ASK;;;;;
20251107;064128.424;25314.50;;25314.50;2;BID;;;;;
20251107;064128.424;25314.75;;25314.75;1;BID;;;;;
20251107;064128.424;;25315.25;25315.25;1;ASK;;;;;
20251107;064128.424;;25315.75;25315.75;1;ASK;;;;;
20251107;064128.424;25315.00;;25315.00;1;BID;;;;;
20251107;064128.424;;25316.00;25316.00;2;ASK;;;;;
20251107;064128.424;25315.00;;25315.00;2;BID;;;;;
20251107;064128.424;;25316.00;25316.00;1;ASK;;;;;
20251107;064128.424;25315.25;;25315.25;1;BID;;;;;
20251107;064128.424;;25316.50;25316.50;1;ASK;;;;;
20251107;064128.428;;25316.75;25316.75;3;ASK;;;;;
20251107;064128.428;;25316.75;25316.75;2;ASK;;;;;
20251107;064128.428;;25316.50;25316.50;1;ASK;;;;;
20251107;064128.428;;25316.50;25316.50;2;ASK;;;;;
20251107;064128.428;;25316.25;25316.25;1;ASK;;;;;
20251107;064128.792;25315.50;;25315.50;1;BID;;;;;
20251107;064128.792;;25316.50;25316.50;2;ASK;;;;;
20251107;064128.792;;25316.50;25316.50;1;ASK;;;;;
20251107;064128.796;25315.25;;25315.25;1;BID;;;;;
20251107;064128.796;;25316.25;25316.25;1;ASK;;;;;
20251107;064128.796;25315.50;;25315.50;1;BID;;;;;
20251107;064128.796;25315.25;;25315.25;1;BID;;;;;
20251107;064128.816;25315.25;;25315.25;1;BID;;;;;
20251107;064128.816;25315.00;;25315.00;3;BID;;;;;
20251107;064128.816;;25316.00;25316.00;1;ASK;;;;;
20251107;064128.816;25315.00;;25315.00;2;BID;;;;;
20251107;064128.816;;25316.00;25316.00;2;ASK;;;;;
20251107;064128.816;25315.00;;25315.00;3;BID;;;;;
20251107;064128.816;;25316.00;25316.00;1;ASK;;;;;
20251107;064128.840;25315.00;;25315.00;2;BID;;;;;
20251107;064128.960;;25315.75;25315.75;1;ASK;;;;;
20251107;064128.960;25315.00;;25315.00;1;BID;;;;;
20251107;064128.960;25314.75;;25314.75;2;BID;;;;;
20251107;064128.960;25314.75;;25314.75;1;BID;;;;;
20251107;064129.112;25314.75;;25314.75;2;BID;;;;;
20251107;064129.112;25315.00;;25315.00;1;BID;;;;;
20251107;064129.112;;25316.00;25316.00;1;ASK;;;;;
20251107;064129.120;25315.25;;25315.25;1;BID;;;;;
20251107;064129.192;;25316.25;25316.25;3;ASK;;;;;
20251107;064129.192;;25316.25;25316.25;2;ASK;;;;;
20251107;064129.196;;25316.00;25316.00;1;ASK;;;;;
20251107;064129.596;;25316.25;25316.25;2;ASK;;;;;
20251107;064129.700;;25316.25;25316.25;1;ASK;;;;;
20251107;064129.700;25315.50;;25315.50;1;BID;;;;;
20251107;064129.700;;25316.50;25316.50;1;ASK;;;;;
20251107;064129.704;25315.75;;25315.75;1;BID;;;;;
20251107;064129.708;;25316.75;25316.75;2;ASK;;;;;
20251107;064129.708;25315.75;;25315.75;2;BID;;;;;
20251107;064129.708;;25316.75;25316.75;1;ASK;;;;;
20251107;064129.708;;25317.00;25317.00;1;ASK;;;;;
20251107;064129.708;25316.00;;25316.00;1;BID;;;;;
20251107;064129.708;;25317.25;25317.25;3;ASK;;;;;
20251107;064129.708;;25317.25;25317.25;2;ASK;;;;;
20251107;064129.708;;25317.25;25317.25;1;ASK;;;;;
20251107;064129.708;;25317.00;25317.00;1;ASK;;;;;
20251107;064129.716;25316.00;;25316.00;1;BID;;;;;
20251107;064129.716;25315.75;;25315.75;2;BID;;;;;
20251107;064129.716;;25316.75;25316.75;1;ASK;;;;;
20251107;064129.716;25315.75;;25315.75;1;BID;;;;;
20251107;064129.716;25315.50;;25315.50;2;BID;;;;;
20251107;064129.716;25316.00;;25316.00;1;BID;;;;;
20251107;064129.716;;25317.00;25317.00;2;ASK;;;;;
20251107;064129.716;25315.50;;25315.50;1;BID;;;;;
20251107;064129.716;;25316.50;25316.50;1;ASK;;;;;
20251107;064129.716;25315.75;;25315.75;1;BID;;;;;
20251107;064129.716;;25317.00;25317.00;2;ASK;;;;;
20251107;064129.716;;25316.75;25316.75;1;ASK;;;;;
20251107;064129.716;25315.75;;25315.75;2;BID;;;;;
20251107;064129.716;25316.00;;25316.00;1;BID;;;;;
20251107;064129.716;;25317.00;25317.00;2;ASK;;;;;
20251107;064129.716;25316.25;;25316.25;1;BID;;;;;
20251107;064129.716;;25317.00;25317.00;1;ASK;;;;;
20251107;064129.716;;25317.25;25317.25;1;ASK;;;;;
20251107;064129.716;25316.25;;25316.25;2;BID;;;;;
20251107;064129.716;25316.50;;25316.50;1;BID;;;;;
20251107;064129.720;25316.25;;25316.25;2;BID;;;;;
20251107;064129.720;25316.50;;25316.50;1;BID;;;;;
20251107;064129.784;25316.75;;25316.75;1;BID;;;;;
20251107;064129.792;25316.50;;25316.50;1;BID;;;;;
20251107;064129.792;25316.50;;25316.50;2;BID;;;;;
20251107;064129.836;25316.75;;25316.75;1;BID;;;;;
20251107;064129.836;25316.50;;25316.50;1;BID;;;;;
20251107;064129.836;25316.50;;25316.50;2;BID;;;;;
20251107;064129.844;25316.75;;25316.75;1;BID;;;;;
20251107;064129.844;25316.50;;25316.50;1;BID;;;;;
20251107;064131.196;25316.25;;25316.25;3;BID;;;;;
20251107;064131.196;25316.25;;25316.25;2;BID;;;;;
20251107;064131.196;25316.50;;25316.50;1;BID;;;;;
20251107;064131.284;25316.25;;25316.25;2;BID;;;;;
20251107;064131.284;;25317.25;25317.25;2;ASK;;;;;
20251107;064131.284;;25317.00;25317.00;1;ASK;;;;;
20251107;064131.284;;25317.25;25317.25;2;ASK;;;;;
20251107;064131.660;25316.50;;25316.50;1;BID;;;;;
20251107;064131.664;;25317.25;25317.25;1;ASK;;;;;
20251107;064131.752;25316.50;;25316.50;2;BID;;;;;
20251107;064131.800;25316.50;;25316.50;1;BID;;;;;
20251107;064131.820;;25316.75;25316.75;1;ASK;;;;;
20251107;064131.820;;25316.75;25316.75;1;ASK;;;;;
20251107;064131.820;;25317.25;25317.25;1;ASK;;;;;
20251107;064131.820;25316.25;;25316.25;2;BID;;;;;
20251107;064131.820;25316.75;;25316.75;1;BID;;;;;
20251107;064132.924;;25317.25;25317.25;1;ASK;;;;;
20251107;064132.924;;25317.50;25317.50;2;ASK;;;;;
20251107;064132.924;25317.00;;25317.00;1;BID;;;;;
20251107;064132.924;;25317.50;25317.50;1;ASK;;;;;
20251107;064132.924;;25317.75;25317.75;1;ASK;;;;;
20251107;064132.924;25316.75;;25316.75;1;BID;;;;;
20251107;064132.924;;25318.25;25318.25;1;ASK;;;;;
20251107;064132.924;;25318.50;25318.50;3;ASK;;;;;
20251107;064132.924;;25318.25;25318.25;1;ASK;;;;;
20251107;064132.924;;25318.25;25318.25;2;ASK;;;;;
20251107;064132.924;;25318.25;25318.25;3;ASK;;;;;
20251107;064132.924;;25318.25;25318.25;4;ASK;;;;;
20251107;064132.924;;25318.25;25318.25;3;ASK;;;;;
20251107;064132.924;;25318.25;25318.25;2;ASK;;;;;
20251107;064132.924;;25318.25;25318.25;3;ASK;;;;;
20251107;064132.924;;25318.25;25318.25;2;ASK;;;;;
20251107;064132.928;25316.75;;25316.75;2;BID;;;;;
20251107;064132.948;;25318.00;25318.00;1;ASK;;;;;
20251107;064132.948;25316.75;;25316.75;1;BID;;;;;
20251107;064132.948;;25317.75;25317.75;1;ASK;;;;;
20251107;064132.964;25317.00;;25317.00;1;BID;;;;;
20251107;064132.964;;25318.00;25318.00;1;ASK;;;;;
20251107;064132.968;25316.75;;25316.75;1;BID;;;;;
20251107;064132.968;;25317.75;25317.75;1;ASK;;;;;
20251107;064132.992;25316.75;;25316.75;2;BID;;;;;
20251107;064132.992;25317.00;;25317.00;1;BID;;;;;
20251107;064132.992;;25318.00;25318.00;2;ASK;;;;;
20251107;064133.032;25317.25;;25317.25;1;BID;;;;;
20251107;064133.032;;25318.00;25318.00;1;ASK;;;;;
20251107;064133.032;;25318.25;25318.25;2;ASK;;;;;
20251107;064133.032;;25318.25;25318.25;1;ASK;;;;;
20251107;064133.032;;25318.50;25318.50;3;ASK;;;;;
20251107;064133.032;25317.50;;25317.50;1;BID;;;;;
20251107;064133.032;;25318.50;25318.50;2;ASK;;;;;
20251107;064133.056;;25318.50;25318.50;1;ASK;;;;;
20251107;064133.056;;25318.50;25318.50;1;ASK;;;;;
20251107;064133.056;;25318.75;25318.75;3;ASK;;;;;
20251107;064133.056;25317.75;;25317.75;1;BID;;;;;
20251107;064133.056;;25318.75;25318.75;2;ASK;;;;;
20251107;064133.056;;25318.50;25318.50;1;ASK;;;;;
20251107;064133.056;25317.50;;25317.50;2;BID;;;;;
20251107;064133.056;;25318.25;25318.25;1;ASK;;;;;
20251107;064133.060;;25318.50;25318.50;2;ASK;;;;;
20251107;064133.088;25317.75;;25317.75;1;BID;;;;;
20251107;064133.140;25317.50;;25317.50;2;BID;;;;;
20251107;064133.188;25317.75;;25317.75;1;BID;;;;;
20251107;064133.248;25317.50;;25317.50;2;BID;;;;;
20251107;064133.248;;25318.25;25318.25;1;ASK;;;;;
20251107;064133.248;25317.50;;25317.50;1;BID;;;;;
20251107;064133.300;25317.75;;25317.75;1;BID;;;;;
20251107;064133.300;;25318.50;25318.50;2;ASK;;;;;
20251107;064133.720;25317.50;;25317.50;1;BID;;;;;
20251107;064133.720;;25318.25;25318.25;1;ASK;;;;;
20251107;064133.720;;25318.00;25318.00;1;ASK;;;;;
20251107;064133.720;;25318.25;25318.25;1;ASK;;;;;
20251107;064133.720;;25318.50;25318.50;1;ASK;;;;;
20251107;064133.720;;25318.50;25318.50;2;ASK;;;;;
20251107;064133.720;25317.75;;25317.75;1;BID;;;;;
20251107;064133.724;;25318.50;25318.50;1;ASK;;;;;
20251107;064133.724;;25318.75;25318.75;3;ASK;;;;;
20251107;064133.724;;25318.75;25318.75;2;ASK;;;;;
20251107;064133.728;;25318.50;25318.50;1;ASK;;;;;
20251107;064133.728;25317.50;;25317.50;1;BID;;;;;
20251107;064133.756;25317.75;;25317.75;1;BID;;;;;
20251107;064133.756;;25318.75;25318.75;2;ASK;;;;;
20251107;064133.756;25317.00;;25317.00;1;BID;;;;;
20251107;064133.756;25317.00;;25317.00;2;BID;;;;;
20251107;064133.756;25317.00;;25317.00;3;BID;;;;;
20251107;064133.756;25317.00;;25317.00;4;BID;;;;;
20251107;064133.756;25317.00;;25317.00;5;BID;;;;;
20251107;064133.756;25317.00;;25317.00;6;BID;;;;;
20251107;064133.756;25317.25;;25317.25;1;BID;;;;;
20251107;064133.756;25317.25;;25317.25;2;BID;;;;;
20251107;064133.760;25317.50;;25317.50;1;BID;;;;;
20251107;064133.768;25317.50;;25317.50;1;BID;;;;;
20251107;064133.768;25317.25;;25317.25;3;BID;;;;;
20251107;064133.768;;25318.50;25318.50;1;ASK;;;;;
20251107;064133.768;25317.25;;25317.25;2;BID;;;;;
20251107;064133.768;;25318.50;25318.50;2;ASK;;;;;
20251107;064133.768;25317.50;;25317.50;1;BID;;;;;
20251107;064133.768;;25318.50;25318.50;3;ASK;;;;;
20251107;064133.796;;25318.25;25318.25;1;ASK;;;;;
20251107;064133.796;25317.25;;25317.25;3;BID;;;;;
20251107;064133.796;25317.25;;25317.25;2;BID;;;;;
20251107;064133.800;25317.25;;25317.25;3;BID;;;;;
20251107;064133.800;25317.25;;25317.25;2;BID;;;;;
20251107;064133.832;;25318.00;25318.00;1;ASK;;;;;
20251107;064133.832;25317.25;;25317.25;1;BID;;;;;
20251107;064133.832;;25318.25;25318.25;1;ASK;;;;;
20251107;064133.860;;25318.00;25318.00;1;ASK;;;;;
20251107;064133.860;25317.00;;25317.00;1;BID;;;;;
20251107;064133.864;25316.75;;25316.75;3;BID;;;;;
20251107;064133.864;25316.75;;25316.75;2;BID;;;;;
20251107;064133.864;25317.25;;25317.25;1;BID;;;;;
20251107;064133.864;25316.75;;25316.75;2;BID;;;;;
20251107;064133.864;25317.00;;25317.00;1;BID;;;;;
20251107;064134.200;;25318.00;25318.00;2;ASK;;;;;
20251107;064134.200;;25317.75;25317.75;1;ASK;;;;;
20251107;064134.200;25316.75;;25316.75;2;BID;;;;;
20251107;064134.200;25316.75;;25316.75;1;BID;;;;;
20251107;064134.212;25317.00;;25317.00;1;BID;;;;;
20251107;064134.212;;25318.00;25318.00;2;ASK;;;;;
20251107;064134.340;25317.00;;25317.00;1;BID;;;;;
20251107;064134.340;25316.75;;25316.75;1;BID;;;;;
20251107;064134.340;;25317.75;25317.75;1;ASK;;;;;
20251107;064134.340;;25317.75;25317.75;2;ASK;;;;;
20251107;064134.340;;25317.50;25317.50;1;ASK;;;;;
20251107;064134.340;25316.75;;25316.75;1;BID;;;;;
20251107;064134.340;25316.50;;25316.50;2;BID;;;;;
20251107;064134.340;25316.50;;25316.50;1;BID;;;;;
20251107;064134.340;;25317.50;25317.50;2;ASK;;;;;
20251107;064134.340;;25317.25;25317.25;1;ASK;;;;;
20251107;064134.340;25316.25;;25316.25;2;BID;;;;;
20251107;064134.340;25316.25;;25316.25;1;BID;;;;;
20251107;064134.340;;25317.25;25317.25;2;ASK;;;;;
20251107;064134.340;;25317.00;25317.00;1;ASK;;;;;
20251107;064134.340;25316.00;;25316.00;1;BID;;;;;
20251107;064134.340;;25317.25;25317.25;2;ASK;;;;;
20251107;064134.340;25316.25;;25316.25;1;BID;;;;;
20251107;064134.408;;25317.00;25317.00;1;ASK;;;;;
20251107;064134.408;25316.00;;25316.00;1;BID;;;;;
20251107;064134.412;25316.00;;25316.00;2;BID;;;;;
20251107;064134.412;25316.25;;25316.25;1;BID;;;;;
20251107;064134.412;;25317.25;25317.25;2;ASK;;;;;
20251107;064134.412;;25317.00;25317.00;1;ASK;;;;;
20251107;064134.412;25316.00;;25316.00;1;BID;;;;;
20251107;064134.448;25316.00;;25316.00;2;BID;;;;;
20251107;064134.448;25316.25;;25316.25;1;BID;;;;;
20251107;064134.448;;25317.25;25317.25;2;ASK;;;;;
20251107;064134.484;;25317.25;25317.25;1;ASK;;;;;
20251107;064134.636;;25317.25;25317.25;2;ASK;;;;;
20251107;064134.636;;25317.00;25317.00;1;ASK;;;;;
20251107;064134.636;25316.00;;25316.00;3;BID;;;;;
20251107;064134.636;25316.00;;25316.00;2;BID;;;;;
20251107;064134.636;;25316.75;25316.75;1;ASK;;;;;
20251107;064134.636;25316.00;;25316.00;1;BID;;;;;
20251107;064134.640;;25317.00;25317.00;1;ASK;;;;;
20251107;064134.640;25316.25;;25316.25;1;BID;;;;;
20251107;064134.640;;25317.25;25317.25;2;ASK;;;;;
20251107;064134.764;;25317.00;25317.00;1;ASK;;;;;
20251107;064134.764;25316.00;;25316.00;1;BID;;;;;
20251107;064134.820;;25316.75;25316.75;1;ASK;;;;;
20251107;064134.820;;25317.00;25317.00;1;ASK;;;;;
20251107;064134.872;;25317.00;25317.00;2;ASK;;;;;
20251107;064134.944;;25316.75;25316.75;1;ASK;;;;;
20251107;064135.352;25316.00;;25316.00;2;BID;;;;;
20251107;064135.352;;25317.00;25317.00;2;ASK;;;;;
20251107;064135.352;25316.25;;25316.25;1;BID;;;;;
20251107;064135.352;;25317.00;25317.00;1;ASK;;;;;
20251107;064135.352;25316.00;;25316.00;2;BID;;;;;
20251107;064135.352;25316.00;;25316.00;1;BID;;;;;
20251107;064135.472;;25316.75;25316.75;1;ASK;;;;;
20251107;064135.532;;25316.50;25316.50;1;ASK;;;;;
20251107;064135.532;25316.00;;25316.00;1;BID;;;;;
20251107;064135.532;25315.75;;25315.75;1;BID;;;;;
20251107;064135.532;;25316.75;25316.75;1;ASK;;;;;
20251107;064135.532;25315.50;;25315.50;2;BID;;;;;
20251107;064135.532;25315.50;;25315.50;1;BID;;;;;
20251107;064135.532;;25316.75;25316.75;2;ASK;;;;;
20251107;064135.532;25315.75;;25315.75;1;BID;;;;;
20251107;064135.532;;25316.50;25316.50;1;ASK;;;;;
20251107;064135.532;25315.50;;25315.50;1;BID;;;;;
20251107;064135.532;25315.25;;25315.25;2;BID;;;;;
20251107;064135.532;25315.50;;25315.50;1;BID;;;;;
20251107;064135.532;25315.75;;25315.75;1;BID;;;;;
20251107;064135.568;;25316.50;25316.50;2;ASK;;;;;
20251107;064135.568;25315.50;;25315.50;1;BID;;;;;
20251107;064135.812;;25316.50;25316.50;3;ASK;;;;;
20251107;064135.812;;25316.25;25316.25;1;ASK;;;;;
20251107;064135.812;25315.00;;25315.00;3;BID;;;;;
20251107;064135.816;25315.00;;25315.00;2;BID;;;;;
20251107;064135.816;;25316.00;25316.00;1;ASK;;;;;
20251107;064135.816;25315.00;;25315.00;1;BID;;;;;
20251107;064135.816;25315.25;;25315.25;1;BID;;;;;
20251107;064135.816;;25316.25;25316.25;1;ASK;;;;;
20251107;064135.976;;25316.25;25316.25;2;ASK;;;;;
20251107;064135.976;;25316.00;25316.00;1;ASK;;;;;
20251107;064135.976;25315.00;;25315.00;1;BID;;;;;
20251107;064135.976;25314.75;;25314.75;4;BID;;;;;
20251107;064135.976;;25316.25;25316.25;2;ASK;;;;;
20251107;064135.976;25314.75;;25314.75;3;BID;;;;;
20251107;064136.012;25315.00;;25315.00;1;BID;;;;;
20251107;064136.012;25315.25;;25315.25;1;BID;;;;;
20251107;064136.056;;25316.00;25316.00;1;ASK;;;;;
20251107;064136.056;25314.75;;25314.75;4;BID;;;;;
20251107;064136.056;25314.75;;25314.75;3;BID;;;;;
20251107;064136.056;25315.00;;25315.00;1;BID;;;;;
20251107;064136.548;;25315.75;25315.75;1;ASK;;;;;
20251107;064136.548;;25316.00;25316.00;1;ASK;;;;;
20251107;064136.600;;25316.00;25316.00;2;ASK;;;;;
20251107;064136.848;25315.25;;25315.25;1;BID;;;;;
20251107;064136.848;;25316.00;25316.00;1;ASK;;;;;
20251107;064136.852;25315.00;;25315.00;1;BID;;;;;
20251107;064136.952;25315.25;;25315.25;1;BID;;;;;
20251107;064137.000;25315.00;;25315.00;1;BID;;;;;
20251107;064137.200;;25315.75;25315.75;1;ASK;;;;;
20251107;064137.200;25314.75;;25314.75;1;BID;;;;;
20251107;064137.200;25314.50;;25314.50;3;BID;;;;;
20251107;064137.200;25314.50;;25314.50;2;BID;;;;;
20251107;064137.200;25314.50;;25314.50;1;BID;;;;;
20251107;064137.200;25314.25;;25314.25;3;BID;;;;;
20251107;064137.200;25314.25;;25314.25;4;BID;;;;;
20251107;064137.200;25314.50;;25314.50;1;BID;;;;;
20251107;064137.200;25314.75;;25314.75;1;BID;;;;;
20251107;064137.200;;25315.50;25315.50;1;ASK;;;;;
20251107;064137.200;;25315.75;25315.75;1;ASK;;;;;
20251107;064137.200;25314.50;;25314.50;1;BID;;;;;
20251107;064137.232;25314.75;;25314.75;1;BID;;;;;
20251107;064137.232;25314.75;;25314.75;2;BID;;;;;
20251107;064137.232;25315.00;;25315.00;1;BID;;;;;
20251107;064137.232;;25316.25;25316.25;1;ASK;;;;;
20251107;064137.232;;25316.25;25316.25;2;ASK;;;;;
20251107;064137.232;;25316.00;25316.00;1;ASK;;;;;
20251107;064137.236;;25315.75;25315.75;1;ASK;;;;;
20251107;064137.236;25314.75;;25314.75;2;BID;;;;;
20251107;064137.236;25314.75;;25314.75;1;BID;;;;;
20251107;064137.252;;25315.75;25315.75;2;ASK;;;;;
20251107;064137.252;25314.50;;25314.50;2;BID;;;;;
20251107;064137.252;25314.50;;25314.50;1;BID;;;;;
20251107;064137.252;;25315.50;25315.50;1;ASK;;;;;
20251107;064137.252;;25315.25;25315.25;1;ASK;;;;;
20251107;064137.252;25314.25;;25314.25;3;BID;;;;;
20251107;064137.252;25314.25;;25314.25;2;BID;;;;;
20251107;064137.252;25314.25;;25314.25;1;BID;;;;;
20251107;064137.252;;25315.50;25315.50;1;ASK;;;;;
20251107;064137.252;25314.50;;25314.50;1;BID;;;;;
20251107;064137.276;25314.25;;25314.25;1;BID;;;;;
20251107;064137.276;;25315.25;25315.25;1;ASK;;;;;
20251107;064137.280;;25315.00;25315.00;1;ASK;;;;;
20251107;064137.304;;25315.25;25315.25;1;ASK;;;;;
20251107;064137.532;;25315.25;25315.25;2;ASK;;;;;
20251107;064138.224;25314.50;;25314.50;1;BID;;;;;
20251107;064138.224;;25315.25;25315.25;1;ASK;;;;;
20251107;064138.224;;25315.25;25315.25;1;ASK;;;;;
20251107;064138.224;;25315.50;25315.50;2;ASK;;;;;
20251107;064138.224;25314.75;;25314.75;1;BID;;;;;
20251107;064138.224;25314.75;;25314.75;2;BID;;;;;
20251107;064138.224;;25315.50;25315.50;1;ASK;;;;;
20251107;064138.228;;25315.75;25315.75;1;ASK;;;;;
20251107;064138.228;25315.00;;25315.00;1;BID;;;;;
20251107;064138.228;;25316.00;25316.00;1;ASK;;;;;
20251107;064138.228;;25316.25;25316.25;2;ASK;;;;;
20251107;064138.228;;25316.00;25316.00;1;ASK;;;;;
20251107;064138.228;;25316.25;25316.25;2;ASK;;;;;
20251107;064138.228;25315.25;;25315.25;1;BID;;;;;
20251107;064138.228;;25316.25;25316.25;1;ASK;;;;;
20251107;064138.228;25315.00;;25315.00;1;BID;;;;;
20251107;064138.228;;25316.00;25316.00;1;ASK;;;;;
20251107;064138.228;;25316.25;25316.25;1;ASK;;;;;
20251107;064138.228;25315.25;;25315.25;1;BID;;;;;
20251107;064139.080;25315.50;;25315.50;1;BID;;;;;
20251107;064139.080;;25316.50;25316.50;2;ASK;;;;;
20251107;064139.080;;25316.50;25316.50;1;ASK;;;;;
20251107;064139.084;;25316.25;25316.25;1;ASK;;;;;
20251107;064139.084;25315.25;;25315.25;1;BID;;;;;
20251107;064139.084;25315.00;;25315.00;1;BID;;;;;
20251107;064139.084;25315.25;;25315.25;1;BID;;;;;
20251107;064139.112;25315.25;;25315.25;1;BID;;;;;
20251107;064139.112;25315.00;;25315.00;1;BID;;;;;
20251107;064139.112;;25316.00;25316.00;1;ASK;;;;;
20251107;064139.112;;25316.00;25316.00;2;ASK;;;;;
20251107;064139.112;;25316.00;25316.00;1;ASK;;;;;
20251107;064139.668;;25316.00;25316.00;2;ASK;;;;;
20251107;064139.760;;25315.75;25315.75;1;ASK;;;;;
20251107;064139.760;25314.75;;25314.75;4;BID;;;;;
20251107;064139.760;25314.75;;25314.75;3;BID;;;;;
20251107;064139.760;;25315.75;25315.75;1;ASK;;;;;
20251107;064139.760;;25316.00;25316.00;2;ASK;;;;;
20251107;064139.760;25314.75;;25314.75;2;BID;;;;;
20251107;064139.760;;25316.00;25316.00;1;ASK;;;;;
20251107;064139.764;25314.75;;25314.75;3;BID;;;;;
20251107;064139.764;25315.00;;25315.00;1;BID;;;;;
20251107;064139.764;25315.00;;25315.00;2;BID;;;;;
20251107;064139.764;25315.00;;25315.00;3;BID;;;;;
20251107;064139.764;25315.00;;25315.00;4;BID;;;;;
20251107;064139.764;25315.25;;25315.25;1;BID;;;;;
20251107;064139.792;25315.50;;25315.50;1;BID;;;;;
20251107;064139.824;;25316.00;25316.00;1;ASK;;;;;
20251107;064139.824;;25316.50;25316.50;2;ASK;;;;;
20251107;064139.824;25315.75;;25315.75;1;BID;;;;;
20251107;064139.824;;25316.50;25316.50;1;ASK;;;;;
20251107;064139.824;;25316.75;25316.75;2;ASK;;;;;
20251107;064139.824;;25316.50;25316.50;1;ASK;;;;;
20251107;064139.828;25315.50;;25315.50;1;BID;;;;;
20251107;064139.828;;25316.50;25316.50;2;ASK;;;;;
20251107;064139.828;;25316.50;25316.50;1;ASK;;;;;
20251107;064139.828;25315.75;;25315.75;1;BID;;;;;
20251107;064140.344;25316.00;;25316.00;1;BID;;;;;
20251107;064140.472;25315.75;;25315.75;1;BID;;;;;
20251107;064140.472;25315.50;;25315.50;2;BID;;;;;
20251107;064140.472;25315.50;;25315.50;1;BID;;;;;
20251107;064140.476;25315.75;;25315.75;1;BID;;;;;
20251107;064140.972;25315.25;;25315.25;1;BID;;;;;
20251107;064140.972;25315.25;;25315.25;2;BID;;;;;
20251107;064140.972;25315.25;;25315.25;3;BID;;;;;
20251107;064140.972;25315.25;;25315.25;4;BID;;;;;
20251107;064140.972;25315.25;;25315.25;5;BID;;;;;
20251107;064140.972;25315.50;;25315.50;1;BID;;;;;
20251107;064140.976;25315.50;;25315.50;2;BID;;;;;
20251107;064140.976;25315.75;;25315.75;1;BID;;;;;
20251107;064140.980;25315.75;;25315.75;2;BID;;;;;
20251107;064141.000;25316.00;;25316.00;1;BID;;;;;
20251107;064141.000;;25316.50;25316.50;1;ASK;;;;;
20251107;064141.000;;25317.25;25317.25;1;ASK;;;;;
20251107;064141.000;25316.25;;25316.25;1;BID;;;;;
20251107;064141.000;;25317.50;25317.50;2;ASK;;;;;
20251107;064141.000;;25317.50;25317.50;1;ASK;;;;;
20251107;064141.000;25316.50;;25316.50;1;BID;;;;;
20251107;064141.000;;25317.75;25317.75;1;ASK;;;;;
20251107;064141.000;;25318.00;25318.00;3;ASK;;;;;
20251107;064141.000;;25318.00;25318.00;2;ASK;;;;;
20251107;064141.000;;25317.75;25317.75;1;ASK;;;;;
20251107;064141.000;;25317.75;25317.75;2;ASK;;;;;
20251107;064141.000;;25317.50;25317.50;1;ASK;;;;;
20251107;064141.004;;25317.25;25317.25;1;ASK;;;;;
20251107;064141.004;25316.25;;25316.25;1;BID;;;;;
20251107;064141.004;25316.00;;25316.00;1;BID;;;;;
20251107;064141.004;;25317.00;25317.00;1;ASK;;;;;
20251107;064141.012;25316.00;;25316.00;2;BID;;;;;
20251107;064141.012;25316.25;;25316.25;1;BID;;;;;
20251107;064141.012;;25317.25;25317.25;1;ASK;;;;;
20251107;064141.012;;25317.00;25317.00;1;ASK;;;;;
20251107;064141.012;;25317.25;25317.25;1;ASK;;;;;
20251107;064141.012;25316.00;;25316.00;2;BID;;;;;
20251107;064141.012;25316.00;;25316.00;1;BID;;;;;
20251107;064141.012;25316.00;;25316.00;2;BID;;;;;
20251107;064141.012;25316.25;;25316.25;1;BID;;;;;
20251107;064141.012;25316.50;;25316.50;1;BID;;;;;
20251107;064141.012;;25317.50;25317.50;3;ASK;;;;;
20251107;064141.012;;25317.50;25317.50;2;ASK;;;;;
20251107;064141.016;;25317.25;25317.25;1;ASK;;;;;
20251107;064141.016;25316.25;;25316.25;1;BID;;;;;
20251107;064141.072;25316.50;;25316.50;1;BID;;;;;
20251107;064141.072;;25317.50;25317.50;2;ASK;;;;;
20251107;064141.076;;25317.50;25317.50;1;ASK;;;;;
20251107;064141.124;25316.50;;25316.50;1;BID;;;;;
20251107;064141.124;25316.25;;25316.25;1;BID;;;;;
20251107;064141.124;;25317.25;25317.25;1;ASK;;;;;
20251107;064141.124;;25317.25;25317.25;2;ASK;;;;;
20251107;064141.124;;25317.00;25317.00;1;ASK;;;;;
20251107;064141.124;25316.00;;25316.00;2;BID;;;;;
20251107;064141.124;;25317.25;25317.25;1;ASK;;;;;
20251107;064141.152;25316.25;;25316.25;1;BID;;;;;
20251107;064141.156;25316.25;;25316.25;2;BID;;;;;
20251107;064141.156;;25317.50;25317.50;2;ASK;;;;;
20251107;064141.304;;25317.25;25317.25;1;ASK;;;;;
20251107;064141.304;25316.25;;25316.25;1;BID;;;;;
20251107;064141.672;;25317.50;25317.50;2;ASK;;;;;
20251107;064141.672;25316.25;;25316.25;2;BID;;;;;
20251107;064141.780;;25317.25;25317.25;1;ASK;;;;;
20251107;064141.780;25316.25;;25316.25;1;BID;;;;;
20251107;064141.784;25316.00;;25316.00;2;BID;;;;;
20251107;064142.728;;25317.25;25317.25;1;ASK;;;;;
20251107;064142.728;;25317.50;25317.50;1;ASK;;;;;
20251107;064142.728;;25317.50;25317.50;1;ASK;;;;;
20251107;064142.728;25316.25;;25316.25;1;BID;;;;;
20251107;064142.728;;25317.75;25317.75;2;ASK;;;;;
20251107;064142.728;25316.25;;25316.25;2;BID;;;;;
20251107;064142.728;25316.25;;25316.25;3;BID;;;;;
20251107;064142.728;25316.50;;25316.50;1;BID;;;;;
20251107;064142.732;;25317.50;25317.50;1;ASK;;;;;
20251107;064142.752;25316.75;;25316.75;1;BID;;;;;
20251107;064142.824;25316.50;;25316.50;1;BID;;;;;
20251107;064142.824;;25317.25;25317.25;1;ASK;;;;;
20251107;064142.824;25316.25;;25316.25;2;BID;;;;;
20251107;064142.824;25316.25;;25316.25;1;BID;;;;;
20251107;064142.824;25316.25;;25316.25;2;BID;;;;;
20251107;064142.824;25316.50;;25316.50;1;BID;;;;;
20251107;064142.824;25316.25;;25316.25;2;BID;;;;;
20251107;064142.824;;25317.50;25317.50;1;ASK;;;;;
20251107;064142.824;25316.50;;25316.50;1;BID;;;;;
20251107;064142.876;;25317.25;25317.25;1;ASK;;;;;
20251107;064142.876;25316.25;;25316.25;1;BID;;;;;
20251107;064142.888;25316.25;;25316.25;2;BID;;;;;
20251107;064142.888;25316.25;;25316.25;3;BID;;;;;
20251107;064142.888;25316.50;;25316.50;1;BID;;;;;
20251107;064142.888;;25317.50;25317.50;1;ASK;;;;;
20251107;064142.932;25316.75;;25316.75;1;BID;;;;;
20251107;064143.196;25316.50;;25316.50;1;BID;;;;;
20251107;064143.204;25316.50;;25316.50;2;BID;;;;;
20251107;064143.248;25316.75;;25316.75;1;BID;;;;;
20251107;064143.248;;25317.75;25317.75;2;ASK;;;;;
20251107;064143.308;25316.75;;25316.75;1;BID;;;;;
20251107;064143.308;25316.50;;25316.50;1;BID;;;;;
20251107;064143.308;;25317.50;25317.50;1;ASK;;;;;
20251107;064143.308;25316.25;;25316.25;3;BID;;;;;
20251107;064143.308;25316.25;;25316.25;2;BID;;;;;
20251107;064143.308;25316.25;;25316.25;1;BID;;;;;
20251107;064143.308;;25317.50;25317.50;2;ASK;;;;;
20251107;064143.308;;25317.25;25317.25;1;ASK;;;;;
20251107;064143.312;25316.50;;25316.50;1;BID;;;;;
20251107;064143.312;;25317.50;25317.50;2;ASK;;;;;
20251107;064143.440;25316.50;;25316.50;2;BID;;;;;
20251107;064143.536;25316.75;;25316.75;1;BID;;;;;
20251107;064143.536;;25317.50;25317.50;1;ASK;;;;;
20251107;064143.536;;25317.75;25317.75;2;ASK;;;;;
20251107;064143.568;;25317.50;25317.50;1;ASK;;;;;
20251107;064143.568;25316.50;;25316.50;2;BID;;;;;
20251107;064143.568;25316.50;;25316.50;1;BID;;;;;
20251107;064143.620;;25317.75;25317.75;2;ASK;;;;;
20251107;064143.620;25316.75;;25316.75;1;BID;;;;;
20251107;064143.620;25317.00;;25317.00;1;BID;;;;;
20251107;064143.620;;25317.75;25317.75;1;ASK;;;;;
20251107;064143.620;;25318.00;25318.00;2;ASK;;;;;
20251107;064143.624;;25318.00;25318.00;1;ASK;;;;;
20251107;064143.624;;25318.25;25318.25;1;ASK;;;;;
20251107;064143.624;25316.75;;25316.75;1;BID;;;;;
20251107;064143.624;;25318.25;25318.25;2;ASK;;;;;
20251107;064143.624;;25318.25;25318.25;1;ASK;;;;;
20251107;064143.624;;25318.00;25318.00;1;ASK;;;;;
20251107;064143.624;25317.00;;25317.00;1;BID;;;;;
20251107;064143.624;;25317.75;25317.75;1;ASK;;;;;
20251107;064143.624;25316.75;;25316.75;1;BID;;;;;
20251107;064143.632;25316.75;;25316.75;2;BID;;;;;
20251107;064143.632;25317.00;;25317.00;1;BID;;;;;
20251107;064143.632;;25318.00;25318.00;1;ASK;;;;;
20251107;064143.632;;25317.75;25317.75;1;ASK;;;;;
20251107;064143.632;25316.75;;25316.75;2;BID;;;;;
20251107;064143.632;25316.75;;25316.75;1;BID;;;;;
20251107;064143.632;;25317.50;25317.50;1;ASK;;;;;
20251107;064143.632;25316.50;;25316.50;1;BID;;;;;
20251107;064143.632;;25317.75;25317.75;1;ASK;;;;;
20251107;064143.632;25316.75;;25316.75;1;BID;;;;;
20251107;064143.632;25317.00;;25317.00;1;BID;;;;;
20251107;064143.632;;25318.00;25318.00;1;ASK;;;;;
20251107;064143.632;;25317.75;25317.75;1;ASK;;;;;
20251107;064143.632;25316.75;;25316.75;1;BID;;;;;
20251107;064144.148;25316.75;;25316.75;1;BID;;;;;
20251107;064144.148;25316.50;;25316.50;1;BID;;;;;
20251107;064144.148;;25317.50;25317.50;1;ASK;;;;;
20251107;064144.148;;25317.50;25317.50;2;ASK;;;;;
20251107;064144.148;25316.50;;25316.50;2;BID;;;;;
20251107;064144.148;25316.50;;25316.50;3;BID;;;;;
20251107;064144.152;;25317.50;25317.50;1;ASK;;;;;
20251107;064144.152;25316.75;;25316.75;1;BID;;;;;
20251107;064144.152;25317.00;;25317.00;1;BID;;;;;
20251107;064144.152;;25317.75;25317.75;1;ASK;;;;;
20251107;064144.152;;25318.00;25318.00;1;ASK;;;;;
20251107;064144.168;;25318.00;25318.00;2;ASK;;;;;
20251107;064144.168;;25317.75;25317.75;1;ASK;;;;;
20251107;064144.168;25316.75;;25316.75;1;BID;;;;;
20251107;064144.168;25317.00;;25317.00;1;BID;;;;;
20251107;064144.168;;25318.00;25318.00;2;ASK;;;;;
20251107;064144.208;;25317.75;25317.75;1;ASK;;;;;
20251107;064144.420;;25318.00;25318.00;1;ASK;;;;;
20251107;064144.472;;25317.75;25317.75;1;ASK;;;;;
20251107;064144.540;;25318.00;25318.00;1;ASK;;;;;
20251107;064144.556;;25317.75;25317.75;1;ASK;;;;;
20251107;064144.580;;25318.00;25318.00;1;ASK;;;;;
20251107;064144.632;;25317.75;25317.75;1;ASK;;;;;
20251107;064144.684;;25318.00;25318.00;1;ASK;;;;;
20251107;064144.692;;25317.75;25317.75;1;ASK;;;;;
20251107;064144.692;;25317.50;25317.50;1;ASK;;;;;
20251107;064144.692;25316.75;;25316.75;1;BID;;;;;
20251107;064144.708;;25317.75;25317.75;1;ASK;;;;;
20251107;064144.924;;25317.50;25317.50;1;ASK;;;;;
20251107;064144.924;25316.50;;25316.50;3;BID;;;;;
20251107;064144.924;25316.50;;25316.50;2;BID;;;;;
20251107;064144.944;25316.75;;25316.75;1;BID;;;;;
20251107;064144.944;;25317.75;25317.75;1;ASK;;;;;
20251107;064144.944;25317.00;;25317.00;1;BID;;;;;
20251107;064144.944;;25318.00;25318.00;1;ASK;;;;;
20251107;064144.944;25316.75;;25316.75;1;BID;;;;;
20251107;064144.944;;25317.75;25317.75;1;ASK;;;;;
20251107;064144.944;;25317.50;25317.50;1;ASK;;;;;
20251107;064144.944;25316.50;;25316.50;2;BID;;;;;
20251107;064144.944;25316.50;;25316.50;1;BID;;;;;
20251107;064144.948;25316.75;;25316.75;1;BID;;;;;
20251107;064144.948;;25317.75;25317.75;1;ASK;;;;;
20251107;064144.952;;25317.75;25317.75;2;ASK;;;;;
20251107;064145.004;;25317.50;25317.50;1;ASK;;;;;
20251107;064145.020;;25317.75;25317.75;2;ASK;;;;;
20251107;064145.020;;25317.75;25317.75;1;ASK;;;;;
20251107;064145.020;25317.00;;25317.00;1;BID;;;;;
20251107;064145.020;;25318.00;25318.00;2;ASK;;;;;
20251107;064145.056;;25317.75;25317.75;1;ASK;;;;;
20251107;064145.056;25316.75;;25316.75;1;BID;;;;;
20251107;064145.112;;25318.00;25318.00;2;ASK;;;;;
20251107;064145.112;25317.00;;25317.00;1;BID;;;;;
20251107;064145.164;;25317.75;25317.75;1;ASK;;;;;
20251107;064145.164;25316.75;;25316.75;1;BID;;;;;
20251107;064145.220;;25318.00;25318.00;2;ASK;;;;;
20251107;064145.232;25316.75;;25316.75;2;BID;;;;;
20251107;064145.232;25317.00;;25317.00;1;BID;;;;;
20251107;064145.268;;25317.75;25317.75;1;ASK;;;;;
20251107;064145.268;25316.75;;25316.75;1;BID;;;;;
20251107;064145.324;;25318.00;25318.00;2;ASK;;;;;
20251107;064145.376;;25317.75;25317.75;1;ASK;;;;;
20251107;064145.376;25317.00;;25317.00;1;BID;;;;;
20251107;064145.748;;25318.00;25318.00;2;ASK;;;;;
20251107;064145.764;;25317.75;25317.75;1;ASK;;;;;
20251107;064145.764;25316.75;;25316.75;1;BID;;;;;
20251107;064145.764;;25317.50;25317.50;1;ASK;;;;;
20251107;064145.800;;25317.75;25317.75;1;ASK;;;;;
20251107;064145.832;25317.00;;25317.00;1;BID;;;;;
20251107;064145.832;;25318.00;25318.00;2;ASK;;;;;
20251107;064145.840;;25317.75;25317.75;1;ASK;;;;;
20251107;064145.840;25316.75;;25316.75;2;BID;;;;;
20251107;064145.840;25316.75;;25316.75;1;BID;;;;;
20251107;064145.840;25317.00;;25317.00;1;BID;;;;;
20251107;064145.840;;25318.00;25318.00;2;ASK;;;;;
20251107;064145.908;;25317.75;25317.75;1;ASK;;;;;
20251107;064145.908;25316.75;;25316.75;1;BID;;;;;
20251107;064145.920;25316.75;;25316.75;2;BID;;;;;
20251107;064145.920;25317.00;;25317.00;1;BID;;;;;
20251107;064145.920;;25318.00;25318.00;2;ASK;;;;;
20251107;064145.960;;25317.75;25317.75;1;ASK;;;;;
20251107;064146.016;;25318.00;25318.00;2;ASK;;;;;
20251107;064146.240;25317.00;;25317.00;1;BID;;;;;
20251107;064146.240;25316.75;;25316.75;1;BID;;;;;
20251107;064146.240;25316.50;;25316.50;2;BID;;;;;
20251107;064146.240;;25317.75;25317.75;1;ASK;;;;;
20251107;064146.240;;25317.75;25317.75;2;ASK;;;;;
20251107;064146.240;;25317.75;25317.75;1;ASK;;;;;
20251107;064146.240;;25317.50;25317.50;1;ASK;;;;;
20251107;064146.240;25316.50;;25316.50;1;BID;;;;;
20251107;064146.240;25316.25;;25316.25;2;BID;;;;;
20251107;064146.240;25316.25;;25316.25;1;BID;;;;;
20251107;064146.240;25316.00;;25316.00;1;BID;;;;;
20251107;064146.240;;25317.50;25317.50;2;ASK;;;;;
20251107;064146.240;;25317.50;25317.50;3;ASK;;;;;
20251107;064146.240;;25317.25;25317.25;1;ASK;;;;;
20251107;064146.240;;25317.00;25317.00;1;ASK;;;;;
20251107;064146.240;;25316.75;25316.75;1;ASK;;;;;
20251107;064146.240;25315.75;;25315.75;1;BID;;;;;
20251107;064146.240;;25317.00;25317.00;1;ASK;;;;;
20251107;064146.248;25315.75;;25315.75;2;BID;;;;;
20251107;064146.248;25315.75;;25315.75;3;BID;;;;;
20251107;064146.248;25315.75;;25315.75;4;BID;;;;;
20251107;064146.280;25316.00;;25316.00;1;BID;;;;;
20251107;064146.280;;25317.25;25317.25;2;ASK;;;;;
20251107;064146.280;;25317.25;25317.25;1;ASK;;;;;
20251107;064146.284;;25317.00;25317.00;1;ASK;;;;;
20251107;064146.320;25315.75;;25315.75;3;BID;;;;;
20251107;064146.320;25315.75;;25315.75;4;BID;;;;;
20251107;064146.320;25315.75;;25315.75;5;BID;;;;;
20251107;064146.388;25316.00;;25316.00;1;BID;;;;;
20251107;064146.388;;25317.25;25317.25;1;ASK;;;;;
20251107;064146.400;;25317.25;25317.25;2;ASK;;;;;
20251107;064146.400;;25317.00;25317.00;1;ASK;;;;;
20251107;064146.400;25315.75;;25315.75;5;BID;;;;;
20251107;064146.400;25315.75;;25315.75;4;BID;;;;;
20251107;064146.424;25315.75;;25315.75;1;BID;;;;;
20251107;064146.424;25315.75;;25315.75;3;BID;;;;;
20251107;064146.424;;25316.75;25316.75;1;ASK;;;;;
20251107;064146.424;;25316.50;25316.50;1;ASK;;;;;
20251107;064146.424;;25316.50;25316.50;2;ASK;;;;;
20251107;064146.428;;25316.25;25316.25;1;ASK;;;;;
20251107;064146.428;;25316.50;25316.50;2;ASK;;;;;
20251107;064146.428;;25316.50;25316.50;1;ASK;;;;;
20251107;064146.428;;25316.75;25316.75;2;ASK;;;;;
20251107;064146.428;;25316.75;25316.75;1;ASK;;;;;
20251107;064146.436;;25316.75;25316.75;2;ASK;;;;;
20251107;064146.448;;25316.50;25316.50;1;ASK;;;;;
20251107;064146.448;25315.75;;25315.75;2;BID;;;;;
20251107;064146.448;25315.75;;25315.75;1;BID;;;;;
20251107;064146.448;25315.25;;25315.25;3;BID;;;;;
20251107;064146.448;25315.25;;25315.25;2;BID;;;;;
20251107;064146.452;25315.25;;25315.25;3;BID;;;;;
20251107;064146.476;25315.25;;25315.25;4;BID;;;;;
20251107;064146.476;25315.25;;25315.25;5;BID;;;;;
20251107;064146.476;;25316.75;25316.75;1;ASK;;;;;
20251107;064146.476;;25316.75;25316.75;2;ASK;;;;;
20251107;064146.476;;25316.50;25316.50;1;ASK;;;;;
20251107;064146.600;25315.25;;25315.25;6;BID;;;;;
20251107;064146.600;;25316.75;25316.75;1;ASK;;;;;
20251107;064146.600;25315.50;;25315.50;1;BID;;;;;
20251107;064146.600;25315.50;;25315.50;2;BID;;;;;
20251107;064146.652;;25316.75;25316.75;2;ASK;;;;;
20251107;064146.652;;25316.50;25316.50;1;ASK;;;;;
20251107;064146.652;25315.50;;25315.50;1;BID;;;;;
20251107;064146.652;25315.25;;25315.25;7;BID;;;;;
20251107;064146.652;25315.50;;25315.50;1;BID;;;;;
20251107;064146.656;;25316.75;25316.75;1;ASK;;;;;
20251107;064146.656;25315.25;;25315.25;6;BID;;;;;
20251107;064146.668;;25316.75;25316.75;2;ASK;;;;;
20251107;064146.668;;25316.50;25316.50;1;ASK;;;;;
20251107;064146.668;;25316.25;25316.25;1;ASK;;;;;
20251107;064146.668;25315.25;;25315.25;5;BID;;;;;
20251107;064146.696;;25316.50;25316.50;1;ASK;;;;;
20251107;064146.696;25315.25;;25315.25;4;BID;;;;;
20251107;064146.696;25315.25;;25315.25;3;BID;;;;;
20251107;064146.696;25315.25;;25315.25;2;BID;;;;;
20251107;064146.700;25315.25;;25315.25;3;BID;;;;;
20251107;064146.732;25315.25;;25315.25;4;BID;;;;;
20251107;064146.732;25315.25;;25315.25;5;BID;;;;;
20251107;064146.732;;25316.75;25316.75;1;ASK;;;;;
20251107;064146.732;25315.50;;25315.50;1;BID;;;;;
20251107;064146.732;;25316.75;25316.75;2;ASK;;;;;
20251107;064146.732;;25316.50;25316.50;1;ASK;;;;;
20251107;064146.732;25315.25;;25315.25;6;BID;;;;;
20251107;064146.732;25315.25;;25315.25;5;BID;;;;;
20251107;064146.732;25315.25;;25315.25;4;BID;;;;;
20251107;064146.732;;25316.25;25316.25;1;ASK;;;;;
20251107;064146.736;;25316.50;25316.50;1;ASK;;;;;
20251107;064146.744;;25316.50;25316.50;2;ASK;;;;;
20251107;064146.744;;25316.25;25316.25;1;ASK;;;;;
20251107;064146.744;25315.25;;25315.25;3;BID;;;;;
20251107;064146.744;25315.25;;25315.25;2;BID;;;;;
20251107;064146.744;25315.25;;25315.25;1;BID;;;;;
20251107;064146.756;25315.25;;25315.25;2;BID;;;;;
20251107;064146.756;;25316.50;25316.50;1;ASK;;;;;
20251107;064146.868;;25316.25;25316.25;1;ASK;;;;;
20251107;064146.868;25315.25;;25315.25;1;BID;;;;;
20251107;064146.896;;25316.25;25316.25;2;ASK;;;;;
20251107;064147.080;25315.25;;25315.25;2;BID;;;;;
20251107;064148.052;;25316.00;25316.00;1;ASK;;;;;
20251107;064148.052;25315.25;;25315.25;1;BID;;;;;
20251107;064148.052;;25316.25;25316.25;2;ASK;;;;;
20251107;064148.052;25315.00;;25315.00;4;BID;;;;;
20251107;064148.052;25315.00;;25315.00;3;BID;;;;;
20251107;064148.052;25315.00;;25315.00;2;BID;;;;;
20251107;064148.052;;25316.00;25316.00;1;ASK;;;;;
20251107;064148.052;25315.00;;25315.00;1;BID;;;;;
20251107;064148.052;25314.75;;25314.75;1;BID;;;;;
20251107;064148.052;;25315.75;25315.75;1;ASK;;;;;
20251107;064148.052;;25315.75;25315.75;2;ASK;;;;;
20251107;064148.124;;25315.75;25315.75;1;ASK;;;;;
20251107;064148.124;;25316.00;25316.00;1;ASK;;;;;
20251107;064148.124;;25315.75;25315.75;1;ASK;;;;;
20251107;064148.148;;25315.50;25315.50;1;ASK;;;;;
20251107;064148.148;25314.50;;25314.50;2;BID;;;;;
20251107;064148.148;25314.50;;25314.50;1;BID;;;;;
20251107;064148.148;25314.25;;25314.25;2;BID;;;;;
20251107;064148.176;25314.50;;25314.50;1;BID;;;;;
20251107;064148.200;25314.50;;25314.50;2;BID;;;;;
20251107;064148.300;;25315.75;25315.75;1;ASK;;;;;
20251107;064148.564;25314.50;;25314.50;3;BID;;;;;
20251107;064148.568;25314.50;;25314.50;4;BID;;;;;
20251107;064148.568;25314.75;;25314.75;1;BID;;;;;
20251107;064148.568;25314.50;;25314.50;5;BID;;;;;
20251107;064148.568;25314.50;;25314.50;4;BID;;;;;
20251107;064148.624;25314.75;;25314.75;1;BID;;;;;
20251107;064148.648;25314.75;;25314.75;2;BID;;;;;
20251107;064149.284;;25315.50;25315.50;1;ASK;;;;;
20251107;064149.284;25314.75;;25314.75;1;BID;;;;;
20251107;064149.284;25314.50;;25314.50;4;BID;;;;;
20251107;064149.284;25314.50;;25314.50;3;BID;;;;;
20251107;064149.328;25314.50;;25314.50;2;BID;;;;;
20251107;064149.328;25314.50;;25314.50;1;BID;;;;;
20251107;064149.328;;25315.75;25315.75;1;ASK;;;;;
20251107;064149.328;25314.50;;25314.50;2;BID;;;;;
20251107;064149.328;25314.50;;25314.50;1;BID;;;;;
20251107;064149.328;;25315.50;25315.50;1;ASK;;;;;
20251107;064149.328;25314.25;;25314.25;3;BID;;;;;
20251107;064149.332;25314.25;;25314.25;2;BID;;;;;
20251107;064149.332;25314.25;;25314.25;3;BID;;;;;
20251107;064149.332;;25315.25;25315.25;1;ASK;;;;;
20251107;064149.332;25314.25;;25314.25;2;BID;;;;;
20251107;064149.332;;25315.50;25315.50;1;ASK;;;;;
20251107;064149.332;;25316.00;25316.00;1;ASK;;;;;
20251107;064149.332;;25316.00;25316.00;2;ASK;;;;;
20251107;064149.332;;25315.75;25315.75;1;ASK;;;;;
20251107;064149.332;;25315.75;25315.75;2;ASK;;;;;
20251107;064149.356;25314.25;;25314.25;3;BID;;;;;
20251107;064149.356;;25315.50;25315.50;1;ASK;;;;;
20251107;064149.356;25314.25;;25314.25;4;BID;;;;;
20251107;064149.364;25314.25;;25314.25;3;BID;;;;;
20251107;064149.364;;25315.25;25315.25;1;ASK;;;;;
20251107;064149.364;25314.25;;25314.25;2;BID;;;;;
20251107;064149.364;25314.25;;25314.25;1;BID;;;;;
20251107;064149.380;;25315.25;25315.25;2;ASK;;;;;
20251107;064149.380;;25315.00;25315.00;1;ASK;;;;;
20251107;064149.380;25314.00;;25314.00;3;BID;;;;;
20251107;064149.380;25314.25;;25314.25;1;BID;;;;;
20251107;064149.380;25314.00;;25314.00;1;BID;;;;;
20251107;064149.380;;25315.25;25315.25;2;ASK;;;;;
20251107;064149.384;;25315.00;25315.00;1;ASK;;;;;
20251107;064149.384;;25315.25;25315.25;2;ASK;;;;;
20251107;064149.420;25314.25;;25314.25;1;BID;;;;;
20251107;064149.420;;25315.25;25315.25;1;ASK;;;;;
20251107;064149.440;25314.25;;25314.25;2;BID;;;;;
20251107;064149.440;25314.50;;25314.50;1;BID;;;;;
20251107;064149.440;25314.25;;25314.25;1;BID;;;;;
20251107;064149.468;25314.25;;25314.25;2;BID;;;;;
20251107;064150.368;25314.25;;25314.25;3;BID;;;;;
20251107;064150.408;25314.25;;25314.25;4;BID;;;;;
20251107;064150.408;25314.25;;25314.25;5;BID;;;;;
20251107;064150.472;25314.50;;25314.50;1;BID;;;;;
20251107;064150.624;25314.50;;25314.50;2;BID;;;;;
20251107;064150.696;;25315.25;25315.25;1;ASK;;;;;
20251107;064150.696;;25315.75;25315.75;3;ASK;;;;;
20251107;064150.696;;25315.75;25315.75;2;ASK;;;;;
20251107;064150.696;;25315.75;25315.75;1;ASK;;;;;
20251107;064150.696;;25316.00;25316.00;2;ASK;;;;;
20251107;064150.696;25314.50;;25314.50;3;BID;;;;;
20251107;064150.696;;25316.00;25316.00;1;ASK;;;;;
20251107;064150.696;25314.75;;25314.75;1;BID;;;;;
20251107;064150.696;25314.75;;25314.75;2;BID;;;;;
20251107;064150.696;;25316.25;25316.25;1;ASK;;;;;
20251107;064150.696;;25316.00;25316.00;1;ASK;;;;;
20251107;064150.700;;25316.25;25316.25;1;ASK;;;;;
20251107;064150.700;;25316.25;25316.25;2;ASK;;;;;
20251107;064150.700;25314.75;;25314.75;3;BID;;;;;
20251107;064150.748;;25316.00;25316.00;1;ASK;;;;;
20251107;064150.748;25314.75;;25314.75;2;BID;;;;;
20251107;064150.748;25314.75;;25314.75;3;BID;;;;;
20251107;064150.748;;25315.75;25315.75;1;ASK;;;;;
20251107;064150.748;25314.75;;25314.75;4;BID;;;;;
20251107;064150.748;;25316.00;25316.00;1;ASK;;;;;
20251107;064150.932;;25316.00;25316.00;2;ASK;;;;;
20251107;064150.932;;25315.75;25315.75;1;ASK;;;;;
20251107;064150.932;25314.75;;25314.75;3;BID;;;;;
20251107;064150.972;25314.75;;25314.75;2;BID;;;;;
20251107;064150.972;;25315.50;25315.50;1;ASK;;;;;
20251107;064150.972;25314.75;;25314.75;1;BID;;;;;
20251107;064150.972;25314.75;;25314.75;2;BID;;;;;
20251107;064150.972;;25315.75;25315.75;1;ASK;;;;;
20251107;064150.972;25314.75;;25314.75;1;BID;;;;;
20251107;064151.172;25314.50;;25314.50;4;BID;;;;;
20251107;064151.172;25314.50;;25314.50;3;BID;;;;;
20251107;064151.172;25314.50;;25314.50;4;BID;;;;;
20251107;064151.172;;25315.50;25315.50;1;ASK;;;;;
20251107;064151.172;;25315.75;25315.75;1;ASK;;;;;
20251107;064151.752;;25315.75;25315.75;2;ASK;;;;;
20251107;064151.752;;25315.50;25315.50;1;ASK;;;;;
20251107;064151.752;25314.50;;25314.50;3;BID;;;;;
20251107;064151.752;25314.50;;25314.50;2;BID;;;;;
20251107;064151.752;25314.50;;25314.50;1;BID;;;;;
20251107;064151.764;25314.50;;25314.50;2;BID;;;;;
20251107;064151.920;;25315.75;25315.75;2;ASK;;;;;
20251107;064151.924;25314.50;;25314.50;1;BID;;;;;
20251107;064151.928;25314.50;;25314.50;2;BID;;;;;
20251107;064154.032;;25315.50;25315.50;1;ASK;;;;;
20251107;064154.032;25314.50;;25314.50;1;BID;;;;;
20251107;064154.032;25314.25;;25314.25;2;BID;;;;;
20251107;064154.032;;25315.25;25315.25;1;ASK;;;;;
20251107;064154.032;25314.25;;25314.25;1;BID;;;;;
20251107;064154.032;25313.75;;25313.75;2;BID;;;;;
20251107;064154.032;25313.75;;25313.75;3;BID;;;;;
20251107;064154.032;;25315.00;25315.00;1;ASK;;;;;
20251107;064154.032;;25315.25;25315.25;1;ASK;;;;;
20251107;064154.036;25313.75;;25313.75;4;BID;;;;;
20251107;064154.056;25313.75;;25313.75;5;BID;;;;;
20251107;064154.056;25313.75;;25313.75;6;BID;;;;;
20251107;064154.056;;25315.00;25315.00;1;ASK;;;;;
20251107;064154.056;;25315.25;25315.25;1;ASK;;;;;
20251107;064154.056;25313.75;;25313.75;7;BID;;;;;
20251107;064154.056;25314.00;;25314.00;1;BID;;;;;
20251107;064154.056;;25315.50;25315.50;3;ASK;;;;;
20251107;064154.056;25314.00;;25314.00;2;BID;;;;;
20251107;064154.056;25314.00;;25314.00;3;BID;;;;;
20251107;064154.056;25314.00;;25314.00;4;BID;;;;;
20251107;064154.056;;25315.50;25315.50;2;ASK;;;;;
20251107;064154.056;25314.00;;25314.00;5;BID;;;;;
20251107;064154.060;25314.00;;25314.00;4;BID;;;;;
20251107;064154.064;;25315.25;25315.25;1;ASK;;;;;
20251107;064154.064;25314.00;;25314.00;3;BID;;;;;
20251107;064154.064;25314.00;;25314.00;4;BID;;;;;
20251107;064154.064;25314.00;;25314.00;5;BID;;;;;
20251107;064154.064;;25315.00;25315.00;1;ASK;;;;;
20251107;064154.064;25314.00;;25314.00;4;BID;;;;;
20251107;064154.064;25314.00;;25314.00;3;BID;;;;;
20251107;064154.064;;25315.00;25315.00;2;ASK;;;;;
20251107;064154.064;25314.00;;25314.00;2;BID;;;;;
20251107;064154.064;;25314.75;25314.75;1;ASK;;;;;
20251107;064154.064;;25314.75;25314.75;2;ASK;;;;;
20251107;064154.164;25314.00;;25314.00;1;BID;;;;;
20251107;064154.164;;25314.50;25314.50;1;ASK;;;;;
20251107;064154.164;25313.75;;25313.75;3;BID;;;;;
20251107;064154.164;25313.75;;25313.75;2;BID;;;;;
20251107;064154.164;25313.75;;25313.75;1;BID;;;;;
20251107;064154.164;25313.50;;25313.50;1;BID;;;;;
20251107;064154.168;25313.25;;25313.25;3;BID;;;;;
20251107;064154.168;25313.25;;25313.25;2;BID;;;;;
20251107;064154.192;25313.50;;25313.50;1;BID;;;;;
20251107;064154.200;25313.50;;25313.50;2;BID;;;;;
20251107;064154.200;25313.75;;25313.75;1;BID;;;;;
20251107;064154.260;25313.50;;25313.50;2;BID;;;;;
20251107;064154.260;25313.50;;25313.50;1;BID;;;;;
20251107;064155.176;;25314.25;25314.25;1;ASK;;;;;
20251107;064155.176;25313.25;;25313.25;1;BID;;;;;
20251107;064155.180;25313.25;;25313.25;2;BID;;;;;
20251107;064155.220;25313.50;;25313.50;1;BID;;;;;
20251107;064155.220;;25314.50;25314.50;1;ASK;;;;;
20251107;064155.220;25313.25;;25313.25;1;BID;;;;;
20251107;064155.252;25313.25;;25313.25;2;BID;;;;;
20251107;064155.252;25313.50;;25313.50;1;BID;;;;;
20251107;064155.544;;25314.25;25314.25;1;ASK;;;;;
20251107;064155.544;25313.25;;25313.25;1;BID;;;;;
20251107;064155.592;25313.25;;25313.25;2;BID;;;;;
20251107;064155.592;;25314.50;25314.50;1;ASK;;;;;
20251107;064155.632;25313.50;;25313.50;1;BID;;;;;
20251107;064156.132;;25314.50;25314.50;2;ASK;;;;;
20251107;064156.132;;25314.25;25314.25;1;ASK;;;;;
20251107;064156.132;25313.25;;25313.25;1;BID;;;;;
20251107;064156.576;25313.25;;25313.25;2;BID;;;;;
20251107;064156.576;25313.50;;25313.50;1;BID;;;;;
20251107;064156.576;;25314.50;25314.50;2;ASK;;;;;
20251107;064156.576;25313.25;;25313.25;1;BID;;;;;
20251107;064156.576;;25314.25;25314.25;1;ASK;;;;;
20251107;064156.756;;25314.25;25314.25;2;ASK;;;;;
20251107;064156.756;;25314.00;25314.00;1;ASK;;;;;
20251107;064156.756;25313.00;;25313.00;2;BID;;;;;
20251107;064156.756;25313.00;;25313.00;1;BID;;;;;
20251107;064156.756;25313.00;;25313.00;2;BID;;;;;
20251107;064156.756;25313.00;;25313.00;1;BID;;;;;
20251107;064156.756;;25314.25;25314.25;2;ASK;;;;;
20251107;064156.760;25313.00;;25313.00;2;BID;;;;;
20251107;064156.812;25313.25;;25313.25;1;BID;;;;;
20251107;064156.812;;25314.00;25314.00;1;ASK;;;;;
20251107;064156.816;25313.00;;25313.00;1;BID;;;;;
20251107;064156.828;;25314.00;25314.00;2;ASK;;;;;
20251107;064156.832;;25313.75;25313.75;1;ASK;;;;;
20251107;064156.832;;25313.75;25313.75;2;ASK;;;;;
20251107;064156.832;25313.00;;25313.00;2;BID;;;;;
20251107;064156.832;25313.00;;25313.00;1;BID;;;;;
20251107;064156.832;25312.75;;25312.75;2;BID;;;;;
20251107;064156.832;;25313.50;25313.50;1;ASK;;;;;
20251107;064156.832;;25313.75;25313.75;1;ASK;;;;;
20251107;064156.832;25312.75;;25312.75;1;BID;;;;;
20251107;064156.832;;25313.50;25313.50;1;ASK;;;;;
20251107;064156.836;;25313.25;25313.25;1;ASK;;;;;
20251107;064156.836;25312.75;;25312.75;1;BID;;;;;
20251107;064156.836;25312.50;;25312.50;1;BID;;;;;
20251107;064156.836;;25313.00;25313.00;1;ASK;;;;;
20251107;064156.836;25312.50;;25312.50;1;BID;;;;;
20251107;064156.836;25312.25;;25312.25;2;BID;;;;;
20251107;064156.840;;25312.75;25312.75;1;ASK;;;;;
20251107;064156.840;25312.25;;25312.25;1;BID;;;;;
20251107;064156.840;25312.00;;25312.00;2;BID;;;;;
20251107;064156.840;;25313.00;25313.00;2;ASK;;;;;
20251107;064156.840;25312.00;;25312.00;1;BID;;;;;
20251107;064156.840;;25312.75;25312.75;1;ASK;;;;;
20251107;064156.840;25312.00;;25312.00;2;BID;;;;;
20251107;064156.840;;25313.00;25313.00;1;ASK;;;;;
20251107;064156.848;;25312.75;25312.75;1;ASK;;;;;
20251107;064156.848;25312.00;;25312.00;3;BID;;;;;
20251107;064156.848;;25313.00;25313.00;1;ASK;;;;;
20251107;064156.884;;25313.25;25313.25;2;ASK;;;;;
20251107;064156.884;;25312.75;25312.75;1;ASK;;;;;
20251107;064156.884;;25313.25;25313.25;1;ASK;;;;;
20251107;064156.884;25312.00;;25312.00;4;BID;;;;;
20251107;064156.884;;25313.00;25313.00;1;ASK;;;;;
20251107;064156.924;;25313.25;25313.25;1;ASK;;;;;
20251107;064156.936;;25313.00;25313.00;1;ASK;;;;;
20251107;064156.936;25312.00;;25312.00;3;BID;;;;;
20251107;064156.936;25312.00;;25312.00;2;BID;;;;;
20251107;064156.968;;25312.75;25312.75;1;ASK;;;;;
20251107;064157.024;;25313.00;25313.00;1;ASK;;;;;
20251107;064157.764;;25312.75;25312.75;1;ASK;;;;;
20251107;064157.936;25312.00;;25312.00;1;BID;;;;;
20251107;064157.936;25312.00;;25312.00;1;BID;;;;;
20251107;064157.936;25312.00;;25312.00;1;BID;;;;;
20251107;064157.936;25311.75;;25311.75;2;BID;;;;;
20251107;064157.940;;25313.00;25313.00;1;ASK;;;;;
20251107;064157.940;;25312.50;25312.50;1;ASK;;;;;
20251107;064157.940;;25313.00;25313.00;1;ASK;;;;;
20251107;064157.940;;25313.00;25313.00;2;ASK;;;;;
20251107;064157.940;;25313.00;25313.00;3;ASK;;;;;
20251107;064157.940;;25312.75;25312.75;1;ASK;;;;;
20251107;064157.940;;25312.75;25312.75;2;ASK;;;;;
20251107;064157.940;;25312.50;25312.50;1;ASK;;;;;
20251107;064157.940;;25312.75;25312.75;3;ASK;;;;;
20251107;064157.940;;25312.75;25312.75;2;ASK;;;;;
20251107;064157.944;;25312.50;25312.50;1;ASK;;;;;
20251107;064157.944;;25312.25;25312.25;1;ASK;;;;;
20251107;064157.944;;25312.50;25312.50;1;ASK;;;;;
20251107;064157.972;;25312.25;25312.25;1;ASK;;;;;
20251107;064158.000;25311.75;;25311.75;1;BID;;;;;
20251107;064158.000;25311.75;;25311.75;1;BID;;;;;
20251107;064158.000;25311.75;;25311.75;1;BID;;;;;
20251107;064158.000;25311.25;;25311.25;2;BID;;;;;
20251107;064158.000;;25312.00;25312.00;1;ASK;;;;;
20251107;064158.000;25311.25;;25311.25;1;BID;;;;;
20251107;064158.000;25311.00;;25311.00;1;BID;;;;;
20251107;064158.004;25310.75;;25310.75;4;BID;;;;;
20251107;064158.004;25310.75;;25310.75;3;BID;;;;;
20251107;064158.004;;25312.00;25312.00;2;ASK;;;;;
20251107;064158.004;25310.75;;25310.75;2;BID;;;;;
20251107;064158.004;;25311.75;25311.75;1;ASK;;;;;
20251107;064158.004;;25312.00;25312.00;2;ASK;;;;;
20251107;064158.008;25310.75;;25310.75;3;BID;;;;;
20251107;064158.040;25311.00;;25311.00;1;BID;;;;;
20251107;064158.092;;25312.00;25312.00;1;ASK;;;;;
20251107;064158.092;25310.75;;25310.75;3;BID;;;;;
20251107;064158.092;25310.75;;25310.75;2;BID;;;;;
20251107;064158.092;;25311.75;25311.75;1;ASK;;;;;
20251107;064158.096;25310.75;;25310.75;3;BID;;;;;
20251107;064158.096;;25312.00;25312.00;1;ASK;;;;;
20251107;064158.108;25310.75;;25310.75;4;BID;;;;;
20251107;064158.132;25311.00;;25311.00;1;BID;;;;;
20251107;064158.132;25311.00;;25311.00;2;BID;;;;;
20251107;064158.132;25311.00;;25311.00;3;BID;;;;;
20251107;064158.132;25311.00;;25311.00;4;BID;;;;;
20251107;064158.164;25311.25;;25311.25;1;BID;;;;;
20251107;064158.200;25311.00;;25311.00;5;BID;;;;;
20251107;064158.200;25311.00;;25311.00;4;BID;;;;;
20251107;064158.220;25311.00;;25311.00;5;BID;;;;;
20251107;064158.252;25311.25;;25311.25;1;BID;;;;;
20251107;064158.256;25311.25;;25311.25;2;BID;;;;;
20251107;064158.264;;25312.00;25312.00;1;ASK;;;;;
20251107;064158.264;;25312.50;25312.50;1;ASK;;;;;
20251107;064158.264;;25312.75;25312.75;3;ASK;;;;;
20251107;064158.264;25311.25;;25311.25;3;BID;;;;;
20251107;064158.264;25311.50;;25311.50;1;BID;;;;;
20251107;064158.264;;25312.75;25312.75;2;ASK;;;;;
20251107;064158.264;;25312.50;25312.50;1;ASK;;;;;
20251107;064158.264;25311.50;;25311.50;2;BID;;;;;
20251107;064158.264;;25312.75;25312.75;2;ASK;;;;;
20251107;064158.268;25311.50;;25311.50;3;BID;;;;;
20251107;064158.272;25311.50;;25311.50;4;BID;;;;;
20251107;064158.284;25311.75;;25311.75;1;BID;;;;;
20251107;064158.304;25311.50;;25311.50;4;BID;;;;;
20251107;064158.304;25311.50;;25311.50;3;BID;;;;;
20251107;064158.304;25311.50;;25311.50;4;BID;;;;;
20251107;064158.304;25311.50;;25311.50;5;BID;;;;;
20251107;064158.556;25311.75;;25311.75;1;BID;;;;;
20251107;064158.556;;25312.75;25312.75;1;ASK;;;;;
20251107;064158.556;25311.75;;25311.75;2;BID;;;;;
20251107;064158.556;;25313.00;25313.00;2;ASK;;;;;
20251107;064158.556;;25313.00;25313.00;1;ASK;;;;;
20251107;064158.556;25311.75;;25311.75;3;BID;;;;;
20251107;064158.892;25311.75;;25311.75;4;BID;;;;;
20251107;064158.892;;25313.25;25313.25;1;ASK;;;;;
20251107;064158.892;25311.75;;25311.75;5;BID;;;;;
20251107;064158.892;;25313.00;25313.00;1;ASK;;;;;
20251107;064158.924;;25313.00;25313.00;2;ASK;;;;;
20251107;064158.924;;25312.75;25312.75;1;ASK;;;;;
20251107;064158.928;25311.75;;25311.75;4;BID;;;;;
20251107;064158.928;25311.75;;25311.75;3;BID;;;;;
20251107;064158.928;25311.75;;25311.75;2;BID;;;;;
20251107;064158.932;25311.75;;25311.75;3;BID;;;;;
20251107;064158.932;25311.75;;25311.75;4;BID;;;;;
20251107;064158.932;25311.75;;25311.75;5;BID;;;;;
20251107;064159.020;25312.00;;25312.00;1;BID;;;;;
20251107;064159.020;;25313.00;25313.00;1;ASK;;;;;
20251107;064159.020;;25313.25;25313.25;1;ASK;;;;;
20251107;064159.024;25312.00;;25312.00;2;BID;;;;;
20251107;064159.032;25312.00;;25312.00;3;BID;;;;;
20251107;064159.032;25312.00;;25312.00;4;BID;;;;;
20251107;064159.056;;25313.50;25313.50;2;ASK;;;;;
20251107;064159.056;;25313.50;25313.50;1;ASK;;;;;
20251107;064159.056;25312.00;;25312.00;5;BID;;;;;
20251107;064159.056;25312.25;;25312.25;1;BID;;;;;
20251107;064159.056;25312.25;;25312.25;2;BID;;;;;
20251107;064159.056;25312.25;;25312.25;1;BID;;;;;
20251107;064159.056;25312.25;;25312.25;2;BID;;;;;
20251107;064159.060;;25313.25;25313.25;1;ASK;;;;;
20251107;064159.064;25312.25;;25312.25;3;BID;;;;;
20251107;064159.064;25312.25;;25312.25;4;BID;;;;;
20251107;064159.064;25312.25;;25312.25;5;BID;;;;;
20251107;064159.064;;25313.00;25313.00;1;ASK;;;;;
20251107;064159.064;25312.25;;25312.25;4;BID;;;;;
20251107;064159.064;25312.25;;25312.25;3;BID;;;;;
20251107;064159.112;25312.25;;25312.25;2;BID;;;;;
20251107;064159.112;25312.25;;25312.25;1;BID;;;;;
20251107;064159.112;25312.00;;25312.00;2;BID;;;;;
20251107;064159.112;;25312.75;25312.75;1;ASK;;;;;
20251107;064159.116;25312.00;;25312.00;1;BID;;;;;
20251107;064159.116;25312.00;;25312.00;2;BID;;;;;
20251107;064159.116;;25313.00;25313.00;1;ASK;;;;;
20251107;064159.116;25312.00;;25312.00;1;BID;;;;;
20251107;064159.116;25311.75;;25311.75;2;BID;;;;;
20251107;064159.116;25311.75;;25311.75;3;BID;;;;;
20251107;064159.208;;25312.75;25312.75;1;ASK;;;;;
20251107;064159.400;25311.75;;25311.75;2;BID;;;;;
20251107;064159.400;;25312.50;25312.50;1;ASK;;;;;
20251107;064159.400;25311.75;;25311.75;1;BID;;;;;
20251107;064159.400;;25312.75;25312.75;1;ASK;;;;;
20251107;064159.404;25311.75;;25311.75;2;BID;;;;;
20251107;064159.416;25311.75;;25311.75;3;BID;;;;;
20251107;064159.472;25311.75;;25311.75;2;BID;;;;;
20251107;064159.472;;25312.50;25312.50;1;ASK;;;;;
20251107;064159.472;25311.75;;25311.75;1;BID;;;;;
20251107;064159.472;25311.50;;25311.50;2;BID;;;;;
20251107;064159.472;25311.50;;25311.50;1;BID;;;;;
20251107;064159.472;25311.25;;25311.25;3;BID;;;;;
20251107;064159.548;25311.25;;25311.25;4;BID;;;;;
20251107;064159.548;25311.50;;25311.50;1;BID;;;;;
20251107;064159.548;;25312.75;25312.75;1;ASK;;;;;
20251107;064159.548;25311.50;;25311.50;2;BID;;;;;
20251107;064159.548;25311.50;;25311.50;3;BID;;;;;
20251107;064200.024;;25312.75;25312.75;2;ASK;;;;;
20251107;064200.024;;25312.50;25312.50;1;ASK;;;;;
20251107;064200.024;25311.50;;25311.50;2;BID;;;;;
20251107;064200.284;;25312.25;25312.25;1;ASK;;;;;
20251107;064200.284;25311.50;;25311.50;1;BID;;;;;
20251107;064200.284;25311.25;;25311.25;4;BID;;;;;
20251107;064200.284;25311.25;;25311.25;3;BID;;;;;
20251107;064200.284;25311.25;;25311.25;2;BID;;;;;
20251107;064200.284;25311.25;;25311.25;1;BID;;;;;
20251107;064200.284;;25312.00;25312.00;1;ASK;;;;;
20251107;064200.316;25311.00;;25311.00;1;BID;;;;;
20251107;064200.316;25310.75;;25310.75;4;BID;;;;;
20251107;064200.316;25311.00;;25311.00;1;BID;;;;;
20251107;064200.316;25311.00;;25311.00;2;BID;;;;;
20251107;064200.316;;25312.25;25312.25;1;ASK;;;;;
20251107;064200.320;;25312.25;25312.25;2;ASK;;;;;
20251107;064200.320;;25312.00;25312.00;1;ASK;;;;;
20251107;064200.320;25311.00;;25311.00;1;BID;;;;;
20251107;064200.320;25311.00;;25311.00;2;BID;;;;;
20251107;064200.320;;25311.75;25311.75;1;ASK;;;;;
20251107;064200.348;;25312.00;25312.00;1;ASK;;;;;
20251107;064200.348;25311.00;;25311.00;1;BID;;;;;
20251107;064200.348;25310.75;;25310.75;4;BID;;;;;
20251107;064200.348;25310.75;;25310.75;3;BID;;;;;
20251107;064200.348;25310.75;;25310.75;2;BID;;;;;
20251107;064200.348;;25311.75;25311.75;1;ASK;;;;;
20251107;064200.348;25310.75;;25310.75;3;BID;;;;;
20251107;064200.348;;25312.00;25312.00;1;ASK;;;;;
20251107;064200.484;25311.00;;25311.00;1;BID;;;;;
20251107;064200.580;25311.00;;25311.00;2;BID;;;;;
20251107;064200.588;;25312.00;25312.00;1;ASK;;;;;
20251107;064200.588;;25312.25;25312.25;3;ASK;;;;;
20251107;064200.588;;25312.25;25312.25;2;ASK;;;;;
20251107;064200.588;;25312.25;25312.25;1;ASK;;;;;
20251107;064200.588;25311.25;;25311.25;1;BID;;;;;
20251107;064200.588;;25312.50;25312.50;1;ASK;;;;;
20251107;064200.592;;25312.25;25312.25;1;ASK;;;;;
20251107;064200.592;25311.25;;25311.25;2;BID;;;;;
20251107;064200.592;25311.25;;25311.25;3;BID;;;;;
20251107;064200.600;;25312.50;25312.50;1;ASK;;;;;
20251107;064200.600;25311.50;;25311.50;1;BID;;;;;
20251107;064200.604;;25312.25;25312.25;1;ASK;;;;;
20251107;064200.604;25311.25;;25311.25;3;BID;;;;;
20251107;064200.636;25311.25;;25311.25;2;BID;;;;;
20251107;064200.860;25311.25;;25311.25;3;BID;;;;;
20251107;064200.860;25311.25;;25311.25;4;BID;;;;;
20251107;064200.864;;25312.50;25312.50;1;ASK;;;;;
20251107;064200.864;25311.25;;25311.25;3;BID;;;;;
20251107;064200.864;25311.50;;25311.50;1;BID;;;;;
20251107;064200.864;;25312.25;25312.25;1;ASK;;;;;
20251107;064200.864;;25312.50;25312.50;1;ASK;;;;;
20251107;064200.912;25311.25;;25311.25;3;BID;;;;;
20251107;064200.964;;25312.25;25312.25;1;ASK;;;;;
20251107;064201.116;25311.25;;25311.25;4;BID;;;;;
20251107;064201.168;25311.25;;25311.25;5;BID;;;;;
20251107;064201.176;25311.50;;25311.50;1;BID;;;;;
20251107;064201.192;25311.25;;25311.25;5;BID;;;;;
20251107;064201.192;25311.25;;25311.25;4;BID;;;;;
20251107;064201.300;;25312.25;25312.25;1;ASK;;;;;
20251107;064201.300;;25312.50;25312.50;1;ASK;;;;;
20251107;064201.300;;25312.75;25312.75;1;ASK;;;;;
20251107;064201.300;;25312.75;25312.75;1;ASK;;;;;
20251107;064201.300;25311.50;;25311.50;1;BID;;;;;
20251107;064201.304;25311.50;;25311.50;2;BID;;;;;
20251107;064201.304;;25312.50;25312.50;1;ASK;;;;;
20251107;064201.304;;25312.75;25312.75;1;ASK;;;;;
20251107;064201.304;25311.50;;25311.50;1;BID;;;;;
20251107;064201.304;25311.75;;25311.75;1;BID;;;;;
20251107;064201.304;25311.75;;25311.75;2;BID;;;;;
20251107;064201.328;25312.00;;25312.00;1;BID;;;;;
20251107;064201.364;25311.75;;25311.75;1;BID;;;;;
20251107;064201.364;25311.50;;25311.50;2;BID;;;;;
20251107;064201.364;25311.50;;25311.50;1;BID;;;;;
20251107;064201.364;;25312.50;25312.50;1;ASK;;;;;
20251107;064201.364;25311.50;;25311.50;2;BID;;;;;
20251107;064201.364;;25312.75;25312.75;1;ASK;;;;;
20251107;064201.364;25311.50;;25311.50;1;BID;;;;;
20251107;064201.368;;25312.50;25312.50;1;ASK;;;;;
20251107;064201.368;25311.50;;25311.50;2;BID;;;;;
20251107;064201.368;;25312.25;25312.25;1;ASK;;;;;
20251107;064201.368;25311.50;;25311.50;1;BID;;;;;
20251107;064201.372;;25312.50;25312.50;1;ASK;;;;;
20251107;064201.396;25311.25;;25311.25;5;BID;;;;;
20251107;064201.396;25311.25;;25311.25;4;BID;;;;;
20251107;064201.396;;25312.50;25312.50;2;ASK;;;;;
20251107;064201.396;;25312.25;25312.25;1;ASK;;;;;
20251107;064201.396;;25312.50;25312.50;2;ASK;;;;;
20251107;064201.396;;25312.25;25312.25;1;ASK;;;;;
20251107;064201.444;25311.50;;25311.50;1;BID;;;;;
20251107;064201.496;25311.25;;25311.25;5;BID;;;;;
20251107;064201.496;25311.25;;25311.25;4;BID;;;;;
20251107;064201.500;;25312.50;25312.50;2;ASK;;;;;
20251107;064201.548;25311.50;;25311.50;1;BID;;;;;
20251107;064201.656;25311.25;;25311.25;5;BID;;;;;
20251107;064201.656;;25312.25;25312.25;1;ASK;;;;;
20251107;064201.656;25311.25;;25311.25;4;BID;;;;;
20251107;064201.708;25311.50;;25311.50;1;BID;;;;;
20251107;064201.708;;25312.50;25312.50;2;ASK;;;;;
20251107;064201.756;;25312.25;25312.25;1;ASK;;;;;
20251107;064201.756;25311.25;;25311.25;5;BID;;;;;
20251107;064201.756;25311.25;;25311.25;4;BID;;;;;
20251107;064201.816;25311.50;;25311.50;1;BID;;;;;
20251107;064201.820;25311.25;;25311.25;5;BID;;;;;
20251107;064201.820;25311.25;;25311.25;4;BID;;;;;
20251107;064201.868;25311.50;;25311.50;1;BID;;;;;
20251107;064201.884;25311.25;;25311.25;5;BID;;;;;
20251107;064201.884;25311.25;;25311.25;4;BID;;;;;
20251107;064201.924;25311.50;;25311.50;1;BID;;;;;
20251107;064201.976;25311.25;;25311.25;5;BID;;;;;
20251107;064201.976;25311.25;;25311.25;4;BID;;;;;
20251107;064202.028;25311.50;;25311.50;1;BID;;;;;
20251107;064202.028;;25312.25;25312.25;1;ASK;;;;;
20251107;064202.028;;25312.50;25312.50;2;ASK;;;;;
20251107;064202.028;;25312.50;25312.50;1;ASK;;;;;
20251107;064202.028;25311.50;;25311.50;2;BID;;;;;
20251107;064202.028;;25312.75;25312.75;2;ASK;;;;;
20251107;064202.028;;25312.75;25312.75;1;ASK;;;;;
20251107;064202.044;25311.50;;25311.50;3;BID;;;;;
20251107;064202.044;25311.75;;25311.75;1;BID;;;;;
20251107;064202.052;25311.75;;25311.75;2;BID;;;;;
20251107;064202.380;25311.75;;25311.75;3;BID;;;;;
20251107;064202.380;25311.75;;25311.75;4;BID;;;;;
20251107;064202.400;25312.00;;25312.00;1;BID;;;;;
20251107;064202.480;25312.00;;25312.00;2;BID;;;;;
20251107;064202.512;25312.00;;25312.00;1;BID;;;;;
20251107;064203.016;;25312.75;25312.75;1;ASK;;;;;
20251107;064203.016;;25313.25;25313.25;2;ASK;;;;;
20251107;064203.016;25312.25;;25312.25;1;BID;;;;;
20251107;064203.016;;25313.25;25313.25;1;ASK;;;;;
20251107;064203.016;;25313.50;25313.50;1;ASK;;;;;
20251107;064203.016;25312.25;;25312.25;2;BID;;;;;
20251107;064203.020;25312.50;;25312.50;1;BID;;;;;
20251107;064203.020;25312.25;;25312.25;2;BID;;;;;
20251107;064203.020;25312.50;;25312.50;1;BID;;;;;
20251107;064203.028;25312.50;;25312.50;2;BID;;;;;
20251107;064203.784;25312.50;;25312.50;1;BID;;;;;
20251107;064203.784;25312.50;;25312.50;1;BID;;;;;
20251107;064203.784;;25313.25;25313.25;1;ASK;;;;;
20251107;064203.784;25312.25;;25312.25;2;BID;;;;;
20251107;064203.784;25312.25;;25312.25;1;BID;;;;;
20251107;064203.788;25312.25;;25312.25;2;BID;;;;;
20251107;064203.788;;25313.00;25313.00;1;ASK;;;;;
20251107;064203.788;25312.25;;25312.25;1;BID;;;;;
20251107;064203.788;;25313.50;25313.50;2;ASK;;;;;
20251107;064203.788;;25313.25;25313.25;1;ASK;;;;;
20251107;064203.796;25312.25;;25312.25;2;BID;;;;;
20251107;064204.732;25312.25;;25312.25;1;BID;;;;;
20251107;064204.732;;25313.00;25313.00;1;ASK;;;;;
20251107;064204.732;25312.00;;25312.00;2;BID;;;;;
20251107;064204.732;25312.00;;25312.00;1;BID;;;;;
20251107;064204.732;25311.75;;25311.75;2;BID;;;;;
20251107;064204.732;25311.75;;25311.75;3;BID;;;;;
20251107;064204.732;;25313.25;25313.25;1;ASK;;;;;
20251107;064204.732;;25313.25;25313.25;2;ASK;;;;;
20251107;064204.732;;25313.25;25313.25;3;ASK;;;;;
20251107;064204.732;;25313.00;25313.00;1;ASK;;;;;
20251107;064204.764;;25313.00;25313.00;2;ASK;;;;;
20251107;064204.764;25311.75;;25311.75;2;BID;;;;;
20251107;064204.764;;25312.75;25312.75;1;ASK;;;;;
20251107;064204.764;25311.75;;25311.75;1;BID;;;;;
20251107;064204.764;25311.50;;25311.50;4;BID;;;;;
20251107;064204.764;25311.50;;25311.50;3;BID;;;;;
20251107;064204.804;;25313.00;25313.00;2;ASK;;;;;
20251107;064204.804;25311.50;;25311.50;4;BID;;;;;
20251107;064204.808;;25313.00;25313.00;1;ASK;;;;;
20251107;064204.808;25311.75;;25311.75;1;BID;;;;;
20251107;064204.808;25311.75;;25311.75;2;BID;;;;;
20251107;064204.808;25311.75;;25311.75;3;BID;;;;;
20251107;064204.808;25311.75;;25311.75;2;BID;;;;;
20251107;064204.812;25311.75;;25311.75;3;BID;;;;;
20251107;064204.820;25311.75;;25311.75;2;BID;;;;;
20251107;064204.820;;25313.00;25313.00;2;ASK;;;;;
20251107;064204.820;25311.75;;25311.75;1;BID;;;;;
20251107;064204.820;;25312.75;25312.75;1;ASK;;;;;
20251107;064204.952;;25312.75;25312.75;2;ASK;;;;;
20251107;064205.056;25311.75;;25311.75;2;BID;;;;;
20251107;064205.056;;25312.75;25312.75;1;ASK;;;;;
20251107;064205.056;;25313.00;25313.00;1;ASK;;;;;
20251107;064205.056;;25313.00;25313.00;2;ASK;;;;;
20251107;064205.056;;25313.00;25313.00;1;ASK;;;;;
20251107;064205.056;;25313.25;25313.25;3;ASK;;;;;
20251107;064205.056;;25313.25;25313.25;2;ASK;;;;;
20251107;064205.056;25312.00;;25312.00;1;BID;;;;;
20251107;064205.056;25312.00;;25312.00;2;BID;;;;;
20251107;064205.056;;25313.25;25313.25;1;ASK;;;;;
20251107;064205.280;;25313.50;25313.50;2;ASK;;;;;
20251107;064205.280;25312.00;;25312.00;3;BID;;;;;
20251107;064205.280;25312.25;;25312.25;1;BID;;;;;
20251107;064205.280;;25313.50;25313.50;1;ASK;;;;;
20251107;064205.280;25312.25;;25312.25;2;BID;;;;;
20251107;064205.604;;25313.50;25313.50;2;ASK;;;;;
20251107;064205.604;;25313.25;25313.25;1;ASK;;;;;
20251107;064205.604;25312.25;;25312.25;1;BID;;;;;
20251107;064205.604;25312.25;;25312.25;2;BID;;;;;
20251107;064205.604;25312.25;;25312.25;3;BID;;;;;
20251107;064205.604;25312.25;;25312.25;4;BID;;;;;
20251107;064205.604;25312.25;;25312.25;5;BID;;;;;
20251107;064205.604;;25313.50;25313.50;2;ASK;;;;;
20251107;064205.612;;25313.25;25313.25;1;ASK;;;;;
20251107;064205.632;;25313.50;25313.50;2;ASK;;;;;
20251107;064205.744;;25313.25;25313.25;1;ASK;;;;;
20251107;064205.744;;25313.50;25313.50;2;ASK;;;;;
20251107;064205.744;;25313.25;25313.25;1;ASK;;;;;
20251107;064205.748;;25313.50;25313.50;2;ASK;;;;;
20251107;064207.280;25312.25;;25312.25;1;BID;;;;;
20251107;064207.280;25312.25;;25312.25;4;BID;;;;;
20251107;064207.280;;25313.25;25313.25;1;ASK;;;;;
20251107;064207.280;;25313.25;25313.25;2;ASK;;;;;
20251107;064207.344;;25313.25;25313.25;1;ASK;;;;;
20251107;064209.156;25312.25;;25312.25;5;BID;;;;;
20251107;064209.156;;25313.25;25313.25;1;ASK;;;;;
20251107;064209.156;;25313.50;25313.50;1;ASK;;;;;
20251107;064209.156;;25313.75;25313.75;2;ASK;;;;;
20251107;064209.156;25312.25;;25312.25;6;BID;;;;;
20251107;064209.156;25312.50;;25312.50;1;BID;;;;;
20251107;064209.156;25312.50;;25312.50;2;BID;;;;;
20251107;064209.156;;25313.75;25313.75;1;ASK;;;;;
20251107;064209.160;;25314.00;25314.00;1;ASK;;;;;
20251107;064209.160;25312.50;;25312.50;3;BID;;;;;
20251107;064209.160;25312.50;;25312.50;4;BID;;;;;
20251107;064209.160;25312.50;;25312.50;5;BID;;;;;
20251107;064209.160;25312.75;;25312.75;1;BID;;;;;
20251107;064209.160;25312.75;;25312.75;2;BID;;;;;
20251107;064209.160;;25314.50;25314.50;2;ASK;;;;;
20251107;064209.160;25312.75;;25312.75;3;BID;;;;;
20251107;064209.160;;25314.50;25314.50;1;ASK;;;;;
20251107;064209.160;25313.00;;25313.00;1;BID;;;;;
20251107;064209.160;;25314.75;25314.75;3;ASK;;;;;
20251107;064209.160;;25314.75;25314.75;4;ASK;;;;;
20251107;064209.160;;25314.75;25314.75;3;ASK;;;;;
20251107;064209.160;;25314.75;25314.75;2;ASK;;;;;
20251107;064209.160;25313.00;;25313.00;2;BID;;;;;
20251107;064209.160;;25314.25;25314.25;1;ASK;;;;;
20251107;064209.160;;25314.75;25314.75;2;ASK;;;;;
20251107;064209.172;25313.00;;25313.00;3;BID;;;;;
20251107;064209.172;25313.25;;25313.25;1;BID;;;;;
20251107;064209.172;25313.25;;25313.25;2;BID;;;;;
20251107;064209.172;;25314.75;25314.75;3;ASK;;;;;
20251107;064209.172;;25314.50;25314.50;1;ASK;;;;;
20251107;064209.172;25313.25;;25313.25;1;BID;;;;;
20251107;064209.172;;25314.50;25314.50;2;ASK;;;;;
20251107;064209.172;;25314.25;25314.25;1;ASK;;;;;
20251107;064209.172;;25314.25;25314.25;2;ASK;;;;;
20251107;064209.172;;25314.00;25314.00;1;ASK;;;;;
20251107;064209.172;25313.25;;25313.25;1;BID;;;;;
20251107;064209.172;25313.00;;25313.00;3;BID;;;;;
20251107;064209.172;;25313.75;25313.75;1;ASK;;;;;
20251107;064209.172;25313.00;;25313.00;2;BID;;;;;
20251107;064209.172;25313.00;;25313.00;1;BID;;;;;
20251107;064209.172;25313.00;;25313.00;1;BID;;;;;
20251107;064209.172;25312.50;;25312.50;3;BID;;;;;
20251107;064209.172;25312.50;;25312.50;2;BID;;;;;
20251107;064209.172;;25313.75;25313.75;2;ASK;;;;;
20251107;064209.172;;25313.75;25313.75;1;ASK;;;;;
20251107;064209.172;25312.50;;25312.50;1;BID;;;;;
20251107;064209.172;;25313.50;25313.50;1;ASK;;;;;
20251107;064209.172;25312.25;;25312.25;5;BID;;;;;
20251107;064209.172;25312.25;;25312.25;4;BID;;;;;
20251107;064209.172;25312.25;;25312.25;3;BID;;;;;
20251107;064209.176;;25313.25;25313.25;1;ASK;;;;;
20251107;064209.176;;25313.50;25313.50;2;ASK;;;;;
20251107;064209.176;;25313.50;25313.50;1;ASK;;;;;
20251107;064209.176;;25313.75;25313.75;2;ASK;;;;;
20251107;064209.176;25312.50;;25312.50;1;BID;;;;;
20251107;064209.176;25312.50;;25312.50;2;BID;;;;;
20251107;064209.176;;25313.50;25313.50;1;ASK;;;;;
20251107;064209.176;;25313.75;25313.75;2;ASK;;;;;
20251107;064209.176;25312.75;;25312.75;1;BID;;;;;
20251107;064209.176;;25313.75;25313.75;1;ASK;;;;;
20251107;064209.176;;25314.00;25314.00;1;ASK;;;;;
20251107;064209.180;25312.75;;25312.75;2;BID;;;;;
20251107;064209.192;;25314.00;25314.00;2;ASK;;;;;
20251107;064209.200;;25314.00;25314.00;1;ASK;;;;;
20251107;064209.272;;25313.75;25313.75;1;ASK;;;;;
20251107;064209.272;;25314.00;25314.00;1;ASK;;;;;
20251107;064209.272;25312.75;;25312.75;1;BID;;;;;
20251107;064209.272;;25313.75;25313.75;1;ASK;;;;;
20251107;064209.276;25312.75;;25312.75;2;BID;;;;;
20251107;064209.276;;25314.00;25314.00;1;ASK;;;;;
20251107;064209.500;25312.75;;25312.75;3;BID;;;;;
20251107;064209.500;;25314.00;25314.00;2;ASK;;;;;
20251107;064209.500;;25313.75;25313.75;1;ASK;;;;;
20251107;064209.500;25312.75;;25312.75;2;BID;;;;;
20251107;064209.500;;25313.50;25313.50;1;ASK;;;;;
20251107;064209.500;25312.75;;25312.75;1;BID;;;;;
20251107;064209.500;;25313.75;25313.75;2;ASK;;;;;
20251107;064209.504;;25313.50;25313.50;1;ASK;;;;;
20251107;064209.504;25312.25;;25312.25;3;BID;;;;;
20251107;064209.504;25312.25;;25312.25;2;BID;;;;;
20251107;064209.580;25312.50;;25312.50;1;BID;;;;;
20251107;064209.580;25312.50;;25312.50;2;BID;;;;;
20251107;064209.588;25312.50;;25312.50;3;BID;;;;;
20251107;064209.588;;25313.75;25313.75;2;ASK;;;;;
20251107;064209.688;;25313.75;25313.75;1;ASK;;;;;
20251107;064209.688;25312.75;;25312.75;1;BID;;;;;
20251107;064209.688;;25314.00;25314.00;1;ASK;;;;;
20251107;064209.688;25312.75;;25312.75;2;BID;;;;;
20251107;064209.688;;25314.00;25314.00;2;ASK;;;;;
20251107;064209.688;;25313.75;25313.75;1;ASK;;;;;
20251107;064209.700;25312.75;;25312.75;3;BID;;;;;
20251107;064209.700;;25314.00;25314.00;2;ASK;;;;;
20251107;064210.056;;25313.75;25313.75;1;ASK;;;;;
20251107;064210.056;25312.75;;25312.75;2;BID;;;;;
20251107;064210.056;25312.75;;25312.75;1;BID;;;;;
20251107;064210.056;25312.50;;25312.50;2;BID;;;;;
20251107;064210.056;;25313.75;25313.75;2;ASK;;;;;
20251107;064210.056;25312.50;;25312.50;1;BID;;;;;
20251107;064210.056;25312.25;;25312.25;2;BID;;;;;
20251107;064210.056;;25313.50;25313.50;1;ASK;;;;;
20251107;064210.056;;25313.50;25313.50;2;ASK;;;;;
20251107;064210.060;;25313.50;25313.50;1;ASK;;;;;
20251107;064210.160;;25313.25;25313.25;1;ASK;;;;;
20251107;064210.160;25312.25;;25312.25;3;BID;;;;;
20251107;064210.160;;25313.50;25313.50;1;ASK;;;;;
20251107;064210.168;;25313.50;25313.50;2;ASK;;;;;
20251107;064210.168;;25313.25;25313.25;1;ASK;;;;;
20251107;064210.240;;25313.50;25313.50;1;ASK;;;;;
20251107;064210.272;;25313.25;25313.25;1;ASK;;;;;
20251107;064210.296;25312.25;;25312.25;2;BID;;;;;
20251107;064210.296;;25313.00;25313.00;1;ASK;;;;;
20251107;064210.296;25312.25;;25312.25;1;BID;;;;;
20251107;064210.296;25312.00;;25312.00;2;BID;;;;;
20251107;064210.300;25312.00;;25312.00;1;BID;;;;;
20251107;064210.408;25312.00;;25312.00;2;BID;;;;;
20251107;064210.408;25312.00;;25312.00;3;BID;;;;;
20251107;064210.408;25312.25;;25312.25;1;BID;;;;;
20251107;064210.412;25312.00;;25312.00;3;BID;;;;;
20251107;064210.412;;25313.25;25313.25;1;ASK;;;;;
20251107;064210.420;;25313.00;25313.00;1;ASK;;;;;
20251107;064210.552;;25313.25;25313.25;1;ASK;;;;;
20251107;064210.552;25312.00;;25312.00;2;BID;;;;;
20251107;064210.552;;25313.00;25313.00;1;ASK;;;;;
20251107;064211.216;25312.00;;25312.00;1;BID;;;;;
20251107;064212.076;;25313.00;25313.00;1;ASK;;;;;
20251107;064212.076;;25313.25;25313.25;1;ASK;;;;;
20251107;064212.076;25312.25;;25312.25;1;BID;;;;;
20251107;064212.076;25312.25;;25312.25;2;BID;;;;;
20251107;064212.076;25312.25;;25312.25;1;BID;;;;;
20251107;064212.096;25312.25;;25312.25;2;BID;;;;;
20251107;064212.820;;25313.25;25313.25;1;ASK;;;;;
20251107;064212.820;;25313.50;25313.50;1;ASK;;;;;
20251107;064212.820;;25313.50;25313.50;1;ASK;;;;;
20251107;064212.820;;25313.75;25313.75;1;ASK;;;;;
20251107;064212.820;;25313.75;25313.75;1;ASK;;;;;
20251107;064212.820;25312.50;;25312.50;1;BID;;;;;
20251107;064212.820;;25314.25;25314.25;2;ASK;;;;;
20251107;064212.820;25312.50;;25312.50;2;BID;;;;;
20251107;064212.820;;25314.00;25314.00;1;ASK;;;;;
20251107;064212.820;25312.50;;25312.50;3;BID;;;;;
20251107;064212.820;;25314.00;25314.00;2;ASK;;;;;
20251107;064212.820;25312.50;;25312.50;4;BID;;;;;
20251107;064212.820;25312.75;;25312.75;1;BID;;;;;
20251107;064212.820;;25314.00;25314.00;3;ASK;;;;;
20251107;064212.820;;25313.75;25313.75;1;ASK;;;;;
20251107;064212.820;;25313.75;25313.75;2;ASK;;;;;
20251107;064212.820;;25313.50;25313.50;1;ASK;;;;;
20251107;064212.820;25312.50;;25312.50;4;BID;;;;;
20251107;064212.820;25312.50;;25312.50;3;BID;;;;;
20251107;064212.820;;25313.75;25313.75;2;ASK;;;;;
20251107;064212.820;25312.75;;25312.75;1;BID;;;;;
