timestamp;shape;close_price;previous_close;price_change;price_change_pct;total_bid;total_ask;bid_ask_ratio;num_price_levels;lower_bid_volume;upper_ask_volume;max_lower_bid;max_upper_ask;bid_concentration;ask_concentration
2025-10-09 14:00:41.768;p_shape;25323,25;25323,0;0,25;0,0009872447972199185;31,0;65,0;0,47692307692307695;13;10,0;56,0;3,0;20,0;0,3225806451612903;0,8615384615384616
2025-10-09 15:06:58.768;p_shape;25327,5;25324,5;3,0;0,011846235858555945;40,0;102,0;0,39215686274509803;19;40,0;96,0;8,0;24,0;1,0;0,9411764705882353
2025-10-09 15:06:59.768;d_shape;25322,75;25326,75;-4,0;-0,015793577936371622;105,0;168,0;0,625;26;86,0;108,0;31,0;24,0;0,819047619047619;0,6428571428571429
2025-10-09 15:07:00.268;d_shape;25320,5;25322,75;-2,25;-0,008885290894551342;180,0;197,0;0,9137055837563451;37;149,0;149,0;43,0;24,0;0,8277777777777777;0,7563451776649747
2025-10-09 15:07:00.768;d_shape;25320,0;25320,5;-0,5;-0,001974684544144073;202,0;197,0;1,0253807106598984;40;168,0;155,0;43,0;24,0;0,8316831683168316;0,7868020304568528
2025-10-09 15:25:00.768;d_shape;25330,5;25331,5;-1,0;-0,003947654106547184;135,0;309,0;0,4368932038834951;17;127,0;107,0;33,0;20,0;0,9407407407407408;0,34627831715210355
2025-10-09 15:25:04.268;d_shape;25329,75;25332,0;-2,25;-0,008882046423495974;96,0;340,0;0,2823529411764706;18;82,0;113,0;34,0;20,0;0,8541666666666666;0,3323529411764706
2025-10-09 15:27:50.268;p_shape;25326,25;25317,25;9,0;0,03554888465374399;93,0;176,0;0,5284090909090909;36;69,0;167,0;7,0;28,0;0,7419354838709677;0,9488636363636364
2025-10-09 15:27:51.268;p_shape;25324,5;25323,75;0,75;0,0029616466755516065;95,0;224,0;0,42410714285714285;36;69,0;216,0;7,0;31,0;0,7263157894736842;0,9642857142857143
2025-10-09 15:27:52.268;p_shape;25324,5;25324,0;0,5;0,0019744116253356497;106,0;223,0;0,47533632286995514;36;69,0;219,0;7,0;31,0;0,6509433962264151;0,9820627802690582
2025-10-09 15:27:52.768;p_shape;25325,5;25324,5;1,0;0,003948745286185314;114,0;224,0;0,5089285714285714;36;67,0;220,0;7,0;32,0;0,5877192982456141;0,9821428571428571
2025-10-09 15:27:54.768;p_shape;25325,0;25324,5;0,5;0,001974372643092657;117,0;238,0;0,49159663865546216;34;69,0;238,0;7,0;35,0;0,5897435897435898;1,0
2025-10-09 15:27:55.268;p_shape;25325,25;25325,0;0,25;0,000987166831194472;117,0;240,0;0,4875;34;69,0;240,0;7,0;35,0;0,5897435897435898;1,0
2025-10-09 15:30:01.768;d_shape;25321,75;25323,75;-2,0;-0,007897724468137617;145,0;694,0;0,20893371757925072;58;128,0;457,0;23,0;65,0;0,8827586206896552;0,6585014409221902
2025-10-09 15:30:11.268;d_shape;25309,75;25311,5;-1,75;-0,006913853386800466;269,0;571,0;0,4711033274956217;73;234,0;260,0;26,0;25,0;0,8698884758364313;0,4553415061295972
2025-10-09 15:30:11.768;d_shape;25308,5;25309,75;-1,25;-0,004938808166813185;259,0;544,0;0,47610294117647056;71;236,0;205,0;26,0;25,0;0,9111969111969112;0,37683823529411764
2025-10-09 15:30:37.268;d_shape;25312,5;25313,0;-0,5;-0,0019752696243037176;92,0;261,0;0,3524904214559387;42;85,0;135,0;21,0;18,0;0,9239130434782609;0,5172413793103449
2025-10-09 15:30:37.768;d_shape;25311,75;25312,5;-0,75;-0,002962962962962963;114,0;222,0;0,5135135135135135;39;105,0;114,0;21,0;18,0;0,9210526315789473;0,5135135135135135
2025-10-09 15:30:39.768;p_shape;25316,75;25315,0;1,75;0,006912897491605768;172,0;158,0;1,0886075949367089;25;123,0;157,0;28,0;27,0;0,7151162790697675;0,9936708860759493
2025-10-09 15:30:51.768;d_shape;25309,75;25311,0;-1,25;-0,004938564260598159;122,0;118,0;1,0338983050847457;28;91,0;46,0;22,0;8,0;0,7459016393442623;0,3898305084745763
2025-10-09 15:31:02.768;p_shape;25322,75;25321,5;1,25;0,004936516399107478;199,0;152,0;1,3092105263157894;45;79,0;145,0;9,0;24,0;0,3969849246231156;0,9539473684210527
2025-10-09 15:31:03.268;p_shape;25324,5;25322,75;1,75;0,006910781806873266;208,0;147,0;1,4149659863945578;42;59,0;145,0;8,0;24,0;0,28365384615384615;0,9863945578231292
2025-10-09 15:31:07.768;p_shape;25333,75;25330,5;3,25;0,012830382345393894;233,0;153,0;1,522875816993464;43;126,0;139,0;14,0;28,0;0,5407725321888412;0,9084967320261438
2025-10-09 15:31:09.768;p_shape;25333,5;25332,25;1,25;0,004934421537763128;124,0;213,0;0,5821596244131455;26;102,0;161,0;21,0;28,0;0,8225806451612904;0,755868544600939
2025-10-09 15:31:14.268;d_shape;25328,0;25329,75;-1,75;-0,006908871978602237;135,0;149,0;0,9060402684563759;31;124,0;79,0;20,0;11,0;0,9185185185185185;0,5302013422818792
2025-10-09 15:31:24.268;p_shape;25326,5;25324,75;1,75;0,006910236033919387;131,0;223,0;0,5874439461883408;22;96,0;170,0;24,0;80,0;0,732824427480916;0,7623318385650224
2025-10-09 15:31:28.768;p_shape;25331,0;25330,75;0,25;0,0009869427474512203;127,0;132,0;0,9621212121212122;30;47,0;124,0;7,0;20,0;0,3700787401574803;0,9393939393939394
2025-10-09 15:31:29.768;p_shape;25331,5;25329,75;1,75;0,006908871978602237;102,0;137,0;0,7445255474452555;19;44,0;116,0;8,0;22,0;0,43137254901960786;0,8467153284671532
2025-10-09 15:31:35.268;d_shape;25323,25;25324,5;-1,25;-0,004935931607731643;107,0;270,0;0,3962962962962963;40;107,0;194,0;23,0;96,0;1,0;0,7185185185185186
2025-10-09 15:31:36.268;d_shape;25323,0;25323,25;-0,25;-0,0009872350507932432;124,0;93,0;1,3333333333333333;27;124,0;54,0;27,0;10,0;1,0;0,5806451612903226
2025-10-09 15:31:37.268;d_shape;25323,25;25323,75;-0,5;-0,0019744311170344043;137,0;57,0;2,4035087719298245;17;129,0;35,0;32,0;6,0;0,9416058394160584;0,6140350877192983
2025-10-09 15:32:17.268;p_shape;25321,0;25319,75;1,25;0,004936857591405918;56,0;225,0;0,24888888888888888;16;44,0;168,0;10,0;126,0;0,7857142857142857;0,7466666666666667
2025-10-09 15:32:38.268;d_shape;25316,25;25318,5;-2,25;-0,00888678239232182;89,0;133,0;0,6691729323308271;17;81,0;79,0;53,0;14,0;0,9101123595505618;0,5939849624060151
2025-10-09 15:32:39.768;d_shape;25316,5;25317,75;-1,25;-0,004937247583217308;81,0;55,0;1,4727272727272727;16;73,0;39,0;53,0;9,0;0,9012345679012346;0,7090909090909091
2025-10-09 15:32:56.268;d_shape;25312,0;25312,75;-0,75;-0,0029629336994202527;108,0;229,0;0,47161572052401746;35;91,0;81,0;23,0;14,0;0,8425925925925926;0,3537117903930131
2025-10-09 15:32:57.268;d_shape;25311,0;25312,5;-1,5;-0,005925925925925926;96,0;258,0;0,37209302325581395;35;95,0;79,0;23,0;14,0;0,9895833333333334;0,3062015503875969
2025-10-09 15:32:59.768;d_shape;25310,5;25311,25;-0,75;-0,002963109289347622;136,0;126,0;1,0793650793650793;14;114,0;81,0;28,0;16,0;0,8382352941176471;0,6428571428571429
2025-10-09 15:33:00.268;d_shape;25309,75;25310,5;-0,75;-0,0029631970921159202;95,0;115,0;0,8260869565217391;15;73,0;84,0;20,0;16,0;0,7684210526315789;0,7304347826086957
2025-10-09 15:33:10.768;d_shape;25308,75;25310,25;-1,5;-0,005926452721723412;36,0;119,0;0,3025210084033613;31;33,0;67,0;22,0;8,0;0,9166666666666666;0,5630252100840336
2025-10-09 15:33:11.768;d_shape;25305,25;25307,0;-1,75;-0,006915082783419608;124,0;211,0;0,5876777251184834;50;111,0;73,0;23,0;8,0;0,8951612903225806;0,3459715639810427
2025-10-09 15:33:13.268;d_shape;25306,0;25307,5;-1,5;-0,005927096710461326;171,0;207,0;0,8260869565217391;42;160,0;70,0;28,0;8,0;0,935672514619883;0,33816425120772947
2025-10-09 15:33:13.768;d_shape;25305,5;25306,0;-0,5;-0,0019758160120129614;171,0;204,0;0,8382352941176471;39;160,0;76,0;28,0;11,0;0,935672514619883;0,37254901960784315
2025-10-09 15:33:14.268;d_shape;25304,5;25305,5;-1,0;-0,003951710102546877;167,0;198,0;0,8434343434343434;37;142,0;89,0;28,0;25,0;0,8502994011976048;0,4494949494949495
2025-10-09 15:33:42.768;d_shape;25300,75;25301,0;-0,25;-0,0009881032370262046;97,0;117,0;0,8290598290598291;20;93,0;47,0;21,0;18,0;0,9587628865979382;0,4017094017094017
2025-10-09 15:33:43.268;d_shape;25300,5;25300,75;-0,25;-0,0009881130006027489;112,0;110,0;1,018181818181818;15;97,0;64,0;24,0;18,0;0,8660714285714286;0,5818181818181818
2025-10-09 15:33:53.268;d_shape;25298,5;25299,0;-0,5;-0,0019763627020830863;111,0;205,0;0,5414634146341464;25;111,0;128,0;25,0;54,0;1,0;0,624390243902439
2025-10-09 15:34:06.268;d_shape;25300,25;25302,0;-1,75;-0,006916449292546044;59,0;136,0;0,4338235294117647;18;51,0;65,0;21,0;17,0;0,864406779661017;0,47794117647058826
2025-10-09 15:34:06.768;d_shape;25299,75;25300,25;-0,5;-0,0019762650566694006;65,0;106,0;0,6132075471698113;21;56,0;50,0;21,0;14,0;0,8615384615384616;0,4716981132075472
2025-10-09 15:34:44.268;p_shape;25311,0;25309,0;2,0;0,007902327235370817;80,0;112,0;0,7142857142857143;18;50,0;94,0;11,0;23,0;0,625;0,8392857142857143
2025-10-09 15:35:23.768;d_shape;25296,25;25297,75;-1,5;-0,00592938107143916;100,0;175,0;0,5714285714285714;18;88,0;93,0;23,0;30,0;0,88;0,5314285714285715
2025-10-09 15:35:24.768;d_shape;25295,0;25296,5;-1,5;-0,005929674065582195;124,0;175,0;0,7085714285714285;21;112,0;101,0;23,0;21,0;0,9032258064516129;0,5771428571428572
2025-10-09 15:35:25.268;d_shape;25294,75;25295,0;-0,25;-0,0009883376161296698;121,0;201,0;0,6019900497512438;22;112,0;95,0;23,0;18,0;0,9256198347107438;0,472636815920398
2025-10-09 15:35:53.768;p_shape;25309,25;25309,0;0,25;0,0009877909044213522;157,0;129,0;1,2170542635658914;40;112,0;93,0;13,0;25,0;0,7133757961783439;0,7209302325581395
2025-10-09 15:36:03.768;p_shape;25310,0;25308,5;1,5;0,005926862516545824;42,0;161,0;0,2608695652173913;15;42,0;126,0;13,0;28,0;1,0;0,782608695652174
2025-10-09 15:37:36.268;d_shape;25295,75;25296,0;-0,25;-0,0009882985452245414;125,0;144,0;0,8680555555555556;25;122,0;76,0;26,0;11,0;0,976;0,5277777777777778
2025-10-09 15:38:44.768;d_shape;25291,25;25294,0;-2,75;-0,01087214359136554;78,0;190,0;0,4105263157894737;36;76,0;46,0;21,0;9,0;0,9743589743589743;0,24210526315789474
2025-10-09 15:38:45.768;d_shape;25291,75;25292,0;-0,25;-0,0009884548473825716;94,0;218,0;0,43119266055045874;32;94,0;47,0;30,0;11,0;1,0;0,21559633027522937
2025-10-09 15:38:46.268;d_shape;25291,5;25291,75;-0,25;-0,000988464617909002;116,0;225,0;0,5155555555555555;28;116,0;49,0;37,0;11,0;1,0;0,21777777777777776
2025-10-09 15:39:50.768;d_shape;25302,75;25303,0;-0,25;-0,0009880251353594435;247,0;159,0;1,5534591194968554;17;247,0;121,0;79,0;28,0;1,0;0,7610062893081762
2025-10-09 15:40:03.268;d_shape;25296,0;25296,75;-0,75;-0,0029648077322185656;85,0;136,0;0,625;23;71,0;88,0;22,0;13,0;0,8352941176470589;0,6470588235294118
2025-10-09 15:40:03.768;d_shape;25295,5;25296,0;-0,5;-0,0019765970904490828;103,0;129,0;0,7984496124031008;23;94,0;81,0;24,0;13,0;0,912621359223301;0,627906976744186
2025-10-09 15:40:35.268;p_shape;25297,25;25296,75;0,5;0,0019765384881457104;39,0;82,0;0,47560975609756095;13;32,0;70,0;13,0;20,0;0,8205128205128205;0,8536585365853658
2025-10-09 15:40:54.268;p_shape;25289,0;25288,5;0,5;0,0019771833046641754;298,0;190,0;1,568421052631579;26;148,0;133,0;24,0;25,0;0,4966442953020134;0,7
2025-10-09 15:40:56.268;p_shape;25289,25;25289,0;0,25;0,0009885721064494444;245,0;114,0;2,1491228070175437;27;126,0;86,0;21,0;22,0;0,5142857142857142;0,7543859649122807
2025-10-09 15:40:56.768;p_shape;25289,5;25289,25;0,25;0,0009885623337979577;148,0;118,0;1,2542372881355932;19;67,0;86,0;14,0;22,0;0,4527027027027027;0,7288135593220338
2025-10-09 15:41:01.768;p_shape;25292,0;25291,0;1,0;0,0039539757225890634;63,0;80,0;0,7875;14;51,0;66,0;14,0;21,0;0,8095238095238095;0,825
2025-10-09 15:41:02.768;p_shape;25291,75;25291,25;0,5;0,001976968319082687;78,0;73,0;1,0684931506849316;14;41,0;71,0;14,0;24,0;0,5256410256410257;0,9726027397260274
2025-10-09 15:41:15.268;p_shape;25287,25;25285,75;1,5;0,0059321950110239954;291,0;86,0;3,383720930232558;15;246,0;75,0;133,0;34,0;0,845360824742268;0,872093023255814
2025-10-09 15:41:17.768;d_shape;25284,0;25286,25;-2,25;-0,008898116565327005;281,0;119,0;2,361344537815126;25;234,0;60,0;118,0;15,0;0,8327402135231317;0,5042016806722689
2025-10-09 15:41:28.768;d_shape;25281,25;25281,5;-0,25;-0,0009888653758677295;177,0;137,0;1,2919708029197081;21;176,0;57,0;41,0;11,0;0,9943502824858758;0,41605839416058393
2025-10-09 15:41:50.768;d_shape;25277,25;25277,5;-0,25;-0,000989021857383048;54,0;112,0;0,48214285714285715;16;47,0;52,0;37,0;12,0;0,8703703703703703;0,4642857142857143
2025-10-09 15:41:51.268;d_shape;25276,25;25277,25;-1,0;-0,003956126556488542;51,0;128,0;0,3984375;19;40,0;54,0;37,0;12,0;0,7843137254901961;0,421875
2025-10-09 15:41:52.268;d_shape;25273,75;25276,75;-3,0;-0,011868614438169464;57,0;293,0;0,1945392491467577;27;47,0;110,0;37,0;21,0;0,8245614035087719;0,37542662116040953
2025-10-09 15:42:04.268;d_shape;25268,25;25269,25;-1,0;-0,003957379027869842;206,0;239,0;0,8619246861924686;27;192,0;136,0;30,0;22,0;0,9320388349514563;0,5690376569037657
2025-10-09 15:42:07.768;p_shape;25269,75;25268,75;1,0;0,003957457333663122;157,0;152,0;1,0328947368421053;15;128,0;139,0;22,0;30,0;0,8152866242038217;0,9144736842105263
2025-10-09 15:42:12.268;d_shape;25265,25;25265,75;-0,5;-0,001978963616753906;187,0;202,0;0,9257425742574258;24;172,0;78,0;78,0;13,0;0,9197860962566845;0,38613861386138615
2025-10-09 15:42:12.768;d_shape;25262,25;25265,25;-3,0;-0,011874016682993439;185,0;285,0;0,6491228070175439;30;175,0;103,0;78,0;19,0;0,9459459459459459;0,36140350877192984
2025-10-09 15:42:21.768;p_shape;25267,75;25267,5;0,25;0,0009894132779261896;116,0;146,0;0,7945205479452054;22;86,0;120,0;17,0;25,0;0,7413793103448276;0,821917808219178
2025-10-09 15:42:35.268;p_shape;25265,5;25265,0;0,5;0,0019790223629527013;65,0;107,0;0,6074766355140186;18;34,0;86,0;12,0;24,0;0,5230769230769231;0,8037383177570093
2025-10-09 15:42:35.768;p_shape;25267,25;25265,5;1,75;0,006926441194514258;58,0;120,0;0,48333333333333334;21;56,0;100,0;11,0;22,0;0,9655172413793104;0,8333333333333334
2025-10-09 15:42:38.768;d_shape;25259,5;25260,5;-1,0;-0,003958749826804695;96,0;195,0;0,49230769230769234;35;73,0;149,0;22,0;22,0;0,7604166666666666;0,764102564102564
2025-10-09 15:42:40.768;d_shape;25259,5;25261,0;-1,5;-0,005938007204782075;91,0;168,0;0,5416666666666666;32;91,0;75,0;24,0;11,0;1,0;0,44642857142857145
2025-10-09 15:42:42.768;p_shape;25261,75;25261,5;0,25;0,0009896482790016428;187,0;84,0;2,2261904761904763;16;97,0;66,0;24,0;24,0;0,5187165775401069;0,7857142857142857
2025-10-09 15:42:43.268;p_shape;25262,75;25261,75;1,0;0,003958553940245628;185,0;78,0;2,371794871794872;19;130,0;59,0;24,0;24,0;0,7027027027027027;0,7564102564102564
2025-10-09 15:42:44.768;p_shape;25262,75;25261,75;1,0;0,003958553940245628;135,0;103,0;1,3106796116504855;19;51,0;84,0;14,0;20,0;0,37777777777777777;0,8155339805825242
2025-10-09 15:42:45.768;p_shape;25263,25;25262,75;0,5;0,0019791986224777587;147,0;64,0;2,296875;19;58,0;55,0;14,0;20,0;0,3945578231292517;0,859375
2025-10-09 15:42:46.768;p_shape;25263,5;25263,0;0,5;0,001979179036535645;152,0;82,0;1,853658536585366;15;85,0;74,0;23,0;20,0;0,5592105263157895;0,9024390243902439
2025-10-09 15:42:50.268;p_shape;25266,5;25266,0;0,5;0,0019789440354626773;144,0;130,0;1,1076923076923078;25;115,0;97,0;18,0;64,0;0,7986111111111112;0,7461538461538462
2025-10-09 15:42:51.768;p_shape;25266,75;25265,75;1,0;0,003957927233507812;112,0;118,0;0,9491525423728814;23;68,0;108,0;16,0;64,0;0,6071428571428571;0,9152542372881356
2025-10-09 15:42:52.268;p_shape;25267,5;25266,75;0,75;0,0029683279408709074;109,0;129,0;0,8449612403100775;22;56,0;120,0;16,0;64,0;0,5137614678899083;0,9302325581395349
2025-10-09 15:42:52.768;p_shape;25268,0;25267,5;0,5;0,0019788265558523793;105,0;135,0;0,7777777777777778;20;73,0;124,0;16,0;64,0;0,6952380952380952;0,9185185185185185
2025-10-09 15:43:00.268;p_shape;25267,0;25266,5;0,5;0,001978904874042705;47,0;76,0;0,618421052631579;10;40,0;68,0;11,0;22,0;0,851063829787234;0,8947368421052632
2025-10-09 15:43:01.768;p_shape;25267,5;25266,0;1,5;0,005936832106388032;82,0;64,0;1,28125;13;60,0;57,0;32,0;20,0;0,7317073170731707;0,890625
2025-10-09 15:43:05.768;p_shape;25272,5;25272,0;0,5;0,001978474200696423;181,0;115,0;1,5739130434782609;32;83,0;94,0;21,0;48,0;0,4585635359116022;0,8173913043478261
2025-10-09 15:43:07.768;d_shape;25267,75;25269,0;-1,25;-0,004946772725473901;162,0;169,0;0,9585798816568047;22;114,0;113,0;24,0;48,0;0,7037037037037037;0,6686390532544378
2025-10-09 15:43:29.768;d_shape;25270,5;25271,0;-0,5;-0,001978552490997586;48,0;44,0;1,0909090909090908;10;48,0;32,0;26,0;9,0;1,0;0,7272727272727273
2025-10-09 15:43:33.768;d_shape;25264,75;25266,0;-1,25;-0,004947360088656693;104,0;100,0;1,04;28;92,0;58,0;37,0;21,0;0,8846153846153846;0,58
2025-10-09 15:43:35.268;p_shape;25267,75;25267,25;0,5;0,001978846134818787;132,0;75,0;1,76;18;59,0;61,0;38,0;25,0;0,44696969696969696;0,8133333333333334
2025-10-09 15:43:45.268;p_shape;25276,0;25275,25;0,75;0,0029673297000029674;67,0;77,0;0,8701298701298701;19;43,0;75,0;10,0;22,0;0,6417910447761194;0,974025974025974
2025-10-09 15:43:48.768;p_shape;25276,5;25275,0;1,5;0,005934718100890208;47,0;81,0;0,5802469135802469;13;33,0;72,0;8,0;33,0;0,7021276595744681;0,8888888888888888
2025-10-09 15:44:08.268;d_shape;25276,5;25277,25;-0,75;-0,0029670949173664068;92,0;161,0;0,5714285714285714;16;74,0;102,0;21,0;22,0;0,8043478260869565;0,6335403726708074
2025-10-09 15:44:08.768;d_shape;25276,25;25276,5;-0,25;-0,000989060985500366;85,0;165,0;0,5151515151515151;15;79,0;102,0;21,0;22,0;0,9294117647058824;0,6181818181818182
2025-10-09 15:44:32.768;d_shape;25270,25;25271,0;-0,75;-0,002967828736496379;128,0;62,0;2,064516129032258;13;106,0;18,0;60,0;6,0;0,828125;0,2903225806451613
2025-10-09 15:44:33.268;d_shape;25269,5;25270,25;-0,75;-0,0029679168191846144;128,0;67,0;1,9104477611940298;14;113,0;38,0;60,0;23,0;0,8828125;0,5671641791044776
2025-10-09 15:44:34.768;d_shape;25269,75;25270,25;-0,5;-0,0019786112127897428;120,0;57,0;2,1052631578947367;10;115,0;37,0;65,0;18,0;0,9583333333333334;0,6491228070175439
2025-10-09 15:44:36.768;p_shape;25270,5;25270,0;0,5;0,0019786307874950534;71,0;87,0;0,8160919540229885;12;37,0;67,0;11,0;22,0;0,5211267605633803;0,7701149425287356
2025-10-09 15:45:36.768;d_shape;25256,0;25259,0;-3,0;-0,011876954748802408;276,0;535,0;0,5158878504672897;47;240,0;183,0;40,0;18,0;0,8695652173913043;0,34205607476635513
2025-10-09 15:45:37.268;d_shape;25255,25;25256,0;-0,75;-0,0029695913842255305;247,0;457,0;0,5404814004376368;32;197,0;214,0;40,0;36,0;0,7975708502024291;0,4682713347921225
2025-10-09 15:45:37.768;d_shape;25255,0;25255,25;-0,25;-0,0009898931905247424;255,0;454,0;0,5616740088105727;29;199,0;244,0;40,0;36,0;0,7803921568627451;0,5374449339207048
2025-10-09 15:45:39.768;d_shape;25254,75;25255,25;-0,5;-0,001979786381049485;227,0;221,0;1,0271493212669682;25;178,0;73,0;34,0;10,0;0,7841409691629956;0,33031674208144796
2025-10-09 15:45:40.768;d_shape;25254,5;25255,25;-0,75;-0,002969679571574227;193,0;247,0;0,7813765182186235;24;182,0;59,0;34,0;10,0;0,9430051813471503;0,2388663967611336
2025-10-09 15:45:41.768;d_shape;25254,25;25255,5;-1,25;-0,004949416958682267;142,0;177,0;0,8022598870056498;11;127,0;156,0;28,0;45,0;0,8943661971830986;0,8813559322033898
2025-10-09 15:45:45.268;p_shape;25256,25;25255,75;0,5;0,0019797471862843113;68,0;153,0;0,4444444444444444;13;55,0;112,0;15,0;28,0;0,8088235294117647;0,7320261437908496
2025-10-09 15:46:03.268;p_shape;25266,0;25265,25;0,75;0,0029685041707483597;74,0;92,0;0,8043478260869565;20;31,0;79,0;10,0;21,0;0,4189189189189189;0,8586956521739131
2025-10-09 15:46:03.768;p_shape;25267,0;25266,0;1,0;0,003957888070925355;78,0;96,0;0,8125;21;37,0;92,0;10,0;24,0;0,47435897435897434;0,9583333333333334
2025-10-09 15:46:05.268;p_shape;25267,25;25264,75;2,5;0,009895209728970206;83,0;108,0;0,7685185185185185;16;59,0;80,0;15,0;27,0;0,7108433734939759;0,7407407407407407
2025-10-09 15:46:37.268;p_shape;25264,25;25263,5;0,75;0,0029687097987214756;33,0;62,0;0,532258064516129;11;25,0;62,0;9,0;21,0;0,7575757575757576;1,0
2025-10-09 15:47:35.268;d_shape;25266,25;25269,0;-2,75;-0,010882899996042581;42,0;80,0;0,525;17;41,0;71,0;21,0;18,0;0,9761904761904762;0,8875
2025-10-09 15:47:40.768;p_shape;25270,0;25269,5;0,5;0,001978669938067631;44,0;81,0;0,5432098765432098;23;14,0;65,0;3,0;23,0;0,3181818181818182;0,8024691358024691
2025-10-09 15:47:41.268;p_shape;25270,5;25270,0;0,5;0,0019786307874950534;41,0;86,0;0,47674418604651164;19;22,0;70,0;10,0;23,0;0,5365853658536586;0,813953488372093
2025-10-09 15:47:42.268;p_shape;25270,75;25270,5;0,25;0,0009892958192358678;44,0;78,0;0,5641025641025641;16;20,0;67,0;10,0;24,0;0,45454545454545453;0,8589743589743589
2025-10-09 15:47:42.768;p_shape;25271,0;25270,75;0,25;0,0009892860322705105;51,0;77,0;0,6623376623376623;13;28,0;64,0;10,0;24,0;0,5490196078431373;0,8311688311688312
2025-10-09 15:47:43.268;p_shape;25271,25;25271,0;0,25;0,000989276245498793;50,0;79,0;0,6329113924050633;11;33,0;58,0;10,0;24,0;0,66;0,7341772151898734
2025-10-09 15:47:46.268;p_shape;25274,5;25272,0;2,5;0,009892371003482114;98,0;96,0;1,0208333333333333;24;81,0;75,0;22,0;22,0;0,826530612244898;0,78125
2025-10-09 15:47:48.268;p_shape;25275,0;25274,25;0,75;0,002967447105255349;95,0;118,0;0,8050847457627118;23;65,0;87,0;22,0;22,0;0,6842105263157895;0,7372881355932204
2025-10-09 15:48:24.768;p_shape;25277,25;25275,25;2,0;0,007912879200007912;34,0;77,0;0,44155844155844154;10;23,0;60,0;11,0;20,0;0,6764705882352942;0,7792207792207793
2025-10-09 15:48:53.768;p_shape;25284,5;25282,75;1,75;0,006921715398839129;199,0;140,0;1,4214285714285715;36;95,0;102,0;16,0;20,0;0,47738693467336685;0,7285714285714285
2025-10-09 15:48:54.268;p_shape;25286,0;25284,5;1,5;0,00593248828333564;257,0;154,0;1,6688311688311688;36;94,0;118,0;16,0;22,0;0,3657587548638132;0,7662337662337663
2025-10-09 15:48:54.768;p_shape;25287,5;25286,0;1,5;0,005932136360041129;272,0;169,0;1,6094674556213018;43;138,0;137,0;17,0;22,0;0,5073529411764706;0,8106508875739645
2025-10-09 15:48:58.768;p_shape;25293,75;25292,0;1,75;0,006919183931678001;463,0;195,0;2,3743589743589744;39;173,0;142,0;22,0;35,0;0,37365010799136067;0,7282051282051282
2025-10-09 15:49:03.268;p_shape;25296,0;25294,5;1,5;0,005930142916444286;178,0;291,0;0,6116838487972509;24;128,0;222,0;28,0;32,0;0,7191011235955056;0,7628865979381443
2025-10-09 15:49:09.268;p_shape;25294,0;25293,0;1,0;0,003953663068833274;187,0;157,0;1,1910828025477707;18;88,0;143,0;34,0;57,0;0,47058823529411764;0,910828025477707
2025-10-09 15:49:09.768;p_shape;25294,5;25294,0;0,5;0,0019767533802482803;212,0;110,0;1,9272727272727272;17;88,0;101,0;34,0;57,0;0,41509433962264153;0,9181818181818182
2025-10-09 15:49:14.268;p_shape;25298,0;25297,5;0,5;0,001976479889317126;113,0;190,0;0,5947368421052631;25;80,0;137,0;13,0;23,0;0,7079646017699115;0,7210526315789474
2025-10-09 15:49:16.768;p_shape;25298,75;25298,0;0,75;0,002964661238042533;100,0;134,0;0,746268656716418;17;58,0;120,0;14,0;23,0;0,58;0,8955223880597015
2025-10-09 15:49:22.268;d_shape;25296,5;25297,75;-1,25;-0,004941150892865966;85,0;177,0;0,480225988700565;20;73,0;104,0;26,0;22,0;0,8588235294117647;0,5875706214689266
2025-10-09 15:50:01.768;p_shape;25302,75;25301,75;1,0;0,00395229578981691;61,0;72,0;0,8472222222222222;11;39,0;61,0;18,0;22,0;0,639344262295082;0,8472222222222222
2025-10-09 15:50:05.268;p_shape;25307,25;25305,75;1,5;0,0059275065943510865;167,0;168,0;0,9940476190476191;34;52,0;146,0;9,0;34,0;0,31137724550898205;0,8690476190476191
2025-10-09 15:50:05.768;p_shape;25308,5;25307,25;1,25;0,004939296051526736;189,0;160,0;1,18125;31;50,0;146,0;9,0;34,0;0,26455026455026454;0,9125
2025-10-09 15:50:13.768;d_shape;25298,5;25299,5;-1,0;-0,003952647285519476;168,0;140,0;1,2;24;135,0;73,0;31,0;22,0;0,8035714285714286;0,5214285714285715
2025-10-09 15:50:16.268;p_shape;25301,25;25300,75;0,5;0,0019762260012054977;153,0;156,0;0,9807692307692307;16;115,0;149,0;32,0;50,0;0,7516339869281046;0,9551282051282052
2025-10-09 15:50:17.268;p_shape;25301,0;25300,25;0,75;0,0029643975850041004;143,0;141,0;1,0141843971631206;16;118,0;133,0;34,0;53,0;0,8251748251748252;0,9432624113475178
2025-10-09 15:50:40.268;d_shape;25301,5;25302,5;-1,0;-0,003952178638474459;95,0;95,0;1,0;23;95,0;40,0;26,0;7,0;1,0;0,42105263157894735
2025-10-09 15:50:40.768;d_shape;25301,0;25301,5;-0,5;-0,001976167420903899;92,0;116,0;0,7931034482758621;23;92,0;40,0;26,0;7,0;1,0;0,3448275862068966
2025-10-09 15:51:17.768;p_shape;25312,0;25311,0;1,0;0,003950851408478527;124,0;166,0;0,7469879518072289;26;43,0;125,0;10,0;23,0;0,3467741935483871;0,7530120481927711
2025-10-09 15:51:20.768;d_shape;25310,25;25311,25;-1,0;-0,00395081238579683;106,0;83,0;1,2771084337349397;12;77,0;51,0;21,0;15,0;0,7264150943396226;0,6144578313253012
2025-10-09 15:51:43.268;d_shape;25309,25;25310,75;-1,5;-0,005926335647896645;90,0;123,0;0,7317073170731707;15;79,0;46,0;22,0;14,0;0,8777777777777778;0,37398373983739835
2025-10-09 15:51:43.768;d_shape;25307,75;25309,25;-1,5;-0,005926686883254146;69,0;126,0;0,5476190476190477;17;55,0;56,0;22,0;14,0;0,7971014492753623;0,4444444444444444
2025-10-09 15:51:54.768;p_shape;25298,25;25296,75;1,5;0,005929615464437131;93,0;131,0;0,7099236641221374;19;61,0;101,0;11,0;22,0;0,6559139784946236;0,7709923664122137
2025-10-09 15:51:59.768;d_shape;25282,5;25283,75;-1,25;-0,0049438868838680965;396,0;644,0;0,6149068322981367;85;310,0;474,0;45,0;54,0;0,7828282828282829;0,7360248447204969
2025-10-09 15:52:00.768;d_shape;25281,75;25282,5;-0,75;-0,0029664787896766538;403,0;695,0;0,5798561151079137;85;326,0;447,0;45,0;54,0;0,8089330024813896;0,6431654676258993
2025-10-09 15:52:01.268;d_shape;25281,5;25281,75;-0,25;-0,0009888555974171093;417,0;755,0;0,552317880794702;85;340,0;434,0;45,0;54,0;0,815347721822542;0,5748344370860927
2025-10-09 15:52:01.768;d_shape;25275,0;25281,5;-6,5;-0,02571049977256096;450,0;877,0;0,5131128848346637;108;374,0;465,0;45,0;54,0;0,8311111111111111;0,5302166476624858
2025-10-09 15:52:07.268;p_shape;25281,25;25280,0;1,25;0,004944620253164557;218,0;147,0;1,4829931972789117;30;127,0;108,0;16,0;20,0;0,5825688073394495;0,7346938775510204
2025-10-09 15:52:08.268;p_shape;25281,0;25280,5;0,5;0,001977808983208402;177,0;146,0;1,2123287671232876;28;86,0;135,0;14,0;28,0;0,4858757062146893;0,9246575342465754
2025-10-09 15:52:44.268;d_shape;25277,75;25278,5;-0,75;-0,002966948197084479;80,0;49,0;1,6326530612244898;20;77,0;30,0;26,0;6,0;0,9625;0,6122448979591837
2025-10-09 15:52:45.268;d_shape;25276,5;25280,0;-3,5;-0,01384493670886076;122,0;45,0;2,7111111111111112;18;116,0;39,0;33,0;10,0;0,9508196721311475;0,8666666666666667
2025-10-09 15:53:10.268;p_shape;25286,75;25285,25;1,5;0,005932312316469087;159,0;87,0;1,8275862068965518;28;71,0;79,0;16,0;31,0;0,44654088050314467;0,9080459770114943
2025-10-09 15:53:10.768;p_shape;25287,25;25286,75;0,5;0,0019773201380169454;168,0;90,0;1,8666666666666667;32;84,0;88,0;16,0;31,0;0,5;0,9777777777777777
2025-10-09 15:53:11.268;p_shape;25288,0;25287,25;0,75;0,00296592156126111;162,0;104,0;1,5576923076923077;35;103,0;103,0;16,0;31,0;0,6358024691358025;0,9903846153846154
2025-10-09 15:53:37.768;p_shape;25269,75;25269,25;0,5;0,001978689513934921;152,0;63,0;2,4126984126984126;21;72,0;53,0;16,0;24,0;0,47368421052631576;0,8412698412698413
2025-10-09 15:53:38.768;p_shape;25269,75;25269,25;0,5;0,001978689513934921;122,0;72,0;1,6944444444444444;18;37,0;64,0;12,0;27,0;0,30327868852459017;0,8888888888888888
2025-10-09 15:53:40.268;d_shape;25269,0;25270,0;-1,0;-0,003957261574990107;82,0;60,0;1,3666666666666667;13;69,0;55,0;25,0;18,0;0,8414634146341463;0,9166666666666666
2025-10-09 15:53:41.768;d_shape;25268,25;25269,75;-1,5;-0,0059359510877630365;89,0;75,0;1,1866666666666668;14;73,0;24,0;20,0;8,0;0,8202247191011236;0,32
2025-10-09 15:53:45.268;p_shape;25269,5;25267,0;2,5;0,00989432857086318;76,0;74,0;1,027027027027027;17;28,0;68,0;7,0;34,0;0,3684210526315789;0,918918918918919
2025-10-09 15:53:45.768;p_shape;25270,75;25269,5;1,25;0,004946674845169077;71,0;71,0;1,0;22;33,0;56,0;7,0;33,0;0,4647887323943662;0,7887323943661971
2025-10-09 15:54:41.768;p_shape;25265,25;25265,0;0,25;0,0009895111814763506;81,0;61,0;1,3278688524590163;18;65,0;53,0;16,0;21,0;0,8024691358024691;0,8688524590163934
2025-10-09 15:54:48.768;p_shape;25262,5;25261,75;0,75;0,0029689154551842214;54,0;108,0;0,5;10;36,0;85,0;9,0;34,0;0,6666666666666666;0,7870370370370371
2025-10-09 15:55:04.268;p_shape;25268,75;25268,25;0,5;0,00197876782127769;72,0;136,0;0,5294117647058824;16;33,0;96,0;7,0;21,0;0,4583333333333333;0,7058823529411765
2025-10-09 15:55:05.268;p_shape;25269,5;25268,5;1,0;0,003957496487721867;72,0;107,0;0,6728971962616822;14;39,0;84,0;10,0;27,0;0,5416666666666666;0,7850467289719626
2025-10-09 15:55:46.268;d_shape;25260,0;25260,75;-0,75;-0,002969032985956474;49,0;296,0;0,16554054054054054;28;49,0;73,0;22,0;18,0;1,0;0,24662162162162163
2025-10-09 15:55:50.768;d_shape;25260,75;25261,5;-0,75;-0,0029689448370049287;79,0;45,0;1,7555555555555555;13;74,0;23,0;37,0;7,0;0,9367088607594937;0,5111111111111111
2025-10-09 15:55:52.768;d_shape;25254,25;25255,25;-1,0;-0,00395957276209897;249,0;245,0;1,0163265306122449;45;228,0;144,0;45,0;14,0;0,9156626506024096;0,5877551020408164
2025-10-09 15:56:51.268;p_shape;25272,25;25271,5;0,75;0,002967770017608769;54,0;62,0;0,8709677419354839;18;20,0;59,0;5,0;20,0;0,37037037037037035;0,9516129032258065
2025-10-09 15:56:51.768;p_shape;25274,0;25272,25;1,75;0,006924591201812265;67,0;89,0;0,7528089887640449;24;43,0;81,0;11,0;20,0;0,6417910447761194;0,9101123595505618
2025-10-09 15:57:04.768;p_shape;25280,5;25279,25;1,25;0,004944766953133499;224,0;143,0;1,5664335664335665;37;97,0;137,0;20,0;22,0;0,4330357142857143;0,958041958041958
2025-10-09 15:57:05.268;p_shape;25281,75;25280,5;1,25;0,004944522458021005;236,0;143,0;1,6503496503496504;39;120,0;137,0;19,0;22,0;0,5084745762711864;0,958041958041958
2025-10-09 15:57:09.768;p_shape;25287,0;25286,0;1,0;0,003954757573360753;404,0;169,0;2,3905325443786984;36;75,0;169,0;14,0;30,0;0,18564356435643564;1,0
2025-10-09 15:57:14.268;d_shape;25286,5;25287,0;-0,5;-0,0019773005892355757;81,0;149,0;0,5436241610738255;15;80,0;83,0;21,0;29,0;0,9876543209876543;0,5570469798657718
2025-10-09 15:57:35.768;p_shape;25284,0;25282,5;1,5;0,0059329575793533075;39,0;123,0;0,3170731707317073;22;22,0;102,0;4,0;55,0;0,5641025641025641;0,8292682926829268
2025-10-09 15:57:37.268;p_shape;25284,5;25283,75;0,75;0,002966332130320858;45,0;81,0;0,5555555555555556;21;22,0;62,0;4,0;26,0;0,4888888888888889;0,7654320987654321
2025-10-09 15:57:37.768;p_shape;25284,75;25284,5;0,25;0,0009887480472226067;52,0;80,0;0,65;23;23,0;59,0;4,0;26,0;0,4423076923076923;0,7375
2025-10-09 15:57:40.768;p_shape;25287,75;25287,0;0,75;0,0029659508838533635;51,0;94,0;0,5425531914893617;21;21,0;85,0;9,0;53,0;0,4117647058823529;0,9042553191489362
2025-10-09 15:57:41.268;p_shape;25288,0;25287,75;0,25;0,0009886209726053129;54,0;98,0;0,5510204081632653;21;23,0;95,0;9,0;55,0;0,42592592592592593;0,9693877551020408
2025-10-09 15:57:43.268;p_shape;25288,75;25287,0;1,75;0,006920552062324514;59,0;175,0;0,33714285714285713;15;59,0;143,0;21,0;101,0;1,0;0,8171428571428572
2025-10-09 15:57:43.768;p_shape;25289,0;25288,75;0,25;0,0009885818792941526;58,0;180,0;0,32222222222222224;15;58,0;149,0;21,0;101,0;1,0;0,8277777777777777
2025-10-09 15:57:44.768;p_shape;25289,25;25287,75;1,5;0,005931725835631877;58,0;127,0;0,4566929133858268;14;51,0;100,0;16,0;50,0;0,8793103448275862;0,7874015748031497
2025-10-09 15:57:45.268;p_shape;25289,5;25289,25;0,25;0,0009885623337979577;60,0;128,0;0,46875;15;47,0;103,0;16,0;50,0;0,7833333333333333;0,8046875
2025-10-09 15:57:51.268;d_shape;25287,5;25288,0;-0,5;-0,0019772223979753244;72,0;60,0;1,2;13;69,0;33,0;32,0;10,0;0,9583333333333334;0,55
2025-10-09 15:58:33.268;p_shape;25293,25;25292,25;1,0;0,003953780308197175;77,0;76,0;1,013157894736842;31;41,0;64,0;7,0;32,0;0,5324675324675324;0,8421052631578947
2025-10-09 15:58:33.768;p_shape;25293,75;25293,25;0,5;0,0019768119952951876;74,0;98,0;0,7551020408163265;31;38,0;86,0;7,0;40,0;0,5135135135135135;0,8775510204081632
2025-10-09 15:58:34.768;p_shape;25293,0;25292,5;0,5;0,0019768706138183255;79,0;107,0;0,7383177570093458;31;44,0;103,0;7,0;40,0;0,5569620253164557;0,9626168224299065
2025-10-09 15:59:01.768;d_shape;25281,25;25281,75;-0,5;-0,0019777111948342187;74,0;133,0;0,556390977443609;23;59,0;43,0;33,0;8,0;0,7972972972972973;0,3233082706766917
2025-10-09 15:59:02.268;d_shape;25279,5;25281,25;-1,75;-0,0069221260815822;63,0;163,0;0,38650306748466257;26;60,0;48,0;33,0;8,0;0,9523809523809523;0,294478527607362
2025-10-09 15:59:02.768;d_shape;25279,25;25279,5;-0,25;-0,000988943610435333;71,0;169,0;0,42011834319526625;27;68,0;64,0;33,0;12,0;0,9577464788732394;0,378698224852071
2025-10-09 15:59:06.768;d_shape;25278,75;25279,25;-0,5;-0,0019779067812533994;63,0;141,0;0,44680851063829785;15;62,0;62,0;27,0;21,0;0,9841269841269841;0,4397163120567376
2025-10-09 15:59:50.268;d_shape;25276,5;25277,25;-0,75;-0,0029670949173664068;73,0;75,0;0,9733333333333334;13;71,0;44,0;24,0;12,0;0,9726027397260274;0,5866666666666667
2025-10-09 15:59:52.268;p_shape;25278,5;25277,5;1,0;0,003956087429532192;117,0;52,0;2,25;11;81,0;42,0;26,0;22,0;0,6923076923076923;0,8076923076923077
2025-10-09 16:01:30.268;p_shape;25273,5;25273,25;0,25;0,0009891881732662004;34,0;42,0;0,8095238095238095;13;27,0;33,0;7,0;21,0;0,7941176470588235;0,7857142857142857
2025-10-09 16:01:30.768;p_shape;25274,25;25273,5;0,75;0,002967535165291709;34,0;40,0;0,85;13;27,0;36,0;7,0;22,0;0,7941176470588235;0,9
2025-10-09 16:01:57.768;d_shape;25268,25;25269,5;-1,25;-0,004946674845169077;126,0;96,0;1,3125;23;101,0;59,0;37,0;13,0;0,8015873015873016;0,6145833333333334
2025-10-09 16:01:58.268;d_shape;25268,0;25268,25;-0,25;-0,000989383910638845;129,0;100,0;1,29;22;104,0;46,0;37,0;9,0;0,8062015503875969;0,46
2025-10-09 16:02:17.268;d_shape;25264,25;25264,75;-0,5;-0,001979041945794041;92,0;128,0;0,71875;17;90,0;45,0;24,0;13,0;0,9782608695652174;0,3515625
2025-10-09 16:02:18.768;d_shape;25261,25;25265,5;-4,25;-0,016821357186677485;102,0;149,0;0,6845637583892618;25;89,0;135,0;24,0;26,0;0,8725490196078431;0,9060402684563759
2025-10-09 16:02:43.768;p_shape;25270,75;25269,0;1,75;0,006925481815663462;69,0;103,0;0,6699029126213593;23;51,0;98,0;11,0;21,0;0,7391304347826086;0,9514563106796117
2025-10-09 16:03:58.768;d_shape;25276,75;25278,0;-1,25;-0,004945011472426616;57,0;55,0;1,0363636363636364;13;46,0;43,0;23,0;15,0;0,8070175438596491;0,7818181818181819
2025-10-09 16:03:59.268;d_shape;25276,25;25276,75;-0,5;-0,0019781024063615774;48,0;58,0;0,8275862068965517;15;43,0;45,0;23,0;12,0;0,8958333333333334;0,7758620689655172
2025-10-09 16:04:20.268;p_shape;25280,0;25278,0;2,0;0,007912018355882585;21,0;81,0;0,25925925925925924;15;17,0;65,0;6,0;20,0;0,8095238095238095;0,8024691358024691
2025-10-09 16:04:33.768;d_shape;25282,25;25282,75;-0,5;-0,001977632971096894;62,0;73,0;0,8493150684931506;10;58,0;45,0;24,0;15,0;0,9354838709677419;0,6164383561643836
2025-10-09 16:06:22.268;p_shape;25285,5;25285,25;0,25;0,0009887187194115145;46,0;121,0;0,38016528925619836;15;36,0;94,0;8,0;49,0;0,782608695652174;0,7768595041322314
2025-10-09 16:07:29.268;p_shape;25287,75;25287,25;0,5;0,00197728104084074;110,0;69,0;1,5942028985507246;20;42,0;62,0;24,0;25,0;0,38181818181818183;0,8985507246376812
2025-10-09 16:07:30.268;p_shape;25288,0;25286,5;1,5;0,0059320190615545845;159,0;69,0;2,3043478260869565;20;64,0;69,0;24,0;25,0;0,4025157232704403;1,0
2025-10-09 16:08:15.268;d_shape;25275,0;25275,5;-0,5;-0,0019782002334276273;62,0;37,0;1,6756756756756757;11;44,0;27,0;20,0;10,0;0,7096774193548387;0,7297297297297297
2025-10-09 16:08:15.768;d_shape;25274,75;25275,0;-0,25;-0,0009891196834817012;93,0;28,0;3,3214285714285716;14;73,0;28,0;26,0;10,0;0,7849462365591398;1,0
2025-10-09 16:08:17.268;d_shape;25275,0;25275,25;-0,25;-0,000989109900000989;81,0;64,0;1,265625;14;74,0;35,0;26,0;12,0;0,9135802469135802;0,546875
2025-10-09 16:08:17.768;d_shape;25274,5;25275,0;-0,5;-0,0019782393669634025;79,0;64,0;1,234375;14;76,0;34,0;26,0;12,0;0,9620253164556962;0,53125
2025-10-09 16:08:18.268;d_shape;25274,25;25274,5;-0,25;-0,0009891392510237593;77,0;63,0;1,2222222222222223;12;66,0;42,0;26,0;12,0;0,8571428571428571;0,6666666666666666
2025-10-09 16:08:21.768;p_shape;25275,0;25273,25;1,75;0,006924317212863403;53,0;84,0;0,6309523809523809;15;50,0;61,0;21,0;21,0;0,9433962264150944;0,7261904761904762
2025-10-09 16:08:27.768;d_shape;25267,75;25269,25;-1,5;-0,005936068541804763;59,0;117,0;0,5042735042735043;27;42,0;56,0;25,0;9,0;0,711864406779661;0,47863247863247865
2025-10-09 16:08:29.268;d_shape;25267,75;25268,75;-1,0;-0,003957457333663122;81,0;139,0;0,5827338129496403;28;72,0;53,0;25,0;9,0;0,8888888888888888;0,381294964028777
2025-10-09 16:08:30.268;d_shape;25267,75;25268,5;-0,75;-0,0029681223657914003;85,0;197,0;0,43147208121827413;26;80,0;47,0;26,0;9,0;0,9411764705882353;0,23857868020304568
2025-10-09 16:08:31.268;d_shape;25267,75;25268,0;-0,25;-0,0009893936995409214;94,0;200,0;0,47;25;94,0;53,0;37,0;9,0;1,0;0,265
2025-10-09 16:08:31.768;d_shape;25267,25;25267,75;-0,5;-0,001978806977273402;100,0;202,0;0,49504950495049505;25;100,0;51,0;38,0;9,0;1,0;0,2524752475247525
2025-10-09 16:09:16.768;d_shape;25265,25;25266,25;-1,0;-0,003957848909117895;71,0;190,0;0,3736842105263158;16;57,0;85,0;20,0;31,0;0,8028169014084507;0,4473684210526316
2025-10-09 16:09:18.268;p_shape;25266,75;25265,75;1,0;0,003957927233507812;93,0;100,0;0,93;10;68,0;82,0;24,0;55,0;0,7311827956989247;0,82
2025-10-09 16:09:50.768;p_shape;25269,0;25268,5;0,5;0,0019787482438609334;30,0;67,0;0,44776119402985076;14;12,0;59,0;5,0;38,0;0,4;0,8805970149253731
2025-10-09 16:09:56.768;p_shape;25271,75;25271,25;0,5;0,0019785329178414208;44,0;51,0;0,8627450980392157;13;24,0;47,0;8,0;23,0;0,5454545454545454;0,9215686274509803
2025-10-09 16:10:04.268;p_shape;25276,5;25276,0;0,5;0,0019781611014401015;103,0;60,0;1,7166666666666666;22;39,0;57,0;9,0;21,0;0,3786407766990291;0,95
2025-10-09 16:12:18.268;d_shape;25269,5;25270,75;-1,25;-0,004946430161352552;180,0;89,0;2,0224719101123596;11;180,0;69,0;118,0;26,0;1,0;0,7752808988764045
2025-10-09 16:12:24.268;p_shape;25274,0;25273,0;1,0;0,003956791833181657;54,0;91,0;0,5934065934065934;20;35,0;89,0;6,0;27,0;0,6481481481481481;0,978021978021978
2025-10-09 16:15:29.268;d_shape;25268,5;25269,5;-1,0;-0,003957339876135262;66,0;43,0;1,5348837209302326;11;61,0;36,0;25,0;8,0;0,9242424242424242;0,8372093023255814
2025-10-09 16:15:29.768;d_shape;25268,25;25268,5;-0,25;-0,0009893741219304667;77,0;53,0;1,4528301886792452;11;72,0;33,0;25,0;8,0;0,935064935064935;0,6226415094339622
2025-10-09 16:15:31.268;d_shape;25268,0;25268,5;-0,5;-0,0019787482438609334;78,0;69,0;1,1304347826086956;14;68,0;27,0;26,0;7,0;0,8717948717948718;0,391304347826087
2025-10-09 16:15:45.268;d_shape;25265,0;25266,5;-1,5;-0,005936714622128115;127,0;213,0;0,596244131455399;22;127,0;149,0;42,0;49,0;1,0;0,6995305164319249
2025-10-09 16:15:48.268;d_shape;25263,0;25264,25;-1,25;-0,004947702781598504;28,0;125,0;0,224;17;23,0;59,0;21,0;13,0;0,8214285714285714;0,472
2025-10-09 16:15:50.768;d_shape;25258,5;25259,5;-1,0;-0,003958906550010887;83,0;288,0;0,2881944444444444;33;77,0;128,0;28,0;13,0;0,927710843373494;0,4444444444444444
2025-10-09 16:15:53.268;d_shape;25259,0;25260,0;-1,0;-0,003958828186856691;118,0;251,0;0,4701195219123506;23;115,0;107,0;28,0;27,0;0,9745762711864406;0,4262948207171315
2025-10-09 16:16:01.268;d_shape;25261,25;25261,5;-0,25;-0,0009896482790016428;98,0;128,0;0,765625;20;84,0;57,0;21,0;13,0;0,8571428571428571;0,4453125
2025-10-09 16:16:17.268;p_shape;25272,5;25271,0;1,5;0,005935657472992758;51,0;53,0;0,9622641509433962;14;21,0;47,0;6,0;25,0;0,4117647058823529;0,8867924528301887
2025-10-09 16:16:48.268;p_shape;25274,25;25274,0;0,25;0,000989158819340033;43,0;60,0;0,7166666666666667;16;22,0;45,0;10,0;20,0;0,5116279069767442;0,75
2025-10-09 16:16:49.768;p_shape;25273,75;25273,25;0,5;0,001978376346532401;62,0;73,0;0,8493150684931506;16;31,0;64,0;14,0;20,0;0,5;0,8767123287671232
2025-10-09 16:19:47.268;d_shape;25267,0;25268,0;-1,0;-0,0039575747981636855;66,0;34,0;1,9411764705882353;15;64,0;28,0;20,0;12,0;0,9696969696969697;0,8235294117647058
2025-10-09 16:20:29.268;p_shape;25269,75;25269,25;0,5;0,001978689513934921;76,0;52,0;1,4615384615384615;12;37,0;52,0;7,0;28,0;0,4868421052631579;1,0
2025-10-09 16:20:29.768;p_shape;25270,0;25269,75;0,25;0,0009893251812938396;74,0;65,0;1,1384615384615384;13;48,0;65,0;13,0;30,0;0,6486486486486487;1,0
2025-10-09 16:21:13.268;d_shape;25257,0;25257,5;-0,5;-0,001979610016826685;101,0;146,0;0,6917808219178082;23;83,0;66,0;26,0;11,0;0,8217821782178217;0,4520547945205479
2025-10-09 16:21:15.768;d_shape;25257,25;25258,25;-1,0;-0,003959102471469718;164,0;119,0;1,3781512605042017;14;164,0;59,0;50,0;14,0;1,0;0,4957983193277311
2025-10-09 16:21:19.768;d_shape;25249,5;25250,25;-0,75;-0,002970267621112662;157,0;417,0;0,3764988009592326;39;114,0;188,0;52,0;58,0;0,7261146496815286;0,45083932853717024
2025-10-09 16:21:20.768;d_shape;25250,0;25250,25;-0,25;-0,0009900892070375542;214,0;443,0;0,48306997742663654;34;180,0;203,0;75,0;58,0;0,8411214953271028;0,4582392776523702
2025-10-09 16:21:22.268;d_shape;25250,0;25250,25;-0,25;-0,0009900892070375542;198,0;390,0;0,5076923076923077;26;188,0;100,0;78,0;14,0;0,9494949494949495;0,2564102564102564
2025-10-09 16:21:22.768;d_shape;25247,0;25250,0;-3,0;-0,011881188118811881;196,0;502,0;0,3904382470119522;37;188,0;207,0;78,0;33,0;0,9591836734693877;0,4123505976095618
2025-10-09 16:21:29.768;d_shape;25247,75;25250,25;-2,5;-0,00990089207037554;157,0;185,0;0,8486486486486486;21;121,0;54,0;61,0;12,0;0,7707006369426752;0,2918918918918919
2025-10-09 16:21:30.768;p_shape;25250,0;25248,5;1,5;0,00594094698694972;68,0;182,0;0,37362637362637363;13;68,0;135,0;18,0;32,0;1,0;0,7417582417582418
2025-10-09 16:21:32.768;p_shape;25249,25;25248,75;0,5;0,001980296054260112;236,0;199,0;1,185929648241206;26;76,0;155,0;15,0;27,0;0,3220338983050847;0,7788944723618091
2025-10-09 16:21:33.268;p_shape;25250,75;25249,25;1,5;0,005940770517936176;238,0;210,0;1,1333333333333333;28;84,0;159,0;15,0;27,0;0,35294117647058826;0,7571428571428571
2025-10-09 16:21:48.268;p_shape;25259,75;25259,5;0,25;0,0009897266375027219;60,0;93,0;0,6451612903225806;14;22,0;68,0;7,0;28,0;0,36666666666666664;0,7311827956989247
2025-10-09 16:21:49.268;p_shape;25260,0;25259,0;1,0;0,003958984916267469;72,0;72,0;1,0;14;17,0;72,0;5,0;31,0;0,2361111111111111;1,0
2025-10-09 16:21:58.268;p_shape;25258,75;25258,25;0,5;0,001979551235734859;64,0;56,0;1,1428571428571428;12;16,0;55,0;5,0;21,0;0,25;0,9821428571428571
2025-10-09 16:22:00.768;p_shape;25259,25;25259,0;0,25;0,0009897462290668672;83,0;78,0;1,064102564102564;13;43,0;78,0;17,0;27,0;0,5180722891566265;1,0
2025-10-09 16:22:10.768;p_shape;25259,5;25258,25;1,25;0,004948878089337147;139,0;116,0;1,1982758620689655;19;95,0;91,0;27,0;25,0;0,6834532374100719;0,7844827586206896
2025-10-09 16:22:17.268;p_shape;25260,25;25259,5;0,75;0,002969179912508165;56,0;69,0;0,8115942028985508;14;25,0;56,0;7,0;42,0;0,44642857142857145;0,8115942028985508
2025-10-09 16:22:17.768;p_shape;25260,5;25260,25;0,25;0,0009896972516107324;49,0;71,0;0,6901408450704225;14;23,0;58,0;5,0;42,0;0,46938775510204084;0,8169014084507042
2025-10-09 16:22:18.268;p_shape;25261,0;25260,5;0,5;0,0019793749134023476;47,0;76,0;0,618421052631579;16;26,0;72,0;6,0;45,0;0,5531914893617021;0,9473684210526315
2025-10-09 16:23:08.268;p_shape;25265,25;25263,5;1,75;0,00692698953035011;66,0;106,0;0,6226415094339622;18;51,0;89,0;13,0;24,0;0,7727272727272727;0,839622641509434
2025-10-09 16:23:34.268;p_shape;25263,0;25261,5;1,5;0,0059378896740098575;58,0;58,0;1,0;12;47,0;57,0;16,0;24,0;0,8103448275862069;0,9827586206896551
2025-10-09 16:23:34.768;p_shape;25263,25;25263,0;0,25;0,0009895895182678225;76,0;56,0;1,3571428571428572;12;47,0;55,0;16,0;24,0;0,618421052631579;0,9821428571428571
2025-10-09 16:23:43.268;p_shape;25275,75;25274,5;1,25;0,004945696255118795;342,0;169,0;2,0236686390532546;42;128,0;125,0;26,0;30,0;0,3742690058479532;0,7396449704142012
2025-10-09 16:24:27.268;p_shape;25272,0;25271,5;0,5;0,0019785133450725126;24,0;68,0;0,35294117647058826;11;24,0;53,0;7,0;21,0;1,0;0,7794117647058824
2025-10-09 16:25:22.268;p_shape;25270,0;25268,5;1,5;0,005936244731582801;46,0;115,0;0,4;17;23,0;100,0;4,0;25,0;0,5;0,8695652173913043
2025-10-09 16:25:23.268;p_shape;25270,25;25269,5;0,75;0,0029680049071014463;55,0;88,0;0,625;17;23,0;73,0;4,0;23,0;0,41818181818181815;0,8295454545454546
2025-10-09 16:25:23.768;p_shape;25270,75;25270,25;0,5;0,0019786112127897428;57,0;103,0;0,5533980582524272;21;44,0;73,0;19,0;23,0;0,7719298245614035;0,7087378640776699
2025-10-09 16:25:24.268;p_shape;25271,0;25270,75;0,25;0,0009892860322705105;59,0;82,0;0,7195121951219512;21;44,0;74,0;19,0;23,0;0,7457627118644068;0,9024390243902439
2025-10-09 16:26:15.768;d_shape;25259,75;25260,0;-0,25;-0,0009897070467141727;78,0;72,0;1,0833333333333333;21;71,0;36,0;28,0;8,0;0,9102564102564102;0,5
2025-10-09 16:26:17.768;d_shape;25259,5;25261,0;-1,5;-0,005938007204782075;96,0;72,0;1,3333333333333333;14;83,0;38,0;30,0;11,0;0,8645833333333334;0,5277777777777778
2025-10-09 16:26:28.268;d_shape;25258,0;25259,0;-1,0;-0,003958984916267469;77,0;85,0;0,9058823529411765;15;65,0;67,0;32,0;40,0;0,8441558441558441;0,788235294117647
2025-10-09 16:26:31.768;d_shape;25256,25;25256,5;-0,25;-0,0009898441985231525;85,0;71,0;1,1971830985915493;15;62,0;54,0;32,0;13,0;0,7294117647058823;0,7605633802816901
2025-10-09 16:26:32.268;d_shape;25256,0;25256,25;-0,25;-0,000989853996535511;79,0;63,0;1,253968253968254;16;62,0;44,0;32,0;10,0;0,7848101265822784;0,6984126984126984
2025-10-09 16:28:05.268;d_shape;25250,0;25250,5;-0,5;-0,0019801588087364607;88,0;66,0;1,3333333333333333;11;77,0;48,0;22,0;17,0;0,875;0,7272727272727273
2025-10-09 16:28:06.768;d_shape;25250,0;25250,25;-0,25;-0,0009900892070375542;130,0;48,0;2,7083333333333335;12;109,0;29,0;40,0;9,0;0,8384615384615385;0,6041666666666666
2025-10-09 16:28:08.768;p_shape;25252,25;25252,0;0,25;0,0009900205924283226;120,0;79,0;1,518987341772152;13;114,0;61,0;40,0;24,0;0,95;0,7721518987341772
2025-10-09 16:30:07.268;d_shape;25246,0;25246,75;-0,75;-0,002970679394377494;83,0;97,0;0,8556701030927835;12;76,0;57,0;29,0;17,0;0,9156626506024096;0,5876288659793815
2025-10-09 16:30:12.268;d_shape;25243,75;25244,75;-1,0;-0,0039612196595331705;167,0;273,0;0,6117216117216118;23;126,0;148,0;34,0;26,0;0,7544910179640718;0,5421245421245421
2025-10-09 16:30:15.268;d_shape;25242,5;25244,25;-1,75;-0,0069322717054378724;173,0;275,0;0,6290909090909091;21;170,0;155,0;34,0;59,0;0,9826589595375722;0,5636363636363636
2025-10-09 16:30:16.268;d_shape;25242,75;25243,0;-0,25;-0,000990373568910193;200,0;268,0;0,746268656716418;18;166,0;212,0;34,0;59,0;0,83;0,7910447761194029
2025-10-09 16:30:28.268;p_shape;25245,25;25244,75;0,5;0,0019806098297665852;54,0;125,0;0,432;15;36,0;98,0;10,0;34,0;0,6666666666666666;0,784
2025-10-09 16:30:29.268;p_shape;25245,25;25244,75;0,5;0,0019806098297665852;55,0;75,0;0,7333333333333333;12;35,0;60,0;11,0;28,0;0,6363636363636364;0,8
2025-10-09 16:30:30.268;p_shape;25245,5;25245,25;0,25;0,0009902853011952745;56,0;82,0;0,6829268292682927;11;37,0;81,0;11,0;31,0;0,6607142857142857;0,9878048780487805
2025-10-09 16:30:39.268;d_shape;25246,5;25247,75;-1,25;-0,004950936222039588;91,0;58,0;1,5689655172413792;12;70,0;35,0;24,0;16,0;0,7692307692307693;0,603448275862069
2025-10-09 16:30:56.768;d_shape;25238,5;25241,5;-3,0;-0,011885189073549511;210,0;202,0;1,0396039603960396;32;173,0;125,0;21,0;38,0;0,8238095238095238;0,6188118811881188
2025-10-09 16:30:58.268;p_shape;25242,0;25240,5;1,5;0,005942829975634396;285,0;211,0;1,3507109004739337;29;187,0;160,0;21,0;38,0;0,656140350877193;0,7582938388625592
2025-10-09 16:30:59.268;p_shape;25243,5;25241,5;2,0;0,00792345938236634;317,0;215,0;1,4744186046511627;29;187,0;164,0;21,0;38,0;0,5899053627760252;0,7627906976744186
2025-10-09 16:31:02.768;p_shape;25245,0;25243,5;1,5;0,005942123715015747;151,0;213,0;0,7089201877934272;19;94,0;163,0;22,0;35,0;0,6225165562913907;0,7652582159624414
2025-10-09 16:31:17.768;d_shape;25236,25;25236,5;-0,25;-0,0009906286529431578;97,0;179,0;0,5418994413407822;30;70,0;55,0;34,0;14,0;0,7216494845360825;0,30726256983240224
2025-10-09 16:31:18.268;d_shape;25235,5;25236,25;-0,75;-0,0029719153994749612;118,0;180,0;0,6555555555555556;27;91,0;65,0;34,0;14,0;0,7711864406779662;0,3611111111111111
2025-10-09 16:31:24.768;d_shape;25227,5;25230,25;-2,75;-0,01089961454999455;204,0;391,0;0,5217391304347826;46;201,0;157,0;35,0;42,0;0,9852941176470589;0,40153452685422
2025-10-09 16:31:27.768;p_shape;25229,75;25229,0;0,75;0,002972769432002854;243,0;176,0;1,3806818181818181;21;109,0;176,0;19,0;29,0;0,448559670781893;1,0
2025-10-09 16:31:28.268;p_shape;25230,5;25229,75;0,75;0,00297268106104896;250,0;175,0;1,4285714285714286;21;109,0;175,0;19,0;29,0;0,436;1,0
2025-10-09 16:31:28.768;p_shape;25232,25;25230,5;1,75;0,006936049622480727;260,0;183,0;1,4207650273224044;27;155,0;164,0;20,0;29,0;0,5961538461538461;0,8961748633879781
2025-10-09 16:31:31.768;p_shape;25232,5;25231,75;0,75;0,0029724454308559653;132,0;89,0;1,4831460674157304;17;72,0;79,0;15,0;27,0;0,5454545454545454;0,8876404494382022
2025-10-09 16:31:32.268;p_shape;25232,75;25232,5;0,25;0,0009907856930545923;130,0;88,0;1,4772727272727273;18;70,0;84,0;15,0;27,0;0,5384615384615384;0,9545454545454546
2025-10-09 16:31:34.268;p_shape;25232,75;25231,0;1,75;0,006935912171535016;56,0;80,0;0,7;11;52,0;77,0;16,0;25,0;0,9285714285714286;0,9625
2025-10-09 16:31:36.768;p_shape;25233,0;25232,0;1,0;0,003963221306277742;68,0;81,0;0,8395061728395061;16;56,0;63,0;17,0;22,0;0,8235294117647058;0,7777777777777778
2025-10-09 16:31:37.268;p_shape;25233,25;25233,0;0,25;0,0009907660603178379;71,0;80,0;0,8875;17;57,0;62,0;17,0;20,0;0,8028169014084507;0,775
2025-10-09 16:31:37.768;p_shape;25234,0;25233,25;0,75;0,0029722687327236883;75,0;80,0;0,9375;17;57,0;65,0;17,0;20,0;0,76;0,8125
2025-10-09 16:32:11.268;p_shape;25229,75;25229,25;0,5;0,0019818266496229578;68,0;88,0;0,7727272727272727;13;38,0;68,0;14,0;25,0;0,5588235294117647;0,7727272727272727
2025-10-09 16:32:19.768;p_shape;25233,0;25232,75;0,25;0,0009907758765889567;45,0;114,0;0,39473684210526316;16;12,0;109,0;2,0;46,0;0,26666666666666666;0,956140350877193
2025-10-09 16:32:29.768;p_shape;25229,25;25228,75;0,5;0,001981865926770054;44,0;66,0;0,6666666666666666;11;24,0;62,0;11,0;25,0;0,5454545454545454;0,9393939393939394
2025-10-09 16:32:34.768;p_shape;25229,25;25228,0;1,25;0,004954812113524655;93,0;65,0;1,4307692307692308;13;69,0;62,0;23,0;23,0;0,7419354838709677;0,9538461538461539
2025-10-09 16:32:35.768;p_shape;25229,75;25229,0;0,75;0,002972769432002854;93,0;81,0;1,1481481481481481;14;69,0;75,0;23,0;25,0;0,7419354838709677;0,9259259259259259
2025-10-09 16:32:52.768;p_shape;25235,25;25234,0;1,25;0,00495363398589205;33,0;74,0;0,44594594594594594;11;31,0;55,0;18,0;21,0;0,9393939393939394;0,7432432432432432
2025-10-09 16:32:56.768;p_shape;25237,0;25236,5;0,5;0,0019812573058863156;72,0;74,0;0,972972972972973;16;14,0;58,0;6,0;31,0;0,19444444444444445;0,7837837837837838
2025-10-09 16:33:04.768;p_shape;25237,5;25237,25;0,25;0,0009905992134642244;42,0;80,0;0,525;14;14,0;68,0;6,0;21,0;0,3333333333333333;0,85
2025-10-09 16:33:14.768;p_shape;25240,0;25239,5;0,5;0,0019810218110501397;60,0;62,0;0,967741935483871;10;55,0;44,0;14,0;20,0;0,9166666666666666;0,7096774193548387
2025-10-09 16:33:30.768;p_shape;25246,25;25245,25;1,0;0,003961141204781098;66,0;90,0;0,7333333333333333;10;42,0;81,0;17,0;23,0;0,6363636363636364;0,9
2025-10-09 16:33:35.768;d_shape;25240,75;25241,5;-0,75;-0,0029712972683873778;36,0;126,0;0,2857142857142857;20;36,0;33,0;22,0;8,0;1,0;0,2619047619047619
2025-10-09 16:33:39.268;d_shape;25241,75;25244,25;-2,5;-0,009903245293482674;52,0;59,0;0,8813559322033898;18;45,0;17,0;24,0;6,0;0,8653846153846154;0,288135593220339
2025-10-09 16:33:41.268;d_shape;25242,5;25242,75;-0,25;-0,0009903833774053935;40,0;47,0;0,851063829787234;17;36,0;17,0;21,0;6,0;0,9;0,3617021276595745
2025-10-09 16:33:54.768;p_shape;25242,25;25241,5;0,75;0,0029712972683873778;47,0;47,0;1,0;13;30,0;46,0;12,0;25,0;0,6382978723404256;0,9787234042553191
2025-10-09 16:33:55.268;p_shape;25243,0;25242,25;0,75;0,0029712089849359704;46,0;48,0;0,9583333333333334;13;41,0;48,0;12,0;25,0;0,8913043478260869;1,0
2025-10-09 16:33:55.768;p_shape;25243,5;25243,0;0,5;0,001980747137820386;43,0;51,0;0,8431372549019608;12;41,0;43,0;12,0;25,0;0,9534883720930233;0,8431372549019608
2025-10-09 16:34:29.268;p_shape;25237,0;25236,25;0,75;0,0029719153994749612;57,0;120,0;0,475;12;45,0;92,0;15,0;48,0;0,7894736842105263;0,7666666666666667
2025-10-09 16:34:38.768;p_shape;25233,75;25232,75;1,0;0,003963103506355827;43,0;62,0;0,6935483870967742;10;23,0;54,0;13,0;21,0;0,5348837209302325;0,8709677419354839
2025-10-09 16:35:02.768;d_shape;25226,75;25227,75;-1,0;-0,003963888971469909;61,0;158,0;0,3860759493670886;11;48,0;114,0;25,0;42,0;0,7868852459016393;0,7215189873417721
2025-10-09 16:35:15.268;p_shape;25224,5;25224,25;0,25;0,0009911097455821284;158,0;177,0;0,8926553672316384;23;123,0;129,0;26,0;37,0;0,7784810126582279;0,7288135593220338
2025-10-09 16:35:21.268;d_shape;25217,25;25218,75;-1,5;-0,005947955390334572;93,0;241,0;0,38589211618257263;25;84,0;102,0;20,0;45,0;0,9032258064516129;0,42323651452282157
2025-10-09 16:35:21.768;d_shape;25216,75;25217,25;-0,5;-0,001982769731037286;85,0;247,0;0,3441295546558704;25;84,0;102,0;20,0;45,0;0,9882352941176471;0,41295546558704455
2025-10-09 16:35:22.268;d_shape;25216,5;25216,75;-0,25;-0,000991404522787433;89,0;246,0;0,3617886178861789;22;89,0;140,0;20,0;45,0;1,0;0,5691056910569106
2025-10-09 16:35:30.268;d_shape;25218,25;25220,0;-1,75;-0,006938937351308485;72,0;113,0;0,6371681415929203;14;72,0;41,0;24,0;11,0;1,0;0,36283185840707965
2025-10-09 16:35:30.768;d_shape;25218,0;25218,25;-0,25;-0,0009913455533195204;86,0;118,0;0,7288135593220338;15;86,0;60,0;21,0;19,0;1,0;0,5084745762711864
2025-10-09 16:35:37.768;p_shape;25221,25;25220,75;0,5;0,001982494572921107;100,0;84,0;1,1904761904761905;24;52,0;80,0;8,0;20,0;0,52;0,9523809523809523
2025-10-09 16:35:38.768;p_shape;25221,25;25220,75;0,5;0,001982494572921107;86,0;84,0;1,0238095238095237;22;36,0;81,0;8,0;20,0;0,4186046511627907;0,9642857142857143
2025-10-09 16:37:08.268;p_shape;25222,5;25222,0;0,5;0,0019823963206724287;55,0;64,0;0,859375;13;30,0;54,0;8,0;21,0;0,5454545454545454;0,84375
2025-10-09 16:37:12.768;p_shape;25227,0;25225,5;1,5;0,005946363798537194;98,0;60,0;1,6333333333333333;23;45,0;53,0;17,0;21,0;0,45918367346938777;0,8833333333333333
2025-10-09 16:37:17.268;p_shape;25232,25;25231,5;0,75;0,002972474882587242;225,0;84,0;2,6785714285714284;29;90,0;69,0;26,0;20,0;0,4;0,8214285714285714
2025-10-09 16:38:11.268;d_shape;25223,25;25224,5;-1,25;-0,00495549961347103;44,0;57,0;0,7719298245614035;15;40,0;41,0;30,0;10,0;0,9090909090909091;0,7192982456140351
2025-10-09 16:38:12.268;d_shape;25223,0;25223,5;-0,5;-0,0019822784308283943;52,0;58,0;0,896551724137931;16;48,0;39,0;37,0;10,0;0,9230769230769231;0,6724137931034483
2025-10-09 16:38:12.768;d_shape;25222,75;25223,0;-0,25;-0,0009911588629425525;48,0;61,0;0,7868852459016393;16;48,0;39,0;37,0;10,0;1,0;0,639344262295082
2025-10-09 16:38:13.768;d_shape;25223,0;25223,25;-0,25;-0,0009911490390810066;62,0;37,0;1,6756756756756757;11;60,0;16,0;44,0;6,0;0,967741935483871;0,43243243243243246
2025-10-09 16:38:14.768;d_shape;25222,25;25223,5;-1,25;-0,004955696077070986;62,0;39,0;1,5897435897435896;12;60,0;28,0;44,0;12,0;0,967741935483871;0,717948717948718
2025-10-09 16:39:24.268;d_shape;25214,25;25216,75;-2,5;-0,00991404522787433;109,0;106,0;1,028301886792453;24;86,0;59,0;27,0;19,0;0,7889908256880734;0,5566037735849056
2025-10-09 16:39:26.268;d_shape;25214,0;25215,25;-1,25;-0,004957317496356372;157,0;165,0;0,9515151515151515;24;153,0;47,0;33,0;19,0;0,9745222929936306;0,28484848484848485
2025-10-09 16:39:27.268;d_shape;25213,0;25214,25;-1,25;-0,004957514104127626;185,0;200,0;0,925;26;184,0;136,0;33,0;33,0;0,9945945945945946;0,68
2025-10-09 16:39:33.268;d_shape;25210,75;25212,0;-1,25;-0,004957956528637157;117,0;163,0;0,7177914110429447;23;100,0;77,0;25,0;13,0;0,8547008547008547;0,4723926380368098
2025-10-09 16:39:33.768;d_shape;25209,75;25210,75;-1,0;-0,003966561883323582;148,0;185,0;0,8;23;122,0;80,0;25,0;13,0;0,8243243243243243;0,43243243243243246
2025-10-09 16:39:34.268;d_shape;25209,5;25209,75;-0,25;-0,0009916798064241018;171,0;181,0;0,9447513812154696;23;148,0;66,0;29,0;13,0;0,8654970760233918;0,36464088397790057
2025-10-09 16:40:11.268;p_shape;25219,25;25216,75;2,5;0,00991404522787433;88,0;181,0;0,4861878453038674;24;88,0;139,0;19,0;23,0;1,0;0,7679558011049724
2025-10-09 16:40:13.768;d_shape;25216,75;25217,5;-0,75;-0,002974125111529692;63,0;218,0;0,2889908256880734;18;63,0;107,0;24,0;22,0;1,0;0,4908256880733945
2025-10-09 16:40:14.768;d_shape;25216,5;25217,25;-0,75;-0,002974154596555929;63,0;214,0;0,29439252336448596;17;63,0;107,0;25,0;22,0;1,0;0,5
2025-10-09 16:40:28.268;p_shape;25220,25;25219,75;0,5;0,0019825731817325705;100,0;80,0;1,25;13;74,0;67,0;21,0;26,0;0,74;0,8375
2025-10-09 16:40:29.268;p_shape;25221,75;25220,25;1,5;0,005947601629642847;112,0;91,0;1,2307692307692308;17;88,0;71,0;18,0;26,0;0,7857142857142857;0,7802197802197802
2025-10-09 16:40:30.768;p_shape;25221,5;25221,25;0,25;0,0009912276354264757;117,0;95,0;1,231578947368421;19;67,0;83,0;18,0;26,0;0,5726495726495726;0,8736842105263158
2025-10-09 16:40:38.268;p_shape;25225,0;25224,5;0,5;0,001982199845388412;150,0;113,0;1,3274336283185841;27;70,0;91,0;13,0;23,0;0,4666666666666667;0,8053097345132744
2025-10-09 16:40:38.768;p_shape;25225,25;25225,0;0,25;0,0009910802775024777;166,0;108,0;1,537037037037037;27;70,0;91,0;13,0;23,0;0,42168674698795183;0,8425925925925926
2025-10-09 16:40:39.268;p_shape;25226,0;25225,25;0,75;0,00297321136559598;174,0;123,0;1,4146341463414633;26;59,0;109,0;13,0;36,0;0,3390804597701149;0,8861788617886179
2025-10-09 16:40:39.768;p_shape;25227,25;25226,0;1,25;0,0049552049472766195;184,0;123,0;1,4959349593495934;27;68,0;110,0;13,0;36,0;0,3695652173913043;0,8943089430894309
2025-10-09 16:41:05.768;p_shape;25231,75;25230,25;1,5;0,005945244299997028;112,0;129,0;0,8682170542635659;21;50,0;110,0;19,0;21,0;0,44642857142857145;0,8527131782945736
2025-10-09 16:42:27.768;d_shape;25208,25;25208,5;-0,25;-0,0009917289803042623;97,0;78,0;1,2435897435897436;23;77,0;27,0;22,0;6,0;0,7938144329896907;0,34615384615384615
2025-10-09 16:42:31.768;p_shape;25210,5;25209,75;0,75;0,0029750394192723053;176,0;94,0;1,872340425531915;15;123,0;94,0;32,0;23,0;0,6988636363636364;1,0
2025-10-09 16:42:44.768;p_shape;25209,5;25208,75;0,75;0,0029751574354142905;64,0;78,0;0,8205128205128205;11;24,0;75,0;9,0;33,0;0,375;0,9615384615384616
2025-10-09 16:42:56.268;d_shape;25206,25;25207,0;-0,75;-0,002975363986194311;57,0;93,0;0,6129032258064516;16;46,0;55,0;23,0;25,0;0,8070175438596491;0,5913978494623656
2025-10-09 16:42:57.268;d_shape;25206,5;25206,75;-0,25;-0,0009917978319299394;51,0;96,0;0,53125;16;46,0;40,0;23,0;14,0;0,9019607843137255;0,4166666666666667
2025-10-09 16:42:57.768;d_shape;25206,25;25206,5;-0,25;-0,0009918076686568941;72,0;89,0;0,8089887640449438;17;70,0;35,0;23,0;6,0;0,9722222222222222;0,39325842696629215
2025-10-09 16:42:59.768;p_shape;25207,25;25206,25;1,0;0,003967270022315894;92,0;80,0;1,15;10;58,0;62,0;18,0;20,0;0,6304347826086957;0,775
2025-10-09 16:43:04.268;p_shape;25209,25;25208,0;1,25;0,004958743256109171;110,0;73,0;1,5068493150684932;15;57,0;65,0;18,0;23,0;0,5181818181818182;0,8904109589041096
2025-10-09 16:43:04.768;p_shape;25209,75;25209,25;0,5;0,001983398950781955;106,0;75,0;1,4133333333333333;15;66,0;64,0;18,0;23,0;0,6226415094339622;0,8533333333333334
2025-10-09 16:43:09.768;p_shape;25212,5;25211,75;0,75;0,0029748034150743207;31,0;58,0;0,5344827586206896;14;18,0;56,0;5,0;23,0;0,5806451612903226;0,9655172413793104
2025-10-09 16:43:19.268;d_shape;25207,75;25208,0;-0,25;-0,0009917486512218342;80,0;148,0;0,5405405405405406;29;77,0;52,0;20,0;10,0;0,9625;0,35135135135135137
2025-10-09 16:43:19.768;d_shape;25207,0;25207,75;-0,75;-0,002975275460919757;80,0;126,0;0,6349206349206349;24;75,0;40,0;20,0;10,0;0,9375;0,31746031746031744
2025-10-09 16:43:20.268;d_shape;25206,25;25207,0;-0,75;-0,002975363986194311;84,0;113,0;0,7433628318584071;19;81,0;56,0;20,0;13,0;0,9642857142857143;0,49557522123893805
2025-10-09 16:43:42.768;d_shape;25204,25;25207,0;-2,75;-0,010909667949379141;112,0;63,0;1,7777777777777777;22;92,0;36,0;37,0;14,0;0,8214285714285714;0,5714285714285714
2025-10-09 16:44:05.268;p_shape;25212,75;25212,25;0,5;0,001983162946583506;131,0;53,0;2,4716981132075473;26;48,0;42,0;10,0;22,0;0,366412213740458;0,7924528301886793
2025-10-09 16:44:13.768;p_shape;25214,0;25213,75;0,25;0,0009915224827722969;71,0;53,0;1,3396226415094339;12;25,0;46,0;9,0;22,0;0,352112676056338;0,8679245283018868
2025-10-09 16:44:45.768;d_shape;25203,0;25203,5;-0,5;-0,001983851449203484;119,0;121,0;0,9834710743801653;15;111,0;103,0;30,0;35,0;0,9327731092436975;0,8512396694214877
2025-10-09 16:44:47.268;d_shape;25202,75;25203,75;-1,0;-0,003967663542131627;112,0;81,0;1,382716049382716;13;109,0;45,0;33,0;15,0;0,9732142857142857;0,5555555555555556
2025-10-09 16:44:47.768;d_shape;25202,25;25202,75;-0,5;-0,0019839104859588736;112,0;86,0;1,302325581395349;13;109,0;43,0;33,0;15,0;0,9732142857142857;0,5
2025-10-09 16:44:49.268;d_shape;25201,25;25202,0;-0,75;-0,0029759542893421156;129,0;181,0;0,712707182320442;14;95,0;72,0;34,0;22,0;0,7364341085271318;0,39779005524861877
2025-10-09 16:44:49.768;d_shape;25201,0;25201,25;-0,25;-0,0009920142850057042;109,0;176,0;0,6193181818181818;14;95,0;66,0;36,0;22,0;0,8715596330275229;0,375
2025-10-09 16:44:52.268;d_shape;25201,25;25201,75;-0,5;-0,0019839892070987134;140,0;173,0;0,8092485549132948;11;107,0;122,0;36,0;57,0;0,7642857142857142;0,7052023121387283
2025-10-09 16:44:53.268;d_shape;25200,5;25201,25;-0,75;-0,002976042855017112;159,0;131,0;1,213740458015267;12;123,0;68,0;36,0;47,0;0,7735849056603774;0,5190839694656488
2025-10-09 16:45:08.268;d_shape;25197,75;25198,25;-0,5;-0,001984264780292282;73,0;225,0;0,3244444444444444;17;73,0;144,0;22,0;26,0;1,0;0,64
2025-10-09 16:45:13.768;d_shape;25196,25;25197,25;-1,0;-0,003968687059103672;100,0;139,0;0,7194244604316546;26;78,0;61,0;26,0;9,0;0,78;0,43884892086330934
2025-10-09 16:45:14.768;d_shape;25196,0;25196,75;-0,75;-0,0029765743597884647;79,0;134,0;0,5895522388059702;26;62,0;46,0;26,0;7,0;0,7848101265822784;0,34328358208955223
2025-10-09 16:45:15.268;d_shape;25194,75;25196,0;-1,25;-0,004961104937291633;94,0;165,0;0,5696969696969697;28;90,0;43,0;26,0;7,0;0,9574468085106383;0,2606060606060606
2025-10-09 16:45:15.768;d_shape;25194,5;25194,75;-0,25;-0,0009922702150249557;133,0;153,0;0,869281045751634;27;129,0;36,0;26,0;6,0;0,9699248120300752;0,23529411764705882
2025-10-09 16:45:18.768;d_shape;25194,75;25195,25;-0,5;-0,0019845010468243023;136,0;115,0;1,182608695652174;15;128,0;42,0;43,0;12,0;0,9411764705882353;0,3652173913043478
2025-10-09 16:45:20.268;d_shape;25193,5;25195,5;-2,0;-0,00793792542319065;139,0;156,0;0,8910256410256411;18;116,0;35,0;27,0;9,0;0,8345323741007195;0,22435897435897437
2025-10-09 16:45:25.768;p_shape;25197,25;25196,75;0,5;0,001984382906525643;118,0;52,0;2,269230769230769;13;59,0;46,0;26,0;22,0;0,5;0,8846153846153846
2025-10-09 16:45:27.268;p_shape;25197,25;25197,0;0,25;0,0009921816089216969;111,0;74,0;1,5;15;59,0;74,0;26,0;27,0;0,5315315315315315;1,0
2025-10-09 16:45:28.768;p_shape;25197,75;25196,75;1,0;0,003968765813051286;67,0;69,0;0,9710144927536232;10;25,0;67,0;11,0;21,0;0,373134328358209;0,9710144927536232
2025-10-09 16:45:53.268;p_shape;25202,25;25201,5;0,75;0,0029760133325397297;183,0;72,0;2,5416666666666665;20;73,0;57,0;11,0;24,0;0,3989071038251366;0,7916666666666666
2025-10-09 16:45:54.768;p_shape;25202,5;25201,0;1,5;0,00595214475616047;181,0;71,0;2,5492957746478875;17;73,0;70,0;13,0;27,0;0,40331491712707185;0,9859154929577465
2025-10-09 16:45:56.268;d_shape;25201,0;25201,5;-0,5;-0,00198400888835982;85,0;127,0;0,6692913385826772;10;78,0;101,0;28,0;38,0;0,9176470588235294;0,7952755905511811
2025-10-09 16:46:02.268;p_shape;25200,5;25200,25;0,25;0,000992053650261406;49,0;99,0;0,494949494949495;15;40,0;79,0;10,0;25,0;0,8163265306122449;0,797979797979798
2025-10-09 16:46:07.268;p_shape;25204,5;25204,25;0,25;0,0009918962079807968;72,0;85,0;0,8470588235294118;17;53,0;64,0;16,0;20,0;0,7361111111111112;0,7529411764705882
2025-10-09 16:46:11.768;p_shape;25207,5;25207,0;0,5;0,0019835759907962077;146,0;192,0;0,7604166666666666;18;77,0;147,0;18,0;33,0;0,5273972602739726;0,765625
2025-10-09 16:46:12.268;p_shape;25208,0;25207,5;0,5;0,0019835366458395317;146,0;154,0;0,948051948051948;18;77,0;148,0;18,0;33,0;0,5273972602739726;0,961038961038961
2025-10-09 16:46:13.268;d_shape;25206,25;25207,75;-1,5;-0,005950550921839514;132,0;199,0;0,6633165829145728;11;121,0;164,0;32,0;44,0;0,9166666666666666;0,8241206030150754
2025-10-09 16:46:16.768;p_shape;25210,0;25208,5;1,5;0,005950373881825575;149,0;127,0;1,1732283464566928;17;71,0;96,0;21,0;21,0;0,47651006711409394;0,7559055118110236
2025-10-09 16:46:23.768;p_shape;25210,0;25209,0;1,0;0,003966837240668015;88,0;123,0;0,7154471544715447;17;79,0;100,0;25,0;22,0;0,8977272727272727;0,8130081300813008
2025-10-09 16:46:32.268;p_shape;25214,75;25213,5;1,25;0,004957661570190573;79,0;131,0;0,6030534351145038;19;41,0;98,0;9,0;34,0;0,5189873417721519;0,7480916030534351
2025-10-09 16:46:32.768;p_shape;25216,5;25214,75;1,75;0,006940382117609732;126,0;95,0;1,3263157894736841;23;53,0;86,0;9,0;34,0;0,42063492063492064;0,9052631578947369
2025-10-09 16:46:33.268;p_shape;25216,75;25216,5;0,25;0,0009914143517141553;132,0;123,0;1,0731707317073171;25;79,0;99,0;15,0;34,0;0,5984848484848485;0,8048780487804879
2025-10-09 16:46:37.268;p_shape;25218,75;25218,25;0,5;0,001982691106639041;121,0;106,0;1,1415094339622642;21;59,0;106,0;12,0;23,0;0,48760330578512395;1,0
2025-10-09 16:46:38.768;p_shape;25219,0;25218,0;1,0;0,003965421524308034;75,0;80,0;0,9375;10;36,0;67,0;19,0;33,0;0,48;0,8375
2025-10-09 16:46:39.268;p_shape;25219,5;25219,0;0,5;0,001982632142432293;65,0;91,0;0,7142857142857143;11;65,0;80,0;23,0;34,0;1,0;0,8791208791208791
2025-10-09 16:46:49.268;p_shape;25220,5;25219,75;0,75;0,002973859772598856;71,0;77,0;0,922077922077922;17;28,0;62,0;10,0;27,0;0,39436619718309857;0,8051948051948052
2025-10-09 16:46:53.768;d_shape;25216,0;25217,75;-1,75;-0,0069395564632054796;54,0;76,0;0,7105263157894737;18;46,0;38,0;28,0;9,0;0,8518518518518519;0,5
2025-10-09 16:46:54.268;d_shape;25215,75;25216,0;-0,25;-0,0009914340101522842;46,0;73,0;0,6301369863013698;20;46,0;28,0;28,0;9,0;1,0;0,3835616438356164
2025-10-09 16:46:56.268;d_shape;25213,75;25214,25;-0,5;-0,001983005641651051;69,0;74,0;0,9324324324324325;20;51,0;30,0;28,0;11,0;0,7391304347826086;0,40540540540540543
2025-10-09 16:47:57.768;d_shape;25208,0;25208,25;-0,25;-0,0009917388156655063;72,0;136,0;0,5294117647058824;19;66,0;77,0;22,0;22,0;0,9166666666666666;0,5661764705882353
2025-10-09 16:48:13.268;p_shape;25211,75;25210,75;1,0;0,003966561883323582;53,0;31,0;1,7096774193548387;17;25,0;29,0;7,0;20,0;0,4716981132075472;0,9354838709677419
2025-10-09 16:48:40.268;d_shape;25211,0;25211,5;-0,5;-0,0019832219423675706;74,0;52,0;1,4230769230769231;16;57,0;32,0;52,0;13,0;0,7702702702702703;0,6153846153846154
2025-10-09 16:48:41.268;d_shape;25209,5;25211,0;-1,5;-0,005949783824521042;73,0;48,0;1,5208333333333333;19;69,0;30,0;56,0;13,0;0,9452054794520548;0,625
2025-10-09 16:49:12.268;p_shape;25220,25;25219,5;0,75;0,0029738892523642423;112,0;47,0;2,382978723404255;26;30,0;41,0;6,0;22,0;0,26785714285714285;0,8723404255319149
2025-10-09 16:49:12.768;p_shape;25221,0;25220,25;0,75;0,0029738008148214234;111,0;48,0;2,3125;21;35,0;36,0;6,0;26,0;0,3153153153153153;0,75
2025-10-09 16:49:13.268;p_shape;25221,75;25221,0;0,75;0,0029737123825383607;111,0;73,0;1,5205479452054795;22;55,0;64,0;20,0;26,0;0,4954954954954955;0,8767123287671232
2025-10-09 16:49:14.268;p_shape;25222,0;25221,25;0,75;0,002973682906279427;115,0;79,0;1,4556962025316456;21;53,0;63,0;20,0;26,0;0,4608695652173913;0,7974683544303798
2025-10-09 16:49:14.768;p_shape;25222,75;25222,0;0,75;0,002973594481008643;112,0;81,0;1,382716049382716;19;70,0;68,0;20,0;26,0;0,625;0,8395061728395061
2025-10-09 16:49:15.768;p_shape;25222,75;25222,25;0,5;0,001982376671391331;114,0;73,0;1,5616438356164384;18;52,0;68,0;16,0;26,0;0,45614035087719296;0,9315068493150684
2025-10-09 16:49:18.768;p_shape;25229,25;25227,5;1,75;0,00693687444257259;348,0;209,0;1,6650717703349283;39;198,0;187,0;23,0;40,0;0,5689655172413793;0,8947368421052632
2025-10-09 16:49:19.268;p_shape;25229,75;25229,25;0,5;0,0019818266496229578;372,0;254,0;1,4645669291338583;38;188,0;235,0;23,0;40,0;0,5053763440860215;0,9251968503937008
2025-10-09 16:49:20.268;p_shape;25230,25;25229,5;0,75;0,002972710517449811;370,0;264,0;1,4015151515151516;37;195,0;250,0;23,0;40,0;0,527027027027027;0,946969696969697
2025-10-09 16:49:20.768;p_shape;25231,5;25230,25;1,25;0,004954370249997523;391,0;271,0;1,4428044280442804;36;223,0;221,0;41,0;40,0;0,5703324808184144;0,8154981549815498
2025-10-09 16:49:21.268;p_shape;25232,0;25231,5;0,5;0,0019816499217248282;396,0;348,0;1,1379310344827587;41;228,0;254,0;41,0;32,0;0,5757575757575758;0,7298850574712644
2025-10-09 16:49:24.768;d_shape;25230,0;25230,5;-0,5;-0,0019817284635659225;130,0;217,0;0,5990783410138248;14;125,0;116,0;39,0;33,0;0,9615384615384616;0,5345622119815668
2025-10-09 16:49:25.268;d_shape;25229,25;25230,0;-0,75;-0,002972651605231867;126,0;212,0;0,5943396226415094;15;121,0;144,0;39,0;33,0;0,9603174603174603;0,6792452830188679
2025-10-09 16:49:25.768;d_shape;25229,0;25229,25;-0,25;-0,0009909133248114789;121,0;212,0;0,5707547169811321;17;96,0;179,0;28,0;35,0;0,7933884297520661;0,8443396226415094
2025-10-09 16:49:30.768;p_shape;25230,0;25229,5;0,5;0,001981807011633207;97,0;83,0;1,1686746987951808;10;64,0;60,0;18,0;33,0;0,6597938144329897;0,7228915662650602
2025-10-09 16:49:31.768;p_shape;25230,25;25229,75;0,5;0,00198178737403264;87,0;91,0;0,9560439560439561;11;64,0;68,0;18,0;28,0;0,735632183908046;0,7472527472527473
2025-10-09 16:49:34.268;d_shape;25227,5;25229,75;-2,25;-0,00891804318314688;144,0;143,0;1,006993006993007;16;103,0;92,0;33,0;31,0;0,7152777777777778;0,6433566433566433
2025-10-09 16:49:35.768;d_shape;25227,5;25228,0;-0,5;-0,0019819248454098623;126,0;173,0;0,7283236994219653;16;109,0;88,0;38,0;31,0;0,8650793650793651;0,5086705202312138
2025-10-09 16:49:36.768;d_shape;25227,75;25228,0;-0,25;-0,0009909624227049311;131,0;163,0;0,803680981595092;16;119,0;57,0;38,0;9,0;0,9083969465648855;0,3496932515337423
2025-10-09 16:49:55.768;d_shape;25233,25;25233,5;-0,25;-0,0009907464283591258;47,0;131,0;0,35877862595419846;11;47,0;74,0;28,0;29,0;1,0;0,5648854961832062
2025-10-09 16:49:56.268;d_shape;25232,5;25233,25;-0,75;-0,0029722687327236883;31,0;128,0;0,2421875;13;31,0;92,0;22,0;29,0;1,0;0,71875
2025-10-09 16:50:04.768;p_shape;25234,0;25233,0;1,0;0,0039630642412713515;151,0;91,0;1,6593406593406594;18;36,0;66,0;7,0;20,0;0,23841059602649006;0,7252747252747253
2025-10-09 16:50:05.268;p_shape;25234,5;25234,0;0,5;0,00198145359435682;157,0;80,0;1,9625;19;47,0;66,0;11,0;20,0;0,29936305732484075;0,825
2025-10-09 16:50:05.768;p_shape;25234,75;25234,5;0,25;0,0009907071667756445;147,0;86,0;1,7093023255813953;20;37,0;79,0;11,0;20,0;0,25170068027210885;0,9186046511627907
2025-10-09 16:50:10.268;p_shape;25236,25;25234,75;1,5;0,005944184111195871;122,0;95,0;1,2842105263157895;13;59,0;76,0;23,0;23,0;0,48360655737704916;0,8
2025-10-09 16:50:11.268;p_shape;25236,0;25235,75;0,25;0,0009906580941719584;140,0;75,0;1,8666666666666667;13;57,0;75,0;23,0;23,0;0,40714285714285714;1,0
2025-10-09 16:50:22.768;p_shape;25232,75;25231,25;1,5;0,00594500866980431;116,0;145,0;0,8;18;88,0;122,0;18,0;35,0;0,7586206896551724;0,8413793103448276
2025-10-09 16:51:03.768;p_shape;25234,75;25233,75;1,0;0,003962946450686085;40,0;100,0;0,4;11;16,0;83,0;4,0;34,0;0,4;0,83
2025-10-09 16:51:04.268;p_shape;25235,0;25234,75;0,25;0,0009906973518659784;35,0;98,0;0,35714285714285715;11;16,0;81,0;4,0;34,0;0,45714285714285713;0,826530612244898
2025-10-09 16:51:30.768;p_shape;25241,0;25240,5;0,5;0,001980943325211466;64,0;75,0;0,8533333333333334;12;27,0;61,0;12,0;20,0;0,421875;0,8133333333333334
2025-10-09 16:51:53.268;p_shape;25240,75;25240,5;0,25;0,000990471662605733;64,0;89,0;0,7191011235955056;15;34,0;72,0;12,0;21,0;0,53125;0,8089887640449438
2025-10-09 16:51:53.768;p_shape;25241,25;25240,75;0,5;0,0019809237047235125;57,0;98,0;0,5816326530612245;12;29,0;69,0;12,0;22,0;0,5087719298245614;0,7040816326530612
2025-10-09 16:55:21.768;p_shape;25244,25;25243,75;0,5;0,0019806882891804903;186,0;72,0;2,5833333333333335;33;93,0;64,0;11,0;22,0;0,5;0,8888888888888888
2025-10-09 16:55:23.268;p_shape;25243,5;25243,0;0,5;0,001980747137820386;181,0;92,0;1,9673913043478262;30;86,0;92,0;11,0;37,0;0,47513812154696133;1,0
2025-10-09 16:55:23.768;p_shape;25244,0;25243,5;0,5;0,001980707905005249;110,0;92,0;1,1956521739130435;18;29,0;80,0;6,0;37,0;0,2636363636363636;0,8695652173913043
2025-10-09 16:55:24.268;p_shape;25244,25;25244,0;0,25;0,0009903343368721281;106,0;101,0;1,0495049504950495;14;69,0;99,0;38,0;37,0;0,6509433962264151;0,9801980198019802
2025-10-09 16:55:24.768;p_shape;25244,75;25244,25;0,5;0,0019806490586965347;102,0;104,0;0,9807692307692307;12;65,0;99,0;38,0;37,0;0,6372549019607843;0,9519230769230769
2025-10-09 16:55:27.768;p_shape;25246,0;25245,75;0,25;0,0009902656882841668;67,0;80,0;0,8375;13;32,0;80,0;10,0;21,0;0,47761194029850745;1,0
2025-10-09 16:57:01.768;p_shape;25248,75;25248,5;0,25;0,0009901578311582867;93,0;102,0;0,9117647058823529;16;56,0;75,0;12,0;22,0;0,6021505376344086;0,7352941176470589
2025-10-09 16:57:05.268;d_shape;25246,25;25247,0;-0,75;-0,0029706499782152338;85,0;158,0;0,5379746835443038;15;72,0;125,0;27,0;29,0;0,8470588235294118;0,7911392405063291
2025-10-09 16:57:48.768;p_shape;25249,75;25249,0;0,75;0,0029704146698879166;32,0;73,0;0,4383561643835616;10;20,0;64,0;9,0;22,0;0,625;0,8767123287671232
2025-10-09 16:57:52.768;p_shape;25251,75;25251,5;0,25;0,0009900401956319427;62,0;73,0;0,8493150684931506;14;34,0;63,0;9,0;32,0;0,5483870967741935;0,863013698630137
2025-10-09 16:58:03.268;d_shape;25255,0;25256,0;-1,0;-0,0039594551789673745;72,0;94,0;0,7659574468085106;10;60,0;61,0;21,0;23,0;0,8333333333333334;0,648936170212766
2025-10-09 16:58:03.768;d_shape;25254,5;25255,0;-0,5;-0,0019798059790140567;63,0;110,0;0,5727272727272728;11;51,0;83,0;21,0;23,0;0,8095238095238095;0,7545454545454545
2025-10-09 16:58:44.268;d_shape;25255,25;25255,5;-0,25;-0,0009898833917364536;40,0;104,0;0,38461538461538464;16;40,0;48,0;20,0;14,0;1,0;0,46153846153846156
2025-10-09 16:59:49.768;d_shape;25247,0;25247,5;-0,5;-0,0019803940984255866;77,0;68,0;1,1323529411764706;14;65,0;43,0;21,0;16,0;0,8441558441558441;0,6323529411764706
2025-10-09 17:00:05.268;p_shape;25257,75;25256,25;1,5;0,005939123979213066;122,0;135,0;0,9037037037037037;23;86,0;125,0;26,0;45,0;0,7049180327868853;0,9259259259259259
2025-10-09 17:00:09.768;p_shape;25259,0;25258,5;0,5;0,0019795316428133105;89,0;52,0;1,7115384615384615;15;67,0;49,0;28,0;21,0;0,7528089887640449;0,9423076923076923
2025-10-09 17:00:10.268;d_shape;25256,0;25259,0;-3,0;-0,011876954748802408;85,0;92,0;0,9239130434782609;15;63,0;78,0;27,0;27,0;0,7411764705882353;0,8478260869565217
2025-10-09 17:00:19.768;p_shape;25260,5;25259,25;1,25;0,0049486821659392105;65,0;118,0;0,5508474576271186;11;52,0;100,0;15,0;22,0;0,8;0,847457627118644
2025-10-09 17:00:21.268;d_shape;25258,75;25259,5;-0,75;-0,002969179912508165;81,0;105,0;0,7714285714285715;11;67,0;97,0;24,0;22,0;0,8271604938271605;0,9238095238095239
2025-10-09 17:00:32.768;p_shape;25265,75;25265,0;0,75;0,002968533544429052;170,0;116,0;1,4655172413793103;26;108,0;85,0;24,0;23,0;0,6352941176470588;0,7327586206896551
2025-10-09 17:00:34.268;p_shape;25265,5;25264,5;1,0;0,0039581230580458746;150,0;135,0;1,1111111111111112;21;90,0;105,0;31,0;24,0;0,6;0,7777777777777778
2025-10-09 17:00:35.268;p_shape;25266,5;25265,0;1,5;0,005937067088858104;178,0;158,0;1,1265822784810127;19;105,0;125,0;31,0;24,0;0,5898876404494382;0,7911392405063291
2025-10-09 17:02:46.268;d_shape;25243,25;25244,0;-0,75;-0,002971003010616384;87,0;208,0;0,4182692307692308;27;69,0;86,0;25,0;18,0;0,7931034482758621;0,41346153846153844
2025-10-09 17:04:04.268;p_shape;25258,0;25257,5;0,5;0,001979610016826685;84,0;72,0;1,1666666666666667;14;53,0;62,0;16,0;23,0;0,6309523809523809;0,8611111111111112
2025-10-09 17:04:04.768;p_shape;25258,5;25258,0;0,5;0,0019795708290442633;92,0;64,0;1,4375;14;53,0;62,0;16,0;23,0;0,5760869565217391;0,96875
2025-10-09 17:04:05.268;p_shape;25259,0;25258,5;0,5;0,0019795316428133105;79,0;66,0;1,196969696969697;15;53,0;65,0;11,0;23,0;0,6708860759493671;0,9848484848484849
2025-10-09 17:05:36.768;p_shape;25260,0;25259,5;0,5;0,0019794532750054437;24,0;63,0;0,38095238095238093;13;20,0;60,0;6,0;22,0;0,8333333333333334;0,9523809523809523
2025-10-09 17:05:37.768;p_shape;25260,25;25260,0;0,25;0,0009897070467141727;19,0;67,0;0,2835820895522388;11;19,0;62,0;6,0;27,0;1,0;0,9253731343283582
2025-10-09 17:05:46.268;p_shape;25262,75;25262,5;0,25;0,0009896091044037606;42,0;89,0;0,47191011235955055;14;23,0;69,0;9,0;20,0;0,5476190476190477;0,7752808988764045
2025-10-09 17:05:46.768;p_shape;25263,25;25262,75;0,5;0,0019791986224777587;42,0;99,0;0,42424242424242425;15;28,0;79,0;9,0;21,0;0,6666666666666666;0,797979797979798
2025-10-09 17:05:47.768;p_shape;25263,25;25263,0;0,25;0,0009895895182678225;30,0;91,0;0,32967032967032966;11;23,0;83,0;6,0;21,0;0,7666666666666667;0,9120879120879121
2025-10-09 17:06:41.768;d_shape;25256,0;25257,25;-1,25;-0,004949074028249315;45,0;57,0;0,7894736842105263;13;38,0;29,0;21,0;12,0;0,8444444444444444;0,5087719298245614
2025-10-09 17:07:50.268;p_shape;25247,5;25246,75;0,75;0,002970679394377494;137,0;77,0;1,7792207792207793;17;110,0;77,0;29,0;20,0;0,8029197080291971;1,0
2025-10-09 17:09:20.268;d_shape;25255,25;25255,5;-0,25;-0,0009898833917364536;51,0;15,0;3,4;10;49,0;13,0;22,0;6,0;0,9607843137254902;0,8666666666666667
2025-10-09 17:09:45.268;p_shape;25263,25;25263,0;0,25;0,0009895895182678225;92,0;177,0;0,519774011299435;21;41,0;130,0;16,0;44,0;0,44565217391304346;0,7344632768361582
2025-10-09 17:09:45.768;p_shape;25263,75;25263,25;0,5;0,0019791594509811685;87,0;162,0;0,5370370370370371;21;26,0;130,0;6,0;44,0;0,2988505747126437;0,8024691358024691
2025-10-09 17:09:46.268;p_shape;25264,25;25263,75;0,5;0,0019791202810350798;90,0;187,0;0,48128342245989303;24;50,0;186,0;17,0;44,0;0,5555555555555556;0,9946524064171123
2025-10-09 17:10:15.268;d_shape;25260,5;25261,5;-1,0;-0,003958593116006571;50,0;43,0;1,1627906976744187;11;49,0;31,0;21,0;18,0;0,98;0,7209302325581395
2025-10-09 17:11:51.768;d_shape;25251,5;25252,25;-0,75;-0,0029700323733528695;92,0;113,0;0,8141592920353983;14;87,0;69,0;29,0;17,0;0,9456521739130435;0,6106194690265486
2025-10-09 17:11:52.268;d_shape;25251,25;25251,5;-0,25;-0,0009900401956319427;88,0;123,0;0,7154471544715447;14;86,0;69,0;29,0;17,0;0,9772727272727273;0,5609756097560976
2025-10-09 17:11:53.268;d_shape;25250,75;25251,75;-1,0;-0,0039601215757323754;77,0;136,0;0,5661764705882353;15;75,0;74,0;29,0;17,0;0,974025974025974;0,5441176470588235
2025-10-09 17:11:53.768;d_shape;25250,25;25250,75;-0,5;-0,0019801392037860264;70,0;152,0;0,4605263157894737;17;70,0;77,0;29,0;15,0;1,0;0,506578947368421
2025-10-09 17:11:54.268;d_shape;25249,75;25250,25;-0,5;-0,0019801784140751084;84,0;155,0;0,5419354838709678;19;76,0;80,0;29,0;15,0;0,9047619047619048;0,5161290322580645
2025-10-09 17:13:11.768;p_shape;25258,25;25257,75;0,5;0,0019795904227415347;27,0;112,0;0,24107142857142858;13;6,0;93,0;3,0;62,0;0,2222222222222222;0,8303571428571429
2025-10-09 17:13:13.268;p_shape;25259,25;25258,25;1,0;0,003959102471469718;32,0;113,0;0,2831858407079646;16;21,0;111,0;8,0;63,0;0,65625;0,9823008849557522
2025-10-09 17:14:17.268;d_shape;25257,5;25258,0;-0,5;-0,0019795708290442633;57,0;35,0;1,6285714285714286;10;56,0;30,0;26,0;9,0;0,9824561403508771;0,8571428571428571
2025-10-09 17:14:47.268;p_shape;25256,75;25255,75;1,0;0,003959494372568623;22,0;48,0;0,4583333333333333;11;16,0;38,0;6,0;23,0;0,7272727272727273;0,7916666666666666
2025-10-09 17:15:21.268;p_shape;25263,0;25260,75;2,25;0,008907098957869421;19,0;60,0;0,31666666666666665;15;13,0;44,0;7,0;26,0;0,6842105263157895;0,7333333333333333
2025-10-09 17:15:22.268;p_shape;25262,75;25262,5;0,25;0,0009896091044037606;23,0;78,0;0,2948717948717949;16;12,0;61,0;6,0;28,0;0,5217391304347826;0,782051282051282
2025-10-09 17:15:23.268;p_shape;25262,75;25262,5;0,25;0,0009896091044037606;25,0;79,0;0,31645569620253167;16;9,0;62,0;3,0;28,0;0,36;0,7848101265822784
2025-10-09 17:15:23.768;p_shape;25263,5;25262,75;0,75;0,0029687979337166383;25,0;81,0;0,30864197530864196;16;6,0;65,0;2,0;28,0;0,24;0,8024691358024691
2025-10-09 17:15:27.268;p_shape;25264,75;25264,5;0,25;0,0009895307645114686;83,0;95,0;0,8736842105263158;13;60,0;87,0;12,0;33,0;0,7228915662650602;0,9157894736842105
2025-10-09 17:15:56.268;p_shape;25268,25;25267,75;0,5;0,001978806977273402;101,0;130,0;0,7769230769230769;17;38,0;95,0;9,0;33,0;0,37623762376237624;0,7307692307692307
2025-10-09 17:15:57.268;p_shape;25268,25;25268,0;0,25;0,0009893936995409214;105,0;115,0;0,9130434782608695;17;38,0;107,0;9,0;37,0;0,3619047619047619;0,9304347826086956
2025-10-09 17:15:57.768;p_shape;25268,5;25268,25;0,25;0,000989383910638845;109,0;111,0;0,9819819819819819;17;38,0;107,0;9,0;37,0;0,3486238532110092;0,963963963963964
2025-10-09 17:15:58.268;p_shape;25269,25;25268,5;0,75;0,0029681223657914003;114,0;201,0;0,5671641791044776;21;95,0;168,0;33,0;37,0;0,8333333333333334;0,835820895522388
2025-10-09 17:16:01.268;p_shape;25270,0;25269,25;0,75;0,0029680342709023813;72,0;160,0;0,45;11;63,0;116,0;23,0;52,0;0,875;0,725
2025-10-09 17:16:04.268;p_shape;25273,25;25272,75;0,5;0,0019784154870364323;208,0;172,0;1,2093023255813953;20;108,0;137,0;38,0;35,0;0,5192307692307693;0,7965116279069767
2025-10-09 17:16:05.268;p_shape;25273,5;25273,25;0,25;0,0009891881732662004;195,0;173,0;1,1271676300578035;20;84,0;166,0;38,0;35,0;0,4307692307692308;0,9595375722543352
2025-10-09 17:16:05.768;p_shape;25273,75;25273,5;0,25;0,0009891783884305697;193,0;179,0;1,0782122905027933;19;104,0;177,0;38,0;37,0;0,538860103626943;0,9888268156424581
2025-10-09 17:16:15.268;p_shape;25272,0;25269,5;2,5;0,009893349690338154;60,0;201,0;0,29850746268656714;18;60,0;159,0;17,0;41,0;1,0;0,7910447761194029
2025-10-09 17:16:29.268;p_shape;25269,75;25268,25;1,5;0,005936303463833071;34,0;61,0;0,5573770491803278;12;28,0;59,0;9,0;23,0;0,8235294117647058;0,9672131147540983
2025-10-09 17:16:32.768;p_shape;25270,25;25269,5;0,75;0,0029680049071014463;42,0;87,0;0,4827586206896552;12;8,0;61,0;3,0;22,0;0,19047619047619047;0,7011494252873564
2025-10-09 17:17:15.268;p_shape;25266,0;25265,75;0,25;0,000989481808376953;25,0;59,0;0,423728813559322;10;4,0;45,0;2,0;20,0;0,16;0,7627118644067796
2025-10-09 17:17:41.268;d_shape;25265,0;25265,75;-0,75;-0,002968445425130859;42,0;50,0;0,84;10;35,0;35,0;29,0;16,0;0,8333333333333334;0,7
2025-10-09 17:18:03.768;d_shape;25257,0;25258,0;-1,0;-0,003959141658088527;77,0;106,0;0,7264150943396226;18;68,0;44,0;20,0;16,0;0,8831168831168831;0,41509433962264153
2025-10-09 17:18:04.268;d_shape;25256,5;25257,0;-0,5;-0,0019796492061606684;80,0;107,0;0,7476635514018691;18;72,0;43,0;20,0;16,0;0,9;0,40186915887850466
2025-10-09 17:18:05.268;d_shape;25256,75;25257,0;-0,25;-0,0009898246030803342;102,0;85,0;1,2;17;97,0;31,0;23,0;13,0;0,9509803921568627;0,36470588235294116
2025-10-09 17:18:09.268;p_shape;25259,0;25258,75;0,25;0,000989756025139803;50,0;60,0;0,8333333333333334;11;44,0;58,0;15,0;21,0;0,88;0,9666666666666667
2025-10-09 17:21:16.768;d_shape;25248,5;25249,0;-0,5;-0,0019802764465919444;54,0;75,0;0,72;12;46,0;24,0;20,0;9,0;0,8518518518518519;0,32
2025-10-09 17:22:00.268;p_shape;25247,75;25247,25;0,5;0,00198041370842369;48,0;57,0;0,8421052631578947;12;14,0;50,0;5,0;23,0;0,2916666666666667;0,8771929824561403
2025-10-09 17:23:07.268;d_shape;25249,75;25250,25;-0,5;-0,0019801784140751084;45,0;29,0;1,5517241379310345;10;35,0;16,0;28,0;6,0;0,7777777777777778;0,5517241379310345
2025-10-09 17:23:43.268;d_shape;25241,0;25241,5;-0,5;-0,001980864845591585;61,0;97,0;0,6288659793814433;14;56,0;36,0;24,0;13,0;0,9180327868852459;0,3711340206185567
2025-10-09 17:23:51.268;d_shape;25236,0;25236,75;-0,75;-0,0029718565187672736;95,0;144,0;0,6597222222222222;12;75,0;101,0;31,0;37,0;0,7894736842105263;0,7013888888888888
2025-10-09 17:23:51.768;d_shape;25235,75;25236,0;-0,25;-0,0009906482802345855;73,0;174,0;0,41954022988505746;10;56,0;131,0;22,0;42,0;0,7671232876712328;0,7528735632183908
2025-10-09 17:24:26.768;d_shape;25231,75;25232,25;-0,5;-0,0019815910194295;54,0;85,0;0,6352941176470588;10;50,0;20,0;30,0;11,0;0,9259259259259259;0,23529411764705882
2025-10-09 17:24:34.768;p_shape;25235,25;25234,75;0,5;0,001981394703731957;95,0;62,0;1,532258064516129;18;42,0;53,0;12,0;23,0;0,4421052631578947;0,8548387096774194
2025-10-09 17:24:50.768;p_shape;25232,5;25230,75;1,75;0,006935980896326902;38,0;88,0;0,4318181818181818;11;36,0;78,0;14,0;43,0;0,9473684210526315;0,8863636363636364
2025-10-09 17:25:17.768;p_shape;25237,5;25235,25;2,25;0,008916099503670461;31,0;61,0;0,5081967213114754;19;28,0;50,0;11,0;22,0;0,9032258064516129;0,819672131147541
2025-10-09 17:27:06.268;d_shape;25228,25;25229,25;-1,0;-0,0039636532992459155;79,0;152,0;0,5197368421052632;20;70,0;76,0;28,0;15,0;0,8860759493670886;0,5
2025-10-09 17:27:06.768;d_shape;25227,0;25228,25;-1,25;-0,004954763013685056;113,0;150,0;0,7533333333333333;24;104,0;88,0;28,0;15,0;0,9203539823008849;0,5866666666666667
2025-10-09 17:27:37.768;p_shape;25229,75;25226,5;3,25;0,012883277505797475;149,0;89,0;1,6741573033707866;16;79,0;74,0;20,0;21,0;0,5302013422818792;0,8314606741573034
2025-10-09 17:27:38.268;p_shape;25230,0;25229,75;0,25;0,00099089368701632;149,0;88,0;1,6931818181818181;17;95,0;73,0;20,0;21,0;0,6375838926174496;0,8295454545454546
2025-10-09 17:27:39.768;p_shape;25230,25;25229,5;0,75;0,002972710517449811;97,0;77,0;1,2597402597402598;17;56,0;70,0;13,0;23,0;0,5773195876288659;0,9090909090909091
2025-10-09 17:27:40.268;p_shape;25230,5;25230,25;0,25;0,0009908740499995046;97,0;81,0;1,1975308641975309;17;56,0;75,0;13,0;23,0;0,5773195876288659;0,9259259259259259
2025-10-09 17:27:41.268;p_shape;25230,0;25229,75;0,25;0,00099089368701632;104,0;80,0;1,3;17;55,0;74,0;13,0;25,0;0,5288461538461539;0,925
2025-10-09 17:27:42.268;p_shape;25230,0;25229,75;0,25;0,00099089368701632;100,0;80,0;1,25;16;49,0;80,0;13,0;27,0;0,49;1,0
2025-10-09 17:30:19.768;d_shape;25223,25;25224,0;-0,75;-0,0029733587059942914;104,0;56,0;1,8571428571428572;16;94,0;22,0;24,0;7,0;0,9038461538461539;0,39285714285714285
2025-10-09 17:30:23.268;p_shape;25225,25;25224,5;0,75;0,002973299768082618;68,0;87,0;0,7816091954022989;12;64,0;64,0;20,0;21,0;0,9411764705882353;0,735632183908046
2025-10-09 17:30:23.768;p_shape;25225,75;25225,25;0,5;0,00198214091039732;68,0;82,0;0,8292682926829268;13;67,0;59,0;20,0;20,0;0,9852941176470589;0,7195121951219512
2025-10-09 17:30:51.768;p_shape;25226,5;25225,25;1,25;0,0049553522759933;28,0;41,0;0,6829268292682927;11;17,0;30,0;7,0;25,0;0,6071428571428571;0,7317073170731707
2025-10-09 17:30:52.268;p_shape;25228,0;25226,5;1,5;0,005946128079598835;33,0;37,0;0,8918918918918919;12;21,0;26,0;11,0;25,0;0,6363636363636364;0,7027027027027027
2025-10-09 17:31:33.268;d_shape;25222,75;25223,75;-1,0;-0,003964517567768473;45,0;111,0;0,40540540540540543;10;35,0;86,0;20,0;30,0;0,7777777777777778;0,7747747747747747
2025-10-09 17:31:34.268;p_shape;25224,0;25222,75;1,25;0,004955843434994202;42,0;121,0;0,34710743801652894;10;41,0;96,0;21,0;28,0;0,9761904761904762;0,7933884297520661
2025-10-09 17:31:35.768;p_shape;25224,25;25223,5;0,75;0,0029734176462425915;73,0;130,0;0,5615384615384615;11;41,0;105,0;21,0;29,0;0,5616438356164384;0,8076923076923077
2025-10-09 17:31:55.768;d_shape;25220,0;25220,25;-0,25;-0,0009912669382738078;209,0;163,0;1,2822085889570551;17;209,0;149,0;37,0;28,0;1,0;0,9141104294478528
2025-10-09 17:32:01.768;p_shape;25222,5;25221,0;1,5;0,005947424765076721;42,0;48,0;0,875;11;34,0;35,0;12,0;20,0;0,8095238095238095;0,7291666666666666
2025-10-09 17:33:36.268;d_shape;25218,0;25220,25;-2,25;-0,00892140244446427;112,0;104,0;1,0769230769230769;22;85,0;66,0;26,0;17,0;0,7589285714285714;0,6346153846153846
2025-10-09 17:34:25.768;d_shape;25218,0;25218,5;-0,5;-0,0019826714515137696;37,0;28,0;1,3214285714285714;10;34,0;25,0;20,0;13,0;0,918918918918919;0,8928571428571429
2025-10-09 17:34:45.768;d_shape;25204,75;25205,25;-0,5;-0,0019837137104373095;80,0;137,0;0,583941605839416;19;79,0;34,0;26,0;13,0;0,9875;0,24817518248175183
2025-10-09 17:34:46.268;d_shape;25204,5;25204,75;-0,25;-0,000991876531209395;85,0;146,0;0,5821917808219178;18;81,0;28,0;27,0;13,0;0,9529411764705882;0,1917808219178082
2025-10-09 17:34:50.768;p_shape;25209,0;25207,5;1,5;0,005950609937518596;177,0;100,0;1,77;22;88,0;79,0;15,0;23,0;0,4971751412429379;0,79
2025-10-09 17:34:52.268;p_shape;25208,75;25208,5;0,25;0,0009917289803042623;160,0;110,0;1,4545454545454546;18;128,0;79,0;43,0;20,0;0,8;0,7181818181818181
2025-10-09 17:35:11.268;d_shape;25202,5;25204,75;-2,25;-0,008926888780884556;45,0;141,0;0,3191489361702128;21;45,0;92,0;22,0;29,0;1,0;0,6524822695035462
2025-10-09 17:35:14.268;d_shape;25199,25;25200,5;-1,25;-0,004960219043272951;109,0;269,0;0,4052044609665427;29;102,0;89,0;20,0;26,0;0,9357798165137615;0,3308550185873606
2025-10-09 17:35:14.768;d_shape;25198,75;25199,25;-0,5;-0,001984186037282856;150,0;262,0;0,5725190839694656;31;143,0;121,0;21,0;31,0;0,9533333333333334;0,4618320610687023
2025-10-09 17:35:28.268;p_shape;25202,5;25202,0;0,5;0,001983969526228077;59,0;80,0;0,7375;12;45,0;69,0;14,0;21,0;0,7627118644067796;0,8625
2025-10-09 17:35:53.768;d_shape;25203,5;25206,25;-2,75;-0,010909992561368707;97,0;114,0;0,8508771929824561;31;88,0;56,0;23,0;16,0;0,9072164948453608;0,49122807017543857
2025-10-09 17:36:16.768;p_shape;25215,5;25215,25;0,25;0,0009914634992712742;61,0;96,0;0,6354166666666666;14;27,0;75,0;13,0;20,0;0,4426229508196721;0,78125
2025-10-09 17:36:59.268;p_shape;25218,25;25217,75;0,5;0,0019827304180587086;104,0;81,0;1,2839506172839505;18;41,0;80,0;12,0;28,0;0,3942307692307692;0,9876543209876543
2025-10-09 17:37:05.768;p_shape;25221,5;25221,0;0,5;0,0019824749216922405;122,0;69,0;1,7681159420289856;20;55,0;52,0;19,0;26,0;0,45081967213114754;0,7536231884057971
2025-10-09 17:37:06.268;p_shape;25222,0;25221,5;0,5;0,0019824356204032278;126,0;84,0;1,5;21;73,0;84,0;18,0;37,0;0,5793650793650794;1,0
2025-10-09 17:37:07.768;p_shape;25221,5;25221,25;0,25;0,0009912276354264757;93,0;100,0;0,93;12;40,0;100,0;15,0;49,0;0,43010752688172044;1,0
2025-10-09 17:37:12.268;p_shape;25222,75;25221,75;1,0;0,003964831940686114;103,0;94,0;1,0957446808510638;13;59,0;70,0;14,0;30,0;0,5728155339805825;0,7446808510638298
2025-10-09 17:37:13.268;p_shape;25223,25;25222,75;0,5;0,0019823373739976807;100,0;105,0;0,9523809523809523;15;51,0;92,0;14,0;30,0;0,51;0,8761904761904762
2025-10-09 17:37:14.268;p_shape;25223,5;25223,0;0,5;0,001982317725885105;98,0;140,0;0,7;15;48,0;107,0;14,0;35,0;0,4897959183673469;0,7642857142857142
2025-10-09 17:37:15.268;p_shape;25223,75;25223,25;0,5;0,0019822980781620133;95,0;147,0;0,6462585034013606;14;56,0;110,0;17,0;35,0;0,5894736842105263;0,7482993197278912
2025-10-09 17:37:16.268;p_shape;25224,0;25223,75;0,25;0,0009911293919421182;79,0;145,0;0,5448275862068965;14;42,0;108,0;13,0;35,0;0,5316455696202531;0,7448275862068966
2025-10-09 17:37:56.268;d_shape;25223,75;25224,25;-0,5;-0,0019822194911642567;71,0;45,0;1,5777777777777777;10;71,0;22,0;29,0;10,0;1,0;0,4888888888888889
2025-10-09 17:38:31.268;p_shape;25234,75;25233,5;1,25;0,004953732141795629;132,0;87,0;1,5172413793103448;12;82,0;67,0;24,0;29,0;0,6212121212121212;0,7701149425287356
2025-10-09 17:38:35.268;p_shape;25235,25;25235,0;0,25;0,0009906875371507827;96,0;91,0;1,054945054945055;13;50,0;76,0;22,0;20,0;0,5208333333333334;0,8351648351648352
2025-10-09 17:38:36.268;d_shape;25233,5;25234,25;-0,75;-0,002972150945639359;93,0;99,0;0,9393939393939394;10;84,0;71,0;37,0;21,0;0,9032258064516129;0,7171717171717171
2025-10-09 17:40:09.268;d_shape;25222,5;25224,0;-1,5;-0,005946717411988583;66,0;81,0;0,8148148148148148;15;52,0;60,0;27,0;18,0;0,7878787878787878;0,7407407407407407
2025-10-09 17:40:12.268;d_shape;25221,0;25222,25;-1,25;-0,0049559416784783275;67,0;129,0;0,5193798449612403;21;57,0;104,0;23,0;23,0;0,8507462686567164;0,8062015503875969
2025-10-09 17:42:09.768;p_shape;25218,75;25216,25;2,5;0,009914241808357706;17,0;96,0;0,17708333333333334;12;16,0;69,0;6,0;54,0;0,9411764705882353;0,71875
2025-10-09 17:42:36.768;d_shape;25210,75;25212,0;-1,25;-0,004957956528637157;80,0;107,0;0,7476635514018691;26;76,0;58,0;49,0;22,0;0,95;0,5420560747663551
2025-10-09 17:42:37.268;d_shape;25210,25;25210,75;-0,5;-0,001983280941661791;93,0;112,0;0,8303571428571429;27;89,0;64,0;55,0;22,0;0,956989247311828;0,5714285714285714
2025-10-09 17:46:07.768;d_shape;25219,0;25219,75;-0,75;-0,002973859772598856;54,0;118,0;0,4576271186440678;13;46,0;74,0;21,0;39,0;0,8518518518518519;0,6271186440677966
2025-10-09 17:46:33.768;p_shape;25223,5;25222,75;0,75;0,002973506060996521;38,0;79,0;0,4810126582278481;16;19,0;67,0;5,0;29,0;0,5;0,8481012658227848
2025-10-09 17:46:34.768;p_shape;25223,5;25222,75;0,75;0,002973506060996521;53,0;89,0;0,5955056179775281;15;39,0;84,0;16,0;34,0;0,7358490566037735;0,9438202247191011
2025-10-09 17:47:01.768;d_shape;25228,5;25229,5;-1,0;-0,003963614023266414;93,0;104,0;0,8942307692307693;12;79,0;62,0;23,0;18,0;0,8494623655913979;0,5961538461538461
2025-10-09 17:47:50.268;p_shape;25224,5;25221,75;2,75;0,010903287836886814;128,0;96,0;1,3333333333333333;17;77,0;84,0;21,0;46,0;0,6015625;0,875
2025-10-09 17:47:50.768;p_shape;25224,75;25224,5;0,25;0,000991099922694206;134,0;93,0;1,4408602150537635;17;77,0;81,0;21,0;46,0;0,5746268656716418;0,8709677419354839
2025-10-09 17:47:51.268;p_shape;25225,0;25224,75;0,25;0,0009910901000009912;143,0;92,0;1,5543478260869565;17;77,0;80,0;21,0;46,0;0,5384615384615384;0,8695652173913043
2025-10-09 17:48:39.268;p_shape;25232,75;25231,5;1,25;0,00495412480431207;42,0;64,0;0,65625;15;35,0;54,0;11,0;23,0;0,8333333333333334;0,84375
2025-10-09 17:49:08.768;p_shape;25240,5;25238,0;2,5;0,009905697757350028;419,0;121,0;3,4628099173553717;37;157,0;95,0;22,0;21,0;0,3747016706443914;0,7851239669421488
2025-10-09 17:49:09.268;p_shape;25243,25;25240,5;2,75;0,010895188288663062;553,0;158,0;3,5;51;281,0;112,0;30,0;21,0;0,5081374321880651;0,7088607594936709
2025-10-09 17:49:10.268;p_shape;25243,25;25242,5;0,75;0,002971179558284639;623,0;228,0;2,732456140350877;47;297,0;166,0;30,0;32,0;0,4767255216693419;0,7280701754385965
2025-10-09 17:49:13.768;d_shape;25240,75;25241,75;-1,0;-0,00396169045331643;299,0;253,0;1,1818181818181819;26;216,0;177,0;36,0;38,0;0,7224080267558528;0,6996047430830039
2025-10-09 17:50:32.768;d_shape;25252,0;25253,0;-1,0;-0,003959925553399596;66,0;67,0;0,9850746268656716;14;55,0;44,0;22,0;15,0;0,8333333333333334;0,6567164179104478
2025-10-09 17:50:37.268;p_shape;25253,5;25253,25;0,25;0,0009899715878154297;63,0;55,0;1,1454545454545455;15;55,0;55,0;11,0;24,0;0,873015873015873;1,0
2025-10-09 17:50:38.268;p_shape;25253,75;25252,75;1,0;0,003959964756313669;66,0;54,0;1,2222222222222223;16;52,0;50,0;11,0;24,0;0,7878787878787878;0,9259259259259259
2025-10-09 17:50:39.268;p_shape;25254,0;25253,25;0,75;0,002969914763446289;26,0;51,0;0,5098039215686274;10;9,0;50,0;3,0;24,0;0,34615384615384615;0,9803921568627451
2025-10-09 17:51:01.768;p_shape;25255,5;25253,25;2,25;0,008909744290338868;49,0;135,0;0,362962962962963;15;32,0;117,0;12,0;23,0;0,6530612244897959;0,8666666666666667
2025-10-09 17:51:03.268;p_shape;25255,25;25255,0;0,25;0,0009899029895070284;51,0;139,0;0,3669064748201439;15;32,0;121,0;12,0;23,0;0,6274509803921569;0,8705035971223022
2025-10-09 17:51:04.268;p_shape;25255,5;25255,25;0,25;0,0009898931905247424;50,0;147,0;0,3401360544217687;15;32,0;129,0;12,0;28,0;0,64;0,8775510204081632
2025-10-09 17:52:02.768;p_shape;25260,0;25259,75;0,25;0,0009897168420115005;47,0;123,0;0,3821138211382114;18;25,0;100,0;10,0;33,0;0,5319148936170213;0,8130081300813008
2025-10-09 17:52:11.268;p_shape;25261,75;25261,5;0,25;0,0009896482790016428;207,0;62,0;3,338709677419355;13;148,0;60,0;89,0;22,0;0,714975845410628;0,967741935483871
2025-10-09 17:52:12.268;p_shape;25262,0;25261,75;0,25;0,000989638485061407;82,0;35,0;2,342857142857143;10;33,0;32,0;15,0;20,0;0,4024390243902439;0,9142857142857143
2025-10-09 17:52:51.768;p_shape;25261,25;25261,0;0,25;0,000989667867463679;53,0;90,0;0,5888888888888889;18;31,0;88,0;9,0;46,0;0,5849056603773585;0,9777777777777777
2025-10-09 17:52:59.768;d_shape;25258,5;25258,75;-0,25;-0,000989756025139803;30,0;85,0;0,35294117647058826;10;26,0;25,0;24,0;9,0;0,8666666666666667;0,29411764705882354
2025-10-09 17:53:00.268;d_shape;25258,25;25258,5;-0,25;-0,0009897658214066552;28,0;85,0;0,32941176470588235;10;27,0;25,0;24,0;9,0;0,9642857142857143;0,29411764705882354
2025-10-09 17:53:38.768;p_shape;25263,0;25262,5;0,5;0,0019792182088075212;129,0;53,0;2,4339622641509435;18;37,0;49,0;8,0;20,0;0,2868217054263566;0,9245283018867925
2025-10-09 17:53:39.268;p_shape;25263,5;25263,0;0,5;0,001979179036535645;118,0;49,0;2,4081632653061225;14;23,0;43,0;8,0;20,0;0,19491525423728814;0,8775510204081632
2025-10-09 17:53:51.268;p_shape;25264,0;25263,0;1,0;0,00395835807307129;31,0;94,0;0,32978723404255317;10;23,0;72,0;9,0;26,0;0,7419354838709677;0,7659574468085106
2025-10-09 17:53:52.768;p_shape;25264,0;25263,75;0,25;0,0009895601405175399;26,0;109,0;0,23853211009174313;10;17,0;89,0;7,0;23,0;0,6538461538461539;0,8165137614678899
2025-10-09 17:55:05.268;p_shape;25266,5;25266,0;0,5;0,0019789440354626773;54,0;52,0;1,0384615384615385;10;28,0;42,0;8,0;20,0;0,5185185185185185;0,8076923076923077
2025-10-09 17:55:07.768;d_shape;25264,5;25265,0;-0,5;-0,0019790223629527013;43,0;140,0;0,30714285714285716;11;38,0;115,0;21,0;32,0;0,8837209302325582;0,8214285714285714
2025-10-09 17:55:53.768;p_shape;25269,5;25269,25;0,25;0,0009893447569674606;128,0;60,0;2,1333333333333333;16;35,0;48,0;9,0;27,0;0,2734375;0,8
2025-10-09 17:56:03.768;d_shape;25264,5;25265,5;-1,0;-0,003957966396865291;75,0;32,0;2,34375;14;54,0;20,0;22,0;7,0;0,72;0,625
2025-10-09 17:58:03.768;p_shape;25271,75;25271,5;0,25;0,0009892566725362563;129,0;52,0;2,480769230769231;10;66,0;39,0;17,0;26,0;0,5116279069767442;0,75
2025-10-09 17:58:04.268;p_shape;25273,25;25271,75;1,5;0,005935481318072552;129,0;79,0;1,6329113924050633;14;101,0;64,0;25,0;27,0;0,7829457364341085;0,810126582278481
2025-10-09 17:58:20.268;p_shape;25274,25;25273,5;0,75;0,002967535165291709;51,0;84,0;0,6071428571428571;10;29,0;71,0;10,0;29,0;0,5686274509803921;0,8452380952380952
2025-10-09 17:58:21.268;p_shape;25274,0;25273,75;0,25;0,0009891686037885156;69,0;93,0;0,7419354838709677;10;30,0;84,0;10,0;32,0;0,43478260869565216;0,9032258064516129
2025-10-09 17:58:21.768;p_shape;25274,25;25274,0;0,25;0,000989158819340033;67,0;103,0;0,6504854368932039;10;28,0;100,0;8,0;34,0;0,417910447761194;0,970873786407767
2025-10-09 17:58:23.268;p_shape;25274,0;25273,5;0,5;0,0019783567768611393;69,0;120,0;0,575;10;17,0;120,0;8,0;43,0;0,2463768115942029;1,0
2025-10-09 17:59:47.268;d_shape;25266,5;25267,25;-0,75;-0,0029682692022281808;60,0;82,0;0,7317073170731707;13;50,0;62,0;20,0;16,0;0,8333333333333334;0,7560975609756098
2025-10-09 17:59:47.768;d_shape;25266,25;25266,5;-0,25;-0,0009894524370213525;62,0;84,0;0,7380952380952381;13;52,0;59,0;20,0;16,0;0,8387096774193549;0,7023809523809523
2025-10-09 17:59:48.768;d_shape;25266,0;25266,25;-0,25;-0,0009894622272794737;63,0;84,0;0,75;13;53,0;55,0;20,0;16,0;0,8412698412698413;0,6547619047619048
2025-10-09 18:00:04.768;p_shape;25267,0;25266,25;0,75;0,0029683866818384207;93,0;61,0;1,5245901639344261;18;42,0;59,0;11,0;25,0;0,45161290322580644;0,9672131147540983
2025-10-09 18:00:05.268;p_shape;25268,0;25267,0;1,0;0,003957731428345273;77,0;60,0;1,2833333333333334;17;49,0;49,0;11,0;25,0;0,6363636363636364;0,8166666666666667
2025-10-09 18:00:05.768;p_shape;25268,5;25268,0;0,5;0,0019787873990818427;61,0;43,0;1,4186046511627908;13;47,0;41,0;11,0;25,0;0,7704918032786885;0,9534883720930233
2025-10-09 18:00:35.268;p_shape;25271,25;25270,5;0,75;0,0029678874577076034;57,0;69,0;0,8260869565217391;12;33,0;67,0;15,0;25,0;0,5789473684210527;0,9710144927536232
2025-10-09 18:02:33.768;d_shape;25260,0;25260,25;-0,25;-0,0009896972516107324;57,0;95,0;0,6;15;42,0;47,0;38,0;10,0;0,7368421052631579;0,49473684210526314
2025-10-09 18:03:47.268;p_shape;25268,25;25268,0;0,25;0,0009893936995409214;59,0;76,0;0,7763157894736842;14;48,0;64,0;16,0;24,0;0,8135593220338984;0,8421052631578947
2025-10-09 18:03:48.268;p_shape;25268,5;25268,0;0,5;0,0019787873990818427;31,0;76,0;0,40789473684210525;13;21,0;66,0;6,0;24,0;0,6774193548387096;0,868421052631579
2025-10-09 18:03:49.268;p_shape;25268,25;25268,0;0,25;0,0009893936995409214;41,0;74,0;0,5540540540540541;13;21,0;67,0;6,0;24,0;0,5121951219512195;0,9054054054054054
2025-10-09 18:03:50.268;p_shape;25268,5;25268,25;0,25;0,000989383910638845;48,0;76,0;0,631578947368421;13;21,0;76,0;6,0;24,0;0,4375;1,0
2025-10-09 18:13:56.768;d_shape;25267,0;25267,25;-0,25;-0,0009894230674093935;67,0;88,0;0,7613636363636364;17;67,0;41,0;24,0;19,0;1,0;0,4659090909090909
2025-10-09 18:13:57.268;d_shape;25266,5;25267,0;-0,5;-0,0019788657141726366;67,0;93,0;0,7204301075268817;17;67,0;41,0;24,0;19,0;1,0;0,44086021505376344
2025-10-09 18:13:58.268;d_shape;25266,75;25267,0;-0,25;-0,0009894328570863183;76,0;96,0;0,7916666666666666;15;76,0;41,0;24,0;19,0;1,0;0,4270833333333333
2025-10-09 18:19:03.268;d_shape;25271,25;25272,0;-0,75;-0,0029677113010446346;45,0;67,0;0,6716417910447762;10;39,0;38,0;25,0;15,0;0,8666666666666667;0,5671641791044776
2025-10-09 18:19:03.768;d_shape;25271,0;25271,25;-0,25;-0,0009892664589207104;37,0;65,0;0,5692307692307692;10;31,0;38,0;25,0;15,0;0,8378378378378378;0,5846153846153846
2025-10-09 18:19:58.768;d_shape;25258,75;25259,25;-0,5;-0,0019794728663756842;35,0;75,0;0,4666666666666667;14;32,0;35,0;20,0;10,0;0,9142857142857143;0,4666666666666667
2025-10-09 18:20:20.768;d_shape;25256,0;25257,25;-1,25;-0,004949074028249315;48,0;63,0;0,7619047619047619;10;39,0;41,0;22,0;13,0;0,8125;0,6507936507936508
2025-10-09 18:22:43.268;p_shape;25239,25;25239,0;0,25;0,0009905305281508775;32,0;41,0;0,7804878048780488;11;13,0;41,0;4,0;22,0;0,40625;1,0
2025-10-09 18:23:12.268;p_shape;25242,75;25242,0;0,75;0,0029712384121701923;64,0;51,0;1,2549019607843137;19;33,0;46,0;8,0;24,0;0,515625;0,9019607843137255
2025-10-09 18:23:13.268;p_shape;25243,25;25242,5;0,75;0,002971179558284639;55,0;53,0;1,0377358490566038;18;27,0;53,0;12,0;24,0;0,4909090909090909;1,0
2025-10-09 18:23:30.768;d_shape;25244,0;25244,75;-0,75;-0,0029709147446498776;24,0;34,0;0,7058823529411765;10;23,0;21,0;20,0;10,0;0,9583333333333334;0,6176470588235294
2025-10-09 18:24:24.268;p_shape;25253,25;25252,75;0,5;0,0019799823781568343;51,0;80,0;0,6375;13;19,0;73,0;9,0;24,0;0,37254901960784315;0,9125
2025-10-09 18:24:26.268;p_shape;25254,0;25253,5;0,5;0,001979923574950007;50,0;94,0;0,5319148936170213;10;33,0;81,0;22,0;24,0;0,66;0,8617021276595744
2025-10-09 18:25:06.268;p_shape;25257,25;25257,0;0,25;0,0009898246030803342;24,0;75,0;0,32;13;21,0;53,0;6,0;20,0;0,875;0,7066666666666667
2025-10-09 18:25:09.268;p_shape;25257,5;25257,25;0,25;0,000989814805649863;21,0;75,0;0,28;11;14,0;75,0;6,0;27,0;0,6666666666666666;1,0
2025-10-09 18:25:59.268;d_shape;25246,5;25256,0;-9,5;-0,03761482420019006;262,0;205,0;1,278048780487805;48;247,0;178,0;29,0;25,0;0,9427480916030534;0,8682926829268293
2025-10-09 18:26:01.768;p_shape;25256,0;25249,75;6,25;0,024752720323963605;487,0;333,0;1,4624624624624625;50;367,0;240,0;31,0;26,0;0,7535934291581109;0,7207207207207207
2025-10-09 18:26:03.268;p_shape;25255,25;25255,0;0,25;0,0009899029895070284;486,0;400,0;1,215;50;367,0;307,0;31,0;42,0;0,7551440329218106;0,7675
2025-10-09 18:26:04.268;p_shape;25255,0;25254,0;1,0;0,003959768749505029;293,0;236,0;1,2415254237288136;49;168,0;182,0;13,0;42,0;0,5733788395904437;0,7711864406779662
2025-10-09 18:26:04.768;p_shape;25255,5;25255,0;0,5;0,0019798059790140567;210,0;238,0;0,8823529411764706;41;106,0;184,0;8,0;42,0;0,5047619047619047;0,773109243697479
2025-10-09 18:28:03.768;p_shape;25262,75;25262,25;0,5;0,0019792377955249432;38,0;95,0;0,4;16;23,0;79,0;8,0;20,0;0,6052631578947368;0,8315789473684211
2025-10-09 18:34:11.268;p_shape;25258,0;25257,25;0,75;0,002969444416949589;38,0;77,0;0,4935064935064935;13;21,0;70,0;8,0;33,0;0,5526315789473685;0,9090909090909091
2025-10-09 18:34:11.768;p_shape;25258,75;25258,0;0,75;0,0029693562435663947;35,0;82,0;0,4268292682926829;15;18,0;77,0;4,0;33,0;0,5142857142857142;0,9390243902439024
2025-10-09 18:34:12.268;p_shape;25259,0;25258,75;0,25;0,000989756025139803;35,0;87,0;0,40229885057471265;15;18,0;82,0;4,0;33,0;0,5142857142857142;0,9425287356321839
2025-10-09 18:34:13.268;p_shape;25259,25;25259,0;0,25;0,0009897462290668672;44,0;89,0;0,4943820224719101;17;26,0;73,0;8,0;33,0;0,5909090909090909;0,8202247191011236
2025-10-09 18:35:53.268;d_shape;25251,0;25251,25;-0,25;-0,000990049997524875;56,0;105,0;0,5333333333333333;23;48,0;60,0;21,0;17,0;0,8571428571428571;0,5714285714285714
2025-10-09 18:35:53.768;d_shape;25250,5;25251,0;-0,5;-0,0019801195992237932;55,0;112,0;0,49107142857142855;22;48,0;60,0;21,0;17,0;0,8727272727272727;0,5357142857142857
2025-10-09 18:35:54.768;d_shape;25250,75;25251,0;-0,25;-0,0009900597996118966;50,0;112,0;0,44642857142857145;20;45,0;59,0;21,0;17,0;0,9;0,5267857142857143
2025-10-09 18:35:55.268;d_shape;25250,5;25250,75;-0,25;-0,0009900696018930132;58,0;94,0;0,6170212765957447;17;52,0;52,0;21,0;17,0;0,896551724137931;0,5531914893617021
2025-10-09 18:35:55.768;d_shape;25250,25;25250,5;-0,25;-0,0009900794043682304;70,0;60,0;1,1666666666666667;13;69,0;31,0;23,0;8,0;0,9857142857142858;0,5166666666666667
2025-10-09 18:40:21.768;d_shape;25245,5;25246,75;-1,25;-0,00495113232396249;60,0;20,0;3,0;10;45,0;18,0;21,0;5,0;0,75;0,9
2025-10-09 18:40:35.768;d_shape;25238,75;25239,25;-0,5;-0,001981041433481581;164,0;126,0;1,3015873015873016;20;154,0;69,0;78,0;20,0;0,9390243902439024;0,5476190476190477
2025-10-09 18:40:36.768;d_shape;25238,75;25239,0;-0,25;-0,0009905305281508775;223,0;120,0;1,8583333333333334;18;213,0;43,0;137,0;13,0;0,9551569506726457;0,35833333333333334
2025-10-09 18:40:37.268;d_shape;25237,75;25238,75;-1,0;-0,003962161359021346;220,0;135,0;1,6296296296296295;20;214,0;50,0;137,0;20,0;0,9727272727272728;0,37037037037037035
2025-10-09 18:40:37.768;d_shape;25237,5;25237,75;-0,25;-0,0009905795881170072;214,0;135,0;1,5851851851851853;20;214,0;60,0;137,0;20,0;1,0;0,4444444444444444
2025-10-09 18:40:38.268;d_shape;25237,25;25237,5;-0,25;-0,0009905894006934127;224,0;173,0;1,2947976878612717;23;210,0;87,0;137,0;20,0;0,9375;0,5028901734104047
2025-10-09 18:41:14.268;d_shape;25228,25;25229,75;-1,5;-0,00594536212209792;74,0;215,0;0,34418604651162793;30;62,0;109,0;32,0;21,0;0,8378378378378378;0,5069767441860465
2025-10-09 18:41:14.768;d_shape;25227,25;25228,25;-1,0;-0,003963810410948045;104,0;240,0;0,43333333333333335;35;94,0;144,0;32,0;21,0;0,9038461538461539;0,6
2025-10-09 18:41:15.268;d_shape;25227,0;25227,25;-0,25;-0,0009909918837764718;119,0;244,0;0,48770491803278687;35;110,0;143,0;32,0;21,0;0,9243697478991597;0,5860655737704918
2025-10-09 18:41:16.268;d_shape;25228,0;25229,25;-1,25;-0,004954566624057393;136,0;216,0;0,6296296296296297;32;128,0;106,0;32,0;19,0;0,9411764705882353;0,49074074074074076
2025-10-09 18:41:23.768;p_shape;25232,0;25231,25;0,75;0,002972504334902155;58,0;206,0;0,2815533980582524;10;49,0;180,0;26,0;105,0;0,8448275862068966;0,8737864077669902
2025-10-09 18:41:29.768;d_shape;25227,0;25227,5;-0,5;-0,001981964126449311;67,0;93,0;0,7204301075268817;14;67,0;33,0;31,0;9,0;1,0;0,3548387096774194
2025-10-09 18:41:30.268;d_shape;25226,75;25227,0;-0,25;-0,0009910017045229318;79,0;89,0;0,8876404494382022;12;79,0;48,0;34,0;23,0;1,0;0,5393258426966292
2025-10-09 18:41:36.268;d_shape;25223,75;25224,75;-1,0;-0,003964360400003965;127,0;149,0;0,8523489932885906;23;111,0;84,0;24,0;12,0;0,8740157480314961;0,5637583892617449
2025-10-09 18:41:37.268;d_shape;25223,0;25224,0;-1,0;-0,003964478274659055;129,0;124,0;1,0403225806451613;20;116,0;61,0;24,0;11,0;0,8992248062015504;0,49193548387096775
2025-10-09 18:41:46.768;d_shape;25220,0;25221,0;-1,0;-0,003964949843384481;88,0;110,0;0,8;20;78,0;48,0;22,0;11,0;0,8863636363636364;0,43636363636363634
2025-10-09 18:41:47.268;d_shape;25219,75;25220,0;-0,25;-0,0009912767644726407;82,0;106,0;0,7735849056603774;18;82,0;45,0;24,0;11,0;1,0;0,42452830188679247
2025-10-09 18:41:52.268;p_shape;25223,25;25221,75;1,5;0,0059472479110291715;54,0;176,0;0,3068181818181818;16;11,0;129,0;5,0;107,0;0,2037037037037037;0,7329545454545454
2025-10-09 18:41:53.268;p_shape;25223,5;25223,25;0,25;0,0009911490390810066;57,0;161,0;0,35403726708074534;16;9,0;141,0;3,0;115,0;0,15789473684210525;0,8757763975155279
2025-10-09 18:41:54.268;p_shape;25223,75;25223,0;0,75;0,0029734765888276573;59,0;145,0;0,4068965517241379;13;13,0;136,0;7,0;115,0;0,22033898305084745;0,9379310344827586
2025-10-09 18:41:54.768;p_shape;25224,25;25223,75;0,5;0,0019822587838842364;57,0;155,0;0,36774193548387096;14;11,0;143,0;7,0;115,0;0,19298245614035087;0,9225806451612903
2025-10-09 18:41:55.768;p_shape;25223,75;25223,5;0,25;0,0009911392154141972;66,0;156,0;0,4230769230769231;13;51,0;147,0;36,0;115,0;0,7727272727272727;0,9423076923076923
2025-10-09 18:41:58.768;d_shape;25222,25;25222,75;-0,5;-0,0019823373739976807;64,0;97,0;0,6597938144329897;12;48,0;46,0;21,0;17,0;0,75;0,4742268041237113
2025-10-09 18:41:59.768;d_shape;25221,25;25222,5;-1,25;-0,004955892556249381;62,0;108,0;0,5740740740740741;14;45,0;48,0;21,0;17,0;0,7258064516129032;0,4444444444444444
2025-10-09 18:42:01.768;d_shape;25220,25;25220,5;-0,25;-0,0009912571122697807;63,0;141,0;0,44680851063829785;17;54,0;88,0;21,0;33,0;0,8571428571428571;0,624113475177305
2025-10-09 18:42:10.768;d_shape;25218,0;25222,5;-4,5;-0,01784121320249777;83,0;121,0;0,6859504132231405;27;74,0;55,0;32,0;14,0;0,891566265060241;0,45454545454545453
2025-10-09 18:42:38.768;d_shape;25224,75;25225,25;-0,5;-0,00198214091039732;56,0;107,0;0,5233644859813084;10;49,0;75,0;28,0;23,0;0,875;0,7009345794392523
2025-10-09 18:42:39.268;p_shape;25226,5;25224,75;1,75;0,006937630700006938;68,0;114,0;0,5964912280701754;10;61,0;82,0;33,0;28,0;0,8970588235294118;0,7192982456140351
2025-10-09 18:43:34.268;p_shape;25237,5;25237,25;0,25;0,0009905992134642244;83,0;71,0;1,1690140845070423;17;57,0;51,0;19,0;21,0;0,6867469879518072;0,7183098591549296
2025-10-09 18:43:35.268;p_shape;25237,75;25237,25;0,5;0,0019811984269284487;56,0;73,0;0,7671232876712328;15;27,0;59,0;9,0;25,0;0,48214285714285715;0,8082191780821918
2025-10-09 18:43:45.768;d_shape;25237,75;25238,0;-0,25;-0,0009905697757350029;86,0;60,0;1,4333333333333333;14;70,0;30,0;29,0;9,0;0,813953488372093;0,5
2025-10-09 18:43:47.268;d_shape;25238,5;25238,75;-0,25;-0,0009905403397553365;99,0;50,0;1,98;13;85,0;30,0;29,0;9,0;0,8585858585858586;0,6
2025-10-09 18:43:48.268;d_shape;25238,0;25238,5;-0,5;-0,0019811003031083465;116,0;57,0;2,0350877192982457;13;102,0;30,0;35,0;9,0;0,8793103448275862;0,5263157894736842
2025-10-09 18:45:13.268;p_shape;25243,0;25241,25;1,75;0,006933095627197544;46,0;41,0;1,1219512195121952;18;19,0;39,0;8,0;20,0;0,41304347826086957;0,9512195121951219
2025-10-09 18:45:29.768;p_shape;25252,75;25252,25;0,5;0,0019800215822352463;93,0;74,0;1,2567567567567568;15;38,0;69,0;8,0;22,0;0,40860215053763443;0,9324324324324325
2025-10-09 18:45:30.768;p_shape;25253,0;25252,75;0,25;0,0009899911890784172;72,0;91,0;0,7912087912087912;12;20,0;81,0;6,0;34,0;0,2777777777777778;0,8901098901098901
2025-10-09 18:46:02.768;d_shape;25249,0;25250,25;-1,25;-0,00495044603518777;65,0;35,0;1,8571428571428572;10;58,0;22,0;22,0;11,0;0,8923076923076924;0,6285714285714286
2025-10-09 18:46:05.268;d_shape;25248,0;25249,75;-1,75;-0,0069307616907098085;77,0;33,0;2,3333333333333335;11;55,0;27,0;26,0;13,0;0,7142857142857143;0,8181818181818182
2025-10-09 18:47:15.268;p_shape;25247,25;25246,5;0,75;0,0029707088111223337;50,0;63,0;0,7936507936507936;13;36,0;63,0;22,0;28,0;0,72;1,0
2025-10-09 18:47:29.268;p_shape;25253,5;25252,0;1,5;0,0059401235545699345;21,0;75,0;0,28;10;18,0;56,0;7,0;21,0;0,8571428571428571;0,7466666666666667
2025-10-09 18:47:29.768;p_shape;25253,75;25253,5;0,25;0,0009899617874750035;25,0;92,0;0,2717391304347826;12;18,0;67,0;7,0;21,0;0,72;0,7282608695652174
2025-10-09 18:47:30.768;p_shape;25253,5;25253,25;0,25;0,0009899715878154297;27,0;91,0;0,2967032967032967;12;15,0;71,0;7,0;21,0;0,5555555555555556;0,7802197802197802
2025-10-09 18:50:11.268;p_shape;25259,75;25259,0;0,75;0,002969238687200602;92,0;83,0;1,108433734939759;14;31,0;64,0;12,0;20,0;0,33695652173913043;0,7710843373493976
2025-10-09 18:51:19.268;d_shape;25250,25;25251,75;-1,5;-0,005940182363598562;43,0;44,0;0,9772727272727273;14;32,0;20,0;21,0;10,0;0,7441860465116279;0,45454545454545453
2025-10-09 18:51:21.768;d_shape;25250,25;25251,0;-0,75;-0,0029701793988356896;39,0;54,0;0,7222222222222222;13;35,0;37,0;21,0;14,0;0,8974358974358975;0,6851851851851852
2025-10-09 18:56:06.268;p_shape;25229,5;25229,0;0,5;0,0019818462880019025;71,0;68,0;1,0441176470588236;14;39,0;60,0;10,0;23,0;0,5492957746478874;0,8823529411764706
2025-10-09 18:56:17.268;d_shape;25223,75;25224,0;-0,25;-0,0009911195686647637;58,0;56,0;1,0357142857142858;18;50,0;27,0;29,0;10,0;0,8620689655172413;0,48214285714285715
2025-10-09 18:56:39.268;p_shape;25224,25;25223,0;1,25;0,004955794314712762;92,0;101,0;0,9108910891089109;13;46,0;101,0;11,0;36,0;0,5;1,0
2025-10-09 18:57:17.768;d_shape;25221,75;25224,0;-2,25;-0,008920076117982874;72,0;46,0;1,565217391304348;14;61,0;25,0;42,0;6,0;0,8472222222222222;0,5434782608695652
2025-10-09 18:57:19.268;d_shape;25222,25;25222,75;-0,5;-0,0019823373739976807;55,0;69,0;0,7971014492753623;14;50,0;17,0;37,0;6,0;0,9090909090909091;0,2463768115942029
2025-10-09 18:57:20.268;d_shape;25221,5;25223,0;-1,5;-0,0059469531776553146;59,0;106,0;0,5566037735849056;14;54,0;48,0;37,0;21,0;0,9152542372881356;0,4528301886792453
2025-10-09 18:57:47.768;d_shape;25212,5;25213,5;-1,0;-0,003966129256152458;76,0;261,0;0,29118773946360155;37;69,0;143,0;22,0;17,0;0,9078947368421053;0,5478927203065134
2025-10-09 18:57:54.268;d_shape;25211,5;25211,75;-0,25;-0,0009916011383581068;127,0;43,0;2,953488372093023;16;100,0;29,0;58,0;8,0;0,7874015748031497;0,6744186046511628
2025-10-09 18:57:56.768;d_shape;25210,5;25212,0;-1,5;-0,005949547834364588;124,0;62,0;2,0;12;96,0;46,0;58,0;28,0;0,7741935483870968;0,7419354838709677
2025-10-09 18:58:08.768;d_shape;25204,5;25205,75;-1,25;-0,0049591859000426486;143,0;268,0;0,5335820895522388;45;126,0;162,0;27,0;26,0;0,8811188811188811;0,6044776119402985
2025-10-09 18:58:09.768;d_shape;25204,25;25205,0;-0,75;-0,0029756000793493354;144,0;304,0;0,47368421052631576;43;123,0;166,0;28,0;26,0;0,8541666666666666;0,5460526315789473
2025-10-09 18:58:10.268;d_shape;25200,75;25204,25;-3,5;-0,013886546911731157;158,0;389,0;0,40616966580976865;42;131,0;188,0;28,0;26,0;0,8291139240506329;0,4832904884318766
2025-10-09 18:58:10.768;d_shape;25200,5;25200,75;-0,25;-0,0009920339672430383;208,0;346,0;0,6011560693641619;36;181,0;224,0;29,0;32,0;0,8701923076923077;0,6473988439306358
2025-10-09 18:58:11.268;d_shape;25200,0;25200,5;-0,5;-0,00198408761730918;229,0;395,0;0,579746835443038;36;165,0;210,0;37,0;32,0;0,7205240174672489;0,5316455696202531
2025-10-09 18:58:16.768;p_shape;25201,25;25200,75;0,5;0,0019840679344860766;205,0;271,0;0,7564575645756457;25;160,0;200,0;27,0;31,0;0,7804878048780488;0,7380073800738007
2025-10-09 18:58:27.768;p_shape;25203,5;25202,0;1,5;0,005951908578684231;162,0;130,0;1,2461538461538462;16;113,0;99,0;26,0;22,0;0,6975308641975309;0,7615384615384615
2025-10-09 18:58:28.268;p_shape;25203,75;25203,5;0,25;0,000991925724601742;154,0;116,0;1,3275862068965518;16;108,0;85,0;26,0;20,0;0,7012987012987013;0,7327586206896551
2025-10-09 18:58:38.268;p_shape;25205,25;25204,75;0,5;0,00198375306241879;51,0;87,0;0,5862068965517241;10;39,0;63,0;16,0;26,0;0,7647058823529411;0,7241379310344828
2025-10-09 18:58:42.768;d_shape;25204,25;25206,0;-1,75;-0,006942791398873284;63,0;82,0;0,7682926829268293;17;51,0;54,0;20,0;14,0;0,8095238095238095;0,6585365853658537
2025-10-09 18:59:04.268;p_shape;25200,5;25200,0;0,5;0,001984126984126984;103,0;90,0;1,1444444444444444;22;61,0;90,0;13,0;21,0;0,5922330097087378;1,0
2025-10-09 18:59:05.268;p_shape;25201,25;25200,0;1,25;0,00496031746031746;106,0;102,0;1,0392156862745099;21;54,0;102,0;12,0;36,0;0,5094339622641509;1,0
2025-10-09 18:59:29.768;p_shape;25209,25;25208,0;1,25;0,004958743256109171;49,0;76,0;0,6447368421052632;20;20,0;54,0;10,0;20,0;0,40816326530612246;0,7105263157894737
2025-10-09 18:59:52.768;d_shape;25205,75;25206,25;-0,5;-0,001983635011157947;39,0;84,0;0,4642857142857143;15;36,0;35,0;21,0;11,0;0,9230769230769231;0,4166666666666667
2025-10-09 18:59:53.768;d_shape;25205,0;25206,0;-1,0;-0,003967309370784734;39,0;78,0;0,5;15;33,0;45,0;22,0;10,0;0,8461538461538461;0,5769230769230769
2025-10-09 19:00:00.268;d_shape;25200,25;25203,75;-3,5;-0,013886822397460695;138,0;105,0;1,3142857142857143;27;118,0;102,0;39,0;15,0;0,855072463768116;0,9714285714285714
2025-10-09 19:00:02.768;d_shape;25199,25;25200,0;-0,75;-0,002976190476190476;171,0;105,0;1,6285714285714286;24;125,0;79,0;22,0;12,0;0,7309941520467836;0,7523809523809524
2025-10-09 19:00:13.768;p_shape;25209,75;25209,0;0,75;0,0029751279305010115;119,0;73,0;1,63013698630137;27;46,0;55,0;9,0;20,0;0,3865546218487395;0,7534246575342466
2025-10-09 19:00:15.268;p_shape;25209,5;25208,5;1,0;0,003966915921217049;120,0;100,0;1,2;30;39,0;86,0;7,0;23,0;0,325;0,86
2025-10-09 19:00:15.768;p_shape;25210,0;25209,5;0,5;0,001983379281620024;107,0;95,0;1,1263157894736842;24;41,0;94,0;10,0;25,0;0,38317757009345793;0,9894736842105263
2025-10-09 19:00:16.268;p_shape;25210,5;25210,0;0,5;0,0019833399444664813;101,0;97,0;1,041237113402062;23;36,0;97,0;10,0;25,0;0,3564356435643564;1,0
2025-10-09 19:00:16.768;p_shape;25211,0;25210,5;0,5;0,0019833006088732868;89,0;101,0;0,8811881188118812;14;70,0;79,0;15,0;25,0;0,7865168539325843;0,7821782178217822
2025-10-09 19:00:20.768;p_shape;25213,75;25213,5;0,25;0,0009915323140381146;100,0;68,0;1,4705882352941178;24;27,0;48,0;9,0;22,0;0,27;0,7058823529411765
2025-10-09 19:00:22.768;p_shape;25214,25;25213,0;1,25;0,0049577598857732125;104,0;82,0;1,2682926829268293;18;44,0;60,0;12,0;22,0;0,4230769230769231;0,7317073170731707
2025-10-09 19:02:17.768;p_shape;25217,75;25216,5;1,25;0,004957071758570777;24,0;52,0;0,46153846153846156;20;18,0;52,0;5,0;36,0;0,75;1,0
2025-10-09 19:02:20.768;p_shape;25218,0;25215,0;3,0;0,01189767995240928;27,0;64,0;0,421875;19;16,0;56,0;4,0;38,0;0,5925925925925926;0,875
2025-10-09 19:03:03.268;d_shape;25197,25;25198,5;-1,25;-0,004960612734885014;220,0;365,0;0,6027397260273972;55;215,0;264,0;44,0;37,0;0,9772727272727273;0,7232876712328767
2025-10-09 19:03:07.268;p_shape;25201,0;25200,25;0,75;0,002976160950784218;420,0;242,0;1,7355371900826446;37;280,0;191,0;49,0;29,0;0,6666666666666666;0,7892561983471075
2025-10-09 19:03:08.268;p_shape;25202,5;25201,0;1,5;0,00595214475616047;250,0;100,0;2,5;27;142,0;100,0;27,0;24,0;0,568;1,0
2025-10-09 19:03:08.768;p_shape;25203,5;25202,5;1,0;0,003967860331316338;209,0;106,0;1,971698113207547;26;144,0;97,0;35,0;24,0;0,6889952153110048;0,9150943396226415
2025-10-09 19:03:20.268;p_shape;25207,75;25206,75;1,0;0,003967191327719758;43,0;88,0;0,48863636363636365;17;22,0;62,0;7,0;25,0;0,5116279069767442;0,7045454545454546
2025-10-09 19:03:29.768;d_shape;25210,75;25212,0;-1,25;-0,004957956528637157;135,0;58,0;2,3275862068965516;10;124,0;48,0;68,0;17,0;0,9185185185185185;0,8275862068965517
2025-10-09 19:03:56.768;p_shape;25200,0;25198,75;1,25;0,0049605635200158735;54,0;93,0;0,5806451612903226;13;28,0;92,0;10,0;26,0;0,5185185185185185;0,989247311827957
2025-10-09 19:03:57.268;p_shape;25201,0;25200,0;1,0;0,003968253968253968;67,0;102,0;0,6568627450980392;17;39,0;74,0;8,0;26,0;0,582089552238806;0,7254901960784313
2025-10-09 19:04:01.268;p_shape;25201,25;25201,0;0,25;0,000992024126026745;60,0;59,0;1,0169491525423728;11;41,0;59,0;18,0;20,0;0,6833333333333333;1,0
2025-10-09 19:04:50.268;p_shape;25210,25;25209,25;1,0;0,00396679790156391;27,0;76,0;0,35526315789473684;12;16,0;62,0;6,0;24,0;0,5925925925925926;0,8157894736842105
2025-10-09 19:05:11.768;d_shape;25211,0;25211,75;-0,75;-0,0029748034150743207;61,0;40,0;1,525;13;59,0;34,0;38,0;10,0;0,9672131147540983;0,85
2025-10-09 19:05:12.768;d_shape;25210,75;25211,0;-0,25;-0,0009916306374201738;68,0;34,0;2,0;12;68,0;26,0;43,0;10,0;1,0;0,7647058823529411
2025-10-09 19:05:30.768;d_shape;25200,5;25201,0;-0,5;-0,00198404825205349;62,0;74,0;0,8378378378378378;28;44,0;37,0;20,0;10,0;0,7096774193548387;0,5
2025-10-09 19:05:31.268;d_shape;25200,0;25200,5;-0,5;-0,00198408761730918;74,0;82,0;0,9024390243902439;28;58,0;37,0;20,0;10,0;0,7837837837837838;0,45121951219512196
2025-10-09 19:05:31.768;d_shape;25199,75;25200,0;-0,25;-0,000992063492063492;88,0;68,0;1,2941176470588236;24;72,0;24,0;20,0;7,0;0,8181818181818182;0,35294117647058826
2025-10-09 19:05:33.268;d_shape;25198,75;25200,75;-2,0;-0,007936271737944306;74,0;85,0;0,8705882352941177;23;73,0;29,0;20,0;7,0;0,9864864864864865;0,3411764705882353
2025-10-09 19:05:36.268;p_shape;25199,0;25197,5;1,5;0,0059529715249528724;285,0;202,0;1,4108910891089108;37;196,0;176,0;29,0;46,0;0,6877192982456141;0,8712871287128713
2025-10-09 19:05:38.268;p_shape;25198,75;25197,75;1,0;0,003968608308281493;286,0;210,0;1,361904761904762;35;188,0;186,0;29,0;47,0;0,6573426573426573;0,8857142857142857
2025-10-09 19:05:39.268;p_shape;25199,0;25198,25;0,75;0,0029763971704384233;134,0;110,0;1,2181818181818183;23;52,0;110,0;11,0;23,0;0,3880597014925373;1,0
2025-10-09 19:05:43.268;d_shape;25195,5;25196,0;-0,5;-0,0019844419749166535;95,0;100,0;0,95;22;70,0;61,0;23,0;12,0;0,7368421052631579;0,61
2025-10-09 19:05:43.768;d_shape;25195,0;25195,5;-0,5;-0,0019844813557976623;118,0;94,0;1,2553191489361701;27;88,0;66,0;23,0;12,0;0,7457627118644068;0,7021276595744681
2025-10-09 19:05:46.768;p_shape;25197,0;25196,5;0,5;0,0019844025955985953;99,0;93,0;1,064516129032258;16;53,0;93,0;15,0;22,0;0,5353535353535354;1,0
2025-10-09 19:05:47.768;p_shape;25197,0;25196,5;0,5;0,0019844025955985953;64,0;83,0;0,7710843373493976;15;37,0;83,0;9,0;22,0;0,578125;1,0
2025-10-09 19:06:19.768;p_shape;25211,5;25210,5;1,0;0,0039666012177465735;107,0;55,0;1,9454545454545455;21;49,0;43,0;22,0;20,0;0,45794392523364486;0,7818181818181819
2025-10-09 19:06:20.768;p_shape;25212,25;25211,25;1,0;0,003966483216817889;118,0;60,0;1,9666666666666666;21;49,0;50,0;22,0;20,0;0,4152542372881356;0,8333333333333334
2025-10-09 19:06:21.768;p_shape;25213,0;25212,25;0,75;0,002974744419875259;102,0;60,0;1,7;19;43,0;52,0;10,0;20,0;0,4215686274509804;0,8666666666666667
2025-10-09 19:06:22.268;p_shape;25213,25;25213,0;0,25;0,0009915519771546426;100,0;62,0;1,6129032258064515;18;41,0;51,0;10,0;20,0;0,41;0,8225806451612904
2025-10-09 19:08:28.768;d_shape;25213,75;25215,0;-1,25;-0,0049573666468372005;46,0;34,0;1,3529411764705883;11;43,0;26,0;24,0;8,0;0,9347826086956522;0,7647058823529411
2025-10-09 19:08:29.268;d_shape;25212,5;25213,75;-1,25;-0,004957612413861484;46,0;42,0;1,0952380952380953;16;34,0;33,0;24,0;8,0;0,7391304347826086;0,7857142857142857
2025-10-09 19:08:56.268;p_shape;25222,25;25222,0;0,25;0,0009911981603362143;61,0;81,0;0,7530864197530864;14;11,0;63,0;4,0;24,0;0,18032786885245902;0,7777777777777778
2025-10-09 19:09:12.268;p_shape;25225,75;25225,25;0,5;0,00198214091039732;54,0;103,0;0,5242718446601942;11;45,0;103,0;17,0;44,0;0,8333333333333334;1,0
2025-10-09 19:09:15.768;p_shape;25227,0;25226,25;0,75;0,0029730935037906945;52,0;81,0;0,6419753086419753;12;10,0;79,0;4,0;42,0;0,19230769230769232;0,9753086419753086
2025-10-09 19:09:26.768;d_shape;25229,25;25230,25;-1,0;-0,0039634961999980185;89,0;144,0;0,6180555555555556;20;89,0;65,0;31,0;15,0;1,0;0,4513888888888889
2025-10-09 19:09:37.268;p_shape;25228,75;25227,5;1,25;0,0049549103161232785;51,0;55,0;0,9272727272727272;10;28,0;49,0;9,0;22,0;0,5490196078431373;0,8909090909090909
2025-10-09 19:10:24.768;d_shape;25211,75;25212,25;-0,5;-0,001983162946583506;118,0;148,0;0,7972972972972973;32;86,0;50,0;20,0;7,0;0,7288135593220338;0,33783783783783783
2025-10-09 19:10:25.768;d_shape;25211,25;25213,0;-1,75;-0,006940863840082497;95,0;156,0;0,6089743589743589;29;81,0;47,0;20,0;7,0;0,8526315789473684;0,30128205128205127
2025-10-09 19:11:23.268;d_shape;25205,5;25206,5;-1,0;-0,0039672306746275764;54,0;50,0;1,08;15;43,0;40,0;20,0;18,0;0,7962962962962963;0,8
2025-10-09 19:14:21.768;p_shape;25199,0;25197,75;1,25;0,0049607603853518666;89,0;76,0;1,1710526315789473;22;22,0;54,0;5,0;31,0;0,24719101123595505;0,7105263157894737
2025-10-09 19:14:24.768;d_shape;25197,0;25198,25;-1,25;-0,004960661950730705;60,0;85,0;0,7058823529411765;13;59,0;80,0;46,0;35,0;0,9833333333333333;0,9411764705882353
2025-10-09 19:14:49.268;p_shape;25202,0;25201,25;0,75;0,002976042855017112;32,0;47,0;0,6808510638297872;11;25,0;47,0;9,0;20,0;0,78125;1,0
2025-10-09 19:15:04.768;p_shape;25206,0;25204,75;1,25;0,0049593826560469755;64,0;66,0;0,9696969696969697;21;39,0;54,0;8,0;24,0;0,609375;0,8181818181818182
2025-10-09 19:15:05.768;p_shape;25206,25;25204,75;1,5;0,0059512591872563705;66,0;94,0;0,7021276595744681;15;34,0;78,0;8,0;51,0;0,5151515151515151;0,8297872340425532
2025-10-09 19:15:07.268;p_shape;25206,75;25205,5;1,25;0,004959235087580092;67,0;96,0;0,6979166666666666;15;23,0;88,0;6,0;52,0;0,34328358208955223;0,9166666666666666
2025-10-09 19:15:08.268;p_shape;25206,25;25206,0;0,25;0,0009918273426961835;70,0;100,0;0,7;14;29,0;97,0;9,0;52,0;0,4142857142857143;0,97
2025-10-09 19:15:08.768;p_shape;25206,75;25206,25;0,5;0,001983635011157947;81,0;112,0;0,7232142857142857;12;51,0;110,0;20,0;52,0;0,6296296296296297;0,9821428571428571
2025-10-09 19:15:09.268;d_shape;25205,25;25206,75;-1,5;-0,0059507869915796366;76,0;117,0;0,6495726495726496;11;63,0;112,0;20,0;52,0;0,8289473684210527;0,9572649572649573
2025-10-09 19:15:30.268;d_shape;25197,25;25198,25;-1,0;-0,003968529560584564;33,0;26,0;1,2692307692307692;15;25,0;14,0;22,0;4,0;0,7575757575757576;0,5384615384615384
2025-10-09 19:15:31.768;d_shape;25197,25;25197,5;-0,25;-0,0009921619208254787;26,0;28,0;0,9285714285714286;14;25,0;13,0;22,0;4,0;0,9615384615384616;0,4642857142857143
2025-10-09 19:15:32.268;d_shape;25196,25;25197,25;-1,0;-0,003968687059103672;39,0;75,0;0,52;18;39,0;26,0;22,0;7,0;1,0;0,3466666666666667
2025-10-09 19:15:33.268;d_shape;25195,5;25196,5;-1,0;-0,003968805191197191;39,0;100,0;0,39;17;39,0;29,0;22,0;7,0;1,0;0,29
2025-10-09 19:17:54.768;d_shape;25185,25;25186,25;-1,0;-0,003970420368256489;65,0;76,0;0,8552631578947368;16;48,0;59,0;26,0;30,0;0,7384615384615385;0,7763157894736842
2025-10-09 19:17:55.268;d_shape;25184,75;25185,25;-0,5;-0,0019852890084474046;70,0;85,0;0,8235294117647058;16;53,0;57,0;26,0;30,0;0,7571428571428571;0,6705882352941176
2025-10-09 19:17:55.768;d_shape;25183,5;25184,75;-1,25;-0,004963321057385919;58,0;90,0;0,6444444444444445;20;49,0;48,0;26,0;21,0;0,8448275862068966;0,5333333333333333
2025-10-09 19:18:00.268;d_shape;25178,0;25179,0;-1,0;-0,003971563604591127;157,0;275,0;0,5709090909090909;29;149,0;72,0;40,0;10,0;0,9490445859872612;0,26181818181818184
2025-10-09 19:18:05.268;p_shape;25181,5;25180,5;1,0;0,003971327018923373;124,0;114,0;1,087719298245614;17;67,0;109,0;22,0;25,0;0,5403225806451613;0,956140350877193
2025-10-09 19:18:07.768;p_shape;25181,75;25180,0;1,75;0,006949960285941224;68,0;154,0;0,44155844155844154;10;41,0;117,0;25,0;33,0;0,6029411764705882;0,7597402597402597
2025-10-09 19:18:12.268;d_shape;25174,75;25176,0;-1,25;-0,004965046075627582;156,0;164,0;0,9512195121951219;35;113,0;76,0;21,0;17,0;0,7243589743589743;0,4634146341463415
2025-10-09 19:18:14.268;p_shape;25178,75;25176,75;2,0;0,007943837071901655;176,0;112,0;1,5714285714285714;20;116,0;98,0;22,0;23,0;0,6590909090909091;0,875
2025-10-09 19:18:15.268;p_shape;25179,25;25178,75;0,5;0,0019858015191381623;133,0;69,0;1,9275362318840579;22;103,0;54,0;20,0;20,0;0,7744360902255639;0,782608695652174
2025-10-09 19:20:14.768;p_shape;25197,0;25196,5;0,5;0,0019844025955985953;38,0;92,0;0,41304347826086957;15;31,0;73,0;10,0;21,0;0,8157894736842105;0,7934782608695652
2025-10-09 19:20:16.768;p_shape;25197,75;25196,25;1,5;0,005953266855186784;44,0;107,0;0,411214953271028;16;26,0;91,0;6,0;28,0;0,5909090909090909;0,8504672897196262
2025-10-09 19:20:17.268;p_shape;25199,25;25197,75;1,5;0,00595291246242224;46,0;96,0;0,4791666666666667;20;38,0;83,0;11,0;28,0;0,8260869565217391;0,8645833333333334
2025-10-09 19:20:19.768;p_shape;25203,25;25202,75;0,5;0,0019839104859588736;127,0;131,0;0,9694656488549618;29;52,0;103,0;12,0;30,0;0,4094488188976378;0,7862595419847328
2025-10-09 19:20:20.768;p_shape;25204,25;25203,0;1,25;0,004959727016625005;160,0;120,0;1,3333333333333333;28;59,0;110,0;12,0;31,0;0,36875;0,9166666666666666
2025-10-09 19:20:21.768;p_shape;25204,5;25204,0;0,5;0,0019838120933185206;183,0;144,0;1,2708333333333333;27;75,0;135,0;14,0;31,0;0,4098360655737705;0,9375
2025-10-09 19:20:22.768;p_shape;25205,0;25203,75;1,25;0,0049595794276645335;179,0;179,0;1,0;25;75,0;140,0;14,0;31,0;0,41899441340782123;0,7821229050279329
2025-10-09 19:20:25.268;d_shape;25203,25;25203,5;-0,25;-0,000991925724601742;114,0;120,0;0,95;11;90,0;109,0;25,0;25,0;0,7894736842105263;0,9083333333333333
2025-10-09 19:20:36.768;d_shape;25207,0;25207,5;-0,5;-0,0019835366458395317;45,0;61,0;0,7377049180327869;10;39,0;32,0;21,0;10,0;0,8666666666666667;0,5245901639344263
2025-10-09 19:21:07.268;d_shape;25207,5;25207,75;-0,25;-0,0009917584869732522;46,0;113,0;0,40707964601769914;29;46,0;50,0;21,0;9,0;1,0;0,4424778761061947
2025-10-09 19:21:49.268;d_shape;25191,75;25194,0;-2,25;-0,00893069778518695;69,0;64,0;1,078125;15;65,0;44,0;26,0;15,0;0,9420289855072463;0,6875
2025-10-09 19:26:28.268;p_shape;25183,0;25181,0;2,0;0,007942496326595449;58,0;73,0;0,7945205479452054;12;56,0;54,0;17,0;26,0;0,9655172413793104;0,7397260273972602
2025-10-09 19:26:28.768;p_shape;25183,25;25183,0;0,25;0,000992733193027042;58,0;75,0;0,7733333333333333;13;57,0;56,0;17,0;26,0;0,9827586206896551;0,7466666666666667
2025-10-09 19:26:33.268;d_shape;25180,75;25181,5;-0,75;-0,0029783769831026744;54,0;129,0;0,4186046511627907;18;52,0;101,0;34,0;21,0;0,9629629629629629;0,7829457364341085
2025-10-09 19:26:34.268;d_shape;25180,75;25181,5;-0,75;-0,0029783769831026744;55,0;130,0;0,4230769230769231;18;53,0;91,0;37,0;21,0;0,9636363636363636;0,7
2025-10-09 19:26:35.268;d_shape;25181,0;25181,25;-0,25;-0,0009928021841648052;56,0;126,0;0,4444444444444444;18;54,0;85,0;37,0;21,0;0,9642857142857143;0,6746031746031746
2025-10-09 19:26:36.768;d_shape;25181,0;25181,75;-0,75;-0,0029783474142980534;78,0;105,0;0,7428571428571429;16;77,0;57,0;46,0;15,0;0,9871794871794872;0,5428571428571428
2025-10-09 19:27:48.268;d_shape;25176,5;25176,75;-0,25;-0,000992979633987707;78,0;55,0;1,4181818181818182;10;67,0;48,0;27,0;21,0;0,8589743589743589;0,8727272727272727
2025-10-09 19:27:48.768;d_shape;25176,0;25176,5;-0,5;-0,001985978988342303;102,0;55,0;1,8545454545454545;11;92,0;55,0;51,0;21,0;0,9019607843137255;1,0
2025-10-09 19:28:27.768;d_shape;25176,5;25177,25;-0,75;-0,00297887974262479;60,0;43,0;1,3953488372093024;17;56,0;34,0;32,0;11,0;0,9333333333333333;0,7906976744186046
2025-10-09 19:28:29.268;d_shape;25176,75;25177,0;-0,25;-0,0009929697740000795;76,0;35,0;2,1714285714285713;14;69,0;21,0;45,0;9,0;0,9078947368421053;0,6
2025-10-09 19:29:16.268;d_shape;25174,5;25175,5;-1,0;-0,003972115747452881;192,0;403,0;0,47642679900744417;38;182,0;145,0;51,0;19,0;0,9479166666666666;0,3598014888337469
2025-10-09 19:29:16.768;d_shape;25174,0;25174,5;-0,5;-0,001986136765377664;187,0;403,0;0,4640198511166253;36;186,0;166,0;51,0;22,0;0,9946524064171123;0,4119106699751861
2025-10-09 19:29:17.768;d_shape;25171,5;25174,25;-2,75;-0,010923860690983842;343,0;601,0;0,5707154742096506;44;336,0;250,0;78,0;30,0;0,9795918367346939;0,415973377703827
2025-10-09 19:29:18.268;d_shape;25171,0;25171,5;-0,5;-0,001986373477941323;344,0;625,0;0,5504;44;337,0;250,0;78,0;30,0;0,9796511627906976;0,4
2025-10-09 19:29:18.768;d_shape;25170,25;25171,0;-0,75;-0,002979619403281554;410,0;625,0;0,656;46;403,0;254,0;88,0;30,0;0,9829268292682927;0,4064
2025-10-09 19:29:34.768;p_shape;25178,25;25177,75;0,5;0,0019858803904240848;44,0;64,0;0,6875;17;29,0;61,0;6,0;31,0;0,6590909090909091;0,953125
2025-10-09 19:30:07.768;p_shape;25176,75;25176,25;0,5;0,0019859987091008393;41,0;126,0;0,3253968253968254;12;18,0;102,0;5,0;41,0;0,43902439024390244;0,8095238095238095
2025-10-09 19:30:09.268;p_shape;25176,5;25176,25;0,25;0,0009929993545504197;38,0;111,0;0,34234234234234234;10;19,0;111,0;6,0;41,0;0,5;1,0
2025-10-09 19:30:17.268;d_shape;25170,5;25171,5;-1,0;-0,003972746955882646;65,0;133,0;0,48872180451127817;18;61,0;53,0;24,0;18,0;0,9384615384615385;0,39849624060150374
2025-10-09 19:30:22.768;d_shape;25164,25;25165,5;-1,25;-0,004967117680952097;102,0;291,0;0,35051546391752575;36;89,0;63,0;37,0;8,0;0,8725490196078431;0,21649484536082475
2025-10-09 19:30:23.268;d_shape;25163,25;25164,25;-1,0;-0,003973891532630617;159,0;308,0;0,5162337662337663;40;146,0;108,0;41,0;17,0;0,9182389937106918;0,35064935064935066
2025-10-09 19:30:24.268;d_shape;25163,5;25164,25;-0,75;-0,0029804186494729627;170,0;338,0;0,5029585798816568;36;156,0;116,0;41,0;17,0;0,9176470588235294;0,3431952662721893
2025-10-09 19:30:24.768;d_shape;25163,0;25163,5;-0,5;-0,0019870049873825183;185,0;345,0;0,5362318840579711;36;173,0;116,0;41,0;17,0;0,9351351351351351;0,336231884057971
2025-10-09 19:30:25.768;d_shape;25163,0;25163,25;-0,25;-0,0009935123642613732;207,0;311,0;0,6655948553054662;26;194,0;118,0;41,0;21,0;0,9371980676328503;0,37942122186495175
2025-10-09 19:30:27.268;d_shape;25162,75;25164,0;-1,25;-0,004967413765697027;157,0;192,0;0,8177083333333334;15;142,0;131,0;49,0;46,0;0,9044585987261147;0,6822916666666666
2025-10-09 19:30:27.768;p_shape;25164,5;25162,75;1,75;0,0069547247419300354;159,0;197,0;0,8071065989847716;12;106,0;152,0;49,0;49,0;0,6666666666666666;0,7715736040609137
2025-10-09 19:30:41.768;p_shape;25169,75;25169,0;0,75;0,0029798561722754182;74,0;167,0;0,4431137724550898;22;45,0;145,0;9,0;33,0;0,6081081081081081;0,8682634730538922
2025-10-09 19:31:14.768;p_shape;25182,5;25181,0;1,5;0,005956872244946587;51,0;85,0;0,6;18;34,0;76,0;12,0;39,0;0,6666666666666666;0,8941176470588236
2025-10-09 19:31:18.268;p_shape;25184,5;25184,0;0,5;0,0019853875476493013;53,0;41,0;1,2926829268292683;18;20,0;41,0;4,0;20,0;0,37735849056603776;1,0
2025-10-09 19:31:18.768;p_shape;25184,75;25184,5;0,25;0,0009926740653973675;62,0;47,0;1,3191489361702127;18;29,0;44,0;5,0;20,0;0,46774193548387094;0,9361702127659575
2025-10-09 19:31:19.768;p_shape;25185,25;25184,75;0,5;0,0019853284229543675;62,0;63,0;0,9841269841269841;14;38,0;60,0;13,0;20,0;0,6129032258064516;0,9523809523809523
2025-10-09 19:31:23.768;p_shape;25186,25;25185,0;1,25;0,004963271788763152;54,0;78,0;0,6923076923076923;13;46,0;73,0;17,0;20,0;0,8518518518518519;0,9358974358974359
2025-10-09 19:35:19.768;d_shape;25164,5;25165,0;-0,5;-0,0019868865487780644;129,0;102,0;1,2647058823529411;21;92,0;86,0;24,0;17,0;0,7131782945736435;0,8431372549019608
2025-10-09 19:35:41.768;d_shape;25161,75;25162,75;-1,0;-0,00397412842396002;103,0;54,0;1,9074074074074074;19;100,0;54,0;24,0;13,0;0,970873786407767;1,0
2025-10-09 19:36:21.268;p_shape;25169,75;25169,5;0,25;0,0009932656588331115;78,0;68,0;1,1470588235294117;18;26,0;52,0;9,0;31,0;0,3333333333333333;0,7647058823529411
2025-10-09 19:36:21.768;p_shape;25170,25;25169,75;0,5;0,0019865115863288273;80,0;62,0;1,2903225806451613;18;26,0;52,0;9,0;31,0;0,325;0,8387096774193549
2025-10-09 19:36:22.268;p_shape;25170,5;25170,25;0,25;0,000993236062414954;81,0;66,0;1,2272727272727273;19;33,0;61,0;9,0;31,0;0,4074074074074074;0,9242424242424242
2025-10-09 19:36:42.268;d_shape;25173,25;25173,75;-0,5;-0,0019861959382293064;83,0;55,0;1,509090909090909;10;72,0;42,0;62,0;12,0;0,8674698795180723;0,7636363636363637
2025-10-09 19:36:48.268;p_shape;25176,5;25176,25;0,25;0,0009929993545504197;58,0;44,0;1,3181818181818181;15;37,0;41,0;14,0;22,0;0,6379310344827587;0,9318181818181818
2025-10-09 19:36:49.268;p_shape;25177,5;25176,5;1,0;0,003971957976684606;67,0;46,0;1,4565217391304348;16;35,0;42,0;14,0;22,0;0,5223880597014925;0,9130434782608695
2025-10-09 19:36:49.768;p_shape;25177,75;25177,5;0,25;0,000992950054612253;67,0;44,0;1,5227272727272727;16;41,0;39,0;14,0;22,0;0,6119402985074627;0,8863636363636364
2025-10-09 19:37:35.268;p_shape;25189,75;25189,5;0,25;0,0009924770241568908;94,0;110,0;0,8545454545454545;21;56,0;109,0;21,0;40,0;0,5957446808510638;0,990909090909091
2025-10-09 19:37:38.268;p_shape;25192,25;25190,5;1,75;0,006947063377066751;244,0;340,0;0,7176470588235294;23;117,0;268,0;26,0;115,0;0,47950819672131145;0,788235294117647
2025-10-09 19:37:39.768;p_shape;25192,25;25191,25;1,0;0,003969632312807026;244,0;326,0;0,7484662576687117;26;125,0;269,0;26,0;119,0;0,5122950819672131;0,8251533742331288
2025-10-09 19:37:40.768;p_shape;25191,75;25191,25;0,5;0,001984816156403513;164,0;293,0;0,5597269624573379;26;96,0;282,0;20,0;120,0;0,5853658536585366;0,962457337883959
2025-10-09 19:37:49.768;d_shape;25193,0;25193,5;-0,5;-0,0019846388949530634;74,0;90,0;0,8222222222222222;10;74,0;66,0;27,0;29,0;1,0;0,7333333333333333
2025-10-09 19:38:00.268;p_shape;25193,0;25192,25;0,75;0,002977106054441346;48,0;86,0;0,5581395348837209;11;26,0;72,0;11,0;37,0;0,5416666666666666;0,8372093023255814
2025-10-09 19:38:01.268;p_shape;25193,75;25193,0;0,75;0,0029770174254753305;48,0;86,0;0,5581395348837209;12;26,0;61,0;11,0;40,0;0,5416666666666666;0,7093023255813954
2025-10-09 19:38:03.268;p_shape;25193,75;25193,5;0,25;0,0009923194474765317;41,0;42,0;0,9761904761904762;14;20,0;42,0;4,0;37,0;0,4878048780487805;1,0
2025-10-09 19:38:04.268;p_shape;25193,75;25193,5;0,25;0,0009923194474765317;35,0;56,0;0,625;13;22,0;56,0;8,0;37,0;0,6285714285714286;1,0
2025-10-09 19:38:38.268;p_shape;25197,75;25196,75;1,0;0,003968765813051286;72,0;63,0;1,1428571428571428;15;34,0;63,0;10,0;24,0;0,4722222222222222;1,0
2025-10-09 19:38:41.768;p_shape;25199,75;25199,25;0,5;0,001984186037282856;26,0;91,0;0,2857142857142857;14;11,0;83,0;6,0;21,0;0,4230769230769231;0,9120879120879121
2025-10-09 19:38:42.768;p_shape;25199,25;25199,0;0,25;0,0009921028612246518;34,0;90,0;0,37777777777777777;12;13,0;79,0;5,0;21,0;0,38235294117647056;0,8777777777777778
2025-10-09 19:40:17.768;p_shape;25204,5;25203,25;1,25;0,0049596778193288565;32,0;34,0;0,9411764705882353;11;17,0;34,0;6,0;22,0;0,53125;1,0
2025-10-09 19:41:10.268;p_shape;25211,0;25210,25;0,75;0,00297498041471227;38,0;68,0;0,5588235294117647;18;24,0;57,0;8,0;35,0;0,631578947368421;0,8382352941176471
2025-10-09 19:41:12.768;p_shape;25211,25;25210,25;1,0;0,0039666405529496926;26,0;73,0;0,3561643835616438;13;13,0;66,0;5,0;37,0;0,5;0,9041095890410958
2025-10-09 19:41:34.768;p_shape;25209,75;25209,0;0,75;0,0029751279305010115;23,0;44,0;0,5227272727272727;10;8,0;32,0;4,0;30,0;0,34782608695652173;0,7272727272727273
2025-10-09 19:41:35.268;p_shape;25210,0;25209,75;0,25;0,0009916798064241018;24,0;43,0;0,5581395348837209;10;8,0;32,0;4,0;30,0;0,3333333333333333;0,7441860465116279
2025-10-09 19:42:13.768;d_shape;25200,25;25201,5;-1,25;-0,004960022220899549;47,0;29,0;1,6206896551724137;14;45,0;17,0;23,0;5,0;0,9574468085106383;0,5862068965517241
2025-10-09 19:42:14.268;d_shape;25199,5;25200,25;-0,75;-0,002976160950784218;46,0;32,0;1,4375;16;41,0;18,0;23,0;5,0;0,8913043478260869;0,5625
2025-10-09 19:42:14.768;d_shape;25199,25;25199,5;-0,25;-0,0009920831762534972;55,0;33,0;1,6666666666666667;20;40,0;19,0;23,0;5,0;0,7272727272727273;0,5757575757575758
2025-10-09 19:42:15.268;d_shape;25198,75;25199,25;-0,5;-0,001984186037282856;61,0;36,0;1,6944444444444444;19;46,0;20,0;23,0;5,0;0,7540983606557377;0,5555555555555556
2025-10-09 19:42:15.768;d_shape;25197,75;25198,75;-1,0;-0,0039684508160126985;79,0;36,0;2,1944444444444446;21;64,0;24,0;23,0;7,0;0,810126582278481;0,6666666666666666
2025-10-09 19:42:19.268;d_shape;25198,0;25198,75;-0,75;-0,0029763381120095243;64,0;31,0;2,064516129032258;12;52,0;20,0;23,0;5,0;0,8125;0,6451612903225806
2025-10-09 19:42:19.768;d_shape;25197,0;25198,0;-1,0;-0,003968568934042385;59,0;64,0;0,921875;15;45,0;23,0;23,0;4,0;0,7627118644067796;0,359375
2025-10-09 19:42:51.268;d_shape;25198,0;25198,5;-0,5;-0,001984245093954005;123,0;170,0;0,7235294117647059;13;120,0;127,0;86,0;32,0;0,975609756097561;0,7470588235294118
2025-10-09 19:42:52.268;d_shape;25197,5;25198,5;-1,0;-0,00396849018790801;124,0;165,0;0,7515151515151515;13;122,0;119,0;88,0;32,0;0,9838709677419355;0,7212121212121212
2025-10-09 19:45:14.768;d_shape;25197,75;25198,0;-0,25;-0,0009921422335105962;50,0;42,0;1,1904761904761905;16;48,0;14,0;26,0;6,0;0,96;0,3333333333333333
2025-10-09 19:51:45.268;d_shape;25208,25;25208,5;-0,25;-0,0009917289803042623;60,0;52,0;1,1538461538461537;13;54,0;36,0;21,0;8,0;0,9;0,6923076923076923
2025-10-09 19:51:45.768;d_shape;25207,75;25208,25;-0,5;-0,0019834776313310126;62,0;50,0;1,24;13;56,0;32,0;22,0;8,0;0,9032258064516129;0,64
2025-10-09 19:53:01.268;p_shape;25205,0;25204,0;1,0;0,003967624186637041;48,0;40,0;1,2;13;16,0;38,0;6,0;24,0;0,3333333333333333;0,95
2025-10-09 19:53:01.768;p_shape;25205,75;25205,0;0,75;0,0029756000793493354;46,0;42,0;1,0952380952380953;14;23,0;34,0;11,0;24,0;0,5;0,8095238095238095
2025-10-09 19:53:03.268;p_shape;25205,5;25205,25;0,25;0,0009918568552186547;39,0;62,0;0,6290322580645161;11;35,0;56,0;16,0;25,0;0,8974358974358975;0,9032258064516129
2025-10-09 19:53:04.768;p_shape;25205,75;25204,75;1,0;0,00396750612483758;35,0;68,0;0,5147058823529411;11;31,0;68,0;11,0;29,0;0,8857142857142857;1,0
2025-10-09 19:55:21.768;d_shape;25203,0;25205,5;-2,5;-0,009918470175160184;66,0;32,0;2,0625;15;56,0;13,0;37,0;3,0;0,8484848484848485;0,40625
2025-10-09 19:55:23.268;d_shape;25203,5;25204,0;-0,5;-0,0019838120933185206;57,0;31,0;1,8387096774193548;14;57,0;21,0;37,0;11,0;1,0;0,6774193548387096
2025-10-09 19:59:23.268;p_shape;25216,0;25215,25;0,75;0,002974390497813823;31,0;53,0;0,5849056603773585;10;19,0;40,0;6,0;21,0;0,6129032258064516;0,7547169811320755
2025-10-09 19:59:49.768;p_shape;25216,5;25215,5;1,0;0,003965814677480121;34,0;46,0;0,7391304347826086;11;29,0;36,0;12,0;33,0;0,8529411764705882;0,782608695652174
2025-10-09 19:59:50.768;p_shape;25217,0;25216,25;0,75;0,0029742725425073117;36,0;43,0;0,8372093023255814;12;29,0;36,0;12,0;33,0;0,8055555555555556;0,8372093023255814
2025-10-09 19:59:51.768;p_shape;25217,0;25216,75;0,25;0,000991404522787433;34,0;68,0;0,5;14;31,0;64,0;12,0;33,0;0,9117647058823529;0,9411764705882353
2025-10-09 19:59:52.768;p_shape;25217,5;25216,5;1,0;0,003965657406856621;32,0;84,0;0,38095238095238093;14;21,0;82,0;7,0;33,0;0,65625;0,9761904761904762
2025-10-09 20:00:07.768;d_shape;25216,75;25217,5;-0,75;-0,002974125111529692;68,0;51,0;1,3333333333333333;13;64,0;48,0;22,0;14,0;0,9411764705882353;0,9411764705882353
2025-10-09 20:00:22.768;p_shape;25213,25;25212,75;0,5;0,001983123618010729;27,0;69,0;0,391304347826087;15;20,0;69,0;5,0;22,0;0,7407407407407407;1,0
2025-10-09 20:00:26.268;p_shape;25215,5;25215,25;0,25;0,0009914634992712742;20,0;87,0;0,22988505747126436;14;14,0;64,0;4,0;22,0;0,7;0,735632183908046
2025-10-09 20:00:27.268;p_shape;25215,25;25215,0;0,25;0,00099147332936744;24,0;88,0;0,2727272727272727;14;14,0;73,0;4,0;23,0;0,5833333333333334;0,8295454545454546
2025-10-09 20:05:54.768;d_shape;25196,0;25197,0;-1,0;-0,0039687264356867875;67,0;135,0;0,4962962962962963;11;58,0;17,0;30,0;8,0;0,8656716417910447;0,1259259259259259
2025-10-09 20:05:55.768;d_shape;25196,0;25196,25;-0,25;-0,0009922111425311306;66,0;134,0;0,4925373134328358;11;65,0;127,0;30,0;111,0;0,9848484848484849;0,9477611940298507
2025-10-09 20:09:48.268;p_shape;25199,25;25198,0;1,25;0,004960711167552981;41,0;80,0;0,5125;10;30,0;62,0;12,0;20,0;0,7317073170731707;0,775
2025-10-09 20:11:55.268;p_shape;25208,5;25207,5;1,0;0,0039670732916790635;44,0;68,0;0,6470588235294118;13;27,0;54,0;8,0;26,0;0,6136363636363636;0,7941176470588235
2025-10-09 20:11:57.768;p_shape;25208,5;25207,5;1,0;0,0039670732916790635;42,0;87,0;0,4827586206896552;11;39,0;87,0;20,0;33,0;0,9285714285714286;1,0
2025-10-09 20:11:59.768;p_shape;25209,0;25208,0;1,0;0,003966994604887337;52,0;85,0;0,611764705882353;10;27,0;67,0;10,0;25,0;0,5192307692307693;0,788235294117647
2025-10-09 20:12:00.768;p_shape;25209,0;25208,75;0,25;0,000991719145138097;80,0;56,0;1,4285714285714286;10;25,0;48,0;10,0;21,0;0,3125;0,8571428571428571
2025-10-09 20:12:01.268;p_shape;25209,75;25209,0;0,75;0,0029751279305010115;87,0;75,0;1,16;12;33,0;62,0;10,0;30,0;0,3793103448275862;0,8266666666666667
2025-10-09 20:12:03.768;p_shape;25209,75;25208,75;1,0;0,003966876580552388;87,0;71,0;1,2253521126760563;11;43,0;67,0;21,0;31,0;0,4942528735632184;0,9436619718309859
2025-10-09 20:12:04.268;p_shape;25210,5;25209,75;0,75;0,0029750394192723053;88,0;77,0;1,1428571428571428;13;76,0;77,0;34,0;31,0;0,8636363636363636;1,0
2025-10-09 20:16:22.268;p_shape;25217,5;25216,75;0,75;0,002974213568362299;42,0;76,0;0,5526315789473685;11;33,0;71,0;12,0;26,0;0,7857142857142857;0,9342105263157895
2025-10-09 20:25:12.268;d_shape;25227,5;25228,25;-0,75;-0,002972857808211033;86,0;43,0;2,0;10;62,0;35,0;23,0;10,0;0,7209302325581395;0,813953488372093
2025-10-09 20:25:12.768;d_shape;25227,25;25227,5;-0,25;-0,0009909820632246556;91,0;40,0;2,275;10;67,0;35,0;23,0;10,0;0,7362637362637363;0,875
2025-10-09 20:26:32.768;p_shape;25234,0;25233,75;0,25;0,0009907366126715212;96,0;87,0;1,103448275862069;20;33,0;68,0;10,0;33,0;0,34375;0,7816091954022989
2025-10-09 20:26:35.768;p_shape;25233,5;25233,0;0,5;0,0019815321206356758;95,0;85,0;1,1176470588235294;19;27,0;83,0;10,0;33,0;0,28421052631578947;0,9764705882352941
2025-10-09 20:29:03.268;d_shape;25214,75;25215,25;-0,5;-0,0019829269985425484;41,0;53,0;0,7735849056603774;10;41,0;11,0;25,0;4,0;1,0;0,20754716981132076
2025-10-09 20:29:28.268;p_shape;25214,75;25214,5;0,25;0,0009914929901445597;45,0;61,0;0,7377049180327869;12;27,0;54,0;11,0;20,0;0,6;0,8852459016393442
2025-10-09 20:40:23.268;p_shape;25217,5;25217,25;0,25;0,000991384865518643;35,0;36,0;0,9722222222222222;10;5,0;30,0;3,0;21,0;0,14285714285714285;0,8333333333333334
2025-10-09 20:40:26.268;p_shape;25218,5;25217,75;0,75;0,002974095627088063;45,0;56,0;0,8035714285714286;10;36,0;53,0;18,0;23,0;0,8;0,9464285714285714
2025-10-09 20:46:30.768;p_shape;25219,25;25219,0;0,25;0,0009913160712161466;24,0;49,0;0,4897959183673469;11;24,0;47,0;8,0;25,0;1,0;0,9591836734693877
2025-10-09 20:47:18.268;p_shape;25220,75;25219,75;1,0;0,003965146363465141;27,0;39,0;0,6923076923076923;10;14,0;33,0;6,0;27,0;0,5185185185185185;0,8461538461538461
2025-10-09 20:47:38.268;p_shape;25225,5;25225,0;0,5;0,0019821605550049554;45,0;103,0;0,4368932038834951;17;21,0;97,0;5,0;34,0;0,4666666666666667;0,941747572815534
2025-10-09 20:47:39.768;p_shape;25226,0;25225,25;0,75;0,00297321136559598;57,0;132,0;0,4318181818181818;19;32,0;126,0;14,0;34,0;0,5614035087719298;0,9545454545454546
2025-10-09 20:55:33.268;p_shape;25222,5;25222,0;0,5;0,0019823963206724287;33,0;76,0;0,4342105263157895;14;15,0;59,0;4,0;31,0;0,45454545454545453;0,7763157894736842
2025-10-09 20:55:35.768;p_shape;25223,5;25222,25;1,25;0,0049559416784783275;38,0;70,0;0,5428571428571428;10;24,0;56,0;10,0;45,0;0,631578947368421;0,8
2025-10-09 20:55:44.268;p_shape;25225,5;25225,0;0,5;0,0019821605550049554;27,0;52,0;0,5192307692307693;10;5,0;44,0;2,0;24,0;0,18518518518518517;0,8461538461538461
2025-10-09 20:56:13.268;p_shape;25229,0;25228,75;0,25;0,000990932963385027;68,0;56,0;1,2142857142857142;15;37,0;56,0;10,0;22,0;0,5441176470588235;1,0
2025-10-09 20:56:25.768;p_shape;25233,75;25232,75;1,0;0,003963103506355827;69,0;178,0;0,38764044943820225;17;40,0;132,0;17,0;26,0;0,5797101449275363;0,7415730337078652
2025-10-09 20:56:26.768;p_shape;25234,0;25233,5;0,5;0,0019814928567182515;84,0;149,0;0,5637583892617449;15;32,0;118,0;17,0;28,0;0,38095238095238093;0,7919463087248322
2025-10-09 20:56:51.268;p_shape;25240,5;25238,75;1,75;0,006933782378287356;90,0;61,0;1,4754098360655739;11;74,0;52,0;25,0;26,0;0,8222222222222222;0,8524590163934426
2025-10-09 20:57:07.768;p_shape;25242,5;25241,75;0,75;0,002971267839987323;165,0;83,0;1,9879518072289157;15;106,0;72,0;50,0;29,0;0,6424242424242425;0,8674698795180723
2025-10-09 20:57:25.268;d_shape;25239,25;25239,5;-0,25;-0,0009905109055250699;89,0;57,0;1,5614035087719298;14;67,0;27,0;25,0;7,0;0,7528089887640449;0,47368421052631576
2025-10-09 20:57:27.268;d_shape;25239,0;25239,75;-0,75;-0,0029715032835111285;78,0;167,0;0,46706586826347307;12;67,0;24,0;31,0;11,0;0,8589743589743589;0,1437125748502994
2025-10-09 21:00:04.768;p_shape;25237,75;25237,25;0,5;0,0019811984269284487;22,0;86,0;0,2558139534883721;12;7,0;61,0;2,0;20,0;0,3181818181818182;0,7093023255813954
2025-10-09 21:00:06.268;p_shape;25239,25;25236,75;2,5;0,009906188395890914;36,0;61,0;0,5901639344262295;13;33,0;57,0;11,0;20,0;0,9166666666666666;0,9344262295081968
2025-10-09 21:04:15.768;d_shape;25244,75;25245,25;-0,5;-0,001980570602390549;65,0;92,0;0,7065217391304348;12;65,0;67,0;20,0;19,0;1,0;0,7282608695652174
2025-10-09 21:05:11.768;p_shape;25244,5;25244,25;0,25;0,0009903245293482674;39,0;24,0;1,625;10;12,0;23,0;7,0;22,0;0,3076923076923077;0,9583333333333334
2025-10-09 21:05:12.268;p_shape;25244,75;25244,5;0,25;0,0009903147220186575;48,0;25,0;1,92;10;28,0;24,0;19,0;22,0;0,5833333333333334;0,96
2025-10-09 21:05:12.768;p_shape;25245,25;25244,75;0,5;0,0019806098297665852;48,0;28,0;1,7142857142857142;11;30,0;27,0;19,0;22,0;0,625;0,9642857142857143
2025-10-09 21:10:27.768;d_shape;25250,25;25251,0;-0,75;-0,0029701793988356896;47,0;105,0;0,44761904761904764;11;36,0;55,0;20,0;19,0;0,7659574468085106;0,5238095238095238
2025-10-09 21:11:26.768;p_shape;25249,75;25249,5;0,25;0,000990118616210222;43,0;69,0;0,6231884057971014;15;32,0;56,0;7,0;36,0;0,7441860465116279;0,8115942028985508
2025-10-09 21:11:27.768;p_shape;25250,5;25249,5;1,0;0,003960474464840888;53,0;57,0;0,9298245614035088;16;27,0;57,0;5,0;36,0;0,5094339622641509;1,0
2025-10-09 21:11:28.768;p_shape;25250,75;25250,25;0,5;0,0019801784140751084;48,0;59,0;0,8135593220338984;17;21,0;59,0;5,0;36,0;0,4375;1,0
2025-10-09 21:12:00.768;p_shape;25254,75;25254,5;0,25;0,0009899225880536141;118,0;72,0;1,6388888888888888;15;51,0;65,0;15,0;30,0;0,4322033898305085;0,9027777777777778
2025-10-09 21:12:02.768;p_shape;25254,5;25254,25;0,25;0,0009899323876179258;124,0;71,0;1,7464788732394365;13;57,0;71,0;15,0;32,0;0,4596774193548387;1,0
2025-10-09 21:12:03.268;p_shape;25254,75;25254,5;0,25;0,0009899225880536141;125,0;72,0;1,7361111111111112;13;57,0;72,0;15,0;33,0;0,456;1,0
2025-10-09 21:12:21.268;p_shape;25258,0;25257,75;0,25;0,0009897952113707674;64,0;101,0;0,6336633663366337;13;33,0;78,0;23,0;21,0;0,515625;0,7722772277227723
2025-10-09 21:12:28.268;p_shape;25260,0;25259,0;1,0;0,003958984916267469;156,0;84,0;1,8571428571428572;12;58,0;68,0;38,0;22,0;0,3717948717948718;0,8095238095238095
2025-10-09 21:15:18.268;d_shape;25246,25;25247,25;-1,0;-0,00396082741684738;35,0;71,0;0,49295774647887325;10;35,0;38,0;20,0;20,0;1,0;0,5352112676056338
2025-10-09 21:15:26.268;d_shape;25240,5;25246,25;-5,75;-0,022775659751448237;128,0;132,0;0,9696969696969697;30;123,0;89,0;24,0;11,0;0,9609375;0,6742424242424242
2025-10-09 21:15:34.268;p_shape;25243,5;25242,5;1,0;0,003961572744379519;92,0;120,0;0,7666666666666667;15;61,0;117,0;16,0;33,0;0,6630434782608695;0,975
2025-10-09 21:15:34.768;p_shape;25245,0;25243,5;1,5;0,005942123715015747;103,0;93,0;1,10752688172043;18;68,0;77,0;15,0;25,0;0,6601941747572816;0,8279569892473119
2025-10-09 21:15:38.268;p_shape;25249,25;25248,25;1,0;0,00396067054152268;234,0;61,0;3,8360655737704916;35;86,0;52,0;13,0;26,0;0,36752136752136755;0,8524590163934426
2025-10-09 21:15:45.768;d_shape;25240,75;25241,0;-0,25;-0,0009904520423121112;87,0;64,0;1,359375;20;86,0;21,0;20,0;5,0;0,9885057471264368;0,328125
2025-10-09 21:16:01.268;d_shape;25242,5;25243,25;-0,75;-0,0029710912818278153;45,0;148,0;0,30405405405405406;16;39,0;116,0;21,0;60,0;0,8666666666666667;0,7837837837837838
2025-10-09 21:16:05.268;d_shape;25242,75;25243,75;-1,0;-0,003961376578360981;55,0;61,0;0,9016393442622951;14;54,0;21,0;21,0;6,0;0,9818181818181818;0,3442622950819672
2025-10-09 21:18:41.768;p_shape;25258,5;25258,25;0,25;0,0009897756178674296;38,0;54,0;0,7037037037037037;10;34,0;53,0;12,0;29,0;0,8947368421052632;0,9814814814814815
2025-10-09 21:23:20.268;p_shape;25264,75;25264,5;0,25;0,0009895307645114686;22,0;85,0;0,25882352941176473;13;16,0;81,0;5,0;37,0;0,7272727272727273;0,9529411764705882
2025-10-09 21:25:40.768;d_shape;25265,5;25266,75;-1,25;-0,004947213234784846;34,0;64,0;0,53125;15;32,0;42,0;25,0;20,0;0,9411764705882353;0,65625
2025-10-09 21:25:41.268;d_shape;25265,25;25265,5;-0,25;-0,0009894915992163227;33,0;63,0;0,5238095238095238;15;32,0;37,0;25,0;15,0;0,9696969696969697;0,5873015873015873
2025-10-09 21:25:42.268;d_shape;25265,0;25265,5;-0,5;-0,0019789831984326454;36,0;61,0;0,5901639344262295;15;35,0;27,0;25,0;7,0;0,9722222222222222;0,4426229508196721
2025-10-09 21:25:43.268;d_shape;25265,25;25265,5;-0,25;-0,0009894915992163227;56,0;54,0;1,037037037037037;12;55,0;15,0;42,0;4,0;0,9821428571428571;0,2777777777777778
2025-10-09 21:25:55.768;p_shape;25268,75;25268,5;0,25;0,0009893741219304667;9,0;80,0;0,1125;11;8,0;63,0;3,0;23,0;0,8888888888888888;0,7875
2025-10-09 21:35:43.768;d_shape;25265,0;25265,5;-0,5;-0,0019789831984326454;57,0;122,0;0,4672131147540984;18;57,0;74,0;30,0;19,0;1,0;0,6065573770491803
2025-10-09 21:38:33.768;p_shape;25277,75;25277,5;0,25;0,000989021857383048;45,0;124,0;0,3629032258064516;10;22,0;93,0;18,0;26,0;0,4888888888888889;0,75
2025-10-09 21:38:54.268;d_shape;25279,5;25280,25;-0,75;-0,0029667428130655355;135,0;142,0;0,9507042253521126;19;96,0;112,0;29,0;18,0;0,7111111111111111;0,7887323943661971
2025-10-09 21:44:14.768;p_shape;25274,75;25274,5;0,25;0,0009891392510237593;41,0;98,0;0,41836734693877553;12;17,0;76,0;6,0;37,0;0,4146341463414634;0,7755102040816326
2025-10-09 21:44:15.268;p_shape;25275,0;25274,75;0,25;0,0009891294671559561;39,0;97,0;0,4020618556701031;11;21,0;78,0;6,0;37,0;0,5384615384615384;0,8041237113402062
2025-10-09 21:45:14.768;d_shape;25270,25;25271,5;-1,25;-0,004946283362681281;41,0;136,0;0,3014705882352941;11;38,0;77,0;21,0;36,0;0,926829268292683;0,5661764705882353
2025-10-09 21:46:45.768;p_shape;25275,25;25275,0;0,25;0,0009891196834817012;29,0;48,0;0,6041666666666666;10;18,0;35,0;7,0;20,0;0,6206896551724138;0,7291666666666666
2025-10-09 21:49:01.268;p_shape;25278,0;25277,5;0,5;0,001978043714766096;59,0;53,0;1,1132075471698113;11;20,0;44,0;11,0;27,0;0,3389830508474576;0,8301886792452831
2025-10-09 21:50:00.268;p_shape;25287,5;25274,5;13,0;0,05143524105323548;380,0;282,0;1,3475177304964538;62;218,0;219,0;26,0;36,0;0,5736842105263158;0,776595744680851
2025-10-09 21:50:05.268;d_shape;25283,25;25284,75;-1,5;-0,005932429626553555;150,0;382,0;0,39267015706806285;26;150,0;182,0;42,0;27,0;1,0;0,47643979057591623
2025-10-09 21:50:06.768;d_shape;25283,5;25284,5;-1,0;-0,003954992188890427;122,0;124,0;0,9838709677419355;12;97,0;93,0;34,0;32,0;0,7950819672131147;0,75
2025-10-09 21:50:52.768;p_shape;25280,0;25279,75;0,25;0,0009889338304374053;17,0;51,0;0,3333333333333333;10;10,0;40,0;4,0;21,0;0,5882352941176471;0,7843137254901961
2025-10-09 21:51:22.768;p_shape;25278,25;25278,0;0,25;0,0009890022944853232;39,0;60,0;0,65;10;31,0;50,0;12,0;20,0;0,7948717948717948;0,8333333333333334
2025-10-09 21:51:24.268;p_shape;25278,5;25278,0;0,5;0,0019780045889706463;37,0;60,0;0,6166666666666667;10;28,0;56,0;12,0;23,0;0,7567567567567568;0,9333333333333333
2025-10-09 21:51:24.768;p_shape;25279,0;25278,5;0,5;0,0019779654647229857;36,0;61,0;0,5901639344262295;11;35,0;58,0;12,0;23,0;0,9722222222222222;0,9508196721311475
2025-10-09 21:51:53.268;p_shape;25283,5;25283,0;0,5;0,001977613416129415;71,0;73,0;0,9726027397260274;14;38,0;66,0;11,0;25,0;0,5352112676056338;0,9041095890410958
2025-10-09 21:52:20.768;p_shape;25285,75;25285,5;0,25;0,0009887089438611063;41,0;67,0;0,6119402985074627;11;17,0;48,0;6,0;23,0;0,4146341463414634;0,7164179104477612
2025-10-09 21:54:40.268;p_shape;25284,0;25279,75;4,25;0,01681187511743589;90,0;89,0;1,0112359550561798;27;48,0;69,0;9,0;20,0;0,5333333333333333;0,7752808988764045
2025-10-09 21:54:41.768;p_shape;25284,0;25283,75;0,25;0,0009887773767736194;103,0;97,0;1,0618556701030928;25;54,0;79,0;9,0;20,0;0,5242718446601942;0,8144329896907216
2025-10-09 21:54:44.268;p_shape;25283,75;25283,25;0,5;0,0019775938615486537;107,0;91,0;1,1758241758241759;22;62,0;90,0;12,0;22,0;0,5794392523364486;0,989010989010989
2025-10-09 21:54:45.268;p_shape;25283,75;25283,5;0,25;0,0009887871536772995;107,0;102,0;1,0490196078431373;21;70,0;102,0;12,0;26,0;0,6542056074766355;1,0
2025-10-09 21:55:09.768;d_shape;25287,75;25288,0;-0,25;-0,0009886111989876622;92,0;90,0;1,0222222222222221;10;73,0;51,0;29,0;18,0;0,7934782608695652;0,5666666666666667
2025-10-09 21:55:10.768;d_shape;25286,75;25287,75;-1,0;-0,0039544838904212514;78,0;132,0;0,5909090909090909;13;55,0;85,0;22,0;23,0;0,7051282051282052;0,6439393939393939
2025-10-09 21:55:15.768;p_shape;25287,0;25286,0;1,0;0,003954757573360753;67,0;71,0;0,9436619718309859;10;47,0;61,0;15,0;26,0;0,7014925373134329;0,8591549295774648
2025-10-09 21:57:26.768;d_shape;25275,0;25276,25;-1,25;-0,004945353840067257;114,0;129,0;0,8837209302325582;13;105,0;91,0;36,0;26,0;0,9210526315789473;0,7054263565891473
2025-10-09 21:57:30.268;p_shape;25277,0;25275,5;1,5;0,005934600700282883;145,0;145,0;1,0;11;132,0;106,0;40,0;37,0;0,9103448275862069;0,7310344827586207
2025-10-09 21:57:55.768;d_shape;25272,0;25272,25;-0,25;-0,0009892273145446092;84,0;114,0;0,7368421052631579;13;63,0;67,0;27,0;18,0;0,75;0,5877192982456141
2025-10-09 21:57:59.768;p_shape;25273,5;25272,75;0,75;0,0029676232305546487;226,0;83,0;2,7228915662650603;10;138,0;70,0;54,0;22,0;0,6106194690265486;0,8433734939759037
2025-10-09 21:58:43.768;p_shape;25276,5;25276,0;0,5;0,0019781611014401015;62,0;113,0;0,5486725663716814;16;40,0;84,0;10,0;25,0;0,6451612903225806;0,7433628318584071
2025-10-09 21:58:45.768;p_shape;25276,75;25276,25;0,5;0,0019781415360269027;81,0;103,0;0,7864077669902912;15;29,0;95,0;8,0;27,0;0,35802469135802467;0,9223300970873787
2025-10-09 21:58:46.268;p_shape;25277,0;25276,75;0,25;0,0009890512031807887;80,0;106,0;0,7547169811320755;14;28,0;98,0;8,0;27,0;0,35;0,9245283018867925
2025-10-09 21:58:47.768;p_shape;25277,25;25276,75;0,5;0,0019781024063615774;68,0;108,0;0,6296296296296297;11;30,0;100,0;18,0;27,0;0,4411764705882353;0,9259259259259259
2025-10-09 21:59:18.768;d_shape;25275,5;25276,0;-0,5;-0,0019781611014401015;103,0;121,0;0,8512396694214877;12;102,0;42,0;45,0;11,0;0,9902912621359223;0,34710743801652894
2025-10-09 21:59:26.768;p_shape;25283,0;25282,25;0,75;0,0029665081232880773;190,0;97,0;1,958762886597938;28;126,0;94,0;24,0;23,0;0,6631578947368421;0,9690721649484536
2025-10-09 21:59:27.268;p_shape;25283,25;25283,0;0,25;0,0009888067080647074;141,0;95,0;1,4842105263157894;23;99,0;94,0;13,0;23,0;0,7021276595744681;0,9894736842105263
2025-10-09 21:59:27.768;p_shape;25283,75;25283,25;0,5;0,0019775938615486537;124,0;96,0;1,2916666666666667;20;85,0;95,0;13,0;23,0;0,6854838709677419;0,9895833333333334
2025-10-09 21:59:34.268;d_shape;25281,5;25282,5;-1,0;-0,003955305052902205;91,0;393,0;0,23155216284987276;18;77,0;214,0;23,0;42,0;0,8461538461538461;0,544529262086514
2025-10-09 21:59:40.768;p_shape;25282,75;25282,5;0,25;0,0009888262632255513;139,0;346,0;0,40173410404624277;17;129,0;245,0;31,0;53,0;0,9280575539568345;0,708092485549133
2025-10-09 21:59:46.268;p_shape;25286,5;25286,25;0,25;0,0009886796183696672;394,0;687,0;0,5735080058224163;18;304,0;513,0;83,0;110,0;0,7715736040609137;0,7467248908296943
2025-10-09 21:59:46.768;p_shape;25286,75;25286,5;0,25;0,0009886698435924307;394,0;695,0;0,5669064748201439;18;304,0;562,0;83,0;130,0;0,7715736040609137;0,8086330935251799
2025-10-09 21:59:47.268;p_shape;25287,5;25286,75;0,75;0,0029659802070254185;428,0;693,0;0,6176046176046176;19;313,0;525,0;83,0;130,0;0,7313084112149533;0,7575757575757576
2025-10-09 21:59:53.268;p_shape;25289,25;25288,75;0,5;0,001977163758588305;431,0;445,0;0,9685393258426966;15;217,0;318,0;75,0;80,0;0,5034802784222738;0,7146067415730337
2025-10-09 21:59:56.268;p_shape;25292,0;25290,75;1,25;0,004942518509731819;486,0;652,0;0,745398773006135;25;252,0;508,0;49,0;102,0;0,5185185185185185;0,7791411042944786
2025-10-09 21:59:56.768;p_shape;25292,25;25292,0;0,25;0,0009884548473825716;484,0;687,0;0,7045123726346434;27;284,0;630,0;49,0;102,0;0,5867768595041323;0,9170305676855895
2025-10-09 21:59:57.268;p_shape;25292,5;25292,25;0,25;0,0009884450770492937;664,0;763,0;0,8702490170380078;26;373,0;642,0;49,0;104,0;0,5617469879518072;0,8414154652686763
2025-10-09 22:00:08.768;d_shape;25294,25;25294,75;-0,5;-0,0019766947686772948;256,0;284,0;0,9014084507042254;13;200,0;163,0;70,0;43,0;0,78125;0,573943661971831
2025-10-09 22:00:21.768;d_shape;25293,5;25296,0;-2,5;-0,009882985452245413;113,0;117,0;0,9658119658119658;17;94,0;78,0;27,0;20,0;0,831858407079646;0,6666666666666666
2025-10-09 22:00:37.268;d_shape;25293,0;25293,25;-0,25;-0,0009884059976475938;77,0;69,0;1,1159420289855073;11;63,0;51,0;28,0;21,0;0,8181818181818182;0,7391304347826086
2025-10-09 22:05:04.268;p_shape;25295,25;25294,25;1,0;0,003953467685343506;37,0;39,0;0,9487179487179487;12;26,0;30,0;10,0;25,0;0,7027027027027027;0,7692307692307693
2025-10-10 01:49:17.768;p_shape;25329,75;25327,5;2,25;0,008883624518803672;35,0;37,0;0,9459459459459459;11;25,0;37,0;11,0;29,0;0,7142857142857143;1,0
2025-10-10 01:49:18.768;p_shape;25331,0;25329,75;1,25;0,004934908556144454;52,0;44,0;1,1818181818181819;13;30,0;44,0;11,0;29,0;0,5769230769230769;1,0
2025-10-10 01:49:20.268;p_shape;25332,25;25330,75;1,5;0,005921656484707322;55,0;92,0;0,5978260869565217;18;37,0;86,0;11,0;34,0;0,6727272727272727;0,9347826086956522
2025-10-10 01:49:22.768;p_shape;25333,0;25331,75;1,25;0,004934518933749149;64,0;77,0;0,8311688311688312;17;26,0;73,0;12,0;34,0;0,40625;0,948051948051948
2025-10-10 01:49:25.768;d_shape;25332,25;25332,75;-0,5;-0,0019737296582487095;40,0;47,0;0,851063829787234;12;40,0;24,0;32,0;6,0;1,0;0,5106382978723404
