timestamp;shape;close_price;previous_close;price_change;price_change_pct;total_bid;total_ask;bid_ask_ratio;num_price_levels;lower_bid_volume;upper_ask_volume;max_lower_bid;max_upper_ask;bid_concentration;ask_concentration
2025-10-09 08:05:21.520;d_shape;25359,25;25359,5;-0,25;-0,000985823852993947;99,0;4,0;24,75;11;95,0;4,0;52,0;1,0;0,9595959595959596;1,0
2025-10-09 10:43:37.708;d_shape;25298,75;25300,5;-1,75;-0,006916859350605719;84,0;16,0;5,25;12;62,0;16,0;43,0;9,0;0,7380952380952381;1,0
2025-10-09 14:00:41.716;p_shape;25323,25;25323,0;0,25;0,0009872447972199185;31,0;65,0;0,47692307692307695;13;10,0;56,0;3,0;20,0;0,3225806451612903;0,8615384615384616
2025-10-09 15:06:58.700;p_shape;25328,0;25327,75;0,25;0,0009870596480145296;40,0;100,0;0,4;19;40,0;94,0;8,0;24,0;1,0;0,94
2025-10-09 15:06:59.680;d_shape;25322,25;25323,0;-0,75;-0,002961734391659756;68,0;166,0;0,40963855421686746;26;49,0;108,0;24,0;24,0;0,7205882352941176;0,6506024096385542
2025-10-09 15:06:59.708;d_shape;25323,0;25323,25;-0,25;-0,0009872350507932432;99,0;168,0;0,5892857142857143;26;80,0;108,0;29,0;24,0;0,8080808080808081;0,6428571428571429
2025-10-09 15:06:59.720;d_shape;25322,75;25323,0;-0,25;-0,0009872447972199185;100,0;168,0;0,5952380952380952;26;81,0;108,0;29,0;24,0;0,81;0,6428571428571429
2025-10-09 15:06:59.752;d_shape;25322,75;25323,0;-0,25;-0,0009872447972199185;105,0;168,0;0,625;26;86,0;108,0;31,0;24,0;0,819047619047619;0,6428571428571429
2025-10-09 15:06:59.780;d_shape;25323,0;25323,25;-0,25;-0,0009872350507932432;109,0;170,0;0,6411764705882353;26;90,0;108,0;35,0;24,0;0,8256880733944955;0,6352941176470588
2025-10-09 15:06:59.852;d_shape;25322,75;25323,0;-0,25;-0,0009872447972199185;118,0;170,0;0,6941176470588235;26;99,0;108,0;42,0;24,0;0,8389830508474576;0,6352941176470588
2025-10-09 15:06:59.876;d_shape;25322,75;25323,0;-0,25;-0,0009872447972199185;120,0;170,0;0,7058823529411765;26;101,0;108,0;43,0;24,0;0,8416666666666667;0,6352941176470588
2025-10-09 15:07:00.056;d_shape;25323,0;25323,25;-0,25;-0,0009872350507932432;120,0;172,0;0,6976744186046512;26;101,0;108,0;43,0;24,0;0,8416666666666667;0,627906976744186
2025-10-09 15:07:00.212;d_shape;25322,75;25323,0;-0,25;-0,0009872447972199185;120,0;173,0;0,6936416184971098;26;101,0;108,0;43,0;24,0;0,8416666666666667;0,6242774566473989
2025-10-09 15:07:00.240;d_shape;25320,25;25322,75;-2,5;-0,009872545438390381;164,0;197,0;0,8324873096446701;37;133,0;149,0;43,0;24,0;0,8109756097560976;0,7563451776649747
2025-10-09 15:07:00.244;d_shape;25320,0;25320,25;-0,25;-0,0009873520206159102;167,0;197,0;0,8477157360406091;37;136,0;149,0;43,0;24,0;0,8143712574850299;0,7563451776649747
2025-10-09 15:07:00.252;d_shape;25319,75;25320,0;-0,25;-0,0009873617693522906;177,0;197,0;0,8984771573604061;37;146,0;149,0;43,0;24,0;0,8248587570621468;0,7563451776649747
2025-10-09 15:07:00.348;d_shape;25319,25;25320,5;-1,25;-0,0049367113603601825;182,0;197,0;0,9238578680203046;38;148,0;149,0;43,0;24,0;0,8131868131868132;0,7563451776649747
2025-10-09 15:07:00.364;d_shape;25319,0;25319,25;-0,25;-0,0009873910167165299;184,0;197,0;0,934010152284264;39;150,0;155,0;43,0;24,0;0,8152173913043478;0,7868020304568528
2025-10-09 15:07:00.384;d_shape;25318,75;25319,0;-0,25;-0,0009874007662229946;187,0;197,0;0,949238578680203;40;153,0;155,0;43,0;24,0;0,8181818181818182;0,7868020304568528
2025-10-09 15:07:00.544;d_shape;25319,5;25320,0;-0,5;-0,0019747235387045812;198,0;197,0;1,0050761421319796;40;164,0;155,0;43,0;24,0;0,8282828282828283;0,7868020304568528
2025-10-09 15:07:00.600;d_shape;25320,5;25320,75;-0,25;-0,000987332523720664;201,0;197,0;1,0203045685279188;40;167,0;155,0;43,0;24,0;0,8308457711442786;0,7868020304568528
2025-10-09 15:07:00.636;d_shape;25320,0;25320,5;-0,5;-0,001974684544144073;202,0;197,0;1,0253807106598984;40;168,0;155,0;43,0;24,0;0,8316831683168316;0,7868020304568528
2025-10-09 15:25:00.052;d_shape;25330,0;25333,5;-3,5;-0,013815698580930388;88,0;123,0;0,7154471544715447;17;80,0;107,0;30,0;20,0;0,9090909090909091;0,8699186991869918
2025-10-09 15:25:00.060;d_shape;25330,75;25331,0;-0,25;-0,0009869330069874858;91,0;124,0;0,7338709677419355;17;83,0;107,0;30,0;20,0;0,9120879120879121;0,8629032258064516
2025-10-09 15:25:00.100;d_shape;25330,75;25331,5;-0,75;-0,0029607405799103883;100,0;154,0;0,6493506493506493;17;92,0;107,0;30,0;20,0;0,92;0,6948051948051948
2025-10-09 15:25:00.120;d_shape;25330,75;25331,25;-0,5;-0,0019738465334320256;107,0;171,0;0,6257309941520468;17;99,0;107,0;30,0;20,0;0,9252336448598131;0,6257309941520468
2025-10-09 15:25:00.140;d_shape;25330,75;25331,0;-0,25;-0,0009869330069874858;112,0;180,0;0,6222222222222222;17;104,0;107,0;30,0;20,0;0,9285714285714286;0,5944444444444444
2025-10-09 15:25:00.180;d_shape;25331,0;25331,25;-0,25;-0,0009869232667160128;121,0;198,0;0,6111111111111112;17;113,0;107,0;30,0;20,0;0,9338842975206612;0,5404040404040404
2025-10-09 15:25:00.300;d_shape;25331,0;25331,5;-0,5;-0,001973827053273592;128,0;259,0;0,4942084942084942;17;120,0;107,0;32,0;20,0;0,9375;0,41312741312741313
2025-10-09 15:25:00.400;d_shape;25331,0;25331,25;-0,25;-0,0009869232667160128;128,0;308,0;0,4155844155844156;17;120,0;107,0;32,0;20,0;0,9375;0,3474025974025974
2025-10-09 15:25:00.592;d_shape;25330,5;25331,0;-0,5;-0,0019738660139749717;131,0;309,0;0,42394822006472493;17;123,0;107,0;32,0;20,0;0,9389312977099237;0,34627831715210355
2025-10-09 15:25:00.764;d_shape;25330,5;25330,75;-0,25;-0,0009869427474512203;135,0;309,0;0,4368932038834951;17;127,0;107,0;33,0;20,0;0,9407407407407408;0,34627831715210355
2025-10-09 15:25:01.036;d_shape;25330,5;25331,25;-0,75;-0,0029607698001480384;139,0;312,0;0,44551282051282054;17;131,0;107,0;35,0;20,0;0,9424460431654677;0,34294871794871795
2025-10-09 15:25:02.092;d_shape;25330,75;25331,25;-0,5;-0,0019738465334320256;142,0;317,0;0,4479495268138801;17;134,0;107,0;36,0;20,0;0,9436619718309859;0,33753943217665616
2025-10-09 15:25:04.040;d_shape;25330,25;25332,0;-1,75;-0,006908258329385758;109,0;333,0;0,32732732732732733;17;101,0;113,0;34,0;20,0;0,926605504587156;0,33933933933933935
2025-10-09 15:25:04.092;d_shape;25330,0;25330,25;-0,25;-0,0009869622289554979;101,0;334,0;0,3023952095808383;17;93,0;113,0;34,0;20,0;0,9207920792079208;0,3383233532934132
2025-10-09 15:25:04.240;d_shape;25329,75;25330,0;-0,25;-0,0009869719699960521;96,0;338,0;0,28402366863905326;18;82,0;113,0;34,0;20,0;0,8541666666666666;0,3343195266272189
2025-10-09 15:25:04.576;d_shape;25330,0;25330,25;-0,25;-0,0009869622289554979;82,0;342,0;0,23976608187134502;18;73,0;113,0;34,0;20,0;0,8902439024390244;0,3304093567251462
2025-10-09 15:25:04.636;d_shape;25329,75;25330,0;-0,25;-0,0009869719699960521;82,0;343,0;0,239067055393586;18;73,0;113,0;34,0;20,0;0,8902439024390244;0,3294460641399417
2025-10-09 15:25:04.640;d_shape;25329,5;25329,75;-0,25;-0,000986981711228891;85,0;343,0;0,2478134110787172;19;76,0;128,0;34,0;20,0;0,8941176470588236;0,37317784256559766
2025-10-09 15:25:04.664;d_shape;25329,25;25329,5;-0,25;-0,00098699145265402;87,0;343,0;0,2536443148688047;20;78,0;128,0;34,0;20,0;0,896551724137931;0,37317784256559766
2025-10-09 15:25:04.788;d_shape;25329,5;25329,75;-0,25;-0,000986981711228891;86,0;344,0;0,25;20;78,0;128,0;34,0;20,0;0,9069767441860465;0,37209302325581395
2025-10-09 15:25:04.896;d_shape;25329,25;25329,5;-0,25;-0,00098699145265402;87,0;344,0;0,25290697674418605;20;79,0;128,0;34,0;20,0;0,9080459770114943;0,37209302325581395
2025-10-09 15:27:50.160;p_shape;25325,0;25324,75;0,25;0,0009871765762741983;93,0;143,0;0,6503496503496503;36;69,0;134,0;7,0;21,0;0,7419354838709677;0,9370629370629371
2025-10-09 15:27:50.180;p_shape;25325,5;25324,75;0,75;0,0029615297288225944;93,0;153,0;0,6078431372549019;36;69,0;144,0;7,0;21,0;0,7419354838709677;0,9411764705882353
2025-10-09 15:27:50.208;p_shape;25325,5;25325,25;0,25;0,000987157086307144;93,0;156,0;0,5961538461538461;36;69,0;147,0;7,0;21,0;0,7419354838709677;0,9423076923076923
2025-10-09 15:27:50.220;p_shape;25325,75;25325,5;0,25;0,000987147341612209;93,0;161,0;0,577639751552795;36;69,0;152,0;7,0;21,0;0,7419354838709677;0,9440993788819876
2025-10-09 15:27:50.268;p_shape;25326,25;25325,75;0,5;0,001974275194219322;93,0;176,0;0,5284090909090909;36;69,0;167,0;7,0;28,0;0,7419354838709677;0,9488636363636364
2025-10-09 15:27:50.396;p_shape;25325,75;25325,5;0,25;0,000987147341612209;93,0;186,0;0,5;36;69,0;177,0;7,0;31,0;0,7419354838709677;0,9516129032258065
2025-10-09 15:27:50.484;p_shape;25325,0;25324,75;0,25;0,0009871765762741983;93,0;197,0;0,4720812182741117;36;69,0;188,0;7,0;31,0;0,7419354838709677;0,9543147208121827
2025-10-09 15:27:50.848;p_shape;25324,0;25323,75;0,25;0,0009872155585172022;93,0;222,0;0,4189189189189189;36;69,0;213,0;7,0;31,0;0,7419354838709677;0,9594594594594594
2025-10-09 15:27:51.028;p_shape;25324,25;25323,75;0,5;0,0019744311170344043;95,0;223,0;0,4260089686098655;36;69,0;215,0;7,0;31,0;0,7263157894736842;0,9641255605381166
2025-10-09 15:27:51.164;p_shape;25324,5;25324,25;0,25;0,000987196067010869;95,0;224,0;0,42410714285714285;36;69,0;216,0;7,0;31,0;0,7263157894736842;0,9642857142857143
2025-10-09 15:27:51.392;p_shape;25324,0;25323,75;0,25;0,0009872155585172022;105,0;225,0;0,4666666666666667;36;69,0;217,0;7,0;31,0;0,6571428571428571;0,9644444444444444
2025-10-09 15:27:51.780;p_shape;25324,75;25324,0;0,75;0,0029616174380034752;105,0;225,0;0,4666666666666667;36;69,0;219,0;7,0;31,0;0,6571428571428571;0,9733333333333334
2025-10-09 15:27:52.328;p_shape;25325,25;25324,5;0,75;0,0029615589646389863;109,0;223,0;0,48878923766816146;36;69,0;219,0;7,0;31,0;0,6330275229357798;0,9820627802690582
2025-10-09 15:27:52.336;p_shape;25325,75;25325,25;0,5;0,001974314172614288;112,0;224,0;0,5;36;69,0;220,0;7,0;32,0;0,6160714285714286;0,9821428571428571
2025-10-09 15:27:52.564;p_shape;25325,5;25325,25;0,25;0,000987157086307144;114,0;224,0;0,5089285714285714;36;67,0;220,0;7,0;32,0;0,5877192982456141;0,9821428571428571
2025-10-09 15:27:52.972;p_shape;25325,75;25325,5;0,25;0,000987147341612209;115,0;223,0;0,515695067264574;36;67,0;221,0;7,0;33,0;0,5826086956521739;0,9910313901345291
2025-10-09 15:27:53.156;p_shape;25325,25;25325,0;0,25;0,000987166831194472;115,0;231,0;0,49783549783549785;36;67,0;230,0;7,0;35,0;0,5826086956521739;0,9956709956709957
2025-10-09 15:27:53.528;p_shape;25325,0;25324,5;0,5;0,001974372643092657;116,0;233,0;0,4978540772532189;35;70,0;232,0;7,0;35,0;0,603448275862069;0,9957081545064378
2025-10-09 15:27:53.680;p_shape;25325,25;25325,0;0,25;0,000987166831194472;116,0;235,0;0,49361702127659574;35;70,0;234,0;7,0;35,0;0,603448275862069;0,9957446808510638
2025-10-09 15:27:54.464;p_shape;25325,0;25324,5;0,5;0,001974372643092657;117,0;238,0;0,49159663865546216;34;69,0;238,0;7,0;35,0;0,5897435897435898;1,0
2025-10-09 15:27:54.900;p_shape;25325,25;25325,0;0,25;0,000987166831194472;117,0;240,0;0,4875;34;69,0;240,0;7,0;35,0;0,5897435897435898;1,0
2025-10-09 15:30:01.600;d_shape;25320,0;25320,75;-0,75;-0,002961997571161992;115,0;668,0;0,1721556886227545;57;96,0;464,0;22,0;65,0;0,8347826086956521;0,6946107784431138
2025-10-09 15:30:01.628;d_shape;25320,5;25320,75;-0,25;-0,000987332523720664;123,0;666,0;0,18468468468468469;58;104,0;462,0;22,0;65,0;0,8455284552845529;0,6936936936936937
2025-10-09 15:30:01.648;d_shape;25320,25;25320,5;-0,25;-0,0009873422720720366;126,0;666,0;0,1891891891891892;58;107,0;462,0;22,0;65,0;0,8492063492063492;0,6936936936936937
2025-10-09 15:30:01.652;d_shape;25320,0;25320,25;-0,25;-0,0009873520206159102;127,0;666,0;0,1906906906906907;58;108,0;462,0;23,0;65,0;0,8503937007874016;0,6936936936936937
2025-10-09 15:30:01.664;d_shape;25320,75;25321,0;-0,25;-0,0009873227755617866;129,0;663,0;0,19457013574660634;58;110,0;458,0;23,0;65,0;0,8527131782945736;0,6907993966817496
2025-10-09 15:30:01.672;d_shape;25320,75;25321,0;-0,25;-0,0009873227755617866;131,0;666,0;0,1966966966966967;58;112,0;458,0;23,0;65,0;0,8549618320610687;0,6876876876876877
2025-10-09 15:30:01.676;d_shape;25320,5;25320,75;-0,25;-0,000987332523720664;134,0;666,0;0,2012012012012012;58;115,0;458,0;23,0;65,0;0,8582089552238806;0,6876876876876877
2025-10-09 15:30:01.688;d_shape;25320,5;25320,75;-0,25;-0,000987332523720664;140,0;665,0;0,21052631578947367;58;123,0;457,0;23,0;65,0;0,8785714285714286;0,687218045112782
2025-10-09 15:30:01.696;d_shape;25321,5;25321,75;-0,25;-0,0009872935322400704;142,0;676,0;0,21005917159763313;58;125,0;457,0;23,0;65,0;0,8802816901408451;0,6760355029585798
2025-10-09 15:30:01.700;d_shape;25321,25;25321,5;-0,25;-0,0009873032798214955;142,0;677,0;0,20974889217134415;58;125,0;457,0;23,0;65,0;0,8802816901408451;0,6750369276218612
2025-10-09 15:30:01.708;d_shape;25321,0;25321,25;-0,25;-0,0009873130275953991;145,0;679,0;0,21354933726067746;58;128,0;457,0;23,0;65,0;0,8827586206896552;0,6730486008836525
2025-10-09 15:30:01.740;d_shape;25321,75;25322,5;-0,75;-0,0029617928719518215;145,0;686,0;0,21137026239067055;58;128,0;457,0;23,0;65,0;0,8827586206896552;0,6661807580174927
2025-10-09 15:30:01.772;d_shape;25321,25;25321,75;-0,5;-0,0019745870644801407;145,0;697,0;0,20803443328550933;58;128,0;457,0;23,0;65,0;0,8827586206896552;0,6556671449067432
2025-10-09 15:30:01.788;d_shape;25321,0;25321,25;-0,25;-0,0009873130275953991;145,0;699,0;0,20743919885550788;58;128,0;457,0;23,0;65,0;0,8827586206896552;0,65379113018598
2025-10-09 15:30:01.816;d_shape;25321,0;25321,5;-0,5;-0,001974606559642991;146,0;711,0;0,20534458509142053;58;129,0;457,0;23,0;65,0;0,8835616438356164;0,6427566807313643
2025-10-09 15:30:01.840;d_shape;25322,0;25322,25;-0,25;-0,0009872740376546318;148,0;730,0;0,20273972602739726;58;131,0;457,0;23,0;65,0;0,8851351351351351;0,626027397260274
2025-10-09 15:30:01.852;d_shape;25321,75;25322,5;-0,75;-0,0029617928719518215;148,0;735,0;0,20136054421768707;58;131,0;457,0;23,0;65,0;0,8851351351351351;0,6217687074829932
2025-10-09 15:30:01.856;d_shape;25321,5;25321,75;-0,25;-0,0009872935322400704;148,0;737,0;0,20081411126187246;58;131,0;457,0;23,0;65,0;0,8851351351351351;0,6200814111261872
2025-10-09 15:30:01.904;d_shape;25322,75;25323,25;-0,5;-0,0019744701015864865;148,0;762,0;0,1942257217847769;59;131,0;468,0;23,0;65,0;0,8851351351351351;0,6141732283464567
2025-10-09 15:30:01.912;d_shape;25322,25;25322,75;-0,5;-0,001974509087678076;148,0;770,0;0,19220779220779222;59;131,0;468,0;23,0;65,0;0,8851351351351351;0,6077922077922078
2025-10-09 15:30:01.924;d_shape;25322,25;25322,5;-0,25;-0,0009872642906506072;148,0;775,0;0,19096774193548388;59;131,0;468,0;23,0;65,0;0,8851351351351351;0,6038709677419355
2025-10-09 15:30:01.944;d_shape;25322,5;25322,75;-0,25;-0,000987254543839038;148,0;787,0;0,1880559085133418;59;131,0;468,0;23,0;65,0;0,8851351351351351;0,5946632782719187
2025-10-09 15:30:01.952;d_shape;25321,75;25322,5;-0,75;-0,0029617928719518215;148,0;794,0;0,18639798488664988;59;131,0;468,0;23,0;65,0;0,8851351351351351;0,5894206549118388
2025-10-09 15:30:01.968;d_shape;25321,25;25322,25;-1,0;-0,003949096150618527;148,0;804,0;0,18407960199004975;59;131,0;468,0;23,0;65,0;0,8851351351351351;0,582089552238806
2025-10-09 15:30:02.000;d_shape;25321,0;25321,25;-0,25;-0,0009873130275953991;148,0;809,0;0,18294190358467244;59;131,0;468,0;23,0;65,0;0,8851351351351351;0,5784919653893696
2025-10-09 15:30:02.008;d_shape;25321,25;25321,5;-0,25;-0,0009873032798214955;148,0;813,0;0,1820418204182042;59;131,0;468,0;23,0;65,0;0,8851351351351351;0,5756457564575646
2025-10-09 15:30:02.040;d_shape;25321,0;25321,25;-0,25;-0,0009873130275953991;148,0;819,0;0,1807081807081807;59;131,0;468,0;23,0;65,0;0,8851351351351351;0,5714285714285714
2025-10-09 15:30:02.056;d_shape;25320,75;25321,25;-0,5;-0,0019746260551907983;148,0;822,0;0,18004866180048662;59;131,0;468,0;23,0;65,0;0,8851351351351351;0,5693430656934306
2025-10-09 15:30:02.092;d_shape;25321,75;25322,0;-0,25;-0,0009872837848511177;148,0;836,0;0,17703349282296652;59;131,0;468,0;23,0;65,0;0,8851351351351351;0,5598086124401914
2025-10-09 15:30:02.096;d_shape;25321,5;25321,75;-0,25;-0,0009872935322400704;148,0;838,0;0,1766109785202864;59;131,0;468,0;23,0;65,0;0,8851351351351351;0,5584725536992841
2025-10-09 15:30:02.120;d_shape;25321,75;25322,25;-0,5;-0,0019745480753092636;148,0;846,0;0,17494089834515367;59;131,0;468,0;23,0;65,0;0,8851351351351351;0,5531914893617021
2025-10-09 15:30:02.168;d_shape;25322,75;25323,25;-0,5;-0,0019744701015864865;148,0;863,0;0,17149478563151796;59;131,0;468,0;23,0;65,0;0,8851351351351351;0,5422943221320974
2025-10-09 15:30:02.212;d_shape;25323,0;25323,25;-0,25;-0,0009872350507932432;148,0;871,0;0,16991963260619977;59;131,0;468,0;23,0;65,0;0,8851351351351351;0,5373134328358209
2025-10-09 15:30:02.248;d_shape;25323,25;25323,75;-0,5;-0,0019744311170344043;148,0;877,0;0,16875712656784492;59;131,0;467,0;23,0;65,0;0,8851351351351351;0,5324971493728621
2025-10-09 15:30:02.324;d_shape;25323,75;25324,25;-0,5;-0,001974392134021738;148,0;886,0;0,1670428893905192;59;131,0;466,0;23,0;65,0;0,8851351351351351;0,5259593679458239
2025-10-09 15:30:02.360;d_shape;25323,25;25323,75;-0,5;-0,0019744311170344043;148,0;888,0;0,16666666666666666;59;131,0;466,0;23,0;65,0;0,8851351351351351;0,5247747747747747
2025-10-09 15:30:02.412;d_shape;25323,0;25323,5;-0,5;-0,001974450609118013;148,0;890,0;0,1662921348314607;59;131,0;466,0;23,0;65,0;0,8851351351351351;0,5235955056179775
2025-10-09 15:30:02.456;d_shape;25323,25;25323,5;-0,25;-0,0009872253045590065;148,0;898,0;0,16481069042316257;59;131,0;465,0;23,0;65,0;0,8851351351351351;0,5178173719376392
2025-10-09 15:30:02.468;d_shape;25322,5;25323,25;-0,75;-0,00296170515237973;148,0;899,0;0,1646273637374861;59;131,0;465,0;23,0;65,0;0,8851351351351351;0,5172413793103449
2025-10-09 15:30:02.480;d_shape;25322,25;25322,5;-0,25;-0,0009872642906506072;148,0;900,0;0,16444444444444445;59;131,0;465,0;23,0;65,0;0,8851351351351351;0,5166666666666667
2025-10-09 15:30:02.508;d_shape;25321,75;25322,25;-0,5;-0,0019745480753092636;148,0;901,0;0,16426193118756938;59;131,0;465,0;23,0;65,0;0,8851351351351351;0,516093229744728
2025-10-09 15:30:02.524;d_shape;25321,5;25322,0;-0,5;-0,0019745675697022355;148,0;904,0;0,16371681415929204;59;131,0;465,0;23,0;65,0;0,8851351351351351;0,5143805309734514
2025-10-09 15:30:02.536;d_shape;25321,25;25321,5;-0,25;-0,0009873032798214955;148,0;907,0;0,1631753031973539;59;131,0;465,0;23,0;65,0;0,8851351351351351;0,5126791620727673
2025-10-09 15:30:02.552;d_shape;25321,0;25321,25;-0,25;-0,0009873130275953991;148,0;910,0;0,16263736263736264;59;131,0;465,0;23,0;65,0;0,8851351351351351;0,510989010989011
2025-10-09 15:30:02.564;d_shape;25321,0;25321,25;-0,25;-0,0009873130275953991;148,0;915,0;0,16174863387978142;59;131,0;465,0;23,0;65,0;0,8851351351351351;0,5081967213114754
2025-10-09 15:30:02.612;d_shape;25320,0;25321,0;-1,0;-0,003949291102247146;144,0;920,0;0,1565217391304348;60;115,0;465,0;23,0;65,0;0,7986111111111112;0,5054347826086957
2025-10-09 15:30:02.616;d_shape;25319,75;25320,0;-0,25;-0,0009873617693522906;144,0;922,0;0,1561822125813449;60;115,0;465,0;23,0;65,0;0,7986111111111112;0,5043383947939263
2025-10-09 15:30:02.708;d_shape;25319,75;25320,0;-0,25;-0,0009873617693522906;143,0;925,0;0,1545945945945946;59;115,0;467,0;23,0;65,0;0,8041958041958042;0,5048648648648648
2025-10-09 15:30:04.596;d_shape;25321,0;25321,75;-0,75;-0,002961880596720211;297,0;849,0;0,3498233215547703;45;228,0;439,0;29,0;65,0;0,7676767676767676;0,5170789163722026
2025-10-09 15:30:04.696;d_shape;25321,0;25321,25;-0,25;-0,0009873130275953991;300,0;839,0;0,3575685339690107;45;231,0;429,0;30,0;65,0;0,77;0,5113230035756854
2025-10-09 15:30:06.860;p_shape;25325,25;25324,0;1,25;0,004936029063339125;250,0;496,0;0,5040322580645161;32;92,0;362,0;14,0;56,0;0,368;0,7298387096774194
2025-10-09 15:30:06.924;p_shape;25325,25;25325,0;0,25;0,000987166831194472;250,0;463,0;0,5399568034557235;32;92,0;337,0;14,0;56,0;0,368;0,7278617710583153
2025-10-09 15:30:10.108;d_shape;25309,25;25310,0;-0,75;-0,002963255630185697;223,0;570,0;0,3912280701754386;70;158,0;357,0;25,0;29,0;0,7085201793721974;0,6263157894736842
2025-10-09 15:30:10.112;d_shape;25308,75;25309,25;-0,5;-0,0019755622944180487;223,0;569,0;0,39191564147627417;71;160,0;362,0;25,0;29,0;0,7174887892376681;0,6362038664323374
2025-10-09 15:30:10.120;d_shape;25308,25;25308,75;-0,5;-0,001975601323652887;244,0;569,0;0,4288224956063269;73;181,0;365,0;25,0;29,0;0,7418032786885246;0,6414762741652021
2025-10-09 15:30:10.244;d_shape;25310,0;25310,25;-0,25;-0,0009877421202872353;254,0;560,0;0,45357142857142857;75;193,0;353,0;25,0;28,0;0,7598425196850394;0,6303571428571428
2025-10-09 15:30:10.296;d_shape;25310,0;25310,25;-0,25;-0,0009877421202872353;253,0;561,0;0,45098039215686275;75;193,0;348,0;25,0;27,0;0,7628458498023716;0,6203208556149733
2025-10-09 15:30:10.320;d_shape;25310,0;25310,5;-0,5;-0,00197546472807728;244,0;564,0;0,4326241134751773;75;193,0;347,0;25,0;27,0;0,7909836065573771;0,6152482269503546
2025-10-09 15:30:10.356;d_shape;25309,5;25310,0;-0,5;-0,0019755037534571317;243,0;563,0;0,43161634103019536;75;195,0;346,0;25,0;26,0;0,8024691358024691;0,6145648312611013
2025-10-09 15:30:10.412;d_shape;25310,0;25310,25;-0,25;-0,0009877421202872353;242,0;560,0;0,43214285714285716;75;196,0;341,0;25,0;25,0;0,8099173553719008;0,6089285714285714
2025-10-09 15:30:10.420;d_shape;25309,75;25310,0;-0,25;-0,0009877518767285659;255,0;560,0;0,45535714285714285;75;209,0;341,0;25,0;25,0;0,8196078431372549;0,6089285714285714
2025-10-09 15:30:10.440;d_shape;25309,5;25309,75;-0,25;-0,000987761633362637;260,0;559,0;0,46511627906976744;75;214,0;337,0;25,0;25,0;0,823076923076923;0,6028622540250447
2025-10-09 15:30:10.456;d_shape;25309,25;25309,75;-0,5;-0,001975523266725274;266,0;559,0;0,47584973166368516;75;220,0;337,0;26,0;25,0;0,8270676691729323;0,6028622540250447
2025-10-09 15:30:10.464;d_shape;25309,0;25309,5;-0,5;-0,001975542780378909;268,0;559,0;0,47942754919499103;75;222,0;337,0;26,0;25,0;0,8283582089552238;0,6028622540250447
2025-10-09 15:30:10.484;d_shape;25308,75;25309,0;-0,25;-0,0009877909044213522;276,0;558,0;0,4946236559139785;75;230,0;336,0;26,0;25,0;0,8333333333333334;0,6021505376344086
2025-10-09 15:30:10.504;d_shape;25309,25;25309,5;-0,25;-0,0009877713901894544;280,0;555,0;0,5045045045045045;75;234,0;333,0;26,0;25,0;0,8357142857142857;0,6
2025-10-09 15:30:10.692;d_shape;25311,0;25311,5;-0,5;-0,0019753866819429903;279,0;551,0;0,5063520871143375;75;234,0;311,0;26,0;25,0;0,8387096774193549;0,5644283121597096
2025-10-09 15:30:10.716;d_shape;25310,5;25311,0;-0,5;-0,0019754257042392635;279,0;553,0;0,5045207956600362;75;234,0;311,0;26,0;25,0;0,8387096774193549;0,5623869801084991
2025-10-09 15:30:10.752;d_shape;25311,5;25311,75;-0,25;-0,0009876835856864894;279,0;556,0;0,5017985611510791;75;234,0;309,0;26,0;25,0;0,8387096774193549;0,5557553956834532
2025-10-09 15:30:10.792;d_shape;25311,0;25312,0;-1,0;-0,003950695322376739;279,0;554,0;0,5036101083032491;75;234,0;303,0;26,0;25,0;0,8387096774193549;0,5469314079422383
2025-10-09 15:30:10.804;d_shape;25310,75;25311,0;-0,25;-0,0009877128521196318;279,0;557,0;0,5008976660682226;75;234,0;303,0;26,0;25,0;0,8387096774193549;0,5439856373429084
2025-10-09 15:30:10.808;d_shape;25310,5;25310,75;-0,25;-0,000987722607982774;279,0;559,0;0,4991055456171735;75;234,0;302,0;26,0;25,0;0,8387096774193549;0,5402504472271914
2025-10-09 15:30:10.952;d_shape;25311,5;25311,75;-0,25;-0,0009876835856864894;273,0;565,0;0,4831858407079646;75;234,0;301,0;26,0;25,0;0,8571428571428571;0,5327433628318584
2025-10-09 15:30:10.976;d_shape;25312,0;25312,5;-0,5;-0,0019753086419753087;273,0;560,0;0,4875;75;234,0;291,0;26,0;25,0;0,8571428571428571;0,5196428571428572
2025-10-09 15:30:10.984;d_shape;25311,25;25312,0;-0,75;-0,0029630214917825536;273,0;562,0;0,48576512455516013;75;234,0;291,0;26,0;25,0;0,8571428571428571;0,5177935943060499
2025-10-09 15:30:10.988;d_shape;25310,5;25311,25;-0,75;-0,002963109289347622;273,0;563,0;0,4849023090586146;75;234,0;291,0;26,0;25,0;0,8571428571428571;0,5168738898756661
2025-10-09 15:30:11.000;d_shape;25310,25;25310,75;-0,5;-0,001975445215965548;273,0;565,0;0,4831858407079646;75;234,0;291,0;26,0;25,0;0,8571428571428571;0,5150442477876106
2025-10-09 15:30:11.012;d_shape;25310,0;25310,25;-0,25;-0,0009877421202872353;273,0;569,0;0,4797891036906854;75;234,0;291,0;26,0;25,0;0,8571428571428571;0,5114235500878734
2025-10-09 15:30:11.044;d_shape;25309,75;25310,0;-0,25;-0,0009877518767285659;269,0;568,0;0,4735915492957746;75;234,0;288,0;26,0;25,0;0,8698884758364313;0,5070422535211268
2025-10-09 15:30:11.048;d_shape;25308,75;25309,75;-1,0;-0,003951046533450548;269,0;576,0;0,4670138888888889;75;234,0;288,0;26,0;25,0;0,8698884758364313;0,5
2025-10-09 15:30:11.060;d_shape;25308,25;25308,75;-0,5;-0,001975601323652887;269,0;575,0;0,4678260869565217;75;234,0;285,0;26,0;25,0;0,8698884758364313;0,4956521739130435
2025-10-09 15:30:11.076;d_shape;25309,0;25309,5;-0,5;-0,001975542780378909;269,0;580,0;0,46379310344827585;75;234,0;283,0;26,0;25,0;0,8698884758364313;0,4879310344827586
2025-10-09 15:30:11.116;d_shape;25308,75;25309,0;-0,25;-0,0009877909044213522;269,0;574,0;0,4686411149825784;75;234,0;276,0;26,0;25,0;0,8698884758364313;0,4808362369337979
2025-10-09 15:30:11.120;d_shape;25308,25;25308,75;-0,5;-0,001975601323652887;269,0;575,0;0,4678260869565217;75;234,0;276,0;26,0;25,0;0,8698884758364313;0,48
2025-10-09 15:30:11.160;d_shape;25308,25;25308,5;-0,25;-0,000987810419424304;269,0;566,0;0,4752650176678445;75;234,0;262,0;26,0;25,0;0,8698884758364313;0,4628975265017668
2025-10-09 15:30:11.348;d_shape;25309,75;25310,0;-0,25;-0,0009877518767285659;269,0;560,0;0,48035714285714287;72;234,0;246,0;26,0;25,0;0,8698884758364313;0,4392857142857143
2025-10-09 15:30:11.464;d_shape;25310,5;25311,25;-0,75;-0,002963109289347622;264,0;568,0;0,4647887323943662;72;234,0;237,0;26,0;25,0;0,8863636363636364;0,41725352112676056
2025-10-09 15:30:11.480;d_shape;25309,0;25310,5;-1,5;-0,0059263941842318405;264,0;570,0;0,4631578947368421;72;234,0;236,0;26,0;25,0;0,8863636363636364;0,41403508771929826
2025-10-09 15:30:11.504;d_shape;25308,75;25309,0;-0,25;-0,0009877909044213522;257,0;570,0;0,45087719298245615;72;234,0;233,0;26,0;25,0;0,9105058365758755;0,4087719298245614
2025-10-09 15:30:11.580;d_shape;25308,25;25308,75;-0,5;-0,001975601323652887;257,0;560,0;0,4589285714285714;72;234,0;222,0;26,0;25,0;0,9105058365758755;0,3964285714285714
2025-10-09 15:30:11.624;d_shape;25308,0;25308,25;-0,25;-0,0009878201772149397;258,0;560,0;0,4607142857142857;72;235,0;222,0;26,0;25,0;0,9108527131782945;0,3964285714285714
2025-10-09 15:30:11.756;d_shape;25308,5;25308,75;-0,25;-0,0009878006618264435;259,0;545,0;0,47522935779816516;71;236,0;207,0;26,0;25,0;0,9111969111969112;0,3798165137614679
2025-10-09 15:30:11.784;d_shape;25308,25;25308,5;-0,25;-0,000987810419424304;259,0;546,0;0,47435897435897434;70;236,0;201,0;26,0;25,0;0,9111969111969112;0,36813186813186816
2025-10-09 15:30:11.868;d_shape;25308,75;25309,25;-0,5;-0,0019755622944180487;259,0;539,0;0,4805194805194805;69;236,0;198,0;26,0;25,0;0,9111969111969112;0,3673469387755102
2025-10-09 15:30:11.888;d_shape;25308,5;25308,75;-0,25;-0,0009878006618264435;259,0;540,0;0,47962962962962963;69;236,0;197,0;26,0;25,0;0,9111969111969112;0,3648148148148148
2025-10-09 15:30:11.916;d_shape;25308,25;25308,5;-0,25;-0,000987810419424304;259,0;541,0;0,4787430683918669;69;236,0;197,0;26,0;25,0;0,9111969111969112;0,36414048059149723
2025-10-09 15:30:11.980;d_shape;25308,5;25309,0;-0,5;-0,0019755818088427043;255,0;543,0;0,4696132596685083;67;236,0;196,0;26,0;25,0;0,9254901960784314;0,36095764272559855
2025-10-09 15:30:11.984;d_shape;25308,0;25308,5;-0,5;-0,001975620838848608;256,0;544,0;0,47058823529411764;67;237,0;196,0;26,0;25,0;0,92578125;0,3602941176470588
2025-10-09 15:30:12.020;d_shape;25307,5;25308,25;-0,75;-0,0029634605316448195;275,0;537,0;0,5121042830540037;67;256,0;192,0;26,0;25,0;0,9309090909090909;0,3575418994413408
2025-10-09 15:30:12.208;d_shape;25309,5;25310,25;-0,75;-0,002963226360861706;291,0;527,0;0,5521821631878557;65;272,0;187,0;28,0;25,0;0,9347079037800687;0,3548387096774194
2025-10-09 15:30:12.212;d_shape;25309,25;25309,5;-0,25;-0,0009877713901894544;292,0;527,0;0,5540796963946869;65;273,0;187,0;28,0;25,0;0,934931506849315;0,3548387096774194
2025-10-09 15:30:12.252;d_shape;25309,5;25310,0;-0,5;-0,0019755037534571317;294,0;523,0;0,5621414913957935;63;275,0;187,0;29,0;25,0;0,935374149659864;0,3575525812619503
2025-10-09 15:30:22.124;p_shape;25313,0;25312,5;0,5;0,0019753086419753087;110,0;136,0;0,8088235294117647;18;81,0;109,0;16,0;28,0;0,7363636363636363;0,8014705882352942
2025-10-09 15:30:36.880;d_shape;25314,5;25314,75;-0,25;-0,0009875665372954502;75,0;273,0;0,27472527472527475;40;74,0;115,0;20,0;15,0;0,9866666666666667;0,42124542124542125
2025-10-09 15:30:36.940;d_shape;25314,25;25314,75;-0,5;-0,0019751330745909003;75,0;272,0;0,2757352941176471;40;74,0;112,0;20,0;15,0;0,9866666666666667;0,4117647058823529
2025-10-09 15:30:36.992;d_shape;25314,0;25314,25;-0,25;-0,0009875860434340343;75,0;274,0;0,2737226277372263;40;74,0;112,0;20,0;15,0;0,9866666666666667;0,40875912408759124
2025-10-09 15:30:37.012;d_shape;25313,75;25314,0;-0,25;-0,0009875957967922888;76,0;274,0;0,2773722627737226;40;75,0;112,0;21,0;15,0;0,9868421052631579;0,40875912408759124
2025-10-09 15:30:37.032;d_shape;25312,75;25313,75;-1,0;-0,003950422201372771;77,0;274,0;0,28102189781021897;40;76,0;112,0;21,0;15,0;0,987012987012987;0,40875912408759124
2025-10-09 15:30:37.060;d_shape;25312,25;25312,75;-0,5;-0,001975289132946835;78,0;274,0;0,2846715328467153;40;77,0;112,0;21,0;15,0;0,9871794871794872;0,40875912408759124
2025-10-09 15:30:37.072;d_shape;25311,0;25312,25;-1,25;-0,004938320378472874;85,0;274,0;0,3102189781021898;45;84,0;142,0;21,0;18,0;0,9882352941176471;0,5182481751824818
2025-10-09 15:30:37.116;d_shape;25311,75;25312,25;-0,5;-0,0019753281513891496;89,0;267,0;0,3333333333333333;42;82,0;141,0;21,0;18,0;0,9213483146067416;0,5280898876404494
2025-10-09 15:30:37.332;d_shape;25312,25;25312,75;-0,5;-0,001975289132946835;96,0;247,0;0,38866396761133604;42;89,0;121,0;21,0;18,0;0,9270833333333334;0,4898785425101215
2025-10-09 15:30:37.356;d_shape;25311,75;25312,25;-0,5;-0,0019753281513891496;98,0;246,0;0,3983739837398374;42;91,0;120,0;21,0;18,0;0,9285714285714286;0,4878048780487805
2025-10-09 15:30:37.384;d_shape;25311,25;25311,75;-0,5;-0,0019753671713729788;101,0;246,0;0,4105691056910569;42;94,0;120,0;21,0;18,0;0,9306930693069307;0,4878048780487805
2025-10-09 15:30:37.476;d_shape;25311,25;25311,5;-0,25;-0,0009876933409714952;105,0;245,0;0,42857142857142855;42;98,0;119,0;21,0;18,0;0,9333333333333333;0,4857142857142857
2025-10-09 15:30:37.744;d_shape;25311,0;25311,25;-0,25;-0,0009877030964492075;110,0;232,0;0,47413793103448276;40;101,0;113,0;21,0;18,0;0,9181818181818182;0,4870689655172414
2025-10-09 15:30:39.296;p_shape;25316,5;25315,25;1,25;0,004937735159636978;162,0;173,0;0,9364161849710982;26;123,0;147,0;28,0;27,0;0,7592592592592593;0,8497109826589595
2025-10-09 15:30:39.364;p_shape;25316,75;25316,5;0,25;0,000987498271878024;162,0;168,0;0,9642857142857143;26;123,0;142,0;28,0;27,0;0,7592592592592593;0,8452380952380952
2025-10-09 15:30:39.540;p_shape;25317,0;25316,5;0,5;0,001974996543756048;166,0;164,0;1,0121951219512195;26;123,0;138,0;28,0;27,0;0,7409638554216867;0,8414634146341463
2025-10-09 15:30:39.740;p_shape;25316,75;25315,75;1,0;0,003950110109319297;172,0;158,0;1,0886075949367089;25;123,0;157,0;28,0;27,0;0,7151162790697675;0,9936708860759493
2025-10-09 15:30:39.788;p_shape;25317,25;25316,75;0,5;0,0019749770408918994;179,0;158,0;1,1329113924050633;26;123,0;132,0;28,0;27,0;0,6871508379888268;0,8354430379746836
2025-10-09 15:30:39.804;p_shape;25317,75;25317,25;0,5;0,0019749380363191103;181,0;158,0;1,1455696202531647;27;127,0;132,0;28,0;27,0;0,7016574585635359;0,8354430379746836
2025-10-09 15:30:39.828;p_shape;25318,0;25317,75;0,25;0,0009874495166434616;188,0;158,0;1,1898734177215189;28;127,0;119,0;28,0;27,0;0,675531914893617;0,7531645569620253
2025-10-09 15:30:39.856;p_shape;25318,25;25318,0;0,25;0,0009874397661742633;189,0;157,0;1,2038216560509554;29;130,0;118,0;28,0;27,0;0,6878306878306878;0,7515923566878981
2025-10-09 15:30:48.632;d_shape;25309,75;25310,5;-0,75;-0,0029631970921159202;102,0;151,0;0,6754966887417219;31;93,0;109,0;20,0;20,0;0,9117647058823529;0,7218543046357616
2025-10-09 15:30:48.700;d_shape;25309,5;25309,75;-0,25;-0,000987761633362637;103,0;151,0;0,6821192052980133;31;94,0;109,0;20,0;20,0;0,912621359223301;0,7218543046357616
2025-10-09 15:30:48.972;d_shape;25311,25;25311,75;-0,5;-0,0019753671713729788;107,0;149,0;0,7181208053691275;31;102,0;102,0;25,0;20,0;0,9532710280373832;0,6845637583892618
2025-10-09 15:30:51.532;d_shape;25310,0;25310,25;-0,25;-0,0009877421202872353;116,0;126,0;0,9206349206349206;27;89,0;54,0;20,0;8,0;0,7672413793103449;0,42857142857142855
2025-10-09 15:30:51.684;d_shape;25309,25;25310,0;-0,75;-0,002963255630185697;120,0;121,0;0,9917355371900827;28;89,0;49,0;22,0;8,0;0,7416666666666667;0,4049586776859504
2025-10-09 15:30:51.864;d_shape;25310,25;25310,75;-0,5;-0,001975445215965548;124,0;111,0;1,117117117117117;28;93,0;36,0;22,0;8,0;0,75;0,32432432432432434
2025-10-09 15:30:52.140;d_shape;25310,5;25311,0;-0,5;-0,0019754257042392635;126,0;109,0;1,1559633027522935;28;95,0;36,0;22,0;8,0;0,753968253968254;0,3302752293577982
2025-10-09 15:30:52.428;d_shape;25311,0;25311,5;-0,5;-0,0019753866819429903;126,0;100,0;1,26;28;95,0;36,0;22,0;8,0;0,753968253968254;0,36
2025-10-09 15:30:52.528;d_shape;25310,75;25311,0;-0,25;-0,0009877128521196318;127,0;98,0;1,2959183673469388;28;96,0;36,0;22,0;8,0;0,7559055118110236;0,3673469387755102
2025-10-09 15:30:52.560;d_shape;25310,5;25310,75;-0,25;-0,000987722607982774;130,0;98,0;1,3265306122448979;28;99,0;36,0;22,0;8,0;0,7615384615384615;0,3673469387755102
2025-10-09 15:30:52.572;d_shape;25310,75;25311,0;-0,25;-0,0009877128521196318;134,0;98,0;1,3673469387755102;28;103,0;36,0;22,0;8,0;0,7686567164179104;0,3673469387755102
2025-10-09 15:30:52.600;d_shape;25310,75;25311,0;-0,25;-0,0009877128521196318;135,0;99,0;1,3636363636363635;28;104,0;36,0;22,0;8,0;0,7703703703703704;0,36363636363636365
2025-10-09 15:30:52.632;d_shape;25310,5;25310,75;-0,25;-0,000987722607982774;136,0;99,0;1,3737373737373737;28;105,0;36,0;22,0;8,0;0,7720588235294118;0,36363636363636365
2025-10-09 15:30:52.644;d_shape;25310,25;25310,5;-0,25;-0,00098773236403864;139,0;98,0;1,4183673469387754;28;108,0;36,0;22,0;8,0;0,7769784172661871;0,3673469387755102
2025-10-09 15:30:52.788;d_shape;25311,0;25311,25;-0,25;-0,0009877030964492075;139,0;104,0;1,3365384615384615;28;108,0;36,0;22,0;8,0;0,7769784172661871;0,34615384615384615
2025-10-09 15:31:01.596;p_shape;25324,25;25323,5;0,75;0,0029616759136770194;200,0;165,0;1,2121212121212122;48;87,0;122,0;10,0;23,0;0,435;0,7393939393939394
2025-10-09 15:31:01.716;p_shape;25324,25;25323,25;1,0;0,003948940203172973;200,0;160,0;1,25;47;88,0;128,0;10,0;24,0;0,44;0,8
2025-10-09 15:31:01.800;p_shape;25323,25;25322,5;0,75;0,0029617928719518215;200,0;160,0;1,25;47;88,0;135,0;10,0;24,0;0,44;0,84375
2025-10-09 15:31:01.824;p_shape;25323,75;25323,25;0,5;0,0019744701015864865;200,0;162,0;1,2345679012345678;47;88,0;137,0;10,0;24,0;0,44;0,845679012345679
2025-10-09 15:31:02.004;p_shape;25322,25;25322,0;0,25;0,0009872837848511177;201,0;162,0;1,2407407407407407;47;88,0;145,0;10,0;24,0;0,43781094527363185;0,8950617283950617
2025-10-09 15:31:02.304;p_shape;25322,5;25321,5;1,0;0,003949213119285982;202,0;152,0;1,3289473684210527;46;85,0;145,0;10,0;24,0;0,4207920792079208;0,9539473684210527
2025-10-09 15:31:02.468;p_shape;25323,0;25322,5;0,5;0,0019745285813012143;198,0;152,0;1,3026315789473684;46;79,0;145,0;9,0;24,0;0,398989898989899;0,9539473684210527
2025-10-09 15:31:02.584;p_shape;25323,0;25322,5;0,5;0,0019745285813012143;199,0;152,0;1,3092105263157894;45;81,0;145,0;9,0;24,0;0,40703517587939697;0,9539473684210527
2025-10-09 15:31:02.884;p_shape;25323,0;25322,75;0,25;0,000987254543839038;190,0;150,0;1,2666666666666666;43;73,0;145,0;8,0;24,0;0,38421052631578945;0,9666666666666667
2025-10-09 15:31:02.940;p_shape;25323,25;25323,0;0,25;0,0009872447972199185;192,0;150,0;1,28;43;73,0;145,0;8,0;24,0;0,3802083333333333;0,9666666666666667
2025-10-09 15:31:03.040;p_shape;25323,5;25323,25;0,25;0,0009872350507932432;189,0;147,0;1,2857142857142858;43;69,0;145,0;8,0;24,0;0,36507936507936506;0,9863945578231292
2025-10-09 15:31:03.080;p_shape;25323,5;25323,25;0,25;0,0009872350507932432;195,0;147,0;1,3265306122448979;43;69,0;145,0;8,0;24,0;0,35384615384615387;0,9863945578231292
2025-10-09 15:31:03.104;p_shape;25323,75;25323,5;0,25;0,0009872253045590065;194,0;147,0;1,3197278911564625;43;67,0;145,0;8,0;24,0;0,34536082474226804;0,9863945578231292
2025-10-09 15:31:03.116;p_shape;25324,25;25323,75;0,5;0,0019744311170344043;200,0;147,0;1,3605442176870748;43;67,0;145,0;8,0;24,0;0,335;0,9863945578231292
2025-10-09 15:31:03.260;p_shape;25324,5;25324,0;0,5;0,0019744116253356497;208,0;147,0;1,4149659863945578;42;59,0;145,0;8,0;24,0;0,28365384615384615;0,9863945578231292
2025-10-09 15:31:03.512;p_shape;25324,0;25323,75;0,25;0,0009872155585172022;200,0;147,0;1,3605442176870748;35;61,0;134,0;8,0;24,0;0,305;0,9115646258503401
2025-10-09 15:31:03.636;p_shape;25324,25;25323,75;0,5;0,0019744311170344043;198,0;147,0;1,346938775510204;32;56,0;113,0;8,0;24,0;0,2828282828282828;0,7687074829931972
2025-10-09 15:31:03.696;p_shape;25323,75;25323,5;0,25;0,0009872253045590065;201,0;147,0;1,3673469387755102;32;56,0;113,0;8,0;24,0;0,27860696517412936;0,7687074829931972
2025-10-09 15:31:03.772;p_shape;25323,75;25323,25;0,5;0,0019744701015864865;207,0;147,0;1,4081632653061225;32;55,0;113,0;8,0;24,0;0,26570048309178745;0,7687074829931972
2025-10-09 15:31:03.784;p_shape;25324,25;25323,75;0,5;0,0019744311170344043;209,0;147,0;1,4217687074829932;32;55,0;113,0;8,0;24,0;0,2631578947368421;0,7687074829931972
2025-10-09 15:31:03.788;p_shape;25324,75;25324,25;0,5;0,001974392134021738;211,0;147,0;1,435374149659864;32;55,0;113,0;8,0;24,0;0,26066350710900477;0,7687074829931972
2025-10-09 15:31:03.796;p_shape;25325,0;25324,75;0,25;0,0009871765762741983;212,0;147,0;1,4421768707482994;32;55,0;113,0;8,0;24,0;0,25943396226415094;0,7687074829931972
2025-10-09 15:31:03.808;p_shape;25325,25;25325,0;0,25;0,000987166831194472;214,0;147,0;1,4557823129251701;32;54,0;113,0;8,0;24,0;0,2523364485981308;0,7687074829931972
2025-10-09 15:31:03.840;p_shape;25325,75;25325,0;0,75;0,0029615004935834156;217,0;147,0;1,4761904761904763;33;56,0;113,0;8,0;24,0;0,25806451612903225;0,7687074829931972
2025-10-09 15:31:03.852;p_shape;25326,0;25325,75;0,25;0,000987137597109661;221,0;147,0;1,5034013605442176;34;56,0;112,0;8,0;24,0;0,25339366515837103;0,7619047619047619
2025-10-09 15:31:03.868;p_shape;25326,5;25326,0;0,5;0,0019742557055989892;222,0;147,0;1,510204081632653;35;58,0;112,0;8,0;24,0;0,26126126126126126;0,7619047619047619
2025-10-09 15:31:03.872;p_shape;25326,75;25326,5;0,25;0,000987108364756283;231,0;147,0;1,5714285714285714;36;58,0;112,0;8,0;24,0;0,2510822510822511;0,7619047619047619
2025-10-09 15:31:03.880;p_shape;25327,25;25326,75;0,5;0,0019741972420464528;232,0;147,0;1,5782312925170068;37;62,0;112,0;8,0;24,0;0,2672413793103448;0,7619047619047619
2025-10-09 15:31:03.892;p_shape;25327,5;25327,0;0,5;0,001974177754965057;233,0;147,0;1,5850340136054422;38;68,0;109,0;8,0;24,0;0,2918454935622318;0,7414965986394558
2025-10-09 15:31:03.928;p_shape;25328,25;25327,5;0,75;0,002961208172934557;229,0;157,0;1,4585987261146496;40;112,0;112,0;33,0;24,0;0,4890829694323144;0,7133757961783439
2025-10-09 15:31:03.952;p_shape;25328,5;25328,25;0,25;0,000987040162664219;229,0;158,0;1,4493670886075949;41;127,0;114,0;33,0;24,0;0,5545851528384279;0,7215189873417721
2025-10-09 15:31:04.024;p_shape;25328,25;25327,75;0,5;0,001974119296029059;226,0;160,0;1,4125;39;136,0;112,0;33,0;24,0;0,6017699115044248;0,7
2025-10-09 15:31:04.048;p_shape;25328,0;25327,75;0,25;0,0009870596480145296;230,0;160,0;1,4375;39;135,0;112,0;33,0;24,0;0,5869565217391305;0,7
2025-10-09 15:31:04.052;p_shape;25328,25;25328,0;0,25;0,000987049905243209;233,0;160,0;1,45625;39;135,0;112,0;33,0;24,0;0,5793991416309013;0,7
2025-10-09 15:31:04.064;p_shape;25328,0;25327,5;0,5;0,0019741387819563715;236,0;160,0;1,475;39;135,0;112,0;33,0;24,0;0,5720338983050848;0,7
2025-10-09 15:31:04.068;p_shape;25328,25;25328,0;0,25;0,000987049905243209;241,0;160,0;1,50625;39;135,0;112,0;33,0;24,0;0,5601659751037344;0,7
2025-10-09 15:31:04.072;p_shape;25328,5;25328,25;0,25;0,000987040162664219;245,0;160,0;1,53125;39;135,0;112,0;33,0;24,0;0,5510204081632653;0,7
2025-10-09 15:31:06.076;p_shape;25331,0;25330,5;0,5;0,001973904976214445;211,0;168,0;1,255952380952381;44;94,0;118,0;11,0;22,0;0,44549763033175355;0,7023809523809523
2025-10-09 15:31:06.116;p_shape;25331,0;25330,75;0,25;0,0009869427474512203;212,0;164,0;1,2926829268292683;44;94,0;120,0;11,0;22,0;0,44339622641509435;0,7317073170731707
2025-10-09 15:31:06.172;p_shape;25331,25;25331,0;0,25;0,0009869330069874858;212,0;164,0;1,2926829268292683;44;94,0;121,0;11,0;22,0;0,44339622641509435;0,7378048780487805
2025-10-09 15:31:06.372;p_shape;25330,75;25330,0;0,75;0,0029609159099881566;216,0;154,0;1,4025974025974026;44;94,0;122,0;11,0;22,0;0,4351851851851852;0,7922077922077922
2025-10-09 15:31:06.436;p_shape;25331,0;25330,75;0,25;0,0009869427474512203;216,0;153,0;1,411764705882353;44;94,0;123,0;11,0;22,0;0,4351851851851852;0,803921568627451
2025-10-09 15:31:06.520;p_shape;25330,75;25330,5;0,25;0,0009869524881072225;219,0;150,0;1,46;44;94,0;123,0;11,0;22,0;0,4292237442922374;0,82
2025-10-09 15:31:06.544;p_shape;25331,5;25330,75;0,75;0,002960828242353661;221,0;153,0;1,4444444444444444;44;94,0;126,0;11,0;22,0;0,4253393665158371;0,8235294117647058
2025-10-09 15:31:06.548;p_shape;25331,75;25331,5;0,25;0,000986913526636796;221,0;154,0;1,4350649350649352;44;94,0;127,0;11,0;23,0;0,4253393665158371;0,8246753246753247
2025-10-09 15:31:06.572;p_shape;25331,25;25331,0;0,25;0,0009869330069874858;221,0;155,0;1,4258064516129032;44;94,0;130,0;11,0;23,0;0,4253393665158371;0,8387096774193549
2025-10-09 15:31:06.584;p_shape;25331,25;25331,0;0,25;0,0009869330069874858;221,0;159,0;1,389937106918239;44;94,0;134,0;11,0;23,0;0,4253393665158371;0,8427672955974843
2025-10-09 15:31:06.620;p_shape;25331,75;25331,25;0,5;0,0019738465334320256;221,0;158,0;1,3987341772151898;44;94,0;137,0;11,0;26,0;0,4253393665158371;0,8670886075949367
2025-10-09 15:31:06.700;p_shape;25331,75;25331,5;0,25;0,000986913526636796;221,0;160,0;1,38125;44;94,0;142,0;11,0;28,0;0,4253393665158371;0,8875
2025-10-09 15:31:06.992;p_shape;25331,0;25330,75;0,25;0,0009869427474512203;222,0;149,0;1,4899328859060403;44;94,0;146,0;11,0;28,0;0,42342342342342343;0,9798657718120806
2025-10-09 15:31:07.028;p_shape;25330,25;25329,75;0,5;0,001973963422457782;227,0;146,0;1,5547945205479452;42;97,0;146,0;11,0;28,0;0,42731277533039647;1,0
2025-10-09 15:31:07.160;p_shape;25330,5;25329,75;0,75;0,002960945133686673;226,0;146,0;1,547945205479452;40;102,0;143,0;11,0;28,0;0,45132743362831856;0,9794520547945206
2025-10-09 15:31:07.316;p_shape;25331,0;25330,5;0,5;0,001973904976214445;227,0;146,0;1,5547945205479452;40;101,0;143,0;11,0;28,0;0,44493392070484583;0,9794520547945206
2025-10-09 15:31:07.328;p_shape;25332,25;25331,0;1,25;0,004934665034937428;229,0;146,0;1,5684931506849316;40;101,0;143,0;11,0;28,0;0,4410480349344978;0,9794520547945206
2025-10-09 15:31:07.356;p_shape;25333,0;25332,25;0,75;0,0029606529226578766;230,0;146,0;1,5753424657534247;41;110,0;143,0;11,0;28,0;0,4782608695652174;0,9794520547945206
2025-10-09 15:31:07.412;p_shape;25333,75;25332,75;1,0;0,003947459316497419;235,0;150,0;1,5666666666666667;44;123,0;136,0;14,0;28,0;0,5234042553191489;0,9066666666666666
2025-10-09 15:31:07.500;p_shape;25333,75;25333,25;0,5;0,001973690702929944;235,0;151,0;1,5562913907284768;44;122,0;137,0;14,0;28,0;0,5191489361702127;0,9072847682119205
2025-10-09 15:31:07.704;p_shape;25333,0;25332,5;0,5;0,0019737491364847527;233,0;152,0;1,5328947368421053;43;126,0;138,0;14,0;28,0;0,5407725321888412;0,9078947368421053
2025-10-09 15:31:07.748;p_shape;25333,75;25333,0;0,75;0,0029605652705956657;233,0;153,0;1,522875816993464;43;126,0;139,0;14,0;28,0;0,5407725321888412;0,9084967320261438
2025-10-09 15:31:07.820;p_shape;25333,5;25333,25;0,25;0,000986845351464972;233,0;156,0;1,4935897435897436;43;125,0;142,0;14,0;28,0;0,5364806866952789;0,9102564102564102
2025-10-09 15:31:07.896;p_shape;25334,75;25333,5;1,25;0,004934178064617996;231,0;162,0;1,4259259259259258;46;131,0;147,0;14,0;28,0;0,5670995670995671;0,9074074074074074
2025-10-09 15:31:07.960;p_shape;25333,75;25333,5;0,25;0,0009868356129235992;229,0;167,0;1,3712574850299402;45;132,0;152,0;14,0;28,0;0,5764192139737991;0,9101796407185628
2025-10-09 15:31:07.968;p_shape;25334,5;25333,75;0,75;0,0029604776237232944;229,0;169,0;1,3550295857988166;45;132,0;154,0;14,0;28,0;0,5764192139737991;0,9112426035502958
2025-10-09 15:31:08.264;p_shape;25332,5;25331,75;0,75;0,0029607113602494895;200,0;177,0;1,1299435028248588;45;102,0;162,0;14,0;28,0;0,51;0,9152542372881356
2025-10-09 15:31:08.268;p_shape;25332,75;25332,5;0,25;0,0009868745682423763;200,0;178,0;1,1235955056179776;45;102,0;163,0;14,0;28,0;0,51;0,9157303370786517
2025-10-09 15:31:08.352;p_shape;25333,0;25332,5;0,5;0,0019737491364847527;199,0;181,0;1,0994475138121547;45;101,0;166,0;14,0;28,0;0,507537688442211;0,9171270718232044
2025-10-09 15:31:08.516;p_shape;25332,0;25331,5;0,5;0,001973827053273592;200,0;188,0;1,0638297872340425;44;99,0;173,0;14,0;28,0;0,495;0,9202127659574468
2025-10-09 15:31:08.640;p_shape;25332,0;25331,5;0,5;0,001973827053273592;200,0;191,0;1,0471204188481675;44;94,0;176,0;14,0;28,0;0,47;0,9214659685863874
2025-10-09 15:31:08.652;p_shape;25332,25;25332,0;0,25;0,0009868940470551082;199,0;194,0;1,0257731958762886;44;93,0;179,0;14,0;28,0;0,46733668341708545;0,9226804123711341
2025-10-09 15:31:09.500;p_shape;25333,25;25331,25;2,0;0,007895386133728102;136,0;194,0;0,7010309278350515;27;114,0;163,0;21,0;28,0;0,8382352941176471;0,8402061855670103
2025-10-09 15:31:09.548;p_shape;25333,75;25333,25;0,5;0,001973690702929944;133,0;197,0;0,6751269035532995;26;111,0;145,0;21,0;28,0;0,8345864661654135;0,7360406091370558
2025-10-09 15:31:09.564;p_shape;25334,0;25333,75;0,25;0,0009868258745744313;130,0;199,0;0,6532663316582915;26;108,0;147,0;21,0;28,0;0,8307692307692308;0,7386934673366834
2025-10-09 15:31:09.620;p_shape;25333,25;25333,0;0,25;0,0009868550901985552;128,0;208,0;0,6153846153846154;26;106,0;156,0;21,0;28,0;0,828125;0,75
2025-10-09 15:31:09.724;p_shape;25333,5;25333,25;0,25;0,000986845351464972;124,0;213,0;0,5821596244131455;26;102,0;161,0;21,0;28,0;0,8225806451612904;0,755868544600939
2025-10-09 15:31:14.184;d_shape;25328,25;25328,75;-0,5;-0,0019740413561664116;132,0;149,0;0,8859060402684564;31;121,0;79,0;20,0;11,0;0,9166666666666666;0,5302013422818792
2025-10-09 15:31:14.224;d_shape;25328,0;25328,25;-0,25;-0,000987040162664219;135,0;149,0;0,9060402684563759;31;124,0;79,0;20,0;11,0;0,9185185185185185;0,5302013422818792
2025-10-09 15:31:14.448;d_shape;25328,25;25328,5;-0,25;-0,0009870304202775528;126,0;144,0;0,875;31;126,0;74,0;20,0;10,0;1,0;0,5138888888888888
2025-10-09 15:31:14.608;d_shape;25328,0;25328,5;-0,5;-0,0019740608405551057;129,0;128,0;1,0078125;29;122,0;74,0;20,0;16,0;0,9457364341085271;0,578125
2025-10-09 15:31:14.820;d_shape;25328,25;25328,75;-0,5;-0,0019740413561664116;132,0;123,0;1,0731707317073171;28;112,0;68,0;20,0;16,0;0,8484848484848485;0,5528455284552846
2025-10-09 15:31:14.884;d_shape;25328,0;25328,5;-0,5;-0,0019740608405551057;135,0;117,0;1,1538461538461537;26;107,0;83,0;20,0;21,0;0,7925925925925926;0,7094017094017094
2025-10-09 15:31:15.184;d_shape;25328,0;25328,25;-0,25;-0,000987040162664219;136,0;111,0;1,2252252252252251;25;108,0;89,0;20,0;21,0;0,7941176470588235;0,8018018018018018
2025-10-09 15:31:15.344;d_shape;25327,5;25328,75;-1,25;-0,004935103390416029;136,0;115,0;1,182608695652174;23;100,0;89,0;20,0;21,0;0,7352941176470589;0,7739130434782608
2025-10-09 15:31:15.348;d_shape;25327,25;25327,5;-0,25;-0,0009870693909781857;136,0;119,0;1,1428571428571428;23;100,0;89,0;20,0;21,0;0,7352941176470589;0,7478991596638656
2025-10-09 15:31:22.388;d_shape;25323,25;25324,25;-1,0;-0,003948784268043476;88,0;253,0;0,34782608695652173;27;68,0;167,0;20,0;81,0;0,7727272727272727;0,6600790513833992
2025-10-09 15:31:22.436;d_shape;25323,0;25323,25;-0,25;-0,0009872350507932432;83,0;253,0;0,32806324110671936;27;64,0;167,0;22,0;81,0;0,7710843373493976;0,6600790513833992
2025-10-09 15:31:22.704;d_shape;25323,0;25324,0;-1,0;-0,003948823250671299;71,0;253,0;0,28063241106719367;27;66,0;167,0;23,0;81,0;0,9295774647887324;0,6600790513833992
2025-10-09 15:31:23.140;p_shape;25326,0;25325,5;0,5;0,001974294683224418;102,0;250,0;0,408;23;96,0;194,0;24,0;81,0;0,9411764705882353;0,776
2025-10-09 15:31:23.900;p_shape;25325,5;25324,75;0,75;0,0029615297288225944;120,0;234,0;0,5128205128205128;19;85,0;199,0;24,0;81,0;0,7083333333333334;0,8504273504273504
2025-10-09 15:31:23.940;p_shape;25325,75;25325,5;0,25;0,000987147341612209;120,0;232,0;0,5172413793103449;19;85,0;197,0;24,0;81,0;0,7083333333333334;0,8491379310344828
2025-10-09 15:31:23.944;p_shape;25326,0;25325,75;0,25;0,000987137597109661;120,0;234,0;0,5128205128205128;19;85,0;199,0;24,0;81,0;0,7083333333333334;0,8504273504273504
2025-10-09 15:31:23.948;p_shape;25326,25;25326,0;0,25;0,0009871278527994946;120,0;234,0;0,5128205128205128;19;85,0;199,0;24,0;81,0;0,7083333333333334;0,8504273504273504
2025-10-09 15:31:23.952;p_shape;25326,5;25326,25;0,25;0,0009871181086817038;120,0;235,0;0,5106382978723404;20;85,0;195,0;24,0;81,0;0,7083333333333334;0,8297872340425532
2025-10-09 15:31:24.068;p_shape;25326,0;25325,75;0,25;0,000987137597109661;122,0;227,0;0,5374449339207048;20;85,0;187,0;24,0;80,0;0,6967213114754098;0,8237885462555066
2025-10-09 15:31:24.164;p_shape;25326,75;25326,0;0,75;0,002961383558398484;124,0;223,0;0,5560538116591929;21;96,0;183,0;24,0;80,0;0,7741935483870968;0,820627802690583
2025-10-09 15:31:24.276;p_shape;25327,25;25326,5;0,75;0,002961325094268849;133,0;221,0;0,6018099547511312;23;100,0;169,0;24,0;80,0;0,7518796992481203;0,7647058823529411
2025-10-09 15:31:28.744;p_shape;25331,0;25330,75;0,25;0,0009869427474512203;127,0;132,0;0,9621212121212122;30;47,0;124,0;7,0;20,0;0,3700787401574803;0,9393939393939394
2025-10-09 15:31:29.424;p_shape;25331,75;25330,75;1,0;0,003947770989804881;102,0;134,0;0,7611940298507462;19;44,0;113,0;8,0;22,0;0,43137254901960786;0,8432835820895522
2025-10-09 15:31:30.340;p_shape;25332,25;25331,0;1,25;0,004934665034937428;74,0;161,0;0,45962732919254656;19;32,0;138,0;7,0;28,0;0,43243243243243246;0,8571428571428571
2025-10-09 15:31:30.344;p_shape;25332,5;25332,25;0,25;0,0009868843075526257;74,0;178,0;0,4157303370786517;20;32,0;153,0;7,0;29,0;0,43243243243243246;0,8595505617977528
2025-10-09 15:31:30.360;p_shape;25332,25;25332,0;0,25;0,0009868940470551082;74,0;196,0;0,37755102040816324;21;44,0;171,0;12,0;29,0;0,5945945945945946;0,8724489795918368
2025-10-09 15:31:30.860;d_shape;25328,0;25329,25;-1,25;-0,004935005971357226;62,0;271,0;0,22878228782287824;19;60,0;247,0;28,0;105,0;0,967741935483871;0,9114391143911439
2025-10-09 15:31:30.924;d_shape;25328,0;25328,5;-0,5;-0,0019740608405551057;59,0;275,0;0,21454545454545454;19;57,0;247,0;28,0;105,0;0,9661016949152542;0,8981818181818182
2025-10-09 15:31:31.056;d_shape;25327,25;25327,75;-0,5;-0,001974119296029059;51,0;273,0;0,18681318681318682;19;49,0;247,0;28,0;105,0;0,9607843137254902;0,9047619047619048
2025-10-09 15:31:34.012;d_shape;25323,25;25324,0;-0,75;-0,0029616174380034752;73,0;285,0;0,256140350877193;41;72,0;214,0;20,0;98,0;0,9863013698630136;0,7508771929824561
2025-10-09 15:31:34.088;d_shape;25323,0;25323,25;-0,25;-0,0009872350507932432;74,0;283,0;0,26148409893992935;41;73,0;212,0;20,0;98,0;0,9864864864864865;0,7491166077738516
2025-10-09 15:31:34.144;d_shape;25323,0;25323,25;-0,25;-0,0009872350507932432;77,0;283,0;0,27208480565371024;41;76,0;212,0;20,0;98,0;0,987012987012987;0,7491166077738516
2025-10-09 15:31:34.524;d_shape;25324,0;25324,75;-0,75;-0,0029615297288225944;92,0;276,0;0,3333333333333333;41;92,0;204,0;22,0;96,0;1,0;0,7391304347826086
2025-10-09 15:31:34.852;d_shape;25324,0;25324,5;-0,5;-0,001974372643092657;97,0;272,0;0,35661764705882354;41;97,0;200,0;22,0;96,0;1,0;0,7352941176470589
2025-10-09 15:31:34.856;d_shape;25323,75;25324,0;-0,25;-0,0009872058126678249;98,0;272,0;0,3602941176470588;41;98,0;200,0;23,0;96,0;1,0;0,7352941176470589
2025-10-09 15:31:35.020;d_shape;25324,25;25324,5;-0,25;-0,0009871863215463285;101,0;269,0;0,3754646840148699;40;101,0;196,0;23,0;96,0;1,0;0,7286245353159851
2025-10-09 15:31:35.036;d_shape;25324,0;25324,25;-0,25;-0,000987196067010869;101,0;270,0;0,37407407407407406;40;101,0;196,0;23,0;96,0;1,0;0,725925925925926
2025-10-09 15:31:35.060;d_shape;25323,75;25324,0;-0,25;-0,0009872058126678249;101,0;270,0;0,37407407407407406;40;101,0;194,0;23,0;96,0;1,0;0,7185185185185186
2025-10-09 15:31:35.128;d_shape;25323,5;25323,75;-0,25;-0,0009872155585172022;104,0;270,0;0,3851851851851852;40;104,0;194,0;23,0;96,0;1,0;0,7185185185185186
2025-10-09 15:31:35.140;d_shape;25323,0;25323,5;-0,5;-0,001974450609118013;106,0;270,0;0,3925925925925926;40;106,0;194,0;23,0;96,0;1,0;0,7185185185185186
2025-10-09 15:31:35.456;d_shape;25322,5;25324,0;-1,5;-0,0059232348760069505;109,0;123,0;0,8861788617886179;32;109,0;65,0;23,0;9,0;1,0;0,5284552845528455
2025-10-09 15:31:36.184;d_shape;25323,75;25324,0;-0,25;-0,0009872058126678249;119,0;96,0;1,2395833333333333;27;119,0;57,0;24,0;10,0;1,0;0,59375
2025-10-09 15:31:36.228;d_shape;25323,5;25323,75;-0,25;-0,0009872155585172022;123,0;96,0;1,28125;27;123,0;57,0;27,0;10,0;1,0;0,59375
2025-10-09 15:31:36.256;d_shape;25323,0;25323,5;-0,5;-0,001974450609118013;124,0;93,0;1,3333333333333333;27;124,0;54,0;27,0;10,0;1,0;0,5806451612903226
2025-10-09 15:31:36.308;d_shape;25322,75;25323,0;-0,25;-0,0009872447972199185;125,0;84,0;1,4880952380952381;24;123,0;47,0;27,0;10,0;0,984;0,5595238095238095
2025-10-09 15:31:37.260;d_shape;25323,25;25323,5;-0,25;-0,0009872253045590065;137,0;57,0;2,4035087719298245;17;129,0;35,0;32,0;6,0;0,9416058394160584;0,6140350877192983
2025-10-09 15:32:05.448;p_shape;25324,0;25323,25;0,75;0,00296170515237973;131,0;260,0;0,5038461538461538;31;111,0;183,0;17,0;67,0;0,8473282442748091;0,7038461538461539
2025-10-09 15:32:05.484;p_shape;25324,25;25324,0;0,25;0,0009872058126678249;131,0;264,0;0,4962121212121212;31;111,0;187,0;17,0;65,0;0,8473282442748091;0,7083333333333334
2025-10-09 15:32:05.512;p_shape;25324,5;25324,25;0,25;0,000987196067010869;131,0;263,0;0,49809885931558934;31;111,0;186,0;17,0;65,0;0,8473282442748091;0,7072243346007605
2025-10-09 15:32:05.532;p_shape;25324,75;25324,5;0,25;0,0009871863215463285;131,0;262,0;0,5;31;111,0;185,0;17,0;65,0;0,8473282442748091;0,7061068702290076
2025-10-09 15:32:10.624;d_shape;25316,25;25317,0;-0,75;-0,0029624363076193863;81,0;107,0;0,7570093457943925;32;69,0;70,0;26,0;11,0;0,8518518518518519;0,6542056074766355
2025-10-09 15:32:10.724;d_shape;25316,0;25316,25;-0,25;-0,000987508023502691;82,0;107,0;0,7663551401869159;32;70,0;70,0;26,0;11,0;0,8536585365853658;0,6542056074766355
2025-10-09 15:32:10.844;d_shape;25316,0;25316,25;-0,25;-0,000987508023502691;81,0;107,0;0,7570093457943925;32;73,0;70,0;26,0;11,0;0,9012345679012346;0,6542056074766355
2025-10-09 15:32:11.016;d_shape;25316,25;25316,75;-0,5;-0,0019749770408918994;81,0;107,0;0,7570093457943925;30;69,0;73,0;26,0;11,0;0,8518518518518519;0,6822429906542056
2025-10-09 15:32:11.120;d_shape;25317,0;25317,25;-0,25;-0,0009874690181595552;85,0;106,0;0,8018867924528302;30;73,0;72,0;26,0;11,0;0,8588235294117647;0,6792452830188679
2025-10-09 15:32:11.156;d_shape;25317,0;25317,25;-0,25;-0,0009874690181595552;87,0;106,0;0,8207547169811321;30;75,0;72,0;26,0;11,0;0,8620689655172413;0,6792452830188679
2025-10-09 15:32:11.240;d_shape;25316,75;25317,0;-0,25;-0,0009874787692064622;89,0;98,0;0,9081632653061225;30;77,0;64,0;26,0;11,0;0,8651685393258427;0,6530612244897959
2025-10-09 15:32:11.328;d_shape;25316,5;25316,75;-0,25;-0,0009874885204459497;90,0;93,0;0,967741935483871;29;78,0;60,0;26,0;11,0;0,8666666666666667;0,6451612903225806
2025-10-09 15:32:11.432;d_shape;25316,0;25316,5;-0,5;-0,001974996543756048;91,0;93,0;0,978494623655914;29;79,0;60,0;26,0;11,0;0,8681318681318682;0,6451612903225806
2025-10-09 15:32:11.588;d_shape;25317,25;25317,5;-0,25;-0,0009874592673052235;99,0;90,0;1,1;27;81,0;60,0;26,0;11,0;0,8181818181818182;0,6666666666666666
2025-10-09 15:32:11.664;d_shape;25317,25;25318,0;-0,75;-0,00296231929852279;100,0;91,0;1,098901098901099;26;81,0;59,0;26,0;11,0;0,81;0,6483516483516484
2025-10-09 15:32:12.316;d_shape;25317,0;25318,25;-1,25;-0,004937150079488116;109,0;81,0;1,345679012345679;25;90,0;51,0;26,0;10,0;0,8256880733944955;0,6296296296296297
2025-10-09 15:32:14.236;p_shape;25319,5;25318,25;1,25;0,004937150079488116;111,0;230,0;0,4826086956521739;21;87,0;189,0;26,0;122,0;0,7837837837837838;0,8217391304347826
2025-10-09 15:32:16.344;p_shape;25319,5;25318,75;0,75;0,0029622315477659837;71,0;212,0;0,33490566037735847;17;52,0;182,0;11,0;126,0;0,7323943661971831;0,8584905660377359
2025-10-09 15:32:16.352;p_shape;25320,0;25319,5;0,5;0,00197476253480519;71,0;214,0;0,3317757009345794;17;52,0;184,0;11,0;126,0;0,7323943661971831;0,8598130841121495
2025-10-09 15:32:16.372;p_shape;25321,0;25320,0;1,0;0,0039494470774091624;71,0;218,0;0,3256880733944954;18;52,0;184,0;11,0;126,0;0,7323943661971831;0,8440366972477065
2025-10-09 15:32:17.268;p_shape;25321,0;25319,5;1,5;0,005924287604415569;56,0;225,0;0,24888888888888888;16;44,0;168,0;10,0;126,0;0,7857142857142857;0,7466666666666667
2025-10-09 15:32:17.496;p_shape;25320,5;25320,25;0,25;0,0009873520206159102;50,0;232,0;0,21551724137931033;15;44,0;175,0;10,0;126,0;0,88;0,7543103448275862
2025-10-09 15:32:32.136;d_shape;25315,25;25316,0;-0,75;-0,0029625533259598673;96,0;79,0;1,2151898734177216;24;86,0;34,0;22,0;7,0;0,8958333333333334;0,43037974683544306
2025-10-09 15:32:38.004;d_shape;25316,5;25318,5;-2,0;-0,007899362126508285;62,0;133,0;0,46616541353383456;16;54,0;68,0;33,0;14,0;0,8709677419354839;0,5112781954887218
2025-10-09 15:32:38.008;d_shape;25316,25;25316,5;-0,25;-0,000987498271878024;86,0;133,0;0,6466165413533834;16;78,0;68,0;53,0;14,0;0,9069767441860465;0,5112781954887218
2025-10-09 15:32:38.012;d_shape;25315,5;25316,25;-0,75;-0,002962524070508073;88,0;133,0;0,6616541353383458;17;80,0;79,0;53,0;14,0;0,9090909090909091;0,5939849624060151
2025-10-09 15:32:39.600;d_shape;25316,25;25317,5;-1,25;-0,0049372963365261185;81,0;61,0;1,3278688524590163;16;73,0;42,0;53,0;9,0;0,9012345679012346;0,6885245901639344
2025-10-09 15:32:39.816;d_shape;25316,25;25316,5;-0,25;-0,000987498271878024;83,0;54,0;1,537037037037037;17;75,0;44,0;53,0;9,0;0,9036144578313253;0,8148148148148148
2025-10-09 15:32:40.860;d_shape;25316,25;25317,0;-0,75;-0,0029624363076193863;69,0;64,0;1,078125;17;67,0;48,0;49,0;9,0;0,9710144927536232;0,75
2025-10-09 15:32:55.304;d_shape;25310,5;25310,75;-0,25;-0,000987722607982774;98,0;218,0;0,44954128440366975;37;70,0;96,0;22,0;14,0;0,7142857142857143;0,44036697247706424
2025-10-09 15:32:55.312;d_shape;25310,0;25310,5;-0,5;-0,00197546472807728;99,0;218,0;0,4541284403669725;37;71,0;96,0;22,0;14,0;0,7171717171717171;0,44036697247706424
2025-10-09 15:32:56.148;d_shape;25312,0;25312,5;-0,5;-0,0019753086419753087;106,0;225,0;0,4711111111111111;35;89,0;81,0;23,0;14,0;0,839622641509434;0,36
2025-10-09 15:32:56.212;d_shape;25311,75;25312,0;-0,25;-0,0009876738305941847;106,0;227,0;0,4669603524229075;35;89,0;81,0;23,0;14,0;0,839622641509434;0,3568281938325991
2025-10-09 15:32:56.244;d_shape;25311,0;25311,75;-0,75;-0,0029630507570594686;108,0;227,0;0,47577092511013214;35;91,0;81,0;23,0;14,0;0,8425925925925926;0,3568281938325991
2025-10-09 15:32:56.492;d_shape;25312,0;25312,5;-0,5;-0,0019753086419753087;99,0;233,0;0,4248927038626609;35;91,0;81,0;23,0;14,0;0,9191919191919192;0,34763948497854075
2025-10-09 15:32:56.596;d_shape;25312,0;25312,25;-0,25;-0,0009876640756945748;98,0;242,0;0,4049586776859504;35;91,0;81,0;23,0;14,0;0,9285714285714286;0,3347107438016529
2025-10-09 15:32:56.684;d_shape;25312,0;25312,5;-0,5;-0,0019753086419753087;98,0;247,0;0,3967611336032389;35;91,0;81,0;23,0;14,0;0,9285714285714286;0,32793522267206476
2025-10-09 15:32:56.848;d_shape;25311,75;25312,5;-0,75;-0,002962962962962963;92,0;252,0;0,36507936507936506;35;91,0;81,0;23,0;14,0;0,9891304347826086;0,32142857142857145
2025-10-09 15:32:56.908;d_shape;25311,75;25312,0;-0,25;-0,0009876738305941847;92,0;255,0;0,3607843137254902;35;91,0;80,0;23,0;14,0;0,9891304347826086;0,3137254901960784
2025-10-09 15:32:56.912;d_shape;25311,25;25311,75;-0,5;-0,0019753671713729788;93,0;256,0;0,36328125;35;92,0;80,0;23,0;14,0;0,989247311827957;0,3125
2025-10-09 15:32:57.044;d_shape;25311,0;25311,25;-0,25;-0,0009877030964492075;96,0;258,0;0,37209302325581395;35;95,0;79,0;23,0;14,0;0,9895833333333334;0,3062015503875969
2025-10-09 15:32:57.480;d_shape;25311,25;25312,0;-0,75;-0,0029630214917825536;102,0;245,0;0,4163265306122449;30;101,0;83,0;23,0;14,0;0,9901960784313726;0,33877551020408164
2025-10-09 15:32:59.172;d_shape;25310,5;25311,5;-1,0;-0,003950773363885981;112,0;168,0;0,6666666666666666;14;90,0;122,0;24,0;26,0;0,8035714285714286;0,7261904761904762
2025-10-09 15:32:59.184;d_shape;25310,75;25311,0;-0,25;-0,0009877128521196318;126,0;162,0;0,7777777777777778;14;104,0;113,0;26,0;23,0;0,8253968253968254;0,6975308641975309
2025-10-09 15:32:59.348;d_shape;25310,5;25311,25;-0,75;-0,002963109289347622;131,0;162,0;0,808641975308642;14;109,0;108,0;27,0;23,0;0,8320610687022901;0,6666666666666666
2025-10-09 15:32:59.684;d_shape;25310,5;25311,0;-0,5;-0,0019754257042392635;135,0;136,0;0,9926470588235294;14;113,0;81,0;28,0;16,0;0,837037037037037;0,5955882352941176
2025-10-09 15:33:00.040;d_shape;25310,75;25311,25;-0,5;-0,001975406192898415;125,0;115,0;1,0869565217391304;14;103,0;79,0;23,0;16,0;0,824;0,6869565217391305
2025-10-09 15:33:00.044;d_shape;25310,5;25310,75;-0,25;-0,000987722607982774;127,0;115,0;1,1043478260869566;14;105,0;79,0;23,0;16,0;0,8267716535433071;0,6869565217391305
2025-10-09 15:33:00.264;d_shape;25309,75;25310,5;-0,75;-0,0029631970921159202;95,0;115,0;0,8260869565217391;15;73,0;84,0;20,0;16,0;0,7684210526315789;0,7304347826086957
2025-10-09 15:33:10.748;d_shape;25308,5;25308,75;-0,25;-0,0009878006618264435;34,0;117,0;0,2905982905982906;31;31,0;67,0;20,0;8,0;0,9117647058823529;0,5726495726495726
2025-10-09 15:33:10.868;d_shape;25308,5;25308,75;-0,25;-0,0009878006618264435;37,0;117,0;0,3162393162393162;31;34,0;65,0;23,0;8,0;0,918918918918919;0,5555555555555556
2025-10-09 15:33:11.020;d_shape;25308,5;25308,75;-0,25;-0,0009878006618264435;37,0;112,0;0,33035714285714285;31;34,0;56,0;23,0;8,0;0,918918918918919;0,5
2025-10-09 15:33:11.040;d_shape;25308,25;25308,5;-0,25;-0,000987810419424304;37,0;134,0;0,27611940298507465;32;34,0;56,0;23,0;8,0;0,918918918918919;0,417910447761194
2025-10-09 15:33:11.044;d_shape;25306,75;25308,25;-1,5;-0,005926921063289639;37,0;157,0;0,2356687898089172;38;32,0;65,0;23,0;8,0;0,8648648648648649;0,4140127388535032
2025-10-09 15:33:11.536;d_shape;25303,75;25306,0;-2,25;-0,008891172054058327;85,0;212,0;0,4009433962264151;50;72,0;77,0;23,0;8,0;0,8470588235294118;0,3632075471698113
2025-10-09 15:33:11.556;d_shape;25304,25;25304,75;-0,5;-0,001975913613056837;92,0;212,0;0,4339622641509434;50;79,0;77,0;23,0;8,0;0,8586956521739131;0,3632075471698113
2025-10-09 15:33:11.600;d_shape;25305,25;25305,5;-0,25;-0,0009879275256367193;103,0;211,0;0,4881516587677725;50;90,0;76,0;23,0;8,0;0,8737864077669902;0,36018957345971564
2025-10-09 15:33:11.732;d_shape;25305,5;25306,25;-0,75;-0,0029636947394418374;104,0;210,0;0,49523809523809526;50;91,0;73,0;23,0;8,0;0,875;0,3476190476190476
2025-10-09 15:33:11.740;d_shape;25305,0;25305,5;-0,5;-0,0019758550512734385;108,0;210,0;0,5142857142857142;50;95,0;73,0;23,0;8,0;0,8796296296296297;0,3476190476190476
2025-10-09 15:33:11.756;d_shape;25305,5;25306,0;-0,5;-0,0019758160120129614;123,0;211,0;0,5829383886255924;50;110,0;73,0;23,0;8,0;0,8943089430894309;0,3459715639810427
2025-10-09 15:33:11.768;d_shape;25305,25;25305,5;-0,25;-0,0009879275256367193;124,0;211,0;0,5876777251184834;50;111,0;73,0;23,0;8,0;0,8951612903225806;0,3459715639810427
2025-10-09 15:33:11.820;d_shape;25305,25;25305,5;-0,25;-0,0009879275256367193;132,0;211,0;0,6255924170616114;50;119,0;73,0;25,0;8,0;0,9015151515151515;0,3459715639810427
2025-10-09 15:33:11.860;d_shape;25305,5;25305,75;-0,25;-0,000987917765725181;134,0;211,0;0,6350710900473934;50;121,0;73,0;25,0;8,0;0,9029850746268657;0,3459715639810427
2025-10-09 15:33:11.920;d_shape;25305,0;25305,75;-0,75;-0,0029637532971755432;136,0;209,0;0,6507177033492823;49;123,0;74,0;25,0;8,0;0,9044117647058824;0,35406698564593303
2025-10-09 15:33:12.024;d_shape;25305,5;25306,0;-0,5;-0,0019758160120129614;138,0;209,0;0,6602870813397129;49;125,0;73,0;25,0;8,0;0,9057971014492754;0,3492822966507177
2025-10-09 15:33:12.152;d_shape;25305,75;25306,0;-0,25;-0,0009879080060064807;142,0;209,0;0,6794258373205742;48;131,0;73,0;25,0;8,0;0,9225352112676056;0,3492822966507177
2025-10-09 15:33:12.192;d_shape;25305,5;25305,75;-0,25;-0,000987917765725181;143,0;203,0;0,7044334975369458;46;132,0;71,0;25,0;8,0;0,9230769230769231;0,3497536945812808
2025-10-09 15:33:12.280;d_shape;25305,5;25305,75;-0,25;-0,000987917765725181;152,0;202,0;0,7524752475247525;46;141,0;70,0;28,0;8,0;0,9276315789473685;0,3465346534653465
2025-10-09 15:33:12.320;d_shape;25305,75;25306,25;-0,5;-0,001975796492961225;154,0;199,0;0,7738693467336684;45;143,0;71,0;28,0;8,0;0,9285714285714286;0,35678391959798994
2025-10-09 15:33:12.396;d_shape;25306,25;25306,5;-0,25;-0,000987888487147571;158,0;199,0;0,7939698492462312;45;147,0;71,0;28,0;8,0;0,930379746835443;0,35678391959798994
2025-10-09 15:33:12.428;d_shape;25306,0;25306,25;-0,25;-0,0009878982464806125;159,0;199,0;0,7989949748743719;45;148,0;71,0;28,0;8,0;0,9308176100628931;0,35678391959798994
2025-10-09 15:33:13.188;d_shape;25306,25;25307,5;-1,25;-0,004939247258717772;171,0;204,0;0,8382352941176471;42;160,0;71,0;28,0;8,0;0,935672514619883;0,3480392156862745
2025-10-09 15:33:13.196;d_shape;25306,0;25306,25;-0,25;-0,0009878982464806125;171,0;205,0;0,8341463414634146;42;160,0;71,0;28,0;8,0;0,935672514619883;0,3463414634146341
2025-10-09 15:33:13.208;d_shape;25305,5;25306,0;-0,5;-0,0019758160120129614;171,0;206,0;0,8300970873786407;42;160,0;71,0;28,0;8,0;0,935672514619883;0,3446601941747573
2025-10-09 15:33:13.268;d_shape;25306,0;25306,25;-0,25;-0,0009878982464806125;171,0;207,0;0,8260869565217391;42;160,0;70,0;28,0;8,0;0,935672514619883;0,33816425120772947
2025-10-09 15:33:13.420;d_shape;25306,0;25306,5;-0,5;-0,001975776974295142;171,0;208,0;0,8221153846153846;42;160,0;69,0;28,0;8,0;0,935672514619883;0,3317307692307692
2025-10-09 15:33:13.616;d_shape;25305,5;25306,0;-0,5;-0,0019758160120129614;171,0;204,0;0,8382352941176471;40;160,0;75,0;28,0;11,0;0,935672514619883;0,36764705882352944
2025-10-09 15:33:13.940;d_shape;25305,5;25306,25;-0,75;-0,0029636947394418374;163,0;205,0;0,7951219512195122;37;137,0;96,0;28,0;25,0;0,8404907975460123;0,4682926829268293
2025-10-09 15:33:14.004;d_shape;25304,75;25305,5;-0,75;-0,0029637825769101575;163,0;205,0;0,7951219512195122;37;138,0;96,0;28,0;25,0;0,8466257668711656;0,4682926829268293
2025-10-09 15:33:14.252;d_shape;25304,25;25304,75;-0,5;-0,001975913613056837;166,0;198,0;0,8383838383838383;37;141,0;89,0;28,0;25,0;0,8493975903614458;0,4494949494949495
2025-10-09 15:33:14.308;d_shape;25304,25;25304,5;-0,25;-0,0009879665672113656;168,0;197,0;0,8527918781725888;37;143,0;88,0;28,0;25,0;0,8511904761904762;0,4467005076142132
2025-10-09 15:33:14.524;d_shape;25305,75;25306,25;-0,5;-0,001975796492961225;176,0;191,0;0,9214659685863874;33;147,0;88,0;28,0;25,0;0,8352272727272727;0,4607329842931937
2025-10-09 15:33:14.620;d_shape;25305,25;25305,75;-0,5;-0,001975835531450362;177,0;191,0;0,9267015706806283;33;148,0;88,0;29,0;25,0;0,8361581920903954;0,4607329842931937
2025-10-09 15:33:14.776;d_shape;25304,5;25306,0;-1,5;-0,005927448036038884;189,0;190,0;0,9947368421052631;32;157,0;84,0;31,0;25,0;0,8306878306878307;0,4421052631578947
2025-10-09 15:33:14.836;d_shape;25305,5;25305,75;-0,25;-0,000987917765725181;191,0;190,0;1,0052631578947369;32;159,0;84,0;31,0;25,0;0,8324607329842932;0,4421052631578947
2025-10-09 15:33:15.064;d_shape;25305,25;25305,5;-0,25;-0,0009879275256367193;192,0;182,0;1,054945054945055;29;160,0;107,0;33,0;25,0;0,8333333333333334;0,5879120879120879
2025-10-09 15:33:15.304;d_shape;25305,25;25305,5;-0,25;-0,0009879275256367193;199,0;169,0;1,1775147928994083;25;166,0;117,0;34,0;25,0;0,8341708542713567;0,6923076923076923
2025-10-09 15:33:15.400;d_shape;25305,25;25305,5;-0,25;-0,0009879275256367193;205,0;169,0;1,21301775147929;25;172,0;117,0;36,0;25,0;0,8390243902439024;0,6923076923076923
2025-10-09 15:33:15.404;d_shape;25305,0;25305,25;-0,25;-0,000987937285741101;206,0;169,0;1,2189349112426036;25;173,0;117,0;36,0;25,0;0,8398058252427184;0,6923076923076923
2025-10-09 15:33:15.468;d_shape;25304,75;25305,5;-0,75;-0,0029637825769101575;211,0;162,0;1,3024691358024691;23;177,0;116,0;36,0;25,0;0,8388625592417062;0,7160493827160493
2025-10-09 15:33:18.792;p_shape;25307,0;25306,25;0,75;0,0029636947394418374;89,0;84,0;1,0595238095238095;15;87,0;69,0;17,0;24,0;0,9775280898876404;0,8214285714285714
2025-10-09 15:33:21.384;p_shape;25306,0;25305,5;0,5;0,0019758550512734385;91,0;102,0;0,8921568627450981;17;73,0;81,0;13,0;22,0;0,8021978021978022;0,7941176470588235
2025-10-09 15:33:28.808;d_shape;25302,5;25303,75;-1,25;-0,004939979252087141;109,0;101,0;1,0792079207920793;18;92,0;60,0;20,0;15,0;0,8440366972477065;0,594059405940594
2025-10-09 15:33:42.364;d_shape;25300,0;25300,75;-0,75;-0,0029643390018082466;95,0;115,0;0,8260869565217391;22;91,0;33,0;21,0;12,0;0,9578947368421052;0,28695652173913044
2025-10-09 15:33:42.576;d_shape;25300,5;25300,75;-0,25;-0,0009881130006027489;96,0;115,0;0,8347826086956521;21;92,0;48,0;21,0;18,0;0,9583333333333334;0,41739130434782606
2025-10-09 15:33:42.940;d_shape;25300,0;25300,75;-0,75;-0,0029643390018082466;101,0;115,0;0,8782608695652174;18;97,0;61,0;21,0;18,0;0,9603960396039604;0,5304347826086957
2025-10-09 15:33:43.080;d_shape;25300,0;25300,5;-0,5;-0,001976245528744491;106,0;111,0;0,954954954954955;15;91,0;65,0;24,0;18,0;0,8584905660377359;0,5855855855855856
2025-10-09 15:33:43.136;d_shape;25300,0;25300,75;-0,75;-0,0029643390018082466;108,0;110,0;0,9818181818181818;15;93,0;64,0;24,0;18,0;0,8611111111111112;0,5818181818181818
2025-10-09 15:33:43.268;d_shape;25300,5;25300,75;-0,25;-0,0009881130006027489;112,0;110,0;1,018181818181818;15;97,0;64,0;24,0;18,0;0,8660714285714286;0,5818181818181818
2025-10-09 15:33:43.276;d_shape;25300,25;25300,5;-0,25;-0,0009881227643722455;113,0;110,0;1,0272727272727273;15;98,0;64,0;25,0;18,0;0,8672566371681416;0,5818181818181818
2025-10-09 15:33:43.372;d_shape;25300,25;25301,0;-0,75;-0,0029643097110786136;116,0;109,0;1,0642201834862386;15;101,0;62,0;27,0;18,0;0,8706896551724138;0,5688073394495413
2025-10-09 15:33:43.384;d_shape;25300,0;25300,25;-0,25;-0,0009881325283347003;121,0;109,0;1,110091743119266;15;106,0;62,0;27,0;18,0;0,8760330578512396;0,5688073394495413
2025-10-09 15:33:43.392;d_shape;25299,75;25300,0;-0,25;-0,0009881422924901185;140,0;109,0;1,2844036697247707;16;108,0;62,0;38,0;18,0;0,7714285714285715;0,5688073394495413
2025-10-09 15:33:43.436;d_shape;25299,5;25299,75;-0,25;-0,0009881520568385063;142,0;106,0;1,3396226415094339;15;101,0;70,0;38,0;18,0;0,7112676056338029;0,660377358490566
2025-10-09 15:33:43.624;d_shape;25300,0;25300,5;-0,5;-0,001976245528744491;139,0;103,0;1,3495145631067962;15;103,0;67,0;41,0;17,0;0,7410071942446043;0,6504854368932039
2025-10-09 15:33:43.668;d_shape;25300,0;25300,5;-0,5;-0,001976245528744491;141,0;103,0;1,3689320388349515;15;105,0;67,0;42,0;17,0;0,7446808510638298;0,6504854368932039
2025-10-09 15:33:51.796;d_shape;25297,75;25298,25;-0,5;-0,0019764212939630214;97,0;206,0;0,470873786407767;27;84,0;139,0;22,0;54,0;0,865979381443299;0,6747572815533981
2025-10-09 15:33:51.952;d_shape;25298,0;25298,75;-0,75;-0,002964573348485597;101,0;206,0;0,49029126213592233;27;90,0;138,0;22,0;54,0;0,8910891089108911;0,6699029126213593
2025-10-09 15:33:51.996;d_shape;25298,25;25298,5;-0,25;-0,0009882008814751863;103,0;207,0;0,4975845410628019;27;92,0;138,0;22,0;54,0;0,8932038834951457;0,6666666666666666
2025-10-09 15:33:52.076;d_shape;25298,25;25298,5;-0,25;-0,0009882008814751863;106,0;200,0;0,53;25;95,0;136,0;22,0;54,0;0,8962264150943396;0,68
2025-10-09 15:33:52.324;d_shape;25298,5;25299,0;-0,5;-0,0019763627020830863;106,0;197,0;0,5380710659898477;25;96,0;130,0;22,0;54,0;0,9056603773584906;0,6598984771573604
2025-10-09 15:33:52.364;d_shape;25298,25;25298,5;-0,25;-0,0009882008814751863;106,0;197,0;0,5380710659898477;25;97,0;130,0;22,0;54,0;0,9150943396226415;0,6598984771573604
2025-10-09 15:33:52.432;d_shape;25298,5;25299,0;-0,5;-0,0019763627020830863;109,0;198,0;0,5505050505050505;25;100,0;130,0;22,0;54,0;0,9174311926605505;0,6565656565656566
2025-10-09 15:33:52.528;d_shape;25298,25;25299,0;-0,75;-0,002964544053124629;109,0;201,0;0,5422885572139303;25;101,0;130,0;22,0;54,0;0,926605504587156;0,6467661691542289
2025-10-09 15:33:52.544;d_shape;25298,25;25298,75;-0,5;-0,001976382232323731;113,0;202,0;0,5594059405940595;25;105,0;130,0;25,0;54,0;0,9292035398230089;0,6435643564356436
2025-10-09 15:33:53.116;d_shape;25298,5;25298,75;-0,25;-0,0009881911161618655;106,0;205,0;0,5170731707317073;25;106,0;128,0;25,0;54,0;1,0;0,624390243902439
2025-10-09 15:33:53.132;d_shape;25298,5;25299,0;-0,5;-0,0019763627020830863;108,0;205,0;0,526829268292683;25;108,0;128,0;25,0;54,0;1,0;0,624390243902439
2025-10-09 15:33:53.260;d_shape;25298,5;25299,5;-1,0;-0,003952647285519476;111,0;205,0;0,5414634146341464;25;111,0;128,0;25,0;54,0;1,0;0,624390243902439
2025-10-09 15:33:54.592;p_shape;25300,25;25299,25;1,0;0,0039526863444568515;148,0;93,0;1,5913978494623655;15;106,0;90,0;25,0;21,0;0,7162162162162162;0,967741935483871
2025-10-09 15:34:04.312;d_shape;25301,0;25301,5;-0,5;-0,001976167420903899;59,0;152,0;0,3881578947368421;20;46,0;78,0;21,0;16,0;0,7796610169491526;0,5131578947368421
2025-10-09 15:34:05.780;d_shape;25301,0;25302,0;-1,0;-0,003952256738597739;63,0;149,0;0,4228187919463087;19;50,0;86,0;21,0;17,0;0,7936507936507936;0,5771812080536913
2025-10-09 15:34:06.100;d_shape;25300,0;25301,0;-1,0;-0,003952412948104818;59,0;141,0;0,41843971631205673;18;51,0;74,0;21,0;17,0;0,864406779661017;0,524822695035461
2025-10-09 15:34:06.336;d_shape;25299,75;25300,25;-0,5;-0,0019762650566694006;59,0;114,0;0,5175438596491229;19;51,0;56,0;21,0;14,0;0,864406779661017;0,49122807017543857
2025-10-09 15:34:06.456;d_shape;25299,25;25300,0;-0,75;-0,0029644268774703555;63,0;109,0;0,5779816513761468;20;54,0;50,0;21,0;14,0;0,8571428571428571;0,45871559633027525
2025-10-09 15:34:06.520;d_shape;25299,5;25300,0;-0,5;-0,001976284584980237;64,0;108,0;0,5925925925925926;21;55,0;60,0;21,0;14,0;0,859375;0,5555555555555556
2025-10-09 15:34:06.732;d_shape;25299,75;25300,0;-0,25;-0,0009881422924901185;65,0;106,0;0,6132075471698113;21;56,0;50,0;21,0;14,0;0,8615384615384616;0,4716981132075472
2025-10-09 15:34:06.964;d_shape;25299,5;25299,75;-0,25;-0,0009881520568385063;64,0;95,0;0,6736842105263158;21;55,0;38,0;21,0;12,0;0,859375;0,4
2025-10-09 15:34:06.992;d_shape;25299,25;25299,5;-0,25;-0,000988161821379869;66,0;95,0;0,6947368421052632;21;57,0;38,0;21,0;12,0;0,8636363636363636;0,4
2025-10-09 15:34:42.740;p_shape;25310,25;25309,5;0,75;0,002963314170568364;63,0;101,0;0,6237623762376238;23;36,0;90,0;11,0;23,0;0,5714285714285714;0,8910891089108911
2025-10-09 15:34:43.016;p_shape;25309,75;25309,0;0,75;0,0029633727132640565;74,0;98,0;0,7551020408163265;23;36,0;92,0;11,0;23,0;0,4864864864864865;0,9387755102040817
2025-10-09 15:34:43.288;p_shape;25309,75;25309,25;0,5;0,0019755622944180487;78,0;98,0;0,7959183673469388;23;34,0;92,0;11,0;23,0;0,4358974358974359;0,9387755102040817
2025-10-09 15:34:43.324;p_shape;25310,25;25309,75;0,5;0,001975523266725274;76,0;98,0;0,7755102040816326;20;39,0;86,0;11,0;23,0;0,5131578947368421;0,8775510204081632
2025-10-09 15:34:43.416;p_shape;25310,0;25309,75;0,25;0,000987761633362637;79,0;98,0;0,8061224489795918;20;39,0;86,0;11,0;23,0;0,4936708860759494;0,8775510204081632
2025-10-09 15:34:43.420;p_shape;25310,25;25310,0;0,25;0,0009877518767285659;80,0;98,0;0,8163265306122449;20;39,0;86,0;11,0;23,0;0,4875;0,8775510204081632
2025-10-09 15:34:43.848;p_shape;25310,5;25309,25;1,25;0,004938905736045122;86,0;98,0;0,8775510204081632;19;39,0;86,0;11,0;23,0;0,45348837209302323;0,8775510204081632
2025-10-09 15:34:43.876;p_shape;25311,0;25310,5;0,5;0,00197546472807728;86,0;100,0;0,86;19;39,0;88,0;11,0;23,0;0,45348837209302323;0,88
2025-10-09 15:34:43.880;p_shape;25311,25;25311,0;0,25;0,0009877128521196318;86,0;105,0;0,819047619047619;20;39,0;93,0;11,0;23,0;0,45348837209302323;0,8857142857142857
2025-10-09 15:34:43.884;p_shape;25311,5;25311,25;0,25;0,0009877030964492075;86,0;107,0;0,8037383177570093;21;50,0;95,0;11,0;23,0;0,5813953488372093;0,8878504672897196
2025-10-09 15:34:44.112;p_shape;25311,0;25310,75;0,25;0,000987722607982774;81,0;112,0;0,7232142857142857;18;52,0;94,0;11,0;23,0;0,6419753086419753;0,8392857142857143
2025-10-09 15:34:44.392;p_shape;25311,75;25311,0;0,75;0,0029631385563588953;79,0;114,0;0,6929824561403509;19;56,0;96,0;11,0;23,0;0,7088607594936709;0,8421052631578947
2025-10-09 15:34:44.548;p_shape;25312,75;25311,5;1,25;0,004938466704857475;67,0;130,0;0,5153846153846153;23;55,0;91,0;9,0;23,0;0,8208955223880597;0,7
2025-10-09 15:34:44.556;p_shape;25312,25;25312,0;0,25;0,0009876738305941847;67,0;132,0;0,5075757575757576;23;55,0;93,0;9,0;23,0;0,8208955223880597;0,7045454545454546
2025-10-09 15:34:44.720;p_shape;25311,75;25311,25;0,5;0,001975406192898415;67,0;136,0;0,49264705882352944;23;55,0;97,0;9,0;23,0;0,8208955223880597;0,7132352941176471
2025-10-09 15:35:22.728;d_shape;25296,0;25296,25;-0,25;-0,0009882887779809261;79,0;137,0;0,5766423357664233;18;59,0;84,0;23,0;24,0;0,7468354430379747;0,6131386861313869
2025-10-09 15:35:22.796;d_shape;25296,75;25297,0;-0,25;-0,0009882594774083884;80,0;137,0;0,583941605839416;18;62,0;84,0;23,0;24,0;0,775;0,6131386861313869
2025-10-09 15:35:22.988;d_shape;25296,75;25297,5;-0,75;-0,0029647198339756895;99,0;139,0;0,7122302158273381;18;86,0;83,0;23,0;24,0;0,8686868686868687;0,5971223021582733
2025-10-09 15:35:23.724;d_shape;25296,75;25298,0;-1,25;-0,004941102063404221;98,0;173,0;0,5664739884393064;18;86,0;94,0;23,0;30,0;0,8775510204081632;0,5433526011560693
2025-10-09 15:35:23.744;d_shape;25296,25;25296,75;-0,5;-0,0019765384881457104;98,0;174,0;0,5632183908045977;18;86,0;93,0;23,0;30,0;0,8775510204081632;0,5344827586206896
2025-10-09 15:35:23.848;d_shape;25295,0;25296,75;-1,75;-0,006917884708509987;116,0;176,0;0,6590909090909091;22;104,0;118,0;23,0;30,0;0,896551724137931;0,6704545454545454
2025-10-09 15:35:23.868;d_shape;25295,25;25295,5;-0,25;-0,0009883180802909607;118,0;176,0;0,6704545454545454;22;106,0;118,0;23,0;30,0;0,8983050847457628;0,6704545454545454
2025-10-09 15:35:24.056;d_shape;25296,25;25296,5;-0,25;-0,0009882790109303659;124,0;181,0;0,6850828729281768;22;112,0;115,0;23,0;30,0;0,9032258064516129;0,6353591160220995
2025-10-09 15:35:24.300;d_shape;25295,75;25296,5;-0,75;-0,0029648370327910976;124,0;177,0;0,7005649717514124;21;112,0;123,0;23,0;29,0;0,9032258064516129;0,6949152542372882
2025-10-09 15:35:24.324;d_shape;25295,25;25295,75;-0,5;-0,001976616625322436;124,0;180,0;0,6888888888888889;21;112,0;123,0;23,0;29,0;0,9032258064516129;0,6833333333333333
2025-10-09 15:35:24.436;d_shape;25295,0;25295,25;-0,25;-0,0009883278481137763;124,0;164,0;0,7560975609756098;21;112,0;106,0;23,0;26,0;0,9032258064516129;0,6463414634146342
2025-10-09 15:35:24.532;d_shape;25295,75;25296,5;-0,75;-0,0029648370327910976;124,0;173,0;0,7167630057803468;21;112,0;106,0;23,0;26,0;0,9032258064516129;0,6127167630057804
2025-10-09 15:35:24.576;d_shape;25295,5;25295,75;-0,25;-0,000988308312661218;124,0;174,0;0,7126436781609196;21;112,0;106,0;23,0;26,0;0,9032258064516129;0,6091954022988506
2025-10-09 15:35:24.584;d_shape;25295,25;25295,5;-0,25;-0,0009883180802909607;124,0;175,0;0,7085714285714285;21;112,0;106,0;23,0;26,0;0,9032258064516129;0,6057142857142858
2025-10-09 15:35:24.696;d_shape;25295,0;25295,25;-0,25;-0,0009883278481137763;124,0;174,0;0,7126436781609196;21;112,0;101,0;23,0;21,0;0,9032258064516129;0,5804597701149425
2025-10-09 15:35:24.988;d_shape;25295,0;25295,5;-0,5;-0,0019766361605819214;121,0;185,0;0,654054054054054;21;112,0;96,0;23,0;18,0;0,9256198347107438;0,518918918918919
2025-10-09 15:35:25.092;d_shape;25295,0;25295,5;-0,5;-0,0019766361605819214;121,0;189,0;0,6402116402116402;21;112,0;96,0;23,0;18,0;0,9256198347107438;0,5079365079365079
2025-10-09 15:35:25.116;d_shape;25294,75;25295,0;-0,25;-0,0009883376161296698;121,0;190,0;0,6368421052631579;22;112,0;96,0;23,0;18,0;0,9256198347107438;0,5052631578947369
2025-10-09 15:35:25.168;d_shape;25294,75;25295,5;-0,75;-0,0029649542408728825;121,0;201,0;0,6019900497512438;22;112,0;95,0;23,0;18,0;0,9256198347107438;0,472636815920398
2025-10-09 15:35:25.428;d_shape;25294,5;25295,5;-1,0;-0,003953272321163843;117,0;193,0;0,6062176165803109;21;103,0;94,0;23,0;18,0;0,8803418803418803;0,48704663212435234
2025-10-09 15:35:25.616;d_shape;25295,75;25296,0;-0,25;-0,0009882985452245414;114,0;208,0;0,5480769230769231;21;103,0;92,0;23,0;18,0;0,9035087719298246;0,4423076923076923
2025-10-09 15:35:25.756;d_shape;25295,0;25295,75;-0,75;-0,0029649249379836533;114,0;209,0;0,5454545454545454;21;103,0;90,0;23,0;18,0;0,9035087719298246;0,430622009569378
2025-10-09 15:35:25.840;d_shape;25295,0;25295,5;-0,5;-0,0019766361605819214;113,0;210,0;0,5380952380952381;21;103,0;89,0;23,0;18,0;0,911504424778761;0,4238095238095238
2025-10-09 15:35:53.828;p_shape;25309,25;25309,0;0,25;0,0009877909044213522;159,0;128,0;1,2421875;40;112,0;94,0;13,0;25,0;0,7044025157232704;0,734375
2025-10-09 15:35:53.916;p_shape;25309,25;25309,0;0,25;0,0009877909044213522;160,0;131,0;1,2213740458015268;40;112,0;97,0;13,0;25,0;0,7;0,7404580152671756
2025-10-09 15:35:54.392;p_shape;25309,0;25307,0;2,0;0,007902951752479551;159,0;252,0;0,6309523809523809;40;110,0;228,0;13,0;36,0;0,6918238993710691;0,9047619047619048
2025-10-09 15:35:58.784;p_shape;25308,5;25308,0;0,5;0,0019756598703967124;35,0;226,0;0,15486725663716813;19;26,0;175,0;11,0;63,0;0,7428571428571429;0,7743362831858407
2025-10-09 15:35:59.044;p_shape;25308,75;25308,25;0,5;0,0019756403544298794;35,0;223,0;0,15695067264573992;18;26,0;172,0;11,0;63,0;0,7428571428571429;0,7713004484304933
2025-10-09 15:35:59.064;p_shape;25309,25;25308,75;0,5;0,001975601323652887;35,0;224,0;0,15625;19;26,0;173,0;11,0;63,0;0,7428571428571429;0,7723214285714286
2025-10-09 15:36:01.464;p_shape;25310,25;25309,5;0,75;0,002963314170568364;36,0;113,0;0,3185840707964602;19;34,0;109,0;12,0;20,0;0,9444444444444444;0,9646017699115044
2025-10-09 15:36:01.536;p_shape;25310,5;25310,25;0,25;0,0009877421202872353;36,0;114,0;0,3157894736842105;19;34,0;110,0;12,0;20,0;0,9444444444444444;0,9649122807017544
2025-10-09 15:36:01.728;p_shape;25310,0;25309,75;0,25;0,000987761633362637;36,0;124,0;0,2903225806451613;18;34,0;103,0;12,0;20,0;0,9444444444444444;0,8306451612903226
2025-10-09 15:36:01.780;p_shape;25309,5;25309,25;0,25;0,0009877811472090243;36,0;128,0;0,28125;18;34,0;108,0;12,0;24,0;0,9444444444444444;0,84375
2025-10-09 15:36:01.972;p_shape;25309,5;25309,25;0,25;0,0009877811472090243;35,0;130,0;0,2692307692307692;18;33,0;110,0;12,0;25,0;0,9428571428571428;0,8461538461538461
2025-10-09 15:36:02.112;p_shape;25309,5;25309,25;0,25;0,0009877811472090243;34,0;132,0;0,25757575757575757;18;32,0;112,0;12,0;26,0;0,9411764705882353;0,8484848484848485
2025-10-09 15:36:02.140;p_shape;25309,75;25309,5;0,25;0,0009877713901894544;34,0;133,0;0,2556390977443609;18;32,0;113,0;12,0;26,0;0,9411764705882353;0,849624060150376
2025-10-09 15:36:02.180;p_shape;25310,0;25309,75;0,25;0,000987761633362637;34,0;138,0;0,2463768115942029;18;32,0;118,0;12,0;26,0;0,9411764705882353;0,855072463768116
2025-10-09 15:36:02.792;p_shape;25309,75;25309,25;0,5;0,0019755622944180487;31,0;151,0;0,2052980132450331;15;31,0;116,0;12,0;28,0;1,0;0,7682119205298014
2025-10-09 15:36:03.512;p_shape;25309,75;25308,75;1,0;0,003951202647305774;42,0;156,0;0,2692307692307692;15;42,0;121,0;13,0;28,0;1,0;0,7756410256410257
2025-10-09 15:36:03.712;p_shape;25309,75;25309,25;0,5;0,0019755622944180487;42,0;159,0;0,2641509433962264;15;42,0;124,0;13,0;28,0;1,0;0,779874213836478
2025-10-09 15:36:03.744;p_shape;25310,0;25309,75;0,25;0,000987761633362637;42,0;161,0;0,2608695652173913;15;42,0;126,0;13,0;28,0;1,0;0,782608695652174
2025-10-09 15:37:35.652;d_shape;25296,0;25296,5;-0,5;-0,0019765580218607318;92,0;151,0;0,609271523178808;30;82,0;60,0;20,0;8,0;0,8913043478260869;0,3973509933774834
2025-10-09 15:37:35.656;d_shape;25295,75;25296,0;-0,25;-0,0009882985452245414;97,0;151,0;0,6423841059602649;30;87,0;60,0;20,0;8,0;0,8969072164948454;0,3973509933774834
2025-10-09 15:37:35.856;d_shape;25295,5;25296,0;-0,5;-0,0019765970904490828;95,0;147,0;0,6462585034013606;27;92,0;71,0;20,0;11,0;0,968421052631579;0,48299319727891155
2025-10-09 15:37:36.064;d_shape;25297,0;25297,25;-0,25;-0,0009882497109369595;105,0;147,0;0,7142857142857143;26;102,0;69,0;21,0;11,0;0,9714285714285714;0,46938775510204084
2025-10-09 15:37:36.160;d_shape;25296,25;25297,0;-0,75;-0,002964778432225165;109,0;145,0;0,7517241379310344;25;106,0;77,0;23,0;11,0;0,9724770642201835;0,5310344827586206
2025-10-09 15:37:36.232;d_shape;25295,75;25296,25;-0,5;-0,0019765775559618523;125,0;144,0;0,8680555555555556;25;122,0;76,0;26,0;11,0;0,976;0,5277777777777778
2025-10-09 15:37:36.436;d_shape;25296,0;25296,5;-0,5;-0,0019765580218607318;127,0;141,0;0,900709219858156;25;124,0;73,0;27,0;11,0;0,9763779527559056;0,5177304964539007
2025-10-09 15:37:36.744;d_shape;25296,5;25297,25;-0,75;-0,0029647491328108786;126,0;137,0;0,9197080291970803;24;126,0;66,0;29,0;11,0;1,0;0,48175182481751827
2025-10-09 15:37:36.820;d_shape;25296,25;25296,5;-0,25;-0,0009882790109303659;127,0;137,0;0,927007299270073;24;127,0;66,0;29,0;11,0;1,0;0,48175182481751827
2025-10-09 15:37:36.856;d_shape;25296,25;25296,75;-0,5;-0,0019765384881457104;129,0;139,0;0,9280575539568345;24;129,0;66,0;29,0;11,0;1,0;0,4748201438848921
2025-10-09 15:37:37.100;d_shape;25296,75;25297,25;-0,5;-0,001976499421873919;132,0;129,0;1,0232558139534884;22;132,0;75,0;29,0;19,0;1,0;0,5813953488372093
2025-10-09 15:37:37.224;d_shape;25296,5;25296,75;-0,25;-0,0009882692440728552;134,0;125,0;1,072;21;134,0;86,0;31,0;19,0;1,0;0,688
2025-10-09 15:38:44.584;d_shape;25291,0;25291,25;-0,25;-0,0009884841595413434;59,0;185,0;0,31891891891891894;36;57,0;47,0;20,0;9,0;0,9661016949152542;0,25405405405405407
2025-10-09 15:38:44.620;d_shape;25291,5;25291,75;-0,25;-0,000988464617909002;62,0;187,0;0,3315508021390374;36;60,0;47,0;20,0;9,0;0,967741935483871;0,25133689839572193
2025-10-09 15:38:44.624;d_shape;25291,25;25291,5;-0,25;-0,0009884743886285905;64,0;188,0;0,3404255319148936;36;62,0;47,0;20,0;9,0;0,96875;0,25
2025-10-09 15:38:44.648;d_shape;25291,25;25291,75;-0,5;-0,001976929235818004;68,0;189,0;0,35978835978835977;36;66,0;47,0;20,0;9,0;0,9705882352941176;0,24867724867724866
2025-10-09 15:38:44.656;d_shape;25291,25;25291,5;-0,25;-0,0009884743886285905;73,0;189,0;0,3862433862433862;36;71,0;47,0;20,0;9,0;0,9726027397260274;0,24867724867724866
2025-10-09 15:38:44.660;d_shape;25291,0;25291,25;-0,25;-0,0009884841595413434;74,0;189,0;0,3915343915343915;36;72,0;47,0;21,0;9,0;0,972972972972973;0,24867724867724866
2025-10-09 15:38:44.748;d_shape;25291,25;25291,75;-0,5;-0,001976929235818004;78,0;190,0;0,4105263157894737;36;76,0;46,0;21,0;9,0;0,9743589743589743;0,24210526315789474
2025-10-09 15:38:44.896;d_shape;25291,75;25292,0;-0,25;-0,0009884548473825716;77,0;192,0;0,4010416666666667;34;76,0;44,0;21,0;9,0;0,987012987012987;0,22916666666666666
2025-10-09 15:38:44.900;d_shape;25291,5;25291,75;-0,25;-0,000988464617909002;78,0;192,0;0,40625;34;77,0;44,0;21,0;9,0;0,9871794871794872;0,22916666666666666
2025-10-09 15:38:44.904;d_shape;25291,25;25291,5;-0,25;-0,0009884743886285905;79,0;192,0;0,4114583333333333;34;78,0;44,0;21,0;9,0;0,9873417721518988;0,22916666666666666
2025-10-09 15:38:44.960;d_shape;25291,5;25292,0;-0,5;-0,001976909694765143;80,0;191,0;0,418848167539267;33;80,0;53,0;22,0;11,0;1,0;0,2774869109947644
2025-10-09 15:38:45.092;d_shape;25292,0;25292,25;-0,25;-0,0009884450770492937;81,0;198,0;0,4090909090909091;32;81,0;52,0;22,0;11,0;1,0;0,26262626262626265
2025-10-09 15:38:45.236;d_shape;25291,75;25292,0;-0,25;-0,0009884548473825716;81,0;206,0;0,3932038834951456;32;81,0;52,0;22,0;11,0;1,0;0,2524271844660194
2025-10-09 15:38:45.360;d_shape;25291,25;25292,0;-0,75;-0,0029653645421477146;84,0;207,0;0,4057971014492754;32;84,0;52,0;24,0;11,0;1,0;0,25120772946859904
2025-10-09 15:38:45.524;d_shape;25291,75;25292,25;-0,5;-0,0019768901540985874;85,0;208,0;0,40865384615384615;32;85,0;48,0;24,0;11,0;1,0;0,23076923076923078
2025-10-09 15:38:45.548;d_shape;25291,5;25292,5;-1,0;-0,003953741227636651;86,0;212,0;0,4056603773584906;32;86,0;47,0;25,0;11,0;1,0;0,22169811320754718
2025-10-09 15:38:45.572;d_shape;25291,25;25291,5;-0,25;-0,0009884743886285905;92,0;212,0;0,4339622641509434;32;92,0;47,0;28,0;11,0;1,0;0,22169811320754718
2025-10-09 15:38:45.592;d_shape;25291,25;25291,75;-0,5;-0,001976929235818004;93,0;215,0;0,4325581395348837;32;93,0;47,0;29,0;11,0;1,0;0,2186046511627907
2025-10-09 15:38:45.828;d_shape;25291,75;25292,25;-0,5;-0,0019768901540985874;101,0;218,0;0,463302752293578;30;101,0;50,0;34,0;11,0;1,0;0,22935779816513763
2025-10-09 15:38:45.964;d_shape;25291,5;25292,0;-0,5;-0,001976909694765143;103,0;216,0;0,47685185185185186;28;103,0;49,0;36,0;11,0;1,0;0,22685185185185186
2025-10-09 15:38:46.148;d_shape;25291,0;25291,5;-0,5;-0,001976948777257181;116,0;224,0;0,5178571428571429;28;116,0;49,0;37,0;11,0;1,0;0,21875
2025-10-09 15:38:46.740;d_shape;25291,5;25292,25;-0,75;-0,0029653352311478816;116,0;220,0;0,5272727272727272;22;116,0;71,0;37,0;23,0;1,0;0,32272727272727275
2025-10-09 15:38:47.168;d_shape;25291,0;25291,75;-0,75;-0,002965393853727006;131,0;228,0;0,5745614035087719;18;115,0;92,0;42,0;28,0;0,8778625954198473;0,40350877192982454
2025-10-09 15:38:47.172;d_shape;25290,75;25291,0;-0,25;-0,0009884939306472659;137,0;228,0;0,6008771929824561;18;121,0;92,0;42,0;28,0;0,8832116788321168;0,40350877192982454
2025-10-09 15:38:50.512;d_shape;25291,5;25292,25;-0,75;-0,0029653352311478816;66,0;133,0;0,49624060150375937;20;62,0;63,0;20,0;11,0;0,9393939393939394;0,47368421052631576
2025-10-09 15:39:17.512;d_shape;25292,5;25292,75;-0,25;-0,000988425536962173;51,0;63,0;0,8095238095238095;14;47,0;13,0;20,0;5,0;0,9215686274509803;0,20634920634920634
2025-10-09 15:39:48.304;p_shape;25305,0;25304,25;0,75;0,002963928984261537;244,0;129,0;1,8914728682170543;22;111,0;102,0;37,0;25,0;0,45491803278688525;0,7906976744186046
2025-10-09 15:39:48.308;p_shape;25305,25;25305,0;0,25;0,0009879470460383323;244,0;131,0;1,8625954198473282;22;111,0;104,0;37,0;25,0;0,45491803278688525;0,7938931297709924
2025-10-09 15:39:50.684;d_shape;25302,75;25303,0;-0,25;-0,0009880251353594435;247,0;159,0;1,5534591194968554;17;247,0;121,0;79,0;28,0;1,0;0,7610062893081762
2025-10-09 15:39:51.216;d_shape;25302,0;25302,5;-0,5;-0,0019760893192372294;250,0;160,0;1,5625;17;250,0;121,0;79,0;28,0;1,0;0,75625
2025-10-09 15:40:02.940;d_shape;25296,5;25297,0;-0,5;-0,001976518954816777;85,0;136,0;0,625;23;63,0;88,0;20,0;13,0;0,7411764705882353;0,6470588235294118
2025-10-09 15:40:03.052;d_shape;25296,0;25296,5;-0,5;-0,0019765580218607318;86,0;136,0;0,6323529411764706;23;66,0;88,0;22,0;13,0;0,7674418604651163;0,6470588235294118
2025-10-09 15:40:03.252;d_shape;25296,0;25296,25;-0,25;-0,0009882887779809261;85,0;136,0;0,625;23;71,0;88,0;22,0;13,0;0,8352941176470589;0,6470588235294118
2025-10-09 15:40:03.400;d_shape;25295,75;25296,0;-0,25;-0,0009882985452245414;85,0;132,0;0,6439393939393939;23;73,0;84,0;22,0;13,0;0,8588235294117647;0,6363636363636364
2025-10-09 15:40:03.488;d_shape;25296,0;25296,25;-0,25;-0,0009882887779809261;88,0;132,0;0,6666666666666666;23;76,0;84,0;22,0;13,0;0,8636363636363636;0,6363636363636364
2025-10-09 15:40:03.684;d_shape;25296,25;25296,5;-0,25;-0,0009882790109303659;88,0;130,0;0,676923076923077;23;79,0;82,0;24,0;13,0;0,8977272727272727;0,6307692307692307
2025-10-09 15:40:03.708;d_shape;25295,5;25296,25;-0,75;-0,002964866333942778;103,0;129,0;0,7984496124031008;23;94,0;81,0;24,0;13,0;0,912621359223301;0,627906976744186
2025-10-09 15:40:20.928;p_shape;25298,0;25297,5;0,5;0,001976479889317126;73,0;76,0;0,9605263157894737;16;54,0;59,0;22,0;20,0;0,7397260273972602;0,7763157894736842
2025-10-09 15:40:34.956;p_shape;25297,25;25297,0;0,25;0,0009882594774083884;39,0;82,0;0,47560975609756095;13;32,0;70,0;13,0;20,0;0,8205128205128205;0,8536585365853658
2025-10-09 15:40:51.328;d_shape;25284,75;25285,5;-0,75;-0,0029661268315833186;147,0;335,0;0,4388059701492537;40;125,0;176,0;20,0;67,0;0,8503401360544217;0,5253731343283582
2025-10-09 15:40:51.348;d_shape;25284,5;25284,75;-0,25;-0,0009887382710922592;152,0;335,0;0,4537313432835821;41;130,0;189,0;20,0;67,0;0,8552631578947368;0,564179104477612
2025-10-09 15:40:51.396;d_shape;25284,25;25284,5;-0,25;-0,0009887480472226067;159,0;335,0;0,4746268656716418;42;137,0;189,0;20,0;67,0;0,8616352201257862;0,564179104477612
2025-10-09 15:40:51.416;d_shape;25284,0;25284,25;-0,25;-0,0009887578235462787;188,0;334,0;0,562874251497006;44;166,0;201,0;20,0;67,0;0,8829787234042553;0,6017964071856288
2025-10-09 15:40:51.460;d_shape;25285,0;25285,5;-0,5;-0,0019774178877222126;197,0;332,0;0,5933734939759037;44;175,0;199,0;21,0;67,0;0,8883248730964467;0,5993975903614458
2025-10-09 15:40:51.488;d_shape;25285,5;25286,0;-0,5;-0,0019773787866803763;202,0;330,0;0,6121212121212121;44;180,0;197,0;24,0;67,0;0,8910891089108911;0,5969696969696969
2025-10-09 15:40:51.532;d_shape;25285,25;25286,0;-0,75;-0,0029660681800205645;206,0;330,0;0,6242424242424243;44;184,0;197,0;24,0;67,0;0,8932038834951457;0,5969696969696969
2025-10-09 15:40:51.600;d_shape;25285,25;25286,0;-0,75;-0,0029660681800205645;200,0;330,0;0,6060606060606061;44;188,0;197,0;24,0;67,0;0,94;0,5969696969696969
2025-10-09 15:40:51.652;d_shape;25286,0;25286,25;-0,25;-0,0009886796183696672;206,0;334,0;0,6167664670658682;44;194,0;197,0;24,0;67,0;0,941747572815534;0,5898203592814372
2025-10-09 15:40:51.688;d_shape;25285,75;25286,0;-0,25;-0,0009886893933401882;204,0;335,0;0,608955223880597;44;196,0;197,0;24,0;67,0;0,9607843137254902;0,5880597014925373
2025-10-09 15:40:51.712;d_shape;25286,0;25286,25;-0,25;-0,0009886796183696672;205,0;357,0;0,5742296918767507;44;197,0;197,0;24,0;67,0;0,9609756097560975;0,5518207282913166
2025-10-09 15:40:51.804;d_shape;25286,0;25286,75;-0,75;-0,0029659802070254185;206,0;360,0;0,5722222222222222;44;198,0;197,0;24,0;67,0;0,9611650485436893;0,5472222222222223
2025-10-09 15:40:51.908;d_shape;25286,0;25286,25;-0,25;-0,0009886796183696672;207,0;361,0;0,5734072022160664;44;199,0;196,0;24,0;67,0;0,961352657004831;0,5429362880886427
2025-10-09 15:40:52.000;d_shape;25286,25;25286,5;-0,25;-0,0009886698435924307;206,0;363,0;0,5674931129476584;44;199,0;196,0;24,0;67,0;0,9660194174757282;0,5399449035812672
2025-10-09 15:40:54.260;p_shape;25289,0;25288,75;0,25;0,0009885818792941526;298,0;190,0;1,568421052631579;26;148,0;133,0;24,0;25,0;0,4966442953020134;0,7
2025-10-09 15:40:54.276;p_shape;25289,25;25289,0;0,25;0,0009885721064494444;298,0;194,0;1,5360824742268042;26;148,0;137,0;24,0;25,0;0,4966442953020134;0,7061855670103093
2025-10-09 15:40:55.996;p_shape;25290,0;25289,0;1,0;0,0039542884257977775;264,0;100,0;2,64;26;140,0;72,0;22,0;22,0;0,5303030303030303;0,72
2025-10-09 15:40:56.060;p_shape;25289,75;25289,5;0,25;0,0009885525613396865;251,0;102,0;2,4607843137254903;26;127,0;74,0;21,0;22,0;0,5059760956175299;0,7254901960784313
2025-10-09 15:40:56.120;p_shape;25290,0;25289,75;0,25;0,000988542789074625;249,0;106,0;2,349056603773585;26;125,0;78,0;21,0;22,0;0,5020080321285141;0,7358490566037735
2025-10-09 15:40:56.124;p_shape;25290,25;25290,0;0,25;0,0009885330170027679;249,0;108,0;2,3055555555555554;27;131,0;80,0;21,0;22,0;0,5261044176706827;0,7407407407407407
2025-10-09 15:40:56.144;p_shape;25290,25;25290,0;0,25;0,0009885330170027679;247,0;111,0;2,225225225225225;27;129,0;83,0;21,0;22,0;0,5222672064777328;0,7477477477477478
2025-10-09 15:40:56.584;p_shape;25289,25;25289,0;0,25;0,0009885721064494444;155,0;114,0;1,3596491228070176;20;62,0;80,0;14,0;22,0;0,4;0,7017543859649122
2025-10-09 15:40:56.612;p_shape;25289,5;25289,25;0,25;0,0009885623337979577;149,0;119,0;1,2521008403361344;19;68,0;85,0;14,0;22,0;0,4563758389261745;0,7142857142857143
2025-10-09 15:40:56.772;p_shape;25290,0;25289,5;0,5;0,001977105122679373;144,0;92,0;1,565217391304348;18;63,0;88,0;14,0;22,0;0,4375;0,9565217391304348
2025-10-09 15:40:56.896;p_shape;25289,25;25289,0;0,25;0,0009885721064494444;149,0;90,0;1,6555555555555554;18;62,0;88,0;14,0;22,0;0,4161073825503356;0,9777777777777777
2025-10-09 15:40:57.204;p_shape;25289,75;25289,5;0,25;0,0009885525613396865;103,0;91,0;1,1318681318681318;11;79,0;87,0;20,0;22,0;0,7669902912621359;0,9560439560439561
2025-10-09 15:40:57.340;p_shape;25290,0;25289,5;0,5;0,001977105122679373;77,0;93,0;0,8279569892473119;11;53,0;89,0;20,0;22,0;0,6883116883116883;0,956989247311828
2025-10-09 15:40:57.412;p_shape;25289,75;25289,25;0,5;0,0019771246675959154;75,0;97,0;0,7731958762886598;11;48,0;93,0;17,0;22,0;0,64;0,9587628865979382
2025-10-09 15:41:01.696;p_shape;25291,5;25290,25;1,25;0,004942616225620546;63,0;78,0;0,8076923076923077;14;51,0;64,0;14,0;21,0;0,8095238095238095;0,8205128205128205
2025-10-09 15:41:01.748;p_shape;25291,75;25291,5;0,25;0,0009884743886285905;63,0;79,0;0,7974683544303798;14;51,0;65,0;14,0;21,0;0,8095238095238095;0,8227848101265823
2025-10-09 15:41:01.764;p_shape;25292,0;25291,75;0,25;0,000988464617909002;63,0;80,0;0,7875;14;51,0;66,0;14,0;21,0;0,8095238095238095;0,825
2025-10-09 15:41:01.976;p_shape;25291,5;25291,0;0,5;0,0019769878612945317;61,0;83,0;0,7349397590361446;14;45,0;71,0;14,0;24,0;0,7377049180327869;0,8554216867469879
2025-10-09 15:41:02.020;p_shape;25291,75;25291,5;0,25;0,0009884743886285905;62,0;83,0;0,7469879518072289;14;45,0;71,0;14,0;24,0;0,7258064516129032;0,8554216867469879
2025-10-09 15:41:02.080;p_shape;25291,75;25291,0;0,75;0,002965481791941797;64,0;83,0;0,7710843373493976;14;45,0;71,0;14,0;24,0;0,703125;0,8554216867469879
2025-10-09 15:41:02.620;p_shape;25291,75;25291,25;0,5;0,001976968319082687;75,0;74,0;1,0135135135135136;14;41,0;71,0;14,0;24,0;0,5466666666666666;0,9594594594594594
2025-10-09 15:41:02.856;p_shape;25291,75;25291,5;0,25;0,0009884743886285905;80,0;72,0;1,1111111111111112;14;41,0;71,0;14,0;24,0;0,5125;0,9861111111111112
2025-10-09 15:41:02.908;p_shape;25292,0;25291,75;0,25;0,000988464617909002;83,0;72,0;1,1527777777777777;14;41,0;71,0;14,0;24,0;0,4939759036144578;0,9861111111111112
2025-10-09 15:41:11.952;d_shape;25285,25;25286,0;-0,75;-0,0029660681800205645;94,0;84,0;1,119047619047619;14;85,0;43,0;20,0;13,0;0,9042553191489362;0,5119047619047619
2025-10-09 15:41:12.072;d_shape;25285,5;25286,0;-0,5;-0,0019773787866803763;94,0;87,0;1,0804597701149425;14;85,0;43,0;20,0;13,0;0,9042553191489362;0,4942528735632184
2025-10-09 15:41:12.156;d_shape;25284,75;25285,75;-1,0;-0,003954796674015997;105,0;87,0;1,206896551724138;15;96,0;47,0;20,0;13,0;0,9142857142857143;0,5402298850574713
2025-10-09 15:41:12.876;d_shape;25285,5;25286,0;-0,5;-0,0019773787866803763;101,0;97,0;1,041237113402062;14;88,0;42,0;20,0;13,0;0,8712871287128713;0,4329896907216495
2025-10-09 15:41:12.908;d_shape;25284,75;25285,5;-0,75;-0,0029661268315833186;102,0;97,0;1,0515463917525774;14;90,0;42,0;20,0;13,0;0,8823529411764706;0,4329896907216495
2025-10-09 15:41:13.032;d_shape;25285,0;25285,25;-0,25;-0,0009887187194115145;99,0;97,0;1,0206185567010309;13;91,0;52,0;20,0;13,0;0,9191919191919192;0,5360824742268041
2025-10-09 15:41:14.884;d_shape;25285,25;25285,5;-0,25;-0,0009887089438611063;57,0;95,0;0,6;10;55,0;65,0;22,0;39,0;0,9649122807017544;0,6842105263157895
2025-10-09 15:41:15.196;d_shape;25284,5;25285,75;-1,25;-0,0049434958425199965;86,0;86,0;1,0;11;86,0;75,0;32,0;34,0;1,0;0,872093023255814
2025-10-09 15:41:15.208;d_shape;25284,0;25284,5;-0,5;-0,0019774960944452134;97,0;86,0;1,127906976744186;13;91,0;84,0;32,0;34,0;0,9381443298969072;0,9767441860465116
2025-10-09 15:41:15.244;p_shape;25287,5;25285,5;2,0;0,00790967155088885;285,0;86,0;3,313953488372093;15;246,0;75,0;133,0;34,0;0,8631578947368421;0,872093023255814
2025-10-09 15:41:15.260;p_shape;25287,25;25286,25;1,0;0,003954718473478669;291,0;86,0;3,383720930232558;15;246,0;75,0;133,0;34,0;0,845360824742268;0,872093023255814
2025-10-09 15:41:17.468;d_shape;25285,5;25286,0;-0,5;-0,0019773787866803763;279,0;113,0;2,4690265486725664;25;232,0;60,0;118,0;15,0;0,8315412186379928;0,5309734513274337
2025-10-09 15:41:17.472;d_shape;25285,0;25285,5;-0,5;-0,0019774178877222126;279,0;115,0;2,4260869565217393;25;232,0;60,0;118,0;15,0;0,8315412186379928;0,5217391304347826
2025-10-09 15:41:17.532;d_shape;25284,25;25285,25;-1,0;-0,003954874877646058;279,0;120,0;2,325;25;232,0;60,0;118,0;15,0;0,8315412186379928;0,5
2025-10-09 15:41:17.704;d_shape;25284,0;25284,25;-0,25;-0,0009887578235462787;281,0;119,0;2,361344537815126;25;234,0;60,0;118,0;15,0;0,8327402135231317;0,5042016806722689
2025-10-09 15:41:17.820;d_shape;25283,75;25284,0;-0,25;-0,0009887676000632812;290,0;111,0;2,6126126126126126;26;235,0;60,0;118,0;15,0;0,8103448275862069;0,5405405405405406
2025-10-09 15:41:18.120;d_shape;25285,0;25285,25;-0,25;-0,0009887187194115145;292,0;111,0;2,630630630630631;26;237,0;60,0;118,0;15,0;0,8116438356164384;0,5405405405405406
2025-10-09 15:41:18.292;d_shape;25285,0;25285,25;-0,25;-0,0009887187194115145;293,0;109,0;2,688073394495413;26;238,0;60,0;114,0;15,0;0,8122866894197952;0,5504587155963303
2025-10-09 15:41:26.556;d_shape;25280,25;25280,5;-0,25;-0,000988904491604201;139,0;122,0;1,139344262295082;28;101,0;54,0;39,0;9,0;0,7266187050359713;0,4426229508196721
2025-10-09 15:41:26.576;d_shape;25280,0;25280,25;-0,25;-0,000988914271021845;140,0;122,0;1,1475409836065573;28;102,0;54,0;39,0;9,0;0,7285714285714285;0,4426229508196721
2025-10-09 15:41:26.708;d_shape;25280,75;25281,0;-0,25;-0,0009888849333491555;145,0;123,0;1,1788617886178863;28;107,0;54,0;40,0;9,0;0,7379310344827587;0,43902439024390244
2025-10-09 15:41:26.752;d_shape;25280,5;25280,75;-0,25;-0,000988894712379973;147,0;123,0;1,1951219512195121;28;109,0;54,0;41,0;9,0;0,7414965986394558;0,43902439024390244
2025-10-09 15:41:26.852;d_shape;25280,0;25280,75;-0,75;-0,0029666841371399186;151,0;123,0;1,2276422764227641;28;114,0;54,0;41,0;9,0;0,7549668874172185;0,43902439024390244
2025-10-09 15:41:26.944;d_shape;25280,75;25281,25;-0,5;-0,0019777503090234855;154,0;132,0;1,1666666666666667;28;118,0;54,0;41,0;9,0;0,7662337662337663;0,4090909090909091
2025-10-09 15:41:26.960;d_shape;25281,0;25281,25;-0,25;-0,0009888751545117428;153,0;134,0;1,1417910447761195;28;119,0;54,0;41,0;9,0;0,7777777777777778;0,40298507462686567
2025-10-09 15:41:27.000;d_shape;25281,25;25281,5;-0,25;-0,0009888653758677295;153,0;138,0;1,108695652173913;28;119,0;54,0;41,0;9,0;0,7777777777777778;0,391304347826087
2025-10-09 15:41:27.004;d_shape;25280,75;25281,25;-0,5;-0,0019777503090234855;157,0;138,0;1,1376811594202898;28;123,0;54,0;41,0;9,0;0,7834394904458599;0,391304347826087
2025-10-09 15:41:27.140;d_shape;25281,5;25281,75;-0,25;-0,0009888555974171093;161,0;151,0;1,0662251655629138;28;137,0;53,0;41,0;9,0;0,8509316770186336;0,3509933774834437
2025-10-09 15:41:27.192;d_shape;25281,25;25281,5;-0,25;-0,0009888653758677295;158,0;151,0;1,0463576158940397;28;138,0;53,0;41,0;9,0;0,8734177215189873;0,3509933774834437
2025-10-09 15:41:27.276;d_shape;25281,0;25281,5;-0,5;-0,001977730751735459;162,0;151,0;1,0728476821192052;28;142,0;53,0;41,0;9,0;0,8765432098765432;0,3509933774834437
2025-10-09 15:41:27.360;d_shape;25281,0;25281,5;-0,5;-0,001977730751735459;166,0;151,0;1,099337748344371;28;146,0;53,0;41,0;9,0;0,8795180722891566;0,3509933774834437
2025-10-09 15:41:28.224;d_shape;25281,25;25281,75;-0,5;-0,0019777111948342187;170,0;141,0;1,2056737588652482;22;159,0;51,0;41,0;9,0;0,9352941176470588;0,3617021276595745
2025-10-09 15:41:28.496;d_shape;25281,0;25281,5;-0,5;-0,001977730751735459;163,0;138,0;1,181159420289855;21;162,0;58,0;41,0;11,0;0,9938650306748467;0,42028985507246375
2025-10-09 15:41:28.580;d_shape;25280,75;25281,5;-0,75;-0,002966596127603188;174,0;138,0;1,2608695652173914;21;173,0;58,0;41,0;11,0;0,9942528735632183;0,42028985507246375
2025-10-09 15:41:29.452;d_shape;25280,75;25281,25;-0,5;-0,0019777503090234855;190,0;126,0;1,507936507936508;14;166,0;84,0;41,0;21,0;0,8736842105263158;0,6666666666666666
2025-10-09 15:41:29.456;d_shape;25280,5;25280,75;-0,25;-0,000988894712379973;191,0;126,0;1,5158730158730158;14;167,0;84,0;42,0;21,0;0,8743455497382199;0,6666666666666666
2025-10-09 15:41:29.992;p_shape;25282,25;25282,0;0,25;0,0009888458191598766;197,0;103,0;1,912621359223301;12;150,0;76,0;42,0;22,0;0,7614213197969543;0,7378640776699029
2025-10-09 15:41:30.180;p_shape;25282,25;25282,0;0,25;0,0009888458191598766;204,0;94,0;2,1702127659574466;12;151,0;67,0;42,0;20,0;0,7401960784313726;0,7127659574468085
2025-10-09 15:41:41.352;d_shape;25277,5;25277,75;-0,25;-0,000989012075837446;86,0;124,0;0,6935483870967742;24;63,0;41,0;20,0;7,0;0,7325581395348837;0,33064516129032256
2025-10-09 15:41:43.412;p_shape;25280,25;25280,0;0,25;0,0009889240506329115;91,0;106,0;0,8584905660377359;13;59,0;76,0;20,0;25,0;0,6483516483516484;0,7169811320754716
2025-10-09 15:41:50.264;d_shape;25277,0;25277,25;-0,25;-0,0009890316391221354;66,0;77,0;0,8571428571428571;15;47,0;58,0;37,0;13,0;0,7121212121212122;0,7532467532467533
2025-10-09 15:41:50.456;d_shape;25277,75;25279,0;-1,25;-0,004944815855057558;66,0;101,0;0,6534653465346535;16;47,0;59,0;37,0;13,0;0,7121212121212122;0,5841584158415841
2025-10-09 15:41:50.764;d_shape;25277,25;25278,0;-0,75;-0,0029670068834559697;54,0;112,0;0,48214285714285715;16;47,0;52,0;37,0;12,0;0,8703703703703703;0,4642857142857143
2025-10-09 15:41:50.996;d_shape;25277,25;25278,0;-0,75;-0,0029670068834559697;54,0;113,0;0,4778761061946903;16;47,0;51,0;37,0;12,0;0,8703703703703703;0,45132743362831856
2025-10-09 15:41:51.004;d_shape;25276,75;25277,25;-0,5;-0,001978063278244271;54,0;115,0;0,46956521739130436;17;47,0;56,0;37,0;12,0;0,8703703703703703;0,48695652173913045
2025-10-09 15:41:51.052;d_shape;25276,5;25276,75;-0,25;-0,0009890512031807887;54,0;119,0;0,453781512605042;18;40,0;56,0;37,0;12,0;0,7407407407407407;0,47058823529411764
2025-10-09 15:41:51.056;d_shape;25276,25;25276,5;-0,25;-0,000989060985500366;54,0;119,0;0,453781512605042;19;40,0;61,0;37,0;12,0;0,7407407407407407;0,5126050420168067
2025-10-09 15:41:51.248;d_shape;25276,25;25276,75;-0,5;-0,0019781024063615774;51,0;128,0;0,3984375;19;40,0;54,0;37,0;12,0;0,7843137254901961;0,421875
2025-10-09 15:41:51.584;d_shape;25276,75;25277,25;-0,5;-0,001978063278244271;49,0;139,0;0,35251798561151076;17;38,0;58,0;37,0;12,0;0,7755102040816326;0,4172661870503597
2025-10-09 15:41:51.864;d_shape;25276,25;25276,75;-0,5;-0,0019781024063615774;47,0;143,0;0,32867132867132864;17;38,0;58,0;37,0;12,0;0,8085106382978723;0,40559440559440557
2025-10-09 15:41:52.012;d_shape;25276,0;25276,25;-0,25;-0,0009890707680134513;47,0;148,0;0,31756756756756754;18;38,0;57,0;37,0;12,0;0,8085106382978723;0,38513513513513514
2025-10-09 15:41:52.016;d_shape;25275,75;25276,0;-0,25;-0,0009890805507200508;47,0;150,0;0,31333333333333335;19;38,0;78,0;37,0;21,0;0,8085106382978723;0,52
2025-10-09 15:41:52.024;d_shape;25275,5;25275,75;-0,25;-0,0009890903336201694;47,0;158,0;0,2974683544303797;20;38,0;78,0;37,0;21,0;0,8085106382978723;0,4936708860759494
2025-10-09 15:41:52.032;d_shape;25275,25;25275,5;-0,25;-0,0009891001167138137;47,0;162,0;0,29012345679012347;21;38,0;90,0;37,0;21,0;0,8085106382978723;0,5555555555555556
2025-10-09 15:41:52.052;d_shape;25275,25;25275,5;-0,25;-0,0009891001167138137;47,0;178,0;0,2640449438202247;21;38,0;90,0;37,0;21,0;0,8085106382978723;0,5056179775280899
2025-10-09 15:41:52.124;d_shape;25275,25;25275,75;-0,5;-0,001978180667240339;47,0;182,0;0,25824175824175827;21;38,0;89,0;37,0;21,0;0,8085106382978723;0,489010989010989
2025-10-09 15:41:52.140;d_shape;25275,0;25275,25;-0,25;-0,000989109900000989;47,0;185,0;0,25405405405405407;22;38,0;89,0;37,0;21,0;0,8085106382978723;0,4810810810810811
2025-10-09 15:41:52.152;d_shape;25274,75;25275,0;-0,25;-0,0009891196834817012;47,0;276,0;0,17028985507246377;24;38,0;94,0;37,0;21,0;0,8085106382978723;0,34057971014492755
2025-10-09 15:41:52.156;d_shape;25274,5;25274,75;-0,25;-0,0009891294671559561;47,0;283,0;0,16607773851590105;24;38,0;94,0;37,0;21,0;0,8085106382978723;0,3321554770318021
2025-10-09 15:41:52.200;d_shape;25274,5;25275,0;-0,5;-0,0019782393669634025;47,0;294,0;0,1598639455782313;25;38,0;109,0;37,0;21,0;0,8085106382978723;0,3707482993197279
2025-10-09 15:41:52.228;d_shape;25274,0;25274,5;-0,5;-0,0019782785020475186;52,0;293,0;0,17747440273037543;26;42,0;108,0;37,0;21,0;0,8076923076923077;0,36860068259385664
2025-10-09 15:41:52.232;d_shape;25273,75;25274,0;-0,25;-0,000989158819340033;57,0;293,0;0,1945392491467577;27;47,0;110,0;37,0;21,0;0,8245614035087719;0,37542662116040953
2025-10-09 15:41:52.324;d_shape;25274,25;25274,5;-0,25;-0,0009891392510237593;69,0;294,0;0,23469387755102042;27;59,0;108,0;37,0;21,0;0,855072463768116;0,3673469387755102
2025-10-09 15:41:52.436;d_shape;25274,25;25274,5;-0,25;-0,0009891392510237593;69,0;294,0;0,23469387755102042;27;59,0;104,0;37,0;21,0;0,855072463768116;0,35374149659863946
2025-10-09 15:41:55.300;d_shape;25274,5;25275,0;-0,5;-0,0019782393669634025;80,0;371,0;0,215633423180593;22;80,0;71,0;30,0;13,0;1,0;0,19137466307277629
2025-10-09 15:41:55.564;d_shape;25274,0;25274,75;-0,75;-0,002967388401467868;82,0;332,0;0,2469879518072289;16;82,0;56,0;31,0;18,0;1,0;0,1686746987951807
2025-10-09 15:41:55.572;d_shape;25273,75;25274,0;-0,25;-0,000989158819340033;83,0;331,0;0,25075528700906347;16;83,0;55,0;31,0;18,0;1,0;0,1661631419939577
2025-10-09 15:41:56.072;d_shape;25272,0;25275,75;-3,75;-0,014836355004302543;155,0;372,0;0,4166666666666667;22;131,0;279,0;46,0;102,0;0,8451612903225807;0,75
2025-10-09 15:41:56.076;d_shape;25271,5;25272,0;-0,5;-0,001978474200696423;174,0;372,0;0,46774193548387094;24;139,0;328,0;46,0;102,0;0,7988505747126436;0,8817204301075269
2025-10-09 15:41:58.596;d_shape;25272,5;25273,25;-0,75;-0,0029675645197986015;179,0;186,0;0,9623655913978495;21;132,0;149,0;42,0;30,0;0,7374301675977654;0,8010752688172043
2025-10-09 15:41:59.000;d_shape;25272,5;25273,5;-1,0;-0,003956713553722279;187,0;195,0;0,958974358974359;21;140,0;143,0;42,0;27,0;0,7486631016042781;0,7333333333333333
2025-10-09 15:41:59.216;d_shape;25272,75;25273,25;-0,5;-0,001978376346532401;171,0;197,0;0,868020304568528;21;127,0;143,0;32,0;27,0;0,7426900584795322;0,7258883248730964
2025-10-09 15:41:59.556;d_shape;25272,75;25273,0;-0,25;-0,0009891979582954142;170,0;175,0;0,9714285714285714;21;128,0;108,0;32,0;27,0;0,7529411764705882;0,6171428571428571
2025-10-09 15:42:00.072;d_shape;25272,75;25273,25;-0,5;-0,001978376346532401;166,0;184,0;0,9021739130434783;21;128,0;102,0;32,0;27,0;0,7710843373493976;0,5543478260869565
2025-10-09 15:42:00.080;d_shape;25272,5;25272,75;-0,25;-0,0009892077435182162;166,0;185,0;0,8972972972972973;21;128,0;102,0;32,0;27,0;0,7710843373493976;0,5513513513513514
2025-10-09 15:42:00.152;d_shape;25272,75;25273,0;-0,25;-0,0009891979582954142;140,0;187,0;0,7486631016042781;21;121,0;102,0;27,0;27,0;0,8642857142857143;0,5454545454545454
2025-10-09 15:42:00.224;d_shape;25272,5;25272,75;-0,25;-0,0009892077435182162;135,0;188,0;0,7180851063829787;21;121,0;102,0;27,0;27,0;0,8962962962962963;0,5425531914893617
2025-10-09 15:42:00.256;d_shape;25272,5;25273,0;-0,5;-0,0019783959165908284;134,0;198,0;0,6767676767676768;21;121,0;102,0;27,0;27,0;0,9029850746268657;0,5151515151515151
2025-10-09 15:42:00.448;d_shape;25272,25;25273,5;-1,25;-0,004945891942152848;132,0;211,0;0,6255924170616114;21;121,0;102,0;27,0;27,0;0,9166666666666666;0,4834123222748815
2025-10-09 15:42:00.452;d_shape;25272,0;25272,25;-0,25;-0,0009892273145446092;132,0;212,0;0,6226415094339622;21;121,0;102,0;27,0;27,0;0,9166666666666666;0,4811320754716981
2025-10-09 15:42:00.500;d_shape;25271,5;25272,5;-1,0;-0,003956870115738451;132,0;221,0;0,5972850678733032;21;121,0;102,0;27,0;27,0;0,9166666666666666;0,46153846153846156
2025-10-09 15:42:04.020;d_shape;25268,5;25268,75;-0,25;-0,0009893643334157804;172,0;247,0;0,6963562753036437;27;157,0;144,0;20,0;22,0;0,9127906976744186;0,582995951417004
2025-10-09 15:42:04.068;d_shape;25268,0;25268,75;-0,75;-0,002968093000247341;178,0;247,0;0,7206477732793523;27;163,0;144,0;21,0;22,0;0,9157303370786517;0,582995951417004
2025-10-09 15:42:04.076;d_shape;25267,75;25268,0;-0,25;-0,0009893936995409214;182,0;247,0;0,7368421052631579;27;167,0;144,0;23,0;22,0;0,9175824175824175;0,582995951417004
2025-10-09 15:42:04.092;d_shape;25267,5;25267,75;-0,25;-0,000989403488636701;186,0;247,0;0,7530364372469636;27;171,0;144,0;23,0;22,0;0,9193548387096774;0,582995951417004
2025-10-09 15:42:04.120;d_shape;25268,0;25268,25;-0,25;-0,000989383910638845;190,0;246,0;0,7723577235772358;27;175,0;143,0;25,0;22,0;0,9210526315789473;0,5813008130081301
2025-10-09 15:42:04.140;d_shape;25267,75;25268,0;-0,25;-0,0009893936995409214;191,0;246,0;0,7764227642276422;27;176,0;143,0;25,0;22,0;0,9214659685863874;0,5813008130081301
2025-10-09 15:42:04.208;d_shape;25268,25;25268,5;-0,25;-0,0009893741219304667;198,0;246,0;0,8048780487804879;27;183,0;143,0;25,0;22,0;0,9242424242424242;0,5813008130081301
2025-10-09 15:42:04.216;d_shape;25268,0;25268,25;-0,25;-0,000989383910638845;202,0;246,0;0,8211382113821138;27;187,0;143,0;26,0;22,0;0,9257425742574258;0,5813008130081301
2025-10-09 15:42:04.372;d_shape;25268,5;25268,75;-0,25;-0,0009893643334157804;213,0;238,0;0,8949579831932774;27;199,0;135,0;30,0;22,0;0,9342723004694836;0,5672268907563025
2025-10-09 15:42:04.424;d_shape;25268,5;25268,75;-0,25;-0,0009893643334157804;219,0;238,0;0,9201680672268907;27;205,0;135,0;30,0;22,0;0,9360730593607306;0,5672268907563025
2025-10-09 15:42:05.520;p_shape;25270,5;25270,25;0,25;0,0009893056063948714;233,0;200,0;1,165;19;179,0;160,0;31,0;37,0;0,7682403433476395;0,8
2025-10-09 15:42:05.668;p_shape;25270,5;25270,0;0,5;0,0019786307874950534;225,0;181,0;1,2430939226519337;19;179,0;141,0;31,0;37,0;0,7955555555555556;0,7790055248618785
2025-10-09 15:42:06.312;p_shape;25270,0;25269,75;0,25;0,0009893251812938396;192,0;162,0;1,1851851851851851;16;156,0;134,0;31,0;37,0;0,8125;0,8271604938271605
2025-10-09 15:42:06.372;p_shape;25270,0;25269,5;0,5;0,001978669938067631;192,0;165,0;1,1636363636363636;16;156,0;137,0;31,0;37,0;0,8125;0,8303030303030303
2025-10-09 15:42:06.448;p_shape;25270,0;25269,5;0,5;0,001978669938067631;192,0;176,0;1,0909090909090908;15;156,0;155,0;31,0;37,0;0,8125;0,8806818181818182
2025-10-09 15:42:06.892;p_shape;25269,75;25269,5;0,25;0,0009893349690338156;146,0;174,0;0,8390804597701149;15;120,0;153,0;22,0;38,0;0,821917808219178;0,8793103448275862
2025-10-09 15:42:07.460;p_shape;25269,75;25269,25;0,5;0,001978689513934921;157,0;149,0;1,0536912751677852;15;128,0;131,0;22,0;26,0;0,8152866242038217;0,8791946308724832
2025-10-09 15:42:07.620;p_shape;25269,75;25269,5;0,25;0,0009893349690338156;157,0;152,0;1,0328947368421053;15;128,0;139,0;22,0;30,0;0,8152866242038217;0,9144736842105263
2025-10-09 15:42:08.276;d_shape;25268,25;25268,75;-0,5;-0,001978728666831561;111,0;151,0;0,7350993377483444;13;94,0;137,0;21,0;32,0;0,8468468468468469;0,9072847682119205
2025-10-09 15:42:08.320;d_shape;25268,25;25268,75;-0,5;-0,001978728666831561;111,0;169,0;0,6568047337278107;13;94,0;137,0;21,0;32,0;0,8468468468468469;0,8106508875739645
2025-10-09 15:42:08.420;d_shape;25268,0;25268,75;-0,75;-0,002968093000247341;106,0;174,0;0,6091954022988506;13;89,0;137,0;21,0;32,0;0,839622641509434;0,7873563218390804
2025-10-09 15:42:08.484;d_shape;25268,0;25268,25;-0,25;-0,000989383910638845;102,0;167,0;0,6107784431137725;13;85,0;130,0;21,0;32,0;0,8333333333333334;0,7784431137724551
2025-10-09 15:42:08.536;d_shape;25268,0;25268,5;-0,5;-0,0019787482438609334;102,0;171,0;0,5964912280701754;13;85,0;129,0;21,0;32,0;0,8333333333333334;0,7543859649122807
2025-10-09 15:42:08.552;d_shape;25267,75;25268,0;-0,25;-0,0009893936995409214;100,0;179,0;0,5586592178770949;13;83,0;129,0;21,0;32,0;0,83;0,7206703910614525
2025-10-09 15:42:08.560;d_shape;25267,5;25267,75;-0,25;-0,000989403488636701;100,0;180,0;0,5555555555555556;13;83,0;129,0;21,0;32,0;0,83;0,7166666666666667
2025-10-09 15:42:08.600;d_shape;25267,25;25267,5;-0,25;-0,0009894132779261896;100,0;183,0;0,546448087431694;14;70,0;129,0;21,0;32,0;0,7;0,7049180327868853
2025-10-09 15:42:08.964;d_shape;25267,0;25267,25;-0,25;-0,0009894230674093935;100,0;179,0;0,5586592178770949;15;70,0;131,0;21,0;31,0;0,7;0,7318435754189944
2025-10-09 15:42:09.840;d_shape;25265,25;25265,5;-0,25;-0,0009894915992163227;126,0;254,0;0,49606299212598426;25;89,0;165,0;69,0;31,0;0,7063492063492064;0,6496062992125984
2025-10-09 15:42:09.888;d_shape;25265,0;25265,25;-0,25;-0,0009895013902494532;127,0;255,0;0,4980392156862745;25;90,0;165,0;70,0;31,0;0,7086614173228346;0,6470588235294118
2025-10-09 15:42:10.176;d_shape;25265,25;25265,75;-0,5;-0,001978963616753906;126,0;253,0;0,4980237154150198;25;93,0;156,0;73,0;27,0;0,7380952380952381;0,616600790513834
2025-10-09 15:42:10.308;d_shape;25265,0;25265,25;-0,25;-0,0009895013902494532;125,0;254,0;0,4921259842519685;25;93,0;155,0;73,0;27,0;0,744;0,610236220472441
2025-10-09 15:42:10.316;d_shape;25264,75;25265,0;-0,25;-0,0009895111814763506;126,0;254,0;0,49606299212598426;25;94,0;155,0;73,0;27,0;0,746031746031746;0,610236220472441
2025-10-09 15:42:10.324;d_shape;25264,75;25265,0;-0,25;-0,0009895111814763506;132,0;255,0;0,5176470588235295;25;100,0;155,0;73,0;27,0;0,7575757575757576;0,6078431372549019
2025-10-09 15:42:10.352;d_shape;25264,5;25264,75;-0,25;-0,0009895209728970206;131,0;255,0;0,5137254901960784;25;101,0;155,0;73,0;27,0;0,7709923664122137;0,6078431372549019
2025-10-09 15:42:10.588;d_shape;25264,5;25265,25;-0,75;-0,0029685041707483597;132,0;252,0;0,5238095238095238;25;103,0;147,0;73,0;27,0;0,7803030303030303;0,5833333333333334
2025-10-09 15:42:10.928;d_shape;25265,0;25265,5;-0,5;-0,0019789831984326454;125,0;267,0;0,4681647940074906;25;103,0;145,0;73,0;27,0;0,824;0,5430711610486891
2025-10-09 15:42:11.304;d_shape;25264,5;25265,25;-0,75;-0,0029685041707483597;144,0;250,0;0,576;24;122,0;128,0;75,0;24,0;0,8472222222222222;0,512
2025-10-09 15:42:11.308;d_shape;25264,25;25264,5;-0,25;-0,0009895307645114686;150,0;250,0;0,6;25;128,0;132,0;75,0;24,0;0,8533333333333334;0,528
2025-10-09 15:42:11.312;d_shape;25264,0;25264,25;-0,25;-0,0009895405563197007;152,0;250,0;0,608;26;130,0;132,0;75,0;24,0;0,8552631578947368;0,528
2025-10-09 15:42:11.336;d_shape;25264,0;25264,25;-0,25;-0,0009895405563197007;163,0;249,0;0,6546184738955824;26;141,0;131,0;75,0;24,0;0,8650306748466258;0,5261044176706827
2025-10-09 15:42:11.420;d_shape;25264,75;25265,0;-0,25;-0,0009895111814763506;170,0;244,0;0,6967213114754098;26;148,0;126,0;76,0;22,0;0,8705882352941177;0,5163934426229508
2025-10-09 15:42:11.528;d_shape;25265,0;25265,25;-0,25;-0,0009895013902494532;176,0;209,0;0,8421052631578947;24;151,0;99,0;77,0;13,0;0,8579545454545454;0,47368421052631576
2025-10-09 15:42:11.636;d_shape;25265,25;25265,75;-0,5;-0,001978963616753906;180,0;199,0;0,9045226130653267;24;157,0;89,0;77,0;13,0;0,8722222222222222;0,4472361809045226
2025-10-09 15:42:11.660;d_shape;25265,0;25265,25;-0,25;-0,0009895013902494532;181,0;199,0;0,9095477386934674;24;158,0;89,0;78,0;13,0;0,8729281767955801;0,4472361809045226
2025-10-09 15:42:12.116;d_shape;25265,25;25265,5;-0,25;-0,0009894915992163227;187,0;202,0;0,9257425742574258;24;172,0;78,0;78,0;13,0;0,9197860962566845;0,38613861386138615
2025-10-09 15:42:12.308;d_shape;25264,75;25265,25;-0,5;-0,0019790027804989065;183,0;208,0;0,8798076923076923;24;172,0;78,0;78,0;13,0;0,9398907103825137;0,375
2025-10-09 15:42:12.324;d_shape;25264,25;25264,75;-0,5;-0,001979041945794041;183,0;209,0;0,8755980861244019;24;172,0;78,0;78,0;13,0;0,9398907103825137;0,37320574162679426
2025-10-09 15:42:12.424;d_shape;25264,25;25265,0;-0,75;-0,002968533544429052;183,0;211,0;0,8672985781990521;24;172,0;78,0;78,0;13,0;0,9398907103825137;0,3696682464454976
2025-10-09 15:42:12.584;d_shape;25264,5;25265,0;-0,5;-0,0019790223629527013;176,0;215,0;0,8186046511627907;24;172,0;77,0;78,0;13,0;0,9772727272727273;0,3581395348837209
2025-10-09 15:42:12.604;d_shape;25264,25;25264,5;-0,25;-0,0009895307645114686;176,0;216,0;0,8148148148148148;24;172,0;77,0;78,0;13,0;0,9772727272727273;0,35648148148148145
2025-10-09 15:42:12.632;d_shape;25264,0;25264,25;-0,25;-0,0009895405563197007;176,0;212,0;0,8301886792452831;23;172,0;72,0;78,0;13,0;0,9772727272727273;0,33962264150943394
2025-10-09 15:42:12.664;d_shape;25263,25;25264,0;-0,75;-0,0029686510449651675;176,0;244,0;0,7213114754098361;26;172,0;79,0;78,0;13,0;0,9772727272727273;0,3237704918032787
2025-10-09 15:42:12.684;d_shape;25264,0;25264,25;-0,25;-0,0009895405563197007;176,0;264,0;0,6666666666666666;26;172,0;79,0;78,0;13,0;0,9772727272727273;0,29924242424242425
2025-10-09 15:42:12.720;d_shape;25263,25;25264,0;-0,75;-0,0029686510449651675;176,0;278,0;0,6330935251798561;26;172,0;79,0;78,0;13,0;0,9772727272727273;0,2841726618705036
2025-10-09 15:42:12.728;d_shape;25263,25;25263,5;-0,25;-0,0009895699329071585;179,0;284,0;0,6302816901408451;27;175,0;98,0;78,0;19,0;0,9776536312849162;0,34507042253521125
2025-10-09 15:42:12.736;d_shape;25263,0;25263,25;-0,25;-0,0009895797254905843;181,0;285,0;0,6350877192982456;27;177,0;98,0;78,0;19,0;0,9779005524861878;0,34385964912280703
2025-10-09 15:42:12.744;d_shape;25262,5;25263,0;-0,5;-0,001979179036535645;183,0;285,0;0,6421052631578947;29;179,0;103,0;78,0;19,0;0,9781420765027322;0,36140350877192984
2025-10-09 15:42:12.760;d_shape;25262,25;25262,5;-0,25;-0,0009896091044037606;185,0;285,0;0,6491228070175439;30;175,0;103,0;78,0;19,0;0,9459459459459459;0,36140350877192984
2025-10-09 15:42:12.820;d_shape;25262,5;25262,75;-0,25;-0,0009895993112388794;193,0;286,0;0,6748251748251748;30;183,0;103,0;78,0;19,0;0,9481865284974094;0,36013986013986016
2025-10-09 15:42:12.824;d_shape;25262,25;25262,5;-0,25;-0,0009896091044037606;200,0;286,0;0,6993006993006993;30;191,0;103,0;78,0;19,0;0,955;0,36013986013986016
2025-10-09 15:42:12.872;d_shape;25262,5;25262,75;-0,25;-0,0009895993112388794;204,0;286,0;0,7132867132867133;30;195,0;103,0;78,0;19,0;0,9558823529411765;0,36013986013986016
2025-10-09 15:42:12.936;d_shape;25262,25;25262,5;-0,25;-0,0009896091044037606;206,0;286,0;0,7202797202797203;30;197,0;103,0;78,0;19,0;0,9563106796116505;0,36013986013986016
2025-10-09 15:42:12.940;d_shape;25261,75;25262,25;-0,5;-0,0019792377955249432;216,0;286,0;0,7552447552447552;32;196,0;125,0;78,0;22,0;0,9074074074074074;0,4370629370629371
2025-10-09 15:42:13.096;d_shape;25262,5;25263,25;-0,75;-0,0029687391764717523;221,0;288,0;0,7673611111111112;31;201,0;143,0;78,0;22,0;0,9095022624434389;0,4965277777777778
2025-10-09 15:42:13.264;d_shape;25263,0;25263,25;-0,25;-0,0009895797254905843;221,0;290,0;0,7620689655172413;30;199,0;140,0;78,0;22,0;0,9004524886877828;0,4827586206896552
2025-10-09 15:42:13.420;d_shape;25262,75;25263,25;-0,5;-0,0019791594509811685;221,0;268,0;0,8246268656716418;28;195,0;147,0;78,0;35,0;0,8823529411764706;0,5485074626865671
2025-10-09 15:42:13.456;d_shape;25262,5;25262,75;-0,25;-0,0009895993112388794;221,0;276,0;0,8007246376811594;28;195,0;143,0;78,0;35,0;0,8823529411764706;0,5181159420289855
2025-10-09 15:42:20.924;p_shape;25267,75;25267,5;0,25;0,0009894132779261896;156,0;135,0;1,1555555555555554;30;84,0;116,0;15,0;20,0;0,5384615384615384;0,8592592592592593
2025-10-09 15:42:21.200;p_shape;25267,25;25266,5;0,75;0,0029683573110640574;142,0;136,0;1,0441176470588236;25;108,0;110,0;17,0;20,0;0,7605633802816901;0,8088235294117647
2025-10-09 15:42:21.256;p_shape;25267,5;25267,25;0,25;0,0009894230674093935;141,0;137,0;1,0291970802919708;25;107,0;111,0;17,0;20,0;0,7588652482269503;0,8102189781021898
2025-10-09 15:42:21.760;p_shape;25267,5;25267,25;0,25;0,0009894230674093935;116,0;135,0;0,8592592592592593;22;86,0;109,0;17,0;20,0;0,7413793103448276;0,8074074074074075
2025-10-09 15:42:21.764;p_shape;25268,0;25267,5;0,5;0,0019788265558523793;116,0;142,0;0,8169014084507042;22;86,0;116,0;17,0;21,0;0,7413793103448276;0,8169014084507042
2025-10-09 15:42:34.680;p_shape;25265,75;25265,0;0,75;0,002968533544429052;48,0;117,0;0,41025641025641024;20;36,0;95,0;12,0;24,0;0,75;0,811965811965812
2025-10-09 15:42:35.172;p_shape;25265,5;25265,0;0,5;0,0019790223629527013;65,0;107,0;0,6074766355140186;18;34,0;86,0;12,0;24,0;0,5230769230769231;0,8037383177570093
2025-10-09 15:42:35.312;p_shape;25267,25;25265,5;1,75;0,006926441194514258;65,0;107,0;0,6074766355140186;20;38,0;85,0;12,0;24,0;0,5846153846153846;0,794392523364486
2025-10-09 15:42:35.336;p_shape;25267,0;25266,5;0,5;0,001978904874042705;65,0;111,0;0,5855855855855856;22;49,0;85,0;12,0;24,0;0,7538461538461538;0,7657657657657657
2025-10-09 15:42:35.376;p_shape;25267,5;25267,0;0,5;0,0019788657141726366;65,0;115,0;0,5652173913043478;23;54,0;89,0;12,0;24,0;0,8307692307692308;0,7739130434782608
2025-10-09 15:42:35.764;p_shape;25267,25;25266,75;0,5;0,0019788852939139384;58,0;119,0;0,48739495798319327;21;56,0;99,0;11,0;21,0;0,9655172413793104;0,8319327731092437
2025-10-09 15:42:36.084;p_shape;25266,5;25265,75;0,75;0,002968445425130859;56,0;129,0;0,43410852713178294;21;54,0;109,0;11,0;22,0;0,9642857142857143;0,8449612403100775
2025-10-09 15:42:36.196;p_shape;25266,25;25265,75;0,5;0,001978963616753906;56,0;135,0;0,4148148148148148;21;54,0;115,0;11,0;22,0;0,9642857142857143;0,8518518518518519
2025-10-09 15:42:38.600;d_shape;25259,75;25260,0;-0,25;-0,0009897070467141727;91,0;203,0;0,4482758620689655;35;68,0;157,0;20,0;22,0;0,7472527472527473;0,7733990147783252
2025-10-09 15:42:38.716;d_shape;25259,75;25260,0;-0,25;-0,0009897070467141727;94,0;202,0;0,46534653465346537;35;71,0;156,0;21,0;22,0;0,7553191489361702;0,7722772277227723
2025-10-09 15:42:38.768;d_shape;25259,5;25260,0;-0,5;-0,0019794140934283454;96,0;195,0;0,49230769230769234;35;73,0;149,0;22,0;22,0;0,7604166666666666;0,764102564102564
2025-10-09 15:42:38.780;d_shape;25259,25;25259,5;-0,25;-0,0009897266375027219;97,0;193,0;0,5025906735751295;35;74,0;147,0;22,0;22,0;0,7628865979381443;0,7616580310880829
2025-10-09 15:42:38.824;d_shape;25259,75;25260,0;-0,25;-0,0009897070467141727;100,0;191,0;0,5235602094240838;35;77,0;145,0;23,0;22,0;0,77;0,7591623036649214
2025-10-09 15:42:38.836;d_shape;25259,5;25259,75;-0,25;-0,0009897168420115005;101,0;190,0;0,531578947368421;35;78,0;144,0;23,0;22,0;0,7722772277227723;0,7578947368421053
2025-10-09 15:42:39.048;d_shape;25260,75;25261,5;-0,75;-0,0029689448370049287;106,0;179,0;0,5921787709497207;35;83,0;129,0;23,0;22,0;0,7830188679245284;0,7206703910614525
2025-10-09 15:42:39.236;d_shape;25260,75;25261,25;-0,5;-0,0019793161462714633;105,0;182,0;0,5769230769230769;35;85,0;129,0;23,0;22,0;0,8095238095238095;0,7087912087912088
2025-10-09 15:42:39.864;d_shape;25260,25;25261,0;-0,75;-0,0029690036023910377;102,0;181,0;0,56353591160221;35;87,0;114,0;23,0;22,0;0,8529411764705882;0,6298342541436464
2025-10-09 15:42:40.344;d_shape;25260,75;25261,5;-0,75;-0,0029689448370049287;91,0;196,0;0,4642857142857143;34;91,0;107,0;24,0;21,0;1,0;0,5459183673469388
2025-10-09 15:42:40.636;d_shape;25260,25;25261,0;-0,75;-0,0029690036023910377;91,0;184,0;0,4945652173913043;33;91,0;102,0;24,0;12,0;1,0;0,5543478260869565
2025-10-09 15:42:40.640;d_shape;25259,75;25260,25;-0,5;-0,0019793945032214647;91,0;183,0;0,4972677595628415;33;91,0;100,0;24,0;12,0;1,0;0,546448087431694
2025-10-09 15:42:40.652;d_shape;25259,25;25259,75;-0,5;-0,001979433684023001;91,0;186,0;0,489247311827957;33;91,0;100,0;24,0;12,0;1,0;0,5376344086021505
2025-10-09 15:42:40.688;d_shape;25259,0;25259,25;-0,25;-0,0009897364331878421;91,0;183,0;0,4972677595628415;33;91,0;95,0;24,0;12,0;1,0;0,5191256830601093
2025-10-09 15:42:40.764;d_shape;25259,0;25259,25;-0,25;-0,0009897364331878421;91,0;175,0;0,52;33;91,0;83,0;24,0;11,0;1,0;0,4742857142857143
2025-10-09 15:42:40.912;d_shape;25259,0;25259,5;-0,5;-0,0019794532750054437;91,0;166,0;0,5481927710843374;30;91,0;79,0;24,0;11,0;1,0;0,4759036144578313
2025-10-09 15:42:40.992;d_shape;25258,75;25259,0;-0,25;-0,0009897462290668672;92,0;167,0;0,5508982035928144;30;92,0;79,0;24,0;11,0;1,0;0,47305389221556887
2025-10-09 15:42:42.756;p_shape;25261,75;25261,25;0,5;0,0019793161462714633;187,0;84,0;2,2261904761904763;16;97,0;66,0;24,0;24,0;0,5187165775401069;0,7857142857142857
2025-10-09 15:42:42.796;p_shape;25262,5;25261,75;0,75;0,0029689154551842214;188,0;80,0;2,35;16;97,0;62,0;24,0;24,0;0,5159574468085106;0,775
2025-10-09 15:42:43.016;p_shape;25263,25;25262,5;0,75;0,0029688273132112814;186,0;74,0;2,5135135135135136;19;131,0;55,0;24,0;24,0;0,7043010752688172;0,7432432432432432
2025-10-09 15:42:43.028;p_shape;25263,25;25262,75;0,5;0,0019791986224777587;185,0;76,0;2,4342105263157894;19;130,0;57,0;24,0;24,0;0,7027027027027027;0,75
2025-10-09 15:42:43.428;p_shape;25263,25;25262,75;0,5;0,0019791986224777587;155,0;85,0;1,8235294117647058;19;100,0;66,0;18,0;24,0;0,6451612903225806;0,7764705882352941
2025-10-09 15:42:43.536;p_shape;25263,25;25262,75;0,5;0,0019791986224777587;127,0;93,0;1,3655913978494623;19;72,0;74,0;13,0;24,0;0,5669291338582677;0,7956989247311828
2025-10-09 15:42:43.652;p_shape;25262,5;25262,25;0,25;0,0009896188977624716;121,0;108,0;1,1203703703703705;19;66,0;89,0;13,0;24,0;0,5454545454545454;0,8240740740740741
2025-10-09 15:42:44.464;p_shape;25262,5;25261,5;1,0;0,003958593116006571;128,0;107,0;1,1962616822429906;19;51,0;88,0;14,0;20,0;0,3984375;0,822429906542056
2025-10-09 15:42:44.576;p_shape;25263,0;25262,5;0,5;0,0019792182088075212;131,0;104,0;1,2596153846153846;19;51,0;85,0;14,0;20,0;0,3893129770992366;0,8173076923076923
2025-10-09 15:42:44.616;p_shape;25262,75;25262,5;0,25;0,0009896091044037606;134,0;104,0;1,2884615384615385;19;51,0;85,0;14,0;20,0;0,3805970149253731;0,8173076923076923
2025-10-09 15:42:45.640;p_shape;25263,25;25262,5;0,75;0,0029688273132112814;145,0;70,0;2,0714285714285716;19;58,0;55,0;14,0;20,0;0,4;0,7857142857142857
2025-10-09 15:42:45.940;p_shape;25263,5;25263,25;0,25;0,0009895797254905843;153,0;55,0;2,7818181818181817;18;58,0;55,0;14,0;20,0;0,3790849673202614;1,0
2025-10-09 15:42:45.972;p_shape;25264,0;25263,5;0,5;0,001979139865814317;153,0;59,0;2,593220338983051;20;68,0;57,0;14,0;20,0;0,4444444444444444;0,9661016949152542
2025-10-09 15:42:46.344;p_shape;25263,75;25263,0;0,75;0,0029687685548034676;131,0;80,0;1,6375;15;84,0;72,0;26,0;20,0;0,6412213740458015;0,9
2025-10-09 15:42:46.712;p_shape;25263,25;25262,75;0,5;0,0019791986224777587;152,0;81,0;1,876543209876543;15;85,0;73,0;23,0;20,0;0,5592105263157895;0,9012345679012346
2025-10-09 15:42:46.760;p_shape;25263,5;25263,25;0,25;0,0009895797254905843;152,0;82,0;1,853658536585366;15;85,0;74,0;23,0;20,0;0,5592105263157895;0,9024390243902439
2025-10-09 15:42:50.244;p_shape;25267,25;25267,0;0,25;0,0009894328570863183;145,0;115,0;1,2608695652173914;22;107,0;88,0;18,0;62,0;0,7379310344827587;0,7652173913043478
2025-10-09 15:42:50.248;p_shape;25267,75;25267,25;0,5;0,001978846134818787;145,0;120,0;1,2083333333333333;24;110,0;87,0;18,0;62,0;0,7586206896551724;0,725
2025-10-09 15:42:50.252;p_shape;25268,0;25267,75;0,25;0,000989403488636701;145,0;125,0;1,16;25;116,0;92,0;18,0;64,0;0,8;0,736
2025-10-09 15:42:50.628;p_shape;25266,5;25266,25;0,25;0,0009894622272794737;140,0;140,0;1,0;25;111,0;107,0;18,0;64,0;0,7928571428571428;0,7642857142857142
2025-10-09 15:42:51.748;p_shape;25266,75;25266,5;0,25;0,0009894524370213525;112,0;118,0;0,9491525423728814;23;68,0;108,0;16,0;64,0;0,6071428571428571;0,9152542372881356
2025-10-09 15:42:51.916;p_shape;25267,0;25266,75;0,25;0,0009894426469569692;108,0;117,0;0,9230769230769231;23;61,0;108,0;16,0;64,0;0,5648148148148148;0,9230769230769231
2025-10-09 15:42:52.000;p_shape;25267,5;25267,0;0,5;0,0019788657141726366;111,0;119,0;0,9327731092436975;23;58,0;110,0;16,0;64,0;0,5225225225225225;0,9243697478991597
2025-10-09 15:42:52.096;p_shape;25268,0;25267,5;0,5;0,0019788265558523793;111,0;124,0;0,8951612903225806;23;58,0;115,0;16,0;64,0;0,5225225225225225;0,9274193548387096
2025-10-09 15:42:52.312;p_shape;25268,0;25267,5;0,5;0,0019788265558523793;108,0;130,0;0,8307692307692308;21;65,0;121,0;16,0;64,0;0,6018518518518519;0,9307692307692308
2025-10-09 15:42:52.348;p_shape;25268,5;25268,0;0,5;0,0019787873990818427;107,0;131,0;0,816793893129771;21;75,0;122,0;16,0;64,0;0,7009345794392523;0,9312977099236641
2025-10-09 15:42:52.496;p_shape;25268,5;25268,0;0,5;0,0019787873990818427;105,0;133,0;0,7894736842105263;20;73,0;122,0;16,0;64,0;0,6952380952380952;0,9172932330827067
2025-10-09 15:43:00.228;p_shape;25266,75;25265,75;1,0;0,003957927233507812;47,0;67,0;0,7014925373134329;10;40,0;59,0;11,0;21,0;0,851063829787234;0,8805970149253731
2025-10-09 15:43:00.232;p_shape;25267,0;25266,75;0,25;0,0009894426469569692;47,0;73,0;0,6438356164383562;10;40,0;65,0;11,0;21,0;0,851063829787234;0,8904109589041096
2025-10-09 15:43:00.240;p_shape;25267,0;25266,75;0,25;0,0009894426469569692;47,0;76,0;0,618421052631579;10;40,0;68,0;11,0;22,0;0,851063829787234;0,8947368421052632
2025-10-09 15:43:01.304;d_shape;25265,0;25265,5;-0,5;-0,0019789831984326454;57,0;77,0;0,7402597402597403;11;50,0;74,0;27,0;22,0;0,8771929824561403;0,961038961038961
2025-10-09 15:43:01.620;p_shape;25266,75;25266,25;0,5;0,0019789244545589473;74,0;67,0;1,1044776119402986;11;57,0;64,0;32,0;20,0;0,7702702702702703;0,9552238805970149
2025-10-09 15:43:01.676;p_shape;25267,0;25266,75;0,25;0,0009894426469569692;79,0;65,0;1,2153846153846153;11;57,0;62,0;32,0;20,0;0,7215189873417721;0,9538461538461539
2025-10-09 15:43:01.692;p_shape;25267,75;25267,0;0,75;0,002968298571258954;81,0;65,0;1,2461538461538462;13;60,0;58,0;32,0;20,0;0,7407407407407407;0,8923076923076924
2025-10-09 15:43:01.808;p_shape;25268,0;25267,5;0,5;0,0019788265558523793;84,0;61,0;1,3770491803278688;13;60,0;54,0;32,0;20,0;0,7142857142857143;0,8852459016393442
2025-10-09 15:43:05.360;p_shape;25272,75;25271,75;1,0;0,003956987545381701;199,0;107,0;1,8598130841121496;32;101,0;82,0;22,0;44,0;0,507537688442211;0,7663551401869159
2025-10-09 15:43:05.436;p_shape;25272,75;25272,5;0,25;0,0009892175289346128;199,0;111,0;1,7927927927927927;32;101,0;86,0;22,0;45,0;0,507537688442211;0,7747747747747747
2025-10-09 15:43:05.656;p_shape;25272,75;25272,25;0,5;0,0019784546290892184;185,0;116,0;1,5948275862068966;32;87,0;92,0;21,0;48,0;0,4702702702702703;0,7931034482758621
2025-10-09 15:43:05.764;p_shape;25272,5;25272,0;0,5;0,001978474200696423;181,0;115,0;1,5739130434782609;32;83,0;94,0;21,0;48,0;0,4585635359116022;0,8173913043478261
2025-10-09 15:43:05.848;p_shape;25272,5;25272,25;0,25;0,0009892273145446092;180,0;118,0;1,5254237288135593;32;82,0;97,0;21,0;48,0;0,45555555555555555;0,8220338983050848
2025-10-09 15:43:05.888;p_shape;25272,0;25271,75;0,25;0,0009892468863454253;180,0;123,0;1,4634146341463414;32;82,0;102,0;21,0;48,0;0,45555555555555555;0,8292682926829268
2025-10-09 15:43:05.924;p_shape;25272,25;25272,0;0,25;0,0009892371003482115;180,0;124,0;1,4516129032258065;32;82,0;103,0;21,0;48,0;0,45555555555555555;0,8306451612903226
2025-10-09 15:43:05.972;p_shape;25271,75;25271,5;0,25;0,0009892566725362563;180,0;130,0;1,3846153846153846;32;81,0;109,0;21,0;48,0;0,45;0,8384615384615385
2025-10-09 15:43:06.024;p_shape;25272,0;25271,5;0,5;0,0019785133450725126;181,0;132,0;1,371212121212121;32;81,0;111,0;21,0;48,0;0,44751381215469616;0,8409090909090909
2025-10-09 15:43:06.176;p_shape;25272,0;25271,5;0,5;0,0019785133450725126;181,0;140,0;1,292857142857143;32;81,0;119,0;21,0;48,0;0,44751381215469616;0,85
2025-10-09 15:43:06.200;p_shape;25272,25;25271,75;0,5;0,0019784937726908505;181,0;143,0;1,2657342657342658;32;81,0;122,0;21,0;48,0;0,44751381215469616;0,8531468531468531
2025-10-09 15:43:07.584;d_shape;25268,75;25269,0;-0,25;-0,0009893545450947803;156,0;176,0;0,8863636363636364;21;112,0;113,0;20,0;48,0;0,717948717948718;0,6420454545454546
2025-10-09 15:43:07.616;d_shape;25268,5;25268,75;-0,25;-0,0009893643334157804;157,0;176,0;0,8920454545454546;21;113,0;113,0;23,0;48,0;0,7197452229299363;0,6420454545454546
2025-10-09 15:43:07.632;d_shape;25268,25;25268,75;-0,5;-0,001978728666831561;161,0;176,0;0,9147727272727273;21;117,0;113,0;24,0;48,0;0,7267080745341615;0,6420454545454546
2025-10-09 15:43:07.664;d_shape;25267,75;25268,25;-0,5;-0,00197876782127769;162,0;169,0;0,9585798816568047;22;114,0;113,0;24,0;48,0;0,7037037037037037;0,6686390532544378
2025-10-09 15:43:07.832;d_shape;25268,25;25268,5;-0,25;-0,0009893741219304667;161,0;163,0;0,9877300613496932;22;113,0;113,0;20,0;48,0;0,7018633540372671;0,6932515337423313
2025-10-09 15:43:07.936;d_shape;25269,0;25269,25;-0,25;-0,0009893447569674606;169,0;163,0;1,0368098159509203;22;121,0;113,0;21,0;48,0;0,7159763313609467;0,6932515337423313
2025-10-09 15:43:08.152;d_shape;25268,5;25269,25;-0,75;-0,0029680342709023813;166,0;164,0;1,0121951219512195;22;118,0;113,0;20,0;48,0;0,7108433734939759;0,6890243902439024
2025-10-09 15:43:09.844;d_shape;25269,0;25269,25;-0,25;-0,0009893447569674606;80,0;127,0;0,6299212598425197;20;75,0;70,0;20,0;16,0;0,9375;0,5511811023622047
2025-10-09 15:43:09.856;d_shape;25269,0;25269,25;-0,25;-0,0009893447569674606;82,0;127,0;0,6456692913385826;20;77,0;70,0;21,0;16,0;0,9390243902439024;0,5511811023622047
2025-10-09 15:43:09.884;d_shape;25269,0;25269,25;-0,25;-0,0009893447569674606;84,0;126,0;0,6666666666666666;20;79,0;69,0;22,0;16,0;0,9404761904761905;0,5476190476190477
2025-10-09 15:43:16.064;d_shape;25271,5;25272,0;-0,5;-0,001978474200696423;102,0;129,0;0,7906976744186046;15;76,0;80,0;20,0;22,0;0,7450980392156863;0,6201550387596899
2025-10-09 15:43:21.156;p_shape;25274,75;25274,25;0,5;0,0019782980701702328;73,0;94,0;0,776595744680851;16;11,0;75,0;4,0;26,0;0,1506849315068493;0,7978723404255319
2025-10-09 15:43:21.436;p_shape;25274,75;25274,25;0,5;0,0019782980701702328;73,0;93,0;0,7849462365591398;15;15,0;79,0;4,0;26,0;0,2054794520547945;0,8494623655913979
2025-10-09 15:43:21.472;p_shape;25275,0;25274,75;0,25;0,0009891294671559561;73,0;91,0;0,8021978021978022;15;15,0;80,0;4,0;27,0;0,2054794520547945;0,8791208791208791
2025-10-09 15:43:21.636;p_shape;25274,75;25274,5;0,25;0,0009891392510237593;73,0;95,0;0,7684210526315789;15;15,0;86,0;4,0;28,0;0,2054794520547945;0,9052631578947369
2025-10-09 15:43:21.808;p_shape;25275,0;25274,5;0,5;0,0019782785020475186;73,0;98,0;0,7448979591836735;15;15,0;89,0;4,0;29,0;0,2054794520547945;0,9081632653061225
2025-10-09 15:43:21.896;p_shape;25275,0;25274,75;0,25;0,0009891294671559561;73,0;99,0;0,7373737373737373;15;15,0;97,0;4,0;30,0;0,2054794520547945;0,9797979797979798
2025-10-09 15:43:26.760;d_shape;25271,0;25271,25;-0,25;-0,0009892664589207104;74,0;83,0;0,891566265060241;19;74,0;70,0;21,0;15,0;1,0;0,8433734939759037
2025-10-09 15:43:29.356;d_shape;25270,25;25271,0;-0,75;-0,002967828736496379;48,0;37,0;1,2972972972972974;10;48,0;32,0;26,0;9,0;1,0;0,8648648648648649
2025-10-09 15:43:29.500;d_shape;25270,5;25271,0;-0,5;-0,001978552490997586;48,0;44,0;1,0909090909090908;10;48,0;32,0;26,0;9,0;1,0;0,7272727272727273
2025-10-09 15:43:33.336;d_shape;25265,0;25265,5;-0,5;-0,0019789831984326454;84,0;102,0;0,8235294117647058;27;82,0;58,0;24,0;21,0;0,9761904761904762;0,5686274509803921
2025-10-09 15:43:33.524;d_shape;25265,0;25265,25;-0,25;-0,0009895013902494532;99,0;102,0;0,9705882352941176;28;97,0;58,0;36,0;21,0;0,9797979797979798;0,5686274509803921
2025-10-09 15:43:33.576;d_shape;25264,75;25265,0;-0,25;-0,0009895111814763506;100,0;101,0;0,9900990099009901;29;98,0;59,0;36,0;21,0;0,98;0,5841584158415841
2025-10-09 15:43:33.592;d_shape;25264,75;25265,0;-0,25;-0,0009895111814763506;102,0;101,0;1,00990099009901;29;100,0;59,0;37,0;21,0;0,9803921568627451;0,5841584158415841
2025-10-09 15:43:33.808;d_shape;25264,5;25264,75;-0,25;-0,0009895209728970206;106,0;100,0;1,06;29;94,0;70,0;37,0;21,0;0,8867924528301887;0,7
2025-10-09 15:43:33.884;d_shape;25265,0;25265,25;-0,25;-0,0009895013902494532;108,0;100,0;1,08;29;97,0;70,0;38,0;21,0;0,8981481481481481;0,7
2025-10-09 15:43:34.080;d_shape;25265,25;25265,75;-0,5;-0,001978963616753906;110,0;101,0;1,0891089108910892;28;90,0;68,0;38,0;21,0;0,8181818181818182;0,6732673267326733
2025-10-09 15:43:34.088;d_shape;25265,25;25265,5;-0,25;-0,0009894915992163227;112,0;101,0;1,108910891089109;28;92,0;68,0;38,0;21,0;0,8214285714285714;0,6732673267326733
2025-10-09 15:43:34.964;p_shape;25268,0;25267,75;0,25;0,000989403488636701;130,0;77,0;1,6883116883116882;19;69,0;63,0;38,0;21,0;0,5307692307692308;0,8181818181818182
2025-10-09 15:43:34.976;p_shape;25268,5;25268,0;0,5;0,0019787873990818427;130,0;79,0;1,6455696202531647;19;69,0;65,0;38,0;23,0;0,5307692307692308;0,8227848101265823
2025-10-09 15:43:35.332;p_shape;25268,0;25267,75;0,25;0,000989403488636701;142,0;70,0;2,0285714285714285;18;59,0;56,0;38,0;21,0;0,4154929577464789;0,8
2025-10-09 15:43:35.364;p_shape;25268,25;25268,0;0,25;0,0009893936995409214;143,0;70,0;2,0428571428571427;18;59,0;56,0;38,0;21,0;0,4125874125874126;0,8
2025-10-09 15:43:35.472;p_shape;25268,75;25268,25;0,5;0,00197876782127769;144,0;68,0;2,1176470588235294;18;59,0;54,0;38,0;20,0;0,4097222222222222;0,7941176470588235
2025-10-09 15:43:42.056;p_shape;25276,5;25276,0;0,5;0,0019781611014401015;100,0;57,0;1,7543859649122806;22;80,0;45,0;21,0;20,0;0,8;0,7894736842105263
2025-10-09 15:43:42.116;p_shape;25276,5;25276,0;0,5;0,0019781611014401015;100,0;59,0;1,694915254237288;22;80,0;47,0;21,0;21,0;0,8;0,7966101694915254
2025-10-09 15:43:45.248;p_shape;25276,0;25275,75;0,25;0,0009890903336201694;67,0;77,0;0,8701298701298701;19;43,0;75,0;10,0;22,0;0,6417910447761194;0,974025974025974
2025-10-09 15:43:45.444;p_shape;25276,25;25275,75;0,5;0,001978180667240339;67,0;78,0;0,8589743589743589;19;42,0;76,0;9,0;22,0;0,6268656716417911;0,9743589743589743
2025-10-09 15:43:45.900;p_shape;25276,25;25275,75;0,5;0,001978180667240339;29,0;82,0;0,35365853658536583;13;23,0;59,0;6,0;22,0;0,7931034482758621;0,7195121951219512
2025-10-09 15:43:46.184;p_shape;25276,5;25276,25;0,25;0,0009890707680134513;31,0;78,0;0,3974358974358974;13;23,0;55,0;6,0;28,0;0,7419354838709677;0,7051282051282052
2025-10-09 15:43:46.376;p_shape;25276,75;25276,0;0,75;0,0029672416521601516;36,0;79,0;0,45569620253164556;13;23,0;56,0;6,0;29,0;0,6388888888888888;0,7088607594936709
2025-10-09 15:43:46.452;p_shape;25276,75;25276,5;0,25;0,000989060985500366;36,0;82,0;0,43902439024390244;13;23,0;59,0;6,0;31,0;0,6388888888888888;0,7195121951219512
2025-10-09 15:43:47.448;p_shape;25277,0;25276,5;0,5;0,001978121971000732;37,0;78,0;0,47435897435897434;13;23,0;55,0;6,0;31,0;0,6216216216216216;0,7051282051282052
2025-10-09 15:43:47.780;p_shape;25276,25;25275,75;0,5;0,001978180667240339;32,0;79,0;0,4050632911392405;13;18,0;57,0;6,0;31,0;0,5625;0,7215189873417721
2025-10-09 15:43:47.788;p_shape;25276,5;25276,25;0,25;0,0009890707680134513;32,0;80,0;0,4;13;18,0;58,0;6,0;32,0;0,5625;0,725
2025-10-09 15:43:48.588;p_shape;25276,25;25275,5;0,75;0,0029673003501414414;48,0;81,0;0,5925925925925926;13;34,0;69,0;8,0;32,0;0,7083333333333334;0,8518518518518519
2025-10-09 15:43:48.740;p_shape;25276,75;25276,25;0,5;0,0019781415360269027;48,0;83,0;0,5783132530120482;13;34,0;71,0;8,0;32,0;0,7083333333333334;0,8554216867469879
2025-10-09 15:43:49.956;p_shape;25276,5;25276,25;0,25;0,0009890707680134513;44,0;76,0;0,5789473684210527;10;33,0;71,0;14,0;34,0;0,75;0,9342105263157895
2025-10-09 15:44:08.104;d_shape;25276,25;25276,75;-0,5;-0,0019781024063615774;92,0;158,0;0,5822784810126582;16;74,0;102,0;21,0;22,0;0,8043478260869565;0,6455696202531646
2025-10-09 15:44:08.232;d_shape;25276,5;25276,75;-0,25;-0,0009890512031807887;92,0;160,0;0,575;16;74,0;102,0;21,0;22,0;0,8043478260869565;0,6375
2025-10-09 15:44:08.592;d_shape;25276,25;25276,5;-0,25;-0,000989060985500366;85,0;165,0;0,5151515151515151;15;79,0;102,0;21,0;22,0;0,9294117647058824;0,6181818181818182
2025-10-09 15:44:30.832;d_shape;25270,0;25270,25;-0,25;-0,0009893056063948714;146,0;54,0;2,7037037037037037;12;120,0;26,0;57,0;7,0;0,821917808219178;0,48148148148148145
2025-10-09 15:44:30.840;d_shape;25269,75;25270,0;-0,25;-0,0009893153937475267;154,0;54,0;2,8518518518518516;13;128,0;29,0;60,0;7,0;0,8311688311688312;0,5370370370370371
2025-10-09 15:44:31.524;d_shape;25270,25;25270,75;-0,5;-0,001978572064541021;150,0;62,0;2,4193548387096775;13;124,0;29,0;60,0;7,0;0,8266666666666667;0,46774193548387094
2025-10-09 15:44:31.824;d_shape;25270,25;25270,75;-0,5;-0,001978572064541021;143,0;63,0;2,2698412698412698;13;117,0;29,0;60,0;7,0;0,8181818181818182;0,4603174603174603
2025-10-09 15:44:31.952;d_shape;25270,5;25270,75;-0,25;-0,0009892860322705105;142,0;53,0;2,6792452830188678;13;118,0;18,0;60,0;6,0;0,8309859154929577;0,33962264150943394
2025-10-09 15:44:32.364;d_shape;25270,25;25271,0;-0,75;-0,002967828736496379;129,0;61,0;2,1147540983606556;13;106,0;18,0;60,0;6,0;0,8217054263565892;0,29508196721311475
2025-10-09 15:44:32.860;d_shape;25270,0;25270,25;-0,25;-0,0009893056063948714;125,0;61,0;2,0491803278688523;13;106,0;16,0;60,0;6,0;0,848;0,26229508196721313
2025-10-09 15:44:32.876;d_shape;25269,75;25270,0;-0,25;-0,0009893153937475267;125,0;62,0;2,0161290322580645;13;106,0;16,0;60,0;6,0;0,848;0,25806451612903225
2025-10-09 15:44:32.896;d_shape;25269,25;25270,0;-0,75;-0,0029679461812425804;129,0;68,0;1,8970588235294117;15;110,0;39,0;60,0;23,0;0,8527131782945736;0,5735294117647058
2025-10-09 15:44:33.340;d_shape;25269,25;25269,5;-0,25;-0,0009893349690338156;130,0;67,0;1,9402985074626866;14;116,0;38,0;60,0;23,0;0,8923076923076924;0,5671641791044776
2025-10-09 15:44:34.740;d_shape;25269,75;25270,25;-0,5;-0,0019786112127897428;120,0;57,0;2,1052631578947367;10;115,0;37,0;65,0;18,0;0,9583333333333334;0,6491228070175439
2025-10-09 15:44:36.532;p_shape;25270,75;25269,75;1,0;0,0039573007251753585;57,0;81,0;0,7037037037037037;12;37,0;61,0;11,0;22,0;0,6491228070175439;0,7530864197530864
2025-10-09 15:44:36.752;p_shape;25270,5;25269,75;0,75;0,0029679755438815182;71,0;87,0;0,8160919540229885;12;37,0;67,0;11,0;22,0;0,5211267605633803;0,7701149425287356
2025-10-09 15:44:37.228;p_shape;25270,5;25270,0;0,5;0,0019786307874950534;77,0;81,0;0,9506172839506173;12;37,0;61,0;11,0;22,0;0,4805194805194805;0,7530864197530864
2025-10-09 15:44:37.684;p_shape;25271,0;25270,0;1,0;0,003957261574990107;79,0;79,0;1,0;12;37,0;59,0;11,0;22,0;0,46835443037974683;0,7468354430379747
2025-10-09 15:44:37.744;p_shape;25271,25;25271,0;0,25;0,000989276245498793;90,0;79,0;1,139240506329114;13;55,0;59,0;18,0;22,0;0,6111111111111112;0,7468354430379747
2025-10-09 15:45:34.304;d_shape;25256,5;25257,0;-0,5;-0,0019796492061606684;139,0;463,0;0,3002159827213823;57;105,0;189,0;25,0;18,0;0,7553956834532374;0,408207343412527
2025-10-09 15:45:34.384;d_shape;25256,25;25256,75;-0,5;-0,001979668801409524;147,0;463,0;0,3174946004319654;57;113,0;189,0;25,0;18,0;0,7687074829931972;0,408207343412527
2025-10-09 15:45:34.536;d_shape;25256,5;25256,75;-0,25;-0,000989834400704762;158,0;463,0;0,3412526997840173;56;117,0;189,0;25,0;18,0;0,740506329113924;0,408207343412527
2025-10-09 15:45:34.592;d_shape;25256,25;25256,5;-0,25;-0,0009898441985231525;161,0;463,0;0,34773218142548595;56;120,0;189,0;25,0;18,0;0,7453416149068323;0,408207343412527
2025-10-09 15:45:34.608;d_shape;25256,5;25257,0;-0,5;-0,0019796492061606684;168,0;463,0;0,36285097192224625;56;127,0;189,0;25,0;18,0;0,7559523809523809;0,408207343412527
2025-10-09 15:45:34.676;d_shape;25258,5;25258,75;-0,25;-0,000989756025139803;189,0;472,0;0,4004237288135593;56;148,0;189,0;25,0;18,0;0,783068783068783;0,4004237288135593
2025-10-09 15:45:34.944;d_shape;25258,25;25259,25;-1,0;-0,0039589457327513684;189,0;482,0;0,3921161825726141;54;153,0;200,0;25,0;18,0;0,8095238095238095;0,4149377593360996
2025-10-09 15:45:34.960;d_shape;25258,0;25258,25;-0,25;-0,0009897756178674296;191,0;482,0;0,3962655601659751;54;155,0;200,0;25,0;18,0;0,8115183246073299;0,4149377593360996
2025-10-09 15:45:35.032;d_shape;25258,25;25258,75;-0,5;-0,001979512050279606;195,0;482,0;0,4045643153526971;54;159,0;199,0;25,0;18,0;0,8153846153846154;0,41286307053941906
2025-10-09 15:45:35.104;d_shape;25258,5;25258,75;-0,25;-0,000989756025139803;204,0;482,0;0,42323651452282157;54;168,0;199,0;25,0;18,0;0,8235294117647058;0,41286307053941906
2025-10-09 15:45:35.352;d_shape;25258,0;25258,5;-0,5;-0,0019795316428133105;211,0;476,0;0,4432773109243697;52;175,0;200,0;25,0;18,0;0,8293838862559242;0,42016806722689076
2025-10-09 15:45:35.648;d_shape;25258,0;25259,0;-1,0;-0,003958984916267469;225,0;471,0;0,47770700636942676;49;189,0;204,0;25,0;18,0;0,84;0,43312101910828027
2025-10-09 15:45:36.344;d_shape;25254,25;25258,0;-3,75;-0,014846781217831975;276,0;517,0;0,5338491295938105;48;240,0;184,0;40,0;18,0;0,8695652173913043;0,35589941972920697
2025-10-09 15:45:36.476;d_shape;25257,0;25258,25;-1,25;-0,004948878089337147;276,0;515,0;0,5359223300970873;47;240,0;192,0;40,0;18,0;0,8695652173913043;0,37281553398058254
2025-10-09 15:45:36.480;d_shape;25256,5;25257,0;-0,5;-0,0019796492061606684;276,0;521,0;0,5297504798464492;47;240,0;192,0;40,0;18,0;0,8695652173913043;0,3685220729366603
2025-10-09 15:45:36.544;d_shape;25256,25;25256,5;-0,25;-0,0009898441985231525;276,0;534,0;0,5168539325842697;47;240,0;188,0;40,0;18,0;0,8695652173913043;0,352059925093633
2025-10-09 15:45:36.768;d_shape;25256,0;25256,5;-0,5;-0,001979688397046305;276,0;535,0;0,5158878504672897;47;240,0;183,0;40,0;18,0;0,8695652173913043;0,34205607476635513
2025-10-09 15:45:36.856;d_shape;25255,5;25256,0;-0,5;-0,0019797275894836873;276,0;531,0;0,519774011299435;46;240,0;177,0;40,0;18,0;0,8695652173913043;0,3333333333333333
2025-10-09 15:45:36.912;d_shape;25255,25;25255,5;-0,25;-0,0009898833917364536;277,0;532,0;0,5206766917293233;45;241,0;184,0;40,0;18,0;0,8700361010830325;0,3458646616541353
2025-10-09 15:45:36.940;d_shape;25255,75;25256,0;-0,25;-0,0009898637947418436;277,0;534,0;0,5187265917602997;45;241,0;184,0;40,0;18,0;0,8700361010830325;0,3445692883895131
2025-10-09 15:45:36.948;d_shape;25255,5;25255,75;-0,25;-0,0009898735931421557;277,0;535,0;0,5177570093457944;45;241,0;184,0;40,0;18,0;0,8700361010830325;0,34392523364485983
2025-10-09 15:45:37.056;d_shape;25255,25;25255,75;-0,5;-0,0019797471862843113;241,0;443,0;0,5440180586907449;33;198,0;232,0;40,0;36,0;0,8215767634854771;0,5237020316027088
2025-10-09 15:45:37.164;d_shape;25255,0;25255,25;-0,25;-0,0009898931905247424;241,0;443,0;0,5440180586907449;33;198,0;217,0;40,0;36,0;0,8215767634854771;0,4898419864559819
2025-10-09 15:45:37.188;d_shape;25254,75;25255,0;-0,25;-0,0009899029895070284;241,0;446,0;0,5403587443946188;33;198,0;217,0;40,0;36,0;0,8215767634854771;0,48654708520179374
2025-10-09 15:45:37.192;d_shape;25254,25;25254,75;-0,5;-0,0019798255773666343;243,0;445,0;0,5460674157303371;33;200,0;216,0;40,0;36,0;0,823045267489712;0,4853932584269663
2025-10-09 15:45:37.360;d_shape;25254,75;25255,25;-0,5;-0,001979786381049485;247,0;456,0;0,5416666666666666;32;197,0;212,0;40,0;36,0;0,7975708502024291;0,4649122807017544
2025-10-09 15:45:37.472;d_shape;25254,5;25255,0;-0,5;-0,0019798059790140567;248,0;457,0;0,5426695842450766;32;198,0;211,0;40,0;36,0;0,7983870967741935;0,4617067833698031
2025-10-09 15:45:37.536;d_shape;25254,25;25254,5;-0,25;-0,0009899225880536141;251,0;443,0;0,5665914221218962;31;201,0;228,0;40,0;36,0;0,8007968127490039;0,5146726862302483
2025-10-09 15:45:37.572;d_shape;25254,25;25254,5;-0,25;-0,0009899225880536141;253,0;443,0;0,5711060948081265;31;203,0;228,0;40,0;36,0;0,8023715415019763;0,5146726862302483
2025-10-09 15:45:37.640;d_shape;25255,0;25255,75;-0,75;-0,0029696207794264675;255,0;456,0;0,5592105263157895;30;199,0;227,0;40,0;36,0;0,7803921568627451;0,49780701754385964
2025-10-09 15:45:37.856;d_shape;25255,25;25255,75;-0,5;-0,0019797471862843113;255,0;453,0;0,5629139072847682;27;192,0;280,0;40,0;41,0;0,7529411764705882;0,6181015452538632
2025-10-09 15:45:37.880;d_shape;25255,0;25255,25;-0,25;-0,0009898931905247424;255,0;455,0;0,5604395604395604;27;192,0;280,0;40,0;41,0;0,7529411764705882;0,6153846153846154
2025-10-09 15:45:37.884;d_shape;25254,5;25255,0;-0,5;-0,0019798059790140567;257,0;455,0;0,5648351648351648;27;194,0;280,0;40,0;41,0;0,754863813229572;0,6153846153846154
2025-10-09 15:45:37.896;d_shape;25254,25;25254,5;-0,25;-0,0009899225880536141;260,0;452,0;0,5752212389380531;27;197,0;277,0;40,0;41,0;0,7576923076923077;0,6128318584070797
2025-10-09 15:45:37.908;d_shape;25254,0;25254,25;-0,25;-0,0009899323876179258;263,0;452,0;0,581858407079646;28;195,0;277,0;40,0;41,0;0,7414448669201521;0,6128318584070797
2025-10-09 15:45:37.916;d_shape;25254,5;25255,0;-0,5;-0,0019798059790140567;265,0;457,0;0,5798687089715536;28;197,0;277,0;40,0;41,0;0,7433962264150943;0,6061269146608315
2025-10-09 15:45:37.924;d_shape;25254,25;25254,5;-0,25;-0,0009899225880536141;266,0;457,0;0,5820568927789934;28;198,0;277,0;40,0;41,0;0,7443609022556391;0,6061269146608315
2025-10-09 15:45:37.928;d_shape;25254,0;25254,25;-0,25;-0,0009899323876179258;269,0;457,0;0,5886214442013129;28;201,0;277,0;40,0;41,0;0,7472118959107806;0,6061269146608315
2025-10-09 15:45:38.064;d_shape;25254,0;25254,25;-0,25;-0,0009899323876179258;278,0;346,0;0,8034682080924855;25;206,0;206,0;40,0;30,0;0,7410071942446043;0,5953757225433526
2025-10-09 15:45:38.132;d_shape;25254,75;25255,25;-0,5;-0,001979786381049485;292,0;344,0;0,8488372093023255;25;220,0;204,0;40,0;30,0;0,7534246575342466;0,5930232558139535
2025-10-09 15:45:38.284;d_shape;25254,5;25255,0;-0,5;-0,0019798059790140567;318,0;332,0;0,9578313253012049;26;223,0;192,0;42,0;30,0;0,7012578616352201;0,5783132530120482
2025-10-09 15:45:38.300;d_shape;25254,5;25255,0;-0,5;-0,0019798059790140567;320,0;326,0;0,9815950920245399;26;225,0;186,0;43,0;30,0;0,703125;0,5705521472392638
2025-10-09 15:45:38.472;d_shape;25254,75;25255,5;-0,75;-0,0029696501752093604;322,0;319,0;1,0094043887147335;26;227,0;176,0;43,0;30,0;0,7049689440993789;0,5517241379310345
2025-10-09 15:45:38.604;d_shape;25255,0;25255,5;-0,5;-0,001979766783472907;323,0;304,0;1,0625;25;228,0;161,0;44,0;30,0;0,7058823529411765;0,5296052631578947
2025-10-09 15:45:39.300;d_shape;25255,0;25255,25;-0,25;-0,0009898931905247424;261,0;231,0;1,12987012987013;25;184,0;83,0;28,0;14,0;0,7049808429118773;0,3593073593073593
2025-10-09 15:45:39.340;d_shape;25254,75;25255,0;-0,25;-0,0009899029895070284;258,0;231,0;1,1168831168831168;25;181,0;83,0;28,0;14,0;0,7015503875968992;0,3593073593073593
2025-10-09 15:45:39.684;d_shape;25254,25;25254,75;-0,5;-0,0019798255773666343;221,0;222,0;0,9954954954954955;25;169,0;74,0;31,0;10,0;0,7647058823529411;0,3333333333333333
2025-10-09 15:45:39.696;d_shape;25254,0;25254,5;-0,5;-0,0019798451761072282;223,0;222,0;1,0045045045045045;25;172,0;74,0;32,0;10,0;0,7713004484304933;0,3333333333333333
2025-10-09 15:45:39.756;d_shape;25254,75;25255,0;-0,25;-0,0009899029895070284;227,0;221,0;1,0271493212669682;25;178,0;73,0;34,0;10,0;0,7841409691629956;0,33031674208144796
2025-10-09 15:45:39.812;d_shape;25254,75;25255,0;-0,25;-0,0009899029895070284;229,0;218,0;1,0504587155963303;25;180,0;70,0;34,0;10,0;0,7860262008733624;0,3211009174311927
2025-10-09 15:45:39.836;d_shape;25255,0;25255,25;-0,25;-0,0009898931905247424;231,0;220,0;1,05;25;182,0;69,0;34,0;10,0;0,7878787878787878;0,31363636363636366
2025-10-09 15:45:40.032;d_shape;25255,0;25255,5;-0,5;-0,001979766783472907;225,0;215,0;1,0465116279069768;25;182,0;61,0;34,0;10,0;0,8088888888888889;0,2837209302325581
2025-10-09 15:45:40.172;d_shape;25255,25;25255,75;-0,5;-0,0019797471862843113;212,0;231,0;0,9177489177489178;25;182,0;60,0;34,0;10,0;0,8584905660377359;0,2597402597402597
2025-10-09 15:45:40.620;d_shape;25255,25;25255,75;-0,5;-0,0019797471862843113;195,0;242,0;0,8057851239669421;24;182,0;59,0;34,0;10,0;0,9333333333333333;0,24380165289256198
2025-10-09 15:45:40.664;d_shape;25254,5;25255,25;-0,75;-0,002969679571574227;193,0;247,0;0,7813765182186235;24;182,0;59,0;34,0;10,0;0,9430051813471503;0,2388663967611336
2025-10-09 15:45:40.904;d_shape;25254,75;25255,0;-0,25;-0,0009899029895070284;184,0;250,0;0,736;24;182,0;59,0;34,0;10,0;0,9891304347826086;0,236
2025-10-09 15:45:41.716;d_shape;25254,25;25255,5;-1,25;-0,004949416958682267;142,0;177,0;0,8022598870056498;11;127,0;156,0;28,0;45,0;0,8943661971830986;0,8813559322033898
2025-10-09 15:45:42.008;d_shape;25254,0;25254,5;-0,5;-0,0019798451761072282;142,0;172,0;0,8255813953488372;11;128,0;149,0;29,0;46,0;0,9014084507042254;0,8662790697674418
2025-10-09 15:45:42.076;d_shape;25254,25;25254,5;-0,25;-0,0009899225880536141;157,0;170,0;0,9235294117647059;11;143,0;147,0;33,0;46,0;0,910828025477707;0,8647058823529412
2025-10-09 15:45:42.828;p_shape;25255,75;25255,0;0,75;0,002969708968521085;169,0;115,0;1,4695652173913043;11;134,0;105,0;31,0;26,0;0,7928994082840237;0,9130434782608695
2025-10-09 15:45:42.832;p_shape;25256,5;25255,75;0,75;0,0029696207794264675;169,0;123,0;1,3739837398373984;12;134,0;93,0;31,0;26,0;0,7928994082840237;0,7560975609756098
2025-10-09 15:45:42.992;p_shape;25256,25;25255,75;0,5;0,0019797471862843113;154,0;121,0;1,2727272727272727;13;137,0;98,0;31,0;29,0;0,8896103896103896;0,8099173553719008
2025-10-09 15:45:44.756;p_shape;25256,25;25255,25;1,0;0,00395957276209897;66,0;172,0;0,38372093023255816;13;59,0;125,0;17,0;35,0;0,8939393939393939;0,7267441860465116
2025-10-09 15:45:45.220;p_shape;25256,25;25256,0;0,25;0,0009898637947418436;68,0;153,0;0,4444444444444444;13;55,0;112,0;15,0;28,0;0,8088235294117647;0,7320261437908496
2025-10-09 15:45:45.360;p_shape;25256,5;25256,25;0,25;0,000989853996535511;78,0;145,0;0,5379310344827586;13;55,0;110,0;15,0;28,0;0,7051282051282052;0,7586206896551724
2025-10-09 15:45:45.752;p_shape;25256,25;25256,0;0,25;0,0009898637947418436;85,0;136,0;0,625;13;55,0;106,0;15,0;26,0;0,6470588235294118;0,7794117647058824
2025-10-09 15:45:45.924;p_shape;25256,25;25255,5;0,75;0,0029696501752093604;93,0;133,0;0,6992481203007519;13;57,0;106,0;15,0;26,0;0,6129032258064516;0,7969924812030075
2025-10-09 15:45:45.940;p_shape;25256,75;25256,25;0,5;0,001979707993071022;95,0;133,0;0,7142857142857143;13;57,0;106,0;15,0;26,0;0,6;0,7969924812030075
2025-10-09 15:45:46.024;p_shape;25257,0;25256,25;0,75;0,002969561989606533;96,0;132,0;0,7272727272727273;13;57,0;107,0;15,0;26,0;0,59375;0,8106060606060606
2025-10-09 15:45:52.056;d_shape;25256,25;25256,75;-0,5;-0,001979668801409524;82,0;67,0;1,2238805970149254;14;74,0;39,0;26,0;16,0;0,9024390243902439;0,582089552238806
2025-10-09 15:45:52.104;d_shape;25256,25;25256,5;-0,25;-0,0009898441985231525;86,0;67,0;1,2835820895522387;14;78,0;39,0;26,0;16,0;0,9069767441860465;0,582089552238806
2025-10-09 15:46:02.480;p_shape;25266,75;25266,5;0,25;0,0009894524370213525;80,0;78,0;1,0256410256410255;21;41,0;61,0;12,0;20,0;0,5125;0,782051282051282
2025-10-09 15:46:02.596;p_shape;25266,25;25265,75;0,5;0,001978963616753906;72,0;82,0;0,8780487804878049;20;33,0;65,0;12,0;20,0;0,4583333333333333;0,7926829268292683
2025-10-09 15:46:02.640;p_shape;25266,5;25266,25;0,25;0,0009894622272794737;71,0;82,0;0,8658536585365854;20;32,0;66,0;11,0;21,0;0,4507042253521127;0,8048780487804879
2025-10-09 15:46:02.680;p_shape;25265,75;25265,25;0,5;0,0019790027804989065;70,0;85,0;0,8235294117647058;20;31,0;70,0;10,0;21,0;0,44285714285714284;0,8235294117647058
2025-10-09 15:46:03.128;p_shape;25265,5;25264,75;0,75;0,0029685629186910617;73,0;92,0;0,7934782608695652;20;31,0;79,0;10,0;21,0;0,4246575342465753;0,8586956521739131
2025-10-09 15:46:03.204;p_shape;25266,0;25265,5;0,5;0,0019789831984326454;74,0;92,0;0,8043478260869565;20;31,0;79,0;10,0;21,0;0,4189189189189189;0,8586956521739131
2025-10-09 15:46:03.360;p_shape;25266,5;25266,0;0,5;0,0019789440354626773;74,0;94,0;0,7872340425531915;20;31,0;83,0;10,0;23,0;0,4189189189189189;0,8829787234042553
2025-10-09 15:46:03.608;p_shape;25266,5;25266,25;0,25;0,0009894622272794737;75,0;93,0;0,8064516129032258;20;31,0;84,0;10,0;24,0;0,41333333333333333;0,9032258064516129
2025-10-09 15:46:03.628;p_shape;25266,75;25266,5;0,25;0,0009894524370213525;75,0;95,0;0,7894736842105263;20;31,0;86,0;10,0;24,0;0,41333333333333333;0,9052631578947369
2025-10-09 15:46:03.768;p_shape;25267,0;25266,25;0,75;0,0029683866818384207;78,0;96,0;0,8125;21;37,0;92,0;10,0;24,0;0,47435897435897434;0,9583333333333334
2025-10-09 15:46:03.952;p_shape;25266,75;25266,5;0,25;0,0009894524370213525;78,0;103,0;0,7572815533980582;21;37,0;100,0;10,0;27,0;0,47435897435897434;0,970873786407767
2025-10-09 15:46:04.936;p_shape;25266,0;25265,25;0,75;0,0029685041707483597;75,0;102,0;0,7352941176470589;18;33,0;97,0;15,0;27,0;0,44;0,9509803921568627
2025-10-09 15:46:04.948;p_shape;25266,25;25266,0;0,25;0,0009894720177313387;76,0;102,0;0,7450980392156863;18;33,0;97,0;15,0;27,0;0,4342105263157895;0,9509803921568627
2025-10-09 15:46:04.960;p_shape;25266,75;25266,25;0,5;0,0019789244545589473;80,0;100,0;0,8;16;46,0;97,0;15,0;27,0;0,575;0,97
2025-10-09 15:46:04.976;p_shape;25267,0;25266,5;0,5;0,001978904874042705;82,0;100,0;0,82;16;46,0;97,0;15,0;27,0;0,5609756097560976;0,97
2025-10-09 15:46:05.000;p_shape;25267,5;25267,0;0,5;0,0019788657141726366;85,0;101,0;0,8415841584158416;18;52,0;93,0;15,0;27,0;0,611764705882353;0,9207920792079208
2025-10-09 15:46:05.016;p_shape;25268,0;25267,5;0,5;0,0019788265558523793;85,0;105,0;0,8095238095238095;20;61,0;95,0;15,0;27,0;0,7176470588235294;0,9047619047619048
2025-10-09 15:46:05.076;p_shape;25268,0;25267,75;0,25;0,000989403488636701;84,0;108,0;0,7777777777777778;19;66,0;98,0;15,0;27,0;0,7857142857142857;0,9074074074074074
2025-10-09 15:46:35.844;p_shape;25263,5;25262,5;1,0;0,0039584364176150424;57,0;72,0;0,7916666666666666;18;35,0;65,0;9,0;21,0;0,6140350877192983;0,9027777777777778
2025-10-09 15:46:36.564;p_shape;25263,5;25262,75;0,75;0,0029687979337166383;45,0;66,0;0,6818181818181818;15;31,0;66,0;8,0;21,0;0,6888888888888889;1,0
2025-10-09 15:46:36.596;p_shape;25264,0;25263,5;0,5;0,001979139865814317;45,0;67,0;0,6716417910447762;15;31,0;67,0;8,0;21,0;0,6888888888888889;1,0
2025-10-09 15:46:37.224;p_shape;25264,0;25263,25;0,75;0,0029687391764717523;34,0;62,0;0,5483870967741935;11;28,0;62,0;9,0;21,0;0,8235294117647058;1,0
2025-10-09 15:46:37.228;p_shape;25264,25;25264,0;0,25;0,0009895503483217227;33,0;62,0;0,532258064516129;11;25,0;62,0;9,0;21,0;0,7575757575757576;1,0
2025-10-09 15:47:35.220;d_shape;25266,5;25267,25;-0,75;-0,0029682692022281808;42,0;78,0;0,5384615384615384;17;41,0;71,0;21,0;18,0;0,9761904761904762;0,9102564102564102
2025-10-09 15:47:35.236;d_shape;25266,25;25266,5;-0,25;-0,0009894524370213525;42,0;80,0;0,525;17;41,0;71,0;21,0;18,0;0,9761904761904762;0,8875
2025-10-09 15:47:35.344;d_shape;25265,75;25266,5;-0,75;-0,0029683573110640574;42,0;83,0;0,5060240963855421;17;41,0;71,0;21,0;18,0;0,9761904761904762;0,8554216867469879
2025-10-09 15:47:40.244;p_shape;25270,25;25270,0;0,25;0,0009893153937475267;38,0;71,0;0,5352112676056338;24;18,0;53,0;6,0;23,0;0,47368421052631576;0,7464788732394366
2025-10-09 15:47:40.636;p_shape;25270,0;25269,75;0,25;0,0009893251812938396;44,0;81,0;0,5432098765432098;23;14,0;65,0;3,0;23,0;0,3181818181818182;0,8024691358024691
2025-10-09 15:47:41.196;p_shape;25270,5;25270,25;0,25;0,0009893056063948714;41,0;86,0;0,47674418604651164;19;22,0;70,0;10,0;23,0;0,5365853658536586;0,813953488372093
2025-10-09 15:47:41.308;p_shape;25271,0;25270,5;0,5;0,0019785916384717356;39,0;87,0;0,4482758620689655;18;20,0;71,0;10,0;24,0;0,5128205128205128;0,8160919540229885
2025-10-09 15:47:41.376;p_shape;25270,5;25270,0;0,5;0,0019786307874950534;40,0;90,0;0,4444444444444444;18;20,0;74,0;10,0;24,0;0,5;0,8222222222222222
2025-10-09 15:47:41.712;p_shape;25270,5;25270,0;0,5;0,0019786307874950534;42,0;87,0;0,4827586206896552;18;20,0;75,0;10,0;24,0;0,47619047619047616;0,8620689655172413
2025-10-09 15:47:42.000;p_shape;25270,75;25270,5;0,25;0,0009892958192358678;42,0;78,0;0,5384615384615384;16;20,0;67,0;10,0;24,0;0,47619047619047616;0,8589743589743589
2025-10-09 15:47:42.508;p_shape;25270,75;25269,75;1,0;0,0039573007251753585;48,0;78,0;0,6153846153846154;14;25,0;64,0;10,0;24,0;0,5208333333333334;0,8205128205128205
2025-10-09 15:47:42.744;p_shape;25271,0;25270,75;0,25;0,0009892860322705105;51,0;77,0;0,6623376623376623;13;28,0;64,0;10,0;24,0;0,5490196078431373;0,8311688311688312
2025-10-09 15:47:42.900;p_shape;25271,25;25271,0;0,25;0,000989276245498793;52,0;77,0;0,6753246753246753;13;28,0;64,0;10,0;24,0;0,5384615384615384;0,8311688311688312
2025-10-09 15:47:42.996;p_shape;25271,5;25271,25;0,25;0,0009892664589207104;53,0;77,0;0,6883116883116883;12;28,0;56,0;10,0;24,0;0,5283018867924528;0,7272727272727273
2025-10-09 15:47:45.960;p_shape;25272,75;25272,5;0,25;0,0009892175289346128;82,0;69,0;1,1884057971014492;16;46,0;57,0;11,0;22,0;0,5609756097560976;0,8260869565217391
2025-10-09 15:47:46.028;p_shape;25272,75;25272,5;0,25;0,0009892175289346128;86,0;69,0;1,2463768115942029;16;46,0;57,0;11,0;22,0;0,5348837209302325;0,8260869565217391
2025-10-09 15:47:46.036;p_shape;25273,5;25272,75;0,75;0,0029676232305546487;87,0;69,0;1,2608695652173914;16;45,0;57,0;11,0;22,0;0,5172413793103449;0,8260869565217391
2025-10-09 15:47:46.040;p_shape;25273,75;25273,5;0,25;0,0009891783884305697;89,0;69,0;1,289855072463768;17;49,0;57,0;11,0;22,0;0,550561797752809;0,8260869565217391
2025-10-09 15:47:46.048;p_shape;25274,25;25273,5;0,75;0,002967535165291709;100,0;69,0;1,4492753623188406;19;71,0;57,0;22,0;22,0;0,71;0,8260869565217391
2025-10-09 15:47:46.064;p_shape;25274,5;25274,25;0,25;0,0009891490350851164;100,0;72,0;1,3888888888888888;20;71,0;60,0;22,0;22,0;0,71;0,8333333333333334
2025-10-09 15:47:46.068;p_shape;25275,0;25274,5;0,5;0,0019782785020475186;100,0;82,0;1,2195121951219512;22;79,0;66,0;22,0;22,0;0,79;0,8048780487804879
2025-10-09 15:47:46.080;p_shape;25275,25;25275,0;0,25;0,0009891196834817012;100,0;85,0;1,1764705882352942;23;84,0;69,0;22,0;22,0;0,84;0,8117647058823529
2025-10-09 15:47:46.084;p_shape;25275,5;25275,25;0,25;0,000989109900000989;100,0;87,0;1,1494252873563218;24;84,0;66,0;22,0;22,0;0,84;0,7586206896551724
2025-10-09 15:47:46.184;p_shape;25274,5;25274,0;0,5;0,001978317638680066;98,0;96,0;1,0208333333333333;24;81,0;75,0;22,0;22,0;0,826530612244898;0,78125
2025-10-09 15:47:46.420;p_shape;25274,75;25274,5;0,25;0,0009891392510237593;97,0;94,0;1,0319148936170213;24;80,0;80,0;22,0;22,0;0,8247422680412371;0,851063829787234
2025-10-09 15:47:46.532;p_shape;25275,5;25274,75;0,75;0,002967388401467868;97,0;96,0;1,0104166666666667;24;80,0;82,0;22,0;22,0;0,8247422680412371;0,8541666666666666
2025-10-09 15:47:46.572;p_shape;25275,75;25275,5;0,25;0,0009891001167138137;97,0;100,0;0,97;25;81,0;86,0;22,0;22,0;0,8350515463917526;0,86
2025-10-09 15:47:48.160;p_shape;25275,0;25274,5;0,5;0,0019782785020475186;95,0;116,0;0,8189655172413793;23;65,0;85,0;22,0;22,0;0,6842105263157895;0,7327586206896551
2025-10-09 15:47:48.408;p_shape;25275,25;25275,0;0,25;0,0009891196834817012;93,0;120,0;0,775;23;63,0;89,0;22,0;22,0;0,6774193548387096;0,7416666666666667
2025-10-09 15:47:48.428;p_shape;25275,0;25274,75;0,25;0,0009891294671559561;93,0;123,0;0,7560975609756098;23;63,0;92,0;22,0;23,0;0,6774193548387096;0,7479674796747967
2025-10-09 15:48:03.692;p_shape;25276,0;25275,5;0,5;0,0019782002334276273;114,0;84,0;1,3571428571428572;21;59,0;76,0;27,0;27,0;0,5175438596491229;0,9047619047619048
2025-10-09 15:48:03.700;p_shape;25276,25;25276,0;0,25;0,0009890805507200508;114,0;85,0;1,3411764705882352;21;59,0;77,0;27,0;27,0;0,5175438596491229;0,9058823529411765
2025-10-09 15:48:07.868;p_shape;25276,25;25276,0;0,25;0,0009890805507200508;27,0;84,0;0,32142857142857145;16;24,0;61,0;10,0;24,0;0,8888888888888888;0,7261904761904762
2025-10-09 15:48:07.880;p_shape;25276,5;25276,25;0,25;0,0009890707680134513;27,0;82,0;0,32926829268292684;17;25,0;59,0;10,0;24,0;0,9259259259259259;0,7195121951219512
2025-10-09 15:48:24.560;p_shape;25277,0;25276,5;0,5;0,001978121971000732;33,0;74,0;0,44594594594594594;11;32,0;57,0;11,0;20,0;0,9696969696969697;0,7702702702702703
2025-10-09 15:48:24.584;p_shape;25277,25;25277,0;0,25;0,0009890414210547138;33,0;75,0;0,44;11;32,0;58,0;11,0;20,0;0,9696969696969697;0,7733333333333333
2025-10-09 15:48:24.756;p_shape;25277,0;25276,75;0,25;0,0009890512031807887;34,0;75,0;0,4533333333333333;10;23,0;58,0;11,0;20,0;0,6764705882352942;0,7733333333333333
2025-10-09 15:48:24.760;p_shape;25277,25;25277,0;0,25;0,0009890414210547138;34,0;77,0;0,44155844155844154;10;23,0;60,0;11,0;20,0;0,6764705882352942;0,7792207792207793
2025-10-09 15:48:25.136;p_shape;25277,0;25276,75;0,25;0,0009890512031807887;34,0;79,0;0,43037974683544306;10;23,0;62,0;11,0;20,0;0,6764705882352942;0,7848101265822784
2025-10-09 15:48:25.160;p_shape;25277,25;25277,0;0,25;0,0009890414210547138;34,0;85,0;0,4;11;32,0;68,0;11,0;20,0;0,9411764705882353;0,8
2025-10-09 15:48:53.772;p_shape;25285,0;25284,5;0,5;0,0019774960944452134;199,0;147,0;1,3537414965986394;36;95,0;109,0;16,0;20,0;0,47738693467336685;0,7414965986394558
2025-10-09 15:48:53.824;p_shape;25285,25;25285,0;0,25;0,0009887284951552303;199,0;148,0;1,3445945945945945;36;95,0;110,0;16,0;20,0;0,47738693467336685;0,7432432432432432
2025-10-09 15:48:53.888;p_shape;25285,0;25284,5;0,5;0,0019774960944452134;199,0;154,0;1,2922077922077921;36;95,0;117,0;16,0;22,0;0,47738693467336685;0,7597402597402597
2025-10-09 15:48:54.004;p_shape;25284,75;25284,5;0,25;0,0009887480472226067;200,0;154,0;1,2987012987012987;36;95,0;118,0;16,0;22,0;0,475;0,7662337662337663
2025-10-09 15:48:54.024;p_shape;25285,0;25284,75;0,25;0,0009887382710922592;202,0;154,0;1,3116883116883118;36;95,0;118,0;16,0;22,0;0,47029702970297027;0,7662337662337663
2025-10-09 15:48:54.132;p_shape;25285,25;25285,0;0,25;0,0009887284951552303;206,0;154,0;1,3376623376623376;36;95,0;118,0;16,0;22,0;0,46116504854368934;0,7662337662337663
2025-10-09 15:48:54.164;p_shape;25286,0;25284,75;1,25;0,004943691355461296;239,0;154,0;1,551948051948052;36;95,0;118,0;16,0;22,0;0,39748953974895396;0,7662337662337663
2025-10-09 15:48:54.192;p_shape;25285,75;25285,25;0,5;0,001977437438823029;247,0;154,0;1,603896103896104;36;95,0;118,0;16,0;22,0;0,38461538461538464;0,7662337662337663
2025-10-09 15:48:54.196;p_shape;25286,0;25285,75;0,25;0,0009886991685039992;248,0;154,0;1,6103896103896105;36;95,0;118,0;16,0;22,0;0,38306451612903225;0,7662337662337663
2025-10-09 15:48:54.240;p_shape;25285,75;25285,5;0,25;0,0009887089438611063;256,0;154,0;1,6623376623376624;36;94,0;118,0;16,0;22,0;0,3671875;0,7662337662337663
2025-10-09 15:48:54.244;p_shape;25286,0;25285,75;0,25;0,0009886991685039992;257,0;154,0;1,6688311688311688;36;94,0;118,0;16,0;22,0;0,3657587548638132;0,7662337662337663
2025-10-09 15:48:54.288;p_shape;25286,25;25286,0;0,25;0,0009886893933401882;263,0;154,0;1,7077922077922079;37;100,0;118,0;16,0;22,0;0,38022813688212925;0,7662337662337663
2025-10-09 15:48:54.304;p_shape;25286,5;25286,25;0,25;0,0009886796183696672;264,0;154,0;1,7142857142857142;38;100,0;118,0;16,0;22,0;0,3787878787878788;0,7662337662337663
2025-10-09 15:48:54.520;p_shape;25286,5;25285,75;0,75;0,0029660975055119977;268,0;154,0;1,7402597402597402;38;100,0;118,0;16,0;22,0;0,373134328358209;0,7662337662337663
2025-10-09 15:48:54.524;p_shape;25286,75;25286,5;0,25;0,0009886698435924307;269,0;154,0;1,7467532467532467;39;117,0;118,0;17,0;22,0;0,4349442379182156;0,7662337662337663
2025-10-09 15:48:54.540;p_shape;25287,0;25286,75;0,25;0,0009886600690084727;271,0;153,0;1,7712418300653594;40;117,0;121,0;17,0;22,0;0,4317343173431734;0,7908496732026143
2025-10-09 15:48:54.560;p_shape;25288,0;25287,0;1,0;0,003954601178471151;272,0;161,0;1,68944099378882;42;133,0;129,0;17,0;22,0;0,4889705882352941;0,8012422360248447
2025-10-09 15:48:58.648;p_shape;25292,75;25292,5;0,25;0,0009884353069091628;445,0;199,0;2,236180904522613;36;152,0;142,0;22,0;35,0;0,3415730337078652;0,7135678391959799
2025-10-09 15:48:58.696;p_shape;25293,0;25292,75;0,25;0,000988425536962173;447,0;197,0;2,269035532994924;36;152,0;142,0;22,0;35,0;0,3400447427293065;0,7208121827411168
2025-10-09 15:48:58.704;p_shape;25293,5;25293,0;0,5;0,001976831534416637;456,0;197,0;2,314720812182741;37;160,0;142,0;22,0;35,0;0,3508771929824561;0,7208121827411168
2025-10-09 15:48:58.712;p_shape;25294,0;25293,5;0,5;0,001976792456559986;460,0;197,0;2,33502538071066;39;173,0;142,0;22,0;35,0;0,3760869565217391;0,7208121827411168
2025-10-09 15:48:58.784;p_shape;25294,25;25293,75;0,5;0,0019767729182110206;464,0;178,0;2,606741573033708;40;173,0;142,0;22,0;35,0;0,3728448275862069;0,797752808988764
2025-10-09 15:48:58.844;p_shape;25294,75;25294,25;0,5;0,001976733842671753;467,0;173,0;2,699421965317919;42;189,0;144,0;22,0;35,0;0,40471092077087795;0,8323699421965318
2025-10-09 15:48:58.848;p_shape;25295,25;25294,75;0,5;0,0019766947686772948;467,0;197,0;2,3705583756345177;44;192,0;165,0;22,0;35,0;0,41113490364025695;0,8375634517766497
2025-10-09 15:48:58.980;p_shape;25294,75;25294,5;0,25;0,0009883571527407144;469,0;198,0;2,3686868686868685;44;192,0;167,0;22,0;35,0;0,4093816631130064;0,8434343434343434
2025-10-09 15:48:59.064;p_shape;25294,75;25294,5;0,25;0,0009883571527407144;466,0;200,0;2,33;43;228,0;170,0;39,0;35,0;0,4892703862660944;0,85
2025-10-09 15:48:59.072;p_shape;25295,25;25294,75;0,5;0,0019766947686772948;466,0;201,0;2,318407960199005;43;228,0;171,0;39,0;35,0;0,4892703862660944;0,8507462686567164
2025-10-09 15:48:59.112;p_shape;25294,75;25294,5;0,25;0,0009883571527407144;466,0;205,0;2,273170731707317;43;228,0;175,0;39,0;35,0;0,4892703862660944;0,8536585365853658
2025-10-09 15:48:59.284;p_shape;25294,0;25293,75;0,25;0,0009883864591055103;413,0;214,0;1,9299065420560748;39;224,0;179,0;39,0;35,0;0,5423728813559322;0,8364485981308412
2025-10-09 15:48:59.340;p_shape;25294,25;25294,0;0,25;0,0009883766901241401;406,0;224,0;1,8125;38;217,0;189,0;39,0;35,0;0,5344827586206896;0,84375
2025-10-09 15:48:59.604;p_shape;25294,0;25293,75;0,25;0,0009883864591055103;402,0;211,0;1,90521327014218;36;246,0;191,0;39,0;35,0;0,6119402985074627;0,9052132701421801
2025-10-09 15:48:59.616;p_shape;25294,25;25293,75;0,5;0,0019767729182110206;403,0;212,0;1,900943396226415;36;246,0;192,0;39,0;35,0;0,6104218362282878;0,9056603773584906
2025-10-09 15:48:59.644;p_shape;25294,0;25293,75;0,25;0,0009883864591055103;404,0;209,0;1,9330143540669857;36;246,0;193,0;39,0;35,0;0,6089108910891089;0,9234449760765551
2025-10-09 15:48:59.780;p_shape;25294,0;25293,75;0,25;0,0009883864591055103;406,0;211,0;1,9241706161137442;36;246,0;195,0;39,0;35,0;0,6059113300492611;0,9241706161137441
2025-10-09 15:48:59.808;p_shape;25294,25;25294,0;0,25;0,0009883766901241401;406,0;211,0;1,9241706161137442;36;246,0;196,0;39,0;35,0;0,6059113300492611;0,9289099526066351
2025-10-09 15:48:59.864;p_shape;25294,25;25293,5;0,75;0,0029651886848399787;407,0;206,0;1,9757281553398058;35;286,0;198,0;41,0;35,0;0,7027027027027027;0,9611650485436893
2025-10-09 15:48:59.964;p_shape;25294,75;25294,25;0,5;0,001976733842671753;407,0;212,0;1,919811320754717;35;286,0;204,0;41,0;35,0;0,7027027027027027;0,9622641509433962
2025-10-09 15:49:00.036;p_shape;25294,5;25294,25;0,25;0,0009883669213358766;410,0;216,0;1,8981481481481481;34;281,0;208,0;41,0;35,0;0,6853658536585366;0,9629629629629629
2025-10-09 15:49:00.040;p_shape;25294,75;25294,5;0,25;0,0009883571527407144;411,0;216,0;1,9027777777777777;34;281,0;208,0;41,0;35,0;0,683698296836983;0,9629629629629629
2025-10-09 15:49:00.044;p_shape;25295,75;25294,75;1,0;0,0039533895373545895;412,0;226,0;1,823008849557522;35;306,0;183,0;41,0;30,0;0,7427184466019418;0,8097345132743363
2025-10-09 15:49:03.128;p_shape;25296,0;25295,5;0,5;0,0019766361605819214;183,0;288,0;0,6354166666666666;24;136,0;219,0;28,0;32,0;0,7431693989071039;0,7604166666666666
2025-10-09 15:49:03.240;p_shape;25296,0;25295,25;0,75;0,002964983544341329;178,0;290,0;0,6137931034482759;24;128,0;221,0;28,0;32,0;0,7191011235955056;0,7620689655172413
2025-10-09 15:49:04.580;d_shape;25293,75;25294,0;-0,25;-0,0009883766901241401;144,0;285,0;0,5052631578947369;19;122,0;170,0;26,0;28,0;0,8472222222222222;0,5964912280701754
2025-10-09 15:49:04.616;d_shape;25293,75;25294,25;-0,5;-0,001976733842671753;142,0;291,0;0,4879725085910653;19;120,0;170,0;26,0;28,0;0,8450704225352113;0,584192439862543
2025-10-09 15:49:04.992;d_shape;25293,5;25294,0;-0,5;-0,0019767533802482803;138,0;290,0;0,47586206896551725;19;116,0;170,0;26,0;28,0;0,8405797101449275;0,5862068965517241
2025-10-09 15:49:08.992;p_shape;25294,5;25294,25;0,25;0,0009883669213358766;178,0;166,0;1,072289156626506;21;138,0;150,0;34,0;57,0;0,7752808988764045;0,9036144578313253
2025-10-09 15:49:09.164;p_shape;25294,75;25294,25;0,5;0,001976733842671753;183,0;158,0;1,1582278481012658;18;88,0;144,0;34,0;57,0;0,4808743169398907;0,9113924050632911
2025-10-09 15:49:09.548;p_shape;25294,5;25293,5;1,0;0,003953584913119972;201,0;129,0;1,558139534883721;17;88,0;120,0;34,0;57,0;0,43781094527363185;0,9302325581395349
2025-10-09 15:49:09.612;p_shape;25294,25;25293,5;0,75;0,0029651886848399787;207,0;116,0;1,7844827586206897;17;88,0;107,0;34,0;57,0;0,4251207729468599;0,9224137931034483
2025-10-09 15:49:09.640;p_shape;25294,5;25294,25;0,25;0,0009883669213358766;212,0;110,0;1,9272727272727272;17;88,0;101,0;34,0;57,0;0,41509433962264153;0,9181818181818182
2025-10-09 15:49:09.788;p_shape;25294,75;25294,5;0,25;0,0009883571527407144;214,0;112,0;1,9107142857142858;18;88,0;98,0;34,0;57,0;0,411214953271028;0,875
2025-10-09 15:49:09.832;p_shape;25295,25;25294,75;0,5;0,0019766947686772948;214,0;113,0;1,8938053097345133;19;111,0;99,0;34,0;57,0;0,5186915887850467;0,8761061946902655
2025-10-09 15:49:09.844;p_shape;25295,5;25295,25;0,25;0,0009883278481137763;214,0;115,0;1,8608695652173912;20;111,0;99,0;34,0;57,0;0,5186915887850467;0,8608695652173913
2025-10-09 15:49:10.080;p_shape;25295,75;25295,0;0,75;0,0029650128483890096;214,0;112,0;1,9107142857142858;21;138,0;96,0;34,0;57,0;0,6448598130841121;0,8571428571428571
2025-10-09 15:49:14.100;p_shape;25298,0;25297,5;0,5;0,001976479889317126;120,0;185,0;0,6486486486486487;25;87,0;132,0;13,0;23,0;0,725;0,7135135135135136
2025-10-09 15:49:14.176;p_shape;25298,0;25297,75;0,25;0,0009882301785731932;113,0;190,0;0,5947368421052631;25;80,0;137,0;13,0;23,0;0,7079646017699115;0,7210526315789474
2025-10-09 15:49:15.704;p_shape;25298,5;25297,5;1,0;0,003952959778634252;108,0;135,0;0,8;20;64,0;119,0;11,0;23,0;0,5925925925925926;0,8814814814814815
2025-10-09 15:49:15.748;p_shape;25298,5;25298,25;0,25;0,0009882106469815107;105,0;136,0;0,7720588235294118;20;60,0;120,0;10,0;23,0;0,5714285714285714;0,8823529411764706
2025-10-09 15:49:15.952;p_shape;25298,5;25298,25;0,25;0,0009882106469815107;103,0;137,0;0,7518248175182481;19;66,0;121,0;11,0;23,0;0,6407766990291263;0,8832116788321168
2025-10-09 15:49:15.968;p_shape;25298,75;25298,5;0,25;0,0009882008814751863;103,0;138,0;0,7463768115942029;19;66,0;122,0;11,0;23,0;0,6407766990291263;0,8840579710144928
2025-10-09 15:49:16.176;p_shape;25298,5;25298,25;0,25;0,0009882106469815107;99,0;136,0;0,7279411764705882;19;59,0;122,0;11,0;23,0;0,5959595959595959;0,8970588235294118
2025-10-09 15:49:16.620;p_shape;25298,75;25298,0;0,75;0,002964661238042533;96,0;136,0;0,7058823529411765;17;58,0;120,0;14,0;23,0;0,6041666666666666;0,8823529411764706
2025-10-09 15:49:16.672;p_shape;25299,0;25298,5;0,5;0,0019764017629503726;99,0;134,0;0,7388059701492538;17;58,0;120,0;14,0;23,0;0,5858585858585859;0,8955223880597015
2025-10-09 15:49:16.772;p_shape;25299,5;25298,75;0,75;0,002964573348485597;99,0;134,0;0,7388059701492538;17;56,0;120,0;14,0;23,0;0,5656565656565656;0,8955223880597015
2025-10-09 15:49:16.796;p_shape;25299,75;25299,5;0,25;0,000988161821379869;100,0;134,0;0,746268656716418;18;56,0;109,0;14,0;23,0;0,56;0,8134328358208955
2025-10-09 15:49:16.824;p_shape;25300,0;25299,75;0,25;0,0009881520568385063;104,0;141,0;0,7375886524822695;19;72,0;116,0;16,0;23,0;0,6923076923076923;0,8226950354609929
2025-10-09 15:49:22.116;d_shape;25296,75;25297,25;-0,5;-0,001976499421873919;81,0;178,0;0,4550561797752809;20;69,0;105,0;26,0;22,0;0,8518518518518519;0,5898876404494382
2025-10-09 15:49:22.236;d_shape;25296,5;25297,0;-0,5;-0,001976518954816777;85,0;177,0;0,480225988700565;20;73,0;104,0;26,0;22,0;0,8588235294117647;0,5875706214689266
2025-10-09 15:49:22.384;d_shape;25296,0;25296,5;-0,5;-0,0019765580218607318;88,0;160,0;0,55;20;76,0;87,0;28,0;22,0;0,8636363636363636;0,54375
2025-10-09 15:49:22.556;d_shape;25296,75;25297,25;-0,5;-0,001976499421873919;93,0;154,0;0,6038961038961039;18;81,0;107,0;28,0;26,0;0,8709677419354839;0,6948051948051948
2025-10-09 15:49:22.800;d_shape;25296,75;25297,25;-0,5;-0,001976499421873919;98,0;155,0;0,632258064516129;18;86,0;104,0;28,0;26,0;0,8775510204081632;0,6709677419354839
2025-10-09 15:49:23.960;p_shape;25298,75;25298,25;0,5;0,0019764212939630214;118,0;105,0;1,1238095238095238;15;105,0;92,0;28,0;23,0;0,8898305084745762;0,8761904761904762
2025-10-09 15:49:24.060;p_shape;25298,75;25298,5;0,25;0,0009882008814751863;118,0;104,0;1,1346153846153846;15;105,0;91,0;28,0;21,0;0,8898305084745762;0,875
2025-10-09 15:49:31.552;p_shape;25301,25;25301,0;0,25;0,0009881032370262046;96,0;102,0;0,9411764705882353;23;49,0;86,0;12,0;34,0;0,5104166666666666;0,8431372549019608
2025-10-09 15:49:31.700;p_shape;25300,75;25300,5;0,25;0,0009881227643722455;93,0;120,0;0,775;23;46,0;110,0;10,0;51,0;0,4946236559139785;0,9166666666666666
2025-10-09 15:49:35.400;d_shape;25297,5;25297,75;-0,25;-0,0009882301785731932;99,0;198,0;0,5;25;70,0;147,0;20,0;51,0;0,7070707070707071;0,7424242424242424
2025-10-09 15:49:38.112;d_shape;25296,75;25297,25;-0,5;-0,001976499421873919;87,0;70,0;1,2428571428571429;17;72,0;34,0;20,0;9,0;0,8275862068965517;0,4857142857142857
2025-10-09 15:50:00.544;p_shape;25302,75;25301,75;1,0;0,00395229578981691;59,0;74,0;0,7972972972972973;11;38,0;68,0;12,0;21,0;0,6440677966101694;0,918918918918919
2025-10-09 15:50:01.632;p_shape;25302,75;25302,5;0,25;0,0009880446596186147;61,0;72,0;0,8472222222222222;11;39,0;61,0;18,0;22,0;0,639344262295082;0,8472222222222222
2025-10-09 15:50:01.780;p_shape;25303,0;25302,75;0,25;0,0009880348973925759;62,0;68,0;0,9117647058823529;10;37,0;57,0;18,0;22,0;0,5967741935483871;0,8382352941176471
2025-10-09 15:50:01.784;p_shape;25303,25;25303,0;0,25;0,0009880251353594435;63,0;68,0;0,9264705882352942;11;39,0;57,0;18,0;22,0;0,6190476190476191;0,8382352941176471
2025-10-09 15:50:04.000;p_shape;25307,0;25306,75;0,25;0,0009878787280073497;138,0;187,0;0,7379679144385026;34;52,0;131,0;9,0;32,0;0,37681159420289856;0,7005347593582888
2025-10-09 15:50:04.004;p_shape;25307,25;25307,0;0,25;0,0009878689690599439;138,0;188,0;0,7340425531914894;34;52,0;132,0;9,0;32,0;0,37681159420289856;0,7021276595744681
2025-10-09 15:50:04.184;p_shape;25307,5;25307,0;0,5;0,0019757379381198877;138,0;189,0;0,7301587301587301;34;52,0;136,0;9,0;33,0;0,37681159420289856;0,7195767195767195
2025-10-09 15:50:04.416;p_shape;25307,0;25306,5;0,5;0,001975776974295142;139,0;190,0;0,7315789473684211;34;52,0;141,0;9,0;34,0;0,37410071942446044;0,7421052631578947
2025-10-09 15:50:05.200;p_shape;25307,25;25306,25;1,0;0,00395159298592245;167,0;168,0;0,9940476190476191;34;52,0;146,0;9,0;34,0;0,31137724550898205;0,8690476190476191
2025-10-09 15:50:05.352;p_shape;25307,5;25306,75;0,75;0,0029636361840220493;164,0;166,0;0,9879518072289156;31;50,0;146,0;9,0;34,0;0,3048780487804878;0,8795180722891566
2025-10-09 15:50:05.436;p_shape;25307,75;25307,25;0,5;0,0019757184206106947;170,0;166,0;1,0240963855421688;31;50,0;146,0;9,0;34,0;0,29411764705882354;0,8795180722891566
2025-10-09 15:50:05.544;p_shape;25308,0;25307,75;0,25;0,000987839693374559;172,0;165,0;1,0424242424242425;31;50,0;146,0;9,0;34,0;0,29069767441860467;0,8848484848484849
2025-10-09 15:50:05.652;p_shape;25307,75;25307,25;0,5;0,0019757184206106947;177,0;161,0;1,0993788819875776;31;50,0;146,0;9,0;34,0;0,2824858757062147;0,906832298136646
2025-10-09 15:50:05.744;p_shape;25308,0;25307,75;0,25;0,000987839693374559;182,0;160,0;1,1375;31;50,0;146,0;9,0;34,0;0,27472527472527475;0,9125
2025-10-09 15:50:05.764;p_shape;25308,5;25308,0;0,5;0,0019756598703967124;189,0;160,0;1,18125;31;50,0;146,0;9,0;34,0;0,26455026455026454;0,9125
2025-10-09 15:50:05.776;p_shape;25308,75;25308,25;0,5;0,0019756403544298794;194,0;160,0;1,2125;31;50,0;146,0;9,0;34,0;0,25773195876288657;0,9125
2025-10-09 15:50:05.816;p_shape;25309,0;25308,5;0,5;0,001975620838848608;196,0;163,0;1,2024539877300613;31;50,0;149,0;9,0;34,0;0,25510204081632654;0,9141104294478528
2025-10-09 15:50:05.832;p_shape;25309,25;25309,0;0,25;0,0009877909044213522;196,0;164,0;1,1951219512195121;32;50,0;150,0;9,0;34,0;0,25510204081632654;0,9146341463414634
2025-10-09 15:50:05.980;p_shape;25309,5;25309,25;0,25;0,0009877811472090243;196,0;160,0;1,225;33;54,0;151,0;9,0;34,0;0,2755102040816326;0,94375
2025-10-09 15:50:06.300;p_shape;25307,5;25307,0;0,5;0,0019757379381198877;186,0;176,0;1,0568181818181819;33;44,0;168,0;8,0;37,0;0,23655913978494625;0,9545454545454546
2025-10-09 15:50:13.424;d_shape;25299,25;25299,75;-0,5;-0,0019763041136770126;131,0;150,0;0,8733333333333333;23;111,0;43,0;24,0;11,0;0,8473282442748091;0,2866666666666667
2025-10-09 15:50:13.428;d_shape;25299,0;25299,25;-0,25;-0,0009881715861142129;133,0;150,0;0,8866666666666667;23;113,0;43,0;25,0;11,0;0,849624060150376;0,2866666666666667
2025-10-09 15:50:13.452;d_shape;25299,0;25299,5;-0,5;-0,001976323642759738;140,0;149,0;0,9395973154362416;23;120,0;42,0;26,0;11,0;0,8571428571428571;0,28187919463087246
2025-10-09 15:50:13.540;d_shape;25298,75;25299,0;-0,25;-0,0009881813510415431;152,0;149,0;1,0201342281879195;23;132,0;42,0;31,0;11,0;0,868421052631579;0,28187919463087246
2025-10-09 15:50:13.600;d_shape;25298,0;25298,75;-0,75;-0,002964573348485597;160,0;147,0;1,08843537414966;23;140,0;80,0;31,0;22,0;0,875;0,54421768707483
2025-10-09 15:50:13.756;d_shape;25298,5;25298,75;-0,25;-0,0009881911161618655;168,0;140,0;1,2;24;135,0;73,0;31,0;22,0;0,8035714285714286;0,5214285714285715
2025-10-09 15:50:13.804;d_shape;25298,25;25298,5;-0,25;-0,0009882008814751863;170,0;140,0;1,2142857142857142;24;137,0;73,0;31,0;22,0;0,8058823529411765;0,5214285714285715
2025-10-09 15:50:13.832;d_shape;25298,0;25298,5;-0,5;-0,0019764017629503726;172,0;140,0;1,2285714285714286;24;139,0;73,0;31,0;22,0;0,8081395348837209;0,5214285714285715
2025-10-09 15:50:13.856;d_shape;25298,0;25298,5;-0,5;-0,0019764017629503726;174,0;140,0;1,2428571428571429;24;141,0;73,0;31,0;22,0;0,8103448275862069;0,5214285714285715
2025-10-09 15:50:15.176;p_shape;25301,0;25300,75;0,25;0,0009881130006027489;166,0;123,0;1,3495934959349594;16;115,0;116,0;32,0;50,0;0,6927710843373494;0,943089430894309
2025-10-09 15:50:15.180;p_shape;25301,25;25301,0;0,25;0,0009881032370262046;166,0;124,0;1,3387096774193548;16;115,0;117,0;32,0;50,0;0,6927710843373494;0,9435483870967742
2025-10-09 15:50:15.548;p_shape;25301,5;25300,25;1,25;0,004940662641673501;170,0;122,0;1,3934426229508197;16;115,0;115,0;32,0;50,0;0,6764705882352942;0,9426229508196722
2025-10-09 15:50:15.564;p_shape;25301,75;25301,5;0,25;0,0009880837104519495;170,0;122,0;1,3934426229508197;16;115,0;115,0;32,0;50,0;0,6764705882352942;0,9426229508196722
2025-10-09 15:50:15.816;p_shape;25301,5;25300,75;0,75;0,0029643390018082466;171,0;125,0;1,368;16;115,0;118,0;32,0;50,0;0,672514619883041;0,944
2025-10-09 15:50:16.032;p_shape;25301,25;25300,5;0,75;0,002964368293116737;173,0;122,0;1,4180327868852458;16;115,0;115,0;32,0;50,0;0,6647398843930635;0,9426229508196722
2025-10-09 15:50:16.140;p_shape;25301,25;25300,75;0,5;0,0019762260012054977;170,0;153,0;1,1111111111111112;16;115,0;146,0;32,0;50,0;0,6764705882352942;0,954248366013072
2025-10-09 15:50:16.288;p_shape;25301,5;25301,25;0,25;0,0009880934736426065;152,0;157,0;0,9681528662420382;16;115,0;150,0;32,0;50,0;0,756578947368421;0,9554140127388535
2025-10-09 15:50:17.184;p_shape;25301,25;25300,75;0,5;0,0019762260012054977;142,0;141,0;1,0070921985815602;16;118,0;133,0;34,0;53,0;0,8309859154929577;0,9432624113475178
2025-10-09 15:50:17.544;p_shape;25301,75;25301,0;0,75;0,0029643097110786136;144,0;137,0;1,051094890510949;16;118,0;129,0;34,0;53,0;0,8194444444444444;0,9416058394160584
2025-10-09 15:50:35.748;d_shape;25300,75;25301,25;-0,5;-0,001976186947285213;82,0;40,0;2,05;15;66,0;29,0;23,0;7,0;0,8048780487804879;0,725
2025-10-09 15:50:40.092;d_shape;25302,0;25302,75;-0,75;-0,002964104692177728;95,0;83,0;1,144578313253012;23;95,0;40,0;26,0;7,0;1,0;0,4819277108433735
2025-10-09 15:50:40.152;d_shape;25301,0;25302,0;-1,0;-0,003952256738597739;95,0;83,0;1,144578313253012;23;95,0;40,0;26,0;7,0;1,0;0,4819277108433735
2025-10-09 15:50:40.232;d_shape;25301,0;25301,25;-0,25;-0,0009880934736426065;95,0;94,0;1,0106382978723405;23;95,0;40,0;26,0;7,0;1,0;0,425531914893617
2025-10-09 15:50:40.284;d_shape;25301,25;25301,5;-0,25;-0,0009880837104519495;94,0;96,0;0,9791666666666666;23;94,0;40,0;26,0;7,0;1,0;0,4166666666666667
2025-10-09 15:50:40.468;d_shape;25301,5;25301,75;-0,25;-0,0009880739474542276;94,0;102,0;0,9215686274509803;23;94,0;40,0;26,0;7,0;1,0;0,39215686274509803
2025-10-09 15:50:40.552;d_shape;25301,25;25301,5;-0,25;-0,0009880837104519495;94,0;106,0;0,8867924528301887;23;94,0;40,0;26,0;7,0;1,0;0,37735849056603776
2025-10-09 15:50:40.692;d_shape;25300,75;25301,25;-0,5;-0,001976186947285213;94,0;107,0;0,8785046728971962;23;94,0;40,0;26,0;7,0;1,0;0,37383177570093457
2025-10-09 15:50:40.712;d_shape;25301,0;25301,25;-0,25;-0,0009880934736426065;94,0;115,0;0,8173913043478261;23;94,0;40,0;26,0;7,0;1,0;0,34782608695652173
2025-10-09 15:50:40.720;d_shape;25300,75;25301,0;-0,25;-0,0009881032370262046;94,0;115,0;0,8173913043478261;23;94,0;40,0;26,0;7,0;1,0;0,34782608695652173
2025-10-09 15:50:40.800;d_shape;25300,5;25301,0;-0,5;-0,001976206474052409;57,0;118,0;0,4830508474576271;24;56,0;40,0;26,0;7,0;0,9824561403508771;0,3389830508474576
2025-10-09 15:50:40.828;d_shape;25300,5;25300,75;-0,25;-0,0009881130006027489;57,0;121,0;0,47107438016528924;24;56,0;40,0;26,0;7,0;0,9824561403508771;0,3305785123966942
2025-10-09 15:50:40.832;d_shape;25300,25;25300,5;-0,25;-0,0009881227643722455;57,0;123,0;0,4634146341463415;25;56,0;43,0;26,0;7,0;0,9824561403508771;0,34959349593495936
2025-10-09 15:51:06.852;d_shape;25302,25;25302,75;-0,5;-0,0019760697947851518;113,0;93,0;1,2150537634408602;22;90,0;58,0;51,0;16,0;0,7964601769911505;0,6236559139784946
2025-10-09 15:51:07.168;d_shape;25301,75;25302,25;-0,5;-0,0019761088440751317;113,0;93,0;1,2150537634408602;22;92,0;57,0;53,0;16,0;0,8141592920353983;0,6129032258064516
2025-10-09 15:51:07.360;d_shape;25302,0;25302,25;-0,25;-0,0009880544220375658;114,0;60,0;1,9;18;93,0;35,0;53,0;9,0;0,8157894736842105;0,5833333333333334
2025-10-09 15:51:17.420;p_shape;25311,5;25311,25;0,25;0,0009877030964492075;116,0;157,0;0,7388535031847133;26;43,0;112,0;10,0;23,0;0,3706896551724138;0,7133757961783439
2025-10-09 15:51:17.436;p_shape;25311,75;25311,5;0,25;0,0009876933409714952;120,0;157,0;0,7643312101910829;26;43,0;112,0;10,0;23,0;0,35833333333333334;0,7133757961783439
2025-10-09 15:51:17.508;p_shape;25311,75;25311,5;0,25;0,0009876933409714952;122,0;157,0;0,7770700636942676;26;43,0;112,0;10,0;23,0;0,3524590163934426;0,7133757961783439
2025-10-09 15:51:17.568;p_shape;25312,25;25311,75;0,5;0,0019753671713729788;122,0;157,0;0,7770700636942676;26;43,0;113,0;10,0;23,0;0,3524590163934426;0,7197452229299363
2025-10-09 15:51:17.600;p_shape;25312,5;25312,25;0,25;0,0009876640756945748;122,0;161,0;0,7577639751552795;26;43,0;117,0;10,0;23,0;0,3524590163934426;0,7267080745341615
2025-10-09 15:51:17.724;p_shape;25312,0;25311,75;0,25;0,0009876835856864894;124,0;166,0;0,7469879518072289;26;43,0;125,0;10,0;23,0;0,3467741935483871;0,7530120481927711
2025-10-09 15:51:17.800;p_shape;25312,25;25312,0;0,25;0,0009876738305941847;123,0;166,0;0,7409638554216867;26;42,0;126,0;10,0;23,0;0,34146341463414637;0,7590361445783133
2025-10-09 15:51:17.820;p_shape;25312,5;25312,25;0,25;0,0009876640756945748;123,0;166,0;0,7409638554216867;26;42,0;127,0;10,0;23,0;0,34146341463414637;0,7650602409638554
2025-10-09 15:51:18.240;p_shape;25312,0;25311,5;0,5;0,0019753866819429903;123,0;160,0;0,76875;26;42,0;130,0;10,0;23,0;0,34146341463414637;0,8125
2025-10-09 15:51:18.336;p_shape;25311,25;25311,0;0,25;0,0009877128521196318;125,0;161,0;0,7763975155279503;26;42,0;132,0;10,0;25,0;0,336;0,8198757763975155
2025-10-09 15:51:18.348;p_shape;25311,5;25311,0;0,5;0,0019754257042392635;126,0;162,0;0,7777777777777778;26;42,0;133,0;10,0;25,0;0,3333333333333333;0,8209876543209876
2025-10-09 15:51:18.588;p_shape;25311,5;25311,0;0,5;0,0019754257042392635;128,0;157,0;0,8152866242038217;26;42,0;136,0;10,0;25,0;0,328125;0,8662420382165605
2025-10-09 15:51:18.856;p_shape;25311,75;25311,5;0,25;0,0009876933409714952;126,0;162,0;0,7777777777777778;26;40,0;141,0;10,0;25,0;0,31746031746031744;0,8703703703703703
2025-10-09 15:51:19.568;p_shape;25311,5;25310,75;0,75;0,0029631678239483224;140,0;143,0;0,9790209790209791;24;45,0;143,0;10,0;26,0;0,32142857142857145;1,0
2025-10-09 15:51:20.720;d_shape;25310,25;25310,75;-0,5;-0,001975445215965548;106,0;83,0;1,2771084337349397;12;77,0;51,0;21,0;15,0;0,7264150943396226;0,6144578313253012
2025-10-09 15:51:20.896;d_shape;25309,5;25310,25;-0,75;-0,002963226360861706;107,0;76,0;1,4078947368421053;13;78,0;56,0;21,0;15,0;0,7289719626168224;0,7368421052631579
2025-10-09 15:51:21.016;d_shape;25309,75;25310,0;-0,25;-0,0009877518767285659;106,0;68,0;1,5588235294117647;13;77,0;56,0;20,0;15,0;0,7264150943396226;0,8235294117647058
2025-10-09 15:51:21.072;d_shape;25310,25;25311,0;-0,75;-0,0029631385563588953;106,0;91,0;1,164835164835165;13;77,0;64,0;20,0;15,0;0,7264150943396226;0,7032967032967034
2025-10-09 15:51:21.196;d_shape;25310,25;25310,5;-0,25;-0,00098773236403864;104,0;100,0;1,04;13;75,0;65,0;20,0;15,0;0,7211538461538461;0,65
2025-10-09 15:51:24.400;p_shape;25311,25;25310,75;0,5;0,001975445215965548;42,0;127,0;0,33070866141732286;12;25,0;95,0;6,0;25,0;0,5952380952380952;0,7480314960629921
2025-10-09 15:51:24.464;p_shape;25311,25;25310,75;0,5;0,001975445215965548;42,0;132,0;0,3181818181818182;12;25,0;100,0;6,0;26,0;0,5952380952380952;0,7575757575757576
2025-10-09 15:51:24.572;p_shape;25311,0;25310,25;0,75;0,002963226360861706;43,0;132,0;0,32575757575757575;12;25,0;100,0;6,0;26,0;0,5813953488372093;0,7575757575757576
2025-10-09 15:51:24.900;p_shape;25311,0;25310,5;0,5;0,00197546472807728;43,0;135,0;0,31851851851851853;12;25,0;103,0;6,0;28,0;0,5813953488372093;0,762962962962963
2025-10-09 15:51:25.452;p_shape;25311,0;25310,5;0,5;0,00197546472807728;40,0;119,0;0,33613445378151263;12;25,0;87,0;6,0;24,0;0,625;0,7310924369747899
2025-10-09 15:51:25.460;p_shape;25311,25;25311,0;0,25;0,0009877128521196318;41,0;119,0;0,3445378151260504;12;25,0;87,0;6,0;24,0;0,6097560975609756;0,7310924369747899
2025-10-09 15:51:25.484;p_shape;25311,5;25311,25;0,25;0,0009877030964492075;44,0;119,0;0,3697478991596639;12;25,0;87,0;6,0;24,0;0,5681818181818182;0,7310924369747899
2025-10-09 15:51:25.508;p_shape;25311,75;25311,5;0,25;0,0009876933409714952;45,0;117,0;0,38461538461538464;13;31,0;85,0;6,0;24,0;0,6888888888888889;0,7264957264957265
2025-10-09 15:51:43.028;d_shape;25309,75;25310,0;-0,25;-0,0009877518767285659;90,0;111,0;0,8108108108108109;15;79,0;49,0;22,0;14,0;0,8777777777777778;0,44144144144144143
2025-10-09 15:51:43.048;d_shape;25309,25;25309,75;-0,5;-0,001975523266725274;90,0;113,0;0,7964601769911505;15;79,0;49,0;22,0;14,0;0,8777777777777778;0,4336283185840708
2025-10-09 15:51:43.132;d_shape;25309,0;25309,25;-0,25;-0,0009877811472090243;90,0;115,0;0,782608695652174;15;79,0;47,0;22,0;14,0;0,8777777777777778;0,40869565217391307
2025-10-09 15:51:43.348;d_shape;25309,0;25309,25;-0,25;-0,0009877811472090243;90,0;121,0;0,743801652892562;14;71,0;43,0;22,0;14,0;0,7888888888888889;0,35537190082644626
2025-10-09 15:51:43.636;d_shape;25308,25;25308,5;-0,25;-0,000987810419424304;69,0;122,0;0,5655737704918032;16;55,0;50,0;22,0;14,0;0,7971014492753623;0,4098360655737705
2025-10-09 15:51:43.660;d_shape;25307,75;25308,25;-0,5;-0,0019756403544298794;69,0;125,0;0,552;17;55,0;56,0;22,0;14,0;0,7971014492753623;0,448
2025-10-09 15:51:54.388;p_shape;25297,75;25297,25;0,5;0,001976499421873919;116,0;124,0;0,9354838709677419;19;62,0;94,0;11,0;22,0;0,5344827586206896;0,7580645161290323
2025-10-09 15:51:54.460;p_shape;25298,5;25297,75;0,75;0,00296469053571958;112,0;128,0;0,875;19;62,0;98,0;11,0;22,0;0,5535714285714286;0,765625
2025-10-09 15:51:54.580;p_shape;25298,75;25298,5;0,25;0,0009882008814751863;103,0;130,0;0,7923076923076923;19;61,0;100,0;11,0;22,0;0,5922330097087378;0,7692307692307693
2025-10-09 15:51:54.896;p_shape;25298,5;25298,25;0,25;0,0009882106469815107;90,0;137,0;0,656934306569343;19;61,0;107,0;11,0;22,0;0,6777777777777778;0,781021897810219
2025-10-09 15:51:55.060;p_shape;25298,25;25298,0;0,25;0,0009882204126808443;87,0;138,0;0,6304347826086957;19;61,0;108,0;11,0;23,0;0,7011494252873564;0,782608695652174
2025-10-09 15:51:55.308;p_shape;25298,0;25297,75;0,25;0,0009882301785731932;86,0;131,0;0,6564885496183206;19;61,0;101,0;11,0;25,0;0,7093023255813954;0,7709923664122137
2025-10-09 15:51:55.412;p_shape;25298,0;25297,75;0,25;0,0009882301785731932;86,0;131,0;0,6564885496183206;19;61,0;101,0;11,0;26,0;0,7093023255813954;0,7709923664122137
2025-10-09 15:51:59.396;d_shape;25280,5;25281,0;-0,5;-0,001977769866698311;303,0;641,0;0,47269890795631825;85;217,0;481,0;42,0;54,0;0,7161716171617162;0,750390015600624
2025-10-09 15:51:59.404;d_shape;25279,75;25280,5;-0,75;-0,0029667134748126026;305,0;641,0;0,47581903276131043;85;219,0;481,0;42,0;54,0;0,7180327868852459;0,750390015600624
2025-10-09 15:51:59.420;d_shape;25279,5;25280,75;-1,25;-0,004944473561899865;319,0;641,0;0,49765990639625585;85;233,0;481,0;42,0;54,0;0,7304075235109718;0,750390015600624
2025-10-09 15:51:59.444;d_shape;25280,25;25281,5;-1,25;-0,004944326879338647;338,0;641,0;0,5273010920436817;85;252,0;481,0;45,0;54,0;0,7455621301775148;0,750390015600624
2025-10-09 15:51:59.488;d_shape;25282,0;25282,75;-0,75;-0,0029664494566453412;353,0;637,0;0,554160125588697;85;267,0;477,0;45,0;54,0;0,7563739376770539;0,7488226059654631
2025-10-09 15:51:59.496;d_shape;25281,75;25282,0;-0,25;-0,0009888458191598766;354,0;637,0;0,5557299843014128;85;268,0;477,0;45,0;54,0;0,7570621468926554;0,7488226059654631
2025-10-09 15:51:59.580;d_shape;25281,75;25282,0;-0,25;-0,0009888458191598766;362,0;636,0;0,5691823899371069;85;276,0;476,0;45,0;54,0;0,7624309392265194;0,7484276729559748
2025-10-09 15:51:59.584;d_shape;25281,5;25281,75;-0,25;-0,0009888555974171093;364,0;635,0;0,573228346456693;85;278,0;475,0;45,0;54,0;0,7637362637362637;0,7480314960629921
2025-10-09 15:51:59.592;d_shape;25281,5;25282,0;-0,5;-0,001977691638319753;369,0;635,0;0,5811023622047244;85;283,0;475,0;45,0;54,0;0,7669376693766937;0,7480314960629921
2025-10-09 15:51:59.644;d_shape;25282,0;25282,5;-0,5;-0,0019776525264511026;389,0;635,0;0,6125984251968504;85;303,0;475,0;45,0;54,0;0,7789203084832905;0,7480314960629921
2025-10-09 15:51:59.680;d_shape;25282,25;25282,75;-0,5;-0,001977632971096894;391,0;635,0;0,6157480314960629;85;305,0;475,0;45,0;54,0;0,7800511508951407;0,7480314960629921
2025-10-09 15:51:59.740;d_shape;25283,25;25283,5;-0,25;-0,0009887871536772995;392,0;644,0;0,6086956521739131;85;306,0;474,0;45,0;54,0;0,7806122448979592;0,7360248447204969
2025-10-09 15:51:59.744;d_shape;25282,75;25283,25;-0,5;-0,0019775938615486537;393,0;644,0;0,610248447204969;85;307,0;474,0;45,0;54,0;0,7811704834605598;0,7360248447204969
2025-10-09 15:51:59.768;d_shape;25282,5;25282,75;-0,25;-0,000988816485548447;396,0;644,0;0,6149068322981367;85;310,0;474,0;45,0;54,0;0,7828282828282829;0,7360248447204969
2025-10-09 15:51:59.808;d_shape;25283,0;25283,5;-0,5;-0,001977574307354599;397,0;653,0;0,6079632465543645;85;311,0;474,0;45,0;54,0;0,783375314861461;0,7258805513016845
2025-10-09 15:51:59.840;d_shape;25283,25;25283,75;-0,5;-0,001977554753547239;397,0;657,0;0,604261796042618;85;311,0;474,0;45,0;54,0;0,783375314861461;0,7214611872146118
2025-10-09 15:51:59.868;d_shape;25282,75;25283,25;-0,5;-0,0019775938615486537;398,0;659,0;0,6039453717754173;85;312,0;474,0;45,0;54,0;0,7839195979899497;0,7192716236722306
2025-10-09 15:52:00.256;d_shape;25282,75;25284,0;-1,25;-0,004943838000316406;397,0;662,0;0,5996978851963746;85;312,0;462,0;45,0;54,0;0,7858942065491183;0,6978851963746223
2025-10-09 15:52:00.260;d_shape;25282,5;25282,75;-0,25;-0,000988816485548447;397,0;664,0;0,5978915662650602;85;312,0;462,0;45,0;54,0;0,7858942065491183;0,6957831325301205
2025-10-09 15:52:00.304;d_shape;25282,25;25282,75;-0,5;-0,001977632971096894;397,0;664,0;0,5978915662650602;85;312,0;460,0;45,0;54,0;0,7858942065491183;0,6927710843373494
2025-10-09 15:52:00.344;d_shape;25281,75;25282,25;-0,5;-0,001977672082192052;398,0;661,0;0,6021180030257186;85;313,0;457,0;45,0;54,0;0,7864321608040201;0,6913767019667171
2025-10-09 15:52:00.476;d_shape;25282,0;25282,25;-0,25;-0,000988836041096026;398,0;660,0;0,603030303030303;85;313,0;452,0;45,0;54,0;0,7864321608040201;0,6848484848484848
2025-10-09 15:52:00.480;d_shape;25281,25;25282,0;-0,75;-0,0029665374574796297;399,0;660,0;0,6045454545454545;85;314,0;452,0;45,0;54,0;0,7869674185463659;0,6848484848484848
2025-10-09 15:52:00.512;d_shape;25281,25;25281,5;-0,25;-0,0009888653758677295;404,0;660,0;0,6121212121212121;85;319,0;452,0;45,0;54,0;0,7896039603960396;0,6848484848484848
2025-10-09 15:52:00.652;d_shape;25282,25;25282,75;-0,5;-0,001977632971096894;410,0;685,0;0,5985401459854015;85;325,0;448,0;45,0;54,0;0,7926829268292683;0,654014598540146
2025-10-09 15:52:00.724;d_shape;25282,75;25283,25;-0,5;-0,0019775938615486537;407,0;690,0;0,5898550724637681;85;325,0;447,0;45,0;54,0;0,7985257985257985;0,6478260869565218
2025-10-09 15:52:00.740;d_shape;25282,0;25283,25;-1,25;-0,004943984653871634;402,0;695,0;0,5784172661870504;85;325,0;447,0;45,0;54,0;0,8084577114427861;0,6431654676258993
2025-10-09 15:52:00.748;d_shape;25281,75;25282,0;-0,25;-0,0009888458191598766;403,0;695,0;0,5798561151079137;85;326,0;447,0;45,0;54,0;0,8089330024813896;0,6431654676258993
2025-10-09 15:52:00.832;d_shape;25282,25;25282,5;-0,25;-0,0009888262632255513;406,0;703,0;0,577524893314367;85;329,0;446,0;45,0;54,0;0,8103448275862069;0,6344238975817923
2025-10-09 15:52:00.840;d_shape;25281,5;25282,25;-0,75;-0,0029665081232880773;410,0;703,0;0,5832147937411095;85;333,0;446,0;45,0;54,0;0,8121951219512196;0,6344238975817923
2025-10-09 15:52:00.888;d_shape;25281,75;25282,25;-0,5;-0,001977672082192052;412,0;707,0;0,5827439886845828;85;335,0;446,0;45,0;54,0;0,8131067961165048;0,6308345120226309
2025-10-09 15:52:00.900;d_shape;25281,5;25282,25;-0,75;-0,0029665081232880773;414,0;712,0;0,5814606741573034;85;337,0;446,0;45,0;54,0;0,8140096618357487;0,6264044943820225
2025-10-09 15:52:00.928;d_shape;25282,0;25282,5;-0,5;-0,0019776525264511026;414,0;715,0;0,579020979020979;85;337,0;446,0;45,0;54,0;0,8140096618357487;0,6237762237762238
2025-10-09 15:52:00.940;d_shape;25281,75;25282,5;-0,75;-0,0029664787896766538;417,0;720,0;0,5791666666666667;85;340,0;446,0;45,0;54,0;0,815347721822542;0,6194444444444445
2025-10-09 15:52:01.012;d_shape;25282,0;25282,5;-0,5;-0,0019776525264511026;417,0;725,0;0,5751724137931035;85;340,0;445,0;45,0;54,0;0,815347721822542;0,6137931034482759
2025-10-09 15:52:01.064;d_shape;25281,75;25282,75;-1,0;-0,003955265942193788;417,0;720,0;0,5791666666666667;85;340,0;436,0;45,0;54,0;0,815347721822542;0,6055555555555555
2025-10-09 15:52:01.080;d_shape;25281,0;25282,0;-1,0;-0,003955383276639506;417,0;728,0;0,5728021978021978;85;340,0;436,0;45,0;54,0;0,815347721822542;0,5989010989010989
2025-10-09 15:52:01.108;d_shape;25281,0;25281,75;-0,75;-0,0029665667922513274;417,0;731,0;0,5704514363885089;85;340,0;436,0;45,0;54,0;0,815347721822542;0,5964432284541724
2025-10-09 15:52:01.132;d_shape;25281,25;25281,75;-0,5;-0,0019777111948342187;417,0;733,0;0,5688949522510232;85;340,0;435,0;45,0;54,0;0,815347721822542;0,5934515688949522
2025-10-09 15:52:01.148;d_shape;25281,0;25281,25;-0,25;-0,0009888751545117428;417,0;735,0;0,5673469387755102;85;340,0;435,0;45,0;54,0;0,815347721822542;0,5918367346938775
2025-10-09 15:52:01.168;d_shape;25281,25;25281,5;-0,25;-0,0009888653758677295;417,0;738,0;0,5650406504065041;85;340,0;435,0;45,0;54,0;0,815347721822542;0,5894308943089431
2025-10-09 15:52:01.200;d_shape;25281,0;25281,25;-0,25;-0,0009888751545117428;417,0;742,0;0,5619946091644205;85;340,0;434,0;45,0;54,0;0,815347721822542;0,5849056603773585
2025-10-09 15:52:01.216;d_shape;25280,75;25281,0;-0,25;-0,0009888849333491555;417,0;743,0;0,5612382234185733;85;340,0;434,0;45,0;54,0;0,815347721822542;0,5841184387617766
2025-10-09 15:52:01.224;d_shape;25280,75;25281,0;-0,25;-0,0009888849333491555;417,0;748,0;0,5574866310160428;85;340,0;434,0;45,0;54,0;0,815347721822542;0,5802139037433155
2025-10-09 15:52:01.316;d_shape;25281,0;25281,5;-0,5;-0,001977730751735459;417,0;754,0;0,553050397877984;85;340,0;432,0;45,0;54,0;0,815347721822542;0,5729442970822282
2025-10-09 15:52:01.364;d_shape;25281,5;25281,75;-0,25;-0,0009888555974171093;417,0;758,0;0,5501319261213721;85;340,0;432,0;45,0;54,0;0,815347721822542;0,5699208443271768
2025-10-09 15:52:01.376;d_shape;25280,75;25281,5;-0,75;-0,002966596127603188;417,0;760,0;0,5486842105263158;85;340,0;432,0;45,0;54,0;0,815347721822542;0,5684210526315789
2025-10-09 15:52:01.384;d_shape;25280,5;25280,75;-0,25;-0,000988894712379973;417,0;763,0;0,546526867627785;85;340,0;432,0;45,0;54,0;0,815347721822542;0,5661861074705111
2025-10-09 15:52:01.388;d_shape;25280,0;25280,5;-0,5;-0,001977808983208402;417,0;764,0;0,5458115183246073;85;340,0;432,0;45,0;54,0;0,815347721822542;0,5654450261780105
2025-10-09 15:52:01.412;d_shape;25278,5;25280,0;-1,5;-0,005933544303797468;417,0;773,0;0,5394566623544631;85;340,0;431,0;45,0;54,0;0,815347721822542;0,5575679172056921
2025-10-09 15:52:01.416;d_shape;25278,0;25278,5;-0,5;-0,0019779654647229857;417,0;781,0;0,5339308578745199;86;340,0;431,0;45,0;54,0;0,815347721822542;0,5518565941101152
2025-10-09 15:52:01.432;d_shape;25277,25;25278,0;-0,75;-0,0029670068834559697;417,0;792,0;0,5265151515151515;88;340,0;435,0;45,0;54,0;0,815347721822542;0,5492424242424242
2025-10-09 15:52:01.448;d_shape;25277,5;25278,25;-0,75;-0,002966977539980022;417,0;797,0;0,5232120451693852;88;340,0;435,0;45,0;54,0;0,815347721822542;0,5457967377666249
2025-10-09 15:52:01.480;d_shape;25278,0;25278,5;-0,5;-0,0019779654647229857;416,0;774,0;0,537467700258398;88;340,0;410,0;45,0;54,0;0,8173076923076923;0,5297157622739018
2025-10-09 15:52:01.496;d_shape;25278,0;25278,5;-0,5;-0,0019779654647229857;416,0;778,0;0,5347043701799485;88;340,0;410,0;45,0;54,0;0,8173076923076923;0,5269922879177378
2025-10-09 15:52:01.512;d_shape;25277,5;25278,0;-0,5;-0,0019780045889706463;416,0;779,0;0,5340179717586649;88;340,0;410,0;45,0;54,0;0,8173076923076923;0,5263157894736842
2025-10-09 15:52:01.572;d_shape;25277,25;25277,5;-0,25;-0,000989021857383048;416,0;782,0;0,5319693094629157;88;340,0;410,0;45,0;54,0;0,8173076923076923;0,5242966751918159
2025-10-09 15:52:01.576;d_shape;25277,0;25277,25;-0,25;-0,0009890316391221354;416,0;785,0;0,5299363057324841;89;340,0;415,0;45,0;54,0;0,8173076923076923;0,5286624203821656
2025-10-09 15:52:01.588;d_shape;25277,0;25277,25;-0,25;-0,0009890316391221354;416,0;808,0;0,5148514851485149;95;340,0;432,0;45,0;54,0;0,8173076923076923;0,5346534653465347
2025-10-09 15:52:01.600;d_shape;25276,5;25277,25;-0,75;-0,0029670949173664068;416,0;811,0;0,5129469790382244;95;340,0;429,0;45,0;54,0;0,8173076923076923;0,528976572133169
2025-10-09 15:52:01.628;d_shape;25275,75;25276,5;-0,75;-0,002967182956501098;416,0;816,0;0,5098039215686274;95;340,0;429,0;45,0;54,0;0,8173076923076923;0,5257352941176471
2025-10-09 15:52:01.640;d_shape;25276,0;25276,75;-0,75;-0,002967153609542366;416,0;820,0;0,5073170731707317;95;340,0;429,0;45,0;54,0;0,8173076923076923;0,5231707317073171
2025-10-09 15:52:01.648;d_shape;25275,75;25276,0;-0,25;-0,0009890805507200508;416,0;821,0;0,5066991473812423;95;340,0;429,0;45,0;54,0;0,8173076923076923;0,5225334957369062
2025-10-09 15:52:01.668;d_shape;25274,5;25276,0;-1,5;-0,005934483304320303;416,0;835,0;0,49820359281437127;100;340,0;445,0;45,0;54,0;0,8173076923076923;0,5329341317365269
2025-10-09 15:52:01.672;d_shape;25274,25;25274,5;-0,25;-0,0009891392510237593;416,0;837,0;0,4970131421744325;101;340,0;448,0;45,0;54,0;0,8173076923076923;0,5352449223416965
2025-10-09 15:52:01.680;d_shape;25274,0;25274,25;-0,25;-0,0009891490350851164;416,0;840,0;0,49523809523809526;102;340,0;448,0;45,0;54,0;0,8173076923076923;0,5333333333333333
2025-10-09 15:52:01.692;d_shape;25272,75;25274,75;-2,0;-0,007913035737247649;440,0;847,0;0,5194805194805194;108;364,0;466,0;45,0;54,0;0,8272727272727273;0,5501770956316411
2025-10-09 15:52:01.704;d_shape;25273,25;25274,0;-0,75;-0,0029674764580201;449,0;848,0;0,5294811320754716;108;373,0;465,0;45,0;54,0;0,8307349665924276;0,5483490566037735
2025-10-09 15:52:01.716;d_shape;25274,25;25274,5;-0,25;-0,0009891392510237593;450,0;869,0;0,5178365937859609;108;374,0;465,0;45,0;54,0;0,8311111111111111;0,5350978135788262
2025-10-09 15:52:01.792;d_shape;25275,25;25275,75;-0,5;-0,001978180667240339;450,0;896,0;0,5022321428571429;108;374,0;465,0;45,0;54,0;0,8311111111111111;0,5189732142857143
2025-10-09 15:52:01.812;d_shape;25275,0;25275,25;-0,25;-0,000989109900000989;450,0;897,0;0,5016722408026756;108;374,0;465,0;45,0;54,0;0,8311111111111111;0,5183946488294314
2025-10-09 15:52:01.816;d_shape;25274,75;25275,0;-0,25;-0,0009891196834817012;450,0;899,0;0,5005561735261401;108;374,0;465,0;45,0;54,0;0,8311111111111111;0,5172413793103449
2025-10-09 15:52:01.848;d_shape;25274,25;25274,75;-0,5;-0,0019782589343119122;450,0;896,0;0,5022321428571429;108;374,0;460,0;45,0;54,0;0,8311111111111111;0,5133928571428571
2025-10-09 15:52:01.860;d_shape;25274,0;25274,25;-0,25;-0,0009891490350851164;450,0;899,0;0,5005561735261401;108;374,0;460,0;45,0;54,0;0,8311111111111111;0,5116796440489433
2025-10-09 15:52:01.888;d_shape;25274,0;25274,25;-0,25;-0,0009891490350851164;450,0;902,0;0,49889135254988914;108;374,0;460,0;45,0;54,0;0,8311111111111111;0,5099778270509978
2025-10-09 15:52:01.948;d_shape;25274,5;25274,75;-0,25;-0,0009891294671559561;450,0;905,0;0,4972375690607735;108;374,0;460,0;45,0;54,0;0,8311111111111111;0,5082872928176796
2025-10-09 15:52:01.952;d_shape;25274,0;25274,5;-0,5;-0,0019782785020475186;450,0;907,0;0,4961411245865491;108;374,0;460,0;45,0;54,0;0,8311111111111111;0,5071664829106945
2025-10-09 15:52:01.992;d_shape;25273,5;25274,25;-0,75;-0,002967447105255349;452,0;914,0;0,49452954048140046;108;376,0;458,0;45,0;54,0;0,831858407079646;0,5010940919037199
2025-10-09 15:52:02.096;d_shape;25274,75;25275,0;-0,25;-0,0009891196834817012;454,0;908,0;0,5;108;382,0;452,0;45,0;54,0;0,8414096916299559;0,4977973568281938
2025-10-09 15:52:02.104;d_shape;25274,5;25274,75;-0,25;-0,0009891294671559561;455,0;908,0;0,501101321585903;108;383,0;452,0;45,0;54,0;0,8417582417582418;0,4977973568281938
2025-10-09 15:52:02.128;d_shape;25274,5;25275,25;-0,75;-0,0029673297000029674;458,0;908,0;0,5044052863436124;108;386,0;452,0;45,0;54,0;0,8427947598253275;0,4977973568281938
2025-10-09 15:52:02.144;d_shape;25274,5;25275,0;-0,5;-0,0019782393669634025;460,0;908,0;0,5066079295154186;108;388,0;452,0;45,0;54,0;0,8434782608695652;0,4977973568281938
2025-10-09 15:52:02.148;d_shape;25274,25;25274,5;-0,25;-0,0009891392510237593;462,0;908,0;0,5088105726872246;108;390,0;452,0;45,0;54,0;0,8441558441558441;0,4977973568281938
2025-10-09 15:52:02.260;d_shape;25276,0;25276,5;-0,5;-0,001978121971000732;470,0;894,0;0,5257270693512305;108;398,0;438,0;45,0;54,0;0,8468085106382979;0,4899328859060403
2025-10-09 15:52:02.292;d_shape;25276,5;25276,75;-0,25;-0,0009890512031807887;473,0;896,0;0,5279017857142857;108;401,0;438,0;45,0;54,0;0,8477801268498943;0,4888392857142857
2025-10-09 15:52:02.300;d_shape;25276,0;25276,5;-0,5;-0,001978121971000732;465,0;896,0;0,5189732142857143;108;403,0;438,0;45,0;54,0;0,8666666666666667;0,4888392857142857
2025-10-09 15:52:02.308;d_shape;25275,75;25276,0;-0,25;-0,0009890805507200508;464,0;896,0;0,5178571428571429;108;405,0;438,0;45,0;54,0;0,8728448275862069;0,4888392857142857
2025-10-09 15:52:02.352;d_shape;25275,25;25275,75;-0,5;-0,001978180667240339;465,0;896,0;0,5189732142857143;108;408,0;438,0;45,0;54,0;0,8774193548387097;0,4888392857142857
2025-10-09 15:52:02.460;d_shape;25276,75;25277,0;-0,25;-0,0009890414210547138;466,0;903,0;0,5160575858250277;108;410,0;438,0;45,0;54,0;0,8798283261802575;0,4850498338870432
2025-10-09 15:52:02.572;d_shape;25276,5;25276,75;-0,25;-0,0009890512031807887;467,0;908,0;0,51431718061674;108;411,0;438,0;45,0;54,0;0,880085653104925;0,48237885462555063
2025-10-09 15:52:02.608;d_shape;25276,25;25277,25;-1,0;-0,003956126556488542;470,0;910,0;0,5164835164835165;108;414,0;438,0;45,0;54,0;0,8808510638297873;0,48131868131868133
2025-10-09 15:52:02.644;d_shape;25275,5;25276,75;-1,25;-0,004945256015903943;471,0;911,0;0,5170142700329309;108;415,0;438,0;45,0;54,0;0,881104033970276;0,4807903402854007
2025-10-09 15:52:02.704;d_shape;25275,25;25276,0;-0,75;-0,0029672416521601516;474,0;910,0;0,5208791208791209;108;420,0;437,0;45,0;54,0;0,8860759493670886;0,48021978021978023
2025-10-09 15:52:02.836;d_shape;25276,75;25277,5;-0,75;-0,0029670655721491445;481,0;900,0;0,5344444444444445;108;427,0;421,0;45,0;54,0;0,8877338877338877;0,4677777777777778
2025-10-09 15:52:02.944;d_shape;25277,0;25277,25;-0,25;-0,0009890316391221354;477,0;902,0;0,5288248337028825;108;427,0;420,0;45,0;54,0;0,8951781970649895;0,4656319290465632
2025-10-09 15:52:02.976;d_shape;25276,5;25277,0;-0,5;-0,0019780828421094277;478,0;905,0;0,5281767955801105;108;428,0;420,0;45,0;54,0;0,895397489539749;0,46408839779005523
2025-10-09 15:52:03.076;d_shape;25277,0;25277,5;-0,5;-0,001978043714766096;484,0;905,0;0,5348066298342542;108;436,0;420,0;45,0;54,0;0,9008264462809917;0,46408839779005523
2025-10-09 15:52:03.124;d_shape;25276,5;25277,25;-0,75;-0,0029670949173664068;484,0;905,0;0,5348066298342542;108;439,0;420,0;45,0;54,0;0,9070247933884298;0,46408839779005523
2025-10-09 15:52:03.200;d_shape;25276,5;25277,0;-0,5;-0,0019780828421094277;484,0;905,0;0,5348066298342542;108;446,0;420,0;45,0;54,0;0,9214876033057852;0,46408839779005523
2025-10-09 15:52:03.204;d_shape;25275,5;25276,5;-1,0;-0,003956243942001464;498,0;905,0;0,5502762430939226;108;460,0;420,0;45,0;54,0;0,9236947791164659;0,46408839779005523
2025-10-09 15:52:03.284;d_shape;25277,0;25277,25;-0,25;-0,0009890316391221354;505,0;905,0;0,5580110497237569;108;468,0;420,0;45,0;54,0;0,9267326732673268;0,46408839779005523
2025-10-09 15:52:03.312;d_shape;25277,0;25277,5;-0,5;-0,001978043714766096;508,0;905,0;0,5613259668508287;108;471,0;420,0;45,0;54,0;0,9271653543307087;0,46408839779005523
2025-10-09 15:52:03.404;d_shape;25277,5;25277,75;-0,25;-0,000989012075837446;511,0;905,0;0,5646408839779006;108;479,0;420,0;45,0;54,0;0,9373776908023483;0,46408839779005523
2025-10-09 15:52:03.452;d_shape;25277,75;25278,0;-0,25;-0,0009890022944853232;516,0;905,0;0,5701657458563536;108;484,0;420,0;45,0;54,0;0,937984496124031;0,46408839779005523
2025-10-09 15:52:03.480;d_shape;25277,75;25278,25;-0,5;-0,001977985026653348;522,0;905,0;0,5767955801104973;108;490,0;420,0;45,0;54,0;0,9386973180076629;0,46408839779005523
2025-10-09 15:52:03.508;d_shape;25277,25;25278,5;-1,25;-0,004944913661807465;529,0;907,0;0,5832414553472988;108;497,0;420,0;45,0;54,0;0,9395085066162571;0,46306504961411243
2025-10-09 15:52:03.628;d_shape;25277,25;25277,75;-0,5;-0,001978024151674892;534,0;907,0;0,5887541345093715;108;502,0;420,0;45,0;54,0;0,9400749063670412;0,46306504961411243
2025-10-09 15:52:03.680;d_shape;25277,75;25278,0;-0,25;-0,0009890022944853232;536,0;907,0;0,5909592061742006;108;504,0;420,0;45,0;54,0;0,9402985074626866;0,46306504961411243
2025-10-09 15:52:03.868;d_shape;25278,75;25279,5;-0,75;-0,002966830831305999;548,0;912,0;0,6008771929824561;108;516,0;420,0;45,0;54,0;0,9416058394160584;0,4605263157894737
2025-10-09 15:52:03.880;d_shape;25279,0;25279,25;-0,25;-0,0009889533906266997;543,0;914,0;0,5940919037199125;108;516,0;420,0;45,0;54,0;0,9502762430939227;0,45951859956236324
2025-10-09 15:52:03.900;d_shape;25278,5;25279,0;-0,5;-0,0019779263420230233;523,0;916,0;0,5709606986899564;108;516,0;420,0;45,0;54,0;0,9866156787762906;0,4585152838427948
2025-10-09 15:52:03.976;d_shape;25278,5;25278,75;-0,25;-0,000988972951589774;516,0;916,0;0,5633187772925764;107;516,0;428,0;45,0;54,0;1,0;0,4672489082969432
2025-10-09 15:52:04.028;d_shape;25278,5;25278,75;-0,25;-0,000988972951589774;517,0;918,0;0,5631808278867102;107;517,0;428,0;45,0;54,0;1,0;0,4662309368191721
2025-10-09 15:52:07.172;p_shape;25280,75;25280,25;0,5;0,00197782854204369;221,0;146,0;1,5136986301369864;30;130,0;107,0;16,0;20,0;0,5882352941176471;0,7328767123287672
2025-10-09 15:52:07.256;p_shape;25281,25;25280,75;0,5;0,001977789424759946;218,0;147,0;1,4829931972789117;30;127,0;108,0;16,0;20,0;0,5825688073394495;0,7346938775510204
2025-10-09 15:52:07.284;p_shape;25281,5;25281,25;0,25;0,0009888751545117428;215,0;148,0;1,4527027027027026;30;124,0;109,0;16,0;20,0;0,5767441860465117;0,7364864864864865
2025-10-09 15:52:07.576;p_shape;25281,5;25280,75;0,75;0,0029666841371399186;204,0;147,0;1,3877551020408163;30;113,0;122,0;16,0;24,0;0,553921568627451;0,8299319727891157
2025-10-09 15:52:07.792;p_shape;25281,0;25280,5;0,5;0,001977808983208402;193,0;152,0;1,269736842105263;29;104,0;130,0;16,0;26,0;0,538860103626943;0,8552631578947368
2025-10-09 15:52:08.032;p_shape;25281,0;25280,25;0,75;0,0029667428130655355;184,0;142,0;1,295774647887324;29;93,0;132,0;14,0;26,0;0,5054347826086957;0,9295774647887324
2025-10-09 15:52:08.156;p_shape;25281,0;25280,75;0,25;0,000988894712379973;177,0;146,0;1,2123287671232876;28;86,0;135,0;14,0;28,0;0,4858757062146893;0,9246575342465754
2025-10-09 15:52:08.900;d_shape;25279,5;25279,75;-0,25;-0,0009889338304374053;104,0;163,0;0,6380368098159509;17;93,0;127,0;22,0;29,0;0,8942307692307693;0,7791411042944786
2025-10-09 15:52:09.060;d_shape;25279,25;25279,5;-0,25;-0,000988943610435333;103,0;159,0;0,6477987421383647;17;92,0;127,0;22,0;29,0;0,8932038834951457;0,7987421383647799
2025-10-09 15:52:09.064;d_shape;25278,75;25279,25;-0,5;-0,0019779067812533994;103,0;160,0;0,64375;17;92,0;127,0;22,0;29,0;0,8932038834951457;0,79375
2025-10-09 15:52:09.100;d_shape;25278,5;25278,75;-0,25;-0,000988972951589774;83,0;165,0;0,503030303030303;17;72,0;127,0;22,0;29,0;0,8674698795180723;0,7696969696969697
2025-10-09 15:52:19.388;d_shape;25273,75;25274,5;-0,75;-0,002967417753071277;96,0;133,0;0,7218045112781954;18;90,0;61,0;20,0;16,0;0,9375;0,45864661654135336
2025-10-09 15:52:43.400;d_shape;25278,0;25278,25;-0,25;-0,000988992513326674;84,0;60,0;1,4;23;69,0;46,0;20,0;8,0;0,8214285714285714;0,7666666666666667
2025-10-09 15:52:43.708;d_shape;25278,0;25278,75;-0,75;-0,002966918854769322;83,0;64,0;1,296875;23;75,0;46,0;26,0;8,0;0,9036144578313253;0,71875
2025-10-09 15:52:44.252;d_shape;25278,25;25278,5;-0,25;-0,0009889827323614929;79,0;49,0;1,6122448979591837;20;76,0;30,0;26,0;6,0;0,9620253164556962;0,6122448979591837
2025-10-09 15:52:44.264;d_shape;25277,75;25278,25;-0,5;-0,001977985026653348;80,0;49,0;1,6326530612244898;20;77,0;30,0;26,0;6,0;0,9625;0,6122448979591837
2025-10-09 15:52:44.296;d_shape;25277,5;25277,75;-0,25;-0,000989012075837446;82,0;49,0;1,6734693877551021;20;79,0;30,0;26,0;6,0;0,9634146341463414;0,6122448979591837
2025-10-09 15:52:44.384;d_shape;25277,25;25277,75;-0,5;-0,001978024151674892;85,0;48,0;1,7708333333333333;20;82,0;29,0;26,0;5,0;0,9647058823529412;0,6041666666666666
2025-10-09 15:52:45.008;d_shape;25278,0;25278,75;-0,75;-0,002966918854769322;97,0;53,0;1,830188679245283;18;94,0;33,0;33,0;6,0;0,9690721649484536;0,6226415094339622
2025-10-09 15:52:45.020;d_shape;25277,5;25278,0;-0,5;-0,0019780045889706463;101,0;53,0;1,9056603773584906;18;98,0;33,0;33,0;6,0;0,9702970297029703;0,6226415094339622
2025-10-09 15:52:45.108;d_shape;25277,0;25277,5;-0,5;-0,001978043714766096;104,0;48,0;2,1666666666666665;17;101,0;38,0;33,0;10,0;0,9711538461538461;0,7916666666666666
2025-10-09 15:52:45.128;d_shape;25276,5;25277,0;-0,5;-0,0019780828421094277;116,0;48,0;2,4166666666666665;18;113,0;38,0;33,0;10,0;0,9741379310344828;0,7916666666666666
2025-10-09 15:52:45.148;d_shape;25276,25;25276,5;-0,25;-0,000989060985500366;118,0;48,0;2,4583333333333335;19;115,0;42,0;33,0;10,0;0,9745762711864406;0,875
2025-10-09 15:52:49.468;d_shape;25277,0;25278,0;-1,0;-0,003956009177941293;83,0;58,0;1,4310344827586208;17;68,0;55,0;20,0;13,0;0,8192771084337349;0,9482758620689655
2025-10-09 15:53:09.512;p_shape;25284,75;25284,25;0,5;0,0019775156470925575;149,0;91,0;1,6373626373626373;27;66,0;66,0;16,0;25,0;0,4429530201342282;0,7252747252747253
2025-10-09 15:53:09.592;p_shape;25285,0;25284,75;0,25;0,0009887382710922592;149,0;92,0;1,6195652173913044;27;66,0;68,0;16,0;25,0;0,4429530201342282;0,7391304347826086
2025-10-09 15:53:09.596;p_shape;25285,25;25285,0;0,25;0,0009887284951552303;149,0;89,0;1,6741573033707866;27;66,0;70,0;16,0;27,0;0,4429530201342282;0,7865168539325843
2025-10-09 15:53:09.604;p_shape;25285,5;25285,25;0,25;0,0009887187194115145;149,0;94,0;1,5851063829787233;27;66,0;76,0;16,0;30,0;0,4429530201342282;0,8085106382978723
2025-10-09 15:53:09.752;p_shape;25285,25;25285,0;0,25;0,0009887284951552303;149,0;93,0;1,6021505376344085;26;66,0;79,0;16,0;31,0;0,4429530201342282;0,8494623655913979
2025-10-09 15:53:10.032;p_shape;25284,5;25284,0;0,5;0,0019775352001265623;150,0;87,0;1,7241379310344827;26;65,0;79,0;16,0;31,0;0,43333333333333335;0,9080459770114943
2025-10-09 15:53:10.072;p_shape;25284,75;25284,5;0,25;0,0009887480472226067;153,0;87,0;1,7586206896551724;26;65,0;79,0;16,0;31,0;0,42483660130718953;0,9080459770114943
2025-10-09 15:53:10.104;p_shape;25285,25;25284,75;0,5;0,0019774765421845183;154,0;87,0;1,7701149425287357;26;65,0;79,0;16,0;31,0;0,42207792207792205;0,9080459770114943
2025-10-09 15:53:10.232;p_shape;25285,5;25285,25;0,25;0,0009887187194115145;155,0;87,0;1,7816091954022988;26;65,0;79,0;16,0;31,0;0,41935483870967744;0,9080459770114943
2025-10-09 15:53:10.264;p_shape;25286,75;25285,5;1,25;0,004943544719305531;159,0;87,0;1,8275862068965518;28;71,0;79,0;16,0;31,0;0,44654088050314467;0,9080459770114943
2025-10-09 15:53:10.404;p_shape;25285,75;25285,5;0,25;0,0009887089438611063;162,0;87,0;1,8620689655172413;28;71,0;79,0;16,0;31,0;0,4382716049382716;0,9080459770114943
2025-10-09 15:53:10.456;p_shape;25286,25;25285,75;0,5;0,0019773983370079983;163,0;87,0;1,8735632183908046;29;79,0;79,0;16,0;31,0;0,48466257668711654;0,9080459770114943
2025-10-09 15:53:10.592;p_shape;25286,75;25286,25;0,5;0,0019773592367393344;163,0;81,0;2,0123456790123457;29;78,0;79,0;16,0;31,0;0,4785276073619632;0,9753086419753086
2025-10-09 15:53:10.680;p_shape;25287,25;25286,75;0,5;0,0019773201380169454;165,0;81,0;2,037037037037037;31;84,0;79,0;16,0;31,0;0,509090909090909;0,9753086419753086
2025-10-09 15:53:10.712;p_shape;25287,5;25287,25;0,25;0,00098864052042037;166,0;90,0;1,8444444444444446;32;84,0;88,0;16,0;31,0;0,5060240963855421;0,9777777777777777
2025-10-09 15:53:10.944;p_shape;25287,5;25287,25;0,25;0,00098864052042037;166,0;91,0;1,8241758241758241;32;82,0;89,0;16,0;31,0;0,4939759036144578;0,978021978021978
2025-10-09 15:53:11.000;p_shape;25287,75;25287,5;0,25;0,0009886307464162135;166,0;91,0;1,8241758241758241;33;92,0;90,0;16,0;31,0;0,5542168674698795;0,989010989010989
2025-10-09 15:53:11.052;p_shape;25287,75;25287,0;0,75;0,0029659508838533635;165,0;95,0;1,736842105263158;33;91,0;94,0;16,0;31,0;0,5515151515151515;0,9894736842105263
2025-10-09 15:53:11.120;p_shape;25288,25;25287,75;0,5;0,0019772419452106257;162,0;101,0;1,603960396039604;35;103,0;100,0;16,0;31,0;0,6358024691358025;0,9900990099009901
2025-10-09 15:53:11.132;p_shape;25288,0;25287,5;0,5;0,001977261492832427;162,0;103,0;1,5728155339805825;35;103,0;102,0;16,0;31,0;0,6358024691358025;0,9902912621359223
2025-10-09 15:53:11.316;p_shape;25288,25;25288,0;0,25;0,0009886111989876622;162,0;105,0;1,542857142857143;35;103,0;104,0;16,0;31,0;0,6358024691358025;0,9904761904761905
2025-10-09 15:53:11.420;p_shape;25286,5;25286,25;0,25;0,0009886796183696672;171,0;110,0;1,5545454545454545;35;103,0;109,0;16,0;31,0;0,6023391812865497;0,990909090909091
2025-10-09 15:53:11.468;p_shape;25287,0;25286,5;0,5;0,0019773396871848614;172,0;113,0;1,5221238938053097;35;103,0;112,0;16,0;31,0;0,5988372093023255;0,9911504424778761
2025-10-09 15:53:11.500;p_shape;25287,5;25287,0;0,5;0,0019773005892355757;171,0;118,0;1,4491525423728813;35;102,0;117,0;16,0;31,0;0,5964912280701754;0,9915254237288136
2025-10-09 15:53:11.620;p_shape;25287,0;25286,75;0,25;0,0009886600690084727;171,0;121,0;1,4132231404958677;35;102,0;120,0;16,0;31,0;0,5964912280701754;0,9917355371900827
2025-10-09 15:53:11.668;p_shape;25287,5;25287,0;0,5;0,0019773005892355757;171,0;125,0;1,368;35;102,0;124,0;16,0;31,0;0,5964912280701754;0,992
2025-10-09 15:53:11.788;p_shape;25287,0;25286,75;0,25;0,0009886600690084727;170,0;130,0;1,3076923076923077;35;101,0;129,0;16,0;31,0;0,5941176470588235;0,9923076923076923
2025-10-09 15:53:12.028;p_shape;25287,25;25287,0;0,25;0,0009886502946177878;166,0;131,0;1,2671755725190839;34;97,0;131,0;16,0;31,0;0,5843373493975904;1,0
2025-10-09 15:53:12.184;p_shape;25286,25;25285,75;0,5;0,0019773983370079983;165,0;145,0;1,1379310344827587;34;96,0;145,0;16,0;31,0;0,5818181818181818;1,0
2025-10-09 15:53:12.264;p_shape;25286,0;25285,75;0,25;0,0009886991685039992;165,0;147,0;1,1224489795918366;34;96,0;147,0;16,0;31,0;0,5818181818181818;1,0
2025-10-09 15:53:12.280;p_shape;25286,25;25286,0;0,25;0,0009886893933401882;165,0;148,0;1,114864864864865;34;96,0;148,0;16,0;31,0;0,5818181818181818;1,0
2025-10-09 15:53:12.416;p_shape;25286,0;25285,5;0,5;0,0019774178877222126;164,0;156,0;1,0512820512820513;34;95,0;156,0;16,0;31,0;0,5792682926829268;1,0
2025-10-09 15:53:33.688;d_shape;25265,75;25266,0;-0,25;-0,0009894720177313387;95,0;289,0;0,328719723183391;26;84,0;108,0;20,0;17,0;0,8842105263157894;0,3737024221453287
2025-10-09 15:53:33.824;d_shape;25266,25;25266,5;-0,25;-0,0009894524370213525;99,0;278,0;0,35611510791366907;25;88,0;112,0;21,0;17,0;0,8888888888888888;0,4028776978417266
2025-10-09 15:53:37.416;p_shape;25269,75;25269,25;0,5;0,001978689513934921;156,0;63,0;2,4761904761904763;21;79,0;53,0;17,0;24,0;0,5064102564102564;0,8412698412698413
2025-10-09 15:53:37.664;p_shape;25269,75;25269,5;0,25;0,0009893349690338156;152,0;63,0;2,4126984126984126;21;72,0;53,0;16,0;24,0;0,47368421052631576;0,8412698412698413
2025-10-09 15:53:37.820;p_shape;25270,5;25269,75;0,75;0,0029679755438815182;149,0;63,0;2,365079365079365;21;69,0;54,0;13,0;24,0;0,46308724832214765;0,8571428571428571
2025-10-09 15:53:37.832;p_shape;25270,75;25270,5;0,25;0,0009892958192358678;149,0;64,0;2,328125;21;69,0;55,0;13,0;24,0;0,46308724832214765;0,859375
2025-10-09 15:53:38.464;p_shape;25270,25;25269,25;1,0;0,003957379027869842;127,0;71,0;1,7887323943661972;20;43,0;63,0;12,0;27,0;0,33858267716535434;0,8873239436619719
2025-10-09 15:53:38.716;p_shape;25269,75;25269,25;0,5;0,001978689513934921;122,0;72,0;1,6944444444444444;18;37,0;64,0;12,0;27,0;0,30327868852459017;0,8888888888888888
2025-10-09 15:53:39.172;p_shape;25270,25;25269,25;1,0;0,003957379027869842;120,0;65,0;1,8461538461538463;14;44,0;65,0;12,0;28,0;0,36666666666666664;1,0
2025-10-09 15:53:39.180;p_shape;25271,25;25270,25;1,0;0,0039572224255794855;122,0;68,0;1,7941176470588236;16;64,0;68,0;20,0;28,0;0,5245901639344263;1,0
2025-10-09 15:53:39.188;p_shape;25271,5;25271,25;0,25;0,0009892664589207104;122,0;70,0;1,7428571428571429;17;99,0;70,0;35,0;28,0;0,8114754098360656;1,0
2025-10-09 15:53:40.156;d_shape;25268,5;25269,5;-1,0;-0,003957339876135262;85,0;69,0;1,2318840579710144;13;72,0;64,0;27,0;27,0;0,8470588235294118;0,927536231884058
2025-10-09 15:53:41.752;d_shape;25269,0;25269,25;-0,25;-0,0009893447569674606;85,0;75,0;1,1333333333333333;14;69,0;24,0;20,0;8,0;0,8117647058823529;0,32
2025-10-09 15:53:41.756;d_shape;25268,25;25269,0;-0,75;-0,0029680636352843407;87,0;75,0;1,16;14;71,0;24,0;20,0;8,0;0,8160919540229885;0,32
2025-10-09 15:53:42.048;d_shape;25268,75;25269,5;-0,75;-0,0029680049071014463;92,0;72,0;1,2777777777777777;14;76,0;19,0;20,0;6,0;0,8260869565217391;0,2638888888888889
2025-10-09 15:53:45.192;p_shape;25269,0;25268,75;0,25;0,0009893643334157804;76,0;74,0;1,027027027027027;17;28,0;68,0;7,0;34,0;0,3684210526315789;0,918918918918919
2025-10-09 15:53:45.224;p_shape;25269,5;25269,0;0,5;0,0019787090901895606;76,0;74,0;1,027027027027027;17;28,0;68,0;7,0;34,0;0,3684210526315789;0,918918918918919
2025-10-09 15:53:45.364;p_shape;25270,25;25269,5;0,75;0,0029680049071014463;76,0;74,0;1,027027027027027;18;28,0;65,0;7,0;34,0;0,3684210526315789;0,8783783783783784
2025-10-09 15:53:45.408;p_shape;25270,5;25270,25;0,25;0,0009893056063948714;82,0;74,0;1,1081081081081081;19;32,0;65,0;7,0;34,0;0,3902439024390244;0,8783783783783784
2025-10-09 15:53:45.424;p_shape;25270,75;25270,5;0,25;0,0009892958192358678;84,0;74,0;1,135135135135135;20;32,0;61,0;7,0;34,0;0,38095238095238093;0,8243243243243243
2025-10-09 15:53:45.440;p_shape;25271,5;25270,5;1,0;0,003957183276943471;86,0;75,0;1,1466666666666667;21;40,0;62,0;8,0;34,0;0,46511627906976744;0,8266666666666667
2025-10-09 15:53:45.688;p_shape;25270,75;25270,5;0,25;0,0009892958192358678;70,0;71,0;0,9859154929577465;22;33,0;56,0;7,0;33,0;0,4714285714285714;0,7887323943661971
2025-10-09 15:53:46.056;p_shape;25271,0;25270,25;0,75;0,0029679168191846144;70,0;71,0;0,9859154929577465;22;33,0;56,0;7,0;33,0;0,4714285714285714;0,7887323943661971
2025-10-09 15:54:40.800;p_shape;25265,5;25265,0;0,5;0,0019790223629527013;81,0;63,0;1,2857142857142858;18;65,0;55,0;16,0;23,0;0,8024691358024691;0,873015873015873
2025-10-09 15:54:41.220;p_shape;25265,0;25264,75;0,25;0,0009895209728970206;81,0;60,0;1,35;18;65,0;52,0;16,0;20,0;0,8024691358024691;0,8666666666666667
2025-10-09 15:54:41.636;p_shape;25265,25;25264,75;0,5;0,001979041945794041;81,0;61,0;1,3278688524590163;18;65,0;53,0;16,0;21,0;0,8024691358024691;0,8688524590163934
2025-10-09 15:54:48.396;p_shape;25262,5;25261,75;0,75;0,0029689154551842214;51,0;115,0;0,4434782608695652;10;36,0;82,0;9,0;34,0;0,7058823529411765;0,7130434782608696
2025-10-09 15:54:48.444;p_shape;25262,75;25262,5;0,25;0,0009896091044037606;51,0;118,0;0,4322033898305085;10;36,0;85,0;9,0;34,0;0,7058823529411765;0,7203389830508474
2025-10-09 15:54:48.716;p_shape;25262,5;25262,0;0,5;0,0019792573826300374;54,0;108,0;0,5;10;36,0;85,0;9,0;34,0;0,6666666666666666;0,7870370370370371
2025-10-09 15:54:48.816;p_shape;25262,75;25262,5;0,25;0,0009896091044037606;54,0;108,0;0,5;10;36,0;85,0;9,0;33,0;0,6666666666666666;0,7870370370370371
2025-10-09 15:55:03.848;p_shape;25269,0;25268,25;0,75;0,0029681517319165357;60,0;149,0;0,40268456375838924;16;33,0;106,0;7,0;21,0;0,55;0,7114093959731543
2025-10-09 15:55:04.180;p_shape;25268,5;25268,25;0,25;0,000989383910638845;66,0;136,0;0,4852941176470588;16;33,0;96,0;7,0;21,0;0,5;0,7058823529411765
2025-10-09 15:55:04.224;p_shape;25268,75;25268,5;0,25;0,0009893741219304667;72,0;136,0;0,5294117647058824;16;33,0;96,0;7,0;21,0;0,4583333333333333;0,7058823529411765
2025-10-09 15:55:04.648;p_shape;25268,75;25268,25;0,5;0,00197876782127769;78,0;107,0;0,7289719626168224;16;33,0;87,0;7,0;23,0;0,4230769230769231;0,8130841121495327
2025-10-09 15:55:04.752;p_shape;25268,5;25267,75;0,75;0,002968210465910103;83,0;104,0;0,7980769230769231;16;33,0;87,0;7,0;23,0;0,39759036144578314;0,8365384615384616
2025-10-09 15:55:04.776;p_shape;25269,0;25268,5;0,5;0,0019787482438609334;83,0;106,0;0,7830188679245284;16;33,0;89,0;7,0;25,0;0,39759036144578314;0,839622641509434
2025-10-09 15:55:04.888;p_shape;25268,75;25268,5;0,25;0,0009893741219304667;83,0;105,0;0,7904761904761904;15;37,0;89,0;7,0;25,0;0,4457831325301205;0,8476190476190476
2025-10-09 15:55:05.000;p_shape;25269,0;25268,75;0,25;0,0009893643334157804;81,0;105,0;0,7714285714285715;13;46,0;88,0;12,0;26,0;0,5679012345679012;0,8380952380952381
2025-10-09 15:55:05.128;p_shape;25269,5;25269,0;0,5;0,0019787090901895606;72,0;107,0;0,6728971962616822;14;39,0;84,0;10,0;27,0;0,5416666666666666;0,7850467289719626
2025-10-09 15:55:09.228;p_shape;25271,75;25271,25;0,5;0,0019785329178414208;118,0;60,0;1,9666666666666666;20;46,0;50,0;9,0;21,0;0,3898305084745763;0,8333333333333334
2025-10-09 15:55:09.316;p_shape;25271,5;25270,75;0,75;0,002967858096811531;117,0;66,0;1,7727272727272727;20;45,0;56,0;9,0;21,0;0,38461538461538464;0,8484848484848485
2025-10-09 15:55:09.468;p_shape;25271,75;25271,0;0,75;0,002967828736496379;116,0;68,0;1,7058823529411764;20;44,0;58,0;9,0;22,0;0,3793103448275862;0,8529411764705882
2025-10-09 15:55:46.116;d_shape;25260,0;25260,25;-0,25;-0,0009896972516107324;49,0;296,0;0,16554054054054054;28;49,0;73,0;22,0;18,0;1,0;0,24662162162162163
2025-10-09 15:55:46.624;d_shape;25261,25;25261,5;-0,25;-0,0009896482790016428;78,0;288,0;0,2708333333333333;26;78,0;77,0;42,0;18,0;1,0;0,2673611111111111
2025-10-09 15:55:47.772;p_shape;25263,0;25262,0;1,0;0,003958514765260075;88,0;118,0;0,7457627118644068;15;87,0;93,0;42,0;24,0;0,9886363636363636;0,788135593220339
2025-10-09 15:55:48.340;d_shape;25260,75;25261,0;-0,25;-0,000989667867463679;66,0;103,0;0,6407766990291263;15;65,0;83,0;37,0;17,0;0,9848484848484849;0,8058252427184466
2025-10-09 15:55:48.440;d_shape;25260,5;25260,75;-0,25;-0,0009896776619854914;62,0;100,0;0,62;15;61,0;79,0;37,0;16,0;0,9838709677419355;0,79
2025-10-09 15:55:48.712;d_shape;25260,75;25261,25;-0,5;-0,0019793161462714633;61,0;90,0;0,6777777777777778;15;60,0;67,0;37,0;15,0;0,9836065573770492;0,7444444444444445
2025-10-09 15:55:48.804;d_shape;25260,75;25261,0;-0,25;-0,000989667867463679;61,0;94,0;0,648936170212766;15;60,0;67,0;37,0;15,0;0,9836065573770492;0,7127659574468085
2025-10-09 15:55:49.164;d_shape;25260,75;25261,25;-0,5;-0,0019793161462714633;67,0;86,0;0,7790697674418605;15;66,0;59,0;37,0;15,0;0,9850746268656716;0,686046511627907
2025-10-09 15:55:50.516;d_shape;25260,75;25261,0;-0,25;-0,000989667867463679;79,0;45,0;1,7555555555555555;13;74,0;23,0;37,0;7,0;0,9367088607594937;0,5111111111111111
2025-10-09 15:55:51.180;d_shape;25260,75;25261,5;-0,75;-0,0029689448370049287;60,0;43,0;1,3953488372093024;12;55,0;19,0;20,0;7,0;0,9166666666666666;0,4418604651162791
2025-10-09 15:55:51.184;d_shape;25260,5;25260,75;-0,25;-0,0009896776619854914;60,0;47,0;1,2765957446808511;12;55,0;19,0;20,0;7,0;0,9166666666666666;0,40425531914893614
2025-10-09 15:55:51.188;d_shape;25260,25;25260,5;-0,25;-0,0009896874567011738;60,0;48,0;1,25;13;55,0;28,0;20,0;9,0;0,9166666666666666;0,5833333333333334
2025-10-09 15:55:51.192;d_shape;25260,0;25260,25;-0,25;-0,0009896972516107324;60,0;51,0;1,1764705882352942;13;55,0;28,0;20,0;9,0;0,9166666666666666;0,5490196078431373
2025-10-09 15:55:51.196;d_shape;25259,75;25260,0;-0,25;-0,0009897070467141727;60,0;54,0;1,1111111111111112;14;51,0;28,0;20,0;9,0;0,85;0,5185185185185185
2025-10-09 15:55:52.412;d_shape;25254,25;25254,5;-0,25;-0,0009899225880536141;193,0;234,0;0,8247863247863247;45;169,0;150,0;25,0;14,0;0,8756476683937824;0,6410256410256411
2025-10-09 15:55:52.504;d_shape;25253,75;25254,25;-0,5;-0,0019798647752358517;198,0;233,0;0,8497854077253219;45;177,0;149,0;25,0;14,0;0,8939393939393939;0,6394849785407726
2025-10-09 15:55:52.508;d_shape;25253,25;25253,75;-0,5;-0,001979903974657229;203,0;233,0;0,871244635193133;45;182,0;149,0;25,0;14,0;0,896551724137931;0,6394849785407726
2025-10-09 15:55:52.532;d_shape;25253,5;25254,0;-0,5;-0,0019798843747525145;211,0;233,0;0,9055793991416309;45;190,0;149,0;25,0;14,0;0,9004739336492891;0,6394849785407726
2025-10-09 15:55:52.560;d_shape;25254,0;25254,25;-0,25;-0,0009899323876179258;225,0;233,0;0,9656652360515021;45;204,0;149,0;30,0;14,0;0,9066666666666666;0,6394849785407726
2025-10-09 15:55:52.668;d_shape;25254,25;25254,5;-0,25;-0,0009899225880536141;233,0;232,0;1,0043103448275863;45;212,0;148,0;32,0;14,0;0,9098712446351931;0,6379310344827587
2025-10-09 15:55:52.740;d_shape;25254,25;25254,5;-0,25;-0,0009899225880536141;248,0;247,0;1,0040485829959513;45;227,0;146,0;45,0;14,0;0,9153225806451613;0,5910931174089069
2025-10-09 15:55:52.880;d_shape;25254,25;25254,75;-0,5;-0,0019798255773666343;254,0;246,0;1,032520325203252;44;233,0;143,0;48,0;14,0;0,9173228346456693;0,5813008130081301
2025-10-09 15:55:52.920;d_shape;25254,25;25254,5;-0,25;-0,0009899225880536141;258,0;245,0;1,0530612244897959;43;237,0;149,0;51,0;14,0;0,9186046511627907;0,6081632653061224
2025-10-09 15:55:55.696;p_shape;25259,25;25258,25;1,0;0,003959102471469718;338,0;322,0;1,049689440993789;41;303,0;230,0;57,0;31,0;0,8964497041420119;0,7142857142857143
2025-10-09 15:55:55.956;p_shape;25259,5;25258,0;1,5;0,0059387124871327895;343,0;320,0;1,071875;40;297,0;228,0;57,0;31,0;0,8658892128279884;0,7125
2025-10-09 15:55:56.296;p_shape;25259,25;25258,5;0,75;0,0029692974642199655;348,0;272,0;1,2794117647058822;33;272,0;212,0;57,0;31,0;0,7816091954022989;0,7794117647058824
2025-10-09 15:55:56.360;p_shape;25259,5;25259,25;0,25;0,0009897364331878421;354,0;272,0;1,3014705882352942;33;272,0;212,0;57,0;31,0;0,768361581920904;0,7794117647058824
2025-10-09 15:55:56.468;p_shape;25259,25;25259,0;0,25;0,0009897462290668672;356,0;266,0;1,3383458646616542;33;272,0;206,0;57,0;31,0;0,7640449438202247;0,7744360902255639
2025-10-09 15:56:04.628;p_shape;25258,75;25258,25;0,5;0,001979551235734859;64,0;127,0;0,5039370078740157;17;50,0;89,0;13,0;23,0;0,78125;0,7007874015748031
2025-10-09 15:56:28.072;p_shape;25269,0;25268,75;0,25;0,0009893643334157804;77,0;84,0;0,9166666666666666;20;37,0;76,0;9,0;21,0;0,4805194805194805;0,9047619047619048
2025-10-09 15:56:28.172;p_shape;25269,25;25268,75;0,5;0,001978728666831561;77,0;86,0;0,8953488372093024;20;37,0;78,0;9,0;21,0;0,4805194805194805;0,9069767441860465
2025-10-09 15:56:51.180;p_shape;25272,0;25271,5;0,5;0,0019785133450725126;49,0;62,0;0,7903225806451613;17;20,0;59,0;5,0;20,0;0,40816326530612246;0,9516129032258065
2025-10-09 15:56:51.212;p_shape;25272,25;25271,75;0,5;0,0019784937726908505;54,0;62,0;0,8709677419354839;18;20,0;59,0;5,0;20,0;0,37037037037037035;0,9516129032258065
2025-10-09 15:56:51.316;p_shape;25272,75;25272,25;0,5;0,0019784546290892184;64,0;62,0;1,032258064516129;18;19,0;59,0;5,0;20,0;0,296875;0,9516129032258065
2025-10-09 15:56:51.320;p_shape;25274,0;25272,75;1,25;0,004946038717591082;66,0;77,0;0,8571428571428571;22;34,0;73,0;11,0;20,0;0,5151515151515151;0,948051948051948
2025-10-09 15:56:51.488;p_shape;25273,5;25273,0;0,5;0,0019783959165908284;67,0;82,0;0,8170731707317073;23;43,0;78,0;11,0;20,0;0,6417910447761194;0,9512195121951219
2025-10-09 15:56:51.548;p_shape;25274,0;25273,5;0,5;0,0019783567768611393;67,0;85,0;0,788235294117647;23;43,0;81,0;11,0;20,0;0,6417910447761194;0,9529411764705882
2025-10-09 15:56:51.552;p_shape;25274,25;25274,0;0,25;0,000989158819340033;67,0;86,0;0,7790697674418605;24;43,0;77,0;11,0;20,0;0,6417910447761194;0,8953488372093024
2025-10-09 15:56:51.560;p_shape;25274,25;25274,0;0,25;0,000989158819340033;67,0;89,0;0,7528089887640449;24;43,0;80,0;11,0;20,0;0,6417910447761194;0,898876404494382
2025-10-09 15:56:52.000;p_shape;25273,75;25273,5;0,25;0,0009891783884305697;70,0;92,0;0,7608695652173914;24;43,0;86,0;11,0;20,0;0,6142857142857143;0,9347826086956522
2025-10-09 15:56:52.316;p_shape;25272,75;25272,5;0,25;0,0009892175289346128;73,0;98,0;0,7448979591836735;24;41,0;78,0;11,0;20,0;0,5616438356164384;0,7959183673469388
2025-10-09 15:56:52.400;p_shape;25273,0;25272,75;0,25;0,0009892077435182162;74,0;99,0;0,7474747474747475;24;41,0;79,0;11,0;20,0;0,5540540540540541;0,797979797979798
2025-10-09 15:57:03.588;p_shape;25280,25;25279,75;0,5;0,0019778676608748105;182,0;126,0;1,4444444444444444;40;123,0;98,0;20,0;20,0;0,6758241758241759;0,7777777777777778
2025-10-09 15:57:03.672;p_shape;25279,25;25278,75;0,5;0,001977945903179548;182,0;137,0;1,3284671532846715;40;123,0;110,0;20,0;20,0;0,6758241758241759;0,8029197080291971
2025-10-09 15:57:03.700;p_shape;25279,5;25279,0;0,5;0,0019779263420230233;182,0;141,0;1,2907801418439717;40;123,0;114,0;20,0;20,0;0,6758241758241759;0,8085106382978723
2025-10-09 15:57:03.736;p_shape;25279,75;25279,0;0,75;0,0029668895130345345;182,0;146,0;1,2465753424657535;40;123,0;120,0;20,0;20,0;0,6758241758241759;0,821917808219178
2025-10-09 15:57:03.788;p_shape;25280,0;25279,75;0,25;0,0009889338304374053;182,0;135,0;1,348148148148148;40;123,0;125,0;20,0;22,0;0,6758241758241759;0,9259259259259259
2025-10-09 15:57:03.840;p_shape;25279,25;25278,75;0,5;0,001977945903179548;181,0;137,0;1,3211678832116789;40;122,0;129,0;20,0;22,0;0,6740331491712708;0,9416058394160584
2025-10-09 15:57:03.896;p_shape;25279,0;25278,75;0,25;0,000988972951589774;179,0;141,0;1,2695035460992907;40;120,0;133,0;20,0;22,0;0,6703910614525139;0,9432624113475178
2025-10-09 15:57:04.120;p_shape;25279,0;25278,5;0,5;0,0019779654647229857;181,0;144,0;1,2569444444444444;40;120,0;137,0;20,0;22,0;0,6629834254143646;0,9513888888888888
2025-10-09 15:57:04.144;p_shape;25279,25;25278,75;0,5;0,001977945903179548;185,0;144,0;1,2847222222222223;40;120,0;137,0;20,0;22,0;0,6486486486486487;0,9513888888888888
2025-10-09 15:57:04.444;p_shape;25279,5;25278,5;1,0;0,0039559309294459714;208,0;143,0;1,4545454545454546;37;104,0;137,0;20,0;22,0;0,5;0,958041958041958
2025-10-09 15:57:04.464;p_shape;25279,5;25279,25;0,25;0,0009889533906266997;213,0;143,0;1,4895104895104896;37;104,0;137,0;20,0;22,0;0,48826291079812206;0,958041958041958
2025-10-09 15:57:04.644;p_shape;25279,5;25279,25;0,25;0,0009889533906266997;209,0;143,0;1,4615384615384615;37;97,0;137,0;20,0;22,0;0,46411483253588515;0,958041958041958
2025-10-09 15:57:04.700;p_shape;25280,5;25279,5;1,0;0,003955774441741332;224,0;143,0;1,5664335664335665;37;97,0;137,0;20,0;22,0;0,4330357142857143;0,958041958041958
2025-10-09 15:57:04.976;p_shape;25280,25;25280,0;0,25;0,0009889240506329115;227,0;143,0;1,5874125874125875;35;106,0;137,0;20,0;22,0;0,4669603524229075;0,958041958041958
2025-10-09 15:57:05.132;p_shape;25281,0;25280,25;0,75;0,0029667428130655355;224,0;143,0;1,5664335664335665;35;101,0;137,0;20,0;22,0;0,45089285714285715;0,958041958041958
2025-10-09 15:57:05.140;p_shape;25281,75;25281,0;0,75;0,0029666548000474666;229,0;143,0;1,6013986013986015;37;106,0;137,0;19,0;22,0;0,462882096069869;0,958041958041958
2025-10-09 15:57:05.240;p_shape;25282,25;25281,75;0,5;0,0019777111948342187;233,0;143,0;1,6293706293706294;39;120,0;137,0;19,0;22,0;0,5150214592274678;0,958041958041958
2025-10-09 15:57:05.272;p_shape;25282,25;25281,75;0,5;0,0019777111948342187;241,0;143,0;1,6853146853146854;39;120,0;137,0;19,0;22,0;0,4979253112033195;0,958041958041958
2025-10-09 15:57:05.276;p_shape;25282,75;25282,25;0,5;0,001977672082192052;252,0;143,0;1,7622377622377623;41;133,0;137,0;19,0;22,0;0,5277777777777778;0,958041958041958
2025-10-09 15:57:05.280;p_shape;25283,25;25282,75;0,5;0,001977632971096894;261,0;143,0;1,8251748251748252;43;153,0;137,0;20,0;22,0;0,5862068965517241;0,958041958041958
2025-10-09 15:57:05.284;p_shape;25285,0;25283,25;1,75;0,0069215785154202875;295,0;143,0;2,062937062937063;50;183,0;109,0;20,0;22,0;0,6203389830508474;0,7622377622377622
2025-10-09 15:57:05.300;p_shape;25285,0;25284,5;0,5;0,0019774960944452134;299,0;143,0;2,090909090909091;50;183,0;109,0;20,0;22,0;0,6120401337792643;0,7622377622377622
2025-10-09 15:57:08.376;p_shape;25286,5;25286,0;0,5;0,0019773787866803763;443,0;204,0;2,1715686274509802;46;117,0;153,0;10,0;24,0;0,26410835214446954;0,75
2025-10-09 15:57:08.712;p_shape;25286,25;25285,5;0,75;0,0029661268315833186;445,0;182,0;2,4450549450549453;46;117,0;159,0;10,0;28,0;0,26292134831460673;0,8736263736263736
2025-10-09 15:57:09.672;p_shape;25286,75;25286,5;0,25;0,0009886698435924307;419,0;165,0;2,5393939393939395;37;90,0;165,0;14,0;30,0;0,21479713603818615;1,0
2025-10-09 15:57:09.692;p_shape;25287,0;25286,75;0,25;0,0009886600690084727;419,0;168,0;2,494047619047619;37;90,0;168,0;14,0;30,0;0,21479713603818615;1,0
2025-10-09 15:57:09.996;p_shape;25287,0;25286,5;0,5;0,0019773396871848614;405,0;177,0;2,288135593220339;33;82,0;177,0;14,0;30,0;0,20246913580246914;1,0
2025-10-09 15:57:12.868;d_shape;25286,5;25286,75;-0,25;-0,0009886600690084727;84,0;138,0;0,6086956521739131;16;78,0;73,0;20,0;28,0;0,9285714285714286;0,5289855072463768
2025-10-09 15:57:12.936;d_shape;25286,5;25286,75;-0,25;-0,0009886600690084727;82,0;142,0;0,5774647887323944;16;76,0;73,0;21,0;28,0;0,926829268292683;0,5140845070422535
2025-10-09 15:57:14.044;d_shape;25286,5;25287,5;-1,0;-0,003954522985664854;81,0;144,0;0,5625;15;80,0;83,0;21,0;29,0;0,9876543209876543;0,5763888888888888
2025-10-09 15:57:14.048;d_shape;25286,0;25286,5;-0,5;-0,0019773396871848614;84,0;144,0;0,5833333333333334;15;83,0;83,0;21,0;29,0;0,9880952380952381;0,5763888888888888
2025-10-09 15:57:14.152;d_shape;25286,0;25286,5;-0,5;-0,0019773396871848614;78,0;146,0;0,5342465753424658;15;77,0;83,0;21,0;29,0;0,9871794871794872;0,5684931506849316
2025-10-09 15:57:14.308;d_shape;25286,25;25286,5;-0,25;-0,0009886698435924307;83,0;149,0;0,5570469798657718;15;82,0;83,0;21,0;29,0;0,9879518072289156;0,5570469798657718
2025-10-09 15:57:14.384;d_shape;25286,0;25286,25;-0,25;-0,0009886796183696672;82,0;149,0;0,5503355704697986;15;81,0;83,0;21,0;29,0;0,9878048780487805;0,5570469798657718
2025-10-09 15:57:14.596;d_shape;25286,5;25286,75;-0,25;-0,0009886600690084727;75,0;160,0;0,46875;15;74,0;83,0;21,0;29,0;0,9866666666666667;0,51875
2025-10-09 15:57:31.648;p_shape;25284,5;25284,25;0,25;0,0009887578235462787;40,0;132,0;0,30303030303030304;18;31,0;104,0;11,0;38,0;0,775;0,7878787878787878
2025-10-09 15:57:33.036;p_shape;25284,5;25284,0;0,5;0,0019775352001265623;36,0;138,0;0,2608695652173913;18;32,0;113,0;13,0;35,0;0,8888888888888888;0,8188405797101449
2025-10-09 15:57:33.052;p_shape;25284,75;25284,25;0,5;0,0019775156470925575;36,0;169,0;0,21301775147928995;18;32,0;144,0;13,0;58,0;0,8888888888888888;0,8520710059171598
2025-10-09 15:57:35.304;p_shape;25283,75;25282,5;1,25;0,004944131316127757;37,0;127,0;0,29133858267716534;22;22,0;106,0;4,0;55,0;0,5945945945945946;0,8346456692913385
2025-10-09 15:57:35.320;p_shape;25283,5;25283,25;0,25;0,0009887969307743269;39,0;127,0;0,30708661417322836;22;22,0;106,0;4,0;55,0;0,5641025641025641;0,8346456692913385
2025-10-09 15:57:35.556;p_shape;25284,0;25283,5;0,5;0,001977574307354599;39,0;122,0;0,319672131147541;22;22,0;101,0;4,0;55,0;0,5641025641025641;0,8278688524590164
2025-10-09 15:57:35.584;p_shape;25284,25;25284,0;0,25;0,0009887676000632812;39,0;122,0;0,319672131147541;22;22,0;101,0;4,0;55,0;0,5641025641025641;0,8278688524590164
2025-10-09 15:57:35.884;p_shape;25284,5;25284,0;0,5;0,0019775352001265623;39,0;122,0;0,319672131147541;22;22,0;101,0;4,0;56,0;0,5641025641025641;0,8278688524590164
2025-10-09 15:57:36.264;p_shape;25284,0;25283,75;0,25;0,0009887773767736194;39,0;123,0;0,3170731707317073;21;22,0;104,0;4,0;55,0;0,5641025641025641;0,8455284552845529
2025-10-09 15:57:36.684;p_shape;25283,5;25283,0;0,5;0,001977613416129415;42,0;82,0;0,5121951219512195;21;22,0;63,0;4,0;26,0;0,5238095238095238;0,7682926829268293
2025-10-09 15:57:36.748;p_shape;25283,75;25283,5;0,25;0,0009887871536772995;42,0;83,0;0,5060240963855421;21;22,0;64,0;4,0;26,0;0,5238095238095238;0,7710843373493976
2025-10-09 15:57:37.088;p_shape;25284,5;25283,5;1,0;0,003955148614709198;45,0;81,0;0,5555555555555556;21;22,0;62,0;4,0;26,0;0,4888888888888889;0,7654320987654321
2025-10-09 15:57:37.508;p_shape;25284,75;25284,5;0,25;0,0009887480472226067;50,0;80,0;0,625;22;22,0;59,0;4,0;26,0;0,44;0,7375
2025-10-09 15:57:37.556;p_shape;25285,25;25284,75;0,5;0,0019774765421845183;51,0;80,0;0,6375;23;23,0;59,0;4,0;26,0;0,45098039215686275;0,7375
2025-10-09 15:57:37.888;p_shape;25285,25;25284,75;0,5;0,0019774765421845183;51,0;78,0;0,6538461538461539;23;23,0;57,0;4,0;26,0;0,45098039215686275;0,7307692307692307
2025-10-09 15:57:37.944;p_shape;25285,5;25285,25;0,25;0,0009887187194115145;53,0;78,0;0,6794871794871795;24;23,0;57,0;4,0;26,0;0,4339622641509434;0,7307692307692307
2025-10-09 15:57:37.952;p_shape;25285,75;25285,5;0,25;0,0009887089438611063;53,0;79,0;0,6708860759493671;25;28,0;58,0;5,0;26,0;0,5283018867924528;0,7341772151898734
2025-10-09 15:57:37.964;p_shape;25286,0;25285,75;0,25;0,0009886991685039992;53,0;83,0;0,6385542168674698;26;28,0;59,0;5,0;26,0;0,5283018867924528;0,7108433734939759
2025-10-09 15:57:39.272;p_shape;25288,0;25287,5;0,5;0,001977261492832427;66,0;91,0;0,7252747252747253;35;32,0;80,0;5,0;52,0;0,48484848484848486;0,8791208791208791
2025-10-09 15:57:39.344;p_shape;25287,75;25287,5;0,25;0,0009886307464162135;64,0;96,0;0,6666666666666666;35;30,0;85,0;5,0;53,0;0,46875;0,8854166666666666
2025-10-09 15:57:39.984;p_shape;25287,5;25286,5;1,0;0,003954679374369723;58,0;96,0;0,6041666666666666;27;31,0;83,0;9,0;53,0;0,5344827586206896;0,8645833333333334
2025-10-09 15:57:40.064;p_shape;25287,5;25287,25;0,25;0,00098864052042037;58,0;97,0;0,5979381443298969;26;30,0;84,0;9,0;53,0;0,5172413793103449;0,865979381443299
2025-10-09 15:57:40.276;p_shape;25287,25;25287,0;0,25;0,0009886502946177878;53,0;97,0;0,5463917525773195;22;25,0;84,0;9,0;53,0;0,4716981132075472;0,865979381443299
2025-10-09 15:57:40.660;p_shape;25287,75;25287,0;0,75;0,0029659508838533635;51,0;94,0;0,5425531914893617;21;21,0;85,0;9,0;53,0;0,4117647058823529;0,9042553191489362
2025-10-09 15:57:40.820;p_shape;25287,25;25287,0;0,25;0,0009886502946177878;53,0;95,0;0,5578947368421052;21;21,0;86,0;9,0;53,0;0,39622641509433965;0,9052631578947369
2025-10-09 15:57:41.080;p_shape;25287,5;25287,25;0,25;0,00098864052042037;54,0;90,0;0,6;20;21,0;86,0;9,0;53,0;0,3888888888888889;0,9555555555555556
2025-10-09 15:57:41.116;p_shape;25288,0;25287,5;0,5;0,001977261492832427;54,0;90,0;0,6;20;21,0;87,0;9,0;54,0;0,3888888888888889;0,9666666666666667
2025-10-09 15:57:41.228;p_shape;25288,0;25287,75;0,25;0,0009886209726053129;54,0;98,0;0,5510204081632653;21;23,0;95,0;9,0;55,0;0,42592592592592593;0,9693877551020408
2025-10-09 15:57:41.688;p_shape;25287,75;25287,25;0,5;0,00197728104084074;51,0;111,0;0,4594594594594595;19;24,0;105,0;9,0;55,0;0,47058823529411764;0,9459459459459459
2025-10-09 15:57:43.080;p_shape;25288,0;25287,75;0,25;0,0009886209726053129;53,0;122,0;0,4344262295081967;11;52,0;112,0;19,0;65,0;0,9811320754716981;0,9180327868852459
2025-10-09 15:57:43.152;p_shape;25288,25;25287,75;0,5;0,0019772419452106257;60,0;160,0;0,375;11;54,0;150,0;21,0;101,0;0,9;0,9375
2025-10-09 15:57:43.156;p_shape;25288,5;25288,25;0,25;0,0009886014255632556;60,0;161,0;0,37267080745341613;11;54,0;151,0;21,0;101,0;0,9;0,937888198757764
2025-10-09 15:57:43.160;p_shape;25288,75;25288,5;0,25;0,0009885916523320877;60,0;162,0;0,37037037037037035;12;54,0;144,0;21,0;101,0;0,9;0,8888888888888888
2025-10-09 15:57:43.164;p_shape;25289,0;25288,75;0,25;0,0009885818792941526;60,0;163,0;0,36809815950920244;13;55,0;145,0;21,0;101,0;0,9166666666666666;0,8895705521472392
2025-10-09 15:57:43.224;p_shape;25289,5;25289,0;0,5;0,0019771442128988887;59,0;170,0;0,34705882352941175;15;59,0;138,0;21,0;101,0;1,0;0,8117647058823529
2025-10-09 15:57:43.352;p_shape;25289,25;25288,75;0,5;0,001977163758588305;59,0;177,0;0,3333333333333333;15;59,0;146,0;21,0;101,0;1,0;0,8248587570621468
2025-10-09 15:57:43.468;p_shape;25289,5;25289,25;0,25;0,0009885623337979577;58,0;178,0;0,3258426966292135;15;58,0;147,0;21,0;101,0;1,0;0,8258426966292135
2025-10-09 15:57:44.656;p_shape;25289,0;25288,25;0,75;0,002965804276689767;63,0;126,0;0,5;14;56,0;98,0;16,0;50,0;0,8888888888888888;0,7777777777777778
2025-10-09 15:57:44.692;p_shape;25289,25;25289,0;0,25;0,0009885721064494444;58,0;127,0;0,4566929133858268;14;51,0;100,0;16,0;50,0;0,8793103448275862;0,7874015748031497
2025-10-09 15:57:45.124;p_shape;25289,75;25289,0;0,75;0,002965716319348333;56,0;128,0;0,4375;15;47,0;103,0;16,0;50,0;0,8392857142857143;0,8046875
2025-10-09 15:57:51.260;d_shape;25287,75;25288,25;-0,5;-0,0019772028511265112;71,0;60,0;1,1833333333333333;13;68,0;33,0;32,0;10,0;0,9577464788732394;0,55
2025-10-09 15:57:51.264;d_shape;25287,5;25287,75;-0,25;-0,0009886209726053129;72,0;60,0;1,2;13;69,0;33,0;32,0;10,0;0,9583333333333334;0,55
2025-10-09 15:57:51.492;d_shape;25287,0;25287,5;-0,5;-0,001977261492832427;76,0;59,0;1,2881355932203389;13;73,0;32,0;32,0;10,0;0,9605263157894737;0,5423728813559322
2025-10-09 15:58:33.140;p_shape;25294,0;25293,75;0,25;0,0009883864591055103;84,0;59,0;1,423728813559322;32;35,0;47,0;7,0;27,0;0,4166666666666667;0,7966101694915254
2025-10-09 15:58:33.180;p_shape;25294,25;25294,0;0,25;0,0009883766901241401;84,0;61,0;1,3770491803278688;33;42,0;49,0;7,0;27,0;0,5;0,8032786885245902
2025-10-09 15:58:33.276;p_shape;25294,0;25293,25;0,75;0,0029652179929427814;77,0;86,0;0,8953488372093024;31;41,0;74,0;7,0;38,0;0,5324675324675324;0,8604651162790697
2025-10-09 15:58:33.320;p_shape;25294,25;25294,0;0,25;0,0009883766901241401;77,0;89,0;0,8651685393258427;31;41,0;77,0;7,0;38,0;0,5324675324675324;0,8651685393258427
2025-10-09 15:58:33.424;p_shape;25294,0;25293,75;0,25;0,0009883864591055103;76,0;91,0;0,8351648351648352;31;40,0;79,0;7,0;39,0;0,5263157894736842;0,8681318681318682
2025-10-09 15:58:33.524;p_shape;25294,25;25294,0;0,25;0,0009883766901241401;76,0;95,0;0,8;31;40,0;83,0;7,0;39,0;0,5263157894736842;0,8736842105263158
2025-10-09 15:58:33.688;p_shape;25294,25;25294,0;0,25;0,0009883766901241401;74,0;97,0;0,7628865979381443;31;38,0;85,0;7,0;39,0;0,5135135135135135;0,8762886597938144
2025-10-09 15:58:33.840;p_shape;25293,5;25293,0;0,5;0,001976831534416637;76,0;102,0;0,7450980392156863;32;38,0;88,0;7,0;40,0;0,5;0,8627450980392157
2025-10-09 15:58:33.984;p_shape;25293,25;25293,0;0,25;0,0009884157672083184;79,0;104,0;0,7596153846153846;31;44,0;90,0;7,0;40,0;0,5569620253164557;0,8653846153846154
2025-10-09 15:58:34.300;p_shape;25293,0;25292,5;0,5;0,0019768706138183255;79,0;107,0;0,7383177570093458;31;44,0;98,0;7,0;40,0;0,5569620253164557;0,9158878504672897
2025-10-09 15:58:34.464;p_shape;25292,75;25292,5;0,25;0,0009884353069091628;79,0;110,0;0,7181818181818181;31;44,0;101,0;7,0;40,0;0,5569620253164557;0,9181818181818182
2025-10-09 15:58:34.512;p_shape;25293,0;25292,75;0,25;0,000988425536962173;79,0;107,0;0,7383177570093458;31;44,0;103,0;7,0;40,0;0,5569620253164557;0,9626168224299065
2025-10-09 15:58:34.856;p_shape;25292,5;25292,0;0,5;0,001976909694765143;79,0;116,0;0,6810344827586207;30;44,0;114,0;7,0;40,0;0,5569620253164557;0,9827586206896551
2025-10-09 15:59:01.008;d_shape;25281,5;25281,75;-0,25;-0,0009888555974171093;68,0;91,0;0,7472527472527473;21;53,0;46,0;33,0;8,0;0,7794117647058824;0,5054945054945055
2025-10-09 15:59:01.352;d_shape;25281,0;25281,75;-0,75;-0,0029665667922513274;68,0;97,0;0,7010309278350515;21;53,0;46,0;33,0;8,0;0,7794117647058824;0,4742268041237113
2025-10-09 15:59:01.356;d_shape;25280,5;25281,0;-0,5;-0,001977769866698311;72,0;101,0;0,7128712871287128;23;57,0;47,0;33,0;8,0;0,7916666666666666;0,46534653465346537
2025-10-09 15:59:01.448;d_shape;25280,75;25281,0;-0,25;-0,0009888849333491555;74,0;112,0;0,6607142857142857;23;59,0;47,0;33,0;8,0;0,7972972972972973;0,41964285714285715
2025-10-09 15:59:01.740;d_shape;25281,25;25281,5;-0,25;-0,0009888653758677295;74,0;133,0;0,556390977443609;23;59,0;43,0;33,0;8,0;0,7972972972972973;0,3233082706766917
2025-10-09 15:59:01.904;d_shape;25280,75;25281,25;-0,5;-0,0019777503090234855;74,0;133,0;0,556390977443609;23;59,0;42,0;33,0;8,0;0,7972972972972973;0,3157894736842105
2025-10-09 15:59:01.984;d_shape;25280,25;25280,75;-0,5;-0,001977789424759946;75,0;133,0;0,5639097744360902;24;60,0;42,0;33,0;8,0;0,8;0,3157894736842105
2025-10-09 15:59:02.024;d_shape;25280,25;25280,5;-0,25;-0,000988904491604201;68,0;131,0;0,5190839694656488;23;60,0;39,0;33,0;8,0;0,8823529411764706;0,29770992366412213
2025-10-09 15:59:02.236;d_shape;25279,75;25280,75;-1,0;-0,003955578849519892;63,0;154,0;0,4090909090909091;24;60,0;41,0;33,0;8,0;0,9523809523809523;0,2662337662337662
2025-10-09 15:59:02.248;d_shape;25279,5;25280,0;-0,5;-0,001977848101265823;63,0;163,0;0,38650306748466257;26;60,0;48,0;33,0;8,0;0,9523809523809523;0,294478527607362
2025-10-09 15:59:02.324;d_shape;25279,25;25279,5;-0,25;-0,000988943610435333;63,0;164,0;0,38414634146341464;26;60,0;48,0;33,0;8,0;0,9523809523809523;0,2926829268292683
2025-10-09 15:59:02.928;d_shape;25279,0;25279,25;-0,25;-0,0009889533906266997;69,0;165,0;0,41818181818181815;24;69,0;67,0;33,0;12,0;1,0;0,40606060606060607
2025-10-09 15:59:03.036;d_shape;25279,5;25279,75;-0,25;-0,0009889338304374053;73,0;170,0;0,4294117647058823;24;73,0;67,0;33,0;12,0;1,0;0,3941176470588235
2025-10-09 15:59:03.136;d_shape;25279,5;25280,25;-0,75;-0,0029667428130655355;73,0;175,0;0,41714285714285715;23;73,0;70,0;33,0;12,0;1,0;0,4
2025-10-09 15:59:06.428;d_shape;25278,75;25279,25;-0,5;-0,0019779067812533994;61,0;150,0;0,4066666666666667;15;60,0;72,0;25,0;21,0;0,9836065573770492;0,48
2025-10-09 15:59:06.564;d_shape;25278,75;25279,0;-0,25;-0,0009889631710115116;63,0;141,0;0,44680851063829785;15;62,0;62,0;27,0;21,0;0,9841269841269841;0,4397163120567376
2025-10-09 15:59:49.228;d_shape;25276,0;25276,75;-0,75;-0,002967153609542366;68,0;82,0;0,8292682926829268;17;63,0;47,0;20,0;10,0;0,9264705882352942;0,573170731707317
2025-10-09 15:59:49.976;d_shape;25276,75;25277,5;-0,75;-0,0029670655721491445;67,0;80,0;0,8375;13;65,0;49,0;24,0;12,0;0,9701492537313433;0,6125
2025-10-09 15:59:50.224;d_shape;25276,5;25277,0;-0,5;-0,0019780828421094277;73,0;75,0;0,9733333333333334;13;71,0;44,0;24,0;12,0;0,9726027397260274;0,5866666666666667
2025-10-09 15:59:50.468;d_shape;25276,25;25276,75;-0,5;-0,0019781024063615774;76,0;75,0;1,0133333333333334;13;74,0;44,0;25,0;12,0;0,9736842105263158;0,5866666666666667
2025-10-09 15:59:50.772;d_shape;25276,25;25276,5;-0,25;-0,000989060985500366;76,0;72,0;1,0555555555555556;13;76,0;41,0;25,0;12,0;1,0;0,5694444444444444
2025-10-09 15:59:51.564;p_shape;25278,0;25277,75;0,25;0,000989012075837446;105,0;55,0;1,9090909090909092;11;81,0;45,0;26,0;22,0;0,7714285714285715;0,8181818181818182
2025-10-09 15:59:51.832;p_shape;25278,0;25277,5;0,5;0,001978043714766096;115,0;50,0;2,3;11;81,0;40,0;26,0;22,0;0,7043478260869566;0,8
2025-10-09 15:59:51.864;p_shape;25278,25;25277,75;0,5;0,001978024151674892;117,0;51,0;2,2941176470588234;11;81,0;41,0;26,0;22,0;0,6923076923076923;0,803921568627451
2025-10-09 15:59:52.044;p_shape;25278,5;25278,25;0,25;0,000988992513326674;117,0;52,0;2,25;11;81,0;42,0;26,0;22,0;0,6923076923076923;0,8076923076923077
2025-10-09 16:00:21.388;d_shape;25272,5;25274,0;-1,5;-0,0059349529160402;71,0;57,0;1,2456140350877194;15;64,0;34,0;24,0;10,0;0,9014084507042254;0,5964912280701754
2025-10-09 16:00:21.432;d_shape;25272,25;25272,5;-0,25;-0,0009892175289346128;72,0;57,0;1,263157894736842;14;65,0;33,0;24,0;10,0;0,9027777777777778;0,5789473684210527
2025-10-09 16:00:21.556;d_shape;25272,25;25272,5;-0,25;-0,0009892175289346128;74,0;57,0;1,2982456140350878;14;67,0;33,0;24,0;10,0;0,9054054054054054;0,5789473684210527
2025-10-09 16:00:21.560;d_shape;25271,75;25272,25;-0,5;-0,0019784546290892184;77,0;57,0;1,3508771929824561;15;70,0;34,0;24,0;10,0;0,9090909090909091;0,5964912280701754
2025-10-09 16:01:30.328;p_shape;25273,75;25273,5;0,25;0,0009891783884305697;34,0;41,0;0,8292682926829268;13;27,0;33,0;7,0;21,0;0,7941176470588235;0,8048780487804879
2025-10-09 16:01:30.560;p_shape;25274,0;25273,75;0,25;0,0009891686037885156;34,0;39,0;0,8717948717948718;13;27,0;34,0;7,0;21,0;0,7941176470588235;0,8717948717948718
2025-10-09 16:01:30.696;p_shape;25274,25;25273,75;0,5;0,0019783372075770312;34,0;40,0;0,85;13;27,0;36,0;7,0;22,0;0,7941176470588235;0,9
2025-10-09 16:01:57.328;d_shape;25269,25;25269,5;-0,25;-0,0009893349690338156;129,0;87,0;1,4827586206896552;22;104,0;46,0;37,0;9,0;0,8062015503875969;0,5287356321839081
2025-10-09 16:01:57.336;d_shape;25269,0;25269,25;-0,25;-0,0009893447569674606;129,0;88,0;1,4659090909090908;22;104,0;46,0;37,0;9,0;0,8062015503875969;0,5227272727272727
2025-10-09 16:01:57.384;d_shape;25268,5;25269,0;-0,5;-0,0019787090901895606;128,0;91,0;1,4065934065934067;22;103,0;46,0;37,0;9,0;0,8046875;0,5054945054945055
2025-10-09 16:01:57.396;d_shape;25268,25;25268,5;-0,25;-0,0009893741219304667;127,0;93,0;1,3655913978494623;21;106,0;46,0;37,0;9,0;0,8346456692913385;0,4946236559139785
2025-10-09 16:01:57.404;d_shape;25268,0;25268,25;-0,25;-0,000989383910638845;128,0;93,0;1,3763440860215055;22;103,0;46,0;37,0;9,0;0,8046875;0,4946236559139785
2025-10-09 16:01:57.488;d_shape;25267,75;25268,0;-0,25;-0,0009893936995409214;128,0;94,0;1,3617021276595744;23;103,0;59,0;37,0;13,0;0,8046875;0,6276595744680851
2025-10-09 16:01:57.804;d_shape;25268,0;25268,25;-0,25;-0,000989383910638845;127,0;98,0;1,2959183673469388;23;102,0;59,0;37,0;13,0;0,8031496062992126;0,6020408163265306
2025-10-09 16:01:58.224;d_shape;25268,0;25268,5;-0,5;-0,0019787482438609334;129,0;100,0;1,29;22;104,0;46,0;37,0;9,0;0,8062015503875969;0,46
2025-10-09 16:01:58.340;d_shape;25267,75;25268,0;-0,25;-0,0009893936995409214;132,0;100,0;1,32;22;107,0;46,0;37,0;9,0;0,8106060606060606;0,46
2025-10-09 16:01:58.988;d_shape;25268,25;25268,75;-0,5;-0,001978728666831561;124,0;99,0;1,2525252525252526;23;99,0;59,0;37,0;13,0;0,7983870967741935;0,5959595959595959
2025-10-09 16:02:16.508;d_shape;25264,5;25264,75;-0,25;-0,0009895209728970206;68,0;121,0;0,5619834710743802;17;64,0;37,0;21,0;8,0;0,9411764705882353;0,30578512396694213
2025-10-09 16:02:16.964;d_shape;25263,25;25264,75;-1,5;-0,005937125837382123;81,0;127,0;0,6377952755905512;17;79,0;46,0;24,0;13,0;0,9753086419753086;0,36220472440944884
2025-10-09 16:02:17.036;d_shape;25264,25;25264,75;-0,5;-0,001979041945794041;83,0;129,0;0,6434108527131783;17;81,0;46,0;24,0;13,0;0,9759036144578314;0,35658914728682173
2025-10-09 16:02:17.100;d_shape;25263,5;25264,25;-0,75;-0,0029686216689591024;88,0;128,0;0,6875;17;86,0;45,0;24,0;13,0;0,9772727272727273;0,3515625
2025-10-09 16:02:17.104;d_shape;25263,25;25263,5;-0,25;-0,0009895699329071585;89,0;128,0;0,6953125;17;87,0;45,0;24,0;13,0;0,9775280898876404;0,3515625
2025-10-09 16:02:18.548;d_shape;25264,25;25264,5;-0,25;-0,0009895307645114686;95,0;135,0;0,7037037037037037;17;93,0;52,0;24,0;15,0;0,9789473684210527;0,3851851851851852
2025-10-09 16:02:18.552;d_shape;25263,75;25264,25;-0,5;-0,0019790811126394014;95,0;137,0;0,6934306569343066;17;93,0;52,0;24,0;15,0;0,9789473684210527;0,3795620437956204
2025-10-09 16:02:18.672;d_shape;25263,5;25263,75;-0,25;-0,0009895601405175399;87,0;141,0;0,6170212765957447;17;85,0;52,0;24,0;15,0;0,9770114942528736;0,36879432624113473
2025-10-09 16:02:18.740;d_shape;25261,75;25263,5;-1,75;-0,00692698953035011;97,0;149,0;0,6510067114093959;23;89,0;121,0;24,0;26,0;0,9175257731958762;0,8120805369127517
2025-10-09 16:02:18.744;d_shape;25261,25;25261,75;-0,5;-0,001979276970122814;102,0;149,0;0,6845637583892618;25;89,0;135,0;24,0;26,0;0,8725490196078431;0,9060402684563759
2025-10-09 16:02:19.060;d_shape;25262,75;25263,0;-0,25;-0,0009895895182678225;112,0;154,0;0,7272727272727273;25;102,0;134,0;24,0;26,0;0,9107142857142857;0,8701298701298701
2025-10-09 16:02:43.740;p_shape;25270,75;25270,0;0,75;0,0029679461812425804;69,0;102,0;0,6764705882352942;23;51,0;97,0;11,0;21,0;0,7391304347826086;0,9509803921568627
2025-10-09 16:03:58.644;d_shape;25276,5;25277,5;-1,0;-0,003956087429532192;57,0;54,0;1,0555555555555556;13;46,0;43,0;23,0;15,0;0,8070175438596491;0,7962962962962963
2025-10-09 16:03:58.960;d_shape;25276,25;25276,75;-0,5;-0,0019781024063615774;47,0;55,0;0,8545454545454545;14;41,0;40,0;23,0;12,0;0,8723404255319149;0,7272727272727273
2025-10-09 16:03:58.964;d_shape;25276,0;25276,25;-0,25;-0,0009890707680134513;48,0;55,0;0,8727272727272727;15;42,0;45,0;23,0;12,0;0,875;0,8181818181818182
2025-10-09 16:03:59.160;d_shape;25276,25;25276,5;-0,25;-0,000989060985500366;48,0;58,0;0,8275862068965517;15;43,0;45,0;23,0;12,0;0,8958333333333334;0,7758620689655172
2025-10-09 16:03:59.304;d_shape;25276,75;25277,0;-0,25;-0,0009890414210547138;46,0;63,0;0,7301587301587301;15;43,0;45,0;23,0;12,0;0,9347826086956522;0,7142857142857143
2025-10-09 16:03:59.472;d_shape;25276,25;25276,75;-0,5;-0,0019781024063615774;49,0;61,0;0,8032786885245902;15;47,0;43,0;23,0;10,0;0,9591836734693877;0,7049180327868853
2025-10-09 16:04:20.076;p_shape;25280,0;25278,75;1,25;0,0049448647579488705;19,0;80,0;0,2375;15;18,0;64,0;6,0;20,0;0,9473684210526315;0,8
2025-10-09 16:04:20.200;p_shape;25280,5;25280,0;0,5;0,001977848101265823;19,0;80,0;0,2375;15;18,0;64,0;6,0;20,0;0,9473684210526315;0,8
2025-10-09 16:04:20.308;p_shape;25280,25;25280,0;0,25;0,0009889240506329115;21,0;82,0;0,25609756097560976;15;17,0;66,0;6,0;20,0;0,8095238095238095;0,8048780487804879
2025-10-09 16:04:20.520;p_shape;25280,5;25280,0;0,5;0,001977848101265823;19,0;86,0;0,22093023255813954;15;14,0;70,0;6,0;20,0;0,7368421052631579;0,813953488372093
2025-10-09 16:04:20.760;p_shape;25280,0;25279,5;0,5;0,001977887220870666;25,0;85,0;0,29411764705882354;13;9,0;68,0;3,0;20,0;0,36;0,8
2025-10-09 16:04:20.780;p_shape;25280,25;25280,0;0,25;0,0009889240506329115;25,0;86,0;0,29069767441860467;13;9,0;70,0;3,0;20,0;0,36;0,813953488372093
2025-10-09 16:04:21.080;p_shape;25280,5;25280,25;0,25;0,000988914271021845;26,0;86,0;0,3023255813953488;13;9,0;72,0;3,0;20,0;0,34615384615384615;0,8372093023255814
2025-10-09 16:04:21.244;p_shape;25280,75;25280,5;0,25;0,000988904491604201;29,0;91,0;0,31868131868131866;16;9,0;65,0;3,0;20,0;0,3103448275862069;0,7142857142857143
2025-10-09 16:04:21.400;p_shape;25280,75;25280,25;0,5;0,00197782854204369;32,0;91,0;0,3516483516483517;16;9,0;65,0;3,0;20,0;0,28125;0,7142857142857143
2025-10-09 16:04:21.564;p_shape;25281,0;25280,75;0,25;0,000988894712379973;32,0;78,0;0,41025641025641024;16;9,0;56,0;3,0;20,0;0,28125;0,717948717948718
2025-10-09 16:04:21.644;p_shape;25281,5;25281,0;0,5;0,001977769866698311;32,0;84,0;0,38095238095238093;17;11,0;64,0;3,0;20,0;0,34375;0,7619047619047619
2025-10-09 16:04:34.092;d_shape;25282,25;25282,5;-0,25;-0,0009888262632255513;60,0;81,0;0,7407407407407407;10;56,0;45,0;24,0;15,0;0,9333333333333333;0,5555555555555556
2025-10-09 16:04:34.192;d_shape;25282,0;25282,25;-0,25;-0,000988836041096026;60,0;84,0;0,7142857142857143;10;56,0;45,0;24,0;15,0;0,9333333333333333;0,5357142857142857
2025-10-09 16:06:20.496;p_shape;25285,25;25285,0;0,25;0,0009887284951552303;45,0;95,0;0,47368421052631576;13;25,0;71,0;8,0;45,0;0,5555555555555556;0,7473684210526316
2025-10-09 16:06:20.720;p_shape;25285,5;25285,25;0,25;0,0009887187194115145;45,0;95,0;0,47368421052631576;13;28,0;71,0;8,0;45,0;0,6222222222222222;0,7473684210526316
2025-10-09 16:06:21.360;p_shape;25285,75;25285,5;0,25;0,0009887089438611063;46,0;114,0;0,40350877192982454;14;30,0;80,0;8,0;49,0;0,6521739130434783;0,7017543859649122
2025-10-09 16:06:21.464;p_shape;25285,75;25285,5;0,25;0,0009887089438611063;46,0;116,0;0,39655172413793105;14;30,0;82,0;8,0;49,0;0,6521739130434783;0,7068965517241379
2025-10-09 16:06:21.544;p_shape;25286,25;25285,75;0,5;0,0019773983370079983;46,0;124,0;0,3709677419354839;15;36,0;90,0;8,0;49,0;0,782608695652174;0,7258064516129032
2025-10-09 16:06:21.804;p_shape;25285,5;25285,25;0,25;0,0009887187194115145;46,0;121,0;0,38016528925619836;15;36,0;94,0;8,0;49,0;0,782608695652174;0,7768595041322314
2025-10-09 16:06:23.100;p_shape;25286,0;25285,25;0,75;0,0029661561582345437;38,0;124,0;0,3064516129032258;12;35,0;100,0;12,0;50,0;0,9210526315789473;0,8064516129032258
2025-10-09 16:06:23.536;p_shape;25285,75;25285,25;0,5;0,001977437438823029;33,0;129,0;0,2558139534883721;12;28,0;105,0;12,0;50,0;0,8484848484848485;0,813953488372093
2025-10-09 16:07:28.844;p_shape;25287,75;25287,25;0,5;0,00197728104084074;102,0;60,0;1,7;20;44,0;50,0;24,0;20,0;0,43137254901960786;0,8333333333333334
2025-10-09 16:07:28.952;p_shape;25287,75;25287,5;0,25;0,0009886307464162135;101,0;65,0;1,5538461538461539;20;43,0;56,0;24,0;23,0;0,42574257425742573;0,8615384615384616
2025-10-09 16:07:28.964;p_shape;25288,0;25287,75;0,25;0,0009886209726053129;100,0;66,0;1,5151515151515151;20;42,0;57,0;24,0;23,0;0,42;0,8636363636363636
2025-10-09 16:07:29.060;p_shape;25287,75;25287,5;0,25;0,0009886307464162135;103,0;71,0;1,4507042253521127;20;42,0;62,0;24,0;25,0;0,4077669902912621;0,8732394366197183
2025-10-09 16:07:29.112;p_shape;25287,75;25287,5;0,25;0,0009886307464162135;107,0;71,0;1,5070422535211268;20;42,0;62,0;24,0;25,0;0,3925233644859813;0,8732394366197183
2025-10-09 16:07:29.252;p_shape;25287,75;25287,5;0,25;0,0009886307464162135;110,0;69,0;1,5942028985507246;20;42,0;62,0;24,0;25,0;0,38181818181818183;0,8985507246376812
2025-10-09 16:07:29.856;p_shape;25287,25;25286,5;0,75;0,0029660095307772923;119,0;62,0;1,9193548387096775;18;51,0;62,0;24,0;25,0;0,42857142857142855;1,0
2025-10-09 16:07:29.860;p_shape;25287,5;25287,25;0,25;0,00098864052042037;124,0;62,0;2,0;18;51,0;62,0;24,0;25,0;0,4112903225806452;1,0
2025-10-09 16:07:29.868;p_shape;25288,0;25287,25;0,75;0,00296592156126111;130,0;62,0;2,096774193548387;18;51,0;62,0;24,0;25,0;0,3923076923076923;1,0
2025-10-09 16:07:29.880;p_shape;25288,0;25287,5;0,5;0,001977261492832427;143,0;62,0;2,306451612903226;18;51,0;62,0;24,0;25,0;0,35664335664335667;1,0
2025-10-09 16:07:29.884;p_shape;25288,25;25288,0;0,25;0,0009886111989876622;148,0;62,0;2,3870967741935485;19;60,0;62,0;24,0;25,0;0,40540540540540543;1,0
2025-10-09 16:07:29.888;p_shape;25288,5;25288,25;0,25;0,0009886014255632556;153,0;62,0;2,467741935483871;20;60,0;62,0;24,0;25,0;0,39215686274509803;1,0
2025-10-09 16:07:29.988;p_shape;25288,75;25288,25;0,5;0,0019772028511265112;159,0;63,0;2,5238095238095237;21;65,0;63,0;24,0;25,0;0,4088050314465409;1,0
2025-10-09 16:07:30.512;p_shape;25288,25;25287,75;0,5;0,0019772419452106257;159,0;74,0;2,1486486486486487;20;64,0;74,0;24,0;25,0;0,4025157232704403;1,0
2025-10-09 16:07:30.676;p_shape;25287,5;25287,25;0,25;0,00098864052042037;158,0;88,0;1,7954545454545454;20;63,0;88,0;24,0;31,0;0,3987341772151899;1,0
2025-10-09 16:07:30.812;p_shape;25287,75;25287,5;0,25;0,0009886307464162135;156,0;90,0;1,7333333333333334;19;71,0;90,0;24,0;32,0;0,4551282051282051;1,0
2025-10-09 16:08:15.268;d_shape;25275,0;25276,0;-1,0;-0,003956322202880203;62,0;37,0;1,6756756756756757;11;44,0;27,0;20,0;10,0;0,7096774193548387;0,7297297297297297
2025-10-09 16:08:15.564;d_shape;25274,25;25275,75;-1,5;-0,005934542001721017;81,0;28,0;2,892857142857143;14;61,0;28,0;21,0;10,0;0,7530864197530864;1,0
2025-10-09 16:08:15.704;d_shape;25274,75;25275,5;-0,75;-0,0029673003501414414;93,0;28,0;3,3214285714285716;14;73,0;28,0;26,0;10,0;0,7849462365591398;1,0
2025-10-09 16:08:16.892;d_shape;25275,0;25275,25;-0,25;-0,000989109900000989;85,0;54,0;1,5740740740740742;14;73,0;35,0;26,0;12,0;0,8588235294117647;0,6481481481481481
2025-10-09 16:08:16.896;d_shape;25274,75;25275,0;-0,25;-0,0009891196834817012;85,0;55,0;1,5454545454545454;14;73,0;35,0;26,0;12,0;0,8588235294117647;0,6363636363636364
2025-10-09 16:08:17.068;d_shape;25274,5;25275,0;-0,5;-0,0019782393669634025;81,0;63,0;1,2857142857142858;14;74,0;35,0;26,0;12,0;0,9135802469135802;0,5555555555555556
2025-10-09 16:08:17.524;d_shape;25274,25;25275,0;-0,75;-0,002967359050445104;80,0;63,0;1,2698412698412698;14;75,0;34,0;26,0;12,0;0,9375;0,5396825396825397
2025-10-09 16:08:18.100;d_shape;25274,25;25274,5;-0,25;-0,0009891392510237593;77,0;63,0;1,2222222222222223;12;66,0;42,0;26,0;12,0;0,8571428571428571;0,6666666666666666
2025-10-09 16:08:21.764;p_shape;25275,0;25274,0;1,0;0,003956635277360132;53,0;84,0;0,6309523809523809;15;50,0;61,0;21,0;21,0;0,9433962264150944;0,7261904761904762
2025-10-09 16:08:22.372;p_shape;25274,5;25274,0;0,5;0,001978317638680066;55,0;75,0;0,7333333333333333;12;20,0;58,0;8,0;24,0;0,36363636363636365;0,7733333333333333
2025-10-09 16:08:22.440;p_shape;25274,75;25274,5;0,25;0,0009891392510237593;55,0;79,0;0,6962025316455697;12;20,0;62,0;8,0;24,0;0,36363636363636365;0,7848101265822784
2025-10-09 16:08:27.720;d_shape;25267,75;25268,0;-0,25;-0,0009893936995409214;58,0;117,0;0,49572649572649574;27;41,0;56,0;24,0;9,0;0,7068965517241379;0,47863247863247865
2025-10-09 16:08:28.436;d_shape;25268,25;25268,75;-0,5;-0,001978728666831561;64,0;115,0;0,5565217391304348;27;54,0;49,0;25,0;9,0;0,84375;0,4260869565217391
2025-10-09 16:08:28.564;d_shape;25268,25;25269,0;-0,75;-0,0029680636352843407;74,0;119,0;0,6218487394957983;27;64,0;49,0;25,0;9,0;0,8648648648648649;0,4117647058823529
2025-10-09 16:08:28.968;d_shape;25268,75;25269,25;-0,5;-0,001978689513934921;75,0;125,0;0,6;26;66,0;48,0;25,0;9,0;0,88;0,384
2025-10-09 16:08:29.076;d_shape;25268,5;25268,75;-0,25;-0,0009893643334157804;75,0;127,0;0,5905511811023622;26;66,0;48,0;25,0;9,0;0,88;0,3779527559055118
2025-10-09 16:08:29.112;d_shape;25267,25;25268,5;-1,25;-0,004946870609652334;81,0;127,0;0,6377952755905512;28;72,0;53,0;25,0;9,0;0,8888888888888888;0,41732283464566927
2025-10-09 16:08:29.180;d_shape;25267,75;25268,0;-0,25;-0,0009893936995409214;81,0;138,0;0,5869565217391305;28;72,0;53,0;25,0;9,0;0,8888888888888888;0,38405797101449274
2025-10-09 16:08:29.336;d_shape;25267,5;25267,75;-0,25;-0,000989403488636701;83,0;138,0;0,6014492753623188;28;74,0;51,0;25,0;9,0;0,891566265060241;0,3695652173913043
2025-10-09 16:08:29.444;d_shape;25268,25;25268,5;-0,25;-0,0009893741219304667;83,0;145,0;0,5724137931034483;28;74,0;51,0;25,0;9,0;0,891566265060241;0,35172413793103446
2025-10-09 16:08:29.468;d_shape;25268,5;25268,75;-0,25;-0,0009893643334157804;80,0;149,0;0,5369127516778524;28;74,0;51,0;25,0;9,0;0,925;0,3422818791946309
2025-10-09 16:08:29.580;d_shape;25268,5;25268,75;-0,25;-0,0009893643334157804;80,0;149,0;0,5369127516778524;26;74,0;52,0;25,0;9,0;0,925;0,348993288590604
2025-10-09 16:08:29.844;d_shape;25268,25;25268,5;-0,25;-0,0009893741219304667;79,0;153,0;0,5163398692810458;26;74,0;52,0;25,0;9,0;0,9367088607594937;0,33986928104575165
2025-10-09 16:08:29.852;d_shape;25268,0;25268,25;-0,25;-0,000989383910638845;79,0;155,0;0,5096774193548387;26;74,0;52,0;25,0;9,0;0,9367088607594937;0,33548387096774196
2025-10-09 16:08:29.856;d_shape;25267,75;25268,0;-0,25;-0,0009893936995409214;79,0;164,0;0,4817073170731707;26;74,0;52,0;25,0;9,0;0,9367088607594937;0,3170731707317073
2025-10-09 16:08:29.860;d_shape;25267,5;25267,75;-0,25;-0,000989403488636701;82,0;164,0;0,5;26;77,0;52,0;25,0;9,0;0,9390243902439024;0,3170731707317073
2025-10-09 16:08:29.872;d_shape;25267,75;25268,25;-0,5;-0,00197876782127769;82,0;176,0;0,4659090909090909;26;77,0;52,0;25,0;9,0;0,9390243902439024;0,29545454545454547
2025-10-09 16:08:29.888;d_shape;25268,0;25268,5;-0,5;-0,0019787482438609334;82,0;193,0;0,42487046632124353;26;77,0;52,0;25,0;9,0;0,9390243902439024;0,2694300518134715
2025-10-09 16:08:29.992;d_shape;25267,5;25268,0;-0,5;-0,0019787873990818427;84,0;195,0;0,4307692307692308;26;79,0;52,0;25,0;9,0;0,9404761904761905;0,26666666666666666
2025-10-09 16:08:30.092;d_shape;25268,25;25268,5;-0,25;-0,0009893741219304667;84,0;199,0;0,4221105527638191;26;79,0;50,0;25,0;9,0;0,9404761904761905;0,25125628140703515
2025-10-09 16:08:30.128;d_shape;25268,0;25268,25;-0,25;-0,000989383910638845;84,0;200,0;0,42;26;79,0;50,0;25,0;9,0;0,9404761904761905;0,25
2025-10-09 16:08:30.232;d_shape;25267,75;25268,0;-0,25;-0,0009893936995409214;85,0;197,0;0,43147208121827413;26;80,0;47,0;26,0;9,0;0,9411764705882353;0,23857868020304568
2025-10-09 16:08:30.284;d_shape;25267,5;25267,75;-0,25;-0,000989403488636701;86,0;197,0;0,4365482233502538;26;81,0;47,0;26,0;9,0;0,9418604651162791;0,23857868020304568
2025-10-09 16:08:30.992;d_shape;25267,75;25268,0;-0,25;-0,0009893936995409214;85,0;198,0;0,4292929292929293;25;85,0;54,0;30,0;9,0;1,0;0,2727272727272727
2025-10-09 16:08:31.108;d_shape;25267,5;25267,75;-0,25;-0,000989403488636701;88,0;198,0;0,4444444444444444;25;88,0;54,0;32,0;9,0;1,0;0,2727272727272727
2025-10-09 16:08:31.128;d_shape;25267,75;25268,25;-0,5;-0,00197876782127769;89,0;199,0;0,4472361809045226;25;89,0;54,0;33,0;9,0;1,0;0,271356783919598
2025-10-09 16:08:31.148;d_shape;25267,5;25267,75;-0,25;-0,000989403488636701;91,0;199,0;0,457286432160804;25;91,0;54,0;34,0;9,0;1,0;0,271356783919598
2025-10-09 16:08:31.300;d_shape;25267,5;25268,0;-0,5;-0,0019787873990818427;97,0;201,0;0,48258706467661694;25;97,0;52,0;37,0;9,0;1,0;0,25870646766169153
2025-10-09 16:08:31.324;d_shape;25267,25;25267,5;-0,25;-0,0009894132779261896;98,0;201,0;0,48756218905472637;25;98,0;52,0;37,0;9,0;1,0;0,25870646766169153
2025-10-09 16:08:31.452;d_shape;25267,75;25268,0;-0,25;-0,0009893936995409214;99,0;202,0;0,4900990099009901;25;99,0;51,0;38,0;9,0;1,0;0,2524752475247525
2025-10-09 16:08:31.564;d_shape;25267,25;25267,75;-0,5;-0,001978806977273402;100,0;202,0;0,49504950495049505;25;100,0;51,0;38,0;9,0;1,0;0,2524752475247525
2025-10-09 16:09:03.532;p_shape;25272,0;25271,25;0,75;0,0029677993767621307;73,0;113,0;0,6460176991150443;17;51,0;92,0;10,0;37,0;0,6986301369863014;0,8141592920353983
2025-10-09 16:09:03.536;p_shape;25272,5;25272,0;0,5;0,001978474200696423;73,0;125,0;0,584;19;51,0;96,0;10,0;38,0;0,6986301369863014;0,768
2025-10-09 16:09:03.588;p_shape;25272,5;25272,25;0,25;0,0009892273145446092;73,0;129,0;0,5658914728682171;19;51,0;100,0;10,0;38,0;0,6986301369863014;0,7751937984496124
2025-10-09 16:09:03.880;p_shape;25272,5;25272,25;0,25;0,0009892273145446092;73,0;140,0;0,5214285714285715;21;54,0;99,0;10,0;38,0;0,7397260273972602;0,7071428571428572
2025-10-09 16:09:03.904;p_shape;25273,0;25272,5;0,5;0,0019784350578692256;73,0;144,0;0,5069444444444444;23;63,0;103,0;10,0;38,0;0,863013698630137;0,7152777777777778
2025-10-09 16:09:15.072;d_shape;25265,5;25265,75;-0,25;-0,000989481808376953;76,0;191,0;0,39790575916230364;19;56,0;94,0;20,0;31,0;0,7368421052631579;0,49214659685863876
2025-10-09 16:09:16.724;d_shape;25265,25;25265,5;-0,25;-0,0009894915992163227;71,0;190,0;0,3736842105263158;16;57,0;85,0;20,0;31,0;0,8028169014084507;0,4473684210526316
2025-10-09 16:09:16.984;d_shape;25265,0;25265,75;-0,75;-0,002968445425130859;69,0;195,0;0,35384615384615387;16;57,0;85,0;20,0;31,0;0,8260869565217391;0,4358974358974359
2025-10-09 16:09:17.072;d_shape;25264,5;25265,0;-0,5;-0,0019790223629527013;67,0;192,0;0,3489583333333333;16;59,0;82,0;20,0;31,0;0,8805970149253731;0,4270833333333333
2025-10-09 16:09:17.540;d_shape;25265,25;25265,5;-0,25;-0,0009894915992163227;73,0;192,0;0,3802083333333333;16;67,0;82,0;22,0;31,0;0,9178082191780822;0,4270833333333333
2025-10-09 16:09:17.600;d_shape;25265,0;25265,25;-0,25;-0,0009895013902494532;74,0;192,0;0,3854166666666667;16;68,0;82,0;22,0;31,0;0,918918918918919;0,4270833333333333
2025-10-09 16:09:17.652;d_shape;25264,75;25265,0;-0,25;-0,0009895111814763506;75,0;188,0;0,39893617021276595;16;69,0;78,0;22,0;31,0;0,92;0,4148936170212766
2025-10-09 16:09:18.220;p_shape;25266,25;25266,0;0,25;0,0009894720177313387;91,0;101,0;0,900990099009901;10;68,0;82,0;24,0;55,0;0,7472527472527473;0,8118811881188119
2025-10-09 16:09:18.256;p_shape;25266,75;25266,25;0,5;0,0019789244545589473;93,0;100,0;0,93;10;68,0;82,0;24,0;55,0;0,7311827956989247;0,82
2025-10-09 16:09:18.300;p_shape;25267,25;25266,75;0,5;0,0019788852939139384;93,0;101,0;0,9207920792079208;11;78,0;83,0;24,0;55,0;0,8387096774193549;0,8217821782178217
2025-10-09 16:09:18.316;p_shape;25267,75;25267,25;0,5;0,001978846134818787;93,0;101,0;0,9207920792079208;13;89,0;82,0;24,0;55,0;0,956989247311828;0,8118811881188119
2025-10-09 16:09:49.936;p_shape;25269,25;25269,0;0,25;0,0009893545450947803;34,0;66,0;0,5151515151515151;13;18,0;53,0;5,0;31,0;0,5294117647058824;0,803030303030303
2025-10-09 16:09:49.940;p_shape;25269,5;25269,25;0,25;0,0009893447569674606;34,0;71,0;0,4788732394366197;14;18,0;57,0;5,0;34,0;0,5294117647058824;0,8028169014084507
2025-10-09 16:09:50.292;p_shape;25268,75;25268,5;0,25;0,0009893741219304667;33,0;74,0;0,44594594594594594;14;15,0;55,0;5,0;36,0;0,45454545454545453;0,7432432432432432
2025-10-09 16:09:50.588;p_shape;25269,0;25268,75;0,25;0,0009893643334157804;30,0;67,0;0,44776119402985076;14;12,0;59,0;5,0;38,0;0,4;0,8805970149253731
2025-10-09 16:09:50.932;p_shape;25269,25;25269,0;0,25;0,0009893545450947803;30,0;68,0;0,4411764705882353;14;12,0;60,0;5,0;38,0;0,4;0,8823529411764706
2025-10-09 16:09:51.088;p_shape;25270,0;25269,0;1,0;0,003957418180379121;31,0;75,0;0,41333333333333333;16;16,0;57,0;5,0;39,0;0,5161290322580645;0,76
2025-10-09 16:09:51.092;p_shape;25270,5;25270,0;0,5;0,0019786307874950534;31,0;85,0;0,36470588235294116;18;20,0;66,0;5,0;39,0;0,6451612903225806;0,7764705882352941
2025-10-09 16:09:52.944;p_shape;25269,75;25269,5;0,25;0,0009893349690338156;37,0;91,0;0,4065934065934066;13;25,0;78,0;10,0;39,0;0,6756756756756757;0,8571428571428571
2025-10-09 16:09:56.616;p_shape;25271,75;25271,5;0,25;0,0009892566725362563;45,0;48,0;0,9375;13;25,0;44,0;8,0;21,0;0,5555555555555556;0,9166666666666666
2025-10-09 16:09:56.744;p_shape;25271,75;25271,5;0,25;0,0009892566725362563;45,0;50,0;0,9;13;25,0;46,0;8,0;22,0;0,5555555555555556;0,92
2025-10-09 16:09:57.120;p_shape;25271,75;25271,25;0,5;0,0019785329178414208;45,0;54,0;0,8333333333333334;13;24,0;51,0;8,0;23,0;0,5333333333333333;0,9444444444444444
2025-10-09 16:09:57.964;p_shape;25271,75;25271,5;0,25;0,0009892566725362563;33,0;53,0;0,6226415094339622;11;14,0;51,0;6,0;23,0;0,42424242424242425;0,9622641509433962
2025-10-09 16:09:58.024;p_shape;25272,5;25271,75;0,75;0,002967740659036276;32,0;56,0;0,5714285714285714;11;18,0;54,0;6,0;23,0;0,5625;0,9642857142857143
2025-10-09 16:09:58.052;p_shape;25272,75;25272,5;0,25;0,0009892175289346128;32,0;64,0;0,5;12;18,0;56,0;6,0;23,0;0,5625;0,875
2025-10-09 16:09:58.060;p_shape;25273,25;25272,75;0,5;0,0019784154870364323;32,0;83,0;0,3855421686746988;15;32,0;67,0;10,0;23,0;1,0;0,8072289156626506
2025-10-09 16:09:58.120;p_shape;25273,5;25273,25;0,25;0,0009891881732662004;32,0;87,0;0,367816091954023;15;32,0;71,0;10,0;23,0;1,0;0,8160919540229885
2025-10-09 16:10:04.024;p_shape;25276,5;25276,0;0,5;0,0019781611014401015;104,0;66,0;1,5757575757575757;22;40,0;55,0;10,0;20,0;0,38461538461538464;0,8333333333333334
2025-10-09 16:10:04.252;p_shape;25276,5;25276,0;0,5;0,0019781611014401015;103,0;60,0;1,7166666666666666;22;39,0;57,0;9,0;21,0;0,3786407766990291;0,95
2025-10-09 16:10:04.480;p_shape;25276,75;25276,5;0,25;0,000989060985500366;102,0;66,0;1,5454545454545454;23;44,0;63,0;9,0;21,0;0,43137254901960786;0,9545454545454546
2025-10-09 16:10:04.956;p_shape;25275,75;25275,5;0,25;0,0009891001167138137;88,0;70,0;1,2571428571428571;19;50,0;70,0;13,0;22,0;0,5681818181818182;1,0
2025-10-09 16:12:16.856;d_shape;25269,5;25269,75;-0,25;-0,0009893251812938396;172,0;89,0;1,9325842696629214;11;172,0;72,0;111,0;24,0;1,0;0,8089887640449438
2025-10-09 16:12:18.076;d_shape;25269,5;25269,75;-0,25;-0,0009893251812938396;180,0;86,0;2,0930232558139537;11;180,0;69,0;118,0;26,0;1,0;0,8023255813953488
2025-10-09 16:12:23.800;p_shape;25274,0;25273,5;0,5;0,0019783567768611393;55,0;90,0;0,6111111111111112;20;36,0;88,0;6,0;27,0;0,6545454545454545;0,9777777777777777
2025-10-09 16:12:24.644;p_shape;25274,5;25274,0;0,5;0,001978317638680066;19,0;96,0;0,19791666666666666;11;19,0;75,0;10,0;27,0;1,0;0,78125
2025-10-09 16:15:29.320;d_shape;25268,25;25268,5;-0,25;-0,0009893741219304667;68,0;44,0;1,5454545454545454;11;63,0;36,0;25,0;8,0;0,9264705882352942;0,8181818181818182
2025-10-09 16:15:29.588;d_shape;25268,5;25268,75;-0,25;-0,0009893643334157804;68,0;52,0;1,3076923076923077;11;63,0;36,0;25,0;8,0;0,9264705882352942;0,6923076923076923
2025-10-09 16:15:29.708;d_shape;25268,25;25268,5;-0,25;-0,0009893741219304667;74,0;56,0;1,3214285714285714;11;69,0;36,0;25,0;8,0;0,9324324324324325;0,6428571428571429
2025-10-09 16:15:30.040;d_shape;25268,0;25268,5;-0,5;-0,0019787482438609334;76,0;56,0;1,3571428571428572;11;72,0;33,0;25,0;8,0;0,9473684210526315;0,5892857142857143
2025-10-09 16:15:30.248;d_shape;25268,5;25268,75;-0,25;-0,0009893643334157804;76,0;55,0;1,3818181818181818;11;72,0;29,0;25,0;8,0;0,9473684210526315;0,5272727272727272
2025-10-09 16:15:30.432;d_shape;25267,75;25268,5;-0,75;-0,0029681223657914003;76,0;56,0;1,3571428571428572;12;72,0;28,0;25,0;8,0;0,9473684210526315;0,5
2025-10-09 16:15:30.480;d_shape;25268,25;25268,5;-0,25;-0,0009893741219304667;76,0;69,0;1,1014492753623188;12;72,0;28,0;25,0;8,0;0,9473684210526315;0,4057971014492754
2025-10-09 16:15:30.892;d_shape;25268,25;25268,5;-0,25;-0,0009893741219304667;73,0;71,0;1,028169014084507;12;72,0;27,0;25,0;8,0;0,9863013698630136;0,38028169014084506
2025-10-09 16:15:30.924;d_shape;25267,5;25268,25;-0,75;-0,0029681517319165357;75,0;71,0;1,056338028169014;13;74,0;29,0;25,0;8,0;0,9866666666666667;0,4084507042253521
2025-10-09 16:15:31.004;d_shape;25267,25;25267,5;-0,25;-0,0009894132779261896;81,0;71,0;1,1408450704225352;14;70,0;29,0;25,0;8,0;0,8641975308641975;0,4084507042253521
2025-10-09 16:15:43.176;d_shape;25265,25;25266,5;-1,25;-0,0049472621851067615;104,0;188,0;0,5531914893617021;24;96,0;143,0;41,0;49,0;0,9230769230769231;0,7606382978723404
2025-10-09 16:15:43.232;d_shape;25266,5;25266,75;-0,25;-0,0009894426469569692;113,0;192,0;0,5885416666666666;24;105,0;143,0;41,0;49,0;0,9292035398230089;0,7447916666666666
2025-10-09 16:15:44.372;d_shape;25266,5;25266,75;-0,25;-0,0009894426469569692;105,0;195,0;0,5384615384615384;24;105,0;132,0;41,0;49,0;1,0;0,676923076923077
2025-10-09 16:15:44.776;d_shape;25265,75;25266,5;-0,75;-0,0029683573110640574;105,0;204,0;0,5147058823529411;21;105,0;151,0;41,0;49,0;1,0;0,7401960784313726
2025-10-09 16:15:44.788;d_shape;25265,5;25265,75;-0,25;-0,000989481808376953;105,0;205,0;0,5121951219512195;21;105,0;151,0;41,0;49,0;1,0;0,7365853658536585
2025-10-09 16:15:44.796;d_shape;25265,25;25265,5;-0,25;-0,0009894915992163227;105,0;213,0;0,49295774647887325;21;105,0;151,0;41,0;49,0;1,0;0,7089201877934272
2025-10-09 16:15:44.980;d_shape;25265,0;25265,5;-0,5;-0,0019789831984326454;124,0;214,0;0,5794392523364486;22;124,0;151,0;41,0;49,0;1,0;0,705607476635514
2025-10-09 16:15:45.192;d_shape;25265,0;25265,5;-0,5;-0,0019789831984326454;127,0;213,0;0,596244131455399;22;127,0;149,0;42,0;49,0;1,0;0,6995305164319249
2025-10-09 16:15:45.796;d_shape;25265,0;25265,25;-0,25;-0,0009895013902494532;131,0;166,0;0,7891566265060241;16;131,0;138,0;44,0;49,0;1,0;0,8313253012048193
2025-10-09 16:15:45.928;d_shape;25265,25;25266,0;-0,75;-0,002968416053194016;132,0;178,0;0,7415730337078652;16;132,0;138,0;45,0;49,0;1,0;0,7752808988764045
2025-10-09 16:15:46.324;d_shape;25265,0;25265,25;-0,25;-0,0009895013902494532;133,0;177,0;0,751412429378531;16;133,0;131,0;46,0;43,0;1,0;0,7401129943502824
2025-10-09 16:15:46.480;d_shape;25264,75;25265,0;-0,25;-0,0009895111814763506;133,0;135,0;0,9851851851851852;15;133,0;97,0;46,0;15,0;1,0;0,7185185185185186
2025-10-09 16:15:46.492;d_shape;25264,5;25264,75;-0,25;-0,0009895209728970206;133,0;115,0;1,1565217391304348;16;113,0;76,0;46,0;15,0;0,849624060150376;0,6608695652173913
2025-10-09 16:15:48.268;d_shape;25263,0;25263,5;-0,5;-0,001979139865814317;28,0;125,0;0,224;17;23,0;59,0;21,0;13,0;0,8214285714285714;0,472
2025-10-09 16:15:50.592;d_shape;25258,25;25258,75;-0,5;-0,001979512050279606;71,0;286,0;0,24825174825174826;33;65,0;128,0;28,0;13,0;0,9154929577464789;0,44755244755244755
2025-10-09 16:15:50.872;d_shape;25258,25;25259,0;-0,75;-0,002969238687200602;85,0;291,0;0,2920962199312715;33;80,0;128,0;28,0;13,0;0,9411764705882353;0,43986254295532645
2025-10-09 16:15:51.024;d_shape;25258,75;25259,25;-0,5;-0,0019794728663756842;89,0;281,0;0,3167259786476868;31;86,0;119,0;28,0;13,0;0,9662921348314607;0,4234875444839858
2025-10-09 16:15:51.448;d_shape;25259,5;25259,75;-0,25;-0,0009897168420115005;102,0;276,0;0,3695652173913043;28;99,0;115,0;28,0;13,0;0,9705882352941176;0,4166666666666667
2025-10-09 16:15:51.544;d_shape;25259,0;25259,5;-0,5;-0,0019794532750054437;105,0;246,0;0,4268292682926829;28;102,0;85,0;28,0;13,0;0,9714285714285714;0,34552845528455284
2025-10-09 16:15:52.384;d_shape;25259,5;25259,75;-0,25;-0,0009897168420115005;109,0;248,0;0,43951612903225806;27;106,0;85,0;28,0;13,0;0,9724770642201835;0,34274193548387094
2025-10-09 16:15:52.780;d_shape;25259,5;25260,0;-0,5;-0,0019794140934283454;109,0;252,0;0,43253968253968256;25;106,0;105,0;28,0;27,0;0,9724770642201835;0,4166666666666667
2025-10-09 16:15:52.816;d_shape;25259,25;25259,5;-0,25;-0,0009897266375027219;112,0;251,0;0,44621513944223107;25;109,0;102,0;28,0;27,0;0,9732142857142857;0,4063745019920319
2025-10-09 16:15:52.916;d_shape;25259,25;25259,5;-0,25;-0,0009897266375027219;115,0;258,0;0,44573643410852715;25;112,0;102,0;28,0;27,0;0,9739130434782609;0,3953488372093023
2025-10-09 16:15:53.208;d_shape;25259,0;25259,5;-0,5;-0,0019794532750054437;118,0;251,0;0,4701195219123506;23;115,0;107,0;28,0;27,0;0,9745762711864406;0,4262948207171315
2025-10-09 16:15:53.976;d_shape;25259,25;25259,75;-0,5;-0,001979433684023001;115,0;257,0;0,4474708171206226;21;115,0;101,0;28,0;27,0;1,0;0,39299610894941633
2025-10-09 16:16:00.460;d_shape;25261,25;25262,0;-0,75;-0,002968886073945056;108,0;123,0;0,8780487804878049;20;94,0;57,0;22,0;13,0;0,8703703703703703;0,4634146341463415
2025-10-09 16:16:00.468;d_shape;25260,5;25261,25;-0,75;-0,0029689742194071948;109,0;124,0;0,8790322580645161;20;95,0;57,0;22,0;13,0;0,8715596330275229;0,4596774193548387
2025-10-09 16:16:00.820;d_shape;25261,25;25261,5;-0,25;-0,0009896482790016428;88,0;130,0;0,676923076923077;20;74,0;57,0;21,0;13,0;0,8409090909090909;0,43846153846153846
2025-10-09 16:16:00.868;d_shape;25260,75;25261,25;-0,5;-0,0019793161462714633;89,0;132,0;0,6742424242424242;20;75,0;57,0;21,0;13,0;0,8426966292134831;0,4318181818181818
2025-10-09 16:16:01.068;d_shape;25261,0;25261,25;-0,25;-0,0009896580731357317;94,0;128,0;0,734375;20;80,0;57,0;21,0;13,0;0,851063829787234;0,4453125
2025-10-09 16:16:01.252;d_shape;25261,25;25261,5;-0,25;-0,0009896482790016428;98,0;128,0;0,765625;20;84,0;57,0;21,0;13,0;0,8571428571428571;0,4453125
2025-10-09 16:16:16.548;p_shape;25271,0;25270,75;0,25;0,0009892860322705105;47,0;50,0;0,94;14;18,0;48,0;5,0;23,0;0,3829787234042553;0,96
2025-10-09 16:16:16.592;p_shape;25271,25;25271,0;0,25;0,000989276245498793;47,0;51,0;0,9215686274509803;14;18,0;49,0;5,0;23,0;0,3829787234042553;0,9607843137254902
2025-10-09 16:16:16.612;p_shape;25271,5;25271,25;0,25;0,0009892664589207104;47,0;52,0;0,9038461538461539;14;18,0;50,0;5,0;23,0;0,3829787234042553;0,9615384615384616
2025-10-09 16:16:16.936;p_shape;25271,0;25270,5;0,5;0,0019785916384717356;46,0;54,0;0,8518518518518519;13;22,0;52,0;6,0;25,0;0,4782608695652174;0,9629629629629629
2025-10-09 16:16:17.204;p_shape;25271,25;25271,0;0,25;0,000989276245498793;44,0;53,0;0,8301886792452831;12;19,0;52,0;6,0;25,0;0,4318181818181818;0,9811320754716981
2025-10-09 16:16:17.220;p_shape;25272,5;25271,25;1,25;0,004946332294603551;49,0;53,0;0,9245283018867925;14;22,0;47,0;6,0;25,0;0,4489795918367347;0,8867924528301887
2025-10-09 16:16:17.640;p_shape;25272,5;25272,25;0,25;0,0009892273145446092;48,0;53,0;0,9056603773584906;13;27,0;47,0;11,0;25,0;0,5625;0,8867924528301887
2025-10-09 16:16:17.940;p_shape;25273,5;25272,5;1,0;0,003956870115738451;49,0;60,0;0,8166666666666667;15;32,0;49,0;11,0;25,0;0,6530612244897959;0,8166666666666667
2025-10-09 16:16:18.084;p_shape;25274,0;25273,25;0,75;0,0029675645197986015;49,0;64,0;0,765625;17;32,0;45,0;11,0;25,0;0,6530612244897959;0,703125
2025-10-09 16:16:48.256;p_shape;25274,25;25274,0;0,25;0,000989158819340033;43,0;60,0;0,7166666666666667;16;22,0;45,0;10,0;20,0;0,5116279069767442;0,75
2025-10-09 16:16:49.628;p_shape;25273,75;25272,75;1,0;0,003956830974072865;62,0;71,0;0,8732394366197183;16;31,0;62,0;14,0;20,0;0,5;0,8732394366197183
2025-10-09 16:16:50.004;p_shape;25274,0;25273,75;0,25;0,0009891686037885156;60,0;71,0;0,8450704225352113;13;38,0;60,0;14,0;20,0;0,6333333333333333;0,8450704225352113
2025-10-09 16:18:49.396;p_shape;25270,75;25270,5;0,25;0,0009892958192358678;153,0;159,0;0,9622641509433962;38;63,0;127,0;20,0;24,0;0,4117647058823529;0,7987421383647799
2025-10-09 16:18:49.608;p_shape;25271,25;25270,75;0,5;0,001978572064541021;153,0;163,0;0,9386503067484663;37;74,0;132,0;20,0;24,0;0,48366013071895425;0,8098159509202454
2025-10-09 16:18:49.788;p_shape;25271,0;25270,5;0,5;0,0019785916384717356;153,0;167,0;0,9161676646706587;36;74,0;137,0;20,0;24,0;0,48366013071895425;0,8203592814371258
2025-10-09 16:18:50.020;p_shape;25270,75;25270,0;0,75;0,0029679461812425804;154,0;182,0;0,8461538461538461;36;74,0;152,0;20,0;24,0;0,4805194805194805;0,8351648351648352
2025-10-09 16:19:15.272;p_shape;25275,5;25275,25;0,25;0,000989109900000989;91,0;106,0;0,8584905660377359;17;45,0;75,0;19,0;21,0;0,4945054945054945;0,7075471698113207
2025-10-09 16:19:47.212;d_shape;25266,75;25268,0;-1,25;-0,004946968497704607;65,0;34,0;1,911764705882353;15;63,0;28,0;20,0;12,0;0,9692307692307692;0,8235294117647058
2025-10-09 16:19:47.328;d_shape;25266,5;25267,0;-0,5;-0,0019788657141726366;67,0;34,0;1,9705882352941178;15;65,0;28,0;20,0;12,0;0,9701492537313433;0,8235294117647058
2025-10-09 16:19:47.436;d_shape;25266,25;25266,5;-0,25;-0,0009894524370213525;70,0;32,0;2,1875;16;68,0;26,0;20,0;12,0;0,9714285714285714;0,8125
2025-10-09 16:20:28.804;p_shape;25270,0;25269,75;0,25;0,0009893251812938396;80,0;43,0;1,8604651162790697;13;42,0;43,0;8,0;21,0;0,525;1,0
2025-10-09 16:20:28.816;p_shape;25269,75;25269,5;0,25;0,0009893349690338156;81,0;45,0;1,8;13;42,0;45,0;8,0;22,0;0,5185185185185185;1,0
2025-10-09 16:20:29.500;p_shape;25270,25;25269,5;0,75;0,0029680049071014463;75,0;58,0;1,293103448275862;13;49,0;58,0;13,0;30,0;0,6533333333333333;1,0
2025-10-09 16:20:29.504;p_shape;25270,5;25270,25;0,25;0,0009893056063948714;75,0;61,0;1,2295081967213115;13;49,0;61,0;13,0;30,0;0,6533333333333333;1,0
2025-10-09 16:20:29.828;p_shape;25270,5;25270,0;0,5;0,0019786307874950534;71,0;66,0;1,0757575757575757;13;48,0;66,0;13,0;30,0;0,676056338028169;1,0
2025-10-09 16:21:13.164;d_shape;25257,0;25257,75;-0,75;-0,002969385634112302;94,0;147,0;0,6394557823129252;23;76,0;67,0;26,0;11,0;0,8085106382978723;0,4557823129251701
2025-10-09 16:21:13.668;d_shape;25257,0;25257,5;-0,5;-0,001979610016826685;141,0;145,0;0,9724137931034482;23;123,0;64,0;49,0;11,0;0,8723404255319149;0,4413793103448276
2025-10-09 16:21:13.968;d_shape;25257,25;25257,5;-0,25;-0,0009898050084133426;143,0;155,0;0,9225806451612903;22;120,0;56,0;49,0;11,0;0,8391608391608392;0,36129032258064514
2025-10-09 16:21:14.100;d_shape;25257,25;25257,75;-0,5;-0,0019795904227415347;156,0;152,0;1,0263157894736843;22;134,0;53,0;49,0;11,0;0,8589743589743589;0,34868421052631576
2025-10-09 16:21:14.348;d_shape;25257,75;25258,25;-0,5;-0,001979551235734859;150,0;154,0;0,974025974025974;22;136,0;53,0;49,0;11,0;0,9066666666666666;0,34415584415584416
2025-10-09 16:21:14.656;d_shape;25257,5;25258,25;-0,75;-0,0029693268536022882;162,0;155,0;1,0451612903225806;22;148,0;53,0;49,0;11,0;0,9135802469135802;0,3419354838709677
2025-10-09 16:21:14.724;d_shape;25257,5;25257,75;-0,25;-0,0009897952113707674;165,0;155,0;1,064516129032258;22;151,0;53,0;49,0;11,0;0,9151515151515152;0,3419354838709677
2025-10-09 16:21:15.152;d_shape;25257,75;25258,75;-1,0;-0,003959024100559212;164,0;147,0;1,1156462585034013;17;152,0;75,0;49,0;14,0;0,926829268292683;0,5102040816326531
2025-10-09 16:21:15.576;d_shape;25257,5;25257,75;-0,25;-0,0009897952113707674;154,0;121,0;1,2727272727272727;15;154,0;61,0;49,0;14,0;1,0;0,5041322314049587
2025-10-09 16:21:15.612;d_shape;25257,25;25257,5;-0,25;-0,0009898050084133426;159,0;121,0;1,3140495867768596;15;159,0;61,0;49,0;14,0;1,0;0,5041322314049587
2025-10-09 16:21:15.712;d_shape;25257,0;25257,25;-0,25;-0,000989814805649863;161,0;121,0;1,3305785123966942;15;161,0;61,0;50,0;14,0;1,0;0,5041322314049587
2025-10-09 16:21:15.748;d_shape;25257,25;25257,5;-0,25;-0,0009898050084133426;164,0;119,0;1,3781512605042017;14;164,0;59,0;50,0;14,0;1,0;0,4957983193277311
2025-10-09 16:21:15.788;d_shape;25257,0;25257,25;-0,25;-0,000989814805649863;165,0;119,0;1,3865546218487395;14;165,0;59,0;51,0;14,0;1,0;0,4957983193277311
2025-10-09 16:21:15.936;d_shape;25257,0;25257,25;-0,25;-0,000989814805649863;167,0;117,0;1,4273504273504274;14;167,0;57,0;52,0;14,0;1,0;0,48717948717948717
2025-10-09 16:21:16.140;d_shape;25257,25;25257,5;-0,25;-0,0009898050084133426;169,0;117,0;1,4444444444444444;13;169,0;72,0;52,0;16,0;1,0;0,6153846153846154
2025-10-09 16:21:16.308;d_shape;25257,0;25257,25;-0,25;-0,000989814805649863;169,0;120,0;1,4083333333333334;13;169,0;72,0;52,0;16,0;1,0;0,6
2025-10-09 16:21:16.392;d_shape;25257,0;25257,25;-0,25;-0,000989814805649863;169,0;90,0;1,8777777777777778;10;151,0;42,0;52,0;16,0;0,893491124260355;0,4666666666666667
2025-10-09 16:21:16.396;d_shape;25256,75;25257,0;-0,25;-0,0009898246030803342;169,0;111,0;1,5225225225225225;11;151,0;54,0;52,0;16,0;0,893491124260355;0,4864864864864865
2025-10-09 16:21:16.400;d_shape;25256,5;25256,75;-0,25;-0,000989834400704762;169,0;114,0;1,4824561403508771;11;151,0;54,0;52,0;16,0;0,893491124260355;0,47368421052631576
2025-10-09 16:21:19.692;d_shape;25249,75;25250,25;-0,5;-0,0019801784140751084;158,0;417,0;0,37889688249400477;39;112,0;188,0;52,0;58,0;0,7088607594936709;0,45083932853717024
2025-10-09 16:21:19.748;d_shape;25249,5;25249,75;-0,25;-0,000990108812958544;157,0;417,0;0,3764988009592326;39;114,0;188,0;52,0;58,0;0,7261146496815286;0,45083932853717024
2025-10-09 16:21:19.864;d_shape;25249,75;25250,25;-0,5;-0,0019801784140751084;162,0;418,0;0,3875598086124402;39;120,0;188,0;54,0;58,0;0,7407407407407407;0,44976076555023925
2025-10-09 16:21:19.920;d_shape;25250,75;25251,0;-0,25;-0,0009900597996118966;162,0;421,0;0,3847980997624703;39;120,0;188,0;54,0;58,0;0,7407407407407407;0,44655581947743467
2025-10-09 16:21:19.956;d_shape;25250,0;25250,75;-0,75;-0,0029702088056790393;163,0;422,0;0,3862559241706161;39;121,0;188,0;55,0;58,0;0,7423312883435583;0,44549763033175355
2025-10-09 16:21:20.096;d_shape;25250,0;25250,5;-0,5;-0,0019801588087364607;164,0;420,0;0,3904761904761905;36;122,0;196,0;56,0;58,0;0,7439024390243902;0,4666666666666667
2025-10-09 16:21:20.172;d_shape;25250,0;25250,25;-0,25;-0,0009900892070375542;167,0;419,0;0,39856801909307876;36;125,0;195,0;57,0;58,0;0,7485029940119761;0,46539379474940334
2025-10-09 16:21:20.228;d_shape;25249,75;25250,0;-0,25;-0,0009900990099009901;174,0;418,0;0,41626794258373206;35;132,0;204,0;60,0;58,0;0,7586206896551724;0,4880382775119617
2025-10-09 16:21:20.320;d_shape;25250,25;25250,5;-0,25;-0,0009900794043682304;180,0;419,0;0,4295942720763723;35;138,0;204,0;60,0;58,0;0,7666666666666667;0,48687350835322196
2025-10-09 16:21:20.340;d_shape;25250,0;25250,25;-0,25;-0,0009900892070375542;182,0;419,0;0,4343675417661098;35;140,0;204,0;62,0;58,0;0,7692307692307693;0,48687350835322196
2025-10-09 16:21:20.376;d_shape;25249,75;25250,25;-0,5;-0,0019801784140751084;185,0;419,0;0,441527446300716;35;143,0;204,0;62,0;58,0;0,772972972972973;0,48687350835322196
2025-10-09 16:21:20.412;d_shape;25250,0;25250,25;-0,25;-0,0009900892070375542;191,0;419,0;0,45584725536992843;35;149,0;204,0;67,0;58,0;0,7801047120418848;0,48687350835322196
2025-10-09 16:21:20.592;d_shape;25250,75;25251,0;-0,25;-0,0009900597996118966;194,0;432,0;0,44907407407407407;34;155,0;203,0;67,0;58,0;0,7989690721649485;0,4699074074074074
2025-10-09 16:21:20.700;d_shape;25249,5;25251,0;-1,5;-0,005940358797671379;212,0;443,0;0,4785553047404063;34;178,0;203,0;73,0;58,0;0,839622641509434;0,4582392776523702
2025-10-09 16:21:20.852;d_shape;25249,75;25250,25;-0,5;-0,0019801784140751084;211,0;443,0;0,4762979683972912;34;182,0;203,0;75,0;58,0;0,8625592417061612;0,4582392776523702
2025-10-09 16:21:20.924;d_shape;25250,0;25250,25;-0,25;-0,0009900892070375542;214,0;443,0;0,48306997742663654;34;186,0;203,0;77,0;58,0;0,8691588785046729;0,4582392776523702
2025-10-09 16:21:20.972;d_shape;25250,25;25250,5;-0,25;-0,0009900794043682304;212,0;446,0;0,47533632286995514;34;187,0;203,0;77,0;58,0;0,8820754716981132;0,4551569506726457
2025-10-09 16:21:20.992;d_shape;25250,0;25250,25;-0,25;-0,0009900892070375542;213,0;446,0;0,47757847533632286;34;188,0;203,0;78,0;58,0;0,8826291079812206;0,4551569506726457
2025-10-09 16:21:21.068;d_shape;25249,75;25250,0;-0,25;-0,0009900990099009901;213,0;454,0;0,46916299559471364;34;188,0;203,0;78,0;58,0;0,8826291079812206;0,44713656387665196
2025-10-09 16:21:21.156;d_shape;25249,5;25249,75;-0,25;-0,000990108812958544;214,0;453,0;0,47240618101545256;34;189,0;202,0;78,0;58,0;0,883177570093458;0,445916114790287
2025-10-09 16:21:21.392;d_shape;25249,75;25250,25;-0,5;-0,0019801784140751084;214,0;453,0;0,47240618101545256;32;189,0;202,0;78,0;58,0;0,883177570093458;0,445916114790287
2025-10-09 16:21:21.592;d_shape;25250,25;25250,75;-0,5;-0,0019801392037860264;211,0;363,0;0,581267217630854;26;185,0;110,0;78,0;20,0;0,8767772511848341;0,30303030303030304
2025-10-09 16:21:21.640;d_shape;25250,5;25250,75;-0,25;-0,0009900696018930132;209,0;366,0;0,5710382513661202;26;185,0;110,0;78,0;20,0;0,8851674641148325;0,3005464480874317
2025-10-09 16:21:21.700;d_shape;25250,25;25250,5;-0,25;-0,0009900794043682304;206,0;367,0;0,5613079019073569;26;185,0;110,0;78,0;20,0;0,8980582524271845;0,2997275204359673
2025-10-09 16:21:21.704;d_shape;25249,75;25250,25;-0,5;-0,0019801784140751084;206,0;372,0;0,553763440860215;26;185,0;110,0;78,0;20,0;0,8980582524271845;0,2956989247311828
2025-10-09 16:21:21.752;d_shape;25250,25;25250,5;-0,25;-0,0009900794043682304;203,0;374,0;0,5427807486631016;26;185,0;105,0;78,0;17,0;0,9113300492610837;0,2807486631016043
2025-10-09 16:21:21.832;d_shape;25249,75;25250,25;-0,5;-0,0019801784140751084;203,0;377,0;0,5384615384615384;26;185,0;103,0;78,0;15,0;0,9113300492610837;0,27320954907161804
2025-10-09 16:21:21.936;d_shape;25249,5;25249,75;-0,25;-0,000990108812958544;202,0;379,0;0,5329815303430079;26;187,0;103,0;78,0;15,0;0,9257425742574258;0,2717678100263852
2025-10-09 16:21:22.084;d_shape;25249,5;25249,75;-0,25;-0,000990108812958544;202,0;386,0;0,5233160621761658;26;188,0;102,0;78,0;14,0;0,9306930693069307;0,26424870466321243
2025-10-09 16:21:22.260;d_shape;25249,5;25250,0;-0,5;-0,0019801980198019802;198,0;386,0;0,5129533678756477;26;188,0;100,0;78,0;14,0;0,9494949494949495;0,25906735751295334
2025-10-09 16:21:22.428;d_shape;25249,25;25250,25;-1,0;-0,003960356828150217;196,0;393,0;0,49872773536895676;26;188,0;98,0;78,0;14,0;0,9591836734693877;0,24936386768447838
2025-10-09 16:21:22.576;d_shape;25248,75;25249,75;-1,0;-0,003960435251834176;196,0;419,0;0,4677804295942721;29;188,0;102,0;78,0;14,0;0,9591836734693877;0,24343675417661098
2025-10-09 16:21:22.640;d_shape;25248,75;25249,25;-0,5;-0,0019802568393120588;196,0;434,0;0,45161290322580644;28;188,0;97,0;78,0;14,0;0,9591836734693877;0,22350230414746544
2025-10-09 16:21:22.724;d_shape;25249,0;25249,5;-0,5;-0,001980237232420444;196,0;441,0;0,4444444444444444;28;188,0;97,0;78,0;14,0;0,9591836734693877;0,2199546485260771
2025-10-09 16:21:22.728;d_shape;25248,5;25249,0;-0,5;-0,0019802764465919444;196,0;447,0;0,43847874720357943;28;188,0;97,0;78,0;14,0;0,9591836734693877;0,21700223713646533
2025-10-09 16:21:22.732;d_shape;25248,25;25248,5;-0,25;-0,0009901578311582867;196,0;454,0;0,43171806167400884;29;188,0;112,0;78,0;15,0;0,9591836734693877;0,24669603524229075
2025-10-09 16:21:22.736;d_shape;25248,0;25248,25;-0,25;-0,00099016763538067;196,0;461,0;0,42516268980477223;30;188,0;112,0;78,0;15,0;0,9591836734693877;0,24295010845986983
2025-10-09 16:21:22.748;d_shape;25247,75;25248,25;-0,5;-0,00198033527076134;196,0;473,0;0,4143763213530655;32;188,0;134,0;78,0;22,0;0,9591836734693877;0,2832980972515856
2025-10-09 16:21:22.764;d_shape;25247,0;25247,75;-0,75;-0,0029705617332237526;196,0;497,0;0,39436619718309857;37;188,0;207,0;78,0;33,0;0,9591836734693877;0,4164989939637827
2025-10-09 16:21:22.800;d_shape;25247,25;25247,5;-0,25;-0,0009901970492127933;196,0;507,0;0,3865877712031558;37;188,0;207,0;78,0;33,0;0,9591836734693877;0,40828402366863903
2025-10-09 16:21:22.808;d_shape;25247,0;25247,25;-0,25;-0,000990206854211845;196,0;509,0;0,3850687622789784;37;188,0;207,0;78,0;33,0;0,9591836734693877;0,4066797642436149
2025-10-09 16:21:22.828;d_shape;25246,5;25247,0;-0,5;-0,0019804333188101556;196,0;519,0;0,37764932562620424;37;188,0;207,0;78,0;33,0;0,9591836734693877;0,3988439306358382
2025-10-09 16:21:22.864;d_shape;25246,25;25246,5;-0,25;-0,0009902362703741114;194,0;530,0;0,3660377358490566;37;188,0;207,0;78,0;33,0;0,9690721649484536;0,3905660377358491
2025-10-09 16:21:22.896;d_shape;25246,0;25246,25;-0,25;-0,0009902460761499234;201,0;533,0;0,3771106941838649;38;195,0;207,0;78,0;33,0;0,9701492537313433;0,3883677298311445
2025-10-09 16:21:22.920;d_shape;25245,75;25246,0;-0,25;-0,0009902558821199398;204,0;528,0;0,38636363636363635;38;198,0;274,0;78,0;72,0;0,9705882352941176;0,5189393939393939
2025-10-09 16:21:22.924;d_shape;25245,5;25245,75;-0,25;-0,0009902656882841668;209,0;528,0;0,3958333333333333;39;203,0;329,0;78,0;72,0;0,9712918660287081;0,6231060606060606
2025-10-09 16:21:22.984;d_shape;25245,75;25246,0;-0,25;-0,0009902558821199398;212,0;528,0;0,4015151515151515;39;208,0;329,0;78,0;72,0;0,9811320754716981;0,6231060606060606
2025-10-09 16:21:23.032;d_shape;25246,0;25246,25;-0,25;-0,0009902460761499234;216,0;522,0;0,41379310344827586;37;186,0;346,0;78,0;72,0;0,8611111111111112;0,6628352490421456
2025-10-09 16:21:29.664;d_shape;25248,5;25250,0;-1,5;-0,005940594059405941;144,0;180,0;0,8;19;120,0;42,0;61,0;10,0;0,8333333333333334;0,23333333333333334
2025-10-09 16:21:29.672;d_shape;25248,25;25248,5;-0,25;-0,0009901578311582867;144,0;185,0;0,7783783783783784;19;120,0;42,0;61,0;10,0;0,8333333333333334;0,22702702702702704
2025-10-09 16:21:29.676;d_shape;25247,75;25248,25;-0,5;-0,00198033527076134;149,0;185,0;0,8054054054054054;20;113,0;42,0;61,0;10,0;0,7583892617449665;0,22702702702702704
2025-10-09 16:21:30.720;p_shape;25250,0;25249,75;0,25;0,000990108812958544;68,0;182,0;0,37362637362637363;13;68,0;135,0;18,0;32,0;1,0;0,7417582417582418
2025-10-09 16:21:32.428;p_shape;25249,0;25248,5;0,5;0,0019803156623165734;216,0;203,0;1,064039408866995;26;76,0;159,0;15,0;27,0;0,35185185185185186;0,7832512315270936
2025-10-09 16:21:32.656;p_shape;25249,5;25248,5;1,0;0,003960631324633147;229,0;202,0;1,1336633663366336;26;76,0;158,0;15,0;27,0;0,3318777292576419;0,7821782178217822
2025-10-09 16:21:32.688;p_shape;25249,75;25249,5;0,25;0,000990118616210222;229,0;199,0;1,150753768844221;26;76,0;155,0;15,0;27,0;0,3318777292576419;0,7788944723618091
2025-10-09 16:21:32.780;p_shape;25249,75;25249,25;0,5;0,0019802568393120588;237,0;199,0;1,1909547738693467;26;76,0;155,0;15,0;27,0;0,3206751054852321;0,7788944723618091
2025-10-09 16:21:32.784;p_shape;25250,0;25249,75;0,25;0,000990108812958544;237,0;207,0;1,144927536231884;26;76,0;163,0;15,0;27,0;0,3206751054852321;0,7874396135265701
2025-10-09 16:21:32.980;p_shape;25250,25;25249,75;0,5;0,001980217625917088;238,0;203,0;1,1724137931034482;26;76,0;159,0;15,0;27,0;0,31932773109243695;0,7832512315270936
2025-10-09 16:21:33.168;p_shape;25250,25;25249,75;0,5;0,001980217625917088;237,0;203,0;1,167487684729064;26;76,0;159,0;15,0;27,0;0,3206751054852321;0,7832512315270936
2025-10-09 16:21:33.184;p_shape;25250,5;25250,25;0,25;0,0009900892070375542;238,0;203,0;1,1724137931034482;26;76,0;159,0;15,0;27,0;0,31932773109243695;0,7832512315270936
2025-10-09 16:21:33.244;p_shape;25250,75;25250,5;0,25;0,0009900794043682304;238,0;208,0;1,1442307692307692;27;84,0;164,0;15,0;27,0;0,35294117647058826;0,7884615384615384
2025-10-09 16:21:33.248;p_shape;25251,0;25250,75;0,25;0,0009900696018930132;238,0;209,0;1,138755980861244;28;84,0;158,0;15,0;27,0;0,35294117647058826;0,7559808612440191
2025-10-09 16:21:33.408;p_shape;25251,0;25250,5;0,5;0,0019801588087364607;235,0;214,0;1,0981308411214954;28;84,0;163,0;15,0;27,0;0,3574468085106383;0,7616822429906542
2025-10-09 16:21:33.532;p_shape;25250,75;25250,5;0,25;0,0009900794043682304;233,0;214,0;1,088785046728972;28;84,0;163,0;15,0;25,0;0,3605150214592275;0,7616822429906542
2025-10-09 16:21:33.688;p_shape;25250,75;25250,5;0,25;0,0009900794043682304;228,0;216,0;1,0555555555555556;28;84,0;165,0;15,0;25,0;0,3684210526315789;0,7638888888888888
2025-10-09 16:21:33.816;p_shape;25250,75;25250,5;0,25;0,0009900794043682304;227,0;217,0;1,0460829493087558;28;84,0;166,0;15,0;25,0;0,3700440528634361;0,7649769585253456
2025-10-09 16:21:48.328;p_shape;25260,0;25259,75;0,25;0,0009897168420115005;60,0;87,0;0,6896551724137931;14;22,0;69,0;7,0;29,0;0,36666666666666664;0,7931034482758621
2025-10-09 16:21:48.364;p_shape;25259,75;25259,5;0,25;0,0009897266375027219;62,0;87,0;0,7126436781609196;14;22,0;69,0;7,0;29,0;0,3548387096774194;0,7931034482758621
2025-10-09 16:21:48.516;p_shape;25260,25;25259,5;0,75;0,002969179912508165;63,0;76,0;0,8289473684210527;14;22,0;70,0;7,0;29,0;0,3492063492063492;0,9210526315789473
2025-10-09 16:21:48.864;p_shape;25259,75;25259,5;0,25;0,0009897266375027219;74,0;75,0;0,9866666666666667;14;22,0;72,0;7,0;31,0;0,2972972972972973;0,96
2025-10-09 16:21:49.196;p_shape;25260,0;25259,75;0,25;0,0009897168420115005;72,0;72,0;1,0;14;17,0;72,0;5,0;31,0;0,2361111111111111;1,0
2025-10-09 16:21:56.852;p_shape;25259,25;25259,0;0,25;0,0009897462290668672;62,0;65,0;0,9538461538461539;13;24,0;46,0;7,0;21,0;0,3870967741935484;0,7076923076923077
2025-10-09 16:21:58.248;p_shape;25259,0;25258,25;0,75;0,0029693268536022882;60,0;56,0;1,0714285714285714;12;16,0;55,0;5,0;21,0;0,26666666666666666;0,9821428571428571
2025-10-09 16:21:58.552;p_shape;25259,0;25258,75;0,25;0,000989756025139803;64,0;56,0;1,1428571428571428;11;17,0;55,0;5,0;21,0;0,265625;0,9821428571428571
2025-10-09 16:21:58.556;p_shape;25259,25;25259,0;0,25;0,0009897462290668672;66,0;56,0;1,1785714285714286;11;17,0;55,0;5,0;21,0;0,25757575757575757;0,9821428571428571
2025-10-09 16:21:58.564;p_shape;25259,5;25259,25;0,25;0,0009897364331878421;66,0;57,0;1,1578947368421053;12;16,0;53,0;5,0;21,0;0,24242424242424243;0,9298245614035088
2025-10-09 16:21:58.572;p_shape;25259,75;25259,5;0,25;0,0009897266375027219;66,0;58,0;1,1379310344827587;13;33,0;54,0;17,0;21,0;0,5;0,9310344827586207
2025-10-09 16:22:00.512;p_shape;25259,5;25259,25;0,25;0,0009897364331878421;83,0;69,0;1,2028985507246377;13;43,0;69,0;17,0;23,0;0,5180722891566265;1,0
2025-10-09 16:22:00.580;p_shape;25259,75;25259,5;0,25;0,0009897266375027219;83,0;72,0;1,1527777777777777;13;43,0;72,0;17,0;24,0;0,5180722891566265;1,0
2025-10-09 16:22:10.172;p_shape;25258,25;25257,5;0,75;0,002969415025240028;137,0;117,0;1,170940170940171;18;77,0;82,0;15,0;25,0;0,5620437956204379;0,7008547008547008
2025-10-09 16:22:10.296;p_shape;25258,5;25258,25;0,25;0,0009897756178674296;129,0;117,0;1,1025641025641026;18;68,0;82,0;11,0;25,0;0,5271317829457365;0,7008547008547008
2025-10-09 16:22:10.340;p_shape;25258,75;25258,5;0,25;0,0009897658214066552;134,0;113,0;1,1858407079646018;18;68,0;82,0;11,0;25,0;0,5074626865671642;0,7256637168141593
2025-10-09 16:22:10.368;p_shape;25259,0;25258,75;0,25;0,000989756025139803;137,0;119,0;1,1512605042016806;18;68,0;88,0;11,0;25,0;0,49635036496350365;0,7394957983193278
2025-10-09 16:22:10.696;p_shape;25259,25;25258,75;0,5;0,001979512050279606;139,0;114,0;1,219298245614035;18;68,0;89,0;11,0;25,0;0,4892086330935252;0,7807017543859649
2025-10-09 16:22:10.700;p_shape;25259,5;25259,25;0,25;0,0009897364331878421;139,0;115,0;1,208695652173913;19;95,0;90,0;27,0;25,0;0,6834532374100719;0,782608695652174
2025-10-09 16:22:12.032;p_shape;25259,25;25258,75;0,5;0,001979512050279606;124,0;110,0;1,1272727272727272;19;79,0;92,0;27,0;25,0;0,6370967741935484;0,8363636363636363
2025-10-09 16:22:17.024;p_shape;25260,0;25259,75;0,25;0,0009897168420115005;59,0;55,0;1,0727272727272728;13;27,0;42,0;9,0;29,0;0,4576271186440678;0,7636363636363637
2025-10-09 16:22:17.176;p_shape;25260,25;25260,0;0,25;0,0009897070467141727;56,0;69,0;0,8115942028985508;14;25,0;56,0;7,0;42,0;0,44642857142857145;0,8115942028985508
2025-10-09 16:22:17.388;p_shape;25260,5;25260,25;0,25;0,0009896972516107324;49,0;70,0;0,7;14;23,0;57,0;5,0;42,0;0,46938775510204084;0,8142857142857143
2025-10-09 16:22:17.780;p_shape;25260,25;25260,0;0,25;0,0009897070467141727;49,0;76,0;0,6447368421052632;14;23,0;63,0;5,0;44,0;0,46938775510204084;0,8289473684210527
2025-10-09 16:22:17.784;p_shape;25260,5;25260,25;0,25;0,0009896972516107324;49,0;77,0;0,6363636363636364;14;23,0;64,0;5,0;44,0;0,46938775510204084;0,8311688311688312
2025-10-09 16:22:17.956;p_shape;25260,0;25259,75;0,25;0,0009897168420115005;50,0;80,0;0,625;14;23,0;67,0;5,0;45,0;0,46;0,8375
2025-10-09 16:22:18.104;p_shape;25260,5;25260,0;0,5;0,0019794140934283454;50,0;81,0;0,6172839506172839;14;23,0;68,0;5,0;45,0;0,46;0,8395061728395061
2025-10-09 16:22:18.108;p_shape;25260,75;25260,5;0,25;0,0009896874567011738;50,0;82,0;0,6097560975609756;15;29,0;69,0;6,0;45,0;0,58;0,8414634146341463
2025-10-09 16:22:18.260;p_shape;25261,0;25260,5;0,5;0,0019793749134023476;47,0;76,0;0,618421052631579;16;26,0;72,0;6,0;45,0;0,5531914893617021;0,9473684210526315
2025-10-09 16:22:29.284;p_shape;25263,0;25262,75;0,25;0,0009895993112388794;56,0;75,0;0,7466666666666667;15;29,0;66,0;8,0;34,0;0,5178571428571429;0,88
2025-10-09 16:22:29.332;p_shape;25263,25;25262,75;0,5;0,0019791986224777587;56,0;81,0;0,691358024691358;15;29,0;72,0;8,0;36,0;0,5178571428571429;0,8888888888888888
2025-10-09 16:23:08.188;p_shape;25264,75;25264,5;0,25;0,0009895307645114686;66,0;76,0;0,868421052631579;16;38,0;59,0;8,0;24,0;0,5757575757575758;0,7763157894736842
2025-10-09 16:23:08.200;p_shape;25265,0;25264,75;0,25;0,0009895209728970206;66,0;83,0;0,7951807228915663;16;38,0;66,0;8,0;24,0;0,5757575757575758;0,7951807228915663
2025-10-09 16:23:08.236;p_shape;25265,25;25265,0;0,25;0,0009895111814763506;66,0;106,0;0,6226415094339622;18;51,0;89,0;13,0;24,0;0,7727272727272727;0,839622641509434
2025-10-09 16:23:08.396;p_shape;25265,75;25265,0;0,75;0,002968533544429052;66,0;105,0;0,6285714285714286;18;51,0;91,0;13,0;24,0;0,7727272727272727;0,8666666666666667
2025-10-09 16:23:08.572;p_shape;25265,5;25265,25;0,25;0,0009895013902494532;66,0;104,0;0,6346153846153846;18;51,0;94,0;13,0;24,0;0,7727272727272727;0,9038461538461539
2025-10-09 16:23:08.676;p_shape;25265,5;25265,25;0,25;0,0009895013902494532;66,0;105,0;0,6285714285714286;18;51,0;97,0;13,0;24,0;0,7727272727272727;0,9238095238095239
2025-10-09 16:23:08.824;p_shape;25264,75;25264,5;0,25;0,0009895307645114686;66,0;112,0;0,5892857142857143;18;51,0;105,0;13,0;25,0;0,7727272727272727;0,9375
2025-10-09 16:23:08.900;p_shape;25265,0;25264,75;0,25;0,0009895209728970206;66,0;113,0;0,584070796460177;18;51,0;106,0;13,0;25,0;0,7727272727272727;0,9380530973451328
2025-10-09 16:23:09.036;p_shape;25264,75;25264,5;0,25;0,0009895307645114686;65,0;116,0;0,5603448275862069;18;50,0;109,0;13,0;26,0;0,7692307692307693;0,9396551724137931
2025-10-09 16:23:33.940;p_shape;25262,75;25261,5;1,25;0,004948241395008214;49,0;59,0;0,8305084745762712;11;47,0;58,0;16,0;24,0;0,9591836734693877;0,9830508474576272
2025-10-09 16:23:34.148;p_shape;25263,0;25262,5;0,5;0,0019792182088075212;58,0;58,0;1,0;12;47,0;57,0;16,0;24,0;0,8103448275862069;0,9827586206896551
2025-10-09 16:23:34.440;p_shape;25262,5;25262,25;0,25;0,0009896188977624716;64,0;56,0;1,1428571428571428;11;47,0;55,0;16,0;24,0;0,734375;0,9821428571428571
2025-10-09 16:23:34.444;p_shape;25262,75;25262,5;0,25;0,0009896091044037606;67,0;56,0;1,1964285714285714;11;47,0;55,0;16,0;24,0;0,7014925373134329;0,9821428571428571
2025-10-09 16:23:34.456;p_shape;25263,0;25262,75;0,25;0,0009895993112388794;75,0;56,0;1,3392857142857142;11;47,0;55,0;16,0;24,0;0,6266666666666667;0,9821428571428571
2025-10-09 16:23:34.532;p_shape;25263,25;25263,0;0,25;0,0009895895182678225;76,0;56,0;1,3571428571428572;12;47,0;55,0;16,0;24,0;0,618421052631579;0,9821428571428571
2025-10-09 16:23:34.820;p_shape;25263,5;25263,25;0,25;0,0009895797254905843;77,0;56,0;1,375;13;47,0;55,0;16,0;24,0;0,6103896103896104;0,9821428571428571
2025-10-09 16:23:42.900;p_shape;25275,25;25275,0;0,25;0,0009891196834817012;342,0;151,0;2,2649006622516556;42;128,0;107,0;26,0;24,0;0,3742690058479532;0,7086092715231788
2025-10-09 16:23:43.220;p_shape;25275,0;25274,5;0,5;0,0019782785020475186;342,0;155,0;2,206451612903226;42;128,0;111,0;26,0;27,0;0,3742690058479532;0,7161290322580646
2025-10-09 16:23:43.236;p_shape;25275,5;25275,0;0,5;0,0019782393669634025;342,0;168,0;2,0357142857142856;42;128,0;124,0;26,0;30,0;0,3742690058479532;0,7380952380952381
2025-10-09 16:23:43.240;p_shape;25275,75;25275,5;0,25;0,0009891001167138137;342,0;169,0;2,0236686390532546;42;128,0;125,0;26,0;30,0;0,3742690058479532;0,7396449704142012
2025-10-09 16:24:27.148;p_shape;25272,5;25272,0;0,5;0,001978474200696423;24,0;58,0;0,41379310344827586;11;24,0;43,0;7,0;21,0;1,0;0,7413793103448276
2025-10-09 16:24:59.200;p_shape;25273,25;25272,75;0,5;0,0019784154870364323;25,0;56,0;0,44642857142857145;11;9,0;40,0;4,0;21,0;0,36;0,7142857142857143
2025-10-09 16:24:59.468;p_shape;25273,75;25273,25;0,5;0,001978376346532401;25,0;66,0;0,3787878787878788;11;9,0;50,0;4,0;23,0;0,36;0,7575757575757576
2025-10-09 16:24:59.484;p_shape;25273,75;25273,25;0,5;0,001978376346532401;25,0;98,0;0,25510204081632654;14;13,0;80,0;4,0;25,0;0,52;0,8163265306122449
2025-10-09 16:25:22.160;p_shape;25270,0;25269,0;1,0;0,003957418180379121;46,0;115,0;0,4;17;23,0;100,0;4,0;25,0;0,5;0,8695652173913043
2025-10-09 16:25:22.404;p_shape;25269,25;25269,0;0,25;0,0009893545450947803;52,0;115,0;0,45217391304347826;17;23,0;100,0;4,0;25,0;0,4423076923076923;0,8695652173913043
2025-10-09 16:25:22.448;p_shape;25269,5;25269,25;0,25;0,0009893447569674606;52,0;116,0;0,4482758620689655;17;23,0;101,0;4,0;25,0;0,4423076923076923;0,8706896551724138
2025-10-09 16:25:23.144;p_shape;25270,25;25269,5;0,75;0,0029680049071014463;55,0;88,0;0,625;17;23,0;73,0;4,0;23,0;0,41818181818181815;0,8295454545454546
2025-10-09 16:25:23.568;p_shape;25270,75;25270,25;0,5;0,0019786112127897428;55,0;88,0;0,625;18;23,0;65,0;4,0;23,0;0,41818181818181815;0,7386363636363636
2025-10-09 16:25:23.656;p_shape;25270,75;25270,25;0,5;0,0019786112127897428;57,0;95,0;0,6;19;42,0;72,0;19,0;23,0;0,7368421052631579;0,7578947368421053
2025-10-09 16:25:23.660;p_shape;25271,25;25270,75;0,5;0,001978572064541021;57,0;100,0;0,57;21;44,0;70,0;19,0;23,0;0,7719298245614035;0,7
2025-10-09 16:25:24.012;p_shape;25271,0;25270,75;0,25;0,0009892860322705105;58,0;89,0;0,651685393258427;21;44,0;74,0;19,0;23,0;0,7586206896551724;0,8314606741573034
2025-10-09 16:25:39.224;d_shape;25262,0;25262,5;-0,5;-0,0019792182088075212;80,0;130,0;0,6153846153846154;21;58,0;76,0;23,0;15,0;0,725;0,5846153846153846
2025-10-09 16:26:15.020;d_shape;25259,75;25260,0;-0,25;-0,0009897070467141727;78,0;72,0;1,0833333333333333;22;59,0;28,0;23,0;7,0;0,7564102564102564;0,3888888888888889
2025-10-09 16:26:15.184;d_shape;25259,25;25259,75;-0,5;-0,001979433684023001;78,0;72,0;1,0833333333333333;22;60,0;28,0;23,0;7,0;0,7692307692307693;0,3888888888888889
2025-10-09 16:26:15.648;d_shape;25259,75;25260,25;-0,5;-0,0019793945032214647;77,0;72,0;1,0694444444444444;21;70,0;36,0;28,0;8,0;0,9090909090909091;0,5
2025-10-09 16:26:17.432;d_shape;25260,0;25260,5;-0,5;-0,0019793749134023476;84,0;68,0;1,2352941176470589;14;71,0;38,0;30,0;11,0;0,8452380952380952;0,5588235294117647
2025-10-09 16:26:17.524;d_shape;25259,75;25260,25;-0,5;-0,0019793945032214647;86,0;72,0;1,1944444444444444;14;73,0;38,0;30,0;11,0;0,8488372093023255;0,5277777777777778
2025-10-09 16:26:17.528;d_shape;25259,25;25259,75;-0,5;-0,001979433684023001;95,0;72,0;1,3194444444444444;14;82,0;38,0;30,0;11,0;0,8631578947368421;0,5277777777777778
2025-10-09 16:26:17.960;d_shape;25259,5;25259,75;-0,25;-0,0009897168420115005;88,0;71,0;1,2394366197183098;13;88,0;50,0;32,0;13,0;1,0;0,704225352112676
2025-10-09 16:26:18.752;d_shape;25259,75;25260,25;-0,5;-0,0019793945032214647;99,0;62,0;1,596774193548387;12;99,0;41,0;38,0;13,0;1,0;0,6612903225806451
2025-10-09 16:26:18.788;d_shape;25259,75;25260,0;-0,25;-0,0009897070467141727;104,0;61,0;1,7049180327868851;12;104,0;40,0;41,0;13,0;1,0;0,6557377049180327
2025-10-09 16:26:18.824;d_shape;25259,75;25260,25;-0,5;-0,0019793945032214647;106,0;61,0;1,7377049180327868;12;106,0;40,0;41,0;13,0;1,0;0,6557377049180327
2025-10-09 16:26:28.264;d_shape;25258,0;25258,25;-0,25;-0,0009897756178674296;77,0;85,0;0,9058823529411765;15;65,0;67,0;32,0;40,0;0,8441558441558441;0,788235294117647
2025-10-09 16:26:28.356;d_shape;25257,5;25258,0;-0,5;-0,0019795708290442633;83,0;85,0;0,9764705882352941;16;61,0;67,0;32,0;40,0;0,7349397590361446;0,788235294117647
2025-10-09 16:26:30.796;d_shape;25257,25;25258,0;-0,75;-0,0029693562435663947;80,0;103,0;0,7766990291262136;15;66,0;85,0;32,0;40,0;0,825;0,8252427184466019
2025-10-09 16:26:31.040;d_shape;25257,0;25257,5;-0,5;-0,001979610016826685;80,0;111,0;0,7207207207207207;15;66,0;85,0;32,0;40,0;0,825;0,7657657657657657
2025-10-09 16:26:31.056;d_shape;25256,75;25257,0;-0,25;-0,0009898246030803342;80,0;112,0;0,7142857142857143;16;56,0;85,0;32,0;40,0;0,7;0,7589285714285714
2025-10-09 16:26:32.252;d_shape;25256,0;25256,75;-0,75;-0,0029695032021142863;79,0;63,0;1,253968253968254;16;62,0;44,0;32,0;10,0;0,7848101265822784;0,6984126984126984
2025-10-09 16:26:37.860;p_shape;25259,25;25259,0;0,25;0,0009897462290668672;57,0;65,0;0,8769230769230769;16;34,0;53,0;10,0;20,0;0,5964912280701754;0,8153846153846154
2025-10-09 16:28:05.264;d_shape;25250,0;25250,5;-0,5;-0,0019801588087364607;88,0;66,0;1,3333333333333333;11;77,0;48,0;22,0;17,0;0,875;0,7272727272727273
2025-10-09 16:28:05.312;d_shape;25249,75;25250,0;-0,25;-0,0009900990099009901;94,0;65,0;1,4461538461538461;12;74,0;47,0;26,0;17,0;0,7872340425531915;0,7230769230769231
2025-10-09 16:28:05.328;d_shape;25249,5;25249,75;-0,25;-0,000990108812958544;98,0;65,0;1,5076923076923077;13;78,0;56,0;26,0;17,0;0,7959183673469388;0,8615384615384616
2025-10-09 16:28:05.516;d_shape;25250,25;25250,75;-0,5;-0,0019801392037860264;111,0;70,0;1,5857142857142856;13;91,0;54,0;26,0;17,0;0,8198198198198198;0,7714285714285715
2025-10-09 16:28:05.732;d_shape;25250,0;25250,5;-0,5;-0,0019801588087364607;113,0;70,0;1,6142857142857143;12;81,0;52,0;28,0;17,0;0,7168141592920354;0,7428571428571429
2025-10-09 16:28:06.012;d_shape;25250,0;25250,5;-0,5;-0,0019801588087364607;118,0;65,0;1,8153846153846154;12;95,0;46,0;35,0;13,0;0,8050847457627118;0,7076923076923077
2025-10-09 16:28:06.404;d_shape;25250,0;25250,5;-0,5;-0,0019801588087364607;124,0;55,0;2,2545454545454544;12;101,0;36,0;38,0;9,0;0,8145161290322581;0,6545454545454545
2025-10-09 16:28:06.508;d_shape;25250,0;25250,25;-0,25;-0,0009900892070375542;129,0;53,0;2,4339622641509435;12;106,0;34,0;39,0;9,0;0,8217054263565892;0,6415094339622641
2025-10-09 16:28:06.652;d_shape;25250,0;25250,25;-0,25;-0,0009900892070375542;130,0;48,0;2,7083333333333335;12;109,0;29,0;40,0;9,0;0,8384615384615385;0,6041666666666666
2025-10-09 16:28:08.852;p_shape;25252,25;25252,0;0,25;0,0009900205924283226;108,0;75,0;1,44;13;102,0;63,0;40,0;24,0;0,9444444444444444;0,84
2025-10-09 16:28:39.196;p_shape;25261,0;25260,5;0,5;0,0019793749134023476;56,0;129,0;0,43410852713178294;14;36,0;111,0;12,0;25,0;0,6428571428571429;0,8604651162790697
2025-10-09 16:30:06.036;d_shape;25246,25;25246,5;-0,25;-0,0009902362703741114;76,0;135,0;0,562962962962963;18;76,0;68,0;21,0;15,0;1,0;0,5037037037037037
2025-10-09 16:30:06.656;d_shape;25246,5;25246,75;-0,25;-0,000990226464792498;75,0;116,0;0,646551724137931;14;75,0;74,0;23,0;20,0;1,0;0,6379310344827587
2025-10-09 16:30:07.132;d_shape;25246,0;25246,5;-0,5;-0,0019804725407482227;81,0;102,0;0,7941176470588235;12;74,0;62,0;27,0;18,0;0,9135802469135802;0,6078431372549019
2025-10-09 16:30:07.228;d_shape;25246,0;25246,5;-0,5;-0,0019804725407482227;81,0;99,0;0,8181818181818182;12;74,0;59,0;28,0;17,0;0,9135802469135802;0,5959595959595959
2025-10-09 16:30:07.244;d_shape;25246,0;25246,5;-0,5;-0,0019804725407482227;83,0;97,0;0,8556701030927835;12;76,0;57,0;29,0;17,0;0,9156626506024096;0,5876288659793815
2025-10-09 16:30:07.388;d_shape;25246,0;25246,5;-0,5;-0,0019804725407482227;92,0;96,0;0,9583333333333334;12;86,0;56,0;30,0;16,0;0,9347826086956522;0,5833333333333334
2025-10-09 16:30:07.400;d_shape;25245,75;25246,0;-0,25;-0,0009902558821199398;94,0;96,0;0,9791666666666666;12;88,0;56,0;30,0;16,0;0,9361702127659575;0,5833333333333334
2025-10-09 16:30:07.524;d_shape;25246,25;25246,5;-0,25;-0,0009902362703741114;99,0;96,0;1,03125;12;95,0;56,0;34,0;16,0;0,9595959595959596;0,5833333333333334
2025-10-09 16:30:08.536;p_shape;25247,5;25247,0;0,5;0,0019804333188101556;92,0;80,0;1,15;10;89,0;59,0;39,0;23,0;0,967391304347826;0,7375
2025-10-09 16:30:09.288;p_shape;25247,5;25247,25;0,25;0,000990206854211845;101,0;75,0;1,3466666666666667;10;98,0;54,0;41,0;24,0;0,9702970297029703;0,72
2025-10-09 16:30:09.968;p_shape;25248,0;25247,75;0,25;0,0009901872444079175;101,0;79,0;1,2784810126582278;10;98,0;65,0;41,0;25,0;0,9702970297029703;0,8227848101265823
2025-10-09 16:30:10.400;d_shape;25246,25;25246,5;-0,25;-0,0009902362703741114;80,0;101,0;0,7920792079207921;10;77,0;79,0;33,0;25,0;0,9625;0,7821782178217822
2025-10-09 16:30:10.824;d_shape;25246,25;25246,5;-0,25;-0,0009902362703741114;69,0;101,0;0,6831683168316832;10;66,0;79,0;27,0;25,0;0,9565217391304348;0,7821782178217822
2025-10-09 16:30:10.840;d_shape;25246,0;25246,25;-0,25;-0,0009902460761499234;70,0;101,0;0,693069306930693;10;67,0;79,0;27,0;25,0;0,9571428571428572;0,7821782178217822
2025-10-09 16:30:14.452;d_shape;25243,75;25244,5;-0,75;-0,002970944166055973;171,0;283,0;0,6042402826855123;23;168,0;127,0;34,0;26,0;0,9824561403508771;0,44876325088339225
2025-10-09 16:30:14.616;d_shape;25243,75;25244,0;-0,25;-0,0009903343368721281;173,0;285,0;0,6070175438596491;23;170,0;126,0;34,0;26,0;0,9826589595375722;0,4421052631578947
2025-10-09 16:30:15.124;d_shape;25243,5;25244,5;-1,0;-0,00396125888807463;173,0;271,0;0,6383763837638377;21;170,0;156,0;34,0;59,0;0,9826589595375722;0,5756457564575646
2025-10-09 16:30:15.244;d_shape;25243,25;25243,5;-0,25;-0,0009903539525026245;173,0;273,0;0,6336996336996337;21;170,0;155,0;34,0;59,0;0,9826589595375722;0,5677655677655677
2025-10-09 16:30:15.268;d_shape;25242,5;25243,25;-0,75;-0,0029710912818278153;173,0;275,0;0,6290909090909091;21;170,0;155,0;34,0;59,0;0,9826589595375722;0,5636363636363636
2025-10-09 16:30:15.436;d_shape;25242,5;25242,75;-0,25;-0,0009903833774053935;174,0;268,0;0,6492537313432836;18;148,0;197,0;34,0;59,0;0,8505747126436781;0,7350746268656716
2025-10-09 16:30:15.732;d_shape;25243,0;25243,25;-0,25;-0,000990363760609272;174,0;276,0;0,6304347826086957;18;148,0;196,0;34,0;59,0;0,8505747126436781;0,7101449275362319
2025-10-09 16:30:15.796;d_shape;25242,5;25243,0;-0,5;-0,001980747137820386;174,0;277,0;0,628158844765343;18;148,0;196,0;34,0;59,0;0,8505747126436781;0,7075812274368231
2025-10-09 16:30:15.820;d_shape;25242,25;25242,5;-0,25;-0,0009903931860948797;176,0;277,0;0,6353790613718412;18;150,0;196,0;34,0;59,0;0,8522727272727273;0,7075812274368231
2025-10-09 16:30:16.068;d_shape;25242,0;25242,5;-0,5;-0,0019807863721897595;188,0;275,0;0,6836363636363636;18;154,0;219,0;34,0;59,0;0,8191489361702128;0,7963636363636364
2025-10-09 16:30:16.076;d_shape;25242,5;25242,75;-0,25;-0,0009903833774053935;196,0;275,0;0,7127272727272728;18;162,0;219,0;34,0;59,0;0,826530612244898;0,7963636363636364
2025-10-09 16:30:16.352;d_shape;25242,25;25243,0;-0,75;-0,002971120706730579;201,0;228,0;0,881578947368421;16;159,0;188,0;34,0;59,0;0,7910447761194029;0,8245614035087719
2025-10-09 16:30:16.424;d_shape;25242,0;25242,25;-0,25;-0,0009904029949786568;207,0;228,0;0,9078947368421053;16;165,0;188,0;34,0;59,0;0,7971014492753623;0,8245614035087719
2025-10-09 16:30:16.432;d_shape;25241,75;25242,0;-0,25;-0,000990412804056731;222,0;228,0;0,9736842105263158;17;180,0;197,0;34,0;59,0;0,8108108108108109;0,8640350877192983
2025-10-09 16:30:16.472;d_shape;25242,25;25242,5;-0,25;-0,0009903931860948797;228,0;228,0;1,0;17;186,0;197,0;34,0;59,0;0,8157894736842105;0,8640350877192983
2025-10-09 16:30:23.304;p_shape;25245,0;25244,25;0,75;0,002970973588044802;30,0;134,0;0,22388059701492538;15;17,0;96,0;5,0;26,0;0,5666666666666667;0,7164179104477612
2025-10-09 16:30:23.308;p_shape;25245,25;25245,0;0,25;0,0009902951079421667;30,0;137,0;0,21897810218978103;15;17,0;99,0;5,0;26,0;0,5666666666666667;0,7226277372262774
2025-10-09 16:30:23.348;p_shape;25245,0;25244,75;0,25;0,0009903049148832926;30,0;147,0;0,20408163265306123;15;17,0;109,0;5,0;28,0;0,5666666666666667;0,7414965986394558
2025-10-09 16:30:23.400;p_shape;25245,0;25244,75;0,25;0,0009903049148832926;30,0;152,0;0,19736842105263158;15;17,0;114,0;5,0;31,0;0,5666666666666667;0,75
2025-10-09 16:30:26.412;p_shape;25244,5;25244,25;0,25;0,0009903245293482674;42,0;129,0;0,32558139534883723;13;31,0;96,0;12,0;22,0;0,7380952380952381;0,7441860465116279
2025-10-09 16:30:26.444;p_shape;25244,5;25244,25;0,25;0,0009903245293482674;51,0;129,0;0,3953488372093023;13;33,0;96,0;14,0;22,0;0,6470588235294118;0,7441860465116279
2025-10-09 16:30:26.452;p_shape;25245,0;25244,5;0,5;0,001980629444037315;51,0;133,0;0,38345864661654133;13;33,0;100,0;14,0;22,0;0,6470588235294118;0,7518796992481203
2025-10-09 16:30:27.816;p_shape;25245,5;25244,75;0,75;0,0029709147446498776;52,0;129,0;0,40310077519379844;15;36,0;97,0;10,0;34,0;0,6923076923076923;0,751937984496124
2025-10-09 16:30:27.988;p_shape;25245,25;25244,75;0,5;0,0019806098297665852;54,0;125,0;0,432;15;36,0;98,0;10,0;34,0;0,6666666666666666;0,784
2025-10-09 16:30:28.780;p_shape;25245,25;25244,75;0,5;0,0019806098297665852;55,0;69,0;0,7971014492753623;12;36,0;53,0;11,0;26,0;0,6545454545454545;0,7681159420289855
2025-10-09 16:30:28.784;p_shape;25245,5;25245,25;0,25;0,0009902853011952745;55,0;73,0;0,7534246575342466;12;36,0;57,0;11,0;26,0;0,6545454545454545;0,7808219178082192
2025-10-09 16:30:29.060;p_shape;25245,25;25245,0;0,25;0,0009902951079421667;55,0;75,0;0,7333333333333333;12;35,0;60,0;11,0;28,0;0,6363636363636364;0,8
2025-10-09 16:30:29.416;p_shape;25245,5;25245,25;0,25;0,0009902853011952745;54,0;66,0;0,8181818181818182;12;34,0;61,0;11,0;28,0;0,6296296296296297;0,9242424242424242
2025-10-09 16:30:29.820;p_shape;25245,5;25245,25;0,25;0,0009902853011952745;56,0;70,0;0,8;11;37,0;69,0;11,0;28,0;0,6607142857142857;0,9857142857142858
2025-10-09 16:30:30.004;p_shape;25245,75;25245,5;0,25;0,0009902754946426095;56,0;72,0;0,7777777777777778;11;37,0;71,0;11,0;28,0;0,6607142857142857;0,9861111111111112
2025-10-09 16:30:30.236;p_shape;25245,25;25244,75;0,5;0,0019806098297665852;56,0;80,0;0,7;11;37,0;79,0;11,0;31,0;0,6607142857142857;0,9875
2025-10-09 16:30:30.240;p_shape;25245,5;25245,25;0,25;0,0009902853011952745;56,0;82,0;0,6829268292682927;11;37,0;81,0;11,0;31,0;0,6607142857142857;0,9878048780487805
2025-10-09 16:30:30.288;p_shape;25245,75;25245,5;0,25;0,0009902754946426095;54,0;83,0;0,6506024096385542;11;35,0;82,0;11,0;31,0;0,6481481481481481;0,9879518072289156
2025-10-09 16:30:30.308;p_shape;25246,0;25245,75;0,25;0,0009902656882841668;54,0;85,0;0,6352941176470588;12;35,0;84,0;11,0;31,0;0,6481481481481481;0,9882352941176471
2025-10-09 16:30:30.828;p_shape;25245,5;25245,25;0,25;0,0009902853011952745;45,0;88,0;0,5113636363636364;10;37,0;87,0;11,0;31,0;0,8222222222222222;0,9886363636363636
2025-10-09 16:30:30.924;p_shape;25245,75;25245,5;0,25;0,0009902754946426095;45,0;90,0;0,5;10;37,0;89,0;11,0;31,0;0,8222222222222222;0,9888888888888889
2025-10-09 16:30:31.364;p_shape;25245,75;25245,25;0,5;0,001980570602390549;50,0;92,0;0,5434782608695652;10;33,0;91,0;13,0;33,0;0,66;0,9891304347826086
2025-10-09 16:30:31.388;p_shape;25245,75;25245,5;0,25;0,0009902754946426095;58,0;92,0;0,6304347826086957;10;33,0;91,0;13,0;33,0;0,5689655172413793;0,9891304347826086
2025-10-09 16:30:31.396;p_shape;25246,0;25245,75;0,25;0,0009902656882841668;59,0;95,0;0,6210526315789474;10;33,0;94,0;13,0;33,0;0,559322033898305;0,9894736842105263
2025-10-09 16:30:31.400;p_shape;25246,25;25246,0;0,25;0,0009902558821199398;59,0;98,0;0,6020408163265306;11;41,0;97,0;13,0;33,0;0,6949152542372882;0,9897959183673469
2025-10-09 16:30:38.968;d_shape;25246,75;25247,25;-0,5;-0,00198041370842369;95,0;56,0;1,6964285714285714;12;74,0;35,0;25,0;16,0;0,7789473684210526;0,625
2025-10-09 16:30:39.104;d_shape;25246,5;25247,0;-0,5;-0,0019804333188101556;91,0;58,0;1,5689655172413792;12;70,0;35,0;24,0;16,0;0,7692307692307693;0,603448275862069
2025-10-09 16:30:56.808;d_shape;25238,25;25238,5;-0,25;-0,0009905501515541733;212,0;202,0;1,0495049504950495;32;175,0;125,0;21,0;38,0;0,8254716981132075;0,6188118811881188
2025-10-09 16:30:58.252;p_shape;25242,25;25241,75;0,5;0,001980845226658215;284,0;211,0;1,3459715639810426;29;187,0;160,0;21,0;38,0;0,6584507042253521;0,7582938388625592
2025-10-09 16:30:58.276;p_shape;25242,75;25242,0;0,75;0,0029712384121701923;288,0;211,0;1,3649289099526067;29;187,0;160,0;21,0;38,0;0,6493055555555556;0,7582938388625592
2025-10-09 16:30:58.844;p_shape;25242,5;25241,5;1,0;0,00396172969118317;299,0;204,0;1,4656862745098038;27;183,0;204,0;21,0;51,0;0,6120401337792643;1,0
2025-10-09 16:30:58.856;p_shape;25243,25;25242,5;0,75;0,002971179558284639;299,0;211,0;1,4170616113744077;27;183,0;211,0;21,0;51,0;0,6120401337792643;1,0
2025-10-09 16:30:59.104;p_shape;25243,5;25243,25;0,25;0,000990363760609272;305,0;210,0;1,4523809523809523;28;183,0;159,0;21,0;38,0;0,6;0,7571428571428571
2025-10-09 16:30:59.144;p_shape;25243,25;25243,0;0,25;0,000990373568910193;310,0;210,0;1,4761904761904763;28;183,0;159,0;21,0;38,0;0,5903225806451613;0,7571428571428571
2025-10-09 16:30:59.248;p_shape;25243,5;25242,75;0,75;0,002971150132216181;317,0;210,0;1,5095238095238095;28;183,0;159,0;21,0;38,0;0,5772870662460567;0,7571428571428571
2025-10-09 16:30:59.280;p_shape;25243,75;25243,5;0,25;0,0009903539525026245;317,0;216,0;1,4675925925925926;29;187,0;165,0;21,0;38,0;0,5899053627760252;0,7638888888888888
2025-10-09 16:30:59.380;p_shape;25243,5;25243,25;0,25;0,000990363760609272;312,0;217,0;1,4377880184331797;29;187,0;166,0;21,0;38,0;0,5993589743589743;0,7649769585253456
2025-10-09 16:30:59.540;p_shape;25243,5;25242,75;0,75;0,002971150132216181;313,0;218,0;1,4357798165137614;29;187,0;167,0;21,0;38,0;0,597444089456869;0,7660550458715596
2025-10-09 16:30:59.772;p_shape;25244,0;25243,5;0,5;0,001980707905005249;313,0;219,0;1,4292237442922375;30;187,0;155,0;21,0;38,0;0,597444089456869;0,7077625570776256
2025-10-09 16:30:59.948;p_shape;25243,5;25243,25;0,25;0,000990363760609272;314,0;220,0;1,4272727272727272;30;187,0;156,0;21,0;38,0;0,5955414012738853;0,7090909090909091
2025-10-09 16:31:00.152;p_shape;25243,25;25242,75;0,5;0,001980766754810787;310,0;222,0;1,3963963963963963;30;187,0;158,0;21,0;38,0;0,603225806451613;0,7117117117117117
2025-10-09 16:31:00.404;p_shape;25243,25;25242,75;0,5;0,001980766754810787;305,0;225,0;1,3555555555555556;30;187,0;161,0;21,0;38,0;0,6131147540983607;0,7155555555555555
2025-10-09 16:31:00.412;p_shape;25243,5;25243,25;0,25;0,000990363760609272;305,0;226,0;1,3495575221238938;30;187,0;162,0;21,0;38,0;0,6131147540983607;0,7168141592920354
2025-10-09 16:31:00.424;p_shape;25243,75;25243,5;0,25;0,0009903539525026245;305,0;228,0;1,337719298245614;30;187,0;164,0;21,0;38,0;0,6131147540983607;0,7192982456140351
2025-10-09 16:31:00.428;p_shape;25244,0;25243,75;0,25;0,0009903441445902451;305,0;232,0;1,3146551724137931;30;187,0;168,0;21,0;38,0;0,6131147540983607;0,7241379310344828
2025-10-09 16:31:00.516;p_shape;25244,5;25243,5;1,0;0,003961415810010498;305,0;244,0;1,25;31;205,0;180,0;21,0;38,0;0,6721311475409836;0,7377049180327869
2025-10-09 16:31:00.636;p_shape;25243,5;25241,5;2,0;0,00792345938236634;311,0;351,0;0,886039886039886;34;220,0;259,0;21,0;38,0;0,707395498392283;0,7378917378917379
2025-10-09 16:31:01.960;p_shape;25243,75;25243,25;0,5;0,001980727521218544;160,0;212,0;0,7547169811320755;22;118,0;168,0;22,0;34,0;0,7375;0,7924528301886793
2025-10-09 16:31:02.500;p_shape;25244,0;25243,75;0,25;0,0009903441445902451;147,0;213,0;0,6901408450704225;19;104,0;163,0;22,0;35,0;0,7074829931972789;0,7652582159624414
2025-10-09 16:31:02.564;p_shape;25244,75;25244,0;0,75;0,002971003010616384;154,0;213,0;0,7230046948356808;19;103,0;163,0;22,0;35,0;0,6688311688311688;0,7652582159624414
2025-10-09 16:31:02.704;p_shape;25244,75;25244,5;0,25;0,0009903147220186575;149,0;213,0;0,6995305164319249;19;95,0;163,0;22,0;35,0;0,6375838926174496;0,7652582159624414
2025-10-09 16:31:02.760;p_shape;25244,75;25244,5;0,25;0,0009903147220186575;151,0;213,0;0,7089201877934272;19;95,0;163,0;22,0;35,0;0,6291390728476821;0,7652582159624414
2025-10-09 16:31:02.768;p_shape;25245,0;25244,75;0,25;0,0009903049148832926;151,0;213,0;0,7089201877934272;19;94,0;163,0;22,0;35,0;0,6225165562913907;0,7652582159624414
2025-10-09 16:31:02.856;p_shape;25244,75;25244,5;0,25;0,0009903147220186575;150,0;213,0;0,704225352112676;19;91,0;163,0;22,0;35,0;0,6066666666666667;0,7652582159624414
2025-10-09 16:31:17.436;d_shape;25236,0;25236,25;-0,25;-0,000990638466491654;98,0;167,0;0,5868263473053892;30;70,0;60,0;34,0;14,0;0,7142857142857143;0,3592814371257485
2025-10-09 16:31:17.508;d_shape;25235,5;25236,0;-0,5;-0,001981296560469171;98,0;168,0;0,5833333333333334;30;70,0;60,0;34,0;14,0;0,7142857142857143;0,35714285714285715
2025-10-09 16:31:17.896;d_shape;25236,0;25236,25;-0,25;-0,000990638466491654;97,0;179,0;0,5418994413407822;29;70,0;67,0;34,0;14,0;0,7216494845360825;0,3743016759776536
2025-10-09 16:31:17.900;d_shape;25235,75;25236,0;-0,25;-0,0009906482802345855;97,0;180,0;0,5388888888888889;29;70,0;67,0;34,0;14,0;0,7216494845360825;0,37222222222222223
2025-10-09 16:31:17.936;d_shape;25235,5;25235,75;-0,25;-0,0009906580941719584;97,0;183,0;0,5300546448087432;29;70,0;67,0;34,0;14,0;0,7216494845360825;0,366120218579235
2025-10-09 16:31:18.008;d_shape;25235,25;25235,5;-0,25;-0,0009906679083037785;98,0;183,0;0,5355191256830601;29;71,0;65,0;34,0;14,0;0,7244897959183674;0,3551912568306011
2025-10-09 16:31:18.140;d_shape;25235,25;25236,0;-0,75;-0,0029719448407037564;114,0;183,0;0,6229508196721312;29;87,0;65,0;34,0;14,0;0,7631578947368421;0,3551912568306011
2025-10-09 16:31:18.196;d_shape;25235,5;25235,75;-0,25;-0,0009906580941719584;116,0;180,0;0,6444444444444445;27;89,0;65,0;34,0;14,0;0,7672413793103449;0,3611111111111111
2025-10-09 16:31:18.368;d_shape;25235,5;25235,75;-0,25;-0,0009906580941719584;120,0;171,0;0,7017543859649122;25;95,0;60,0;34,0;14,0;0,7916666666666666;0,3508771929824561
2025-10-09 16:31:19.304;d_shape;25235,75;25236,0;-0,25;-0,0009906482802345855;140,0;162,0;0,8641975308641975;24;135,0;41,0;34,0;13,0;0,9642857142857143;0,25308641975308643
2025-10-09 16:31:20.784;d_shape;25235,25;25235,5;-0,25;-0,0009906679083037785;139,0;122,0;1,139344262295082;13;106,0;91,0;34,0;40,0;0,762589928057554;0,7459016393442623
2025-10-09 16:31:20.796;d_shape;25234,5;25235,25;-0,75;-0,002972033167890154;139,0;133,0;1,0451127819548873;13;106,0;91,0;34,0;40,0;0,762589928057554;0,6842105263157895
2025-10-09 16:31:23.920;d_shape;25230,0;25230,75;-0,75;-0,0029725632412829586;145,0;310,0;0,46774193548387094;33;103,0;63,0;35,0;10,0;0,7103448275862069;0,2032258064516129
2025-10-09 16:31:23.968;d_shape;25230,75;25231,0;-0,25;-0,0009908445959335738;154,0;312,0;0,4935897435897436;33;113,0;63,0;35,0;10,0;0,7337662337662337;0,20192307692307693
2025-10-09 16:31:24.192;d_shape;25230,75;25231,0;-0,25;-0,0009908445959335738;145,0;319,0;0,45454545454545453;33;113,0;63,0;35,0;10,0;0,7793103448275862;0,1974921630094044
2025-10-09 16:31:24.252;d_shape;25230,5;25230,75;-0,25;-0,000990854413760986;143,0;323,0;0,44272445820433437;33;113,0;63,0;35,0;10,0;0,7902097902097902;0,19504643962848298
2025-10-09 16:31:24.264;d_shape;25230,25;25230,5;-0,25;-0,0009908642317829613;137,0;326,0;0,42024539877300615;33;113,0;63,0;35,0;10,0;0,8248175182481752;0,19325153374233128
2025-10-09 16:31:24.404;d_shape;25229,75;25230,25;-0,5;-0,0019817480999990093;121,0;337,0;0,3590504451038576;33;113,0;63,0;35,0;10,0;0,9338842975206612;0,18694362017804153
2025-10-09 16:31:24.532;d_shape;25230,25;25230,5;-0,25;-0,0009908642317829613;120,0;344,0;0,3488372093023256;33;113,0;63,0;35,0;10,0;0,9416666666666667;0,18313953488372092
2025-10-09 16:31:24.676;d_shape;25230,25;25230,5;-0,25;-0,0009908642317829613;119,0;349,0;0,34097421203438394;33;113,0;63,0;35,0;10,0;0,9495798319327731;0,18051575931232092
2025-10-09 16:31:24.724;d_shape;25229,5;25230,5;-1,0;-0,003963456927131845;119,0;366,0;0,3251366120218579;33;113,0;63,0;35,0;10,0;0,9495798319327731;0,1721311475409836
2025-10-09 16:31:24.728;d_shape;25229,25;25229,5;-0,25;-0,0009909035058166035;119,0;374,0;0,3181818181818182;34;113,0;63,0;35,0;10,0;0,9495798319327731;0,16844919786096257
2025-10-09 16:31:24.736;d_shape;25228,5;25229,25;-0,75;-0,002972739974434436;121,0;391,0;0,309462915601023;37;115,0;82,0;35,0;14,0;0,9504132231404959;0,20971867007672634
2025-10-09 16:31:24.740;d_shape;25226,0;25228,5;-2,5;-0,009909427829637118;172,0;391,0;0,4398976982097187;47;168,0;157,0;35,0;42,0;0,9767441860465116;0,40153452685422
2025-10-09 16:31:24.748;d_shape;25227,5;25227,75;-0,25;-0,0009909722428674773;186,0;391,0;0,47570332480818417;46;183,0;157,0;35,0;42,0;0,9838709677419355;0,40153452685422
2025-10-09 16:31:24.752;d_shape;25227,0;25227,5;-0,5;-0,001981964126449311;202,0;391,0;0,5166240409207161;46;199,0;157,0;35,0;42,0;0,9851485148514851;0,40153452685422
2025-10-09 16:31:24.836;d_shape;25227,75;25228,0;-0,25;-0,0009909624227049311;207,0;391,0;0,5294117647058824;46;206,0;157,0;35,0;42,0;0,9951690821256038;0,40153452685422
2025-10-09 16:31:24.880;d_shape;25228,0;25228,25;-0,25;-0,0009909526027370111;209,0;391,0;0,5345268542199488;46;209,0;157,0;35,0;42,0;1,0;0,40153452685422
2025-10-09 16:31:27.504;p_shape;25230,0;25229,25;0,75;0,002972739974434436;252,0;175,0;1,44;21;109,0;175,0;19,0;29,0;0,43253968253968256;1,0
2025-10-09 16:31:27.648;p_shape;25229,75;25229,5;0,25;0,0009909035058166035;235,0;177,0;1,3276836158192091;21;109,0;177,0;19,0;29,0;0,46382978723404256;1,0
2025-10-09 16:31:27.748;p_shape;25229,75;25229,5;0,25;0,0009909035058166035;243,0;176,0;1,3806818181818181;21;109,0;176,0;19,0;29,0;0,448559670781893;1,0
2025-10-09 16:31:28.004;p_shape;25230,0;25229,25;0,75;0,002972739974434436;251,0;175,0;1,4342857142857144;21;109,0;175,0;19,0;29,0;0,4342629482071713;1,0
2025-10-09 16:31:28.088;p_shape;25230,25;25230,0;0,25;0,0009908838684106222;247,0;175,0;1,4114285714285715;21;109,0;175,0;19,0;29,0;0,44129554655870445;1,0
2025-10-09 16:31:28.252;p_shape;25230,5;25230,25;0,25;0,0009908740499995046;249,0;175,0;1,4228571428571428;21;109,0;175,0;19,0;29,0;0,43775100401606426;1,0
2025-10-09 16:31:28.404;p_shape;25230,25;25229,75;0,5;0,00198178737403264;253,0;175,0;1,4457142857142857;21;109,0;175,0;19,0;29,0;0,4308300395256917;1,0
2025-10-09 16:31:28.684;p_shape;25230,0;25229,75;0,25;0,00099089368701632;246,0;175,0;1,4057142857142857;21;109,0;175,0;19,0;29,0;0,44308943089430897;1,0
2025-10-09 16:31:28.688;p_shape;25230,5;25230,0;0,5;0,0019817677368212444;247,0;175,0;1,4114285714285715;21;109,0;175,0;19,0;29,0;0,44129554655870445;1,0
2025-10-09 16:31:28.752;p_shape;25231,25;25230,5;0,75;0,002972592695348883;251,0;175,0;1,4342857142857144;22;109,0;175,0;19,0;29,0;0,4342629482071713;1,0
2025-10-09 16:31:28.756;p_shape;25231,5;25231,25;0,25;0,0009908347783007183;254,0;175,0;1,4514285714285715;23;119,0;175,0;19,0;29,0;0,468503937007874;1,0
2025-10-09 16:31:28.760;p_shape;25231,75;25231,5;0,25;0,0009908249608624141;256,0;175,0;1,4628571428571429;24;119,0;167,0;19,0;29,0;0,46484375;0,9542857142857143
2025-10-09 16:31:28.764;p_shape;25232,0;25231,75;0,25;0,000990815143618655;260,0;175,0;1,4857142857142858;25;135,0;167,0;19,0;29,0;0,5192307692307693;0,9542857142857143
2025-10-09 16:31:28.768;p_shape;25232,25;25232,0;0,25;0,0009908053265694355;260,0;183,0;1,4207650273224044;27;155,0;164,0;20,0;29,0;0,5961538461538461;0,8961748633879781
2025-10-09 16:31:28.792;p_shape;25232,0;25231,75;0,25;0,000990815143618655;263,0;183,0;1,4371584699453552;27;155,0;164,0;20,0;29,0;0,5893536121673004;0,8961748633879781
2025-10-09 16:31:28.832;p_shape;25232,25;25232,0;0,25;0,0009908053265694355;264,0;185,0;1,427027027027027;27;155,0;166,0;20,0;29,0;0,5871212121212122;0,8972972972972973
2025-10-09 16:31:28.840;p_shape;25232,25;25232,0;0,25;0,0009908053265694355;265,0;187,0;1,4171122994652405;27;155,0;168,0;20,0;29,0;0,5849056603773585;0,8983957219251337
2025-10-09 16:31:28.848;p_shape;25232,5;25232,25;0,25;0,00099079550971475;266,0;192,0;1,3854166666666667;27;155,0;173,0;20,0;29,0;0,5827067669172933;0,9010416666666666
2025-10-09 16:31:28.912;p_shape;25232,5;25232,25;0,25;0,00099079550971475;261,0;196,0;1,3316326530612246;27;155,0;177,0;20,0;29,0;0,5938697318007663;0,9030612244897959
2025-10-09 16:31:29.000;p_shape;25232,5;25232,25;0,25;0,00099079550971475;247,0;196,0;1,260204081632653;27;155,0;177,0;20,0;29,0;0,6275303643724697;0,9030612244897959
2025-10-09 16:31:29.048;p_shape;25232,75;25232,0;0,75;0,002972415979708307;247,0;201,0;1,228855721393035;28;155,0;157,0;20,0;29,0;0,6275303643724697;0,7810945273631841
2025-10-09 16:31:29.260;p_shape;25232,25;25232,0;0,25;0,0009908053265694355;247,0;193,0;1,2797927461139897;27;155,0;174,0;20,0;29,0;0,6275303643724697;0,9015544041450777
2025-10-09 16:31:29.368;p_shape;25232,5;25232,25;0,25;0,00099079550971475;247,0;191,0;1,293193717277487;27;155,0;172,0;20,0;28,0;0,6275303643724697;0,900523560209424
2025-10-09 16:31:29.472;p_shape;25231,75;25231,5;0,25;0,0009908249608624141;253,0;181,0;1,3977900552486189;27;155,0;162,0;20,0;26,0;0,6126482213438735;0,8950276243093923
2025-10-09 16:31:29.488;p_shape;25232,0;25231,5;0,5;0,0019816499217248282;254,0;177,0;1,4350282485875707;27;155,0;158,0;20,0;25,0;0,610236220472441;0,8926553672316384
2025-10-09 16:31:29.596;p_shape;25232,25;25231,5;0,75;0,002972474882587242;258,0;177,0;1,4576271186440677;27;155,0;158,0;20,0;25,0;0,6007751937984496;0,8926553672316384
2025-10-09 16:31:29.728;p_shape;25232,25;25232,0;0,25;0,0009908053265694355;258,0;162,0;1,5925925925925926;27;155,0;143,0;20,0;25,0;0,6007751937984496;0,8827160493827161
2025-10-09 16:31:29.752;p_shape;25232,0;25231,75;0,25;0,000990815143618655;189,0;138,0;1,3695652173913044;23;128,0;110,0;28,0;20,0;0,6772486772486772;0,7971014492753623
2025-10-09 16:31:31.164;p_shape;25231,75;25231,25;0,5;0,0019816695566014365;141,0;103,0;1,3689320388349515;17;88,0;73,0;15,0;27,0;0,624113475177305;0,7087378640776699
2025-10-09 16:31:31.284;p_shape;25232,25;25231,75;0,5;0,00198163028723731;134,0;95,0;1,4105263157894736;17;78,0;73,0;15,0;27,0;0,582089552238806;0,7684210526315789
2025-10-09 16:31:31.316;p_shape;25232,5;25232,25;0,25;0,00099079550971475;135,0;95,0;1,4210526315789473;17;78,0;74,0;15,0;27,0;0,5777777777777777;0,7789473684210526
2025-10-09 16:31:31.464;p_shape;25232,0;25231,5;0,5;0,0019816499217248282;132,0;90,0;1,4666666666666666;17;72,0;74,0;15,0;27,0;0,5454545454545454;0,8222222222222222
2025-10-09 16:31:31.488;p_shape;25232,75;25232,0;0,75;0,002972415979708307;132,0;87,0;1,5172413793103448;17;72,0;75,0;15,0;27,0;0,5454545454545454;0,8620689655172413
2025-10-09 16:31:32.140;p_shape;25233,0;25232,5;0,5;0,0019815713861091847;130,0;86,0;1,5116279069767442;18;70,0;82,0;15,0;27,0;0,5384615384615384;0,9534883720930233
2025-10-09 16:31:32.152;p_shape;25232,75;25232,5;0,25;0,0009907856930545923;130,0;88,0;1,4772727272727273;18;70,0;84,0;15,0;27,0;0,5384615384615384;0,9545454545454546
2025-10-09 16:31:34.108;p_shape;25232,5;25232,25;0,25;0,00099079550971475;56,0;78,0;0,717948717948718;11;52,0;75,0;16,0;25,0;0,9285714285714286;0,9615384615384616
2025-10-09 16:31:34.120;p_shape;25232,75;25232,5;0,25;0,0009907856930545923;56,0;80,0;0,7;11;52,0;77,0;16,0;25,0;0,9285714285714286;0,9625
2025-10-09 16:31:34.756;p_shape;25232,5;25232,25;0,25;0,00099079550971475;44,0;85,0;0,5176470588235295;11;40,0;82,0;15,0;23,0;0,9090909090909091;0,9647058823529412
2025-10-09 16:31:34.768;p_shape;25232,75;25232,5;0,25;0,0009907856930545923;44,0;88,0;0,5;11;40,0;85,0;15,0;25,0;0,9090909090909091;0,9659090909090909
2025-10-09 16:31:36.272;p_shape;25232,5;25232,0;0,5;0,001981610653138871;64,0;79,0;0,810126582278481;13;58,0;75,0;17,0;24,0;0,90625;0,9493670886075949
2025-10-09 16:31:36.408;p_shape;25232,75;25232,5;0,25;0,0009907856930545923;64,0;78,0;0,8205128205128205;13;56,0;74,0;17,0;23,0;0,875;0,9487179487179487
2025-10-09 16:31:36.480;p_shape;25233,25;25232,75;0,5;0,0019815517531779135;64,0;78,0;0,8205128205128205;14;56,0;67,0;17,0;23,0;0,875;0,8589743589743589
2025-10-09 16:31:36.504;p_shape;25234,0;25233,25;0,75;0,0029722687327236883;64,0;83,0;0,7710843373493976;16;56,0;65,0;17,0;23,0;0,875;0,7831325301204819
2025-10-09 16:31:36.940;p_shape;25234,0;25233,0;1,0;0,0039630642412713515;68,0;85,0;0,8;16;56,0;67,0;17,0;22,0;0,8235294117647058;0,788235294117647
2025-10-09 16:31:37.288;p_shape;25233,5;25233,25;0,25;0,0009907562442412294;72,0;80,0;0,9;17;57,0;62,0;17,0;20,0;0,7916666666666666;0,775
2025-10-09 16:31:37.628;p_shape;25234,0;25233,25;0,75;0,0029722687327236883;75,0;80,0;0,9375;17;57,0;65,0;17,0;20,0;0,76;0,8125
2025-10-09 16:31:37.888;p_shape;25233,25;25233,0;0,25;0,0009907660603178379;78,0;78,0;1,0;17;57,0;65,0;17,0;20,0;0,7307692307692307;0,8333333333333334
2025-10-09 16:31:38.184;p_shape;25233,75;25233,25;0,5;0,001981512488482459;78,0;78,0;1,0;17;57,0;65,0;17,0;20,0;0,7307692307692307;0,8333333333333334
2025-10-09 16:31:38.296;p_shape;25233,75;25233,5;0,25;0,0009907464283591258;78,0;82,0;0,9512195121951219;17;57,0;69,0;17,0;20,0;0,7307692307692307;0,8414634146341463
2025-10-09 16:31:38.828;p_shape;25233,25;25232,75;0,5;0,0019815517531779135;60,0;95,0;0,631578947368421;17;39,0;82,0;14,0;20,0;0,65;0,8631578947368421
2025-10-09 16:31:46.500;p_shape;25234,0;25233,75;0,25;0,0009907366126715212;40,0;74,0;0,5405405405405406;10;26,0;55,0;8,0;20,0;0,65;0,7432432432432432
2025-10-09 16:32:01.648;p_shape;25230,25;25230,0;0,25;0,0009908838684106222;42,0;175,0;0,24;11;39,0;130,0;10,0;42,0;0,9285714285714286;0,7428571428571429
2025-10-09 16:32:01.780;p_shape;25230,0;25229,75;0,25;0,00099089368701632;40,0;182,0;0,21978021978021978;11;37,0;137,0;10,0;46,0;0,925;0,7527472527472527
2025-10-09 16:32:01.876;p_shape;25230,5;25230,0;0,5;0,0019817677368212444;37,0;183,0;0,20218579234972678;11;34,0;138,0;10,0;46,0;0,918918918918919;0,7540983606557377
2025-10-09 16:32:01.984;p_shape;25230,0;25229,5;0,5;0,001981807011633207;28,0;183,0;0,15300546448087432;11;23,0;138,0;9,0;47,0;0,8214285714285714;0,7540983606557377
2025-10-09 16:32:11.164;p_shape;25229,75;25229,0;0,75;0,002972769432002854;64,0;89,0;0,7191011235955056;13;38,0;69,0;14,0;25,0;0,59375;0,7752808988764045
2025-10-09 16:32:11.192;p_shape;25230,0;25229,75;0,25;0,00099089368701632;65,0;89,0;0,7303370786516854;13;38,0;69,0;14,0;25,0;0,5846153846153846;0,7752808988764045
2025-10-09 16:32:18.756;p_shape;25232,75;25232,25;0,5;0,0019815910194295;33,0;111,0;0,2972972972972973;18;17,0;106,0;4,0;46,0;0,5151515151515151;0,954954954954955
2025-10-09 16:32:19.152;p_shape;25232,75;25232,25;0,5;0,0019815910194295;44,0;114,0;0,38596491228070173;18;15,0;110,0;4,0;46,0;0,3409090909090909;0,9649122807017544
2025-10-09 16:32:19.412;p_shape;25232,75;25232,5;0,25;0,0009907856930545923;46,0;114,0;0,40350877192982454;16;14,0;109,0;4,0;46,0;0,30434782608695654;0,956140350877193
2025-10-09 16:32:19.536;p_shape;25233,0;25232,75;0,25;0,0009907758765889567;45,0;114,0;0,39473684210526316;16;12,0;109,0;2,0;46,0;0,26666666666666666;0,956140350877193
2025-10-09 16:32:19.860;p_shape;25233,25;25233,0;0,25;0,0009907660603178379;43,0;111,0;0,38738738738738737;14;18,0;106,0;10,0;46,0;0,4186046511627907;0,954954954954955
2025-10-09 16:32:19.952;p_shape;25233,5;25233,25;0,25;0,0009907562442412294;49,0;115,0;0,4260869565217391;14;18,0;110,0;10,0;46,0;0,3673469387755102;0,9565217391304348
2025-10-09 16:32:20.012;p_shape;25233,5;25233,25;0,25;0,0009907562442412294;50,0;116,0;0,43103448275862066;14;18,0;112,0;10,0;46,0;0,36;0,9655172413793104
2025-10-09 16:32:20.748;p_shape;25233,25;25232,0;1,25;0,004954026632847179;49,0;113,0;0,4336283185840708;11;32,0;100,0;10,0;45,0;0,6530612244897959;0,8849557522123894
2025-10-09 16:32:21.276;p_shape;25234,25;25232,75;1,5;0,005944655259533741;57,0;88,0;0,6477272727272727;13;34,0;65,0;10,0;40,0;0,5964912280701754;0,7386363636363636
2025-10-09 16:32:29.716;p_shape;25229,0;25228,5;0,5;0,0019818855659274235;44,0;60,0;0,7333333333333333;11;24,0;56,0;11,0;24,0;0,5454545454545454;0,9333333333333333
2025-10-09 16:32:29.736;p_shape;25229,5;25229,0;0,5;0,0019818462880019025;44,0;65,0;0,676923076923077;11;24,0;61,0;11,0;25,0;0,5454545454545454;0,9384615384615385
2025-10-09 16:32:29.852;p_shape;25229,0;25228,75;0,25;0,000990932963385027;44,0;67,0;0,6567164179104478;11;24,0;63,0;11,0;26,0;0,5454545454545454;0,9402985074626866
2025-10-09 16:32:30.816;p_shape;25229,0;25228,75;0,25;0,000990932963385027;43,0;60,0;0,7166666666666667;11;24,0;56,0;11,0;25,0;0,5581395348837209;0,9333333333333333
2025-10-09 16:32:34.372;p_shape;25228,75;25228,0;0,75;0,002972887268114793;65,0;57,0;1,1403508771929824;12;46,0;54,0;16,0;21,0;0,7076923076923077;0,9473684210526315
2025-10-09 16:32:34.440;p_shape;25228,75;25228,5;0,25;0,0009909427829637117;84,0;56,0;1,5;12;46,0;53,0;16,0;20,0;0,5476190476190477;0,9464285714285714
2025-10-09 16:32:34.448;p_shape;25229,0;25228,75;0,25;0,000990932963385027;84,0;57,0;1,4736842105263157;12;46,0;54,0;16,0;21,0;0,5476190476190477;0,9473684210526315
2025-10-09 16:32:34.496;p_shape;25229,0;25228,5;0,5;0,0019818855659274235;94,0;59,0;1,5932203389830508;12;46,0;56,0;16,0;23,0;0,48936170212765956;0,9491525423728814
2025-10-09 16:32:34.508;p_shape;25229,5;25229,0;0,5;0,0019818462880019025;94,0;60,0;1,5666666666666667;12;46,0;57,0;16,0;23,0;0,48936170212765956;0,95
2025-10-09 16:32:34.532;p_shape;25229,75;25229,5;0,25;0,0009909035058166035;94,0;64,0;1,46875;13;69,0;61,0;23,0;23,0;0,7340425531914894;0,953125
2025-10-09 16:32:34.828;p_shape;25230,0;25229,25;0,75;0,002972739974434436;93,0;61,0;1,5245901639344261;14;69,0;55,0;23,0;21,0;0,7419354838709677;0,9016393442622951
2025-10-09 16:32:35.016;p_shape;25229,25;25229,0;0,25;0,0009909231440009512;93,0;67,0;1,3880597014925373;14;69,0;61,0;23,0;21,0;0,7419354838709677;0,9104477611940298
2025-10-09 16:32:35.500;p_shape;25229,25;25229,0;0,25;0,0009909231440009512;93,0;78,0;1,1923076923076923;14;69,0;72,0;23,0;25,0;0,7419354838709677;0,9230769230769231
2025-10-09 16:32:35.644;p_shape;25229,75;25229,25;0,5;0,0019818266496229578;93,0;81,0;1,1481481481481481;14;69,0;75,0;23,0;25,0;0,7419354838709677;0,9259259259259259
2025-10-09 16:32:36.088;p_shape;25229,25;25229,0;0,25;0,0009909231440009512;93,0;83,0;1,1204819277108433;14;69,0;77,0;23,0;25,0;0,7419354838709677;0,927710843373494
2025-10-09 16:32:36.344;p_shape;25229,5;25229,25;0,25;0,0009909133248114789;93,0;81,0;1,1481481481481481;14;69,0;75,0;23,0;24,0;0,7419354838709677;0,9259259259259259
2025-10-09 16:32:36.816;p_shape;25229,25;25228,75;0,5;0,001981865926770054;80,0;74,0;1,0810810810810811;14;51,0;68,0;17,0;22,0;0,6375;0,918918918918919
2025-10-09 16:32:39.016;d_shape;25228,0;25228,25;-0,25;-0,0009909526027370111;47,0;63,0;0,746031746031746;10;47,0;52,0;20,0;16,0;1,0;0,8253968253968254
2025-10-09 16:32:39.120;d_shape;25227,75;25228,0;-0,25;-0,0009909624227049311;46,0;66,0;0,696969696969697;10;46,0;52,0;20,0;16,0;1,0;0,7878787878787878
2025-10-09 16:32:39.184;d_shape;25227,25;25227,75;-0,5;-0,0019819444857349547;46,0;68,0;0,6764705882352942;11;46,0;54,0;20,0;16,0;1,0;0,7941176470588235
2025-10-09 16:32:49.316;p_shape;25234,5;25234,25;0,25;0,0009907169818797865;54,0;54,0;1,0;10;12,0;50,0;6,0;25,0;0,2222222222222222;0,9259259259259259
2025-10-09 16:32:49.652;p_shape;25234,75;25234,25;0,5;0,001981433963759573;52,0;61,0;0,8524590163934426;10;10,0;60,0;6,0;26,0;0,19230769230769232;0,9836065573770492
2025-10-09 16:32:52.400;p_shape;25235,0;25234,75;0,25;0,0009906973518659784;33,0;72,0;0,4583333333333333;10;31,0;53,0;18,0;21,0;0,9393939393939394;0,7361111111111112
2025-10-09 16:32:52.420;p_shape;25235,25;25235,0;0,25;0,0009906875371507827;33,0;74,0;0,44594594594594594;11;31,0;55,0;18,0;21,0;0,9393939393939394;0,7432432432432432
2025-10-09 16:32:55.404;p_shape;25236,75;25236,25;0,5;0,001981276932983308;74,0;71,0;1,0422535211267605;18;21,0;53,0;6,0;26,0;0,28378378378378377;0,7464788732394366
2025-10-09 16:32:55.480;p_shape;25236,5;25236,25;0,25;0,000990638466491654;76,0;71,0;1,0704225352112675;18;21,0;53,0;6,0;26,0;0,27631578947368424;0,7464788732394366
2025-10-09 16:32:55.484;p_shape;25236,75;25236,5;0,25;0,0009906286529431578;76,0;73,0;1,0410958904109588;18;21,0;55,0;6,0;28,0;0,27631578947368424;0,7534246575342466
2025-10-09 16:32:55.708;p_shape;25236,75;25236,5;0,25;0,0009906286529431578;77,0;73,0;1,0547945205479452;18;21,0;56,0;6,0;29,0;0,2727272727272727;0,7671232876712328
2025-10-09 16:32:56.280;p_shape;25236,75;25236,5;0,25;0,0009906286529431578;72,0;71,0;1,0140845070422535;16;14,0;55,0;6,0;30,0;0,19444444444444445;0,7746478873239436
2025-10-09 16:32:56.600;p_shape;25237,0;25236,75;0,25;0,0009906188395890914;72,0;73,0;0,9863013698630136;16;14,0;57,0;6,0;31,0;0,19444444444444445;0,7808219178082192
2025-10-09 16:32:56.916;p_shape;25236,75;25236,5;0,25;0,0009906286529431578;66,0;75,0;0,88;14;9,0;59,0;4,0;32,0;0,13636363636363635;0,7866666666666666
2025-10-09 16:32:57.200;p_shape;25237,0;25236,75;0,25;0,0009906188395890914;66,0;72,0;0,9166666666666666;13;15,0;60,0;6,0;32,0;0,22727272727272727;0,8333333333333334
2025-10-09 16:32:57.412;p_shape;25236,75;25236,5;0,25;0,0009906286529431578;60,0;70,0;0,8571428571428571;10;19,0;63,0;10,0;34,0;0,31666666666666665;0,9
2025-10-09 16:33:04.572;p_shape;25237,75;25237,0;0,75;0,0029718270792883465;41,0;79,0;0,5189873417721519;14;14,0;67,0;6,0;20,0;0,34146341463414637;0,8481012658227848
2025-10-09 16:33:05.464;p_shape;25237,75;25237,25;0,5;0,0019811984269284487;38,0;74,0;0,5135135135135135;10;14,0;61,0;5,0;25,0;0,3684210526315789;0,8243243243243243
2025-10-09 16:33:07.032;p_shape;25238,75;25238,25;0,5;0,0019811199270947867;53,0;52,0;1,0192307692307692;10;45,0;37,0;27,0;20,0;0,8490566037735849;0,7115384615384616
2025-10-09 16:33:07.204;p_shape;25238,5;25238,25;0,25;0,0009905599635473934;54,0;54,0;1,0;10;45,0;39,0;27,0;20,0;0,8333333333333334;0,7222222222222222
2025-10-09 16:33:10.960;d_shape;25238,0;25238,25;-0,25;-0,0009905599635473934;58,0;184,0;0,31521739130434784;20;58,0;94,0;20,0;19,0;1,0;0,5108695652173914
2025-10-09 16:33:11.052;d_shape;25238,0;25238,5;-0,5;-0,0019811003031083465;57,0;187,0;0,3048128342245989;20;57,0;94,0;21,0;19,0;1,0;0,5026737967914439
2025-10-09 16:33:14.600;p_shape;25240,0;25239,75;0,25;0,0009905010945037093;60,0;62,0;0,967741935483871;10;55,0;44,0;14,0;20,0;0,9166666666666666;0,7096774193548387
2025-10-09 16:33:14.776;p_shape;25240,25;25240,0;0,25;0,0009904912836767037;60,0;62,0;0,967741935483871;11;56,0;44,0;14,0;20,0;0,9333333333333333;0,7096774193548387
2025-10-09 16:33:27.016;p_shape;25245,75;25245,25;0,5;0,001980570602390549;233,0;112,0;2,080357142857143;20;118,0;106,0;29,0;20,0;0,5064377682403434;0,9464285714285714
2025-10-09 16:33:28.488;d_shape;25244,75;25245,25;-0,5;-0,001980570602390549;129,0;104,0;1,2403846153846154;11;106,0;92,0;27,0;20,0;0,8217054263565892;0,8846153846153846
2025-10-09 16:33:29.288;d_shape;25244,25;25245,0;-0,75;-0,0029708853238265003;111,0;102,0;1,088235294117647;11;88,0;86,0;20,0;20,0;0,7927927927927928;0,8431372549019608
2025-10-09 16:33:29.292;d_shape;25244,0;25244,25;-0,25;-0,0009903245293482674;113,0;102,0;1,107843137254902;12;81,0;86,0;20,0;20,0;0,7168141592920354;0,8431372549019608
2025-10-09 16:33:30.448;p_shape;25246,0;25245,75;0,25;0,0009902656882841668;68,0;85,0;0,8;10;42,0;76,0;17,0;23,0;0,6176470588235294;0,8941176470588236
2025-10-09 16:33:30.540;p_shape;25246,25;25246,0;0,25;0,0009902558821199398;66,0;87,0;0,7586206896551724;10;42,0;78,0;17,0;23,0;0,6363636363636364;0,896551724137931
2025-10-09 16:33:35.768;d_shape;25240,75;25241,0;-0,25;-0,0009904520423121112;36,0;126,0;0,2857142857142857;20;36,0;33,0;22,0;8,0;1,0;0,2619047619047619
2025-10-09 16:33:35.996;d_shape;25240,75;25241,0;-0,25;-0,0009904520423121112;41,0;120,0;0,3416666666666667;19;41,0;31,0;23,0;8,0;1,0;0,25833333333333336
2025-10-09 16:33:39.228;d_shape;25241,75;25242,0;-0,25;-0,000990412804056731;51,0;59,0;0,864406779661017;18;44,0;17,0;24,0;6,0;0,8627450980392157;0,288135593220339
2025-10-09 16:33:39.472;d_shape;25241,5;25242,0;-0,5;-0,001980825608113462;55,0;56,0;0,9821428571428571;18;48,0;17,0;24,0;6,0;0,8727272727272727;0,30357142857142855
2025-10-09 16:33:41.220;d_shape;25242,5;25242,75;-0,25;-0,0009903833774053935;40,0;47,0;0,851063829787234;17;36,0;17,0;21,0;6,0;0,9;0,3617021276595745
2025-10-09 16:33:55.044;p_shape;25243,0;25242,25;0,75;0,0029712089849359704;46,0;47,0;0,9787234042553191;13;41,0;47,0;12,0;25,0;0,8913043478260869;1,0
2025-10-09 16:33:55.620;p_shape;25243,5;25243,0;0,5;0,001980747137820386;43,0;50,0;0,86;12;41,0;42,0;12,0;25,0;0,9534883720930233;0,84
2025-10-09 16:33:55.868;p_shape;25243,75;25243,5;0,25;0,0009903539525026245;36,0;53,0;0,6792452830188679;12;36,0;43,0;12,0;25,0;1,0;0,8113207547169812
2025-10-09 16:33:56.476;p_shape;25243,25;25242,75;0,5;0,001980766754810787;33,0;56,0;0,5892857142857143;14;29,0;40,0;12,0;25,0;0,8787878787878788;0,7142857142857143
2025-10-09 16:33:58.376;p_shape;25243,0;25242,75;0,25;0,0009903833774053935;26,0;54,0;0,48148148148148145;13;19,0;42,0;7,0;23,0;0,7307692307692307;0,7777777777777778
2025-10-09 16:34:28.712;p_shape;25237,0;25236,5;0,5;0,0019812573058863156;56,0;122,0;0,45901639344262296;14;51,0;87,0;15,0;45,0;0,9107142857142857;0,7131147540983607
2025-10-09 16:34:28.984;p_shape;25236,75;25236,25;0,5;0,001981276932983308;52,0;126,0;0,4126984126984127;13;51,0;98,0;15,0;48,0;0,9807692307692307;0,7777777777777778
2025-10-09 16:34:29.244;p_shape;25237,0;25236,25;0,75;0,0029719153994749612;57,0;120,0;0,475;12;45,0;92,0;15,0;48,0;0,7894736842105263;0,7666666666666667
2025-10-09 16:34:29.404;p_shape;25237,0;25236,5;0,5;0,0019812573058863156;59,0;120,0;0,49166666666666664;12;45,0;92,0;15,0;48,0;0,7627118644067796;0,7666666666666667
2025-10-09 16:34:38.684;p_shape;25233,75;25233,25;0,5;0,001981512488482459;43,0;62,0;0,6935483870967742;10;23,0;54,0;13,0;21,0;0,5348837209302325;0,8709677419354839
2025-10-09 16:35:01.768;d_shape;25227,25;25227,5;-0,25;-0,0009909820632246556;47,0;154,0;0,3051948051948052;12;42,0;109,0;22,0;42,0;0,8936170212765957;0,7077922077922078
2025-10-09 16:35:01.956;d_shape;25227,5;25228,0;-0,5;-0,0019819248454098623;49,0;158,0;0,310126582278481;12;45,0;109,0;25,0;42,0;0,9183673469387755;0,689873417721519
2025-10-09 16:35:02.040;d_shape;25227,5;25227,75;-0,25;-0,0009909722428674773;49,0;157,0;0,31210191082802546;11;45,0;117,0;25,0;42,0;0,9183673469387755;0,7452229299363057
2025-10-09 16:35:02.068;d_shape;25227,25;25227,5;-0,25;-0,0009909820632246556;49,0;159,0;0,3081761006289308;11;45,0;117,0;25,0;42,0;0,9183673469387755;0,7358490566037735
2025-10-09 16:35:02.316;d_shape;25227,5;25227,75;-0,25;-0,0009909722428674773;49,0;160,0;0,30625;10;36,0;109,0;25,0;42,0;0,7346938775510204;0,68125
2025-10-09 16:35:02.360;d_shape;25227,25;25227,5;-0,25;-0,0009909820632246556;49,0;161,0;0,30434782608695654;10;36,0;109,0;25,0;42,0;0,7346938775510204;0,6770186335403726
2025-10-09 16:35:02.700;d_shape;25227,25;25227,75;-0,5;-0,0019819444857349547;49,0;158,0;0,310126582278481;10;36,0;102,0;25,0;42,0;0,7346938775510204;0,6455696202531646
2025-10-09 16:35:02.720;d_shape;25227,0;25227,25;-0,25;-0,0009909918837764718;52,0;158,0;0,3291139240506329;10;39,0;102,0;25,0;42,0;0,75;0,6455696202531646
2025-10-09 16:35:02.728;d_shape;25226,75;25227,0;-0,25;-0,0009910017045229318;58,0;158,0;0,3670886075949367;11;45,0;114,0;25,0;42,0;0,7758620689655172;0,7215189873417721
2025-10-09 16:35:02.760;d_shape;25226,75;25227,0;-0,25;-0,0009910017045229318;61,0;158,0;0,3860759493670886;11;48,0;114,0;25,0;42,0;0,7868852459016393;0,7215189873417721
2025-10-09 16:35:02.876;d_shape;25227,0;25227,25;-0,25;-0,0009909918837764718;62,0;159,0;0,389937106918239;11;49,0;114,0;25,0;42,0;0,7903225806451613;0,7169811320754716
2025-10-09 16:35:02.972;d_shape;25227,0;25227,5;-0,5;-0,001981964126449311;63,0;161,0;0,391304347826087;11;50,0;112,0;25,0;42,0;0,7936507936507936;0,6956521739130435
2025-10-09 16:35:03.648;d_shape;25227,25;25227,75;-0,5;-0,0019819444857349547;65,0;177,0;0,3672316384180791;11;54,0;113,0;28,0;38,0;0,8307692307692308;0,6384180790960452
2025-10-09 16:35:11.812;d_shape;25221,75;25222,25;-0,5;-0,001982376671391331;123,0;243,0;0,5061728395061729;34;97,0;114,0;20,0;30,0;0,7886178861788617;0,4691358024691358
2025-10-09 16:35:11.848;d_shape;25221,75;25222,25;-0,5;-0,001982376671391331;124,0;243,0;0,5102880658436214;34;99,0;114,0;21,0;30,0;0,7983870967741935;0,4691358024691358
2025-10-09 16:35:11.972;d_shape;25222,25;25222,5;-0,25;-0,000991178511249876;130,0;244,0;0,5327868852459017;34;105,0;114,0;24,0;30,0;0,8076923076923077;0,4672131147540984
2025-10-09 16:35:11.976;d_shape;25222,0;25222,25;-0,25;-0,0009911883356956655;131,0;244,0;0,5368852459016393;34;106,0;114,0;24,0;30,0;0,8091603053435115;0,4672131147540984
2025-10-09 16:35:11.988;d_shape;25222,25;25222,5;-0,25;-0,000991178511249876;132,0;246,0;0,5365853658536586;34;107,0;114,0;24,0;30,0;0,8106060606060606;0,4634146341463415
2025-10-09 16:35:12.064;d_shape;25221,5;25222,25;-0,75;-0,002973565007086997;134,0;246,0;0,5447154471544715;34;109,0;114,0;24,0;30,0;0,8134328358208955;0,4634146341463415
2025-10-09 16:35:12.124;d_shape;25221,25;25221,5;-0,25;-0,0009912178102016139;135,0;246,0;0,5487804878048781;34;110,0;114,0;24,0;30,0;0,8148148148148148;0,4634146341463415
2025-10-09 16:35:15.116;p_shape;25224,5;25224,25;0,25;0,0009911097455821284;158,0;177,0;0,8926553672316384;23;123,0;129,0;26,0;37,0;0,7784810126582279;0,7288135593220338
2025-10-09 16:35:16.136;d_shape;25221,5;25221,75;-0,25;-0,0009912079851715286;143,0;107,0;1,3364485981308412;23;108,0;86,0;24,0;17,0;0,7552447552447552;0,8037383177570093
2025-10-09 16:35:16.144;d_shape;25221,25;25221,5;-0,25;-0,0009912178102016139;145,0;107,0;1,355140186915888;23;110,0;86,0;24,0;17,0;0,7586206896551724;0,8037383177570093
2025-10-09 16:35:16.148;d_shape;25221,0;25221,25;-0,25;-0,0009912276354264757;155,0;107,0;1,4485981308411215;23;120,0;86,0;27,0;17,0;0,7741935483870968;0,8037383177570093
2025-10-09 16:35:16.152;d_shape;25220,75;25221,0;-0,25;-0,0009912374608461202;157,0;107,0;1,4672897196261683;23;122,0;86,0;27,0;17,0;0,7770700636942676;0,8037383177570093
2025-10-09 16:35:16.160;d_shape;25220,5;25220,75;-0,25;-0,0009912472864605534;158,0;107,0;1,4766355140186915;23;123,0;86,0;27,0;17,0;0,7784810126582279;0,8037383177570093
2025-10-09 16:35:16.376;d_shape;25221,5;25222,0;-0,5;-0,0019823963206724287;129,0;96,0;1,34375;23;94,0;85,0;22,0;17,0;0,7286821705426356;0,8854166666666666
2025-10-09 16:35:16.404;d_shape;25221,5;25222,0;-0,5;-0,0019823963206724287;128,0;96,0;1,3333333333333333;22;93,0;83,0;22,0;17,0;0,7265625;0,8645833333333334
2025-10-09 16:35:20.796;d_shape;25218,0;25218,5;-0,5;-0,0019826714515137696;111,0;225,0;0,49333333333333335;26;79,0;97,0;20,0;45,0;0,7117117117117117;0,4311111111111111
2025-10-09 16:35:21.032;d_shape;25218,0;25218,25;-0,25;-0,0009913455533195204;111,0;223,0;0,4977578475336323;24;79,0;95,0;20,0;45,0;0,7117117117117117;0,4260089686098655
2025-10-09 16:35:21.036;d_shape;25217,75;25218,0;-0,25;-0,0009913553810770085;111,0;224,0;0,4955357142857143;24;79,0;95,0;20,0;45,0;0,7117117117117117;0,42410714285714285
2025-10-09 16:35:21.040;d_shape;25217,5;25217,75;-0,25;-0,0009913652090293543;111,0;225,0;0,49333333333333335;24;79,0;95,0;20,0;45,0;0,7117117117117117;0,4222222222222222
2025-10-09 16:35:21.176;d_shape;25217,75;25218,0;-0,25;-0,0009913553810770085;88,0;228,0;0,38596491228070173;24;79,0;95,0;20,0;45,0;0,8977272727272727;0,4166666666666667
2025-10-09 16:35:21.180;d_shape;25217,5;25217,75;-0,25;-0,0009913652090293543;88,0;229,0;0,38427947598253276;24;79,0;95,0;20,0;45,0;0,8977272727272727;0,4148471615720524
2025-10-09 16:35:21.184;d_shape;25217,25;25217,5;-0,25;-0,0009913750371765638;88,0;230,0;0,3826086956521739;24;79,0;95,0;20,0;45,0;0,8977272727272727;0,41304347826086957
2025-10-09 16:35:21.208;d_shape;25216,75;25217,25;-0,5;-0,001982769731037286;88,0;236,0;0,3728813559322034;24;79,0;95,0;20,0;45,0;0,8977272727272727;0,4025423728813559
2025-10-09 16:35:21.216;d_shape;25216,5;25216,75;-0,25;-0,000991404522787433;91,0;237,0;0,38396624472573837;25;82,0;102,0;20,0;45,0;0,9010989010989011;0,43037974683544306
2025-10-09 16:35:21.492;d_shape;25216,75;25217,25;-0,5;-0,001982769731037286;86,0;244,0;0,3524590163934426;25;84,0;102,0;20,0;45,0;0,9767441860465116;0,4180327868852459
2025-10-09 16:35:21.868;d_shape;25216,25;25216,75;-0,5;-0,001982809045574866;89,0;245,0;0,363265306122449;25;89,0;119,0;20,0;45,0;1,0;0,4857142857142857
2025-10-09 16:35:22.068;d_shape;25216,75;25217,0;-0,25;-0,0009913946940555973;89,0;241,0;0,36929460580912865;23;89,0;145,0;20,0;45,0;1,0;0,6016597510373444
2025-10-09 16:35:22.236;d_shape;25216,5;25217,0;-0,5;-0,0019827893881111947;89,0;244,0;0,36475409836065575;22;89,0;140,0;20,0;45,0;1,0;0,5737704918032787
2025-10-09 16:35:22.268;d_shape;25216,5;25217,0;-0,5;-0,0019827893881111947;89,0;246,0;0,3617886178861789;22;89,0;140,0;20,0;45,0;1,0;0,5691056910569106
2025-10-09 16:35:22.320;d_shape;25216,25;25216,5;-0,25;-0,0009914143517141553;89,0;247,0;0,3603238866396761;22;89,0;140,0;20,0;45,0;1,0;0,5668016194331984
2025-10-09 16:35:22.420;d_shape;25216,0;25216,75;-0,75;-0,002974213568362299;89,0;251,0;0,3545816733067729;23;89,0;171,0;20,0;45,0;1,0;0,6812749003984063
2025-10-09 16:35:22.560;d_shape;25216,0;25216,5;-0,5;-0,0019828287034283107;89,0;256,0;0,34765625;23;89,0;171,0;20,0;45,0;1,0;0,66796875
2025-10-09 16:35:22.564;d_shape;25215,75;25216,0;-0,25;-0,0009914340101522842;89,0;259,0;0,3436293436293436;24;70,0;171,0;20,0;45,0;0,7865168539325843;0,6602316602316602
2025-10-09 16:35:22.572;d_shape;25215,5;25215,75;-0,25;-0,0009914438396637023;93,0;259,0;0,3590733590733591;25;74,0;192,0;20,0;45,0;0,7956989247311828;0,7413127413127413
2025-10-09 16:35:23.700;d_shape;25216,0;25216,25;-0,25;-0,0009914241808357705;126,0;167,0;0,7544910179640718;18;91,0;110,0;24,0;31,0;0,7222222222222222;0,6586826347305389
2025-10-09 16:35:30.140;d_shape;25218,25;25219,0;-0,75;-0,0029739482136484398;72,0;113,0;0,6371681415929203;14;72,0;41,0;24,0;11,0;1,0;0,36283185840707965
2025-10-09 16:35:30.324;d_shape;25218,0;25218,25;-0,25;-0,0009913455533195204;74,0;124,0;0,5967741935483871;14;74,0;41,0;23,0;11,0;1,0;0,33064516129032256
2025-10-09 16:35:30.328;d_shape;25217,75;25218,0;-0,25;-0,0009913553810770085;76,0;116,0;0,6551724137931034;14;76,0;41,0;23,0;11,0;1,0;0,35344827586206895
2025-10-09 16:35:30.424;d_shape;25218,5;25219,25;-0,75;-0,002973918732714097;73,0;123,0;0,5934959349593496;14;73,0;41,0;20,0;11,0;1,0;0,3333333333333333
2025-10-09 16:35:30.428;d_shape;25218,25;25218,5;-0,25;-0,0009913357257568848;74,0;123,0;0,6016260162601627;14;74,0;41,0;20,0;11,0;1,0;0,3333333333333333
2025-10-09 16:35:30.432;d_shape;25218,0;25218,25;-0,25;-0,0009913455533195204;76,0;123,0;0,6178861788617886;14;76,0;41,0;22,0;11,0;1,0;0,3333333333333333
2025-10-09 16:35:30.436;d_shape;25217,75;25218,0;-0,25;-0,0009913553810770085;78,0;123,0;0,6341463414634146;14;78,0;41,0;22,0;11,0;1,0;0,3333333333333333
2025-10-09 16:35:30.444;d_shape;25217,5;25217,75;-0,25;-0,0009913652090293543;80,0;123,0;0,6504065040650406;15;80,0;60,0;22,0;19,0;1,0;0,4878048780487805
2025-10-09 16:35:30.908;d_shape;25218,0;25218,25;-0,25;-0,0009913455533195204;82,0;117,0;0,7008547008547008;15;82,0;60,0;21,0;19,0;1,0;0,5128205128205128
2025-10-09 16:35:31.020;d_shape;25218,25;25218,5;-0,25;-0,0009913357257568848;82,0;126,0;0,6507936507936508;15;82,0;60,0;21,0;19,0;1,0;0,47619047619047616
2025-10-09 16:35:37.864;p_shape;25221,5;25221,25;0,25;0,0009912276354264757;100,0;85,0;1,1764705882352942;24;52,0;81,0;8,0;20,0;0,52;0,9529411764705882
2025-10-09 16:35:38.012;p_shape;25221,25;25220,75;0,5;0,001982494572921107;102,0;84,0;1,2142857142857142;24;52,0;81,0;8,0;20,0;0,5098039215686274;0,9642857142857143
2025-10-09 16:35:38.120;p_shape;25221,0;25220,75;0,25;0,0009912472864605534;92,0;84,0;1,0952380952380953;23;47,0;81,0;8,0;20,0;0,5108695652173914;0,9642857142857143
2025-10-09 16:35:38.352;p_shape;25221,25;25220,75;0,5;0,001982494572921107;86,0;84,0;1,0238095238095237;23;39,0;81,0;8,0;20,0;0,45348837209302323;0,9642857142857143
2025-10-09 16:35:38.388;p_shape;25221,25;25220,75;0,5;0,001982494572921107;86,0;84,0;1,0238095238095237;23;37,0;81,0;8,0;20,0;0,43023255813953487;0,9642857142857143
2025-10-09 16:35:38.900;p_shape;25221,75;25221,25;0,5;0,0019824552708529513;73,0;85,0;0,8588235294117647;17;33,0;82,0;8,0;20,0;0,4520547945205479;0,9647058823529412
2025-10-09 16:35:39.040;p_shape;25221,75;25221,25;0,5;0,0019824552708529513;73,0;82,0;0,8902439024390244;15;35,0;76,0;8,0;20,0;0,4794520547945205;0,926829268292683
2025-10-09 16:35:52.080;d_shape;25225,25;25225,5;-0,25;-0,0009910606330895324;117,0;66,0;1,7727272727272727;13;96,0;48,0;35,0;10,0;0,8205128205128205;0,7272727272727273
2025-10-09 16:35:52.508;d_shape;25225,25;25225,5;-0,25;-0,0009910606330895324;115,0;68,0;1,6911764705882353;12;94,0;42,0;35,0;10,0;0,8173913043478261;0,6176470588235294
2025-10-09 16:36:20.952;p_shape;25220,25;25220,0;0,25;0,0009912767644726407;85,0;91,0;0,9340659340659341;20;40,0;71,0;15,0;20,0;0,47058823529411764;0,7802197802197802
2025-10-09 16:36:21.000;p_shape;25220,25;25219,75;0,5;0,0019825731817325705;97,0;93,0;1,043010752688172;20;40,0;73,0;15,0;20,0;0,41237113402061853;0,7849462365591398
2025-10-09 16:37:07.844;p_shape;25222,75;25222,0;0,75;0,002973594481008643;53,0;61,0;0,8688524590163934;13;30,0;51,0;8,0;21,0;0,5660377358490566;0,8360655737704918
2025-10-09 16:37:07.980;p_shape;25222,25;25222,0;0,25;0,0009911981603362143;54,0;64,0;0,84375;13;30,0;54,0;8,0;21,0;0,5555555555555556;0,84375
2025-10-09 16:37:08.036;p_shape;25222,5;25222,25;0,25;0,0009911883356956655;55,0;64,0;0,859375;13;30,0;54,0;8,0;21,0;0,5454545454545454;0,84375
2025-10-09 16:37:10.600;p_shape;25225,0;25224,75;0,25;0,0009910901000009912;81,0;70,0;1,1571428571428573;22;43,0;49,0;9,0;21,0;0,5308641975308642;0,7
2025-10-09 16:37:11.008;p_shape;25225,25;25224,75;0,5;0,0019821802000019825;83,0;63,0;1,3174603174603174;21;46,0;49,0;9,0;21,0;0,5542168674698795;0,7777777777777778
2025-10-09 16:37:11.220;p_shape;25225,5;25225,25;0,25;0,00099107045519866;86,0;63,0;1,3650793650793651;21;46,0;49,0;9,0;21,0;0,5348837209302325;0,7777777777777778
2025-10-09 16:37:11.968;p_shape;25226,75;25226,5;0,25;0,0009910213465998056;68,0;66,0;1,0303030303030303;22;42,0;53,0;17,0;21,0;0,6176470588235294;0,803030303030303
2025-10-09 16:37:12.500;p_shape;25226,75;25225,5;1,25;0,004955303165447662;90,0;60,0;1,5;23;47,0;53,0;17,0;21,0;0,5222222222222223;0,8833333333333333
2025-10-09 16:37:12.628;p_shape;25226,25;25226,0;0,25;0,000991040989455324;93,0;60,0;1,55;23;45,0;53,0;17,0;21,0;0,4838709677419355;0,8833333333333333
2025-10-09 16:37:12.748;p_shape;25227,0;25226,0;1,0;0,003964163957821296;98,0;60,0;1,6333333333333333;23;45,0;53,0;17,0;21,0;0,45918367346938777;0,8833333333333333
2025-10-09 16:37:12.808;p_shape;25227,5;25227,0;0,5;0,0019820034090458636;99,0;60,0;1,65;23;45,0;53,0;17,0;21,0;0,45454545454545453;0,8833333333333333
2025-10-09 16:37:17.056;p_shape;25232,75;25232,5;0,25;0,0009907856930545923;235,0;82,0;2,8658536585365852;29;100,0;67,0;26,0;20,0;0,425531914893617;0,8170731707317073
2025-10-09 16:37:17.380;p_shape;25232,25;25231,75;0,5;0,00198163028723731;224,0;87,0;2,574712643678161;29;87,0;72,0;26,0;20,0;0,38839285714285715;0,8275862068965517
2025-10-09 16:37:17.572;p_shape;25231,75;25231,5;0,25;0,0009908249608624141;215,0;94,0;2,2872340425531914;26;77,0;79,0;26,0;20,0;0,3581395348837209;0,8404255319148937
2025-10-09 16:37:17.616;p_shape;25232,25;25231,75;0,5;0,00198163028723731;218,0;102,0;2,1372549019607843;26;77,0;87,0;26,0;20,0;0,3532110091743119;0,8529411764705882
2025-10-09 16:37:17.960;p_shape;25232,25;25231,5;0,75;0,002972474882587242;213,0;88,0;2,4204545454545454;20;99,0;88,0;26,0;20,0;0,4647887323943662;1,0
2025-10-09 16:37:18.080;p_shape;25232,5;25232,25;0,25;0,00099079550971475;213,0;90,0;2,3666666666666667;20;99,0;90,0;26,0;20,0;0,4647887323943662;1,0
2025-10-09 16:37:18.564;p_shape;25231,75;25231,25;0,5;0,0019816695566014365;199,0;102,0;1,9509803921568627;20;82,0;102,0;22,0;24,0;0,4120603015075377;1,0
2025-10-09 16:37:18.596;p_shape;25232,0;25231,75;0,25;0,000990815143618655;199,0;103,0;1,9320388349514563;20;82,0;103,0;22,0;24,0;0,4120603015075377;1,0
2025-10-09 16:38:11.212;d_shape;25223,0;25223,25;-0,25;-0,0009911490390810066;32,0;50,0;0,64;14;28,0;32,0;22,0;11,0;0,875;0,64
2025-10-09 16:38:11.216;d_shape;25222,75;25223,0;-0,25;-0,0009911588629425525;44,0;50,0;0,88;15;40,0;42,0;30,0;11,0;0,9090909090909091;0,84
2025-10-09 16:38:11.388;d_shape;25223,0;25223,25;-0,25;-0,0009911490390810066;46,0;55,0;0,8363636363636363;15;42,0;39,0;32,0;10,0;0,9130434782608695;0,7090909090909091
2025-10-09 16:38:11.852;d_shape;25223,25;25223,5;-0,25;-0,0009911392154141972;44,0;58,0;0,7586206896551724;15;40,0;39,0;32,0;10,0;0,9090909090909091;0,6724137931034483
2025-10-09 16:38:11.896;d_shape;25222,75;25223,25;-0,5;-0,0019822980781620133;48,0;58,0;0,8275862068965517;15;44,0;39,0;35,0;10,0;0,9166666666666666;0,6724137931034483
2025-10-09 16:38:11.900;d_shape;25222,5;25222,75;-0,25;-0,0009911686869988404;50,0;58,0;0,8620689655172413;16;46,0;39,0;35,0;10,0;0,92;0,6724137931034483
2025-10-09 16:38:12.508;d_shape;25222,75;25223,0;-0,25;-0,0009911588629425525;48,0;59,0;0,8135593220338984;16;48,0;39,0;37,0;10,0;1,0;0,6610169491525424
2025-10-09 16:38:12.984;d_shape;25222,5;25222,75;-0,25;-0,0009911686869988404;54,0;44,0;1,2272727272727273;12;52,0;25,0;37,0;10,0;0,9629629629629629;0,5681818181818182
2025-10-09 16:38:13.400;d_shape;25223,0;25223,25;-0,25;-0,0009911490390810066;62,0;37,0;1,6756756756756757;11;60,0;16,0;44,0;6,0;0,967741935483871;0,43243243243243246
2025-10-09 16:38:14.324;d_shape;25222,5;25223,5;-1,0;-0,003964556861656789;60,0;35,0;1,7142857142857142;10;58,0;8,0;44,0;3,0;0,9666666666666667;0,22857142857142856
2025-10-09 16:38:14.372;d_shape;25222,25;25222,5;-0,25;-0,000991178511249876;60,0;36,0;1,6666666666666667;11;58,0;20,0;44,0;12,0;0,9666666666666667;0,5555555555555556
2025-10-09 16:38:14.376;d_shape;25222,0;25222,25;-0,25;-0,0009911883356956655;60,0;36,0;1,6666666666666667;11;58,0;28,0;44,0;12,0;0,9666666666666667;0,7777777777777778
2025-10-09 16:38:14.448;d_shape;25221,75;25222,0;-0,25;-0,0009911981603362143;61,0;36,0;1,6944444444444444;12;59,0;28,0;44,0;12,0;0,9672131147540983;0,7777777777777778
2025-10-09 16:39:24.204;d_shape;25214,25;25214,5;-0,25;-0,0009914929901445597;90,0;106,0;0,8490566037735849;22;67,0;54,0;24,0;19,0;0,7444444444444445;0,5094339622641509
2025-10-09 16:39:24.312;d_shape;25214,25;25214,5;-0,25;-0,0009914929901445597;116,0;106,0;1,0943396226415094;24;93,0;59,0;28,0;19,0;0,8017241379310345;0,5566037735849056
2025-10-09 16:39:24.320;d_shape;25214,0;25214,25;-0,25;-0,0009915028208255254;119,0;106,0;1,1226415094339623;24;96,0;59,0;28,0;19,0;0,8067226890756303;0,5566037735849056
2025-10-09 16:39:24.692;d_shape;25215,0;25215,25;-0,25;-0,0009914634992712742;132,0;100,0;1,32;24;109,0;53,0;32,0;19,0;0,8257575757575758;0,53
2025-10-09 16:39:25.300;d_shape;25215,0;25215,25;-0,25;-0,0009914634992712742;133,0;136,0;0,9779411764705882;24;116,0;49,0;32,0;19,0;0,8721804511278195;0,3602941176470588
2025-10-09 16:39:25.420;d_shape;25214,75;25215,25;-0,5;-0,0019829269985425484;156,0;141,0;1,1063829787234043;24;139,0;49,0;32,0;19,0;0,8910256410256411;0,3475177304964539
2025-10-09 16:39:25.496;d_shape;25215,0;25215,5;-0,5;-0,0019829073387400606;157,0;143,0;1,097902097902098;24;141,0;49,0;32,0;19,0;0,8980891719745223;0,34265734265734266
2025-10-09 16:39:25.536;d_shape;25214,75;25215,25;-0,5;-0,0019829269985425484;157,0;143,0;1,097902097902098;24;144,0;48,0;33,0;19,0;0,9171974522292994;0,3356643356643357
2025-10-09 16:39:26.112;d_shape;25214,75;25215,5;-0,75;-0,0029743610081100907;158,0;159,0;0,9937106918238994;24;153,0;47,0;33,0;19,0;0,9683544303797469;0,29559748427672955
2025-10-09 16:39:26.188;d_shape;25214,75;25215,25;-0,5;-0,0019829269985425484;158,0;162,0;0,9753086419753086;24;153,0;47,0;33,0;19,0;0,9683544303797469;0,29012345679012347
2025-10-09 16:39:26.192;d_shape;25214,25;25214,75;-0,5;-0,0019829663193170663;158,0;164,0;0,9634146341463414;24;153,0;47,0;33,0;19,0;0,9683544303797469;0,2865853658536585
2025-10-09 16:39:26.240;d_shape;25214,0;25214,25;-0,25;-0,0009915028208255254;157,0;165,0;0,9515151515151515;24;153,0;47,0;33,0;19,0;0,9745222929936306;0,28484848484848485
2025-10-09 16:39:26.456;d_shape;25213,75;25214,0;-0,25;-0,0009915126517014358;156,0;164,0;0,9512195121951219;23;153,0;49,0;33,0;19,0;0,9807692307692307;0,29878048780487804
2025-10-09 16:39:26.856;d_shape;25213,75;25214,25;-0,5;-0,001983005641651051;154,0;168,0;0,9166666666666666;22;153,0;49,0;33,0;19,0;0,9935064935064936;0,2916666666666667
2025-10-09 16:39:26.860;d_shape;25213,5;25213,75;-0,25;-0,0009915224827722969;154,0;169,0;0,9112426035502958;23;153,0;58,0;33,0;19,0;0,9935064935064936;0,3431952662721893
2025-10-09 16:39:26.876;d_shape;25213,0;25213,5;-0,5;-0,001983064628076229;154,0;190,0;0,8105263157894737;25;153,0;76,0;33,0;19,0;0,9935064935064936;0,4
2025-10-09 16:39:26.952;d_shape;25213,0;25213,5;-0,5;-0,001983064628076229;154,0;199,0;0,7738693467336684;25;153,0;76,0;33,0;19,0;0,9935064935064936;0,38190954773869346
2025-10-09 16:39:26.956;d_shape;25212,75;25213,0;-0,25;-0,0009915519771546426;157,0;201,0;0,7810945273631841;26;156,0;76,0;33,0;19,0;0,9936305732484076;0,3781094527363184
2025-10-09 16:39:26.988;d_shape;25212,75;25213,25;-0,5;-0,0019830842909977888;159,0;202,0;0,7871287128712872;26;158,0;76,0;33,0;19,0;0,9937106918238994;0,37623762376237624
2025-10-09 16:39:27.056;d_shape;25212,5;25212,75;-0,25;-0,0009915618090053644;167,0;202,0;0,8267326732673267;27;166,0;105,0;33,0;29,0;0,9940119760479041;0,5198019801980198
2025-10-09 16:39:27.088;d_shape;25212,5;25212,75;-0,25;-0,0009915618090053644;174,0;202,0;0,8613861386138614;27;173,0;105,0;33,0;29,0;0,9942528735632183;0,5198019801980198
2025-10-09 16:39:27.312;d_shape;25212,75;25213,0;-0,25;-0,0009915519771546426;186,0;200,0;0,93;26;185,0;136,0;33,0;33,0;0,9946236559139785;0,68
2025-10-09 16:39:27.424;d_shape;25213,0;25213,25;-0,25;-0,0009915421454988944;196,0;200,0;0,98;26;195,0;136,0;33,0;33,0;0,9948979591836735;0,68
2025-10-09 16:39:27.512;d_shape;25213,5;25213,75;-0,25;-0,0009915224827722969;202,0;200,0;1,01;26;201,0;136,0;33,0;33,0;0,995049504950495;0,68
2025-10-09 16:39:33.268;d_shape;25210,75;25211,0;-0,25;-0,0009916306374201738;117,0;163,0;0,7177914110429447;23;100,0;77,0;25,0;13,0;0,8547008547008547;0,4723926380368098
2025-10-09 16:39:33.276;d_shape;25210,5;25210,75;-0,25;-0,0009916404708308956;117,0;182,0;0,6428571428571429;23;100,0;77,0;25,0;13,0;0,8547008547008547;0,4230769230769231
2025-10-09 16:39:33.288;d_shape;25210,25;25210,5;-0,25;-0,0009916503044366434;117,0;185,0;0,6324324324324324;23;100,0;77,0;25,0;13,0;0,8547008547008547;0,41621621621621624
2025-10-09 16:39:33.332;d_shape;25209,75;25210,5;-0,75;-0,0029749509133099304;117,0;189,0;0,6190476190476191;23;100,0;77,0;25,0;13,0;0,8547008547008547;0,4074074074074074
2025-10-09 16:39:33.344;d_shape;25209,5;25209,75;-0,25;-0,0009916798064241018;119,0;189,0;0,6296296296296297;23;102,0;77,0;25,0;13,0;0,8571428571428571;0,4074074074074074
2025-10-09 16:39:33.592;d_shape;25209,5;25209,75;-0,25;-0,0009916798064241018;132,0;183,0;0,7213114754098361;23;115,0;74,0;25,0;13,0;0,8712121212121212;0,40437158469945356
2025-10-09 16:39:33.604;d_shape;25209,0;25209,5;-0,5;-0,001983379281620024;136,0;183,0;0,7431693989071039;24;110,0;74,0;25,0;13,0;0,8088235294117647;0,40437158469945356
2025-10-09 16:39:33.616;d_shape;25209,0;25209,25;-0,25;-0,0009916994753909774;144,0;182,0;0,7912087912087912;24;118,0;73,0;25,0;13,0;0,8194444444444444;0,4010989010989011
2025-10-09 16:39:33.956;d_shape;25209,5;25210,0;-0,5;-0,0019833399444664813;149,0;178,0;0,8370786516853933;23;123,0;67,0;25,0;13,0;0,825503355704698;0,37640449438202245
2025-10-09 16:39:34.020;d_shape;25209,0;25209,5;-0,5;-0,001983379281620024;164,0;182,0;0,9010989010989011;23;141,0;67,0;25,0;13,0;0,8597560975609756;0,36813186813186816
2025-10-09 16:39:34.052;d_shape;25209,25;25209,5;-0,25;-0,000991689640810012;169,0;181,0;0,9337016574585635;23;146,0;66,0;27,0;13,0;0,863905325443787;0,36464088397790057
2025-10-09 16:39:34.616;d_shape;25210,0;25210,25;-0,25;-0,0009916601382374231;174,0;189,0;0,9206349206349206;23;151,0;66,0;30,0;13,0;0,867816091954023;0,3492063492063492
2025-10-09 16:39:34.664;d_shape;25210,25;25210,5;-0,25;-0,0009916503044366434;174,0;193,0;0,9015544041450777;23;151,0;66,0;30,0;13,0;0,867816091954023;0,34196891191709844
2025-10-09 16:39:34.836;d_shape;25209,5;25210,25;-0,75;-0,00297498041471227;174,0;194,0;0,8969072164948454;23;153,0;66,0;32,0;13,0;0,8793103448275862;0,3402061855670103
2025-10-09 16:39:35.068;d_shape;25209,75;25210,0;-0,25;-0,0009916699722332407;174,0;195,0;0,8923076923076924;23;156,0;66,0;33,0;13,0;0,896551724137931;0,3384615384615385
2025-10-09 16:39:35.104;d_shape;25209,75;25210,0;-0,25;-0,0009916699722332407;177,0;195,0;0,9076923076923077;23;160,0;66,0;33,0;13,0;0,903954802259887;0,3384615384615385
2025-10-09 16:40:11.264;p_shape;25219,25;25218,75;0,5;0,001982651796778191;88,0;181,0;0,4861878453038674;24;88,0;139,0;19,0;23,0;1,0;0,7679558011049724
2025-10-09 16:40:11.492;p_shape;25219,25;25219,0;0,25;0,0009913160712161466;88,0;189,0;0,4656084656084656;24;88,0;147,0;19,0;23,0;1,0;0,7777777777777778
2025-10-09 16:40:13.488;d_shape;25216,75;25217,25;-0,5;-0,001982769731037286;59,0;217,0;0,271889400921659;18;59,0;107,0;22,0;22,0;1,0;0,4930875576036866
2025-10-09 16:40:13.684;d_shape;25216,75;25217,25;-0,5;-0,001982769731037286;63,0;218,0;0,2889908256880734;18;63,0;107,0;24,0;22,0;1,0;0,4908256880733945
2025-10-09 16:40:14.276;d_shape;25216,75;25217,25;-0,5;-0,001982769731037286;60,0;220,0;0,2727272727272727;17;60,0;107,0;25,0;22,0;1,0;0,4863636363636364
2025-10-09 16:40:14.680;d_shape;25216,5;25217,0;-0,5;-0,0019827893881111947;63,0;214,0;0,29439252336448596;17;63,0;107,0;25,0;22,0;1,0;0,5
2025-10-09 16:40:27.896;p_shape;25220,0;25219,5;0,5;0,0019825928349094944;99,0;78,0;1,2692307692307692;13;77,0;63,0;21,0;24,0;0,7777777777777778;0,8076923076923077
2025-10-09 16:40:27.900;p_shape;25220,25;25220,0;0,25;0,0009912767644726407;99,0;80,0;1,2375;13;77,0;65,0;21,0;24,0;0,7777777777777778;0,8125
2025-10-09 16:40:28.096;p_shape;25220,25;25220,0;0,25;0,0009912767644726407;97,0;80,0;1,2125;13;74,0;67,0;21,0;26,0;0,7628865979381443;0,8375
2025-10-09 16:40:28.620;p_shape;25220,25;25220,0;0,25;0,0009912767644726407;94,0;80,0;1,175;13;66,0;67,0;18,0;26,0;0,7021276595744681;0,8375
2025-10-09 16:40:28.800;p_shape;25220,5;25220,25;0,25;0,0009912669382738078;96,0;80,0;1,2;13;66,0;67,0;18,0;26,0;0,6875;0,8375
2025-10-09 16:40:28.812;p_shape;25221,5;25220,5;1,0;0,003965028449079123;96,0;88,0;1,0909090909090908;16;71,0;64,0;18,0;26,0;0,7395833333333334;0,7272727272727273
2025-10-09 16:40:28.896;p_shape;25221,0;25220,75;0,25;0,0009912472864605534;97,0;87,0;1,1149425287356323;16;71,0;67,0;18,0;26,0;0,7319587628865979;0,7701149425287356
2025-10-09 16:40:29.040;p_shape;25221,25;25221,0;0,25;0,0009912374608461202;107,0;87,0;1,2298850574712643;16;71,0;67,0;18,0;26,0;0,6635514018691588;0,7701149425287356
2025-10-09 16:40:29.044;p_shape;25221,5;25221,25;0,25;0,0009912276354264757;112,0;87,0;1,2873563218390804;16;71,0;67,0;18,0;26,0;0,6339285714285714;0,7701149425287356
2025-10-09 16:40:29.060;p_shape;25221,75;25221,5;0,25;0,0009912178102016139;112,0;91,0;1,2307692307692308;17;88,0;71,0;18,0;26,0;0,7857142857142857;0,7802197802197802
2025-10-09 16:40:29.560;p_shape;25221,5;25221,0;0,5;0,0019824749216922405;96,0;88,0;1,0909090909090908;17;68,0;71,0;18,0;26,0;0,7083333333333334;0,8068181818181818
2025-10-09 16:40:29.588;p_shape;25222,25;25221,5;0,75;0,002973653430604841;96,0;96,0;1,0;19;69,0;78,0;18,0;26,0;0,71875;0,8125
2025-10-09 16:40:29.632;p_shape;25221,75;25221,5;0,25;0,0009912178102016139;95,0;97,0;0,979381443298969;19;67,0;79,0;18,0;26,0;0,7052631578947368;0,8144329896907216
2025-10-09 16:40:29.788;p_shape;25221,75;25221,25;0,5;0,0019824552708529513;97,0;100,0;0,97;19;67,0;82,0;18,0;26,0;0,6907216494845361;0,82
2025-10-09 16:40:30.412;p_shape;25221,25;25221,0;0,25;0,0009912374608461202;110,0;99,0;1,1111111111111112;19;67,0;83,0;18,0;26,0;0,6090909090909091;0,8383838383838383
2025-10-09 16:40:30.528;p_shape;25221,5;25220,75;0,75;0,00297374185938166;115,0;99,0;1,1616161616161615;19;67,0;83,0;18,0;26,0;0,5826086956521739;0,8383838383838383
2025-10-09 16:40:30.872;p_shape;25222,0;25221,5;0,5;0,0019824356204032278;119,0;88,0;1,3522727272727273;19;67,0;83,0;18,0;26,0;0,5630252100840336;0,9431818181818182
2025-10-09 16:40:37.612;p_shape;25225,5;25225,25;0,25;0,00099107045519866;131,0;113,0;1,1592920353982301;27;72,0;83,0;13,0;23,0;0,549618320610687;0,7345132743362832
2025-10-09 16:40:37.924;p_shape;25225,0;25224,5;0,5;0,001982199845388412;132,0;116,0;1,1379310344827587;27;70,0;91,0;13,0;23,0;0,5303030303030303;0,7844827586206896
2025-10-09 16:40:38.268;p_shape;25225,0;25224,75;0,25;0,0009910901000009912;150,0;113,0;1,3274336283185841;27;70,0;91,0;13,0;23,0;0,4666666666666667;0,8053097345132744
2025-10-09 16:40:38.428;p_shape;25225,5;25225,0;0,5;0,0019821605550049554;154,0;110,0;1,4;27;70,0;91,0;13,0;23,0;0,45454545454545453;0,8272727272727273
2025-10-09 16:40:38.520;p_shape;25225,75;25225,0;0,75;0,002973240832507433;159,0;110,0;1,4454545454545455;27;70,0;91,0;13,0;23,0;0,44025157232704404;0,8272727272727273
2025-10-09 16:40:38.652;p_shape;25225,75;25225,25;0,5;0,00198214091039732;165,0;109,0;1,5137614678899083;27;70,0;91,0;13,0;23,0;0,42424242424242425;0,8348623853211009
2025-10-09 16:40:38.904;p_shape;25226,0;25225,25;0,75;0,00297321136559598;167,0;117,0;1,4273504273504274;27;70,0;100,0;13,0;32,0;0,41916167664670656;0,8547008547008547
2025-10-09 16:40:38.912;p_shape;25226,25;25226,0;0,25;0,000991040989455324;167,0;121,0;1,3801652892561984;27;70,0;104,0;13,0;32,0;0,41916167664670656;0,859504132231405
2025-10-09 16:40:38.984;p_shape;25226,25;25226,0;0,25;0,000991040989455324;166,0;125,0;1,328;27;69,0;109,0;13,0;36,0;0,41566265060240964;0,872
2025-10-09 16:40:39.032;p_shape;25226,25;25226,0;0,25;0,000991040989455324;168,0;125,0;1,344;27;69,0;109,0;13,0;36,0;0,4107142857142857;0,872
2025-10-09 16:40:39.128;p_shape;25226,0;25225,75;0,25;0,000991050811175089;173,0;125,0;1,384;27;69,0;109,0;13,0;36,0;0,3988439306358382;0,872
2025-10-09 16:40:39.200;p_shape;25226,25;25226,0;0,25;0,000991040989455324;165,0;123,0;1,3414634146341464;26;59,0;109,0;13,0;36,0;0,3575757575757576;0,8861788617886179
2025-10-09 16:40:39.216;p_shape;25226,0;25225,75;0,25;0,000991050811175089;174,0;123,0;1,4146341463414633;26;59,0;109,0;13,0;36,0;0,3390804597701149;0,8861788617886179
2025-10-09 16:40:39.344;p_shape;25225,75;25225,5;0,25;0,0009910606330895324;178,0;123,0;1,4471544715447155;25;63,0;109,0;13,0;36,0;0,3539325842696629;0,8861788617886179
2025-10-09 16:40:39.352;p_shape;25226,0;25225,75;0,25;0,000991050811175089;179,0;123,0;1,4552845528455285;25;63,0;109,0;13,0;36,0;0,35195530726256985;0,8861788617886179
2025-10-09 16:40:39.424;p_shape;25226,25;25226,0;0,25;0,000991040989455324;181,0;123,0;1,4715447154471544;25;63,0;109,0;13,0;36,0;0,34806629834254144;0,8861788617886179
2025-10-09 16:40:39.512;p_shape;25226,5;25226,25;0,25;0,0009910311679302314;186,0;123,0;1,5121951219512195;25;63,0;109,0;13,0;36,0;0,3387096774193548;0,8861788617886179
2025-10-09 16:40:39.608;p_shape;25226,75;25226,5;0,25;0,0009910213465998056;184,0;123,0;1,4959349593495934;26;60,0;109,0;13,0;36,0;0,32608695652173914;0,8861788617886179
2025-10-09 16:40:39.612;p_shape;25227,0;25226,75;0,25;0,0009910115254640412;186,0;123,0;1,5121951219512195;27;64,0;109,0;13,0;36,0;0,34408602150537637;0,8861788617886179
2025-10-09 16:40:39.672;p_shape;25227,25;25227,0;0,25;0,0009910017045229318;184,0;123,0;1,4959349593495934;27;68,0;110,0;13,0;36,0;0,3695652173913043;0,8943089430894309
2025-10-09 16:40:39.796;p_shape;25227,5;25227,0;0,5;0,0019820034090458636;182,0;133,0;1,368421052631579;27;70,0;120,0;13,0;36,0;0,38461538461538464;0,9022556390977443
2025-10-09 16:40:39.916;p_shape;25227,5;25227,25;0,25;0,0009909918837764718;182,0;135,0;1,348148148148148;28;70,0;126,0;13,0;36,0;0,38461538461538464;0,9333333333333333
2025-10-09 16:40:41.152;p_shape;25226,5;25226,0;0,5;0,001982081978910648;157,0;145,0;1,0827586206896551;22;83,0;136,0;21,0;39,0;0,5286624203821656;0,9379310344827586
2025-10-09 16:40:41.164;p_shape;25226,75;25226,5;0,25;0,0009910213465998056;157,0;146,0;1,0753424657534247;22;83,0;137,0;21,0;39,0;0,5286624203821656;0,9383561643835616
2025-10-09 16:40:41.684;d_shape;25225,0;25225,25;-0,25;-0,00099107045519866;123,0;165,0;0,7454545454545455;15;107,0;97,0;28,0;44,0;0,8699186991869918;0,5878787878787879
2025-10-09 16:40:41.980;d_shape;25225,0;25225,5;-0,5;-0,001982121266179065;93,0;163,0;0,5705521472392638;15;77,0;97,0;21,0;44,0;0,8279569892473119;0,5950920245398773
2025-10-09 16:40:41.988;d_shape;25224,75;25225,0;-0,25;-0,0009910802775024777;93,0;166,0;0,5602409638554217;15;77,0;97,0;21,0;44,0;0,8279569892473119;0,5843373493975904
2025-10-09 16:40:56.164;p_shape;25228,75;25228,25;0,5;0,0019819052054740223;53,0;64,0;0,828125;10;36,0;50,0;12,0;20,0;0,6792452830188679;0,78125
2025-10-09 16:40:56.180;p_shape;25229,25;25228,75;0,5;0,001981865926770054;52,0;67,0;0,7761194029850746;10;35,0;53,0;11,0;20,0;0,6730769230769231;0,7910447761194029
2025-10-09 16:41:05.664;p_shape;25231,75;25231,5;0,25;0,0009908249608624141;112,0;129,0;0,8682170542635659;21;50,0;110,0;19,0;21,0;0,44642857142857145;0,8527131782945736
2025-10-09 16:41:07.032;p_shape;25231,75;25231,25;0,5;0,0019816695566014365;104,0;117,0;0,8888888888888888;14;73,0;99,0;23,0;21,0;0,7019230769230769;0,8461538461538461
2025-10-09 16:42:27.564;d_shape;25208,25;25208,5;-0,25;-0,0009917289803042623;89,0;78,0;1,141025641025641;23;69,0;27,0;20,0;6,0;0,7752808988764045;0,34615384615384615
2025-10-09 16:42:27.600;d_shape;25208,5;25208,75;-0,25;-0,000991719145138097;95,0;78,0;1,2179487179487178;23;75,0;27,0;20,0;6,0;0,7894736842105263;0,34615384615384615
2025-10-09 16:42:27.604;d_shape;25208,25;25208,5;-0,25;-0,0009917289803042623;96,0;78,0;1,2307692307692308;23;76,0;27,0;21,0;6,0;0,7916666666666666;0,34615384615384615
2025-10-09 16:42:27.912;d_shape;25208,75;25209,5;-0,75;-0,002975068922430036;106,0;80,0;1,325;23;87,0;27,0;22,0;6,0;0,8207547169811321;0,3375
2025-10-09 16:42:28.136;d_shape;25208,5;25208,75;-0,25;-0,000991719145138097;106,0;77,0;1,3766233766233766;21;91,0;43,0;24,0;19,0;0,8584905660377359;0,5584415584415584
2025-10-09 16:42:28.328;d_shape;25208,5;25209,0;-0,5;-0,0019834186203340075;111,0;75,0;1,48;20;96,0;41,0;25,0;19,0;0,8648648648648649;0,5466666666666666
2025-10-09 16:42:29.076;d_shape;25208,0;25209,25;-1,25;-0,0049584973769548875;135,0;84,0;1,6071428571428572;19;120,0;59,0;25,0;19,0;0,8888888888888888;0,7023809523809523
2025-10-09 16:42:29.200;d_shape;25208,25;25208,75;-0,5;-0,001983438290276194;147,0;84,0;1,75;18;134,0;59,0;28,0;19,0;0,9115646258503401;0,7023809523809523
2025-10-09 16:42:29.604;d_shape;25208,25;25208,5;-0,25;-0,0009917289803042623;144,0;84,0;1,7142857142857142;18;139,0;59,0;32,0;19,0;0,9652777777777778;0,7023809523809523
2025-10-09 16:42:31.448;p_shape;25210,75;25209,75;1,0;0,003966719225696407;175,0;94,0;1,8617021276595744;15;123,0;94,0;32,0;23,0;0,7028571428571428;1,0
2025-10-09 16:42:44.712;p_shape;25210,0;25209,75;0,25;0,0009916798064241018;57,0;72,0;0,7916666666666666;11;25,0;69,0;9,0;29,0;0,43859649122807015;0,9583333333333334
2025-10-09 16:42:44.736;p_shape;25209,5;25209,25;0,25;0,0009916994753909774;64,0;78,0;0,8205128205128205;11;24,0;75,0;9,0;33,0;0,375;0,9615384615384616
2025-10-09 16:42:44.828;p_shape;25209,75;25209,5;0,25;0,000991689640810012;65,0;79,0;0,8227848101265823;11;24,0;76,0;9,0;33,0;0,36923076923076925;0,9620253164556962
2025-10-09 16:42:44.968;p_shape;25210,0;25209,75;0,25;0,0009916798064241018;65,0;101,0;0,6435643564356436;11;24,0;98,0;9,0;53,0;0,36923076923076925;0,9702970297029703
2025-10-09 16:42:45.376;p_shape;25209,75;25209,5;0,25;0,000991689640810012;65,0;98,0;0,6632653061224489;10;24,0;95,0;9,0;53,0;0,36923076923076925;0,9693877551020408
2025-10-09 16:42:45.560;p_shape;25209,5;25209,25;0,25;0,0009916994753909774;65,0;99,0;0,6565656565656566;10;24,0;97,0;9,0;53,0;0,36923076923076925;0,9797979797979798
2025-10-09 16:42:46.632;p_shape;25210,75;25209,75;1,0;0,003966719225696407;64,0;109,0;0,5871559633027523;10;63,0;81,0;21,0;58,0;0,984375;0,7431192660550459
2025-10-09 16:42:55.900;d_shape;25205,75;25206,25;-0,5;-0,001983635011157947;51,0;95,0;0,5368421052631579;16;38,0;59,0;23,0;29,0;0,7450980392156863;0,6210526315789474
2025-10-09 16:42:56.700;d_shape;25206,75;25207,0;-0,25;-0,0009917879953981038;57,0;96,0;0,59375;16;46,0;48,0;23,0;21,0;0,8070175438596491;0,5
2025-10-09 16:42:57.036;d_shape;25206,5;25207,0;-0,5;-0,0019835759907962077;55,0;94,0;0,5851063829787234;16;46,0;42,0;23,0;16,0;0,8363636363636363;0,44680851063829785
2025-10-09 16:42:57.176;d_shape;25206,75;25207,0;-0,25;-0,0009917879953981038;51,0;95,0;0,5368421052631579;16;46,0;40,0;23,0;14,0;0,9019607843137255;0,42105263157894735
2025-10-09 16:42:57.256;d_shape;25206,5;25206,75;-0,25;-0,0009917978319299394;51,0;96,0;0,53125;16;46,0;40,0;23,0;14,0;0,9019607843137255;0,4166666666666667
2025-10-09 16:42:57.560;d_shape;25206,25;25207,0;-0,75;-0,002975363986194311;52,0;95,0;0,5473684210526316;16;48,0;37,0;23,0;11,0;0,9230769230769231;0,3894736842105263
2025-10-09 16:42:57.588;d_shape;25206,0;25206,25;-0,25;-0,0009918175055789735;58,0;93,0;0,6236559139784946;16;54,0;35,0;23,0;9,0;0,9310344827586207;0,3763440860215054
2025-10-09 16:42:57.596;d_shape;25205,5;25206,0;-0,5;-0,001983654685392367;61,0;93,0;0,6559139784946236;17;57,0;39,0;23,0;9,0;0,9344262295081968;0,41935483870967744
2025-10-09 16:42:57.612;d_shape;25205,5;25205,75;-0,25;-0,0009918371800085298;68,0;93,0;0,7311827956989247;17;64,0;39,0;23,0;9,0;0,9411764705882353;0,41935483870967744
2025-10-09 16:42:57.676;d_shape;25205,5;25206,0;-0,5;-0,001983654685392367;70,0;91,0;0,7692307692307693;17;68,0;37,0;23,0;7,0;0,9714285714285714;0,4065934065934066
2025-10-09 16:42:59.760;p_shape;25207,25;25207,0;0,25;0,0009917879953981038;92,0;80,0;1,15;10;58,0;62,0;18,0;20,0;0,6304347826086957;0,775
2025-10-09 16:42:59.888;p_shape;25207,5;25207,25;0,25;0,0009917781590613813;92,0;83,0;1,108433734939759;10;58,0;65,0;18,0;21,0;0,6304347826086957;0,7831325301204819
2025-10-09 16:43:03.916;p_shape;25209,0;25208,5;0,5;0,0019834579606085247;93,0;66,0;1,4090909090909092;15;63,0;58,0;18,0;20,0;0,6774193548387096;0,8787878787878788
2025-10-09 16:43:03.952;p_shape;25209,25;25209,0;0,25;0,0009917093101670037;93,0;68,0;1,3676470588235294;15;63,0;60,0;18,0;20,0;0,6774193548387096;0,8823529411764706
2025-10-09 16:43:03.960;p_shape;25209,5;25209,25;0,25;0,0009916994753909774;93,0;69,0;1,3478260869565217;15;63,0;61,0;18,0;21,0;0,6774193548387096;0,8840579710144928
2025-10-09 16:43:04.100;p_shape;25209,5;25209,25;0,25;0,0009916994753909774;91,0;72,0;1,2638888888888888;15;59,0;64,0;18,0;23,0;0,6483516483516484;0,8888888888888888
2025-10-09 16:43:04.104;p_shape;25209,75;25209,5;0,25;0,000991689640810012;91,0;73,0;1,2465753424657535;15;59,0;65,0;18,0;23,0;0,6483516483516484;0,8904109589041096
2025-10-09 16:43:04.248;p_shape;25209,25;25208,5;0,75;0,0029751869409127877;110,0;73,0;1,5068493150684932;15;57,0;65,0;18,0;23,0;0,5181818181818182;0,8904109589041096
2025-10-09 16:43:04.320;p_shape;25209,5;25209,25;0,25;0,0009916994753909774;107,0;73,0;1,4657534246575343;15;50,0;65,0;18,0;23,0;0,4672897196261682;0,8904109589041096
2025-10-09 16:43:04.560;p_shape;25210,0;25209,5;0,5;0,001983379281620024;106,0;74,0;1,4324324324324325;15;66,0;63,0;18,0;23,0;0,6226415094339622;0,8513513513513513
2025-10-09 16:43:08.020;p_shape;25212,25;25212,0;0,25;0,0009915913057274314;70,0;55,0;1,2727272727272727;23;49,0;47,0;8,0;21,0;0,7;0,8545454545454545
2025-10-09 16:43:08.260;p_shape;25212,25;25212,0;0,25;0,0009915913057274314;68,0;58,0;1,1724137931034482;22;47,0;47,0;8,0;23,0;0,6911764705882353;0,8103448275862069
2025-10-09 16:43:08.732;p_shape;25212,0;25211,5;0,5;0,0019832219423675706;60,0;63,0;0,9523809523809523;20;40,0;52,0;8,0;23,0;0,6666666666666666;0,8253968253968254
2025-10-09 16:43:09.336;p_shape;25212,5;25211,75;0,75;0,0029748034150743207;29,0;57,0;0,5087719298245614;15;18,0;53,0;5,0;23,0;0,6206896551724138;0,9298245614035088
2025-10-09 16:43:09.500;p_shape;25212,25;25212,0;0,25;0,0009915913057274314;31,0;57,0;0,543859649122807;15;18,0;53,0;5,0;23,0;0,5806451612903226;0,9298245614035088
2025-10-09 16:43:09.532;p_shape;25212,75;25212,25;0,5;0,001983162946583506;31,0;58,0;0,5344827586206896;15;18,0;54,0;5,0;23,0;0,5806451612903226;0,9310344827586207
2025-10-09 16:43:10.028;p_shape;25212,75;25212,5;0,25;0,000991571641051066;31,0;59,0;0,5254237288135594;14;18,0;57,0;5,0;23,0;0,5806451612903226;0,9661016949152542
2025-10-09 16:43:10.248;p_shape;25212,5;25212,0;0,5;0,001983182611454863;30,0;64,0;0,46875;13;19,0;62,0;5,0;25,0;0,6333333333333333;0,96875
2025-10-09 16:43:17.684;d_shape;25207,5;25208,0;-0,5;-0,0019834973024436685;82,0;133,0;0,6165413533834586;30;74,0;56,0;20,0;10,0;0,9024390243902439;0,42105263157894735
2025-10-09 16:43:17.800;d_shape;25207,25;25207,5;-0,25;-0,0009917683229197659;83,0;136,0;0,6102941176470589;30;75,0;55,0;20,0;10,0;0,9036144578313253;0,40441176470588236
2025-10-09 16:43:18.456;d_shape;25207,5;25207,75;-0,25;-0,0009917584869732522;80,0;150,0;0,5333333333333333;29;77,0;57,0;20,0;10,0;0,9625;0,38
2025-10-09 16:43:18.856;d_shape;25207,75;25208,0;-0,25;-0,0009917486512218342;80,0;148,0;0,5405405405405406;29;77,0;52,0;20,0;10,0;0,9625;0,35135135135135137
2025-10-09 16:43:19.352;d_shape;25207,0;25207,75;-0,75;-0,002975275460919757;80,0;126,0;0,6349206349206349;24;75,0;40,0;20,0;10,0;0,9375;0,31746031746031744
2025-10-09 16:43:19.772;d_shape;25206,5;25207,0;-0,5;-0,0019835759907962077;78,0;109,0;0,7155963302752294;19;75,0;46,0;20,0;11,0;0,9615384615384616;0,42201834862385323
2025-10-09 16:43:19.884;d_shape;25206,0;25206,5;-0,5;-0,0019836153373137882;78,0;110,0;0,7090909090909091;19;75,0;46,0;20,0;11,0;0,9615384615384616;0,41818181818181815
2025-10-09 16:43:20.096;d_shape;25205,75;25206,25;-0,5;-0,001983635011157947;83,0;111,0;0,7477477477477478;19;80,0;58,0;20,0;13,0;0,963855421686747;0,5225225225225225
2025-10-09 16:43:20.124;d_shape;25205,75;25206,25;-0,5;-0,001983635011157947;84,0;112,0;0,75;19;81,0;58,0;20,0;13,0;0,9642857142857143;0,5178571428571429
2025-10-09 16:43:20.380;d_shape;25205,75;25206,25;-0,5;-0,001983635011157947;85,0;112,0;0,7589285714285714;18;82,0;55,0;20,0;13,0;0,9647058823529412;0,49107142857142855
2025-10-09 16:43:20.512;d_shape;25205,75;25206,0;-0,25;-0,0009918273426961835;88,0;110,0;0,8;18;85,0;53,0;20,0;13,0;0,9659090909090909;0,4818181818181818
2025-10-09 16:43:20.832;d_shape;25206,0;25206,25;-0,25;-0,0009918175055789735;90,0;111,0;0,8108108108108109;18;87,0;53,0;20,0;13,0;0,9666666666666667;0,4774774774774775
2025-10-09 16:43:20.852;d_shape;25205,5;25206,0;-0,5;-0,001983654685392367;93,0;111,0;0,8378378378378378;19;90,0;71,0;20,0;18,0;0,967741935483871;0,6396396396396397
2025-10-09 16:43:22.732;p_shape;25208,0;25207,75;0,25;0,0009917584869732522;33,0;52,0;0,6346153846153846;10;28,0;42,0;14,0;20,0;0,8484848484848485;0,8076923076923077
2025-10-09 16:43:42.524;d_shape;25204,0;25205,0;-1,0;-0,003967466772465781;92,0;63,0;1,4603174603174602;22;72,0;36,0;35,0;14,0;0,782608695652174;0,5714285714285714
2025-10-09 16:43:42.592;d_shape;25204,5;25204,75;-0,25;-0,000991876531209395;98,0;63,0;1,5555555555555556;22;78,0;36,0;37,0;14,0;0,7959183673469388;0,5714285714285714
2025-10-09 16:43:42.668;d_shape;25204,0;25204,5;-0,5;-0,0019837727389950205;103,0;63,0;1,6349206349206349;22;83,0;36,0;37,0;14,0;0,8058252427184466;0,5714285714285714
2025-10-09 16:43:42.836;d_shape;25204,75;25205,0;-0,25;-0,0009918666931164452;114,0;63,0;1,8095238095238095;22;94,0;36,0;38,0;14,0;0,8245614035087719;0,5714285714285714
2025-10-09 16:43:42.856;d_shape;25204,5;25204,75;-0,25;-0,000991876531209395;119,0;63,0;1,8888888888888888;22;99,0;36,0;38,0;14,0;0,8319327731092437;0,5714285714285714
2025-10-09 16:43:43.032;d_shape;25205,25;25205,5;-0,25;-0,0009918470175160185;129,0;63,0;2,0476190476190474;22;109,0;36,0;38,0;14,0;0,8449612403100775;0,5714285714285714
2025-10-09 16:43:44.568;d_shape;25205,25;25205,5;-0,25;-0,0009918470175160185;127,0;75,0;1,6933333333333334;19;125,0;37,0;38,0;10,0;0,984251968503937;0,49333333333333335
2025-10-09 16:43:46.384;d_shape;25205,0;25205,5;-0,5;-0,001983694035032037;128,0;88,0;1,4545454545454546;17;128,0;57,0;39,0;32,0;1,0;0,6477272727272727
2025-10-09 16:43:46.576;d_shape;25204,75;25205,0;-0,25;-0,0009918666931164452;132,0;88,0;1,5;17;132,0;57,0;41,0;32,0;1,0;0,6477272727272727
2025-10-09 16:43:47.572;p_shape;25205,75;25205,5;0,25;0,0009918470175160185;65,0;57,0;1,1403508771929824;10;35,0;57,0;11,0;23,0;0,5384615384615384;1,0
2025-10-09 16:44:05.964;p_shape;25212,0;25211,75;0,25;0,0009916011383581068;126,0;52,0;2,423076923076923;25;51,0;51,0;10,0;23,0;0,40476190476190477;0,9807692307692307
2025-10-09 16:44:05.980;p_shape;25212,25;25212,0;0,25;0,0009915913057274314;125,0;53,0;2,358490566037736;24;50,0;52,0;10,0;23,0;0,4;0,9811320754716981
2025-10-09 16:44:06.008;p_shape;25212,25;25212,0;0,25;0,0009915913057274314;125,0;55,0;2,272727272727273;24;50,0;54,0;10,0;23,0;0,4;0,9818181818181818
2025-10-09 16:44:06.232;p_shape;25212,0;25211,5;0,5;0,0019832219423675706;136,0;57,0;2,3859649122807016;24;48,0;56,0;10,0;23,0;0,35294117647058826;0,9824561403508771
2025-10-09 16:44:06.796;p_shape;25212,25;25211,5;0,75;0,0029748329135513554;123,0;59,0;2,0847457627118646;19;49,0;58,0;10,0;23,0;0,3983739837398374;0,9830508474576272
2025-10-09 16:44:06.908;p_shape;25212,5;25212,25;0,25;0,000991581473291753;123,0;60,0;2,05;18;49,0;58,0;10,0;23,0;0,3983739837398374;0,9666666666666667
2025-10-09 16:44:13.760;p_shape;25214,0;25213,5;0,5;0,001983064628076229;71,0;53,0;1,3396226415094339;12;25,0;46,0;9,0;22,0;0,352112676056338;0,8679245283018868
2025-10-09 16:44:13.928;p_shape;25214,25;25214,0;0,25;0,0009915126517014358;71,0;53,0;1,3396226415094339;12;25,0;49,0;9,0;23,0;0,352112676056338;0,9245283018867925
2025-10-09 16:44:13.996;p_shape;25214,25;25214,0;0,25;0,0009915126517014358;71,0;55,0;1,290909090909091;12;25,0;51,0;9,0;24,0;0,352112676056338;0,9272727272727272
2025-10-09 16:44:44.404;d_shape;25202,75;25203,25;-0,5;-0,0019838711277315427;86,0;135,0;0,6370370370370371;16;78,0;102,0;22,0;42,0;0,9069767441860465;0,7555555555555555
2025-10-09 16:44:44.412;d_shape;25202,5;25202,75;-0,25;-0,0009919552429794368;88,0;135,0;0,6518518518518519;16;80,0;102,0;22,0;42,0;0,9090909090909091;0,7555555555555555
2025-10-09 16:44:44.420;d_shape;25202,25;25202,5;-0,25;-0,0009919650828290846;91,0;135,0;0,674074074074074;16;83,0;102,0;22,0;42,0;0,9120879120879121;0,7555555555555555
2025-10-09 16:44:45.416;d_shape;25202,75;25203,5;-0,75;-0,002975777173805225;114,0;138,0;0,8260869565217391;15;106,0;120,0;29,0;42,0;0,9298245614035088;0,8695652173913043
2025-10-09 16:44:45.888;d_shape;25203,0;25203,5;-0,5;-0,001983851449203484;117,0;72,0;1,625;15;109,0;53,0;30,0;11,0;0,9316239316239316;0,7361111111111112
2025-10-09 16:44:46.344;d_shape;25202,75;25203,25;-0,5;-0,0019838711277315427;115,0;77,0;1,4935064935064934;15;107,0;53,0;31,0;11,0;0,9304347826086956;0,6883116883116883
2025-10-09 16:44:46.796;d_shape;25203,0;25203,75;-0,75;-0,00297574765659872;116,0;73,0;1,5890410958904109;13;108,0;48,0;32,0;15,0;0,9310344827586207;0,6575342465753424
2025-10-09 16:44:46.800;d_shape;25202,75;25203,0;-0,25;-0,000991945403325001;117,0;73,0;1,6027397260273972;13;109,0;48,0;33,0;15,0;0,9316239316239316;0,6575342465753424
2025-10-09 16:44:47.004;d_shape;25202,75;25203,25;-0,5;-0,0019838711277315427;117,0;78,0;1,5;13;109,0;47,0;33,0;15,0;0,9316239316239316;0,6025641025641025
2025-10-09 16:44:47.064;d_shape;25202,5;25203,0;-0,5;-0,001983890806650002;114,0;80,0;1,425;13;109,0;47,0;33,0;15,0;0,956140350877193;0,5875
2025-10-09 16:44:47.304;d_shape;25202,5;25202,75;-0,25;-0,0009919552429794368;112,0;81,0;1,382716049382716;13;109,0;44,0;33,0;15,0;0,9732142857142857;0,5432098765432098
2025-10-09 16:44:47.664;d_shape;25202,5;25202,75;-0,25;-0,0009919552429794368;112,0;85,0;1,3176470588235294;13;109,0;43,0;33,0;15,0;0,9732142857142857;0,5058823529411764
2025-10-09 16:44:47.732;d_shape;25202,25;25202,5;-0,25;-0,0009919650828290846;112,0;86,0;1,302325581395349;13;109,0;43,0;33,0;15,0;0,9732142857142857;0,5
2025-10-09 16:44:47.796;d_shape;25202,0;25202,25;-0,25;-0,0009919749228739496;115,0;94,0;1,2234042553191489;14;112,0;43,0;33,0;15,0;0,9739130434782609;0,4574468085106383
2025-10-09 16:44:47.880;d_shape;25202,0;25202,25;-0,25;-0,0009919749228739496;122,0;99,0;1,2323232323232323;14;122,0;43,0;33,0;15,0;1,0;0,43434343434343436
2025-10-09 16:44:48.132;d_shape;25202,25;25202,5;-0,25;-0,0009919650828290846;122,0;112,0;1,0892857142857142;13;122,0;47,0;33,0;15,0;1,0;0,41964285714285715
2025-10-09 16:44:48.160;d_shape;25202,0;25202,25;-0,25;-0,0009919749228739496;122,0;116,0;1,0517241379310345;13;122,0;47,0;33,0;15,0;1,0;0,4051724137931034
2025-10-09 16:44:48.388;d_shape;25202,0;25202,5;-0,5;-0,001983930165658169;122,0;138,0;0,8840579710144928;12;111,0;46,0;33,0;15,0;0,9098360655737705;0,3333333333333333
2025-10-09 16:44:48.804;d_shape;25201,75;25202,0;-0,25;-0,0009919847631140385;96,0;179,0;0,5363128491620112;12;71,0;63,0;33,0;15,0;0,7395833333333334;0,35195530726256985
2025-10-09 16:44:48.880;d_shape;25200,75;25201,0;-0,25;-0,000992024126026745;109,0;188,0;0,5797872340425532;15;79,0;92,0;27,0;22,0;0,7247706422018348;0,48936170212765956
2025-10-09 16:44:49.032;d_shape;25201,0;25201,25;-0,25;-0,0009920142850057042;122,0;182,0;0,6703296703296703;15;92,0;86,0;34,0;22,0;0,7540983606557377;0,4725274725274725
2025-10-09 16:44:49.136;d_shape;25201,5;25201,75;-0,25;-0,0009919946035493567;126,0;192,0;0,65625;15;96,0;83,0;34,0;22,0;0,7619047619047619;0,4322916666666667
2025-10-09 16:44:49.248;d_shape;25201,25;25201,5;-0,25;-0,00099200444417991;128,0;181,0;0,7071823204419889;14;94,0;72,0;34,0;22,0;0,734375;0,39779005524861877
2025-10-09 16:44:49.480;d_shape;25201,0;25201,5;-0,5;-0,00198400888835982;112,0;177,0;0,632768361581921;14;88,0;68,0;35,0;22,0;0,7857142857142857;0,384180790960452
2025-10-09 16:44:49.608;d_shape;25201,5;25201,75;-0,25;-0,0009919946035493567;105,0;178,0;0,5898876404494382;14;91,0;68,0;35,0;22,0;0,8666666666666667;0,38202247191011235
2025-10-09 16:44:49.632;d_shape;25201,25;25201,5;-0,25;-0,00099200444417991;108,0;178,0;0,6067415730337079;14;94,0;68,0;35,0;22,0;0,8703703703703703;0,38202247191011235
2025-10-09 16:44:49.688;d_shape;25201,0;25201,25;-0,25;-0,0009920142850057042;109,0;176,0;0,6193181818181818;14;95,0;66,0;36,0;22,0;0,8715596330275229;0,375
2025-10-09 16:44:50.416;d_shape;25201,5;25202,25;-0,75;-0,0029759247686218493;111,0;189,0;0,5873015873015873;13;99,0;87,0;36,0;28,0;0,8918918918918919;0,4603174603174603
2025-10-09 16:44:50.892;d_shape;25201,25;25201,75;-0,5;-0,0019839892070987134;103,0;192,0;0,5364583333333334;13;100,0;87,0;36,0;29,0;0,970873786407767;0,453125
2025-10-09 16:44:51.916;p_shape;25202,75;25202,5;0,25;0,0009919650828290846;140,0;168,0;0,8333333333333334;10;91,0;119,0;36,0;57,0;0,65;0,7083333333333334
2025-10-09 16:44:51.924;p_shape;25203,0;25202,75;0,25;0,0009919552429794368;140,0;172,0;0,813953488372093;10;91,0;123,0;36,0;57,0;0,65;0,7151162790697675
2025-10-09 16:44:52.008;p_shape;25203,25;25203,0;0,25;0,000991945403325001;140,0;173,0;0,8092485549132948;11;107,0;124,0;36,0;57,0;0,7642857142857142;0,7167630057803468
2025-10-09 16:44:52.248;d_shape;25201,25;25201,5;-0,25;-0,00099200444417991;140,0;173,0;0,8092485549132948;11;107,0;122,0;36,0;57,0;0,7642857142857142;0,7052023121387283
2025-10-09 16:44:52.804;d_shape;25201,0;25201,25;-0,25;-0,0009920142850057042;137,0;165,0;0,8303030303030303;11;104,0;107,0;36,0;57,0;0,7591240875912408;0,6484848484848484
2025-10-09 16:44:52.904;d_shape;25200,75;25201,25;-0,5;-0,0019840285700114084;132,0;152,0;0,868421052631579;11;99,0;92,0;36,0;57,0;0,75;0,6052631578947368
2025-10-09 16:44:52.908;d_shape;25200,5;25200,75;-0,25;-0,0009920339672430383;146,0;152,0;0,9605263157894737;12;110,0;92,0;36,0;57,0;0,7534246575342466;0,6052631578947368
2025-10-09 16:44:52.956;d_shape;25200,75;25201,0;-0,25;-0,000992024126026745;148,0;155,0;0,9548387096774194;12;112,0;92,0;36,0;57,0;0,7567567567567568;0,5935483870967742
2025-10-09 16:44:53.244;d_shape;25200,5;25200,75;-0,25;-0,0009920339672430383;159,0;131,0;1,213740458015267;12;123,0;68,0;36,0;47,0;0,7735849056603774;0,5190839694656488
2025-10-09 16:44:53.532;d_shape;25200,75;25201,0;-0,25;-0,000992024126026745;163,0;115,0;1,4173913043478261;12;127,0;52,0;39,0;32,0;0,7791411042944786;0,45217391304347826
2025-10-09 16:45:05.308;d_shape;25197,75;25198,0;-0,25;-0,0009921422335105962;264,0;633,0;0,41706161137440756;24;213,0;437,0;36,0;156,0;0,8068181818181818;0,6903633491311216
2025-10-09 16:45:05.352;d_shape;25197,5;25197,75;-0,25;-0,0009921520770703734;264,0;628,0;0,42038216560509556;24;214,0;432,0;36,0;156,0;0,8106060606060606;0,6878980891719745
2025-10-09 16:45:05.488;d_shape;25197,5;25197,75;-0,25;-0,0009921520770703734;263,0;626,0;0,42012779552715657;24;221,0;430,0;36,0;156,0;0,8403041825095057;0,6869009584664537
2025-10-09 16:45:05.664;d_shape;25197,5;25198,25;-0,75;-0,0029763971704384233;267,0;579,0;0,46113989637305697;22;198,0;403,0;36,0;156,0;0,7415730337078652;0,696027633851468
2025-10-09 16:45:07.312;d_shape;25197,25;25198,0;-0,75;-0,0029764267005317883;165,0;252,0;0,6547619047619048;17;148,0;196,0;36,0;57,0;0,896969696969697;0,7777777777777778
2025-10-09 16:45:08.236;d_shape;25197,75;25198,0;-0,25;-0,0009921422335105962;73,0;225,0;0,3244444444444444;17;73,0;144,0;22,0;26,0;1,0;0,64
2025-10-09 16:45:08.420;d_shape;25197,75;25198,0;-0,25;-0,0009921422335105962;71,0;206,0;0,3446601941747573;17;71,0;125,0;25,0;21,0;1,0;0,6067961165048543
2025-10-09 16:45:08.500;d_shape;25197,5;25197,75;-0,25;-0,0009921520770703734;72,0;206,0;0,34951456310679613;17;72,0;125,0;25,0;21,0;1,0;0,6067961165048543
2025-10-09 16:45:08.896;d_shape;25198,0;25198,25;-0,25;-0,000992132390146141;85,0;188,0;0,4521276595744681;17;85,0;107,0;25,0;21,0;1,0;0,5691489361702128
2025-10-09 16:45:12.420;d_shape;25196,0;25196,25;-0,25;-0,0009922111425311306;136,0;140,0;0,9714285714285714;26;114,0;68,0;20,0;12,0;0,8382352941176471;0,4857142857142857
2025-10-09 16:45:12.552;d_shape;25196,25;25196,5;-0,25;-0,0009922012977992977;137,0;141,0;0,9716312056737588;26;115,0;68,0;20,0;12,0;0,8394160583941606;0,48226950354609927
2025-10-09 16:45:12.652;d_shape;25196,25;25196,5;-0,25;-0,0009922012977992977;138,0;136,0;1,0147058823529411;26;116,0;68,0;21,0;12,0;0,8405797101449275;0,5
2025-10-09 16:45:12.996;d_shape;25196,25;25196,75;-0,5;-0,001984382906525643;139,0;136,0;1,0220588235294117;26;117,0;63,0;22,0;9,0;0,841726618705036;0,4632352941176471
2025-10-09 16:45:13.372;d_shape;25196,75;25197,25;-0,5;-0,001984343529551836;102,0;137,0;0,7445255474452555;26;80,0;61,0;23,0;9,0;0,7843137254901961;0,44525547445255476
2025-10-09 16:45:13.376;d_shape;25196,5;25196,75;-0,25;-0,0009921914532628215;103,0;137,0;0,7518248175182481;26;81,0;61,0;23,0;9,0;0,7864077669902912;0,44525547445255476
2025-10-09 16:45:13.404;d_shape;25196,25;25196,5;-0,25;-0,0009922012977992977;102,0;137,0;0,7445255474452555;26;80,0;61,0;24,0;9,0;0,7843137254901961;0,44525547445255476
2025-10-09 16:45:13.528;d_shape;25196,25;25196,75;-0,5;-0,001984382906525643;100,0;139,0;0,7194244604316546;26;78,0;61,0;26,0;9,0;0,78;0,43884892086330934
2025-10-09 16:45:14.376;d_shape;25196,5;25196,75;-0,25;-0,0009921914532628215;79,0;140,0;0,5642857142857143;26;62,0;59,0;26,0;9,0;0,7848101265822784;0,42142857142857143
2025-10-09 16:45:14.380;d_shape;25196,25;25196,5;-0,25;-0,0009922012977992977;79,0;143,0;0,5524475524475524;26;62,0;59,0;26,0;9,0;0,7848101265822784;0,4125874125874126
2025-10-09 16:45:14.588;d_shape;25196,0;25196,5;-0,5;-0,0019844025955985953;79,0;146,0;0,541095890410959;26;62,0;59,0;26,0;9,0;0,7848101265822784;0,4041095890410959
2025-10-09 16:45:14.948;d_shape;25195,75;25196,0;-0,25;-0,0009922209874583267;77,0;136,0;0,5661764705882353;26;62,0;43,0;26,0;7,0;0,8051948051948052;0,3161764705882353
2025-10-09 16:45:14.960;d_shape;25195,25;25195,75;-0,5;-0,001984461665161783;77,0;140,0;0,55;26;62,0;43,0;26,0;7,0;0,8051948051948052;0,30714285714285716
2025-10-09 16:45:14.964;d_shape;25195,0;25195,25;-0,25;-0,0009922505234121512;77,0;153,0;0,5032679738562091;27;62,0;49,0;26,0;7,0;0,8051948051948052;0,3202614379084967
2025-10-09 16:45:14.968;d_shape;25194,75;25195,0;-0,25;-0,0009922603691208574;85,0;153,0;0,5555555555555556;28;70,0;49,0;26,0;7,0;0,8235294117647058;0,3202614379084967
2025-10-09 16:45:14.996;d_shape;25194,75;25195,0;-0,25;-0,0009922603691208574;93,0;156,0;0,5961538461538461;28;78,0;49,0;26,0;7,0;0,8387096774193549;0,3141025641025641
2025-10-09 16:45:15.024;d_shape;25195,25;25195,5;-0,25;-0,0009922406778988312;93,0;165,0;0,5636363636363636;28;78,0;49,0;26,0;7,0;0,8387096774193549;0,296969696969697
2025-10-09 16:45:15.124;d_shape;25195,0;25195,25;-0,25;-0,0009922505234121512;86,0;169,0;0,5088757396449705;28;78,0;49,0;26,0;7,0;0,9069767441860465;0,28994082840236685
2025-10-09 16:45:15.216;d_shape;25194,5;25195,0;-0,5;-0,0019845207382417148;90,0;171,0;0,5263157894736842;29;85,0;53,0;26,0;7,0;0,9444444444444444;0,30994152046783624
2025-10-09 16:45:15.224;d_shape;25194,75;25195,0;-0,25;-0,0009922603691208574;93,0;175,0;0,5314285714285715;29;88,0;53,0;26,0;7,0;0,946236559139785;0,3028571428571429
2025-10-09 16:45:15.228;d_shape;25194,5;25194,75;-0,25;-0,0009922702150249557;94,0;175,0;0,5371428571428571;29;89,0;53,0;26,0;7,0;0,9468085106382979;0,3028571428571429
2025-10-09 16:45:15.380;d_shape;25195,0;25195,25;-0,25;-0,0009922505234121512;94,0;159,0;0,5911949685534591;28;90,0;35,0;26,0;6,0;0,9574468085106383;0,22012578616352202
2025-10-09 16:45:15.392;d_shape;25194,75;25195,0;-0,25;-0,0009922603691208574;95,0;158,0;0,6012658227848101;27;91,0;40,0;26,0;6,0;0,9578947368421052;0,25316455696202533
2025-10-09 16:45:15.400;d_shape;25194,25;25194,75;-0,5;-0,0019845404300499114;114,0;158,0;0,7215189873417721;28;110,0;40,0;26,0;6,0;0,9649122807017544;0,25316455696202533
2025-10-09 16:45:15.648;d_shape;25194,25;25194,5;-0,25;-0,0009922800611244518;121,0;153,0;0,7908496732026143;27;117,0;36,0;26,0;6,0;0,9669421487603306;0,23529411764705882
2025-10-09 16:45:15.868;d_shape;25194,75;25195,0;-0,25;-0,0009922603691208574;134,0;151,0;0,8874172185430463;25;130,0;35,0;27,0;6,0;0,9701492537313433;0,23178807947019867
2025-10-09 16:45:16.320;d_shape;25195,25;25195,5;-0,25;-0,0009922406778988312;149,0;134,0;1,1119402985074627;17;147,0;83,0;27,0;27,0;0,9865771812080537;0,6194029850746269
2025-10-09 16:45:18.668;d_shape;25194,75;25195,25;-0,5;-0,0019845010468243023;126,0;97,0;1,2989690721649485;15;118,0;42,0;33,0;12,0;0,9365079365079365;0,4329896907216495
2025-10-09 16:45:18.720;d_shape;25195,0;25195,25;-0,25;-0,0009922505234121512;128,0;115,0;1,1130434782608696;15;120,0;42,0;35,0;12,0;0,9375;0,3652173913043478
2025-10-09 16:45:18.724;d_shape;25194,75;25195,0;-0,25;-0,0009922603691208574;133,0;115,0;1,1565217391304348;15;125,0;42,0;40,0;12,0;0,9398496240601504;0,3652173913043478
2025-10-09 16:45:19.004;d_shape;25194,75;25195,25;-0,5;-0,0019845010468243023;136,0;118,0;1,152542372881356;15;128,0;40,0;43,0;12,0;0,9411764705882353;0,3389830508474576
2025-10-09 16:45:19.104;d_shape;25194,75;25195,25;-0,5;-0,0019845010468243023;136,0;122,0;1,1147540983606556;15;128,0;40,0;43,0;12,0;0,9411764705882353;0,32786885245901637
2025-10-09 16:45:19.572;d_shape;25195,0;25195,5;-0,5;-0,0019844813557976623;136,0;126,0;1,0793650793650793;15;128,0;35,0;43,0;12,0;0,9411764705882353;0,2777777777777778
2025-10-09 16:45:19.788;d_shape;25195,0;25195,5;-0,5;-0,0019844813557976623;136,0;127,0;1,0708661417322836;15;128,0;31,0;43,0;9,0;0,9411764705882353;0,2440944881889764
2025-10-09 16:45:19.808;d_shape;25194,75;25195,0;-0,25;-0,0009922603691208574;136,0;133,0;1,0225563909774436;15;128,0;31,0;43,0;9,0;0,9411764705882353;0,23308270676691728
2025-10-09 16:45:19.812;d_shape;25194,25;25194,75;-0,5;-0,0019845404300499114;136,0;136,0;1,0;15;128,0;31,0;43,0;9,0;0,9411764705882353;0,22794117647058823
2025-10-09 16:45:19.860;d_shape;25194,0;25194,25;-0,25;-0,0009922899074193516;136,0;184,0;0,7391304347826086;16;121,0;31,0;43,0;9,0;0,8897058823529411;0,16847826086956522
2025-10-09 16:45:19.864;d_shape;25193,75;25194,0;-0,25;-0,0009922997539096611;136,0;185,0;0,7351351351351352;17;121,0;39,0;43,0;9,0;0,8897058823529411;0,21081081081081082
2025-10-09 16:45:19.992;d_shape;25193,5;25194,0;-0,5;-0,0019845995078193223;136,0;171,0;0,7953216374269005;18;113,0;35,0;31,0;9,0;0,8308823529411765;0,2046783625730994
2025-10-09 16:45:20.188;d_shape;25193,5;25193,75;-0,25;-0,0009923096005953857;139,0;156,0;0,8910256410256411;18;116,0;35,0;27,0;9,0;0,8345323741007195;0,22435897435897437
2025-10-09 16:45:22.404;d_shape;25194,25;25194,75;-0,5;-0,0019845404300499114;94,0;159,0;0,5911949685534591;18;89,0;40,0;38,0;10,0;0,9468085106382979;0,25157232704402516
2025-10-09 16:45:25.492;p_shape;25197,0;25196,75;0,25;0,0009921914532628215;119,0;51,0;2,3333333333333335;13;64,0;45,0;26,0;22,0;0,5378151260504201;0,8823529411764706
2025-10-09 16:45:25.720;p_shape;25197,25;25196,5;0,75;0,0029766038933978925;118,0;52,0;2,269230769230769;13;59,0;46,0;26,0;22,0;0,5;0,8846153846153846
2025-10-09 16:45:26.488;p_shape;25197,75;25197,0;0,75;0,002976544826765091;112,0;70,0;1,6;15;60,0;69,0;26,0;25,0;0,5357142857142857;0,9857142857142858
2025-10-09 16:45:27.100;p_shape;25197,25;25196,75;0,5;0,001984382906525643;111,0;74,0;1,5;15;59,0;74,0;26,0;27,0;0,5315315315315315;1,0
2025-10-09 16:45:27.300;p_shape;25197,5;25197,25;0,25;0,000992171764775918;103,0;75,0;1,3733333333333333;15;51,0;75,0;25,0;27,0;0,49514563106796117;1,0
2025-10-09 16:45:27.492;p_shape;25197,5;25197,25;0,25;0,000992171764775918;72,0;78,0;0,9230769230769231;13;30,0;78,0;10,0;27,0;0,4166666666666667;1,0
2025-10-09 16:45:28.164;p_shape;25197,25;25196,75;0,5;0,001984382906525643;63,0;73,0;0,863013698630137;10;35,0;71,0;12,0;27,0;0,5555555555555556;0,9726027397260274
2025-10-09 16:45:28.376;p_shape;25197,25;25196,75;0,5;0,001984382906525643;68,0;65,0;1,0461538461538462;10;33,0;63,0;12,0;21,0;0,4852941176470588;0,9692307692307692
2025-10-09 16:45:28.592;p_shape;25197,25;25196,75;0,5;0,001984382906525643;69,0;65,0;1,0615384615384615;10;28,0;63,0;11,0;21,0;0,4057971014492754;0,9692307692307692
2025-10-09 16:45:28.608;p_shape;25197,5;25197,25;0,25;0,000992171764775918;67,0;66,0;1,0151515151515151;10;26,0;64,0;11,0;21,0;0,3880597014925373;0,9696969696969697
2025-10-09 16:45:28.752;p_shape;25197,75;25197,25;0,5;0,001984343529551836;67,0;69,0;0,9710144927536232;10;25,0;67,0;11,0;21,0;0,373134328358209;0,9710144927536232
2025-10-09 16:45:53.176;p_shape;25202,25;25202,0;0,25;0,0009919847631140385;183,0;63,0;2,9047619047619047;20;73,0;48,0;11,0;24,0;0,3989071038251366;0,7619047619047619
2025-10-09 16:45:53.184;p_shape;25202,5;25202,25;0,25;0,0009919749228739496;183,0;71,0;2,5774647887323945;20;73,0;56,0;11,0;24,0;0,3989071038251366;0,7887323943661971
2025-10-09 16:45:53.432;p_shape;25202,0;25201,75;0,25;0,0009919946035493567;183,0;74,0;2,472972972972973;20;73,0;59,0;11,0;25,0;0,3989071038251366;0,7972972972972973
2025-10-09 16:45:53.768;p_shape;25202,0;25201,5;0,5;0,00198400888835982;182,0;71,0;2,563380281690141;20;72,0;60,0;11,0;27,0;0,3956043956043956;0,8450704225352113
2025-10-09 16:45:53.920;p_shape;25201,5;25201,25;0,25;0,0009920142850057042;183,0;71,0;2,5774647887323945;20;72,0;61,0;11,0;27,0;0,39344262295081966;0,8591549295774648
2025-10-09 16:45:54.412;p_shape;25201,5;25201,25;0,25;0,0009920142850057042;190,0;62,0;3,064516129032258;20;64,0;61,0;11,0;27,0;0,3368421052631579;0,9838709677419355
2025-10-09 16:45:54.420;p_shape;25201,5;25201,25;0,25;0,0009920142850057042;192,0;62,0;3,096774193548387;20;64,0;61,0;11,0;27,0;0,3333333333333333;0,9838709677419355
2025-10-09 16:45:54.600;p_shape;25201,75;25201,5;0,25;0,00099200444417991;184,0;62,0;2,967741935483871;17;76,0;61,0;13,0;27,0;0,41304347826086957;0,9838709677419355
2025-10-09 16:45:54.652;p_shape;25202,25;25201,75;0,5;0,0019839892070987134;181,0;65,0;2,7846153846153845;17;73,0;64,0;13,0;27,0;0,40331491712707185;0,9846153846153847
2025-10-09 16:45:54.716;p_shape;25202,5;25202,25;0,25;0,0009919749228739496;181,0;71,0;2,5492957746478875;17;73,0;70,0;13,0;27,0;0,40331491712707185;0,9859154929577465
2025-10-09 16:45:54.856;p_shape;25202,5;25202,0;0,5;0,001983969526228077;178,0;86,0;2,0697674418604652;17;70,0;85,0;13,0;33,0;0,39325842696629215;0,9883720930232558
2025-10-09 16:45:54.860;p_shape;25203,0;25202,5;0,5;0,001983930165658169;178,0;89,0;2,0;19;74,0;88,0;13,0;33,0;0,4157303370786517;0,9887640449438202
2025-10-09 16:45:55.012;p_shape;25202,25;25202,0;0,25;0,0009919847631140385;177,0;104,0;1,7019230769230769;19;73,0;104,0;13,0;33,0;0,4124293785310734;1,0
2025-10-09 16:45:55.852;d_shape;25201,0;25201,5;-0,5;-0,00198400888835982;105,0;122,0;0,860655737704918;10;86,0;101,0;28,0;38,0;0,819047619047619;0,8278688524590164
2025-10-09 16:45:56.128;d_shape;25201,0;25201,25;-0,25;-0,0009920142850057042;85,0;127,0;0,6692913385826772;10;78,0;101,0;28,0;38,0;0,9176470588235294;0,7952755905511811
2025-10-09 16:45:56.428;d_shape;25201,0;25201,25;-0,25;-0,0009920142850057042;82,0;130,0;0,6307692307692307;10;76,0;101,0;28,0;38,0;0,926829268292683;0,7769230769230769
2025-10-09 16:45:56.556;d_shape;25200,5;25201,0;-0,5;-0,00198404825205349;78,0;131,0;0,5954198473282443;11;72,0;108,0;28,0;38,0;0,9230769230769231;0,8244274809160306
2025-10-09 16:46:01.792;p_shape;25200,0;25199,75;0,25;0,0009920733340608538;43,0;96,0;0,4479166666666667;12;23,0;91,0;9,0;25,0;0,5348837209302325;0,9479166666666666
2025-10-09 16:46:01.808;p_shape;25200,25;25200,0;0,25;0,000992063492063492;43,0;96,0;0,4479166666666667;12;23,0;91,0;9,0;25,0;0,5348837209302325;0,9479166666666666
2025-10-09 16:46:01.816;p_shape;25200,75;25200,25;0,5;0,001984107300522812;43,0;97,0;0,44329896907216493;13;30,0;92,0;9,0;25,0;0,6976744186046512;0,9484536082474226
2025-10-09 16:46:01.836;p_shape;25201,0;25200,5;0,5;0,00198408761730918;43,0;101,0;0,42574257425742573;14;30,0;81,0;9,0;25,0;0,6976744186046512;0,801980198019802
2025-10-09 16:46:02.092;p_shape;25200,5;25200,0;0,5;0,001984126984126984;44,0;100,0;0,44;14;30,0;80,0;9,0;25,0;0,6818181818181818;0,8
2025-10-09 16:46:02.208;p_shape;25201,25;25200,5;0,75;0,0029761314259637707;46,0;99,0;0,46464646464646464;15;40,0;79,0;10,0;25,0;0,8695652173913043;0,797979797979798
2025-10-09 16:46:02.372;p_shape;25201,0;25200,5;0,5;0,00198408761730918;53,0;99,0;0,5353535353535354;15;40,0;79,0;10,0;25,0;0,7547169811320755;0,797979797979798
2025-10-09 16:46:02.504;p_shape;25201,25;25201,0;0,25;0,000992024126026745;55,0;99,0;0,5555555555555556;15;40,0;79,0;10,0;25,0;0,7272727272727273;0,797979797979798
2025-10-09 16:46:06.968;p_shape;25204,75;25204,25;0,5;0,0019837924159615936;69,0;85,0;0,8117647058823529;20;49,0;67,0;16,0;20,0;0,7101449275362319;0,788235294117647
2025-10-09 16:46:07.268;p_shape;25204,5;25204,25;0,25;0,0009918962079807968;72,0;85,0;0,8470588235294118;17;53,0;64,0;16,0;20,0;0,7361111111111112;0,7529411764705882
2025-10-09 16:46:07.308;p_shape;25205,0;25204,5;0,5;0,0019837727389950205;76,0;85,0;0,8941176470588236;17;53,0;64,0;16,0;20,0;0,6973684210526315;0,7529411764705882
2025-10-09 16:46:10.580;p_shape;25207,5;25207,0;0,5;0,0019835759907962077;150,0;172,0;0,872093023255814;26;43,0;124,0;9,0;31,0;0,2866666666666667;0,7209302325581395
2025-10-09 16:46:10.728;p_shape;25207,5;25207,0;0,5;0,0019835759907962077;150,0;176,0;0,8522727272727273;26;43,0;130,0;9,0;33,0;0,2866666666666667;0,7386363636363636
2025-10-09 16:46:11.160;p_shape;25207,0;25206,5;0,5;0,0019836153373137882;145,0;183,0;0,7923497267759563;22;52,0;134,0;18,0;33,0;0,3586206896551724;0,73224043715847
2025-10-09 16:46:11.180;p_shape;25207,25;25207,0;0,25;0,0009917879953981038;148,0;183,0;0,8087431693989071;22;52,0;134,0;18,0;33,0;0,35135135135135137;0,73224043715847
2025-10-09 16:46:11.308;p_shape;25207,25;25206,5;0,75;0,0029754230059706823;150,0;183,0;0,819672131147541;20;56,0;134,0;18,0;33,0;0,37333333333333335;0,73224043715847
2025-10-09 16:46:11.312;p_shape;25207,75;25207,25;0,5;0,0019835563181227625;152,0;185,0;0,8216216216216217;20;56,0;136,0;18,0;33,0;0,3684210526315789;0,7351351351351352
2025-10-09 16:46:11.500;p_shape;25208,25;25207,75;0,5;0,0019835169739465044;150,0;189,0;0,7936507936507936;19;67,0;140,0;18,0;33,0;0,44666666666666666;0,7407407407407407
2025-10-09 16:46:11.572;p_shape;25208,5;25208,0;0,5;0,0019834973024436685;150,0;193,0;0,7772020725388601;20;67,0;144,0;18,0;33,0;0,44666666666666666;0,7461139896373057
2025-10-09 16:46:11.996;p_shape;25208,0;25207,5;0,5;0,0019835366458395317;146,0;154,0;0,948051948051948;18;77,0;148,0;18,0;33,0;0,5273972602739726;0,961038961038961
2025-10-09 16:46:12.500;p_shape;25207,75;25207,5;0,25;0,0009917683229197659;120,0;153,0;0,7843137254901961;17;75,0;153,0;24,0;34,0;0,625;1,0
2025-10-09 16:46:12.504;p_shape;25208,5;25207,75;0,75;0,002975275460919757;120,0;156,0;0,7692307692307693;17;75,0;156,0;24,0;34,0;0,625;1,0
2025-10-09 16:46:12.564;p_shape;25208,0;25207,75;0,25;0,0009917584869732522;117,0;169,0;0,6923076923076923;16;72,0;165,0;24,0;34,0;0,6153846153846154;0,9763313609467456
2025-10-09 16:46:12.600;p_shape;25208,25;25208,0;0,25;0,0009917486512218342;117,0;172,0;0,6802325581395349;16;72,0;168,0;24,0;34,0;0,6153846153846154;0,9767441860465116
2025-10-09 16:46:12.672;p_shape;25207,75;25207,25;0,5;0,0019835563181227625;118,0;189,0;0,6243386243386243;15;81,0;185,0;24,0;37,0;0,6864406779661016;0,9788359788359788
2025-10-09 16:46:12.736;p_shape;25207,75;25207,5;0,25;0,0009917683229197659;118,0;193,0;0,6113989637305699;15;81,0;189,0;24,0;40,0;0,6864406779661016;0,9792746113989638
2025-10-09 16:46:13.100;p_shape;25207,75;25207,25;0,5;0,0019835563181227625;111,0;196,0;0,5663265306122449;13;86,0;185,0;24,0;41,0;0,7747747747747747;0,9438775510204082
2025-10-09 16:46:13.248;d_shape;25206,25;25207,75;-1,5;-0,005950550921839514;132,0;199,0;0,6633165829145728;11;121,0;164,0;32,0;44,0;0,9166666666666666;0,8241206030150754
2025-10-09 16:46:13.824;d_shape;25206,5;25206,75;-0,25;-0,0009917978319299394;86,0;182,0;0,4725274725274725;11;75,0;147,0;23,0;39,0;0,872093023255814;0,8076923076923077
2025-10-09 16:46:14.176;p_shape;25208,0;25207,5;0,5;0,0019835366458395317;98,0;173,0;0,5664739884393064;11;80,0;138,0;26,0;33,0;0,8163265306122449;0,7976878612716763
2025-10-09 16:46:14.188;p_shape;25208,5;25208,0;0,5;0,0019834973024436685;99,0;173,0;0,5722543352601156;11;80,0;138,0;26,0;33,0;0,8080808080808081;0,7976878612716763
2025-10-09 16:46:16.400;p_shape;25209,75;25209,25;0,5;0,001983398950781955;148,0;134,0;1,1044776119402986;17;72,0;98,0;21,0;21,0;0,4864864864864865;0,7313432835820896
2025-10-09 16:46:16.532;p_shape;25209,5;25209,0;0,5;0,0019834186203340075;150,0;131,0;1,1450381679389312;17;72,0;97,0;21,0;21,0;0,48;0,7404580152671756
2025-10-09 16:46:16.768;p_shape;25210,0;25209,5;0,5;0,001983379281620024;149,0;127,0;1,1732283464566928;17;71,0;96,0;21,0;21,0;0,47651006711409394;0,7559055118110236
2025-10-09 16:46:16.980;p_shape;25209,75;25209,5;0,25;0,000991689640810012;150,0;134,0;1,1194029850746268;17;71,0;103,0;21,0;28,0;0,47333333333333333;0,7686567164179104
2025-10-09 16:46:17.212;p_shape;25209,5;25209,25;0,25;0,0009916994753909774;150,0;135,0;1,1111111111111112;17;71,0;105,0;21,0;28,0;0,47333333333333333;0,7777777777777778
2025-10-09 16:46:17.324;p_shape;25209,5;25209,25;0,25;0,0009916994753909774;150,0;139,0;1,079136690647482;17;71,0;109,0;21,0;28,0;0,47333333333333333;0,7841726618705036
2025-10-09 16:46:17.328;p_shape;25209,75;25209,5;0,25;0,000991689640810012;150,0;140,0;1,0714285714285714;17;71,0;110,0;21,0;29,0;0,47333333333333333;0,7857142857142857
2025-10-09 16:46:18.364;p_shape;25209,5;25208,75;0,75;0,0029751574354142905;116,0;100,0;1,16;15;32,0;98,0;7,0;30,0;0,27586206896551724;0,98
2025-10-09 16:46:18.440;p_shape;25209,75;25209,5;0,25;0,000991689640810012;115,0;102,0;1,1274509803921569;15;31,0;100,0;7,0;31,0;0,26956521739130435;0,9803921568627451
2025-10-09 16:46:18.632;p_shape;25209,75;25209,5;0,25;0,000991689640810012;109,0;105,0;1,0380952380952382;15;25,0;103,0;6,0;32,0;0,22935779816513763;0,9809523809523809
2025-10-09 16:46:18.684;p_shape;25210,5;25209,75;0,75;0,0029750394192723053;107,0;131,0;0,816793893129771;16;23,0;127,0;6,0;36,0;0,21495327102803738;0,9694656488549618
2025-10-09 16:46:23.360;p_shape;25209,5;25209,0;0,5;0,0019834186203340075;88,0;123,0;0,7154471544715447;17;79,0;100,0;25,0;22,0;0,8977272727272727;0,8130081300813008
2025-10-09 16:46:23.508;p_shape;25210,0;25209,5;0,5;0,001983379281620024;88,0;123,0;0,7154471544715447;17;79,0;100,0;25,0;22,0;0,8977272727272727;0,8130081300813008
2025-10-09 16:46:23.944;p_shape;25210,0;25209,0;1,0;0,003966837240668015;94,0;97,0;0,9690721649484536;16;79,0;74,0;25,0;22,0;0,8404255319148937;0,7628865979381443
2025-10-09 16:46:24.276;p_shape;25210,25;25210,0;0,25;0,0009916699722332407;97,0;85,0;1,1411764705882352;16;79,0;62,0;25,0;22,0;0,8144329896907216;0,7294117647058823
2025-10-09 16:46:28.520;p_shape;25212,5;25212,0;0,5;0,001983182611454863;107,0;99,0;1,0808080808080809;18;85,0;89,0;29,0;27,0;0,794392523364486;0,898989898989899
2025-10-09 16:46:28.812;p_shape;25212,5;25212,0;0,5;0,001983182611454863;113,0;99,0;1,1414141414141414;18;85,0;89,0;29,0;27,0;0,7522123893805309;0,898989898989899
2025-10-09 16:46:28.940;p_shape;25212,75;25212,25;0,5;0,001983162946583506;116,0;98,0;1,183673469387755;17;96,0;89,0;29,0;27,0;0,8275862068965517;0,9081632653061225
2025-10-09 16:46:28.964;p_shape;25213,5;25212,75;0,75;0,002974685427016093;111,0;89,0;1,247191011235955;15;95,0;71,0;29,0;27,0;0,8558558558558559;0,797752808988764
2025-10-09 16:46:32.268;p_shape;25214,75;25214,0;0,75;0,002974537955104307;79,0;131,0;0,6030534351145038;19;41,0;98,0;9,0;34,0;0,5189873417721519;0,7480916030534351
2025-10-09 16:46:32.548;p_shape;25215,5;25214,0;1,5;0,005949075910208614;93,0;106,0;0,8773584905660378;19;41,0;94,0;9,0;34,0;0,44086021505376344;0,8867924528301887
2025-10-09 16:46:32.560;p_shape;25215,75;25215,5;0,25;0,0009914536693700303;107,0;104,0;1,0288461538461537;20;41,0;94,0;9,0;34,0;0,38317757009345793;0,9038461538461539
2025-10-09 16:46:32.568;p_shape;25216,0;25215,75;0,25;0,0009914438396637023;110,0;104,0;1,0576923076923077;21;44,0;94,0;9,0;34,0;0,4;0,9038461538461539
2025-10-09 16:46:32.580;p_shape;25216,25;25216,0;0,25;0,0009914340101522842;118,0;104,0;1,1346153846153846;22;44,0;86,0;9,0;34,0;0,3728813559322034;0,8269230769230769
2025-10-09 16:46:32.588;p_shape;25216,5;25216,25;0,25;0,0009914241808357705;119,0;104,0;1,1442307692307692;23;53,0;86,0;9,0;34,0;0,44537815126050423;0,8269230769230769
2025-10-09 16:46:32.732;p_shape;25216,25;25216,0;0,25;0,0009914340101522842;125,0;95,0;1,3157894736842106;23;53,0;86,0;9,0;34,0;0,424;0,9052631578947369
2025-10-09 16:46:32.736;p_shape;25216,5;25216,25;0,25;0,0009914241808357705;126,0;95,0;1,3263157894736841;23;53,0;86,0;9,0;34,0;0,42063492063492064;0,9052631578947369
2025-10-09 16:46:32.948;p_shape;25216,75;25216,5;0,25;0,0009914143517141553;130,0;102,0;1,2745098039215685;22;62,0;78,0;11,0;34,0;0,47692307692307695;0,7647058823529411
2025-10-09 16:46:32.952;p_shape;25217,0;25216,75;0,25;0,000991404522787433;130,0;106,0;1,2264150943396226;23;77,0;82,0;15,0;34,0;0,5923076923076923;0,7735849056603774
2025-10-09 16:46:33.108;p_shape;25217,0;25216,5;0,5;0,0019828287034283107;132,0;123,0;1,0731707317073171;25;80,0;99,0;15,0;34,0;0,6060606060606061;0,8048780487804879
2025-10-09 16:46:37.032;p_shape;25218,5;25218,25;0,25;0,0009913455533195204;123,0;105,0;1,1714285714285715;22;49,0;105,0;10,0;22,0;0,3983739837398374;1,0
2025-10-09 16:46:37.180;p_shape;25218,75;25218,5;0,25;0,0009913357257568848;121,0;106,0;1,1415094339622642;21;59,0;106,0;12,0;23,0;0,48760330578512395;1,0
2025-10-09 16:46:37.340;p_shape;25219,0;25218,5;0,5;0,0019826714515137696;114,0;107,0;1,0654205607476634;18;59,0;94,0;12,0;23,0;0,5175438596491229;0,8785046728971962
2025-10-09 16:46:38.004;p_shape;25218,75;25218,25;0,5;0,001982691106639041;75,0;84,0;0,8928571428571429;10;32,0;65,0;10,0;29,0;0,4266666666666667;0,7738095238095238
2025-10-09 16:46:38.044;p_shape;25219,25;25218,75;0,5;0,001982651796778191;75,0;85,0;0,8823529411764706;11;48,0;66,0;16,0;29,0;0,64;0,7764705882352941
2025-10-09 16:46:38.504;p_shape;25218,75;25218,5;0,25;0,0009913357257568848;84,0;81,0;1,037037037037037;11;47,0;68,0;19,0;31,0;0,5595238095238095;0,8395061728395061
2025-10-09 16:46:38.684;p_shape;25218,75;25218,25;0,5;0,001982691106639041;76,0;81,0;0,9382716049382716;10;37,0;66,0;19,0;33,0;0,4868421052631579;0,8148148148148148
2025-10-09 16:46:38.728;p_shape;25219,0;25218,75;0,25;0,0009913258983890955;75,0;80,0;0,9375;10;36,0;67,0;19,0;33,0;0,48;0,8375
2025-10-09 16:46:39.204;p_shape;25219,5;25219,25;0,25;0,0009913062442380325;70,0;88,0;0,7954545454545454;10;54,0;77,0;23,0;34,0;0,7714285714285715;0,875
2025-10-09 16:46:39.228;p_shape;25219,75;25219,5;0,25;0,0009912964174547472;69,0;90,0;0,7666666666666667;11;69,0;79,0;23,0;34,0;1,0;0,8777777777777778
2025-10-09 16:46:39.304;p_shape;25219,75;25219,5;0,25;0,0009912964174547472;64,0;92,0;0,6956521739130435;10;64,0;65,0;23,0;34,0;1,0;0,7065217391304348
2025-10-09 16:46:39.312;p_shape;25220,0;25219,75;0,25;0,0009912865908662852;64,0;95,0;0,6736842105263158;11;64,0;68,0;23,0;34,0;1,0;0,7157894736842105
2025-10-09 16:46:48.588;p_shape;25220,25;25219,75;0,5;0,0019825731817325705;81,0;74,0;1,0945945945945945;18;32,0;52,0;13,0;24,0;0,3950617283950617;0,7027027027027027
2025-10-09 16:46:48.864;p_shape;25220,0;25219,75;0,25;0,0009912865908662852;76,0;71,0;1,0704225352112675;17;29,0;55,0;13,0;26,0;0,3815789473684211;0,7746478873239436
2025-10-09 16:46:48.928;p_shape;25220,25;25220,0;0,25;0,0009912767644726407;76,0;72,0;1,0555555555555556;17;29,0;56,0;13,0;26,0;0,3815789473684211;0,7777777777777778
2025-10-09 16:46:49.104;p_shape;25220,5;25220,25;0,25;0,0009912669382738078;71,0;74,0;0,9594594594594594;17;28,0;59,0;10,0;26,0;0,39436619718309857;0,7972972972972973
2025-10-09 16:46:49.156;p_shape;25220,25;25220,0;0,25;0,0009912767644726407;71,0;76,0;0,9342105263157895;17;28,0;61,0;10,0;27,0;0,39436619718309857;0,8026315789473685
2025-10-09 16:46:49.188;p_shape;25220,5;25220,25;0,25;0,0009912669382738078;71,0;77,0;0,922077922077922;17;28,0;62,0;10,0;27,0;0,39436619718309857;0,8051948051948052
2025-10-09 16:46:49.356;p_shape;25219,75;25219,5;0,25;0,0009912964174547472;64,0;83,0;0,7710843373493976;17;21,0;68,0;6,0;29,0;0,328125;0,8192771084337349
2025-10-09 16:46:53.844;d_shape;25216,5;25216,75;-0,25;-0,000991404522787433;46,0;76,0;0,6052631578947368;18;46,0;32,0;28,0;9,0;1,0;0,42105263157894735
2025-10-09 16:46:54.004;d_shape;25216,25;25216,5;-0,25;-0,0009914143517141553;46,0;74,0;0,6216216216216216;19;46,0;31,0;28,0;9,0;1,0;0,4189189189189189
2025-10-09 16:46:54.124;d_shape;25216,0;25216,25;-0,25;-0,0009914241808357705;46,0;72,0;0,6388888888888888;19;46,0;28,0;28,0;9,0;1,0;0,3888888888888889
2025-10-09 16:46:54.136;d_shape;25215,75;25216,0;-0,25;-0,0009914340101522842;46,0;73,0;0,6301369863013698;20;46,0;28,0;28,0;9,0;1,0;0,3835616438356164
2025-10-09 16:46:54.356;d_shape;25215,5;25215,75;-0,25;-0,0009914438396637023;46,0;68,0;0,6764705882352942;17;40,0;54,0;28,0;20,0;0,8695652173913043;0,7941176470588235
2025-10-09 16:46:54.512;d_shape;25215,5;25216,0;-0,5;-0,0019828680203045684;46,0;67,0;0,6865671641791045;16;35,0;51,0;28,0;20,0;0,7608695652173914;0,7611940298507462
2025-10-09 16:46:56.152;d_shape;25213,75;25214,25;-0,5;-0,001983005641651051;61,0;73,0;0,8356164383561644;20;43,0;30,0;28,0;11,0;0,7049180327868853;0,410958904109589
2025-10-09 16:46:56.164;d_shape;25214,25;25214,5;-0,25;-0,0009914929901445597;64,0;74,0;0,8648648648648649;20;46,0;30,0;28,0;11,0;0,71875;0,40540540540540543
2025-10-09 16:46:56.172;d_shape;25213,75;25214,25;-0,5;-0,001983005641651051;69,0;74,0;0,9324324324324325;20;51,0;30,0;28,0;11,0;0,7391304347826086;0,40540540540540543
2025-10-09 16:46:56.344;d_shape;25213,5;25213,75;-0,25;-0,0009915224827722969;72,0;74,0;0,972972972972973;21;54,0;32,0;28,0;11,0;0,75;0,43243243243243246
2025-10-09 16:47:04.224;p_shape;25215,5;25215,25;0,25;0,0009914634992712742;27,0;81,0;0,3333333333333333;14;23,0;75,0;6,0;21,0;0,8518518518518519;0,9259259259259259
2025-10-09 16:47:04.408;p_shape;25215,5;25215,0;0,5;0,00198294665873488;24,0;83,0;0,2891566265060241;14;20,0;77,0;6,0;21,0;0,8333333333333334;0,927710843373494
2025-10-09 16:47:12.468;p_shape;25214,25;25213,75;0,5;0,0019830449655445937;58,0;61,0;0,9508196721311475;12;29,0;60,0;10,0;25,0;0,5;0,9836065573770492
2025-10-09 16:47:56.428;d_shape;25207,25;25207,5;-0,25;-0,0009917683229197659;64,0;138,0;0,463768115942029;22;58,0;80,0;20,0;22,0;0,90625;0,5797101449275363
2025-10-09 16:47:56.956;d_shape;25207,5;25207,75;-0,25;-0,0009917584869732522;71,0;136,0;0,5220588235294118;22;65,0;78,0;22,0;22,0;0,9154929577464789;0,5735294117647058
2025-10-09 16:47:57.320;d_shape;25207,75;25208,25;-0,5;-0,0019834776313310126;72,0;135,0;0,5333333333333333;21;66,0;75,0;22,0;22,0;0,9166666666666666;0,5555555555555556
2025-10-09 16:47:57.704;d_shape;25208,0;25208,25;-0,25;-0,0009917388156655063;72,0;135,0;0,5333333333333333;20;66,0;72,0;22,0;22,0;0,9166666666666666;0,5333333333333333
2025-10-09 16:48:02.816;p_shape;25209,0;25208,75;0,25;0,000991719145138097;37,0;98,0;0,37755102040816324;11;35,0;87,0;11,0;21,0;0,9459459459459459;0,8877551020408163
2025-10-09 16:48:03.908;p_shape;25209,0;25208,75;0,25;0,000991719145138097;36,0;97,0;0,3711340206185567;11;31,0;87,0;8,0;21,0;0,8611111111111112;0,8969072164948454
2025-10-09 16:48:05.544;p_shape;25209,0;25208,25;0,75;0,002975216446996519;26,0;72,0;0,3611111111111111;11;20,0;70,0;5,0;20,0;0,7692307692307693;0,9722222222222222
2025-10-09 16:48:13.364;p_shape;25212,0;25211,75;0,25;0,0009916011383581068;53,0;33,0;1,606060606060606;17;25,0;31,0;7,0;21,0;0,4716981132075472;0,9393939393939394
2025-10-09 16:48:13.628;p_shape;25211,5;25211,25;0,25;0,0009916208042044722;45,0;45,0;1,0;14;25,0;43,0;8,0;22,0;0,5555555555555556;0,9555555555555556
2025-10-09 16:48:40.824;d_shape;25210,5;25211,0;-0,5;-0,0019832612748403476;63,0;47,0;1,3404255319148937;17;57,0;29,0;52,0;13,0;0,9047619047619048;0,6170212765957447
2025-10-09 16:48:40.988;d_shape;25210,25;25210,75;-0,5;-0,001983280941661791;63,0;50,0;1,26;17;57,0;29,0;52,0;13,0;0,9047619047619048;0,58
2025-10-09 16:48:41.112;d_shape;25209,75;25210,25;-0,5;-0,0019833202764748463;63,0;48,0;1,3125;18;59,0;27,0;52,0;13,0;0,9365079365079365;0,5625
2025-10-09 16:48:41.120;d_shape;25209,5;25209,75;-0,25;-0,0009916798064241018;65,0;48,0;1,3541666666666667;19;61,0;30,0;52,0;13,0;0,9384615384615385;0,625
2025-10-09 16:48:41.244;d_shape;25209,75;25210,0;-0,25;-0,0009916699722332407;72,0;48,0;1,5;19;68,0;30,0;56,0;13,0;0,9444444444444444;0,625
2025-10-09 16:48:41.260;d_shape;25209,5;25209,75;-0,25;-0,0009916798064241018;73,0;48,0;1,5208333333333333;19;69,0;30,0;56,0;13,0;0,9452054794520548;0,625
2025-10-09 16:49:12.060;p_shape;25221,5;25219,75;1,75;0,006939006136063997;104,0;47,0;2,2127659574468086;26;30,0;41,0;6,0;22,0;0,28846153846153844;0,8723404255319149
2025-10-09 16:49:12.084;p_shape;25220,5;25220,25;0,25;0,0009912669382738078;111,0;47,0;2,3617021276595747;26;30,0;41,0;6,0;22,0;0,2702702702702703;0,8723404255319149
2025-10-09 16:49:12.480;p_shape;25220,75;25220,25;0,5;0,0019825338765476156;110,0;44,0;2,5;23;33,0;33,0;6,0;22,0;0,3;0,75
2025-10-09 16:49:12.624;p_shape;25221,0;25220,5;0,5;0,0019825142245395613;111,0;44,0;2,522727272727273;22;30,0;32,0;6,0;22,0;0,2702702702702703;0,7272727272727273
2025-10-09 16:49:12.648;p_shape;25221,25;25221,0;0,25;0,0009912374608461202;111,0;45,0;2,466666666666667;22;30,0;33,0;6,0;23,0;0,2702702702702703;0,7333333333333333
2025-10-09 16:49:13.060;p_shape;25221,75;25221,0;0,75;0,0029737123825383607;111,0;68,0;1,6323529411764706;21;55,0;59,0;20,0;26,0;0,4954954954954955;0,8676470588235294
2025-10-09 16:49:13.064;p_shape;25222,0;25221,75;0,25;0,0009912079851715286;111,0;72,0;1,5416666666666667;22;55,0;63,0;20,0;26,0;0,4954954954954955;0,875
2025-10-09 16:49:13.660;p_shape;25221,75;25221,5;0,25;0,0009912178102016139;109,0;76,0;1,4342105263157894;21;54,0;67,0;20,0;26,0;0,4954128440366973;0,881578947368421
2025-10-09 16:49:14.004;p_shape;25221,75;25221,25;0,5;0,0019824552708529513;113,0;76,0;1,486842105263158;21;54,0;67,0;20,0;26,0;0,4778761061946903;0,881578947368421
2025-10-09 16:49:14.084;p_shape;25222,0;25221,75;0,25;0,0009912079851715286;113,0;76,0;1,486842105263158;20;50,0;62,0;20,0;26,0;0,4424778761061947;0,8157894736842105
2025-10-09 16:49:14.152;p_shape;25222,5;25222,0;0,5;0,0019823963206724287;114,0;79,0;1,4430379746835442;21;53,0;63,0;20,0;26,0;0,4649122807017544;0,7974683544303798
2025-10-09 16:49:14.656;p_shape;25222,25;25221,75;0,5;0,001982415970343057;122,0;79,0;1,5443037974683544;21;53,0;63,0;20,0;26,0;0,4344262295081967;0,7974683544303798
2025-10-09 16:49:14.668;p_shape;25222,5;25222,25;0,25;0,0009911883356956655;122,0;83,0;1,4698795180722892;22;53,0;67,0;20,0;26,0;0,4344262295081967;0,8072289156626506
2025-10-09 16:49:14.756;p_shape;25222,75;25222,25;0,5;0,001982376671391331;112,0;81,0;1,382716049382716;19;70,0;68,0;20,0;26,0;0,625;0,8395061728395061
2025-10-09 16:49:15.048;p_shape;25222,5;25222,25;0,25;0,0009911883356956655;106,0;75,0;1,4133333333333333;18;62,0;68,0;17,0;26,0;0,5849056603773585;0,9066666666666666
2025-10-09 16:49:15.216;p_shape;25222,5;25222,0;0,5;0,0019823963206724287;105,0;73,0;1,4383561643835616;18;58,0;68,0;16,0;26,0;0,5523809523809524;0,9315068493150684
2025-10-09 16:49:15.440;p_shape;25222,5;25222,0;0,5;0,0019823963206724287;113,0;73,0;1,547945205479452;18;55,0;68,0;16,0;26,0;0,48672566371681414;0,9315068493150684
2025-10-09 16:49:15.712;p_shape;25222,75;25222,5;0,25;0,000991178511249876;113,0;73,0;1,547945205479452;18;52,0;68,0;16,0;26,0;0,46017699115044247;0,9315068493150684
2025-10-09 16:49:15.780;p_shape;25223,0;25222,75;0,25;0,0009911686869988404;116,0;75,0;1,5466666666666666;19;60,0;70,0;16,0;26,0;0,5172413793103449;0,9333333333333333
2025-10-09 16:49:16.000;p_shape;25223,25;25222,75;0,5;0,0019823373739976807;108,0;81,0;1,3333333333333333;18;64,0;79,0;16,0;26,0;0,5925925925925926;0,9753086419753086
2025-10-09 16:49:16.484;p_shape;25223,25;25222,75;0,5;0,0019823373739976807;106,0;81,0;1,308641975308642;17;62,0;79,0;16,0;26,0;0,5849056603773585;0,9753086419753086
2025-10-09 16:49:18.296;p_shape;25228,0;25227,5;0,5;0,001981964126449311;272,0;187,0;1,4545454545454546;36;152,0;163,0;20,0;40,0;0,5588235294117647;0,8716577540106952
2025-10-09 16:49:18.420;p_shape;25228,25;25228,0;0,25;0,0009909624227049311;281,0;187,0;1,5026737967914439;36;152,0;163,0;20,0;40,0;0,5409252669039146;0,8716577540106952
2025-10-09 16:49:18.552;p_shape;25228,5;25227,75;0,75;0,002972916728602432;294,0;187,0;1,572192513368984;36;152,0;163,0;20,0;40,0;0,5170068027210885;0,8716577540106952
2025-10-09 16:49:18.664;p_shape;25231,0;25228,5;2,5;0,009909427829637118;330,0;209,0;1,5789473684210527;39;199,0;187,0;23,0;40,0;0,603030303030303;0,8947368421052632
2025-10-09 16:49:18.780;p_shape;25229,75;25229,25;0,5;0,0019818266496229578;349,0;209,0;1,6698564593301435;39;198,0;187,0;23,0;40,0;0,5673352435530086;0,8947368421052632
2025-10-09 16:49:18.848;p_shape;25231,0;25229,25;1,75;0,006936393273680352;372,0;235,0;1,5829787234042554;39;198,0;213,0;23,0;40,0;0,532258064516129;0,9063829787234042
2025-10-09 16:49:19.104;p_shape;25230,5;25230,0;0,5;0,0019817677368212444;369,0;247,0;1,4939271255060729;38;191,0;225,0;23,0;40,0;0,5176151761517616;0,9109311740890689
2025-10-09 16:49:19.140;p_shape;25230,25;25230,0;0,25;0,0009908838684106222;369,0;250,0;1,476;38;191,0;228,0;23,0;40,0;0,5176151761517616;0,912
2025-10-09 16:49:19.248;p_shape;25229,75;25229,25;0,5;0,0019818266496229578;372,0;254,0;1,4645669291338583;38;188,0;235,0;23,0;40,0;0,5053763440860215;0,9251968503937008
2025-10-09 16:49:19.620;p_shape;25229,75;25229,5;0,25;0,0009909035058166035;368,0;256,0;1,4375;37;205,0;237,0;23,0;40,0;0,5570652173913043;0,92578125
2025-10-09 16:49:19.788;p_shape;25229,75;25229,5;0,25;0,0009909035058166035;365,0;252,0;1,4484126984126984;37;200,0;238,0;23,0;40,0;0,547945205479452;0,9444444444444444
2025-10-09 16:49:19.824;p_shape;25230,25;25229,75;0,5;0,00198178737403264;365,0;255,0;1,4313725490196079;37;200,0;241,0;23,0;40,0;0,547945205479452;0,9450980392156862
2025-10-09 16:49:19.880;p_shape;25230,0;25229,75;0,25;0,00099089368701632;365,0;262,0;1,3931297709923665;37;200,0;248,0;23,0;40,0;0,547945205479452;0,9465648854961832
2025-10-09 16:49:20.048;p_shape;25230,0;25229,5;0,5;0,001981807011633207;366,0;264,0;1,3863636363636365;37;199,0;250,0;23,0;40,0;0,5437158469945356;0,946969696969697
2025-10-09 16:49:20.056;p_shape;25230,25;25230,0;0,25;0,0009908838684106222;366,0;264,0;1,3863636363636365;37;198,0;250,0;23,0;40,0;0,5409836065573771;0,946969696969697
2025-10-09 16:49:20.240;p_shape;25230,25;25229,75;0,5;0,00198178737403264;370,0;264,0;1,4015151515151516;37;195,0;250,0;23,0;40,0;0,527027027027027;0,946969696969697
2025-10-09 16:49:20.292;p_shape;25230,75;25230,0;0,75;0,002972651605231867;377,0;264,0;1,428030303030303;37;191,0;250,0;23,0;40,0;0,506631299734748;0,946969696969697
2025-10-09 16:49:20.416;p_shape;25230,75;25230,0;0,75;0,002972651605231867;385,0;264,0;1,4583333333333333;35;229,0;250,0;41,0;40,0;0,5948051948051948;0,946969696969697
2025-10-09 16:49:20.552;p_shape;25230,75;25230,5;0,25;0,0009908642317829613;384,0;264,0;1,4545454545454546;34;223,0;250,0;41,0;40,0;0,5807291666666666;0,946969696969697
2025-10-09 16:49:20.676;p_shape;25231,0;25230,5;0,5;0,0019817284635659225;391,0;264,0;1,481060606060606;34;223,0;250,0;41,0;40,0;0,5703324808184144;0,946969696969697
2025-10-09 16:49:20.708;p_shape;25231,5;25231,0;0,5;0,0019816891918671476;391,0;271,0;1,4428044280442804;36;223,0;221,0;41,0;40,0;0,5703324808184144;0,8154981549815498
2025-10-09 16:49:20.800;p_shape;25231,0;25230,75;0,25;0,000990854413760986;393,0;269,0;1,4609665427509293;36;219,0;221,0;41,0;40,0;0,5572519083969466;0,8215613382899628
2025-10-09 16:49:20.932;p_shape;25231,0;25230,75;0,25;0,000990854413760986;398,0;261,0;1,524904214559387;36;219,0;221,0;41,0;40,0;0,550251256281407;0,8467432950191571
2025-10-09 16:49:20.968;p_shape;25231,25;25231,0;0,25;0,0009908445959335738;397,0;264,0;1,503787878787879;36;218,0;224,0;41,0;40,0;0,5491183879093199;0,8484848484848485
2025-10-09 16:49:21.224;p_shape;25232,0;25231,75;0,25;0,000990815143618655;396,0;348,0;1,1379310344827587;41;228,0;254,0;41,0;32,0;0,5757575757575758;0,7298850574712644
2025-10-09 16:49:21.484;p_shape;25231,75;25231,0;0,75;0,0029725337878007212;395,0;363,0;1,0881542699724518;40;227,0;264,0;41,0;33,0;0,5746835443037974;0,7272727272727273
2025-10-09 16:49:21.560;p_shape;25230,75;25230,5;0,25;0,0009908642317829613;395,0;373,0;1,0589812332439679;40;224,0;274,0;41,0;33,0;0,5670886075949367;0,7345844504021448
2025-10-09 16:49:21.660;p_shape;25230,75;25230,5;0,25;0,0009908642317829613;396,0;374,0;1,0588235294117647;40;224,0;275,0;41,0;33,0;0,5656565656565656;0,7352941176470589
2025-10-09 16:49:21.876;p_shape;25231,0;25230,25;0,75;0,002972622149998514;389,0;378,0;1,029100529100529;38;223,0;267,0;41,0;33,0;0,5732647814910026;0,7063492063492064
2025-10-09 16:49:21.896;p_shape;25231,25;25231,0;0,25;0,0009908445959335738;389,0;381,0;1,020997375328084;38;223,0;270,0;41,0;33,0;0,5732647814910026;0,7086614173228346
2025-10-09 16:49:22.960;p_shape;25231,5;25231,0;0,5;0,0019816891918671476;235,0;217,0;1,0829493087557605;22;138,0;196,0;34,0;33,0;0,5872340425531914;0,9032258064516129
2025-10-09 16:49:24.748;d_shape;25230,0;25230,5;-0,5;-0,0019817284635659225;130,0;206,0;0,6310679611650486;14;125,0;116,0;39,0;33,0;0,9615384615384616;0,5631067961165048
2025-10-09 16:49:24.760;d_shape;25230,0;25230,25;-0,25;-0,0009908740499995046;130,0;217,0;0,5990783410138248;14;125,0;116,0;39,0;33,0;0,9615384615384616;0,5345622119815668
2025-10-09 16:49:24.800;d_shape;25229,75;25230,0;-0,25;-0,0009908838684106222;130,0;222,0;0,5855855855855856;14;125,0;116,0;39,0;33,0;0,9615384615384616;0,5225225225225225
2025-10-09 16:49:25.060;d_shape;25229,75;25230,0;-0,25;-0,0009908838684106222;128,0;212,0;0,6037735849056604;13;128,0;116,0;39,0;33,0;1,0;0,5471698113207547
2025-10-09 16:49:25.260;d_shape;25229,25;25229,75;-0,5;-0,00198178737403264;126,0;212,0;0,5943396226415094;15;121,0;144,0;39,0;33,0;0,9603174603174603;0,6792452830188679
2025-10-09 16:49:25.308;d_shape;25229,25;25229,75;-0,5;-0,00198178737403264;119,0;212,0;0,5613207547169812;15;114,0;144,0;34,0;33,0;0,957983193277311;0,6792452830188679
2025-10-09 16:49:25.312;d_shape;25228,75;25229,25;-0,5;-0,0019818266496229578;123,0;212,0;0,5801886792452831;17;95,0;179,0;34,0;35,0;0,7723577235772358;0,8443396226415094
2025-10-09 16:49:25.408;d_shape;25228,75;25229,25;-0,5;-0,0019818266496229578;120,0;212,0;0,5660377358490566;17;92,0;179,0;32,0;35,0;0,7666666666666667;0,8443396226415094
2025-10-09 16:49:25.444;d_shape;25228,75;25229,25;-0,5;-0,0019818266496229578;121,0;212,0;0,5707547169811321;17;93,0;179,0;32,0;35,0;0,768595041322314;0,8443396226415094
2025-10-09 16:49:25.624;d_shape;25229,0;25229,25;-0,25;-0,0009909133248114789;121,0;212,0;0,5707547169811321;17;96,0;179,0;28,0;35,0;0,7933884297520661;0,8443396226415094
2025-10-09 16:49:25.952;d_shape;25229,75;25230,0;-0,25;-0,0009908838684106222;121,0;213,0;0,568075117370892;17;105,0;172,0;28,0;35,0;0,8677685950413223;0,8075117370892019
2025-10-09 16:49:26.076;d_shape;25229,25;25229,75;-0,5;-0,00198178737403264;123,0;159,0;0,7735849056603774;15;96,0;122,0;28,0;35,0;0,7804878048780488;0,7672955974842768
2025-10-09 16:49:30.008;p_shape;25229,75;25229,25;0,5;0,0019818266496229578;122,0;80,0;1,525;10;78,0;57,0;21,0;33,0;0,639344262295082;0,7125
2025-10-09 16:49:30.364;p_shape;25229,75;25229,5;0,25;0,0009909035058166035;112,0;80,0;1,4;10;74,0;57,0;18,0;33,0;0,6607142857142857;0,7125
2025-10-09 16:49:30.372;p_shape;25230,0;25229,75;0,25;0,00099089368701632;112,0;82,0;1,3658536585365855;10;74,0;59,0;18,0;33,0;0,6607142857142857;0,7195121951219512
2025-10-09 16:49:30.748;p_shape;25230,0;25229,75;0,25;0,00099089368701632;97,0;83,0;1,1686746987951808;10;64,0;60,0;18,0;33,0;0,6597938144329897;0,7228915662650602
2025-10-09 16:49:30.812;p_shape;25230,25;25230,0;0,25;0,0009908838684106222;94,0;78,0;1,205128205128205;10;64,0;55,0;18,0;33,0;0,6808510638297872;0,7051282051282052
2025-10-09 16:49:31.344;p_shape;25230,25;25230,0;0,25;0,0009908838684106222;86,0;85,0;1,011764705882353;10;64,0;62,0;18,0;32,0;0,7441860465116279;0,7294117647058823
2025-10-09 16:49:31.348;p_shape;25230,5;25230,25;0,25;0,0009908740499995046;86,0;89,0;0,9662921348314607;11;64,0;66,0;18,0;32,0;0,7441860465116279;0,7415730337078652
2025-10-09 16:49:31.592;p_shape;25230,0;25229,75;0,25;0,00099089368701632;87,0;90,0;0,9666666666666667;11;64,0;67,0;18,0;28,0;0,735632183908046;0,7444444444444445
2025-10-09 16:49:31.596;p_shape;25230,25;25230,0;0,25;0,0009908838684106222;87,0;91,0;0,9560439560439561;11;64,0;68,0;18,0;28,0;0,735632183908046;0,7472527472527473
2025-10-09 16:49:31.888;p_shape;25230,5;25230,25;0,25;0,0009908740499995046;85,0;78,0;1,0897435897435896;11;62,0;61,0;18,0;23,0;0,7294117647058823;0,782051282051282
2025-10-09 16:49:32.008;p_shape;25230,25;25230,0;0,25;0,0009908838684106222;85,0;81,0;1,0493827160493827;11;62,0;64,0;18,0;24,0;0,7294117647058823;0,7901234567901234
2025-10-09 16:49:32.196;p_shape;25230,5;25230,25;0,25;0,0009908740499995046;85,0;77,0;1,103896103896104;11;62,0;61,0;18,0;26,0;0,7294117647058823;0,7922077922077922
2025-10-09 16:49:33.688;p_shape;25230,25;25229,75;0,5;0,00198178737403264;84,0;63,0;1,3333333333333333;12;53,0;56,0;16,0;31,0;0,6309523809523809;0,8888888888888888
2025-10-09 16:49:34.228;d_shape;25227,5;25227,75;-0,25;-0,0009909722428674773;144,0;143,0;1,006993006993007;16;103,0;92,0;33,0;31,0;0,7152777777777778;0,6433566433566433
2025-10-09 16:49:34.324;d_shape;25227,25;25227,5;-0,25;-0,0009909820632246556;145,0;143,0;1,013986013986014;16;104,0;92,0;33,0;31,0;0,7172413793103448;0,6433566433566433
2025-10-09 16:49:34.628;d_shape;25227,75;25228,5;-0,75;-0,002972828348891135;146,0;151,0;0,9668874172185431;16;105,0;92,0;30,0;31,0;0,7191780821917808;0,609271523178808
2025-10-09 16:49:35.152;d_shape;25227,5;25228,0;-0,5;-0,0019819248454098623;127,0;167,0;0,7604790419161677;16;103,0;90,0;38,0;31,0;0,8110236220472441;0,5389221556886228
2025-10-09 16:49:35.508;d_shape;25227,75;25228,0;-0,25;-0,0009909624227049311;122,0;173,0;0,7052023121387283;16;103,0;88,0;38,0;31,0;0,8442622950819673;0,5086705202312138
2025-10-09 16:49:35.656;d_shape;25227,0;25227,75;-0,75;-0,002972916728602432;125,0;173,0;0,7225433526011561;16;108,0;88,0;38,0;31,0;0,864;0,5086705202312138
2025-10-09 16:49:35.788;d_shape;25227,25;25227,5;-0,25;-0,0009909820632246556;127,0;171,0;0,7426900584795322;16;111,0;86,0;38,0;31,0;0,8740157480314961;0,5029239766081871
2025-10-09 16:49:35.976;d_shape;25227,5;25227,75;-0,25;-0,0009909722428674773;126,0;170,0;0,7411764705882353;16;112,0;84,0;38,0;29,0;0,8888888888888888;0,49411764705882355
2025-10-09 16:49:36.052;d_shape;25227,75;25228,25;-0,5;-0,0019819052054740223;126,0;183,0;0,6885245901639344;16;112,0;84,0;38,0;29,0;0,8888888888888888;0,45901639344262296
2025-10-09 16:49:36.304;d_shape;25227,5;25228,0;-0,5;-0,0019819248454098623;126,0;188,0;0,6702127659574468;16;113,0;84,0;38,0;29,0;0,8968253968253969;0,44680851063829785
2025-10-09 16:49:36.564;d_shape;25227,0;25227,5;-0,5;-0,001981964126449311;132,0;163,0;0,8098159509202454;16;119,0;59,0;38,0;10,0;0,9015151515151515;0,3619631901840491
2025-10-09 16:49:37.184;d_shape;25227,75;25228,0;-0,25;-0,0009909624227049311;134,0;159,0;0,8427672955974843;16;122,0;50,0;39,0;9,0;0,9104477611940298;0,31446540880503143
2025-10-09 16:49:37.204;d_shape;25227,75;25228,25;-0,5;-0,0019819052054740223;137,0;158,0;0,8670886075949367;16;125,0;49,0;39,0;9,0;0,9124087591240876;0,310126582278481
2025-10-09 16:49:52.664;p_shape;25235,5;25233,75;1,75;0,006935156288700649;58,0;95,0;0,6105263157894737;15;58,0;81,0;21,0;20,0;1,0;0,8526315789473684
2025-10-09 16:49:55.000;d_shape;25233,0;25233,5;-0,5;-0,0019814928567182515;51,0;119,0;0,42857142857142855;13;51,0;96,0;28,0;29,0;1,0;0,8067226890756303
2025-10-09 16:49:55.504;d_shape;25233,0;25233,5;-0,5;-0,0019814928567182515;48,0;130,0;0,36923076923076925;12;48,0;74,0;28,0;29,0;1,0;0,5692307692307692
2025-10-09 16:49:55.772;d_shape;25232,75;25233,25;-0,5;-0,001981512488482459;43,0;132,0;0,32575757575757575;12;43,0;74,0;28,0;29,0;1,0;0,5606060606060606
2025-10-09 16:49:56.212;d_shape;25232,5;25232,75;-0,25;-0,0009907758765889567;31,0;128,0;0,2421875;13;31,0;92,0;22,0;29,0;1,0;0,71875
2025-10-09 16:49:56.452;d_shape;25232,25;25232,75;-0,5;-0,0019815517531779135;28,0;123,0;0,22764227642276422;14;28,0;89,0;20,0;29,0;1,0;0,7235772357723578
2025-10-09 16:50:04.000;p_shape;25233,5;25232,75;0,75;0,0029723276297668705;119,0;96,0;1,2395833333333333;17;41,0;79,0;10,0;20,0;0,3445378151260504;0,8229166666666666
2025-10-09 16:50:04.296;p_shape;25233,5;25233,0;0,5;0,0019815321206356758;126,0;96,0;1,3125;17;41,0;79,0;10,0;20,0;0,3253968253968254;0,8229166666666666
2025-10-09 16:50:04.324;p_shape;25233,75;25233,5;0,25;0,0009907464283591258;122,0;96,0;1,2708333333333333;17;36,0;79,0;7,0;20,0;0,29508196721311475;0,8229166666666666
2025-10-09 16:50:04.564;p_shape;25234,0;25233,75;0,25;0,0009907366126715212;134,0;94,0;1,425531914893617;18;36,0;69,0;7,0;20,0;0,26865671641791045;0,7340425531914894
2025-10-09 16:50:04.664;p_shape;25234,25;25234,0;0,25;0,00099072679717841;139,0;91,0;1,5274725274725274;18;36,0;66,0;7,0;20,0;0,2589928057553957;0,7252747252747253
2025-10-09 16:50:04.680;p_shape;25234,25;25234,0;0,25;0,00099072679717841;149,0;91,0;1,6373626373626373;18;36,0;66,0;7,0;20,0;0,24161073825503357;0,7252747252747253
2025-10-09 16:50:04.884;p_shape;25234,5;25234,0;0,5;0,00198145359435682;155,0;90,0;1,7222222222222223;18;36,0;65,0;7,0;20,0;0,23225806451612904;0,7222222222222222
2025-10-09 16:50:04.992;p_shape;25234,75;25234,25;0,5;0,001981433963759573;157,0;90,0;1,7444444444444445;19;47,0;65,0;11,0;20,0;0,29936305732484075;0,7222222222222222
2025-10-09 16:50:05.356;p_shape;25234,5;25234,25;0,25;0,0009907169818797865;157,0;83,0;1,891566265060241;19;47,0;69,0;11,0;20,0;0,29936305732484075;0,8313253012048193
2025-10-09 16:50:05.652;p_shape;25234,75;25234,5;0,25;0,0009907071667756445;156,0;80,0;1,95;19;46,0;73,0;11,0;20,0;0,2948717948717949;0,9125
2025-10-09 16:50:05.672;p_shape;25235,0;25234,75;0,25;0,0009906973518659784;156,0;84,0;1,8571428571428572;20;46,0;77,0;11,0;20,0;0,2948717948717949;0,9166666666666666
2025-10-09 16:50:05.728;p_shape;25234,75;25234,5;0,25;0,0009907071667756445;147,0;86,0;1,7093023255813953;20;37,0;79,0;11,0;20,0;0,25170068027210885;0,9186046511627907
2025-10-09 16:50:06.036;p_shape;25234,5;25234,25;0,25;0,0009907169818797865;135,0;82,0;1,646341463414634;15;79,0;65,0;25,0;20,0;0,5851851851851851;0,7926829268292683
2025-10-09 16:50:09.820;p_shape;25235,5;25235,25;0,25;0,0009906777226300512;109,0;76,0;1,4342105263157894;11;56,0;64,0;24,0;20,0;0,5137614678899083;0,8421052631578947
2025-10-09 16:50:09.832;p_shape;25235,75;25235,5;0,25;0,0009906679083037785;110,0;76,0;1,4473684210526316;11;56,0;64,0;24,0;20,0;0,509090909090909;0,8421052631578947
2025-10-09 16:50:09.836;p_shape;25236,5;25235,75;0,75;0,0029719742825158753;110,0;85,0;1,2941176470588236;13;65,0;65,0;24,0;20,0;0,5909090909090909;0,7647058823529411
2025-10-09 16:50:09.892;p_shape;25236,0;25235,75;0,25;0,0009906580941719584;112,0;91,0;1,2307692307692308;13;60,0;71,0;24,0;20,0;0,5357142857142857;0,7802197802197802
2025-10-09 16:50:09.948;p_shape;25236,25;25236,0;0,25;0,0009906482802345855;112,0;93,0;1,2043010752688172;13;60,0;73,0;24,0;20,0;0,5357142857142857;0,7849462365591398
2025-10-09 16:50:10.044;p_shape;25236,25;25236,0;0,25;0,0009906482802345855;114,0;95,0;1,2;13;59,0;76,0;23,0;23,0;0,5175438596491229;0,8
2025-10-09 16:50:10.088;p_shape;25236,25;25236,0;0,25;0,0009906482802345855;122,0;95,0;1,2842105263157895;13;59,0;76,0;23,0;23,0;0,48360655737704916;0,8
2025-10-09 16:50:10.808;p_shape;25236,0;25235,75;0,25;0,0009906580941719584;126,0;75,0;1,68;13;59,0;74,0;23,0;23,0;0,46825396825396826;0,9866666666666667
2025-10-09 16:50:10.836;p_shape;25236,25;25236,0;0,25;0,0009906482802345855;130,0;75,0;1,7333333333333334;13;59,0;74,0;23,0;23,0;0,45384615384615384;0,9866666666666667
2025-10-09 16:50:10.972;p_shape;25236,5;25236,25;0,25;0,000990638466491654;130,0;75,0;1,7333333333333334;13;59,0;75,0;23,0;23,0;0,45384615384615384;1,0
2025-10-09 16:50:11.024;p_shape;25236,25;25236,0;0,25;0,0009906482802345855;134,0;75,0;1,7866666666666666;13;59,0;75,0;23,0;23,0;0,44029850746268656;1,0
2025-10-09 16:50:11.372;p_shape;25236,5;25236,0;0,5;0,001981296560469171;141,0;75,0;1,88;13;49,0;75,0;20,0;23,0;0,3475177304964539;1,0
2025-10-09 16:50:11.376;p_shape;25237,0;25236,5;0,5;0,0019812573058863156;145,0;75,0;1,9333333333333333;15;63,0;57,0;20,0;23,0;0,43448275862068964;0,76
2025-10-09 16:50:13.760;p_shape;25237,75;25237,5;0,25;0,0009905894006934127;108,0;123,0;0,8780487804878049;22;39,0;111,0;9,0;21,0;0,3611111111111111;0,9024390243902439
2025-10-09 16:50:13.836;p_shape;25237,75;25237,5;0,25;0,0009905894006934127;108,0;125,0;0,864;22;39,0;113,0;9,0;22,0;0,3611111111111111;0,904
2025-10-09 16:50:14.020;p_shape;25237,5;25237,25;0,25;0,0009905992134642244;110,0;127,0;0,8661417322834646;21;64,0;116,0;25,0;23,0;0,5818181818181818;0,9133858267716536
2025-10-09 16:50:14.836;d_shape;25236,5;25236,75;-0,25;-0,0009906188395890914;88,0;164,0;0,5365853658536586;13;74,0;115,0;25,0;25,0;0,8409090909090909;0,7012195121951219
2025-10-09 16:50:15.036;d_shape;25236,5;25237,0;-0,5;-0,0019812180528588977;83,0;146,0;0,5684931506849316;13;69,0;115,0;25,0;25,0;0,8313253012048193;0,7876712328767124
2025-10-09 16:50:22.684;p_shape;25232,75;25232,5;0,25;0,0009907856930545923;119,0;144,0;0,8263888888888888;18;88,0;121,0;18,0;35,0;0,7394957983193278;0,8402777777777778
2025-10-09 16:50:26.348;p_shape;25232,25;25231,75;0,5;0,00198163028723731;40,0;89,0;0,449438202247191;11;35,0;75,0;19,0;20,0;0,875;0,8426966292134831
2025-10-09 16:51:03.708;p_shape;25234,75;25234,5;0,25;0,0009907071667756445;40,0;95,0;0,42105263157894735;11;16,0;78,0;4,0;34,0;0,4;0,8210526315789474
2025-10-09 16:51:03.712;p_shape;25235,0;25234,75;0,25;0,0009906973518659784;40,0;98,0;0,40816326530612246;11;16,0;81,0;4,0;34,0;0,4;0,826530612244898
2025-10-09 16:51:04.156;p_shape;25234,75;25234,5;0,25;0,0009907071667756445;35,0;97,0;0,36082474226804123;11;16,0;80,0;4,0;34,0;0,45714285714285713;0,8247422680412371
2025-10-09 16:51:04.248;p_shape;25235,0;25234,75;0,25;0,0009906973518659784;35,0;98,0;0,35714285714285715;11;16,0;81,0;4,0;34,0;0,45714285714285713;0,826530612244898
2025-10-09 16:51:04.700;p_shape;25235,0;25234,5;0,5;0,001981414333551289;36,0;87,0;0,41379310344827586;11;16,0;70,0;4,0;25,0;0,4444444444444444;0,8045977011494253
2025-10-09 16:51:23.120;d_shape;25238,5;25238,75;-0,25;-0,0009905403397553365;59,0;100,0;0,59;12;59,0;63,0;26,0;16,0;1,0;0,63
2025-10-09 16:51:23.256;d_shape;25238,25;25238,5;-0,25;-0,0009905501515541733;59,0;100,0;0,59;12;59,0;63,0;26,0;16,0;1,0;0,63
2025-10-09 16:51:23.380;d_shape;25238,0;25238,5;-0,5;-0,0019811003031083465;59,0;102,0;0,5784313725490197;12;59,0;63,0;26,0;16,0;1,0;0,6176470588235294
2025-10-09 16:51:30.808;p_shape;25241,25;25241,0;0,25;0,0009904520423121112;64,0;77,0;0,8311688311688312;12;27,0;63,0;12,0;21,0;0,421875;0,8181818181818182
2025-10-09 16:51:30.892;p_shape;25241,25;25241,0;0,25;0,0009904520423121112;64,0;79,0;0,810126582278481;12;27,0;65,0;12,0;22,0;0,421875;0,8227848101265823
2025-10-09 16:51:30.988;p_shape;25241,25;25240,75;0,5;0,0019809237047235125;66,0;80,0;0,825;11;34,0;67,0;12,0;23,0;0,5151515151515151;0,8375
2025-10-09 16:51:53.144;p_shape;25241,0;25240,75;0,25;0,0009904618523617563;64,0;87,0;0,735632183908046;15;34,0;70,0;12,0;20,0;0,53125;0,8045977011494253
2025-10-09 16:51:53.480;p_shape;25241,0;25240,75;0,25;0,0009904618523617563;61,0;91,0;0,6703296703296703;14;31,0;66,0;12,0;22,0;0,5081967213114754;0,7252747252747253
2025-10-09 16:51:54.040;p_shape;25241,0;25240,25;0,75;0,00297144441913214;51,0;108,0;0,4722222222222222;11;30,0;87,0;9,0;34,0;0,5882352941176471;0,8055555555555556
2025-10-09 16:51:54.232;p_shape;25241,0;25240,25;0,75;0,00297144441913214;50,0;111,0;0,45045045045045046;11;29,0;91,0;9,0;36,0;0,58;0,8198198198198198
2025-10-09 16:52:05.240;p_shape;25241,25;25240,75;0,5;0,0019809237047235125;29,0;75,0;0,38666666666666666;12;18,0;75,0;4,0;23,0;0,6206896551724138;1,0
2025-10-09 16:52:41.640;p_shape;25243,25;25242,5;0,75;0,002971179558284639;29,0;71,0;0,4084507042253521;12;17,0;58,0;10,0;34,0;0,5862068965517241;0,8169014084507042
2025-10-09 16:52:42.040;p_shape;25242,75;25242,5;0,25;0,0009903931860948797;25,0;81,0;0,30864197530864196;12;13,0;75,0;6,0;45,0;0,52;0,9259259259259259
2025-10-09 16:55:21.552;p_shape;25244,5;25244,0;0,5;0,0019806686737442562;186,0;70,0;2,657142857142857;33;93,0;62,0;11,0;22,0;0,5;0,8857142857142857
2025-10-09 16:55:21.852;p_shape;25244,25;25244,0;0,25;0,0009903343368721281;178,0;77,0;2,311688311688312;32;85,0;69,0;11,0;24,0;0,47752808988764045;0,8961038961038961
2025-10-09 16:55:21.992;p_shape;25244,0;25243,75;0,25;0,0009903441445902451;179,0;80,0;2,2375;32;85,0;72,0;11,0;25,0;0,4748603351955307;0,9
2025-10-09 16:55:22.044;p_shape;25244,25;25244,0;0,25;0,0009903343368721281;179,0;81,0;2,2098765432098766;32;85,0;73,0;11,0;26,0;0,4748603351955307;0,9012345679012346
2025-10-09 16:55:22.360;p_shape;25244,5;25244,25;0,25;0,0009903245293482674;178,0;94,0;1,8936170212765957;31;87,0;87,0;11,0;37,0;0,4887640449438202;0,925531914893617
2025-10-09 16:55:23.028;p_shape;25243,25;25243,0;0,25;0,000990373568910193;180,0;92,0;1,9565217391304348;31;87,0;92,0;11,0;37,0;0,48333333333333334;1,0
2025-10-09 16:55:23.180;p_shape;25243,5;25243,0;0,5;0,001980747137820386;181,0;92,0;1,9673913043478262;30;86,0;92,0;11,0;37,0;0,47513812154696133;1,0
2025-10-09 16:55:23.380;p_shape;25243,75;25243,25;0,5;0,001980727521218544;173,0;92,0;1,8804347826086956;28;77,0;92,0;11,0;37,0;0,44508670520231214;1,0
2025-10-09 16:55:23.704;p_shape;25244,25;25243,75;0,5;0,0019806882891804903;119,0;92,0;1,2934782608695652;22;27,0;80,0;6,0;37,0;0,226890756302521;0,8695652173913043
2025-10-09 16:55:23.844;p_shape;25244,25;25243,75;0,5;0,0019806882891804903;119,0;92,0;1,2934782608695652;18;29,0;80,0;6,0;37,0;0,24369747899159663;0,8695652173913043
2025-10-09 16:55:23.852;p_shape;25244,5;25244,25;0,25;0,0009903245293482674;120,0;92,0;1,3043478260869565;18;29,0;80,0;6,0;37,0;0,24166666666666667;0,8695652173913043
2025-10-09 16:55:23.864;p_shape;25244,75;25244,5;0,25;0,0009903147220186575;120,0;94,0;1,2765957446808511;19;36,0;82,0;7,0;37,0;0,3;0,8723404255319149
2025-10-09 16:55:24.412;p_shape;25244,5;25244,25;0,25;0,0009903245293482674;108,0;101,0;1,0693069306930694;14;67,0;99,0;38,0;37,0;0,6203703703703703;0,9801980198019802
2025-10-09 16:55:24.592;p_shape;25244,75;25244,5;0,25;0,0009903147220186575;102,0;102,0;1,0;12;65,0;97,0;38,0;37,0;0,6372549019607843;0,9509803921568627
2025-10-09 16:55:24.996;p_shape;25244,5;25244,25;0,25;0,0009903245293482674;107,0;108,0;0,9907407407407407;12;65,0;103,0;38,0;37,0;0,6074766355140186;0,9537037037037037
2025-10-09 16:55:26.868;p_shape;25245,75;25245,5;0,25;0,0009902754946426095;67,0;93,0;0,7204301075268817;13;33,0;71,0;10,0;21,0;0,4925373134328358;0,7634408602150538
2025-10-09 16:55:27.184;p_shape;25245,75;25245,5;0,25;0,0009902754946426095;67,0;88,0;0,7613636363636364;13;32,0;74,0;10,0;21,0;0,47761194029850745;0,8409090909090909
2025-10-09 16:55:27.484;p_shape;25246,0;25245,75;0,25;0,0009902656882841668;67,0;80,0;0,8375;13;32,0;78,0;10,0;21,0;0,47761194029850745;0,975
2025-10-09 16:55:28.128;p_shape;25245,75;25245,25;0,5;0,001980570602390549;68,0;85,0;0,8;12;29,0;85,0;10,0;23,0;0,4264705882352941;1,0
2025-10-09 16:55:28.168;p_shape;25245,5;25245,25;0,25;0,0009902853011952745;68,0;100,0;0,68;12;29,0;100,0;10,0;33,0;0,4264705882352941;1,0
2025-10-09 16:55:28.436;p_shape;25245,5;25245,0;0,5;0,0019805902158843334;65,0;104,0;0,625;10;32,0;88,0;10,0;34,0;0,49230769230769234;0,8461538461538461
2025-10-09 16:57:01.560;p_shape;25249,25;25249,0;0,25;0,0009901382232959722;93,0;101,0;0,9207920792079208;16;56,0;72,0;12,0;22,0;0,6021505376344086;0,7128712871287128
2025-10-09 16:57:02.072;p_shape;25248,75;25248,5;0,25;0,0009901578311582867;93,0;106,0;0,8773584905660378;16;56,0;81,0;12,0;22,0;0,6021505376344086;0,7641509433962265
2025-10-09 16:57:02.228;p_shape;25248,75;25248,25;0,5;0,00198033527076134;93,0;108,0;0,8611111111111112;16;56,0;83,0;12,0;22,0;0,6021505376344086;0,7685185185185185
2025-10-09 16:57:02.528;p_shape;25248,5;25248,25;0,25;0,00099016763538067;85,0;111,0;0,7657657657657657;16;48,0;86,0;12,0;22,0;0,5647058823529412;0,7747747747747747
2025-10-09 16:57:02.544;p_shape;25248,75;25248,5;0,25;0,0009901578311582867;85,0;113,0;0,7522123893805309;16;48,0;88,0;12,0;22,0;0,5647058823529412;0,7787610619469026
2025-10-09 16:57:02.736;p_shape;25248,5;25248,25;0,25;0,00099016763538067;81,0;118,0;0,6864406779661016;16;44,0;99,0;12,0;22,0;0,5432098765432098;0,8389830508474576
2025-10-09 16:57:02.820;p_shape;25249,0;25248,5;0,5;0,0019803156623165734;81,0;120,0;0,675;16;44,0;101,0;12,0;23,0;0,5432098765432098;0,8416666666666667
2025-10-09 16:57:04.928;d_shape;25246,75;25247,0;-0,25;-0,0009902166594050778;85,0;140,0;0,6071428571428571;14;72,0;124,0;27,0;29,0;0,8470588235294118;0,8857142857142857
2025-10-09 16:57:05.056;d_shape;25246,5;25247,0;-0,5;-0,0019804333188101556;85,0;153,0;0,5555555555555556;14;72,0;124,0;27,0;29,0;0,8470588235294118;0,8104575163398693
2025-10-09 16:57:05.144;d_shape;25245,75;25246,5;-0,75;-0,0029707088111223337;85,0;155,0;0,5483870967741935;15;72,0;125,0;27,0;29,0;0,8470588235294118;0,8064516129032258
2025-10-09 16:57:05.352;d_shape;25246,0;25246,25;-0,25;-0,0009902460761499234;80,0;160,0;0,5;15;67,0;125,0;27,0;29,0;0,8375;0,78125
2025-10-09 16:57:47.496;p_shape;25249,5;25249,25;0,25;0,0009901284196560294;47,0;72,0;0,6527777777777778;16;26,0;68,0;5,0;22,0;0,5531914893617021;0,9444444444444444
2025-10-09 16:57:48.128;p_shape;25249,25;25249,0;0,25;0,0009901382232959722;44,0;72,0;0,6111111111111112;14;25,0;68,0;7,0;22,0;0,5681818181818182;0,9444444444444444
2025-10-09 16:57:48.156;p_shape;25249,5;25249,25;0,25;0,0009901284196560294;45,0;72,0;0,625;14;25,0;68,0;7,0;22,0;0,5555555555555556;0,9444444444444444
2025-10-09 16:57:48.284;p_shape;25249,5;25249,0;0,5;0,0019802764465919444;47,0;72,0;0,6527777777777778;14;25,0;68,0;7,0;22,0;0,5319148936170213;0,9444444444444444
2025-10-09 16:57:48.672;p_shape;25249,75;25249,5;0,25;0,000990118616210222;32,0;73,0;0,4383561643835616;10;20,0;64,0;9,0;22,0;0,625;0,8767123287671232
2025-10-09 16:57:52.312;p_shape;25251,75;25251,5;0,25;0,0009900401956319427;58,0;72,0;0,8055555555555556;14;35,0;55,0;9,0;28,0;0,603448275862069;0,7638888888888888
2025-10-09 16:57:52.468;p_shape;25251,75;25251,5;0,25;0,0009900401956319427;58,0;74,0;0,7837837837837838;14;35,0;57,0;9,0;29,0;0,603448275862069;0,7702702702702703
2025-10-09 16:57:52.680;p_shape;25251,75;25251,25;0,5;0,00198009999504975;62,0;70,0;0,8857142857142857;14;34,0;60,0;9,0;31,0;0,5483870967741935;0,8571428571428571
2025-10-09 16:57:52.736;p_shape;25252,0;25251,75;0,25;0,0009900303939330939;62,0;71,0;0,8732394366197183;14;34,0;61,0;9,0;31,0;0,5483870967741935;0,8591549295774648
2025-10-09 16:57:52.756;p_shape;25251,75;25251,5;0,25;0,0009900401956319427;62,0;73,0;0,8493150684931506;14;34,0;63,0;9,0;32,0;0,5483870967741935;0,863013698630137
2025-10-09 16:57:53.752;p_shape;25251,5;25251,25;0,25;0,000990049997524875;64,0;75,0;0,8533333333333334;13;34,0;66,0;9,0;32,0;0,53125;0,88
2025-10-09 16:57:53.888;p_shape;25251,5;25251,25;0,25;0,000990049997524875;69,0;83,0;0,8313253012048193;13;34,0;74,0;9,0;32,0;0,4927536231884058;0,891566265060241
2025-10-09 16:57:53.912;p_shape;25251,75;25251,5;0,25;0,0009900401956319427;69,0;93,0;0,7419354838709677;13;34,0;84,0;9,0;35,0;0,4927536231884058;0,9032258064516129
2025-10-09 16:57:54.056;p_shape;25251,75;25251,5;0,25;0,0009900401956319427;74,0;94,0;0,7872340425531915;13;34,0;85,0;9,0;36,0;0,4594594594594595;0,9042553191489362
2025-10-09 16:57:54.148;p_shape;25252,25;25251,75;0,5;0,0019800607878661877;77,0;94,0;0,8191489361702128;13;34,0;85,0;9,0;36,0;0,44155844155844154;0,9042553191489362
2025-10-09 16:58:03.200;d_shape;25255,0;25255,5;-0,5;-0,001979766783472907;75,0;92,0;0,8152173913043478;10;63,0;61,0;21,0;23,0;0,84;0,6630434782608695
2025-10-09 16:58:03.496;d_shape;25254,75;25255,0;-0,25;-0,0009899029895070284;68,0;95,0;0,7157894736842105;10;56,0;61,0;21,0;23,0;0,8235294117647058;0,6421052631578947
2025-10-09 16:58:03.744;d_shape;25254,5;25254,75;-0,25;-0,0009899127886833171;63,0;110,0;0,5727272727272728;11;51,0;83,0;21,0;23,0;0,8095238095238095;0,7545454545454545
2025-10-09 16:58:10.324;p_shape;25254,5;25254,25;0,25;0,0009899323876179258;41,0;83,0;0,4939759036144578;12;29,0;61,0;15,0;23,0;0,7073170731707317;0,7349397590361446
2025-10-09 16:58:43.604;d_shape;25255,5;25255,75;-0,25;-0,0009898735931421557;42,0;132,0;0,3181818181818182;20;39,0;60,0;20,0;11,0;0,9285714285714286;0,45454545454545453
2025-10-09 16:58:43.796;d_shape;25255,25;25255,5;-0,25;-0,0009898833917364536;42,0;107,0;0,3925233644859813;18;39,0;37,0;20,0;8,0;0,9285714285714286;0,34579439252336447
2025-10-09 16:58:43.880;d_shape;25255,0;25255,25;-0,25;-0,0009898931905247424;43,0;101,0;0,42574257425742573;17;40,0;50,0;20,0;14,0;0,9302325581395349;0,49504950495049505
2025-10-09 16:58:44.168;d_shape;25255,25;25255,5;-0,25;-0,0009898833917364536;40,0;104,0;0,38461538461538464;16;40,0;48,0;20,0;14,0;1,0;0,46153846153846156
2025-10-09 16:59:32.424;p_shape;25254,75;25253,75;1,0;0,003959807949314458;35,0;57,0;0,6140350877192983;16;13,0;41,0;4,0;21,0;0,37142857142857144;0,7192982456140351
2025-10-09 16:59:32.768;p_shape;25254,25;25253,75;0,5;0,001979903974657229;38,0;55,0;0,6909090909090909;16;13,0;43,0;4,0;21,0;0,34210526315789475;0,7818181818181819
2025-10-09 16:59:49.688;d_shape;25247,0;25247,25;-0,25;-0,000990206854211845;77,0;68,0;1,1323529411764706;14;65,0;43,0;21,0;16,0;0,8441558441558441;0,6323529411764706
2025-10-09 16:59:51.280;p_shape;25248,0;25247,5;0,5;0,0019803940984255866;79,0;50,0;1,58;10;44,0;49,0;19,0;23,0;0,5569620253164557;0,98
2025-10-09 16:59:51.880;p_shape;25248,0;25247,75;0,25;0,0009901872444079175;78,0;49,0;1,5918367346938775;10;44,0;48,0;19,0;23,0;0,5641025641025641;0,9795918367346939
2025-10-09 16:59:51.896;p_shape;25248,25;25248,0;0,25;0,0009901774397972115;78,0;50,0;1,56;10;44,0;49,0;19,0;23,0;0,5641025641025641;0,98
2025-10-09 17:00:03.364;p_shape;25256,75;25256,25;0,5;0,001979707993071022;148,0;155,0;0,9548387096774194;33;61,0;111,0;9,0;42,0;0,41216216216216217;0,7161290322580646
2025-10-09 17:00:03.568;p_shape;25257,0;25256,75;0,25;0,000989834400704762;146,0;161,0;0,906832298136646;32;59,0;117,0;9,0;42,0;0,4041095890410959;0,7267080745341615
2025-10-09 17:00:03.780;p_shape;25256,75;25256,5;0,25;0,0009898441985231525;145,0;166,0;0,8734939759036144;31;65,0;122,0;9,0;43,0;0,4482758620689655;0,7349397590361446
2025-10-09 17:00:04.280;p_shape;25256,5;25256,25;0,25;0,000989853996535511;128,0;158,0;0,810126582278481;28;74,0;127,0;26,0;45,0;0,578125;0,8037974683544303
2025-10-09 17:00:04.400;p_shape;25256,25;25255,75;0,5;0,0019797471862843113;132,0;147,0;0,8979591836734694;28;74,0;131,0;26,0;45,0;0,5606060606060606;0,891156462585034
2025-10-09 17:00:04.792;p_shape;25256,25;25256,0;0,25;0,0009898637947418436;130,0;139,0;0,935251798561151;26;79,0;126,0;26,0;45,0;0,6076923076923076;0,9064748201438849
2025-10-09 17:00:05.016;p_shape;25256,25;25256,0;0,25;0,0009898637947418436;133,0;135,0;0,9851851851851852;23;94,0;125,0;26,0;45,0;0,706766917293233;0,9259259259259259
2025-10-09 17:00:05.192;p_shape;25256,75;25256,0;0,75;0,0029695913842255305;119,0;135,0;0,8814814814814815;21;82,0;125,0;26,0;45,0;0,6890756302521008;0,9259259259259259
2025-10-09 17:00:05.196;p_shape;25257,0;25256,75;0,25;0,000989834400704762;121,0;135,0;0,8962962962962963;21;82,0;125,0;26,0;45,0;0,6776859504132231;0,9259259259259259
2025-10-09 17:00:05.200;p_shape;25257,25;25257,0;0,25;0,0009898246030803342;123,0;135,0;0,9111111111111111;21;82,0;125,0;26,0;45,0;0,6666666666666666;0,9259259259259259
2025-10-09 17:00:05.228;p_shape;25257,75;25257,25;0,5;0,001979629611299726;122,0;135,0;0,9037037037037037;23;86,0;125,0;26,0;45,0;0,7049180327868853;0,9259259259259259
2025-10-09 17:00:05.420;p_shape;25257,75;25257,5;0,25;0,0009898050084133426;105,0;130,0;0,8076923076923077;18;72,0;125,0;20,0;45,0;0,6857142857142857;0,9615384615384616
2025-10-09 17:00:05.528;p_shape;25257,75;25257,5;0,25;0,0009898050084133426;104,0;130,0;0,8;18;69,0;125,0;18,0;45,0;0,6634615384615384;0,9615384615384616
2025-10-09 17:00:05.828;p_shape;25257,5;25257,25;0,25;0,000989814805649863;108,0;126,0;0,8571428571428571;18;60,0;125,0;14,0;45,0;0,5555555555555556;0,9920634920634921
2025-10-09 17:00:05.948;p_shape;25257,75;25257,5;0,25;0,0009898050084133426;102,0;125,0;0,816;18;53,0;125,0;14,0;45,0;0,5196078431372549;1,0
2025-10-09 17:00:06.228;p_shape;25257,75;25257,5;0,25;0,0009898050084133426;106,0;125,0;0,848;18;45,0;125,0;14,0;45,0;0,42452830188679247;1,0
2025-10-09 17:00:06.680;p_shape;25257,75;25257,5;0,25;0,0009898050084133426;78,0;125,0;0,624;13;30,0;117,0;7,0;45,0;0,38461538461538464;0,936
2025-10-09 17:00:08.936;p_shape;25258,5;25258,0;0,5;0,0019795708290442633;83,0;49,0;1,6938775510204083;13;21,0;37,0;6,0;21,0;0,25301204819277107;0,7551020408163265
2025-10-09 17:00:09.312;p_shape;25258,75;25258,5;0,25;0,0009897658214066552;88,0;45,0;1,9555555555555555;13;21,0;37,0;6,0;21,0;0,23863636363636365;0,8222222222222222
2025-10-09 17:00:09.332;p_shape;25259,0;25258,75;0,25;0,000989756025139803;88,0;46,0;1,9130434782608696;14;21,0;38,0;6,0;21,0;0,23863636363636365;0,8260869565217391
2025-10-09 17:00:09.448;p_shape;25259,25;25258,75;0,5;0,001979512050279606;85,0;44,0;1,9318181818181819;14;39,0;41,0;22,0;21,0;0,4588235294117647;0,9318181818181818
2025-10-09 17:00:09.564;p_shape;25259,25;25258,75;0,5;0,001979512050279606;88,0;49,0;1,7959183673469388;14;39,0;46,0;22,0;21,0;0,4431818181818182;0,9387755102040817
2025-10-09 17:00:09.592;p_shape;25259,5;25259,25;0,25;0,0009897364331878421;88,0;51,0;1,7254901960784315;15;67,0;48,0;28,0;21,0;0,7613636363636364;0,9411764705882353
2025-10-09 17:00:09.616;p_shape;25259,0;25258,75;0,25;0,000989756025139803;89,0;52,0;1,7115384615384615;15;67,0;49,0;28,0;21,0;0,7528089887640449;0,9423076923076923
2025-10-09 17:00:09.788;p_shape;25259,25;25259,0;0,25;0,0009897462290668672;88,0;53,0;1,6603773584905661;15;66,0;50,0;28,0;21,0;0,75;0,9433962264150944
2025-10-09 17:00:09.892;p_shape;25259,5;25259,0;0,5;0,0019794924581337343;88,0;53,0;1,6603773584905661;15;66,0;52,0;28,0;21,0;0,75;0,9811320754716981
2025-10-09 17:00:10.220;d_shape;25257,75;25258,0;-0,25;-0,0009897854145221317;76,0;78,0;0,9743589743589743;10;66,0;36,0;28,0;10,0;0,868421052631579;0,46153846153846156
2025-10-09 17:00:10.224;d_shape;25257,5;25257,75;-0,25;-0,0009897952113707674;76,0;81,0;0,9382716049382716;10;66,0;36,0;28,0;10,0;0,868421052631579;0,4444444444444444
2025-10-09 17:00:10.236;d_shape;25257,0;25257,5;-0,5;-0,001979610016826685;74,0;88,0;0,8409090909090909;11;64,0;63,0;27,0;27,0;0,8648648648648649;0,7159090909090909
2025-10-09 17:00:10.248;d_shape;25256,0;25257,0;-1,0;-0,003959298412321337;80,0;92,0;0,8695652173913043;15;58,0;78,0;27,0;27,0;0,725;0,8478260869565217
2025-10-09 17:00:10.260;d_shape;25256,0;25256,25;-0,25;-0,000989853996535511;84,0;92,0;0,9130434782608695;15;62,0;78,0;27,0;27,0;0,7380952380952381;0,8478260869565217
2025-10-09 17:00:18.836;p_shape;25260,75;25260,0;0,75;0,0029691211401425177;47,0;102,0;0,46078431372549017;11;43,0;88,0;12,0;21,0;0,9148936170212766;0,8627450980392157
2025-10-09 17:00:19.568;p_shape;25260,25;25260,0;0,25;0,0009897070467141727;65,0;117,0;0,5555555555555556;11;52,0;99,0;15,0;22,0;0,8;0,8461538461538461
2025-10-09 17:00:19.572;p_shape;25260,5;25260,25;0,25;0,0009896972516107324;65,0;118,0;0,5508474576271186;11;52,0;100,0;15,0;22,0;0,8;0,847457627118644
2025-10-09 17:00:19.868;p_shape;25260,5;25260,0;0,5;0,0019794140934283454;61,0;118,0;0,5169491525423728;11;47,0;101,0;15,0;22,0;0,7704918032786885;0,8559322033898306
2025-10-09 17:00:21.240;d_shape;25258,25;25258,75;-0,5;-0,001979512050279606;80,0;105,0;0,7619047619047619;11;66,0;97,0;24,0;22,0;0,825;0,9238095238095239
2025-10-09 17:00:21.488;d_shape;25258,5;25258,75;-0,25;-0,000989756025139803;80,0;105,0;0,7619047619047619;11;66,0;97,0;23,0;22,0;0,825;0,9238095238095239
2025-10-09 17:00:21.796;d_shape;25258,75;25259,25;-0,5;-0,0019794728663756842;75,0;75,0;1,0;11;64,0;66,0;23,0;22,0;0,8533333333333334;0,88
2025-10-09 17:00:25.348;d_shape;25258,25;25258,75;-0,5;-0,001979512050279606;93,0;62,0;1,5;15;69,0;39,0;22,0;9,0;0,7419354838709677;0,6290322580645161
2025-10-09 17:00:32.724;p_shape;25266,0;25265,75;0,25;0,000989481808376953;170,0;111,0;1,5315315315315314;26;108,0;80,0;24,0;23,0;0,6352941176470588;0,7207207207207207
2025-10-09 17:00:32.800;p_shape;25265,75;25265,0;0,75;0,002968533544429052;170,0;127,0;1,3385826771653544;26;108,0;96,0;24,0;24,0;0,6352941176470588;0,7559055118110236
2025-10-09 17:00:34.100;p_shape;25265,25;25265,0;0,25;0,0009895111814763506;145,0;144,0;1,0069444444444444;21;90,0;105,0;31,0;24,0;0,6206896551724138;0,7291666666666666
2025-10-09 17:00:34.220;p_shape;25265,25;25264,75;0,5;0,001979041945794041;149,0;135,0;1,1037037037037036;21;90,0;105,0;31,0;24,0;0,6040268456375839;0,7777777777777778
2025-10-09 17:00:34.268;p_shape;25265,5;25265,25;0,25;0,0009895013902494532;150,0;135,0;1,1111111111111112;21;90,0;105,0;31,0;24,0;0,6;0,7777777777777778
2025-10-09 17:00:34.336;p_shape;25265,25;25265,0;0,25;0,0009895111814763506;152,0;132,0;1,1515151515151516;21;90,0;105,0;31,0;24,0;0,5921052631578947;0,7954545454545454
2025-10-09 17:00:34.860;p_shape;25265,5;25265,25;0,25;0,0009895013902494532;158,0;123,0;1,2845528455284554;20;88,0;105,0;31,0;24,0;0,5569620253164557;0,8536585365853658
2025-10-09 17:00:34.880;p_shape;25265,75;25265,5;0,25;0,0009894915992163227;163,0;123,0;1,3252032520325203;19;95,0;105,0;31,0;24,0;0,5828220858895705;0,8536585365853658
2025-10-09 17:00:34.944;p_shape;25266,25;25265,75;0,5;0,001978963616753906;166,0;123,0;1,3495934959349594;19;95,0;105,0;31,0;24,0;0,572289156626506;0,8536585365853658
2025-10-09 17:00:34.956;p_shape;25266,5;25266,25;0,25;0,0009894622272794737;169,0;124,0;1,3629032258064515;19;95,0;106,0;31,0;24,0;0,5621301775147929;0,8548387096774194
2025-10-09 17:00:34.964;p_shape;25266,75;25266,5;0,25;0,0009894524370213525;169,0;131,0;1,2900763358778626;20;95,0;111,0;31,0;24,0;0,5621301775147929;0,8473282442748091
2025-10-09 17:00:34.968;p_shape;25267,0;25266,75;0,25;0,0009894426469569692;169,0;145,0;1,1655172413793105;21;96,0;125,0;31,0;24,0;0,5680473372781065;0,8620689655172413
2025-10-09 17:00:35.008;p_shape;25266,25;25266,0;0,25;0,0009894720177313387;182,0;150,0;1,2133333333333334;20;96,0;117,0;31,0;24,0;0,5274725274725275;0,78
2025-10-09 17:00:35.032;p_shape;25266,5;25266,25;0,25;0,0009894622272794737;182,0;151,0;1,205298013245033;20;96,0;118,0;31,0;24,0;0,5274725274725275;0,7814569536423841
2025-10-09 17:00:35.056;p_shape;25266,75;25266,5;0,25;0,0009894524370213525;182,0;153,0;1,1895424836601307;20;96,0;120,0;31,0;24,0;0,5274725274725275;0,7843137254901961
2025-10-09 17:00:35.084;p_shape;25267,0;25266,75;0,25;0,0009894426469569692;182,0;157,0;1,1592356687898089;20;96,0;124,0;31,0;24,0;0,5274725274725275;0,7898089171974523
2025-10-09 17:00:35.304;p_shape;25267,0;25266,5;0,5;0,001978904874042705;144,0;163,0;0,8834355828220859;18;71,0;131,0;31,0;26,0;0,4930555555555556;0,803680981595092
2025-10-09 17:00:35.484;p_shape;25266,5;25266,25;0,25;0,0009894622272794737;129,0;173,0;0,7456647398843931;15;101,0;128,0;39,0;26,0;0,7829457364341085;0,7398843930635838
2025-10-09 17:00:35.552;p_shape;25267,0;25266,25;0,75;0,0029683866818384207;129,0;174,0;0,7413793103448276;15;101,0;133,0;39,0;27,0;0,7829457364341085;0,764367816091954
2025-10-09 17:01:03.320;d_shape;25264,5;25264,75;-0,25;-0,0009895209728970206;58,0;58,0;1,0;11;55,0;34,0;20,0;12,0;0,9482758620689655;0,5862068965517241
2025-10-09 17:01:03.456;d_shape;25264,25;25264,5;-0,25;-0,0009895307645114686;54,0;58,0;0,9310344827586207;11;51,0;34,0;22,0;12,0;0,9444444444444444;0,5862068965517241
2025-10-09 17:01:40.752;d_shape;25260,25;25260,5;-0,25;-0,0009896874567011738;44,0;41,0;1,0731707317073171;11;40,0;35,0;21,0;17,0;0,9090909090909091;0,8536585365853658
2025-10-09 17:02:36.340;d_shape;25252,5;25252,75;-0,25;-0,0009899911890784172;92,0;58,0;1,5862068965517242;14;84,0;47,0;25,0;17,0;0,9130434782608695;0,8103448275862069
2025-10-09 17:02:45.660;d_shape;25243,5;25243,75;-0,25;-0,0009903441445902451;77,0;214,0;0,3598130841121495;30;56,0;94,0;21,0;18,0;0,7272727272727273;0,4392523364485981
2025-10-09 17:02:45.696;d_shape;25243,5;25244,0;-0,5;-0,0019806686737442562;74,0;212,0;0,3490566037735849;30;56,0;89,0;21,0;18,0;0,7567567567567568;0,419811320754717
2025-10-09 17:02:45.884;d_shape;25243,75;25244,0;-0,25;-0,0009903343368721281;74,0;212,0;0,3490566037735849;29;56,0;88,0;21,0;18,0;0,7567567567567568;0,41509433962264153
2025-10-09 17:02:46.024;d_shape;25243,25;25243,75;-0,5;-0,0019806882891804903;78,0;209,0;0,37320574162679426;28;60,0;84,0;22,0;18,0;0,7692307692307693;0,4019138755980861
2025-10-09 17:02:46.028;d_shape;25243,0;25243,25;-0,25;-0,000990363760609272;82,0;209,0;0,3923444976076555;28;64,0;84,0;25,0;18,0;0,7804878048780488;0,4019138755980861
2025-10-09 17:02:46.048;d_shape;25243,25;25243,5;-0,25;-0,0009903539525026245;86,0;209,0;0,41148325358851673;28;68,0;84,0;25,0;18,0;0,7906976744186046;0,4019138755980861
2025-10-09 17:02:46.312;d_shape;25243,0;25243,25;-0,25;-0,000990363760609272;89,0;208,0;0,42788461538461536;27;71,0;86,0;27,0;18,0;0,797752808988764;0,41346153846153844
2025-10-09 17:02:46.316;d_shape;25242,75;25243,0;-0,25;-0,000990373568910193;92,0;208,0;0,4423076923076923;28;74,0;86,0;27,0;18,0;0,8043478260869565;0,41346153846153844
2025-10-09 17:02:46.412;d_shape;25242,25;25242,75;-0,5;-0,001980766754810787;97,0;199,0;0,48743718592964824;27;79,0;87,0;27,0;18,0;0,8144329896907216;0,4371859296482412
2025-10-09 17:02:46.476;d_shape;25241,75;25242,25;-0,5;-0,0019808059899573136;108,0;187,0;0,5775401069518716;28;90,0;93,0;27,0;18,0;0,8333333333333334;0,49732620320855614
2025-10-09 17:02:47.272;d_shape;25243,5;25244,0;-0,5;-0,0019806686737442562;124,0;169,0;0,7337278106508875;27;115,0;82,0;29,0;18,0;0,9274193548387096;0,48520710059171596
2025-10-09 17:02:47.372;d_shape;25243,5;25244,0;-0,5;-0,0019806686737442562;129,0;163,0;0,7914110429447853;26;120,0;76,0;30,0;18,0;0,9302325581395349;0,4662576687116564
2025-10-09 17:02:48.588;p_shape;25245,0;25244,5;0,5;0,001980629444037315;165,0;88,0;1,875;14;115,0;81,0;34,0;27,0;0,696969696969697;0,9204545454545454
2025-10-09 17:02:48.592;p_shape;25245,25;25245,0;0,25;0,0009902951079421667;167,0;88,0;1,8977272727272727;15;134,0;81,0;34,0;27,0;0,8023952095808383;0,9204545454545454
2025-10-09 17:02:48.620;p_shape;25245,5;25245,25;0,25;0,0009902853011952745;172,0;88,0;1,9545454545454546;15;134,0;81,0;34,0;27,0;0,7790697674418605;0,9204545454545454
2025-10-09 17:03:04.388;p_shape;25250,25;25250,0;0,25;0,0009900990099009901;51,0;69,0;0,7391304347826086;15;33,0;63,0;11,0;21,0;0,6470588235294118;0,9130434782608695
2025-10-09 17:04:03.524;p_shape;25258,0;25257,75;0,25;0,0009897952113707674;72,0;71,0;1,0140845070422535;14;53,0;56,0;16,0;21,0;0,7361111111111112;0,7887323943661971
2025-10-09 17:04:04.132;p_shape;25258,25;25257,75;0,5;0,0019795904227415347;78,0;72,0;1,0833333333333333;14;53,0;62,0;16,0;23,0;0,6794871794871795;0,8611111111111112
2025-10-09 17:04:04.448;p_shape;25258,25;25258,0;0,25;0,0009897854145221317;87,0;72,0;1,2083333333333333;14;53,0;62,0;16,0;23,0;0,6091954022988506;0,8611111111111112
2025-10-09 17:04:04.624;p_shape;25258,25;25258,0;0,25;0,0009897854145221317;90,0;64,0;1,40625;14;53,0;62,0;16,0;23,0;0,5888888888888889;0,96875
2025-10-09 17:04:04.636;p_shape;25258,5;25258,25;0,25;0,0009897756178674296;92,0;64,0;1,4375;14;53,0;62,0;16,0;23,0;0,5760869565217391;0,96875
2025-10-09 17:04:04.872;p_shape;25259,0;25258,5;0,5;0,0019795316428133105;92,0;67,0;1,373134328358209;16;64,0;65,0;16,0;23,0;0,6956521739130435;0,9701492537313433
2025-10-09 17:04:05.004;p_shape;25259,0;25258,75;0,25;0,000989756025139803;90,0;66,0;1,3636363636363635;15;67,0;65,0;16,0;23,0;0,7444444444444445;0,9848484848484849
2025-10-09 17:04:05.120;p_shape;25259,25;25259,0;0,25;0,0009897462290668672;77,0;66,0;1,1666666666666667;15;53,0;65,0;11,0;23,0;0,6883116883116883;0,9848484848484849
2025-10-09 17:04:05.328;p_shape;25259,25;25259,0;0,25;0,0009897462290668672;66,0;66,0;1,0;14;38,0;55,0;11,0;23,0;0,5757575757575758;0,8333333333333334
2025-10-09 17:05:01.896;p_shape;25259,5;25259,25;0,25;0,0009897364331878421;38,0;81,0;0,4691358024691358;12;25,0;58,0;10,0;44,0;0,6578947368421053;0,7160493827160493
2025-10-09 17:05:01.976;p_shape;25259,25;25258,75;0,5;0,001979512050279606;38,0;84,0;0,4523809523809524;12;25,0;61,0;10,0;44,0;0,6578947368421053;0,7261904761904762
2025-10-09 17:05:37.632;p_shape;25260,25;25260,0;0,25;0,0009897070467141727;19,0;67,0;0,2835820895522388;11;19,0;62,0;6,0;27,0;1,0;0,9253731343283582
2025-10-09 17:05:37.904;p_shape;25260,25;25260,0;0,25;0,0009897070467141727;19,0;70,0;0,2714285714285714;11;19,0;66,0;6,0;30,0;1,0;0,9428571428571428
2025-10-09 17:05:46.292;p_shape;25263,25;25262,75;0,5;0,0019791986224777587;42,0;90,0;0,4666666666666667;15;28,0;70,0;9,0;20,0;0,6666666666666666;0,7777777777777778
2025-10-09 17:05:46.512;p_shape;25263,25;25263,0;0,25;0,0009895895182678225;42,0;95,0;0,4421052631578947;15;28,0;75,0;9,0;20,0;0,6666666666666666;0,7894736842105263
2025-10-09 17:05:46.600;p_shape;25263,25;25262,75;0,5;0,0019791986224777587;42,0;97,0;0,4329896907216495;15;28,0;77,0;9,0;21,0;0,6666666666666666;0,7938144329896907
2025-10-09 17:05:47.248;p_shape;25263,0;25262,5;0,5;0,0019792182088075212;39,0;102,0;0,38235294117647056;13;29,0;82,0;9,0;21,0;0,7435897435897436;0,803921568627451
2025-10-09 17:05:47.412;p_shape;25263,25;25263,0;0,25;0,0009895895182678225;28,0;87,0;0,3218390804597701;11;23,0;79,0;6,0;21,0;0,8214285714285714;0,9080459770114943
2025-10-09 17:05:47.536;p_shape;25263,25;25262,75;0,5;0,0019791986224777587;30,0;91,0;0,32967032967032966;11;23,0;83,0;6,0;21,0;0,7666666666666667;0,9120879120879121
2025-10-09 17:05:48.000;p_shape;25263,25;25262,75;0,5;0,0019791986224777587;30,0;91,0;0,32967032967032966;10;22,0;75,0;6,0;21,0;0,7333333333333333;0,8241758241758241
2025-10-09 17:05:49.844;p_shape;25263,75;25263,25;0,5;0,0019791594509811685;24,0;83,0;0,2891566265060241;10;11,0;80,0;5,0;29,0;0,4583333333333333;0,963855421686747
2025-10-09 17:06:41.572;d_shape;25255,5;25255,75;-0,25;-0,0009898735931421557;43,0;57,0;0,7543859649122807;14;36,0;29,0;20,0;12,0;0,8372093023255814;0,5087719298245614
2025-10-09 17:06:42.000;d_shape;25255,75;25256,0;-0,25;-0,0009898637947418436;46,0;44,0;1,0454545454545454;11;35,0;25,0;21,0;12,0;0,7608695652173914;0,5681818181818182
2025-10-09 17:06:42.132;d_shape;25255,75;25256,0;-0,25;-0,0009898637947418436;48,0;44,0;1,0909090909090908;11;37,0;25,0;21,0;12,0;0,7708333333333334;0,5681818181818182
2025-10-09 17:06:42.288;d_shape;25256,0;25256,25;-0,25;-0,000989853996535511;53,0;44,0;1,2045454545454546;11;42,0;25,0;21,0;12,0;0,7924528301886793;0,5681818181818182
2025-10-09 17:07:45.952;d_shape;25244,5;25247,75;-3,25;-0,012872434177302926;106,0;92,0;1,1521739130434783;20;90,0;83,0;28,0;23,0;0,8490566037735849;0,9021739130434783
2025-10-09 17:07:50.164;p_shape;25247,5;25246,75;0,75;0,002970679394377494;137,0;77,0;1,7792207792207793;17;110,0;77,0;29,0;20,0;0,8029197080291971;1,0
2025-10-09 17:09:20.152;d_shape;25255,25;25255,5;-0,25;-0,0009898833917364536;51,0;15,0;3,4;10;49,0;13,0;22,0;6,0;0,9607843137254902;0,8666666666666667
2025-10-09 17:09:44.640;p_shape;25263,25;25263,0;0,25;0,0009895895182678225;90,0;176,0;0,5113636363636364;21;42,0;128,0;16,0;44,0;0,4666666666666667;0,7272727272727273
2025-10-09 17:09:44.680;p_shape;25263,5;25263,25;0,25;0,0009895797254905843;90,0;177,0;0,5084745762711864;21;42,0;129,0;16,0;44,0;0,4666666666666667;0,7288135593220338
2025-10-09 17:09:44.996;p_shape;25263,25;25263,0;0,25;0,0009895895182678225;91,0;177,0;0,5141242937853108;21;41,0;130,0;16,0;44,0;0,45054945054945056;0,7344632768361582
2025-10-09 17:09:45.380;p_shape;25263,5;25263,25;0,25;0,0009895797254905843;78,0;163,0;0,4785276073619632;21;26,0;130,0;6,0;44,0;0,3333333333333333;0,7975460122699386
2025-10-09 17:09:45.672;p_shape;25263,5;25263,0;0,5;0,001979179036535645;84,0;162,0;0,5185185185185185;21;26,0;130,0;6,0;44,0;0,30952380952380953;0,8024691358024691
2025-10-09 17:09:45.676;p_shape;25263,75;25263,5;0,25;0,0009895699329071585;86,0;162,0;0,5308641975308642;21;26,0;130,0;6,0;44,0;0,3023255813953488;0,8024691358024691
2025-10-09 17:09:45.996;p_shape;25264,25;25263,75;0,5;0,0019791202810350798;90,0;133,0;0,6766917293233082;20;26,0;132,0;6,0;44,0;0,28888888888888886;0,9924812030075187
2025-10-09 17:09:46.016;p_shape;25265,0;25264,25;0,75;0,0029686216689591024;90,0;152,0;0,5921052631578947;21;33,0;151,0;7,0;44,0;0,36666666666666664;0,993421052631579
2025-10-09 17:09:46.024;p_shape;25265,5;25265,0;0,5;0,0019790223629527013;90,0;156,0;0,5769230769230769;23;50,0;155,0;17,0;44,0;0,5555555555555556;0,9935897435897436
2025-10-09 17:09:46.316;p_shape;25264,0;25263,75;0,25;0,0009895601405175399;91,0;189,0;0,48148148148148145;24;49,0;188,0;17,0;46,0;0,5384615384615384;0,9947089947089947
2025-10-09 17:09:46.332;p_shape;25264,0;25263,5;0,5;0,001979139865814317;95,0;190,0;0,5;24;49,0;189,0;17,0;47,0;0,5157894736842106;0,9947368421052631
2025-10-09 17:09:46.444;p_shape;25264,0;25263,5;0,5;0,001979139865814317;98,0;191,0;0,5130890052356021;24;49,0;190,0;17,0;48,0;0,5;0,9947643979057592
2025-10-09 17:09:46.492;p_shape;25264,25;25264,0;0,25;0,0009895503483217227;97,0;196,0;0,49489795918367346;24;48,0;195,0;17,0;51,0;0,4948453608247423;0,9948979591836735
2025-10-09 17:09:46.648;p_shape;25264,0;25263,75;0,25;0,0009895601405175399;99,0;204,0;0,4852941176470588;24;48,0;203,0;17,0;55,0;0,48484848484848486;0,9950980392156863
2025-10-09 17:09:46.732;p_shape;25264,0;25263,5;0,5;0,001979139865814317;101,0;205,0;0,4926829268292683;24;48,0;204,0;17,0;56,0;0,4752475247524752;0,9951219512195122
2025-10-09 17:09:47.112;p_shape;25264,5;25264,0;0,5;0,0019791006966434453;95,0;215,0;0,4418604651162791;22;62,0;214,0;20,0;58,0;0,6526315789473685;0,9953488372093023
2025-10-09 17:09:49.088;p_shape;25264,75;25264,5;0,25;0,0009895307645114686;50,0;95,0;0,5263157894736842;15;44,0;92,0;13,0;24,0;0,88;0,968421052631579
2025-10-09 17:10:00.716;p_shape;25266,5;25266,0;0,5;0,0019789440354626773;44,0;67,0;0,6567164179104478;11;35,0;59,0;11,0;20,0;0,7954545454545454;0,8805970149253731
2025-10-09 17:10:00.776;p_shape;25266,25;25266,0;0,25;0,0009894720177313387;42,0;70,0;0,6;11;33,0;62,0;10,0;22,0;0,7857142857142857;0,8857142857142857
2025-10-09 17:10:00.796;p_shape;25266,5;25266,25;0,25;0,0009894622272794737;42,0;71,0;0,5915492957746479;11;33,0;63,0;10,0;22,0;0,7857142857142857;0,8873239436619719
2025-10-09 17:10:00.856;p_shape;25266,5;25266,0;0,5;0,0019789440354626773;42,0;74,0;0,5675675675675675;11;33,0;66,0;10,0;24,0;0,7857142857142857;0,8918918918918919
2025-10-09 17:10:15.104;d_shape;25260,75;25261,0;-0,25;-0,000989667867463679;49,0;42,0;1,1666666666666667;10;48,0;29,0;21,0;18,0;0,9795918367346939;0,6904761904761905
2025-10-09 17:10:15.152;d_shape;25260,5;25260,75;-0,25;-0,0009896776619854914;50,0;43,0;1,1627906976744187;11;49,0;31,0;21,0;18,0;0,98;0,7209302325581395
2025-10-09 17:11:48.604;d_shape;25252,25;25252,5;-0,25;-0,00099000099000099;80,0;50,0;1,6;16;56,0;23,0;26,0;6,0;0,7;0,46
2025-10-09 17:11:50.556;d_shape;25251,0;25253,75;-2,75;-0,01088947186061476;127,0;64,0;1,984375;14;120,0;54,0;35,0;14,0;0,9448818897637795;0,84375
2025-10-09 17:11:51.044;d_shape;25251,75;25252,75;-1,0;-0,003959964756313669;126,0;90,0;1,4;14;119,0;69,0;35,0;17,0;0,9444444444444444;0,7666666666666667
2025-10-09 17:11:51.152;d_shape;25251,5;25251,75;-0,25;-0,0009900303939330939;125,0;105,0;1,1904761904761905;14;119,0;69,0;35,0;17,0;0,952;0,6571428571428571
2025-10-09 17:11:51.296;d_shape;25251,75;25252,25;-0,5;-0,0019800215822352463;93,0;109,0;0,8532110091743119;14;88,0;69,0;29,0;17,0;0,946236559139785;0,6330275229357798
2025-10-09 17:11:51.328;d_shape;25251,25;25251,75;-0,5;-0,0019800607878661877;92,0;110,0;0,8363636363636363;14;87,0;69,0;29,0;17,0;0,9456521739130435;0,6272727272727273
2025-10-09 17:11:51.924;d_shape;25251,25;25251,5;-0,25;-0,0009900401956319427;88,0;117,0;0,7521367521367521;14;86,0;69,0;29,0;17,0;0,9772727272727273;0,5897435897435898
2025-10-09 17:11:52.144;d_shape;25251,25;25251,75;-0,5;-0,0019800607878661877;88,0;123,0;0,7154471544715447;14;86,0;69,0;29,0;17,0;0,9772727272727273;0,5609756097560976
2025-10-09 17:11:52.716;d_shape;25251,0;25251,5;-0,5;-0,0019800803912638854;88,0;125,0;0,704;14;86,0;66,0;29,0;17,0;0,9772727272727273;0,528
2025-10-09 17:11:52.812;d_shape;25251,25;25251,75;-0,5;-0,0019800607878661877;87,0;131,0;0,6641221374045801;14;85,0;66,0;29,0;17,0;0,9770114942528736;0,5038167938931297
2025-10-09 17:11:52.940;d_shape;25251,0;25251,25;-0,25;-0,000990049997524875;87,0;135,0;0,6444444444444445;14;85,0;66,0;29,0;17,0;0,9770114942528736;0,4888888888888889
2025-10-09 17:11:53.224;d_shape;25250,75;25251,0;-0,25;-0,0009900597996118966;77,0;136,0;0,5661764705882353;15;75,0;74,0;29,0;17,0;0,974025974025974;0,5441176470588235
2025-10-09 17:11:53.484;d_shape;25250,5;25250,75;-0,25;-0,0009900696018930132;73,0;143,0;0,5104895104895105;16;71,0;74,0;29,0;17,0;0,9726027397260274;0,5174825174825175
2025-10-09 17:11:53.488;d_shape;25250,25;25250,5;-0,25;-0,0009900794043682304;73,0;146,0;0,5;17;71,0;79,0;29,0;17,0;0,9726027397260274;0,541095890410959
2025-10-09 17:11:53.752;d_shape;25250,25;25250,5;-0,25;-0,0009900794043682304;70,0;152,0;0,4605263157894737;17;70,0;77,0;29,0;15,0;1,0;0,506578947368421
2025-10-09 17:11:53.772;d_shape;25250,0;25250,25;-0,25;-0,0009900892070375542;81,0;152,0;0,5328947368421053;18;73,0;77,0;29,0;15,0;0,9012345679012346;0,506578947368421
2025-10-09 17:11:54.140;d_shape;25250,0;25250,25;-0,25;-0,0009900892070375542;81,0;154,0;0,525974025974026;18;73,0;74,0;29,0;15,0;0,9012345679012346;0,4805194805194805
2025-10-09 17:11:54.196;d_shape;25249,75;25250,0;-0,25;-0,0009900990099009901;84,0;155,0;0,5419354838709678;19;76,0;80,0;29,0;15,0;0,9047619047619048;0,5161290322580645
2025-10-09 17:11:54.472;d_shape;25249,75;25250,0;-0,25;-0,0009900990099009901;93,0;157,0;0,5923566878980892;19;85,0;79,0;29,0;15,0;0,9139784946236559;0,5031847133757962
2025-10-09 17:11:54.588;d_shape;25249,5;25250,0;-0,5;-0,0019801980198019802;96,0;160,0;0,6;20;79,0;79,0;29,0;15,0;0,8229166666666666;0,49375
2025-10-09 17:11:54.836;d_shape;25249,75;25250,0;-0,25;-0,0009900990099009901;99,0;163,0;0,6073619631901841;20;82,0;79,0;29,0;15,0;0,8282828282828283;0,48466257668711654
2025-10-09 17:11:54.924;d_shape;25250,0;25250,25;-0,25;-0,0009900892070375542;100,0;165,0;0,6060606060606061;20;83,0;79,0;29,0;15,0;0,83;0,47878787878787876
2025-10-09 17:13:11.284;p_shape;25258,0;25257,75;0,25;0,0009897952113707674;27,0;109,0;0,24770642201834864;13;6,0;90,0;3,0;60,0;0,2222222222222222;0,8256880733944955
2025-10-09 17:13:11.556;p_shape;25258,25;25258,0;0,25;0,0009897854145221317;27,0;112,0;0,24107142857142858;13;6,0;93,0;3,0;62,0;0,2222222222222222;0,8303571428571429
2025-10-09 17:13:12.172;p_shape;25258,5;25258,0;0,5;0,0019795708290442633;30,0;118,0;0,2542372881355932;13;6,0;99,0;3,0;63,0;0,2;0,8389830508474576
2025-10-09 17:13:13.204;p_shape;25259,0;25258,25;0,75;0,0029693268536022882;32,0;102,0;0,3137254901960784;13;13,0;101,0;7,0;63,0;0,40625;0,9901960784313726
2025-10-09 17:13:13.232;p_shape;25259,25;25259,0;0,25;0,0009897462290668672;32,0;110,0;0,2909090909090909;14;13,0;108,0;7,0;63,0;0,40625;0,9818181818181818
2025-10-09 17:13:13.460;p_shape;25259,0;25258,75;0,25;0,000989756025139803;32,0;117,0;0,27350427350427353;16;21,0;115,0;8,0;63,0;0,65625;0,9829059829059829
2025-10-09 17:14:13.672;d_shape;25257,75;25258,0;-0,25;-0,0009897854145221317;57,0;46,0;1,2391304347826086;12;52,0;29,0;25,0;12,0;0,9122807017543859;0,6304347826086957
2025-10-09 17:14:13.936;d_shape;25257,75;25258,0;-0,25;-0,0009897854145221317;59,0;41,0;1,4390243902439024;12;54,0;24,0;26,0;12,0;0,9152542372881356;0,5853658536585366
2025-10-09 17:14:17.088;d_shape;25257,5;25258,0;-0,5;-0,0019795708290442633;55,0;35,0;1,5714285714285714;10;54,0;30,0;26,0;9,0;0,9818181818181818;0,8571428571428571
2025-10-09 17:14:17.100;d_shape;25257,25;25257,5;-0,25;-0,0009898050084133426;56,0;35,0;1,6;10;55,0;30,0;26,0;9,0;0,9821428571428571;0,8571428571428571
2025-10-09 17:14:47.232;p_shape;25256,75;25256,5;0,25;0,0009898441985231525;22,0;48,0;0,4583333333333333;11;16,0;38,0;6,0;23,0;0,7272727272727273;0,7916666666666666
2025-10-09 17:15:21.168;p_shape;25262,25;25262,0;0,25;0,0009896286913150187;19,0;46,0;0,41304347826086957;12;12,0;34,0;7,0;26,0;0,631578947368421;0,7391304347826086
2025-10-09 17:15:21.244;p_shape;25262,5;25262,25;0,25;0,0009896188977624716;19,0;47,0;0,40425531914893614;13;12,0;35,0;7,0;26,0;0,631578947368421;0,7446808510638298
2025-10-09 17:15:21.264;p_shape;25263,0;25262,5;0,5;0,0019792182088075212;19,0;60,0;0,31666666666666665;15;13,0;44,0;7,0;26,0;0,6842105263157895;0,7333333333333333
2025-10-09 17:15:21.704;p_shape;25262,5;25262,25;0,25;0,0009896188977624716;19,0;63,0;0,30158730158730157;15;13,0;48,0;7,0;27,0;0,6842105263157895;0,7619047619047619
2025-10-09 17:15:22.108;p_shape;25262,5;25262,0;0,5;0,0019792573826300374;22,0;64,0;0,34375;15;12,0;49,0;6,0;28,0;0,5454545454545454;0,765625
2025-10-09 17:15:22.156;p_shape;25262,75;25262,5;0,25;0,0009896091044037606;23,0;66,0;0,3484848484848485;15;12,0;51,0;6,0;28,0;0,5217391304347826;0,7727272727272727
2025-10-09 17:15:22.160;p_shape;25263,25;25262,75;0,5;0,0019791986224777587;23,0;73,0;0,3150684931506849;16;12,0;56,0;6,0;28,0;0,5217391304347826;0,7671232876712328
2025-10-09 17:15:22.408;p_shape;25263,0;25262,75;0,25;0,0009895993112388794;23,0;79,0;0,2911392405063291;16;12,0;62,0;6,0;28,0;0,5217391304347826;0,7848101265822784
2025-10-09 17:15:23.156;p_shape;25262,75;25262,5;0,25;0,0009896091044037606;23,0;79,0;0,2911392405063291;16;9,0;62,0;3,0;28,0;0,391304347826087;0,7848101265822784
2025-10-09 17:15:23.484;p_shape;25263,5;25262,5;1,0;0,0039584364176150424;21,0;80,0;0,2625;16;6,0;63,0;2,0;28,0;0,2857142857142857;0,7875
2025-10-09 17:15:23.632;p_shape;25263,25;25263,0;0,25;0,0009895895182678225;25,0;79,0;0,31645569620253167;16;6,0;63,0;2,0;28,0;0,24;0,7974683544303798
2025-10-09 17:15:23.644;p_shape;25263,5;25263,25;0,25;0,0009895797254905843;25,0;81,0;0,30864197530864196;16;6,0;65,0;2,0;28,0;0,24;0,8024691358024691
2025-10-09 17:15:24.216;p_shape;25263,5;25263,25;0,25;0,0009895797254905843;26,0;76,0;0,34210526315789475;13;12,0;66,0;5,0;28,0;0,46153846153846156;0,868421052631579
2025-10-09 17:15:24.476;p_shape;25263,25;25263,0;0,25;0,0009895895182678225;44,0;76,0;0,5789473684210527;13;12,0;66,0;5,0;28,0;0,2727272727272727;0,868421052631579
2025-10-09 17:15:24.628;p_shape;25263,5;25262,75;0,75;0,0029687979337166383;56,0;76,0;0,7368421052631579;13;12,0;66,0;5,0;28,0;0,21428571428571427;0,868421052631579
2025-10-09 17:15:24.632;p_shape;25263,75;25263,5;0,25;0,0009895699329071585;58,0;76,0;0,7631578947368421;14;12,0;66,0;5,0;28,0;0,20689655172413793;0,868421052631579
2025-10-09 17:15:26.348;p_shape;25264,75;25264,25;0,5;0,0019790811126394014;75,0;105,0;0,7142857142857143;15;54,0;82,0;12,0;33,0;0,72;0,780952380952381
2025-10-09 17:15:26.524;p_shape;25265,25;25264,75;0,5;0,001979041945794041;81,0;107,0;0,7570093457943925;15;54,0;86,0;12,0;33,0;0,6666666666666666;0,8037383177570093
2025-10-09 17:15:26.712;p_shape;25265,0;25264,5;0,5;0,0019790615290229373;86,0;106,0;0,8113207547169812;15;54,0;86,0;12,0;33,0;0,627906976744186;0,8113207547169812
2025-10-09 17:15:27.204;p_shape;25264,75;25264,5;0,25;0,0009895307645114686;83,0;95,0;0,8736842105263158;13;60,0;87,0;12,0;33,0;0,7228915662650602;0,9157894736842105
2025-10-09 17:15:27.704;p_shape;25264,75;25264,0;0,75;0,0029686510449651675;85,0;122,0;0,6967213114754098;13;62,0;118,0;12,0;33,0;0,7294117647058823;0,9672131147540983
2025-10-09 17:15:28.392;p_shape;25264,75;25264,5;0,25;0,0009895307645114686;87,0;130,0;0,6692307692307692;13;60,0;126,0;12,0;33,0;0,6896551724137931;0,9692307692307692
2025-10-09 17:15:28.396;p_shape;25265,0;25264,75;0,25;0,0009895209728970206;87,0;131,0;0,6641221374045801;13;60,0;127,0;12,0;34,0;0,6896551724137931;0,9694656488549618
2025-10-09 17:15:28.440;p_shape;25265,25;25265,0;0,25;0,0009895111814763506;86,0;134,0;0,6417910447761194;12;59,0;119,0;12,0;36,0;0,686046511627907;0,8880597014925373
2025-10-09 17:15:28.728;p_shape;25265,0;25264,5;0,5;0,0019790615290229373;97,0;134,0;0,7238805970149254;12;55,0;122,0;12,0;39,0;0,5670103092783505;0,9104477611940298
2025-10-09 17:15:56.204;p_shape;25268,25;25268,0;0,25;0,0009893936995409214;101,0;117,0;0,8632478632478633;16;29,0;82,0;8,0;33,0;0,2871287128712871;0,7008547008547008
2025-10-09 17:15:56.224;p_shape;25268,5;25268,25;0,25;0,000989383910638845;101,0;124,0;0,8145161290322581;16;29,0;89,0;8,0;33,0;0,2871287128712871;0,717741935483871
2025-10-09 17:15:56.228;p_shape;25268,75;25268,5;0,25;0,0009893741219304667;101,0;129,0;0,7829457364341085;17;38,0;94,0;9,0;33,0;0,37623762376237624;0,7286821705426356
2025-10-09 17:15:56.360;p_shape;25268,5;25268,25;0,25;0,000989383910638845;101,0;132,0;0,7651515151515151;17;38,0;97,0;9,0;33,0;0,37623762376237624;0,7348484848484849
2025-10-09 17:15:57.024;p_shape;25268,25;25268,0;0,25;0,0009893936995409214;102,0;115,0;0,8869565217391304;17;38,0;107,0;9,0;37,0;0,37254901960784315;0,9304347826086956
2025-10-09 17:15:57.248;p_shape;25268,25;25268,0;0,25;0,0009893936995409214;105,0;115,0;0,9130434782608695;17;38,0;107,0;9,0;37,0;0,3619047619047619;0,9304347826086956
2025-10-09 17:15:57.460;p_shape;25268,5;25268,25;0,25;0,000989383910638845;109,0;111,0;0,9819819819819819;17;38,0;107,0;9,0;37,0;0,3486238532110092;0,963963963963964
2025-10-09 17:15:57.800;p_shape;25268,75;25268,5;0,25;0,0009893741219304667;113,0;107,0;1,0560747663551402;16;38,0;107,0;9,0;37,0;0,336283185840708;1,0
2025-10-09 17:15:57.816;p_shape;25269,0;25268,75;0,25;0,0009893643334157804;115,0;138,0;0,8333333333333334;17;49,0;138,0;11,0;37,0;0,4260869565217391;1,0
2025-10-09 17:15:57.844;p_shape;25269,25;25269,0;0,25;0,0009893545450947803;115,0;145,0;0,7931034482758621;19;82,0;145,0;33,0;37,0;0,7130434782608696;1,0
2025-10-09 17:15:57.920;p_shape;25269,75;25269,0;0,75;0,0029680636352843407;115,0;152,0;0,756578947368421;20;82,0;152,0;33,0;37,0;0,7130434782608696;1,0
2025-10-09 17:15:57.932;p_shape;25270,5;25269,75;0,75;0,0029679755438815182;115,0;191,0;0,6020942408376964;23;101,0;174,0;33,0;37,0;0,8782608695652174;0,9109947643979057
2025-10-09 17:15:58.220;p_shape;25269,25;25269,0;0,25;0,0009893545450947803;114,0;201,0;0,5671641791044776;21;95,0;168,0;33,0;37,0;0,8333333333333334;0,835820895522388
2025-10-09 17:15:58.656;p_shape;25269,25;25269,0;0,25;0,0009893545450947803;122,0;202,0;0,6039603960396039;21;95,0;169,0;33,0;37,0;0,7786885245901639;0,8366336633663366
2025-10-09 17:15:59.848;p_shape;25270,0;25269,5;0,5;0,001978669938067631;109,0;202,0;0,5396039603960396;18;63,0;152,0;24,0;34,0;0,5779816513761468;0,7524752475247525
2025-10-09 17:16:00.064;p_shape;25269,75;25269,25;0,5;0,001978689513934921;75,0;182,0;0,41208791208791207;13;56,0;136,0;20,0;41,0;0,7466666666666667;0,7472527472527473
2025-10-09 17:16:01.416;p_shape;25270,25;25269,75;0,5;0,0019786503625876793;76,0;157,0;0,4840764331210191;11;63,0;116,0;23,0;52,0;0,8289473684210527;0,7388535031847133
2025-10-09 17:16:01.440;p_shape;25270,25;25270,0;0,25;0,0009893153937475267;78,0;157,0;0,4968152866242038;11;63,0;116,0;23,0;52,0;0,8076923076923077;0,7388535031847133
2025-10-09 17:16:01.556;p_shape;25270,25;25269,75;0,5;0,0019786503625876793;83,0;151,0;0,5496688741721855;11;63,0;116,0;23,0;52,0;0,7590361445783133;0,7682119205298014
2025-10-09 17:16:01.568;p_shape;25270,5;25270,25;0,25;0,0009893056063948714;84,0;151,0;0,5562913907284768;11;63,0;116,0;23,0;52,0;0,75;0,7682119205298014
2025-10-09 17:16:03.784;p_shape;25273,0;25272,75;0,25;0,0009892077435182162;201,0;175,0;1,1485714285714286;20;113,0;123,0;38,0;35,0;0,5621890547263682;0,7028571428571428
2025-10-09 17:16:03.844;p_shape;25273,5;25273,0;0,5;0,0019783959165908284;204,0;183,0;1,1147540983606556;20;113,0;132,0;38,0;35,0;0,553921568627451;0,7213114754098361
2025-10-09 17:16:03.984;p_shape;25273,0;25272,75;0,25;0,0009892077435182162;211,0;186,0;1,1344086021505377;20;113,0;136,0;38,0;35,0;0,5355450236966824;0,7311827956989247
2025-10-09 17:16:04.220;p_shape;25273,25;25272,75;0,5;0,0019784154870364323;208,0;172,0;1,2093023255813953;20;108,0;137,0;38,0;35,0;0,5192307692307693;0,7965116279069767
2025-10-09 17:16:04.484;p_shape;25273,25;25273,0;0,25;0,0009891979582954142;214,0;175,0;1,2228571428571429;20;105,0;140,0;38,0;35,0;0,49065420560747663;0,8
2025-10-09 17:16:04.692;p_shape;25273,25;25272,75;0,5;0,0019784154870364323;214,0;173,0;1,2369942196531791;20;104,0;141,0;38,0;35,0;0,48598130841121495;0,815028901734104
2025-10-09 17:16:04.888;p_shape;25273,5;25273,25;0,25;0,0009891881732662004;201,0;165,0;1,2181818181818183;20;91,0;145,0;38,0;35,0;0,4527363184079602;0,8787878787878788
2025-10-09 17:16:05.100;p_shape;25273,75;25273,0;0,75;0,0029675938748862426;197,0;158,0;1,2468354430379747;20;86,0;146,0;38,0;35,0;0,4365482233502538;0,9240506329113924
2025-10-09 17:16:05.124;p_shape;25273,75;25273,25;0,5;0,001978376346532401;195,0;160,0;1,21875;20;84,0;148,0;38,0;35,0;0,4307692307692308;0,925
2025-10-09 17:16:05.224;p_shape;25273,75;25273,25;0,5;0,001978376346532401;195,0;171,0;1,1403508771929824;20;84,0;163,0;38,0;35,0;0,4307692307692308;0,9532163742690059
2025-10-09 17:16:05.256;p_shape;25273,5;25273,25;0,25;0,0009891881732662004;195,0;173,0;1,1271676300578035;20;84,0;166,0;38,0;35,0;0,4307692307692308;0,9595375722543352
2025-10-09 17:16:05.476;p_shape;25273,5;25273,0;0,5;0,0019783959165908284;194,0;180,0;1,0777777777777777;19;105,0;173,0;38,0;36,0;0,5412371134020618;0,9611111111111111
2025-10-09 17:16:05.708;p_shape;25273,5;25273,25;0,25;0,0009891881732662004;193,0;179,0;1,0782122905027933;19;104,0;176,0;38,0;37,0;0,538860103626943;0,9832402234636871
2025-10-09 17:16:05.740;p_shape;25273,75;25273,5;0,25;0,0009891783884305697;193,0;179,0;1,0782122905027933;19;104,0;177,0;38,0;37,0;0,538860103626943;0,9888268156424581
2025-10-09 17:16:06.040;p_shape;25273,0;25272,5;0,5;0,0019784350578692256;197,0;190,0;1,0368421052631578;17;124,0;190,0;38,0;41,0;0,6294416243654822;1,0
2025-10-09 17:16:06.240;p_shape;25272,75;25272,25;0,5;0,0019784546290892184;193,0;198,0;0,9747474747474747;17;115,0;198,0;38,0;41,0;0,5958549222797928;1,0
2025-10-09 17:16:08.132;p_shape;25273,25;25272,75;0,5;0,0019784154870364323;88,0;106,0;0,8301886792452831;10;50,0;90,0;15,0;38,0;0,5681818181818182;0,8490566037735849
2025-10-09 17:16:15.052;p_shape;25272,0;25269,75;2,25;0,008903926631644556;60,0;201,0;0,29850746268656714;18;60,0;159,0;17,0;41,0;1,0;0,7910447761194029
2025-10-09 17:16:16.304;p_shape;25271,0;25270,25;0,75;0,0029679168191846144;87,0;186,0;0,46774193548387094;17;87,0;157,0;20,0;31,0;1,0;0,8440860215053764
2025-10-09 17:16:28.896;p_shape;25269,0;25268,25;0,75;0,0029681517319165357;45,0;60,0;0,75;12;33,0;57,0;18,0;22,0;0,7333333333333333;0,95
2025-10-09 17:16:28.920;p_shape;25269,0;25268,5;0,5;0,0019787482438609334;46,0;61,0;0,7540983606557377;12;33,0;58,0;18,0;22,0;0,717391304347826;0,9508196721311475
2025-10-09 17:16:29.216;p_shape;25269,25;25268,75;0,5;0,001978728666831561;33,0;61,0;0,5409836065573771;11;21,0;59,0;8,0;23,0;0,6363636363636364;0,9672131147540983
2025-10-09 17:16:29.228;p_shape;25269,75;25269,25;0,5;0,001978689513934921;34,0;61,0;0,5573770491803278;12;28,0;59,0;9,0;23,0;0,8235294117647058;0,9672131147540983
2025-10-09 17:16:29.332;p_shape;25270,0;25269,75;0,25;0,0009893251812938396;32,0;65,0;0,49230769230769234;13;27,0;63,0;9,0;23,0;0,84375;0,9692307692307692
2025-10-09 17:16:29.952;p_shape;25270,25;25269,5;0,75;0,0029680049071014463;29,0;74,0;0,3918918918918919;13;22,0;65,0;9,0;23,0;0,7586206896551724;0,8783783783783784
2025-10-09 17:16:32.696;p_shape;25270,25;25269,25;1,0;0,003957379027869842;42,0;87,0;0,4827586206896552;12;8,0;61,0;3,0;22,0;0,19047619047619047;0,7011494252873564
2025-10-09 17:17:15.012;p_shape;25266,0;25265,75;0,25;0,000989481808376953;25,0;59,0;0,423728813559322;10;4,0;45,0;2,0;20,0;0,16;0,7627118644067796
2025-10-09 17:17:37.628;d_shape;25265,0;25265,25;-0,25;-0,0009895013902494532;29,0;25,0;1,16;11;24,0;16,0;21,0;5,0;0,8275862068965517;0,64
2025-10-09 17:17:37.632;d_shape;25264,75;25265,0;-0,25;-0,0009895111814763506;30,0;25,0;1,2;12;24,0;16,0;21,0;5,0;0,8;0,64
2025-10-09 17:17:40.908;d_shape;25265,0;25265,5;-0,5;-0,0019789831984326454;40,0;50,0;0,8;11;33,0;36,0;27,0;16,0;0,825;0,72
2025-10-09 17:17:41.168;d_shape;25265,0;25265,25;-0,25;-0,0009895013902494532;42,0;50,0;0,84;10;35,0;35,0;29,0;16,0;0,8333333333333334;0,7
2025-10-09 17:17:41.548;d_shape;25265,25;25265,5;-0,25;-0,0009894915992163227;42,0;52,0;0,8076923076923077;10;35,0;31,0;29,0;16,0;0,8333333333333334;0,5961538461538461
2025-10-09 17:17:41.768;d_shape;25265,0;25265,25;-0,25;-0,0009895013902494532;44,0;52,0;0,8461538461538461;10;37,0;31,0;31,0;16,0;0,8409090909090909;0,5961538461538461
2025-10-09 17:18:03.476;d_shape;25257,75;25258,25;-0,5;-0,001979551235734859;59,0;84,0;0,7023809523809523;14;47,0;42,0;20,0;16,0;0,7966101694915254;0,5
2025-10-09 17:18:03.516;d_shape;25256,5;25257,75;-1,25;-0,0049489760568538375;75,0;90,0;0,8333333333333334;18;63,0;44,0;20,0;16,0;0,84;0,4888888888888889
2025-10-09 17:18:03.540;d_shape;25257,0;25257,25;-0,25;-0,000989814805649863;76,0;95,0;0,8;18;64,0;44,0;20,0;16,0;0,8421052631578947;0,4631578947368421
2025-10-09 17:18:03.688;d_shape;25257,0;25257,25;-0,25;-0,000989814805649863;76,0;102,0;0,7450980392156863;18;67,0;44,0;20,0;16,0;0,881578947368421;0,43137254901960786
2025-10-09 17:18:03.768;d_shape;25257,0;25257,5;-0,5;-0,001979610016826685;77,0;106,0;0,7264150943396226;18;68,0;44,0;20,0;16,0;0,8831168831168831;0,41509433962264153
2025-10-09 17:18:04.008;d_shape;25257,0;25257,5;-0,5;-0,001979610016826685;77,0;107,0;0,719626168224299;18;69,0;43,0;20,0;16,0;0,8961038961038961;0,40186915887850466
2025-10-09 17:18:04.020;d_shape;25256,75;25257,0;-0,25;-0,0009898246030803342;79,0;107,0;0,7383177570093458;18;71,0;43,0;20,0;16,0;0,8987341772151899;0,40186915887850466
2025-10-09 17:18:04.240;d_shape;25256,5;25256,75;-0,25;-0,000989834400704762;80,0;107,0;0,7476635514018691;18;72,0;43,0;20,0;16,0;0,9;0,40186915887850466
2025-10-09 17:18:04.584;d_shape;25256,75;25257,0;-0,25;-0,0009898246030803342;89,0;106,0;0,839622641509434;18;81,0;42,0;20,0;16,0;0,9101123595505618;0,39622641509433965
2025-10-09 17:18:04.864;d_shape;25257,25;25257,5;-0,25;-0,0009898050084133426;97,0;98,0;0,9897959183673469;17;92,0;46,0;22,0;13,0;0,9484536082474226;0,46938775510204084
2025-10-09 17:18:04.932;d_shape;25257,25;25257,75;-0,5;-0,0019795904227415347;99,0;96,0;1,03125;17;94,0;42,0;22,0;13,0;0,9494949494949495;0,4375
2025-10-09 17:18:05.052;d_shape;25257,0;25257,25;-0,25;-0,000989814805649863;100,0;88,0;1,1363636363636365;17;95,0;34,0;23,0;13,0;0,95;0,38636363636363635
2025-10-09 17:18:05.212;d_shape;25256,75;25257,5;-0,75;-0,002969415025240028;102,0;85,0;1,2;17;97,0;31,0;23,0;13,0;0,9509803921568627;0,36470588235294116
2025-10-09 17:18:09.048;p_shape;25259,0;25258,75;0,25;0,000989756025139803;50,0;60,0;0,8333333333333334;11;44,0;58,0;15,0;21,0;0,88;0,9666666666666667
2025-10-09 17:18:09.316;p_shape;25259,0;25258,75;0,25;0,000989756025139803;49,0;64,0;0,765625;10;43,0;59,0;15,0;24,0;0,8775510204081632;0,921875
2025-10-09 17:18:09.456;p_shape;25258,75;25258,25;0,5;0,001979551235734859;56,0;65,0;0,8615384615384616;10;43,0;60,0;15,0;25,0;0,7678571428571429;0,9230769230769231
2025-10-09 17:18:09.632;p_shape;25259,0;25258,75;0,25;0,000989756025139803;41,0;66,0;0,6212121212121212;10;28,0;61,0;15,0;25,0;0,6829268292682927;0,9242424242424242
2025-10-09 17:18:09.900;p_shape;25258,75;25258,5;0,25;0,0009897658214066552;37,0;68,0;0,5441176470588235;10;22,0;65,0;15,0;29,0;0,5945945945945946;0,9558823529411765
2025-10-09 17:20:25.852;d_shape;25251,0;25251,5;-0,5;-0,0019800803912638854;112,0;193,0;0,5803108808290155;31;103,0;100,0;24,0;17,0;0,9196428571428571;0,5181347150259067
2025-10-09 17:20:26.040;d_shape;25251,5;25251,75;-0,25;-0,0009900303939330939;114,0;192,0;0,59375;31;105,0;98,0;24,0;17,0;0,9210526315789473;0,5104166666666666
2025-10-09 17:20:26.376;d_shape;25251,25;25251,5;-0,25;-0,0009900401956319427;110,0;182,0;0,6043956043956044;30;108,0;88,0;25,0;17,0;0,9818181818181818;0,4835164835164835
2025-10-09 17:21:17.824;d_shape;25248,5;25249,25;-0,75;-0,002970385258968088;79,0;61,0;1,2950819672131149;11;75,0;25,0;20,0;16,0;0,9493670886075949;0,4098360655737705
2025-10-09 17:22:00.192;p_shape;25247,75;25247,25;0,5;0,00198041370842369;48,0;55,0;0,8727272727272727;12;14,0;48,0;5,0;21,0;0,2916666666666667;0,8727272727272727
2025-10-09 17:22:00.276;p_shape;25248,0;25247,75;0,25;0,0009901872444079175;42,0;58,0;0,7241379310344828;10;11,0;51,0;4,0;23,0;0,2619047619047619;0,8793103448275862
2025-10-09 17:22:00.480;p_shape;25247,75;25247,5;0,25;0,0009901970492127933;40,0;61,0;0,6557377049180327;10;9,0;54,0;4,0;24,0;0,225;0,8852459016393442
2025-10-09 17:23:41.056;d_shape;25241,25;25241,5;-0,25;-0,0009904324227957926;64,0;112,0;0,5714285714285714;16;45,0;69,0;20,0;16,0;0,703125;0,6160714285714286
2025-10-09 17:23:41.440;d_shape;25241,25;25241,5;-0,25;-0,0009904324227957926;63,0;109,0;0,5779816513761468;16;48,0;65,0;23,0;15,0;0,7619047619047619;0,5963302752293578
2025-10-09 17:23:41.556;d_shape;25241,0;25241,25;-0,25;-0,000990442232456792;64,0;99,0;0,6464646464646465;15;49,0;63,0;23,0;15,0;0,765625;0,6363636363636364
2025-10-09 17:23:41.932;d_shape;25241,0;25241,5;-0,5;-0,001980864845591585;67,0;102,0;0,6568627450980392;15;53,0;62,0;23,0;15,0;0,7910447761194029;0,6078431372549019
2025-10-09 17:23:42.052;d_shape;25241,5;25241,75;-0,25;-0,0009904226133291075;69,0;113,0;0,6106194690265486;15;55,0;62,0;23,0;15,0;0,7971014492753623;0,5486725663716814
2025-10-09 17:23:42.600;d_shape;25241,5;25242,0;-0,5;-0,001980825608113462;62,0;114,0;0,543859649122807;15;55,0;58,0;23,0;13,0;0,8870967741935484;0,5087719298245614
2025-10-09 17:23:42.652;d_shape;25241,25;25241,5;-0,25;-0,0009904324227957926;63,0;114,0;0,5526315789473685;15;56,0;58,0;24,0;13,0;0,8888888888888888;0,5087719298245614
2025-10-09 17:23:43.032;d_shape;25241,25;25241,5;-0,25;-0,0009904324227957926;61,0;108,0;0,5648148148148148;15;56,0;48,0;24,0;13,0;0,9180327868852459;0,4444444444444444
2025-10-09 17:23:43.228;d_shape;25241,0;25241,25;-0,25;-0,000990442232456792;61,0;97,0;0,6288659793814433;14;56,0;36,0;24,0;13,0;0,9180327868852459;0,3711340206185567
2025-10-09 17:23:43.288;d_shape;25240,0;25241,0;-1,0;-0,003961808169248445;61,0;105,0;0,580952380952381;16;56,0;47,0;24,0;13,0;0,9180327868852459;0,44761904761904764
2025-10-09 17:23:43.292;d_shape;25239,5;25240,0;-0,5;-0,0019809825673534074;61,0;114,0;0,5350877192982456;18;56,0;68,0;24,0;21,0;0,9180327868852459;0,5964912280701754
2025-10-09 17:23:43.296;d_shape;25238,75;25239,5;-0,75;-0,002971532716575209;67,0;118,0;0,5677966101694916;20;62,0;93,0;24,0;25,0;0,9253731343283582;0,788135593220339
2025-10-09 17:23:43.344;d_shape;25239,0;25239,25;-0,25;-0,0009905207167407906;67,0;122,0;0,5491803278688525;21;62,0;95,0;24,0;25,0;0,9253731343283582;0,7786885245901639
2025-10-09 17:23:43.380;d_shape;25239,0;25239,5;-0,5;-0,0019810218110501397;67,0;127,0;0,5275590551181102;21;62,0;95,0;24,0;25,0;0,9253731343283582;0,7480314960629921
2025-10-09 17:23:43.440;d_shape;25239,25;25239,5;-0,25;-0,0009905109055250699;67,0;130,0;0,5153846153846153;21;62,0;93,0;24,0;25,0;0,9253731343283582;0,7153846153846154
2025-10-09 17:23:51.212;d_shape;25236,0;25236,25;-0,25;-0,000990638466491654;95,0;144,0;0,6597222222222222;12;75,0;101,0;31,0;37,0;0,7894736842105263;0,7013888888888888
2025-10-09 17:23:51.628;d_shape;25235,75;25236,0;-0,25;-0,0009906482802345855;74,0;150,0;0,49333333333333335;10;56,0;131,0;22,0;42,0;0,7567567567567568;0,8733333333333333
2025-10-09 17:23:51.632;d_shape;25235,5;25235,75;-0,25;-0,0009906580941719584;74,0;154,0;0,4805194805194805;10;56,0;131,0;22,0;42,0;0,7567567567567568;0,8506493506493507
2025-10-09 17:23:51.856;d_shape;25235,5;25235,75;-0,25;-0,0009906580941719584;73,0;175,0;0,41714285714285715;10;56,0;131,0;22,0;42,0;0,7671232876712328;0,7485714285714286
2025-10-09 17:23:51.896;d_shape;25235,25;25235,5;-0,25;-0,0009906679083037785;73,0;178,0;0,4101123595505618;10;56,0;131,0;22,0;42,0;0,7671232876712328;0,7359550561797753
2025-10-09 17:23:53.652;p_shape;25236,75;25236,5;0,25;0,0009906286529431578;62,0;151,0;0,4105960264900662;14;51,0;106,0;14,0;25,0;0,8225806451612904;0,7019867549668874
2025-10-09 17:24:09.388;d_shape;25235,75;25236,25;-0,5;-0,001981276932983308;57,0;58,0;0,9827586206896551;13;57,0;29,0;25,0;9,0;1,0;0,5
2025-10-09 17:24:26.760;d_shape;25231,75;25232,25;-0,5;-0,0019815910194295;54,0;85,0;0,6352941176470588;10;50,0;20,0;30,0;11,0;0,9259259259259259;0,23529411764705882
2025-10-09 17:24:34.592;p_shape;25235,25;25234,75;0,5;0,001981394703731957;94,0;61,0;1,540983606557377;18;42,0;51,0;12,0;23,0;0,44680851063829785;0,8360655737704918
2025-10-09 17:24:34.604;p_shape;25235,5;25235,25;0,25;0,0009906777226300512;94,0;63,0;1,492063492063492;18;42,0;53,0;12,0;23,0;0,44680851063829785;0,8412698412698413
2025-10-09 17:24:35.100;p_shape;25235,5;25235,25;0,25;0,0009906777226300512;95,0;54,0;1,7592592592592593;17;47,0;54,0;12,0;23,0;0,49473684210526314;1,0
2025-10-09 17:24:35.128;p_shape;25236,0;25235,5;0,5;0,001981335816607557;92,0;64,0;1,4375;16;44,0;64,0;11,0;23,0;0,4782608695652174;1,0
2025-10-09 17:24:50.696;p_shape;25232,5;25232,0;0,5;0,001981610653138871;38,0;88,0;0,4318181818181818;11;36,0;77,0;14,0;43,0;0,9473684210526315;0,875
2025-10-09 17:24:51.176;p_shape;25232,5;25232,25;0,25;0,00099079550971475;44,0;85,0;0,5176470588235295;11;34,0;76,0;13,0;41,0;0,7727272727272727;0,8941176470588236
2025-10-09 17:25:16.848;p_shape;25235,75;25235,25;0,5;0,0019813554452601024;26,0;45,0;0,5777777777777777;13;13,0;42,0;5,0;22,0;0,5;0,9333333333333333
2025-10-09 17:25:17.540;p_shape;25235,5;25235,25;0,25;0,0009906777226300512;28,0;46,0;0,6086956521739131;13;13,0;43,0;5,0;22,0;0,4642857142857143;0,9347826086956522
2025-10-09 17:25:17.696;p_shape;25236,0;25235,5;0,5;0,001981335816607557;29,0;45,0;0,6444444444444445;13;13,0;42,0;5,0;22,0;0,4482758620689655;0,9333333333333333
2025-10-09 17:25:17.700;p_shape;25236,5;25236,0;0,5;0,001981296560469171;30,0;45,0;0,6666666666666666;14;13,0;38,0;5,0;22,0;0,43333333333333335;0,8444444444444444
2025-10-09 17:25:17.704;p_shape;25236,75;25236,5;0,25;0,0009906286529431578;31,0;45,0;0,6888888888888889;15;16,0;38,0;5,0;22,0;0,5161290322580645;0,8444444444444444
2025-10-09 17:25:17.712;p_shape;25237,25;25236,75;0,5;0,0019812376791781827;31,0;51,0;0,6078431372549019;17;27,0;41,0;11,0;22,0;0,8709677419354839;0,803921568627451
2025-10-09 17:25:17.720;p_shape;25237,75;25237,25;0,5;0,0019811984269284487;31,0;60,0;0,5166666666666667;19;28,0;49,0;11,0;22,0;0,9032258064516129;0,8166666666666667
2025-10-09 17:25:18.320;p_shape;25237,25;25236,75;0,5;0,0019812376791781827;32,0;57,0;0,5614035087719298;19;28,0;54,0;11,0;22,0;0,875;0,9473684210526315
2025-10-09 17:27:03.764;d_shape;25228,0;25228,25;-0,25;-0,0009909526027370111;66,0;151,0;0,4370860927152318;29;61,0;83,0;27,0;12,0;0,9242424242424242;0,5496688741721855
2025-10-09 17:27:04.484;d_shape;25229,0;25229,25;-0,25;-0,0009909133248114789;75,0;155,0;0,4838709677419355;30;63,0;82,0;28,0;12,0;0,84;0,5290322580645161
2025-10-09 17:27:04.488;d_shape;25228,75;25229,0;-0,25;-0,0009909231440009512;78,0;155,0;0,5032258064516129;30;66,0;82,0;28,0;12,0;0,8461538461538461;0,5290322580645161
2025-10-09 17:27:04.660;d_shape;25229,25;25229,5;-0,25;-0,0009909035058166035;79,0;152,0;0,5197368421052632;28;67,0;87,0;28,0;12,0;0,8481012658227848;0,5723684210526315
2025-10-09 17:27:04.728;d_shape;25229,0;25229,25;-0,25;-0,0009909133248114789;81,0;156,0;0,5192307692307693;28;69,0;87,0;28,0;12,0;0,8518518518518519;0,5576923076923077
2025-10-09 17:27:04.908;d_shape;25229,0;25229,75;-0,75;-0,00297268106104896;83,0;166,0;0,5;27;71,0;87,0;28,0;12,0;0,8554216867469879;0,5240963855421686
2025-10-09 17:27:05.088;d_shape;25228,75;25229,0;-0,25;-0,0009909231440009512;82,0;159,0;0,5157232704402516;26;70,0;71,0;28,0;12,0;0,8536585365853658;0,44654088050314467
2025-10-09 17:27:05.516;d_shape;25229,0;25229,25;-0,25;-0,0009909133248114789;82,0;157,0;0,5222929936305732;25;70,0;68,0;28,0;12,0;0,8536585365853658;0,43312101910828027
2025-10-09 17:27:05.896;d_shape;25229,0;25229,25;-0,25;-0,0009909133248114789;80,0;159,0;0,5031446540880503;25;70,0;68,0;28,0;12,0;0,875;0,4276729559748428
2025-10-09 17:27:06.112;d_shape;25228,75;25229,25;-0,5;-0,0019818266496229578;79,0;153,0;0,5163398692810458;21;70,0;79,0;28,0;15,0;0,8860759493670886;0,5163398692810458
2025-10-09 17:27:06.116;d_shape;25228,25;25228,75;-0,5;-0,001981865926770054;79,0;153,0;0,5163398692810458;21;70,0;78,0;28,0;15,0;0,8860759493670886;0,5098039215686274
2025-10-09 17:27:06.292;d_shape;25227,75;25228,25;-0,5;-0,0019819052054740223;79,0;152,0;0,5197368421052632;20;70,0;75,0;28,0;15,0;0,8860759493670886;0,4934210526315789
2025-10-09 17:27:06.360;d_shape;25227,75;25228,25;-0,5;-0,0019819052054740223;79,0;154,0;0,512987012987013;20;70,0;75,0;28,0;15,0;0,8860759493670886;0,487012987012987
2025-10-09 17:27:06.416;d_shape;25227,5;25228,0;-0,5;-0,0019819248454098623;79,0;151,0;0,5231788079470199;20;70,0;69,0;28,0;15,0;0,8860759493670886;0,45695364238410596
2025-10-09 17:27:06.428;d_shape;25227,25;25227,5;-0,25;-0,0009909820632246556;80,0;151,0;0,5298013245033113;21;71,0;79,0;28,0;15,0;0,8875;0,5231788079470199
2025-10-09 17:27:06.440;d_shape;25226,5;25227,25;-0,75;-0,002972975651329416;99,0;151,0;0,6556291390728477;24;90,0;89,0;28,0;15,0;0,9090909090909091;0,5894039735099338
2025-10-09 17:27:06.456;d_shape;25226,75;25227,0;-0,25;-0,0009910017045229318;108,0;151,0;0,7152317880794702;24;99,0;89,0;28,0;15,0;0,9166666666666666;0,5894039735099338
2025-10-09 17:27:06.524;d_shape;25226,75;25227,0;-0,25;-0,0009910017045229318;110,0;151,0;0,7284768211920529;24;101,0;89,0;28,0;15,0;0,9181818181818182;0,5894039735099338
2025-10-09 17:27:06.628;d_shape;25227,0;25227,25;-0,25;-0,0009909918837764718;113,0;150,0;0,7533333333333333;24;104,0;88,0;28,0;15,0;0,9203539823008849;0,5866666666666667
2025-10-09 17:27:07.048;d_shape;25227,25;25227,5;-0,25;-0,0009909820632246556;109,0;137,0;0,7956204379562044;22;107,0;86,0;28,0;15,0;0,981651376146789;0,6277372262773723
2025-10-09 17:27:07.624;d_shape;25227,75;25228,0;-0,25;-0,0009909624227049311;118,0;129,0;0,9147286821705426;22;116,0;70,0;28,0;15,0;0,9830508474576272;0,5426356589147286
2025-10-09 17:27:08.124;p_shape;25229,25;25229,0;0,25;0,0009909231440009512;116,0;104,0;1,1153846153846154;14;96,0;88,0;28,0;28,0;0,8275862068965517;0,8461538461538461
2025-10-09 17:27:37.764;p_shape;25229,75;25227,75;2,0;0,007927777942939819;149,0;89,0;1,6741573033707866;16;79,0;74,0;20,0;21,0;0,5302013422818792;0,8314606741573034
2025-10-09 17:27:38.224;p_shape;25230,0;25229,25;0,75;0,002972739974434436;149,0;88,0;1,6931818181818181;17;95,0;73,0;20,0;21,0;0,6375838926174496;0,8295454545454546
2025-10-09 17:27:38.688;p_shape;25230,0;25229,0;1,0;0,003963692576003805;100,0;93,0;1,075268817204301;15;59,0;83,0;16,0;23,0;0,59;0,8924731182795699
2025-10-09 17:27:39.052;p_shape;25229,75;25229,0;0,75;0,002972769432002854;89,0;87,0;1,0229885057471264;15;47,0;81,0;13,0;23,0;0,5280898876404494;0,9310344827586207
2025-10-09 17:27:39.100;p_shape;25229,5;25229,25;0,25;0,0009909133248114789;94,0;87,0;1,0804597701149425;15;47,0;81,0;13,0;23,0;0,5;0,9310344827586207
2025-10-09 17:27:39.408;p_shape;25229,75;25229,5;0,25;0,0009909035058166035;97,0;86,0;1,127906976744186;15;47,0;80,0;13,0;23,0;0,4845360824742268;0,9302325581395349
2025-10-09 17:27:39.716;p_shape;25230,0;25229,75;0,25;0,00099089368701632;97,0;74,0;1,3108108108108107;17;56,0;67,0;13,0;23,0;0,5773195876288659;0,9054054054054054
2025-10-09 17:27:39.720;p_shape;25230,25;25230,0;0,25;0,0009908838684106222;97,0;77,0;1,2597402597402598;17;56,0;70,0;13,0;23,0;0,5773195876288659;0,9090909090909091
2025-10-09 17:27:39.904;p_shape;25230,5;25230,0;0,5;0,0019817677368212444;97,0;81,0;1,1975308641975309;17;56,0;75,0;13,0;23,0;0,5773195876288659;0,9259259259259259
2025-10-09 17:27:41.108;p_shape;25230,0;25229,75;0,25;0,00099089368701632;104,0;80,0;1,3;17;55,0;74,0;13,0;25,0;0,5288461538461539;0,925
2025-10-09 17:27:41.928;p_shape;25230,0;25229,75;0,25;0,00099089368701632;103,0;80,0;1,2875;17;54,0;80,0;13,0;27,0;0,5242718446601942;1,0
2025-10-09 17:27:42.216;p_shape;25230,0;25229,75;0,25;0,00099089368701632;100,0;80,0;1,25;16;49,0;80,0;13,0;27,0;0,49;1,0
2025-10-09 17:27:42.616;p_shape;25230,25;25229,5;0,75;0,002972710517449811;94,0;81,0;1,1604938271604939;13;63,0;81,0;13,0;27,0;0,6702127659574468;1,0
2025-10-09 17:30:19.272;d_shape;25223,5;25224,0;-0,5;-0,0019822391373295273;69,0;61,0;1,1311475409836065;14;63,0;20,0;24,0;7,0;0,9130434782608695;0,32786885245901637
2025-10-09 17:30:19.460;d_shape;25223,5;25223,75;-0,25;-0,0009911293919421182;72,0;62,0;1,1612903225806452;14;66,0;20,0;24,0;7,0;0,9166666666666666;0,3225806451612903
2025-10-09 17:30:19.468;d_shape;25223,25;25223,5;-0,25;-0,0009911392154141972;73,0;62,0;1,1774193548387097;15;67,0;25,0;24,0;7,0;0,9178082191780822;0,4032258064516129
2025-10-09 17:30:19.480;d_shape;25223,0;25223,25;-0,25;-0,0009911490390810066;79,0;62,0;1,2741935483870968;16;73,0;25,0;24,0;7,0;0,9240506329113924;0,4032258064516129
2025-10-09 17:30:19.492;d_shape;25222,75;25223,0;-0,25;-0,0009911588629425525;92,0;62,0;1,4838709677419355;17;86,0;28,0;24,0;7,0;0,9347826086956522;0,45161290322580644
2025-10-09 17:30:19.556;d_shape;25223,0;25223,25;-0,25;-0,0009911490390810066;97,0;62,0;1,564516129032258;17;91,0;28,0;24,0;7,0;0,9381443298969072;0,45161290322580644
2025-10-09 17:30:19.616;d_shape;25222,75;25223,0;-0,25;-0,0009911588629425525;100,0;58,0;1,7241379310344827;17;94,0;24,0;24,0;7,0;0,94;0,41379310344827586
2025-10-09 17:30:19.796;d_shape;25222,75;25223,25;-0,5;-0,0019822980781620133;105,0;56,0;1,875;16;95,0;22,0;24,0;7,0;0,9047619047619048;0,39285714285714285
2025-10-09 17:30:20.156;d_shape;25223,5;25223,75;-0,25;-0,0009911293919421182;110,0;56,0;1,9642857142857142;15;100,0;36,0;24,0;15,0;0,9090909090909091;0,6428571428571429
2025-10-09 17:30:22.852;p_shape;25225,5;25224,5;1,0;0,003964399690776824;70,0;82,0;0,8536585365853658;12;64,0;59,0;20,0;21,0;0,9142857142857143;0,7195121951219512
2025-10-09 17:30:23.096;p_shape;25225,25;25225,0;0,25;0,0009910802775024777;68,0;87,0;0,7816091954022989;12;64,0;64,0;20,0;21,0;0,9411764705882353;0,735632183908046
2025-10-09 17:30:23.440;p_shape;25225,75;25225,25;0,5;0,00198214091039732;68,0;85,0;0,8;13;67,0;62,0;20,0;21,0;0,9852941176470589;0,7294117647058823
2025-10-09 17:30:51.500;p_shape;25227,0;25226,75;0,25;0,0009910115254640412;26,0;41,0;0,6341463414634146;11;17,0;30,0;7,0;25,0;0,6538461538461539;0,7317073170731707
2025-10-09 17:30:52.228;p_shape;25227,5;25226,5;1,0;0,0039640853863992225;27,0;37,0;0,7297297297297297;10;10,0;26,0;5,0;25,0;0,37037037037037035;0,7027027027027027
2025-10-09 17:30:52.240;p_shape;25228,0;25227,5;0,5;0,001981964126449311;33,0;37,0;0,8918918918918919;12;21,0;26,0;11,0;25,0;0,6363636363636364;0,7027027027027027
2025-10-09 17:31:33.872;d_shape;25222,25;25222,75;-0,5;-0,0019823373739976807;38,0;107,0;0,35514018691588783;10;37,0;82,0;20,0;28,0;0,9736842105263158;0,7663551401869159
2025-10-09 17:31:34.172;p_shape;25224,0;25223,5;0,5;0,0019822784308283943;42,0;120,0;0,35;10;41,0;95,0;21,0;28,0;0,9761904761904762;0,7916666666666666
2025-10-09 17:31:35.296;p_shape;25224,0;25223,5;0,5;0,0019822784308283943;48,0;122,0;0,39344262295081966;10;41,0;97,0;21,0;26,0;0,8541666666666666;0,7950819672131147
2025-10-09 17:31:35.352;p_shape;25224,25;25224,0;0,25;0,0009911195686647637;73,0;124,0;0,5887096774193549;10;41,0;99,0;21,0;26,0;0,5616438356164384;0,7983870967741935
2025-10-09 17:31:35.380;p_shape;25224,5;25224,25;0,25;0,0009911097455821284;73,0;126,0;0,5793650793650794;10;41,0;101,0;21,0;27,0;0,5616438356164384;0,8015873015873016
2025-10-09 17:31:35.500;p_shape;25224,75;25224,5;0,25;0,000991099922694206;73,0;126,0;0,5793650793650794;11;41,0;101,0;21,0;27,0;0,5616438356164384;0,8015873015873016
2025-10-09 17:31:35.696;p_shape;25224,5;25224,25;0,25;0,0009911097455821284;73,0;129,0;0,5658914728682171;11;41,0;104,0;21,0;28,0;0,5616438356164384;0,8062015503875969
2025-10-09 17:31:52.968;d_shape;25219,0;25220,25;-1,25;-0,004956334691369039;80,0;65,0;1,2307692307692308;18;79,0;58,0;25,0;11,0;0,9875;0,8923076923076924
2025-10-09 17:31:53.472;d_shape;25220,0;25220,5;-0,5;-0,0019825142245395613;94,0;87,0;1,0804597701149425;18;93,0;67,0;27,0;18,0;0,9893617021276596;0,7701149425287356
2025-10-09 17:31:53.624;d_shape;25220,0;25220,25;-0,25;-0,0009912669382738078;96,0;87,0;1,103448275862069;18;95,0;67,0;28,0;18,0;0,9895833333333334;0,7701149425287356
2025-10-09 17:31:54.508;p_shape;25223,0;25221,5;1,5;0,005947306861209682;104,0;114,0;0,9122807017543859;17;104,0;104,0;28,0;21,0;1,0;0,9122807017543859
2025-10-09 17:31:54.568;d_shape;25219,0;25223,0;-4,0;-0,01585854180708084;172,0;152,0;1,131578947368421;17;172,0;142,0;34,0;28,0;1,0;0,9342105263157895
2025-10-09 17:31:55.568;d_shape;25219,75;25220,25;-0,5;-0,0019825338765476156;197,0;162,0;1,2160493827160495;17;197,0;149,0;34,0;28,0;1,0;0,9197530864197531
2025-10-09 17:31:55.580;d_shape;25219,5;25220,75;-1,25;-0,004956236432302767;204,0;163,0;1,2515337423312884;17;204,0;149,0;36,0;28,0;1,0;0,9141104294478528
2025-10-09 17:31:55.584;d_shape;25219,25;25219,5;-0,25;-0,0009912964174547472;205,0;163,0;1,2576687116564418;17;205,0;149,0;36,0;28,0;1,0;0,9141104294478528
2025-10-09 17:31:55.780;d_shape;25219,25;25220,0;-0,75;-0,002973830293417922;210,0;157,0;1,3375796178343948;17;210,0;143,0;37,0;28,0;1,0;0,910828025477707
2025-10-09 17:31:57.884;p_shape;25222,0;25221,25;0,75;0,002973682906279427;239,0;158,0;1,5126582278481013;17;227,0;140,0;37,0;25,0;0,9497907949790795;0,8860759493670886
2025-10-09 17:32:01.760;p_shape;25222,5;25221,75;0,75;0,0029736239555145857;42,0;48,0;0,875;11;34,0;35,0;12,0;20,0;0,8095238095238095;0,7291666666666666
2025-10-09 17:32:01.972;p_shape;25222,0;25221,75;0,25;0,0009912079851715286;43,0;52,0;0,8269230769230769;11;34,0;39,0;12,0;20,0;0,7906976744186046;0,75
2025-10-09 17:32:02.200;p_shape;25222,5;25222,0;0,5;0,0019823963206724287;35,0;56,0;0,625;11;26,0;43,0;12,0;20,0;0,7428571428571429;0,7678571428571429
2025-10-09 17:33:10.436;d_shape;25224,5;25225,0;-0,5;-0,0019821605550049554;48,0;24,0;2,0;10;38,0;9,0;21,0;4,0;0,7916666666666666;0,375
2025-10-09 17:33:36.016;d_shape;25218,5;25218,75;-0,25;-0,0009913258983890955;98,0;126,0;0,7777777777777778;26;71,0;80,0;21,0;17,0;0,7244897959183674;0,6349206349206349
2025-10-09 17:33:36.020;d_shape;25218,25;25218,5;-0,25;-0,0009913357257568848;102,0;126,0;0,8095238095238095;26;75,0;80,0;21,0;17,0;0,7352941176470589;0,6349206349206349
2025-10-09 17:33:36.052;d_shape;25218,25;25218,5;-0,25;-0,0009913357257568848;106,0;119,0;0,8907563025210085;24;79,0;78,0;23,0;17,0;0,7452830188679245;0,6554621848739496
2025-10-09 17:33:36.188;d_shape;25217,75;25218,25;-0,5;-0,001982691106639041;109,0;104,0;1,0480769230769231;22;82,0;66,0;24,0;17,0;0,7522935779816514;0,6346153846153846
2025-10-09 17:33:36.268;d_shape;25218,0;25218,25;-0,25;-0,0009913455533195204;112,0;104,0;1,0769230769230769;22;85,0;66,0;26,0;17,0;0,7589285714285714;0,6346153846153846
2025-10-09 17:34:23.248;d_shape;25219,0;25219,25;-0,25;-0,0009913062442380325;31,0;61,0;0,5081967213114754;13;31,0;41,0;20,0;9,0;1,0;0,6721311475409836
2025-10-09 17:34:25.632;d_shape;25217,75;25218,0;-0,25;-0,0009913553810770085;36,0;28,0;1,2857142857142858;10;33,0;25,0;20,0;13,0;0,9166666666666666;0,8928571428571429
2025-10-09 17:34:41.860;d_shape;25206,0;25206,5;-0,5;-0,0019836153373137882;156,0;188,0;0,8297872340425532;23;110,0;88,0;22,0;16,0;0,7051282051282052;0,46808510638297873
2025-10-09 17:34:42.012;d_shape;25206,25;25206,5;-0,25;-0,0009918076686568941;153,0;186,0;0,8225806451612904;23;110,0;81,0;22,0;16,0;0,7189542483660131;0,43548387096774194
2025-10-09 17:34:42.016;d_shape;25206,0;25206,25;-0,25;-0,0009918175055789735;153,0;187,0;0,8181818181818182;23;110,0;81,0;22,0;16,0;0,7189542483660131;0,43315508021390375
2025-10-09 17:34:42.032;d_shape;25205,75;25206,0;-0,25;-0,0009918273426961835;152,0;190,0;0,8;23;110,0;81,0;22,0;16,0;0,7236842105263158;0,4263157894736842
2025-10-09 17:34:42.064;d_shape;25205,5;25205,75;-0,25;-0,0009918371800085298;152,0;194,0;0,7835051546391752;23;110,0;81,0;22,0;16,0;0,7236842105263158;0,4175257731958763
2025-10-09 17:34:42.092;d_shape;25205,0;25205,75;-0,75;-0,0029755115400255895;152,0;209,0;0,7272727272727273;25;110,0;92,0;22,0;16,0;0,7236842105263158;0,44019138755980863
2025-10-09 17:34:42.100;d_shape;25205,0;25205,25;-0,25;-0,0009918568552186547;152,0;223,0;0,6816143497757847;25;110,0;92,0;22,0;16,0;0,7236842105263158;0,4125560538116592
2025-10-09 17:34:43.072;d_shape;25204,5;25205,25;-0,75;-0,0029755705656559646;169,0;245,0;0,689795918367347;29;135,0;135,0;26,0;23,0;0,7988165680473372;0,5510204081632653
2025-10-09 17:34:43.724;d_shape;25205,25;25205,75;-0,5;-0,0019836743600170595;178,0;202,0;0,8811881188118812;23;127,0;126,0;26,0;23,0;0,7134831460674157;0,6237623762376238
2025-10-09 17:34:45.016;d_shape;25205,0;25205,75;-0,75;-0,0029755115400255895;104,0;122,0;0,8524590163934426;19;79,0;35,0;26,0;13,0;0,7596153846153846;0,28688524590163933
2025-10-09 17:34:45.532;d_shape;25204,75;25205,5;-0,75;-0,002975541052548055;90,0;135,0;0,6666666666666666;19;79,0;34,0;26,0;13,0;0,8777777777777778;0,2518518518518518
2025-10-09 17:34:45.620;d_shape;25204,5;25204,75;-0,25;-0,000991876531209395;90,0;136,0;0,6617647058823529;19;79,0;34,0;26,0;13,0;0,8777777777777778;0,25
2025-10-09 17:34:45.804;d_shape;25204,75;25205,0;-0,25;-0,0009918666931164452;79,0;139,0;0,5683453237410072;19;79,0;30,0;26,0;13,0;1,0;0,2158273381294964
2025-10-09 17:34:45.988;d_shape;25204,0;25205,25;-1,25;-0,0049592842760932745;81,0;146,0;0,5547945205479452;19;81,0;30,0;26,0;13,0;1,0;0,2054794520547945
2025-10-09 17:34:46.068;d_shape;25204,0;25204,75;-0,75;-0,0029756295936281853;82,0;148,0;0,5540540540540541;19;82,0;30,0;26,0;13,0;1,0;0,20270270270270271
2025-10-09 17:34:46.412;d_shape;25204,25;25204,75;-0,5;-0,00198375306241879;86,0;145,0;0,593103448275862;16;81,0;28,0;27,0;13,0;0,9418604651162791;0,19310344827586207
2025-10-09 17:34:46.576;d_shape;25204,5;25204,75;-0,25;-0,000991876531209395;89,0;141,0;0,6312056737588653;13;84,0;64,0;29,0;24,0;0,9438202247191011;0,45390070921985815
2025-10-09 17:34:46.944;d_shape;25204,5;25204,75;-0,25;-0,000991876531209395;87,0;126,0;0,6904761904761905;11;87,0;77,0;32,0;29,0;1,0;0,6111111111111112
2025-10-09 17:34:50.520;p_shape;25207,75;25207,25;0,5;0,0019835563181227625;159,0;100,0;1,59;17;58,0;75,0;15,0;23,0;0,36477987421383645;0,75
2025-10-09 17:34:50.528;p_shape;25208,25;25207,75;0,5;0,0019835169739465044;166,0;100,0;1,66;18;58,0;75,0;15,0;23,0;0,3493975903614458;0,75
2025-10-09 17:34:50.560;p_shape;25208,75;25208,25;0,5;0,0019834776313310126;170,0;98,0;1,7346938775510203;19;73,0;75,0;15,0;23,0;0,4294117647058823;0,7653061224489796
2025-10-09 17:34:50.752;p_shape;25209,0;25208,75;0,25;0,000991719145138097;171,0;96,0;1,78125;20;73,0;75,0;15,0;23,0;0,4269005847953216;0,78125
2025-10-09 17:34:50.760;p_shape;25209,5;25209,0;0,5;0,0019834186203340075;172,0;98,0;1,7551020408163265;22;88,0;77,0;15,0;23,0;0,5116279069767442;0,7857142857142857
2025-10-09 17:34:51.012;p_shape;25209,0;25208,75;0,25;0,000991719145138097;180,0;88,0;2,0454545454545454;22;86,0;81,0;15,0;23,0;0,4777777777777778;0,9204545454545454
2025-10-09 17:34:51.160;p_shape;25209,25;25209,0;0,25;0,0009917093101670037;179,0;89,0;2,0112359550561796;22;85,0;83,0;15,0;23,0;0,4748603351955307;0,9325842696629213
2025-10-09 17:34:51.272;p_shape;25209,25;25209,0;0,25;0,0009917093101670037;176,0;93,0;1,89247311827957;21;125,0;87,0;43,0;23,0;0,7102272727272727;0,9354838709677419
2025-10-09 17:34:51.312;p_shape;25209,5;25209,25;0,25;0,0009916994753909774;176,0;94,0;1,872340425531915;21;125,0;88,0;43,0;23,0;0,7102272727272727;0,9361702127659575
2025-10-09 17:34:51.468;p_shape;25209,0;25208,75;0,25;0,000991719145138097;175,0;102,0;1,7156862745098038;21;124,0;97,0;43,0;23,0;0,7085714285714285;0,9509803921568627
2025-10-09 17:34:51.840;p_shape;25209,0;25208,5;0,5;0,0019834579606085247;171,0;103,0;1,6601941747572815;20;138,0;94,0;43,0;23,0;0,8070175438596491;0,912621359223301
2025-10-09 17:34:52.228;p_shape;25208,75;25208,25;0,5;0,0019834776313310126;160,0;110,0;1,4545454545454546;18;128,0;79,0;43,0;20,0;0,8;0,7181818181818181
2025-10-09 17:34:58.324;p_shape;25211,0;25209,5;1,5;0,005950137844860072;75,0;148,0;0,5067567567567568;15;63,0;129,0;16,0;38,0;0,84;0,8716216216216216
2025-10-09 17:34:58.340;p_shape;25210,75;25210,5;0,25;0,0009916503044366434;75,0;151,0;0,4966887417218543;15;63,0;132,0;16,0;38,0;0,84;0,8741721854304636
2025-10-09 17:34:59.360;p_shape;25210,25;25210,0;0,25;0,0009916699722332407;55,0;142,0;0,3873239436619718;14;49,0;123,0;11,0;40,0;0,8909090909090909;0,8661971830985915
2025-10-09 17:34:59.440;p_shape;25210,5;25210,25;0,25;0,0009916601382374231;55,0;142,0;0,3873239436619718;14;49,0;123,0;11,0;40,0;0,8909090909090909;0,8661971830985915
2025-10-09 17:34:59.848;p_shape;25210,25;25209,75;0,5;0,0019833596128482037;27,0;127,0;0,2125984251968504;14;16,0;108,0;8,0;25,0;0,5925925925925926;0,8503937007874016
2025-10-09 17:34:59.868;p_shape;25210,5;25210,25;0,25;0,0009916601382374231;27,0;126,0;0,21428571428571427;14;16,0;107,0;8,0;23,0;0,5925925925925926;0,8492063492063492
2025-10-09 17:35:00.416;p_shape;25210,25;25209,75;0,5;0,0019833596128482037;29,0;132,0;0,2196969696969697;13;16,0;120,0;8,0;31,0;0,5517241379310345;0,9090909090909091
2025-10-09 17:35:00.428;p_shape;25210,75;25210,25;0,5;0,0019833202764748463;29,0;138,0;0,21014492753623187;13;16,0;126,0;8,0;31,0;0,5517241379310345;0,9130434782608695
2025-10-09 17:35:10.776;d_shape;25204,25;25204,75;-0,5;-0,00198375306241879;45,0;117,0;0,38461538461538464;19;45,0;41,0;22,0;8,0;1,0;0,3504273504273504
2025-10-09 17:35:10.952;d_shape;25204,5;25204,75;-0,25;-0,000991876531209395;45,0;122,0;0,36885245901639346;18;45,0;40,0;22,0;8,0;1,0;0,32786885245901637
2025-10-09 17:35:11.056;d_shape;25204,0;25204,5;-0,5;-0,0019837727389950205;45,0;120,0;0,375;17;45,0;38,0;22,0;8,0;1,0;0,31666666666666665
2025-10-09 17:35:11.060;d_shape;25203,75;25204,0;-0,25;-0,0009919060466592603;45,0;121,0;0,371900826446281;17;45,0;38,0;22,0;8,0;1,0;0,3140495867768595
2025-10-09 17:35:11.064;d_shape;25203,25;25203,75;-0,5;-0,0019838317710658133;45,0;123,0;0,36585365853658536;19;45,0;43,0;22,0;8,0;1,0;0,34959349593495936
2025-10-09 17:35:11.084;d_shape;25202,75;25203,25;-0,5;-0,0019838711277315427;45,0;134,0;0,3358208955223881;21;45,0;53,0;22,0;10,0;1,0;0,39552238805970147
2025-10-09 17:35:11.092;d_shape;25202,25;25202,75;-0,5;-0,0019839104859588736;45,0;138,0;0,32608695652173914;23;45,0;82,0;22,0;29,0;1,0;0,5942028985507246
2025-10-09 17:35:11.316;d_shape;25202,25;25202,75;-0,5;-0,0019839104859588736;45,0;135,0;0,3333333333333333;20;41,0;80,0;22,0;29,0;0,9111111111111111;0,5925925925925926
2025-10-09 17:35:11.388;d_shape;25201,75;25202,5;-0,75;-0,002975895248487253;45,0;143,0;0,3146853146853147;21;34,0;98,0;22,0;29,0;0,7555555555555555;0,6853146853146853
2025-10-09 17:35:11.396;d_shape;25201,75;25202,0;-0,25;-0,0009919847631140385;45,0;148,0;0,30405405405405406;21;34,0;98,0;22,0;29,0;0,7555555555555555;0,6621621621621622
2025-10-09 17:35:13.892;d_shape;25200,25;25200,5;-0,25;-0,00099204380865459;50,0;255,0;0,19607843137254902;24;36,0;48,0;20,0;15,0;0,72;0,18823529411764706
2025-10-09 17:35:13.900;d_shape;25199,75;25200,25;-0,5;-0,001984107300522812;50,0;257,0;0,19455252918287938;24;36,0;48,0;20,0;15,0;0,72;0,1867704280155642
2025-10-09 17:35:13.964;d_shape;25199,75;25200,0;-0,25;-0,000992063492063492;49,0;257,0;0,19066147859922178;24;36,0;46,0;20,0;13,0;0,7346938775510204;0,17898832684824903
2025-10-09 17:35:13.976;d_shape;25199,5;25199,75;-0,25;-0,0009920733340608538;52,0;257,0;0,20233463035019456;25;39,0;53,0;20,0;13,0;0,75;0,20622568093385213
2025-10-09 17:35:14.032;d_shape;25200,0;25200,25;-0,25;-0,000992053650261406;47,0;262,0;0,17938931297709923;25;39,0;53,0;20,0;13,0;0,8297872340425532;0,20229007633587787
2025-10-09 17:35:14.084;d_shape;25200,0;25200,25;-0,25;-0,000992053650261406;46,0;264,0;0,17424242424242425;25;39,0;53,0;20,0;13,0;0,8478260869565217;0,20075757575757575
2025-10-09 17:35:14.096;d_shape;25199,5;25200,0;-0,5;-0,001984126984126984;50,0;269,0;0,18587360594795538;25;43,0;52,0;20,0;12,0;0,86;0,19330855018587362
2025-10-09 17:35:14.108;d_shape;25199,0;25199,5;-0,5;-0,0019841663525069944;62,0;269,0;0,23048327137546468;27;55,0;63,0;20,0;12,0;0,8870967741935484;0,2342007434944238
2025-10-09 17:35:14.116;d_shape;25198,5;25199,0;-0,5;-0,0019842057224493037;69,0;269,0;0,25650557620817843;29;62,0;89,0;20,0;26,0;0,8985507246376812;0,3308550185873606
2025-10-09 17:35:14.128;d_shape;25198,5;25198,75;-0,25;-0,0009921127040031746;79,0;269,0;0,2936802973977695;29;72,0;89,0;20,0;26,0;0,9113924050632911;0,3308550185873606
2025-10-09 17:35:14.160;d_shape;25198,75;25199,0;-0,25;-0,0009921028612246518;89,0;269,0;0,3308550185873606;29;82,0;89,0;20,0;26,0;0,9213483146067416;0,3308550185873606
2025-10-09 17:35:14.252;d_shape;25199,0;25199,5;-0,5;-0,0019841663525069944;103,0;269,0;0,3828996282527881;29;96,0;89,0;20,0;26,0;0,9320388349514563;0,3308550185873606
2025-10-09 17:35:14.348;d_shape;25198,75;25199,25;-0,5;-0,001984186037282856;114,0;268,0;0,4253731343283582;29;107,0;88,0;20,0;26,0;0,9385964912280702;0,3283582089552239
2025-10-09 17:35:14.360;d_shape;25198,5;25198,75;-0,25;-0,0009921127040031746;117,0;267,0;0,43820224719101125;29;110,0;87,0;20,0;26,0;0,9401709401709402;0,3258426966292135
2025-10-09 17:35:14.376;d_shape;25198,25;25198,5;-0,25;-0,0009921225469770025;119,0;267,0;0,44569288389513106;30;112,0;87,0;20,0;26,0;0,9411764705882353;0,3258426966292135
2025-10-09 17:35:14.400;d_shape;25198,25;25198,5;-0,25;-0,0009921225469770025;122,0;267,0;0,45692883895131087;30;115,0;87,0;20,0;26,0;0,9426229508196722;0,3258426966292135
2025-10-09 17:35:14.404;d_shape;25198,0;25198,25;-0,25;-0,000992132390146141;128,0;267,0;0,4794007490636704;31;121,0;118,0;20,0;31,0;0,9453125;0,4419475655430712
2025-10-09 17:35:14.408;d_shape;25197,75;25198,0;-0,25;-0,0009921422335105962;135,0;267,0;0,5056179775280899;32;128,0;118,0;20,0;31,0;0,9481481481481482;0,4419475655430712
2025-10-09 17:35:14.532;d_shape;25197,75;25198,0;-0,25;-0,0009921422335105962;142,0;267,0;0,5318352059925093;32;135,0;118,0;20,0;31,0;0,9507042253521126;0,4419475655430712
2025-10-09 17:35:14.756;d_shape;25198,75;25199,25;-0,5;-0,001984186037282856;150,0;262,0;0,5725190839694656;31;143,0;121,0;21,0;31,0;0,9533333333333334;0,4618320610687023
2025-10-09 17:35:17.664;p_shape;25201,5;25201,25;0,25;0,0009920142850057042;147,0;220,0;0,6681818181818182;19;126,0;208,0;21,0;67,0;0,8571428571428571;0,9454545454545454
2025-10-09 17:35:17.680;p_shape;25202,0;25201,5;0,5;0,00198400888835982;150,0;218,0;0,6880733944954128;19;126,0;206,0;21,0;67,0;0,84;0,944954128440367
2025-10-09 17:35:28.008;p_shape;25202,25;25202,0;0,25;0,0009919847631140385;53,0;81,0;0,654320987654321;11;45,0;73,0;14,0;21,0;0,8490566037735849;0,9012345679012346
2025-10-09 17:35:28.100;p_shape;25202,5;25202,0;0,5;0,001983969526228077;59,0;80,0;0,7375;12;45,0;69,0;14,0;21,0;0,7627118644067796;0,8625
2025-10-09 17:35:28.556;p_shape;25202,25;25202,0;0,25;0,0009919847631140385;68,0;74,0;0,918918918918919;12;45,0;63,0;14,0;21,0;0,6617647058823529;0,8513513513513513
2025-10-09 17:35:53.636;d_shape;25203,0;25203,5;-0,5;-0,001983851449203484;96,0;110,0;0,8727272727272727;31;87,0;56,0;22,0;16,0;0,90625;0,509090909090909
2025-10-09 17:35:53.676;d_shape;25203,0;25203,5;-0,5;-0,001983851449203484;97,0;113,0;0,8584070796460177;31;88,0;56,0;23,0;16,0;0,9072164948453608;0,49557522123893805
2025-10-09 17:35:53.828;d_shape;25203,25;25203,5;-0,25;-0,000991925724601742;101,0;114,0;0,8859649122807017;31;92,0;55,0;25,0;16,0;0,9108910891089109;0,4824561403508772
2025-10-09 17:35:53.856;d_shape;25203,0;25203,25;-0,25;-0,0009919355638657713;102,0;114,0;0,8947368421052632;31;93,0;55,0;25,0;16,0;0,9117647058823529;0,4824561403508772
2025-10-09 17:35:53.900;d_shape;25203,25;25203,5;-0,25;-0,000991925724601742;102,0;115,0;0,8869565217391304;30;94,0;55,0;26,0;16,0;0,9215686274509803;0,4782608695652174
2025-10-09 17:35:54.692;d_shape;25204,0;25204,5;-0,5;-0,0019837727389950205;105,0;114,0;0,9210526315789473;28;101,0;64,0;28,0;16,0;0,9619047619047619;0,5614035087719298
2025-10-09 17:35:55.012;d_shape;25203,75;25204,5;-0,75;-0,002975659108492531;127,0;109,0;1,165137614678899;26;107,0;60,0;28,0;16,0;0,84251968503937;0,5504587155963303
2025-10-09 17:36:16.284;p_shape;25215,25;25215,0;0,25;0,00099147332936744;67,0;91,0;0,7362637362637363;15;29,0;91,0;13,0;20,0;0,43283582089552236;1,0
2025-10-09 17:36:16.400;p_shape;25216,0;25215,25;0,75;0,002974390497813823;61,0;95,0;0,6421052631578947;14;27,0;74,0;13,0;20,0;0,4426229508196721;0,7789473684210526
2025-10-09 17:36:56.864;p_shape;25218,25;25218,0;0,25;0,0009913553810770085;74,0;81,0;0,9135802469135802;19;51,0;67,0;11,0;23,0;0,6891891891891891;0,8271604938271605
2025-10-09 17:36:58.056;p_shape;25218,25;25217,75;0,5;0,0019827304180587086;90,0;77,0;1,1688311688311688;18;49,0;72,0;12,0;23,0;0,5444444444444444;0,935064935064935
2025-10-09 17:36:58.992;p_shape;25218,5;25217,75;0,75;0,002974095627088063;104,0;75,0;1,3866666666666667;18;41,0;74,0;12,0;23,0;0,3942307692307692;0,9866666666666667
2025-10-09 17:36:59.192;p_shape;25218,5;25218,25;0,25;0,0009913455533195204;104,0;80,0;1,3;18;41,0;79,0;12,0;27,0;0,3942307692307692;0,9875
2025-10-09 17:36:59.856;p_shape;25218,5;25218,25;0,25;0,0009913455533195204;98,0;85,0;1,1529411764705881;16;41,0;84,0;12,0;31,0;0,41836734693877553;0,9882352941176471
2025-10-09 17:37:00.016;p_shape;25218,75;25218,5;0,25;0,0009913357257568848;88,0;88,0;1,0;15;48,0;88,0;17,0;31,0;0,5454545454545454;1,0
2025-10-09 17:37:05.584;p_shape;25221,25;25220,75;0,5;0,001982494572921107;122,0;61,0;2,0;19;55,0;43,0;19,0;23,0;0,45081967213114754;0,7049180327868853
2025-10-09 17:37:05.604;p_shape;25221,5;25221,25;0,25;0,0009912276354264757;122,0;67,0;1,8208955223880596;20;55,0;50,0;19,0;26,0;0,45081967213114754;0,746268656716418
2025-10-09 17:37:05.924;p_shape;25221,25;25221,0;0,25;0,0009912374608461202;126,0;64,0;1,96875;20;54,0;53,0;18,0;27,0;0,42857142857142855;0,828125
2025-10-09 17:37:05.936;p_shape;25221,5;25221,25;0,25;0,0009912276354264757;126,0;68,0;1,8529411764705883;20;54,0;57,0;18,0;28,0;0,42857142857142855;0,8382352941176471
2025-10-09 17:37:06.056;p_shape;25221,5;25221,25;0,25;0,0009912276354264757;126,0;77,0;1,6363636363636365;20;54,0;66,0;18,0;36,0;0,42857142857142855;0,8571428571428571
2025-10-09 17:37:06.168;p_shape;25221,5;25221,25;0,25;0,0009912276354264757;126,0;70,0;1,8;19;70,0;70,0;18,0;37,0;0,5555555555555556;1,0
2025-10-09 17:37:06.260;p_shape;25222,0;25221,5;0,5;0,0019824356204032278;126,0;84,0;1,5;21;73,0;84,0;18,0;37,0;0,5793650793650794;1,0
2025-10-09 17:37:06.616;p_shape;25221,0;25220,75;0,25;0,0009912472864605534;119,0;89,0;1,3370786516853932;18;57,0;89,0;16,0;42,0;0,4789915966386555;1,0
2025-10-09 17:37:06.648;p_shape;25221,0;25220,75;0,25;0,0009912472864605534;122,0;89,0;1,3707865168539326;18;57,0;89,0;16,0;42,0;0,4672131147540984;1,0
2025-10-09 17:37:06.752;p_shape;25221,25;25221,0;0,25;0,0009912374608461202;123,0;91,0;1,3516483516483517;18;57,0;91,0;16,0;44,0;0,4634146341463415;1,0
2025-10-09 17:37:06.904;p_shape;25221,5;25221,25;0,25;0,0009912276354264757;115,0;95,0;1,2105263157894737;18;49,0;95,0;16,0;46,0;0,4260869565217391;1,0
2025-10-09 17:37:07.120;p_shape;25221,25;25220,75;0,5;0,001982494572921107;115,0;96,0;1,1979166666666667;17;53,0;96,0;16,0;47,0;0,4608695652173913;1,0
2025-10-09 17:37:07.660;p_shape;25221,25;25220,75;0,5;0,001982494572921107;99,0;98,0;1,010204081632653;13;46,0;98,0;15,0;49,0;0,46464646464646464;1,0
2025-10-09 17:37:07.692;p_shape;25221,5;25221,25;0,25;0,0009912276354264757;98,0;99,0;0,98989898989899;13;45,0;99,0;15,0;49,0;0,45918367346938777;1,0
2025-10-09 17:37:07.868;p_shape;25221,5;25221,25;0,25;0,0009912276354264757;88,0;106,0;0,8301886792452831;11;66,0;106,0;31,0;53,0;0,75;1,0
2025-10-09 17:37:12.056;p_shape;25222,5;25222,25;0,25;0,0009911883356956655;75,0;95,0;0,7894736842105263;13;59,0;70,0;14,0;30,0;0,7866666666666666;0,7368421052631579
2025-10-09 17:37:12.076;p_shape;25222,75;25222,5;0,25;0,000991178511249876;79,0;95,0;0,8315789473684211;13;59,0;70,0;14,0;30,0;0,7468354430379747;0,7368421052631579
2025-10-09 17:37:12.180;p_shape;25223,0;25222,25;0,75;0,002973565007086997;100,0;94,0;1,0638297872340425;13;59,0;70,0;14,0;30,0;0,59;0,7446808510638298
2025-10-09 17:37:12.504;p_shape;25223,0;25222,75;0,25;0,0009911686869988404;104,0;93,0;1,118279569892473;13;58,0;70,0;14,0;30,0;0,5576923076923077;0,7526881720430108
2025-10-09 17:37:12.824;p_shape;25223,75;25222,75;1,0;0,0039646747479953615;100,0;100,0;1,0;15;51,0;81,0;14,0;30,0;0,51;0,81
2025-10-09 17:37:12.984;p_shape;25223,5;25223,25;0,25;0,0009911490390810066;100,0;104,0;0,9615384615384616;15;51,0;87,0;14,0;30,0;0,51;0,8365384615384616
2025-10-09 17:37:13.084;p_shape;25223,75;25223,5;0,25;0,0009911392154141972;100,0;105,0;0,9523809523809523;15;51,0;89,0;14,0;30,0;0,51;0,8476190476190476
2025-10-09 17:37:13.476;p_shape;25223,75;25223,25;0,5;0,0019822980781620133;100,0;104,0;0,9615384615384616;15;51,0;94,0;14,0;30,0;0,51;0,9038461538461539
2025-10-09 17:37:13.516;p_shape;25223,75;25223,5;0,25;0,0009911392154141972;100,0;107,0;0,9345794392523364;15;51,0;97,0;14,0;30,0;0,51;0,9065420560747663
2025-10-09 17:37:13.856;p_shape;25223,5;25223,0;0,5;0,001982317725885105;104,0;135,0;0,7703703703703704;16;51,0;101,0;14,0;31,0;0,49038461538461536;0,7481481481481481
2025-10-09 17:37:14.016;p_shape;25223,5;25223,0;0,5;0,001982317725885105;105,0;135,0;0,7777777777777778;16;51,0;102,0;14,0;31,0;0,4857142857142857;0,7555555555555555
2025-10-09 17:37:14.108;p_shape;25223,75;25223,5;0,25;0,0009911392154141972;100,0;136,0;0,7352941176470589;16;46,0;103,0;14,0;32,0;0,46;0,7573529411764706
2025-10-09 17:37:14.908;p_shape;25223,5;25223,0;0,5;0,001982317725885105;90,0;132,0;0,6818181818181818;12;40,0;98,0;14,0;35,0;0,4444444444444444;0,7424242424242424
2025-10-09 17:37:15.104;p_shape;25223,5;25223,0;0,5;0,001982317725885105;93,0;133,0;0,6992481203007519;12;39,0;99,0;14,0;35,0;0,41935483870967744;0,7443609022556391
2025-10-09 17:37:15.164;p_shape;25223,75;25223,5;0,25;0,0009911392154141972;94,0;133,0;0,706766917293233;12;39,0;99,0;14,0;35,0;0,4148936170212766;0,7443609022556391
2025-10-09 17:37:15.176;p_shape;25224,0;25223,75;0,25;0,0009911293919421182;94,0;135,0;0,6962962962962963;12;39,0;101,0;14,0;35,0;0,4148936170212766;0,7481481481481481
2025-10-09 17:37:15.212;p_shape;25224,25;25224,0;0,25;0,0009911195686647637;94,0;136,0;0,6911764705882353;13;56,0;102,0;17,0;35,0;0,5957446808510638;0,75
2025-10-09 17:37:15.244;p_shape;25224,5;25224,25;0,25;0,0009911097455821284;94,0;146,0;0,6438356164383562;14;56,0;109,0;17,0;35,0;0,5957446808510638;0,7465753424657534
2025-10-09 17:37:15.780;p_shape;25224,0;25223,75;0,25;0,0009911293919421182;87,0;148,0;0,5878378378378378;14;47,0;111,0;17,0;35,0;0,5402298850574713;0,75
2025-10-09 17:37:15.872;p_shape;25224,0;25223,75;0,25;0,0009911293919421182;82,0;149,0;0,5503355704697986;14;43,0;112,0;14,0;35,0;0,524390243902439;0,7516778523489933
2025-10-09 17:37:16.456;p_shape;25224,25;25224,0;0,25;0,0009911195686647637;72,0;107,0;0,6728971962616822;14;36,0;105,0;13,0;35,0;0,5;0,9813084112149533
2025-10-09 17:37:16.748;p_shape;25224,0;25223,5;0,5;0,0019822784308283943;63,0;129,0;0,4883720930232558;11;56,0;127,0;31,0;37,0;0,8888888888888888;0,9844961240310077
2025-10-09 17:37:17.060;p_shape;25224,25;25223,75;0,5;0,0019822587838842364;62,0;129,0;0,4806201550387597;10;55,0;107,0;31,0;38,0;0,8870967741935484;0,8294573643410853
2025-10-09 17:37:56.020;d_shape;25223,75;25224,0;-0,25;-0,0009911195686647637;61,0;47,0;1,297872340425532;10;61,0;24,0;21,0;10,0;1,0;0,5106382978723404
2025-10-09 17:37:56.244;d_shape;25223,75;25224,0;-0,25;-0,0009911195686647637;69,0;45,0;1,5333333333333334;10;69,0;22,0;27,0;10,0;1,0;0,4888888888888889
2025-10-09 17:37:56.588;d_shape;25224,0;25224,25;-0,25;-0,0009911097455821284;74,0;45,0;1,6444444444444444;10;74,0;22,0;29,0;10,0;1,0;0,4888888888888889
2025-10-09 17:38:29.308;p_shape;25234,0;25233,5;0,5;0,0019814928567182515;201,0;94,0;2,1382978723404253;27;103,0;94,0;18,0;21,0;0,5124378109452736;1,0
2025-10-09 17:38:29.440;p_shape;25233,75;25233,5;0,25;0,0009907464283591258;192,0;99,0;1,9393939393939394;27;88,0;99,0;18,0;21,0;0,4583333333333333;1,0
2025-10-09 17:38:29.596;p_shape;25233,25;25232,75;0,5;0,0019815517531779135;210,0;112,0;1,875;25;101,0;106,0;18,0;28,0;0,48095238095238096;0,9464285714285714
2025-10-09 17:38:29.768;p_shape;25233,5;25233,0;0,5;0,0019815321206356758;210,0;112,0;1,875;21;121,0;84,0;22,0;28,0;0,5761904761904761;0,75
2025-10-09 17:38:29.804;p_shape;25234,0;25233,5;0,5;0,0019814928567182515;209,0;113,0;1,8495575221238938;21;120,0;85,0;22,0;29,0;0,5741626794258373;0,7522123893805309
2025-10-09 17:38:31.244;p_shape;25234,25;25233,5;0,75;0,0029722392850773773;132,0;83,0;1,5903614457831325;12;82,0;63,0;24,0;29,0;0,6212121212121212;0,7590361445783133
2025-10-09 17:38:31.248;p_shape;25234,75;25234,25;0,5;0,001981433963759573;132,0;87,0;1,5172413793103448;12;82,0;67,0;24,0;29,0;0,6212121212121212;0,7701149425287356
2025-10-09 17:38:35.120;p_shape;25235,25;25235,0;0,25;0,0009906875371507827;96,0;91,0;1,054945054945055;13;50,0;76,0;22,0;20,0;0,5208333333333334;0,8351648351648352
2025-10-09 17:38:36.208;d_shape;25233,5;25233,75;-0,25;-0,0009907366126715212;96,0;105,0;0,9142857142857143;10;87,0;73,0;37,0;21,0;0,90625;0,6952380952380952
2025-10-09 17:38:36.312;d_shape;25233,25;25233,5;-0,25;-0,0009907464283591258;95,0;99,0;0,9595959595959596;11;86,0;86,0;37,0;21,0;0,9052631578947369;0,8686868686868687
2025-10-09 17:38:36.672;p_shape;25235,0;25234,25;0,75;0,002972150945639359;100,0;99,0;1,0101010101010102;10;54,0;84,0;22,0;22,0;0,54;0,8484848484848485
2025-10-09 17:40:08.964;d_shape;25222,5;25223,25;-0,75;-0,0029734471172430197;43,0;64,0;0,671875;11;35,0;45,0;27,0;18,0;0,813953488372093;0,703125
2025-10-09 17:40:08.984;d_shape;25222,25;25222,5;-0,25;-0,000991178511249876;43,0;69,0;0,6231884057971014;12;34,0;45,0;27,0;18,0;0,7906976744186046;0,6521739130434783
2025-10-09 17:40:09.012;d_shape;25221,75;25222,0;-0,25;-0,0009911981603362143;60,0;81,0;0,7407407407407407;15;44,0;60,0;27,0;18,0;0,7333333333333333;0,7407407407407407
2025-10-09 17:40:12.056;d_shape;25221,75;25222,25;-0,5;-0,001982376671391331;55,0;114,0;0,4824561403508772;16;55,0;43,0;23,0;18,0;1,0;0,37719298245614036
2025-10-09 17:40:12.132;d_shape;25221,0;25221,75;-0,75;-0,0029736239555145857;55,0;117,0;0,4700854700854701;18;55,0;49,0;23,0;18,0;1,0;0,4188034188034188
2025-10-09 17:40:12.136;d_shape;25220,5;25221,0;-0,5;-0,0019824749216922405;55,0;122,0;0,45081967213114754;20;55,0;54,0;23,0;18,0;1,0;0,4426229508196721
2025-10-09 17:40:12.152;d_shape;25219,75;25220,75;-1,0;-0,003964989145842214;66,0;125,0;0,528;21;56,0;104,0;23,0;23,0;0,8484848484848485;0,832
2025-10-09 17:40:12.452;d_shape;25221,0;25221,5;-0,5;-0,0019824356204032278;67,0;143,0;0,46853146853146854;21;57,0;104,0;23,0;23,0;0,8507462686567164;0,7272727272727273
2025-10-09 17:40:12.476;d_shape;25220,75;25221,0;-0,25;-0,0009912374608461202;67,0;145,0;0,46206896551724136;21;57,0;104,0;23,0;23,0;0,8507462686567164;0,7172413793103448
2025-10-09 17:40:12.992;d_shape;25220,5;25221,0;-0,5;-0,0019824749216922405;67,0;141,0;0,475177304964539;19;52,0;105,0;23,0;23,0;0,7761194029850746;0,7446808510638298
2025-10-09 17:41:16.872;d_shape;25211,0;25211,25;-0,25;-0,0009916208042044722;55,0;54,0;1,0185185185185186;10;42,0;46,0;22,0;15,0;0,7636363636363637;0,8518518518518519
2025-10-09 17:42:09.692;p_shape;25218,25;25216,75;1,5;0,005948427136724598;18,0;87,0;0,20689655172413793;11;13,0;76,0;6,0;54,0;0,7222222222222222;0,8735632183908046
2025-10-09 17:42:09.700;p_shape;25218,5;25218,25;0,25;0,0009913455533195204;18,0;93,0;0,1935483870967742;12;13,0;76,0;6,0;54,0;0,7222222222222222;0,8172043010752689
2025-10-09 17:42:09.708;p_shape;25218,75;25218,5;0,25;0,0009913357257568848;17,0;96,0;0,17708333333333334;12;16,0;69,0;6,0;54,0;0,9411764705882353;0,71875
2025-10-09 17:42:36.348;d_shape;25209,75;25210,0;-0,25;-0,0009916699722332407;58,0;95,0;0,6105263157894737;26;54,0;58,0;31,0;22,0;0,9310344827586207;0,6105263157894737
2025-10-09 17:42:36.376;d_shape;25210,5;25210,75;-0,25;-0,0009916404708308956;73,0;100,0;0,73;26;69,0;58,0;43,0;22,0;0,9452054794520548;0,58
2025-10-09 17:42:36.420;d_shape;25210,5;25210,75;-0,25;-0,0009916404708308956;73,0;103,0;0,7087378640776699;26;69,0;58,0;43,0;22,0;0,9452054794520548;0,5631067961165048
2025-10-09 17:42:36.444;d_shape;25210,25;25210,5;-0,25;-0,0009916503044366434;74,0;103,0;0,7184466019417476;26;70,0;58,0;43,0;22,0;0,9459459459459459;0,5631067961165048
2025-10-09 17:42:36.460;d_shape;25210,0;25210,25;-0,25;-0,0009916601382374231;75,0;103,0;0,7281553398058253;26;71,0;58,0;44,0;22,0;0,9466666666666667;0,5631067961165048
2025-10-09 17:42:36.880;d_shape;25210,25;25210,75;-0,5;-0,001983280941661791;82,0;109,0;0,7522935779816514;26;78,0;58,0;49,0;22,0;0,9512195121951219;0,5321100917431193
2025-10-09 17:42:37.156;d_shape;25210,75;25211,0;-0,25;-0,0009916306374201738;84,0;112,0;0,75;27;80,0;64,0;49,0;22,0;0,9523809523809523;0,5714285714285714
2025-10-09 17:42:37.160;d_shape;25210,5;25210,75;-0,25;-0,0009916404708308956;85,0;112,0;0,7589285714285714;27;81,0;64,0;49,0;22,0;0,9529411764705882;0,5714285714285714
2025-10-09 17:42:37.236;d_shape;25210,0;25210,5;-0,5;-0,0019833006088732868;89,0;112,0;0,7946428571428571;27;85,0;64,0;53,0;22,0;0,9550561797752809;0,5714285714285714
2025-10-09 17:42:37.528;d_shape;25210,5;25210,75;-0,25;-0,0009916404708308956;97,0;112,0;0,8660714285714286;27;93,0;63,0;55,0;22,0;0,9587628865979382;0,5625
2025-10-09 17:42:37.728;d_shape;25210,25;25210,5;-0,25;-0,0009916503044366434;98,0;110,0;0,8909090909090909;27;94,0;61,0;55,0;22,0;0,9591836734693877;0,5545454545454546
2025-10-09 17:42:38.184;d_shape;25210,5;25210,75;-0,25;-0,0009916404708308956;102,0;108,0;0,9444444444444444;27;98,0;59,0;55,0;22,0;0,9607843137254902;0,5462962962962963
2025-10-09 17:42:39.272;d_shape;25211,0;25211,25;-0,25;-0,0009916208042044722;120,0;92,0;1,3043478260869565;21;120,0;46,0;55,0;12,0;1,0;0,5
2025-10-09 17:42:41.048;p_shape;25211,5;25211,25;0,25;0,0009916208042044722;120,0;74,0;1,6216216216216217;11;94,0;66,0;55,0;21,0;0,7833333333333333;0,8918918918918919
2025-10-09 17:42:41.060;p_shape;25211,75;25211,5;0,25;0,0009916109711837853;120,0;76,0;1,5789473684210527;11;94,0;68,0;55,0;23,0;0,7833333333333333;0,8947368421052632
2025-10-09 17:46:07.336;d_shape;25219,0;25219,75;-0,75;-0,002973859772598856;54,0;116,0;0,46551724137931033;13;46,0;74,0;21,0;39,0;0,8518518518518519;0,6379310344827587
2025-10-09 17:46:08.192;d_shape;25219,0;25219,25;-0,25;-0,0009913062442380325;50,0;78,0;0,6410256410256411;13;42,0;52,0;21,0;31,0;0,84;0,6666666666666666
2025-10-09 17:46:08.396;d_shape;25219,0;25219,5;-0,5;-0,0019825928349094944;44,0;84,0;0,5238095238095238;12;36,0;21,0;21,0;9,0;0,8181818181818182;0,25
2025-10-09 17:46:32.936;p_shape;25223,5;25223,0;0,5;0,001982317725885105;27,0;85,0;0,3176470588235294;16;19,0;63,0;6,0;25,0;0,7037037037037037;0,7411764705882353
2025-10-09 17:46:33.584;p_shape;25223,5;25223,0;0,5;0,001982317725885105;38,0;79,0;0,4810126582278481;16;19,0;67,0;5,0;29,0;0,5;0,8481012658227848
2025-10-09 17:46:33.868;p_shape;25223,75;25223,25;0,5;0,0019822980781620133;38,0;80,0;0,475;16;19,0;69,0;5,0;29,0;0,5;0,8625
2025-10-09 17:46:34.680;p_shape;25223,5;25222,25;1,25;0,0049559416784783275;53,0;80,0;0,6625;15;39,0;75,0;16,0;32,0;0,7358490566037735;0,9375
2025-10-09 17:47:01.676;d_shape;25229,0;25229,5;-0,5;-0,001981807011633207;90,0;104,0;0,8653846153846154;12;76,0;62,0;23,0;18,0;0,8444444444444444;0,5961538461538461
2025-10-09 17:47:01.684;d_shape;25228,75;25229,0;-0,25;-0,0009909231440009512;91,0;104,0;0,875;12;77,0;62,0;23,0;18,0;0,8461538461538461;0,5961538461538461
2025-10-09 17:47:01.700;d_shape;25228,5;25228,75;-0,25;-0,000990932963385027;93,0;104,0;0,8942307692307693;12;79,0;62,0;23,0;18,0;0,8494623655913979;0,5961538461538461
2025-10-09 17:47:01.916;d_shape;25228,75;25229,25;-0,5;-0,0019818266496229578;80,0;82,0;0,975609756097561;12;66,0;49,0;21,0;18,0;0,825;0,5975609756097561
2025-10-09 17:47:02.768;d_shape;25228,75;25229,25;-0,5;-0,0019818266496229578;80,0;60,0;1,3333333333333333;12;66,0;47,0;21,0;18,0;0,825;0,7833333333333333
2025-10-09 17:47:02.880;d_shape;25228,5;25228,75;-0,25;-0,000990932963385027;81,0;58,0;1,396551724137931;12;67,0;47,0;21,0;18,0;0,8271604938271605;0,8103448275862069
2025-10-09 17:47:50.168;p_shape;25224,25;25223,75;0,5;0,0019822587838842364;99,0;96,0;1,03125;17;77,0;84,0;21,0;46,0;0,7777777777777778;0,875
2025-10-09 17:47:50.212;p_shape;25224,25;25223,75;0,5;0,0019822587838842364;121,0;96,0;1,2604166666666667;17;77,0;84,0;21,0;46,0;0,6363636363636364;0,875
2025-10-09 17:47:50.224;p_shape;25224,5;25224,25;0,25;0,0009911097455821284;123,0;96,0;1,28125;17;77,0;84,0;21,0;46,0;0,6260162601626016;0,875
2025-10-09 17:47:50.268;p_shape;25224,5;25224,25;0,25;0,0009911097455821284;128,0;96,0;1,3333333333333333;17;77,0;84,0;21,0;46,0;0,6015625;0,875
2025-10-09 17:47:50.376;p_shape;25224,75;25224,25;0,5;0,0019822194911642567;134,0;95,0;1,4105263157894736;17;77,0;83,0;21,0;46,0;0,5746268656716418;0,8736842105263158
2025-10-09 17:47:50.724;p_shape;25224,75;25224,5;0,25;0,000991099922694206;134,0;93,0;1,4408602150537635;17;77,0;81,0;21,0;46,0;0,5746268656716418;0,8709677419354839
2025-10-09 17:47:50.836;p_shape;25224,5;25224,25;0,25;0,0009911097455821284;142,0;92,0;1,5434782608695652;17;77,0;80,0;21,0;46,0;0,5422535211267606;0,8695652173913043
2025-10-09 17:47:50.948;p_shape;25224,75;25224,5;0,25;0,000991099922694206;142,0;92,0;1,5434782608695652;17;77,0;80,0;21,0;46,0;0,5422535211267606;0,8695652173913043
2025-10-09 17:47:51.044;p_shape;25225,0;25224,75;0,25;0,0009910901000009912;143,0;92,0;1,5543478260869565;17;77,0;80,0;21,0;46,0;0,5384615384615384;0,8695652173913043
2025-10-09 17:48:37.420;p_shape;25232,5;25232,25;0,25;0,00099079550971475;43,0;58,0;0,7413793103448276;17;31,0;43,0;13,0;21,0;0,7209302325581395;0,7413793103448276
2025-10-09 17:48:39.096;p_shape;25232,5;25231,5;1,0;0,0039632998434496565;42,0;63,0;0,6666666666666666;15;35,0;53,0;11,0;23,0;0,8333333333333334;0,8412698412698413
2025-10-09 17:48:39.120;p_shape;25232,75;25232,5;0,25;0,0009907856930545923;42,0;64,0;0,65625;15;35,0;54,0;11,0;23,0;0,8333333333333334;0,84375
2025-10-09 17:48:41.380;p_shape;25232,75;25232,5;0,25;0,0009907856930545923;37,0;66,0;0,5606060606060606;11;22,0;50,0;10,0;23,0;0,5945945945945946;0,7575757575757576
2025-10-09 17:48:41.456;p_shape;25233,0;25232,75;0,25;0,0009907758765889567;39,0;66,0;0,5909090909090909;11;22,0;50,0;10,0;23,0;0,5641025641025641;0,7575757575757576
2025-10-09 17:49:08.700;p_shape;25240,25;25240,0;0,25;0,0009904912836767037;407,0;121,0;3,3636363636363638;35;141,0;95,0;22,0;21,0;0,3464373464373464;0,7851239669421488
2025-10-09 17:49:08.704;p_shape;25240,75;25240,25;0,5;0,0019809629460880935;417,0;121,0;3,446280991735537;37;157,0;95,0;22,0;21,0;0,3764988009592326;0,7851239669421488
2025-10-09 17:49:08.972;p_shape;25242,75;25242,5;0,25;0,0009903931860948797;547,0;154,0;3,551948051948052;51;281,0;108,0;30,0;21,0;0,5137111517367459;0,7012987012987013
2025-10-09 17:49:09.040;p_shape;25242,75;25242,5;0,25;0,0009903931860948797;549,0;154,0;3,564935064935065;51;281,0;108,0;30,0;21,0;0,51183970856102;0,7012987012987013
2025-10-09 17:49:09.196;p_shape;25242,75;25242,25;0,5;0,0019808059899573136;553,0;154,0;3,590909090909091;51;281,0;108,0;30,0;21,0;0,5081374321880651;0,7012987012987013
2025-10-09 17:49:09.200;p_shape;25243,25;25242,75;0,5;0,001980766754810787;553,0;156,0;3,5448717948717947;51;281,0;110,0;30,0;21,0;0,5081374321880651;0,7051282051282052
2025-10-09 17:49:09.508;p_shape;25243,0;25242,5;0,5;0,0019807863721897595;559,0;184,0;3,0380434782608696;50;279,0;135,0;30,0;21,0;0,4991055456171735;0,7336956521739131
2025-10-09 17:49:09.564;p_shape;25243,0;25242,5;0,5;0,0019807863721897595;564,0;185,0;3,0486486486486486;50;279,0;136,0;30,0;21,0;0,4946808510638298;0,7351351351351352
2025-10-09 17:49:09.628;p_shape;25243,25;25243,0;0,25;0,000990373568910193;564,0;190,0;2,968421052631579;50;279,0;141,0;30,0;23,0;0,4946808510638298;0,7421052631578947
2025-10-09 17:49:09.676;p_shape;25243,0;25242,75;0,25;0,0009903833774053935;564,0;192,0;2,9375;49;295,0;143,0;30,0;23,0;0,5230496453900709;0,7447916666666666
2025-10-09 17:49:09.816;p_shape;25242,5;25242,25;0,25;0,0009904029949786568;570,0;193,0;2,9533678756476682;49;295,0;144,0;30,0;23,0;0,5175438596491229;0,7461139896373057
2025-10-09 17:49:09.928;p_shape;25244,25;25242,0;2,25;0,008913715236510578;585,0;224,0;2,611607142857143;48;288,0;162,0;30,0;32,0;0,49230769230769234;0,7232142857142857
2025-10-09 17:49:09.948;p_shape;25243,0;25242,75;0,25;0,0009903833774053935;587,0;227,0;2,5859030837004404;47;297,0;165,0;30,0;32,0;0,5059625212947189;0,7268722466960352
2025-10-09 17:49:10.108;p_shape;25243,25;25242,75;0,5;0,001980766754810787;598,0;228,0;2,6228070175438596;47;297,0;166,0;30,0;32,0;0,49665551839464883;0,7280701754385965
2025-10-09 17:49:10.120;p_shape;25243,25;25243,0;0,25;0,000990373568910193;605,0;228,0;2,6535087719298245;47;297,0;166,0;30,0;32,0;0,4909090909090909;0,7280701754385965
2025-10-09 17:49:10.164;p_shape;25243,25;25242,75;0,5;0,001980766754810787;619,0;228,0;2,7149122807017543;47;297,0;166,0;30,0;32,0;0,4798061389337641;0,7280701754385965
2025-10-09 17:49:13.824;d_shape;25240,5;25240,75;-0,25;-0,0009904618523617563;244,0;219,0;1,1141552511415524;25;188,0;152,0;29,0;36,0;0,7704918032786885;0,6940639269406392
2025-10-09 17:49:17.496;d_shape;25240,25;25240,5;-0,25;-0,000990471662605733;66,0;81,0;0,8148148148148148;15;65,0;50,0;30,0;10,0;0,9848484848484849;0,6172839506172839
2025-10-09 17:49:40.080;p_shape;25245,25;25244,75;0,5;0,0019806098297665852;107,0;92,0;1,1630434782608696;18;67,0;87,0;17,0;22,0;0,6261682242990654;0,9456521739130435
2025-10-09 17:49:50.188;p_shape;25251,25;25250,5;0,75;0,002970238213104691;345,0;182,0;1,8956043956043955;37;138,0;157,0;19,0;31,0;0,4;0,8626373626373627
2025-10-09 17:50:04.520;p_shape;25250,25;25249,75;0,5;0,001980217625917088;80,0;73,0;1,095890410958904;14;57,0;63,0;14,0;21,0;0,7125;0,863013698630137
2025-10-09 17:50:32.608;d_shape;25252,25;25252,5;-0,25;-0,00099000099000099;63,0;66,0;0,9545454545454546;12;52,0;29,0;22,0;8,0;0,8253968253968254;0,4393939393939394
2025-10-09 17:50:32.696;d_shape;25251,25;25252,25;-1,0;-0,003960043164470493;65,0;66,0;0,9848484848484849;13;54,0;44,0;22,0;15,0;0,8307692307692308;0,6666666666666666
2025-10-09 17:50:36.556;p_shape;25253,25;25253,0;0,25;0,000989981388349899;62,0;50,0;1,24;15;55,0;50,0;11,0;20,0;0,8870967741935484;1,0
2025-10-09 17:50:36.704;p_shape;25253,25;25253,0;0,25;0,000989981388349899;63,0;52,0;1,2115384615384615;15;55,0;52,0;11,0;22,0;0,873015873015873;1,0
2025-10-09 17:50:37.244;p_shape;25253,5;25253,25;0,25;0,0009899715878154297;63,0;55,0;1,1454545454545455;15;55,0;55,0;11,0;24,0;0,873015873015873;1,0
2025-10-09 17:50:37.852;p_shape;25253,0;25252,75;0,25;0,0009899911890784172;61,0;54,0;1,1296296296296295;15;52,0;54,0;11,0;24,0;0,8524590163934426;1,0
2025-10-09 17:50:38.108;p_shape;25253,25;25253,0;0,25;0,000989981388349899;63,0;52,0;1,2115384615384615;15;52,0;52,0;11,0;24,0;0,8253968253968254;1,0
2025-10-09 17:50:38.120;p_shape;25253,5;25253,25;0,25;0,0009899715878154297;66,0;52,0;1,2692307692307692;15;52,0;52,0;11,0;24,0;0,7878787878787878;1,0
2025-10-09 17:50:38.124;p_shape;25253,75;25253,5;0,25;0,0009899617874750035;66,0;53,0;1,2452830188679245;16;52,0;49,0;11,0;24,0;0,7878787878787878;0,9245283018867925
2025-10-09 17:50:39.148;p_shape;25254,0;25253,5;0,5;0,001979923574950007;26,0;50,0;0,52;10;9,0;49,0;3,0;24,0;0,34615384615384615;0,98
2025-10-09 17:50:39.372;p_shape;25254,0;25253,75;0,25;0,0009899519873286145;26,0;52,0;0,5;10;7,0;51,0;2,0;24,0;0,2692307692307692;0,9807692307692307
2025-10-09 17:50:39.384;p_shape;25254,25;25254,0;0,25;0,0009899421873762573;24,0;53,0;0,4528301886792453;10;10,0;39,0;5,0;24,0;0,4166666666666667;0,7358490566037735
2025-10-09 17:51:01.424;p_shape;25254,75;25254,5;0,25;0,0009899225880536141;42,0;119,0;0,35294117647058826;15;32,0;101,0;12,0;23,0;0,7619047619047619;0,8487394957983193
2025-10-09 17:51:01.536;p_shape;25254,75;25254,5;0,25;0,0009899225880536141;46,0;118,0;0,3898305084745763;15;32,0;100,0;12,0;23,0;0,6956521739130435;0,847457627118644
2025-10-09 17:51:01.540;p_shape;25255,0;25254,75;0,25;0,0009899127886833171;49,0;118,0;0,4152542372881356;15;32,0;100,0;12,0;23,0;0,6530612244897959;0,847457627118644
2025-10-09 17:51:01.552;p_shape;25255,25;25255,0;0,25;0,0009899029895070284;49,0;121,0;0,4049586776859504;15;32,0;103,0;12,0;23,0;0,6530612244897959;0,8512396694214877
2025-10-09 17:51:01.560;p_shape;25255,5;25255,25;0,25;0,0009898931905247424;49,0;129,0;0,3798449612403101;15;32,0;111,0;12,0;23,0;0,6530612244897959;0,8604651162790697
2025-10-09 17:51:01.728;p_shape;25255,5;25255,25;0,25;0,0009898931905247424;49,0;131,0;0,37404580152671757;15;32,0;113,0;12,0;23,0;0,6530612244897959;0,8625954198473282
2025-10-09 17:51:02.092;p_shape;25255,5;25255,0;0,5;0,0019798059790140567;50,0;147,0;0,3401360544217687;15;32,0;129,0;12,0;23,0;0,64;0,8775510204081632
2025-10-09 17:51:02.644;p_shape;25255,5;25255,25;0,25;0,0009898931905247424;50,0;137,0;0,36496350364963503;15;32,0;119,0;12,0;23,0;0,64;0,8686131386861314
2025-10-09 17:51:03.264;p_shape;25255,25;25254,75;0,5;0,0019798255773666343;51,0;139,0;0,3669064748201439;15;32,0;121,0;12,0;23,0;0,6274509803921569;0,8705035971223022
2025-10-09 17:51:04.244;p_shape;25255,5;25255,0;0,5;0,0019798059790140567;50,0;147,0;0,3401360544217687;15;32,0;129,0;12,0;28,0;0,64;0,8775510204081632
2025-10-09 17:51:05.180;p_shape;25255,25;25255,0;0,25;0,0009899029895070284;49,0;143,0;0,34265734265734266;15;32,0;125,0;12,0;31,0;0,6530612244897959;0,8741258741258742
2025-10-09 17:51:05.700;p_shape;25255,25;25255,0;0,25;0,0009899029895070284;23,0;72,0;0,3194444444444444;10;7,0;63,0;3,0;31,0;0,30434782608695654;0,875
2025-10-09 17:51:44.116;p_shape;25258,5;25258,0;0,5;0,0019795708290442633;113,0;70,0;1,6142857142857143;18;41,0;53,0;9,0;22,0;0,36283185840707965;0,7571428571428571
2025-10-09 17:51:44.700;p_shape;25257,75;25257,5;0,25;0,0009898050084133426;118,0;76,0;1,5526315789473684;18;40,0;65,0;9,0;22,0;0,3389830508474576;0,8552631578947368
2025-10-09 17:52:01.024;p_shape;25260,0;25259,75;0,25;0,0009897168420115005;57,0;112,0;0,5089285714285714;20;32,0;85,0;11,0;26,0;0,5614035087719298;0,7589285714285714
2025-10-09 17:52:01.212;p_shape;25260,25;25259,75;0,5;0,001979433684023001;61,0;113,0;0,5398230088495575;20;32,0;86,0;11,0;26,0;0,5245901639344263;0,7610619469026548
2025-10-09 17:52:01.568;p_shape;25260,0;25259,5;0,5;0,0019794532750054437;56,0;114,0;0,49122807017543857;20;26,0;87,0;10,0;27,0;0,4642857142857143;0,7631578947368421
2025-10-09 17:52:02.056;p_shape;25260,0;25259,75;0,25;0,0009897168420115005;47,0;111,0;0,42342342342342343;18;25,0;85,0;10,0;30,0;0,5319148936170213;0,7657657657657657
2025-10-09 17:52:02.076;p_shape;25260,25;25260,0;0,25;0,0009897070467141727;47,0;112,0;0,41964285714285715;18;25,0;86,0;10,0;30,0;0,5319148936170213;0,7678571428571429
2025-10-09 17:52:02.672;p_shape;25260,0;25259,5;0,5;0,0019794532750054437;47,0;122,0;0,38524590163934425;18;25,0;99,0;10,0;32,0;0,5319148936170213;0,8114754098360656
2025-10-09 17:52:03.116;p_shape;25259,75;25259,5;0,25;0,0009897266375027219;47,0;126,0;0,373015873015873;18;25,0;103,0;10,0;33,0;0,5319148936170213;0,8174603174603174
2025-10-09 17:52:09.876;p_shape;25261,75;25261,5;0,25;0,0009896482790016428;192,0;75,0;2,56;14;147,0;60,0;89,0;22,0;0,765625;0,8
2025-10-09 17:52:10.488;p_shape;25261,5;25261,25;0,25;0,0009896580731357317;205,0;73,0;2,808219178082192;14;147,0;60,0;89,0;22,0;0,7170731707317073;0,821917808219178
2025-10-09 17:52:11.076;p_shape;25262,0;25261,5;0,5;0,0019792965580032857;206,0;62,0;3,3225806451612905;14;147,0;60,0;89,0;22,0;0,7135922330097088;0,967741935483871
2025-10-09 17:52:11.208;p_shape;25261,75;25261,5;0,25;0,0009896482790016428;207,0;62,0;3,338709677419355;13;148,0;60,0;89,0;22,0;0,714975845410628;0,967741935483871
2025-10-09 17:52:11.988;p_shape;25262,5;25262,25;0,25;0,0009896188977624716;82,0;34,0;2,411764705882353;10;33,0;31,0;15,0;20,0;0,4024390243902439;0,9117647058823529
2025-10-09 17:52:12.684;p_shape;25262,0;25261,75;0,25;0,000989638485061407;78,0;40,0;1,95;10;29,0;39,0;15,0;23,0;0,3717948717948718;0,975
2025-10-09 17:52:12.796;p_shape;25262,0;25261,5;0,5;0,0019792965580032857;77,0;42,0;1,8333333333333333;10;28,0;41,0;15,0;23,0;0,36363636363636365;0,9761904761904762
2025-10-09 17:52:46.336;d_shape;25255,75;25256,0;-0,25;-0,0009898637947418436;40,0;118,0;0,3389830508474576;17;35,0;47,0;24,0;14,0;0,875;0,3983050847457627
2025-10-09 17:52:46.368;d_shape;25255,5;25256,0;-0,5;-0,0019797275894836873;45,0;118,0;0,3813559322033898;17;40,0;47,0;26,0;14,0;0,8888888888888888;0,3983050847457627
2025-10-09 17:52:46.580;d_shape;25256,0;25256,25;-0,25;-0,000989853996535511;51,0;104,0;0,49038461538461536;15;49,0;34,0;31,0;14,0;0,9607843137254902;0,3269230769230769
2025-10-09 17:52:51.716;p_shape;25261,0;25260,5;0,5;0,0019793749134023476;53,0;87,0;0,6091954022988506;18;31,0;85,0;9,0;45,0;0,5849056603773585;0,9770114942528736
2025-10-09 17:52:51.720;p_shape;25261,25;25261,0;0,25;0,000989667867463679;53,0;90,0;0,5888888888888889;18;31,0;88,0;9,0;46,0;0,5849056603773585;0,9777777777777777
2025-10-09 17:52:52.424;p_shape;25260,5;25260,0;0,5;0,0019794140934283454;44,0;109,0;0,4036697247706422;14;30,0;109,0;8,0;46,0;0,6818181818181818;1,0
2025-10-09 17:52:52.436;p_shape;25260,75;25260,5;0,25;0,0009896874567011738;44,0;133,0;0,3308270676691729;14;30,0;133,0;8,0;47,0;0,6818181818181818;1,0
2025-10-09 17:52:52.648;p_shape;25260,5;25260,25;0,25;0,0009896972516107324;33,0;147,0;0,22448979591836735;12;22,0;147,0;7,0;54,0;0,6666666666666666;1,0
2025-10-09 17:52:59.680;d_shape;25258,75;25259,0;-0,25;-0,0009897462290668672;35,0;81,0;0,43209876543209874;10;26,0;25,0;24,0;9,0;0,7428571428571429;0,30864197530864196
2025-10-09 17:52:59.724;d_shape;25258,5;25258,75;-0,25;-0,000989756025139803;30,0;84,0;0,35714285714285715;10;26,0;25,0;24,0;9,0;0,8666666666666667;0,2976190476190476
2025-10-09 17:53:00.008;d_shape;25258,25;25258,5;-0,25;-0,0009897658214066552;28,0;85,0;0,32941176470588235;10;27,0;25,0;24,0;9,0;0,9642857142857143;0,29411764705882354
2025-10-09 17:53:00.292;d_shape;25258,0;25258,25;-0,25;-0,0009897756178674296;30,0;81,0;0,37037037037037035;10;29,0;26,0;24,0;9,0;0,9666666666666667;0,32098765432098764
2025-10-09 17:53:38.320;p_shape;25263,0;25262,5;0,5;0,0019792182088075212;126,0;53,0;2,3773584905660377;18;37,0;49,0;8,0;20,0;0,29365079365079366;0,9245283018867925
2025-10-09 17:53:38.560;p_shape;25263,0;25262,5;0,5;0,0019792182088075212;129,0;53,0;2,4339622641509435;18;37,0;49,0;8,0;20,0;0,2868217054263566;0,9245283018867925
2025-10-09 17:53:38.824;p_shape;25263,25;25263,0;0,25;0,0009895895182678225;129,0;50,0;2,58;18;36,0;49,0;8,0;20,0;0,27906976744186046;0,98
2025-10-09 17:53:38.908;p_shape;25263,5;25263,25;0,25;0,0009895797254905843;130,0;50,0;2,6;18;36,0;49,0;8,0;20,0;0,27692307692307694;0,98
2025-10-09 17:53:51.124;p_shape;25263,75;25263,5;0,25;0,0009895699329071585;30,0;93,0;0,3225806451612903;10;23,0;71,0;9,0;26,0;0,7666666666666667;0,7634408602150538
2025-10-09 17:53:51.260;p_shape;25264,0;25263,5;0,5;0,001979139865814317;31,0;94,0;0,32978723404255317;10;23,0;72,0;9,0;26,0;0,7419354838709677;0,7659574468085106
2025-10-09 17:53:51.524;p_shape;25264,0;25263,75;0,25;0,0009895601405175399;31,0;111,0;0,27927927927927926;10;23,0;89,0;9,0;26,0;0,7419354838709677;0,8018018018018018
2025-10-09 17:53:52.684;p_shape;25264,0;25263,75;0,25;0,0009895601405175399;26,0;109,0;0,23853211009174313;10;17,0;89,0;7,0;23,0;0,6538461538461539;0,8165137614678899
2025-10-09 17:53:53.468;p_shape;25263,75;25263,5;0,25;0,0009895699329071585;32,0;108,0;0,2962962962962963;10;17,0;88,0;7,0;23,0;0,53125;0,8148148148148148
2025-10-09 17:53:53.472;p_shape;25264,0;25263,75;0,25;0,0009895601405175399;32,0;109,0;0,29357798165137616;10;17,0;89,0;7,0;23,0;0,53125;0,8165137614678899
2025-10-09 17:53:54.452;p_shape;25264,25;25264,0;0,25;0,0009895503483217227;32,0;93,0;0,34408602150537637;10;15,0;73,0;7,0;24,0;0,46875;0,7849462365591398
2025-10-09 17:55:04.944;p_shape;25266,5;25266,25;0,25;0,0009894622272794737;54,0;48,0;1,125;10;28,0;38,0;8,0;20,0;0,5185185185185185;0,7916666666666666
2025-10-09 17:55:05.632;p_shape;25266,25;25265,75;0,5;0,001978963616753906;53,0;36,0;1,4722222222222223;10;25,0;36,0;8,0;20,0;0,4716981132075472;1,0
2025-10-09 17:55:06.236;p_shape;25266,75;25266,5;0,25;0,0009894524370213525;45,0;93,0;0,4838709677419355;10;40,0;92,0;22,0;25,0;0,8888888888888888;0,989247311827957
2025-10-09 17:55:06.284;d_shape;25265,25;25265,75;-0,5;-0,001978963616753906;50,0;116,0;0,43103448275862066;10;45,0;110,0;22,0;32,0;0,9;0,9482758620689655
2025-10-09 17:55:07.284;d_shape;25264,75;25265,0;-0,25;-0,0009895111814763506;38,0;135,0;0,2814814814814815;10;33,0;111,0;21,0;32,0;0,868421052631579;0,8222222222222222
2025-10-09 17:55:07.428;d_shape;25264,5;25265,25;-0,75;-0,0029685041707483597;38,0;138,0;0,2753623188405797;11;33,0;115,0;21,0;32,0;0,868421052631579;0,8333333333333334
2025-10-09 17:55:53.672;p_shape;25269,5;25269,25;0,25;0,0009893447569674606;128,0;58,0;2,206896551724138;16;35,0;46,0;9,0;27,0;0,2734375;0,7931034482758621
2025-10-09 17:55:54.128;p_shape;25269,5;25268,75;0,75;0,002968093000247341;128,0;61,0;2,098360655737705;16;34,0;51,0;9,0;29,0;0,265625;0,8360655737704918
2025-10-09 17:56:02.780;d_shape;25265,25;25265,75;-0,5;-0,001978963616753906;55,0;25,0;2,2;11;39,0;18,0;22,0;7,0;0,7090909090909091;0,72
2025-10-09 17:56:03.540;d_shape;25264,5;25264,75;-0,25;-0,0009895209728970206;70,0;31,0;2,2580645161290325;14;49,0;20,0;22,0;7,0;0,7;0,6451612903225806
2025-10-09 17:56:03.640;d_shape;25264,5;25264,75;-0,25;-0,0009895209728970206;75,0;32,0;2,34375;14;54,0;20,0;22,0;7,0;0,72;0,625
2025-10-09 17:57:22.488;p_shape;25268,0;25267,75;0,25;0,000989403488636701;67,0;44,0;1,5227272727272727;11;23,0;37,0;13,0;20,0;0,34328358208955223;0,8409090909090909
2025-10-09 17:57:22.800;p_shape;25268,0;25267,5;0,5;0,0019788265558523793;69,0;54,0;1,2777777777777777;12;23,0;47,0;13,0;21,0;0,3333333333333333;0,8703703703703703
2025-10-09 17:57:23.088;p_shape;25267,75;25267,5;0,25;0,0009894132779261896;69,0;57,0;1,2105263157894737;12;23,0;50,0;13,0;23,0;0,3333333333333333;0,8771929824561403
2025-10-09 17:57:23.140;p_shape;25268,25;25267,75;0,5;0,001978806977273402;69,0;72,0;0,9583333333333334;12;23,0;65,0;13,0;24,0;0,3333333333333333;0,9027777777777778
2025-10-09 17:57:23.164;p_shape;25268,75;25268,25;0,5;0,00197876782127769;68,0;77,0;0,8831168831168831;13;34,0;70,0;13,0;24,0;0,5;0,9090909090909091
2025-10-09 17:57:23.316;p_shape;25268,0;25267,5;0,5;0,0019788265558523793;67,0;104,0;0,6442307692307693;12;33,0;97,0;13,0;32,0;0,4925373134328358;0,9326923076923077
2025-10-09 17:57:36.856;p_shape;25269,25;25269,0;0,25;0,0009893545450947803;29,0;45,0;0,6444444444444445;12;8,0;40,0;2,0;20,0;0,27586206896551724;0,8888888888888888
2025-10-09 17:58:03.488;p_shape;25271,75;25271,5;0,25;0,0009892566725362563;129,0;52,0;2,480769230769231;10;66,0;39,0;17,0;26,0;0,5116279069767442;0,75
2025-10-09 17:58:04.172;p_shape;25272,0;25271,75;0,25;0,0009892468863454253;129,0;49,0;2,63265306122449;10;65,0;41,0;17,0;27,0;0,5038759689922481;0,8367346938775511
2025-10-09 17:58:04.236;p_shape;25272,25;25272,0;0,25;0,0009892371003482115;129,0;55,0;2,3454545454545452;11;76,0;47,0;17,0;27,0;0,5891472868217055;0,8545454545454545
2025-10-09 17:58:04.244;p_shape;25272,75;25272,25;0,5;0,0019784546290892184;129,0;74,0;1,7432432432432432;12;76,0;59,0;17,0;27,0;0,5891472868217055;0,7972972972972973
2025-10-09 17:58:04.252;p_shape;25273,25;25272,75;0,5;0,0019784154870364323;129,0;79,0;1,6329113924050633;14;101,0;64,0;25,0;27,0;0,7829457364341085;0,810126582278481
2025-10-09 17:58:04.396;p_shape;25272,75;25272,5;0,25;0,0009892175289346128;129,0;83,0;1,5542168674698795;15;128,0;68,0;27,0;27,0;0,9922480620155039;0,8192771084337349
2025-10-09 17:58:20.220;p_shape;25274,5;25274,0;0,5;0,001978317638680066;51,0;77,0;0,6623376623376623;10;29,0;64,0;10,0;26,0;0,5686274509803921;0,8311688311688312
2025-10-09 17:58:20.228;p_shape;25274,25;25274,0;0,25;0,000989158819340033;51,0;83,0;0,6144578313253012;10;29,0;70,0;10,0;28,0;0,5686274509803921;0,8433734939759037
2025-10-09 17:58:20.336;p_shape;25274,0;25273,75;0,25;0,0009891686037885156;52,0;89,0;0,5842696629213483;10;29,0;76,0;10,0;29,0;0,5576923076923077;0,8539325842696629
2025-10-09 17:58:21.096;p_shape;25274,0;25273,75;0,25;0,0009891686037885156;65,0;86,0;0,7558139534883721;10;30,0;77,0;10,0;29,0;0,46153846153846156;0,8953488372093024
2025-10-09 17:58:21.136;p_shape;25274,25;25274,0;0,25;0,000989158819340033;69,0;91,0;0,7582417582417582;10;30,0;82,0;10,0;31,0;0,43478260869565216;0,9010989010989011
2025-10-09 17:58:21.308;p_shape;25274,5;25274,0;0,5;0,001978317638680066;68,0;101,0;0,6732673267326733;10;29,0;94,0;9,0;32,0;0,4264705882352941;0,9306930693069307
2025-10-09 17:58:21.492;p_shape;25274,5;25274,25;0,25;0,0009891490350851164;67,0;102,0;0,6568627450980392;10;28,0;99,0;8,0;33,0;0,417910447761194;0,9705882352941176
2025-10-09 17:58:21.836;p_shape;25274,5;25274,25;0,25;0,0009891490350851164;67,0;103,0;0,6504854368932039;10;28,0;101,0;8,0;34,0;0,417910447761194;0,9805825242718447
2025-10-09 17:58:22.452;p_shape;25274,0;25273,75;0,25;0,0009891686037885156;65,0;114,0;0,5701754385964912;10;26,0;114,0;8,0;38,0;0,4;1,0
2025-10-09 17:58:23.048;p_shape;25274,0;25273,5;0,5;0,0019783567768611393;71,0;120,0;0,5916666666666667;10;26,0;120,0;8,0;43,0;0,36619718309859156;1,0
2025-10-09 17:58:23.328;p_shape;25274,25;25274,0;0,25;0,000989158819340033;69,0;121,0;0,5702479338842975;10;17,0;121,0;8,0;43,0;0,2463768115942029;1,0
2025-10-09 17:59:46.836;d_shape;25266,0;25266,25;-0,25;-0,0009894622272794737;56,0;76,0;0,7368421052631579;12;46,0;55,0;20,0;16,0;0,8214285714285714;0,7236842105263158
2025-10-09 17:59:47.160;d_shape;25266,5;25266,75;-0,25;-0,0009894426469569692;60,0;82,0;0,7317073170731707;13;50,0;62,0;20,0;16,0;0,8333333333333334;0,7560975609756098
2025-10-09 17:59:47.480;d_shape;25266,0;25266,5;-0,5;-0,001978904874042705;62,0;84,0;0,7380952380952381;13;52,0;62,0;20,0;16,0;0,8387096774193549;0,7380952380952381
2025-10-09 17:59:47.740;d_shape;25266,25;25266,5;-0,25;-0,0009894524370213525;62,0;84,0;0,7380952380952381;13;52,0;59,0;20,0;16,0;0,8387096774193549;0,7023809523809523
2025-10-09 17:59:48.564;d_shape;25266,0;25266,5;-0,5;-0,001978904874042705;63,0;84,0;0,75;13;53,0;55,0;20,0;16,0;0,8412698412698413;0,6547619047619048
2025-10-09 18:00:03.696;p_shape;25266,75;25266,5;0,25;0,0009894524370213525;91,0;68,0;1,338235294117647;17;52,0;56,0;15,0;22,0;0,5714285714285714;0,8235294117647058
2025-10-09 18:00:03.836;p_shape;25266,5;25266,25;0,25;0,0009894622272794737;93,0;70,0;1,3285714285714285;17;52,0;58,0;15,0;24,0;0,5591397849462365;0,8285714285714286
2025-10-09 18:00:04.004;p_shape;25266,75;25266,5;0,25;0,0009894524370213525;89,0;71,0;1,2535211267605635;17;47,0;59,0;15,0;25,0;0,5280898876404494;0,8309859154929577
2025-10-09 18:00:04.200;p_shape;25266,25;25266,0;0,25;0,0009894720177313387;90,0;61,0;1,4754098360655739;17;44,0;59,0;12,0;25,0;0,4888888888888889;0,9672131147540983
2025-10-09 18:00:04.652;p_shape;25266,5;25266,25;0,25;0,0009894622272794737;90,0;61,0;1,4754098360655739;17;43,0;59,0;11,0;25,0;0,4777777777777778;0,9672131147540983
2025-10-09 18:00:04.760;p_shape;25267,0;25266,5;0,5;0,001978904874042705;93,0;61,0;1,5245901639344261;18;42,0;59,0;11,0;25,0;0,45161290322580644;0,9672131147540983
2025-10-09 18:00:04.804;p_shape;25267,75;25267,0;0,75;0,002968298571258954;78,0;60,0;1,3;18;33,0;60,0;11,0;25,0;0,4230769230769231;1,0
2025-10-09 18:00:05.084;p_shape;25268,0;25267,75;0,25;0,000989403488636701;77,0;60,0;1,2833333333333334;17;49,0;49,0;11,0;25,0;0,6363636363636364;0,8166666666666667
2025-10-09 18:00:05.356;p_shape;25268,25;25268,0;0,25;0,0009893936995409214;52,0;48,0;1,0833333333333333;12;44,0;41,0;11,0;25,0;0,8461538461538461;0,8541666666666666
2025-10-09 18:00:05.632;p_shape;25268,5;25268,25;0,25;0,000989383910638845;55,0;43,0;1,2790697674418605;13;47,0;41,0;11,0;25,0;0,8545454545454545;0,9534883720930233
2025-10-09 18:00:33.120;p_shape;25271,75;25271,25;0,5;0,0019785329178414208;46,0;53,0;0,8679245283018868;13;27,0;46,0;9,0;22,0;0,5869565217391305;0,8679245283018868
2025-10-09 18:00:33.484;p_shape;25271,75;25271,5;0,25;0,0009892566725362563;46,0;62,0;0,7419354838709677;13;27,0;55,0;9,0;22,0;0,5869565217391305;0,8870967741935484
2025-10-09 18:00:33.676;p_shape;25271,5;25271,25;0,25;0,0009892664589207104;48,0;64,0;0,75;13;27,0;57,0;9,0;22,0;0,5625;0,890625
2025-10-09 18:00:33.880;p_shape;25271,5;25271,25;0,25;0,0009892664589207104;50,0;64,0;0,78125;13;27,0;58,0;9,0;22,0;0,54;0,90625
2025-10-09 18:00:34.092;p_shape;25271,75;25271,25;0,5;0,0019785329178414208;50,0;67,0;0,746268656716418;13;27,0;63,0;9,0;23,0;0,54;0,9402985074626866
2025-10-09 18:00:34.644;p_shape;25271,25;25271,0;0,25;0,000989276245498793;50,0;67,0;0,746268656716418;12;27,0;65,0;9,0;24,0;0,54;0,9701492537313433
2025-10-09 18:00:35.236;p_shape;25271,25;25270,75;0,5;0,001978572064541021;57,0;69,0;0,8260869565217391;12;33,0;67,0;15,0;25,0;0,5789473684210527;0,9710144927536232
2025-10-09 18:02:33.556;d_shape;25260,0;25260,25;-0,25;-0,0009896972516107324;55,0;94,0;0,5851063829787234;15;40,0;47,0;36,0;10,0;0,7272727272727273;0,5
2025-10-09 18:02:33.632;d_shape;25260,0;25260,5;-0,5;-0,0019793749134023476;57,0;95,0;0,6;15;42,0;47,0;38,0;10,0;0,7368421052631579;0,49473684210526314
2025-10-09 18:02:33.944;d_shape;25260,25;25260,75;-0,5;-0,0019793553239709828;57,0;101,0;0,5643564356435643;15;42,0;47,0;38,0;10,0;0,7368421052631579;0,46534653465346537
2025-10-09 18:02:55.264;p_shape;25261,75;25261,5;0,25;0,0009896482790016428;39,0;50,0;0,78;12;27,0;43,0;13,0;20,0;0,6923076923076923;0,86
2025-10-09 18:02:56.588;p_shape;25263,0;25261,25;1,75;0,006927606511950121;45,0;50,0;0,9;13;16,0;41,0;5,0;22,0;0,35555555555555557;0,82
2025-10-09 18:03:47.556;p_shape;25268,5;25268,0;0,5;0,0019787873990818427;60,0;77,0;0,7792207792207793;14;48,0;65,0;16,0;24,0;0,8;0,8441558441558441
2025-10-09 18:03:48.252;p_shape;25268,5;25268,0;0,5;0,0019787873990818427;31,0;76,0;0,40789473684210525;13;21,0;66,0;6,0;24,0;0,6774193548387096;0,868421052631579
2025-10-09 18:03:48.816;p_shape;25268,5;25268,0;0,5;0,0019787873990818427;32,0;74,0;0,43243243243243246;13;21,0;67,0;6,0;24,0;0,65625;0,9054054054054054
2025-10-09 18:03:49.576;p_shape;25268,5;25268,25;0,25;0,000989383910638845;44,0;68,0;0,6470588235294118;13;21,0;68,0;6,0;24,0;0,4772727272727273;1,0
2025-10-09 18:03:49.768;p_shape;25268,25;25268,0;0,25;0,0009893936995409214;46,0;68,0;0,6764705882352942;13;21,0;68,0;6,0;24,0;0,45652173913043476;1,0
2025-10-09 18:03:50.072;p_shape;25268,5;25268,25;0,25;0,000989383910638845;46,0;69,0;0,6666666666666666;13;21,0;69,0;6,0;24,0;0,45652173913043476;1,0
2025-10-09 18:03:50.236;p_shape;25268,5;25268,25;0,25;0,000989383910638845;48,0;76,0;0,631578947368421;13;21,0;76,0;6,0;24,0;0,4375;1,0
2025-10-09 18:13:56.648;d_shape;25266,25;25266,5;-0,25;-0,0009894524370213525;66,0;87,0;0,7586206896551724;17;66,0;41,0;23,0;19,0;1,0;0,47126436781609193
2025-10-09 18:13:57.204;d_shape;25266,5;25267,25;-0,75;-0,0029682692022281808;67,0;93,0;0,7204301075268817;17;67,0;41,0;24,0;19,0;1,0;0,44086021505376344
2025-10-09 18:13:57.608;d_shape;25266,5;25266,75;-0,25;-0,0009894426469569692;67,0;93,0;0,7204301075268817;16;67,0;39,0;24,0;19,0;1,0;0,41935483870967744
2025-10-09 18:13:57.716;d_shape;25266,25;25266,5;-0,25;-0,0009894524370213525;68,0;95,0;0,7157894736842105;16;68,0;39,0;24,0;19,0;1,0;0,4105263157894737
2025-10-09 18:13:57.852;d_shape;25266,25;25267,0;-0,75;-0,002968298571258954;76,0;94,0;0,8085106382978723;15;76,0;41,0;24,0;19,0;1,0;0,43617021276595747
2025-10-09 18:19:03.080;d_shape;25271,25;25271,75;-0,5;-0,0019784937726908505;45,0;66,0;0,6818181818181818;10;39,0;38,0;25,0;15,0;0,8666666666666667;0,5757575757575758
2025-10-09 18:19:03.696;d_shape;25271,0;25271,25;-0,25;-0,0009892664589207104;37,0;65,0;0,5692307692307692;10;31,0;38,0;25,0;15,0;0,8378378378378378;0,5846153846153846
2025-10-09 18:19:04.304;d_shape;25270,25;25271,0;-0,75;-0,002967828736496379;34,0;65,0;0,5230769230769231;11;28,0;45,0;25,0;15,0;0,8235294117647058;0,6923076923076923
2025-10-09 18:20:20.748;d_shape;25256,0;25256,75;-0,75;-0,0029695032021142863;48,0;63,0;0,7619047619047619;10;39,0;41,0;22,0;13,0;0,8125;0,6507936507936508
2025-10-09 18:21:11.896;d_shape;25247,75;25248,75;-1,0;-0,003960592108520224;64,0;71,0;0,9014084507042254;12;60,0;46,0;20,0;22,0;0,9375;0,647887323943662
2025-10-09 18:22:17.972;d_shape;25240,0;25240,5;-0,5;-0,001980943325211466;47,0;144,0;0,3263888888888889;26;45,0;59,0;21,0;10,0;0,9574468085106383;0,4097222222222222
2025-10-09 18:22:18.052;d_shape;25240,0;25240,5;-0,5;-0,001980943325211466;52,0;143,0;0,36363636363636365;25;50,0;67,0;22,0;10,0;0,9615384615384616;0,46853146853146854
2025-10-09 18:22:19.032;d_shape;25240,5;25240,75;-0,25;-0,0009904618523617563;60,0;141,0;0,425531914893617;22;43,0;54,0;22,0;10,0;0,7166666666666667;0,3829787234042553
2025-10-09 18:22:19.188;d_shape;25240,25;25241,0;-0,75;-0,002971356126936334;65,0;141,0;0,46099290780141844;22;48,0;54,0;22,0;10,0;0,7384615384615385;0,3829787234042553
2025-10-09 18:22:19.660;d_shape;25241,0;25241,25;-0,25;-0,000990442232456792;78,0;149,0;0,5234899328859061;21;61,0;66,0;22,0;15,0;0,782051282051282;0,4429530201342282
2025-10-09 18:22:39.940;p_shape;25239,25;25238,75;0,5;0,001981080679510673;60,0;109,0;0,5504587155963303;15;38,0;77,0;7,0;21,0;0,6333333333333333;0,7064220183486238
2025-10-09 18:22:43.212;p_shape;25239,25;25239,0;0,25;0,0009905305281508775;32,0;41,0;0,7804878048780488;11;13,0;41,0;4,0;22,0;0,40625;1,0
2025-10-09 18:23:11.328;p_shape;25242,75;25242,0;0,75;0,0029712384121701923;67,0;48,0;1,3958333333333333;24;34,0;43,0;8,0;24,0;0,5074626865671642;0,8958333333333334
2025-10-09 18:23:12.080;p_shape;25242,25;25242,0;0,25;0,000990412804056731;62,0;51,0;1,2156862745098038;19;33,0;46,0;8,0;24,0;0,532258064516129;0,9019607843137255
2025-10-09 18:23:12.084;p_shape;25242,5;25242,25;0,25;0,0009904029949786568;63,0;51,0;1,2352941176470589;19;33,0;46,0;8,0;24,0;0,5238095238095238;0,9019607843137255
2025-10-09 18:23:12.236;p_shape;25242,75;25242,5;0,25;0,0009903931860948797;64,0;51,0;1,2549019607843137;19;33,0;46,0;8,0;24,0;0,515625;0,9019607843137255
2025-10-09 18:23:12.796;p_shape;25243,0;25242,5;0,5;0,0019807863721897595;46,0;51,0;0,9019607843137255;17;25,0;46,0;12,0;24,0;0,5434782608695652;0,9019607843137255
2025-10-09 18:23:12.892;p_shape;25243,5;25243,0;0,5;0,001980747137820386;47,0;53,0;0,8867924528301887;18;27,0;53,0;12,0;24,0;0,574468085106383;1,0
2025-10-09 18:23:12.904;p_shape;25243,0;25242,75;0,25;0,0009903833774053935;53,0;53,0;1,0;18;27,0;53,0;12,0;24,0;0,5094339622641509;1,0
2025-10-09 18:23:13.016;p_shape;25243,25;25243,0;0,25;0,000990373568910193;54,0;53,0;1,0188679245283019;18;27,0;53,0;12,0;24,0;0,5;1,0
2025-10-09 18:24:22.036;p_shape;25253,5;25253,25;0,25;0,0009899715878154297;61,0;74,0;0,8243243243243243;17;39,0;57,0;14,0;21,0;0,639344262295082;0,7702702702702703
2025-10-09 18:24:22.396;p_shape;25253,75;25253,5;0,25;0,0009899617874750035;61,0;75,0;0,8133333333333334;17;39,0;58,0;14,0;21,0;0,639344262295082;0,7733333333333333
2025-10-09 18:24:23.976;p_shape;25253,25;25252,75;0,5;0,0019799823781568343;51,0;73,0;0,6986301369863014;13;19,0;66,0;9,0;22,0;0,37254901960784315;0,9041095890410958
2025-10-09 18:24:23.992;p_shape;25253,5;25253,25;0,25;0,0009899715878154297;51,0;76,0;0,6710526315789473;13;19,0;69,0;9,0;24,0;0,37254901960784315;0,9078947368421053
2025-10-09 18:24:24.172;p_shape;25253,25;25253,0;0,25;0,000989981388349899;51,0;80,0;0,6375;13;19,0;73,0;9,0;24,0;0,37254901960784315;0,9125
2025-10-09 18:24:25.356;p_shape;25253,75;25253,25;0,5;0,0019799431756308593;46,0;88,0;0,5227272727272727;11;14,0;85,0;6,0;24,0;0,30434782608695654;0,9659090909090909
2025-10-09 18:24:26.012;p_shape;25254,0;25253,5;0,5;0,001979923574950007;50,0;94,0;0,5319148936170213;10;33,0;81,0;22,0;24,0;0,66;0,8617021276595744
2025-10-09 18:25:06.232;p_shape;25257,25;25257,0;0,25;0,0009898246030803342;24,0;74,0;0,32432432432432434;13;21,0;52,0;6,0;20,0;0,875;0,7027027027027027
2025-10-09 18:25:06.932;p_shape;25257,5;25257,25;0,25;0,000989814805649863;19,0;64,0;0,296875;11;15,0;49,0;6,0;20,0;0,7894736842105263;0,765625
2025-10-09 18:25:07.484;p_shape;25257,5;25257,25;0,25;0,000989814805649863;18,0;70,0;0,2571428571428571;11;14,0;58,0;6,0;21,0;0,7777777777777778;0,8285714285714286
2025-10-09 18:25:08.836;p_shape;25257,5;25257,25;0,25;0,000989814805649863;21,0;71,0;0,29577464788732394;11;14,0;70,0;6,0;27,0;0,6666666666666666;0,9859154929577465
2025-10-09 18:25:14.456;p_shape;25260,5;25260,25;0,25;0,0009896972516107324;104,0;78,0;1,3333333333333333;21;34,0;60,0;8,0;38,0;0,3269230769230769;0,7692307692307693
2025-10-09 18:25:14.836;p_shape;25261,0;25260,5;0,5;0,0019793749134023476;104,0;72,0;1,4444444444444444;20;47,0;61,0;13,0;38,0;0,4519230769230769;0,8472222222222222
2025-10-09 18:25:18.056;p_shape;25261,75;25261,25;0,5;0,0019793161462714633;40,0;88,0;0,45454545454545453;12;34,0;85,0;14,0;28,0;0,85;0,9659090909090909
2025-10-09 18:25:59.156;d_shape;25247,0;25247,25;-0,25;-0,000990206854211845;239,0;205,0;1,1658536585365853;48;224,0;178,0;22,0;25,0;0,9372384937238494;0,8682926829268293
2025-10-09 18:25:59.168;d_shape;25246,5;25247,0;-0,5;-0,0019804333188101556;245,0;205,0;1,1951219512195121;48;230,0;178,0;24,0;25,0;0,9387755102040817;0,8682926829268293
2025-10-09 18:25:59.200;d_shape;25246,75;25247,0;-0,25;-0,0009902166594050778;250,0;205,0;1,2195121951219512;48;235,0;178,0;25,0;25,0;0,94;0,8682926829268293
2025-10-09 18:25:59.216;d_shape;25246,5;25247,0;-0,5;-0,0019804333188101556;254,0;205,0;1,2390243902439024;48;239,0;178,0;27,0;25,0;0,9409448818897638;0,8682926829268293
2025-10-09 18:25:59.244;d_shape;25246,5;25247,0;-0,5;-0,0019804333188101556;262,0;205,0;1,278048780487805;48;247,0;178,0;29,0;25,0;0,9427480916030534;0,8682926829268293
2025-10-09 18:25:59.328;d_shape;25248,0;25248,5;-0,5;-0,0019803156623165734;288,0;204,0;1,411764705882353;47;273,0;184,0;31,0;25,0;0,9479166666666666;0,9019607843137255
2025-10-09 18:25:59.332;d_shape;25247,75;25248,0;-0,25;-0,0009901774397972115;289,0;204,0;1,4166666666666667;47;274,0;184,0;31,0;25,0;0,9480968858131488;0,9019607843137255
2025-10-09 18:25:59.336;d_shape;25247,5;25247,75;-0,25;-0,0009901872444079175;292,0;204,0;1,4313725490196079;47;277,0;184,0;31,0;25,0;0,9486301369863014;0,9019607843137255
2025-10-09 18:25:59.348;d_shape;25247,25;25247,5;-0,25;-0,0009901970492127933;296,0;204,0;1,4509803921568627;47;281,0;184,0;31,0;25,0;0,9493243243243243;0,9019607843137255
2025-10-09 18:25:59.572;d_shape;25248,0;25248,5;-0,5;-0,0019803156623165734;306,0;204,0;1,5;47;291,0;184,0;31,0;25,0;0,9509803921568627;0,9019607843137255
2025-10-09 18:25:59.616;d_shape;25247,75;25248,0;-0,25;-0,0009901774397972115;307,0;204,0;1,5049019607843137;47;292,0;184,0;31,0;25,0;0,9511400651465798;0,9019607843137255
2025-10-09 18:26:01.524;p_shape;25256,25;25256,0;0,25;0,0009898637947418436;484,0;310,0;1,5612903225806452;50;367,0;217,0;31,0;25,0;0,7582644628099173;0,7
2025-10-09 18:26:01.620;p_shape;25256,0;25255,5;0,5;0,001979766783472907;487,0;333,0;1,4624624624624625;50;367,0;240,0;31,0;26,0;0,7535934291581109;0,7207207207207207
2025-10-09 18:26:01.784;p_shape;25256,25;25256,0;0,25;0,0009898637947418436;487,0;337,0;1,4451038575667656;50;367,0;244,0;31,0;26,0;0,7535934291581109;0,7240356083086054
2025-10-09 18:26:01.868;p_shape;25256,0;25255,75;0,25;0,0009898735931421557;487,0;344,0;1,4156976744186047;50;367,0;251,0;31,0;30,0;0,7535934291581109;0,7296511627906976
2025-10-09 18:26:02.120;p_shape;25255,25;25255,0;0,25;0,0009899029895070284;490,0;359,0;1,3649025069637883;50;367,0;266,0;31,0;34,0;0,7489795918367347;0,7409470752089137
2025-10-09 18:26:02.260;p_shape;25255,25;25254,75;0,5;0,0019798255773666343;489,0;372,0;1,314516129032258;50;367,0;279,0;31,0;34,0;0,7505112474437627;0,75
2025-10-09 18:26:02.376;p_shape;25255,75;25255,25;0,5;0,001979786381049485;486,0;375,0;1,296;50;367,0;282,0;31,0;36,0;0,7551440329218106;0,752
2025-10-09 18:26:02.436;p_shape;25255,75;25255,5;0,25;0,0009898833917364536;486,0;380,0;1,2789473684210526;50;367,0;287,0;31,0;38,0;0,7551440329218106;0,7552631578947369
2025-10-09 18:26:02.444;p_shape;25256,0;25255,75;0,25;0,0009898735931421557;486,0;382,0;1,2722513089005236;50;367,0;289,0;31,0;38,0;0,7551440329218106;0,756544502617801
2025-10-09 18:26:02.504;p_shape;25255,75;25255,5;0,25;0,0009898833917364536;486,0;388,0;1,2525773195876289;50;367,0;295,0;31,0;41,0;0,7551440329218106;0,7603092783505154
2025-10-09 18:26:02.772;p_shape;25255,25;25255,0;0,25;0,0009899029895070284;486,0;398,0;1,221105527638191;50;367,0;305,0;31,0;42,0;0,7551440329218106;0,7663316582914573
2025-10-09 18:26:02.956;p_shape;25255,25;25255,0;0,25;0,0009899029895070284;486,0;400,0;1,215;50;367,0;307,0;31,0;42,0;0,7551440329218106;0,7675
2025-10-09 18:26:03.396;p_shape;25255,0;25254,75;0,25;0,0009899127886833171;487,0;402,0;1,2114427860696517;50;367,0;309,0;31,0;42,0;0,7535934291581109;0,7686567164179104
2025-10-09 18:26:03.492;p_shape;25255,0;25254,5;0,5;0,0019798451761072282;488,0;403,0;1,2109181141439207;50;367,0;310,0;31,0;42,0;0,7520491803278688;0,7692307692307693
2025-10-09 18:26:04.124;p_shape;25255,0;25254,0;1,0;0,003959768749505029;293,0;236,0;1,2415254237288136;49;168,0;182,0;13,0;42,0;0,5733788395904437;0,7711864406779662
2025-10-09 18:26:04.432;p_shape;25255,5;25255,0;0,5;0,0019798059790140567;210,0;237,0;0,8860759493670886;41;106,0;183,0;8,0;42,0;0,5047619047619047;0,7721518987341772
2025-10-09 18:28:03.612;p_shape;25262,75;25262,25;0,5;0,0019792377955249432;38,0;95,0;0,4;16;23,0;79,0;8,0;20,0;0,6052631578947368;0,8315789473684211
2025-10-09 18:28:06.092;p_shape;25263,5;25263,0;0,5;0,001979179036535645;29,0;91,0;0,31868131868131866;13;20,0;72,0;6,0;20,0;0,6896551724137931;0,7912087912087912
2025-10-09 18:28:06.304;p_shape;25263,25;25263,0;0,25;0,0009895895182678225;30,0;93,0;0,3225806451612903;13;20,0;74,0;6,0;20,0;0,6666666666666666;0,7956989247311828
2025-10-09 18:28:06.340;p_shape;25263,5;25263,25;0,25;0,0009895797254905843;30,0;95,0;0,3157894736842105;13;20,0;76,0;6,0;20,0;0,6666666666666666;0,8
2025-10-09 18:28:08.156;p_shape;25264,5;25262,75;1,75;0,006927195178672156;20,0;115,0;0,17391304347826086;11;20,0;84,0;9,0;30,0;1,0;0,7304347826086957
2025-10-09 18:28:28.916;p_shape;25257,0;25256,75;0,25;0,000989834400704762;13,0;87,0;0,14942528735632185;11;13,0;63,0;5,0;25,0;1,0;0,7241379310344828
2025-10-09 18:34:11.048;p_shape;25258,0;25257,5;0,5;0,001979610016826685;37,0;77,0;0,4805194805194805;13;21,0;70,0;8,0;33,0;0,5675675675675675;0,9090909090909091
2025-10-09 18:34:11.280;p_shape;25258,25;25258,0;0,25;0,0009897854145221317;39,0;77,0;0,5064935064935064;13;21,0;70,0;8,0;33,0;0,5384615384615384;0,9090909090909091
2025-10-09 18:34:11.520;p_shape;25258,5;25258,25;0,25;0,0009897756178674296;35,0;76,0;0,4605263157894737;13;16,0;71,0;4,0;33,0;0,45714285714285713;0,9342105263157895
2025-10-09 18:34:11.528;p_shape;25259,0;25258,5;0,5;0,0019795316428133105;35,0;80,0;0,4375;15;18,0;75,0;4,0;33,0;0,5142857142857142;0,9375
2025-10-09 18:34:12.136;p_shape;25259,0;25258,75;0,25;0,000989756025139803;35,0;86,0;0,4069767441860465;15;18,0;81,0;4,0;33,0;0,5142857142857142;0,9418604651162791
2025-10-09 18:34:12.620;p_shape;25259,0;25258,25;0,75;0,0029693268536022882;40,0;87,0;0,45977011494252873;15;18,0;83,0;4,0;33,0;0,45;0,9540229885057471
2025-10-09 18:34:13.144;p_shape;25259,0;25258,75;0,25;0,000989756025139803;42,0;88,0;0,4772727272727273;15;18,0;84,0;4,0;33,0;0,42857142857142855;0,9545454545454546
2025-10-09 18:34:13.160;p_shape;25259,25;25259,0;0,25;0,0009897462290668672;43,0;88,0;0,48863636363636365;16;18,0;72,0;4,0;33,0;0,4186046511627907;0,8181818181818182
2025-10-09 18:34:13.168;p_shape;25259,5;25259,25;0,25;0,0009897364331878421;43,0;89,0;0,48314606741573035;17;26,0;73,0;8,0;33,0;0,6046511627906976;0,8202247191011236
2025-10-09 18:35:52.868;d_shape;25250,75;25251,25;-0,5;-0,00198009999504975;54,0;102,0;0,5294117647058824;23;46,0;60,0;21,0;17,0;0,8518518518518519;0,5882352941176471
2025-10-09 18:35:53.428;d_shape;25250,75;25251,0;-0,25;-0,0009900597996118966;54,0;106,0;0,5094339622641509;23;48,0;60,0;21,0;17,0;0,8888888888888888;0,5660377358490566
2025-10-09 18:35:53.752;d_shape;25250,5;25251,0;-0,5;-0,0019801195992237932;55,0;112,0;0,49107142857142855;22;48,0;60,0;21,0;17,0;0,8727272727272727;0,5357142857142857
2025-10-09 18:35:54.404;d_shape;25250,75;25251,0;-0,25;-0,0009900597996118966;50,0;112,0;0,44642857142857145;20;45,0;59,0;21,0;17,0;0,9;0,5267857142857143
2025-10-09 18:35:54.980;d_shape;25250,25;25250,75;-0,5;-0,0019801392037860264;52,0;92,0;0,5652173913043478;17;46,0;52,0;21,0;17,0;0,8846153846153846;0,5652173913043478
2025-10-09 18:35:54.988;d_shape;25250,0;25250,25;-0,25;-0,0009900892070375542;56,0;92,0;0,6086956521739131;17;50,0;52,0;21,0;17,0;0,8928571428571429;0,5652173913043478
2025-10-09 18:35:55.300;d_shape;25250,25;25250,5;-0,25;-0,0009900794043682304;60,0;60,0;1,0;12;54,0;24,0;21,0;8,0;0,9;0,4
2025-10-09 18:35:55.508;d_shape;25249,75;25250,25;-0,5;-0,0019801784140751084;64,0;60,0;1,0666666666666667;13;62,0;31,0;21,0;8,0;0,96875;0,5166666666666667
2025-10-09 18:35:55.644;d_shape;25250,25;25250,5;-0,25;-0,0009900794043682304;70,0;60,0;1,1666666666666667;13;69,0;31,0;23,0;8,0;0,9857142857142858;0,5166666666666667
2025-10-09 18:35:56.244;d_shape;25250,5;25250,75;-0,25;-0,0009900696018930132;75,0;61,0;1,2295081967213115;13;75,0;31,0;26,0;8,0;1,0;0,5081967213114754
2025-10-09 18:36:36.228;p_shape;25260,5;25259,5;1,0;0,003958906550010887;64,0;119,0;0,5378151260504201;13;64,0;105,0;14,0;24,0;1,0;0,8823529411764706
2025-10-09 18:36:36.248;p_shape;25260,0;25259,5;0,5;0,0019794532750054437;64,0;123,0;0,5203252032520326;13;64,0;109,0;14,0;25,0;1,0;0,8861788617886179
2025-10-09 18:40:21.612;d_shape;25245,5;25245,75;-0,25;-0,0009902656882841668;57,0;20,0;2,85;10;42,0;18,0;21,0;5,0;0,7368421052631579;0,9
2025-10-09 18:40:21.784;d_shape;25245,25;25245,5;-0,25;-0,0009902754946426095;64,0;16,0;4,0;11;49,0;16,0;21,0;5,0;0,765625;1,0
2025-10-09 18:40:34.508;d_shape;25239,25;25239,5;-0,25;-0,0009905109055250699;78,0;127,0;0,6141732283464567;21;64,0;81,0;23,0;20,0;0,8205128205128205;0,6377952755905512
2025-10-09 18:40:34.704;d_shape;25239,0;25239,25;-0,25;-0,0009905207167407906;76,0;127,0;0,5984251968503937;21;66,0;81,0;24,0;20,0;0,868421052631579;0,6377952755905512
2025-10-09 18:40:35.196;d_shape;25239,5;25240,0;-0,5;-0,0019809825673534074;76,0;130,0;0,5846153846153846;21;69,0;78,0;24,0;20,0;0,9078947368421053;0,6
2025-10-09 18:40:35.224;d_shape;25239,25;25239,5;-0,25;-0,0009905109055250699;76,0;132,0;0,5757575757575758;21;69,0;78,0;24,0;20,0;0,9078947368421053;0,5909090909090909
2025-10-09 18:40:35.288;d_shape;25239,25;25239,5;-0,25;-0,0009905109055250699;77,0;139,0;0,5539568345323741;21;70,0;78,0;25,0;20,0;0,9090909090909091;0,5611510791366906
2025-10-09 18:40:35.304;d_shape;25239,0;25239,25;-0,25;-0,0009905207167407906;79,0;126,0;0,626984126984127;18;69,0;68,0;27,0;20,0;0,8734177215189873;0,5396825396825397
2025-10-09 18:40:35.328;d_shape;25238,75;25239,0;-0,25;-0,0009905305281508775;81,0;126,0;0,6428571428571429;18;71,0;68,0;27,0;20,0;0,8765432098765432;0,5396825396825397
2025-10-09 18:40:35.344;d_shape;25238,5;25239,0;-0,5;-0,001981061056301755;154,0;126,0;1,2222222222222223;18;144,0;68,0;77,0;20,0;0,935064935064935;0,5396825396825397
2025-10-09 18:40:35.348;d_shape;25238,25;25238,5;-0,25;-0,0009905501515541733;157,0;126,0;1,246031746031746;19;147,0;69,0;77,0;20,0;0,9363057324840764;0,5476190476190477
2025-10-09 18:40:35.452;d_shape;25238,0;25238,25;-0,25;-0,0009905599635473934;159,0;126,0;1,2619047619047619;20;149,0;69,0;77,0;20,0;0,9371069182389937;0,5476190476190477
2025-10-09 18:40:35.716;d_shape;25238,5;25239,0;-0,5;-0,001981061056301755;162,0;126,0;1,2857142857142858;20;152,0;69,0;78,0;20,0;0,9382716049382716;0,5476190476190477
2025-10-09 18:40:36.220;d_shape;25239,0;25239,5;-0,5;-0,0019810218110501397;223,0;121,0;1,8429752066115703;18;213,0;55,0;137,0;20,0;0,9551569506726457;0,45454545454545453
2025-10-09 18:40:36.720;d_shape;25238,75;25239,5;-0,75;-0,002971532716575209;223,0;120,0;1,8583333333333334;18;213,0;43,0;137,0;13,0;0,9551569506726457;0,35833333333333334
2025-10-09 18:40:36.928;d_shape;25238,5;25238,75;-0,25;-0,0009905403397553365;224,0;116,0;1,9310344827586208;18;214,0;36,0;137,0;8,0;0,9553571428571429;0,3103448275862069
2025-10-09 18:40:37.160;d_shape;25238,5;25239,0;-0,5;-0,001981061056301755;221,0;120,0;1,8416666666666666;18;214,0;30,0;137,0;8,0;0,9683257918552036;0,25
2025-10-09 18:40:37.164;d_shape;25237,5;25238,5;-1,0;-0,003962200606216693;220,0;130,0;1,6923076923076923;20;214,0;50,0;137,0;20,0;0,9727272727272728;0,38461538461538464
2025-10-09 18:40:37.484;d_shape;25237,25;25237,75;-0,5;-0,0019811591762340145;214,0;132,0;1,621212121212121;20;214,0;62,0;137,0;20,0;1,0;0,4696969696969697
2025-10-09 18:40:37.800;d_shape;25237,0;25237,5;-0,5;-0,0019811788013868255;214,0;135,0;1,5851851851851853;21;214,0;73,0;137,0;20,0;1,0;0,5407407407407407
2025-10-09 18:40:37.840;d_shape;25236,75;25237,25;-0,5;-0,0019811984269284487;214,0;154,0;1,3896103896103895;22;200,0;73,0;137,0;20,0;0,9345794392523364;0,474025974025974
2025-10-09 18:40:37.872;d_shape;25237,0;25237,25;-0,25;-0,0009905992134642244;214,0;164,0;1,3048780487804879;22;200,0;73,0;137,0;20,0;0,9345794392523364;0,4451219512195122
2025-10-09 18:40:37.884;d_shape;25236,75;25237,0;-0,25;-0,0009906090264294488;214,0;165,0;1,2969696969696969;22;200,0;73,0;137,0;20,0;0,9345794392523364;0,44242424242424244
2025-10-09 18:40:38.008;d_shape;25236,5;25236,75;-0,25;-0,0009906188395890914;215,0;174,0;1,235632183908046;23;201,0;88,0;137,0;20,0;0,9348837209302325;0,5057471264367817
2025-10-09 18:41:13.812;d_shape;25229,5;25230,25;-0,75;-0,002972622149998514;50,0;164,0;0,3048780487804878;25;40,0;91,0;20,0;21,0;0,8;0,5548780487804879
2025-10-09 18:41:13.860;d_shape;25229,75;25230,0;-0,25;-0,0009908838684106222;59,0;164,0;0,3597560975609756;25;49,0;91,0;26,0;21,0;0,8305084745762712;0,5548780487804879
2025-10-09 18:41:13.904;d_shape;25229,5;25230,0;-0,5;-0,0019817677368212444;69,0;164,0;0,42073170731707316;25;59,0;91,0;29,0;21,0;0,855072463768116;0,5548780487804879
2025-10-09 18:41:14.048;d_shape;25230,0;25230,25;-0,25;-0,0009908740499995046;75,0;177,0;0,423728813559322;25;65,0;91,0;32,0;21,0;0,8666666666666667;0,5141242937853108
2025-10-09 18:41:14.116;d_shape;25229,75;25230,0;-0,25;-0,0009908838684106222;75,0;186,0;0,4032258064516129;25;65,0;91,0;32,0;21,0;0,8666666666666667;0,489247311827957
2025-10-09 18:41:14.120;d_shape;25229,0;25229,75;-0,75;-0,00297268106104896;75,0;194,0;0,3865979381443299;27;65,0;104,0;32,0;21,0;0,8666666666666667;0,5360824742268041
2025-10-09 18:41:14.176;d_shape;25228,75;25229,25;-0,5;-0,0019818266496229578;75,0;202,0;0,3712871287128713;28;65,0;104,0;32,0;21,0;0,8666666666666667;0,5148514851485149
2025-10-09 18:41:14.188;d_shape;25228,25;25228,75;-0,5;-0,001981865926770054;75,0;204,0;0,36764705882352944;29;65,0;109,0;32,0;21,0;0,8666666666666667;0,5343137254901961
2025-10-09 18:41:14.264;d_shape;25228,25;25228,5;-0,25;-0,0009909427829637117;74,0;215,0;0,34418604651162793;30;62,0;109,0;32,0;21,0;0,8378378378378378;0,5069767441860465
2025-10-09 18:41:14.292;d_shape;25228,0;25228,25;-0,25;-0,0009909526027370111;74,0;219,0;0,3378995433789954;31;62,0;113,0;32,0;21,0;0,8378378378378378;0,5159817351598174
2025-10-09 18:41:14.312;d_shape;25227,75;25228,0;-0,25;-0,0009909624227049311;73,0;221,0;0,33031674208144796;32;62,0;112,0;32,0;21,0;0,8493150684931506;0,5067873303167421
2025-10-09 18:41:14.332;d_shape;25226,75;25227,75;-1,0;-0,003963888971469909;95,0;231,0;0,41125541125541126;36;84,0;130,0;32,0;21,0;0,8842105263157894;0,5627705627705628
2025-10-09 18:41:14.472;d_shape;25227,5;25227,75;-0,25;-0,0009909722428674773;95,0;240,0;0,3958333333333333;35;84,0;147,0;32,0;21,0;0,8842105263157894;0,6125
2025-10-09 18:41:14.768;d_shape;25227,25;25227,5;-0,25;-0,0009909820632246556;104,0;240,0;0,43333333333333335;35;94,0;144,0;32,0;21,0;0,9038461538461539;0,6
2025-10-09 18:41:15.048;d_shape;25227,75;25228,25;-0,5;-0,0019819052054740223;116,0;244,0;0,47540983606557374;35;107,0;143,0;32,0;21,0;0,9224137931034483;0,5860655737704918
2025-10-09 18:41:15.216;d_shape;25227,5;25227,75;-0,25;-0,0009909722428674773;117,0;244,0;0,47950819672131145;35;108,0;143,0;32,0;21,0;0,9230769230769231;0,5860655737704918
2025-10-09 18:41:15.220;d_shape;25227,0;25227,5;-0,5;-0,001981964126449311;119,0;244,0;0,48770491803278687;35;110,0;143,0;32,0;21,0;0,9243697478991597;0,5860655737704918
2025-10-09 18:41:16.008;d_shape;25228,75;25229,0;-0,25;-0,0009909231440009512;127,0;251,0;0,5059760956175299;34;119,0;142,0;32,0;21,0;0,937007874015748;0,5657370517928287
2025-10-09 18:41:16.032;d_shape;25228,25;25228,75;-0,5;-0,001981865926770054;128,0;251,0;0,5099601593625498;34;120,0;142,0;32,0;21,0;0,9375;0,5657370517928287
2025-10-09 18:41:16.256;d_shape;25228,0;25228,75;-0,75;-0,002972798890155081;136,0;216,0;0,6296296296296297;32;128,0;106,0;32,0;19,0;0,9411764705882353;0,49074074074074076
2025-10-09 18:41:16.408;d_shape;25228,5;25229,0;-0,5;-0,0019818462880019025;136,0;218,0;0,6238532110091743;31;128,0;108,0;32,0;19,0;0,9411764705882353;0,4954128440366973
2025-10-09 18:41:16.420;d_shape;25228,25;25228,5;-0,25;-0,0009909427829637117;141,0;221,0;0,6380090497737556;31;133,0;108,0;32,0;19,0;0,9432624113475178;0,48868778280542985
2025-10-09 18:41:16.516;d_shape;25228,0;25228,25;-0,25;-0,0009909526027370111;142,0;221,0;0,6425339366515838;31;134,0;108,0;32,0;19,0;0,9436619718309859;0,48868778280542985
2025-10-09 18:41:16.944;d_shape;25228,25;25228,5;-0,25;-0,0009909427829637117;149,0;225,0;0,6622222222222223;30;141,0;107,0;32,0;19,0;0,9463087248322147;0,47555555555555556
2025-10-09 18:41:22.456;p_shape;25232,5;25232,25;0,25;0,00099079550971475;71,0;155,0;0,45806451612903226;16;22,0;152,0;6,0;78,0;0,30985915492957744;0,9806451612903225
2025-10-09 18:41:22.464;p_shape;25232,5;25232,25;0,25;0,00099079550971475;71,0;170,0;0,4176470588235294;16;22,0;167,0;6,0;88,0;0,30985915492957744;0,9823529411764705
2025-10-09 18:41:22.616;p_shape;25231,75;25231,5;0,25;0,0009908249608624141;65,0;199,0;0,32663316582914576;16;16,0;196,0;5,0;105,0;0,24615384615384617;0,9849246231155779
2025-10-09 18:41:23.312;p_shape;25232,0;25231,25;0,75;0,002972504334902155;58,0;206,0;0,2815533980582524;10;49,0;180,0;26,0;105,0;0,8448275862068966;0,8737864077669902
2025-10-09 18:41:24.480;d_shape;25230,25;25231,0;-0,75;-0,0029725337878007212;40,0;189,0;0,21164021164021163;10;31,0;178,0;20,0;105,0;0,775;0,9417989417989417
2025-10-09 18:41:27.380;d_shape;25226,75;25227,0;-0,25;-0,0009910017045229318;40,0;213,0;0,18779342723004694;21;36,0;162,0;23,0;102,0;0,9;0,7605633802816901
2025-10-09 18:41:27.396;d_shape;25226,5;25226,75;-0,25;-0,0009910115254640412;41,0;213,0;0,19248826291079812;21;37,0;162,0;23,0;102,0;0,9024390243902439;0,7605633802816901
2025-10-09 18:41:27.812;d_shape;25226,5;25226,75;-0,25;-0,0009910115254640412;42,0;77,0;0,5454545454545454;17;42,0;37,0;25,0;8,0;1,0;0,4805194805194805
2025-10-09 18:41:28.120;d_shape;25226,75;25227,0;-0,25;-0,0009910017045229318;43,0;78,0;0,5512820512820513;17;43,0;37,0;26,0;8,0;1,0;0,47435897435897434
2025-10-09 18:41:28.192;d_shape;25226,5;25226,75;-0,25;-0,0009910115254640412;44,0;78,0;0,5641025641025641;17;44,0;37,0;26,0;8,0;1,0;0,47435897435897434
2025-10-09 18:41:28.344;d_shape;25227,5;25227,75;-0,25;-0,0009909722428674773;60,0;81,0;0,7407407407407407;16;60,0;34,0;31,0;8,0;1,0;0,41975308641975306
2025-10-09 18:41:28.636;d_shape;25227,5;25227,75;-0,25;-0,0009909722428674773;62,0;84,0;0,7380952380952381;16;62,0;34,0;31,0;8,0;1,0;0,40476190476190477
2025-10-09 18:41:29.052;d_shape;25227,25;25227,5;-0,25;-0,0009909820632246556;67,0;90,0;0,7444444444444445;15;67,0;38,0;31,0;9,0;1,0;0,4222222222222222
2025-10-09 18:41:29.388;d_shape;25227,0;25227,5;-0,5;-0,001981964126449311;67,0;94,0;0,7127659574468085;14;67,0;36,0;31,0;9,0;1,0;0,3829787234042553
2025-10-09 18:41:30.084;d_shape;25226,75;25227,25;-0,5;-0,0019819837675529436;68,0;89,0;0,7640449438202247;12;68,0;49,0;32,0;23,0;1,0;0,550561797752809
2025-10-09 18:41:30.228;d_shape;25226,75;25227,0;-0,25;-0,0009910017045229318;79,0;89,0;0,8876404494382022;12;79,0;48,0;34,0;23,0;1,0;0,5393258426966292
2025-10-09 18:41:34.200;d_shape;25224,0;25224,5;-0,5;-0,001982199845388412;118,0;103,0;1,145631067961165;23;88,0;99,0;21,0;18,0;0,7457627118644068;0,9611650485436893
2025-10-09 18:41:34.296;d_shape;25224,0;25224,25;-0,25;-0,0009911097455821284;120,0;102,0;1,1764705882352942;23;90,0;98,0;21,0;18,0;0,75;0,9607843137254902
2025-10-09 18:41:36.204;d_shape;25223,75;25224,25;-0,5;-0,0019822194911642567;127,0;149,0;0,8523489932885906;23;111,0;84,0;24,0;12,0;0,8740157480314961;0,5637583892617449
2025-10-09 18:41:36.516;d_shape;25223,25;25223,75;-0,5;-0,0019822587838842364;128,0;142,0;0,9014084507042254;22;112,0;74,0;24,0;12,0;0,875;0,5211267605633803
2025-10-09 18:41:37.124;d_shape;25223,25;25224,0;-0,75;-0,0029733587059942914;128,0;126,0;1,0158730158730158;20;115,0;63,0;24,0;11,0;0,8984375;0,5
2025-10-09 18:41:37.256;d_shape;25223,0;25223,25;-0,25;-0,0009911490390810066;129,0;124,0;1,0403225806451613;20;116,0;61,0;24,0;11,0;0,8992248062015504;0,49193548387096775
2025-10-09 18:41:37.648;d_shape;25223,25;25223,75;-0,5;-0,0019822587838842364;128,0;112,0;1,1428571428571428;18;92,0;55,0;23,0;11,0;0,71875;0,49107142857142855
2025-10-09 18:41:37.792;d_shape;25223,75;25224,0;-0,25;-0,0009911195686647637;128,0;120,0;1,0666666666666667;17;92,0;66,0;23,0;12,0;0,71875;0,55
2025-10-09 18:41:37.804;d_shape;25223,5;25223,75;-0,25;-0,0009911293919421182;127,0;124,0;1,0241935483870968;17;92,0;66,0;23,0;12,0;0,7244094488188977;0,532258064516129
2025-10-09 18:41:38.112;d_shape;25223,0;25223,5;-0,5;-0,0019822784308283943;126,0;122,0;1,0327868852459017;17;92,0;63,0;23,0;12,0;0,7301587301587301;0,5163934426229508
2025-10-09 18:41:46.608;d_shape;25220,25;25220,5;-0,25;-0,0009912571122697807;86,0;110,0;0,7818181818181819;20;76,0;48,0;20,0;11,0;0,8837209302325582;0,43636363636363634
2025-10-09 18:41:46.612;d_shape;25220,0;25220,25;-0,25;-0,0009912669382738078;87,0;110,0;0,7909090909090909;20;77,0;48,0;21,0;11,0;0,8850574712643678;0,43636363636363634
2025-10-09 18:41:46.888;d_shape;25219,75;25220,0;-0,25;-0,0009912767644726407;81,0;104,0;0,7788461538461539;18;81,0;45,0;24,0;11,0;1,0;0,4326923076923077
2025-10-09 18:41:47.184;d_shape;25219,75;25220,25;-0,5;-0,0019825338765476156;82,0;106,0;0,7735849056603774;18;82,0;45,0;24,0;11,0;1,0;0,42452830188679247
2025-10-09 18:41:47.404;d_shape;25220,0;25220,5;-0,5;-0,0019825142245395613;82,0;102,0;0,803921568627451;16;70,0;47,0;24,0;13,0;0,8536585365853658;0,46078431372549017
2025-10-09 18:41:47.628;d_shape;25220,0;25220,25;-0,25;-0,0009912669382738078;82,0;97,0;0,845360824742268;15;70,0;52,0;24,0;18,0;0,8536585365853658;0,5360824742268041
2025-10-09 18:41:47.636;d_shape;25219,75;25220,0;-0,25;-0,0009912767644726407;83,0;97,0;0,8556701030927835;15;71,0;52,0;24,0;18,0;0,8554216867469879;0,5360824742268041
2025-10-09 18:41:47.820;d_shape;25219,75;25220,5;-0,75;-0,0029737713368093418;84,0;95,0;0,8842105263157894;15;72,0;49,0;24,0;18,0;0,8571428571428571;0,5157894736842106
2025-10-09 18:41:48.344;d_shape;25219,75;25220,25;-0,5;-0,0019825338765476156;79,0;63,0;1,253968253968254;10;57,0;30,0;24,0;11,0;0,7215189873417721;0,47619047619047616
2025-10-09 18:41:52.192;p_shape;25223,25;25222,5;0,75;0,0029735355337496285;41,0;165,0;0,24848484848484848;16;11,0;118,0;5,0;104,0;0,2682926829268293;0,7151515151515152
2025-10-09 18:41:52.212;p_shape;25223,0;25222,75;0,25;0,0009911686869988404;54,0;165,0;0,32727272727272727;16;11,0;118,0;5,0;104,0;0,2037037037037037;0,7151515151515152
2025-10-09 18:41:52.216;p_shape;25223,5;25223,0;0,5;0,001982317725885105;54,0;175,0;0,30857142857142855;16;11,0;128,0;5,0;106,0;0,2037037037037037;0,7314285714285714
2025-10-09 18:41:52.404;p_shape;25223,25;25222,75;0,5;0,0019823373739976807;55,0;171,0;0,3216374269005848;16;11,0;130,0;5,0;108,0;0,2;0,7602339181286549
2025-10-09 18:41:52.976;p_shape;25223,25;25223,0;0,25;0,0009911588629425525;55,0;161,0;0,3416149068322981;16;9,0;139,0;3,0;115,0;0,16363636363636364;0,8633540372670807
2025-10-09 18:41:53.084;p_shape;25223,5;25223,25;0,25;0,0009911490390810066;55,0;161,0;0,3416149068322981;16;9,0;140,0;3,0;115,0;0,16363636363636364;0,8695652173913043
2025-10-09 18:41:53.216;p_shape;25223,5;25223,0;0,5;0,001982317725885105;57,0;161,0;0,35403726708074534;16;9,0;141,0;3,0;115,0;0,15789473684210525;0,8757763975155279
2025-10-09 18:41:54.188;p_shape;25223,75;25222,75;1,0;0,0039646747479953615;59,0;144,0;0,4097222222222222;13;13,0;135,0;7,0;115,0;0,22033898305084745;0,9375
2025-10-09 18:41:54.480;p_shape;25224,25;25223,75;0,5;0,0019822587838842364;59,0;149,0;0,3959731543624161;15;13,0;139,0;7,0;115,0;0,22033898305084745;0,9328859060402684
2025-10-09 18:41:54.932;p_shape;25224,5;25224,25;0,25;0,0009911097455821284;55,0;155,0;0,3548387096774194;14;18,0;144,0;9,0;115,0;0,32727272727272727;0,9290322580645162
2025-10-09 18:41:55.432;p_shape;25223,75;25223,5;0,25;0,0009911392154141972;65,0;157,0;0,4140127388535032;13;51,0;147,0;36,0;115,0;0,7846153846153846;0,9363057324840764
2025-10-09 18:41:59.272;d_shape;25222,25;25222,5;-0,25;-0,000991178511249876;62,0;99,0;0,6262626262626263;12;46,0;44,0;21,0;17,0;0,7419354838709677;0,4444444444444444
2025-10-09 18:41:59.332;d_shape;25222,0;25222,25;-0,25;-0,0009911883356956655;62,0;102,0;0,6078431372549019;12;46,0;44,0;21,0;17,0;0,7419354838709677;0,43137254901960786
2025-10-09 18:41:59.336;d_shape;25221,5;25222,0;-0,5;-0,0019823963206724287;62,0;106,0;0,5849056603773585;13;46,0;46,0;21,0;17,0;0,7419354838709677;0,4339622641509434
2025-10-09 18:41:59.736;d_shape;25221,25;25221,5;-0,25;-0,0009912178102016139;62,0;99,0;0,6262626262626263;14;46,0;37,0;21,0;17,0;0,7419354838709677;0,37373737373737376
2025-10-09 18:41:59.748;d_shape;25221,0;25221,25;-0,25;-0,0009912276354264757;62,0;104,0;0,5961538461538461;15;46,0;49,0;21,0;17,0;0,7419354838709677;0,47115384615384615
2025-10-09 18:41:59.812;d_shape;25221,0;25221,25;-0,25;-0,0009912276354264757;62,0;109,0;0,5688073394495413;14;45,0;48,0;21,0;17,0;0,7258064516129032;0,44036697247706424
2025-10-09 18:41:59.872;d_shape;25221,0;25221,5;-0,5;-0,0019824356204032278;62,0;127,0;0,4881889763779528;14;45,0;48,0;21,0;17,0;0,7258064516129032;0,3779527559055118
2025-10-09 18:41:59.928;d_shape;25220,75;25221,0;-0,25;-0,0009912374608461202;62,0;129,0;0,4806201550387597;15;45,0;58,0;21,0;17,0;0,7258064516129032;0,4496124031007752
2025-10-09 18:42:00.672;d_shape;25220,5;25220,75;-0,25;-0,0009912472864605534;53,0;141,0;0,375886524822695;17;42,0;88,0;21,0;33,0;0,7924528301886793;0,624113475177305
2025-10-09 18:42:00.992;d_shape;25220,25;25220,5;-0,25;-0,0009912571122697807;53,0;141,0;0,375886524822695;17;44,0;88,0;21,0;33,0;0,8301886792452831;0,624113475177305
2025-10-09 18:42:01.380;d_shape;25220,25;25220,5;-0,25;-0,0009912571122697807;63,0;141,0;0,44680851063829785;17;54,0;88,0;21,0;33,0;0,8571428571428571;0,624113475177305
2025-10-09 18:42:10.560;d_shape;25218,0;25218,5;-0,5;-0,0019826714515137696;51,0;111,0;0,4594594594594595;27;42,0;55,0;20,0;14,0;0,8235294117647058;0,4954954954954955
2025-10-09 18:42:10.576;d_shape;25218,0;25218,25;-0,25;-0,0009913455533195204;53,0;120,0;0,44166666666666665;27;44,0;55,0;22,0;14,0;0,8301886792452831;0,4583333333333333
2025-10-09 18:42:10.580;d_shape;25217,75;25218,0;-0,25;-0,0009913553810770085;55,0;120,0;0,4583333333333333;27;46,0;55,0;22,0;14,0;0,8363636363636363;0,4583333333333333
2025-10-09 18:42:10.584;d_shape;25217,5;25217,75;-0,25;-0,0009913652090293543;56,0;120,0;0,4666666666666667;27;47,0;55,0;22,0;14,0;0,8392857142857143;0,4583333333333333
2025-10-09 18:42:10.588;d_shape;25217,25;25217,5;-0,25;-0,0009913750371765638;57,0;120,0;0,475;27;48,0;55,0;22,0;14,0;0,8421052631578947;0,4583333333333333
2025-10-09 18:42:10.728;d_shape;25217,75;25218,0;-0,25;-0,0009913553810770085;70,0;120,0;0,5833333333333334;27;61,0;55,0;26,0;14,0;0,8714285714285714;0,4583333333333333
2025-10-09 18:42:10.760;d_shape;25218,0;25218,25;-0,25;-0,0009913455533195204;83,0;121,0;0,6859504132231405;27;74,0;55,0;32,0;14,0;0,891566265060241;0,45454545454545453
2025-10-09 18:42:38.444;d_shape;25224,75;25225,25;-0,5;-0,00198214091039732;54,0;107,0;0,5046728971962616;10;47,0;75,0;30,0;23,0;0,8703703703703703;0,7009345794392523
2025-10-09 18:42:38.476;d_shape;25224,75;25225,0;-0,25;-0,0009910802775024777;55,0;107,0;0,514018691588785;10;48,0;75,0;28,0;23,0;0,8727272727272727;0,7009345794392523
2025-10-09 18:42:39.060;p_shape;25226,5;25225,75;0,75;0,002973152433525267;68,0;114,0;0,5964912280701754;10;61,0;82,0;33,0;28,0;0,8970588235294118;0,7192982456140351
2025-10-09 18:42:52.032;p_shape;25227,5;25226,5;1,0;0,0039640853863992225;58,0;80,0;0,725;17;23,0;61,0;5,0;23,0;0,39655172413793105;0,7625
2025-10-09 18:43:35.072;p_shape;25237,5;25237,0;0,5;0,0019812180528588977;56,0;64,0;0,875;14;25,0;50,0;9,0;25,0;0,44642857142857145;0,78125
2025-10-09 18:43:35.076;p_shape;25238,0;25237,5;0,5;0,0019811788013868255;56,0;67,0;0,835820895522388;15;27,0;53,0;9,0;25,0;0,48214285714285715;0,7910447761194029
2025-10-09 18:43:35.788;p_shape;25237,5;25237,25;0,25;0,0009905992134642244;44,0;60,0;0,7333333333333333;13;14,0;60,0;3,0;26,0;0,3181818181818182;1,0
2025-10-09 18:43:45.508;d_shape;25237,75;25238,0;-0,25;-0,0009905697757350029;86,0;60,0;1,4333333333333333;14;70,0;30,0;29,0;9,0;0,813953488372093;0,5
2025-10-09 18:43:46.072;d_shape;25238,5;25238,75;-0,25;-0,0009905403397553365;87,0;44,0;1,9772727272727273;13;73,0;30,0;29,0;9,0;0,8390804597701149;0,6818181818181818
2025-10-09 18:43:46.136;d_shape;25238,25;25238,5;-0,25;-0,0009905501515541733;90,0;44,0;2,0454545454545454;13;76,0;30,0;29,0;9,0;0,8444444444444444;0,6818181818181818
2025-10-09 18:43:46.264;d_shape;25238,0;25238,25;-0,25;-0,0009905599635473934;96,0;44,0;2,1818181818181817;13;82,0;30,0;29,0;9,0;0,8541666666666666;0,6818181818181818
2025-10-09 18:43:46.964;d_shape;25238,5;25239,0;-0,5;-0,001981061056301755;94,0;49,0;1,9183673469387754;13;80,0;30,0;29,0;9,0;0,851063829787234;0,6122448979591837
2025-10-09 18:43:47.240;d_shape;25238,5;25238,75;-0,25;-0,0009905403397553365;94,0;49,0;1,9183673469387754;13;80,0;30,0;29,0;9,0;0,851063829787234;0,6122448979591837
2025-10-09 18:43:47.252;d_shape;25238,25;25238,5;-0,25;-0,0009905501515541733;99,0;49,0;2,020408163265306;13;85,0;30,0;29,0;9,0;0,8585858585858586;0,6122448979591837
2025-10-09 18:43:47.296;d_shape;25238,25;25238,5;-0,25;-0,0009905501515541733;105,0;50,0;2,1;13;91,0;30,0;29,0;9,0;0,8666666666666667;0,6
2025-10-09 18:43:47.320;d_shape;25238,25;25238,5;-0,25;-0,0009905501515541733;106,0;57,0;1,8596491228070176;13;92,0;30,0;29,0;9,0;0,8679245283018868;0,5263157894736842
2025-10-09 18:43:47.324;d_shape;25238,0;25238,25;-0,25;-0,0009905599635473934;113,0;57,0;1,9824561403508771;13;99,0;30,0;29,0;9,0;0,8761061946902655;0,5263157894736842
2025-10-09 18:43:47.612;d_shape;25238,0;25238,25;-0,25;-0,0009905599635473934;119,0;56,0;2,125;13;105,0;30,0;33,0;9,0;0,8823529411764706;0,5357142857142857
2025-10-09 18:43:48.032;d_shape;25238,25;25238,5;-0,25;-0,0009905501515541733;115,0;57,0;2,017543859649123;13;101,0;30,0;34,0;9,0;0,8782608695652174;0,5263157894736842
2025-10-09 18:43:48.228;d_shape;25238,0;25238,25;-0,25;-0,0009905599635473934;116,0;57,0;2,0350877192982457;13;102,0;30,0;35,0;9,0;0,8793103448275862;0,5263157894736842
2025-10-09 18:45:11.276;p_shape;25242,25;25242,0;0,25;0,000990412804056731;47,0;60,0;0,7833333333333333;20;30,0;50,0;8,0;20,0;0,6382978723404256;0,8333333333333334
2025-10-09 18:45:11.280;p_shape;25242,5;25242,25;0,25;0,0009904029949786568;47,0;61,0;0,7704918032786885;21;31,0;51,0;8,0;20,0;0,6595744680851063;0,8360655737704918
2025-10-09 18:45:11.548;p_shape;25242,5;25241,75;0,75;0,002971267839987323;47,0;63,0;0,746031746031746;21;31,0;53,0;8,0;20,0;0,6595744680851063;0,8412698412698413
2025-10-09 18:45:12.856;p_shape;25242,5;25241,25;1,25;0,0049522111622839595;34,0;36,0;0,9444444444444444;15;19,0;35,0;8,0;20,0;0,5588235294117647;0,9722222222222222
2025-10-09 18:45:12.916;p_shape;25242,75;25242,5;0,25;0,0009903931860948797;35,0;36,0;0,9722222222222222;15;19,0;35,0;8,0;20,0;0,5428571428571428;0,9722222222222222
2025-10-09 18:45:12.964;p_shape;25243,0;25242,75;0,25;0,0009903833774053935;41,0;37,0;1,1081081081081081;17;19,0;36,0;8,0;20,0;0,4634146341463415;0,972972972972973
2025-10-09 18:45:12.980;p_shape;25243,25;25243,0;0,25;0,000990373568910193;46,0;38,0;1,2105263157894737;17;19,0;37,0;8,0;20,0;0,41304347826086957;0,9736842105263158
2025-10-09 18:45:13.000;p_shape;25243,5;25243,25;0,25;0,000990363760609272;46,0;40,0;1,15;18;19,0;38,0;8,0;20,0;0,41304347826086957;0,95
2025-10-09 18:45:13.884;p_shape;25243,5;25243,0;0,5;0,001980747137820386;43,0;44,0;0,9772727272727273;17;21,0;43,0;8,0;20,0;0,4883720930232558;0,9772727272727273
2025-10-09 18:45:14.028;p_shape;25242,5;25242,25;0,25;0,0009904029949786568;46,0;47,0;0,9787234042553191;17;21,0;46,0;8,0;20,0;0,45652173913043476;0,9787234042553191
2025-10-09 18:45:14.528;p_shape;25244,25;25242,5;1,75;0,006932752302664158;35,0;75,0;0,4666666666666667;17;19,0;63,0;7,0;20,0;0,5428571428571428;0,84
2025-10-09 18:45:29.704;p_shape;25253,25;25252,5;0,75;0,00297000297000297;91,0;76,0;1,1973684210526316;15;38,0;69,0;8,0;22,0;0,4175824175824176;0,9078947368421053
2025-10-09 18:45:30.472;p_shape;25253,0;25252,75;0,25;0,0009899911890784172;72,0;84,0;0,8571428571428571;12;20,0;71,0;6,0;25,0;0,2777777777777778;0,8452380952380952
2025-10-09 18:45:30.652;p_shape;25253,25;25253,0;0,25;0,000989981388349899;72,0;92,0;0,782608695652174;12;20,0;79,0;6,0;32,0;0,2777777777777778;0,8586956521739131
2025-10-09 18:45:31.132;p_shape;25252,75;25252,5;0,25;0,00099000099000099;75,0;96,0;0,78125;11;38,0;86,0;21,0;34,0;0,5066666666666667;0,8958333333333334
2025-10-09 18:45:45.348;p_shape;25252,0;25251,75;0,25;0,0009900303939330939;58,0;35,0;1,6571428571428573;12;12,0;31,0;7,0;20,0;0,20689655172413793;0,8857142857142857
2025-10-09 18:46:02.676;d_shape;25249,0;25249,25;-0,25;-0,0009901284196560294;65,0;35,0;1,8571428571428572;10;58,0;22,0;22,0;11,0;0,8923076923076924;0,6285714285714286
2025-10-09 18:46:04.952;d_shape;25248,0;25248,5;-0,5;-0,0019803156623165734;77,0;33,0;2,3333333333333335;11;55,0;27,0;26,0;13,0;0,7142857142857143;0,8181818181818182
2025-10-09 18:47:12.748;p_shape;25247,25;25247,0;0,25;0,0009902166594050778;56,0;36,0;1,5555555555555556;17;38,0;35,0;22,0;21,0;0,6785714285714286;0,9722222222222222
2025-10-09 18:47:12.876;p_shape;25247,5;25247,0;0,5;0,0019804333188101556;56,0;41,0;1,3658536585365855;17;38,0;40,0;22,0;21,0;0,6785714285714286;0,975609756097561
2025-10-09 18:47:13.064;p_shape;25247,25;25247,0;0,25;0,0009902166594050778;56,0;48,0;1,1666666666666667;16;38,0;48,0;22,0;27,0;0,6785714285714286;1,0
2025-10-09 18:47:15.028;p_shape;25247,25;25246,75;0,5;0,001980452929584996;50,0;63,0;0,7936507936507936;13;36,0;63,0;22,0;28,0;0,72;1,0
2025-10-09 18:47:29.348;p_shape;25253,75;25253,5;0,25;0,0009899617874750035;22,0;76,0;0,2894736842105263;11;18,0;57,0;7,0;21,0;0,8181818181818182;0,75
2025-10-09 18:47:29.412;p_shape;25253,75;25253,5;0,25;0,0009899617874750035;23,0;76,0;0,3026315789473684;11;18,0;58,0;7,0;21,0;0,782608695652174;0,7631578947368421
2025-10-09 18:47:29.840;p_shape;25254,0;25253,75;0,25;0,0009899519873286145;23,0;91,0;0,25274725274725274;12;16,0;68,0;7,0;21,0;0,6956521739130435;0,7472527472527473
2025-10-09 18:47:30.656;p_shape;25253,5;25253,25;0,25;0,0009899715878154297;27,0;91,0;0,2967032967032967;12;15,0;71,0;7,0;21,0;0,5555555555555556;0,7802197802197802
2025-10-09 18:50:11.228;p_shape;25259,5;25259,25;0,25;0,0009897364331878421;92,0;82,0;1,1219512195121952;14;31,0;63,0;12,0;20,0;0,33695652173913043;0,7682926829268293
2025-10-09 18:50:11.260;p_shape;25259,75;25259,5;0,25;0,0009897266375027219;92,0;83,0;1,108433734939759;14;31,0;64,0;12,0;20,0;0,33695652173913043;0,7710843373493976
2025-10-09 18:50:11.792;p_shape;25259,5;25259,25;0,25;0,0009897364331878421;92,0;88,0;1,0454545454545454;14;31,0;70,0;12,0;23,0;0,33695652173913043;0,7954545454545454
2025-10-09 18:51:19.636;d_shape;25250,5;25250,75;-0,25;-0,0009900696018930132;44,0;45,0;0,9777777777777777;15;33,0;24,0;21,0;10,0;0,75;0,5333333333333333
2025-10-09 18:51:20.264;d_shape;25250,5;25251,0;-0,5;-0,0019801195992237932;45,0;47,0;0,9574468085106383;15;34,0;24,0;21,0;10,0;0,7555555555555555;0,5106382978723404
2025-10-09 18:51:21.364;d_shape;25250,25;25251,0;-0,75;-0,0029701793988356896;39,0;54,0;0,7222222222222222;13;35,0;37,0;21,0;14,0;0,8974358974358975;0,6851851851851852
2025-10-09 18:54:39.296;p_shape;25239,75;25239,0;0,75;0,002971591584452633;150,0;84,0;1,7857142857142858;18;138,0;79,0;33,0;23,0;0,92;0,9404761904761905
2025-10-09 18:55:00.804;d_shape;25227,0;25227,25;-0,25;-0,0009909918837764718;98,0;40,0;2,45;14;80,0;40,0;21,0;12,0;0,8163265306122449;1,0
2025-10-09 18:55:03.668;d_shape;25227,0;25227,25;-0,25;-0,0009909918837764718;113,0;27,0;4,185185185185185;13;86,0;20,0;21,0;5,0;0,7610619469026548;0,7407407407407407
2025-10-09 18:55:03.672;d_shape;25226,75;25227,0;-0,25;-0,0009910017045229318;113,0;28,0;4,035714285714286;13;86,0;20,0;21,0;5,0;0,7610619469026548;0,7142857142857143
2025-10-09 18:55:30.224;d_shape;25226,75;25227,0;-0,25;-0,0009910017045229318;34,0;47,0;0,723404255319149;10;29,0;20,0;23,0;6,0;0,8529411764705882;0,425531914893617
2025-10-09 18:55:30.236;d_shape;25226,5;25226,75;-0,25;-0,0009910115254640412;34,0;48,0;0,7083333333333334;11;29,0;36,0;23,0;16,0;0,8529411764705882;0,75
2025-10-09 18:55:30.240;d_shape;25226,25;25226,5;-0,25;-0,0009910213465998056;34,0;49,0;0,6938775510204082;12;29,0;36,0;23,0;16,0;0,8529411764705882;0,7346938775510204
2025-10-09 18:55:35.716;p_shape;25226,0;25225,75;0,25;0,000991050811175089;28,0;80,0;0,35;14;21,0;61,0;8,0;23,0;0,75;0,7625
2025-10-09 18:55:35.924;p_shape;25226,25;25225,5;0,75;0,002973181899268597;28,0;89,0;0,3146067415730337;15;22,0;70,0;8,0;23,0;0,7857142857142857;0,7865168539325843
2025-10-09 18:55:43.104;p_shape;25228,0;25227,75;0,25;0,0009909722428674773;34,0;61,0;0,5573770491803278;16;21,0;56,0;5,0;21,0;0,6176470588235294;0,9180327868852459
2025-10-09 18:55:43.184;p_shape;25228,25;25228,0;0,25;0,0009909624227049311;34,0;63,0;0,5396825396825397;16;21,0;58,0;5,0;21,0;0,6176470588235294;0,9206349206349206
2025-10-09 18:55:43.580;p_shape;25228,5;25227,75;0,75;0,002972916728602432;29,0;67,0;0,43283582089552236;12;29,0;62,0;11,0;21,0;1,0;0,9253731343283582
2025-10-09 18:56:06.112;p_shape;25229,5;25229,25;0,25;0,0009909133248114789;71,0;68,0;1,0441176470588236;14;39,0;60,0;10,0;23,0;0,5492957746478874;0,8823529411764706
2025-10-09 18:56:06.296;p_shape;25229,75;25229,5;0,25;0,0009909035058166035;71,0;69,0;1,0289855072463767;14;39,0;61,0;10,0;23,0;0,5492957746478874;0,8840579710144928
2025-10-09 18:56:06.740;p_shape;25229,25;25229,0;0,25;0,0009909231440009512;53,0;78,0;0,6794871794871795;11;47,0;65,0;14,0;25,0;0,8867924528301887;0,8333333333333334
2025-10-09 18:56:07.396;p_shape;25229,25;25228,5;0,75;0,002972828348891135;57,0;77,0;0,7402597402597403;10;47,0;67,0;15,0;25,0;0,8245614035087719;0,8701298701298701
2025-10-09 18:56:16.872;d_shape;25223,75;25224,0;-0,25;-0,0009911195686647637;40,0;58,0;0,6896551724137931;16;33,0;19,0;26,0;5,0;0,825;0,3275862068965517
2025-10-09 18:56:17.152;d_shape;25223,5;25223,75;-0,25;-0,0009911293919421182;44,0;56,0;0,7857142857142857;17;37,0;27,0;28,0;10,0;0,8409090909090909;0,48214285714285715
2025-10-09 18:56:17.156;d_shape;25223,25;25223,5;-0,25;-0,0009911392154141972;50,0;56,0;0,8928571428571429;18;42,0;27,0;28,0;10,0;0,84;0,48214285714285715
2025-10-09 18:56:17.164;d_shape;25223,25;25223,5;-0,25;-0,0009911392154141972;56,0;56,0;1,0;18;48,0;27,0;28,0;10,0;0,8571428571428571;0,48214285714285715
2025-10-09 18:56:17.620;d_shape;25223,75;25224,0;-0,25;-0,0009911195686647637;60,0;55,0;1,0909090909090908;17;52,0;30,0;30,0;10,0;0,8666666666666667;0,5454545454545454
2025-10-09 18:56:39.068;p_shape;25224,25;25223,75;0,5;0,0019822587838842364;92,0;95,0;0,968421052631579;13;46,0;95,0;11,0;36,0;0,5;1,0
2025-10-09 18:56:39.188;p_shape;25224,25;25224,0;0,25;0,0009911195686647637;92,0;99,0;0,9292929292929293;13;46,0;99,0;11,0;36,0;0,5;1,0
2025-10-09 18:56:39.684;p_shape;25224,25;25223,75;0,5;0,0019822587838842364;92,0;103,0;0,8932038834951457;12;37,0;103,0;11,0;37,0;0,40217391304347827;1,0
2025-10-09 18:56:39.880;p_shape;25224,0;25223,75;0,25;0,0009911293919421182;92,0;105,0;0,8761904761904762;12;37,0;105,0;11,0;38,0;0,40217391304347827;1,0
2025-10-09 18:56:41.396;p_shape;25223,75;25223,5;0,25;0,0009911392154141972;64,0;67,0;0,9552238805970149;12;32,0;67,0;11,0;24,0;0,5;1,0
2025-10-09 18:57:17.440;d_shape;25222,5;25224,0;-1,5;-0,005946717411988583;49,0;45,0;1,0888888888888888;11;44,0;19,0;32,0;6,0;0,8979591836734694;0,4222222222222222
2025-10-09 18:57:17.456;d_shape;25221,75;25222,5;-0,75;-0,0029735355337496285;63,0;46,0;1,3695652173913044;13;53,0;25,0;42,0;6,0;0,8412698412698413;0,5434782608695652
2025-10-09 18:57:17.464;d_shape;25221,5;25221,75;-0,25;-0,0009912079851715286;67,0;46,0;1,4565217391304348;14;56,0;25,0;42,0;6,0;0,835820895522388;0,5434782608695652
2025-10-09 18:57:17.480;d_shape;25221,75;25222,0;-0,25;-0,0009911981603362143;72,0;46,0;1,565217391304348;14;61,0;25,0;42,0;6,0;0,8472222222222222;0,5434782608695652
2025-10-09 18:57:18.204;d_shape;25222,0;25222,75;-0,75;-0,002973506060996521;63,0;63,0;1,0;14;52,0;18,0;37,0;6,0;0,8253968253968254;0,2857142857142857
2025-10-09 18:57:18.316;d_shape;25222,25;25222,5;-0,25;-0,000991178511249876;63,0;65,0;0,9692307692307692;14;52,0;18,0;37,0;6,0;0,8253968253968254;0,27692307692307694
2025-10-09 18:57:18.844;d_shape;25222,0;25222,75;-0,75;-0,002973506060996521;57,0;66,0;0,8636363636363636;14;50,0;17,0;37,0;6,0;0,8771929824561403;0,25757575757575757
2025-10-09 18:57:19.152;d_shape;25222,25;25222,5;-0,25;-0,000991178511249876;55,0;69,0;0,7971014492753623;14;50,0;17,0;37,0;6,0;0,9090909090909091;0,2463768115942029
2025-10-09 18:57:19.928;d_shape;25221,25;25223,0;-1,75;-0,006938112040597868;59,0;102,0;0,5784313725490197;13;54,0;48,0;37,0;21,0;0,9152542372881356;0,47058823529411764
2025-10-09 18:57:20.084;d_shape;25221,0;25221,25;-0,25;-0,0009912276354264757;59,0;105,0;0,5619047619047619;14;54,0;48,0;37,0;21,0;0,9152542372881356;0,45714285714285713
2025-10-09 18:57:20.324;d_shape;25221,0;25221,5;-0,5;-0,0019824356204032278;59,0;112,0;0,5267857142857143;13;54,0;62,0;37,0;21,0;0,9152542372881356;0,5535714285714286
2025-10-09 18:57:47.600;d_shape;25211,5;25211,75;-0,25;-0,0009916011383581068;68,0;261,0;0,26053639846743293;37;61,0;143,0;22,0;17,0;0,8970588235294118;0,5478927203065134
2025-10-09 18:57:47.800;d_shape;25212,75;25213,0;-0,25;-0,0009915519771546426;81,0;261,0;0,3103448275862069;37;74,0;143,0;22,0;17,0;0,9135802469135802;0,5478927203065134
2025-10-09 18:57:47.844;d_shape;25212,75;25213,25;-0,5;-0,0019830842909977888;83,0;261,0;0,31800766283524906;37;76,0;143,0;22,0;17,0;0,9156626506024096;0,5478927203065134
2025-10-09 18:57:47.916;d_shape;25213,0;25213,25;-0,25;-0,0009915421454988944;87,0;261,0;0,3333333333333333;37;80,0;143,0;22,0;17,0;0,9195402298850575;0,5478927203065134
2025-10-09 18:57:48.084;d_shape;25213,0;25213,5;-0,5;-0,001983064628076229;88,0;261,0;0,3371647509578544;37;81,0;141,0;22,0;17,0;0,9204545454545454;0,5402298850574713
2025-10-09 18:57:48.264;d_shape;25213,25;25213,75;-0,5;-0,0019830449655445937;93,0;261,0;0,3563218390804598;37;86,0;141,0;22,0;17,0;0,9247311827956989;0,5402298850574713
2025-10-09 18:57:48.368;d_shape;25213,0;25213,25;-0,25;-0,0009915421454988944;109,0;261,0;0,41762452107279696;37;102,0;141,0;22,0;17,0;0,9357798165137615;0,5402298850574713
2025-10-09 18:57:50.288;d_shape;25213,5;25213,75;-0,25;-0,0009915224827722969;137,0;260,0;0,5269230769230769;36;137,0;123,0;22,0;17,0;1,0;0,47307692307692306
2025-10-09 18:57:50.588;d_shape;25213,0;25213,75;-0,75;-0,0029745674483168906;139,0;262,0;0,5305343511450382;35;139,0;127,0;22,0;17,0;1,0;0,4847328244274809
2025-10-09 18:57:53.008;d_shape;25211,75;25212,0;-0,25;-0,0009915913057274314;152,0;34,0;4,470588235294118;15;110,0;29,0;58,0;8,0;0,7236842105263158;0,8529411764705882
2025-10-09 18:57:53.488;d_shape;25212,0;25212,25;-0,25;-0,000991581473291753;131,0;36,0;3,638888888888889;16;97,0;29,0;58,0;8,0;0,7404580152671756;0,8055555555555556
2025-10-09 18:57:53.612;d_shape;25211,75;25212,0;-0,25;-0,0009915913057274314;131,0;39,0;3,358974358974359;16;99,0;29,0;58,0;8,0;0,7557251908396947;0,7435897435897436
2025-10-09 18:57:54.096;d_shape;25211,5;25212,0;-0,5;-0,001983182611454863;127,0;43,0;2,953488372093023;16;100,0;29,0;58,0;8,0;0,7874015748031497;0,6744186046511628
2025-10-09 18:57:54.304;d_shape;25211,75;25212,0;-0,25;-0,0009915913057274314;115,0;41,0;2,8048780487804876;16;105,0;27,0;58,0;8,0;0,9130434782608695;0,6585365853658537
2025-10-09 18:57:54.324;d_shape;25211,5;25211,75;-0,25;-0,0009916011383581068;117,0;41,0;2,8536585365853657;16;107,0;27,0;58,0;8,0;0,9145299145299145;0,6585365853658537
2025-10-09 18:57:54.436;d_shape;25211,5;25212,0;-0,5;-0,001983182611454863;114,0;41,0;2,7804878048780486;16;109,0;27,0;58,0;8,0;0,956140350877193;0,6585365853658537
2025-10-09 18:57:54.528;d_shape;25211,25;25211,5;-0,25;-0,0009916109711837853;119,0;41,0;2,902439024390244;16;114,0;27,0;58,0;8,0;0,957983193277311;0,6585365853658537
2025-10-09 18:57:54.780;d_shape;25211,5;25211,75;-0,25;-0,0009916011383581068;122,0;41,0;2,975609756097561;16;117,0;27,0;58,0;8,0;0,9590163934426229;0,6585365853658537
2025-10-09 18:57:54.940;d_shape;25212,0;25212,5;-0,5;-0,001983143282102132;123,0;51,0;2,411764705882353;17;118,0;26,0;58,0;8,0;0,959349593495935;0,5098039215686274
2025-10-09 18:57:55.012;d_shape;25211,75;25212,0;-0,25;-0,0009915913057274314;125,0;48,0;2,6041666666666665;15;118,0;24,0;58,0;8,0;0,944;0,5
2025-10-09 18:57:55.340;d_shape;25211,75;25212,0;-0,25;-0,0009915913057274314;125,0;38,0;3,289473684210526;13;119,0;18,0;58,0;6,0;0,952;0,47368421052631576
2025-10-09 18:57:56.520;d_shape;25211,5;25212,0;-0,5;-0,001983182611454863;120,0;46,0;2,608695652173913;10;119,0;14,0;58,0;7,0;0,9916666666666667;0,30434782608695654
2025-10-09 18:57:56.588;d_shape;25210,75;25212,0;-1,25;-0,004957956528637157;120,0;55,0;2,1818181818181817;11;119,0;42,0;58,0;28,0;0,9916666666666667;0,7636363636363637
2025-10-09 18:57:56.592;d_shape;25210,5;25210,75;-0,25;-0,0009916404708308956;120,0;57,0;2,1052631578947367;12;113,0;42,0;58,0;28,0;0,9416666666666667;0,7368421052631579
2025-10-09 18:57:56.692;d_shape;25210,25;25210,75;-0,5;-0,001983280941661791;124,0;59,0;2,1016949152542375;12;96,0;46,0;58,0;28,0;0,7741935483870968;0,7796610169491526
2025-10-09 18:57:56.804;d_shape;25210,5;25210,75;-0,25;-0,0009916404708308956;124,0;66,0;1,878787878787879;12;96,0;46,0;58,0;28,0;0,7741935483870968;0,696969696969697
2025-10-09 18:57:57.032;d_shape;25210,25;25210,5;-0,25;-0,0009916503044366434;125,0;66,0;1,893939393939394;11;98,0;50,0;58,0;28,0;0,784;0,7575757575757576
2025-10-09 18:57:57.716;d_shape;25210,25;25210,75;-0,5;-0,001983280941661791;127,0;69,0;1,8405797101449275;11;91,0;51,0;58,0;27,0;0,7165354330708661;0,7391304347826086
2025-10-09 18:57:57.784;d_shape;25210,5;25211,0;-0,5;-0,0019832612748403476;128,0;71,0;1,8028169014084507;11;92,0;51,0;58,0;27,0;0,71875;0,7183098591549296
2025-10-09 18:58:08.704;d_shape;25201,75;25202,5;-0,75;-0,002975895248487253;120,0;251,0;0,47808764940239046;45;103,0;162,0;20,0;26,0;0,8583333333333333;0,6454183266932271
2025-10-09 18:58:08.744;d_shape;25204,0;25204,5;-0,5;-0,0019837727389950205;143,0;262,0;0,5458015267175572;45;126,0;162,0;27,0;26,0;0,8811188811188811;0,6183206106870229
2025-10-09 18:58:08.836;d_shape;25204,5;25204,75;-0,25;-0,000991876531209395;143,0;277,0;0,516245487364621;45;126,0;159,0;27,0;26,0;0,8811188811188811;0,5740072202166066
2025-10-09 18:58:08.868;d_shape;25204,25;25204,5;-0,25;-0,0009918863694975103;144,0;277,0;0,51985559566787;45;127,0;159,0;28,0;26,0;0,8819444444444444;0,5740072202166066
2025-10-09 18:58:09.016;d_shape;25204,25;25204,5;-0,25;-0,0009918863694975103;144,0;280,0;0,5142857142857142;44;123,0;156,0;28,0;26,0;0,8541666666666666;0,5571428571428572
2025-10-09 18:58:09.344;d_shape;25204,25;25204,75;-0,5;-0,00198375306241879;144,0;288,0;0,5;43;123,0;166,0;28,0;26,0;0,8541666666666666;0,5763888888888888
2025-10-09 18:58:09.360;d_shape;25204,5;25204,75;-0,25;-0,000991876531209395;144,0;292,0;0,4931506849315068;43;123,0;166,0;28,0;26,0;0,8541666666666666;0,5684931506849316
2025-10-09 18:58:09.732;d_shape;25204,25;25205,0;-0,75;-0,0029756000793493354;144,0;304,0;0,47368421052631576;43;123,0;166,0;28,0;26,0;0,8541666666666666;0,5460526315789473
2025-10-09 18:58:09.908;d_shape;25204,0;25204,5;-0,5;-0,0019837727389950205;144,0;302,0;0,4768211920529801;39;123,0;168,0;28,0;26,0;0,8541666666666666;0,5562913907284768
2025-10-09 18:58:09.912;d_shape;25203,5;25204,0;-0,5;-0,0019838120933185206;144,0;304,0;0,47368421052631576;39;123,0;168,0;28,0;26,0;0,8541666666666666;0,5526315789473685
2025-10-09 18:58:09.916;d_shape;25203,25;25203,5;-0,25;-0,000991925724601742;144,0;305,0;0,4721311475409836;39;123,0;168,0;28,0;26,0;0,8541666666666666;0,5508196721311476
2025-10-09 18:58:09.928;d_shape;25201,75;25203,25;-1,5;-0,005951613383194628;144,0;326,0;0,44171779141104295;39;123,0;168,0;28,0;26,0;0,8541666666666666;0,5153374233128835
2025-10-09 18:58:09.944;d_shape;25201,75;25202,0;-0,25;-0,0009919847631140385;144,0;333,0;0,43243243243243246;40;117,0;168,0;28,0;26,0;0,8125;0,5045045045045045
2025-10-09 18:58:09.948;d_shape;25201,5;25201,75;-0,25;-0,0009919946035493567;144,0;341,0;0,4222873900293255;40;117,0;168,0;28,0;26,0;0,8125;0,49266862170087977
2025-10-09 18:58:09.960;d_shape;25201,5;25202,0;-0,5;-0,001983969526228077;144,0;346,0;0,4161849710982659;40;117,0;168,0;28,0;26,0;0,8125;0,48554913294797686
2025-10-09 18:58:10.016;d_shape;25201,25;25201,5;-0,25;-0,00099200444417991;144,0;350,0;0,4114285714285714;40;117,0;177,0;28,0;26,0;0,8125;0,5057142857142857
2025-10-09 18:58:10.036;d_shape;25201,5;25201,75;-0,25;-0,0009919946035493567;144,0;351,0;0,41025641025641024;39;117,0;182,0;28,0;26,0;0,8125;0,5185185185185185
2025-10-09 18:58:10.076;d_shape;25200,75;25201,5;-0,75;-0,0029760133325397297;145,0;383,0;0,3785900783289817;41;118,0;191,0;28,0;26,0;0,8137931034482758;0,49869451697127937
2025-10-09 18:58:10.144;d_shape;25201,0;25201,25;-0,25;-0,0009920142850057042;147,0;390,0;0,3769230769230769;41;120,0;190,0;28,0;26,0;0,8163265306122449;0,48717948717948717
2025-10-09 18:58:10.168;d_shape;25200,75;25201,0;-0,25;-0,000992024126026745;149,0;388,0;0,38402061855670105;41;122,0;188,0;28,0;26,0;0,8187919463087249;0,4845360824742268
2025-10-09 18:58:10.236;d_shape;25200,75;25201,0;-0,25;-0,000992024126026745;152,0;389,0;0,390745501285347;41;125,0;188,0;28,0;26,0;0,8223684210526315;0,4832904884318766
2025-10-09 18:58:10.248;d_shape;25200,5;25200,75;-0,25;-0,0009920339672430383;157,0;389,0;0,40359897172236503;42;130,0;188,0;28,0;26,0;0,8280254777070064;0,4832904884318766
2025-10-09 18:58:10.272;d_shape;25200,25;25200,75;-0,5;-0,0019840679344860766;159,0;389,0;0,4087403598971722;43;132,0;198,0;28,0;26,0;0,8301886792452831;0,5089974293059126
2025-10-09 18:58:10.324;d_shape;25200,5;25200,75;-0,25;-0,0009920339672430383;163,0;389,0;0,4190231362467866;43;136,0;198,0;28,0;26,0;0,8343558282208589;0,5089974293059126
2025-10-09 18:58:10.600;d_shape;25201,25;25201,5;-0,25;-0,00099200444417991;171,0;400,0;0,4275;41;144,0;207,0;28,0;26,0;0,8421052631578947;0,5175
2025-10-09 18:58:10.604;d_shape;25200,75;25201,25;-0,5;-0,0019840285700114084;173,0;401,0;0,4314214463840399;41;146,0;207,0;28,0;26,0;0,8439306358381503;0,516209476309227
2025-10-09 18:58:10.608;d_shape;25200,5;25200,75;-0,25;-0,0009920339672430383;178,0;401,0;0,44389027431421446;41;151,0;207,0;28,0;26,0;0,848314606741573;0,516209476309227
2025-10-09 18:58:10.628;d_shape;25200,75;25201,0;-0,25;-0,000992024126026745;187,0;403,0;0,4640198511166253;41;160,0;207,0;28,0;26,0;0,8556149732620321;0,5136476426799007
2025-10-09 18:58:10.648;d_shape;25200,5;25200,75;-0,25;-0,0009920339672430383;190,0;402,0;0,472636815920398;40;163,0;206,0;28,0;26,0;0,8578947368421053;0,5124378109452736
2025-10-09 18:58:10.708;d_shape;25200,25;25200,5;-0,25;-0,00099204380865459;199,0;369,0;0,5392953929539296;35;172,0;247,0;28,0;32,0;0,864321608040201;0,6693766937669376
2025-10-09 18:58:10.812;d_shape;25200,25;25201,0;-0,75;-0,002976072378080235;231,0;340,0;0,6794117647058824;35;204,0;227,0;37,0;32,0;0,8831168831168831;0,6676470588235294
2025-10-09 18:58:10.892;d_shape;25201,0;25201,25;-0,25;-0,0009920142850057042;232,0;344,0;0,6744186046511628;35;205,0;225,0;37,0;32,0;0,8836206896551724;0,6540697674418605
2025-10-09 18:58:10.916;d_shape;25200,75;25201,0;-0,25;-0,000992024126026745;234,0;338,0;0,6923076923076923;34;179,0;219,0;37,0;32,0;0,7649572649572649;0,6479289940828402
2025-10-09 18:58:11.056;d_shape;25200,25;25200,75;-0,5;-0,0019840679344860766;232,0;339,0;0,6843657817109144;34;179,0;214,0;37,0;32,0;0,771551724137931;0,6312684365781711
2025-10-09 18:58:11.064;d_shape;25200,0;25200,25;-0,25;-0,000992053650261406;231,0;370,0;0,6243243243243243;34;179,0;212,0;37,0;32,0;0,7748917748917749;0,572972972972973
2025-10-09 18:58:11.068;d_shape;25199,75;25200,0;-0,25;-0,000992063492063492;229,0;370,0;0,6189189189189189;35;179,0;212,0;37,0;32,0;0,7816593886462883;0,572972972972973
2025-10-09 18:58:11.076;d_shape;25199,5;25199,75;-0,25;-0,0009920733340608538;229,0;381,0;0,6010498687664042;36;169,0;212,0;37,0;32,0;0,7379912663755459;0,5564304461942258
2025-10-09 18:58:11.080;d_shape;25199,25;25199,5;-0,25;-0,0009920831762534972;229,0;384,0;0,5963541666666666;37;169,0;213,0;37,0;32,0;0,7379912663755459;0,5546875
2025-10-09 18:58:11.228;d_shape;25200,0;25200,25;-0,25;-0,000992053650261406;229,0;395,0;0,579746835443038;36;165,0;210,0;37,0;32,0;0,7205240174672489;0,5316455696202531
2025-10-09 18:58:11.376;d_shape;25200,0;25200,75;-0,75;-0,002976101901729115;229,0;400,0;0,5725;36;165,0;192,0;37,0;32,0;0,7205240174672489;0,48
2025-10-09 18:58:11.440;d_shape;25199,75;25200,0;-0,25;-0,000992063492063492;226,0;399,0;0,5664160401002506;36;165,0;190,0;37,0;32,0;0,7300884955752213;0,47619047619047616
2025-10-09 18:58:11.516;d_shape;25199,75;25200,0;-0,25;-0,000992063492063492;225,0;402,0;0,5597014925373134;36;165,0;189,0;37,0;32,0;0,7333333333333333;0,4701492537313433
2025-10-09 18:58:11.540;d_shape;25199,75;25200,0;-0,25;-0,000992063492063492;225,0;405,0;0,5555555555555556;36;165,0;189,0;37,0;32,0;0,7333333333333333;0,4666666666666667
2025-10-09 18:58:11.600;d_shape;25200,0;25200,25;-0,25;-0,000992053650261406;225,0;407,0;0,5528255528255528;36;165,0;189,0;37,0;32,0;0,7333333333333333;0,4643734643734644
2025-10-09 18:58:11.792;d_shape;25199,75;25200,0;-0,25;-0,000992063492063492;223,0;410,0;0,5439024390243903;36;165,0;188,0;37,0;32,0;0,7399103139013453;0,4585365853658537
2025-10-09 18:58:11.824;d_shape;25199,5;25199,75;-0,25;-0,0009920733340608538;223,0;413,0;0,5399515738498789;36;165,0;187,0;37,0;32,0;0,7399103139013453;0,45278450363196127
2025-10-09 18:58:11.832;d_shape;25199,0;25199,5;-0,5;-0,0019841663525069944;223,0;428,0;0,5210280373831776;37;165,0;188,0;37,0;32,0;0,7399103139013453;0,4392523364485981
2025-10-09 18:58:12.372;d_shape;25197,75;25198,0;-0,25;-0,0009921422335105962;308,0;471,0;0,6539278131634819;46;217,0;188,0;37,0;32,0;0,7045454545454546;0,3991507430997877
2025-10-09 18:58:12.608;d_shape;25199,0;25199,25;-0,25;-0,000992093018641428;327,0;453,0;0,7218543046357616;46;236,0;170,0;37,0;32,0;0,7217125382262997;0,37527593818984545
2025-10-09 18:58:15.032;p_shape;25201,75;25201,25;0,5;0,0019840285700114084;284,0;310,0;0,9161290322580645;22;133,0;241,0;27,0;46,0;0,46830985915492956;0,7774193548387097
2025-10-09 18:58:15.036;p_shape;25202,0;25201,75;0,25;0,0009919946035493567;284,0;310,0;0,9161290322580645;23;146,0;241,0;27,0;46,0;0,5140845070422535;0,7774193548387097
2025-10-09 18:58:15.100;p_shape;25202,25;25202,0;0,25;0,0009919847631140385;281,0;280,0;1,0035714285714286;23;146,0;211,0;27,0;46,0;0,5195729537366548;0,7535714285714286
2025-10-09 18:58:15.656;p_shape;25202,5;25202,0;0,5;0,001983969526228077;232,0;294,0;0,7891156462585034;25;160,0;208,0;27,0;46,0;0,6896551724137931;0,7074829931972789
2025-10-09 18:58:15.660;p_shape;25202,75;25202,5;0,25;0,0009919650828290846;232,0;298,0;0,7785234899328859;25;160,0;212,0;27,0;46,0;0,6896551724137931;0,7114093959731543
2025-10-09 18:58:15.700;p_shape;25202,25;25201,0;1,25;0,004960120630133725;241,0;338,0;0,7130177514792899;25;160,0;252,0;27,0;46,0;0,6639004149377593;0,7455621301775148
2025-10-09 18:58:15.732;p_shape;25201,75;25201,5;0,25;0,00099200444417991;240,0;345,0;0,6956521739130435;25;160,0;259,0;27,0;46,0;0,6666666666666666;0,7507246376811594
2025-10-09 18:58:15.772;p_shape;25201,75;25201,5;0,25;0,00099200444417991;231,0;348,0;0,6637931034482759;25;160,0;262,0;27,0;46,0;0,6926406926406926;0,7528735632183908
2025-10-09 18:58:15.804;p_shape;25202,0;25201,75;0,25;0,0009919946035493567;228,0;350,0;0,6514285714285715;25;160,0;264,0;27,0;46,0;0,7017543859649122;0,7542857142857143
2025-10-09 18:58:15.944;p_shape;25202,0;25201,75;0,25;0,0009919946035493567;205,0;346,0;0,5924855491329479;25;160,0;260,0;27,0;46,0;0,7804878048780488;0,7514450867052023
2025-10-09 18:58:16.152;p_shape;25201,5;25201,25;0,25;0,0009920142850057042;205,0;285,0;0,7192982456140351;25;160,0;214,0;27,0;30,0;0,7804878048780488;0,7508771929824561
2025-10-09 18:58:16.420;p_shape;25201,5;25201,0;0,5;0,00198404825205349;205,0;278,0;0,737410071942446;25;160,0;207,0;27,0;30,0;0,7804878048780488;0,7446043165467626
2025-10-09 18:58:16.468;p_shape;25201,75;25201,5;0,25;0,00099200444417991;205,0;277,0;0,740072202166065;25;160,0;206,0;27,0;31,0;0,7804878048780488;0,7436823104693141
2025-10-09 18:58:27.344;p_shape;25202,75;25202,25;0,5;0,0019839498457478993;183,0;106,0;1,7264150943396226;15;135,0;92,0;30,0;21,0;0,7377049180327869;0,8679245283018868
2025-10-09 18:58:27.404;p_shape;25203,5;25202,75;0,75;0,00297586572893831;183,0;108,0;1,6944444444444444;15;135,0;94,0;30,0;21,0;0,7377049180327869;0,8703703703703703
2025-10-09 18:58:27.720;p_shape;25203,0;25202,5;0,5;0,001983930165658169;162,0;115,0;1,4086956521739131;15;113,0;101,0;26,0;22,0;0,6975308641975309;0,8782608695652174
2025-10-09 18:58:27.740;p_shape;25203,5;25203,0;0,5;0,001983890806650002;162,0;117,0;1,3846153846153846;15;113,0;103,0;26,0;22,0;0,6975308641975309;0,8803418803418803
2025-10-09 18:58:27.744;p_shape;25203,75;25203,5;0,25;0,000991925724601742;162,0;122,0;1,3278688524590163;16;113,0;91,0;26,0;22,0;0,6975308641975309;0,7459016393442623
2025-10-09 18:58:27.756;p_shape;25203,5;25203,0;0,5;0,001983890806650002;162,0;130,0;1,2461538461538462;16;113,0;99,0;26,0;22,0;0,6975308641975309;0,7615384615384615
2025-10-09 18:58:28.220;p_shape;25203,5;25202,5;1,0;0,003967860331316338;152,0;116,0;1,3103448275862069;16;108,0;85,0;26,0;20,0;0,7105263157894737;0,7327586206896551
2025-10-09 18:58:28.232;p_shape;25203,75;25203,5;0,25;0,000991925724601742;154,0;116,0;1,3275862068965518;16;108,0;85,0;26,0;20,0;0,7012987012987013;0,7327586206896551
2025-10-09 18:58:28.420;p_shape;25204,0;25203,5;0,5;0,001983851449203484;158,0;105,0;1,5047619047619047;17;132,0;80,0;26,0;20,0;0,8354430379746836;0,7619047619047619
2025-10-09 18:58:28.600;p_shape;25204,75;25204,0;0,75;0,0029757181399777816;167,0;101,0;1,6534653465346534;20;151,0;72,0;26,0;20,0;0,9041916167664671;0,7128712871287128
2025-10-09 18:58:28.604;p_shape;25205,0;25204,75;0,25;0,000991876531209395;169,0;101,0;1,6732673267326732;21;151,0;72,0;26,0;20,0;0,893491124260355;0,7128712871287128
2025-10-09 18:58:37.920;p_shape;25205,0;25204,75;0,25;0,000991876531209395;47,0;84,0;0,5595238095238095;10;42,0;60,0;17,0;23,0;0,8936170212765957;0,7142857142857143
2025-10-09 18:58:38.120;p_shape;25205,0;25204,75;0,25;0,000991876531209395;49,0;87,0;0,5632183908045977;10;39,0;63,0;16,0;26,0;0,7959183673469388;0,7241379310344828
2025-10-09 18:58:38.192;p_shape;25205,25;25205,0;0,25;0,0009918666931164452;51,0;87,0;0,5862068965517241;10;39,0;63,0;16,0;26,0;0,7647058823529411;0,7241379310344828
2025-10-09 18:58:38.336;p_shape;25206,0;25205,25;0,75;0,0029755705656559646;61,0;65,0;0,9384615384615385;12;42,0;47,0;12,0;26,0;0,6885245901639344;0,7230769230769231
2025-10-09 18:58:38.340;p_shape;25206,25;25206,0;0,25;0,0009918273426961835;64,0;65,0;0,9846153846153847;13;44,0;47,0;12,0;26,0;0,6875;0,7230769230769231
2025-10-09 18:58:42.600;d_shape;25205,25;25206,0;-0,75;-0,0029754820280885504;53,0;80,0;0,6625;16;41,0;53,0;20,0;14,0;0,7735849056603774;0,6625
2025-10-09 18:58:42.648;d_shape;25205,0;25205,25;-0,25;-0,0009918568552186547;53,0;81,0;0,654320987654321;16;41,0;53,0;20,0;14,0;0,7735849056603774;0,654320987654321
2025-10-09 18:58:42.676;d_shape;25204,75;25205,0;-0,25;-0,0009918666931164452;54,0;81,0;0,6666666666666666;16;42,0;53,0;20,0;14,0;0,7777777777777778;0,654320987654321
2025-10-09 18:58:42.692;d_shape;25204,5;25205,0;-0,5;-0,0019837333862328904;59,0;82,0;0,7195121951219512;16;47,0;53,0;20,0;14,0;0,7966101694915254;0,6463414634146342
2025-10-09 18:58:42.732;d_shape;25204,25;25204,5;-0,25;-0,0009918863694975103;61,0;82,0;0,7439024390243902;17;49,0;54,0;20,0;14,0;0,8032786885245902;0,6585365853658537
2025-10-09 18:58:43.204;d_shape;25204,5;25205,25;-0,75;-0,0029755705656559646;56,0;73,0;0,7671232876712328;17;44,0;54,0;20,0;14,0;0,7857142857142857;0,7397260273972602
2025-10-09 18:59:00.296;d_shape;25197,0;25198,0;-1,0;-0,003968568934042385;122,0;34,0;3,588235294117647;14;98,0;34,0;27,0;8,0;0,8032786885245902;1,0
2025-10-09 18:59:00.308;d_shape;25196,5;25197,0;-0,5;-0,0019843632178433938;124,0;34,0;3,6470588235294117;14;100,0;34,0;27,0;8,0;0,8064516129032258;1,0
2025-10-09 18:59:04.128;p_shape;25200,25;25199,75;0,5;0,0019841466681217077;103,0;87,0;1,1839080459770115;22;61,0;87,0;13,0;20,0;0,5922330097087378;1,0
2025-10-09 18:59:04.264;p_shape;25200,5;25200,0;0,5;0,001984126984126984;103,0;90,0;1,1444444444444444;22;61,0;90,0;13,0;21,0;0,5922330097087378;1,0
2025-10-09 18:59:04.616;p_shape;25200,0;25199,75;0,25;0,0009920733340608538;113,0;101,0;1,118811881188119;22;61,0;101,0;13,0;30,0;0,5398230088495575;1,0
2025-10-09 18:59:04.676;p_shape;25200,25;25199,75;0,5;0,0019841466681217077;114,0;111,0;1,027027027027027;22;61,0;111,0;13,0;32,0;0,5350877192982456;1,0
2025-10-09 18:59:04.716;p_shape;25200,25;25200,0;0,25;0,000992063492063492;114,0;113,0;1,008849557522124;22;61,0;113,0;13,0;33,0;0,5350877192982456;1,0
2025-10-09 18:59:05.236;p_shape;25201,0;25200,0;1,0;0,003968253968253968;95,0;102,0;0,9313725490196079;21;54,0;102,0;12,0;36,0;0,5684210526315789;1,0
2025-10-09 18:59:05.240;p_shape;25201,25;25201,0;0,25;0,000992024126026745;98,0;102,0;0,9607843137254902;21;54,0;102,0;12,0;36,0;0,5510204081632653;1,0
2025-10-09 18:59:05.284;p_shape;25201,5;25201,25;0,25;0,0009920142850057042;108,0;102,0;1,0588235294117647;22;54,0;102,0;12,0;36,0;0,5;1,0
2025-10-09 18:59:05.444;p_shape;25202,0;25201,5;0,5;0,00198400888835982;82,0;102,0;0,803921568627451;20;37,0;83,0;12,0;36,0;0,45121951219512196;0,8137254901960784
2025-10-09 18:59:05.532;p_shape;25202,0;25201,75;0,25;0,0009919946035493567;83,0;102,0;0,8137254901960784;19;60,0;81,0;14,0;36,0;0,7228915662650602;0,7941176470588235
2025-10-09 18:59:05.536;p_shape;25202,25;25202,0;0,25;0,0009919847631140385;100,0;102,0;0,9803921568627451;20;60,0;80,0;14,0;36,0;0,6;0,7843137254901961
2025-10-09 18:59:15.592;p_shape;25204,25;25203,75;0,5;0,0019838317710658133;35,0;117,0;0,29914529914529914;16;35,0;93,0;12,0;32,0;1,0;0,7948717948717948
2025-10-09 18:59:15.596;p_shape;25204,5;25204,25;0,25;0,0009918962079807968;35,0;119,0;0,29411764705882354;16;35,0;95,0;12,0;32,0;1,0;0,7983193277310925
2025-10-09 18:59:29.652;p_shape;25209,25;25209,0;0,25;0,0009917093101670037;49,0;76,0;0,6447368421052632;20;20,0;54,0;10,0;20,0;0,40816326530612246;0,7105263157894737
2025-10-09 18:59:29.848;p_shape;25209,75;25209,25;0,5;0,001983398950781955;48,0;70,0;0,6857142857142857;20;19,0;55,0;10,0;20,0;0,3958333333333333;0,7857142857142857
2025-10-09 18:59:30.372;p_shape;25208,75;25208,5;0,25;0,0009917289803042623;60,0;79,0;0,759493670886076;19;24,0;68,0;10,0;21,0;0,4;0,8607594936708861
2025-10-09 18:59:37.264;p_shape;25211,5;25210,75;0,75;0,002974921412492687;50,0;64,0;0,78125;12;17,0;64,0;7,0;23,0;0,34;1,0
2025-10-09 18:59:52.660;d_shape;25205,75;25206,0;-0,25;-0,0009918273426961835;38,0;84,0;0,4523809523809524;15;35,0;35,0;21,0;11,0;0,9210526315789473;0,4166666666666667
2025-10-09 18:59:53.028;d_shape;25206,0;25206,25;-0,25;-0,0009918175055789735;37,0;85,0;0,43529411764705883;14;37,0;33,0;22,0;11,0;1,0;0,38823529411764707
2025-10-09 18:59:53.660;d_shape;25205,25;25206,0;-0,75;-0,0029754820280885504;37,0;76,0;0,4868421052631579;14;31,0;39,0;22,0;10,0;0,8378378378378378;0,5131578947368421
2025-10-09 18:59:53.668;d_shape;25205,0;25205,5;-0,5;-0,001983694035032037;39,0;78,0;0,5;15;33,0;45,0;22,0;10,0;0,8461538461538461;0,5769230769230769
2025-10-09 18:59:53.940;d_shape;25205,25;25205,75;-0,5;-0,0019836743600170595;39,0;82,0;0,47560975609756095;15;33,0;45,0;22,0;10,0;0,8461538461538461;0,5487804878048781
2025-10-09 18:59:54.132;d_shape;25205,0;25205,25;-0,25;-0,0009918568552186547;43,0;74,0;0,581081081081081;14;35,0;37,0;22,0;10,0;0,813953488372093;0,5
2025-10-09 18:59:54.136;d_shape;25204,75;25205,0;-0,25;-0,0009918666931164452;44,0;74,0;0,5945945945945946;15;36,0;44,0;22,0;10,0;0,8181818181818182;0,5945945945945946
2025-10-09 18:59:58.640;d_shape;25202,5;25202,75;-0,25;-0,0009919552429794368;64,0;76,0;0,8421052631578947;17;45,0;28,0;39,0;7,0;0,703125;0,3684210526315789
2025-10-09 18:59:58.968;d_shape;25203,0;25203,25;-0,25;-0,0009919355638657713;65,0;67,0;0,9701492537313433;17;48,0;19,0;39,0;7,0;0,7384615384615385;0,2835820895522388
2025-10-09 18:59:59.364;d_shape;25203,0;25203,5;-0,5;-0,001983851449203484;52,0;67,0;0,7761194029850746;15;50,0;24,0;39,0;7,0;0,9615384615384616;0,3582089552238806
2025-10-09 19:00:00.020;d_shape;25203,5;25203,75;-0,25;-0,0009919158855329067;59,0;81,0;0,7283950617283951;15;59,0;29,0;39,0;10,0;1,0;0,35802469135802467
2025-10-09 19:00:00.036;d_shape;25203,0;25203,75;-0,75;-0,00297574765659872;59,0;89,0;0,6629213483146067;15;59,0;29,0;39,0;10,0;1,0;0,3258426966292135
2025-10-09 19:00:00.040;d_shape;25202,5;25203,0;-0,5;-0,001983890806650002;59,0;103,0;0,5728155339805825;15;59,0;29,0;39,0;10,0;1,0;0,2815533980582524
2025-10-09 19:00:00.048;d_shape;25202,25;25203,0;-0,75;-0,002975836209975003;59,0;107,0;0,5514018691588785;16;59,0;29,0;39,0;10,0;1,0;0,27102803738317754
2025-10-09 19:00:00.052;d_shape;25201,0;25202,25;-1,25;-0,004959874614369749;67,0;107,0;0,6261682242990654;19;67,0;55,0;39,0;15,0;1,0;0,514018691588785
2025-10-09 19:00:00.060;d_shape;25200,75;25201,0;-0,25;-0,000992024126026745;69,0;106,0;0,6509433962264151;20;64,0;54,0;39,0;15,0;0,927536231884058;0,5094339622641509
2025-10-09 19:00:00.068;d_shape;25199,75;25200,75;-1,0;-0,003968135868972153;80,0;106,0;0,7547169811320755;23;70,0;70,0;39,0;15,0;0,875;0,660377358490566
2025-10-09 19:00:00.080;d_shape;25199,5;25199,75;-0,25;-0,0009920733340608538;85,0;106,0;0,8018867924528302;24;73,0;70,0;39,0;15,0;0,8588235294117647;0,660377358490566
2025-10-09 19:00:00.084;d_shape;25198,5;25199,5;-1,0;-0,003968332705013989;94,0;106,0;0,8867924528301887;27;76,0;96,0;39,0;15,0;0,8085106382978723;0,9056603773584906
2025-10-09 19:00:00.124;d_shape;25200,5;25200,75;-0,25;-0,0009920339672430383;121,0;105,0;1,1523809523809523;27;101,0;102,0;39,0;15,0;0,8347107438016529;0,9714285714285714
2025-10-09 19:00:00.156;d_shape;25200,0;25200,5;-0,5;-0,00198408761730918;124,0;105,0;1,180952380952381;27;104,0;102,0;39,0;15,0;0,8387096774193549;0,9714285714285714
2025-10-09 19:00:00.244;d_shape;25200,25;25200,5;-0,25;-0,00099204380865459;133,0;105,0;1,2666666666666666;27;113,0;102,0;39,0;15,0;0,849624060150376;0,9714285714285714
2025-10-09 19:00:00.252;d_shape;25200,25;25200,5;-0,25;-0,00099204380865459;138,0;105,0;1,3142857142857143;27;118,0;102,0;39,0;15,0;0,855072463768116;0,9714285714285714
2025-10-09 19:00:00.344;d_shape;25200,25;25200,5;-0,25;-0,00099204380865459;140,0;105,0;1,3333333333333333;27;120,0;102,0;39,0;15,0;0,8571428571428571;0,9714285714285714
2025-10-09 19:00:00.428;d_shape;25200,0;25200,25;-0,25;-0,000992053650261406;143,0;105,0;1,361904761904762;27;123,0;102,0;39,0;15,0;0,8601398601398601;0,9714285714285714
2025-10-09 19:00:00.432;d_shape;25199,75;25200,0;-0,25;-0,000992063492063492;146,0;105,0;1,3904761904761904;27;126,0;102,0;39,0;15,0;0,863013698630137;0,9714285714285714
2025-10-09 19:00:00.448;d_shape;25200,25;25200,75;-0,5;-0,0019840679344860766;158,0;105,0;1,5047619047619047;27;138,0;102,0;39,0;15,0;0,8734177215189873;0,9714285714285714
2025-10-09 19:00:00.712;d_shape;25200,5;25200,75;-0,25;-0,0009920339672430383;161,0;105,0;1,5333333333333334;27;141,0;102,0;39,0;15,0;0,8757763975155279;0,9714285714285714
2025-10-09 19:00:02.364;d_shape;25199,75;25200,0;-0,25;-0,000992063492063492;158,0;113,0;1,3982300884955752;23;114,0;88,0;22,0;12,0;0,7215189873417721;0,7787610619469026
2025-10-09 19:00:02.412;d_shape;25199,25;25199,75;-0,5;-0,0019841466681217077;162,0;114,0;1,4210526315789473;23;118,0;88,0;22,0;12,0;0,7283950617283951;0,7719298245614035
2025-10-09 19:00:02.436;d_shape;25198,75;25199,25;-0,5;-0,001984186037282856;166,0;111,0;1,4954954954954955;24;119,0;85,0;22,0;12,0;0,7168674698795181;0,7657657657657657
2025-10-09 19:00:02.508;d_shape;25199,25;25199,5;-0,25;-0,0009920831762534972;169,0;107,0;1,5794392523364487;24;122,0;81,0;22,0;12,0;0,7218934911242604;0,7570093457943925
2025-10-09 19:00:02.708;d_shape;25198,75;25199,25;-0,5;-0,001984186037282856;170,0;105,0;1,619047619047619;24;124,0;79,0;22,0;12,0;0,7294117647058823;0,7523809523809524
2025-10-09 19:00:02.900;d_shape;25199,75;25200,0;-0,25;-0,000992063492063492;163,0;101,0;1,613861386138614;24;126,0;73,0;22,0;11,0;0,7730061349693251;0,7227722772277227
2025-10-09 19:00:13.180;p_shape;25210,0;25209,5;0,5;0,001983379281620024;114,0;71,0;1,6056338028169015;28;52,0;53,0;9,0;20,0;0,45614035087719296;0,7464788732394366
2025-10-09 19:00:13.500;p_shape;25209,25;25209,0;0,25;0,0009917093101670037;116,0;71,0;1,6338028169014085;28;49,0;53,0;9,0;20,0;0,4224137931034483;0,7464788732394366
2025-10-09 19:00:13.628;p_shape;25209,75;25209,25;0,5;0,001983398950781955;124,0;72,0;1,7222222222222223;28;49,0;54,0;9,0;20,0;0,3951612903225806;0,75
2025-10-09 19:00:13.864;p_shape;25210,5;25209,75;0,75;0,0029750394192723053;118,0;73,0;1,6164383561643836;28;45,0;56,0;9,0;20,0;0,3813559322033898;0,7671232876712328
2025-10-09 19:00:13.948;p_shape;25211,0;25210,5;0,5;0,0019833006088732868;118,0;71,0;1,6619718309859155;29;46,0;57,0;9,0;20,0;0,3898305084745763;0,8028169014084507
2025-10-09 19:00:14.576;p_shape;25209,75;25208,75;1,0;0,003966876580552388;112,0;85,0;1,3176470588235294;30;39,0;71,0;7,0;23,0;0,3482142857142857;0,8352941176470589
2025-10-09 19:00:14.976;p_shape;25209,75;25208,5;1,25;0,004958644901521312;118,0;100,0;1,18;30;39,0;86,0;7,0;23,0;0,3305084745762712;0,86
2025-10-09 19:00:15.064;p_shape;25209,5;25209,25;0,25;0,0009916994753909774;120,0;100,0;1,2;30;39,0;86,0;7,0;23,0;0,325;0,86
2025-10-09 19:00:15.628;p_shape;25210,5;25209,5;1,0;0,003966758563240048;108,0;92,0;1,173913043478261;25;42,0;87,0;10,0;23,0;0,3888888888888889;0,9456521739130435
2025-10-09 19:00:15.696;p_shape;25210,75;25210,5;0,25;0,0009916503044366434;107,0;90,0;1,1888888888888889;24;41,0;88,0;10,0;23,0;0,38317757009345793;0,9777777777777777
2025-10-09 19:00:16.052;p_shape;25210,75;25209,75;1,0;0,003966719225696407;101,0;96,0;1,0520833333333333;23;36,0;96,0;10,0;25,0;0,3564356435643564;1,0
2025-10-09 19:00:16.284;p_shape;25210,75;25210,5;0,25;0,0009916503044366434;90,0;98,0;0,9183673469387755;17;66,0;97,0;15,0;25,0;0,7333333333333333;0,9897959183673469
2025-10-09 19:00:16.564;p_shape;25210,25;25210,0;0,25;0,0009916699722332407;90,0;100,0;0,9;15;71,0;98,0;15,0;25,0;0,7888888888888889;0,98
2025-10-09 19:00:16.716;p_shape;25211,0;25210,25;0,75;0,00297498041471227;89,0;101,0;0,8811881188118812;14;70,0;79,0;15,0;25,0;0,7865168539325843;0,7821782178217822
2025-10-09 19:00:20.668;p_shape;25213,75;25213,5;0,25;0,0009915323140381146;100,0;68,0;1,4705882352941178;24;27,0;48,0;9,0;22,0;0,27;0,7058823529411765
2025-10-09 19:00:22.300;p_shape;25214,25;25214,0;0,25;0,0009915126517014358;101,0;82,0;1,2317073170731707;19;45,0;65,0;12,0;22,0;0,44554455445544555;0,7926829268292683
2025-10-09 19:00:22.340;p_shape;25214,75;25214,25;0,5;0,001983005641651051;101,0;83,0;1,216867469879518;19;45,0;66,0;12,0;22,0;0,44554455445544555;0,7951807228915663
2025-10-09 19:00:22.464;p_shape;25214,75;25214,25;0,5;0,001983005641651051;104,0;82,0;1,2682926829268293;19;45,0;67,0;12,0;22,0;0,4326923076923077;0,8170731707317073
2025-10-09 19:00:22.528;p_shape;25215,0;25214,75;0,25;0,0009914831596585332;103,0;83,0;1,2409638554216869;19;44,0;68,0;12,0;22,0;0,42718446601941745;0,8192771084337349
2025-10-09 19:00:22.772;p_shape;25214,5;25214,25;0,25;0,0009915028208255254;105,0;81,0;1,2962962962962963;18;44,0;60,0;12,0;22,0;0,41904761904761906;0,7407407407407407
2025-10-09 19:02:17.520;p_shape;25218,25;25218,0;0,25;0,0009913553810770085;24,0;44,0;0,5454545454545454;18;17,0;44,0;5,0;34,0;0,7083333333333334;1,0
2025-10-09 19:02:17.524;p_shape;25218,75;25218,25;0,5;0,001982691106639041;24,0;46,0;0,5217391304347826;20;18,0;46,0;5,0;34,0;0,75;1,0
2025-10-09 19:02:20.684;p_shape;25218,0;25217,5;0,5;0,0019827500743531275;27,0;64,0;0,421875;19;16,0;56,0;4,0;38,0;0,5925925925925926;0,875
2025-10-09 19:02:20.828;p_shape;25218,5;25218,0;0,5;0,001982710762154017;26,0;65,0;0,4;18;15,0;57,0;4,0;38,0;0,5769230769230769;0,8769230769230769
2025-10-09 19:02:21.272;p_shape;25218,0;25217,75;0,25;0,0009913652090293543;22,0;70,0;0,3142857142857143;18;11,0;62,0;4,0;40,0;0,5;0,8857142857142857
2025-10-09 19:03:02.780;d_shape;25197,25;25198,0;-0,75;-0,0029764267005317883;41,0;342,0;0,11988304093567251;42;29,0;233,0;29,0;37,0;0,7073170731707317;0,6812865497076024
2025-10-09 19:03:02.788;d_shape;25197,75;25198,0;-0,25;-0,0009921422335105962;41,0;348,0;0,11781609195402298;42;29,0;233,0;29,0;37,0;0,7073170731707317;0,6695402298850575
2025-10-09 19:03:02.792;d_shape;25197,5;25197,75;-0,25;-0,0009921520770703734;41,0;351,0;0,1168091168091168;42;29,0;233,0;29,0;37,0;0,7073170731707317;0,6638176638176638
2025-10-09 19:03:02.840;d_shape;25197,25;25197,5;-0,25;-0,0009921619208254787;46,0;356,0;0,12921348314606743;42;34,0;233,0;34,0;37,0;0,7391304347826086;0,6544943820224719
2025-10-09 19:03:02.848;d_shape;25197,0;25197,25;-0,25;-0,000992171764775918;49,0;356,0;0,13764044943820225;43;38,0;238,0;34,0;37,0;0,7755102040816326;0,6685393258426966
2025-10-09 19:03:02.860;d_shape;25197,25;25197,5;-0,25;-0,0009921619208254787;50,0;360,0;0,1388888888888889;43;39,0;238,0;35,0;37,0;0,78;0,6611111111111111
2025-10-09 19:03:02.904;d_shape;25197,25;25197,5;-0,25;-0,0009921619208254787;52,0;366,0;0,14207650273224043;43;41,0;238,0;37,0;37,0;0,7884615384615384;0,6502732240437158
2025-10-09 19:03:02.908;d_shape;25197,0;25197,25;-0,25;-0,000992171764775918;57,0;366,0;0,1557377049180328;43;46,0;238,0;37,0;37,0;0,8070175438596491;0,6502732240437158
2025-10-09 19:03:02.916;d_shape;25196,75;25197,0;-0,25;-0,0009921816089216969;71,0;368,0;0,19293478260869565;44;60,0;238,0;39,0;37,0;0,8450704225352113;0,6467391304347826
2025-10-09 19:03:02.932;d_shape;25196,5;25197,0;-0,5;-0,0019843632178433938;168,0;368,0;0,45652173913043476;55;157,0;274,0;40,0;37,0;0,9345238095238095;0,7445652173913043
2025-10-09 19:03:02.936;d_shape;25195,5;25196,5;-1,0;-0,003968805191197191;170,0;368,0;0,46195652173913043;55;159,0;274,0;40,0;37,0;0,9352941176470588;0,7445652173913043
2025-10-09 19:03:02.940;d_shape;25195,25;25195,5;-0,25;-0,0009922406778988312;173,0;368,0;0,4701086956521739;55;162,0;274,0;40,0;37,0;0,9364161849710982;0,7445652173913043
2025-10-09 19:03:02.948;d_shape;25195,0;25195,25;-0,25;-0,0009922505234121512;186,0;368,0;0,5054347826086957;55;175,0;274,0;41,0;37,0;0,9408602150537635;0,7445652173913043
2025-10-09 19:03:02.972;d_shape;25195,25;25195,5;-0,25;-0,0009922406778988312;193,0;363,0;0,5316804407713499;55;182,0;269,0;41,0;37,0;0,9430051813471503;0,7410468319559229
2025-10-09 19:03:03.008;d_shape;25197,0;25197,5;-0,5;-0,0019843238416509573;214,0;369,0;0,5799457994579946;55;203,0;268,0;42,0;37,0;0,9485981308411215;0,7262872628726287
2025-10-09 19:03:03.132;d_shape;25196,5;25197,25;-0,75;-0,002976515294327754;220,0;367,0;0,5994550408719346;55;210,0;266,0;43,0;37,0;0,9545454545454546;0,7247956403269755
2025-10-09 19:03:03.456;d_shape;25197,25;25197,5;-0,25;-0,0009921619208254787;248,0;364,0;0,6813186813186813;55;243,0;263,0;45,0;37,0;0,9798387096774194;0,7225274725274725
2025-10-09 19:03:03.472;d_shape;25197,25;25197,75;-0,5;-0,0019843041541407467;252,0;364,0;0,6923076923076923;55;247,0;263,0;47,0;37,0;0,9801587301587301;0,7225274725274725
2025-10-09 19:03:03.604;d_shape;25197,0;25197,25;-0,25;-0,000992171764775918;256,0;364,0;0,7032967032967034;55;251,0;263,0;49,0;37,0;0,98046875;0,7225274725274725
2025-10-09 19:03:07.288;p_shape;25201,5;25201,0;0,5;0,00198404825205349;421,0;233,0;1,8068669527896997;35;272,0;193,0;49,0;29,0;0,6460807600950119;0,8283261802575107
2025-10-09 19:03:07.420;p_shape;25201,75;25201,5;0,25;0,00099200444417991;424,0;214,0;1,9813084112149533;33;266,0;182,0;49,0;29,0;0,6273584905660378;0,8504672897196262
2025-10-09 19:03:07.616;p_shape;25200,75;25200,5;0,25;0,00099204380865459;429,0;181,0;2,3701657458563536;33;266,0;149,0;49,0;24,0;0,62004662004662;0,8232044198895028
2025-10-09 19:03:07.768;p_shape;25201,0;25200,5;0,5;0,00198408761730918;438,0;137,0;3,197080291970803;33;266,0;105,0;49,0;24,0;0,6073059360730594;0,7664233576642335
2025-10-09 19:03:07.772;p_shape;25201,25;25201,0;0,25;0,000992024126026745;440,0;137,0;3,2116788321167884;33;266,0;105,0;49,0;24,0;0,6045454545454545;0,7664233576642335
2025-10-09 19:03:07.964;p_shape;25202,5;25201,25;1,25;0,00496007142502852;267,0;100,0;2,67;29;114,0;93,0;15,0;24,0;0,42696629213483145;0,93
2025-10-09 19:03:07.968;p_shape;25202,75;25202,5;0,25;0,0009919650828290846;267,0;104,0;2,5673076923076925;30;114,0;97,0;15,0;24,0;0,42696629213483145;0,9326923076923077
2025-10-09 19:03:08.056;p_shape;25202,75;25202,5;0,25;0,0009919650828290846;249,0;98,0;2,5408163265306123;26;115,0;98,0;17,0;24,0;0,46184738955823296;1,0
2025-10-09 19:03:08.076;p_shape;25203,0;25202,75;0,25;0,0009919552429794368;249,0;100,0;2,49;27;142,0;100,0;27,0;24,0;0,570281124497992;1,0
2025-10-09 19:03:08.508;p_shape;25202,0;25201,75;0,25;0,0009919946035493567;212,0;100,0;2,12;25;135,0;100,0;35,0;24,0;0,6367924528301887;1,0
2025-10-09 19:03:08.688;p_shape;25202,5;25202,0;0,5;0,001983969526228077;209,0;100,0;2,09;24;131,0;100,0;35,0;24,0;0,6267942583732058;1,0
2025-10-09 19:03:08.692;p_shape;25203,0;25202,5;0,5;0,001983930165658169;210,0;103,0;2,0388349514563107;24;131,0;103,0;35,0;24,0;0,6238095238095238;1,0
2025-10-09 19:03:08.696;p_shape;25203,5;25203,0;0,5;0,001983890806650002;209,0;106,0;1,971698113207547;26;144,0;97,0;35,0;24,0;0,6889952153110048;0,9150943396226415
2025-10-09 19:03:08.848;p_shape;25203,75;25203,5;0,25;0,000991925724601742;198,0;109,0;1,81651376146789;24;167,0;79,0;35,0;24,0;0,8434343434343434;0,7247706422018348
2025-10-09 19:03:20.156;p_shape;25207,75;25207,25;0,5;0,0019835563181227625;43,0;88,0;0,48863636363636365;17;22,0;62,0;7,0;25,0;0,5116279069767442;0,7045454545454546
2025-10-09 19:03:20.540;p_shape;25207,0;25206,75;0,25;0,0009917978319299394;40,0;81,0;0,49382716049382713;17;19,0;66,0;7,0;25,0;0,475;0,8148148148148148
2025-10-09 19:03:28.720;d_shape;25210,75;25211,5;-0,75;-0,0029748329135513554;82,0;67,0;1,2238805970149254;10;76,0;52,0;39,0;16,0;0,926829268292683;0,7761194029850746
2025-10-09 19:03:29.748;d_shape;25210,75;25211,5;-0,75;-0,0029748329135513554;135,0;58,0;2,3275862068965516;10;124,0;48,0;68,0;17,0;0,9185185185185185;0,8275862068965517
2025-10-09 19:03:30.048;d_shape;25210,0;25211,0;-1,0;-0,003966522549680695;138,0;58,0;2,3793103448275863;11;127,0;53,0;66,0;17,0;0,9202898550724637;0,9137931034482759
2025-10-09 19:03:31.404;d_shape;25210,5;25211,0;-0,5;-0,0019832612748403476;140,0;95,0;1,4736842105263157;11;129,0;81,0;57,0;19,0;0,9214285714285714;0,8526315789473684
2025-10-09 19:03:31.572;d_shape;25210,0;25210,75;-0,75;-0,002974921412492687;140,0;107,0;1,308411214953271;11;129,0;81,0;57,0;19,0;0,9214285714285714;0,7570093457943925
2025-10-09 19:03:55.296;p_shape;25200,25;25199,75;0,5;0,0019841466681217077;67,0;117,0;0,5726495726495726;13;57,0;108,0;16,0;33,0;0,8507462686567164;0,9230769230769231
2025-10-09 19:03:55.604;p_shape;25199,75;25199,5;0,25;0,0009920831762534972;67,0;102,0;0,6568627450980392;13;57,0;93,0;16,0;26,0;0,8507462686567164;0,9117647058823529
2025-10-09 19:03:56.012;p_shape;25199,5;25199,0;0,5;0,0019842057224493037;67,0;96,0;0,6979166666666666;13;53,0;93,0;12,0;26,0;0,7910447761194029;0,96875
2025-10-09 19:03:56.044;p_shape;25199,75;25199,5;0,25;0,0009920831762534972;69,0;96,0;0,71875;13;53,0;93,0;12,0;26,0;0,7681159420289855;0,96875
2025-10-09 19:03:56.704;p_shape;25200,0;25199,25;0,75;0,0029762790559242835;51,0;93,0;0,5483870967741935;13;28,0;92,0;10,0;26,0;0,5490196078431373;0,989247311827957
2025-10-09 19:03:56.796;p_shape;25200,25;25200,0;0,25;0,000992063492063492;61,0;93,0;0,6559139784946236;13;28,0;92,0;10,0;26,0;0,45901639344262296;0,989247311827957
2025-10-09 19:03:56.912;p_shape;25200,75;25200,0;0,75;0,002976190476190476;62,0;90,0;0,6888888888888889;14;26,0;75,0;8,0;26,0;0,41935483870967744;0,8333333333333334
2025-10-09 19:03:56.984;p_shape;25201,25;25200,75;0,5;0,0019840679344860766;62,0;89,0;0,6966292134831461;15;33,0;75,0;8,0;26,0;0,532258064516129;0,8426966292134831
2025-10-09 19:03:56.996;p_shape;25201,5;25201,25;0,25;0,0009920142850057042;67,0;96,0;0,6979166666666666;16;33,0;68,0;8,0;26,0;0,4925373134328358;0,7083333333333334
2025-10-09 19:04:01.192;p_shape;25201,25;25201,0;0,25;0,000992024126026745;60,0;59,0;1,0169491525423728;11;41,0;59,0;18,0;20,0;0,6833333333333333;1,0
2025-10-09 19:04:50.020;p_shape;25210,25;25209,75;0,5;0,0019833596128482037;32,0;75,0;0,4266666666666667;14;19,0;68,0;6,0;24,0;0,59375;0,9066666666666666
2025-10-09 19:04:51.796;p_shape;25210,0;25209,5;0,5;0,001983379281620024;30,0;76,0;0,39473684210526316;10;23,0;59,0;9,0;24,0;0,7666666666666667;0,7763157894736842
2025-10-09 19:05:11.456;d_shape;25211,0;25211,75;-0,75;-0,0029748034150743207;56,0;40,0;1,4;13;53,0;34,0;32,0;10,0;0,9464285714285714;0,85
2025-10-09 19:05:12.184;d_shape;25211,0;25211,5;-0,5;-0,0019832219423675706;61,0;35,0;1,7428571428571429;12;61,0;27,0;40,0;10,0;1,0;0,7714285714285715
2025-10-09 19:05:12.504;d_shape;25210,75;25211,0;-0,25;-0,0009916306374201738;68,0;34,0;2,0;12;68,0;26,0;43,0;10,0;1,0;0,7647058823529411
2025-10-09 19:05:18.404;p_shape;25212,0;25211,25;0,75;0,0029748624126134165;8,0;68,0;0,11764705882352941;12;5,0;63,0;2,0;21,0;0,625;0,9264705882352942
2025-10-09 19:05:30.868;d_shape;25200,0;25200,5;-0,5;-0,00198408761730918;67,0;74,0;0,9054054054054054;28;49,0;37,0;20,0;10,0;0,7313432835820896;0,5
2025-10-09 19:05:31.020;d_shape;25200,75;25201,0;-0,25;-0,000992024126026745;65,0;81,0;0,8024691358024691;28;49,0;37,0;20,0;10,0;0,7538461538461538;0,4567901234567901
2025-10-09 19:05:31.024;d_shape;25200,0;25200,75;-0,75;-0,002976101901729115;68,0;82,0;0,8292682926829268;28;52,0;37,0;20,0;10,0;0,7647058823529411;0,45121951219512196
2025-10-09 19:05:31.448;d_shape;25200,0;25200,25;-0,25;-0,000992053650261406;76,0;77,0;0,987012987012987;26;61,0;33,0;20,0;7,0;0,8026315789473685;0,42857142857142855
2025-10-09 19:05:31.528;d_shape;25199,5;25200,0;-0,5;-0,001984126984126984;80,0;74,0;1,0810810810810811;25;65,0;30,0;20,0;7,0;0,8125;0,40540540540540543
2025-10-09 19:05:31.756;d_shape;25199,75;25200,0;-0,25;-0,000992063492063492;87,0;68,0;1,2794117647058822;24;71,0;24,0;20,0;7,0;0,8160919540229885;0,35294117647058826
2025-10-09 19:05:32.840;d_shape;25200,5;25200,75;-0,25;-0,0009920339672430383;74,0;73,0;1,0136986301369864;21;73,0;25,0;20,0;7,0;0,9864864864864865;0,3424657534246575
2025-10-09 19:05:33.084;d_shape;25200,25;25200,5;-0,25;-0,00099204380865459;74,0;74,0;1,0;21;73,0;25,0;20,0;7,0;0,9864864864864865;0,33783783783783783
2025-10-09 19:05:33.156;d_shape;25200,0;25200,25;-0,25;-0,000992053650261406;74,0;75,0;0,9866666666666667;21;73,0;23,0;20,0;7,0;0,9864864864864865;0,30666666666666664
2025-10-09 19:05:33.236;d_shape;25199,5;25200,0;-0,5;-0,001984126984126984;74,0;77,0;0,961038961038961;20;73,0;22,0;20,0;7,0;0,9864864864864865;0,2857142857142857
2025-10-09 19:05:33.240;d_shape;25199,25;25199,5;-0,25;-0,0009920831762534972;74,0;78,0;0,9487179487179487;21;73,0;27,0;20,0;7,0;0,9864864864864865;0,34615384615384615
2025-10-09 19:05:33.248;d_shape;25199,0;25199,25;-0,25;-0,000992093018641428;74,0;79,0;0,9367088607594937;22;73,0;27,0;20,0;7,0;0,9864864864864865;0,34177215189873417
2025-10-09 19:05:33.260;d_shape;25198,75;25199,0;-0,25;-0,0009921028612246518;74,0;85,0;0,8705882352941177;23;73,0;29,0;20,0;7,0;0,9864864864864865;0,3411764705882353
2025-10-09 19:05:33.332;d_shape;25198,25;25198,75;-0,5;-0,0019842254080063492;74,0;104,0;0,7115384615384616;24;73,0;29,0;20,0;7,0;0,9864864864864865;0,27884615384615385
2025-10-09 19:05:33.336;d_shape;25198,0;25198,25;-0,25;-0,000992132390146141;74,0;118,0;0,6271186440677966;25;73,0;30,0;20,0;7,0;0,9864864864864865;0,2542372881355932
2025-10-09 19:05:33.348;d_shape;25197,5;25198,5;-1,0;-0,00396849018790801;74,0;120,0;0,6166666666666667;27;73,0;50,0;20,0;20,0;0,9864864864864865;0,4166666666666667
2025-10-09 19:05:33.500;d_shape;25198,0;25198,25;-0,25;-0,000992132390146141;74,0;117,0;0,6324786324786325;25;73,0;58,0;20,0;20,0;0,9864864864864865;0,49572649572649574
2025-10-09 19:05:33.752;d_shape;25197,25;25198,25;-1,0;-0,003968529560584564;74,0;133,0;0,556390977443609;25;53,0;62,0;20,0;20,0;0,7162162162162162;0,46616541353383456
2025-10-09 19:05:34.108;d_shape;25194,5;25195,25;-0,75;-0,0029767515702364532;247,0;166,0;1,4879518072289157;43;174,0;134,0;29,0;33,0;0,7044534412955465;0,8072289156626506
2025-10-09 19:05:34.144;d_shape;25194,5;25195,0;-0,5;-0,0019845207382417148;252,0;165,0;1,5272727272727273;43;179,0;133,0;29,0;33,0;0,7103174603174603;0,806060606060606
2025-10-09 19:05:34.740;p_shape;25200,25;25196,75;3,5;0,013890680345679501;295,0;192,0;1,5364583333333333;38;196,0;164,0;29,0;39,0;0,6644067796610169;0,8541666666666666
2025-10-09 19:05:34.992;p_shape;25198,75;25198,25;0,5;0,001984264780292282;275,0;214,0;1,2850467289719627;38;196,0;186,0;29,0;43,0;0,7127272727272728;0,8691588785046729
2025-10-09 19:05:35.352;p_shape;25198,75;25198,5;0,25;0,0009921225469770025;288,0;211,0;1,3649289099526067;38;196,0;183,0;29,0;46,0;0,6805555555555556;0,8672985781990521
2025-10-09 19:05:36.000;p_shape;25199,0;25198,5;0,5;0,001984245093954005;293,0;209,0;1,4019138755980862;38;196,0;181,0;29,0;46,0;0,6689419795221843;0,8660287081339713
2025-10-09 19:05:37.812;p_shape;25198,5;25197,75;0,75;0,00297645623121112;282,0;217,0;1,2995391705069124;36;188,0;191,0;29,0;47,0;0,6666666666666666;0,880184331797235
2025-10-09 19:05:38.176;p_shape;25198,75;25198,0;0,75;0,0029764267005317883;286,0;210,0;1,361904761904762;35;188,0;186,0;29,0;47,0;0,6573426573426573;0,8857142857142857
2025-10-09 19:05:39.124;p_shape;25199,0;25198,75;0,25;0,0009921127040031746;134,0;110,0;1,2181818181818183;23;52,0;110,0;11,0;23,0;0,3880597014925373;1,0
2025-10-09 19:05:43.036;d_shape;25196,0;25196,5;-0,5;-0,0019844025955985953;92,0;96,0;0,9583333333333334;22;67,0;61,0;23,0;12,0;0,7282608695652174;0,6354166666666666
2025-10-09 19:05:43.048;d_shape;25195,5;25196,0;-0,5;-0,0019844419749166535;95,0;100,0;0,95;22;70,0;61,0;23,0;12,0;0,7368421052631579;0,61
2025-10-09 19:05:43.452;d_shape;25193,75;25195,5;-1,75;-0,0069456847452918176;106,0;99,0;1,0707070707070707;25;79,0;70,0;23,0;12,0;0,7452830188679245;0,7070707070707071
2025-10-09 19:05:46.600;p_shape;25197,25;25196,5;0,75;0,0029766038933978925;99,0;88,0;1,125;16;53,0;88,0;15,0;22,0;0,5353535353535354;1,0
2025-10-09 19:05:46.632;p_shape;25197,5;25197,25;0,25;0,000992171764775918;99,0;89,0;1,1123595505617978;16;53,0;89,0;15,0;22,0;0,5353535353535354;1,0
2025-10-09 19:05:47.388;p_shape;25196,75;25196,5;0,25;0,0009922012977992977;101,0;82,0;1,2317073170731707;16;53,0;82,0;15,0;22,0;0,5247524752475248;1,0
2025-10-09 19:05:47.616;p_shape;25197,25;25196,75;0,5;0,001984382906525643;78,0;83,0;0,9397590361445783;15;51,0;83,0;19,0;22,0;0,6538461538461539;1,0
2025-10-09 19:05:47.856;p_shape;25197,25;25197,0;0,25;0,0009921816089216969;64,0;82,0;0,7804878048780488;15;37,0;82,0;9,0;22,0;0,578125;1,0
2025-10-09 19:06:19.316;p_shape;25211,25;25210,5;0,75;0,0029749509133099304;82,0;51,0;1,607843137254902;19;43,0;36,0;22,0;20,0;0,524390243902439;0,7058823529411765
2025-10-09 19:06:19.488;p_shape;25211,5;25211,0;0,5;0,0019832612748403476;85,0;46,0;1,8478260869565217;19;45,0;33,0;22,0;20,0;0,5294117647058824;0,717391304347826
2025-10-09 19:06:19.536;p_shape;25212,25;25211,5;0,75;0,0029748329135513554;94,0;55,0;1,709090909090909;22;47,0;43,0;22,0;20,0;0,5;0,7818181818181819
2025-10-09 19:06:19.636;p_shape;25211,75;25211,5;0,25;0,0009916109711837853;104,0;55,0;1,8909090909090909;22;47,0;43,0;22,0;20,0;0,4519230769230769;0,7818181818181819
2025-10-09 19:06:19.952;p_shape;25212,0;25211,25;0,75;0,0029748624126134165;110,0;58,0;1,896551724137931;21;49,0;46,0;22,0;20,0;0,44545454545454544;0,7931034482758621
2025-10-09 19:06:19.984;p_shape;25212,25;25212,0;0,25;0,0009915913057274314;110,0;60,0;1,8333333333333333;21;49,0;48,0;22,0;20,0;0,44545454545454544;0,8
2025-10-09 19:06:20.220;p_shape;25212,25;25211,75;0,5;0,0019832022767162136;111,0;59,0;1,88135593220339;21;49,0;49,0;22,0;20,0;0,44144144144144143;0,8305084745762712
2025-10-09 19:06:20.376;p_shape;25212,25;25211,25;1,0;0,003966483216817889;118,0;60,0;1,9666666666666666;21;49,0;50,0;22,0;20,0;0,4152542372881356;0,8333333333333334
2025-10-09 19:06:21.048;p_shape;25212,25;25211,25;1,0;0,003966483216817889;123,0;62,0;1,9838709677419355;21;49,0;52,0;22,0;20,0;0,3983739837398374;0,8387096774193549
2025-10-09 19:06:21.496;p_shape;25212,5;25212,25;0,25;0,000991581473291753;97,0;55,0;1,7636363636363637;17;38,0;52,0;10,0;20,0;0,3917525773195876;0,9454545454545454
2025-10-09 19:06:21.588;p_shape;25213,25;25212,5;0,75;0,002974714923153198;100,0;59,0;1,694915254237288;19;43,0;51,0;10,0;20,0;0,43;0,864406779661017
2025-10-09 19:06:21.956;p_shape;25213,25;25213,0;0,25;0,0009915519771546426;100,0;62,0;1,6129032258064515;18;41,0;51,0;10,0;20,0;0,41;0,8225806451612904
2025-10-09 19:06:22.356;p_shape;25212,75;25212,5;0,25;0,000991571641051066;100,0;72,0;1,3888888888888888;19;44,0;61,0;10,0;20,0;0,44;0,8472222222222222
2025-10-09 19:06:23.936;d_shape;25210,75;25211,25;-0,5;-0,0019832416084089445;70,0;56,0;1,25;12;53,0;50,0;20,0;12,0;0,7571428571428571;0,8928571428571429
2025-10-09 19:08:26.804;d_shape;25214,25;25214,5;-0,25;-0,0009914929901445597;54,0;23,0;2,347826086956522;11;47,0;23,0;20,0;11,0;0,8703703703703703;1,0
2025-10-09 19:08:26.816;d_shape;25213,75;25214,25;-0,5;-0,001983005641651051;58,0;23,0;2,5217391304347827;11;51,0;23,0;20,0;11,0;0,8793103448275862;1,0
2025-10-09 19:08:28.680;d_shape;25213,75;25214,5;-0,75;-0,002974478970433679;46,0;34,0;1,3529411764705883;11;43,0;26,0;24,0;8,0;0,9347826086956522;0,7647058823529411
2025-10-09 19:08:29.076;d_shape;25213,5;25213,75;-0,25;-0,0009915224827722969;46,0;37,0;1,2432432432432432;12;40,0;26,0;24,0;8,0;0,8695652173913043;0,7027027027027027
2025-10-09 19:08:29.080;d_shape;25212,75;25213,5;-0,75;-0,0029745969421143435;46,0;41,0;1,1219512195121952;15;39,0;33,0;24,0;8,0;0,8478260869565217;0,8048780487804879
2025-10-09 19:08:29.096;d_shape;25212,5;25212,75;-0,25;-0,0009915618090053644;46,0;42,0;1,0952380952380953;16;34,0;33,0;24,0;8,0;0,7391304347826086;0,7857142857142857
2025-10-09 19:08:37.840;p_shape;25217,0;25216,5;0,5;0,0019828287034283107;15,0;43,0;0,3488372093023256;11;7,0;37,0;2,0;24,0;0,4666666666666667;0,8604651162790697
2025-10-09 19:08:55.812;p_shape;25222,25;25222,0;0,25;0,0009911981603362143;71,0;79,0;0,8987341772151899;15;23,0;61,0;12,0;20,0;0,323943661971831;0,7721518987341772
2025-10-09 19:08:55.828;p_shape;25222,5;25222,25;0,25;0,0009911883356956655;70,0;82,0;0,8536585365853658;14;22,0;61,0;12,0;22,0;0,3142857142857143;0,7439024390243902
2025-10-09 19:08:56.044;p_shape;25222,25;25222,0;0,25;0,0009911981603362143;68,0;83,0;0,8192771084337349;14;18,0;62,0;9,0;23,0;0,2647058823529412;0,7469879518072289
2025-10-09 19:08:56.292;p_shape;25222,25;25222,0;0,25;0,0009911981603362143;61,0;83,0;0,7349397590361446;14;11,0;65,0;4,0;25,0;0,18032786885245902;0,7831325301204819
2025-10-09 19:08:57.484;p_shape;25222,25;25221,75;0,5;0,001982415970343057;53,0;76,0;0,6973684210526315;10;13,0;68,0;6,0;26,0;0,24528301886792453;0,8947368421052632
2025-10-09 19:08:57.624;p_shape;25222,5;25222,25;0,25;0,0009911883356956655;53,0;76,0;0,6973684210526315;10;13,0;70,0;6,0;27,0;0,24528301886792453;0,9210526315789473
2025-10-09 19:09:08.960;p_shape;25225,75;25225,25;0,5;0,00198214091039732;87,0;109,0;0,7981651376146789;14;56,0;92,0;16,0;39,0;0,6436781609195402;0,8440366972477065
2025-10-09 19:09:08.964;p_shape;25226,0;25225,75;0,25;0,000991050811175089;87,0;115,0;0,7565217391304347;15;69,0;98,0;16,0;42,0;0,7931034482758621;0,8521739130434782
2025-10-09 19:09:12.116;p_shape;25225,75;25225,0;0,75;0,002973240832507433;54,0;103,0;0,5242718446601942;11;45,0;103,0;17,0;44,0;0,8333333333333334;1,0
2025-10-09 19:09:12.960;p_shape;25227,0;25226,75;0,25;0,0009910115254640412;72,0;87,0;0,8275862068965517;13;45,0;77,0;15,0;38,0;0,625;0,8850574712643678
2025-10-09 19:09:13.164;p_shape;25227,25;25226,75;0,5;0,0019820230509280824;58,0;87,0;0,6666666666666666;13;28,0;78,0;8,0;38,0;0,4827586206896552;0,896551724137931
2025-10-09 19:09:14.096;p_shape;25227,5;25227,0;0,5;0,0019820034090458636;63,0;50,0;1,26;13;28,0;45,0;8,0;28,0;0,4444444444444444;0,9
2025-10-09 19:09:14.104;p_shape;25227,5;25227,25;0,25;0,0009909918837764718;63,0;58,0;1,0862068965517242;13;28,0;53,0;8,0;28,0;0,4444444444444444;0,9137931034482759
2025-10-09 19:09:14.280;p_shape;25227,25;25227,0;0,25;0,0009910017045229318;53,0;70,0;0,7571428571428571;13;18,0;65,0;4,0;34,0;0,33962264150943394;0,9285714285714286
2025-10-09 19:09:15.432;p_shape;25227,0;25226,25;0,75;0,0029730935037906945;54,0;78,0;0,6923076923076923;13;12,0;76,0;4,0;39,0;0,2222222222222222;0,9743589743589743
2025-10-09 19:09:16.052;p_shape;25227,0;25226,75;0,25;0,0009910115254640412;51,0;86,0;0,5930232558139535;11;14,0;84,0;5,0;44,0;0,27450980392156865;0,9767441860465116
2025-10-09 19:09:23.968;d_shape;25229,25;25229,75;-0,5;-0,00198178737403264;115,0;167,0;0,688622754491018;25;115,0;107,0;27,0;27,0;1,0;0,6407185628742516
2025-10-09 19:09:24.552;d_shape;25229,25;25229,5;-0,25;-0,0009909035058166035;113,0;171,0;0,6608187134502924;25;113,0;107,0;27,0;27,0;1,0;0,6257309941520468
2025-10-09 19:09:26.764;d_shape;25229,25;25229,75;-0,5;-0,00198178737403264;89,0;144,0;0,6180555555555556;20;89,0;65,0;31,0;15,0;1,0;0,4513888888888889
2025-10-09 19:09:26.960;d_shape;25229,0;25229,5;-0,5;-0,001981807011633207;87,0;151,0;0,5761589403973509;20;87,0;65,0;31,0;15,0;1,0;0,4304635761589404
2025-10-09 19:09:36.892;p_shape;25228,75;25227,75;1,0;0,003963888971469909;51,0;55,0;0,9272727272727272;10;28,0;49,0;9,0;22,0;0,5490196078431373;0,8909090909090909
2025-10-09 19:10:24.744;d_shape;25211,75;25212,0;-0,25;-0,0009915913057274314;118,0;148,0;0,7972972972972973;32;86,0;50,0;20,0;7,0;0,7288135593220338;0,33783783783783783
2025-10-09 19:10:25.052;d_shape;25211,75;25212,0;-0,25;-0,0009915913057274314;111,0;136,0;0,8161764705882353;31;82,0;42,0;20,0;7,0;0,7387387387387387;0,3088235294117647
2025-10-09 19:10:25.544;d_shape;25211,5;25212,5;-1,0;-0,003966286564204264;105,0;149,0;0,7046979865771812;30;81,0;42,0;20,0;7,0;0,7714285714285715;0,28187919463087246
2025-10-09 19:10:25.640;d_shape;25211,0;25211,5;-0,5;-0,0019832219423675706;95,0;152,0;0,625;29;81,0;47,0;20,0;7,0;0,8526315789473684;0,3092105263157895
2025-10-09 19:10:26.056;d_shape;25211,5;25212,0;-0,5;-0,001983182611454863;82,0;161,0;0,5093167701863354;29;82,0;47,0;21,0;7,0;1,0;0,2919254658385093
2025-10-09 19:10:26.128;d_shape;25211,75;25212,25;-0,5;-0,001983162946583506;85,0;159,0;0,5345911949685535;27;85,0;47,0;21,0;7,0;1,0;0,29559748427672955
2025-10-09 19:10:27.896;d_shape;25210,75;25211,25;-0,5;-0,0019832416084089445;91,0;137,0;0,6642335766423357;15;84,0;109,0;21,0;33,0;0,9230769230769231;0,7956204379562044
2025-10-09 19:11:22.888;d_shape;25205,5;25207,25;-1,75;-0,006942447113429668;54,0;50,0;1,08;15;43,0;40,0;20,0;18,0;0,7962962962962963;0,8
2025-10-09 19:12:41.916;d_shape;25208,25;25210,0;-1,75;-0,006941689805632686;113,0;49,0;2,306122448979592;16;102,0;32,0;40,0;8,0;0,9026548672566371;0,6530612244897959
2025-10-09 19:14:21.696;p_shape;25199,0;25197,75;1,25;0,0049607603853518666;89,0;76,0;1,1710526315789473;22;22,0;54,0;5,0;31,0;0,24719101123595505;0,7105263157894737
2025-10-09 19:14:22.512;p_shape;25199,0;25198,75;0,25;0,0009921127040031746;75,0;75,0;1,0;19;25,0;57,0;7,0;31,0;0,3333333333333333;0,76
2025-10-09 19:14:22.532;p_shape;25199,5;25199,0;0,5;0,0019842057224493037;75,0;85,0;0,8823529411764706;19;25,0;67,0;7,0;31,0;0,3333333333333333;0,788235294117647
2025-10-09 19:14:23.248;p_shape;25199,25;25199,0;0,25;0,0009921028612246518;74,0;73,0;1,0136986301369864;18;24,0;71,0;7,0;31,0;0,32432432432432434;0,9726027397260274
2025-10-09 19:14:24.528;d_shape;25197,25;25198,0;-0,75;-0,0029764267005317883;66,0;84,0;0,7857142857142857;13;65,0;80,0;46,0;35,0;0,9848484848484849;0,9523809523809523
2025-10-09 19:14:24.564;d_shape;25197,0;25197,25;-0,25;-0,000992171764775918;67,0;84,0;0,7976190476190477;14;66,0;80,0;46,0;35,0;0,9850746268656716;0,9523809523809523
2025-10-09 19:14:24.700;d_shape;25197,0;25197,25;-0,25;-0,000992171764775918;60,0;85,0;0,7058823529411765;13;59,0;80,0;46,0;35,0;0,9833333333333333;0,9411764705882353
2025-10-09 19:14:49.072;p_shape;25202,0;25201,75;0,25;0,0009919946035493567;32,0;47,0;0,6808510638297872;11;25,0;47,0;9,0;20,0;0,78125;1,0
2025-10-09 19:15:05.312;p_shape;25205,25;25204,75;0,5;0,00198375306241879;70,0;88,0;0,7954545454545454;19;33,0;70,0;8,0;46,0;0,4714285714285714;0,7954545454545454
2025-10-09 19:15:05.392;p_shape;25206,0;25205,25;0,75;0,0029755705656559646;70,0;91,0;0,7692307692307693;19;33,0;73,0;8,0;47,0;0,4714285714285714;0,8021978021978022
2025-10-09 19:15:05.656;p_shape;25206,25;25206,0;0,25;0,0009918273426961835;64,0;83,0;0,7710843373493976;15;34,0;67,0;8,0;50,0;0,53125;0,8072289156626506
2025-10-09 19:15:05.716;p_shape;25206,25;25205,75;0,5;0,0019836743600170595;66,0;86,0;0,7674418604651163;15;34,0;70,0;8,0;51,0;0,5151515151515151;0,813953488372093
2025-10-09 19:15:05.724;p_shape;25206,5;25206,25;0,25;0,0009918175055789735;66,0;93,0;0,7096774193548387;15;34,0;77,0;8,0;51,0;0,5151515151515151;0,8279569892473119
2025-10-09 19:15:05.992;p_shape;25206,0;25205,75;0,25;0,0009918371800085298;69,0;95,0;0,7263157894736842;15;34,0;79,0;8,0;52,0;0,4927536231884058;0,8315789473684211
2025-10-09 19:15:06.012;p_shape;25206,25;25206,0;0,25;0,0009918273426961835;69,0;96,0;0,71875;15;34,0;80,0;8,0;52,0;0,4927536231884058;0,8333333333333334
2025-10-09 19:15:06.296;p_shape;25206,25;25206,0;0,25;0,0009918273426961835;61,0;97,0;0,6288659793814433;15;25,0;81,0;6,0;52,0;0,4098360655737705;0,8350515463917526
2025-10-09 19:15:06.696;p_shape;25206,0;25205,75;0,25;0,0009918371800085298;62,0;97,0;0,6391752577319587;15;18,0;81,0;6,0;52,0;0,2903225806451613;0,8350515463917526
2025-10-09 19:15:06.940;p_shape;25206,0;25205,5;0,5;0,001983694035032037;66,0;96,0;0,6875;15;18,0;81,0;6,0;52,0;0,2727272727272727;0,84375
2025-10-09 19:15:07.064;p_shape;25206,5;25206,0;0,5;0,001983654685392367;67,0;87,0;0,7701149425287356;14;18,0;78,0;6,0;52,0;0,26865671641791045;0,896551724137931
2025-10-09 19:15:07.080;p_shape;25206,75;25206,5;0,25;0,0009918076686568941;67,0;89,0;0,7528089887640449;15;23,0;80,0;6,0;52,0;0,34328358208955223;0,898876404494382
2025-10-09 19:15:07.200;p_shape;25206,75;25206,5;0,25;0,0009918076686568941;67,0;95,0;0,7052631578947368;15;23,0;87,0;6,0;52,0;0,34328358208955223;0,9157894736842105
2025-10-09 19:15:07.800;p_shape;25206,75;25206,0;0,75;0,0029754820280885504;70,0;98,0;0,7142857142857143;14;23,0;94,0;6,0;52,0;0,32857142857142857;0,9591836734693877
2025-10-09 19:15:07.944;p_shape;25207,0;25206,75;0,25;0,0009917978319299394;67,0;98,0;0,6836734693877551;14;29,0;95,0;9,0;52,0;0,43283582089552236;0,9693877551020408
2025-10-09 19:15:08.364;p_shape;25206,5;25206,25;0,25;0,0009918175055789735;71,0;100,0;0,71;12;35,0;97,0;10,0;52,0;0,49295774647887325;0,97
2025-10-09 19:15:08.368;p_shape;25207,0;25206,5;0,5;0,0019836153373137882;71,0;105,0;0,6761904761904762;12;35,0;102,0;10,0;52,0;0,49295774647887325;0,9714285714285714
2025-10-09 19:15:08.464;p_shape;25207,25;25207,0;0,25;0,0009917879953981038;67,0;106,0;0,6320754716981132;12;47,0;103,0;16,0;52,0;0,7014925373134329;0,9716981132075472
2025-10-09 19:15:08.644;p_shape;25206,75;25206,0;0,75;0,0029754820280885504;80,0;109,0;0,7339449541284404;12;51,0;107,0;20,0;52,0;0,6375;0,981651376146789
2025-10-09 19:15:08.676;p_shape;25207,0;25206,75;0,25;0,0009917978319299394;80,0;110,0;0,7272727272727273;12;51,0;108,0;20,0;52,0;0,6375;0,9818181818181818
2025-10-09 19:15:08.748;p_shape;25206,75;25206,25;0,5;0,001983635011157947;81,0;112,0;0,7232142857142857;12;51,0;110,0;20,0;52,0;0,6296296296296297;0,9821428571428571
2025-10-09 19:15:08.944;p_shape;25207,0;25206,5;0,5;0,0019836153373137882;82,0;112,0;0,7321428571428571;12;51,0;111,0;20,0;52,0;0,6219512195121951;0,9910714285714286
2025-10-09 19:15:09.212;d_shape;25205,25;25205,75;-0,5;-0,0019836743600170595;76,0;116,0;0,6551724137931034;11;63,0;112,0;20,0;52,0;0,8289473684210527;0,9655172413793104
2025-10-09 19:15:30.244;d_shape;25197,0;25197,5;-0,5;-0,0019843238416509573;31,0;26,0;1,1923076923076923;15;23,0;14,0;22,0;4,0;0,7419354838709677;0,5384615384615384
2025-10-09 19:15:31.316;d_shape;25197,25;25197,5;-0,25;-0,0009921619208254787;26,0;28,0;0,9285714285714286;14;25,0;13,0;22,0;4,0;0,9615384615384616;0,4642857142857143
2025-10-09 19:15:31.988;d_shape;25196,25;25197,25;-1,0;-0,003968687059103672;39,0;67,0;0,582089552238806;18;39,0;27,0;22,0;7,0;1,0;0,40298507462686567
2025-10-09 19:15:32.008;d_shape;25196,0;25196,25;-0,25;-0,0009922111425311306;39,0;69,0;0,5652173913043478;18;39,0;27,0;22,0;7,0;1,0;0,391304347826087
2025-10-09 19:15:32.484;d_shape;25195,75;25196,25;-0,5;-0,001984422285062261;39,0;81,0;0,48148148148148145;17;39,0;31,0;22,0;7,0;1,0;0,38271604938271603
2025-10-09 19:15:32.800;d_shape;25196,25;25196,5;-0,25;-0,0009922012977992977;39,0;83,0;0,46987951807228917;17;39,0;29,0;22,0;7,0;1,0;0,3493975903614458
2025-10-09 19:15:32.824;d_shape;25196,25;25196,5;-0,25;-0,0009922012977992977;39,0;87,0;0,4482758620689655;17;39,0;29,0;22,0;7,0;1,0;0,3333333333333333
2025-10-09 19:15:32.848;d_shape;25196,0;25196,25;-0,25;-0,0009922111425311306;39,0;88,0;0,4431818181818182;17;39,0;29,0;22,0;7,0;1,0;0,32954545454545453
2025-10-09 19:15:32.852;d_shape;25195,5;25196,0;-0,5;-0,0019844419749166535;39,0;90,0;0,43333333333333335;17;39,0;29,0;22,0;7,0;1,0;0,32222222222222224
2025-10-09 19:15:32.856;d_shape;25195,25;25195,5;-0,25;-0,0009922406778988312;39,0;94,0;0,4148936170212766;17;39,0;29,0;22,0;7,0;1,0;0,30851063829787234
2025-10-09 19:15:33.016;d_shape;25195,25;25195,5;-0,25;-0,0009922406778988312;39,0;99,0;0,3939393939393939;17;39,0;29,0;22,0;7,0;1,0;0,29292929292929293
2025-10-09 19:15:33.424;d_shape;25195,0;25195,5;-0,5;-0,0019844813557976623;39,0;101,0;0,38613861386138615;17;36,0;37,0;22,0;9,0;0,9230769230769231;0,36633663366336633
2025-10-09 19:15:53.076;d_shape;25193,5;25194,25;-0,75;-0,002976869722258055;93,0;55,0;1,690909090909091;17;69,0;41,0;21,0;9,0;0,7419354838709677;0,7454545454545455
2025-10-09 19:16:10.380;p_shape;25197,75;25197,5;0,25;0,0009921619208254787;65,0;61,0;1,0655737704918034;17;50,0;51,0;12,0;20,0;0,7692307692307693;0,8360655737704918
2025-10-09 19:16:59.616;d_shape;25187,0;25187,5;-0,5;-0,0019851116625310174;171,0;251,0;0,6812749003984063;32;121,0;156,0;24,0;24,0;0,7076023391812866;0,6215139442231076
2025-10-09 19:16:59.624;d_shape;25187,25;25188,0;-0,75;-0,002977608384945212;189,0;255,0;0,7411764705882353;32;139,0;156,0;24,0;24,0;0,7354497354497355;0,611764705882353
2025-10-09 19:16:59.684;d_shape;25187,25;25187,75;-0,5;-0,0019850919593850185;204,0;255,0;0,8;32;154,0;156,0;30,0;24,0;0,7549019607843137;0,611764705882353
2025-10-09 19:16:59.700;d_shape;25187,5;25187,75;-0,25;-0,0009925459796925093;211,0;255,0;0,8274509803921568;32;161,0;156,0;33,0;24,0;0,7630331753554502;0,611764705882353
2025-10-09 19:16:59.780;d_shape;25187,75;25188,0;-0,25;-0,0009925361283150706;213,0;258,0;0,8255813953488372;32;163,0;156,0;35,0;24,0;0,7652582159624414;0,6046511627906976
2025-10-09 19:16:59.784;d_shape;25187,5;25187,75;-0,25;-0,0009925459796925093;215,0;258,0;0,8333333333333334;32;165,0;156,0;35,0;24,0;0,7674418604651163;0,6046511627906976
2025-10-09 19:16:59.876;d_shape;25187,5;25187,75;-0,25;-0,0009925459796925093;221,0;258,0;0,8565891472868217;32;171,0;156,0;40,0;24,0;0,7737556561085973;0,6046511627906976
2025-10-09 19:16:59.996;d_shape;25187,5;25187,75;-0,25;-0,0009925459796925093;230,0;258,0;0,8914728682170543;32;180,0;156,0;48,0;24,0;0,782608695652174;0,6046511627906976
2025-10-09 19:17:54.408;d_shape;25184,25;25185,0;-0,75;-0,0029779630732578916;53,0;72,0;0,7361111111111112;15;46,0;59,0;25,0;30,0;0,8679245283018868;0,8194444444444444
2025-10-09 19:17:54.556;d_shape;25185,25;25185,5;-0,25;-0,0009926346508903933;62,0;74,0;0,8378378378378378;16;45,0;59,0;26,0;30,0;0,7258064516129032;0,7972972972972973
2025-10-09 19:17:55.264;d_shape;25184,75;25185,5;-0,75;-0,00297790395267118;70,0;85,0;0,8235294117647058;16;53,0;57,0;26,0;30,0;0,7571428571428571;0,6705882352941176
2025-10-09 19:17:55.332;d_shape;25184,25;25184,75;-0,5;-0,0019853284229543675;70,0;90,0;0,7777777777777778;16;53,0;57,0;26,0;30,0;0,7571428571428571;0,6333333333333333
2025-10-09 19:17:55.684;d_shape;25183,75;25184,75;-1,0;-0,003970656845908735;58,0;86,0;0,6744186046511628;18;51,0;50,0;26,0;21,0;0,8793103448275862;0,5813953488372093
2025-10-09 19:17:55.696;d_shape;25183,5;25183,75;-0,25;-0,0009927036283317616;58,0;87,0;0,6666666666666666;19;51,0;48,0;26,0;21,0;0,8793103448275862;0,5517241379310345
2025-10-09 19:17:55.700;d_shape;25183,25;25183,5;-0,25;-0,0009927134830345265;58,0;88,0;0,6590909090909091;20;49,0;48,0;26,0;21,0;0,8448275862068966;0,5454545454545454
2025-10-09 19:17:55.756;d_shape;25183,5;25183,75;-0,25;-0,0009927036283317616;58,0;90,0;0,6444444444444445;20;49,0;48,0;26,0;21,0;0,8448275862068966;0,5333333333333333
2025-10-09 19:17:55.916;d_shape;25183,0;25183,75;-0,75;-0,0029781108849952845;63,0;93,0;0,6774193548387096;21;54,0;65,0;26,0;21,0;0,8571428571428571;0,6989247311827957
2025-10-09 19:17:55.940;d_shape;25183,0;25183,5;-0,5;-0,001985426966069053;66,0;95,0;0,6947368421052632;21;57,0;65,0;26,0;21,0;0,8636363636363636;0,6842105263157895
2025-10-09 19:17:56.016;d_shape;25183,25;25183,5;-0,25;-0,0009927134830345265;66,0;102,0;0,6470588235294118;21;57,0;65,0;26,0;21,0;0,8636363636363636;0,6372549019607843
2025-10-09 19:17:56.112;d_shape;25183,0;25183,25;-0,25;-0,0009927233379329514;66,0;104,0;0,6346153846153846;21;57,0;65,0;26,0;21,0;0,8636363636363636;0,625
2025-10-09 19:17:56.124;d_shape;25182,25;25183,0;-0,75;-0,002978199579081126;66,0;112,0;0,5892857142857143;23;57,0;65,0;26,0;21,0;0,8636363636363636;0,5803571428571429
2025-10-09 19:17:59.096;d_shape;25177,75;25178,0;-0,25;-0,0009929303360076257;192,0;270,0;0,7111111111111111;34;135,0;73,0;39,0;17,0;0,703125;0,27037037037037037
2025-10-09 19:17:59.848;d_shape;25179,25;25179,5;-0,25;-0,0009928711848924722;154,0;282,0;0,5460992907801419;31;141,0;72,0;40,0;10,0;0,9155844155844156;0,2553191489361702
2025-10-09 19:17:59.860;d_shape;25179,0;25179,25;-0,25;-0,0009928810429222475;154,0;283,0;0,5441696113074205;31;141,0;72,0;40,0;10,0;0,9155844155844156;0,254416961130742
2025-10-09 19:18:00.076;d_shape;25178,75;25179,0;-0,25;-0,0009928909011477818;151,0;274,0;0,551094890510949;29;143,0;72,0;40,0;10,0;0,9470198675496688;0,26277372262773724
2025-10-09 19:18:00.144;d_shape;25178,75;25179,0;-0,25;-0,0009928909011477818;152,0;275,0;0,5527272727272727;29;144,0;72,0;40,0;10,0;0,9473684210526315;0,26181818181818184
2025-10-09 19:18:00.236;d_shape;25178,5;25178,75;-0,25;-0,0009929007595690811;153,0;275,0;0,5563636363636364;29;145,0;72,0;40,0;10,0;0,9477124183006536;0,26181818181818184
2025-10-09 19:18:00.244;d_shape;25178,0;25178,5;-0,5;-0,0019858212363723015;157,0;275,0;0,5709090909090909;29;149,0;72,0;40,0;10,0;0,9490445859872612;0,26181818181818184
2025-10-09 19:18:00.296;d_shape;25177,75;25178,0;-0,25;-0,0009929303360076257;158,0;273,0;0,5787545787545788;29;150,0;70,0;41,0;10,0;0,9493670886075949;0,2564102564102564
2025-10-09 19:18:00.552;d_shape;25178,25;25178,5;-0,25;-0,0009929106181861508;177,0;266,0;0,6654135338345865;26;169,0;68,0;42,0;10,0;0,9548022598870056;0,2556390977443609
2025-10-09 19:18:00.628;d_shape;25178,5;25178,75;-0,25;-0,0009929007595690811;182,0;266,0;0,6842105263157895;26;174,0;68,0;42,0;10,0;0,9560439560439561;0,2556390977443609
2025-10-09 19:18:00.868;d_shape;25178,75;25179,0;-0,25;-0,0009928909011477818;187,0;252,0;0,7420634920634921;24;179,0;58,0;42,0;9,0;0,9572192513368984;0,23015873015873015
2025-10-09 19:18:01.008;d_shape;25178,75;25179,25;-0,5;-0,001985762085844495;181,0;244,0;0,7418032786885246;23;181,0;67,0;42,0;18,0;1,0;0,27459016393442626
2025-10-09 19:18:01.012;d_shape;25178,5;25178,75;-0,25;-0,0009929007595690811;182,0;244,0;0,7459016393442623;23;182,0;67,0;42,0;18,0;1,0;0,27459016393442626
2025-10-09 19:18:04.312;p_shape;25181,25;25181,0;0,25;0,0009928120408244311;124,0;116,0;1,0689655172413792;17;69,0;87,0;23,0;22,0;0,5564516129032258;0,75
2025-10-09 19:18:04.592;p_shape;25180,75;25180,25;0,5;0,0019856832239552825;124,0;125,0;0,992;17;69,0;98,0;22,0;24,0;0,5564516129032258;0,784
2025-10-09 19:18:05.016;p_shape;25181,25;25180,0;1,25;0,004964257347100874;126,0;108,0;1,1666666666666667;17;69,0;103,0;22,0;25,0;0,5476190476190477;0,9537037037037037
2025-10-09 19:18:05.044;p_shape;25181,5;25181,25;0,25;0,0009928021841648052;126,0;109,0;1,1559633027522935;17;69,0;104,0;22,0;25,0;0,5476190476190477;0,9541284403669725
2025-10-09 19:18:05.140;p_shape;25181,5;25180,75;0,75;0,0029784656930393256;124,0;114,0;1,087719298245614;17;67,0;109,0;22,0;25,0;0,5403225806451613;0,956140350877193
2025-10-09 19:18:05.560;p_shape;25181,75;25181,25;0,5;0,0019856043683296105;98,0;116,0;0,8448275862068966;14;45,0;112,0;13,0;26,0;0,45918367346938777;0,9655172413793104
2025-10-09 19:18:05.592;p_shape;25181,5;25181,25;0,25;0,0009928021841648052;96,0;125,0;0,768;14;43,0;121,0;13,0;30,0;0,4479166666666667;0,968
2025-10-09 19:18:05.948;p_shape;25181,0;25180,5;0,5;0,0019856635094616863;87,0;142,0;0,6126760563380281;14;34,0;142,0;13,0;34,0;0,39080459770114945;1,0
2025-10-09 19:18:05.952;p_shape;25181,25;25181,0;0,25;0,0009928120408244311;87,0;144,0;0,6041666666666666;14;34,0;144,0;13,0;35,0;0,39080459770114945;1,0
2025-10-09 19:18:07.120;d_shape;25179,5;25179,75;-0,25;-0,0009928613270584498;45,0;159,0;0,2830188679245283;10;35,0;119,0;24,0;33,0;0,7777777777777778;0,7484276729559748
2025-10-09 19:18:07.476;p_shape;25181,5;25180,75;0,75;0,0029784656930393256;53,0;156,0;0,33974358974358976;10;41,0;119,0;25,0;33,0;0,7735849056603774;0,7628205128205128
2025-10-09 19:18:07.488;p_shape;25181,75;25181,5;0,25;0,0009927923277008915;57,0;156,0;0,36538461538461536;10;41,0;119,0;25,0;33,0;0,7192982456140351;0,7628205128205128
2025-10-09 19:18:07.700;p_shape;25181,5;25180,75;0,75;0,0029784656930393256;65,0;154,0;0,42207792207792205;10;41,0;117,0;25,0;33,0;0,6307692307692307;0,7597402597402597
2025-10-09 19:18:07.712;p_shape;25181,75;25181,5;0,25;0,0009927923277008915;68,0;154,0;0,44155844155844154;10;41,0;117,0;25,0;33,0;0,6029411764705882;0,7597402597402597
2025-10-09 19:18:07.780;p_shape;25182,0;25181,75;0,25;0,0009927824714326843;68,0;155,0;0,43870967741935485;11;54,0;118,0;25,0;33,0;0,7941176470588235;0,7612903225806451
2025-10-09 19:18:12.200;d_shape;25174,5;25175,0;-0,5;-0,0019860973187686196;157,0;164,0;0,9573170731707317;35;111,0;76,0;21,0;17,0;0,7070063694267515;0,4634146341463415
2025-10-09 19:18:12.312;d_shape;25174,75;25175,0;-0,25;-0,0009930486593843098;158,0;164,0;0,9634146341463414;35;115,0;76,0;21,0;17,0;0,7278481012658228;0,4634146341463415
2025-10-09 19:18:12.572;d_shape;25175,75;25176,0;-0,25;-0,0009930092151255164;149,0;166,0;0,8975903614457831;35;120,0;76,0;21,0;17,0;0,8053691275167785;0,4578313253012048
2025-10-09 19:18:12.584;d_shape;25175,5;25175,75;-0,25;-0,000993019075896448;150,0;166,0;0,9036144578313253;35;121,0;76,0;21,0;17,0;0,8066666666666666;0,4578313253012048
2025-10-09 19:18:12.764;d_shape;25176,25;25176,5;-0,25;-0,0009929894941711516;146,0;171,0;0,8538011695906432;34;124,0;76,0;21,0;17,0;0,8493150684931506;0,4444444444444444
2025-10-09 19:18:12.936;d_shape;25176,0;25176,25;-0,25;-0,0009929993545504197;146,0;166,0;0,8795180722891566;33;124,0;76,0;21,0;17,0;0,8493150684931506;0,4578313253012048
2025-10-09 19:18:13.028;d_shape;25175,75;25176,25;-0,5;-0,0019859987091008393;149,0;166,0;0,8975903614457831;33;127,0;76,0;21,0;17,0;0,8523489932885906;0,4578313253012048
2025-10-09 19:18:13.092;d_shape;25176,25;25176,5;-0,25;-0,0009929894941711516;154,0;166,0;0,927710843373494;33;132,0;76,0;21,0;17,0;0,8571428571428571;0,4578313253012048
2025-10-09 19:18:13.136;d_shape;25176,0;25176,25;-0,25;-0,0009929993545504197;165,0;165,0;1,0;32;143,0;75,0;21,0;17,0;0,8666666666666667;0,45454545454545453
2025-10-09 19:18:14.160;p_shape;25178,75;25178,5;0,25;0,0009929106181861508;172,0;117,0;1,4700854700854702;22;142,0;102,0;26,0;23,0;0,8255813953488372;0,8717948717948718
2025-10-09 19:18:14.224;p_shape;25179,0;25178,75;0,25;0,0009929007595690811;174,0;117,0;1,4871794871794872;22;142,0;102,0;26,0;23,0;0,8160919540229885;0,8717948717948718
2025-10-09 19:18:14.356;p_shape;25179,25;25178,75;0,5;0,0019858015191381623;177,0;88,0;2,0113636363636362;20;116,0;74,0;22,0;23,0;0,655367231638418;0,8409090909090909
2025-10-09 19:18:14.508;p_shape;25178,75;25178,5;0,25;0,0009929106181861508;153,0;73,0;2,095890410958904;20;113,0;59,0;22,0;23,0;0,738562091503268;0,8082191780821918
2025-10-09 19:18:14.824;p_shape;25179,0;25178,75;0,25;0,0009929007595690811;134,0;73,0;1,8356164383561644;20;98,0;59,0;20,0;23,0;0,7313432835820896;0,8082191780821918
2025-10-09 19:18:14.884;p_shape;25179,5;25178,75;0,75;0,0029787022787072432;136,0;73,0;1,8630136986301369;21;111,0;59,0;20,0;23,0;0,8161764705882353;0,8082191780821918
2025-10-09 19:18:14.892;p_shape;25179,75;25179,5;0,25;0,0009928711848924722;136,0;74,0;1,837837837837838;22;111,0;59,0;20,0;23,0;0,8161764705882353;0,7972972972972973
2025-10-09 19:18:15.064;p_shape;25179,75;25179,25;0,5;0,001985762085844495;130,0;72,0;1,8055555555555556;22;103,0;57,0;20,0;22,0;0,7923076923076923;0,7916666666666666
2025-10-09 19:20:14.700;p_shape;25197,25;25197,0;0,25;0,0009921816089216969;38,0;89,0;0,42696629213483145;15;31,0;70,0;10,0;21,0;0,8157894736842105;0,7865168539325843
2025-10-09 19:20:14.812;p_shape;25197,0;25196,75;0,25;0,0009921914532628215;38,0;98,0;0,3877551020408163;15;31,0;79,0;10,0;23,0;0,8157894736842105;0,8061224489795918
2025-10-09 19:20:14.912;p_shape;25196,75;25196,5;0,25;0,0009922012977992977;38,0;99,0;0,3838383838383838;15;31,0;81,0;10,0;23,0;0,8157894736842105;0,8181818181818182
2025-10-09 19:20:15.176;p_shape;25196,75;25195,75;1,0;0,003968923330323566;42,0;103,0;0,4077669902912621;15;31,0;86,0;9,0;25,0;0,7380952380952381;0,8349514563106796
2025-10-09 19:20:16.308;p_shape;25197,75;25196,25;1,5;0,005953266855186784;44,0;107,0;0,411214953271028;16;26,0;91,0;6,0;28,0;0,5909090909090909;0,8504672897196262
2025-10-09 19:20:16.856;p_shape;25198,75;25197,75;1,0;0,003968608308281493;50,0;93,0;0,5376344086021505;18;37,0;89,0;11,0;28,0;0,74;0,956989247311828
2025-10-09 19:20:17.000;p_shape;25199,25;25198,75;0,5;0,0019842254080063492;50,0;96,0;0,5208333333333334;20;43,0;83,0;11,0;28,0;0,86;0,8645833333333334
2025-10-09 19:20:19.716;p_shape;25202,75;25202,0;0,75;0,0029759542893421156;126,0;130,0;0,9692307692307692;29;52,0;99,0;12,0;30,0;0,4126984126984127;0,7615384615384615
2025-10-09 19:20:19.720;p_shape;25203,25;25202,75;0,5;0,0019839104859588736;126,0;130,0;0,9692307692307692;29;52,0;100,0;12,0;30,0;0,4126984126984127;0,7692307692307693
2025-10-09 19:20:19.760;p_shape;25203,25;25202,75;0,5;0,0019839104859588736;127,0;131,0;0,9694656488549618;29;52,0;103,0;12,0;30,0;0,4094488188976378;0,7862595419847328
2025-10-09 19:20:19.880;p_shape;25203,5;25203,25;0,25;0,0009919355638657713;127,0;126,0;1,007936507936508;29;52,0;105,0;12,0;31,0;0,4094488188976378;0,8333333333333334
2025-10-09 19:20:20.332;p_shape;25203,25;25203,0;0,25;0,000991945403325001;129,0;118,0;1,0932203389830508;29;46,0;105,0;12,0;31,0;0,35658914728682173;0,8898305084745762
2025-10-09 19:20:20.372;p_shape;25203,5;25203,25;0,25;0,0009919355638657713;134,0;118,0;1,1355932203389831;29;46,0;105,0;12,0;31,0;0,34328358208955223;0,8898305084745762
2025-10-09 19:20:20.484;p_shape;25203,75;25203,5;0,25;0,000991925724601742;154,0;110,0;1,4;27;52,0;105,0;12,0;31,0;0,33766233766233766;0,9545454545454546
2025-10-09 19:20:20.488;p_shape;25204,0;25203,75;0,25;0,0009919158855329067;164,0;110,0;1,490909090909091;28;52,0;100,0;12,0;31,0;0,3170731707317073;0,9090909090909091
2025-10-09 19:20:20.616;p_shape;25204,25;25203,75;0,5;0,0019838317710658133;160,0;112,0;1,4285714285714286;27;59,0;102,0;12,0;31,0;0,36875;0,9107142857142857
2025-10-09 19:20:20.672;p_shape;25204,5;25204,25;0,25;0,0009918962079807968;160,0;114,0;1,4035087719298245;28;59,0;104,0;12,0;31,0;0,36875;0,9122807017543859
2025-10-09 19:20:20.712;p_shape;25204,5;25204,25;0,25;0,0009918962079807968;160,0;116,0;1,3793103448275863;28;59,0;106,0;12,0;31,0;0,36875;0,9137931034482759
2025-10-09 19:20:20.828;p_shape;25204,5;25204,25;0,25;0,0009918962079807968;159,0;125,0;1,272;28;58,0;115,0;12,0;31,0;0,36477987421383645;0,92
2025-10-09 19:20:20.884;p_shape;25204,75;25204,5;0,25;0,0009918863694975103;159,0;129,0;1,2325581395348837;29;63,0;119,0;12,0;31,0;0,39622641509433965;0,9224806201550387
2025-10-09 19:20:21.316;p_shape;25204,5;25204,0;0,5;0,0019838120933185206;159,0;136,0;1,1691176470588236;27;75,0;127,0;14,0;31,0;0,4716981132075472;0,9338235294117647
2025-10-09 19:20:21.716;p_shape;25204,25;25203,75;0,5;0,0019838317710658133;176,0;136,0;1,2941176470588236;27;75,0;127,0;14,0;31,0;0,42613636363636365;0,9338235294117647
2025-10-09 19:20:21.732;p_shape;25204,5;25204,25;0,25;0,0009918962079807968;178,0;136,0;1,3088235294117647;27;75,0;127,0;14,0;31,0;0,42134831460674155;0,9338235294117647
2025-10-09 19:20:21.764;p_shape;25204,75;25204,5;0,25;0,0009918863694975103;181,0;144,0;1,2569444444444444;27;75,0;135,0;14,0;31,0;0,4143646408839779;0,9375
2025-10-09 19:20:21.776;p_shape;25204,75;25204,5;0,25;0,0009918863694975103;183,0;145,0;1,2620689655172415;27;75,0;136,0;14,0;31,0;0,4098360655737705;0,9379310344827586
2025-10-09 19:20:22.372;p_shape;25204,25;25203,75;0,5;0,0019838317710658133;182,0;143,0;1,2727272727272727;24;72,0;138,0;14,0;31,0;0,3956043956043956;0,965034965034965
2025-10-09 19:20:22.376;p_shape;25204,5;25204,25;0,25;0,0009918962079807968;175,0;143,0;1,2237762237762237;24;63,0;138,0;14,0;31,0;0,36;0,965034965034965
2025-10-09 19:20:22.380;p_shape;25204,75;25204,5;0,25;0,0009918863694975103;178,0;143,0;1,2447552447552448;24;63,0;138,0;14,0;31,0;0,3539325842696629;0,965034965034965
2025-10-09 19:20:22.400;p_shape;25205,25;25204,75;0,5;0,00198375306241879;178,0;147,0;1,2108843537414966;26;66,0;128,0;14,0;31,0;0,3707865168539326;0,8707482993197279
2025-10-09 19:20:22.564;p_shape;25205,5;25204,5;1,0;0,003967545477990041;182,0;175,0;1,04;27;73,0;156,0;14,0;31,0;0,4010989010989011;0,8914285714285715
2025-10-09 19:20:22.588;p_shape;25205,0;25204,75;0,25;0,000991876531209395;182,0;176,0;1,0340909090909092;27;72,0;157,0;14,0;31,0;0,3956043956043956;0,8920454545454546
2025-10-09 19:20:22.648;p_shape;25204,75;25204,5;0,25;0,0009918863694975103;182,0;176,0;1,0340909090909092;27;69,0;157,0;14,0;31,0;0,3791208791208791;0,8920454545454546
2025-10-09 19:20:22.680;p_shape;25205,0;25204,75;0,25;0,000991876531209395;179,0;179,0;1,0;25;75,0;140,0;14,0;31,0;0,41899441340782123;0,7821229050279329
2025-10-09 19:20:23.052;p_shape;25205,25;25205,0;0,25;0,0009918666931164452;169,0;181,0;0,9337016574585635;22;72,0;130,0;14,0;31,0;0,4260355029585799;0,7182320441988951
2025-10-09 19:20:23.252;p_shape;25205,0;25204,5;0,5;0,0019837727389950205;161,0;190,0;0,8473684210526315;22;64,0;139,0;14,0;31,0;0,39751552795031053;0,7315789473684211
2025-10-09 19:20:23.320;p_shape;25204,75;25204,5;0,25;0,0009918863694975103;152,0;193,0;0,7875647668393783;22;55,0;142,0;14,0;31,0;0,3618421052631579;0,7357512953367875
2025-10-09 19:20:23.424;p_shape;25204,5;25204,0;0,5;0,0019838120933185206;161,0;197,0;0,817258883248731;20;60,0;141,0;14,0;31,0;0,37267080745341613;0,7157360406091371
2025-10-09 19:20:23.544;p_shape;25204,75;25204,5;0,25;0,0009918863694975103;161,0;200,0;0,805;20;60,0;144,0;14,0;31,0;0,37267080745341613;0,72
2025-10-09 19:20:25.220;d_shape;25203,25;25203,75;-0,5;-0,0019838317710658133;114,0;120,0;0,95;11;90,0;109,0;25,0;25,0;0,7894736842105263;0,9083333333333333
2025-10-09 19:20:36.304;d_shape;25207,0;25207,5;-0,5;-0,0019835366458395317;51,0;59,0;0,864406779661017;10;45,0;32,0;25,0;10,0;0,8823529411764706;0,5423728813559322
2025-10-09 19:20:36.484;d_shape;25207,25;25207,5;-0,25;-0,0009917683229197659;51,0;62,0;0,8225806451612904;10;45,0;32,0;25,0;10,0;0,8823529411764706;0,5161290322580645
2025-10-09 19:20:36.716;d_shape;25207,0;25207,25;-0,25;-0,0009917781590613813;45,0;61,0;0,7377049180327869;10;39,0;32,0;21,0;10,0;0,8666666666666667;0,5245901639344263
2025-10-09 19:20:43.220;p_shape;25211,25;25211,0;0,25;0,0009916306374201738;97,0;95,0;1,0210526315789474;20;57,0;68,0;17,0;21,0;0,5876288659793815;0,7157894736842105
2025-10-09 19:20:44.060;p_shape;25211,25;25211,0;0,25;0,0009916306374201738;89,0;90,0;0,9888888888888889;17;66,0;74,0;17,0;22,0;0,7415730337078652;0,8222222222222222
2025-10-09 19:20:44.328;p_shape;25211,25;25210,5;0,75;0,0029749509133099304;89,0;118,0;0,7542372881355932;17;66,0;103,0;17,0;22,0;0,7415730337078652;0,8728813559322034
2025-10-09 19:21:07.280;d_shape;25207,75;25208,25;-0,5;-0,0019834776313310126;46,0;119,0;0,3865546218487395;27;46,0;48,0;21,0;9,0;1,0;0,40336134453781514
2025-10-09 19:21:07.352;d_shape;25207,5;25207,75;-0,25;-0,0009917584869732522;46,0;121,0;0,38016528925619836;27;46,0;48,0;21,0;9,0;1,0;0,39669421487603307
2025-10-09 19:21:07.480;d_shape;25207,75;25208,0;-0,25;-0,0009917486512218342;46,0;114,0;0,40350877192982454;26;46,0;39,0;21,0;6,0;1,0;0,34210526315789475
2025-10-09 19:21:07.636;d_shape;25207,5;25207,75;-0,25;-0,0009917584869732522;46,0;114,0;0,40350877192982454;26;46,0;38,0;21,0;6,0;1,0;0,3333333333333333
2025-10-09 19:21:08.064;d_shape;25206,75;25207,75;-1,0;-0,003967033947893009;47,0;113,0;0,415929203539823;25;47,0;37,0;21,0;6,0;1,0;0,3274336283185841
2025-10-09 19:21:08.128;d_shape;25206,75;25207,0;-0,25;-0,0009917879953981038;49,0;110,0;0,44545454545454544;24;49,0;34,0;21,0;6,0;1,0;0,3090909090909091
2025-10-09 19:21:47.356;d_shape;25192,25;25192,5;-0,25;-0,000992358836955443;47,0;69,0;0,6811594202898551;26;47,0;28,0;23,0;4,0;1,0;0,4057971014492754
2025-10-09 19:21:47.488;d_shape;25192,75;25193,0;-0,25;-0,00099233914182511;51,0;67,0;0,7611940298507462;26;51,0;26,0;25,0;4,0;1,0;0,3880597014925373
2025-10-09 19:21:47.512;d_shape;25192,25;25192,75;-0,5;-0,001984697978585109;56,0;67,0;0,835820895522388;26;56,0;26,0;25,0;4,0;1,0;0,3880597014925373
2025-10-09 19:21:47.888;d_shape;25192,75;25193,0;-0,25;-0,00099233914182511;61,0;43,0;1,4186046511627908;14;55,0;30,0;26,0;11,0;0,9016393442622951;0,6976744186046512
2025-10-09 19:21:48.928;d_shape;25192,5;25193,5;-1,0;-0,003969277789906127;62,0;62,0;1,0;13;58,0;29,0;26,0;8,0;0,9354838709677419;0,46774193548387094
2025-10-09 19:21:49.024;d_shape;25192,0;25193,25;-1,25;-0,004961646472765522;64,0;64,0;1,0;13;60,0;29,0;26,0;8,0;0,9375;0,453125
2025-10-09 19:21:49.028;d_shape;25191,75;25192,0;-0,25;-0,000992378532867577;65,0;64,0;1,015625;14;61,0;29,0;26,0;8,0;0,9384615384615385;0,453125
2025-10-09 19:21:49.780;d_shape;25191,75;25192,0;-0,25;-0,000992378532867577;69,0;62,0;1,1129032258064515;15;68,0;42,0;26,0;15,0;0,9855072463768116;0,6774193548387096
2025-10-09 19:21:50.112;d_shape;25192,0;25192,5;-0,5;-0,001984717673910886;74,0;58,0;1,2758620689655173;14;74,0;38,0;27,0;15,0;1,0;0,6551724137931034
2025-10-09 19:25:23.668;d_shape;25190,5;25191,0;-0,5;-0,001984835854074868;62,0;55,0;1,1272727272727272;19;60,0;38,0;31,0;9,0;0,967741935483871;0,6909090909090909
2025-10-09 19:26:28.180;p_shape;25182,0;25181,5;0,5;0,001985584655401783;58,0;67,0;0,8656716417910447;10;51,0;54,0;17,0;26,0;0,8793103448275862;0,8059701492537313
2025-10-09 19:26:28.184;p_shape;25182,5;25182,0;0,5;0,0019855452307203556;58,0;70,0;0,8285714285714286;10;51,0;57,0;17,0;26,0;0,8793103448275862;0,8142857142857143
2025-10-09 19:26:28.208;p_shape;25182,75;25182,5;0,25;0,0009927529038022437;58,0;73,0;0,7945205479452054;11;56,0;60,0;17,0;26,0;0,9655172413793104;0,821917808219178
2025-10-09 19:26:28.252;p_shape;25183,0;25182,75;0,25;0,0009927430483168043;58,0;73,0;0,7945205479452054;12;56,0;54,0;17,0;26,0;0,9655172413793104;0,7397260273972602
2025-10-09 19:26:28.292;p_shape;25183,25;25183,0;0,25;0,000992733193027042;58,0;74,0;0,7837837837837838;13;57,0;55,0;17,0;26,0;0,9827586206896551;0,7432432432432432
2025-10-09 19:26:32.704;p_shape;25183,75;25183,0;0,75;0,002978199579081126;10,0;82,0;0,12195121951219512;13;9,0;66,0;3,0;20,0;0,9;0,8048780487804879
2025-10-09 19:26:32.880;d_shape;25180,75;25181,0;-0,25;-0,0009928120408244311;44,0;129,0;0,34108527131782945;16;42,0;87,0;29,0;21,0;0,9545454545454546;0,6744186046511628
2025-10-09 19:26:32.884;d_shape;25180,25;25180,75;-0,5;-0,0019856437953595504;49,0;129,0;0,3798449612403101;18;47,0;108,0;29,0;21,0;0,9591836734693877;0,8372093023255814
2025-10-09 19:26:33.184;d_shape;25181,25;25181,75;-0,5;-0,0019855649428653687;53,0;135,0;0,3925925925925926;18;51,0;108,0;33,0;21,0;0,9622641509433962;0,8
2025-10-09 19:26:33.188;d_shape;25181,0;25181,25;-0,25;-0,0009928021841648052;53,0;133,0;0,39849624060150374;18;51,0;105,0;33,0;21,0;0,9622641509433962;0,7894736842105263
2025-10-09 19:26:33.236;d_shape;25180,75;25181,0;-0,25;-0,0009928120408244311;54,0;129,0;0,4186046511627907;18;52,0;101,0;34,0;21,0;0,9629629629629629;0,7829457364341085
2025-10-09 19:26:33.356;d_shape;25181,0;25181,25;-0,25;-0,0009928021841648052;54,0;130,0;0,4153846153846154;18;52,0;98,0;34,0;21,0;0,9629629629629629;0,7538461538461538
2025-10-09 19:26:33.864;d_shape;25181,0;25181,5;-0,5;-0,001985584655401783;54,0;132,0;0,4090909090909091;18;52,0;93,0;34,0;21,0;0,9629629629629629;0,7045454545454546
2025-10-09 19:26:33.976;d_shape;25180,75;25181,0;-0,25;-0,0009928120408244311;53,0;131,0;0,40458015267175573;18;51,0;92,0;35,0;21,0;0,9622641509433962;0,7022900763358778
2025-10-09 19:26:34.868;d_shape;25181,0;25181,25;-0,25;-0,0009928021841648052;55,0;126,0;0,4365079365079365;18;53,0;85,0;37,0;21,0;0,9636363636363636;0,6746031746031746
2025-10-09 19:26:35.316;d_shape;25180,5;25181,0;-0,5;-0,0019856240816488622;61,0;113,0;0,5398230088495575;18;59,0;72,0;39,0;19,0;0,9672131147540983;0,6371681415929203
2025-10-09 19:26:35.524;d_shape;25180,5;25181,0;-0,5;-0,0019856240816488622;72,0;113,0;0,6371681415929203;18;70,0;72,0;46,0;19,0;0,9722222222222222;0,6371681415929203
2025-10-09 19:26:36.508;d_shape;25181,25;25181,5;-0,25;-0,0009927923277008915;77,0;100,0;0,77;16;76,0;57,0;46,0;15,0;0,987012987012987;0,57
2025-10-09 19:26:36.572;d_shape;25181,0;25181,25;-0,25;-0,0009928021841648052;78,0;105,0;0,7428571428571429;16;77,0;57,0;46,0;15,0;0,9871794871794872;0,5428571428571428
2025-10-09 19:26:37.188;d_shape;25181,0;25181,75;-0,75;-0,0029783474142980534;97,0;107,0;0,9065420560747663;15;97,0;64,0;46,0;15,0;1,0;0,5981308411214953
2025-10-09 19:27:47.432;d_shape;25176,25;25176,5;-0,25;-0,0009929894941711516;79,0;53,0;1,490566037735849;10;67,0;48,0;20,0;21,0;0,8481012658227848;0,9056603773584906
2025-10-09 19:27:48.248;d_shape;25176,5;25177,0;-0,5;-0,001985939548000159;78,0;55,0;1,4181818181818182;10;67,0;48,0;27,0;21,0;0,8589743589743589;0,8727272727272727
2025-10-09 19:27:48.340;d_shape;25176,0;25176,5;-0,5;-0,001985978988342303;102,0;55,0;1,8545454545454545;10;92,0;48,0;48,0;21,0;0,9019607843137255;0,8727272727272727
2025-10-09 19:27:48.376;d_shape;25176,25;25176,5;-0,25;-0,0009929894941711516;105,0;55,0;1,9090909090909092;10;95,0;48,0;50,0;21,0;0,9047619047619048;0,8727272727272727
2025-10-09 19:27:48.488;d_shape;25175,75;25176,25;-0,5;-0,0019859987091008393;102,0;55,0;1,8545454545454545;11;92,0;55,0;50,0;21,0;0,9019607843137255;1,0
2025-10-09 19:27:48.576;d_shape;25176,0;25176,25;-0,25;-0,0009929993545504197;102,0;55,0;1,8545454545454545;11;92,0;55,0;51,0;21,0;0,9019607843137255;1,0
2025-10-09 19:27:48.828;d_shape;25175,75;25176,0;-0,25;-0,0009930092151255164;92,0;55,0;1,6727272727272726;11;82,0;55,0;43,0;21,0;0,8913043478260869;1,0
2025-10-09 19:27:48.844;d_shape;25175,5;25175,75;-0,25;-0,000993019075896448;94,0;55,0;1,709090909090909;12;77,0;55,0;43,0;21,0;0,8191489361702128;1,0
2025-10-09 19:27:48.848;d_shape;25175,25;25175,5;-0,25;-0,0009930289368632202;104,0;55,0;1,8909090909090909;13;87,0;55,0;43,0;21,0;0,8365384615384616;1,0
2025-10-09 19:27:49.384;d_shape;25175,75;25176,5;-0,75;-0,002978968482513455;136,0;53,0;2,5660377358490565;13;124,0;53,0;49,0;21,0;0,9117647058823529;1,0
2025-10-09 19:28:27.516;d_shape;25176,5;25176,75;-0,25;-0,000992979633987707;60,0;40,0;1,5;16;48,0;34,0;29,0;11,0;0,8;0,85
2025-10-09 19:28:27.576;d_shape;25176,5;25177,0;-0,5;-0,001985939548000159;60,0;43,0;1,3953488372093024;17;56,0;34,0;32,0;11,0;0,9333333333333333;0,7906976744186046
2025-10-09 19:28:28.232;d_shape;25176,5;25177,0;-0,5;-0,001985939548000159;63,0;37,0;1,7027027027027026;14;55,0;28,0;38,0;11,0;0,873015873015873;0,7567567567567568
2025-10-09 19:28:28.312;d_shape;25176,5;25176,75;-0,25;-0,000992979633987707;65,0;37,0;1,7567567567567568;14;57,0;28,0;39,0;11,0;0,8769230769230769;0,7567567567567568
2025-10-09 19:28:28.332;d_shape;25176,0;25176,5;-0,5;-0,001985978988342303;74,0;37,0;2,0;15;66,0;29,0;43,0;11,0;0,8918918918918919;0,7837837837837838
2025-10-09 19:28:29.004;d_shape;25176,75;25177,0;-0,25;-0,0009929697740000795;76,0;35,0;2,1714285714285713;14;69,0;21,0;45,0;9,0;0,9078947368421053;0,6
2025-10-09 19:28:29.400;d_shape;25176,5;25176,75;-0,25;-0,000992979633987707;80,0;35,0;2,2857142857142856;14;74,0;21,0;46,0;9,0;0,925;0,6
2025-10-09 19:29:14.976;d_shape;25173,25;25173,5;-0,25;-0,0009931078316483604;75,0;393,0;0,19083969465648856;41;61,0;113,0;21,0;14,0;0,8133333333333334;0,2875318066157761
2025-10-09 19:29:15.004;d_shape;25173,5;25173,75;-0,25;-0,0009930979691146532;76,0;395,0;0,19240506329113924;41;62,0;113,0;22,0;14,0;0,8157894736842105;0,28607594936708863
2025-10-09 19:29:15.044;d_shape;25173,25;25173,5;-0,25;-0,0009931078316483604;77,0;395,0;0,1949367088607595;41;63,0;113,0;22,0;14,0;0,8181818181818182;0,28607594936708863
2025-10-09 19:29:15.084;d_shape;25173,0;25173,25;-0,25;-0,0009931176943779607;81,0;395,0;0,20506329113924052;41;67,0;113,0;22,0;14,0;0,8271604938271605;0,28607594936708863
2025-10-09 19:29:15.088;d_shape;25172,75;25173,0;-0,25;-0,00099312755730346;112,0;395,0;0,28354430379746837;42;98,0;113,0;29,0;14,0;0,875;0,28607594936708863
2025-10-09 19:29:15.100;d_shape;25172,75;25173,0;-0,25;-0,00099312755730346;141,0;395,0;0,3569620253164557;42;127,0;113,0;51,0;14,0;0,900709219858156;0,28607594936708863
2025-10-09 19:29:15.252;d_shape;25173,75;25174,25;-0,5;-0,0019861564892697894;157,0;395,0;0,39746835443037976;41;147,0;132,0;51,0;19,0;0,9363057324840764;0,3341772151898734
2025-10-09 19:29:15.272;d_shape;25173,5;25173,75;-0,25;-0,0009930979691146532;164,0;395,0;0,4151898734177215;41;154,0;132,0;51,0;19,0;0,9390243902439024;0,3341772151898734
2025-10-09 19:29:15.328;d_shape;25173,75;25174,5;-0,75;-0,0029792051480664957;179,0;395,0;0,4531645569620253;41;169,0;132,0;51,0;19,0;0,9441340782122905;0,3341772151898734
2025-10-09 19:29:15.784;d_shape;25174,75;25175,5;-0,75;-0,0029790868105896606;185,0;396,0;0,4671717171717172;38;175,0;145,0;51,0;19,0;0,9459459459459459;0,3661616161616162
2025-10-09 19:29:15.924;d_shape;25174,75;25175,25;-0,5;-0,001986077596051678;186,0;399,0;0,46616541353383456;38;176,0;145,0;51,0;19,0;0,946236559139785;0,3634085213032581
2025-10-09 19:29:15.960;d_shape;25174,75;25175,0;-0,25;-0,0009930486593843098;188,0;400,0;0,47;38;178,0;145,0;51,0;19,0;0,9468085106382979;0,3625
2025-10-09 19:29:16.204;d_shape;25174,25;25174,75;-0,5;-0,0019861170418772776;191,0;403,0;0,4739454094292804;38;181,0;145,0;51,0;19,0;0,9476439790575916;0,3598014888337469
2025-10-09 19:29:16.584;d_shape;25174,0;25175,0;-1,0;-0,003972194637537239;186,0;403,0;0,46153846153846156;36;185,0;166,0;51,0;22,0;0,9946236559139785;0,4119106699751861
2025-10-09 19:29:16.944;d_shape;25174,5;25174,75;-0,25;-0,0009930585209386388;191,0;404,0;0,47277227722772275;36;190,0;166,0;51,0;22,0;0,9947643979057592;0,41089108910891087
2025-10-09 19:29:17.264;d_shape;25174,25;25174,5;-0,25;-0,000993068382688832;191,0;405,0;0,47160493827160493;36;190,0;166,0;51,0;22,0;0,9947643979057592;0,40987654320987654
2025-10-09 19:29:17.460;d_shape;25174,5;25175,0;-0,5;-0,0019860973187686196;191,0;409,0;0,4669926650366748;36;190,0;166,0;51,0;22,0;0,9947643979057592;0,4058679706601467
2025-10-09 19:29:17.480;d_shape;25174,0;25174,5;-0,5;-0,001986136765377664;191,0;410,0;0,4658536585365854;35;190,0;179,0;51,0;22,0;0,9947643979057592;0,43658536585365854
2025-10-09 19:29:17.548;d_shape;25173,75;25174,5;-0,75;-0,0029792051480664957;191,0;416,0;0,45913461538461536;35;190,0;179,0;51,0;22,0;0,9947643979057592;0,43028846153846156
2025-10-09 19:29:17.604;d_shape;25170,75;25174,0;-3,25;-0,012910145388098834;196,0;544,0;0,3602941176470588;43;189,0;250,0;51,0;30,0;0,9642857142857143;0,45955882352941174
2025-10-09 19:29:17.608;d_shape;25170,5;25170,75;-0,25;-0,0009932163324493707;342,0;544,0;0,6286764705882353;44;334,0;250,0;78,0;30,0;0,9766081871345029;0,45955882352941174
2025-10-09 19:29:17.624;d_shape;25171,0;25171,25;-0,25;-0,0009931966032676169;342,0;549,0;0,6229508196721312;44;334,0;250,0;78,0;30,0;0,9766081871345029;0,4553734061930783
2025-10-09 19:29:17.640;d_shape;25171,75;25172,25;-0,5;-0,00198631429451082;342,0;568,0;0,602112676056338;44;334,0;250,0;78,0;30,0;0,9766081871345029;0,44014084507042256
2025-10-09 19:29:17.664;d_shape;25171,5;25172,0;-0,5;-0,0019863340219291275;342,0;585,0;0,5846153846153846;44;334,0;250,0;78,0;30,0;0,9766081871345029;0,42735042735042733
2025-10-09 19:29:17.668;d_shape;25171,25;25171,5;-0,25;-0,0009931867389706614;342,0;590,0;0,5796610169491525;44;334,0;250,0;78,0;30,0;0,9766081871345029;0,423728813559322
2025-10-09 19:29:17.712;d_shape;25170,5;25171,25;-0,75;-0,00297958980980285;344,0;590,0;0,5830508474576271;44;336,0;250,0;78,0;30,0;0,9767441860465116;0,423728813559322
2025-10-09 19:29:17.952;d_shape;25171,25;25171,5;-0,25;-0,0009931867389706614;343,0;602,0;0,5697674418604651;44;336,0;250,0;78,0;30,0;0,9795918367346939;0,4152823920265781
2025-10-09 19:29:17.956;d_shape;25171,0;25171,25;-0,25;-0,0009931966032676169;343,0;603,0;0,5688225538971807;44;336,0;250,0;78,0;30,0;0,9795918367346939;0,41459369817578773
2025-10-09 19:29:18.108;d_shape;25170,75;25171,25;-0,5;-0,0019863932065352337;343,0;611,0;0,5613747954173486;44;336,0;250,0;78,0;30,0;0,9795918367346939;0,40916530278232405
2025-10-09 19:29:18.296;d_shape;25170,75;25171,25;-0,5;-0,0019863932065352337;344,0;627,0;0,5486443381180224;44;337,0;250,0;78,0;30,0;0,9796511627906976;0,39872408293460926
2025-10-09 19:29:18.308;d_shape;25170,25;25170,75;-0,5;-0,0019864326648987413;366,0;627,0;0,583732057416268;46;359,0;254,0;80,0;30,0;0,9808743169398907;0,405103668261563
2025-10-09 19:29:18.344;d_shape;25169,75;25170,25;-0,5;-0,001986472124829908;384,0;627,0;0,6124401913875598;47;377,0;258,0;81,0;30,0;0,9817708333333334;0,41148325358851673
2025-10-09 19:29:18.404;d_shape;25170,0;25170,5;-0,5;-0,001986452394668362;391,0;626,0;0,6246006389776357;46;384,0;257,0;83,0;30,0;0,9820971867007673;0,41054313099041534
2025-10-09 19:29:18.540;d_shape;25170,25;25170,75;-0,5;-0,0019864326648987413;399,0;628,0;0,6353503184713376;46;392,0;257,0;87,0;30,0;0,9824561403508771;0,40923566878980894
2025-10-09 19:29:18.592;d_shape;25170,0;25170,25;-0,25;-0,000993236062414954;401,0;625,0;0,6416;46;394,0;254,0;87,0;30,0;0,9825436408977556;0,4064
2025-10-09 19:29:18.680;d_shape;25170,0;25170,5;-0,5;-0,001986452394668362;404,0;625,0;0,6464;46;397,0;254,0;88,0;30,0;0,9826732673267327;0,4064
2025-10-09 19:29:18.688;d_shape;25169,75;25170,0;-0,25;-0,0009932459276916965;409,0;625,0;0,6544;46;402,0;254,0;88,0;30,0;0,9828850855745721;0,4064
2025-10-09 19:29:18.796;d_shape;25170,0;25170,25;-0,25;-0,000993236062414954;411,0;513,0;0,8011695906432749;40;397,0;187,0;88,0;24,0;0,9659367396593674;0,3645224171539961
2025-10-09 19:29:18.912;d_shape;25171,25;25171,75;-0,5;-0,001986353749739291;409,0;427,0;0,9578454332552693;30;324,0;224,0;91,0;52,0;0,7921760391198044;0,5245901639344263
2025-10-09 19:29:18.964;d_shape;25171,0;25171,25;-0,25;-0,0009931966032676169;409,0;419,0;0,9761336515513126;29;324,0;220,0;91,0;52,0;0,7921760391198044;0,5250596658711217
2025-10-09 19:29:19.008;d_shape;25170,25;25171,0;-0,75;-0,002979619403281554;408,0;409,0;0,9975550122249389;29;325,0;210,0;91,0;52,0;0,7965686274509803;0,5134474327628362
2025-10-09 19:29:34.508;p_shape;25178,5;25178,0;0,5;0,0019858606720152515;44,0;53,0;0,8301886792452831;15;28,0;49,0;6,0;25,0;0,6363636363636364;0,9245283018867925
2025-10-09 19:29:34.512;p_shape;25179,0;25178,5;0,5;0,0019858212363723015;44,0;58,0;0,7586206896551724;17;29,0;54,0;6,0;25,0;0,6590909090909091;0,9310344827586207
2025-10-09 19:29:34.684;p_shape;25178,25;25178,0;0,25;0,0009929303360076257;44,0;64,0;0,6875;17;29,0;61,0;6,0;31,0;0,6590909090909091;0,953125
2025-10-09 19:30:01.616;d_shape;25175,5;25176,0;-0,5;-0,0019860184302510327;56,0;65,0;0,8615384615384616;10;49,0;54,0;24,0;13,0;0,875;0,8307692307692308
2025-10-09 19:30:01.784;d_shape;25175,5;25176,0;-0,5;-0,0019860184302510327;62,0;65,0;0,9538461538461539;10;55,0;54,0;28,0;13,0;0,8870967741935484;0,8307692307692308
2025-10-09 19:30:02.284;d_shape;25175,25;25175,75;-0,5;-0,001986038151792896;72,0;69,0;1,0434782608695652;10;65,0;57,0;31,0;13,0;0,9027777777777778;0,8260869565217391
2025-10-09 19:30:02.288;d_shape;25175,0;25175,25;-0,25;-0,000993038798025839;72,0;70,0;1,0285714285714285;10;65,0;57,0;31,0;13,0;0,9027777777777778;0,8142857142857143
2025-10-09 19:30:08.772;p_shape;25176,5;25176,25;0,25;0,0009929993545504197;38,0;113,0;0,336283185840708;11;19,0;109,0;6,0;41,0;0,5;0,9646017699115044
2025-10-09 19:30:09.056;p_shape;25176,5;25176,25;0,25;0,0009929993545504197;38,0;111,0;0,34234234234234234;10;19,0;111,0;6,0;41,0;0,5;1,0
2025-10-09 19:30:09.280;p_shape;25177,0;25176,5;0,5;0,001985978988342303;36,0;116,0;0,3103448275862069;10;17,0;116,0;6,0;46,0;0,4722222222222222;1,0
2025-10-09 19:30:09.292;p_shape;25177,25;25177,0;0,25;0,0009929697740000795;36,0;120,0;0,3;11;22,0;120,0;6,0;46,0;0,6111111111111112;1,0
2025-10-09 19:30:09.304;p_shape;25177,5;25177,25;0,25;0,0009929599142082634;36,0;126,0;0,2857142857142857;12;22,0;118,0;6,0;46,0;0,6111111111111112;0,9365079365079365
2025-10-09 19:30:09.308;p_shape;25178,0;25177,5;0,5;0,001985900109224506;36,0;130,0;0,27692307692307694;14;36,0;117,0;14,0;46,0;1,0;0,9
2025-10-09 19:30:09.312;p_shape;25178,25;25178,0;0,25;0,0009929303360076257;36,0;143,0;0,2517482517482518;15;36,0;130,0;14,0;46,0;1,0;0,9090909090909091
2025-10-09 19:30:17.188;d_shape;25170,5;25170,75;-0,25;-0,0009932163324493707;65,0;133,0;0,48872180451127817;18;61,0;53,0;24,0;18,0;0,9384615384615385;0,39849624060150374
2025-10-09 19:30:20.292;d_shape;25170,75;25171,0;-0,25;-0,0009932064677605182;74,0;89,0;0,8314606741573034;13;59,0;49,0;24,0;13,0;0,7972972972972973;0,550561797752809
2025-10-09 19:30:20.300;d_shape;25170,25;25170,75;-0,5;-0,0019864326648987413;74,0;95,0;0,7789473684210526;14;57,0;49,0;24,0;13,0;0,7702702702702703;0,5157894736842106
2025-10-09 19:30:20.512;d_shape;25170,25;25170,75;-0,5;-0,0019864326648987413;74,0;108,0;0,6851851851851852;14;57,0;47,0;24,0;13,0;0,7702702702702703;0,4351851851851852
2025-10-09 19:30:22.284;d_shape;25165,25;25165,5;-0,25;-0,0009934235361904195;102,0;274,0;0,3722627737226277;36;77,0;69,0;27,0;8,0;0,7549019607843137;0,2518248175182482
2025-10-09 19:30:22.288;d_shape;25165,0;25165,25;-0,25;-0,000993433405191683;102,0;275,0;0,3709090909090909;36;77,0;69,0;27,0;8,0;0,7549019607843137;0,2509090909090909
2025-10-09 19:30:22.496;d_shape;25165,0;25165,25;-0,25;-0,000993433405191683;90,0;277,0;0,3249097472924188;36;77,0;66,0;27,0;8,0;0,8555555555555555;0,23826714801444043
2025-10-09 19:30:22.700;d_shape;25165,5;25165,75;-0,25;-0,000993413667385236;90,0;278,0;0,3237410071942446;36;77,0;63,0;27,0;8,0;0,8555555555555555;0,22661870503597123
2025-10-09 19:30:22.748;d_shape;25164,25;25165,5;-1,25;-0,004967117680952097;94,0;290,0;0,32413793103448274;36;81,0;63,0;30,0;8,0;0,8617021276595744;0,21724137931034482
2025-10-09 19:30:22.756;d_shape;25164,0;25164,25;-0,25;-0,0009934728831576542;99,0;290,0;0,3413793103448276;36;86,0;63,0;34,0;8,0;0,8686868686868687;0,21724137931034482
2025-10-09 19:30:22.764;d_shape;25164,25;25164,5;-0,25;-0,000993463013372012;102,0;291,0;0,35051546391752575;36;89,0;63,0;37,0;8,0;0,8725490196078431;0,21649484536082475
2025-10-09 19:30:22.776;d_shape;25162,25;25164,25;-2,0;-0,007947783065261234;136,0;291,0;0,46735395189003437;43;123,0;96,0;37,0;11,0;0,9044117647058824;0,32989690721649484
2025-10-09 19:30:22.808;d_shape;25163,75;25164,0;-0,25;-0,0009934827531394056;140,0;291,0;0,48109965635738833;43;127,0;96,0;37,0;11,0;0,9071428571428571;0,32989690721649484
2025-10-09 19:30:22.872;d_shape;25164,0;25164,5;-0,5;-0,001986926026744024;142,0;293,0;0,48464163822525597;43;129,0;96,0;38,0;11,0;0,9084507042253521;0,32764505119453924
2025-10-09 19:30:22.936;d_shape;25163,5;25164,0;-0,5;-0,0019869655062788112;144,0;293,0;0,49146757679180886;43;131,0;96,0;38,0;11,0;0,9097222222222222;0,32764505119453924
2025-10-09 19:30:22.960;d_shape;25164,25;25164,5;-0,25;-0,000993463013372012;147,0;294,0;0,5;42;134,0;95,0;40,0;11,0;0,9115646258503401;0,3231292517006803
2025-10-09 19:30:23.048;d_shape;25164,5;25165,0;-0,5;-0,0019868865487780644;148,0;301,0;0,49169435215946844;42;135,0;95,0;41,0;11,0;0,9121621621621622;0,31561461794019935
2025-10-09 19:30:23.056;d_shape;25164,0;25164,5;-0,5;-0,001986926026744024;148,0;303,0;0,4884488448844885;42;135,0;95,0;41,0;11,0;0,9121621621621622;0,31353135313531355
2025-10-09 19:30:23.124;d_shape;25164,0;25164,25;-0,25;-0,0009934728831576542;149,0;311,0;0,4790996784565916;42;136,0;95,0;41,0;11,0;0,912751677852349;0,3054662379421222
2025-10-09 19:30:23.132;d_shape;25163,25;25164,0;-0,75;-0,002980448259418216;153,0;311,0;0,4919614147909968;42;140,0;95,0;41,0;11,0;0,9150326797385621;0,3054662379421222
2025-10-09 19:30:23.216;d_shape;25163,5;25164,0;-0,5;-0,0019869655062788112;156,0;310,0;0,5032258064516129;42;143,0;93,0;41,0;11,0;0,9166666666666666;0,3
2025-10-09 19:30:23.228;d_shape;25163,25;25163,5;-0,25;-0,0009935024936912592;158,0;309,0;0,511326860841424;41;145,0;109,0;41,0;17,0;0,9177215189873418;0,35275080906148865
2025-10-09 19:30:23.336;d_shape;25164,0;25164,25;-0,25;-0,0009934728831576542;160,0;322,0;0,4968944099378882;39;147,0;109,0;41,0;17,0;0,91875;0,3385093167701863
2025-10-09 19:30:23.412;d_shape;25163,75;25164,0;-0,25;-0,0009934827531394056;162,0;322,0;0,5031055900621118;39;149,0;109,0;41,0;17,0;0,9197530864197531;0,3385093167701863
2025-10-09 19:30:23.436;d_shape;25163,5;25163,75;-0,25;-0,0009934926233172718;164,0;322,0;0,5093167701863354;39;151,0;109,0;41,0;17,0;0,9207317073170732;0,3385093167701863
2025-10-09 19:30:23.532;d_shape;25163,5;25164,0;-0,5;-0,0019869655062788112;168,0;323,0;0,5201238390092879;39;156,0;108,0;41,0;17,0;0,9285714285714286;0,33436532507739936
2025-10-09 19:30:23.576;d_shape;25163,75;25164,0;-0,25;-0,0009934827531394056;167,0;323,0;0,5170278637770898;38;150,0;107,0;41,0;17,0;0,8982035928143712;0,33126934984520123
2025-10-09 19:30:23.584;d_shape;25163,75;25164,0;-0,25;-0,0009934827531394056;170,0;324,0;0,5246913580246914;38;153,0;107,0;41,0;17,0;0,9;0,33024691358024694
2025-10-09 19:30:23.600;d_shape;25163,5;25163,75;-0,25;-0,0009934926233172718;171,0;324,0;0,5277777777777778;38;154,0;107,0;41,0;17,0;0,9005847953216374;0,33024691358024694
2025-10-09 19:30:23.708;d_shape;25164,0;25164,25;-0,25;-0,0009934728831576542;170,0;327,0;0,5198776758409785;38;155,0;107,0;41,0;17,0;0,9117647058823529;0,327217125382263
2025-10-09 19:30:23.736;d_shape;25163,75;25164,0;-0,25;-0,0009934827531394056;171,0;327,0;0,5229357798165137;38;156,0;107,0;41,0;17,0;0,9122807017543859;0,327217125382263
2025-10-09 19:30:23.808;d_shape;25163,75;25164,25;-0,5;-0,0019869457663153085;171,0;329,0;0,5197568389057751;38;157,0;107,0;41,0;17,0;0,9181286549707602;0,3252279635258359
2025-10-09 19:30:23.920;d_shape;25163,5;25164,25;-0,75;-0,0029804186494729627;169,0;331,0;0,5105740181268882;37;158,0;116,0;41,0;17,0;0,9349112426035503;0,3504531722054381
2025-10-09 19:30:24.148;d_shape;25163,5;25163,75;-0,25;-0,0009934926233172718;170,0;333,0;0,5105105105105106;36;156,0;116,0;41,0;17,0;0,9176470588235294;0,3483483483483483
2025-10-09 19:30:24.156;d_shape;25163,25;25163,5;-0,25;-0,0009935024936912592;170,0;335,0;0,5074626865671642;36;156,0;116,0;41,0;17,0;0,9176470588235294;0,34626865671641793
2025-10-09 19:30:24.192;d_shape;25163,5;25163,75;-0,25;-0,0009934926233172718;170,0;338,0;0,5029585798816568;36;156,0;116,0;41,0;17,0;0,9176470588235294;0,3431952662721893
2025-10-09 19:30:24.292;d_shape;25163,25;25163,5;-0,25;-0,0009935024936912592;170,0;339,0;0,5014749262536873;36;156,0;116,0;41,0;17,0;0,9176470588235294;0,3421828908554572
2025-10-09 19:30:24.580;d_shape;25163,0;25163,25;-0,25;-0,0009935123642613732;173,0;339,0;0,5103244837758112;36;161,0;116,0;41,0;17,0;0,930635838150289;0,3421828908554572
2025-10-09 19:30:24.592;d_shape;25163,0;25163,25;-0,25;-0,0009935123642613732;177,0;342,0;0,5175438596491229;36;165,0;116,0;41,0;17,0;0,9322033898305084;0,3391812865497076
2025-10-09 19:30:24.600;d_shape;25163,0;25163,25;-0,25;-0,0009935123642613732;184,0;345,0;0,5333333333333333;36;172,0;116,0;41,0;17,0;0,9347826086956522;0,336231884057971
2025-10-09 19:30:25.048;d_shape;25162,75;25163,0;-0,25;-0,00099352223502762;192,0;341,0;0,5630498533724341;36;180,0;112,0;41,0;17,0;0,9375;0,3284457478005865
2025-10-09 19:30:25.444;d_shape;25163,5;25164,25;-0,75;-0,0029804186494729627;193,0;321,0;0,6012461059190031;32;180,0;119,0;41,0;21,0;0,9326424870466321;0,3707165109034268
2025-10-09 19:30:25.688;d_shape;25163,5;25164,0;-0,5;-0,0019869655062788112;193,0;297,0;0,6498316498316499;26;180,0;128,0;41,0;21,0;0,9326424870466321;0,43097643097643096
2025-10-09 19:30:25.704;d_shape;25163,75;25164,0;-0,25;-0,0009934827531394056;193,0;319,0;0,6050156739811913;26;180,0;127,0;41,0;21,0;0,9326424870466321;0,3981191222570533
2025-10-09 19:30:25.708;d_shape;25163,5;25163,75;-0,25;-0,0009934926233172718;193,0;316,0;0,6107594936708861;26;180,0;123,0;41,0;21,0;0,9326424870466321;0,38924050632911394
2025-10-09 19:30:25.724;d_shape;25163,25;25163,5;-0,25;-0,0009935024936912592;198,0;315,0;0,6285714285714286;26;185,0;122,0;41,0;21,0;0,9343434343434344;0,3873015873015873
2025-10-09 19:30:25.740;d_shape;25163,0;25163,25;-0,25;-0,0009935123642613732;199,0;314,0;0,6337579617834395;26;186,0;121,0;41,0;21,0;0,9346733668341709;0,3853503184713376
2025-10-09 19:30:25.748;d_shape;25162,5;25163,0;-0,5;-0,00198704447005524;204,0;313,0;0,6517571884984026;26;191,0;120,0;41,0;21,0;0,9362745098039216;0,38338658146964855
2025-10-09 19:30:25.892;d_shape;25163,0;25163,5;-0,5;-0,0019870049873825183;228,0;307,0;0,742671009771987;24;215,0;133,0;49,0;21,0;0,9429824561403509;0,43322475570032576
2025-10-09 19:30:25.912;d_shape;25162,75;25163,0;-0,25;-0,00099352223502762;230,0;307,0;0,749185667752443;24;217,0;133,0;49,0;21,0;0,9434782608695652;0,43322475570032576
2025-10-09 19:30:26.012;d_shape;25163,0;25163,25;-0,25;-0,0009935123642613732;219,0;278,0;0,7877697841726619;22;219,0;134,0;49,0;31,0;1,0;0,48201438848920863
2025-10-09 19:30:26.084;d_shape;25163,0;25163,5;-0,5;-0,0019870049873825183;219,0;276,0;0,7934782608695652;21;219,0;175,0;49,0;45,0;1,0;0,6340579710144928
2025-10-09 19:30:26.172;d_shape;25163,5;25163,75;-0,25;-0,0009934926233172718;219,0;272,0;0,8051470588235294;21;219,0;160,0;49,0;45,0;1,0;0,5882352941176471
2025-10-09 19:30:26.820;d_shape;25162,5;25163,25;-0,75;-0,00298053709278412;158,0;192,0;0,8229166666666666;15;140,0;140,0;49,0;46,0;0,8860759493670886;0,7291666666666666
2025-10-09 19:30:26.920;d_shape;25162,25;25162,75;-0,5;-0,00198706421198001;158,0;195,0;0,8102564102564103;15;140,0;137,0;49,0;46,0;0,8860759493670886;0,7025641025641025
2025-10-09 19:30:28.020;p_shape;25164,5;25164,0;0,5;0,0019869655062788112;103,0;181,0;0,569060773480663;12;80,0;136,0;45,0;50,0;0,7766990291262136;0,7513812154696132
2025-10-09 19:30:28.028;p_shape;25164,75;25164,5;0,25;0,000993463013372012;104,0;181,0;0,574585635359116;12;80,0;136,0;45,0;50,0;0,7692307692307693;0,7513812154696132
2025-10-09 19:30:28.360;p_shape;25164,75;25164,25;0,5;0,0019869457663153085;100,0;154,0;0,6493506493506493;12;73,0;109,0;45,0;39,0;0,73;0,7077922077922078
2025-10-09 19:30:28.364;p_shape;25165,0;25164,75;0,25;0,0009934531437824734;101,0;154,0;0,6558441558441559;12;73,0;109,0;45,0;39,0;0,7227722772277227;0,7077922077922078
2025-10-09 19:30:28.384;p_shape;25165,5;25165,0;0,5;0,0019868865487780644;101,0;155,0;0,6516129032258065;13;89,0;110,0;45,0;39,0;0,8811881188118812;0,7096774193548387
2025-10-09 19:30:41.620;p_shape;25169,75;25169,5;0,25;0,0009932656588331115;74,0;163,0;0,4539877300613497;22;45,0;141,0;9,0;33,0;0,6081081081081081;0,8650306748466258
2025-10-09 19:30:41.664;p_shape;25170,0;25169,75;0,25;0,0009932557931644137;74,0;165,0;0,4484848484848485;22;45,0;143,0;9,0;33,0;0,6081081081081081;0,8666666666666667
2025-10-09 19:30:41.840;p_shape;25170,25;25169,75;0,5;0,0019865115863288273;72,0;126,0;0,5714285714285714;22;45,0;104,0;9,0;22,0;0,625;0,8253968253968254
2025-10-09 19:31:06.900;p_shape;25179,75;25179,5;0,25;0,0009928711848924722;91,0;76,0;1,1973684210526316;21;55,0;76,0;11,0;24,0;0,6043956043956044;1,0
2025-10-09 19:31:08.028;p_shape;25179,5;25179,25;0,25;0,0009928810429222475;38,0;87,0;0,4367816091954023;10;23,0;72,0;12,0;24,0;0,6052631578947368;0,8275862068965517
2025-10-09 19:31:08.048;p_shape;25180,5;25179,5;1,0;0,003971484739569889;42,0;87,0;0,4827586206896552;11;30,0;72,0;12,0;24,0;0,7142857142857143;0,8275862068965517
2025-10-09 19:31:10.524;p_shape;25182,25;25182,0;0,25;0,0009927726153601778;71,0;132,0;0,5378787878787878;19;44,0;95,0;14,0;38,0;0,6197183098591549;0,7196969696969697
2025-10-09 19:31:11.036;p_shape;25182,25;25182,0;0,25;0,0009927726153601778;78,0;130,0;0,6;19;44,0;100,0;14,0;39,0;0,5641025641025641;0,7692307692307693
2025-10-09 19:31:11.376;p_shape;25182,25;25182,0;0,25;0,0009927726153601778;78,0;126,0;0,6190476190476191;19;44,0;104,0;14,0;41,0;0,5641025641025641;0,8253968253968254
2025-10-09 19:31:14.572;p_shape;25182,5;25182,0;0,5;0,0019855452307203556;51,0;104,0;0,49038461538461536;20;34,0;94,0;12,0;39,0;0,6666666666666666;0,9038461538461539
2025-10-09 19:31:18.096;p_shape;25184,0;25183,75;0,25;0,0009927036283317616;56,0;41,0;1,3658536585365855;19;20,0;41,0;4,0;20,0;0,35714285714285715;1,0
2025-10-09 19:31:18.192;p_shape;25184,5;25184,0;0,5;0,0019853875476493013;53,0;41,0;1,2926829268292683;18;20,0;41,0;4,0;20,0;0,37735849056603776;1,0
2025-10-09 19:31:18.300;p_shape;25184,75;25184,5;0,25;0,0009926740653973675;58,0;42,0;1,380952380952381;20;25,0;39,0;5,0;20,0;0,43103448275862066;0,9285714285714286
2025-10-09 19:31:18.388;p_shape;25184,75;25184,0;0,75;0,0029780813214739517;60,0;42,0;1,4285714285714286;17;30,0;39,0;5,0;20,0;0,5;0,9285714285714286
2025-10-09 19:31:18.564;p_shape;25185,25;25184,75;0,5;0,0019853284229543675;60,0;47,0;1,2765957446808511;18;29,0;44,0;5,0;20,0;0,48333333333333334;0,9361702127659575
2025-10-09 19:31:18.948;p_shape;25185,0;25184,5;0,5;0,001985348130794735;62,0;52,0;1,1923076923076923;18;28,0;49,0;5,0;20,0;0,45161290322580644;0,9423076923076923
2025-10-09 19:31:19.144;p_shape;25185,0;25184,75;0,25;0,0009926642114771837;59,0;58,0;1,0172413793103448;15;42,0;55,0;13,0;20,0;0,711864406779661;0,9482758620689655
2025-10-09 19:31:19.344;p_shape;25184,5;25184,0;0,5;0,0019853875476493013;65,0;59,0;1,1016949152542372;15;42,0;56,0;13,0;20,0;0,6461538461538462;0,9491525423728814
2025-10-09 19:31:19.460;p_shape;25184,75;25184,5;0,25;0,0009926740653973675;66,0;60,0;1,1;15;42,0;57,0;13,0;20,0;0,6363636363636364;0,95
2025-10-09 19:31:19.536;p_shape;25185,25;25184,75;0,5;0,0019853284229543675;62,0;63,0;0,9841269841269841;14;38,0;60,0;13,0;20,0;0,6129032258064516;0,9523809523809523
2025-10-09 19:31:23.476;p_shape;25185,5;25185,0;0,5;0,001985308715505261;53,0;83,0;0,6385542168674698;13;48,0;78,0;17,0;20,0;0,9056603773584906;0,9397590361445783
2025-10-09 19:31:23.704;p_shape;25186,25;25185,25;1,0;0,003970578016894809;54,0;78,0;0,6923076923076923;13;46,0;73,0;17,0;20,0;0,8518518518518519;0,9358974358974359
2025-10-09 19:31:23.880;p_shape;25186,5;25186,25;0,25;0,0009926050920641223;59,0;78,0;0,7564102564102564;14;45,0;59,0;17,0;20,0;0,7627118644067796;0,7564102564102564
2025-10-09 19:31:23.920;p_shape;25186,75;25186,5;0,25;0,0009925952395132313;60,0;79,0;0,759493670886076;15;47,0;60,0;17,0;20,0;0,7833333333333333;0,759493670886076
2025-10-09 19:32:54.624;p_shape;25177,5;25177,0;0,5;0,001985939548000159;15,0;56,0;0,26785714285714285;11;15,0;49,0;6,0;24,0;1,0;0,875
2025-10-09 19:35:17.620;d_shape;25165,0;25165,5;-0,5;-0,001986847072380839;137,0;108,0;1,2685185185185186;23;97,0;105,0;23,0;17,0;0,708029197080292;0,9722222222222222
2025-10-09 19:35:19.640;d_shape;25164,5;25165,25;-0,75;-0,0029803002155750487;128,0;102,0;1,2549019607843137;21;91,0;86,0;24,0;17,0;0,7109375;0,8431372549019608
2025-10-09 19:35:41.700;d_shape;25161,75;25162,25;-0,5;-0,0019871036970064283;103,0;54,0;1,9074074074074074;19;100,0;54,0;24,0;13,0;0,970873786407767;1,0
2025-10-09 19:35:44.528;d_shape;25161,5;25162,0;-0,5;-0,001987123440108099;126,0;67,0;1,8805970149253732;15;106,0;63,0;24,0;14,0;0,8412698412698413;0,9402985074626866
2025-10-09 19:35:45.036;d_shape;25161,5;25161,75;-0,25;-0,0009935715918010474;126,0;70,0;1,8;15;106,0;63,0;24,0;14,0;0,8412698412698413;0,9
2025-10-09 19:36:21.356;p_shape;25170,0;25169,75;0,25;0,0009932557931644137;79,0;63,0;1,253968253968254;18;26,0;52,0;9,0;31,0;0,3291139240506329;0,8253968253968254
2025-10-09 19:36:21.576;p_shape;25170,25;25170,0;0,25;0,0009932459276916965;80,0;62,0;1,2903225806451613;18;26,0;52,0;9,0;31,0;0,325;0,8387096774193549
2025-10-09 19:36:21.788;p_shape;25170,5;25170,25;0,25;0,000993236062414954;81,0;58,0;1,396551724137931;18;26,0;52,0;9,0;31,0;0,32098765432098764;0,896551724137931
2025-10-09 19:36:21.804;p_shape;25171,25;25170,5;0,75;0,002979678592002543;81,0;65,0;1,2461538461538462;20;29,0;59,0;9,0;31,0;0,35802469135802467;0,9076923076923077
2025-10-09 19:36:22.332;p_shape;25170,25;25170,0;0,25;0,0009932459276916965;75,0;68,0;1,1029411764705883;17;29,0;64,0;9,0;32,0;0,38666666666666666;0,9411764705882353
2025-10-09 19:36:22.536;p_shape;25170,5;25170,0;0,5;0,001986491855383393;71,0;74,0;0,9594594594594594;17;25,0;71,0;9,0;37,0;0,352112676056338;0,9594594594594594
2025-10-09 19:36:42.208;d_shape;25173,25;25173,5;-0,25;-0,0009931078316483604;83,0;55,0;1,509090909090909;10;72,0;42,0;62,0;12,0;0,8674698795180723;0,7636363636363637
2025-10-09 19:36:48.092;p_shape;25177,0;25176,25;0,75;0,002978998063651259;50,0;44,0;1,1363636363636365;14;30,0;41,0;14,0;22,0;0,6;0,9318181818181818
2025-10-09 19:36:48.100;p_shape;25177,25;25177,0;0,25;0,0009929697740000795;54,0;44,0;1,2272727272727273;15;37,0;41,0;14,0;22,0;0,6851851851851852;0,9318181818181818
2025-10-09 19:36:48.660;p_shape;25176,75;25176,5;0,25;0,0009929894941711516;57,0;43,0;1,3255813953488371;15;35,0;41,0;14,0;22,0;0,6140350877192983;0,9534883720930233
2025-10-09 19:36:48.896;p_shape;25177,25;25176,5;0,75;0,002978968482513455;62,0;43,0;1,441860465116279;15;35,0;41,0;14,0;22,0;0,5645161290322581;0,9534883720930233
2025-10-09 19:36:48.936;p_shape;25177,5;25177,25;0,25;0,0009929599142082634;63,0;44,0;1,4318181818181819;16;35,0;40,0;14,0;22,0;0,5555555555555556;0,9090909090909091
2025-10-09 19:36:48.980;p_shape;25177,5;25177,0;0,5;0,001985939548000159;67,0;46,0;1,4565217391304348;16;35,0;42,0;14,0;22,0;0,5223880597014925;0,9130434782608695
2025-10-09 19:36:49.356;p_shape;25177,75;25177,5;0,25;0,000992950054612253;67,0;44,0;1,5227272727272727;16;41,0;39,0;14,0;22,0;0,6119402985074627;0,8863636363636364
2025-10-09 19:36:49.808;p_shape;25178,0;25177,75;0,25;0,0009929401952120424;71,0;44,0;1,6136363636363635;17;45,0;39,0;14,0;22,0;0,6338028169014085;0,8863636363636364
2025-10-09 19:36:49.816;p_shape;25178,25;25178,0;0,25;0,0009929303360076257;72,0;44,0;1,6363636363636365;18;45,0;35,0;14,0;22,0;0,625;0,7954545454545454
2025-10-09 19:36:49.848;p_shape;25178,75;25178,25;0,5;0,0019858409539979943;72,0;46,0;1,565217391304348;19;45,0;37,0;14,0;22,0;0,625;0,8043478260869565
2025-10-09 19:36:57.208;p_shape;25181,25;25181,0;0,25;0,0009928120408244311;79,0;62,0;1,2741935483870968;14;22,0;62,0;8,0;22,0;0,27848101265822783;1,0
2025-10-09 19:36:57.604;p_shape;25181,5;25180,75;0,75;0,0029784656930393256;84,0;63,0;1,3333333333333333;13;32,0;63,0;12,0;22,0;0,38095238095238093;1,0
2025-10-09 19:37:35.016;p_shape;25189,0;25188,75;0,25;0,0009925065753560616;76,0;110,0;0,6909090909090909;21;56,0;109,0;21,0;40,0;0,7368421052631579;0,990909090909091
2025-10-09 19:37:35.096;p_shape;25189,25;25189,0;0,25;0,0009924967247608083;78,0;110,0;0,7090909090909091;21;56,0;109,0;21,0;40,0;0,717948717948718;0,990909090909091
2025-10-09 19:37:35.148;p_shape;25189,5;25189,25;0,25;0,0009924868743610867;84,0;110,0;0,7636363636363637;21;56,0;109,0;21,0;40,0;0,6666666666666666;0,990909090909091
2025-10-09 19:37:35.200;p_shape;25189,5;25189,25;0,25;0,0009924868743610867;88,0;110,0;0,8;21;56,0;109,0;21,0;40,0;0,6363636363636364;0,990909090909091
2025-10-09 19:37:35.256;p_shape;25189,75;25189,5;0,25;0,0009924770241568908;93,0;110,0;0,8454545454545455;21;56,0;109,0;21,0;40,0;0,6021505376344086;0,990909090909091
2025-10-09 19:37:35.344;p_shape;25190,0;25189,75;0,25;0,0009924671741482149;95,0;110,0;0,8636363636363636;21;56,0;109,0;21,0;40,0;0,5894736842105263;0,990909090909091
2025-10-09 19:37:35.460;p_shape;25190,25;25190,0;0,25;0,0009924573243350536;102,0;110,0;0,9272727272727272;21;56,0;109,0;21,0;40,0;0,5490196078431373;0,990909090909091
2025-10-09 19:37:35.468;p_shape;25191,0;25190,25;0,75;0,0029773424241522017;118,0;110,0;1,0727272727272728;24;67,0;97,0;21,0;40,0;0,5677966101694916;0,8818181818181818
2025-10-09 19:37:35.480;p_shape;25190,5;25190,25;0,25;0,0009924474747174006;151,0;110,0;1,3727272727272728;24;67,0;97,0;21,0;40,0;0,44370860927152317;0,8818181818181818
2025-10-09 19:37:35.512;p_shape;25191,0;25190,5;0,5;0,0019848752505905003;152,0;110,0;1,3818181818181818;24;67,0;97,0;21,0;40,0;0,4407894736842105;0,8818181818181818
2025-10-09 19:37:35.584;p_shape;25191,0;25190,75;0,25;0,0009924277760685967;159,0;110,0;1,4454545454545455;24;67,0;97,0;21,0;40,0;0,42138364779874216;0,8818181818181818
2025-10-09 19:37:35.680;p_shape;25191,0;25190,75;0,25;0,0009924277760685967;165,0;110,0;1,5;23;72,0;95,0;21,0;40,0;0,43636363636363634;0,8636363636363636
2025-10-09 19:37:35.684;p_shape;25191,25;25191,0;0,25;0,000992417927037434;166,0;110,0;1,509090909090909;23;72,0;95,0;21,0;40,0;0,43373493975903615;0,8636363636363636
2025-10-09 19:37:36.960;p_shape;25191,5;25187,0;4,5;0,01786635962996784;196,0;336,0;0,5833333333333334;23;104,0;249,0;15,0;113,0;0,5306122448979592;0,7410714285714286
2025-10-09 19:37:38.052;p_shape;25192,0;25190,5;1,5;0,005954625751771502;245,0;332,0;0,7379518072289156;23;118,0;260,0;26,0;113,0;0,4816326530612245;0,7831325301204819
2025-10-09 19:37:38.068;p_shape;25192,25;25192,0;0,25;0,000992378532867577;245,0;336,0;0,7291666666666666;23;118,0;264,0;26,0;114,0;0,4816326530612245;0,7857142857142857
2025-10-09 19:37:38.076;p_shape;25192,5;25192,25;0,25;0,000992368684813782;245,0;337,0;0,7270029673590505;23;118,0;265,0;26,0;114,0;0,4816326530612245;0,7863501483679525
2025-10-09 19:37:38.284;p_shape;25192,5;25192,25;0,25;0,000992368684813782;244,0;341,0;0,7155425219941349;23;117,0;269,0;26,0;115,0;0,47950819672131145;0,7888563049853372
2025-10-09 19:37:38.308;p_shape;25193,25;25192,5;0,75;0,002977076510866329;244,0;351,0;0,6951566951566952;26;128,0;248,0;26,0;115,0;0,5245901639344263;0,7065527065527065
2025-10-09 19:37:38.728;p_shape;25192,0;25191,75;0,25;0,000992388381116834;242,0;365,0;0,663013698630137;26;126,0;263,0;26,0;115,0;0,5206611570247934;0,7205479452054795
2025-10-09 19:37:39.380;p_shape;25191,75;25191,25;0,5;0,001984816156403513;244,0;323,0;0,7554179566563467;26;125,0;264,0;26,0;115,0;0,5122950819672131;0,8173374613003096
2025-10-09 19:37:39.440;p_shape;25192,0;25191,75;0,25;0,000992388381116834;244,0;324,0;0,7530864197530864;26;125,0;265,0;26,0;115,0;0,5122950819672131;0,8179012345679012
2025-10-09 19:37:39.448;p_shape;25192,25;25192,0;0,25;0,000992378532867577;244,0;323,0;0,7554179566563467;26;125,0;266,0;26,0;116,0;0,5122950819672131;0,8235294117647058
2025-10-09 19:37:40.644;p_shape;25191,75;25191,5;0,25;0,0009923982295615586;164,0;290,0;0,5655172413793104;26;96,0;279,0;20,0;119,0;0,5853658536585366;0,9620689655172414
2025-10-09 19:37:40.968;p_shape;25192,0;25191,75;0,25;0,000992388381116834;137,0;292,0;0,4691780821917808;26;96,0;281,0;20,0;120,0;0,7007299270072993;0,9623287671232876
2025-10-09 19:37:41.136;p_shape;25191,75;25191,5;0,25;0,0009923982295615586;137,0;266,0;0,5150375939849624;26;96,0;255,0;20,0;120,0;0,7007299270072993;0,9586466165413534
2025-10-09 19:37:47.392;p_shape;25194,25;25194,0;0,25;0,0009922997539096611;95,0;95,0;1,0;16;41,0;67,0;11,0;22,0;0,43157894736842106;0,7052631578947368
2025-10-09 19:37:47.872;p_shape;25194,5;25193,5;1,0;0,003969277789906127;107,0;112,0;0,9553571428571429;16;42,0;84,0;11,0;28,0;0,3925233644859813;0,75
2025-10-09 19:37:48.676;d_shape;25193,25;25193,5;-0,25;-0,0009923194474765317;72,0;89,0;0,8089887640449438;10;72,0;66,0;25,0;29,0;1,0;0,7415730337078652
2025-10-09 19:37:49.340;d_shape;25193,25;25193,5;-0,25;-0,0009923194474765317;74,0;90,0;0,8222222222222222;10;74,0;66,0;27,0;29,0;1,0;0,7333333333333333
2025-10-09 19:37:49.444;d_shape;25193,0;25193,25;-0,25;-0,0009923292945531045;74,0;90,0;0,8222222222222222;10;74,0;66,0;27,0;29,0;1,0;0,7333333333333333
2025-10-09 19:37:49.856;d_shape;25192,5;25193,0;-0,5;-0,00198467828365022;76,0;91,0;0,8351648351648352;11;76,0;81,0;27,0;29,0;1,0;0,8901098901098901
2025-10-09 19:38:00.080;p_shape;25193,0;25192,75;0,25;0,0009923489892925544;48,0;86,0;0,5581395348837209;11;26,0;72,0;11,0;37,0;0,5416666666666666;0,8372093023255814
2025-10-09 19:38:00.732;p_shape;25193,0;25192,5;0,5;0,001984717673910886;43,0;89,0;0,48314606741573035;11;26,0;75,0;11,0;40,0;0,6046511627906976;0,8426966292134831
2025-10-09 19:38:01.188;p_shape;25194,0;25193,0;1,0;0,00396935656730044;43,0;86,0;0,5;12;26,0;61,0;11,0;40,0;0,6046511627906976;0,7093023255813954
2025-10-09 19:38:02.888;p_shape;25193,75;25193,5;0,25;0,0009923194474765317;48,0;48,0;1,0;14;28,0;41,0;9,0;37,0;0,5833333333333334;0,8541666666666666
2025-10-09 19:38:03.260;p_shape;25193,75;25193,25;0,5;0,001984658589106209;41,0;42,0;0,9761904761904762;14;20,0;42,0;4,0;37,0;0,4878048780487805;1,0
2025-10-09 19:38:03.448;p_shape;25194,0;25193,75;0,25;0,0009923096005953857;39,0;44,0;0,8863636363636364;14;18,0;44,0;4,0;37,0;0,46153846153846156;1,0
2025-10-09 19:38:03.812;p_shape;25194,0;25193,5;0,5;0,0019846388949530634;35,0;52,0;0,6730769230769231;13;22,0;52,0;8,0;37,0;0,6285714285714286;1,0
2025-10-09 19:38:04.112;p_shape;25193,75;25193,5;0,25;0,0009923194474765317;35,0;56,0;0,625;13;22,0;56,0;8,0;37,0;0,6285714285714286;1,0
2025-10-09 19:38:36.688;p_shape;25197,75;25197,25;0,5;0,001984343529551836;72,0;61,0;1,180327868852459;18;37,0;60,0;10,0;22,0;0,5138888888888888;0,9836065573770492
2025-10-09 19:38:37.540;p_shape;25197,5;25197,0;0,5;0,0019843632178433938;65,0;63,0;1,0317460317460319;15;34,0;63,0;10,0;24,0;0,5230769230769231;1,0
2025-10-09 19:38:38.128;p_shape;25197,75;25197,0;0,75;0,002976544826765091;72,0;63,0;1,1428571428571428;15;34,0;63,0;10,0;24,0;0,4722222222222222;1,0
2025-10-09 19:38:41.552;p_shape;25199,5;25199,0;0,5;0,0019842057224493037;26,0;107,0;0,24299065420560748;14;11,0;81,0;6,0;20,0;0,4230769230769231;0,7570093457943925
2025-10-09 19:38:41.712;p_shape;25199,75;25199,5;0,25;0,0009920831762534972;26,0;91,0;0,2857142857142857;14;11,0;83,0;6,0;21,0;0,4230769230769231;0,9120879120879121
2025-10-09 19:38:42.312;p_shape;25199,5;25199,0;0,5;0,0019842057224493037;29,0;91,0;0,31868131868131866;13;13,0;84,0;5,0;21,0;0,4482758620689655;0,9230769230769231
2025-10-09 19:38:42.788;p_shape;25199,5;25199,25;0,25;0,000992093018641428;32,0;90,0;0,35555555555555557;11;13,0;79,0;5,0;21,0;0,40625;0,8777777777777778
2025-10-09 19:38:43.680;p_shape;25200,25;25199,75;0,5;0,0019841466681217077;59,0;64,0;0,921875;11;24,0;62,0;10,0;21,0;0,4067796610169492;0,96875
2025-10-09 19:38:43.856;p_shape;25200,5;25200,25;0,25;0,000992053650261406;59,0;65,0;0,9076923076923077;11;24,0;65,0;10,0;21,0;0,4067796610169492;1,0
2025-10-09 19:38:43.968;p_shape;25200,75;25200,5;0,25;0,00099204380865459;59,0;67,0;0,8805970149253731;12;24,0;57,0;10,0;21,0;0,4067796610169492;0,8507462686567164
2025-10-09 19:38:43.976;p_shape;25201,0;25200,75;0,25;0,0009920339672430383;59,0;68,0;0,8676470588235294;13;30,0;58,0;10,0;21,0;0,5084745762711864;0,8529411764705882
2025-10-09 19:40:16.580;p_shape;25204,0;25203,75;0,25;0,0009919158855329067;31,0;46,0;0,6739130434782609;13;14,0;33,0;5,0;21,0;0,45161290322580644;0,717391304347826
2025-10-09 19:40:17.544;p_shape;25204,0;25203,25;0,75;0,002975806691597314;31,0;34,0;0,9117647058823529;11;17,0;34,0;6,0;22,0;0,5483870967741935;1,0
2025-10-09 19:40:17.568;p_shape;25204,5;25204,0;0,5;0,0019838120933185206;32,0;34,0;0,9411764705882353;11;17,0;34,0;6,0;22,0;0,53125;1,0
2025-10-09 19:40:17.896;p_shape;25205,0;25204,5;0,5;0,0019837727389950205;50,0;34,0;1,4705882352941178;13;30,0;34,0;13,0;22,0;0,6;1,0
2025-10-09 19:40:17.988;p_shape;25205,25;25205,0;0,25;0,0009918666931164452;50,0;35,0;1,4285714285714286;14;30,0;35,0;13,0;22,0;0,6;1,0
2025-10-09 19:40:35.860;p_shape;25211,0;25210,5;0,5;0,0019833006088732868;36,0;72,0;0,5;10;33,0;52,0;20,0;20,0;0,9166666666666666;0,7222222222222222
2025-10-09 19:41:10.152;p_shape;25211,25;25210,75;0,5;0,001983280941661791;38,0;56,0;0,6785714285714286;17;24,0;47,0;8,0;32,0;0,631578947368421;0,8392857142857143
2025-10-09 19:41:10.168;p_shape;25211,5;25211,0;0,5;0,0019832612748403476;38,0;63,0;0,6031746031746031;18;24,0;52,0;8,0;34,0;0,631578947368421;0,8253968253968254
2025-10-09 19:41:11.660;p_shape;25210,75;25210,5;0,25;0,0009916503044366434;23,0;70,0;0,32857142857142857;15;14,0;62,0;5,0;35,0;0,6086956521739131;0,8857142857142857
2025-10-09 19:41:11.840;p_shape;25211,0;25210,75;0,25;0,0009916404708308956;23,0;71,0;0,323943661971831;15;14,0;64,0;5,0;37,0;0,6086956521739131;0,9014084507042254
2025-10-09 19:41:12.296;p_shape;25210,75;25210,25;0,5;0,0019833202764748463;25,0;72,0;0,3472222222222222;13;13,0;65,0;5,0;37,0;0,52;0,9027777777777778
2025-10-09 19:41:12.304;p_shape;25211,0;25210,75;0,25;0,0009916404708308956;26,0;72,0;0,3611111111111111;13;13,0;65,0;5,0;37,0;0,5;0,9027777777777778
2025-10-09 19:41:12.416;p_shape;25211,25;25211,0;0,25;0,0009916306374201738;26,0;73,0;0,3561643835616438;13;13,0;66,0;5,0;37,0;0,5;0,9041095890410958
2025-10-09 19:41:34.676;p_shape;25209,75;25209,5;0,25;0,000991689640810012;23,0;44,0;0,5227272727272727;10;8,0;32,0;4,0;30,0;0,34782608695652173;0,7272727272727273
2025-10-09 19:41:35.056;p_shape;25210,0;25209,75;0,25;0,0009916798064241018;24,0;43,0;0,5581395348837209;10;8,0;32,0;4,0;30,0;0,3333333333333333;0,7441860465116279
2025-10-09 19:41:35.412;p_shape;25210,75;25210,0;0,75;0,0029750099166997225;18,0;46,0;0,391304347826087;11;7,0;35,0;4,0;30,0;0,3888888888888889;0,7608695652173914
2025-10-09 19:42:13.616;d_shape;25200,25;25200,5;-0,25;-0,00099204380865459;45,0;30,0;1,5;15;43,0;18,0;23,0;5,0;0,9555555555555556;0,6
2025-10-09 19:42:14.192;d_shape;25199,75;25200,25;-0,5;-0,001984107300522812;46,0;29,0;1,5862068965517242;15;45,0;18,0;23,0;5,0;0,9782608695652174;0,6206896551724138
2025-10-09 19:42:14.260;d_shape;25199,5;25200,0;-0,5;-0,001984126984126984;46,0;32,0;1,4375;16;41,0;18,0;23,0;5,0;0,8913043478260869;0,5625
2025-10-09 19:42:14.288;d_shape;25198,5;25199,5;-1,0;-0,003968332705013989;52,0;32,0;1,625;18;43,0;19,0;23,0;5,0;0,8269230769230769;0,59375
2025-10-09 19:42:14.796;d_shape;25199,0;25199,25;-0,25;-0,000992093018641428;56,0;33,0;1,696969696969697;20;41,0;19,0;23,0;5,0;0,7321428571428571;0,5757575757575758
2025-10-09 19:42:14.860;d_shape;25198,75;25199,0;-0,25;-0,0009921028612246518;60,0;33,0;1,8181818181818181;20;45,0;19,0;23,0;5,0;0,75;0,5757575757575758
2025-10-09 19:42:14.992;d_shape;25199,0;25199,25;-0,25;-0,000992093018641428;61,0;34,0;1,7941176470588236;20;46,0;19,0;23,0;5,0;0,7540983606557377;0,5588235294117647
2025-10-09 19:42:15.100;d_shape;25198,5;25199,0;-0,5;-0,0019842057224493037;61,0;34,0;1,7941176470588236;19;46,0;20,0;23,0;5,0;0,7540983606557377;0,5882352941176471
2025-10-09 19:42:15.256;d_shape;25198,75;25199,0;-0,25;-0,0009921028612246518;61,0;36,0;1,6944444444444444;19;46,0;20,0;23,0;5,0;0,7540983606557377;0,5555555555555556
2025-10-09 19:42:15.612;d_shape;25197,75;25199,0;-1,25;-0,004960514306123259;69,0;33,0;2,090909090909091;20;54,0;23,0;23,0;7,0;0,782608695652174;0,696969696969697
2025-10-09 19:42:15.756;d_shape;25197,75;25198,5;-0,75;-0,0029763676409310076;78,0;36,0;2,1666666666666665;21;63,0;24,0;23,0;7,0;0,8076923076923077;0,6666666666666666
2025-10-09 19:42:16.252;d_shape;25197,75;25198,25;-0,5;-0,001984264780292282;82,0;35,0;2,342857142857143;20;59,0;23,0;23,0;7,0;0,7195121951219512;0,6571428571428571
2025-10-09 19:42:16.284;d_shape;25197,5;25197,75;-0,25;-0,0009921520770703734;86,0;35,0;2,4571428571428573;21;63,0;24,0;23,0;7,0;0,7325581395348837;0,6857142857142857
2025-10-09 19:42:16.608;d_shape;25197,75;25198,0;-0,25;-0,0009921422335105962;89,0;35,0;2,5428571428571427;21;66,0;24,0;23,0;7,0;0,7415730337078652;0,6857142857142857
2025-10-09 19:42:16.748;d_shape;25197,75;25198,0;-0,25;-0,0009921422335105962;99,0;35,0;2,8285714285714287;21;77,0;24,0;23,0;7,0;0,7777777777777778;0,6857142857142857
2025-10-09 19:42:19.052;d_shape;25198,0;25198,75;-0,75;-0,0029763381120095243;64,0;30,0;2,1333333333333333;12;52,0;20,0;23,0;5,0;0,8125;0,6666666666666666
2025-10-09 19:42:19.328;d_shape;25197,5;25198,0;-0,5;-0,0019842844670211923;58,0;32,0;1,8125;11;46,0;19,0;23,0;5,0;0,7931034482758621;0,59375
2025-10-09 19:42:19.400;d_shape;25197,0;25197,5;-0,5;-0,0019843238416509573;56,0;41,0;1,3658536585365855;13;42,0;22,0;23,0;5,0;0,75;0,5365853658536586
2025-10-09 19:42:19.408;d_shape;25196,5;25197,0;-0,5;-0,0019843632178433938;59,0;42,0;1,4047619047619047;15;44,0;24,0;23,0;5,0;0,7457627118644068;0,5714285714285714
2025-10-09 19:42:19.432;d_shape;25196,75;25197,0;-0,25;-0,0009921816089216969;60,0;47,0;1,2765957446808511;15;45,0;24,0;23,0;5,0;0,75;0,5106382978723404
2025-10-09 19:42:19.492;d_shape;25197,0;25197,5;-0,5;-0,0019843238416509573;60,0;62,0;0,967741935483871;15;45,0;24,0;23,0;5,0;0,75;0,3870967741935484
2025-10-09 19:42:19.716;d_shape;25197,0;25197,25;-0,25;-0,000992171764775918;59,0;63,0;0,9365079365079365;15;45,0;23,0;23,0;4,0;0,7627118644067796;0,36507936507936506
2025-10-09 19:42:50.476;d_shape;25197,25;25198,0;-0,75;-0,0029764267005317883;121,0;119,0;1,0168067226890756;13;118,0;86,0;86,0;22,0;0,9752066115702479;0,7226890756302521
2025-10-09 19:42:50.568;p_shape;25199,5;25199,25;0,25;0,000992093018641428;123,0;162,0;0,7592592592592593;13;120,0;122,0;86,0;30,0;0,975609756097561;0,7530864197530864
2025-10-09 19:42:51.068;d_shape;25198,0;25198,75;-0,75;-0,0029763381120095243;123,0;170,0;0,7235294117647059;13;120,0;127,0;86,0;32,0;0,975609756097561;0,7470588235294118
2025-10-09 19:42:51.820;d_shape;25197,75;25198,5;-0,75;-0,0029763676409310076;122,0;165,0;0,7393939393939394;13;120,0;119,0;86,0;32,0;0,9836065573770492;0,7212121212121212
2025-10-09 19:42:51.932;d_shape;25197,5;25197,75;-0,25;-0,0009921520770703734;124,0;165,0;0,7515151515151515;13;122,0;119,0;88,0;32,0;0,9838709677419355;0,7212121212121212
2025-10-09 19:42:52.388;d_shape;25197,75;25198,0;-0,25;-0,0009921422335105962;126,0;164,0;0,7682926829268293;13;124,0;118,0;88,0;32,0;0,9841269841269841;0,7195121951219512
2025-10-09 19:42:52.576;d_shape;25197,5;25197,75;-0,25;-0,0009921520770703734;127,0;163,0;0,7791411042944786;13;126,0;117,0;90,0;32,0;0,9921259842519685;0,7177914110429447
2025-10-09 19:42:52.908;d_shape;25198,0;25198,25;-0,25;-0,000992132390146141;134,0;162,0;0,8271604938271605;13;133,0;116,0;90,0;32,0;0,9925373134328358;0,7160493827160493
2025-10-09 19:42:53.224;p_shape;25199,75;25199,0;0,75;0,0029763085836739555;158,0;162,0;0,9753086419753086;13;154,0;116,0;90,0;32,0;0,9746835443037974;0,7160493827160493
2025-10-09 19:45:14.332;d_shape;25197,5;25197,75;-0,25;-0,0009921520770703734;36,0;42,0;0,8571428571428571;16;34,0;14,0;21,0;6,0;0,9444444444444444;0,3333333333333333
2025-10-09 19:50:31.812;p_shape;25216,0;25215,75;0,25;0,0009914438396637023;96,0;76,0;1,263157894736842;25;32,0;58,0;5,0;20,0;0,3333333333333333;0,7631578947368421
2025-10-09 19:50:31.888;p_shape;25216,25;25216,0;0,25;0,0009914340101522842;96,0;72,0;1,3333333333333333;24;32,0;62,0;5,0;20,0;0,3333333333333333;0,8611111111111112
2025-10-09 19:50:31.960;p_shape;25216,0;25215,75;0,25;0,0009914438396637023;99,0;72,0;1,375;24;32,0;63,0;5,0;21,0;0,32323232323232326;0,875
2025-10-09 19:51:45.612;d_shape;25208,0;25208,5;-0,5;-0,0019834579606085247;61,0;51,0;1,196078431372549;13;55,0;33,0;22,0;8,0;0,9016393442622951;0,6470588235294118
2025-10-09 19:51:45.716;d_shape;25207,75;25208,0;-0,25;-0,0009917486512218342;62,0;50,0;1,24;13;56,0;32,0;22,0;8,0;0,9032258064516129;0,64
2025-10-09 19:51:46.876;d_shape;25207,0;25207,5;-0,5;-0,0019835366458395317;48,0;45,0;1,0666666666666667;10;36,0;26,0;24,0;10,0;0,75;0,5777777777777777
2025-10-09 19:52:31.464;d_shape;25199,75;25200,0;-0,25;-0,000992063492063492;80,0;11,0;7,2727272727272725;10;77,0;11,0;54,0;3,0;0,9625;1,0
2025-10-09 19:53:01.532;p_shape;25205,5;25205,0;0,5;0,0019837333862328904;48,0;40,0;1,2;14;15,0;36,0;6,0;24,0;0,3125;0,9
2025-10-09 19:53:01.768;p_shape;25205,75;25205,5;0,25;0,0009918470175160185;46,0;42,0;1,0952380952380953;14;23,0;34,0;11,0;24,0;0,5;0,8095238095238095
2025-10-09 19:53:01.780;p_shape;25206,0;25205,75;0,25;0,0009918371800085298;46,0;44,0;1,0454545454545454;15;39,0;36,0;16,0;24,0;0,8478260869565217;0,8181818181818182
2025-10-09 19:53:01.844;p_shape;25206,0;25205,75;0,25;0,0009918371800085298;46,0;49,0;0,9387755102040817;15;39,0;41,0;16,0;24,0;0,8478260869565217;0,8367346938775511
2025-10-09 19:53:02.060;p_shape;25205,75;25205,5;0,25;0,0009918470175160185;45,0;61,0;0,7377049180327869;13;39,0;55,0;16,0;24,0;0,8666666666666667;0,9016393442622951
2025-10-09 19:53:02.980;p_shape;25206,0;25205,25;0,75;0,0029755705656559646;40,0;57,0;0,7017543859649122;11;36,0;51,0;16,0;24,0;0,9;0,8947368421052632
2025-10-09 19:53:03.244;p_shape;25205,5;25205,0;0,5;0,0019837333862328904;39,0;62,0;0,6290322580645161;11;35,0;56,0;16,0;25,0;0,8974358974358975;0,9032258064516129
2025-10-09 19:53:04.500;p_shape;25205,5;25205,0;0,5;0,0019837333862328904;35,0;67,0;0,5223880597014925;11;31,0;67,0;11,0;29,0;0,8857142857142857;1,0
2025-10-09 19:53:04.556;p_shape;25205,75;25205,5;0,25;0,0009918470175160185;35,0;68,0;0,5147058823529411;11;31,0;68,0;11,0;29,0;0,8857142857142857;1,0
2025-10-09 19:55:21.464;d_shape;25202,5;25205,5;-3,0;-0,01190216421019222;52,0;32,0;1,625;15;42,0;13,0;37,0;3,0;0,8076923076923077;0,40625
2025-10-09 19:55:23.104;d_shape;25203,5;25204,0;-0,5;-0,0019838120933185206;57,0;31,0;1,8387096774193548;14;57,0;21,0;37,0;11,0;1,0;0,6774193548387096
2025-10-09 19:55:23.696;d_shape;25202,25;25203,5;-1,25;-0,004959628623008709;57,0;32,0;1,78125;15;57,0;27,0;37,0;11,0;1,0;0,84375
2025-10-09 19:57:09.316;p_shape;25211,0;25210,5;0,5;0,0019833006088732868;11,0;50,0;0,22;11;11,0;37,0;9,0;21,0;1,0;0,74
2025-10-09 19:57:09.408;p_shape;25211,0;25210,75;0,25;0,0009916404708308956;11,0;53,0;0,20754716981132076;11;11,0;40,0;9,0;22,0;1,0;0,7547169811320755
2025-10-09 19:57:10.052;p_shape;25210,75;25210,5;0,25;0,0009916503044366434;10,0;66,0;0,15151515151515152;11;10,0;53,0;9,0;24,0;1,0;0,803030303030303
2025-10-09 19:57:10.060;p_shape;25210,75;25210,5;0,25;0,0009916503044366434;10,0;70,0;0,14285714285714285;11;10,0;57,0;9,0;26,0;1,0;0,8142857142857143
2025-10-09 19:59:19.088;p_shape;25214,25;25214,0;0,25;0,0009915126517014358;12,0;68,0;0,17647058823529413;11;9,0;48,0;6,0;26,0;0,75;0,7058823529411765
2025-10-09 19:59:23.248;p_shape;25216,0;25215,25;0,75;0,002974390497813823;31,0;53,0;0,5849056603773585;10;19,0;40,0;6,0;21,0;0,6129032258064516;0,7547169811320755
2025-10-09 19:59:49.464;p_shape;25216,5;25216,25;0,25;0,0009914241808357705;34,0;46,0;0,7391304347826086;11;29,0;36,0;12,0;33,0;0,8529411764705882;0,782608695652174
2025-10-09 19:59:50.360;p_shape;25217,0;25216,25;0,75;0,0029742725425073117;36,0;43,0;0,8372093023255814;12;29,0;36,0;12,0;33,0;0,8055555555555556;0,8372093023255814
2025-10-09 19:59:51.452;p_shape;25217,25;25216,75;0,5;0,001982809045574866;34,0;48,0;0,7083333333333334;13;31,0;44,0;12,0;33,0;0,9117647058823529;0,9166666666666666
2025-10-09 19:59:51.604;p_shape;25217,5;25217,25;0,25;0,000991384865518643;34,0;60,0;0,5666666666666667;14;31,0;56,0;12,0;33,0;0,9117647058823529;0,9333333333333333
2025-10-09 19:59:51.720;p_shape;25217,0;25216,75;0,25;0,000991404522787433;34,0;68,0;0,5;14;31,0;64,0;12,0;33,0;0,9117647058823529;0,9411764705882353
2025-10-09 19:59:52.356;p_shape;25217,0;25216,5;0,5;0,0019828287034283107;36,0;66,0;0,5454545454545454;14;31,0;64,0;12,0;33,0;0,8611111111111112;0,9696969696969697
2025-10-09 19:59:52.360;p_shape;25217,25;25217,0;0,25;0,0009913946940555973;36,0;67,0;0,5373134328358209;14;31,0;65,0;12,0;33,0;0,8611111111111112;0,9701492537313433
2025-10-09 19:59:52.496;p_shape;25217,75;25217,0;0,75;0,0029741840821667924;37,0;79,0;0,46835443037974683;15;32,0;77,0;12,0;33,0;0,8648648648648649;0,9746835443037974
2025-10-09 19:59:52.632;p_shape;25217,5;25217,0;0,5;0,0019827893881111947;32,0;84,0;0,38095238095238093;14;21,0;82,0;7,0;33,0;0,65625;0,9761904761904762
2025-10-09 19:59:53.200;p_shape;25217,5;25217,25;0,25;0,000991384865518643;18,0;122,0;0,14754098360655737;13;9,0;86,0;3,0;24,0;0,5;0,7049180327868853
2025-10-09 19:59:53.272;p_shape;25218,0;25217,5;0,5;0,0019827500743531275;18,0;128,0;0,140625;13;9,0;92,0;3,0;25,0;0,5;0,71875
2025-10-09 19:59:53.524;p_shape;25218,0;25217,5;0,5;0,0019827500743531275;18,0;135,0;0,13333333333333333;13;9,0;99,0;3,0;27,0;0,5;0,7333333333333333
2025-10-09 20:00:07.552;d_shape;25216,25;25216,75;-0,5;-0,001982809045574866;54,0;51,0;1,0588235294117647;12;50,0;41,0;22,0;14,0;0,9259259259259259;0,803921568627451
2025-10-09 20:00:07.564;d_shape;25216,0;25216,5;-0,5;-0,0019828287034283107;61,0;51,0;1,196078431372549;13;57,0;48,0;22,0;14,0;0,9344262295081968;0,9411764705882353
2025-10-09 20:00:15.048;d_shape;25206,5;25206,75;-0,25;-0,0009917978319299394;163,0;320,0;0,509375;62;145,0;200,0;23,0;31,0;0,8895705521472392;0,625
2025-10-09 20:00:15.052;d_shape;25206,25;25206,5;-0,25;-0,0009918076686568941;164,0;320,0;0,5125;62;146,0;200,0;23,0;31,0;0,8902439024390244;0,625
2025-10-09 20:00:15.072;d_shape;25206,0;25206,5;-0,5;-0,0019836153373137882;166,0;320,0;0,51875;62;148,0;200,0;23,0;31,0;0,891566265060241;0,625
2025-10-09 20:00:23.304;p_shape;25213,25;25212,75;0,5;0,001983123618010729;22,0;69,0;0,3188405797101449;12;15,0;69,0;4,0;22,0;0,6818181818181818;1,0
2025-10-09 20:00:23.360;p_shape;25213,75;25213,25;0,5;0,0019830842909977888;24,0;69,0;0,34782608695652173;12;14,0;69,0;4,0;22,0;0,5833333333333334;1,0
2025-10-09 20:00:23.540;p_shape;25213,75;25213,25;0,5;0,0019830842909977888;24,0;69,0;0,34782608695652173;10;13,0;66,0;4,0;22,0;0,5416666666666666;0,9565217391304348
2025-10-09 20:00:23.640;p_shape;25214,0;25213,75;0,25;0,0009915224827722969;25,0;70,0;0,35714285714285715;10;13,0;67,0;4,0;22,0;0,52;0,9571428571428572
2025-10-09 20:00:26.220;p_shape;25215,5;25215,25;0,25;0,0009914634992712742;20,0;87,0;0,22988505747126436;14;14,0;64,0;4,0;22,0;0,7;0,735632183908046
2025-10-09 20:00:26.656;p_shape;25215,0;25214,75;0,25;0,0009914831596585332;24,0;81,0;0,2962962962962963;14;14,0;64,0;4,0;22,0;0,5833333333333334;0,7901234567901234
2025-10-09 20:00:26.988;p_shape;25215,75;25215,0;0,75;0,00297441998810232;24,0;82,0;0,2926829268292683;14;14,0;67,0;4,0;22,0;0,5833333333333334;0,8170731707317073
2025-10-09 20:00:27.152;p_shape;25215,25;25215,0;0,25;0,00099147332936744;24,0;88,0;0,2727272727272727;14;14,0;73,0;4,0;23,0;0,5833333333333334;0,8295454545454546
2025-10-09 20:01:27.176;p_shape;25206,25;25206,0;0,25;0,0009918273426961835;59,0;39,0;1,5128205128205128;10;39,0;36,0;12,0;23,0;0,6610169491525424;0,9230769230769231
2025-10-09 20:05:15.400;d_shape;25194,0;25195,75;-1,75;-0,006945615828066241;57,0;67,0;0,8507462686567164;11;56,0;35,0;22,0;17,0;0,9824561403508771;0,5223880597014925
2025-10-09 20:05:54.452;d_shape;25196,75;25197,0;-0,25;-0,0009921816089216969;69,0;128,0;0,5390625;10;60,0;9,0;30,0;3,0;0,8695652173913043;0,0703125
2025-10-09 20:05:54.548;d_shape;25196,25;25196,75;-0,5;-0,001984382906525643;69,0;131,0;0,5267175572519084;10;60,0;9,0;30,0;3,0;0,8695652173913043;0,06870229007633588
2025-10-09 20:05:54.724;d_shape;25196,0;25196,5;-0,5;-0,0019844025955985953;67,0;135,0;0,4962962962962963;11;58,0;17,0;30,0;8,0;0,8656716417910447;0,1259259259259259
2025-10-09 20:05:55.032;d_shape;25195,75;25196,0;-0,25;-0,0009922209874583267;66,0;134,0;0,4925373134328358;11;61,0;127,0;30,0;111,0;0,9242424242424242;0,9477611940298507
2025-10-09 20:05:55.308;d_shape;25196,0;25196,25;-0,25;-0,0009922111425311306;65,0;134,0;0,48507462686567165;11;64,0;127,0;30,0;111,0;0,9846153846153847;0,9477611940298507
2025-10-09 20:05:55.980;d_shape;25196,25;25196,75;-0,5;-0,001984382906525643;67,0;135,0;0,4962962962962963;11;66,0;127,0;30,0;111,0;0,9850746268656716;0,9407407407407408
2025-10-09 20:05:56.000;d_shape;25196,25;25196,75;-0,5;-0,001984382906525643;68,0;140,0;0,4857142857142857;11;67,0;127,0;30,0;111,0;0,9852941176470589;0,9071428571428571
2025-10-09 20:07:39.508;d_shape;25186,75;25187,0;-0,25;-0,0009925755349982134;59,0;42,0;1,4047619047619047;18;53,0;31,0;23,0;9,0;0,8983050847457628;0,7380952380952381
2025-10-09 20:09:46.572;p_shape;25198,75;25198,5;0,25;0,0009921225469770025;38,0;103,0;0,36893203883495146;16;19,0;75,0;6,0;20,0;0,5;0,7281553398058253
2025-10-09 20:09:48.160;p_shape;25199,25;25199,0;0,25;0,0009921028612246518;37,0;80,0;0,4625;10;30,0;62,0;12,0;20,0;0,8108108108108109;0,775
2025-10-09 20:10:03.912;p_shape;25202,75;25201,75;1,0;0,003967978414197427;31,0;75,0;0,41333333333333333;22;17,0;62,0;3,0;23,0;0,5483870967741935;0,8266666666666667
2025-10-09 20:10:03.968;p_shape;25202,0;25201,75;0,25;0,0009919946035493567;31,0;81,0;0,38271604938271603;22;17,0;68,0;3,0;25,0;0,5483870967741935;0,8395061728395061
2025-10-09 20:10:04.680;p_shape;25201,5;25201,25;0,25;0,0009920142850057042;30,0;82,0;0,36585365853658536;20;18,0;69,0;3,0;25,0;0,6;0,8414634146341463
2025-10-09 20:10:04.864;p_shape;25201,5;25201,25;0,25;0,0009920142850057042;30,0;87,0;0,3448275862068966;20;18,0;74,0;3,0;25,0;0,6;0,8505747126436781
2025-10-09 20:10:18.436;d_shape;25202,0;25202,5;-0,5;-0,001983930165658169;70,0;83,0;0,8433734939759037;19;53,0;61,0;25,0;14,0;0,7571428571428571;0,7349397590361446
2025-10-09 20:10:18.836;d_shape;25202,0;25202,5;-0,5;-0,001983930165658169;69,0;89,0;0,7752808988764045;18;52,0;47,0;25,0;9,0;0,7536231884057971;0,5280898876404494
2025-10-09 20:10:18.992;d_shape;25201,75;25202,0;-0,25;-0,0009919847631140385;69,0;89,0;0,7752808988764045;18;52,0;47,0;25,0;9,0;0,7536231884057971;0,5280898876404494
2025-10-09 20:11:54.372;p_shape;25207,5;25207,25;0,25;0,0009917781590613813;41,0;51,0;0,803921568627451;13;15,0;37,0;8,0;26,0;0,36585365853658536;0,7254901960784313
2025-10-09 20:11:54.948;p_shape;25208,0;25207,5;0,5;0,0019835366458395317;43,0;48,0;0,8958333333333334;11;20,0;34,0;8,0;26,0;0,46511627906976744;0,7083333333333334
2025-10-09 20:11:54.972;p_shape;25208,25;25208,0;0,25;0,0009917486512218342;43,0;54,0;0,7962962962962963;11;20,0;40,0;8,0;26,0;0,46511627906976744;0,7407407407407407
2025-10-09 20:11:54.976;p_shape;25208,75;25208,25;0,5;0,0019834776313310126;43,0;59,0;0,7288135593220338;13;27,0;45,0;8,0;26,0;0,627906976744186;0,7627118644067796
2025-10-09 20:11:55.208;p_shape;25208,5;25208,0;0,5;0,0019834973024436685;44,0;66,0;0,6666666666666666;13;27,0;52,0;8,0;26,0;0,6136363636363636;0,7878787878787878
2025-10-09 20:11:55.212;p_shape;25208,75;25208,5;0,25;0,0009917289803042623;44,0;67,0;0,6567164179104478;13;27,0;53,0;8,0;26,0;0,6136363636363636;0,7910447761194029
2025-10-09 20:11:55.456;p_shape;25208,75;25208,5;0,25;0,0009917289803042623;41,0;75,0;0,5466666666666666;13;38,0;63,0;14,0;26,0;0,926829268292683;0,84
2025-10-09 20:11:55.852;p_shape;25208,5;25208,25;0,25;0,0009917388156655063;41,0;90,0;0,45555555555555555;13;38,0;78,0;14,0;26,0;0,926829268292683;0,8666666666666667
2025-10-09 20:11:57.372;p_shape;25208,5;25208,0;0,5;0,0019834973024436685;42,0;87,0;0,4827586206896552;11;39,0;87,0;20,0;33,0;0,9285714285714286;1,0
2025-10-09 20:11:59.744;p_shape;25209,5;25209,25;0,25;0,0009916994753909774;48,0;78,0;0,6153846153846154;10;27,0;60,0;10,0;25,0;0,5625;0,7692307692307693
2025-10-09 20:11:59.844;p_shape;25209,0;25208,75;0,25;0,000991719145138097;58,0;85,0;0,6823529411764706;10;27,0;67,0;10,0;25,0;0,46551724137931033;0,788235294117647
2025-10-09 20:11:59.912;p_shape;25209,5;25208,75;0,75;0,0029751574354142905;63,0;86,0;0,7325581395348837;10;27,0;68,0;10,0;25,0;0,42857142857142855;0,7906976744186046
2025-10-09 20:11:59.996;p_shape;25209,25;25208,75;0,5;0,001983438290276194;66,0;82,0;0,8048780487804879;10;26,0;72,0;10,0;23,0;0,3939393939393939;0,8780487804878049
2025-10-09 20:12:00.324;p_shape;25209,0;25208,75;0,25;0,000991719145138097;70,0;75,0;0,9333333333333333;10;25,0;65,0;10,0;21,0;0,35714285714285715;0,8666666666666667
2025-10-09 20:12:00.600;p_shape;25209,0;25208,5;0,5;0,0019834579606085247;76,0;58,0;1,3103448275862069;10;25,0;48,0;10,0;21,0;0,32894736842105265;0,8275862068965517
2025-10-09 20:12:00.656;p_shape;25209,0;25208,75;0,25;0,000991719145138097;79,0;58,0;1,3620689655172413;10;25,0;48,0;10,0;21,0;0,31645569620253167;0,8275862068965517
2025-10-09 20:12:00.772;p_shape;25209,25;25209,0;0,25;0,0009917093101670037;83,0;63,0;1,3174603174603174;10;25,0;55,0;10,0;28,0;0,30120481927710846;0,873015873015873
2025-10-09 20:12:00.980;p_shape;25209,25;25209,0;0,25;0,0009917093101670037;87,0;60,0;1,45;10;25,0;52,0;10,0;30,0;0,28735632183908044;0,8666666666666667
2025-10-09 20:12:01.040;p_shape;25209,75;25209,25;0,5;0,001983398950781955;87,0;64,0;1,359375;11;33,0;56,0;10,0;30,0;0,3793103448275862;0,875
2025-10-09 20:12:01.080;p_shape;25209,75;25209,5;0,25;0,000991689640810012;87,0;74,0;1,1756756756756757;12;33,0;60,0;10,0;30,0;0,3793103448275862;0,8108108108108109
2025-10-09 20:12:03.652;p_shape;25209,75;25209,25;0,5;0,001983398950781955;83,0;71,0;1,1690140845070423;11;44,0;67,0;21,0;31,0;0,5301204819277109;0,9436619718309859
2025-10-09 20:12:03.932;p_shape;25210,0;25209,25;0,75;0,0029750984261729327;87,0;70,0;1,2428571428571429;11;42,0;70,0;21,0;31,0;0,4827586206896552;1,0
2025-10-09 20:12:03.936;p_shape;25210,25;25210,0;0,25;0,0009916699722332407;87,0;72,0;1,2083333333333333;12;42,0;72,0;21,0;31,0;0,4827586206896552;1,0
2025-10-09 20:12:04.060;p_shape;25210,25;25209,75;0,5;0,0019833596128482037;88,0;76,0;1,1578947368421053;12;42,0;76,0;21,0;31,0;0,4772727272727273;1,0
2025-10-09 20:12:04.240;p_shape;25210,5;25210,25;0,25;0,0009916601382374231;88,0;77,0;1,1428571428571428;13;76,0;77,0;34,0;31,0;0,8636363636363636;1,0
2025-10-09 20:12:08.504;p_shape;25210,0;25209,5;0,5;0,001983379281620024;29,0;51,0;0,5686274509803921;11;16,0;45,0;5,0;21,0;0,5517241379310345;0,8823529411764706
2025-10-09 20:16:21.860;p_shape;25217,5;25217,0;0,5;0,0019827893881111947;39,0;71,0;0,5492957746478874;11;33,0;66,0;12,0;26,0;0,8461538461538461;0,9295774647887324
2025-10-09 20:16:22.048;p_shape;25217,5;25217,25;0,25;0,000991384865518643;42,0;76,0;0,5526315789473685;11;33,0;71,0;12,0;26,0;0,7857142857142857;0,9342105263157895
2025-10-09 20:16:22.336;p_shape;25217,75;25217,5;0,25;0,0009913750371765638;32,0;77,0;0,4155844155844156;10;23,0;57,0;12,0;26,0;0,71875;0,7402597402597403
2025-10-09 20:25:12.264;d_shape;25227,5;25227,75;-0,25;-0,0009909722428674773;86,0;43,0;2,0;10;62,0;35,0;23,0;10,0;0,7209302325581395;0,813953488372093
2025-10-09 20:25:12.680;d_shape;25227,0;25227,5;-0,5;-0,001981964126449311;88,0;41,0;2,1463414634146343;10;64,0;35,0;23,0;10,0;0,7272727272727273;0,8536585365853658
2025-10-09 20:26:32.356;p_shape;25234,5;25234,25;0,25;0,0009907169818797865;96,0;71,0;1,352112676056338;20;33,0;50,0;10,0;23,0;0,34375;0,704225352112676
2025-10-09 20:26:32.372;p_shape;25234,0;25233,75;0,25;0,0009907366126715212;96,0;79,0;1,2151898734177216;20;33,0;58,0;10,0;30,0;0,34375;0,7341772151898734
2025-10-09 20:26:32.456;p_shape;25234,5;25234,0;0,5;0,00198145359435682;96,0;80,0;1,2;20;33,0;59,0;10,0;30,0;0,34375;0,7375
2025-10-09 20:26:32.532;p_shape;25234,0;25233,75;0,25;0,0009907366126715212;96,0;84,0;1,1428571428571428;20;33,0;65,0;10,0;31,0;0,34375;0,7738095238095238
2025-10-09 20:26:32.588;p_shape;25234,0;25233,75;0,25;0,0009907366126715212;96,0;87,0;1,103448275862069;20;33,0;68,0;10,0;33,0;0,34375;0,7816091954022989
2025-10-09 20:26:35.312;p_shape;25233,5;25233,0;0,5;0,0019815321206356758;95,0;85,0;1,1176470588235294;19;27,0;83,0;10,0;33,0;0,28421052631578947;0,9764705882352941
2025-10-09 20:29:02.384;d_shape;25214,75;25215,25;-0,5;-0,0019829269985425484;39,0;52,0;0,75;10;39,0;15,0;24,0;5,0;1,0;0,28846153846153844
2025-10-09 20:29:02.800;d_shape;25214,5;25215,25;-0,75;-0,002974390497813823;40,0;50,0;0,8;10;40,0;11,0;24,0;4,0;1,0;0,22
2025-10-09 20:29:03.080;d_shape;25214,75;25215,0;-0,25;-0,00099147332936744;41,0;53,0;0,7735849056603774;10;41,0;11,0;25,0;4,0;1,0;0,20754716981132076
2025-10-09 20:29:03.304;d_shape;25214,5;25214,75;-0,25;-0,0009914831596585332;47,0;53,0;0,8867924528301887;10;47,0;11,0;25,0;4,0;1,0;0,20754716981132076
2025-10-09 20:29:28.268;p_shape;25214,75;25214,0;0,75;0,002974537955104307;45,0;61,0;0,7377049180327869;12;27,0;54,0;11,0;20,0;0,6;0,8852459016393442
2025-10-09 20:30:48.464;d_shape;25209,5;25209,75;-0,25;-0,0009916798064241018;43,0;127,0;0,33858267716535434;17;36,0;47,0;21,0;12,0;0,8372093023255814;0,3700787401574803
2025-10-09 20:30:48.568;d_shape;25210,0;25210,25;-0,25;-0,0009916601382374231;40,0;117,0;0,3418803418803419;15;40,0;38,0;21,0;12,0;1,0;0,3247863247863248
2025-10-09 20:30:48.808;d_shape;25210,0;25210,25;-0,25;-0,0009916601382374231;43,0;117,0;0,36752136752136755;15;43,0;38,0;21,0;12,0;1,0;0,3247863247863248
2025-10-09 20:33:58.260;d_shape;25204,75;25205,25;-0,5;-0,0019837137104373095;59,0;43,0;1,372093023255814;10;49,0;30,0;21,0;10,0;0,8305084745762712;0,6976744186046512
2025-10-09 20:40:22.816;p_shape;25217,5;25217,25;0,25;0,000991384865518643;33,0;38,0;0,868421052631579;11;5,0;30,0;3,0;20,0;0,15151515151515152;0,7894736842105263
2025-10-09 20:40:23.236;p_shape;25217,5;25217,0;0,5;0,0019827893881111947;35,0;36,0;0,9722222222222222;10;5,0;30,0;3,0;21,0;0,14285714285714285;0,8333333333333334
2025-10-09 20:40:23.780;p_shape;25217,75;25217,5;0,25;0,0009913750371765638;35,0;38,0;0,9210526315789473;10;5,0;32,0;3,0;21,0;0,14285714285714285;0,8421052631578947
2025-10-09 20:40:23.812;p_shape;25218,0;25217,75;0,25;0,0009913652090293543;35,0;40,0;0,875;11;7,0;34,0;3,0;21,0;0,2;0,85
2025-10-09 20:40:24.452;p_shape;25218,0;25217,5;0,5;0,0019827500743531275;35,0;45,0;0,7777777777777778;10;5,0;37,0;3,0;23,0;0,14285714285714285;0,8222222222222222
2025-10-09 20:40:24.788;p_shape;25217,75;25217,5;0,25;0,0009913750371765638;39,0;47,0;0,8297872340425532;10;5,0;39,0;3,0;23,0;0,1282051282051282;0,8297872340425532
2025-10-09 20:40:25.976;p_shape;25218,25;25218,0;0,25;0,0009913553810770085;45,0;54,0;0,8333333333333334;10;36,0;51,0;18,0;23,0;0,8;0,9444444444444444
2025-10-09 20:40:26.004;p_shape;25218,5;25218,25;0,25;0,0009913455533195204;45,0;56,0;0,8035714285714286;10;36,0;53,0;18,0;23,0;0,8;0,9464285714285714
2025-10-09 20:46:28.564;p_shape;25219,0;25218,5;0,5;0,0019826714515137696;25,0;37,0;0,6756756756756757;13;19,0;33,0;6,0;20,0;0,76;0,8918918918918919
2025-10-09 20:46:30.492;p_shape;25219,25;25219,0;0,25;0,0009913160712161466;24,0;49,0;0,4897959183673469;11;24,0;47,0;8,0;25,0;1,0;0,9591836734693877
2025-10-09 20:47:18.208;p_shape;25220,75;25220,5;0,25;0,0009912571122697807;27,0;39,0;0,6923076923076923;10;14,0;33,0;6,0;27,0;0,5185185185185185;0,8461538461538461
2025-10-09 20:47:37.604;p_shape;25225,25;25225,0;0,25;0,0009910802775024777;43,0;46,0;0,9347826086956522;15;16,0;38,0;5,0;24,0;0,37209302325581395;0,8260869565217391
2025-10-09 20:47:37.948;p_shape;25225,5;25224,75;0,75;0,0029732703000029735;44,0;52,0;0,8461538461538461;15;16,0;45,0;5,0;26,0;0,36363636363636365;0,8653846153846154
2025-10-09 20:47:38.104;p_shape;25225,25;25225,0;0,25;0,0009910802775024777;45,0;103,0;0,4368932038834951;17;21,0;96,0;5,0;34,0;0,4666666666666667;0,9320388349514563
2025-10-09 20:47:38.256;p_shape;25225,5;25225,25;0,25;0,00099107045519866;45,0;103,0;0,4368932038834951;17;21,0;97,0;5,0;34,0;0,4666666666666667;0,941747572815534
2025-10-09 20:47:39.408;p_shape;25225,5;25225,25;0,25;0,00099107045519866;44,0;111,0;0,3963963963963964;17;18,0;105,0;5,0;34,0;0,4090909090909091;0,9459459459459459
2025-10-09 20:47:39.472;p_shape;25226,0;25225,5;0,5;0,001982121266179065;48,0;111,0;0,43243243243243246;17;18,0;105,0;5,0;34,0;0,375;0,9459459459459459
2025-10-09 20:47:39.484;p_shape;25226,25;25226,0;0,25;0,000991040989455324;48,0;128,0;0,375;18;18,0;122,0;5,0;34,0;0,375;0,953125
2025-10-09 20:47:39.616;p_shape;25226,5;25226,25;0,25;0,0009910311679302314;48,0;131,0;0,366412213740458;19;32,0;125,0;14,0;34,0;0,6666666666666666;0,9541984732824428
2025-10-09 20:47:39.788;p_shape;25226,5;25226,0;0,5;0,001982081978910648;57,0;127,0;0,44881889763779526;17;36,0;127,0;14,0;34,0;0,631578947368421;1,0
2025-10-09 20:47:39.984;p_shape;25226,25;25226,0;0,25;0,000991040989455324;57,0;129,0;0,4418604651162791;16;35,0;128,0;14,0;34,0;0,6140350877192983;0,9922480620155039
2025-10-09 20:47:40.136;p_shape;25226,5;25226,0;0,5;0,001982081978910648;55,0;130,0;0,4230769230769231;14;37,0;127,0;14,0;34,0;0,6727272727272727;0,9769230769230769
2025-10-09 20:51:02.984;p_shape;25228,25;25228,0;0,25;0,0009909624227049311;52,0;51,0;1,0196078431372548;10;33,0;47,0;26,0;28,0;0,6346153846153846;0,9215686274509803
2025-10-09 20:51:03.292;p_shape;25228,25;25228,0;0,25;0,0009909624227049311;52,0;63,0;0,8253968253968254;10;33,0;59,0;26,0;28,0;0,6346153846153846;0,9365079365079365
2025-10-09 20:55:33.324;p_shape;25222,5;25222,25;0,25;0,0009911883356956655;34,0;85,0;0,4;14;15,0;68,0;4,0;40,0;0,4411764705882353;0,8
2025-10-09 20:55:35.376;p_shape;25223,5;25222,75;0,75;0,002973506060996521;32,0;78,0;0,41025641025641024;10;18,0;63,0;10,0;45,0;0,5625;0,8076923076923077
2025-10-09 20:55:35.572;p_shape;25223,0;25222,75;0,25;0,0009911686869988404;38,0;65,0;0,5846153846153846;10;24,0;51,0;10,0;45,0;0,631578947368421;0,7846153846153846
2025-10-09 20:55:35.580;p_shape;25223,25;25223,0;0,25;0,0009911588629425525;38,0;67,0;0,5671641791044776;10;24,0;53,0;10,0;45,0;0,631578947368421;0,7910447761194029
2025-10-09 20:55:35.592;p_shape;25223,5;25223,25;0,25;0,0009911490390810066;38,0;70,0;0,5428571428571428;10;24,0;56,0;10,0;45,0;0,631578947368421;0,8
2025-10-09 20:55:36.140;p_shape;25223,75;25223,5;0,25;0,0009911392154141972;36,0;82,0;0,43902439024390244;11;22,0;68,0;10,0;45,0;0,6111111111111112;0,8292682926829268
2025-10-09 20:55:43.840;p_shape;25225,5;25225,0;0,5;0,0019821605550049554;27,0;52,0;0,5192307692307693;10;5,0;44,0;2,0;24,0;0,18518518518518517;0,8461538461538461
2025-10-09 20:56:12.928;p_shape;25229,0;25228,75;0,25;0,000990932963385027;68,0;56,0;1,2142857142857142;15;37,0;56,0;10,0;22,0;0,5441176470588235;1,0
2025-10-09 20:56:23.284;p_shape;25232,75;25232,5;0,25;0,0009907856930545923;92,0;144,0;0,6388888888888888;24;77,0;102,0;22,0;24,0;0,8369565217391305;0,7083333333333334
2025-10-09 20:56:23.296;p_shape;25233,0;25232,25;0,75;0,0029723865291442497;92,0;163,0;0,5644171779141104;24;77,0;121,0;22,0;24,0;0,8369565217391305;0,7423312883435583
2025-10-09 20:56:24.328;p_shape;25233,0;25232,75;0,25;0,0009907758765889567;87,0;169,0;0,514792899408284;21;68,0;123,0;22,0;24,0;0,7816091954022989;0,727810650887574
2025-10-09 20:56:25.284;p_shape;25233,25;25232,75;0,5;0,0019815517531779135;74,0;173,0;0,4277456647398844;18;48,0;127,0;17,0;24,0;0,6486486486486487;0,7341040462427746
2025-10-09 20:56:25.748;p_shape;25233,75;25233,25;0,5;0,001981512488482459;69,0;178,0;0,38764044943820225;17;40,0;132,0;17,0;26,0;0,5797101449275363;0,7415730337078652
2025-10-09 20:56:26.544;p_shape;25234,25;25233,5;0,75;0,0029722392850773773;79,0;146,0;0,541095890410959;15;32,0;114,0;17,0;28,0;0,4050632911392405;0,7808219178082192
2025-10-09 20:56:26.668;p_shape;25234,25;25234,0;0,25;0,00099072679717841;81,0;146,0;0,5547945205479452;15;32,0;115,0;17,0;28,0;0,3950617283950617;0,7876712328767124
2025-10-09 20:56:26.732;p_shape;25234,25;25234,0;0,25;0,00099072679717841;83,0;147,0;0,564625850340136;15;32,0;116,0;17,0;28,0;0,3855421686746988;0,7891156462585034
2025-10-09 20:56:27.104;p_shape;25234,25;25234,0;0,25;0,00099072679717841;85,0;147,0;0,5782312925170068;15;32,0;119,0;17,0;28,0;0,3764705882352941;0,8095238095238095
2025-10-09 20:56:51.104;p_shape;25240,5;25240,0;0,5;0,0019809825673534074;90,0;54,0;1,6666666666666667;11;74,0;43,0;25,0;21,0;0,8222222222222222;0,7962962962962963
2025-10-09 20:56:51.216;p_shape;25240,5;25240,0;0,5;0,0019809825673534074;90,0;60,0;1,5;11;74,0;51,0;25,0;26,0;0,8222222222222222;0,85
2025-10-09 20:56:51.312;p_shape;25240,5;25240,25;0,25;0,0009904814730440467;90,0;65,0;1,3846153846153846;12;74,0;47,0;25,0;26,0;0,8222222222222222;0,7230769230769231
2025-10-09 20:56:51.320;p_shape;25240,75;25240,5;0,25;0,000990471662605733;90,0;66,0;1,3636363636363635;12;74,0;48,0;25,0;26,0;0,8222222222222222;0,7272727272727273
2025-10-09 20:56:51.496;p_shape;25240,25;25240,0;0,25;0,0009904912836767037;90,0;75,0;1,2;12;74,0;60,0;25,0;30,0;0,8222222222222222;0,8
2025-10-09 20:56:51.572;p_shape;25240,5;25240,25;0,25;0,0009904814730440467;90,0;76,0;1,1842105263157894;12;74,0;61,0;25,0;30,0;0,8222222222222222;0,8026315789473685
2025-10-09 20:57:04.308;p_shape;25241,25;25241,0;0,25;0,0009904520423121112;152,0;60,0;2,533333333333333;10;54,0;50,0;22,0;22,0;0,35526315789473684;0,8333333333333334
2025-10-09 20:57:04.396;p_shape;25241,0;25240,75;0,25;0,0009904618523617563;159,0;60,0;2,65;10;54,0;50,0;22,0;22,0;0,33962264150943394;0,8333333333333334
2025-10-09 20:57:07.588;p_shape;25242,25;25241,75;0,5;0,001980845226658215;163,0;67,0;2,4328358208955225;14;56,0;53,0;22,0;25,0;0,34355828220858897;0,7910447761194029
2025-10-09 20:57:07.672;p_shape;25242,25;25242,0;0,25;0,000990412804056731;165,0;67,0;2,462686567164179;14;56,0;54,0;22,0;25,0;0,3393939393939394;0,8059701492537313
2025-10-09 20:57:07.684;p_shape;25242,5;25242,25;0,25;0,0009904029949786568;165,0;81,0;2,037037037037037;15;106,0;70,0;50,0;29,0;0,6424242424242425;0,8641975308641975
2025-10-09 20:57:08.360;p_shape;25242,5;25241,75;0,75;0,002971267839987323;164,0;82,0;2,0;15;90,0;75,0;50,0;30,0;0,5487804878048781;0,9146341463414634
2025-10-09 20:57:08.948;p_shape;25242,0;25241,75;0,25;0,0009904226133291075;151,0;83,0;1,819277108433735;12;99,0;79,0;50,0;30,0;0,6556291390728477;0,9518072289156626
2025-10-09 20:57:25.116;d_shape;25239,25;25239,5;-0,25;-0,0009905109055250699;89,0;57,0;1,5614035087719298;14;67,0;27,0;25,0;7,0;0,7528089887640449;0,47368421052631576
2025-10-09 20:57:26.016;d_shape;25239,25;25239,5;-0,25;-0,0009905109055250699;69,0;56,0;1,2321428571428572;13;69,0;23,0;27,0;5,0;1,0;0,4107142857142857
2025-10-09 20:57:26.564;d_shape;25239,25;25240,0;-0,75;-0,002971473851030111;70,0;166,0;0,42168674698795183;12;59,0;25,0;28,0;11,0;0,8428571428571429;0,15060240963855423
2025-10-09 20:57:27.100;d_shape;25239,25;25239,75;-0,5;-0,0019810021890074186;71,0;168,0;0,4226190476190476;12;60,0;25,0;29,0;11,0;0,8450704225352113;0,1488095238095238
2025-10-09 20:57:27.204;d_shape;25239,0;25239,25;-0,25;-0,0009905207167407906;78,0;167,0;0,46706586826347307;12;67,0;24,0;31,0;11,0;0,8589743589743589;0,1437125748502994
2025-10-09 20:58:01.848;d_shape;25241,0;25241,25;-0,25;-0,000990442232456792;92,0;162,0;0,5679012345679012;14;92,0;64,0;20,0;17,0;1,0;0,3950617283950617
2025-10-09 21:00:04.512;p_shape;25237,75;25237,25;0,5;0,0019811984269284487;23,0;84,0;0,27380952380952384;12;8,0;59,0;2,0;20,0;0,34782608695652173;0,7023809523809523
2025-10-09 21:00:05.792;p_shape;25237,25;25236,75;0,5;0,0019812376791781827;34,0;47,0;0,723404255319149;11;15,0;47,0;4,0;20,0;0,4411764705882353;1,0
2025-10-09 21:00:05.836;p_shape;25237,5;25237,25;0,25;0,0009905992134642244;37,0;47,0;0,7872340425531915;11;15,0;47,0;4,0;20,0;0,40540540540540543;1,0
2025-10-09 21:00:05.860;p_shape;25238,0;25237,5;0,5;0,0019811788013868255;38,0;47,0;0,8085106382978723;12;15,0;47,0;4,0;20,0;0,39473684210526316;1,0
2025-10-09 21:00:05.864;p_shape;25238,25;25238,0;0,25;0,0009905697757350029;39,0;47,0;0,8297872340425532;13;21,0;47,0;6,0;20,0;0,5384615384615384;1,0
2025-10-09 21:00:06.036;p_shape;25239,25;25238,25;1,0;0,0039622398541895735;36,0;56,0;0,6428571428571429;13;33,0;52,0;11,0;20,0;0,9166666666666666;0,9285714285714286
2025-10-09 21:00:06.100;p_shape;25239,25;25239,0;0,25;0,0009905305281508775;36,0;61,0;0,5901639344262295;13;33,0;57,0;11,0;20,0;0,9166666666666666;0,9344262295081968
2025-10-09 21:00:06.420;p_shape;25239,25;25239,0;0,25;0,0009905305281508775;28,0;59,0;0,4745762711864407;12;25,0;45,0;11,0;20,0;0,8928571428571429;0,7627118644067796
2025-10-09 21:04:15.504;d_shape;25244,75;25245,0;-0,25;-0,0009902951079421667;53,0;87,0;0,6091954022988506;11;53,0;67,0;20,0;19,0;1,0;0,7701149425287356
2025-10-09 21:04:15.568;d_shape;25244,25;25244,75;-0,5;-0,0019806098297665852;65,0;91,0;0,7142857142857143;12;65,0;67,0;20,0;19,0;1,0;0,7362637362637363
2025-10-09 21:05:11.480;p_shape;25244,5;25244,25;0,25;0,0009903245293482674;39,0;24,0;1,625;10;12,0;23,0;7,0;22,0;0,3076923076923077;0,9583333333333334
2025-10-09 21:05:12.176;p_shape;25245,0;25244,75;0,25;0,0009903049148832926;47,0;25,0;1,88;10;28,0;24,0;19,0;22,0;0,5957446808510638;0,96
2025-10-09 21:05:12.364;p_shape;25245,25;25244,75;0,5;0,0019806098297665852;48,0;28,0;1,7142857142857142;11;30,0;27,0;19,0;22,0;0,625;0,9642857142857143
2025-10-09 21:09:03.964;p_shape;25250,75;25248,25;2,5;0,009901676353806699;42,0;110,0;0,38181818181818183;19;31,0;98,0;9,0;26,0;0,7380952380952381;0,8909090909090909
2025-10-09 21:10:28.016;d_shape;25250,0;25250,25;-0,25;-0,0009900892070375542;43,0;85,0;0,5058823529411764;10;37,0;35,0;21,0;19,0;0,8604651162790697;0,4117647058823529
2025-10-09 21:11:26.336;p_shape;25250,0;25249,5;0,5;0,001980237232420444;41,0;52,0;0,7884615384615384;14;28,0;38,0;7,0;25,0;0,6829268292682927;0,7307692307692307
2025-10-09 21:11:26.384;p_shape;25250,25;25250,0;0,25;0,0009900990099009901;41,0;54,0;0,7592592592592593;15;32,0;40,0;7,0;25,0;0,7804878048780488;0,7407407407407407
2025-10-09 21:11:26.508;p_shape;25250,25;25250,0;0,25;0,0009900990099009901;41,0;56,0;0,7321428571428571;15;32,0;43,0;7,0;25,0;0,7804878048780488;0,7678571428571429
2025-10-09 21:11:26.752;p_shape;25250,0;25249,75;0,25;0,000990108812958544;43,0;66,0;0,6515151515151515;15;32,0;53,0;7,0;33,0;0,7441860465116279;0,803030303030303
2025-10-09 21:11:27.012;p_shape;25249,5;25249,25;0,25;0,0009901284196560294;49,0;69,0;0,7101449275362319;15;32,0;56,0;7,0;36,0;0,6530612244897959;0,8115942028985508
2025-10-09 21:11:27.384;p_shape;25249,75;25249,5;0,25;0,000990118616210222;51,0;66,0;0,7727272727272727;15;32,0;56,0;7,0;36,0;0,6274509803921569;0,8484848484848485
2025-10-09 21:11:27.688;p_shape;25249,75;25249,5;0,25;0,000990118616210222;53,0;56,0;0,9464285714285714;15;27,0;56,0;5,0;36,0;0,5094339622641509;1,0
2025-10-09 21:11:27.716;p_shape;25250,5;25249,75;0,75;0,0029703264388756326;53,0;57,0;0,9298245614035088;16;27,0;57,0;5,0;36,0;0,5094339622641509;1,0
2025-10-09 21:11:28.712;p_shape;25250,75;25250,25;0,5;0,0019801784140751084;48,0;59,0;0,8135593220338984;17;21,0;59,0;5,0;36,0;0,4375;1,0
2025-10-09 21:11:29.544;p_shape;25250,75;25250,25;0,5;0,0019801784140751084;32,0;60,0;0,5333333333333333;10;27,0;49,0;14,0;36,0;0,84375;0,8166666666666667
2025-10-09 21:12:00.452;p_shape;25255,25;25254,75;0,5;0,0019798255773666343;115,0;58,0;1,9827586206896552;17;41,0;51,0;15,0;22,0;0,3565217391304348;0,8793103448275862
2025-10-09 21:12:00.616;p_shape;25254,75;25254,5;0,25;0,0009899225880536141;118,0;64,0;1,84375;15;51,0;57,0;15,0;22,0;0,4322033898305085;0,890625
2025-10-09 21:12:01.308;p_shape;25254,75;25254,5;0,25;0,0009899225880536141;117,0;72,0;1,625;13;57,0;67,0;15,0;31,0;0,48717948717948717;0,9305555555555556
2025-10-09 21:12:01.900;p_shape;25254,75;25254,25;0,5;0,0019798647752358517;119,0;73,0;1,63013698630137;13;57,0;71,0;15,0;32,0;0,4789915966386555;0,9726027397260274
2025-10-09 21:12:02.104;p_shape;25254,5;25254,25;0,25;0,0009899323876179258;121,0;71,0;1,704225352112676;13;57,0;71,0;15,0;32,0;0,47107438016528924;1,0
2025-10-09 21:12:02.416;p_shape;25254,5;25254,25;0,25;0,0009899323876179258;124,0;71,0;1,7464788732394365;13;57,0;71,0;15,0;32,0;0,4596774193548387;1,0
2025-10-09 21:12:02.952;p_shape;25254,75;25254,5;0,25;0,0009899225880536141;125,0;72,0;1,7361111111111112;13;57,0;72,0;15,0;33,0;0,456;1,0
2025-10-09 21:12:21.156;p_shape;25258,0;25257,75;0,25;0,0009897952113707674;64,0;100,0;0,64;13;33,0;77,0;23,0;21,0;0,515625;0,77
2025-10-09 21:12:26.688;p_shape;25260,0;25259,5;0,5;0,0019794532750054437;106,0;78,0;1,358974358974359;14;55,0;56,0;38,0;20,0;0,5188679245283019;0,717948717948718
2025-10-09 21:12:27.784;p_shape;25260,25;25259,5;0,75;0,002969179912508165;149,0;75,0;1,9866666666666666;12;58,0;56,0;38,0;20,0;0,38926174496644295;0,7466666666666667
2025-10-09 21:12:27.836;p_shape;25260,5;25259,5;1,0;0,003958906550010887;150,0;76,0;1,9736842105263157;12;58,0;59,0;38,0;20,0;0,38666666666666666;0,7763157894736842
2025-10-09 21:12:28.028;p_shape;25260,25;25260,0;0,25;0,0009897070467141727;156,0;76,0;2,0526315789473686;12;58,0;60,0;38,0;20,0;0,3717948717948718;0,7894736842105263
2025-10-09 21:12:28.188;p_shape;25260,0;25259,5;0,5;0,0019794532750054437;156,0;84,0;1,8571428571428572;12;58,0;68,0;38,0;22,0;0,3717948717948718;0,8095238095238095
2025-10-09 21:12:28.320;p_shape;25260,25;25260,0;0,25;0,0009897070467141727;156,0;77,0;2,0259740259740258;12;58,0;69,0;38,0;22,0;0,3717948717948718;0,8961038961038961
2025-10-09 21:12:28.448;p_shape;25260,0;25259,75;0,25;0,0009897168420115005;156,0;78,0;2,0;12;58,0;76,0;38,0;27,0;0,3717948717948718;0,9743589743589743
2025-10-09 21:15:15.464;d_shape;25246,75;25247,0;-0,25;-0,0009902166594050778;32,0;66,0;0,48484848484848486;14;32,0;22,0;20,0;5,0;1,0;0,3333333333333333
2025-10-09 21:15:18.128;d_shape;25246,25;25247,25;-1,0;-0,00396082741684738;35,0;71,0;0,49295774647887325;10;35,0;38,0;20,0;20,0;1,0;0,5352112676056338
2025-10-09 21:15:18.428;d_shape;25246,5;25246,75;-0,25;-0,000990226464792498;37,0;71,0;0,5211267605633803;10;37,0;38,0;21,0;20,0;1,0;0,5352112676056338
2025-10-09 21:15:26.224;d_shape;25240,5;25240,75;-0,25;-0,0009904618523617563;119,0;132,0;0,9015151515151515;30;114,0;89,0;23,0;11,0;0,957983193277311;0,6742424242424242
2025-10-09 21:15:26.256;d_shape;25240,5;25240,75;-0,25;-0,0009904618523617563;128,0;132,0;0,9696969696969697;30;123,0;89,0;24,0;11,0;0,9609375;0,6742424242424242
2025-10-09 21:15:26.340;d_shape;25240,5;25240,75;-0,25;-0,0009904618523617563;134,0;132,0;1,0151515151515151;30;129,0;89,0;28,0;11,0;0,9626865671641791;0,6742424242424242
2025-10-09 21:15:26.360;d_shape;25240,25;25240,75;-0,5;-0,0019809237047235125;139,0;132,0;1,053030303030303;30;134,0;89,0;28,0;11,0;0,9640287769784173;0,6742424242424242
2025-10-09 21:15:26.368;d_shape;25240,0;25240,25;-0,25;-0,0009904814730440467;145,0;132,0;1,0984848484848484;30;140,0;89,0;28,0;11,0;0,9655172413793104;0,6742424242424242
2025-10-09 21:15:26.636;d_shape;25241,25;25241,75;-0,5;-0,001980845226658215;190,0;157,0;1,2101910828025477;30;185,0;89,0;32,0;11,0;0,9736842105263158;0,5668789808917197
2025-10-09 21:15:26.640;d_shape;25241,0;25241,25;-0,25;-0,000990442232456792;191,0;157,0;1,21656050955414;30;186,0;89,0;32,0;11,0;0,9738219895287958;0,5668789808917197
2025-10-09 21:15:26.648;d_shape;25240,75;25241,0;-0,25;-0,0009904520423121112;192,0;157,0;1,2229299363057324;30;187,0;89,0;32,0;11,0;0,9739583333333334;0,5668789808917197
2025-10-09 21:15:26.696;d_shape;25241,25;25241,5;-0,25;-0,0009904324227957926;199,0;157,0;1,267515923566879;30;194,0;89,0;32,0;11,0;0,9748743718592965;0,5668789808917197
2025-10-09 21:15:26.720;d_shape;25240,5;25241,25;-0,75;-0,002971326697370376;200,0;157,0;1,2738853503184713;30;195,0;89,0;33,0;11,0;0,975;0,5668789808917197
2025-10-09 21:15:26.840;d_shape;25241,0;25241,25;-0,25;-0,000990442232456792;237,0;157,0;1,5095541401273886;30;232,0;89,0;41,0;11,0;0,9789029535864979;0,5668789808917197
2025-10-09 21:15:28.600;p_shape;25246,25;25245,75;0,5;0,0019805313765683336;378,0;203,0;1,8620689655172413;29;239,0;150,0;41,0;21,0;0,6322751322751323;0,7389162561576355
2025-10-09 21:15:28.708;p_shape;25245,25;25244,75;0,5;0,0019806098297665852;378,0;229,0;1,6506550218340612;29;239,0;176,0;41,0;25,0;0,6322751322751323;0,7685589519650655
2025-10-09 21:15:34.176;p_shape;25243,5;25243,25;0,25;0,000990363760609272;86,0;122,0;0,7049180327868853;15;61,0;119,0;16,0;33,0;0,7093023255813954;0,9754098360655737
2025-10-09 21:15:34.288;p_shape;25244,0;25243,5;0,5;0,001980707905005249;93,0;119,0;0,7815126050420168;15;61,0;116,0;16,0;33,0;0,6559139784946236;0,9747899159663865
2025-10-09 21:15:34.528;p_shape;25245,0;25243,5;1,5;0,005942123715015747;96,0;113,0;0,8495575221238938;16;59,0;104,0;15,0;33,0;0,6145833333333334;0,9203539823008849
2025-10-09 21:15:34.532;p_shape;25245,25;25245,0;0,25;0,0009902951079421667;99,0;113,0;0,8761061946902655;17;68,0;104,0;15,0;33,0;0,6868686868686869;0,9203539823008849
2025-10-09 21:15:34.640;p_shape;25245,25;25244,75;0,5;0,0019806098297665852;101,0;93,0;1,086021505376344;18;68,0;77,0;15,0;25,0;0,6732673267326733;0,8279569892473119
2025-10-09 21:15:34.776;p_shape;25245,75;25245,0;0,75;0,0029708853238265003;103,0;87,0;1,1839080459770115;19;77,0;71,0;15,0;22,0;0,7475728155339806;0,8160919540229885
2025-10-09 21:15:37.976;p_shape;25250,25;25249,0;1,25;0,004950691116479861;250,0;35,0;7,142857142857143;37;99,0;26,0;13,0;21,0;0,396;0,7428571428571429
2025-10-09 21:15:37.988;p_shape;25250,25;25249,75;0,5;0,001980217625917088;243,0;36,0;6,75;37;91,0;28,0;13,0;21,0;0,37448559670781895;0,7777777777777778
2025-10-09 21:15:38.000;p_shape;25249,75;25249,5;0,25;0,000990118616210222;245,0;41,0;5,975609756097561;37;89,0;33,0;13,0;26,0;0,363265306122449;0,8048780487804879
2025-10-09 21:15:38.044;p_shape;25249,75;25249,5;0,25;0,000990118616210222;242,0;55,0;4,4;37;86,0;47,0;13,0;26,0;0,35537190082644626;0,8545454545454545
2025-10-09 21:15:38.356;p_shape;25249,0;25248,5;0,5;0,0019803156623165734;230,0;63,0;3,6507936507936507;34;82,0;54,0;13,0;26,0;0,3565217391304348;0,8571428571428571
2025-10-09 21:15:45.716;d_shape;25240,75;25241,25;-0,5;-0,001980884464913584;82,0;64,0;1,28125;20;81,0;21,0;20,0;5,0;0,9878048780487805;0,328125
2025-10-09 21:15:45.720;d_shape;25240,5;25240,75;-0,25;-0,0009904618523617563;84,0;64,0;1,3125;20;83,0;21,0;20,0;5,0;0,9880952380952381;0,328125
2025-10-09 21:16:00.904;d_shape;25242,0;25242,25;-0,25;-0,0009904029949786568;47,0;149,0;0,31543624161073824;16;37,0;117,0;21,0;61,0;0,7872340425531915;0,785234899328859
2025-10-09 21:16:01.776;d_shape;25242,75;25243,25;-0,5;-0,001980727521218544;45,0;137,0;0,3284671532846715;16;40,0;99,0;21,0;60,0;0,8888888888888888;0,7226277372262774
2025-10-09 21:16:05.192;d_shape;25242,75;25243,0;-0,25;-0,000990373568910193;55,0;61,0;0,9016393442622951;14;54,0;21,0;21,0;6,0;0,9818181818181818;0,3442622950819672
2025-10-09 21:16:05.276;d_shape;25242,5;25242,75;-0,25;-0,0009903833774053935;55,0;58,0;0,9482758620689655;13;54,0;25,0;21,0;8,0;0,9818181818181818;0,43103448275862066
2025-10-09 21:16:05.280;d_shape;25242,25;25242,5;-0,25;-0,0009903931860948797;57,0;58,0;0,9827586206896551;13;56,0;25,0;23,0;8,0;0,9824561403508771;0,43103448275862066
2025-10-09 21:17:48.800;d_shape;25247,25;25247,5;-0,25;-0,0009901970492127933;71,0;308,0;0,2305194805194805;24;61,0;107,0;20,0;25,0;0,8591549295774648;0,3474025974025974
2025-10-09 21:17:48.860;d_shape;25247,25;25247,75;-0,5;-0,001980374488815835;75,0;310,0;0,24193548387096775;24;65,0;105,0;24,0;25,0;0,8666666666666667;0,3387096774193548
2025-10-09 21:17:49.044;d_shape;25247,25;25247,5;-0,25;-0,0009901970492127933;84,0;312,0;0,2692307692307692;24;74,0;105,0;33,0;25,0;0,8809523809523809;0,33653846153846156
2025-10-09 21:17:49.244;d_shape;25247,0;25247,25;-0,25;-0,000990206854211845;91,0;312,0;0,2916666666666667;24;81,0;105,0;33,0;25,0;0,8901098901098901;0,33653846153846156
2025-10-09 21:17:49.312;d_shape;25247,0;25247,25;-0,25;-0,000990206854211845;99,0;311,0;0,3183279742765273;24;89,0;104,0;37,0;25,0;0,898989898989899;0,33440514469453375
2025-10-09 21:17:49.336;d_shape;25246,75;25247,0;-0,25;-0,0009902166594050778;106,0;311,0;0,3408360128617363;24;96,0;104,0;37,0;25,0;0,9056603773584906;0,33440514469453375
2025-10-09 21:17:49.380;d_shape;25246,5;25246,75;-0,25;-0,000990226464792498;118,0;311,0;0,37942122186495175;24;108,0;104,0;37,0;25,0;0,9152542372881356;0,33440514469453375
2025-10-09 21:17:49.404;d_shape;25246,25;25246,5;-0,25;-0,0009902362703741114;119,0;310,0;0,38387096774193546;24;109,0;103,0;37,0;25,0;0,9159663865546218;0,33225806451612905
2025-10-09 21:17:53.392;p_shape;25249,75;25249,5;0,25;0,000990118616210222;115,0;196,0;0,5867346938775511;17;92,0;173,0;27,0;46,0;0,8;0,8826530612244898
2025-10-09 21:17:53.444;p_shape;25250,0;25249,75;0,25;0,000990108812958544;115,0;151,0;0,7615894039735099;16;76,0;128,0;27,0;42,0;0,6608695652173913;0,847682119205298
2025-10-09 21:17:53.460;p_shape;25250,0;25249,75;0,25;0,000990108812958544;116,0;95,0;1,2210526315789474;16;76,0;72,0;27,0;25,0;0,6551724137931034;0,7578947368421053
2025-10-09 21:18:37.068;p_shape;25259,0;25258,75;0,25;0,000989756025139803;25,0;104,0;0,2403846153846154;13;23,0;103,0;7,0;22,0;0,92;0,9903846153846154
2025-10-09 21:18:41.300;p_shape;25258,5;25258,25;0,25;0,0009897756178674296;38,0;53,0;0,7169811320754716;10;34,0;52,0;12,0;26,0;0,8947368421052632;0,9811320754716981
2025-10-09 21:20:18.720;p_shape;25259,25;25259,0;0,25;0,0009897462290668672;25,0;38,0;0,6578947368421053;10;20,0;35,0;7,0;20,0;0,8;0,9210526315789473
2025-10-09 21:23:18.360;p_shape;25264,75;25264,0;0,75;0,0029686510449651675;21,0;77,0;0,2727272727272727;13;16,0;56,0;5,0;29,0;0,7619047619047619;0,7272727272727273
2025-10-09 21:23:19.380;p_shape;25265,0;25264,5;0,5;0,0019790615290229373;22,0;80,0;0,275;13;16,0;73,0;5,0;37,0;0,7272727272727273;0,9125
2025-10-09 21:23:20.008;p_shape;25264,75;25264,5;0,25;0,0009895307645114686;22,0;84,0;0,2619047619047619;13;16,0;80,0;5,0;37,0;0,7272727272727273;0,9523809523809523
2025-10-09 21:23:20.348;p_shape;25264,75;25264,5;0,25;0,0009895307645114686;22,0;87,0;0,25287356321839083;13;16,0;83,0;5,0;37,0;0,7272727272727273;0,9540229885057471
2025-10-09 21:25:40.740;d_shape;25265,25;25265,5;-0,25;-0,0009894915992163227;34,0;62,0;0,5483870967741935;15;32,0;42,0;25,0;20,0;0,9411764705882353;0,6774193548387096
2025-10-09 21:25:41.268;d_shape;25265,25;25265,5;-0,25;-0,0009894915992163227;33,0;63,0;0,5238095238095238;15;32,0;37,0;25,0;15,0;0,9696969696969697;0,5873015873015873
2025-10-09 21:25:41.844;d_shape;25265,25;25265,5;-0,25;-0,0009894915992163227;33,0;67,0;0,4925373134328358;15;32,0;35,0;25,0;15,0;0,9696969696969697;0,5223880597014925
2025-10-09 21:25:42.236;d_shape;25265,0;25265,25;-0,25;-0,0009895013902494532;36,0;61,0;0,5901639344262295;15;35,0;27,0;25,0;7,0;0,9722222222222222;0,4426229508196721
2025-10-09 21:25:42.968;d_shape;25265,25;25265,5;-0,25;-0,0009894915992163227;56,0;54,0;1,037037037037037;12;55,0;15,0;42,0;4,0;0,9821428571428571;0,2777777777777778
2025-10-09 21:25:43.660;d_shape;25265,5;25265,75;-0,25;-0,000989481808376953;63,0;51,0;1,2352941176470589;11;62,0;17,0;42,0;5,0;0,9841269841269841;0,3333333333333333
2025-10-09 21:25:53.276;p_shape;25268,25;25268,0;0,25;0,0009893936995409214;10,0;50,0;0,2;10;8,0;39,0;3,0;23,0;0,8;0,78
2025-10-09 21:25:53.956;p_shape;25268,0;25267,75;0,25;0,000989403488636701;12,0;51,0;0,23529411764705882;10;8,0;40,0;3,0;23,0;0,6666666666666666;0,7843137254901961
2025-10-09 21:25:55.476;p_shape;25268,75;25268,5;0,25;0,0009893741219304667;9,0;63,0;0,14285714285714285;10;5,0;46,0;2,0;23,0;0,5555555555555556;0,7301587301587301
2025-10-09 21:25:55.484;p_shape;25269,0;25268,75;0,25;0,0009893643334157804;9,0;79,0;0,11392405063291139;11;8,0;62,0;3,0;23,0;0,8888888888888888;0,7848101265822784
2025-10-09 21:35:43.532;d_shape;25265,0;25265,5;-0,5;-0,0019789831984326454;38,0;122,0;0,3114754098360656;16;32,0;72,0;27,0;19,0;0,8421052631578947;0,5901639344262295
2025-10-09 21:35:43.536;d_shape;25264,75;25265,0;-0,25;-0,0009895111814763506;53,0;122,0;0,4344262295081967;17;47,0;74,0;27,0;19,0;0,8867924528301887;0,6065573770491803
2025-10-09 21:35:43.596;d_shape;25264,5;25265,0;-0,5;-0,0019790223629527013;53,0;122,0;0,4344262295081967;18;53,0;74,0;29,0;19,0;1,0;0,6065573770491803
2025-10-09 21:35:44.588;d_shape;25265,5;25266,0;-0,5;-0,0019789440354626773;61,0;121,0;0,5041322314049587;18;61,0;71,0;30,0;19,0;1,0;0,5867768595041323
2025-10-09 21:38:01.940;p_shape;25276,75;25273,25;3,5;0,013848634425726807;137,0;127,0;1,078740157480315;27;131,0;107,0;23,0;24,0;0,9562043795620438;0,84251968503937
2025-10-09 21:38:02.140;p_shape;25276,25;25274,0;2,25;0,008902429374060298;161,0;226,0;0,7123893805309734;26;142,0;206,0;23,0;35,0;0,8819875776397516;0,911504424778761
2025-10-09 21:38:02.884;p_shape;25275,25;25274,75;0,5;0,0019782589343119122;155,0;257,0;0,603112840466926;25;149,0;243,0;23,0;44,0;0,9612903225806452;0,9455252918287937
2025-10-09 21:38:05.788;d_shape;25273,0;25273,5;-0,5;-0,0019783567768611393;134,0;318,0;0,42138364779874216;21;134,0;265,0;30,0;50,0;1,0;0,8333333333333334
2025-10-09 21:38:05.812;d_shape;25273,0;25273,25;-0,25;-0,0009891881732662004;142,0;319,0;0,445141065830721;21;142,0;265,0;38,0;50,0;1,0;0,8307210031347962
2025-10-09 21:38:06.388;d_shape;25272,75;25273,25;-0,5;-0,001978376346532401;82,0;319,0;0,25705329153605017;17;82,0;165,0;21,0;47,0;1,0;0,5172413793103449
2025-10-09 21:38:32.796;p_shape;25277,75;25277,5;0,25;0,000989021857383048;42,0;80,0;0,525;10;21,0;61,0;18,0;21,0;0,5;0,7625
2025-10-09 21:38:32.820;p_shape;25278,0;25277,75;0,25;0,000989012075837446;46,0;85,0;0,5411764705882353;11;21,0;71,0;18,0;21,0;0,45652173913043476;0,8352941176470589
2025-10-09 21:38:32.840;p_shape;25277,75;25277,5;0,25;0,000989021857383048;47,0;93,0;0,5053763440860215;11;21,0;79,0;18,0;21,0;0,44680851063829785;0,8494623655913979
2025-10-09 21:38:33.032;p_shape;25277,75;25277,5;0,25;0,000989021857383048;45,0;97,0;0,4639175257731959;10;19,0;72,0;18,0;24,0;0,4222222222222222;0,7422680412371134
2025-10-09 21:38:33.416;p_shape;25278,25;25277,5;0,75;0,0029670655721491445;45,0;117,0;0,38461538461538464;10;22,0;85,0;18,0;26,0;0,4888888888888889;0,7264957264957265
2025-10-09 21:38:33.568;p_shape;25278,0;25277,75;0,25;0,000989012075837446;45,0;122,0;0,36885245901639346;10;22,0;90,0;18,0;26,0;0,4888888888888889;0,7377049180327869
2025-10-09 21:38:34.408;p_shape;25277,75;25277,5;0,25;0,000989021857383048;55,0;130,0;0,4230769230769231;10;13,0;104,0;9,0;34,0;0,23636363636363636;0,8
2025-10-09 21:38:34.416;p_shape;25278,0;25277,75;0,25;0,000989012075837446;55,0;132,0;0,4166666666666667;10;13,0;106,0;9,0;34,0;0,23636363636363636;0,803030303030303
2025-10-09 21:38:34.464;p_shape;25278,0;25277,75;0,25;0,000989012075837446;55,0;136,0;0,40441176470588236;10;13,0;110,0;9,0;34,0;0,23636363636363636;0,8088235294117647
2025-10-09 21:38:54.264;d_shape;25279,5;25280,0;-0,5;-0,001977848101265823;135,0;142,0;0,9507042253521126;19;96,0;112,0;29,0;18,0;0,7111111111111111;0,7887323943661971
2025-10-09 21:41:12.984;d_shape;25269,0;25269,25;-0,25;-0,0009893447569674606;36,0;77,0;0,4675324675324675;10;30,0;24,0;23,0;12,0;0,8333333333333334;0,3116883116883117
2025-10-09 21:44:13.436;p_shape;25275,0;25274,75;0,25;0,0009891294671559561;27,0;71,0;0,38028169014084506;11;17,0;55,0;6,0;30,0;0,6296296296296297;0,7746478873239436
2025-10-09 21:44:13.440;p_shape;25275,25;25275,0;0,25;0,0009891196834817012;27,0;74,0;0,36486486486486486;12;17,0;52,0;6,0;30,0;0,6296296296296297;0,7027027027027027
2025-10-09 21:44:13.452;p_shape;25275,25;25275,0;0,25;0,0009891196834817012;27,0;77,0;0,35064935064935066;12;17,0;55,0;6,0;32,0;0,6296296296296297;0,7142857142857143
2025-10-09 21:44:13.576;p_shape;25274,75;25274,5;0,25;0,0009891392510237593;28,0;89,0;0,3146067415730337;12;17,0;67,0;6,0;35,0;0,6071428571428571;0,7528089887640449
2025-10-09 21:44:13.896;p_shape;25274,75;25274,5;0,25;0,0009891392510237593;29,0;93,0;0,3118279569892473;12;17,0;71,0;6,0;35,0;0,5862068965517241;0,7634408602150538
2025-10-09 21:44:14.332;p_shape;25274,75;25274,5;0,25;0,0009891392510237593;41,0;97,0;0,422680412371134;12;17,0;75,0;6,0;36,0;0,4146341463414634;0,7731958762886598
2025-10-09 21:44:15.224;p_shape;25275,0;25274,75;0,25;0,0009891294671559561;39,0;97,0;0,4020618556701031;11;21,0;78,0;6,0;37,0;0,5384615384615384;0,8041237113402062
2025-10-09 21:45:14.516;d_shape;25270,25;25271,25;-1,0;-0,0039570658356828416;37,0;122,0;0,30327868852459017;11;37,0;75,0;21,0;36,0;1,0;0,6147540983606558
2025-10-09 21:45:14.564;d_shape;25270,0;25270,75;-0,75;-0,002967858096811531;40,0;125,0;0,32;11;37,0;77,0;21,0;36,0;0,925;0,616
2025-10-09 21:45:14.676;d_shape;25270,25;25270,75;-0,5;-0,001978572064541021;41,0;136,0;0,3014705882352941;11;38,0;77,0;21,0;36,0;0,926829268292683;0,5661764705882353
2025-10-09 21:45:40.828;p_shape;25274,0;25273,0;1,0;0,003956791833181657;146,0;72,0;2,0277777777777777;13;80,0;60,0;31,0;24,0;0,547945205479452;0,8333333333333334
2025-10-09 21:45:46.276;p_shape;25275,25;25271,5;3,75;0,014838850088043845;54,0;153,0;0,35294117647058826;17;54,0;118,0;10,0;42,0;1,0;0,7712418300653595
2025-10-09 21:46:44.668;p_shape;25275,0;25274,75;0,25;0,0009891294671559561;35,0;48,0;0,7291666666666666;11;25,0;47,0;8,0;20,0;0,7142857142857143;0,9791666666666666
2025-10-09 21:46:45.496;p_shape;25275,25;25275,0;0,25;0,0009891196834817012;29,0;48,0;0,6041666666666666;10;18,0;35,0;7,0;20,0;0,6206896551724138;0,7291666666666666
2025-10-09 21:49:01.012;p_shape;25277,75;25277,5;0,25;0,000989021857383048;50,0;53,0;0,9433962264150944;10;14,0;44,0;11,0;27,0;0,28;0,8301886792452831
2025-10-09 21:49:01.232;p_shape;25278,0;25277,75;0,25;0,000989012075837446;59,0;53,0;1,1132075471698113;11;20,0;44,0;11,0;27,0;0,3389830508474576;0,8301886792452831
2025-10-09 21:50:00.160;p_shape;25287,5;25287,0;0,5;0,0019773005892355757;380,0;232,0;1,6379310344827587;62;218,0;169,0;26,0;30,0;0,5736842105263158;0,728448275862069
2025-10-09 21:50:00.164;p_shape;25287,75;25287,5;0,25;0,0009886307464162135;380,0;233,0;1,6309012875536482;62;218,0;170,0;26,0;30,0;0,5736842105263158;0,7296137339055794
2025-10-09 21:50:00.176;p_shape;25288,0;25287,25;0,75;0,00296592156126111;380,0;236,0;1,6101694915254237;62;218,0;173,0;26,0;30,0;0,5736842105263158;0,7330508474576272
2025-10-09 21:50:00.196;p_shape;25288,0;25287,75;0,25;0,0009886209726053129;380,0;244,0;1,5573770491803278;62;218,0;181,0;26,0;30,0;0,5736842105263158;0,7418032786885246
2025-10-09 21:50:00.200;p_shape;25288,25;25288,0;0,25;0,0009886111989876622;380,0;255,0;1,4901960784313726;62;218,0;192,0;26,0;31,0;0,5736842105263158;0,7529411764705882
2025-10-09 21:50:00.208;p_shape;25287,75;25287,25;0,5;0,00197728104084074;380,0;264,0;1,4393939393939394;62;218,0;201,0;26,0;34,0;0,5736842105263158;0,7613636363636364
2025-10-09 21:50:00.220;p_shape;25288,25;25287,75;0,5;0,0019772419452106257;380,0;266,0;1,4285714285714286;62;218,0;203,0;26,0;34,0;0,5736842105263158;0,7631578947368421
2025-10-09 21:50:00.252;p_shape;25287,5;25287,0;0,5;0,0019773005892355757;380,0;271,0;1,4022140221402215;62;218,0;208,0;26,0;34,0;0,5736842105263158;0,7675276752767528
2025-10-09 21:50:00.324;p_shape;25286,75;25286,5;0,25;0,0009886698435924307;380,0;297,0;1,2794612794612794;62;218,0;234,0;26,0;36,0;0,5736842105263158;0,7878787878787878
2025-10-09 21:50:00.344;p_shape;25287,0;25286,25;0,75;0,0029660388551090017;380,0;306,0;1,2418300653594772;62;218,0;243,0;26,0;36,0;0,5736842105263158;0,7941176470588235
2025-10-09 21:50:00.348;p_shape;25287,25;25287,0;0,25;0,0009886502946177878;380,0;308,0;1,2337662337662338;62;218,0;245,0;26,0;36,0;0,5736842105263158;0,7954545454545454
2025-10-09 21:50:00.352;p_shape;25287,5;25287,25;0,25;0,00098864052042037;380,0;311,0;1,2218649517684887;62;218,0;248,0;26,0;36,0;0,5736842105263158;0,797427652733119
2025-10-09 21:50:00.372;p_shape;25287,75;25286,75;1,0;0,003954640276033891;380,0;318,0;1,1949685534591195;62;218,0;255,0;26,0;36,0;0,5736842105263158;0,8018867924528302
2025-10-09 21:50:00.380;p_shape;25287,75;25287,0;0,75;0,0029659508838533635;380,0;321,0;1,1838006230529594;62;218,0;258,0;26,0;36,0;0,5736842105263158;0,8037383177570093
2025-10-09 21:50:00.388;p_shape;25288,25;25287,75;0,5;0,0019772419452106257;380,0;322,0;1,1801242236024845;62;218,0;259,0;26,0;36,0;0,5736842105263158;0,8043478260869565
2025-10-09 21:50:00.432;p_shape;25287,75;25287,25;0,5;0,00197728104084074;380,0;337,0;1,1275964391691395;62;218,0;274,0;26,0;37,0;0,5736842105263158;0,8130563798219584
2025-10-09 21:50:00.480;p_shape;25285,75;25285,5;0,25;0,0009887089438611063;380,0;351,0;1,0826210826210827;62;218,0;288,0;26,0;37,0;0,5736842105263158;0,8205128205128205
2025-10-09 21:50:00.512;p_shape;25286,25;25285,75;0,5;0,0019773983370079983;380,0;354,0;1,073446327683616;62;218,0;291,0;26,0;37,0;0,5736842105263158;0,8220338983050848
2025-10-09 21:50:00.536;p_shape;25286,75;25286,25;0,5;0,0019773592367393344;380,0;355,0;1,0704225352112675;62;218,0;292,0;26,0;37,0;0,5736842105263158;0,8225352112676056
2025-10-09 21:50:00.612;p_shape;25286,25;25285,5;0,75;0,0029661268315833186;380,0;369,0;1,029810298102981;62;218,0;306,0;26,0;37,0;0,5736842105263158;0,8292682926829268
2025-10-09 21:50:00.632;p_shape;25286,5;25285,5;1,0;0,003954835775444425;380,0;372,0;1,021505376344086;62;218,0;309,0;26,0;37,0;0,5736842105263158;0,8306451612903226
2025-10-09 21:50:00.680;p_shape;25285,5;25285,25;0,25;0,0009887187194115145;387,0;378,0;1,0238095238095237;62;218,0;315,0;26,0;37,0;0,5633074935400517;0,8333333333333334
2025-10-09 21:50:00.716;p_shape;25286,0;25285,25;0,75;0,0029661561582345437;388,0;380,0;1,0210526315789474;62;215,0;328,0;26,0;37,0;0,5541237113402062;0,8631578947368421
2025-10-09 21:50:00.772;p_shape;25286,0;25285,75;0,25;0,0009886991685039992;388,0;380,0;1,0210526315789474;62;215,0;333,0;26,0;37,0;0,5541237113402062;0,8763157894736842
2025-10-09 21:50:00.788;p_shape;25286,25;25286,0;0,25;0,0009886893933401882;388,0;386,0;1,005181347150259;62;215,0;339,0;26,0;37,0;0,5541237113402062;0,8782383419689119
2025-10-09 21:50:00.804;p_shape;25285,75;25285,25;0,5;0,001977437438823029;389,0;394,0;0,9873096446700508;62;215,0;347,0;26,0;37,0;0,5526992287917738;0,8807106598984772
2025-10-09 21:50:00.852;p_shape;25285,75;25285,5;0,25;0,0009887089438611063;389,0;403,0;0,9652605459057072;62;215,0;356,0;26,0;37,0;0,5526992287917738;0,8833746898263027
2025-10-09 21:50:00.892;p_shape;25286,0;25285,75;0,25;0,0009886991685039992;389,0;405,0;0,9604938271604938;62;215,0;358,0;26,0;37,0;0,5526992287917738;0,8839506172839506
2025-10-09 21:50:01.100;p_shape;25285,75;25285,25;0,5;0,001977437438823029;388,0;424,0;0,9150943396226415;62;214,0;378,0;26,0;37,0;0,5515463917525774;0,8915094339622641
2025-10-09 21:50:01.128;p_shape;25285,75;25285,5;0,25;0,0009887089438611063;388,0;429,0;0,9044289044289044;62;214,0;383,0;26,0;37,0;0,5515463917525774;0,8927738927738927
2025-10-09 21:50:01.220;p_shape;25285,75;25285,5;0,25;0,0009887089438611063;387,0;433,0;0,8937644341801386;62;213,0;387,0;26,0;38,0;0,5503875968992248;0,8937644341801386
2025-10-09 21:50:01.368;p_shape;25285,5;25285,25;0,25;0,0009887187194115145;387,0;441,0;0,8775510204081632;62;213,0;396,0;26,0;38,0;0,5503875968992248;0,8979591836734694
2025-10-09 21:50:01.416;p_shape;25285,75;25285,5;0,25;0,0009887089438611063;387,0;443,0;0,873589164785553;62;213,0;398,0;26,0;39,0;0,5503875968992248;0,8984198645598194
2025-10-09 21:50:03.072;p_shape;25285,75;25284,0;1,75;0,0069213732004429675;466,0;479,0;0,9728601252609603;62;209,0;447,0;26,0;40,0;0,44849785407725323;0,9331941544885177
2025-10-09 21:50:03.244;p_shape;25285,5;25285,25;0,25;0,0009887187194115145;466,0;482,0;0,966804979253112;62;209,0;450,0;26,0;40,0;0,44849785407725323;0,9336099585062241
2025-10-09 21:50:04.532;p_shape;25285,5;25284,75;0,75;0,0029662148132767775;498,0;478,0;1,0418410041841004;62;202,0;471,0;26,0;41,0;0,40562248995983935;0,9853556485355649
2025-10-09 21:50:04.604;p_shape;25285,5;25285,0;0,5;0,0019774569903104606;498,0;484,0;1,0289256198347108;62;202,0;477,0;26,0;43,0;0,40562248995983935;0,9855371900826446
2025-10-09 21:50:05.104;d_shape;25283,5;25283,75;-0,25;-0,0009887773767736194;151,0;409,0;0,3691931540342298;26;151,0;209,0;42,0;27,0;1,0;0,511002444987775
2025-10-09 21:50:05.124;d_shape;25283,25;25283,5;-0,25;-0,0009887871536772995;150,0;382,0;0,39267015706806285;26;150,0;182,0;42,0;27,0;1,0;0,47643979057591623
2025-10-09 21:50:06.624;d_shape;25283,5;25283,75;-0,25;-0,0009887773767736194;132,0;121,0;1,0909090909090908;12;107,0;93,0;40,0;32,0;0,8106060606060606;0,768595041322314
2025-10-09 21:50:06.632;d_shape;25283,0;25283,5;-0,5;-0,001977574307354599;131,0;121,0;1,0826446280991735;12;106,0;93,0;40,0;32,0;0,8091603053435115;0,768595041322314
2025-10-09 21:50:06.716;d_shape;25283,5;25283,75;-0,25;-0,0009887773767736194;122,0;124,0;0,9838709677419355;12;97,0;93,0;34,0;32,0;0,7950819672131147;0,75
2025-10-09 21:50:07.276;d_shape;25283,5;25284,0;-0,5;-0,0019775352001265623;110,0;115,0;0,9565217391304348;12;85,0;86,0;32,0;29,0;0,7727272727272727;0,7478260869565218
2025-10-09 21:50:07.280;d_shape;25283,25;25283,5;-0,25;-0,0009887871536772995;110,0;119,0;0,9243697478991597;12;85,0;86,0;32,0;29,0;0,7727272727272727;0,7226890756302521
2025-10-09 21:50:07.284;d_shape;25283,0;25283,25;-0,25;-0,0009887969307743269;110,0;121,0;0,9090909090909091;12;85,0;86,0;32,0;29,0;0,7727272727272727;0,7107438016528925
2025-10-09 21:50:07.336;d_shape;25283,0;25283,25;-0,25;-0,0009887969307743269;110,0;123,0;0,8943089430894309;12;85,0;86,0;32,0;29,0;0,7727272727272727;0,6991869918699187
2025-10-09 21:50:07.340;d_shape;25282,75;25283,0;-0,25;-0,0009888067080647074;110,0;124,0;0,8870967741935484;13;85,0;97,0;32,0;29,0;0,7727272727272727;0,782258064516129
2025-10-09 21:50:07.700;d_shape;25283,0;25283,75;-0,75;-0,002966332130320858;101,0;117,0;0,8632478632478633;13;76,0;79,0;25,0;21,0;0,7524752475247525;0,6752136752136753
2025-10-09 21:50:18.076;d_shape;25280,75;25281,25;-0,5;-0,0019777503090234855;46,0;32,0;1,4375;10;46,0;22,0;24,0;10,0;1,0;0,6875
2025-10-09 21:50:29.860;p_shape;25282,25;25282,0;0,25;0,0009888458191598766;42,0;56,0;0,75;12;28,0;51,0;10,0;20,0;0,6666666666666666;0,9107142857142857
2025-10-09 21:50:30.032;p_shape;25282,5;25282,0;0,5;0,001977691638319753;40,0;57,0;0,7017543859649122;10;25,0;53,0;10,0;24,0;0,625;0,9298245614035088
2025-10-09 21:50:52.532;p_shape;25280,0;25279,75;0,25;0,0009889338304374053;17,0;51,0;0,3333333333333333;10;10,0;40,0;4,0;21,0;0,5882352941176471;0,7843137254901961
2025-10-09 21:51:22.940;p_shape;25278,5;25278,25;0,25;0,000988992513326674;37,0;60,0;0,6166666666666667;10;29,0;51,0;12,0;20,0;0,7837837837837838;0,85
2025-10-09 21:51:24.064;p_shape;25278,5;25278,0;0,5;0,0019780045889706463;37,0;60,0;0,6166666666666667;10;28,0;56,0;12,0;23,0;0,7567567567567568;0,9333333333333333
2025-10-09 21:51:24.400;p_shape;25279,0;25278,5;0,5;0,0019779654647229857;36,0;61,0;0,5901639344262295;11;35,0;57,0;12,0;23,0;0,9722222222222222;0,9344262295081968
2025-10-09 21:51:51.484;p_shape;25283,75;25283,5;0,25;0,0009887871536772995;87,0;40,0;2,175;20;52,0;36,0;11,0;20,0;0,5977011494252874;0,9
2025-10-09 21:51:51.780;p_shape;25284,25;25283,75;0,5;0,001977554753547239;88,0;39,0;2,2564102564102564;20;48,0;37,0;11,0;20,0;0,5454545454545454;0,9487179487179487
2025-10-09 21:51:51.980;p_shape;25284,0;25283,5;0,5;0,001977574307354599;90,0;40,0;2,25;20;48,0;38,0;11,0;21,0;0,5333333333333333;0,95
2025-10-09 21:51:52.020;p_shape;25284,25;25284,0;0,25;0,0009887676000632812;90,0;42,0;2,142857142857143;20;48,0;40,0;11,0;21,0;0,5333333333333333;0,9523809523809523
2025-10-09 21:51:52.316;p_shape;25284,0;25283,75;0,25;0,0009887773767736194;73,0;44,0;1,6590909090909092;17;39,0;35,0;11,0;22,0;0,5342465753424658;0,7954545454545454
2025-10-09 21:51:52.508;p_shape;25284,0;25283,75;0,25;0,0009887773767736194;70,0;49,0;1,4285714285714286;15;38,0;40,0;11,0;25,0;0,5428571428571428;0,8163265306122449
2025-10-09 21:51:52.712;p_shape;25283,5;25283,25;0,25;0,0009887969307743269;70,0;59,0;1,1864406779661016;14;38,0;52,0;11,0;25,0;0,5428571428571428;0,8813559322033898
2025-10-09 21:51:53.204;p_shape;25283,5;25283,0;0,5;0,001977613416129415;71,0;73,0;0,9726027397260274;14;38,0;66,0;11,0;25,0;0,5352112676056338;0,9041095890410958
2025-10-09 21:52:20.588;p_shape;25285,5;25285,25;0,25;0,0009887187194115145;38,0;65,0;0,5846153846153846;11;17,0;46,0;6,0;23,0;0,4473684210526316;0,7076923076923077
2025-10-09 21:52:20.640;p_shape;25285,75;25285,5;0,25;0,0009887089438611063;41,0;66,0;0,6212121212121212;11;17,0;47,0;6,0;23,0;0,4146341463414634;0,7121212121212122
2025-10-09 21:54:40.148;p_shape;25284,0;25283,75;0,25;0,0009887773767736194;90,0;76,0;1,1842105263157894;27;48,0;56,0;9,0;20,0;0,5333333333333333;0,7368421052631579
2025-10-09 21:54:40.168;p_shape;25284,0;25283,75;0,25;0,0009887773767736194;90,0;80,0;1,125;27;48,0;60,0;9,0;20,0;0,5333333333333333;0,75
2025-10-09 21:54:40.192;p_shape;25284,0;25283,75;0,25;0,0009887773767736194;90,0;86,0;1,0465116279069768;27;48,0;66,0;9,0;20,0;0,5333333333333333;0,7674418604651163
2025-10-09 21:54:40.196;p_shape;25284,25;25284,0;0,25;0,0009887676000632812;90,0;87,0;1,0344827586206897;27;48,0;67,0;9,0;20,0;0,5333333333333333;0,7701149425287356
2025-10-09 21:54:40.288;p_shape;25284,25;25284,0;0,25;0,0009887676000632812;90,0;92,0;0,9782608695652174;27;48,0;72,0;9,0;20,0;0,5333333333333333;0,782608695652174
2025-10-09 21:54:40.760;p_shape;25283,75;25283,25;0,5;0,0019775938615486537;98,0;97,0;1,0103092783505154;27;48,0;77,0;9,0;20,0;0,4897959183673469;0,7938144329896907
2025-10-09 21:54:41.180;p_shape;25283,75;25283,5;0,25;0,0009887871536772995;101,0;96,0;1,0520833333333333;26;47,0;78,0;9,0;20,0;0,46534653465346537;0,8125
2025-10-09 21:54:41.756;p_shape;25284,25;25283,75;0,5;0,001977554753547239;102,0;97,0;1,0515463917525774;25;54,0;79,0;9,0;20,0;0,5294117647058824;0,8144329896907216
2025-10-09 21:54:41.936;p_shape;25284,25;25284,0;0,25;0,0009887676000632812;102,0;99,0;1,0303030303030303;25;53,0;81,0;9,0;20,0;0,5196078431372549;0,8181818181818182
2025-10-09 21:54:42.836;p_shape;25283,75;25283,5;0,25;0,0009887871536772995;105,0;91,0;1,1538461538461537;25;50,0;82,0;9,0;20,0;0,47619047619047616;0,9010989010989011
2025-10-09 21:54:42.912;p_shape;25284,0;25283,75;0,25;0,0009887773767736194;106,0;92,0;1,1521739130434783;25;50,0;83,0;9,0;20,0;0,4716981132075472;0,9021739130434783
2025-10-09 21:54:43.784;p_shape;25283,75;25283,25;0,5;0,0019775938615486537;107,0;92,0;1,1630434782608696;24;50,0;87,0;9,0;20,0;0,4672897196261682;0,9456521739130435
2025-10-09 21:54:44.224;p_shape;25283,75;25283,5;0,25;0,0009887871536772995;107,0;90,0;1,1888888888888889;22;62,0;89,0;12,0;21,0;0,5794392523364486;0,9888888888888889
2025-10-09 21:54:44.380;p_shape;25284,0;25283,75;0,25;0,0009887773767736194;107,0;92,0;1,1630434782608696;22;62,0;91,0;12,0;22,0;0,5794392523364486;0,9891304347826086
2025-10-09 21:54:44.860;p_shape;25283,75;25283,5;0,25;0,0009887871536772995;107,0;100,0;1,07;21;70,0;100,0;12,0;25,0;0,6542056074766355;1,0
2025-10-09 21:54:44.876;p_shape;25283,75;25283,5;0,25;0,0009887871536772995;107,0;102,0;1,0490196078431373;21;70,0;102,0;12,0;26,0;0,6542056074766355;1,0
2025-10-09 21:54:50.096;p_shape;25285,75;25285,25;0,5;0,001977437438823029;76,0;100,0;0,76;14;58,0;70,0;14,0;22,0;0,7631578947368421;0,7
2025-10-09 21:54:50.576;p_shape;25285,25;25285,0;0,25;0,0009887284951552303;73,0;123,0;0,5934959349593496;14;53,0;93,0;14,0;29,0;0,726027397260274;0,7560975609756098
2025-10-09 21:54:50.704;p_shape;25285,25;25285,0;0,25;0,0009887284951552303;72,0;137,0;0,5255474452554745;14;52,0;107,0;14,0;41,0;0,7222222222222222;0,781021897810219
2025-10-09 21:54:50.880;p_shape;25285,25;25285,0;0,25;0,0009887284951552303;72,0;138,0;0,5217391304347826;14;52,0;109,0;14,0;42,0;0,7222222222222222;0,7898550724637681
2025-10-09 21:54:51.564;p_shape;25285,25;25285,0;0,25;0,0009887284951552303;74,0;155,0;0,4774193548387097;14;54,0;133,0;16,0;46,0;0,7297297297297297;0,8580645161290322
2025-10-09 21:54:54.588;p_shape;25285,5;25285,0;0,5;0,0019774569903104606;83,0;155,0;0,535483870967742;12;64,0;142,0;19,0;48,0;0,7710843373493976;0,9161290322580645
2025-10-09 21:55:00.124;d_shape;25281,5;25282,0;-0,5;-0,001977691638319753;137,0;42,0;3,261904761904762;17;96,0;42,0;28,0;27,0;0,7007299270072993;1,0
2025-10-09 21:55:08.800;d_shape;25287,5;25287,75;-0,25;-0,0009886209726053129;90,0;80,0;1,125;12;67,0;55,0;26,0;18,0;0,7444444444444445;0,6875
2025-10-09 21:55:09.220;d_shape;25287,5;25288,25;-0,75;-0,002965804276689767;94,0;80,0;1,175;10;75,0;51,0;29,0;18,0;0,7978723404255319;0,6375
2025-10-09 21:55:09.520;d_shape;25287,75;25288,25;-0,5;-0,0019772028511265112;94,0;89,0;1,0561797752808988;10;75,0;51,0;29,0;18,0;0,7978723404255319;0,5730337078651685
2025-10-09 21:55:09.712;d_shape;25287,75;25288,25;-0,5;-0,0019772028511265112;92,0;90,0;1,0222222222222221;10;73,0;51,0;29,0;18,0;0,7934782608695652;0,5666666666666667
2025-10-09 21:55:10.028;d_shape;25287,5;25287,75;-0,25;-0,0009886209726053129;90,0;92,0;0,9782608695652174;11;71,0;62,0;29,0;18,0;0,7888888888888889;0,6739130434782609
2025-10-09 21:55:10.076;d_shape;25287,5;25287,75;-0,25;-0,0009886209726053129;88,0;95,0;0,9263157894736842;11;69,0;62,0;29,0;18,0;0,7840909090909091;0,6526315789473685
2025-10-09 21:55:10.232;d_shape;25287,75;25288,0;-0,25;-0,0009886111989876622;85,0;101,0;0,8415841584158416;11;66,0;62,0;27,0;18,0;0,7764705882352941;0,6138613861386139
2025-10-09 21:55:10.528;d_shape;25287,25;25288,0;-0,75;-0,002965833596962986;82,0;118,0;0,6949152542372882;11;63,0;62,0;26,0;18,0;0,7682926829268293;0,5254237288135594
2025-10-09 21:55:10.536;d_shape;25286,75;25287,25;-0,5;-0,00197728104084074;82,0;121,0;0,6776859504132231;12;59,0;62,0;26,0;18,0;0,7195121951219512;0,512396694214876
2025-10-09 21:55:10.552;d_shape;25286,5;25286,75;-0,25;-0,0009886600690084727;82,0;131,0;0,6259541984732825;13;59,0;85,0;26,0;23,0;0,7195121951219512;0,648854961832061
2025-10-09 21:55:10.876;d_shape;25286,5;25286,75;-0,25;-0,0009886600690084727;78,0;132,0;0,5909090909090909;13;55,0;83,0;22,0;21,0;0,7051282051282052;0,6287878787878788
2025-10-09 21:55:15.616;p_shape;25287,0;25286,75;0,25;0,0009886600690084727;67,0;70,0;0,9571428571428572;10;47,0;60,0;15,0;25,0;0,7014925373134329;0,8571428571428571
2025-10-09 21:55:16.036;p_shape;25287,25;25286,75;0,5;0,0019773201380169454;68,0;65,0;1,0461538461538462;10;45,0;59,0;13,0;26,0;0,6617647058823529;0,9076923076923077
2025-10-09 21:55:30.888;d_shape;25285,0;25285,75;-0,75;-0,0029660975055119977;53,0;83,0;0,6385542168674698;13;53,0;33,0;23,0;10,0;1,0;0,39759036144578314
2025-10-09 21:55:38.312;p_shape;25285,75;25285,25;0,5;0,001977437438823029;44,0;56,0;0,7857142857142857;11;29,0;43,0;13,0;20,0;0,6590909090909091;0,7678571428571429
2025-10-09 21:55:38.824;p_shape;25285,75;25285,5;0,25;0,0009887089438611063;45,0;58,0;0,7758620689655172;11;29,0;46,0;13,0;20,0;0,6444444444444445;0,7931034482758621
2025-10-09 21:56:47.332;p_shape;25286,5;25286,25;0,25;0,0009886796183696672;35,0;89,0;0,39325842696629215;11;28,0;66,0;9,0;20,0;0,8;0,7415730337078652
2025-10-09 21:56:47.396;p_shape;25286,75;25286,5;0,25;0,0009886698435924307;35,0;96,0;0,3645833333333333;11;28,0;73,0;9,0;22,0;0,8;0,7604166666666666
2025-10-09 21:57:26.644;d_shape;25274,5;25276,0;-1,5;-0,005934483304320303;92,0;130,0;0,7076923076923077;13;83,0;92,0;27,0;26,0;0,9021739130434783;0,7076923076923077
2025-10-09 21:57:26.664;d_shape;25275,0;25275,25;-0,25;-0,000989109900000989;106,0;130,0;0,8153846153846154;13;97,0;92,0;31,0;26,0;0,9150943396226415;0,7076923076923077
2025-10-09 21:57:26.756;d_shape;25275,0;25275,25;-0,25;-0,000989109900000989;114,0;129,0;0,8837209302325582;13;105,0;91,0;36,0;26,0;0,9210526315789473;0,7054263565891473
2025-10-09 21:57:30.188;p_shape;25277,0;25276,75;0,25;0,0009890512031807887;145,0;145,0;1,0;11;132,0;106,0;40,0;37,0;0,9103448275862069;0,7310344827586207
2025-10-09 21:57:31.032;p_shape;25276,75;25276,5;0,25;0,000989060985500366;144,0;144,0;1,0;11;131,0;105,0;40,0;37,0;0,9097222222222222;0,7291666666666666
2025-10-09 21:57:54.940;d_shape;25272,25;25272,5;-0,25;-0,0009892175289346128;67,0;110,0;0,6090909090909091;15;54,0;77,0;22,0;18,0;0,8059701492537313;0,7
2025-10-09 21:57:55.004;d_shape;25272,0;25272,5;-0,5;-0,0019784350578692256;77,0;115,0;0,6695652173913044;15;64,0;77,0;27,0;18,0;0,8311688311688312;0,6695652173913044
2025-10-09 21:57:55.104;d_shape;25272,25;25272,5;-0,25;-0,0009892175289346128;77,0;118,0;0,652542372881356;15;64,0;74,0;27,0;18,0;0,8311688311688312;0,6271186440677966
2025-10-09 21:57:55.432;d_shape;25272,0;25272,25;-0,25;-0,0009892273145446092;78,0;112,0;0,6964285714285714;15;65,0;66,0;27,0;18,0;0,8333333333333334;0,5892857142857143
2025-10-09 21:57:55.680;d_shape;25272,0;25272,25;-0,25;-0,0009892273145446092;84,0;114,0;0,7368421052631579;13;63,0;67,0;27,0;18,0;0,75;0,5877192982456141
2025-10-09 21:57:55.824;d_shape;25271,75;25272,0;-0,25;-0,0009892371003482115;90,0;114,0;0,7894736842105263;13;69,0;67,0;27,0;18,0;0,7666666666666667;0,5877192982456141
2025-10-09 21:57:55.872;d_shape;25272,25;25272,5;-0,25;-0,0009892175289346128;91,0;106,0;0,8584905660377359;13;70,0;57,0;27,0;18,0;0,7692307692307693;0,5377358490566038
2025-10-09 21:57:55.896;d_shape;25272,0;25272,25;-0,25;-0,0009892273145446092;93,0;106,0;0,8773584905660378;13;72,0;57,0;27,0;18,0;0,7741935483870968;0,5377358490566038
2025-10-09 21:57:55.900;d_shape;25271,5;25272,0;-0,5;-0,001978474200696423;101,0;106,0;0,9528301886792453;13;80,0;57,0;27,0;18,0;0,7920792079207921;0,5377358490566038
2025-10-09 21:57:55.920;d_shape;25271,75;25272,0;-0,25;-0,0009892371003482115;130,0;106,0;1,2264150943396226;14;104,0;57,0;43,0;18,0;0,8;0,5377358490566038
2025-10-09 21:57:57.092;d_shape;25272,0;25273,0;-1,0;-0,003956791833181657;163,0;101,0;1,613861386138614;14;163,0;50,0;45,0;11,0;1,0;0,49504950495049505
2025-10-09 21:57:59.396;p_shape;25273,0;25272,75;0,25;0,0009892077435182162;215,0;84,0;2,5595238095238093;10;138,0;71,0;54,0;26,0;0,641860465116279;0,8452380952380952
2025-10-09 21:57:59.404;p_shape;25273,25;25273,0;0,25;0,0009891979582954142;219,0;84,0;2,607142857142857;10;138,0;71,0;54,0;26,0;0,6301369863013698;0,8452380952380952
2025-10-09 21:57:59.500;p_shape;25273,5;25273,25;0,25;0,0009891881732662004;221,0;89,0;2,4831460674157304;10;138,0;76,0;54,0;26,0;0,6244343891402715;0,8539325842696629
2025-10-09 21:57:59.584;p_shape;25273,5;25273,25;0,25;0,0009891881732662004;226,0;83,0;2,7228915662650603;10;138,0;70,0;54,0;22,0;0,6106194690265486;0,8433734939759037
2025-10-09 21:58:43.460;p_shape;25276,75;25276,25;0,5;0,0019781415360269027;62,0;109,0;0,5688073394495413;16;40,0;80,0;10,0;23,0;0,6451612903225806;0,7339449541284404
2025-10-09 21:58:44.560;p_shape;25276,5;25276,25;0,25;0,0009890707680134513;62,0;113,0;0,5486725663716814;15;34,0;92,0;8,0;27,0;0,5483870967741935;0,8141592920353983
2025-10-09 21:58:45.008;p_shape;25276,5;25276,25;0,25;0,0009890707680134513;68,0;112,0;0,6071428571428571;15;33,0;92,0;8,0;27,0;0,4852941176470588;0,8214285714285714
2025-10-09 21:58:45.664;p_shape;25276,75;25276,25;0,5;0,0019781415360269027;72,0;100,0;0,72;15;29,0;92,0;8,0;27,0;0,4027777777777778;0,92
2025-10-09 21:58:45.668;p_shape;25277,0;25276,75;0,25;0,0009890512031807887;72,0;101,0;0,7128712871287128;15;29,0;93,0;8,0;27,0;0,4027777777777778;0,9207920792079208
2025-10-09 21:58:46.000;p_shape;25277,0;25276,75;0,25;0,0009890512031807887;80,0;105,0;0,7619047619047619;14;28,0;97,0;8,0;27,0;0,35;0,9238095238095239
2025-10-09 21:58:47.524;p_shape;25277,25;25276,75;0,5;0,0019781024063615774;65,0;107,0;0,6074766355140186;11;30,0;99,0;18,0;27,0;0,46153846153846156;0,9252336448598131
2025-10-09 21:58:47.612;p_shape;25277,25;25276,75;0,5;0,0019781024063615774;68,0;108,0;0,6296296296296297;11;30,0;100,0;18,0;27,0;0,4411764705882353;0,9259259259259259
2025-10-09 21:59:17.424;d_shape;25275,5;25275,75;-0,25;-0,0009890903336201694;113,0;92,0;1,2282608695652173;12;89,0;45,0;33,0;11,0;0,7876106194690266;0,4891304347826087
2025-10-09 21:59:18.008;d_shape;25275,5;25275,75;-0,25;-0,0009890903336201694;107,0;124,0;0,8629032258064516;12;96,0;48,0;39,0;11,0;0,897196261682243;0,3870967741935484
2025-10-09 21:59:18.304;d_shape;25275,5;25276,0;-0,5;-0,0019781611014401015;105,0;126,0;0,8333333333333334;12;99,0;47,0;42,0;11,0;0,9428571428571428;0,373015873015873
2025-10-09 21:59:22.036;p_shape;25277,75;25277,5;0,25;0,000989021857383048;91,0;136,0;0,6691176470588235;11;65,0;96,0;20,0;43,0;0,7142857142857143;0,7058823529411765
2025-10-09 21:59:22.528;p_shape;25278,75;25278,25;0,5;0,001977985026653348;148,0;128,0;1,15625;15;74,0;92,0;20,0;43,0;0,5;0,71875
2025-10-09 21:59:26.060;p_shape;25282,25;25281,75;0,5;0,0019777111948342187;184,0;108,0;1,7037037037037037;28;126,0;94,0;24,0;23,0;0,6847826086956522;0,8703703703703703
2025-10-09 21:59:26.372;p_shape;25282,5;25282,25;0,25;0,000988836041096026;186,0;107,0;1,7383177570093458;28;126,0;94,0;24,0;23,0;0,6774193548387096;0,8785046728971962
2025-10-09 21:59:26.528;p_shape;25282,5;25282,25;0,25;0,000988836041096026;189,0;100,0;1,89;28;126,0;94,0;24,0;23,0;0,6666666666666666;0,94
2025-10-09 21:59:26.600;p_shape;25283,0;25282,5;0,5;0,0019776525264511026;190,0;97,0;1,958762886597938;28;126,0;94,0;24,0;23,0;0,6631578947368421;0,9690721649484536
2025-10-09 21:59:27.008;p_shape;25283,25;25283,0;0,25;0,0009888067080647074;192,0;95,0;2,0210526315789474;27;132,0;94,0;24,0;23,0;0,6875;0,9894736842105263
2025-10-09 21:59:27.528;p_shape;25283,5;25283,25;0,25;0,0009887969307743269;131,0;95,0;1,3789473684210527;21;97,0;94,0;13,0;23,0;0,7404580152671756;0,9894736842105263
2025-10-09 21:59:27.564;p_shape;25283,5;25283,25;0,25;0,0009887969307743269;124,0;95,0;1,305263157894737;20;85,0;94,0;13,0;23,0;0,6854838709677419;0,9894736842105263
2025-10-09 21:59:27.572;p_shape;25283,75;25283,5;0,25;0,0009887871536772995;124,0;96,0;1,2916666666666667;20;85,0;95,0;13,0;23,0;0,6854838709677419;0,9895833333333334
2025-10-09 21:59:27.860;p_shape;25284,0;25283,25;0,75;0,002966390792322981;87,0;100,0;0,87;18;62,0;79,0;13,0;23,0;0,7126436781609196;0,79
2025-10-09 21:59:30.008;p_shape;25284,5;25284,0;0,5;0,0019775352001265623;105,0;201,0;0,5223880597014925;16;33,0;151,0;13,0;45,0;0,3142857142857143;0,7512437810945274
2025-10-09 21:59:34.052;d_shape;25282,0;25282,25;-0,25;-0,000988836041096026;84,0;392,0;0,21428571428571427;18;70,0;215,0;23,0;42,0;0,8333333333333334;0,548469387755102
2025-10-09 21:59:34.088;d_shape;25281,75;25282,0;-0,25;-0,0009888458191598766;85,0;392,0;0,21683673469387754;18;71,0;215,0;23,0;42,0;0,8352941176470589;0,548469387755102
2025-10-09 21:59:34.248;d_shape;25281,75;25282,25;-0,5;-0,001977672082192052;86,0;393,0;0,21882951653944022;18;72,0;214,0;23,0;42,0;0,8372093023255814;0,544529262086514
2025-10-09 21:59:34.252;d_shape;25281,5;25281,75;-0,25;-0,0009888555974171093;91,0;393,0;0,23155216284987276;18;77,0;214,0;23,0;42,0;0,8461538461538461;0,544529262086514
2025-10-09 21:59:34.360;d_shape;25281,5;25281,75;-0,25;-0,0009888555974171093;90,0;381,0;0,23622047244094488;18;81,0;202,0;23,0;39,0;0,9;0,5301837270341208
2025-10-09 21:59:34.808;d_shape;25281,5;25281,75;-0,25;-0,0009888555974171093;99,0;327,0;0,30275229357798167;18;96,0;146,0;28,0;33,0;0,9696969696969697;0,44648318042813456
2025-10-09 21:59:36.280;d_shape;25281,5;25282,0;-0,5;-0,001977691638319753;76,0;226,0;0,336283185840708;11;76,0;99,0;28,0;42,0;1,0;0,43805309734513276
2025-10-09 21:59:36.384;d_shape;25281,25;25281,5;-0,25;-0,0009888653758677295;72,0;231,0;0,3116883116883117;11;72,0;99,0;26,0;42,0;1,0;0,42857142857142855
2025-10-09 21:59:36.388;d_shape;25281,0;25281,25;-0,25;-0,0009888751545117428;72,0;244,0;0,29508196721311475;11;72,0;99,0;26,0;42,0;1,0;0,4057377049180328
2025-10-09 21:59:40.700;p_shape;25283,0;25282,75;0,25;0,000988816485548447;139,0;340,0;0,4088235294117647;17;129,0;239,0;31,0;53,0;0,9280575539568345;0,7029411764705882
2025-10-09 21:59:41.012;p_shape;25282,75;25282,25;0,5;0,001977672082192052;159,0;348,0;0,45689655172413796;17;129,0;247,0;31,0;53,0;0,8113207547169812;0,7097701149425287
2025-10-09 21:59:41.016;p_shape;25283,0;25282,75;0,25;0,000988816485548447;161,0;349,0;0,46131805157593125;17;129,0;248,0;31,0;53,0;0,8012422360248447;0,7106017191977078
2025-10-09 21:59:41.020;p_shape;25283,25;25283,0;0,25;0,0009888067080647074;165,0;355,0;0,4647887323943662;17;129,0;254,0;31,0;53,0;0,7818181818181819;0,7154929577464789
2025-10-09 21:59:41.068;p_shape;25283,25;25283,0;0,25;0,0009888067080647074;165,0;344,0;0,4796511627906977;17;129,0;243,0;31,0;53,0;0,7818181818181819;0,7063953488372093
2025-10-09 21:59:41.236;p_shape;25283,5;25283,25;0,25;0,0009887969307743269;165,0;344,0;0,4796511627906977;17;129,0;243,0;31,0;53,0;0,7818181818181819;0,7063953488372093
2025-10-09 21:59:43.956;p_shape;25284,75;25284,5;0,25;0,0009887480472226067;335,0;301,0;1,1129568106312293;24;119,0;228,0;21,0;46,0;0,35522388059701493;0,7574750830564784
2025-10-09 21:59:44.024;p_shape;25286,5;25286,25;0,25;0,0009886796183696672;336,0;358,0;0,9385474860335196;29;166,0;254,0;29,0;46,0;0,49404761904761907;0,7094972067039106
2025-10-09 21:59:44.536;p_shape;25285,25;25284,5;0,75;0,00296624414166782;357,0;488,0;0,7315573770491803;31;176,0;385,0;29,0;57,0;0,49299719887955185;0,7889344262295082
2025-10-09 21:59:45.540;p_shape;25287,0;25286,25;0,75;0,0029660388551090017;415,0;520,0;0,7980769230769231;21;247,0;367,0;46,0;66,0;0,5951807228915663;0,7057692307692308
2025-10-09 21:59:45.664;p_shape;25286,75;25286,5;0,25;0,0009886698435924307;415,0;514,0;0,8073929961089494;21;247,0;378,0;46,0;66,0;0,5951807228915663;0,7354085603112841
2025-10-09 21:59:45.796;p_shape;25286,5;25286,25;0,25;0,0009886796183696672;415,0;537,0;0,7728119180633147;21;247,0;410,0;46,0;66,0;0,5951807228915663;0,7635009310986964
2025-10-09 21:59:45.832;p_shape;25286,5;25286,25;0,25;0,0009886796183696672;414,0;540,0;0,7666666666666667;21;246,0;418,0;46,0;69,0;0,5942028985507246;0,774074074074074
2025-10-09 21:59:46.004;p_shape;25286,25;25286,0;0,25;0,0009886893933401882;411,0;557,0;0,7378815080789947;21;238,0;435,0;46,0;81,0;0,5790754257907542;0,7809694793536804
2025-10-09 21:59:46.044;p_shape;25287,0;25286,75;0,25;0,0009886600690084727;394,0;607,0;0,6490939044481054;18;304,0;428,0;83,0;86,0;0,7715736040609137;0,7051070840197694
2025-10-09 21:59:46.088;p_shape;25286,5;25286,25;0,25;0,0009886796183696672;394,0;647,0;0,6089644513137558;18;304,0;470,0;83,0;87,0;0,7715736040609137;0,7264296754250387
2025-10-09 21:59:46.092;p_shape;25286,75;25286,5;0,25;0,0009886698435924307;394,0;649,0;0,6070878274268104;18;304,0;472,0;83,0;87,0;0,7715736040609137;0,7272727272727273
2025-10-09 21:59:46.100;p_shape;25286,75;25286,5;0,25;0,0009886698435924307;394,0;658,0;0,5987841945288754;18;304,0;481,0;83,0;87,0;0,7715736040609137;0,7310030395136778
2025-10-09 21:59:46.112;p_shape;25287,0;25286,75;0,25;0,0009886600690084727;394,0;667,0;0,5907046476761619;18;304,0;490,0;83,0;93,0;0,7715736040609137;0,7346326836581709
2025-10-09 21:59:46.148;p_shape;25286,75;25286,5;0,25;0,0009886698435924307;394,0;674,0;0,5845697329376854;18;304,0;497,0;83,0;98,0;0,7715736040609137;0,7373887240356083
2025-10-09 21:59:46.368;p_shape;25286,75;25286,5;0,25;0,0009886698435924307;394,0;664,0;0,5933734939759037;18;304,0;520,0;83,0;112,0;0,7715736040609137;0,7831325301204819
2025-10-09 21:59:46.532;p_shape;25287,0;25286,75;0,25;0,0009886600690084727;394,0;663,0;0,5942684766214178;18;304,0;524,0;83,0;113,0;0,7715736040609137;0,7903469079939668
2025-10-09 21:59:46.552;p_shape;25286,75;25286,5;0,25;0,0009886698435924307;394,0;672,0;0,5863095238095238;18;304,0;538,0;83,0;122,0;0,7715736040609137;0,8005952380952381
2025-10-09 21:59:46.672;p_shape;25286,5;25286,25;0,25;0,0009886796183696672;394,0;689,0;0,5718432510885341;18;304,0;555,0;83,0;124,0;0,7715736040609137;0,8055152394775036
2025-10-09 21:59:46.728;p_shape;25286,75;25286,5;0,25;0,0009886698435924307;394,0;695,0;0,5669064748201439;18;304,0;562,0;83,0;130,0;0,7715736040609137;0,8086330935251799
2025-10-09 21:59:47.008;p_shape;25286,25;25285,75;0,5;0,0019773983370079983;398,0;693,0;0,5743145743145743;18;302,0;591,0;83,0;130,0;0,7587939698492462;0,8528138528138528
2025-10-09 21:59:47.016;p_shape;25286,25;25286,0;0,25;0,0009886893933401882;412,0;693,0;0,5945165945165946;18;299,0;591,0;83,0;130,0;0,7257281553398058;0,8528138528138528
2025-10-09 21:59:47.020;p_shape;25286,5;25286,25;0,25;0,0009886796183696672;407,0;693,0;0,5873015873015873;18;289,0;591,0;83,0;130,0;0,7100737100737101;0,8528138528138528
2025-10-09 21:59:47.028;p_shape;25286,75;25286,5;0,25;0,0009886698435924307;406,0;693,0;0,5858585858585859;18;284,0;591,0;83,0;130,0;0,6995073891625616;0,8528138528138528
2025-10-09 21:59:47.048;p_shape;25287,0;25286,25;0,75;0,0029660388551090017;414,0;693,0;0,5974025974025974;18;270,0;591,0;83,0;130,0;0,6521739130434783;0,8528138528138528
2025-10-09 21:59:47.156;p_shape;25286,5;25286,25;0,25;0,0009886796183696672;408,0;693,0;0,5887445887445888;18;253,0;591,0;83,0;130,0;0,6200980392156863;0,8528138528138528
2025-10-09 21:59:47.164;p_shape;25286,75;25286,5;0,25;0,0009886698435924307;412,0;693,0;0,5945165945165946;18;253,0;591,0;83,0;130,0;0,6140776699029126;0,8528138528138528
2025-10-09 21:59:47.168;p_shape;25287,0;25286,75;0,25;0,0009886600690084727;412,0;693,0;0,5945165945165946;17;296,0;591,0;83,0;130,0;0,7184466019417476;0,8528138528138528
2025-10-09 21:59:47.180;p_shape;25287,25;25287,0;0,25;0,0009886502946177878;420,0;693,0;0,6060606060606061;18;296,0;525,0;83,0;130,0;0,7047619047619048;0,7575757575757576
2025-10-09 21:59:47.208;p_shape;25287,5;25287,25;0,25;0,00098864052042037;423,0;693,0;0,6103896103896104;19;316,0;525,0;83,0;130,0;0,7470449172576832;0,7575757575757576
2025-10-09 21:59:47.240;p_shape;25287,5;25287,25;0,25;0,00098864052042037;426,0;693,0;0,6147186147186147;19;313,0;525,0;83,0;130,0;0,7347417840375586;0,7575757575757576
2025-10-09 21:59:47.268;p_shape;25287,5;25287,0;0,5;0,0019773005892355757;428,0;693,0;0,6176046176046176;19;313,0;525,0;83,0;130,0;0,7313084112149533;0,7575757575757576
2025-10-09 21:59:49.620;p_shape;25288,25;25287,75;0,5;0,0019772419452106257;407,0;469,0;0,8678038379530917;23;187,0;342,0;27,0;119,0;0,4594594594594595;0,7292110874200426
2025-10-09 21:59:49.972;p_shape;25288,25;25287,75;0,5;0,0019772419452106257;408,0;455,0;0,8967032967032967;23;161,0;342,0;27,0;119,0;0,3946078431372549;0,7516483516483516
2025-10-09 21:59:49.976;p_shape;25288,5;25288,25;0,25;0,0009886014255632556;408,0;455,0;0,8967032967032967;23;158,0;342,0;27,0;119,0;0,3872549019607843;0,7516483516483516
2025-10-09 21:59:52.688;p_shape;25289,25;25288,25;1,0;0,0039544057022530225;370,0;474,0;0,7805907172995781;15;225,0;347,0;75,0;80,0;0,6081081081081081;0,7320675105485233
2025-10-09 21:59:53.132;p_shape;25289,25;25289,0;0,25;0,0009885721064494444;416,0;461,0;0,9023861171366594;15;217,0;334,0;75,0;80,0;0,5216346153846154;0,7245119305856833
2025-10-09 21:59:53.268;p_shape;25289,25;25289,0;0,25;0,0009885721064494444;431,0;445,0;0,9685393258426966;15;217,0;318,0;75,0;80,0;0,5034802784222738;0,7146067415730337
2025-10-09 21:59:53.336;p_shape;25289,75;25289,25;0,5;0,0019771246675959154;432,0;444,0;0,972972972972973;15;217,0;317,0;75,0;78,0;0,5023148148148148;0,713963963963964
2025-10-09 21:59:53.396;p_shape;25289,75;25289,5;0,25;0,0009885525613396865;432,0;441,0;0,9795918367346939;15;217,0;314,0;75,0;78,0;0,5023148148148148;0,7120181405895691
2025-10-09 21:59:53.632;p_shape;25289,75;25289,0;0,75;0,002965716319348333;446,0;436,0;1,0229357798165137;15;217,0;309,0;75,0;68,0;0,48654708520179374;0,7087155963302753
2025-10-09 21:59:56.120;p_shape;25291,75;25291,5;0,25;0,0009884743886285905;474,0;571,0;0,830122591943958;23;224,0;414,0;49,0;102,0;0,47257383966244726;0,7250437828371279
2025-10-09 21:59:56.184;p_shape;25291,75;25291,5;0,25;0,0009884743886285905;486,0;570,0;0,8526315789473684;23;224,0;418,0;49,0;102,0;0,4609053497942387;0,7333333333333333
2025-10-09 21:59:56.188;p_shape;25292,25;25291,75;0,5;0,001976929235818004;486,0;621,0;0,782608695652174;24;224,0;467,0;49,0;102,0;0,4609053497942387;0,7520128824476651
2025-10-09 21:59:56.204;p_shape;25292,5;25292,25;0,25;0,0009884450770492937;486,0;638,0;0,7617554858934169;25;252,0;486,0;49,0;102,0;0,5185185185185185;0,7617554858934169
2025-10-09 21:59:56.292;p_shape;25292,0;25291,75;0,25;0,000988464617909002;486,0;662,0;0,7341389728096677;25;252,0;520,0;49,0;102,0;0,5185185185185185;0,7854984894259819
2025-10-09 21:59:56.304;p_shape;25292,25;25292,0;0,25;0,0009884548473825716;486,0;666,0;0,7297297297297297;25;252,0;526,0;49,0;102,0;0,5185185185185185;0,7897897897897898
2025-10-09 21:59:56.324;p_shape;25292,5;25292,25;0,25;0,0009884450770492937;486,0;643,0;0,7558320373250389;25;252,0;528,0;49,0;102,0;0,5185185185185185;0,8211508553654744
2025-10-09 21:59:56.388;p_shape;25292,25;25292,0;0,25;0,0009884548473825716;486,0;656,0;0,7408536585365854;25;252,0;541,0;49,0;102,0;0,5185185185185185;0,8246951219512195
2025-10-09 21:59:56.408;p_shape;25292,5;25292,25;0,25;0,0009884450770492937;486,0;661,0;0,735249621785174;25;252,0;546,0;49,0;102,0;0,5185185185185185;0,8260211800302572
2025-10-09 21:59:56.424;p_shape;25293,0;25292,5;0,5;0,0019768706138183255;486,0;658,0;0,7386018237082067;27;286,0;538,0;49,0;102,0;0,588477366255144;0,817629179331307
2025-10-09 21:59:56.440;p_shape;25292,75;25292,5;0,25;0,0009884353069091628;486,0;670,0;0,7253731343283583;27;286,0;569,0;49,0;102,0;0,588477366255144;0,8492537313432836
2025-10-09 21:59:56.460;p_shape;25292,75;25292,5;0,25;0,0009884353069091628;486,0;675,0;0,72;27;286,0;578,0;49,0;102,0;0,588477366255144;0,8562962962962963
2025-10-09 21:59:56.576;p_shape;25292,5;25292,25;0,25;0,0009884450770492937;486,0;673,0;0,7221396731054978;27;286,0;611,0;49,0;102,0;0,588477366255144;0,9078751857355126
2025-10-09 21:59:56.688;p_shape;25292,25;25292,0;0,25;0,0009884548473825716;486,0;686,0;0,7084548104956269;27;286,0;628,0;49,0;102,0;0,588477366255144;0,9154518950437318
2025-10-09 21:59:56.816;p_shape;25292,25;25292,0;0,25;0,0009884548473825716;484,0;698,0;0,6934097421203438;27;284,0;641,0;49,0;102,0;0,5867768595041323;0,9183381088825215
2025-10-09 21:59:56.864;p_shape;25292,25;25292,0;0,25;0,0009884548473825716;483,0;697,0;0,6929698708751794;27;283,0;646,0;49,0;102,0;0,5859213250517599;0,926829268292683
2025-10-09 21:59:56.900;p_shape;25292,25;25292,0;0,25;0,0009884548473825716;483,0;710,0;0,680281690140845;27;283,0;659,0;49,0;102,0;0,5859213250517599;0,928169014084507
2025-10-09 21:59:56.912;p_shape;25293,0;25292,25;0,75;0,0029653352311478816;483,0;719,0;0,6717663421418637;27;283,0;668,0;49,0;102,0;0,5859213250517599;0,9290681502086231
2025-10-09 21:59:56.916;p_shape;25293,25;25293,0;0,25;0,0009884157672083184;483,0;725,0;0,6662068965517242;28;283,0;664,0;49,0;102,0;0,5859213250517599;0,9158620689655173
2025-10-09 21:59:56.960;p_shape;25292,25;25292,0;0,25;0,0009884548473825716;479,0;751,0;0,6378162450066578;27;314,0;694,0;49,0;103,0;0,6555323590814196;0,9241011984021305
2025-10-09 21:59:57.016;p_shape;25292,25;25291,75;0,5;0,001976929235818004;506,0;763,0;0,6631716906946264;26;311,0;706,0;49,0;104,0;0,6146245059288538;0,9252948885976409
2025-10-09 21:59:57.020;p_shape;25292,5;25292,25;0,25;0,0009884450770492937;523,0;763,0;0,6854521625163827;26;311,0;706,0;49,0;104,0;0,5946462715105163;0,9252948885976409
2025-10-09 21:59:57.024;p_shape;25292,75;25292,5;0,25;0,0009884353069091628;536,0;763,0;0,7024901703800787;26;311,0;706,0;49,0;104,0;0,5802238805970149;0,9252948885976409
2025-10-09 21:59:57.040;p_shape;25292,75;25292,5;0,25;0,0009884353069091628;540,0;763,0;0,7077326343381389;25;338,0;706,0;49,0;104,0;0,6259259259259259;0,9252948885976409
2025-10-09 21:59:57.056;p_shape;25293,25;25292,75;0,5;0,001976851073924346;544,0;763,0;0,7129750982961992;24;332,0;706,0;49,0;104,0;0,6102941176470589;0,9252948885976409
2025-10-09 21:59:57.060;p_shape;25294,0;25293,25;0,75;0,0029652179929427814;569,0;763,0;0,745740498034076;27;387,0;696,0;49,0;104,0;0,680140597539543;0,9121887287024901
2025-10-09 21:59:57.112;p_shape;25293,25;25293,0;0,25;0,0009884157672083184;580,0;763,0;0,7601572739187418;26;379,0;642,0;49,0;104,0;0,653448275862069;0,8414154652686763
2025-10-09 21:59:57.128;p_shape;25293,0;25292,75;0,25;0,000988425536962173;591,0;763,0;0,7745740498034076;26;379,0;642,0;49,0;104,0;0,6412859560067682;0,8414154652686763
2025-10-09 21:59:57.180;p_shape;25293,25;25293,0;0,25;0,0009884157672083184;603,0;763,0;0,7903014416775884;26;378,0;642,0;49,0;104,0;0,6268656716417911;0,8414154652686763
2025-10-09 21:59:57.184;p_shape;25293,5;25293,25;0,25;0,0009884059976475938;608,0;763,0;0,7968545216251638;26;378,0;642,0;49,0;104,0;0,6217105263157895;0,8414154652686763
2025-10-09 21:59:57.196;p_shape;25293,75;25293,5;0,25;0,000988396228279993;616,0;763,0;0,8073394495412844;26;378,0;642,0;49,0;104,0;0,6136363636363636;0,8414154652686763
2025-10-09 21:59:57.224;p_shape;25293,25;25293,0;0,25;0,0009884157672083184;636,0;763,0;0,8335517693315858;26;378,0;642,0;49,0;104,0;0,5943396226415094;0,8414154652686763
2025-10-09 21:59:57.272;p_shape;25292,75;25292,5;0,25;0,0009884353069091628;668,0;763,0;0,8754914809960681;26;372,0;642,0;49,0;104,0;0,5568862275449101;0,8414154652686763
2025-10-09 21:59:57.288;p_shape;25293,0;25292,75;0,25;0,000988425536962173;678,0;763,0;0,8885976408912188;26;372,0;642,0;49,0;104,0;0,5486725663716814;0,8414154652686763
2025-10-09 21:59:57.316;p_shape;25293,25;25293,0;0,25;0,0009884157672083184;677,0;763,0;0,8872870249017037;26;366,0;642,0;49,0;104,0;0,5406203840472673;0,8414154652686763
2025-10-09 21:59:57.340;p_shape;25293,0;25292,75;0,25;0,000988425536962173;685,0;763,0;0,8977719528178244;26;363,0;642,0;49,0;104,0;0,5299270072992701;0,8414154652686763
2025-10-09 21:59:57.348;p_shape;25293,25;25293,0;0,25;0,0009884157672083184;690,0;763,0;0,9043250327653998;26;363,0;642,0;49,0;104,0;0,5260869565217391;0,8414154652686763
2025-10-09 21:59:57.356;p_shape;25293,0;25292,75;0,25;0,000988425536962173;708,0;763,0;0,927916120576671;26;363,0;642,0;49,0;104,0;0,5127118644067796;0,8414154652686763
2025-10-09 21:59:57.380;p_shape;25293,25;25293,0;0,25;0,0009884157672083184;739,0;763,0;0,9685452162516383;26;362,0;642,0;49,0;104,0;0,489851150202977;0,8414154652686763
2025-10-09 21:59:57.388;p_shape;25293,25;25293,0;0,25;0,0009884157672083184;749,0;763,0;0,981651376146789;26;361,0;642,0;49,0;104,0;0,4819759679572764;0,8414154652686763
2025-10-09 21:59:57.408;p_shape;25293,0;25292,75;0,25;0,000988425536962173;757,0;763,0;0,9921363040629095;25;389,0;642,0;49,0;104,0;0,5138705416116248;0,8414154652686763
2025-10-09 21:59:57.492;p_shape;25293,0;25292,75;0,25;0,000988425536962173;759,0;763,0;0,9947575360419397;25;384,0;642,0;49,0;104,0;0,5059288537549407;0,8414154652686763
2025-10-09 21:59:57.500;p_shape;25293,0;25292,75;0,25;0,000988425536962173;777,0;763,0;1,018348623853211;25;384,0;642,0;49,0;104,0;0,4942084942084942;0,8414154652686763
2025-10-09 21:59:57.580;p_shape;25292,75;25292,25;0,5;0,0019768901540985874;793,0;763,0;1,0393184796854522;25;368,0;642,0;49,0;104,0;0,4640605296343001;0,8414154652686763
2025-10-09 21:59:57.632;p_shape;25292,75;25292,25;0,5;0,0019768901540985874;809,0;763,0;1,0602883355176933;25;367,0;642,0;49,0;104,0;0,453646477132262;0,8414154652686763
2025-10-09 21:59:57.700;p_shape;25292,75;25292,5;0,25;0,0009884353069091628;831,0;742,0;1,1199460916442048;25;366,0;642,0;49,0;104,0;0,4404332129963899;0,8652291105121294
2025-10-09 21:59:57.708;p_shape;25293,0;25292,75;0,25;0,000988425536962173;841,0;742,0;1,133423180592992;25;366,0;642,0;49,0;104,0;0,4351961950059453;0,8652291105121294
2025-10-09 21:59:57.812;p_shape;25292,75;25292,5;0,25;0,0009884353069091628;849,0;741,0;1,145748987854251;25;366,0;642,0;49,0;104,0;0,43109540636042404;0,8663967611336032
2025-10-09 21:59:57.824;p_shape;25293,0;25292,75;0,25;0,000988425536962173;855,0;741,0;1,1538461538461537;25;366,0;642,0;49,0;104,0;0,4280701754385965;0,8663967611336032
2025-10-09 21:59:57.828;p_shape;25293,25;25293,0;0,25;0,0009884157672083184;856,0;741,0;1,155195681511471;25;366,0;642,0;49,0;104,0;0,42757009345794394;0,8663967611336032
2025-10-09 21:59:57.856;p_shape;25293,5;25293,25;0,25;0,0009884059976475938;864,0;741,0;1,165991902834008;25;366,0;642,0;49,0;104,0;0,4236111111111111;0,8663967611336032
2025-10-09 21:59:57.876;p_shape;25293,5;25293,25;0,25;0,0009884059976475938;879,0;741,0;1,1862348178137652;25;366,0;642,0;49,0;104,0;0,41638225255972694;0,8663967611336032
2025-10-09 21:59:57.912;p_shape;25293,5;25293,25;0,25;0,0009884059976475938;895,0;741,0;1,2078272604588394;25;366,0;642,0;49,0;104,0;0,40893854748603353;0,8663967611336032
2025-10-09 21:59:57.952;p_shape;25293,5;25293,25;0,25;0,0009884059976475938;918,0;741,0;1,2388663967611335;25;366,0;642,0;49,0;104,0;0,39869281045751637;0,8663967611336032
2025-10-09 21:59:57.956;p_shape;25293,75;25293,5;0,25;0,000988396228279993;933,0;741,0;1,2591093117408907;25;366,0;642,0;49,0;104,0;0,39228295819935693;0,8663967611336032
2025-10-09 21:59:57.992;p_shape;25293,5;25293,25;0,25;0,0009884059976475938;973,0;738,0;1,3184281842818428;25;355,0;642,0;49,0;104,0;0,3648509763617677;0,8699186991869918
2025-10-09 21:59:57.996;p_shape;25294,25;25293,5;0,75;0,0029651886848399787;994,0;738,0;1,3468834688346885;26;355,0;540,0;49,0;104,0;0,35714285714285715;0,7317073170731707
2025-10-09 22:00:01.304;d_shape;25292,5;25292,75;-0,25;-0,000988425536962173;1410,0;1605,0;0,8785046728971962;19;1013,0;1176,0;182,0;380,0;0,7184397163120567;0,7327102803738318
2025-10-09 22:00:01.368;d_shape;25292,25;25292,5;-0,25;-0,0009884353069091628;1410,0;1592,0;0,885678391959799;19;1013,0;1176,0;182,0;380,0;0,7184397163120567;0,7386934673366834
2025-10-09 22:00:01.400;d_shape;25292,5;25292,75;-0,25;-0,000988425536962173;1410,0;1597,0;0,8829054477144647;19;1013,0;1176,0;182,0;380,0;0,7184397163120567;0,736380713838447
2025-10-09 22:00:01.456;d_shape;25292,5;25292,75;-0,25;-0,000988425536962173;1410,0;1565,0;0,9009584664536742;19;1013,0;1176,0;182,0;380,0;0,7184397163120567;0,7514376996805112
2025-10-09 22:00:01.460;d_shape;25292,25;25292,5;-0,25;-0,0009884353069091628;1410,0;1563,0;0,9021113243761996;19;1013,0;1176,0;182,0;380,0;0,7184397163120567;0,7523992322456814
2025-10-09 22:00:01.488;d_shape;25292,5;25292,75;-0,25;-0,000988425536962173;1410,0;1560,0;0,9038461538461539;19;1013,0;1176,0;182,0;380,0;0,7184397163120567;0,7538461538461538
2025-10-09 22:00:01.596;d_shape;25292,5;25292,75;-0,25;-0,000988425536962173;1410,0;1538,0;0,9167750325097529;19;1013,0;1176,0;182,0;380,0;0,7184397163120567;0,764629388816645
2025-10-09 22:00:01.660;d_shape;25292,25;25292,75;-0,5;-0,001976851073924346;1427,0;1547,0;0,9224305106658048;19;1030,0;1176,0;182,0;380,0;0,7217939733707078;0,7601809954751131
2025-10-09 22:00:01.692;d_shape;25292,25;25292,5;-0,25;-0,0009884353069091628;1427,0;1539,0;0,9272254710851202;19;1030,0;1176,0;182,0;380,0;0,7217939733707078;0,7641325536062378
2025-10-09 22:00:01.820;d_shape;25292,0;25292,75;-0,75;-0,002965276610886519;1430,0;1531,0;0,9340300457217505;19;1033,0;1176,0;182,0;380,0;0,7223776223776224;0,768125408229915
2025-10-09 22:00:01.872;d_shape;25291,75;25292,25;-0,5;-0,0019768901540985874;1433,0;1525,0;0,939672131147541;19;1036,0;1176,0;182,0;380,0;0,7229588276343336;0,7711475409836066
2025-10-09 22:00:01.936;d_shape;25291,75;25292,0;-0,25;-0,0009884548473825716;1436,0;1484,0;0,967654986522911;19;1039,0;1176,0;182,0;380,0;0,7235376044568245;0,7924528301886793
2025-10-09 22:00:03.876;p_shape;25295,0;25294,5;0,5;0,001976714305481429;555,0;1463,0;0,3793574846206425;19;231,0;1181,0;60,0;396,0;0,41621621621621624;0,8072453861927547
2025-10-09 22:00:04.324;p_shape;25295,0;25294,75;0,25;0,0009883473843386474;487,0;1184,0;0,41131756756756754;19;227,0;902,0;60,0;283,0;0,46611909650924027;0,7618243243243243
2025-10-09 22:00:04.568;p_shape;25295,0;25294,75;0,25;0,0009883473843386474;527,0;1086,0;0,4852670349907919;19;227,0;804,0;60,0;244,0;0,4307400379506641;0,7403314917127072
2025-10-09 22:00:04.600;p_shape;25295,5;25295,0;0,5;0,0019766752322593396;487,0;1084,0;0,4492619926199262;19;227,0;802,0;60,0;242,0;0,46611909650924027;0,7398523985239852
2025-10-09 22:00:04.620;p_shape;25296,0;25295,5;0,5;0,0019766361605819214;494,0;1088,0;0,4540441176470588;19;227,0;806,0;60,0;241,0;0,45951417004048584;0,7408088235294118
2025-10-09 22:00:06.816;p_shape;25295,5;25295,25;0,25;0,0009883278481137763;425,0;187,0;2,272727272727273;20;168,0;158,0;51,0;45,0;0,3952941176470588;0,8449197860962567
2025-10-09 22:00:06.820;p_shape;25295,75;25295,5;0,25;0,0009883180802909607;427,0;187,0;2,283422459893048;20;168,0;158,0;51,0;45,0;0,39344262295081966;0,8449197860962567
2025-10-09 22:00:06.896;p_shape;25296,0;25295,75;0,25;0,000988308312661218;423,0;186,0;2,274193548387097;20;162,0;158,0;51,0;45,0;0,3829787234042553;0,8494623655913979
2025-10-09 22:00:06.972;p_shape;25296,5;25296,0;0,5;0,0019765970904490828;419,0;189,0;2,2169312169312168;19;207,0;161,0;51,0;45,0;0,49403341288782815;0,8518518518518519
2025-10-09 22:00:07.300;p_shape;25296,0;25295,5;0,5;0,0019766361605819214;403,0;231,0;1,7445887445887447;17;296,0;168,0;60,0;35,0;0,7344913151364765;0,7272727272727273
2025-10-09 22:00:08.292;d_shape;25294,0;25294,5;-0,5;-0,001976714305481429;302,0;252,0;1,1984126984126984;14;218,0;157,0;70,0;43,0;0,7218543046357616;0,623015873015873
2025-10-09 22:00:08.632;d_shape;25293,75;25295,0;-1,25;-0,00494168808064835;261,0;279,0;0,9354838709677419;13;205,0;163,0;70,0;43,0;0,7854406130268199;0,5842293906810035
2025-10-09 22:00:08.736;d_shape;25294,25;25294,5;-0,25;-0,0009883571527407144;256,0;284,0;0,9014084507042254;13;200,0;163,0;70,0;43,0;0,78125;0,573943661971831
2025-10-09 22:00:09.912;d_shape;25293,75;25294,0;-0,25;-0,0009883766901241401;102,0;316,0;0,3227848101265823;15;78,0;173,0;29,0;43,0;0,7647058823529411;0,5474683544303798
2025-10-09 22:00:10.000;d_shape;25293,5;25293,75;-0,25;-0,0009883864591055103;103,0;316,0;0,3259493670886076;15;80,0;173,0;29,0;43,0;0,7766990291262136;0,5474683544303798
2025-10-09 22:00:14.484;p_shape;25299,25;25299,0;0,25;0,0009881813510415431;323,0;71,0;4,549295774647887;26;105,0;50,0;24,0;24,0;0,32507739938080493;0,704225352112676
2025-10-09 22:00:14.704;p_shape;25299,25;25299,0;0,25;0,0009881813510415431;331,0;58,0;5,706896551724138;26;105,0;50,0;24,0;24,0;0,31722054380664655;0,8620689655172413
2025-10-09 22:00:14.844;p_shape;25299,5;25299,25;0,25;0,0009881715861142129;340,0;56,0;6,071428571428571;26;105,0;50,0;24,0;24,0;0,3088235294117647;0,8928571428571429
2025-10-09 22:00:14.924;p_shape;25299,75;25299,5;0,25;0,000988161821379869;341,0;66,0;5,166666666666667;25;110,0;62,0;24,0;24,0;0,3225806451612903;0,9393939393939394
2025-10-09 22:00:15.120;p_shape;25298,75;25298,5;0,25;0,0009882008814751863;311,0;86,0;3,616279069767442;22;93,0;82,0;15,0;24,0;0,2990353697749196;0,9534883720930233
2025-10-09 22:00:15.220;p_shape;25299,0;25298,75;0,25;0,0009881911161618655;302,0;90,0;3,3555555555555556;22;84,0;86,0;15,0;24,0;0,2781456953642384;0,9555555555555556
2025-10-09 22:00:15.264;p_shape;25299,0;25298,75;0,25;0,0009881911161618655;296,0;94,0;3,148936170212766;22;78,0;90,0;15,0;24,0;0,2635135135135135;0,9574468085106383
2025-10-09 22:00:15.416;p_shape;25298,75;25298,5;0,25;0,0009882008814751863;285,0;103,0;2,766990291262136;21;81,0;99,0;14,0;24,0;0,28421052631578947;0,9611650485436893
2025-10-09 22:00:15.456;p_shape;25298,75;25298,5;0,25;0,0009882008814751863;284,0;108,0;2,6296296296296298;21;80,0;104,0;14,0;24,0;0,28169014084507044;0,9629629629629629
2025-10-09 22:00:19.636;d_shape;25294,75;25295,0;-0,25;-0,0009883376161296698;124,0;154,0;0,8051948051948052;27;98,0;93,0;27,0;18,0;0,7903225806451613;0,6038961038961039
2025-10-09 22:00:19.856;d_shape;25294,75;25295,25;-0,5;-0,0019766556962275525;112,0;162,0;0,691358024691358;27;98,0;93,0;27,0;18,0;0,875;0,5740740740740741
2025-10-09 22:00:21.696;d_shape;25294,25;25294,75;-0,5;-0,0019766947686772948;113,0;110,0;1,0272727272727273;16;94,0;70,0;27,0;20,0;0,831858407079646;0,6363636363636364
2025-10-09 22:00:21.700;d_shape;25293,75;25294,25;-0,5;-0,001976733842671753;113,0;113,0;1,0;16;94,0;70,0;27,0;20,0;0,831858407079646;0,6194690265486725
2025-10-09 22:00:21.716;d_shape;25293,5;25293,75;-0,25;-0,0009883864591055103;113,0;115,0;0,9826086956521739;16;94,0;70,0;27,0;20,0;0,831858407079646;0,6086956521739131
2025-10-09 22:00:21.936;d_shape;25293,0;25293,5;-0,5;-0,001976792456559986;113,0;116,0;0,9741379310344828;17;94,0;76,0;27,0;20,0;0,831858407079646;0,6551724137931034
2025-10-09 22:00:21.944;d_shape;25292,75;25293,0;-0,25;-0,0009884157672083184;113,0;118,0;0,9576271186440678;18;90,0;76,0;27,0;20,0;0,7964601769911505;0,6440677966101694
2025-10-09 22:00:21.948;d_shape;25292,25;25292,75;-0,5;-0,001976851073924346;113,0;121,0;0,9338842975206612;20;88,0;89,0;27,0;20,0;0,7787610619469026;0,7355371900826446
2025-10-09 22:00:35.088;p_shape;25294,5;25294,25;0,25;0,0009883669213358766;60,0;70,0;0,8571428571428571;13;36,0;49,0;13,0;21,0;0,6;0,7
2025-10-09 22:00:37.148;d_shape;25293,0;25293,25;-0,25;-0,0009884059976475938;77,0;69,0;1,1159420289855073;11;63,0;51,0;28,0;21,0;0,8181818181818182;0,7391304347826086
2025-10-09 22:00:37.384;d_shape;25292,25;25293,0;-0,75;-0,0029652473016249553;73,0;68,0;1,0735294117647058;11;59,0;51,0;28,0;21,0;0,8082191780821918;0,75
2025-10-09 22:01:00.136;d_shape;25288,5;25289,75;-1,25;-0,004942713945373126;65,0;94,0;0,6914893617021277;11;60,0;94,0;28,0;24,0;0,9230769230769231;1,0
2025-10-09 22:01:00.164;d_shape;25288,75;25289,0;-0,25;-0,0009885721064494444;69,0;89,0;0,7752808988764045;11;64,0;89,0;28,0;24,0;0,927536231884058;1,0
2025-10-09 22:05:04.240;p_shape;25295,25;25294,5;0,75;0,002965071458222143;37,0;39,0;0,9487179487179487;12;26,0;30,0;10,0;25,0;0,7027027027027027;0,7692307692307693
2025-10-09 22:05:04.644;p_shape;25295,25;25295,0;0,25;0,0009883376161296698;37,0;41,0;0,9024390243902439;12;26,0;32,0;10,0;26,0;0,7027027027027027;0,7804878048780488
2025-10-10 01:49:17.520;p_shape;25330,25;25330,0;0,25;0,0009869719699960521;25,0;32,0;0,78125;11;20,0;32,0;10,0;28,0;0,8;1,0
2025-10-10 01:49:17.556;p_shape;25329,75;25329,25;0,5;0,00197400238854289;27,0;33,0;0,8181818181818182;11;20,0;33,0;10,0;28,0;0,7407407407407407;1,0
2025-10-10 01:49:17.712;p_shape;25330,0;25329,5;0,5;0,00197398290530804;29,0;36,0;0,8055555555555556;11;20,0;36,0;10,0;29,0;0,6896551724137931;1,0
2025-10-10 01:49:17.724;p_shape;25329,75;25329,0;0,75;0,0029610328082435152;35,0;37,0;0,9459459459459459;11;25,0;37,0;11,0;29,0;0,7142857142857143;1,0
2025-10-10 01:49:18.580;p_shape;25330,5;25329,75;0,75;0,002960945133686673;51,0;37,0;1,3783783783783783;12;25,0;37,0;11,0;29,0;0,49019607843137253;1,0
2025-10-10 01:49:18.748;p_shape;25331,0;25330,5;0,5;0,001973904976214445;52,0;44,0;1,1818181818181819;13;30,0;44,0;11,0;29,0;0,5769230769230769;1,0
2025-10-10 01:49:18.796;p_shape;25331,5;25331,0;0,5;0,0019738660139749717;52,0;49,0;1,0612244897959184;15;35,0;49,0;11,0;29,0;0,6730769230769231;1,0
2025-10-10 01:49:19.508;p_shape;25331,5;25331,0;0,5;0,0019738660139749717;52,0;56,0;0,9285714285714286;15;35,0;56,0;11,0;29,0;0,6730769230769231;1,0
2025-10-10 01:49:20.004;p_shape;25332,25;25330,75;1,5;0,005921656484707322;55,0;91,0;0,6043956043956044;18;37,0;85,0;11,0;34,0;0,6727272727272727;0,9340659340659341
2025-10-10 01:49:22.600;p_shape;25332,5;25331,75;0,75;0,0029607113602494895;64,0;72,0;0,8888888888888888;16;25,0;68,0;12,0;34,0;0,390625;0,9444444444444444
2025-10-10 01:49:22.604;p_shape;25333,0;25332,5;0,5;0,0019737491364847527;64,0;77,0;0,8311688311688312;17;26,0;73,0;12,0;34,0;0,40625;0,948051948051948
2025-10-10 01:49:25.600;d_shape;25332,25;25332,75;-0,5;-0,0019737296582487095;40,0;47,0;0,851063829787234;12;40,0;24,0;32,0;6,0;1,0;0,5106382978723404
